run,profile,policy,farmer,scythe,seed,label,round,outcome,boss,kills,direct,explosion,tornado,boomerang,electric,kCommon,kUncommon,kRare,kEpic,kLegendary,score,segScore,segTarget,bossScore,bossTarget,gold,iron,stone,bankGold,bankIron,bankStone,xp,level,cards,damage,directMult,behaviorMult,interval,radius,reachCells,crit,critMult,attacks,hitsPerAttack,htkCommon,htkUncommon,htkRare,htkEpic,htkLegendary,osCommon,osUncommon,osRare,osEpic,osLegendary,ttkCommon,ttkUncommon,ttkRare,ttkEpic,ttkLegendary,planters,points,fill,minFill,spawnInterval,capacity,tiersBought,treeTiers,plantersBought,rewards,best5s,emptyShare,duration,levels,choices,cardTiles,cardUpgrades,cardBase,firstBehavior,firstOwn,firstTrigger,breakthrough,echoSched,echoExec,echoDrop,echoHits,echoKills,rhythmCharges,rhythmAttacks,skipElectricVisual,skipExplosionVisual,skipBoomerang,endFill,scorePerSec,killsPerSec,normalBehaviorKills,chainKills,maxDirectHit,saturated,invalidNumbers,storedXp,pendingLevels,levelHalted,firstEffective,behaviorTiles,behaviorPlanted,xpSpent,cardWater,cardXpBase,xpGlobal,xpCardGroup,levelCost,waitFrames,prevChoices
1,Run50_XPV1,Temel güç XP stresi,bahcivan,standart,100,stres,1,,,13,13,0,0,0,0,12,1,0,0,0,15,15,27,0,0,28,0,0,28,0,0,270,1,0,10,1,1,3,0.9,4,0.3,2,13,2.08,1.83,3,,,,21,0,,,,2.5,6,,,,2,4,0.346,0,8,23,0,0,2,,3,0.205,45,0,0,0,0,0,0,0,0,,0,0,0,0,0,0,0,0,0,0,0.5,0.333,0.289,0,0,22,0,0,270,0,0,0,0,0,0,0,0,1,0,390,0,0
1,Run50_XPV1,Temel güç XP stresi,bahcivan,standart,100,stres,2,,,15,15,0,0,0,0,13,2,0,0,0,19,34,27,0,0,34,0,0,37,0,0,320,2,3,10.67,1,1,3,0.9,4,0.3,2,14,2.14,1.77,2,,,,8,0,,,,4.15,3,,,,3,5,0.425,0.2,8,28,1,1,1,,3,0,45,1,3,0,0,0,0,0,0,,0,0,0,0,0,0,0,0,0,0,0.8,0.422,0.333,0,0,24,0,0,200,0,0,0,0,0,0,0,0,1,0,410,0,0
1,Run50_XPV1,Temel güç XP stresi,bahcivan,standart,100,stres,3,,,15,15,0,0,0,0,10,4,1,0,0,32,66,27,32,5,36,4,0,39,4,0,360,3,3,11.33,1,1,3,0.9,4,0.3,2,14,2.64,1.8,2.75,3,,,25,0,0,,,4.2,6.75,6,,,4,6,0.594,0.167,8,34,2,3,1,,4,0,45,2,6,3,0,0,2,0,0,,0,0,0,0,0,0,0,0,0,0,0.5,0.711,0.333,0,0,26,0,0,150,0,0,3,3,1,0,0,0,1,0,420,0,3
1,Run50_XPV1,Temel güç XP stresi,bahcivan,standart,100,stres,4,,,21,21,0,0,0,0,15,4,2,0,0,63,63,40,0,0,46,8,0,58,12,0,671,4,3,12,1,1,2.892,0.9,4,0.3,2,15,3.07,1.93,2.5,2,,,25,0,0,,,4.83,4.34,2.9,,,4,6,0.616,0.333,6.259,43,4,7,0,bilgi_filizix1,4,0,45,3,9,6,0,0,2,0,0,,0,0,0,0,0,0,0,0,0,0,0.667,1.4,0.467,0,0,28,0,0,401,0,0,3,3,1,6,0,0,1.3333,0,440,0,3
1,Run50_XPV1,Temel güç XP stresi,bahcivan,standart,100,stres,5,,,22,22,0,0,0,0,19,2,1,0,0,42,105,40,0,0,46,4,0,54,16,0,646,6,6,12,1,1,2.892,0.9,4,0.3,2,15,3.27,2.21,2,2,,,16,0,0,,,5.18,8.67,5.77,,,5,7,0.655,0.286,6.342,50,1,8,1,bilgi_filizix1,5,0,45,5,15,9,0,0,2,0,5,,0,0,0,0,0,0,0,0,0,0,0.714,0.933,0.489,0,0,28,0,0,137,0,0,3,3,2,6,0,0,1.3333,0,490,0,3
1,Run50_XPV1,Temel güç XP stresi,bahcivan,standart,100,stres,6,,,18,18,0,0,0,0,17,1,0,0,0,28,133,40,28,10,38,0,0,45,16,0,499,7,3,12.67,1,1,2.892,0.9,4,0.3,2,15,2.8,2.12,3,,,,12,0,,,,4.76,5.8,,,,6,8,0.53,0.125,6.425,56,3,11,1,bilgi_filizix1,4,0.018,45,6,18,15,0,0,2,0,5,,0,0,0,0,0,0,0,0,0,0,0.625,0.622,0.4,0,0,32,0,0,146,0,0,3,7,3,6,1,0,1.3333,0,520,0,6
1,Run50_XPV1,Temel güç XP stresi,bahcivan,standart,100,stres,7,,,18,18,0,0,0,0,13,3,2,0,0,47,47,88,0,0,38,8,0,43,24,0,713,8,3,12.67,1,1,2.892,0.9,4,0.3,2,15,3.53,2.08,3,4,,,7,0,0,,,6.46,12.54,17.37,,,7,10,0.77,0.5,6.594,68,0,11,1,bilgi_filizix2,5,0,45,7,21,18,0,0,2,0,5,,0,0,0,0,0,0,0,0,0,0,0.8,1.044,0.4,0,0,34,0,0,339,0,0,3,9,4,6,1,0,1.6667,0,560,0,3
1,Run50_XPV1,Temel güç XP stresi,bahcivan,standart,100,stres,8,,,25,24,1,0,0,0,21,4,0,0,0,41,88,88,0,0,62,0,0,74,24,0,893,10,6,13.33,1,1,2.789,0.9,4,0.3,2,16,3.56,2.05,1.75,,,,9,0,0,,,5.44,4.18,,,,7,10,0.706,0.4,6.594,68,3,14,0,bilgi_filizix2,6,0,45,9,27,21,0,0,2,0,5,,0,0,0,0,0,0,0,0,0,0,0.8,0.911,0.556,1,0,34,0,0,72,0,0,3,9,4,6,2,0,1.6667,0,640,0,3
1,Run50_XPV1,Temel güç XP stresi,bahcivan,standart,100,stres,9,,,23,22,0,0,0,1,17,5,1,0,0,48,136,88,0,0,59,4,0,60,28,0,878,11,3,14,1,1,2.789,0.9,4,0.3,2,16,3.56,1.94,2.6,2,,,25,0,,,,6.98,6.7,8.37,,,8,11,0.781,0.455,6.557,75,3,17,1,bilgi_filizix2,6,0,45,10,30,25,2,0,2,0,5,,0,0,0,0,0,0,0,0,0,0,0.545,1.067,0.511,1,0,31,0,0,310,0,0,3,10,5,6,4,0,1.6667,0,700,0,6
1,Run50_XPV1,Temel güç XP stresi,bahcivan,standart,100,stres,10,,,21,21,0,0,0,0,13,8,0,0,0,45,181,88,45,16,66,0,0,88,28,0,829,12,3,14.67,1,1,2.689,0.9,4,0.3,2,16,3.44,2.08,2.25,,,,0,0,0,,,4.76,9.41,,,,8,11,0.769,0.364,6.456,77,3,20,0,bilgi_filizix2,5,0,45,11,33,25,5,0,2,0,5,,0,0,0,0,0,0,0,0,0,0,0.727,1,0.467,0,0,34,0,0,439,0,0,3,10,5,6,4,0,1.6667,0,750,0,3
1,Run50_XPV1,Temel güç XP stresi,bahcivan,standart,100,stres,11,,,35,30,4,0,0,1,28,5,2,0,0,78,78,90,0,0,109,8,0,124,36,0,1387,14,6,15.64,1,1,2.204,0.9,4,0.3,2,20,3.8,2.35,2.4,2,,,11,0,0,,,4.7,3.97,4.42,,,8,11,0.722,0.364,6.201,80,5,25,0,bilgi_filizix2 hizli_bilekx1,8,0,45,13,39,25,8,0,2,0,5,,0,0,0,0,0,0,0,0,0,0,0.636,1.733,0.778,5,0,36,0,0,266,0,0,3,10,5,14,4,0,1.7708,0,880,0,3
1,Run50_XPV1,Temel güç XP stresi,bahcivan,standart,100,stres,12,,,37,36,1,0,0,0,23,11,3,0,0,110,188,90,0,0,124,12,0,128,18,0,1652,16,6,18.13,1,1,2.125,0.9,4,0.3,2,21,3.76,1.7,2.3,3.33,,,26,0,0,,,2.03,6.37,13.46,,,9,12,0.727,0.5,6.317,85,6,31,1,bilgi_filizix2 hizli_bilekx1,7,0,45,15,45,25,14,0,2,0,5,,0,0,0,0,0,0,0,0,0,0,0.667,2.444,0.822,1,0,49,0,0,88,0,0,3,10,5,14,4,0,1.7708,0,1000,0,6
1,Run50_XPV1,Temel güç XP stresi,bahcivan,standart,100,stres,13,,,28,25,2,0,0,1,20,3,5,0,0,85,273,90,85,24,75,20,0,80,38,0,1404,17,3,18.13,1,1,2.125,0.9,4,0.3,2,21,3,1.74,1.5,3.5,,,27,0,0,,,2.13,1.07,15.93,,,10,13,0.568,0.308,6.214,94,3,34,1,bilgi_filizix2 hizli_bilekx1,7,0,45,16,48,25,20,0,2,0,5,,0,0,0,0,0,0,0,0,0,0,0.538,1.889,0.622,3,0,55,0,0,492,0,0,3,10,6,24,4,0,1.875,0,1100,0,6
1,Run50_XPV1,Temel güç XP stresi,bahcivan,standart,100,stres,14,,,40,30,6,0,0,4,31,7,2,0,0,91,91,104,0,0,135,8,0,139,46,0,1834,19,6,18.13,1,1.3,2.048,0.9,4,0.3,2,21,3.76,1.83,2,4,,,13,0,0,,,3.42,10.25,11.25,,,11,15,0.702,0.467,6.292,107,2,36,1,bilgi_filizix2 hizli_bilekx1 yikim_gucux1,9,0,45,18,54,25,23,0,2,0,5,,0,0,0,0,0,0,0,0,0,0,0.8,2.022,0.889,10,0,49,0,0,26,0,0,3,10,7,24,4,0,1.875,0,1300,0,3
1,Run50_XPV1,Temel güç XP stresi,bahcivan,standart,100,stres,15,,,40,32,7,0,0,1,30,8,2,0,0,84,175,104,0,0,138,8,0,140,14,0,1947,20,3,19.2,1,1.3,2.048,0.9,4,0.3,2,21,3.9,1.63,2.33,3,,,33,0,0,0,,3.16,6.49,12.28,,,13,18,0.764,0.556,6.173,131,4,40,2,bilgi_filizix2 hizli_bilekx1 yikim_gucux1,9,0,45,19,57,25,29,0,2,0,5,,0,0,0,0,0,0,0,0,0,0,0.722,1.867,0.889,8,0,60,0,0,673,0,0,3,10,8,36,4,0,1.9792,0,1400,0,6
1,Run50_XPV1,Temel güç XP stresi,bahcivan,standart,100,stres,16,,,40,31,6,0,0,3,32,5,2,1,0,102,277,104,102,33,126,8,2,170,22,2,2023,21,3,19.2,1,1.3,1.975,0.935,4,0.3,2,22,3.95,2.04,2.33,2,1,,10,0,0,,,6,8.56,4.93,0,,14,19,0.757,0.526,6.03,142,4,44,1,bilgi_filizix2 hizli_bilekx1 yikim_gucux1,8,0,45,20,60,25,32,0,2,0,5,,0,0,0,0,0,0,0,0,0,0,0.789,2.267,0.889,9,0,50,0,0,1296,0,0,3,10,9,36,4,0,1.9792,0,1500,0,3
1,Run50_XPV1,Temel güç XP stresi,bahcivan,standart,100,stres,17,,,39,30,5,0,0,4,28,9,1,1,0,106,106,176,0,0,138,5,2,145,27,4,2089,23,6,20.27,1,1.69,1.904,0.935,4,0.3,2,23,3.91,1.9,2.38,4,,,21,0,0,0,,6.17,5.48,11.43,,,15,20,0.771,0.5,6.088,148,5,49,1,bilgi_filizix2 hizli_bilekx1 yikim_gucux2,10,0,45,22,66,25,35,0,2,0,5,,0,0,0,0,0,0,0,0,0,0,0.95,2.356,0.867,9,0,63,0,0,185,0,0,3,10,10,50,4,0,2.0833,0,1800,0,3
1,Run50_XPV1,Temel güç XP stresi,bahcivan,standart,100,stres,18,,,50,31,18,0,0,1,42,6,1,1,0,106,212,176,0,0,162,5,2,167,7,6,2700,24,3,20.27,1,1.69,1.836,0.97,4,0.3,2,24,3.92,1.73,2.5,4,,,28,0,0,0,,4.38,5.96,16.53,,,16,21,0.764,0.571,5.643,167,7,56,1,bilgi_filizix2 hizli_bilekx1 yikim_gucux2,11,0,45,23,69,25,41,0,2,0,5,,0,0,0,0,0,0,0,0,0,0,0.762,2.356,1.111,19,0,50,0,0,1085,0,0,3,10,10,84,4,0,2.2917,0,1900,0,6
1,Run50_XPV1,Temel güç XP stresi,bahcivan,standart,100,stres,19,,,49,38,8,0,0,3,36,7,6,0,0,129,341,176,0,0,150,30,0,177,37,6,3042,26,6,23.08,1,1.69,1.836,0.97,4,0.3,2,24,3.96,1.61,2,2.6,,,31,13,0,0,,4.19,8.45,12.12,,,17,22,0.769,0.545,5.629,176,1,57,1,bilgi_filizix2 hizli_bilekx1 yikim_gucux2,10,0,45,25,75,25,44,0,2,0,5,,0,0,0,0,0,0,0,0,0,0,0.909,2.867,1.089,11,0,57,0,0,127,0,0,3,10,10,84,4,0,2.2917,0,2200,0,3
1,Run50_XPV1,Temel güç XP stresi,bahcivan,standart,100,stres,20,,,66,61,2,0,0,3,49,12,4,1,0,182,523,176,182,45,219,20,2,225,27,8,3821,27,3,24.3,1,1.69,1.836,1.005,6,0.3,2,24,5.29,1.76,2.36,2.75,1,,17,0,0,,,3.47,6.84,5.52,0,,18,23,0.623,0.348,5.502,188,5,62,1,bilgi_filizix2 hizli_bilekx1 yikim_gucux2,12,0,45,26,78,25,50,0,2,0,5,,0,0,0,0,0,0,0,0,0,0,0.478,4.044,1.467,5,0,69,0,0,1748,0,0,3,10,10,84,4,0,2.2917,0,2400,0,6
1,Run50_XPV1,Temel güç XP stresi,bahcivan,standart,100,stres,21,,,80,47,18,0,0,15,62,14,3,1,0,196,196,180,0,0,270,18,2,275,45,10,4839,29,6,24.3,1,1.69,1.836,1.04,6,0.3,2,24,5.79,1.76,2.11,,3,,25,21,0,0,,4.17,4.89,,9.17,,20,28,0.7,0.393,5.592,225,3,65,2,bilgi_filizix2 hizli_bilekx1 yikim_gucux2 kivilcimx1,16,0,45,28,84,28,50,0,2,0,5,,0,0,0,0,0,0,0,0,0,0,0.679,4.356,1.778,33,0,77,0,0,1587,0,0,3,11,11,104,4,0,2.3958,0,2800,0,3
1,Run50_XPV1,Temel güç XP stresi,bahcivan,standart,100,stres,22,,,76,51,9,0,0,16,48,22,6,0,0,203,399,180,0,0,276,36,0,335,46,10,5063,31,6,24.3,1,1.69,1.836,1.075,6,0.3,2,24,5.96,1.88,2.08,2.6,,,21,15,0,,,4.43,6.88,9.18,,,24,35,0.74,0.514,5.727,275,3,68,4,bilgi_filizix2 hizli_bilekx1 yikim_gucux2 kivilcimx1,15,0,45,30,90,34,50,0,2,0,5,,0,0,0,0,0,0,0,0,0,0,0.657,4.511,1.689,25,0,69,0,0,850,0,0,3,11,11,125,5,0,2.5,0,3200,0,6
1,Run50_XPV1,Temel güç XP stresi,bahcivan,standart,100,stres,23,,,65,45,12,0,0,8,50,13,1,1,0,145,544,180,145,57,228,6,2,303,7,12,4030,32,3,24.3,1,1.69,1.836,1.075,6,0.3,2,24,6,2.09,2.67,4,6,,10,0,0,0,,5.13,11.42,14.67,18.33,,26,38,0.805,0.605,5.678,301,2,70,2,bilgi_filizix2 hizli_bilekx1 yikim_gucux2 kivilcimx1,19,0,45,31,93,40,50,0,2,0,5,,0,0,0,0,0,0,0,0,0,0,0.684,3.222,1.444,20,0,77,0,0,1680,0,0,3,13,12,125,5,0,2.5,0,3400,0,6
1,Run50_XPV1,Temel güç XP stresi,bahcivan,standart,100,stres,24,,,72,49,8,6,1,8,52,15,4,1,0,191,191,220,0,0,246,24,2,274,31,14,4686,33,3,25.51,1,1.69,1.836,1.075,6,0.3,2,24,6,1.89,2.27,2.67,,,10,21,0,0,,4.93,7.68,9.17,,,28,41,0.794,0.585,5.73,322,2,72,2,bilgi_filizix2 hizli_bilekx1 yikim_gucux2 kivilcimx1 nadir_tohumx1,17,0,45,32,96,43,50,0,2,0,5,,0,0,0,0,0,0,0,0,0,0,0.756,4.244,1.6,23,0,66,0,0,2966,0,0,3,15,14,125,5,0,2.5,0,3600,0,3
1,Run50_XPV1,Temel güç XP stresi,bahcivan,standart,100,stres,25,,,62,47,2,0,4,9,39,13,8,2,0,271,462,220,0,0,195,48,4,249,79,18,4360,34,3,25.51,1,1.69,1.836,1.075,6,0.3,2,24,6,1.88,1.89,3.75,2.5,,16,0,0,0,,4.36,9.58,18.35,17.43,,29,43,0.828,0.651,5.682,341,1,73,1,bilgi_filizix2 hizli_bilekx1 yikim_gucux2 kivilcimx1 nadir_tohumx1,15,0,45,33,99,46,50,0,2,0,5,,0,0,0,0,0,0,0,0,0,0,0.791,6.022,1.378,15,0,71,0,0,3726,0,0,3,15,14,125,5,0,2.5,0,3900,0,3
1,Run50_XPV1,Temel güç XP stresi,bahcivan,standart,100,stres,26,,,75,43,7,0,0,25,49,18,7,0,1,318,780,220,318,72,255,42,10,374,71,28,5533,36,6,28.62,1,1.69,1.836,1.075,6,0.3,2,24,5.83,2.11,2.17,1,,,13,23,0,,0,5.77,8.57,0,,,26,46,0.663,0.457,5.524,375,1,74,3,bilgi_filizix2 hizli_bilekx1 yikim_gucux2 kivilcimx1 nadir_tohumx1,22,0,45,35,105,49,50,0,2,0,5,,0,0,0,0,0,0,0,0,0,0,0.609,7.067,1.667,32,0,88,0,0,1259,0,0,3,15,15,125,5,0,2.5,0,4400,0,3
1,Run50_XPV1,Temel güç XP stresi,bahcivan,standart,100,stres,27,,,76,43,7,6,1,19,51,15,8,2,0,280,280,400,0,0,243,48,4,367,94,32,5411,37,4,29.99,0.8,1.69,1.778,1.075,6,0.3,2,25,6,1.97,2.63,2,1,,6,0,0,0,0,4.5,8.44,7.12,0,,26,49,0.831,0.531,5.524,399,2,76,3,bilgi_filizix2 hizli_bilekx1 yikim_gucux2 kivilcimx1 nadir_tohumx1 bereketli_ogrenimx1,14,0,45,36,109,49,56,0,2,0,5,,0,0,0,0,0,0,0,0,0,0,0.653,6.222,1.689,33,0,71,0,0,2270,0,0,3,15,15,125,5,0,2.5,0,4700,0,6
1,Run50_XPV1,Temel güç XP stresi,bahcivan,standart,100,stres,28,,,91,44,10,3,0,34,52,22,12,3,2,727,1007,400,0,0,333,94,9,335,108,41,7293,38,4,33.24,0.8,1.69,1.722,1.075,6,0.3,2,26,6,1.78,2.45,3,3,,21,0,0,0,0,3.12,7.98,9.48,7.75,,24,49,0.809,0.592,5.43,406,3,79,1,bilgi_filizix2 hizli_bilekx1 yikim_gucux2 kivilcimx1 nadir_tohumx1 bereketli_ogrenimx1,20,0,45,37,113,49,60,0,2,0,5,,0,0,0,0,0,0,0,0,0,0,0.673,16.156,2.022,47,0,74,0,0,4863,0,0,3,15,15,125,5,0,2.5,0,5000,0,4
1,Run50_XPV1,Temel güç XP stresi,bahcivan,standart,100,stres,29,,,83,43,7,5,0,28,49,22,9,2,1,522,1529,400,0,0,324,54,6,344,149,27,6572,40,8,34.76,0.8,1.69,1.722,1.075,6,0.3,2,26,6,1.96,2.13,2.67,4,,11,8,0,0,,3.45,6.46,4.6,32.73,,21,49,0.809,0.531,5.291,417,3,82,2,bilgi_filizix2 hizli_bilekx1 yikim_gucux2 kivilcimx1 nadir_tohumx1 bereketli_ogrenimx1,19,0,45,39,121,49,64,0,2,0,5,,0,0,0,0,0,0,0,0,0,0,0.816,11.6,1.844,40,0,82,0,0,1135,0,0,3,15,15,125,5,0,2.5,0,5600,0,4
1,Run50_XPV1,Temel güç XP stresi,bahcivan,standart,100,stres,30,,,65,38,0,3,1,23,39,11,10,5,0,501,2030,400,501,100,183,60,15,242,209,42,5239,41,4,38.16,0.8,1.69,1.722,1.11,6,0.3,2,26,6,2.45,3.11,3.25,4,,3,0,0,0,,8.84,9.75,5.6,15.5,,21,49,0.882,0.735,5.173,426,2,84,0,bilgi_filizix2 hizli_bilekx1 yikim_gucux2 kivilcimx1 nadir_tohumx1 bereketli_ogrenimx1,18,0,45,40,125,49,72,0,2,0,5,,0,0,0,0,0,0,0,0,0,0,0.755,11.133,1.444,27,0,80,0,0,774,0,0,3,15,15,125,5,0,2.5,0,5900,0,8
1,Run50_XPV1,Temel güç XP stresi,bahcivan,standart,100,stres,31,,,121,44,18,6,3,50,66,33,13,9,0,893,893,720,0,0,396,78,27,478,99,49,9795,42,4,38.16,0.8,1.69,1.722,1.11,6,0.3,2,26,6,2.04,2.42,2.33,3,,7,7,0,0,0,3.72,6.03,7.18,12.03,,20,49,0.759,0.429,5.178,426,2,86,1,bilgi_filizix2 hizli_bilekx1 yikim_gucux2 kivilcimx1 nadir_tohumx1 bereketli_ogrenimx1 zincir_hasatx1,34,0,45,41,129,49,76,0,2,0,5,zincir_hasat@R30,0,0,0,0,0,0,0,0,0,0,0.857,19.844,2.689,36,41,85,0,0,4669,0,0,3,15,15,125,5,0,2.5,0,6300,0,4
1,Run50_XPV1,Temel güç XP stresi,bahcivan,standart,100,stres,32,,,109,38,24,4,3,40,48,27,23,9,2,1645,2538,720,0,0,354,186,27,382,297,56,10002,44,8,39.82,0.8,1.69,1.668,1.145,6,0.3,2,26,6,1.76,1.33,3.1,4,,0,0,0,0,0,3.81,1.67,6.33,9.58,,19,49,0.795,0.388,5.122,430,4,90,1,bilgi_filizix2 hizli_bilekx1 yikim_gucux2 kivilcimx1 nadir_tohumx1 bereketli_ogrenimx1 zincir_hasatx1,30,0,45,43,137,49,80,0,2,0,5,zincir_hasat@R30,0,0,0,0,0,0,0,0,0,0,0.98,36.556,2.422,34,37,85,0,0,1771,0,0,3,15,15,125,5,0,2.5,0,7000,0,4
1,Run50_XPV1,Temel güç XP stresi,bahcivan,standart,100,stres,33,,,94,26,18,1,2,47,40,29,17,6,2,1729,4267,720,1729,172,342,119,30,369,121,86,8471,45,4,39.82,0.8,1.69,1.668,1.18,6,0.3,2,26,4,1.45,1.57,2,1,4,5,8,0,0,,1.67,1.19,5,0,10,19,49,0.84,0.449,5.122,430,4,94,0,bilgi_filizix2 hizli_bilekx1 yikim_gucux2 kivilcimx1 nadir_tohumx1 bereketli_ogrenimx1 zincir_hasatx1,35,0,45,44,141,49,88,0,2,0,5,zincir_hasat@R30,0,0,0,0,0,0,0,0,0,0,0.653,38.422,2.089,35,33,99,0,0,3242,0,0,3,15,15,125,5,0,2.5,0,7400,0,8
1,Run50_XPV1,Temel güç XP stresi,bahcivan,standart,100,stres,34,,,158,52,33,7,6,60,66,45,29,15,3,3735,3735,1040,0,0,564,228,45,663,349,131,14684,47,8,43.38,0.8,1.69,1.668,1.558,9,0.3,2,26,8.73,1.65,2.75,3.1,3.29,,19,7,0,0,0,2.47,7.09,7.5,7.15,,19,49,0.698,0.449,5.122,430,1,95,0,bilgi_filizix2 hizli_bilekx1 yikim_gucux2 kivilcimx1 nadir_tohumx1 bereketli_ogrenimx1 zincir_hasatx1 genis_savurusx1,35,0,45,46,149,49,92,0,2,0,5,zincir_hasat@R30,0,0,0,0,0,0,0,0,0,0,0.673,83,3.511,57,49,104,0,0,2726,0,0,3,15,15,125,5,0,2.5,0,8200,0,4
1,Run50_XPV1,Temel güç XP stresi,bahcivan,standart,100,stres,35,,,184,44,50,5,2,83,100,43,27,10,4,3005,6740,1040,0,0,653,239,42,746,303,73,15632,49,8,43.38,0.8,1.69,1.616,1.558,9,0.3,2,27,8.74,1.61,2.3,2.64,2,5.67,22,0,0,0,0,2.78,5.32,4.55,1.62,15.62,20,53,0.681,0.377,5.052,472,4,99,2,bilgi_filizix2 hizli_bilekx1 yikim_gucux2 kivilcimx1 nadir_tohumx1 bereketli_ogrenimx1 zincir_hasatx1 genis_savurusx1,43,0,45,48,157,49,100,0,2,0,5,zincir_hasat@R30,0,0,0,0,0,0,0,0,0,0,0.792,66.778,4.089,84,56,102,0,0,1558,0,0,3,15,15,125,5,0,2.5,0,9000,0,8
1,Run50_XPV1,Temel güç XP stresi,bahcivan,standart,100,stres,36,,,114,49,21,3,4,37,47,30,26,6,5,3778,10518,1040,3778,276,455,236,42,626,439,45,10508,50,4,43.38,0.8,1.69,1.616,1.67,9,0.3,2,27,9,2.1,2.25,3.42,4.6,2.5,0,0,0,0,0,5.66,8.28,13.33,11.95,5.26,26,81,0.827,0.432,5.292,689,4,103,12,bilgi_filizix2 hizli_bilekx1 yikim_gucux2 kivilcimx1 nadir_tohumx1 bereketli_ogrenimx1 zincir_hasatx1 genis_savurusx1,37,0,45,49,161,57,100,0,2,0,5,zincir_hasat@R30,0,0,0,0,0,0,0,0,0,0,0.914,83.956,2.533,34,31,156,0,0,3066,0,0,3,16,16,125,6,0,2.5,0,9500,0,8
1,Run50_XPV1,Temel güç XP stresi,bahcivan,standart,100,stres,37,,,162,56,35,3,7,61,66,43,32,16,5,4286,4286,2240,0,0,675,346,48,701,405,73,14962,51,4,46.93,1,1.69,1.616,1.67,9,0.3,2,27,8.93,1.68,2,2.17,2.22,,5,4,12,10,0,3.74,6.84,6.06,5.02,,25,81,0.802,0.457,5.26,693,5,108,1,bilgi_filizix2 hizli_bilekx1 yikim_gucux2 kivilcimx1 nadir_tohumx1 bereketli_ogrenimx1 zincir_hasatx1 genis_savurusx1 keskin_bicakx1,56,0,45,50,165,61,100,0,2,0,5,zincir_hasat@R30,0,0,0,0,0,0,0,0,0,0,1,95.244,3.6,66,40,143,0,0,8528,0,0,3,18,18,125,7,0,2.5,0,10000,0,4
1,Run50_XPV1,Temel güç XP stresi,bahcivan,standart,100,stres,38,,,171,61,40,10,11,49,59,58,31,16,7,4299,8585,2240,0,0,807,278,112,818,395,165,16489,53,8,46.93,1,1.69,1.565,1.67,9,0.3,2,28,8.96,1.64,2.29,2.78,1.83,2.33,7,3,5,0,0,2.42,6.33,11.83,2.87,2.61,23,81,0.801,0.58,5.188,703,5,113,1,bilgi_filizix2 hizli_bilekx1 yikim_gucux2 kivilcimx1 nadir_tohumx1 bereketli_ogrenimx1 zincir_hasatx1 genis_savurusx1 keskin_bicakx1,41,0,45,52,173,65,100,0,2,0,5,zincir_hasat@R30,0,0,0,0,0,0,0,0,0,0,0.951,95.533,3.8,69,41,148,0,0,5017,0,0,3,20,20,125,8,0,2.5,0,11000,0,4
1,Run50_XPV1,Temel güç XP stresi,bahcivan,standart,100,stres,39,,,186,58,44,14,14,56,63,50,39,28,6,5991,14576,2240,0,0,657,491,159,840,766,179,18346,55,8,50.49,1,1.69,1.565,1.736,9,0.3,2,28,8.96,1.65,2.44,2.3,3,2,14,0,0,8,0,4.46,7.33,7.04,7.38,5.01,23,81,0.774,0.481,5.162,706,6,119,0,bilgi_filizix2 hizli_bilekx1 yikim_gucux2 kivilcimx1 nadir_tohumx1 bereketli_ogrenimx1 zincir_hasatx1 genis_savurusx1 keskin_bicakx1,50,0,45,54,181,73,100,0,2,0,5,zincir_hasat@R30,0,0,0,0,0,0,0,0,0,0,0.741,133.133,4.133,67,61,156,0,0,363,0,0,3,22,22,125,8,0,2.5,0,12000,0,8
1,Run50_XPV1,Temel güç XP stresi,bahcivan,standart,100,stres,40,,,125,36,24,11,9,45,53,21,35,14,2,4524,19100,2240,4524,500,380,350,110,470,556,194,11833,56,4,53.29,1,1.69,1.516,1.736,9,0.3,2,29,6,2.36,1.67,2.73,3,2,4,0,0,0,0,5.37,9.59,8.54,10.83,3.03,23,81,0.851,0.654,5.081,717,4,123,0,bilgi_filizix2 hizli_bilekx1 yikim_gucux2 kivilcimx1 nadir_tohumx1 bereketli_ogrenimx1 zincir_hasatx1 genis_savurusx1 keskin_bicakx1,32,0,45,55,185,81,100,0,2,0,5,zincir_hasat@R30,0,0,0,0,0,0,0,0,0,0,0.951,100.533,2.778,29,60,151,0,0,196,0,0,3,25,25,125,8,0,2.5,0,13000,0,8
1,Run50_XPV1,Temel güç XP stresi,bahcivan,standart,100,stres,41,,,288,105,82,21,10,70,97,83,64,35,9,7670,7670,2700,0,0,1110,792,255,1320,1028,339,28129,58,8,53.29,1.6,1.69,1.516,1.802,9,0.3,2,29,8.93,1.19,1.36,1.67,1.61,1.5,56,37,10,18,0,0.61,1.95,3.71,4.47,5.31,23,81,0.69,0.481,4.957,735,3,126,0,bilgi_filizix2 hizli_bilekx1 yikim_gucux2 kivilcimx1 nadir_tohumx1 bereketli_ogrenimx1 zincir_hasatx1 genis_savurusx1 keskin_bicakx1 canavar_kesimix1,54,0,45,57,193,81,104,0,2,0,5,zincir_hasat@R30,0,0,0,0,0,0,0,0,0,0,0.531,170.444,6.4,119,64,433,0,0,2325,0,0,3,25,25,125,8,0,2.5,0,14000,0,4
1,Run50_XPV1,Temel güç XP stresi,bahcivan,standart,100,stres,42,,,321,108,89,16,8,100,128,87,62,30,14,9848,17518,2700,0,0,1556,850,268,1646,1158,342,31312,60,8,60.05,1.6,1.69,1.516,1.802,9,0.3,2,29,8.79,1.1,1.37,1.39,1.64,1.8,67,38,15,15,0,0.43,1.97,2.11,3.03,3.94,23,81,0.62,0.358,4.957,735,6,132,0,bilgi_filizix2 hizli_bilekx1 yikim_gucux2 kivilcimx1 nadir_tohumx1 bereketli_ogrenimx1 zincir_hasatx1 genis_savurusx1 keskin_bicakx1 canavar_kesimix1,62,0,45,59,201,81,112,0,2,0,5,zincir_hasat@R30,0,0,0,0,0,0,0,0,0,0,0.605,218.844,7.133,142,71,488,0,0,5637,0,0,3,25,25,575,8,0,2.6042,0,15000,0,8
1,Run50_XPV1,Temel güç XP stresi,bahcivan,standart,100,stres,43,,,275,94,57,24,10,90,86,91,51,34,13,10948,28466,2700,10948,680,1320,792,324,1366,1590,341,27729,62,8,65.98,1.6,1.69,1.516,1.802,9,0.3,2,29,9,1.23,1.56,1.44,2.07,2.14,41,10,19,7,0,1.06,3.03,2.28,5.85,3.46,23,81,0.696,0.395,4.944,737,5,137,0,bilgi_filizix2 hizli_bilekx1 yikim_gucux2 kivilcimx1 nadir_tohumx1 bereketli_ogrenimx1 zincir_hasatx1 genis_savurusx1 keskin_bicakx1 canavar_kesimix1,55,0,45,61,209,81,120,0,2,0,5,zincir_hasat@R30,0,0,0,0,0,0,0,0,0,0,0.63,243.289,6.111,120,61,529,0,0,2366,0,0,3,25,25,575,8,0,2.6042,0,16000,0,8
1,Run50_XPV1,Temel güç XP stresi,bahcivan,standart,100,stres,44,,,330,116,97,22,10,85,116,101,65,42,6,9218,9218,3000,0,0,1458,870,276,1914,1280,617,32930,64,8,65.98,1.6,1.69,1.468,1.868,9,0.437,2,30,8.87,1.1,1.31,1.5,1.83,3,61,35,33,17,0,0.4,1.38,3.2,4.65,7.33,23,81,0.632,0.395,4.823,756,5,142,0,bilgi_filizix2 hizli_bilekx1 yikim_gucux2 kivilcimx1 nadir_tohumx1 bereketli_ogrenimx1 zincir_hasatx1 genis_savurusx1 keskin_bicakx1 canavar_kesimix1 kritik_gozx1,62,0,45,63,217,81,128,0,2,0,5,zincir_hasat@R30,0,0,0,0,0,0,0,0,0,0,0.556,204.844,7.333,143,71,524,0,0,2296,0,0,3,25,25,575,8,0,2.6042,0,18000,0,8
1,Run50_XPV1,Temel güç XP stresi,bahcivan,standart,100,stres,45,,,338,99,91,22,12,114,134,89,69,36,10,9588,18806,3000,0,0,1532,1053,264,1696,1443,881,33925,66,8,69.27,1.6,1.69,1.468,1.868,9,0.437,2,30,8.9,1.18,1.57,1.5,1.76,2.33,57,29,17,18,20,0.29,1.66,3.58,3.11,5.87,23,81,0.632,0.395,4.791,761,4,146,0,bilgi_filizix2 hizli_bilekx1 yikim_gucux2 kivilcimx1 nadir_tohumx1 bereketli_ogrenimx1 zincir_hasatx1 genis_savurusx1 keskin_bicakx1 canavar_kesimix1 kritik_gozx1,68,0,45,65,225,81,136,0,2,0,5,zincir_hasat@R30,0,0,0,0,0,0,0,0,0,0,0.494,213.067,7.511,146,93,630,0,0,221,0,0,3,25,25,1165,8,0,2.7083,0,19000,0,8
1,Run50_XPV1,Temel güç XP stresi,bahcivan,standart,100,stres,46,,,286,117,62,17,11,79,119,85,53,24,5,9167,27973,3000,9167,860,1371,726,168,1462,1299,464,27001,67,4,73.42,1.6,1.69,1.468,2,9,0.47,2.333,30,8.43,1.16,1.41,1.72,1.83,1,63,33,10,6,,1.1,2.2,2.7,2.93,0,23,81,0.546,0.284,4.662,782,10,156,0,bilgi_filizix2 hizli_bilekx1 yikim_gucux2 kivilcimx1 nadir_tohumx1 bereketli_ogrenimx1 zincir_hasatx1 genis_savurusx1 keskin_bicakx1 canavar_kesimix1 kritik_gozx1,60,0,45,66,229,81,144,0,2,0,5,zincir_hasat@R30,0,0,0,0,0,0,0,0,0,0,0.519,203.711,6.356,118,51,677,0,0,8222,0,0,3,25,25,1165,8,0,2.7083,0,20000,0,8
1,Run50_XPV1,Temel güç XP stresi,bahcivan,standart,100,stres,47,,,388,133,95,19,12,129,150,102,81,46,9,12861,12861,4800,0,0,1583,1197,348,2045,1396,522,39193,69,8,76.92,1.6,1.69,1.248,2,9,0.52,2.444,36,8.67,1.12,1.3,1.52,1.76,2,54,44,27,5,0,0.3,1.22,2.02,3.3,1.25,23,81,0.61,0.37,4.662,782,5,161,0,bilgi_filizix2 hizli_bilekx2 yikim_gucux2 kivilcimx1 nadir_tohumx1 bereketli_ogrenimx1 zincir_hasatx1 genis_savurusx1 keskin_bicakx1 canavar_kesimix1 kritik_gozx1,64,0,45,68,237,81,148,0,2,0,5,zincir_hasat@R30,0,0,0,0,0,0,0,0,0,0,0.469,285.8,8.622,175,80,802,0,0,6415,0,0,3,25,25,1165,8,0,2.7083,0,22000,0,4
1,Run50_XPV1,Temel güç XP stresi,bahcivan,standart,100,stres,48,,,414,159,86,20,22,127,158,103,83,56,14,15183,28044,4800,0,0,2014,1086,456,2459,1472,978,43268,71,8,83.44,1.6,1.69,1.248,2,9,0.52,2.444,36,8.58,1.12,1.21,1.25,1.5,2.5,71,61,31,19,0,0.5,0.77,0.94,1.62,5.62,23,81,0.555,0.296,4.537,803,3,164,0,bilgi_filizix2 hizli_bilekx2 yikim_gucux2 kivilcimx1 nadir_tohumx1 bereketli_ogrenimx1 zincir_hasatx1 genis_savurusx1 keskin_bicakx1 canavar_kesimix1 kritik_gozx1,71,0,45,70,245,81,156,0,2,0,5,zincir_hasat@R30,0,0,0,0,0,0,0,0,0,0,0.543,337.4,9.2,179,76,499,0,0,5683,0,0,3,25,25,1165,8,0,2.7083,0,23000,0,8
1,Run50_XPV1,Temel güç XP stresi,bahcivan,standart,100,stres,49,,,464,166,131,30,15,122,159,128,109,61,7,10987,39031,4800,0,0,1918,1443,414,2697,1715,1062,50360,73,8,87.23,1.6,1.69,1.208,2,9,0.52,2.556,37,8.65,1.11,1.15,1.25,1.35,1.33,74,69,52,30,0,0.48,0.63,0.88,2,1.61,23,81,0.529,0.358,4.537,803,5,169,0,bilgi_filizix2 hizli_bilekx2 yikim_gucux2 kivilcimx1 nadir_tohumx1 bereketli_ogrenimx1 zincir_hasatx1 genis_savurusx1 keskin_bicakx1 canavar_kesimix1 kritik_gozx1,70,0,45,72,253,81,164,0,2,0,5,zincir_hasat@R30,0,0,0,0,0,0,0,0,0,0,0.37,244.156,10.311,220,78,943,0,0,9043,0,0,3,25,25,1895,8,0,2.8125,0,25000,0,8
1,Run50_XPV1,Temel güç XP stresi,bahcivan,standart,100,stres,50,,,408,156,114,21,14,103,150,111,80,43,24,22016,61047,4800,22016,1100,2225,1185,546,2622,1760,1608,44752,75,8,87.23,1.6,1.69,1.208,2.066,12,0.537,2.556,37,8.68,1.04,1.1,1.52,1.76,2.29,78,72,33,25,0,0.22,0.47,1.58,2.63,4.49,23,81,0.578,0.37,4.396,829,6,175,0,bilgi_filizix2 hizli_bilekx2 yikim_gucux2 kivilcimx1 nadir_tohumx1 bereketli_ogrenimx1 zincir_hasatx1 genis_savurusx1 keskin_bicakx1 canavar_kesimix1 kritik_gozx1,68,0,45,74,261,81,172,0,2,0,5,zincir_hasat@R30,0,0,0,0,0,0,0,0,0,0,0.716,489.244,9.067,182,70,812,0,0,2795,0,0,3,25,25,1895,8,0,2.8125,0,27000,0,8
1,Run50_XPV1,Temel güç XP stresi,bahcivan,standart,100,stres,50,KAZANDI
2,Run50_XPV1,Temel güç XP stresi,bahcivan,standart,101,stres,1,,,13,13,0,0,0,0,12,1,0,0,0,15,15,27,0,0,28,0,0,28,0,0,270,1,0,10,1,1,3,0.9,4,0.3,2,12,2.25,2,3,,,,17,0,,,,3,6,,,,2,4,0.339,0,8,23,0,0,2,,4,0.351,45,0,0,0,0,0,0,0,0,,0,0,0,0,0,0,0,0,0,0,0.75,0.333,0.289,0,0,22,0,0,270,0,0,0,0,0,0,0,0,1,0,390,0,0
2,Run50_XPV1,Temel güç XP stresi,bahcivan,standart,101,stres,2,,,15,15,0,0,0,0,11,3,1,0,0,30,45,27,0,0,34,4,0,37,4,0,350,2,3,10.67,1,1,3,0.9,4,0.3,2,13,2.85,2.09,2,3,,,0,0,0,,,3.27,3,12,,,3,5,0.479,0,8,28,1,1,1,,5,0.111,45,1,3,0,0,0,0,0,0,,0,0,0,0,0,0,0,0,0,0,0.6,0.667,0.333,0,0,24,0,0,230,0,0,0,0,0,0,0,0,1,0,410,0,0
2,Run50_XPV1,Temel güç XP stresi,bahcivan,standart,101,stres,3,,,9,9,0,0,0,0,8,1,0,0,0,11,56,27,11,5,20,0,0,23,4,0,204,3,3,11.33,1,1,3,0.9,4,0.3,2,9,2,2,1,,,,0,,,,,4.5,0,,,,4,6,0.221,0,8,34,2,3,1,,4,0.421,45,2,6,3,0,0,2,0,0,,0,0,0,0,0,0,0,0,0,0,0.333,0.244,0.2,0,0,22,0,0,24,0,0,3,1,1,0,1,0,1,0,420,0,3
2,Run50_XPV1,Temel güç XP stresi,bahcivan,standart,101,stres,4,,,23,23,0,0,0,0,15,4,4,0,0,67,67,40,0,0,46,16,0,49,20,0,644,4,3,11.33,1,1,2.55,0.9,4,0.3,2,17,2.76,1.6,2.5,3,,,43,0,0,,,2.38,3.83,5.1,,,5,7,0.535,0.143,7.252,43,0,3,1,hizli_bilekx1,4,0.048,45,3,9,6,0,0,2,0,4,,0,0,0,0,0,0,0,0,0,0,0.286,1.489,0.511,0,0,28,0,0,248,0,0,3,2,2,0,1,0,1,0,440,0,3
2,Run50_XPV1,Temel güç XP stresi,bahcivan,standart,101,stres,5,,,22,22,0,0,0,0,19,2,1,0,0,35,102,40,0,0,46,4,0,49,24,0,564,5,3,11.33,1,1,2.55,0.9,4,0.3,2,17,3.12,2.11,2.5,4,,,11,0,0,,,5.64,10.2,10.2,,,6,9,0.614,0.222,6.781,60,1,4,1,hizli_bilekx1,5,0,45,4,12,9,0,0,2,0,4,,0,0,0,0,0,0,0,0,0,0,0.444,0.778,0.489,0,0,28,0,0,372,0,0,3,3,3,0,2,0,1,0,470,0,3
2,Run50_XPV1,Temel güç XP stresi,bahcivan,standart,101,stres,6,,,19,19,0,0,0,0,13,6,0,0,0,31,133,40,31,10,50,0,0,54,24,0,516,6,3,12,1,1,2.459,0.9,4,0.3,2,18,3.11,2.69,2.5,,,,0,0,,,,9.26,4.92,,,,6,9,0.659,0.333,6.781,60,3,7,0,hizli_bilekx1,6,0,45,5,15,9,3,0,2,0,4,,0,0,0,0,0,0,0,0,0,0,0.667,0.689,0.422,0,0,28,0,0,418,0,0,3,3,3,0,2,0,1,0,490,0,3
2,Run50_XPV1,Temel güç XP stresi,bahcivan,standart,101,stres,7,,,25,22,3,0,0,0,22,3,0,0,0,31,31,88,0,0,56,0,0,63,24,0,764,8,6,12.67,1,1,2.459,0.9,4,0.3,2,18,3.11,2.1,2.5,,,,14,0,0,,,5.9,7.38,,,,7,10,0.603,0.3,6.757,67,3,10,1,hizli_bilekx1 bilgi_filizix1,7,0,45,7,21,12,3,0,2,0,4,,0,0,0,0,0,0,0,0,0,0,0.7,0.689,0.556,3,0,30,0,0,172,0,0,3,5,4,0,2,0,1.25,0,560,0,3
2,Run50_XPV1,Temel güç XP stresi,bahcivan,standart,101,stres,8,,,24,23,1,0,0,0,20,3,1,0,0,39,70,88,0,0,55,4,0,61,28,0,801,9,3,13.33,1,1,2.37,0.9,4,0.3,2,18,3.22,1.9,2,,,,0,20,0,,,4.86,3.94,,,,8,11,0.674,0.364,6.469,77,4,14,1,hizli_bilekx1 bilgi_filizix1,6,0,45,8,24,18,3,0,2,0,4,,0,0,0,0,0,0,0,0,0,0,0.636,0.867,0.533,1,0,32,0,0,413,0,0,3,6,4,6,2,0,1.3333,0,600,0,6
2,Run50_XPV1,Temel güç XP stresi,bahcivan,standart,101,stres,9,,,28,26,2,0,0,0,17,7,3,1,0,98,168,88,0,0,69,12,2,80,40,2,1087,11,6,13.33,1,1,2.37,0.9,4,0.3,2,18,3.39,2,2.57,1.5,3,,6,0,,0,,4.89,10.5,2.38,18.97,,9,12,0.659,0.333,6.596,82,1,15,1,hizli_bilekx1 bilgi_filizix1,7,0,45,10,30,21,3,0,2,0,4,,0,0,0,0,0,0,0,0,0,0,0.583,2.178,0.622,2,0,35,0,0,260,0,0,3,7,4,6,2,0,1.3333,0,700,0,3
2,Run50_XPV1,Temel güç XP stresi,bahcivan,standart,101,stres,10,,,21,20,1,0,0,0,15,4,2,0,0,47,215,88,47,16,50,8,0,56,18,2,736,12,3,14,1,1,2.286,0.9,4,0.3,2,19,2.84,1.79,3,3.5,,,33,0,0,,,3.6,9.13,19.42,,,10,14,0.492,0.214,6.534,96,4,19,1,hizli_bilekx1 bilgi_filizix1,8,0,45,11,33,25,5,0,2,0,4,,0,0,0,0,0,0,0,0,0,0,0.643,1.044,0.467,1,0,40,0,0,296,0,0,3,8,5,6,2,0,1.3333,0,750,0,6
2,Run50_XPV1,Temel güç XP stresi,bahcivan,standart,101,stres,11,,,33,26,6,0,0,1,22,10,1,0,0,62,62,90,0,0,94,4,0,97,22,2,1451,14,6,14,1,1,2.286,0.9,4,0.3,2,19,3.74,1.56,2,3,,,19,0,0,0,,2.14,4.56,4.57,,,11,16,0.688,0.375,6.615,109,1,20,1,hizli_bilekx1 bilgi_filizix2,9,0,45,13,39,25,8,0,2,0,4,,0,0,0,0,0,0,0,0,0,0,0.938,1.378,0.733,7,0,36,0,0,187,0,0,3,8,5,6,2,0,1.6667,0,880,0,3
2,Run50_XPV1,Temel güç XP stresi,bahcivan,standart,101,stres,12,,,31,29,1,0,0,1,21,5,3,2,0,126,188,90,0,0,67,12,4,73,34,6,1447,15,3,15.64,1,1,2.204,0.9,4,0.3,2,20,3.8,1.8,2.8,3,3.5,,14,0,0,,,5.39,8.37,19.83,11.03,,12,18,0.752,0.611,6.584,123,3,23,1,hizli_bilekx1 bilgi_filizix2,7,0,45,14,42,25,14,0,2,0,4,,0,0,0,0,0,0,0,0,0,0,0.722,2.8,0.689,2,0,37,0,0,754,0,0,3,8,6,6,2,0,1.6667,0,950,0,6
2,Run50_XPV1,Temel güç XP stresi,bahcivan,standart,101,stres,13,,,35,26,8,0,0,1,27,5,3,0,0,72,260,90,72,24,106,12,0,113,46,6,1566,17,6,16.36,1,1,2.125,0.9,4,0.3,2,21,3.71,1.9,3.33,2.5,,,9,0,0,,,6.48,18.42,8.5,,,12,18,0.715,0.444,6.423,126,5,28,0,hizli_bilekx1 bilgi_filizix2,7,0,45,16,48,25,17,0,2,0,4,,0,0,0,0,0,0,0,0,0,0,0.722,1.6,0.778,9,0,43,0,0,370,0,0,3,8,6,14,2,0,1.7708,0,1100,0,3
2,Run50_XPV1,Temel güç XP stresi,bahcivan,standart,101,stres,14,,,46,31,14,0,0,1,41,5,0,0,0,56,56,104,0,0,148,0,0,151,6,6,1852,18,3,18.13,1,1,2.125,0.9,4,0.3,2,21,3.86,1.57,1.67,,,,31,0,0,,,4.48,2.12,,,,13,20,0.657,0.25,6.455,139,4,32,1,hizli_bilekx1 bilgi_filizix2 kivilcimx1,12,0,45,17,51,25,23,0,2,0,4,,0,0,0,0,0,0,0,0,0,0,0.75,1.244,1.022,15,0,50,0,0,1122,0,0,3,8,7,14,2,0,1.7708,0,1200,0,6
2,Run50_XPV1,Temel güç XP stresi,bahcivan,standart,101,stres,15,,,46,38,5,0,0,3,34,5,7,0,0,119,175,104,0,0,127,28,0,128,34,6,2242,20,6,18.13,1,1,2.125,0.9,4,0.3,2,21,4,1.59,1,2.6,,,30,25,0,0,,3.3,0,6.79,,,15,23,0.716,0.478,6.468,160,2,34,2,hizli_bilekx1 bilgi_filizix2 kivilcimx1,12,0,45,19,57,25,26,0,2,0,4,,0,0,0,0,0,0,0,0,0,0,0.739,2.644,1.022,8,0,53,0,0,864,0,0,3,8,8,24,2,0,1.875,0,1400,0,3
2,Run50_XPV1,Temel güç XP stresi,bahcivan,standart,101,stres,16,,,37,27,10,0,0,0,25,7,2,3,0,156,331,104,156,33,117,8,6,156,17,12,1851,21,3,18.13,1,1,2.048,0.9,4,0.3,2,21,4,1.72,2.2,3,3,,14,0,0,0,,4.67,8.19,14.35,23.57,,17,25,0.592,0.4,6.326,178,4,38,2,hizli_bilekx1 bilgi_filizix2 kivilcimx1,10,0,45,20,60,25,32,0,2,0,4,,0,0,0,0,0,0,0,0,0,0,0.72,3.467,0.822,10,0,50,0,0,1315,0,0,3,8,8,24,2,0,1.875,0,1500,0,6
2,Run50_XPV1,Temel güç XP stresi,bahcivan,standart,101,stres,17,,,54,34,19,0,0,1,44,8,1,1,0,108,108,176,0,0,180,4,2,183,21,14,2494,23,6,19.2,1,1,1.975,0.935,4,0.3,2,22,4,1.55,1.67,1,3,,23,0,,0,,4.02,3.29,0,3.97,,17,25,0.706,0.48,6.171,182,7,45,0,hizli_bilekx1 bilgi_filizix2 kivilcimx2,12,0,45,22,66,25,35,0,2,0,4,,0,0,0,0,0,0,0,0,0,0,0.72,2.4,1.2,20,0,57,0,0,609,0,0,3,8,8,36,2,0,1.9792,0,1800,0,3
2,Run50_XPV1,Temel güç XP stresi,bahcivan,standart,101,stres,18,,,54,35,16,0,0,3,37,11,4,2,0,170,278,176,0,0,177,20,4,200,41,18,2928,24,3,20.27,1,1,1.904,0.935,4,0.3,2,23,3.96,1.52,1.57,2,3,,41,0,0,0,,3.28,7.34,7.6,15.23,,17,25,0.727,0.48,5.987,188,6,51,0,hizli_bilekx1 bilgi_filizix2 kivilcimx2,12,0,45,23,69,25,41,0,2,0,4,,0,0,0,0,0,0,0,0,0,0,0.6,3.778,1.2,19,0,58,0,0,1737,0,0,3,8,8,50,2,0,2.0833,0,1900,0,6
2,Run50_XPV1,Temel güç XP stresi,bahcivan,standart,101,stres,19,,,55,38,15,0,0,2,37,13,4,1,0,146,424,176,0,0,189,20,2,219,31,20,2981,26,6,23.08,1,1,1.836,0.97,4,0.3,2,24,4,1.58,2.22,2.67,,,41,8,0,0,,4.09,10.61,16.52,,,17,25,0.704,0.44,5.932,190,4,55,0,hizli_bilekx1 bilgi_filizix2 kivilcimx2,11,0,45,25,75,25,44,0,2,0,4,,0,0,0,0,0,0,0,0,0,0,0.52,3.244,1.222,17,0,67,0,0,718,0,0,3,8,8,50,2,0,2.0833,0,2200,0,3
2,Run50_XPV1,Temel güç XP stresi,bahcivan,standart,101,stres,20,,,79,55,19,0,0,5,56,19,4,0,0,153,577,176,153,45,282,20,0,286,51,20,4246,28,6,24.3,1,1,1.836,1.005,6,0.3,2,24,5.88,1.68,1.87,1.33,,,42,13,25,,0,3.13,4.77,0.61,,,19,29,0.632,0.414,5.868,222,4,59,2,hizli_bilekx1 bilgi_filizix2 kivilcimx2,15,0,45,27,81,31,44,0,2,0,4,,0,0,0,0,0,0,0,0,0,0,0.552,3.4,1.756,24,0,67,0,0,364,0,0,3,9,9,66,2,0,2.1875,0,2600,0,6
2,Run50_XPV1,Temel güç XP stresi,bahcivan,standart,101,stres,21,,,79,47,24,0,1,7,50,16,11,1,1,338,338,180,0,0,246,75,2,262,101,22,5450,30,6,24.3,1,1,1.836,1.04,6,0.3,2,24,5.92,1.58,1.56,2.17,2,,35,14,0,0,0,5.21,3.27,5.5,3.67,,20,36,0.704,0.389,5.694,285,6,65,3,hizli_bilekx1 bilgi_filizix2 kivilcimx3,16,0,45,29,87,37,44,0,2,0,4,,0,0,0,0,0,0,0,0,0,0,0.833,7.511,1.756,32,0,66,0,0,414,0,0,3,12,11,125,3,0,2.5,0,3000,0,6
2,Run50_XPV1,Temel güç XP stresi,bahcivan,standart,101,stres,22,,,91,46,35,4,2,4,55,22,10,3,1,411,749,180,0,0,297,82,6,354,98,28,6311,32,6,24.3,1,1,1.836,1.075,6,0.3,2,24,6,1.52,1.75,2.25,5,,31,18,0,0,,3.31,2.98,9.17,18.37,,23,47,0.728,0.468,5.786,366,3,68,6,hizli_bilekx1 bilgi_filizix2 kivilcimx3,23,0,45,31,93,43,44,0,2,0,4,,0,0,0,0,0,0,0,0,0,0,0.809,9.133,2.022,45,0,66,0,0,525,0,0,3,13,13,125,3,0,2.5,0,3400,0,6
2,Run50_XPV1,Temel güç XP stresi,bahcivan,standart,101,stres,23,,,97,48,36,3,5,5,53,28,12,2,2,526,1275,180,526,57,372,94,4,376,122,32,8011,34,6,24.3,1,1,1.836,1.075,6,0.3,2,24,5.96,1.33,1.73,1.75,2,1,47,11,0,0,0,3.4,4.77,4.13,22.03,0,24,49,0.61,0.469,5.694,387,3,71,3,hizli_bilekx1 bilgi_filizix2 kivilcimx3,18,0,45,33,99,49,44,0,2,0,4,,0,0,0,0,0,0,0,0,0,0,0.714,11.689,2.156,49,0,68,0,0,1536,0,0,3,16,16,125,4,0,2.5,0,3900,0,6
2,Run50_XPV1,Temel güç XP stresi,bahcivan,standart,101,stres,24,,,153,45,95,2,2,9,81,47,15,9,1,829,829,220,0,0,525,90,28,576,162,60,11767,37,9,28.62,1,1,1.836,1.075,6,0.3,2,24,6,1.25,1.58,2.25,3.25,2,38,9,0,0,0,1.76,4.59,9.64,23.4,11,19,49,0.641,0.347,5.506,400,3,74,2,hizli_bilekx1 bilgi_filizix2 kivilcimx3 artci_patlamax1,32,0,45,36,108,49,50,0,2,0,4,artci_patlama@R23,18,18,0,131,64,0,0,0,0,0,0.592,18.422,3.4,44,0,83,0,0,903,0,0,3,16,16,125,4,0,2.5,0,4700,0,6
2,Run50_XPV1,Temel güç XP stresi,bahcivan,standart,101,stres,25,,,165,50,100,3,2,10,80,50,24,7,4,1196,2025,220,0,0,630,166,24,821,352,44,13697,39,6,33.24,1,1,1.778,1.075,6,0.3,2,25,6,1.16,1.25,1,,,64,15,9,0,0,0.65,0.45,0,,,16,49,0.614,0.286,5.263,419,3,77,2,hizli_bilekx1 bilgi_filizix2 kivilcimx3 artci_patlamax1,38,0,45,38,114,49,59,0,2,0,4,artci_patlama@R23,29,29,0,148,65,0,0,0,0,0,0.755,26.578,3.667,50,0,99,0,0,4900,0,0,3,16,16,125,4,0,2.5,0,5300,0,9
2,Run50_XPV1,Temel güç XP stresi,bahcivan,standart,101,stres,26,,,147,35,85,6,6,15,58,36,30,18,5,1884,3909,220,1884,72,435,203,87,446,300,111,13591,42,9,38.16,1,1,1.722,1.11,6,0.3,2,26,4,1.31,1.33,1,1.5,2,28,24,17,0,0,0.93,1.72,0,2.8,1.73,13,49,0.704,0.388,4.89,451,8,85,1,hizli_bilekx1 bilgi_filizix2 kivilcimx3 artci_patlamax1,31,0,45,41,123,49,65,0,2,0,4,artci_patlama@R23,19,18,1,124,57,0,0,0,0,0,0.592,41.867,3.267,55,0,104,0,0,1691,0,0,3,16,16,125,4,0,2.5,0,6300,0,6
2,Run50_XPV1,Temel güç XP stresi,bahcivan,standart,101,stres,27,,,218,51,149,3,3,12,85,63,38,28,4,2366,2366,400,0,0,681,341,84,692,358,175,20501,45,12,39.82,0.8,1,1.722,1.18,6,0.3,2,26,6,1.41,1.29,1.3,1.44,5,33,44,32,29,0,0.91,1.11,1.21,3.06,24.1,12,49,0.633,0.306,4.594,480,7,92,1,hizli_bilekx1 bilgi_filizix2 kivilcimx3 artci_patlamax1 bereketli_ogrenimx1,39,0,45,44,135,49,74,0,2,0,4,artci_patlama@R23,35,33,2,160,82,0,0,0,0,0,0.449,52.578,4.844,85,0,145,0,0,2292,0,0,3,16,16,125,4,0,2.5,0,7400,0,9
2,Run50_XPV1,Temel güç XP stresi,bahcivan,standart,101,stres,28,,,183,40,115,1,10,17,79,60,25,15,4,1794,4160,400,0,0,693,202,57,775,275,82,16521,47,8,39.82,0.8,1,1.668,1.18,6,0.3,2,26,6,1.28,1.21,2,2,,37,26,6,11,0,1.95,1.31,3.34,2.92,,13,55,0.692,0.382,4.581,540,5,97,2,hizli_bilekx1 bilgi_filizix2 kivilcimx3 artci_patlamax1 bereketli_ogrenimx1,42,0,45,46,143,49,86,0,2,0,4,artci_patlama@R23,25,25,0,134,69,0,0,0,0,0,0.764,39.867,4.067,74,0,145,0,0,3613,0,0,3,16,16,125,4,0,2.5,0,8200,0,12
2,Run50_XPV1,Temel güç XP stresi,bahcivan,standart,101,stres,29,,,172,28,126,6,1,11,57,47,39,22,7,2667,6827,400,0,0,645,273,102,805,560,124,16917,49,8,43.38,0.8,1,1.668,1.18,6,0.3,2,26,6,1.08,2.29,2.25,1,2,38,11,0,0,0,0.26,4.77,6.25,0,16.67,20,80,0.767,0.438,5.109,705,1,98,11,hizli_bilekx1 bilgi_filizix2 kivilcimx3 artci_patlamax1 bereketli_ogrenimx1,52,0,45,48,151,57,86,0,2,0,4,artci_patlama@R23,21,21,0,174,80,0,0,0,0,0,0.788,59.267,3.822,64,0,149,0,0,3730,0,0,3,19,19,125,4,0,2.5,0,9000,0,8
2,Run50_XPV1,Temel güç XP stresi,bahcivan,standart,101,stres,30,,,219,39,157,5,1,17,82,59,45,27,6,2863,9690,400,2863,100,896,430,123,971,520,142,22632,51,8,43.38,0.8,1,1.616,1.265,6,0.3,2,27,6,1.26,1.67,1.57,1.67,1,50,6,6,0,0,1.11,2.34,3.23,3.77,0,19,81,0.72,0.457,5.058,721,9,107,3,hizli_bilekx1 bilgi_filizix2 kivilcimx3 artci_patlamax1 bereketli_ogrenimx1,48,0,45,50,159,65,86,0,2,0,4,artci_patlama@R23,32,32,0,261,117,0,0,0,0,0,0.617,63.622,4.867,63,0,145,0,0,7862,0,0,3,22,22,125,4,0,2.5,0,10000,0,8
2,Run50_XPV1,Temel güç XP stresi,bahcivan,standart,101,stres,31,,,265,43,170,7,11,34,105,68,59,26,7,3514,3514,720,0,0,1215,520,148,1246,830,210,25535,54,12,46.93,0.8,1,1.616,1.265,6,0.3,2,27,6,1.17,1.31,1.5,1.4,1,59,31,10,0,0,0.99,1.24,2.16,2.91,0,19,81,0.673,0.407,4.905,743,6,113,0,hizli_bilekx1 bilgi_filizix2 kivilcimx3 artci_patlamax1 bereketli_ogrenimx1 zincir_hasatx1,63,0,45,53,171,73,86,0,2,0,4,artci_patlama@R23 zincir_hasat@R30,31,31,0,194,78,0,0,0,0,0,0.827,78.089,5.889,83,61,165,0,0,2397,0,0,3,24,24,125,4,0,2.5,0,12000,0,8
2,Run50_XPV1,Temel güç XP stresi,bahcivan,standart,101,stres,32,,,354,60,221,16,15,42,124,85,75,54,16,7181,10695,720,0,0,1488,938,404,1659,1208,519,36097,57,12,53.29,0.8,1,1.565,1.315,6,0.3,2,28,6,1.04,1.29,1.25,1.14,2,56,43,20,7,0,0.06,1.79,1.83,0.22,4.7,19,81,0.585,0.333,4.905,743,7,120,0,hizli_bilekx1 bilgi_filizix2 kivilcimx3 artci_patlamax1 bereketli_ogrenimx1 zincir_hasatx1,73,0,45,56,183,81,90,0,2,0,4,artci_patlama@R23 zincir_hasat@R30,42,42,0,231,111,0,0,0,0,0,0.728,159.578,7.867,106,77,177,0,0,1494,0,0,3,26,26,125,4,0,2.5,0,13000,0,12
2,Run50_XPV1,Temel güç XP stresi,bahcivan,standart,101,stres,33,,,278,48,177,12,11,30,108,69,52,36,13,5289,15984,720,5289,172,1368,567,294,1567,735,813,28566,59,8,56.1,0.8,1,1.516,1.365,6,0.3,2,29,5.93,1.27,1.31,1.8,1.5,1,57,23,21,10,0,0.55,1.05,5.75,3.02,0,19,81,0.535,0.333,4.781,762,6,126,0,hizli_bilekx1 bilgi_filizix2 kivilcimx3 artci_patlamax1 bereketli_ogrenimx1 zincir_hasatx1,58,0,45,58,191,81,102,0,2,0,4,artci_patlama@R23 zincir_hasat@R30,38,38,0,191,88,0,0,0,0,0,0.654,117.533,6.178,85,57,197,0,0,3060,0,0,3,26,26,575,4,0,2.6042,0,14000,0,12
2,Run50_XPV1,Temel güç XP stresi,bahcivan,standart,101,stres,34,,,328,55,203,6,13,51,110,83,77,41,17,7230,7230,1040,0,0,1582,1040,330,1624,1295,1033,36053,61,8,60.05,0.8,1,1.516,1.365,6,0.333,2,29,6,1.23,1.3,1.73,1.5,1.5,51,10,14,0,33,1.22,1.51,3.45,2.66,4.17,19,81,0.686,0.432,4.064,897,8,134,0,hizli_bilekx1 bilgi_filizix2 kivilcimx3 artci_patlamax1 bereketli_ogrenimx1 zincir_hasatx1 bereketli_toprakx1,62,0,45,60,199,81,110,0,2,0,4,artci_patlama@R23 zincir_hasat@R30,31,31,0,181,105,0,0,0,0,0,0.852,160.667,7.289,87,81,220,0,0,10113,0,0,3,26,26,575,4,0,2.6042,0,16000,0,8
2,Run50_XPV1,Temel güç XP stresi,bahcivan,standart,101,stres,35,,,401,58,265,14,14,50,154,100,74,57,16,8063,15293,1040,0,0,1674,988,435,2098,1103,1468,42286,64,12,65.98,0.8,1,1.516,1.365,6,0.333,2,29,6,1.1,1.44,1.08,1.5,1,63,31,40,20,0,0.34,3.87,0.47,1.52,0,19,81,0.627,0.358,3.964,920,3,137,0,hizli_bilekx1 bilgi_filizix2 kivilcimx3 artci_patlamax1 bereketli_ogrenimx1 zincir_hasatx1 bereketli_toprakx1,74,0,45,63,211,81,118,0,2,0,4,artci_patlama@R23 zincir_hasat@R30,43,43,0,267,137,0,0,0,0,0,0.753,179.178,8.911,108,98,209,0,0,3399,0,0,3,26,26,575,4,0,2.6042,0,18000,0,8
2,Run50_XPV1,Temel güç XP stresi,bahcivan,standart,101,stres,36,,,364,57,227,18,10,52,111,97,92,49,15,7709,23002,1040,7709,276,1508,1296,386,1546,1509,1729,40870,66,8,69.27,0.8,1,1.468,1.415,9,0.333,2,30,6,1.11,1.29,1.36,1.5,,48,39,15,0,20,1.06,0.55,0.67,2.2,,19,81,0.669,0.383,3.964,920,6,143,0,hizli_bilekx1 bilgi_filizix2 kivilcimx3 artci_patlamax1 bereketli_ogrenimx1 zincir_hasatx1 bereketli_toprakx1,66,0,45,65,219,81,130,0,2,0,4,artci_patlama@R23 zincir_hasat@R30,41,41,0,213,109,0,0,0,0,0,0.531,171.311,8.089,108,90,257,0,0,8269,0,0,3,26,26,1165,4,0,2.7083,0,19000,0,12
2,Run50_XPV1,Temel güç XP stresi,bahcivan,standart,101,stres,37,,,535,93,331,11,29,71,193,122,122,72,26,12062,12062,2240,0,0,2788,1637,517,2874,2276,2246,57672,69,12,73.42,0.8,1,1.248,1.465,9,0.35,2,36,8.69,1.07,1.31,1.17,1.33,2.67,66,42,22,8,0,0.2,0.78,0.21,0.83,3.33,19,81,0.527,0.235,3.867,943,6,149,0,hizli_bilekx2 bilgi_filizix2 kivilcimx3 artci_patlamax1 bereketli_ogrenimx1 zincir_hasatx1 bereketli_toprakx1,87,0,45,68,231,81,138,0,2,0,4,artci_patlama@R23 zincir_hasat@R30,59,56,3,331,162,0,0,0,0,0,0.42,268.044,11.889,179,101,269,0,0,5941,0,0,3,26,26,1165,4,0,2.7083,0,22000,0,8
2,Run50_XPV1,Temel güç XP stresi,bahcivan,standart,101,stres,38,,,611,103,379,17,30,82,201,168,153,66,23,12345,24407,2240,0,0,2635,2136,628,2959,2302,2734,65203,72,12,83.44,0.8,1,1.208,1.465,9,0.35,2,37,8.78,1.02,1.11,1.45,1.5,2,66,52,28,19,8,0.17,0.13,1.32,1.81,4.83,19,81,0.463,0.185,3.76,969,7,156,0,hizli_bilekx2 bilgi_filizix2 kivilcimx3 artci_patlamax1 bereketli_ogrenimx1 zincir_hasatx1 bereketli_toprakx1,104,0,45,71,243,81,150,0,2,0,4,artci_patlama@R23 zincir_hasat@R30,71,71,0,306,165,0,0,0,0,0,0.642,274.333,13.578,204,139,297,0,0,4144,0,0,3,26,26,1165,4,0,2.7083,0,24000,0,12
2,Run50_XPV1,Temel güç XP stresi,bahcivan,standart,101,stres,39,,,616,102,386,13,22,93,220,181,115,73,27,13383,37790,2240,0,0,3387,1804,682,3496,2336,3416,68029,74,8,87.23,0.8,1,1.208,1.515,9,0.367,2,37,8.81,1.05,1.09,1.17,1.14,1.2,68,49,11,29,40,0.08,0.18,0.71,0.69,1.93,19,81,0.514,0.235,3.634,1003,7,163,0,hizli_bilekx2 bilgi_filizix2 kivilcimx3 artci_patlamax1 bereketli_ogrenimx1 zincir_hasatx1 bereketli_toprakx1,102,0,45,73,251,81,162,0,2,0,4,artci_patlama@R23 zincir_hasat@R30,69,69,0,293,167,0,0,0,0,0,0.556,297.4,13.689,210,137,322,0,0,23173,0,0,3,26,26,1895,4,0,2.8125,0,26000,0,12
2,Run50_XPV1,Temel güç XP stresi,bahcivan,standart,101,stres,40,,,593,98,380,10,20,85,197,138,128,105,25,14985,52775,2240,14985,500,2839,1787,959,3025,2153,4220,71408,77,12,98.13,0.8,1,1.17,1.515,9,0.367,2,38,8.87,1.08,1.26,1.25,1.15,1,69,43,26,11,11,0.09,0.6,0.73,0.36,0,19,81,0.522,0.222,3.591,1015,6,169,0,hizli_bilekx2 bilgi_filizix2 kivilcimx3 artci_patlamax1 bereketli_ogrenimx1 zincir_hasatx1 bereketli_toprakx1,94,0,45,76,263,81,170,0,2,0,4,artci_patlama@R23 zincir_hasat@R30,71,71,0,403,193,0,0,0,0,0,0.346,333,13.178,193,109,376,0,0,13581,0,0,3,26,26,2755,4,0,2.9167,0,29000,0,8
2,Run50_XPV1,Temel güç XP stresi,bahcivan,standart,101,stres,41,,,704,152,424,13,28,87,230,211,130,104,29,17162,17162,2700,0,0,3890,2289,941,3965,3172,5011,83655,80,12,98.13,1.28,1,1.17,1.565,9,0.383,2.111,38,8.74,1,1.02,1.12,1.17,1.5,90,70,51,45,43,0,0.02,0.54,0.78,1.75,19,81,0.432,0.173,3.482,1047,8,177,0,hizli_bilekx2 bilgi_filizix2 kivilcimx3 artci_patlamax1 bereketli_ogrenimx1 zincir_hasatx1 bereketli_toprakx1 canavar_kesimix1,120,0,45,79,275,81,182,0,2,0,4,artci_patlama@R23 zincir_hasat@R30,111,111,0,360,199,0,0,0,0,0,0.457,381.378,15.644,249,104,569,0,0,7236,0,0,3,26,26,2755,4,0,2.9167,0,32000,0,12
2,Run50_XPV1,Temel güç XP stresi,bahcivan,standart,101,stres,42,,,787,164,476,22,25,100,260,201,177,113,36,20019,37181,2700,0,0,4089,3248,1194,4239,3417,4135,105023,83,12,109.63,1.28,1,1.17,1.565,9,0.383,2.111,38,8.89,1.02,1.04,1.06,1.15,1.14,93,76,56,41,42,0.07,0.2,0.24,0.61,0.67,20,100,0.488,0.27,3.409,1320,8,185,7,hizli_bilekx2 bilgi_filizix2 kivilcimx3 artci_patlamax1 bereketli_ogrenimx1 zincir_hasatx1 bereketli_toprakx1 canavar_kesimix1,117,0,45,82,287,81,189,5,2,0,4,artci_patlama@R23 zincir_hasat@R30,106,106,0,427,216,0,0,0,0,0,0.45,444.867,17.489,266,141,679,0,0,13259,0,0,3,26,26,3755,4,3,3.3531,0.11,35000,0,12
2,Run50_XPV1,Temel güç XP stresi,bahcivan,standart,101,stres,43,,,634,123,381,36,13,81,231,155,139,79,30,16764,53945,2700,16764,680,3600,2551,854,3839,3498,4794,84929,85,8,114.01,1.28,1,1.17,1.665,9,0.383,2.222,38,6,1,1,1.08,1,1.33,85,63,58,31,22,0,0,0.63,0,1.17,30,121,0.621,0.38,3.602,1512,8,193,10,hizli_bilekx2 bilgi_filizix2 kivilcimx3 artci_patlamax1 bereketli_ogrenimx1 zincir_hasatx1 bereketli_toprakx1 canavar_kesimix1,116,0,45,84,295,93,189,5,2,0,4,artci_patlama@R23 zincir_hasat@R30,74,74,0,313,163,0,0,0,0,0,0.661,372.533,14.089,197,151,760,0,0,27188,0,0,3,26,26,3755,6,3,3.3531,0.11,38000,0,12
2,Run50_XPV1,Temel güç XP stresi,bahcivan,standart,101,stres,44,,,999,153,618,37,23,168,304,286,226,141,42,27227,27227,3000,0,0,6315,4038,1130,6354,5636,5924,135888,89,16,126.4,1.28,1.3,1.17,1.665,9,0.383,2.222,38,9,1.04,1,1.03,1.22,1.25,96,82,74,51,42,0.3,0,0.15,1.63,5.56,30,121,0.457,0.256,3.576,1523,3,196,0,hizli_bilekx2 bilgi_filizix2 kivilcimx3 artci_patlamax1 bereketli_ogrenimx1 zincir_hasatx1 bereketli_toprakx1 canavar_kesimix1 yikim_gucux1,143,0,45,88,311,101,189,5,2,0,4,artci_patlama@R23 zincir_hasat@R30,104,104,0,287,208,0,0,0,0,0,0.364,605.044,22.2,369,269,818,0,0,5076,0,0,3,28,28,4855,6,3,3.4687,0.11,42000,0,8
2,Run50_XPV1,Temel güç XP stresi,bahcivan,standart,101,stres,45,,,1014,154,613,57,19,171,332,259,234,140,49,28600,55827,3000,0,0,6027,4073,1440,6101,9709,7124,142389,92,12,134.4,1.28,1.3,1.17,1.665,9,0.4,2.333,38,8.87,1,1,1.03,1.05,1,95,73,72,47,20,0,0,0.06,0.12,0,30,121,0.47,0.207,3.43,1588,5,201,0,hizli_bilekx2 bilgi_filizix2 kivilcimx3 artci_patlamax1 bereketli_ogrenimx1 zincir_hasatx1 bereketli_toprakx1 canavar_kesimix1 yikim_gucux1,150,0,45,91,323,117,189,5,2,0,4,artci_patlama@R23 zincir_hasat@R30,102,102,0,276,191,0,0,0,0,0,0.331,635.556,22.533,361,308,955,0,0,16465,0,0,3,32,32,6155,7,3,3.5844,0.11,46000,0,16
2,Run50_XPV1,Temel güç XP stresi,bahcivan,standart,101,stres,46,,,999,146,589,49,34,181,336,269,233,122,39,25226,81053,3000,25226,860,5642,3933,1204,6543,13642,8328,139696,95,12,142.4,1.28,1.3,1.17,1.665,9,0.4,2.333,38,8.95,1,1,1.07,1.05,1,95,72,56,48,36,0,0,1.13,0.25,0,30,121,0.473,0.223,3.43,1588,2,203,0,hizli_bilekx2 bilgi_filizix2 kivilcimx3 artci_patlamax1 bereketli_ogrenimx1 zincir_hasatx1 bereketli_toprakx1 canavar_kesimix1 yikim_gucux1,155,0,45,94,335,121,197,5,2,0,4,artci_patlama@R23 zincir_hasat@R30,98,98,0,289,188,0,0,0,0,0,0.446,560.578,22.2,368,297,976,0,0,13161,0,0,3,33,33,6155,8,3,3.5844,0.11,51000,0,12
2,Run50_XPV1,Temel güç XP stresi,bahcivan,standart,101,stres,47,,,1072,182,583,52,41,214,327,282,274,147,42,28328,28328,4800,0,0,5965,4750,1218,6888,18392,9256,156138,98,12,150.4,1.28,1.3,0.995,1.665,9,0.417,2.444,45,8.76,1,1.05,1.02,1.07,1,98,69,71,56,67,0,0.16,0.07,0.27,0,30,121,0.444,0.19,3.43,1588,4,207,0,hizli_bilekx3 bilgi_filizix2 kivilcimx3 artci_patlamax1 bereketli_ogrenimx1 zincir_hasatx1 bereketli_toprakx1 canavar_kesimix1 yikim_gucux1,156,0,45,97,347,121,209,5,2,0,4,artci_patlama@R23 zincir_hasat@R30,117,115,2,292,200,0,0,0,0,0,0.479,629.511,23.822,402,288,1121,0,0,12299,0,0,3,33,33,7555,8,3,3.7,0.11,55000,0,12
2,Run50_XPV1,Temel güç XP stresi,bahcivan,standart,101,stres,48,,,1091,210,627,49,33,172,368,278,255,134,56,30630,58958,4800,0,0,6791,4745,1230,9189,23137,10486,162731,101,12,150.4,1.28,1.3,0.995,1.665,9,0.45,2.444,45,8.82,1,1.03,1.02,1.05,1.11,97,83,80,58,38,0,0.13,0.09,0.15,0.55,30,121,0.441,0.198,3.399,1602,4,211,0,hizli_bilekx3 bilgi_filizix2 kivilcimx3 artci_patlamax1 bereketli_ogrenimx1 zincir_hasatx1 bereketli_toprakx1 canavar_kesimix1 yikim_gucux1,165,0,45,100,359,121,221,5,2,0,4,artci_patlama@R23 zincir_hasat@R30,144,144,0,417,248,0,0,0,0,0,0.364,680.667,24.244,378,255,1110,0,0,5030,0,0,3,33,33,9055,8,3,3.8156,0.11,60000,0,12
2,Run50_XPV1,Temel güç XP stresi,bahcivan,standart,101,stres,49,,,1119,201,620,53,42,203,366,280,251,169,53,32293,91251,4800,0,0,6712,4386,1510,7201,27523,11666,170042,103,8,158.4,1.28,1.3,0.995,1.665,9,0.45,2.556,45,8.71,1,1.02,1.03,1,1,93,74,82,74,62,0,0.1,0.14,0,0,30,121,0.441,0.248,3.356,1622,4,215,0,hizli_bilekx3 bilgi_filizix2 kivilcimx3 artci_patlamax1 bereketli_ogrenimx1 zincir_hasatx1 bereketli_toprakx1 canavar_kesimix1 yikim_gucux1,154,0,45,102,367,121,233,5,2,0,4,artci_patlama@R23 zincir_hasat@R30,138,136,2,350,225,0,0,0,0,0,0.364,717.622,24.867,415,278,1422,0,0,53072,0,0,3,33,33,9055,8,3,3.8156,0.11,63000,0,12
2,Run50_XPV1,Temel güç XP stresi,bahcivan,standart,101,stres,50,,,894,155,552,31,24,132,271,256,197,131,39,24739,115990,4800,24739,1100,4993,3801,1248,12194,31324,12914,139606,105,8,158.4,1.28,1.3,0.995,1.665,9,0.45,2.556,45,6,1,1,1,1,1.6,92,78,84,61,29,0,0,0,0,4.18,30,121,0.549,0.256,3.343,1629,0,215,0,hizli_bilekx3 bilgi_filizix2 kivilcimx3 artci_patlamax1 bereketli_ogrenimx1 zincir_hasatx1 bereketli_toprakx1 canavar_kesimix1 yikim_gucux1,144,0,45,104,375,121,241,5,2,0,4,artci_patlama@R23 zincir_hasat@R30,115,114,1,352,210,0,0,0,0,0,0.38,549.756,19.867,281,248,1195,0,0,64678,0,0,3,33,33,9055,8,3,3.8156,0.11,67000,0,8
2,Run50_XPV1,Temel güç XP stresi,bahcivan,standart,101,stres,50,KAZANDI
3,Run50_XPV1,Temel güç XP stresi,bahcivan,standart,102,stres,1,,,13,13,0,0,0,0,10,3,0,0,0,19,19,27,0,0,32,0,0,32,0,0,290,1,0,10,1,1,3,0.9,4,0.3,2,13,2.08,1.8,2.67,,,,36,0,,,,2.4,5,,,,2,4,0.346,0,8,23,0,0,2,,4,0.203,45,0,0,0,0,0,0,0,0,,0,0,0,0,0,0,0,0,0,0,1,0.422,0.289,0,0,22,0,0,290,0,0,0,0,0,0,0,0,1,0,390,0,0
3,Run50_XPV1,Temel güç XP stresi,bahcivan,standart,102,stres,2,,,18,18,0,0,0,0,14,3,1,0,0,33,52,27,0,0,40,4,0,40,4,0,410,2,3,11.33,1,1,3,0.9,4,0.3,2,14,2.36,1.57,2.67,3,,,38,0,0,,,1.93,5,9,,,3,5,0.391,0,8,28,2,2,1,,4,0.11,45,1,3,0,0,0,0,0,0,,0,0,0,0,0,0,0,0,0,0,0.2,0.733,0.4,0,0,26,0,0,310,0,0,0,0,0,0,0,0,1,0,410,0,0
3,Run50_XPV1,Temel güç XP stresi,bahcivan,standart,102,stres,3,,,18,16,2,0,0,0,15,1,2,0,0,38,90,27,38,5,34,8,0,34,12,0,410,3,3,11.33,1,1,3,0.9,4,0.3,2,14,2.79,1.77,2,3,,,22,,0,,,2.31,12,9,,,4,7,0.494,0.143,8,39,0,2,1,,4,0.052,45,2,6,3,0,0,2,0,3,,0,0,0,0,0,0,0,0,0,0,0.857,0.844,0.4,2,0,24,0,0,310,0,0,3,3,3,0,0,0,1,0,420,0,3
3,Run50_XPV1,Temel güç XP stresi,bahcivan,standart,102,stres,4,,,19,16,3,0,0,0,15,2,2,0,0,53,53,40,0,0,38,8,0,39,20,0,551,5,6,11.33,1,1,3,0.9,4,0.3,2,14,3.14,1.92,2.5,2.5,,,0,0,0,,,4.75,6,10.5,,,5,8,0.603,0.25,7.804,46,2,4,1,bilgi_filizix1,5,0,45,4,12,6,0,0,2,0,3,,0,0,0,0,0,0,0,0,0,0,0.375,1.178,0.422,3,0,26,0,0,1,0,0,3,4,4,0,0,0,1.25,0,470,0,3
3,Run50_XPV1,Temel güç XP stresi,bahcivan,standart,102,stres,5,,,22,17,5,0,0,0,15,5,2,0,0,75,128,40,0,0,50,8,0,51,28,0,665,6,3,12,1,1,3,0.9,4,0.3,2,14,3,2,1.8,1,,,20,20,,,,3.6,5.4,0,,,5,8,0.487,0.125,7.804,46,2,6,0,bilgi_filizix1,6,0.12,45,5,15,9,3,0,2,0,3,,0,0,0,0,0,0,0,0,0,0,0.875,1.667,0.489,5,0,30,0,0,196,0,0,3,5,4,0,0,0,1.25,0,490,0,6
3,Run50_XPV1,Temel güç XP stresi,bahcivan,standart,102,stres,6,,,15,14,1,0,0,0,12,2,1,0,0,46,174,40,46,10,32,4,0,36,32,0,426,7,3,12,1,1,2.892,0.9,4,0.3,2,15,2.53,2.27,2.5,3,,,8,0,0,,,8.95,11.57,14.47,,,6,10,0.489,0.1,7.804,58,1,7,1,bilgi_filizix1,4,0.048,45,6,18,12,3,0,2,0,3,,0,0,0,0,0,0,0,0,0,0,0.2,1.022,0.333,1,0,28,0,0,132,0,0,3,8,5,0,0,0,1.25,0,520,0,3
3,Run50_XPV1,Temel güç XP stresi,bahcivan,standart,102,stres,7,,,25,18,6,0,0,1,19,4,2,0,0,67,67,88,0,0,54,8,0,61,40,0,727,8,3,12,1,1,2.892,0.9,4,0.3,2,15,3.2,1.93,2.33,2,,,14,0,0,,,6,7.71,2.9,,,7,11,0.667,0.182,6.633,75,1,8,1,bilgi_filizix1 bereketli_toprakx1,7,0,45,7,21,15,3,0,2,0,3,,0,0,0,0,0,0,0,0,0,0,0.818,1.489,0.556,7,0,30,0,0,339,0,0,3,9,6,0,0,0,1.25,0,560,0,3
3,Run50_XPV1,Temel güç XP stresi,bahcivan,standart,102,stres,8,,,21,18,3,0,0,0,17,3,1,0,0,43,110,88,0,0,46,4,0,49,44,0,589,9,3,13.33,1,1,2.789,0.9,4,0.3,2,16,3.5,1.93,3.5,2,,,12,0,0,,,6.88,9.75,13.93,,,8,12,0.748,0.417,6.471,83,4,12,1,bilgi_filizix1 bereketli_toprakx1,6,0,45,8,24,18,3,0,2,0,3,,0,0,0,0,0,0,0,0,0,0,0.75,0.956,0.467,3,0,35,0,0,368,0,0,3,10,6,0,0,0,1.25,0,600,0,3
3,Run50_XPV1,Temel güç XP stresi,bahcivan,standart,102,stres,9,,,29,20,9,0,0,0,17,8,4,0,0,107,217,88,0,0,74,16,0,82,30,0,929,11,6,13.33,1,1,2.789,0.9,4,0.3,2,16,3.38,1.75,2.2,2,,,8,0,0,,,5.58,4.45,2.79,,,8,12,0.691,0.417,6.471,83,3,15,0,bilgi_filizix1 bereketli_toprakx1,6,0,45,10,30,21,3,0,2,0,3,,0,0,0,0,0,0,0,0,0,0,0.583,2.378,0.644,9,0,35,0,0,57,0,0,3,12,6,0,0,0,1.25,0,700,0,3
3,Run50_XPV1,Temel güç XP stresi,bahcivan,standart,102,stres,10,,,22,19,1,0,0,2,12,7,3,0,0,71,288,88,71,16,59,12,0,61,42,0,763,12,3,14,1,1,2.689,0.9,4,0.3,2,16,3.75,1.82,2.6,3.67,,,8,0,0,0,,4.89,9.67,13.44,,,9,14,0.755,0.429,6.313,100,4,19,1,bilgi_filizix1 bereketli_toprakx1,7,0,45,11,33,25,5,0,2,0,3,,0,0,0,0,0,0,0,0,0,0,0.786,1.578,0.489,3,0,35,0,0,120,0,0,3,15,8,6,0,0,1.3333,0,750,0,6
3,Run50_XPV1,Temel güç XP stresi,bahcivan,standart,102,stres,11,,,34,28,4,0,0,2,26,4,3,1,0,154,154,90,0,0,72,12,2,81,14,2,1088,13,3,15.64,1,1,2.286,0.9,4,0.3,2,19,3.63,1.62,2.33,4,2,,21,0,0,,,5.01,8.38,14.47,9.13,,9,14,0.659,0.429,6.313,100,4,23,0,bilgi_filizix1 bereketli_toprakx1 hizli_bilekx1,8,0,45,12,36,25,8,0,2,0,3,,0,0,0,0,0,0,0,0,0,0,0.571,3.422,0.756,6,0,36,0,0,458,0,0,3,15,8,6,0,0,1.3333,0,810,0,3
3,Run50_XPV1,Temel güç XP stresi,bahcivan,standart,102,stres,12,,,40,34,5,0,0,1,27,10,3,0,0,116,270,90,0,0,131,12,0,132,26,2,1288,15,6,15.64,1,1,2.204,0.9,4,0.3,2,20,3.75,1.71,2.13,2,,,23,11,0,,,4.77,7.99,4.4,,,10,16,0.678,0.438,6.158,117,3,26,1,bilgi_filizix1 bereketli_toprakx1 hizli_bilekx1,9,0,45,14,42,25,11,0,2,0,3,,0,0,0,0,0,0,0,0,0,0,0.438,2.578,0.889,6,0,41,0,0,56,0,0,3,15,9,6,0,0,1.3333,0,950,0,3
3,Run50_XPV1,Temel güç XP stresi,bahcivan,standart,102,stres,13,,,36,33,3,0,0,0,26,9,1,0,0,98,368,90,98,24,123,4,0,157,30,2,1163,16,3,16.36,1,1,2.125,0.9,4,0.3,2,21,3.38,1.72,1.88,,,,27,0,0,,,5.53,9.03,,,,12,19,0.494,0.263,6.158,139,3,29,2,bilgi_filizix1 bereketli_toprakx1 hizli_bilekx1,8,0,45,15,45,25,17,0,2,0,3,,0,0,0,0,0,0,0,0,0,0,0.632,2.178,0.8,3,0,44,0,0,269,0,0,3,15,12,14,0,0,1.4167,0,1000,0,6
3,Run50_XPV1,Temel güç XP stresi,bahcivan,standart,102,stres,14,,,48,25,18,2,0,3,40,6,2,0,0,113,113,104,0,0,150,8,0,157,8,2,1486,17,3,16.36,1,1,2.125,0.9,4,0.3,2,21,4,1.48,2.33,2,,,15,0,0,,,3.44,18.42,8.5,,,16,26,0.758,0.462,6.158,190,1,30,4,bilgi_filizix1 bereketli_toprakx1 hizli_bilekx1 kivilcimx1,12,0,45,16,48,25,20,0,2,0,3,,0,0,0,0,0,0,0,0,0,0,0.538,2.511,1.067,23,0,44,0,0,755,0,0,3,15,15,14,0,0,1.4167,0,1100,0,3
3,Run50_XPV1,Temel güç XP stresi,bahcivan,standart,102,stres,15,,,43,28,10,1,0,4,34,5,4,0,0,131,244,104,0,0,127,16,0,131,24,2,1390,18,3,17.38,1,1,2.125,0.9,4,0.3,2,21,4,1.82,1.5,2,,,9,0,0,0,,6.28,5.85,12.75,,,17,27,0.766,0.519,6.158,197,3,33,1,bilgi_filizix1 bereketli_toprakx1 hizli_bilekx1 kivilcimx1,10,0,45,17,51,28,20,0,2,0,3,,0,0,0,0,0,0,0,0,0,0,0.741,2.911,0.956,15,0,45,0,0,1045,0,0,3,17,15,14,0,0,1.4167,0,1200,0,3
3,Run50_XPV1,Temel güç XP stresi,bahcivan,standart,102,stres,16,,,50,30,19,1,0,0,39,9,0,2,0,177,421,104,177,33,171,0,4,206,24,6,1725,20,6,18.13,1,1,2.048,0.9,4,0.3,2,21,4,1.64,1.83,,1,,20,0,0,,,3.63,6.83,,0,,18,28,0.735,0.536,6.007,210,5,38,1,bilgi_filizix1 bereketli_toprakx1 hizli_bilekx1 kivilcimx1,13,0,45,19,57,31,20,0,2,0,3,,0,0,0,0,0,0,0,0,0,0,0.964,3.933,1.111,20,0,47,0,0,270,0,0,3,18,15,24,0,0,1.5,0,1400,0,3
3,Run50_XPV1,Temel güç XP stresi,bahcivan,standart,102,stres,17,,,59,32,20,0,0,7,41,10,7,1,0,240,240,176,0,0,183,28,2,196,52,8,2361,21,3,19.2,1,1,1.975,0.935,4,0.3,2,22,4,1.33,1.67,2.75,2,,33,0,0,0,0,2.45,5.28,8.39,5.93,,19,30,0.757,0.467,5.86,230,7,45,1,bilgi_filizix1 bereketli_toprakx1 hizli_bilekx1 kivilcimx2,16,0,45,20,60,37,20,0,2,0,3,,0,0,0,0,0,0,0,0,0,0,0.567,5.333,1.311,27,0,48,0,0,1231,0,0,3,18,16,36,2,0,1.5833,0,1500,0,6
3,Run50_XPV1,Temel güç XP stresi,bahcivan,standart,102,stres,18,,,54,31,20,0,0,3,37,15,1,0,1,302,542,176,0,0,201,5,8,203,7,16,2292,23,6,20.27,1,1,1.904,0.97,4,0.3,2,23,4,1.45,1.38,2,,,21,0,0,,,2.33,2.38,5.73,,,19,32,0.784,0.469,5.717,252,9,54,2,bilgi_filizix1 bereketli_toprakx1 hizli_bilekx1 kivilcimx2,12,0,45,22,66,40,20,0,2,0,3,,0,0,0,0,0,0,0,0,0,0,0.688,6.711,1.2,23,0,56,0,0,323,0,0,3,20,18,66,2,0,1.75,0,1800,0,3
3,Run50_XPV1,Temel güç XP stresi,bahcivan,standart,102,stres,19,,,69,40,21,2,0,6,46,16,6,0,1,370,912,176,0,0,234,30,8,255,37,24,3009,24,3,23.08,1,1,1.836,0.97,4,0.3,2,24,4,1.25,1.71,1.25,,1,37,0,0,0,,1.77,6.56,0.46,,0,20,34,0.734,0.471,5.717,268,2,56,1,bilgi_filizix1 bereketli_toprakx1 hizli_bilekx1 kivilcimx2,14,0,45,23,69,46,20,0,2,0,3,,0,0,0,0,0,0,0,0,0,0,0.765,8.222,1.533,29,0,56,0,0,1532,0,0,3,22,18,66,2,0,1.75,0,1900,0,6
3,Run50_XPV1,Temel güç XP stresi,bahcivan,standart,102,stres,20,,,85,59,16,0,0,10,45,30,7,2,1,517,1429,176,517,45,315,35,13,322,37,37,4413,26,6,24.3,1,1,1.836,1.005,6,0.3,2,24,5.67,1.33,1.42,2,1,3,40,23,0,,,2.28,3.28,10.28,0,16.53,21,36,0.492,0.306,5.44,298,8,64,1,bilgi_filizix1 bereketli_toprakx1 hizli_bilekx1 kivilcimx2,16,0,45,25,75,49,20,0,2,0,3,,0,0,0,0,0,0,0,0,0,0,0.694,11.489,1.889,26,0,62,0,0,1945,0,0,3,23,18,104,2,0,1.9167,0,2200,0,3
3,Run50_XPV1,Temel güç XP stresi,bahcivan,standart,102,stres,21,,,108,46,44,6,2,10,70,30,6,2,0,316,316,180,0,0,390,30,4,392,67,41,5201,28,6,24.3,1,1,1.836,1.04,6,0.3,2,24,6,1.3,1.77,2.5,3,,52,7,0,0,,1.29,4.52,11.93,23.87,,27,49,0.727,0.51,5.418,407,1,65,6,bilgi_filizix1 bereketli_toprakx1 hizli_bilekx1 kivilcimx3,23,0,45,27,81,49,26,0,2,0,3,,0,0,0,0,0,0,0,0,0,0,0.714,7.022,2.4,62,0,59,0,0,2546,0,0,3,23,23,104,2,0,1.9167,0,2600,0,6
3,Run50_XPV1,Temel güç XP stresi,bahcivan,standart,102,stres,22,,,124,58,45,4,0,17,86,18,13,6,1,700,1016,180,0,0,366,65,21,403,119,42,6120,31,9,25.51,1,1,1.836,1.04,6,0.3,2,24,6,1.31,1.38,2,1.33,1,53,33,0,0,,1.62,3.9,5.97,5.5,0,24,49,0.693,0.51,5.415,407,3,68,2,bilgi_filizix1 bereketli_toprakx1 hizli_bilekx1 kivilcimx3,24,0,45,30,90,49,32,0,2,0,3,,0,0,0,0,0,0,0,0,0,0,0.592,15.556,2.756,66,0,120,0,0,266,0,0,3,23,23,104,2,0,1.9167,0,3200,0,6
3,Run50_XPV1,Temel güç XP stresi,bahcivan,standart,102,stres,23,,,109,51,44,0,4,10,65,24,12,6,2,813,1829,180,813,57,384,80,12,387,116,34,5718,32,3,28.62,1,1,1.778,1.04,6,0.3,2,25,6,1.39,1.67,2.57,,3,43,17,0,0,0,2.12,5.33,12.45,,14.23,21,49,0.729,0.408,5.411,407,4,72,3,bilgi_filizix1 bereketli_toprakx1 hizli_bilekx1 kivilcimx3,22,0,45,31,93,49,41,0,2,0,3,,0,0,0,0,0,0,0,0,0,0,0.551,18.067,2.422,58,0,133,0,0,2784,0,0,3,23,23,104,2,0,1.9167,0,3400,0,9
3,Run50_XPV1,Temel güç XP stresi,bahcivan,standart,102,stres,24,,,140,59,48,1,4,28,73,31,21,13,2,1332,1332,220,0,0,450,126,36,456,242,70,8186,35,9,33.24,1,1,1.778,1.075,6,0.3,2.75,25,5.8,1.24,1.2,1.38,1.75,,68,33,22,20,0,1.59,1.96,4,6.23,,21,49,0.657,0.367,5.411,407,5,77,0,bilgi_filizix1 bereketli_toprakx1 hizli_bilekx1 kivilcimx3 agir_darbex1,27,0,45,34,102,49,44,0,2,0,3,,0,0,0,0,0,0,0,0,0,0,0.592,29.6,3.111,81,0,212,0,0,70,0,0,3,23,23,125,2,0,2,0,4100,0,3
3,Run50_XPV1,Temel güç XP stresi,bahcivan,standart,102,stres,25,,,154,68,57,3,1,25,71,37,28,12,6,2489,3821,220,0,0,435,256,44,521,310,74,9725,37,6,33.24,1,1,1.722,1.075,6,0.3,2.75,26,5.96,1.22,1.35,1.42,1.67,1.33,63,39,29,22,0,2.49,2.76,2.16,3.43,2.3,16,49,0.625,0.306,5.252,420,3,80,2,bilgi_filizix1 bereketli_toprakx1 hizli_bilekx1 kivilcimx3 agir_darbex1,30,0,45,36,108,49,53,0,2,0,3,,0,0,0,0,0,0,0,0,0,0,0.694,55.311,3.422,86,0,195,0,0,1295,0,0,3,23,23,125,2,0,2,0,4700,0,9
3,Run50_XPV1,Temel güç XP stresi,bahcivan,standart,102,stres,26,,,135,65,38,1,5,26,64,30,24,13,4,2390,6211,220,2390,72,462,167,50,563,192,124,8333,38,3,38.16,1,1,1.722,1.11,6,0.3,2.75,26,5.65,1.13,1.3,1.56,1.57,3,76,42,17,0,0,1.15,4.48,4.74,2.71,12.93,16,49,0.457,0.265,5.252,420,6,86,0,bilgi_filizix1 bereketli_toprakx1 hizli_bilekx1 kivilcimx3 agir_darbex1,21,0,45,37,111,49,59,0,2,0,3,,0,0,0,0,0,0,0,0,0,0,0.408,53.111,3,70,0,222,0,0,4928,0,0,3,23,23,125,2,0,2,0,5000,0,6
3,Run50_XPV1,Temel güç XP stresi,bahcivan,standart,102,stres,27,,,159,61,66,1,8,23,70,44,27,12,6,2570,2570,400,0,0,570,185,72,618,262,96,12583,41,9,39.82,1,1,1.668,1.11,6,0.3,2.75,26,6,1.15,1.21,1.8,1.44,2,67,41,18,0,0,1.09,2.5,6.84,3.34,10.83,17,55,0.659,0.327,5.255,471,5,91,3,bilgi_filizix2 bereketli_toprakx1 hizli_bilekx1 kivilcimx3 agir_darbex1,30,0,45,40,120,49,62,0,2,0,3,,0,0,0,0,0,0,0,0,0,0,0.582,57.111,3.533,98,0,257,0,0,1611,0,0,3,23,23,125,2,0,2.5,0,5900,0,3
3,Run50_XPV1,Temel güç XP stresi,bahcivan,standart,102,stres,28,,,143,63,51,0,7,22,64,34,26,12,7,2575,5145,400,0,0,594,236,48,617,472,54,11510,43,6,39.82,1,1,1.668,1.11,6,0.3,2.75,26,5.96,1.14,1.4,1.46,1.67,1.5,77,32,20,0,0,1.31,1.56,2.57,4.47,5.01,20,74,0.749,0.324,5.263,633,3,94,9,bilgi_filizix2 bereketli_toprakx1 hizli_bilekx1 kivilcimx3 agir_darbex1,33,0,45,42,126,58,62,0,2,0,3,,0,0,0,0,0,0,0,0,0,0,0.662,57.222,3.178,80,0,222,0,0,921,0,0,3,27,27,125,3,0,2.5,0,6600,0,9
3,Run50_XPV1,Temel güç XP stresi,bahcivan,standart,102,stres,29,,,159,62,70,0,9,18,51,50,34,16,8,3059,8204,400,0,0,624,292,96,631,504,130,13543,45,6,43.38,1,1,1.668,1.145,6,0.3,2.75,26,6,1.04,1.65,1.55,1.8,1.5,78,39,31,0,50,0.22,4.12,5,3.67,5.01,21,79,0.767,0.519,5.059,703,4,98,3,bilgi_filizix2 bereketli_toprakx1 hizli_bilekx1 kivilcimx3 agir_darbex1,38,0,45,44,132,64,62,0,2,0,3,,0,0,0,0,0,0,0,0,0,0,0.722,67.978,3.533,97,0,268,0,0,864,0,0,3,28,28,125,3,0,2.5,0,7400,0,6
3,Run50_XPV1,Temel güç XP stresi,bahcivan,standart,102,stres,30,,,122,48,63,0,5,6,61,22,24,14,1,1443,9647,400,1443,100,343,222,56,359,268,101,9506,46,3,43.38,1,1,1.616,1.23,6,0.3,2.75,27,6,1.48,2.09,2.38,2.86,2,53,19,8,0,,3.69,4.85,5.86,6.92,6.47,21,81,0.848,0.556,5.059,721,8,106,2,bilgi_filizix2 bereketli_toprakx1 hizli_bilekx1 kivilcimx3 agir_darbex1,36,0,45,45,135,70,62,0,2,0,3,,0,0,0,0,0,0,0,0,0,0,0.642,32.067,2.711,74,0,185,0,0,2970,0,0,3,31,31,125,4,0,2.5,0,7800,0,6
3,Run50_XPV1,Temel güç XP stresi,bahcivan,standart,102,stres,31,,,245,91,91,15,12,36,87,58,49,40,11,5765,5765,720,0,0,788,560,232,847,618,253,21165,48,6,46.93,1,1,1.131,1.23,6,0.3,2.75,39,6,1.14,1.44,1.38,1.88,1,60,33,38,0,25,0.67,2.7,3.82,6.25,0,21,81,0.661,0.481,5.059,721,4,110,0,bilgi_filizix2 bereketli_toprakx1 hizli_bilekx1 kivilcimx3 agir_darbex1 firtina_bilegix1,39,0,45,47,141,73,62,0,2,0,3,,0,0,0,0,0,0,0,0,0,0,0.63,128.111,5.444,154,0,307,0,0,8135,0,0,3,32,32,125,4,0,2.5,0,8600,0,3
3,Run50_XPV1,Temel güç XP stresi,bahcivan,standart,102,stres,32,,,246,94,90,6,17,39,110,54,37,33,12,5016,10781,720,0,0,1067,403,279,1124,461,437,20696,51,9,49.54,1,1,1.131,1.265,6,0.3,2.75,39,6,1.17,1.3,1.73,1.67,2,64,42,17,13,0,0.66,1.36,2.37,2.36,3.01,21,81,0.664,0.42,5.005,728,6,116,0,bilgi_filizix2 bereketli_toprakx1 hizli_bilekx1 kivilcimx3 agir_darbex1 firtina_bilegix1,46,0,45,50,150,79,62,0,2,0,3,,0,0,0,0,0,0,0,0,0,0,0.556,111.467,5.467,152,0,286,0,0,1731,0,0,3,33,33,125,5,0,2.5,0,10000,0,6
3,Run50_XPV1,Temel güç XP stresi,bahcivan,standart,102,stres,33,,,225,90,76,7,16,36,75,60,57,23,10,4374,15155,720,4374,172,976,654,205,1105,675,642,19859,53,6,53.29,1,1,1.095,1.315,6,0.3,2.75,41,5.9,1.19,1.41,1.54,2.2,1.5,55,44,40,6,0,1.39,2.6,3.13,7.45,4.93,21,81,0.531,0.383,4.852,751,6,122,0,bilgi_filizix2 bereketli_toprakx1 hizli_bilekx1 kivilcimx3 agir_darbex1 firtina_bilegix1,41,0,45,52,156,81,69,0,2,0,3,,0,0,0,0,0,0,0,0,0,0,0.42,97.2,5,135,0,336,0,0,1590,0,0,3,33,33,125,5,0,2.5,0,11000,0,9
3,Run50_XPV1,Temel güç XP stresi,bahcivan,standart,102,stres,34,,,216,83,79,7,20,27,81,56,53,23,3,3564,3564,1040,0,0,834,568,135,929,1243,667,18402,54,4,53.29,0.8,1,1.061,1.365,6,0.3,2.75,42,6,1.16,1.65,1.78,2.3,,62,9,7,0,0,1.33,3.18,3.24,6.68,,21,81,0.709,0.42,4.852,751,4,126,0,bilgi_filizix2 bereketli_toprakx1 hizli_bilekx1 kivilcimx3 agir_darbex1 firtina_bilegix1 bereketli_ogrenimx1,41,0,45,53,160,81,75,0,2,0,3,,0,0,0,0,0,0,0,0,0,0,0.753,79.2,4.8,133,0,265,0,0,8992,0,0,3,33,33,125,5,0,2.5,0,12000,0,6
3,Run50_XPV1,Temel güç XP stresi,bahcivan,standart,102,stres,35,,,249,87,94,12,22,34,90,64,60,30,5,4618,8182,1040,0,0,888,762,175,967,925,842,22357,56,8,56.1,0.8,1,1.061,1.365,6,0.3,2.75,42,6,1.35,1.42,1.57,2,2,48,35,19,6,0,1.75,2.96,2.22,4.32,1.07,21,81,0.691,0.457,4.852,751,4,130,0,bilgi_filizix2 bereketli_toprakx1 hizli_bilekx1 kivilcimx3 agir_darbex1 firtina_bilegix1 bereketli_ogrenimx1,44,0,45,55,168,81,79,0,2,0,3,,0,0,0,0,0,0,0,0,0,0,0.543,102.622,5.533,162,0,299,0,0,7349,0,0,3,33,33,575,5,0,2.6042,0,13000,0,4
3,Run50_XPV1,Temel güç XP stresi,bahcivan,standart,102,stres,36,,,182,73,83,2,8,16,69,53,32,23,5,3663,11845,1040,3663,276,762,472,141,799,597,858,16235,57,4,60.05,0.8,1,1.061,1.365,6,0.317,2.75,42,6,1.22,1.65,2,2.46,2,43,16,18,0,0,1.02,4.72,3.63,7.43,11.67,21,81,0.755,0.543,4.826,755,5,135,0,bilgi_filizix2 bereketli_toprakx1 hizli_bilekx1 kivilcimx3 agir_darbex1 firtina_bilegix1 bereketli_ogrenimx1,36,0,45,56,172,81,87,0,2,0,3,,0,0,0,0,0,0,0,0,0,0,0.704,81.4,4.044,109,0,295,0,0,10584,0,0,3,33,33,575,5,0,2.6042,0,13000,0,8
3,Run50_XPV1,Temel güç XP stresi,bahcivan,standart,102,stres,37,,,298,121,109,13,14,41,96,91,62,35,14,6606,6606,2240,0,0,1314,882,316,1388,1099,1174,27535,59,8,60.05,1.28,1,1.061,1.365,6,0.367,2.75,42,6,1.15,1.37,1.33,1.67,1.29,73,42,25,15,0,0.72,2.2,0.66,3.96,2.58,21,81,0.626,0.42,4.707,774,4,139,0,bilgi_filizix2 bereketli_toprakx1 hizli_bilekx1 kivilcimx3 agir_darbex1 firtina_bilegix1 bereketli_ogrenimx1 canavar_kesimix1,47,0,45,58,180,81,91,0,2,0,3,,0,0,0,0,0,0,0,0,0,0,0.63,146.8,6.622,177,0,518,0,0,11119,0,0,3,33,33,575,5,0,2.6042,0,14000,0,4
3,Run50_XPV1,Temel güç XP stresi,bahcivan,standart,102,stres,38,,,323,122,117,9,20,55,114,88,71,37,13,6639,13245,2240,0,0,1556,1044,266,1744,1253,1300,29525,61,8,69.27,1.28,1,1.061,1.365,6,0.367,2.75,42,5.98,1.11,1.16,1.25,1.23,1.67,86,61,41,39,13,0.73,0.5,0.9,4.49,1.77,21,81,0.591,0.407,4.707,774,3,142,0,bilgi_filizix2 bereketli_toprakx1 hizli_bilekx1 kivilcimx3 agir_darbex1 firtina_bilegix1 bereketli_ogrenimx1 canavar_kesimix1,50,0,45,60,188,81,99,0,2,0,3,,0,0,0,0,0,0,0,0,0,0,0.444,147.533,7.178,201,0,594,0,0,11644,0,0,3,33,33,575,5,0,2.6042,0,16000,0,8
3,Run50_XPV1,Temel güç XP stresi,bahcivan,standart,102,stres,39,,,412,165,141,17,26,63,145,113,88,49,17,9115,22360,2240,0,0,1768,1390,382,2042,1773,1682,37470,64,12,69.27,1.28,1,1.028,1.415,9,0.367,2.75,43,8.49,1.07,1.1,1.23,1.65,2,83,66,43,18,11,0.29,0.47,0.96,2.77,3.35,21,81,0.478,0.309,4.592,794,5,147,0,bilgi_filizix2 bereketli_toprakx1 hizli_bilekx1 kivilcimx3 agir_darbex1 firtina_bilegix1 bereketli_ogrenimx1 canavar_kesimix1,56,0,45,63,200,81,107,0,2,0,3,,0,0,0,0,0,0,0,0,0,0,0.556,202.556,9.156,247,0,565,0,0,114,0,0,3,33,33,575,5,0,2.6042,0,18000,0,8
3,Run50_XPV1,Temel güç XP stresi,bahcivan,standart,102,stres,40,,,331,125,120,13,24,49,142,82,57,35,15,7301,29661,2240,7301,500,1708,966,279,1940,1139,1806,30646,65,4,76.92,1.28,1,1.028,1.465,9,0.367,2.75,43,6,1.12,1.13,1.26,1.08,1.5,73,58,45,44,0,0.73,0.48,1.56,0.94,1.28,21,81,0.587,0.42,4.592,794,7,154,0,bilgi_filizix2 bereketli_toprakx1 hizli_bilekx1 kivilcimx3 agir_darbex1 firtina_bilegix1 bereketli_ogrenimx1 canavar_kesimix1,49,0,45,64,204,81,119,0,2,0,3,,0,0,0,0,0,0,0,0,0,0,0.716,162.244,7.356,206,0,654,0,0,12760,0,0,3,33,33,1165,5,0,2.7083,0,18000,0,12
3,Run50_XPV1,Temel güç XP stresi,bahcivan,standart,102,stres,41,,,493,183,170,29,32,79,167,130,107,59,30,12823,12823,2700,0,0,2596,1769,550,2936,2398,2206,48295,68,12,83.44,1.28,1,1.028,1.465,9,0.367,2.861,43,8.3,1.02,1.1,1.14,1.26,1.55,85,68,75,42,50,0.08,0.62,0.79,1.73,2.99,21,81,0.403,0.16,4.48,814,3,157,0,bilgi_filizix2 bereketli_toprakx1 hizli_bilekx1 kivilcimx3 agir_darbex1 firtina_bilegix1 bereketli_ogrenimx1 canavar_kesimix1 zincir_hasatx1,72,0,45,67,216,81,123,0,2,0,3,zincir_hasat@R40,0,0,0,0,0,0,0,0,0,0,0.395,284.956,10.956,233,77,748,0,0,4055,0,0,3,33,33,1165,5,0,2.7083,0,21000,0,4
3,Run50_XPV1,Temel güç XP stresi,bahcivan,standart,102,stres,42,,,534,194,184,27,44,85,193,134,123,65,19,11260,24083,2700,0,0,2313,1851,612,2454,1908,748,52842,70,8,87.23,1.28,1,0.995,1.465,9,0.367,2.861,45,8.71,1.03,1.12,1.27,1.67,1.4,77,57,37,26,20,0.2,0.86,1.97,4.48,2.19,26,110,0.528,0.209,4.409,1123,9,166,11,bilgi_filizix2 bereketli_toprakx1 hizli_bilekx1 kivilcimx3 agir_darbex1 firtina_bilegix1 bereketli_ogrenimx1 canavar_kesimix1 zincir_hasatx1,88,0,45,69,224,81,135,0,2,0,3,zincir_hasat@R40,0,0,0,0,0,0,0,0,0,0,0.445,250.222,11.867,234,106,808,0,0,13897,0,0,3,33,33,1895,5,0,2.8125,0,22000,0,12
3,Run50_XPV1,Temel güç XP stresi,bahcivan,standart,102,stres,43,,,534,191,171,40,51,81,192,130,109,82,21,12194,36277,2700,12194,680,2885,1692,582,3134,2200,1115,53470,72,8,91.02,1.28,1,0.995,1.565,9,0.4,2.972,45,8.93,1.05,1.19,1.23,1.46,2,75,53,49,24,0,0.38,1.04,1.71,3.2,4.98,30,121,0.571,0.397,4.351,1251,7,173,5,bilgi_filizix2 bereketli_toprakx1 hizli_bilekx1 kivilcimx3 agir_darbex1 firtina_bilegix1 bereketli_ogrenimx1 canavar_kesimix1 zincir_hasatx1,86,0,45,71,232,89,135,0,2,0,3,zincir_hasat@R40,0,0,0,0,0,0,0,0,0,0,0.512,270.978,11.867,251,92,887,0,0,22367,0,0,3,34,34,1895,6,0,2.8125,0,24000,0,8
3,Run50_XPV1,Temel güç XP stresi,bahcivan,standart,102,stres,44,,,707,257,225,49,39,137,261,190,152,76,28,15455,15455,3000,0,0,3826,2190,774,4510,3120,1889,68426,75,12,98.13,1.28,1,0.819,1.565,9,0.4,2.972,54,8.57,1.02,1.06,1.13,1.21,1.4,84,69,55,47,8,0.14,0.19,0.99,0.92,1.48,30,121,0.453,0.273,4.245,1283,4,177,0,bilgi_filizix2 bereketli_toprakx1 hizli_bilekx2 kivilcimx3 agir_darbex1 firtina_bilegix1 bereketli_ogrenimx1 canavar_kesimix1 zincir_hasatx1,103,0,45,74,244,97,135,0,2,0,3,zincir_hasat@R40,0,0,0,0,0,0,0,0,0,0,0.57,343.444,15.711,318,132,961,0,0,15793,0,0,3,37,37,1895,6,0,2.8125,0,27000,0,8
3,Run50_XPV1,Temel güç XP stresi,bahcivan,standart,102,stres,45,,,714,248,251,46,62,107,269,182,125,115,23,22552,38007,3000,0,0,3938,1896,888,3938,2026,2537,72648,78,12,102.22,1.28,1,0.819,1.615,9,0.417,3.083,54,8.65,1.05,1.19,1.22,1.15,1.4,80,62,57,52,8,0.23,1.02,0.95,0.6,1.88,30,121,0.472,0.281,4.087,1332,11,188,0,bilgi_filizix2 bereketli_toprakx1 hizli_bilekx2 kivilcimx3 agir_darbex1 firtina_bilegix1 bereketli_ogrenimx1 canavar_kesimix1 zincir_hasatx1,108,0,45,77,256,109,135,0,2,0,3,zincir_hasat@R40,0,0,0,0,0,0,0,0,0,0,0.62,501.156,15.867,317,149,1024,0,0,4441,0,0,3,40,40,2755,7,0,2.9167,0,30000,0,12
3,Run50_XPV1,Temel güç XP stresi,bahcivan,standart,102,stres,46,,,597,221,233,30,57,56,217,170,116,71,23,18600,56607,3000,18600,860,3395,1878,594,3413,2204,3131,62546,80,8,114.01,1.28,1,0.819,1.615,9,0.417,3.083,54,8.15,1.07,1.13,1.35,1.28,1.33,73,72,56,58,29,0.21,0.27,1.14,0.71,0.81,30,121,0.381,0.215,3.989,1365,4,192,0,bilgi_filizix2 bereketli_toprakx1 hizli_bilekx2 kivilcimx3 agir_darbex1 firtina_bilegix1 bereketli_ogrenimx1 canavar_kesimix1 zincir_hasatx1,89,0,45,79,264,121,135,0,2,0,3,zincir_hasat@R40,0,0,0,0,0,0,0,0,0,0,0.306,413.333,13.267,286,90,1136,0,0,5987,0,0,3,44,44,3755,7,0,3.0208,0,32000,0,12
3,Run50_XPV1,Temel güç XP stresi,bahcivan,standart,102,stres,47,,,787,299,279,37,56,116,280,206,174,98,29,24183,24183,4800,0,0,4430,2637,858,4903,4071,3699,83392,82,8,114.01,1.28,1,0.696,1.665,9,0.433,3.194,64,8.42,1.01,1.09,1.17,1.19,1.25,77,72,59,45,15,0.02,0.68,0.73,0.89,1.28,30,121,0.44,0.273,3.989,1365,6,198,0,bilgi_filizix2 bereketli_toprakx1 hizli_bilekx3 kivilcimx3 agir_darbex1 firtina_bilegix1 bereketli_ogrenimx1 canavar_kesimix1 zincir_hasatx1,110,0,45,81,272,121,143,0,2,0,3,zincir_hasat@R40,0,0,0,0,0,0,0,0,0,0,0.57,537.4,17.489,360,128,1201,0,0,24379,0,0,3,44,44,3755,7,0,3.0208,0,34000,0,8
3,Run50_XPV1,Temel güç XP stresi,bahcivan,standart,102,stres,48,,,825,291,306,39,64,125,284,228,177,91,45,29496,53679,4800,0,0,5055,2874,954,6158,5045,4653,91386,85,12,126.4,1.28,1,0.696,1.665,9,0.433,3.194,64,8.47,1.05,1.1,1.12,1.21,1.16,82,68,63,60,38,0.22,0.68,0.72,0.89,0.77,30,121,0.421,0.198,3.989,1365,3,201,0,bilgi_filizix2 bereketli_toprakx1 hizli_bilekx3 kivilcimx3 agir_darbex1 firtina_bilegix1 bereketli_ogrenimx1 canavar_kesimix1 zincir_hasatx1,117,0,45,84,284,121,151,0,2,0,3,zincir_hasat@R40,0,0,0,0,0,0,0,0,0,0,0.455,655.467,18.333,387,147,1288,0,0,10765,0,0,3,44,44,4855,7,0,3.125,0,38000,0,8
3,Run50_XPV1,Temel güç XP stresi,bahcivan,standart,102,stres,49,,,806,288,282,56,72,108,285,212,176,105,28,26364,80043,4800,0,0,4600,2646,816,4858,7691,5139,91061,87,8,134.4,1.28,1,0.696,1.665,9,0.433,3.306,64,8.5,1.01,1.09,1.18,1.23,1.27,79,66,58,62,44,0.05,0.18,0.92,0.92,0.93,30,121,0.433,0.256,3.978,1369,4,205,0,bilgi_filizix2 bereketli_toprakx1 hizli_bilekx3 kivilcimx3 agir_darbex1 firtina_bilegix1 bereketli_ogrenimx1 canavar_kesimix1 zincir_hasatx1,115,0,45,86,292,121,163,0,2,0,3,zincir_hasat@R40,0,0,0,0,0,0,0,0,0,0,0.364,585.867,17.911,360,158,1569,0,0,24826,0,0,3,44,44,6155,7,0,3.2292,0,40000,0,12
3,Run50_XPV1,Temel güç XP stresi,bahcivan,standart,102,stres,50,,,686,217,261,50,64,94,230,186,153,98,19,21607,101650,4800,21607,1100,3405,2157,864,4863,9848,6003,78064,89,8,142.4,1.28,1,0.696,1.665,9,0.433,3.306,64,5.97,1.04,1.13,1.1,1.28,1.1,85,61,62,43,60,0.03,0.48,0.24,1.2,0.7,30,121,0.509,0.322,3.978,1369,1,206,0,bilgi_filizix2 bereketli_toprakx1 hizli_bilekx3 kivilcimx3 agir_darbex1 firtina_bilegix1 bereketli_ogrenimx1 canavar_kesimix1 zincir_hasatx1,102,0,45,88,300,121,171,0,2,0,3,zincir_hasat@R40,0,0,0,0,0,0,0,0,0,0,0.521,480.156,15.244,320,149,1536,0,0,21890,0,0,3,44,44,6155,7,0,3.2292,0,42000,0,8
3,Run50_XPV1,Temel güç XP stresi,bahcivan,standart,102,stres,50,KAZANDI
4,Run50_XPV1,Temel güç XP stresi,bahcivan,standart,103,stres,1,,,11,11,0,0,0,0,9,1,1,0,0,22,22,27,0,0,22,4,0,22,4,0,250,1,0,10,1,1,3,0.9,4,0.3,2,13,2.46,2,4,5,,,8,0,0,,,3,9,12,,,2,4,0.452,0,8,23,0,0,2,,4,0.166,45,0,0,0,0,0,0,0,0,,0,0,0,0,0,0,0,0,0,0,0.75,0.489,0.244,0,0,22,0,0,250,0,0,0,0,0,0,0,0,1,0,390,0,0
4,Run50_XPV1,Temel güç XP stresi,bahcivan,standart,103,stres,2,,,13,13,0,0,0,0,11,2,0,0,0,17,39,27,0,0,30,0,0,32,4,0,280,2,3,10,1,1,3,0.9,4,0.3,2,14,2.57,2.18,4,,,,11,0,,,,4.64,10.5,,,,3,5,0.557,0.2,8,28,0,0,1,,3,0,45,1,3,0,0,0,0,0,0,,0,0,0,0,0,0,0,0,0,0,0.6,0.378,0.289,0,0,22,0,0,140,0,0,0,0,0,0,0,0,1,0,410,0,0
4,Run50_XPV1,Temel güç XP stresi,bahcivan,standart,103,stres,3,,,15,15,0,0,0,0,12,3,0,0,0,21,60,27,21,5,36,0,0,43,4,0,330,3,3,11.33,1,1,3,0.9,4,0.3,2,14,2.29,2,1.67,,,,9,0,,,,4,4,,,,3,5,0.483,0,7.506,30,4,4,0,,4,0.06,45,2,6,3,0,0,2,0,3,,0,0,0,0,0,0,0,0,0,0,0.8,0.467,0.333,0,0,26,0,0,60,0,0,3,1,1,0,0,0,1,0,420,0,3
4,Run50_XPV1,Temel güç XP stresi,bahcivan,standart,103,stres,4,,,20,18,0,0,0,2,13,6,1,0,0,41,41,40,0,0,50,4,0,53,8,0,480,4,3,11.33,1,1,2.55,0.9,4,0.3,2,17,2.76,2.09,2.17,3,,,6,0,0,,,4.63,4.25,7.63,,,4,7,0.593,0.143,6.197,51,0,4,1,hizli_bilekx1,4,0.004,45,3,9,6,0,0,2,0,3,,0,0,0,0,0,0,0,0,0,0,0.714,0.911,0.444,2,0,28,0,0,120,0,0,3,1,1,0,0,0,1,0,440,0,3
4,Run50_XPV1,Temel güç XP stresi,bahcivan,standart,103,stres,5,,,27,27,0,0,0,0,21,6,0,0,0,39,80,40,0,0,66,0,0,78,8,0,633,5,3,12,1,1,2.459,0.9,4,0.3,2,18,3.17,1.86,2.5,,,,10,0,,,,3.75,6.56,,,,5,8,0.535,0.375,6.356,57,3,7,1,hizli_bilekx1,6,0,45,4,12,9,0,0,2,0,3,,0,0,0,0,0,0,0,0,0,0,0.625,0.867,0.6,0,0,28,0,0,313,0,0,3,2,1,6,0,0,1.0667,0,470,0,3
4,Run50_XPV1,Temel güç XP stresi,bahcivan,standart,103,stres,6,,,19,19,0,0,0,0,15,3,1,0,0,34,114,40,34,10,42,4,0,43,12,0,454,6,3,12.67,1,1,2.459,0.9,4,0.3,2,18,2.39,1.73,2.67,3,,,25,0,0,,,2.95,10.66,12.27,,,6,9,0.433,0.222,6.436,63,4,11,1,hizli_bilekx1,5,0,45,5,15,9,3,0,2,0,3,,0,0,0,0,0,0,0,0,0,0,0.556,0.756,0.422,0,0,37,0,0,297,0,0,3,2,2,6,0,0,1.0667,0,490,0,3
4,Run50_XPV1,Temel güç XP stresi,bahcivan,standart,103,stres,7,,,28,28,0,0,0,0,22,4,2,0,0,54,54,88,0,0,60,8,0,63,20,0,676,7,3,12.67,1,1,2.09,0.9,4,0.3,2,21,3.19,2,2.5,2.5,,,13,0,0,,,4.56,9.93,7.32,,,7,11,0.619,0.273,6.604,75,0,11,1,hizli_bilekx2,6,0,45,6,18,12,3,0,2,0,3,,0,0,0,0,0,0,0,0,0,0,0.727,1.2,0.622,0,0,37,0,0,483,0,0,3,3,3,6,0,0,1.0667,0,520,0,3
4,Run50_XPV1,Temel güç XP stresi,bahcivan,standart,103,stres,8,,,33,32,0,0,0,1,22,9,2,0,0,69,123,88,0,0,89,8,0,101,28,0,836,9,6,13.33,1,1,2.015,0.9,4,0.3,2,22,3.55,1.82,2.63,3,,,14,0,0,0,,3.66,6.55,9.05,,,8,12,0.59,0.333,6.73,80,3,14,1,hizli_bilekx2,6,0,45,8,24,15,3,0,2,0,3,,0,0,0,0,0,0,0,0,0,0,0.667,1.533,0.733,1,0,37,0,0,239,0,0,3,3,3,6,0,0,1.0667,0,600,0,3
4,Run50_XPV1,Temel güç XP stresi,bahcivan,standart,103,stres,9,,,31,31,0,0,0,0,22,5,3,1,0,97,220,88,0,0,69,12,2,77,40,2,804,10,3,14,1,1,2.015,0.9,4,0.3,2,22,3.55,2,2.2,3,3,,5,0,0,0,,5.59,10.07,7.38,26.2,,9,14,0.671,0.5,6.661,95,3,17,1,hizli_bilekx2,6,0,45,9,27,21,3,0,2,0,3,,0,0,0,0,0,0,0,0,0,0,0.857,2.156,0.689,0,0,37,0,0,443,0,0,3,6,3,6,1,0,1.0667,0,640,0,6
4,Run50_XPV1,Temel güç XP stresi,bahcivan,standart,103,stres,10,,,30,29,0,0,0,1,21,4,4,1,0,103,323,88,103,16,62,16,2,81,26,4,794,11,3,14.67,1,1,1.943,0.9,4,0.3,2,23,3.48,1.75,3.75,3.5,4,,20,0,0,,,3.99,18.93,13.12,11.67,,10,15,0.72,0.4,6.738,100,4,21,1,hizli_bilekx2,7,0,45,10,30,24,3,0,2,0,3,,0,0,0,0,0,0,0,0,0,0,0.667,2.289,0.667,1,0,37,0,0,597,0,0,3,7,4,6,2,0,1.0667,0,700,0,3
4,Run50_XPV1,Temel güç XP stresi,bahcivan,standart,103,stres,11,,,44,41,1,0,0,2,33,10,1,0,0,73,73,90,0,0,116,4,0,120,30,4,1344,13,6,15.64,1,1,1.873,0.9,4,0.3,2,24,3.71,1.73,2.3,2,,,17,0,0,,,3.25,10.12,3.73,,,11,17,0.624,0.353,6.8,112,2,23,1,hizli_bilekx2 bilgi_filizix1,8,0,45,12,36,25,5,0,2,0,3,,0,0,0,0,0,0,0,0,0,0,0.471,1.622,0.978,3,0,40,0,0,491,0,0,3,7,6,6,2,0,1.3333,0,810,0,3
4,Run50_XPV1,Temel güç XP stresi,bahcivan,standart,103,stres,12,,,36,35,0,0,0,1,24,7,4,1,0,115,188,90,0,0,107,16,2,115,46,6,1379,15,6,16.36,1,1,1.873,0.9,4,0.3,2,24,3.96,2.04,2.71,2,5,,17,0,0,0,,6.27,12.84,4.21,15,,13,20,0.715,0.4,6.728,134,4,27,2,hizli_bilekx2 bilgi_filizix1,7,0,45,14,42,25,11,0,2,0,3,,0,0,0,0,0,0,0,0,0,0,0.8,2.556,0.8,1,0,52,0,0,180,0,0,3,7,6,14,2,0,1.4167,0,950,0,6
4,Run50_XPV1,Temel güç XP stresi,bahcivan,standart,103,stres,13,,,44,41,0,0,0,3,34,7,3,0,0,85,273,90,85,24,137,12,0,145,18,6,1661,16,3,17.38,1,1,1.806,0.9,4,0.3,2,24,3.42,1.72,1.83,2.33,,,17,0,0,0,,4.97,5.13,6.61,,,14,22,0.553,0.318,6.705,148,4,31,1,hizli_bilekx2 bilgi_filizix1,9,0,45,15,45,25,17,0,2,0,3,,0,0,0,0,0,0,0,0,0,0,0.591,1.889,0.978,3,0,55,0,0,891,0,0,3,7,7,14,2,0,1.4167,0,1000,0,6
4,Run50_XPV1,Temel güç XP stresi,bahcivan,standart,103,stres,14,,,49,38,3,0,0,8,38,8,2,1,0,112,112,104,0,0,154,8,2,159,26,8,1737,18,6,17.38,1,1.3,1.806,0.9,4,0.3,2,24,4,1.63,2,1,2,,25,0,0,,,4.33,9.93,0,7.23,,16,25,0.713,0.48,6.563,171,1,32,2,hizli_bilekx2 bilgi_filizix1 yikim_gucux1,10,0,45,17,51,25,20,0,2,0,3,,0,0,0,0,0,0,0,0,0,0,0.88,2.489,1.089,11,0,49,0,0,528,0,0,3,7,7,14,2,0,1.4167,0,1200,0,3
4,Run50_XPV1,Temel güç XP stresi,bahcivan,standart,103,stres,15,,,54,48,2,0,0,4,39,10,5,0,0,119,231,104,0,0,177,20,0,183,21,8,2170,20,6,19.2,1,1.3,1.741,0.9,4,0.3,2,25,4,1.5,1.88,2.25,,,23,0,0,0,,3.53,4.35,5.66,,,16,25,0.712,0.52,6.39,176,9,41,0,hizli_bilekx2 bilgi_filizix1 yikim_gucux1,10,0,45,19,57,25,26,0,2,0,3,,0,0,0,0,0,0,0,0,0,0,0.76,2.644,1.2,6,0,61,0,0,198,0,0,3,7,7,36,2,0,1.5833,0,1400,0,6
4,Run50_XPV1,Temel güç XP stresi,bahcivan,standart,103,stres,16,,,51,43,2,0,0,6,37,11,1,2,0,140,371,104,140,33,177,4,4,200,25,12,2147,21,3,20.27,1,1.3,1.619,0.935,4,0.3,2,27,3.96,1.74,2.22,1,4,,19,0,,0,,4.81,8.63,0,31.57,,16,25,0.732,0.48,6.215,181,7,48,0,hizli_bilekx2 bilgi_filizix1 yikim_gucux1,12,0,45,20,60,25,32,0,2,0,3,,0,0,0,0,0,0,0,0,0,0,0.72,3.111,1.133,8,0,64,0,0,945,0,0,3,7,7,50,2,0,1.6667,0,1500,0,6
4,Run50_XPV1,Temel güç XP stresi,bahcivan,standart,103,stres,17,,,60,47,4,0,0,9,49,11,0,0,0,82,82,176,0,0,213,0,0,213,25,12,2528,23,6,20.27,1,1.69,1.561,0.97,4,0.3,2,28,4,1.58,2.33,,,,29,0,0,0,,3.86,11.27,,,,16,25,0.713,0.48,5.77,195,9,57,0,hizli_bilekx2 bilgi_filizix1 yikim_gucux2,13,0,45,22,66,25,35,0,2,0,3,,0,0,0,0,0,0,0,0,0,0,0.72,1.822,1.333,13,0,64,0,0,273,0,0,3,7,7,84,2,0,1.8333,0,1800,0,3
4,Run50_XPV1,Temel güç XP stresi,bahcivan,standart,103,stres,18,,,62,48,4,0,0,10,46,9,4,3,0,203,285,176,0,0,192,20,6,230,45,18,2977,24,3,24.3,1,1.69,1.561,0.97,4,0.3,2,28,4,1.51,1.83,1.67,2.5,,30,0,0,0,,3.37,5.73,6.24,13.28,,16,25,0.711,0.52,5.665,199,2,59,0,hizli_bilekx2 bilgi_filizix1 yikim_gucux2,14,0,45,23,69,25,41,0,2,0,3,,0,0,0,0,0,0,0,0,0,0,0.8,4.511,1.378,14,0,78,0,0,1450,0,0,3,7,7,84,2,0,1.8333,0,1900,0,6
4,Run50_XPV1,Temel güç XP stresi,bahcivan,standart,103,stres,19,,,86,70,2,0,0,14,61,14,9,2,0,253,538,176,0,0,267,45,4,272,60,22,4109,26,6,24.3,1,1.69,1.561,1.005,6,0.3,2,28,5.71,1.61,2.25,2,4.5,,29,6,0,0,,2.54,5.2,5.57,11.72,,16,25,0.607,0.32,5.632,200,4,63,0,hizli_bilekx2 bilgi_filizix1 yikim_gucux2,17,0,45,25,75,25,44,0,2,0,3,,0,0,0,0,0,0,0,0,0,0,0.68,5.622,1.911,16,0,68,0,0,1559,0,0,3,7,7,84,2,0,1.8333,0,2200,0,3
4,Run50_XPV1,Temel güç XP stresi,bahcivan,standart,103,stres,20,,,84,63,13,6,0,2,52,26,6,0,0,190,728,176,190,45,312,36,0,318,36,22,4428,28,6,24.3,1,1.69,1.561,1.075,6,0.3,2,28,5.11,1.54,2,2.17,,,35,17,17,,0,2.02,3.2,4.16,,,17,31,0.489,0.226,5.543,252,6,69,4,hizli_bilekx2 bilgi_filizix1 yikim_gucux2,18,0,45,27,81,31,44,0,2,0,3,,0,0,0,0,0,0,0,0,0,0,0.581,4.222,1.867,21,0,132,0,0,1387,0,0,3,8,8,125,2,0,2,0,2600,0,6
4,Run50_XPV1,Temel güç XP stresi,bahcivan,standart,103,stres,21,,,121,62,33,7,1,18,82,26,9,3,1,440,440,180,0,0,447,54,6,465,90,28,6192,30,6,24.3,1,1.69,1.561,1.075,6,0.3,2,28,5.86,1.35,2,1.4,3,1,44,30,33,0,0,2.14,7.93,2.19,12.47,0,22,44,0.653,0.386,5.624,352,0,69,5,hizli_bilekx2 bilgi_filizix1 yikim_gucux2 kivilcimx1,27,0,45,29,87,37,44,0,2,0,3,,0,0,0,0,0,0,0,0,0,0,0.909,9.778,2.689,59,0,127,0,0,2179,0,0,3,11,11,125,2,0,2,0,3000,0,6
4,Run50_XPV1,Temel güç XP stresi,bahcivan,standart,103,stres,22,,,117,57,35,7,0,18,79,26,8,3,1,427,867,180,0,0,438,48,6,588,68,34,6068,32,6,25.51,1,1.69,1.561,1.075,6,0.3,2,28,5.96,1.33,2,2.2,2,2,40,12,18,0,0,2.39,7.81,12.49,7.03,1.57,25,49,0.701,0.367,5.619,392,3,72,5,hizli_bilekx2 bilgi_filizix1 yikim_gucux2 kivilcimx1,32,0,45,31,93,43,44,0,2,0,3,,0,0,0,0,0,0,0,0,0,0,0.918,9.489,2.6,60,0,127,0,0,2047,0,0,3,12,12,125,2,0,2,0,3400,0,6
4,Run50_XPV1,Temel güç XP stresi,bahcivan,standart,103,stres,23,,,127,63,22,6,4,32,68,27,22,8,2,877,1744,180,877,57,456,132,16,514,175,50,7832,34,6,29.99,1,1.69,1.512,1.075,6,0.3,2,29,6,1.56,1.79,2,3,2,41,7,13,0,0,3.25,5.93,6.42,18.15,12.1,23,49,0.711,0.429,5.551,397,4,76,1,hizli_bilekx2 bilgi_filizix1 yikim_gucux2 kivilcimx1,28,0,45,33,99,49,44,0,2,0,3,,0,0,0,0,0,0,0,0,0,0,0.592,19.489,2.822,64,0,160,0,0,2879,0,0,3,14,14,125,3,0,2,0,3900,0,6
4,Run50_XPV1,Temel güç XP stresi,bahcivan,standart,103,stres,24,,,203,69,60,8,6,60,94,55,40,9,5,1551,1551,220,0,0,657,263,48,716,425,78,12694,37,9,33.24,1,1.69,1.464,1.11,6,0.3,2,30,5.9,1.28,1.43,1.56,1,1,55,22,6,0,33,0.94,1.36,4.03,0,0,21,49,0.593,0.245,5.524,399,4,80,2,hizli_bilekx2 bilgi_filizix1 yikim_gucux2 kivilcimx1 zincir_hasatx1,40,0,45,36,108,49,50,0,2,0,3,zincir_hasat@R23,0,0,0,0,0,0,0,0,0,0,0.429,34.467,4.511,97,37,169,0,0,3173,0,0,3,14,14,125,3,0,2,0,4700,0,6
4,Run50_XPV1,Temel güç XP stresi,bahcivan,standart,103,stres,25,,,187,61,50,18,4,54,82,54,30,16,5,1860,3411,220,0,0,714,226,48,825,396,86,13631,40,9,38.16,1,1.69,1.464,1.11,6,0.3,2,30,5.93,1.28,1.53,1.85,2.5,2,48,8,6,0,0,1.4,2.93,2.81,4.14,5.13,16,49,0.62,0.367,5.107,432,6,86,2,hizli_bilekx2 bilgi_filizix1 yikim_gucux2 kivilcimx1 zincir_hasatx1,38,0,45,39,117,49,59,0,2,0,3,zincir_hasat@R23,0,0,0,0,0,0,0,0,0,0,0.612,41.333,4.156,81,45,210,0,0,1804,0,0,3,14,14,125,3,0,2,0,5600,0,9
4,Run50_XPV1,Temel güç XP stresi,bahcivan,standart,103,stres,26,,,193,48,57,17,2,69,83,46,36,27,1,1948,5359,220,1948,72,525,252,93,545,365,159,14321,42,6,39.82,1,1.69,1.418,1.18,6,0.3,2,31,4,1.5,1.38,1.8,1.25,1,44,28,0,33,,1.89,2.22,5.11,1.24,0,14,49,0.628,0.388,4.972,443,8,94,1,hizli_bilekx2 bilgi_filizix1 yikim_gucux2 kivilcimx1 zincir_hasatx1,35,0,45,41,123,49,68,0,2,0,3,zincir_hasat@R23,0,0,0,0,0,0,0,0,0,0,0.51,43.289,4.289,97,48,176,0,0,4625,0,0,3,14,14,125,3,0,2,0,6300,0,9
4,Run50_XPV1,Temel güç XP stresi,bahcivan,standart,103,stres,27,,,230,56,75,14,7,78,83,68,45,25,9,3137,3137,400,0,0,985,369,99,1050,424,108,18323,45,12,43.38,0.8,1.69,1.418,1.18,6,0.3,2,31,5.9,1.25,1.67,1.91,2.17,2.5,53,14,6,9,0,1.35,2.55,3.35,2.83,10.63,14,54,0.587,0.296,4.85,501,5,99,2,hizli_bilekx2 bilgi_filizix1 yikim_gucux2 kivilcimx1 zincir_hasatx1 bereketli_ogrenimx1,43,0,45,44,135,49,74,0,2,0,3,zincir_hasat@R23,0,0,0,0,0,0,0,0,0,0,0.556,69.711,5.111,97,77,186,0,0,3048,0,0,3,14,14,125,3,0,2,0,7400,0,6
4,Run50_XPV1,Temel güç XP stresi,bahcivan,standart,103,stres,28,,,203,51,45,28,1,78,83,49,45,21,5,2422,5559,400,0,0,644,420,112,699,451,115,15045,47,8,43.38,0.8,1.69,1.373,1.265,6,0.3,2,32,6,1.29,1.73,1.86,2.75,5,42,4,14,0,,2,4.99,2.74,12.02,17.87,22,81,0.709,0.296,5.301,688,7,106,11,hizli_bilekx2 bilgi_filizix1 yikim_gucux2 kivilcimx1 zincir_hasatx1 bereketli_ogrenimx1,50,0,45,46,143,61,74,0,2,0,3,zincir_hasat@R23,0,0,0,0,0,0,0,0,0,0,0.951,53.822,4.511,80,72,162,0,0,2893,0,0,3,16,16,125,3,0,2,0,8200,0,12
4,Run50_XPV1,Temel güç XP stresi,bahcivan,standart,103,stres,29,,,296,62,96,42,11,85,109,72,73,35,7,3745,9304,400,0,0,1050,723,188,1134,984,263,22063,49,8,46.93,0.8,1.69,1.373,1.265,6,0.3,2,32,6,1.35,1.29,1.36,1.8,1,57,8,19,13,0,1.07,1.13,2.26,5.76,0,20,81,0.633,0.346,5.096,715,6,112,2,hizli_bilekx2 bilgi_filizix1 yikim_gucux2 kivilcimx1 zincir_hasatx1 bereketli_ogrenimx1,60,0,45,48,151,69,74,0,2,0,3,zincir_hasat@R23,0,0,0,0,0,0,0,0,0,0,0.654,83.222,6.578,135,99,181,0,0,8156,0,0,3,18,18,125,3,0,2,0,9000,0,8
4,Run50_XPV1,Temel güç XP stresi,bahcivan,standart,103,stres,30,,,246,44,86,38,8,70,104,64,46,29,3,2749,12053,400,2749,100,974,414,133,1188,518,316,17745,51,8,49.54,0.8,1.69,1.33,1.315,6,0.3,2,33,6,1.6,1.88,1.89,2,,25,18,11,0,0,2.13,3.08,4,2.99,,20,81,0.689,0.395,4.941,738,6,118,0,hizli_bilekx2 bilgi_filizix1 yikim_gucux2 kivilcimx1 zincir_hasatx1 bereketli_ogrenimx1,49,0,45,50,159,77,74,0,2,0,3,zincir_hasat@R23,0,0,0,0,0,0,0,0,0,0,0.679,61.089,5.467,100,102,214,0,0,7401,0,0,3,20,20,125,5,0,2,0,10000,0,8
4,Run50_XPV1,Temel güç XP stresi,bahcivan,standart,103,stres,31,,,349,65,109,55,15,105,136,94,72,37,10,4661,4661,720,0,0,1528,823,166,1626,1231,482,25990,54,12,53.29,0.8,1.69,1.288,1.315,6,0.3,2,34,5.97,1.13,1.31,1.38,2.4,1.67,31,13,6,7,0,0.28,1.13,1.78,5.03,2.14,20,81,0.599,0.247,4.883,746,4,122,0,hizli_bilekx2 bilgi_filizix1 yikim_gucux2 kivilcimx2 zincir_hasatx1 bereketli_ogrenimx1,68,0,45,53,171,81,78,0,2,0,3,zincir_hasat@R23,0,0,0,0,0,0,0,0,0,0,0.333,103.578,7.756,142,142,205,0,0,2391,0,0,3,23,23,125,5,0,2,0,12000,0,8
4,Run50_XPV1,Temel güç XP stresi,bahcivan,standart,103,stres,32,,,427,74,156,72,16,109,175,103,88,49,12,6632,11293,720,0,0,1698,1028,345,1834,1059,732,33134,56,8,60.05,0.8,1.69,1.288,1.365,6,0.3,2,34,5.88,1.09,1.06,1.16,1,,64,39,25,50,25,0.31,0.08,0.75,0,,20,81,0.485,0.235,4.883,746,8,130,0,hizli_bilekx2 bilgi_filizix1 yikim_gucux2 kivilcimx2 zincir_hasatx1 bereketli_ogrenimx1,68,0,45,55,179,81,90,0,2,0,3,zincir_hasat@R23,0,0,0,0,0,0,0,0,0,0,0.556,147.378,9.489,217,136,262,0,0,11525,0,0,3,23,23,575,5,0,2.0833,0,13000,0,12
4,Run50_XPV1,Temel güç XP stresi,bahcivan,standart,103,stres,33,,,299,43,111,45,14,86,119,92,52,29,7,4046,15339,720,4046,172,1336,594,205,1570,853,937,22932,58,8,65.98,0.8,1.69,1.288,1.365,6,0.3,2,34,4,1.24,1.25,1.6,1.75,,36,20,8,14,0,0.38,1.18,3.09,4.18,,20,81,0.634,0.358,4.883,746,3,133,0,hizli_bilekx2 bilgi_filizix1 yikim_gucux2 kivilcimx2 zincir_hasatx1 bereketli_ogrenimx1,56,0,45,57,187,81,98,0,2,0,3,zincir_hasat@R23,0,0,0,0,0,0,0,0,0,0,0.765,89.911,6.644,108,148,234,0,0,8457,0,0,3,23,23,575,5,0,2.0833,0,14000,0,8
4,Run50_XPV1,Temel güç XP stresi,bahcivan,standart,103,stres,34,,,522,100,193,69,13,147,210,142,100,51,19,8264,8264,1040,0,0,2348,1228,395,2448,1701,1222,40530,61,12,65.98,0.8,1.69,1.248,1.415,9,0.3,2,36,8.19,1.05,1.15,1.14,1.29,1.25,69,51,43,22,14,0.16,0.41,0.68,1.25,1.57,20,81,0.427,0.173,4.755,767,5,138,0,hizli_bilekx2 bilgi_filizix1 yikim_gucux2 kivilcimx3 zincir_hasatx1 bereketli_ogrenimx1,78,0,45,60,199,81,106,0,2,0,3,zincir_hasat@R23,0,0,0,0,0,0,0,0,0,0,0.272,183.644,11.6,261,161,272,0,0,5987,0,0,3,23,23,575,5,0,2.0833,0,16000,0,8
4,Run50_XPV1,Temel güç XP stresi,bahcivan,standart,103,stres,35,,,489,109,186,73,15,106,201,104,114,54,16,7933,16197,1040,0,0,2000,1292,430,2053,1673,1652,40251,63,8,73.42,0.8,1.69,1.248,1.465,9,0.35,2,36,8.22,1.09,1.12,1.39,1.6,1.4,71,59,42,18,20,0.27,0.35,1.19,1.37,2.5,20,81,0.451,0.247,4.715,773,9,147,0,hizli_bilekx2 bilgi_filizix1 yikim_gucux2 kivilcimx3 zincir_hasatx1 bereketli_ogrenimx1,79,0,45,62,207,81,118,0,2,0,3,zincir_hasat@R23,0,0,0,0,0,0,0,0,0,0,0.358,176.289,10.867,238,142,315,0,0,14238,0,0,3,23,23,1165,5,0,2.1667,0,17000,0,12
4,Run50_XPV1,Temel güç XP stresi,bahcivan,standart,103,stres,36,,,384,86,143,41,13,101,133,124,71,45,11,6372,22569,1040,6372,276,1973,941,267,1976,1074,1794,30965,65,8,83.44,0.8,1.69,1.248,1.465,9,0.35,2,36,6.75,1.07,1.18,1.07,1.27,,75,54,46,47,25,0.09,0.91,0.17,1.02,,20,81,0.317,0.123,4.572,797,5,152,0,hizli_bilekx2 bilgi_filizix1 yikim_gucux2 kivilcimx3 zincir_hasatx1 bereketli_ogrenimx1,63,0.021,45,64,215,81,126,0,2,0,3,zincir_hasat@R23,0,0,0,0,0,0,0,0,0,0,0.16,141.6,8.533,203,95,353,0,0,10203,0,0,3,23,23,1165,5,0,2.1667,0,18000,0,8
4,Run50_XPV1,Temel güç XP stresi,bahcivan,standart,103,stres,37,,,584,131,244,60,20,129,228,143,126,64,23,10550,10550,2240,0,0,2589,1786,467,3335,1850,2261,50283,68,12,83.44,0.8,1.69,0.846,1.465,9,0.35,2,53,7.94,1.13,1.24,1.67,1.53,1,50,52,25,24,50,0.19,0.4,1.73,1.69,0,20,81,0.438,0.185,4.338,840,4,156,0,hizli_bilekx2 bilgi_filizix1 yikim_gucux2 kivilcimx3 zincir_hasatx1 bereketli_ogrenimx1 firtina_bilegix1,80,0,45,67,227,81,134,0,2,0,3,zincir_hasat@R23,0,0,0,0,0,0,0,0,0,0,0.383,234.444,12.978,302,151,353,0,0,3486,0,0,3,23,23,1895,5,0,2.25,0,21000,0,8
4,Run50_XPV1,Temel güç XP stresi,bahcivan,standart,103,stres,38,,,627,151,224,76,31,145,225,182,124,70,26,11582,22132,2240,0,0,3443,1616,640,3448,1696,2761,54095,70,8,94.04,0.8,1.69,0.846,1.465,9,0.35,2,53,7.49,1.07,1.18,1.38,1.43,2.38,69,61,47,39,26,0.1,0.41,1.03,1.45,2.86,20,81,0.406,0.21,4.217,864,6,162,0,hizli_bilekx2 bilgi_filizix1 yikim_gucux2 kivilcimx3 zincir_hasatx1 bereketli_ogrenimx1 firtina_bilegix1,85,0,45,69,235,81,146,0,2,0,3,zincir_hasat@R23,0,0,0,0,0,0,0,0,0,0,0.457,257.378,13.933,294,182,399,0,0,14581,0,0,3,23,23,1895,5,0,2.25,0,22000,0,12
4,Run50_XPV1,Temel güç XP stresi,bahcivan,standart,103,stres,39,,,634,148,219,74,25,168,225,174,139,74,22,11921,34053,2240,0,0,3585,1739,598,4153,2865,3359,56508,73,12,94.04,0.8,1.69,0.819,1.515,9,0.35,2,54,7.81,1.12,1.22,1.25,1.59,2,64,44,41,28,0,0.22,0.46,0.54,2.12,3.82,20,81,0.418,0.21,4.155,877,6,168,0,hizli_bilekx2 bilgi_filizix1 yikim_gucux2 kivilcimx3 zincir_hasatx1 bereketli_ogrenimx1 firtina_bilegix1,95,0,45,72,247,81,154,0,2,0,3,zincir_hasat@R23,0,0,0,0,0,0,0,0,0,0,0.333,264.911,14.089,294,192,399,0,0,2089,0,0,3,23,23,2755,5,0,2.3333,0,25000,0,8
4,Run50_XPV1,Temel güç XP stresi,bahcivan,standart,103,stres,40,,,642,133,247,87,19,156,228,166,154,76,18,11492,45545,2240,11492,500,3304,2106,571,3607,2301,3775,59918,75,8,105.24,0.8,1.69,0.819,1.565,9,0.35,2,54,7.93,1.09,1.12,1.39,1.63,1,58,45,31,22,15,0.17,0.22,1.28,1.38,0,20,81,0.433,0.185,4.029,905,7,175,0,hizli_bilekx2 bilgi_filizix1 yikim_gucux2 kivilcimx3 zincir_hasatx1 bereketli_ogrenimx1 firtina_bilegix1,96,0,45,74,255,81,166,0,2,0,3,zincir_hasat@R23,0,0,0,0,0,0,0,0,0,0,0.383,255.378,14.267,289,220,448,0,0,11007,0,0,3,23,23,2755,5,0,2.3333,0,27000,0,12
4,Run50_XPV1,Temel güç XP stresi,bahcivan,standart,103,stres,41,,,688,138,283,79,25,163,253,187,127,86,35,15075,15075,2700,0,0,3993,2019,828,4390,2030,4453,85531,78,12,109.63,0.8,1.69,0.819,1.565,9,0.367,2.111,54,7.65,1.1,1.3,1.24,1.73,1.33,67,51,43,29,24,0.13,0.67,0.34,1.64,0.55,20,81,0.421,0.16,3.893,936,7,182,0,hizli_bilekx2 bilgi_filizix2 yikim_gucux2 kivilcimx3 zincir_hasatx1 bereketli_ogrenimx1 firtina_bilegix1,106,0,45,77,267,81,172,2,2,0,3,zincir_hasat@R23,0,0,0,0,0,0,0,0,0,0,0.333,335,15.289,349,201,503,0,0,12538,0,0,3,23,23,3755,5,1,3.1115,0.03,30000,0,8
4,Run50_XPV1,Temel güç XP stresi,bahcivan,standart,103,stres,42,,,909,161,425,88,34,201,334,245,185,116,29,17916,32991,2700,0,0,5464,3151,1055,5699,4492,3418,126929,82,16,121.72,0.8,1.69,0.819,1.615,9,0.367,2.111,54,8.63,1.12,1.22,1.28,1.38,1.5,63,51,47,26,10,0.28,0.94,0.76,0.86,2.46,29,121,0.457,0.14,3.922,1388,6,188,16,hizli_bilekx2 bilgi_filizix2 yikim_gucux2 kivilcimx3 zincir_hasatx1 bereketli_ogrenimx1 firtina_bilegix1,147,0.001,45,81,283,81,173,13,2,0,3,zincir_hasat@R23,0,0,0,0,0,0,0,0,0,0,0.521,398.133,20.2,399,349,562,0,0,13467,0,0,3,23,23,3755,5,7,3.7458,0.24,34000,0,12
4,Run50_XPV1,Temel güç XP stresi,bahcivan,standart,103,stres,43,,,732,163,298,92,38,141,239,200,168,96,29,16916,49907,2700,16916,680,4773,2723,915,5002,2845,4138,110287,85,12,131.46,0.8,1.69,0.819,1.665,9,0.433,2.222,54,8.13,1.08,1.16,1.35,1.44,1.43,75,54,49,30,33,0.38,0.59,1.26,1.86,0.82,29,121,0.408,0.207,3.88,1403,12,200,0,hizli_bilekx2 bilgi_filizix2 yikim_gucux2 kivilcimx3 zincir_hasatx1 bereketli_ogrenimx1 firtina_bilegix1,116,0,45,84,295,97,173,13,2,0,3,zincir_hasat@R23,0,0,0,0,0,0,0,0,0,0,0.471,375.911,16.267,322,247,619,0,0,18754,0,0,3,28,28,4855,7,7,3.875,0.24,38000,0,16
4,Run50_XPV1,Temel güç XP stresi,bahcivan,standart,103,stres,44,,,1055,195,461,81,58,260,348,286,237,157,27,22607,22607,3000,0,0,6543,3638,1295,6725,6483,5433,162239,89,16,139.78,0.8,1.69,0.819,2.198,12,0.45,2.222,54,10.7,1.03,1.15,1.36,1.23,1.17,76,52,58,51,71,0.04,0.34,1.09,0.82,0.28,29,121,0.43,0.24,3.817,1426,3,203,0,hizli_bilekx2 bilgi_filizix2 yikim_gucux2 kivilcimx3 zincir_hasatx1 bereketli_ogrenimx1 firtina_bilegix1 genis_savurusx1,154,0,45,88,311,109,173,13,2,0,3,zincir_hasat@R23,0,0,0,0,0,0,0,0,0,0,0.512,502.378,23.444,464,396,672,0,0,22993,0,0,3,30,30,6155,8,7,4.0042,0.24,42000,0,12
4,Run50_XPV1,Temel güç XP stresi,bahcivan,standart,103,stres,45,,,1115,207,474,90,78,266,382,304,242,143,44,25399,48006,3000,0,0,7286,4167,1292,7411,10650,6485,175569,93,16,148.1,0.8,1.69,0.819,2.198,12,0.45,2.333,54,10.5,1.03,1.15,1.17,1.18,1.25,80,76,55,39,20,0.03,0.42,0.61,0.86,0.41,29,121,0.398,0.215,3.817,1426,4,207,0,hizli_bilekx2 bilgi_filizix2 yikim_gucux2 kivilcimx3 zincir_hasatx1 bereketli_ogrenimx1 firtina_bilegix1 genis_savurusx1,161,0,45,92,327,121,177,13,2,0,3,zincir_hasat@R23,0,0,0,0,0,0,0,0,0,0,0.421,564.422,24.778,491,417,751,0,0,21562,0,0,3,36,36,7555,8,7,4.1333,0.24,48000,0,16
4,Run50_XPV1,Temel güç XP stresi,bahcivan,standart,103,stres,46,,,1075,185,516,78,70,226,358,285,249,136,47,25508,73514,3000,25508,860,7022,4024,1438,7133,14674,7923,173551,96,12,156.42,0.8,1.69,0.819,2.198,12,0.45,2.333,54,8.46,1.05,1.04,1.09,1.23,1.33,81,76,54,41,40,0.08,0.09,0.2,0.52,0.82,29,121,0.408,0.223,3.817,1426,3,210,0,hizli_bilekx2 bilgi_filizix2 yikim_gucux2 kivilcimx3 zincir_hasatx1 bereketli_ogrenimx1 firtina_bilegix1 genis_savurusx1,156,0,45,95,339,121,193,13,2,0,3,zincir_hasat@R23,0,0,0,0,0,0,0,0,0,0,0.463,566.844,23.889,412,478,779,0,0,47113,0,0,3,36,36,9055,8,7,4.2625,0.24,52000,0,16
4,Run50_XPV1,Temel güç XP stresi,bahcivan,standart,103,stres,47,,,1245,288,530,76,96,255,418,312,292,169,54,30018,30018,4800,0,0,7373,4779,1899,8206,19453,9532,203437,100,16,164.74,0.8,1.69,0.819,2.901,16,0.45,2.444,54,13.67,1.06,1.11,1.15,1.3,1.29,82,74,67,49,56,0.14,0.21,0.45,0.82,0.47,29,121,0.344,0.174,3.782,1440,3,213,0,hizli_bilekx2 bilgi_filizix2 yikim_gucux2 kivilcimx3 zincir_hasatx1 bereketli_ogrenimx1 firtina_bilegix1 genis_savurusx2,180,0,45,99,355,121,205,13,2,0,3,zincir_hasat@R23,0,0,0,0,0,0,0,0,0,1,0.545,667.067,27.667,549,408,875,0,0,32550,0,0,3,36,36,9055,8,7,4.2625,0.24,58000,0,12
4,Run50_XPV1,Temel güç XP stresi,bahcivan,standart,103,stres,48,,,1256,253,554,69,101,279,438,314,285,178,41,27892,57910,4800,0,0,7187,4607,1760,12993,24060,11292,202164,103,12,164.74,0.8,1.69,0.819,2.901,16,0.45,2.444,54,13.57,1.19,1.01,1.16,1.36,1.2,67,75,54,36,53,0.43,0.02,0.56,0.87,0.38,29,121,0.368,0.174,3.739,1456,1,214,0,hizli_bilekx2 bilgi_filizix2 yikim_gucux2 kivilcimx3 zincir_hasatx1 bereketli_ogrenimx1 firtina_bilegix1 genis_savurusx2,185,0,45,102,367,121,221,13,2,0,3,zincir_hasat@R23,0,0,0,0,0,0,0,0,0,0,0.372,619.822,27.911,560,443,879,0,0,54714,0,0,3,36,36,9055,8,7,4.2625,0.24,63000,0,16
4,Run50_XPV1,Temel güç XP stresi,bahcivan,standart,103,stres,49,,,1219,275,527,85,98,234,404,303,280,174,58,31076,88986,4800,0,0,7637,4987,1772,20630,29047,12734,201334,106,12,164.74,0.8,1.69,0.819,2.901,16,0.45,2.556,54,13.52,1.08,1.06,1.13,1.35,1.27,79,74,54,52,58,0.19,0.11,0.33,1.19,0.67,29,121,0.362,0.223,3.739,1456,1,215,0,hizli_bilekx2 bilgi_filizix2 yikim_gucux2 kivilcimx3 zincir_hasatx1 bereketli_ogrenimx1 firtina_bilegix1 genis_savurusx2,172,0,45,105,379,121,233,13,2,0,3,zincir_hasat@R23,0,0,0,0,0,0,0,0,0,0,0.488,690.578,27.089,563,381,896,0,0,61048,0,0,3,36,36,9055,8,7,4.2625,0.24,69000,0,12
4,Run50_XPV1,Temel güç XP stresi,bahcivan,standart,103,stres,50,,,1220,294,505,75,91,255,391,316,295,172,46,28830,117816,4800,28830,1100,7721,4858,1542,28351,33905,14276,241258,110,16,172.97,0.8,1.69,0.71,2.901,16,0.45,2.556,63,12.98,1.06,1.13,1.21,1.43,1.75,77,68,53,31,26,0.08,0.24,0.34,1.07,3.91,29,121,0.419,0.215,3.553,1532,0,215,0,hizli_bilekx2 bilgi_filizix2 yikim_gucux2 kivilcimx3 zincir_hasatx1 bereketli_ogrenimx1 firtina_bilegix1 genis_savurusx2,167,0,45,109,395,121,234,24,2,0,3,zincir_hasat@R23,0,0,0,0,0,0,0,0,0,0,0.347,640.667,27.111,563,363,939,0,0,17306,0,0,3,36,36,9055,8,13,5.0875,0.48,76000,0,12
4,Run50_XPV1,Temel güç XP stresi,bahcivan,standart,103,stres,50,KAZANDI
5,Run50_XPV1,Temel güç XP stresi,bahcivan,standart,104,stres,1,,,13,13,0,0,0,0,11,2,0,0,0,17,17,27,0,0,30,0,0,30,0,0,280,1,0,10,1,1,3,0.9,4,0.3,2,13,2.23,2.09,2.5,,,,9,0,,,,3.27,4.5,,,,2,4,0.358,0,8,23,0,0,2,,4,0.231,45,0,0,0,0,0,0,0,0,,0,0,0,0,0,0,0,0,0,0,0.75,0.378,0.289,0,0,22,0,0,280,0,0,0,0,0,0,0,0,1,0,390,0,0
5,Run50_XPV1,Temel güç XP stresi,bahcivan,standart,104,stres,2,,,13,13,0,0,0,0,9,2,2,0,0,35,52,27,0,0,26,8,0,31,8,0,320,2,3,10.67,1,1,3,0.9,4,0.3,2,14,2.64,2.44,2,3,,,0,0,0,,,4.33,3,9,,,3,5,0.522,0.2,8,28,1,1,1,,4,0,45,1,3,0,0,0,0,0,0,,0,0,0,0,0,0,0,0,0,0,0.8,0.778,0.289,0,0,24,0,0,210,0,0,0,0,0,0,0,0,1,0,410,0,0
5,Run50_XPV1,Temel güç XP stresi,bahcivan,standart,104,stres,3,,,15,14,1,0,0,0,10,3,1,1,0,59,111,27,59,5,32,4,2,36,12,2,380,3,3,11.33,1,1,3,0.9,4,0.3,2,14,2.79,2.11,1.67,4,3,,0,0,0,0,,3.67,4,18,12,,4,6,0.559,0,8,34,1,2,1,,5,0.044,45,2,6,3,0,0,2,0,3,,0,0,0,0,0,0,0,0,0,0,0.5,1.311,0.333,1,0,26,0,0,180,0,0,3,3,2,0,0,0,1,0,420,0,3
5,Run50_XPV1,Temel güç XP stresi,bahcivan,standart,104,stres,4,,,21,16,5,0,0,0,16,3,2,0,0,45,45,40,0,0,44,8,0,46,20,2,540,4,3,12,1,1,2.892,0.9,4,0.3,2,13,2.77,1.45,1.67,2.5,,,33,0,0,,,1.83,2.9,7.23,,,4,6,0.496,0,6.633,41,5,7,0,bereketli_toprakx1,6,0.166,45,3,9,6,0,0,2,0,3,,0,0,0,0,0,0,0,0,0,0,0.833,1,0.467,5,0,26,0,0,300,0,0,3,5,4,6,1,0,1.0667,0,440,0,3
5,Run50_XPV1,Temel güç XP stresi,bahcivan,standart,104,stres,5,,,27,23,4,0,0,0,25,2,0,0,0,31,76,40,0,0,58,0,0,64,20,2,681,6,6,12,1,1,2.892,0.9,4,0.3,2,15,3.07,1.64,2,,,,43,0,,,,3.02,8.7,,,,5,8,0.513,0,6.633,54,0,7,1,bereketli_toprakx1,6,0.075,45,5,15,9,0,0,2,0,3,,0,0,0,0,0,0,0,0,0,0,0.375,0.689,0.6,4,0,26,0,0,71,0,0,3,5,5,6,2,0,1.0667,0,490,0,3
5,Run50_XPV1,Temel güç XP stresi,bahcivan,standart,104,stres,6,,,18,16,2,0,0,0,15,2,1,0,0,33,109,40,33,10,38,4,0,43,24,2,474,7,3,12,1,1,2.892,0.9,4,0.3,2,15,2.27,1.62,2.5,2,,,9,0,0,,,3.34,10.12,2.9,,,6,9,0.398,0,6.633,61,2,9,1,bereketli_toprakx1,5,0.018,45,6,18,9,6,0,2,0,3,,0,0,0,0,0,0,0,0,0,0,0.444,0.733,0.4,2,0,28,0,0,55,0,0,3,5,5,6,2,0,1.0667,0,520,0,6
5,Run50_XPV1,Temel güç XP stresi,bahcivan,standart,104,stres,7,,,22,17,5,0,0,0,15,4,2,1,0,85,85,88,0,0,46,8,2,49,32,4,833,8,3,12,1,1,2.892,0.9,4,0.3,2,15,3.67,2.09,2.5,3,,,0,0,0,0,,5.52,7.23,23.13,,,7,11,0.702,0.364,6.633,75,0,9,1,bereketli_toprakx1 bilgi_filizix1,6,0,45,7,21,12,6,0,2,0,3,,0,0,0,0,0,0,0,0,0,0,0.727,1.889,0.489,5,0,28,0,0,368,0,0,3,6,5,6,2,0,1.3333,0,560,0,3
5,Run50_XPV1,Temel güç XP stresi,bahcivan,standart,104,stres,8,,,22,16,6,0,0,0,10,11,1,0,0,64,149,88,0,0,64,4,0,66,36,4,877,10,6,12.67,1,1,2.789,0.9,4,0.3,2,16,3.63,2.13,2.63,,,,8,0,,,,6.98,9.75,,,,8,12,0.739,0.333,6.471,83,3,12,1,bereketli_toprakx1 bilgi_filizix1,6,0,45,9,27,15,6,0,2,0,3,,0,0,0,0,0,0,0,0,0,0,0.667,1.422,0.489,6,0,30,0,0,85,0,0,3,7,5,6,2,0,1.3333,0,640,0,3
5,Run50_XPV1,Temel güç XP stresi,bahcivan,standart,104,stres,9,,,30,26,4,0,0,0,22,6,1,1,0,103,252,88,0,0,74,4,2,75,10,6,1098,11,3,14,1,1,2.789,0.9,4,0.3,2,16,3.56,1.68,2.4,4,3,,24,0,0,,,4.11,6.68,22.3,25.1,,8,12,0.671,0.167,6.471,83,5,17,0,bereketli_toprakx1 bilgi_filizix1,8,0,45,10,30,21,6,0,2,0,3,,0,0,0,0,0,0,0,0,0,0,0.167,2.289,0.667,4,0,35,0,0,543,0,0,3,8,5,6,3,0,1.3333,0,700,0,6
5,Run50_XPV1,Temel güç XP stresi,bahcivan,standart,104,stres,10,,,23,19,4,0,0,0,15,7,1,0,0,50,302,88,50,16,65,4,0,72,14,6,840,12,3,14.67,1,1,2.689,0.9,4,0.3,2,16,3.69,1.83,2.33,3,,,7,0,0,0,,4.93,7.17,16.13,,,9,13,0.71,0.154,6.313,93,4,21,1,bereketli_toprakx1 bilgi_filizix1,7,0,45,11,33,24,6,0,2,0,3,,0,0,0,0,0,0,0,0,0,0,0.923,1.111,0.511,4,0,38,0,0,683,0,0,3,10,6,6,3,0,1.3333,0,750,0,3
5,Run50_XPV1,Temel güç XP stresi,bahcivan,standart,104,stres,11,,,35,25,10,0,0,0,24,8,2,1,0,116,116,90,0,0,88,8,2,103,22,8,1592,14,6,15.64,1,1,2.592,0.9,4,0.3,2,17,3.71,1.44,2,2,1,,21,0,0,,,2.59,6.91,12.97,0,,10,14,0.643,0.286,6.313,100,2,23,1,bereketli_toprakx1 bilgi_filizix2,7,0,45,13,39,25,8,0,2,0,3,,0,0,0,0,0,0,0,0,0,0,0.571,2.578,0.778,10,0,40,0,0,715,0,0,3,10,7,6,3,0,1.6667,0,880,0,3
5,Run50_XPV1,Temel güç XP stresi,bahcivan,standart,104,stres,12,,,30,18,11,0,0,1,24,3,3,0,0,84,200,90,0,0,87,12,0,98,34,8,1323,16,6,16.36,1,1,2.592,0.9,4,0.3,2,17,3.71,1.94,,2.5,,,5,0,0,,,3.88,,11.67,,,11,16,0.755,0.438,6.158,117,4,27,1,bereketli_toprakx1 bilgi_filizix2,7,0,45,15,45,25,14,0,2,0,3,,0,0,0,0,0,0,0,0,0,0,0.5,1.867,0.667,12,0,40,0,0,208,0,0,3,10,7,14,3,0,1.7708,0,1000,0,6
5,Run50_XPV1,Temel güç XP stresi,bahcivan,standart,104,stres,13,,,25,20,5,0,0,0,18,6,1,0,0,54,254,90,54,24,84,4,0,88,38,8,1198,17,3,18.13,1,1,2.5,0.9,4,0.3,2,17,3.18,1.4,2.25,3,,,31,0,0,,,4,9.38,5,,,11,16,0.508,0.25,6.158,117,5,32,0,bereketli_toprakx1 bilgi_filizix2,8,0,45,16,48,25,20,0,2,0,3,,0,0,0,0,0,0,0,0,0,0,0.688,1.2,0.556,5,0,42,0,0,406,0,0,3,10,7,24,3,0,1.875,0,1100,0,6
5,Run50_XPV1,Temel güç XP stresi,bahcivan,standart,104,stres,14,,,34,27,7,0,0,0,25,5,4,0,0,89,89,104,0,0,100,16,0,105,54,8,1685,18,3,18.13,1,1,2.5,0.9,4,0.3,2,17,3.94,1.29,1.67,1,,,46,0,0,0,,3.81,5,0,,,12,19,0.749,0.474,6.007,142,1,33,1,bereketli_toprakx1 bilgi_filizix2 kivilcimx1,10,0,45,17,51,25,23,0,2,0,3,,0,0,0,0,0,0,0,0,0,0,1,1.978,0.756,7,0,42,0,0,991,0,0,3,10,8,24,3,0,1.875,0,1200,0,3
5,Run50_XPV1,Temel güç XP stresi,bahcivan,standart,104,stres,15,,,44,33,11,0,0,0,30,11,2,1,0,166,255,104,0,0,145,8,2,150,22,10,2143,20,6,18.13,1,1,2.5,0.9,4,0.3,2,17,3.88,1.25,1.83,1.5,2,,50,0,0,,,0.73,10,3.75,20,,13,20,0.709,0.4,6.007,150,2,35,1,bereketli_toprakx1 bilgi_filizix2 kivilcimx1,12,0,45,19,57,25,26,0,2,0,3,,0,0,0,0,0,0,0,0,0,0,0.9,3.689,0.978,11,0,47,0,0,634,0,0,3,10,8,24,3,0,1.875,0,1400,0,3
5,Run50_XPV1,Temel güç XP stresi,bahcivan,standart,104,stres,16,,,30,20,10,0,0,0,12,13,4,1,0,175,430,104,175,33,114,16,2,116,38,12,1756,21,3,19.2,1,1,2.41,0.9,4,0.3,2,18,4,1.63,2.38,1.75,,,6,0,0,,,6.93,12.35,9.63,,,15,23,0.807,0.522,6.007,172,4,39,2,bereketli_toprakx1 bilgi_filizix2 kivilcimx1,11,0,45,20,60,25,32,0,2,0,3,,0,0,0,0,0,0,0,0,0,0,0.957,3.889,0.667,10,0,47,0,0,990,0,0,3,10,9,36,3,0,1.9792,0,1500,0,6
5,Run50_XPV1,Temel güç XP stresi,bahcivan,standart,104,stres,17,,,45,33,9,3,0,0,29,13,3,0,0,129,129,176,0,0,165,12,0,181,25,12,2332,23,6,19.2,1,1,2.324,0.9,4,0.3,2,19,4,1.4,1.7,2.33,,,24,0,0,,,3.6,13.25,5.42,,,16,24,0.763,0.583,5.86,184,5,44,1,bereketli_toprakx1 bilgi_filizix2 kivilcimx2,10,0,45,22,66,25,35,0,2,0,3,,0,0,0,0,0,0,0,0,0,0,0.667,2.867,1,12,0,57,0,0,122,0,0,3,10,10,36,3,0,1.9792,0,1800,0,3
5,Run50_XPV1,Temel güç XP stresi,bahcivan,standart,104,stres,18,,,42,28,12,1,0,1,27,11,3,1,0,185,314,176,0,0,147,12,2,179,37,14,2392,24,3,20.27,1,1,2.24,0.935,4,0.3,2,20,4,1.4,2.2,2.5,3,,33,0,0,0,,2.8,17.02,19.03,26.9,,17,25,0.8,0.6,5.86,192,5,49,1,bereketli_toprakx1 bilgi_filizix2 kivilcimx2,10,0,45,23,69,25,41,0,2,0,3,,0,0,0,0,0,0,0,0,0,0,0.64,4.111,0.933,14,0,54,0,0,714,0,0,3,10,10,50,3,0,2.0833,0,1900,0,6
5,Run50_XPV1,Temel güç XP stresi,bahcivan,standart,104,stres,19,,,38,26,10,2,0,0,25,7,5,1,0,173,487,176,0,0,117,25,2,120,32,16,2469,25,3,20.27,1,1,2.16,0.97,4,0.3,2,20,4,1.56,1.83,1.67,2,,5,0,0,,0,3.65,9.36,8.64,15.13,,17,25,0.795,0.52,5.44,207,9,58,0,bereketli_toprakx1 bilgi_filizix2 kivilcimx2,12,0,45,24,72,25,44,0,2,0,3,,0,0,0,0,0,0,0,0,0,0,0.92,3.844,0.844,12,0,47,0,0,1283,0,0,3,10,10,84,3,0,2.2917,0,2100,0,3
5,Run50_XPV1,Temel güç XP stresi,bahcivan,standart,104,stres,20,,,34,21,13,0,0,0,19,10,4,0,1,354,841,176,354,45,162,20,0,221,52,16,2389,26,3,20.27,1,1,2.16,0.97,4,0.3,2,20,3.95,1.64,2.29,2,,,5,11,0,,0,4.52,8.64,2.17,,,18,26,0.709,0.462,5.44,215,2,60,1,bereketli_toprakx1 bilgi_filizix2 kivilcimx2,9,0,45,25,75,28,44,0,2,0,3,,0,0,0,0,0,0,0,0,0,0,0.885,7.867,0.756,13,0,60,0,0,1572,0,0,3,12,11,125,3,0,2.5,0,2200,0,3
5,Run50_XPV1,Temel güç XP stresi,bahcivan,standart,104,stres,21,,,35,26,9,0,0,0,21,9,3,1,1,390,390,180,0,0,117,33,2,148,60,18,2491,27,3,23.08,1,1,2.16,0.97,4,0.42,2,20,4,1.47,2.5,2,,2,11,0,0,0,,3.3,10.8,5.4,,6.47,18,31,0.852,0.613,5.44,256,1,61,3,bereketli_toprakx1 bilgi_filizix2 kivilcimx2 kritik_gozx1,10,0,45,26,78,31,44,0,2,0,3,,0,0,0,0,0,0,0,0,0,0,0.839,8.667,0.778,9,0,58,0,0,1863,0,0,3,13,13,125,4,0,2.5,0,2400,0,3
5,Run50_XPV1,Temel güç XP stresi,bahcivan,standart,104,stres,22,,,73,43,22,0,0,8,37,20,13,1,2,875,1265,180,0,0,231,65,20,269,65,38,5466,29,6,24.3,1,1,2.16,1.005,6,0.42,2,20,6,1.38,2.22,2.25,,2.5,35,11,0,,0,2.7,8.4,7.57,,12.97,18,32,0.729,0.5,5.44,265,4,65,2,bereketli_toprakx1 bilgi_filizix2 kivilcimx2 kritik_gozx1,16,0,45,28,84,34,44,0,2,0,3,,0,0,0,0,0,0,0,0,0,0,0.656,19.444,1.622,30,0,71,0,0,2329,0,0,3,15,14,125,4,0,2.5,0,2800,0,3
5,Run50_XPV1,Temel güç XP stresi,bahcivan,standart,104,stres,23,,,54,28,22,0,0,4,40,7,5,0,2,503,1768,180,503,57,252,25,0,301,65,38,3543,31,6,24.3,1,1,2.16,1.005,6,0.42,2,20,6,1.61,3.33,2.5,,,13,0,0,0,0,3.67,10.08,9.73,,,18,36,0.806,0.583,5.368,302,1,66,2,bereketli_toprakx1 bilgi_filizix2 kivilcimx2 kritik_gozx1,14,0,45,30,90,40,44,0,2,0,3,,0,0,0,0,0,0,0,0,0,0,0.833,11.178,1.2,26,0,73,0,0,72,0,0,3,18,16,125,4,0,2.5,0,3200,0,6
5,Run50_XPV1,Temel güç XP stresi,bahcivan,standart,104,stres,24,,,89,53,24,2,0,10,46,28,12,2,1,604,604,220,0,0,351,60,4,357,100,42,6505,32,3,25.51,1,1,2.16,1.373,6,0.42,2,20,6,1.28,1.67,1.2,3,,46,17,0,0,0,1.86,4.92,1.3,10.8,,20,41,0.741,0.585,5.323,347,3,69,3,bereketli_toprakx1 bilgi_filizix2 kivilcimx2 kritik_gozx1 genis_savurusx1,18,0,45,31,93,46,44,0,2,0,3,,0,0,0,0,0,0,0,0,0,0,0.659,13.422,1.978,36,0,75,0,0,3377,0,0,3,21,18,125,5,0,2.5,0,3400,0,6
5,Run50_XPV1,Temel güç XP stresi,bahcivan,standart,104,stres,25,,,88,37,35,5,2,9,43,22,14,8,1,933,1537,220,0,0,261,70,26,388,112,48,6899,34,6,25.51,1,1,2.16,1.373,6,0.42,2,20,6,1.41,1.67,3,2.67,,39,9,0,0,0,1.91,5.94,14.25,15.12,,19,47,0.768,0.447,5.317,398,2,71,4,bereketli_toprakx1 bilgi_filizix2 kivilcimx2 kritik_gozx1 genis_savurusx1,24,0,45,33,99,49,44,0,2,0,3,,0,0,0,0,0,0,0,0,0,0,0.66,20.733,1.956,51,0,75,0,0,3276,0,0,3,21,21,125,6,0,2.5,0,3900,0,3
5,Run50_XPV1,Temel güç XP stresi,bahcivan,standart,104,stres,26,,,80,41,29,2,0,8,35,21,17,7,0,1113,2650,220,1113,72,231,85,14,264,197,42,6705,36,6,29.99,1,1,2.092,1.373,6,0.42,2,21,6,1.07,2.08,2.1,3.25,,54,12,0,0,,1.12,5.05,6.9,12.56,,19,49,0.702,0.551,5.264,419,3,74,2,bereketli_toprakx1 bilgi_filizix2 kivilcimx2 kritik_gozx1 genis_savurusx1,17,0,45,35,105,49,50,0,2,0,3,,0,0,0,0,0,0,0,0,0,0,0.673,24.733,1.778,39,0,88,0,0,1981,0,0,3,21,21,125,6,0,2.5,0,4400,0,6
5,Run50_XPV1,Temel güç XP stresi,bahcivan,standart,104,stres,27,,,88,34,40,4,0,10,39,20,13,12,4,2930,2930,400,0,0,282,122,34,321,131,56,7690,38,8,33.24,0.8,1,2.092,1.373,6,0.42,2,21,6,1.4,1.67,2.33,2,3,32,0,0,0,0,1.39,4.18,7.32,4.18,6.28,17,49,0.802,0.551,5.1,432,3,77,1,bereketli_toprakx1 bilgi_filizix2 kivilcimx2 kritik_gozx1 genis_savurusx1 bereketli_ogrenimx1,21,0,45,37,113,49,56,0,2,0,3,,0,0,0,0,0,0,0,0,0,0,0.592,65.111,1.956,54,0,75,0,0,571,0,0,3,21,21,125,6,0,2.5,0,5000,0,6
5,Run50_XPV1,Temel güç XP stresi,bahcivan,standart,104,stres,28,,,127,53,43,11,7,13,62,29,23,10,3,3433,6363,400,0,0,405,138,52,436,226,88,11164,40,8,33.24,0.8,1,2.026,1.419,9,0.42,2,22,8.95,1.43,2.08,1.5,2,2,41,15,0,0,0,3.08,8.62,3.04,9.33,6.07,16,49,0.699,0.469,5.087,433,4,81,1,bereketli_toprakx1 bilgi_filizix2 kivilcimx2 kritik_gozx1 genis_savurusx1 bereketli_ogrenimx1,27,0,45,39,121,49,64,0,2,0,3,,0,0,0,0,0,0,0,0,0,0,0.796,76.289,2.822,74,0,81,0,0,1435,0,0,3,21,21,125,6,0,2.5,0,5600,0,8
5,Run50_XPV1,Temel güç XP stresi,bahcivan,standart,104,stres,29,,,127,57,37,7,5,21,55,36,25,8,3,2933,9296,400,0,0,471,173,24,532,399,112,11629,42,8,34.76,0.8,1,2.026,1.465,9,0.42,2,22,8.82,1.43,1.88,2.2,2.17,1,29,9,0,0,0,3.91,8.11,5.27,10.81,0,16,49,0.736,0.367,5.048,437,3,84,0,bereketli_toprakx1 bilgi_filizix2 kivilcimx2 kritik_gozx1 genis_savurusx1 bereketli_ogrenimx1,31,0,45,41,129,49,72,0,2,0,3,,0,0,0,0,0,0,0,0,0,0,0.531,65.178,2.822,70,0,84,0,0,1564,0,0,3,21,21,125,6,0,2.5,0,6300,0,8
5,Run50_XPV1,Temel güç XP stresi,bahcivan,standart,104,stres,30,,,113,37,47,5,4,20,62,28,17,5,1,1078,10374,400,1078,100,354,102,27,421,156,39,8737,43,4,39.82,0.8,1,2.026,1.465,9,0.42,2,22,6,1.45,1.57,2.22,,3,16,27,8,0,0,3.75,5.5,9.68,,8.1,16,54,0.75,0.407,5.048,481,6,90,2,bereketli_toprakx1 bilgi_filizix2 kivilcimx2 kritik_gozx1 genis_savurusx1 bereketli_ogrenimx1,22,0,45,42,133,49,80,0,2,0,3,,0,0,0,0,0,0,0,0,0,0,0.63,23.956,2.511,76,0,91,0,0,4001,0,0,3,21,21,125,6,0,2.5,0,6600,0,8
5,Run50_XPV1,Temel güç XP stresi,bahcivan,standart,104,stres,31,,,148,49,69,7,4,19,62,42,29,6,9,3237,3237,720,0,0,534,278,66,570,409,105,13322,45,8,39.82,0.8,1.3,1.962,1.465,9,0.42,2,22,8.95,1.5,1.4,1.82,3,2.8,35,32,24,17,0,4.37,3.14,5.53,7.83,13.35,17,60,0.732,0.383,4.905,550,2,92,2,bereketli_toprakx1 bilgi_filizix2 kivilcimx2 kritik_gozx1 genis_savurusx1 bereketli_ogrenimx1 yikim_gucux1,39,0,45,44,141,53,80,0,2,0,3,,0,0,0,0,0,0,0,0,0,0,0.667,71.933,3.289,99,0,99,0,0,3723,0,0,3,21,21,125,6,0,2.5,0,7400,0,4
5,Run50_XPV1,Temel güç XP stresi,bahcivan,standart,104,stres,32,,,156,51,66,7,7,25,81,28,27,17,3,3846,7083,720,0,0,411,270,51,491,431,66,12960,47,8,39.82,0.8,1.3,1.962,1.558,9,0.42,2,22,8.95,1.58,1.67,2.33,2.17,3,40,10,7,29,0,4.68,6.32,10.69,7.84,11.77,19,70,0.758,0.529,4.652,677,5,97,4,bereketli_toprakx1 bilgi_filizix2 kivilcimx2 kritik_gozx1 genis_savurusx1 bereketli_ogrenimx1 yikim_gucux1,35,0,45,46,149,61,80,0,2,0,3,,0,0,0,0,0,0,0,0,0,0,0.729,85.467,3.467,105,0,96,0,0,1483,0,0,3,25,24,125,7,0,2.5,0,8200,0,8
5,Run50_XPV1,Temel güç XP stresi,bahcivan,standart,104,stres,33,,,149,52,43,13,3,38,73,32,26,14,4,3583,10666,720,3583,172,507,182,68,618,245,114,12774,48,4,43.38,0.8,1.3,1.962,1.558,9,0.42,2,22,8.95,1.6,1.75,2.25,2.4,3,28,7,15,0,0,5.57,4.91,7.12,9.81,15.7,22,77,0.681,0.545,4.589,755,3,100,4,bereketli_toprakx1 bilgi_filizix2 kivilcimx2 kritik_gozx1 genis_savurusx1 bereketli_ogrenimx1 yikim_gucux1,30,0,45,47,153,69,80,0,2,0,3,,0,0,0,0,0,0,0,0,0,0,0.701,79.622,3.311,97,0,105,0,0,6057,0,0,3,28,28,125,7,0,2.5,0,8600,0,8
5,Run50_XPV1,Temel güç XP stresi,bahcivan,standart,104,stres,34,,,183,57,71,9,11,35,86,43,35,16,3,3031,3031,1040,0,0,663,310,64,821,365,113,15666,50,8,43.38,0.8,1.3,1.962,1.604,9,0.42,2,22,9,1.33,1.93,1.36,2,3,36,13,23,13,,1.88,6.59,5.53,6.17,13.73,26,81,0.766,0.568,4.679,779,6,106,4,bereketli_toprakx1 bilgi_filizix2 kivilcimx2 kritik_gozx1 genis_savurusx1 bereketli_ogrenimx1 yikim_gucux1 nadir_tohumx1,37,0,45,49,161,73,80,0,2,0,3,,0,0,0,0,0,0,0,0,0,0,0.778,67.356,4.067,126,0,104,0,0,4123,0,0,3,29,29,125,7,0,2.5,0,9500,0,4
5,Run50_XPV1,Temel güç XP stresi,bahcivan,standart,104,stres,35,,,147,50,50,7,9,31,62,34,30,20,1,3216,6247,1040,0,0,424,240,119,475,375,152,13417,51,4,46.93,0.8,1.3,1.901,1.67,9,0.42,2,23,9,1.48,1.83,2,3,4,34,13,0,0,0,2.58,3.17,5.7,6.08,15.2,26,81,0.812,0.568,4.679,779,6,112,0,bereketli_toprakx1 bilgi_filizix2 kivilcimx2 kritik_gozx1 genis_savurusx1 bereketli_ogrenimx1 yikim_gucux1 nadir_tohumx1,38,0,45,50,165,81,80,0,2,0,3,,0,0,0,0,0,0,0,0,0,0,0.79,71.467,3.267,97,0,113,0,0,8040,0,0,3,31,31,125,8,0,2.5,0,10000,0,8
5,Run50_XPV1,Temel güç XP stresi,bahcivan,standart,104,stres,36,,,90,34,22,8,4,22,35,30,19,6,0,1269,7516,1040,1269,276,350,190,30,370,565,87,7126,52,4,46.93,0.8,1.3,1.901,1.67,9,0.42,2,23,6,1.53,2,2.29,1.33,,13,0,0,0,,3.42,5.07,9.77,1.9,,26,81,0.88,0.778,4.679,779,4,116,0,bereketli_toprakx1 bilgi_filizix2 kivilcimx2 kritik_gozx1 genis_savurusx1 bereketli_ogrenimx1 yikim_gucux1 nadir_tohumx1,20,0,45,51,169,81,84,0,2,0,3,,0,0,0,0,0,0,0,0,0,0,0.926,28.2,2,56,0,109,0,0,5166,0,0,3,31,31,125,8,0,2.5,0,10000,0,4
5,Run50_XPV1,Temel güç XP stresi,bahcivan,standart,104,stres,37,,,200,78,64,12,7,39,85,56,35,18,6,5932,5932,2240,0,0,846,387,150,866,392,237,17639,54,8,49.54,0.8,1.3,1.901,1.67,9,0.42,2,23,9.91,1.28,1.46,1.75,1.78,1.5,38,41,16,11,0,1.44,3.4,4.43,5.91,4.28,26,81,0.748,0.556,4.612,790,2,118,0,bereketli_toprakx1 bilgi_filizix2 kivilcimx2 kritik_gozx1 genis_savurusx1 bereketli_ogrenimx1 yikim_gucux1 nadir_tohumx1 hasat_ritmix1,37,0,45,53,177,81,88,0,2,0,3,hasat_ritmi@R36,0,0,0,0,0,7,7,0,0,0,0.815,131.822,4.444,122,0,197,0,0,1805,0,0,3,31,31,125,8,0,2.5,0,12000,0,4
5,Run50_XPV1,Temel güç XP stresi,bahcivan,standart,104,stres,38,,,162,61,44,14,9,34,76,32,33,15,6,4770,10702,2240,0,0,528,523,117,824,595,119,14188,55,4,49.54,0.8,1.3,1.841,1.736,9,0.42,2,24,9.63,1.64,1.8,1.86,1.8,1,29,17,5,0,0,6.78,7.98,4.08,4.79,0,26,81,0.802,0.58,4.499,810,5,123,0,bereketli_toprakx1 bilgi_filizix2 kivilcimx2 kritik_gozx1 genis_savurusx1 bereketli_ogrenimx1 yikim_gucux1 nadir_tohumx1 hasat_ritmix1,36,0,45,54,181,81,96,0,2,0,3,hasat_ritmi@R36,0,0,0,0,0,5,5,0,0,0,0.802,106,3.6,101,0,194,0,0,3993,0,0,3,31,31,125,8,0,2.5,0,12000,0,8
5,Run50_XPV1,Temel güç XP stresi,bahcivan,standart,104,stres,39,,,197,69,54,16,17,41,76,61,28,24,8,7487,18189,2240,0,0,966,508,120,1100,1103,239,18098,56,4,53.29,0.8,1.3,1.841,1.736,9,0.42,2,24,9.75,1.32,1.64,1.91,2,1,47,23,11,14,0,2.1,5.77,7.53,7.89,0,26,81,0.766,0.543,4.499,810,2,125,0,bereketli_toprakx1 bilgi_filizix2 kivilcimx2 kritik_gozx1 genis_savurusx1 bereketli_ogrenimx1 yikim_gucux1 nadir_tohumx1 hasat_ritmix1,39,0,45,55,185,81,100,0,2,0,3,hasat_ritmi@R36,0,0,0,0,0,7,6,0,0,0,0.827,166.378,4.378,128,0,226,0,0,10091,0,0,3,31,31,125,8,0,2.5,0,13000,0,4
5,Run50_XPV1,Temel güç XP stresi,bahcivan,standart,104,stres,40,,,182,65,66,8,12,31,65,52,41,18,6,5671,23860,2240,5671,500,734,577,152,1174,600,251,16167,58,8,56.1,0.8,1.3,1.783,1.802,9,0.42,2,25,10.64,1.46,1.5,1.38,3,2.25,38,21,38,9,0,1.33,2.04,1.51,10.41,5.35,26,81,0.772,0.543,4.499,810,5,130,0,bereketli_toprakx1 bilgi_filizix2 kivilcimx2 kritik_gozx1 genis_savurusx1 bereketli_ogrenimx1 yikim_gucux1 nadir_tohumx1 hasat_ritmix1,42,0,45,57,193,81,104,0,2,0,3,hasat_ritmi@R36,0,0,0,0,0,5,6,0,0,0,0.852,126.022,4.044,117,0,229,0,0,258,0,0,3,31,31,125,8,0,2.5,0,14000,0,4
5,Run50_XPV1,Temel güç XP stresi,bahcivan,standart,104,stres,41,,,242,82,78,16,13,53,96,61,48,29,8,6157,6157,2700,0,0,1120,705,197,1444,1305,293,23951,59,4,56.1,0.8,1.3,1.783,1.802,9,0.42,2,25,10.6,1.32,1.43,1.63,1.67,2.67,30,33,15,0,0,2.55,2.33,4.35,3.56,11.89,26,81,0.716,0.457,4.483,813,3,133,0,bereketli_toprakx1 bilgi_filizix2 kivilcimx2 kritik_gozx1 genis_savurusx1 bereketli_ogrenimx1 yikim_gucux1 nadir_tohumx1 hasat_ritmix1 zincir_hasatx1,45,0,45,58,197,81,112,0,2,0,3,hasat_ritmi@R36 zincir_hasat@R40,0,0,0,0,0,7,6,0,0,0,0.79,136.822,5.378,118,42,225,0,0,10209,0,0,3,31,31,575,8,0,2.6042,0,14000,0,8
5,Run50_XPV1,Temel güç XP stresi,bahcivan,standart,104,stres,42,,,312,92,118,20,18,64,123,91,54,36,8,8122,14279,2700,0,0,1596,758,216,1675,883,359,30345,61,8,60.05,0.8,1.3,1.783,1.802,9,0.47,2.111,25,11.12,1.15,1.41,1.63,2.08,2.5,61,31,23,8,0,1.6,2.68,6.24,9.33,9.82,26,81,0.64,0.432,4.373,834,8,141,0,bereketli_toprakx1 bilgi_filizix2 kivilcimx2 kritik_gozx1 genis_savurusx1 bereketli_ogrenimx1 yikim_gucux1 nadir_tohumx1 hasat_ritmix1 zincir_hasatx1,50,0,45,60,205,81,116,0,2,0,3,hasat_ritmi@R36 zincir_hasat@R40,0,0,0,0,0,7,8,0,0,0,0.494,180.489,6.933,167,53,248,0,0,11554,0,0,3,31,31,575,8,0,2.6042,0,16000,0,4
5,Run50_XPV1,Temel güç XP stresi,bahcivan,standart,104,stres,43,,,255,72,92,18,20,53,100,67,50,26,12,6764,21043,2700,6764,680,1072,882,252,1097,1765,441,27014,63,8,65.98,0.8,1.3,1.727,1.802,9,0.47,2.111,26,10.35,1.32,1.7,1.73,2,2.63,44,15,30,13,0,3.22,6.22,4.37,3.95,9.95,26,81,0.533,0.235,4.373,834,3,144,0,bereketli_toprakx1 bilgi_filizix2 kivilcimx2 kritik_gozx1 genis_savurusx1 bereketli_ogrenimx1 yikim_gucux1 nadir_tohumx1 hasat_ritmix1 zincir_hasatx1,47,0,45,62,213,81,124,0,2,0,3,hasat_ritmi@R36 zincir_hasat@R40,0,0,0,0,0,6,6,0,0,0,0.469,150.311,5.667,130,53,271,0,0,6568,0,0,3,31,31,575,8,0,2.6042,0,17000,0,8
5,Run50_XPV1,Temel güç XP stresi,bahcivan,standart,104,stres,44,,,336,108,117,16,21,74,129,95,59,41,12,9253,9253,3000,0,0,1532,843,366,1609,848,612,33300,65,8,69.27,0.8,1.3,1.209,1.868,9,0.47,2.222,37,10.19,1.37,1.61,2,2.47,1.25,46,24,21,0,40,1.21,2.26,6.11,6.68,1.52,26,81,0.615,0.346,4.257,856,6,150,0,bereketli_toprakx1 bilgi_filizix2 kivilcimx2 kritik_gozx1 genis_savurusx1 bereketli_ogrenimx1 yikim_gucux1 nadir_tohumx1 hasat_ritmix1 zincir_hasatx1 firtina_bilegix1,66,0,45,64,221,81,132,0,2,0,3,hasat_ritmi@R36 zincir_hasat@R40,0,0,0,0,0,9,9,0,0,0,0.617,205.622,7.467,162,66,319,0,0,4868,0,0,3,31,31,575,8,0,2.6042,0,18000,0,8
5,Run50_XPV1,Temel güç XP stresi,bahcivan,standart,104,stres,45,,,398,128,136,26,23,85,169,107,66,48,8,9570,18823,3000,0,0,1977,927,294,2136,1775,666,40095,67,8,73.42,0.8,1.3,1.209,1.868,9,0.47,2.333,37,10.35,1.25,1.38,1.55,2.17,2.33,53,27,32,4,0,1.27,1.89,4.59,5.84,6.44,26,81,0.54,0.284,4.243,859,4,154,0,bereketli_toprakx1 bilgi_filizix2 kivilcimx2 kritik_gozx1 genis_savurusx1 bereketli_ogrenimx1 yikim_gucux1 nadir_tohumx1 hasat_ritmix1 zincir_hasatx1 firtina_bilegix1,73,0,45,66,229,81,140,0,2,0,3,hasat_ritmi@R36 zincir_hasat@R40,0,0,0,0,0,10,10,0,0,0,0.568,212.667,8.844,198,72,343,0,0,7963,0,0,3,31,31,1165,8,0,2.7083,0,20000,0,8
5,Run50_XPV1,Temel güç XP stresi,bahcivan,standart,104,stres,46,,,319,96,108,20,21,74,132,84,58,35,10,10015,28838,3000,10015,860,1362,966,282,1448,1141,948,31850,68,4,83.44,0.8,1.3,1.209,1.868,9,0.47,2.333,37,7.43,1.11,1.41,1.68,1,1.6,57,27,8,0,0,0.72,2.01,3.9,0,3.63,26,81,0.639,0.333,4.243,859,4,158,0,bereketli_toprakx1 bilgi_filizix2 kivilcimx2 kritik_gozx1 genis_savurusx1 bereketli_ogrenimx1 yikim_gucux1 nadir_tohumx1 hasat_ritmix1 zincir_hasatx1 firtina_bilegix1,72,0,45,67,233,81,148,0,2,0,3,hasat_ritmi@R36 zincir_hasat@R40,0,0,0,0,0,9,9,0,0,0,0.63,222.556,7.089,166,57,407,0,0,19813,0,0,3,31,31,1165,8,0,2.7083,0,21000,0,8
5,Run50_XPV1,Temel güç XP stresi,bahcivan,standart,104,stres,47,,,470,172,162,27,20,89,164,130,105,58,13,14903,14903,4800,0,0,2229,1395,444,2817,2026,1102,50536,71,12,83.44,0.8,1.3,1.171,2.553,12,0.47,2.444,38,13.24,1.25,1.57,1.45,2.14,2.13,69,39,31,16,0,1.36,3.39,2.05,4.9,4.82,26,81,0.49,0.296,4.139,881,4,162,0,bereketli_toprakx1 bilgi_filizix2 kivilcimx2 kritik_gozx1 genis_savurusx2 bereketli_ogrenimx1 yikim_gucux1 nadir_tohumx1 hasat_ritmix1 zincir_hasatx1 firtina_bilegix1,72,0,45,70,245,81,152,0,2,0,3,hasat_ritmi@R36 zincir_hasat@R40,0,0,0,0,0,13,13,0,0,0,0.444,331.178,10.444,238,60,437,0,0,5349,0,0,3,31,31,1165,8,0,2.7083,0,23000,0,4
5,Run50_XPV1,Temel güç XP stresi,bahcivan,standart,104,stres,48,,,483,165,160,33,32,93,202,126,87,50,18,17165,32068,4800,0,0,2634,1326,426,2891,1582,1528,51140,73,8,87.23,0.8,1.3,1.171,2.64,12,0.47,2.444,38,13.55,1.16,1.49,1.71,2.19,2.43,71,35,20,14,10,0.73,2.26,2.55,4.4,5.18,26,81,0.472,0.185,4.023,906,6,168,0,bereketli_toprakx1 bilgi_filizix2 kivilcimx2 kritik_gozx1 genis_savurusx2 bereketli_ogrenimx1 yikim_gucux1 nadir_tohumx1 hasat_ritmix1 zincir_hasatx1 firtina_bilegix1,92,0,45,72,253,81,164,0,2,0,3,hasat_ritmi@R36 zincir_hasat@R40,0,0,0,0,0,12,11,0,0,0,0.593,381.444,10.733,247,71,441,0,0,9489,0,0,3,31,31,1895,8,0,2.8125,0,25000,0,12
5,Run50_XPV1,Temel güç XP stresi,bahcivan,standart,104,stres,49,,,513,196,150,36,34,97,196,133,107,60,17,16028,48096,4800,0,0,2672,1464,504,3113,2476,1702,57848,75,8,94.04,0.8,1.3,1.134,2.64,12,0.47,2.556,39,13.59,1.14,1.31,1.6,1.64,2,69,52,35,8,0,0.47,1.11,2.32,2.22,4.08,26,81,0.467,0.21,3.978,916,4,172,0,bereketli_toprakx1 bilgi_filizix2 kivilcimx2 kritik_gozx1 genis_savurusx2 bereketli_ogrenimx1 yikim_gucux1 nadir_tohumx1 hasat_ritmix1 zincir_hasatx1 firtina_bilegix1,77,0,45,74,261,81,172,0,2,0,3,hasat_ritmi@R36 zincir_hasat@R40,0,0,0,0,0,13,13,0,0,0,0.519,356.178,11.4,264,53,505,0,0,16337,0,0,3,31,31,1895,8,0,2.8125,0,27000,0,8
5,Run50_XPV1,Temel güç XP stresi,bahcivan,standart,104,stres,50,,,471,184,146,25,35,81,199,133,81,47,11,12420,60516,4800,12420,1100,2412,1062,474,2495,1508,2176,52292,77,8,98.13,0.8,1.3,1.134,2.64,12,0.47,2.556,39,14.05,1.26,1.5,1.93,2.1,2.6,50,27,24,6,13,0.71,1.59,4.22,4.53,8.39,26,81,0.519,0.173,3.802,959,6,178,0,bereketli_toprakx1 bilgi_filizix2 kivilcimx2 kritik_gozx1 genis_savurusx2 bereketli_ogrenimx1 yikim_gucux1 nadir_tohumx1 hasat_ritmix1 zincir_hasatx1 firtina_bilegix1,79,0,45,76,269,81,180,0,2,0,3,hasat_ritmi@R36 zincir_hasat@R40,0,0,0,0,0,12,12,0,0,0,0.654,276,10.467,207,80,531,0,0,13629,0,0,3,31,31,2755,8,0,2.9167,0,29000,0,8
5,Run50_XPV1,Temel güç XP stresi,bahcivan,standart,104,stres,50,KAZANDI
6,Run50_XPV1,Temel güç XP stresi,bahcivan,standart,110,stres,1,,,12,12,0,0,0,0,11,1,0,0,0,14,14,27,0,0,26,0,0,26,0,0,250,1,0,10,1,1,3,0.9,4,0.3,2,14,2.07,2.09,3,,,,8,0,0,,,3.27,6,,,,2,4,0.384,0,8,23,0,0,2,,3,0.174,45,0,0,0,0,0,0,0,0,,0,0,0,0,0,0,0,0,0,0,0.75,0.311,0.267,0,0,22,0,0,250,0,0,0,0,0,0,0,0,1,0,390,0,0
6,Run50_XPV1,Temel güç XP stresi,bahcivan,standart,110,stres,2,,,17,17,0,0,0,0,14,2,1,0,0,30,44,27,0,0,36,4,0,37,4,0,380,2,3,10.67,1,1,3,0.9,4,0.3,2,14,2.43,1.86,2.5,2,,,7,0,,,,3.64,4.5,3,,,3,5,0.436,0.2,8,28,1,1,1,,3,0,45,1,3,0,0,0,0,0,0,,0,0,0,0,0,0,0,0,0,0,0.4,0.667,0.378,0,0,24,0,0,240,0,0,0,0,0,0,0,0,1,0,410,0,0
6,Run50_XPV1,Temel güç XP stresi,bahcivan,standart,110,stres,3,,,13,13,0,0,0,0,9,4,0,0,0,21,65,27,21,5,34,0,0,37,4,0,300,3,3,11.33,1,1,3,0.9,4,0.3,2,14,2.5,2,2.75,,,,22,0,0,,,3,13.5,,,,4,6,0.576,0.333,7.107,38,2,3,1,,3,0,45,2,6,3,0,0,2,0,0,,0,0,0,0,0,0,0,0,0,0,0.833,0.467,0.289,0,0,30,0,0,130,0,0,3,1,1,0,0,0,1,0,420,0,3
6,Run50_XPV1,Temel güç XP stresi,bahcivan,standart,110,stres,4,,,18,18,0,0,0,0,12,5,1,0,0,37,37,40,0,0,44,4,0,54,8,0,577,4,3,12,1,1,2.892,0.9,4,0.3,2,15,2.53,1.83,2.4,1,,,27,0,,,,4.1,4.63,0,,,4,6,0.534,0.167,6.933,39,4,7,0,bilgi_filizix1,4,0,45,3,9,6,0,0,2,0,4,,0,0,0,0,0,0,0,0,0,0,0.5,0.822,0.4,0,0,30,0,0,287,0,0,3,3,2,6,1,0,1.3333,0,440,0,3
6,Run50_XPV1,Temel güç XP stresi,bahcivan,standart,110,stres,5,,,18,14,2,0,0,2,14,4,0,0,0,26,63,40,0,0,44,0,0,58,8,0,557,5,3,12,1,1,2.892,0.9,4,0.3,2,15,2.87,2.08,2,,,,7,0,0,,,6.75,2.9,,,,5,8,0.6,0.25,7.108,51,0,7,1,bilgi_filizix1,5,0,45,4,12,9,0,0,2,0,4,,0,0,0,0,0,0,0,0,0,0,0.625,0.578,0.4,4,0,28,0,0,404,0,0,3,5,5,6,1,0,1.3333,0,470,0,3
6,Run50_XPV1,Temel güç XP stresi,bahcivan,standart,110,stres,6,,,17,14,3,0,0,0,10,5,2,0,0,45,108,40,45,10,40,8,0,48,16,0,599,7,6,12,1,1,2.892,0.9,4,0.3,2,15,2.53,2.13,2.2,1,,,0,0,,,,3.97,5.78,0,,,6,9,0.433,0.111,6.946,58,1,8,1,bilgi_filizix1,4,0.035,45,6,18,9,3,0,2,0,4,,0,0,0,0,0,0,0,0,0,0,0.222,1,0.378,3,0,34,0,0,43,0,0,3,5,5,6,1,0,1.3333,0,520,0,3
6,Run50_XPV1,Temel güç XP stresi,bahcivan,standart,110,stres,7,,,19,15,1,0,0,3,14,4,1,0,0,36,36,88,0,0,44,4,0,52,20,0,606,8,3,12,1,1,2.892,0.9,4,0.3,2,15,3.47,2.25,2.67,,,,12,0,0,,,7.48,9.63,,,,7,11,0.728,0.182,6.009,82,0,8,1,bilgi_filizix1 bereketli_toprakx1,7,0,45,7,21,15,3,0,2,0,4,,0,0,0,0,0,0,0,0,0,0,0.909,0.8,0.422,4,0,32,0,0,129,0,0,3,8,6,6,1,0,1.3333,0,560,0,6
6,Run50_XPV1,Temel güç XP stresi,bahcivan,standart,110,stres,8,,,26,19,4,0,0,3,18,6,2,0,0,56,92,88,0,0,60,8,0,65,28,0,851,9,3,13.33,1,1,2.789,0.9,4,0.3,2,16,3.5,2,2,2.5,,,0,0,0,0,,5.15,9.07,8.35,,,7,11,0.7,0.364,5.861,84,5,13,0,bilgi_filizix1 bereketli_toprakx1,5,0,45,8,24,18,3,0,2,0,4,,0,0,0,0,0,0,0,0,0,0,0.636,1.244,0.578,7,0,34,0,0,420,0,0,3,10,6,6,1,0,1.3333,0,600,0,3
6,Run50_XPV1,Temel güç XP stresi,bahcivan,standart,110,stres,9,,,28,23,1,0,0,4,17,8,2,1,0,91,183,88,0,0,74,8,2,78,36,2,974,11,6,13.33,1,1,2.789,0.9,4,0.3,2,16,3.38,1.64,2.29,2,2,,33,0,0,,,4.58,9.56,2.8,11.17,,8,12,0.677,0.333,5.938,91,2,15,1,bilgi_filizix1 bereketli_toprakx1,7,0,45,10,30,21,3,0,2,0,4,,0,0,0,0,0,0,0,0,0,0,0.417,2.022,0.622,5,0,39,0,0,154,0,0,3,13,6,6,1,0,1.3333,0,700,0,3
6,Run50_XPV1,Temel güç XP stresi,bahcivan,standart,110,stres,10,,,21,18,0,0,0,3,14,6,1,0,0,42,225,88,42,16,58,4,0,69,10,2,689,12,3,14,1,1,2.689,0.9,4,0.3,2,16,3.44,2.17,2,3,,,5,0,,,,6.72,3.75,21.53,,,9,13,0.767,0.385,5.738,102,5,20,1,bilgi_filizix1 bereketli_toprakx1,7,0,45,11,33,25,5,0,2,0,4,,0,0,0,0,0,0,0,0,0,0,0.923,0.933,0.467,3,0,37,0,0,143,0,0,3,13,7,6,1,0,1.3333,0,750,0,6
6,Run50_XPV1,Temel güç XP stresi,bahcivan,standart,110,stres,11,,,32,25,4,0,0,3,24,7,0,1,0,75,75,90,0,0,107,0,2,109,10,4,1255,13,3,15.64,1,1,2.592,0.9,4,0.3,2,17,3.53,1.44,2.29,,,,27,0,,0,,2.59,9.62,,,,9,13,0.68,0.308,5.738,102,4,24,0,bilgi_filizix2 bereketli_toprakx1,9,0,45,12,36,25,8,0,2,0,4,,0,0,0,0,0,0,0,0,0,0,0.769,1.667,0.711,7,0,44,0,0,648,0,0,3,13,7,6,1,0,1.6667,0,810,0,3
6,Run50_XPV1,Temel güç XP stresi,bahcivan,standart,110,stres,12,,,35,29,3,0,0,3,25,7,3,0,0,76,151,90,0,0,110,12,0,129,22,4,1495,15,6,16.36,1,1,2.5,0.9,4,0.3,2,17,3.76,1.67,1.71,5,,,32,0,0,,,3.81,6.79,30,,,10,15,0.706,0.4,5.653,119,4,28,1,bilgi_filizix2 bereketli_toprakx1,10,0,45,14,42,25,11,0,2,0,4,,0,0,0,0,0,0,0,0,0,0,0.667,1.689,0.778,6,0,44,0,0,453,0,0,3,13,9,14,1,0,1.7708,0,950,0,3
6,Run50_XPV1,Temel güç XP stresi,bahcivan,standart,110,stres,13,,,37,22,11,0,0,4,28,8,1,0,0,64,215,90,64,24,124,4,0,130,26,4,1617,17,6,17.38,1,1,2.5,0.9,4,0.3,2,17,3.47,1.29,2,2,,,46,0,0,,,1.47,8.13,10,,,12,18,0.529,0.278,5.587,145,3,31,2,bilgi_filizix2 bereketli_toprakx1,10,0,45,16,48,25,17,0,2,0,4,,0,0,0,0,0,0,0,0,0,0,0.5,1.422,0.822,15,0,49,0,0,120,0,0,3,13,10,24,1,0,1.875,0,1100,0,6
6,Run50_XPV1,Temel güç XP stresi,bahcivan,standart,110,stres,14,,,42,35,5,0,0,2,28,10,3,1,0,124,124,104,0,0,134,12,2,134,38,6,1971,18,3,17.38,1,1,2.125,0.9,4,0.3,2,21,4,1.76,2.13,1,4,,20,0,0,0,,5.44,10.36,0,38.23,,15,24,0.794,0.375,5.516,196,0,31,3,bilgi_filizix2 bereketli_toprakx1 hizli_bilekx1,10,0,45,17,51,25,23,0,2,0,4,,0,0,0,0,0,0,0,0,0,0,0.75,2.756,0.933,7,0,46,0,0,991,0,0,3,13,13,24,1,0,1.875,0,1200,0,6
6,Run50_XPV1,Temel güç XP stresi,bahcivan,standart,110,stres,15,,,49,32,11,0,0,6,34,12,3,0,0,106,230,104,0,0,162,12,0,166,50,6,2214,20,6,18.13,1,1,2.125,0.9,4,0.3,2,21,3.95,1.43,1.71,2,,,24,8,0,,,2.4,5.77,14.88,,,16,25,0.754,0.56,5.374,209,3,34,1,bilgi_filizix2 bereketli_toprakx1 hizli_bilekx1,11,0,45,19,57,25,26,0,2,0,4,,0,0,0,0,0,0,0,0,0,0,0.68,2.356,1.089,17,0,51,0,0,705,0,0,3,13,13,24,1,0,1.875,0,1400,0,3
6,Run50_XPV1,Temel güç XP stresi,bahcivan,standart,110,stres,16,,,47,28,10,0,0,9,27,7,12,0,1,287,517,104,287,33,123,48,8,140,73,14,2597,22,6,19.2,1,1,1.975,0.935,4,0.3,2,22,4,1.21,2,1.88,,6,30,0,0,0,0,2.68,7.51,7.15,,33.57,15,25,0.774,0.56,5.084,221,9,43,1,bilgi_filizix2 bereketli_toprakx1 hizli_bilekx1,11,0,45,21,63,25,32,0,2,0,4,,0,0,0,0,0,0,0,0,0,0,0.88,6.378,1.044,19,0,56,0,0,402,0,0,3,13,13,36,1,0,1.9792,0,1700,0,6
6,Run50_XPV1,Temel güç XP stresi,bahcivan,standart,110,stres,17,,,73,35,22,0,0,16,45,20,6,1,1,326,326,176,0,0,255,30,10,275,38,24,3915,24,6,20.27,1,1,1.904,0.935,4,0.3,2,23,4,1.36,1.55,1,1,,36,0,0,0,,2.16,4.33,0,0,,13,25,0.693,0.36,4.866,231,7,50,1,bilgi_filizix2 bereketli_toprakx1 hizli_bilekx1 kivilcimx1,18,0,45,23,69,25,38,0,2,0,4,,0,0,0,0,0,0,0,0,0,0,0.96,7.244,1.622,38,0,53,0,0,817,0,0,3,13,13,50,1,0,2.0833,0,1900,0,6
6,Run50_XPV1,Temel güç XP stresi,bahcivan,standart,110,stres,18,,,73,36,23,0,0,14,41,23,6,2,1,386,712,176,0,0,261,30,12,276,43,36,4243,26,6,24.3,1,1,1.836,0.97,4,0.3,2,24,4,1.18,1.67,1.8,2,,42,11,0,0,,0.76,2.75,4.77,13.77,,13,25,0.727,0.2,4.701,239,7,57,0,bilgi_filizix2 bereketli_toprakx1 hizli_bilekx1 kivilcimx1,17,0,45,25,75,25,44,0,2,0,4,,0,0,0,0,0,0,0,0,0,0,0.96,8.578,1.622,37,0,71,0,0,1060,0,0,3,13,13,66,1,0,2.1875,0,2200,0,6
6,Run50_XPV1,Temel güç XP stresi,bahcivan,standart,110,stres,19,,,125,52,57,0,0,16,69,36,13,7,0,627,1339,176,0,0,423,65,14,456,78,50,7732,29,9,24.3,1,1,1.836,1.005,6,0.3,2,24,5.88,1.39,1.57,1.4,2,,56,14,0,0,,1.66,1.84,0.73,1.85,,13,25,0.599,0.24,4.623,243,5,62,0,bilgi_filizix2 bereketli_toprakx1 hizli_bilekx1 kivilcimx1,23,0,45,28,84,25,50,0,2,0,4,,0,0,0,0,0,0,0,0,0,0,0.48,13.933,2.778,73,0,68,0,0,1592,0,0,3,13,13,84,1,0,2.2917,0,2800,0,6
6,Run50_XPV1,Temel güç XP stresi,bahcivan,standart,110,stres,20,,,110,47,53,0,0,10,59,20,22,8,1,803,2142,176,803,45,342,110,16,363,140,46,7424,32,9,25.51,1,1,1.836,1.005,6,0.3,2,24,5.79,1.25,1.5,1.78,2.33,3,62,21,18,0,,0.53,1.53,3.46,7.34,5.5,14,36,0.562,0.222,4.486,361,3,65,5,bilgi_filizix2 bereketli_toprakx1 hizli_bilekx1 kivilcimx1,22,0,45,31,93,34,50,0,2,0,4,,0,0,0,0,0,0,0,0,0,0,0.5,17.844,2.444,63,0,143,0,0,16,0,0,3,16,16,84,2,0,2.2917,0,3400,0,9
6,Run50_XPV1,Temel güç XP stresi,bahcivan,standart,110,stres,21,,,177,58,78,6,1,34,91,51,24,8,3,1271,1271,180,0,0,669,120,26,681,190,52,11634,35,9,25.51,1,1,1.836,1.04,6,0.3,2,24,6,1.13,1.53,2,1.5,,58,28,13,20,0,0.57,4.53,5.77,3.67,,18,49,0.663,0.306,4.612,478,4,69,6,bilgi_filizix2 bereketli_toprakx1 hizli_bilekx1 kivilcimx2,34,0,45,34,102,43,50,0,2,0,4,,0,0,0,0,0,0,0,0,0,0,0.49,28.244,3.933,119,0,143,0,0,750,0,0,3,20,20,84,2,0,2.2917,0,4100,0,9
6,Run50_XPV1,Temel güç XP stresi,bahcivan,standart,110,stres,22,,,201,72,89,6,1,33,101,48,34,15,3,1615,2886,180,0,0,630,266,46,656,456,98,14140,38,9,33.24,1,1,1.778,1.04,6,0.3,2,25,6,1.1,1.08,1.63,1,1,81,61,19,67,,0.74,0.27,4.67,0,0,18,49,0.621,0.306,4.577,482,6,75,0,bilgi_filizix2 bereketli_toprakx1 hizli_bilekx1 kivilcimx2,35,0,45,37,111,49,53,0,2,0,4,,0,0,0,0,0,0,0,0,0,0,0.531,35.889,4.467,129,0,202,0,0,1690,0,0,3,21,21,104,2,0,2.3958,0,5000,0,9
6,Run50_XPV1,Temel güç XP stresi,bahcivan,standart,110,stres,23,,,160,53,71,2,4,30,75,47,23,12,3,1582,4468,180,1582,57,603,150,50,608,176,148,11899,40,6,34.76,1,1,1.722,1.075,6,0.3,2,26,5.96,1.22,1.5,1.33,2.17,3,55,42,6,0,0,1.28,2.8,0.58,6.32,18.97,18,49,0.724,0.367,4.465,494,8,83,0,bilgi_filizix2 bereketli_toprakx1 hizli_bilekx1 kivilcimx2,34,0,45,39,117,49,62,0,2,0,4,,0,0,0,0,0,0,0,0,0,0,0.49,35.156,3.556,107,0,212,0,0,3289,0,0,3,21,21,125,2,0,2.5,0,5600,0,9
6,Run50_XPV1,Temel güç XP stresi,bahcivan,standart,110,stres,24,,,236,61,117,2,5,51,109,71,35,16,5,2282,2282,220,0,0,948,251,63,1026,294,91,17398,43,9,39.82,1,1,1.722,1.11,6,0.3,2,26,5.92,1.07,1.11,1.38,1.5,1.67,64,41,38,17,,0.25,0.38,1.08,1.73,6.31,18,53,0.595,0.283,4.465,534,7,90,2,bilgi_filizix2 bereketli_toprakx1 hizli_bilekx1 kivilcimx2 zincir_hasatx1,46,0,45,42,126,49,68,0,2,0,4,zincir_hasat@R23,0,0,0,0,0,0,0,0,0,0,0.528,50.711,5.244,124,51,228,0,0,2887,0,0,3,21,21,125,2,0,2.5,0,6600,0,6
6,Run50_XPV1,Temel güç XP stresi,bahcivan,standart,110,stres,25,,,233,62,92,14,6,59,107,65,43,13,5,2378,4660,220,0,0,888,376,54,894,397,55,17384,45,6,39.82,1,1,1.668,1.11,6,0.3,2,26,6,1.25,1.4,1.58,1,1,53,14,22,0,0,0.73,1.45,2.92,0,0,26,81,0.722,0.272,4.421,825,5,95,11,bilgi_filizix2 bereketli_toprakx1 hizli_bilekx1 kivilcimx2 zincir_hasatx1,49,0,45,44,132,58,68,0,2,0,4,zincir_hasat@R23,0,0,0,0,0,0,0,0,0,0,0.63,52.844,5.178,99,72,239,0,0,6671,0,0,3,25,25,125,3,0,2.5,0,7400,0,9
6,Run50_XPV1,Temel güç XP stresi,bahcivan,standart,110,stres,26,,,184,46,82,19,5,32,90,50,27,10,7,2258,6918,220,2258,72,802,223,75,886,240,110,13977,47,6,43.38,1,1,1.616,1.145,6,0.3,2,27,4,1.05,1.31,1.57,1.5,,65,25,0,0,0,0.09,1.92,3.23,2.02,,25,81,0.784,0.58,4.339,840,6,101,1,bilgi_filizix2 bereketli_toprakx1 hizli_bilekx1 kivilcimx2 zincir_hasatx1,49,0,45,46,138,64,68,0,2,0,4,zincir_hasat@R23,0,0,0,0,0,0,0,0,0,0,0.79,50.178,4.089,81,57,207,0,0,5448,0,0,3,25,25,125,4,0,2.5,0,8200,0,6
6,Run50_XPV1,Temel güç XP stresi,bahcivan,standart,110,stres,27,,,265,63,95,32,13,62,110,75,44,28,8,3661,3661,400,0,0,1082,472,154,1083,622,264,21398,50,12,46.93,0.8,1,1.616,1.23,6,0.3,2,27,6,1.26,1.3,1.7,1.88,2,35,8,0,0,0,1.69,1.62,4.04,5.85,5.65,25,81,0.705,0.407,4.339,840,6,107,0,bilgi_filizix2 bereketli_toprakx1 hizli_bilekx1 kivilcimx2 zincir_hasatx1 bereketli_ogrenimx1,60,0,45,49,150,70,68,0,2,0,4,zincir_hasat@R23,0,0,0,0,0,0,0,0,0,0,0.778,81.356,5.889,104,98,202,0,0,1046,0,0,3,29,29,125,5,0,2.5,0,9500,0,6
6,Run50_XPV1,Temel güç XP stresi,bahcivan,standart,110,stres,28,,,321,74,116,47,19,65,139,84,61,32,5,3857,7518,400,0,0,1184,608,166,1197,670,365,26583,52,8,49.54,0.8,1,1.565,1.315,6,0.3,2,28,6,1.15,1.24,1.42,1.4,1,55,38,19,13,,0.43,1.2,3.78,1.57,0,25,81,0.641,0.383,4.291,849,7,114,0,bilgi_filizix2 bereketli_toprakx1 hizli_bilekx1 kivilcimx2 zincir_hasatx1 bereketli_ogrenimx1,65,0,45,51,158,81,69,0,2,0,4,zincir_hasat@R23,0,0,0,0,0,0,0,0,0,0,0.654,85.711,7.133,140,107,228,0,0,8129,0,0,3,32,32,125,8,0,2.5,0,10000,0,12
6,Run50_XPV1,Temel güç XP stresi,bahcivan,standart,110,stres,29,,,330,77,133,31,14,75,144,88,66,20,12,4635,12153,400,0,0,1804,640,112,1911,890,477,27626,55,12,53.29,0.8,1,1.516,1.315,6,0.3,2,29,6,1.08,1.25,1.5,1.25,1.25,70,36,17,0,0,0.47,1.7,4.22,0.38,1.52,25,81,0.647,0.407,4.132,882,5,119,0,bilgi_filizix2 bereketli_toprakx1 hizli_bilekx1 kivilcimx2 zincir_hasatx1 bereketli_ogrenimx1,59,0,45,54,170,81,77,0,2,0,4,zincir_hasat@R23,0,0,0,0,0,0,0,0,0,0,0.667,103,7.333,132,121,202,0,0,2755,0,0,3,32,32,125,8,0,2.5,0,12000,0,8
6,Run50_XPV1,Temel güç XP stresi,bahcivan,standart,110,stres,30,,,269,63,101,33,12,60,105,85,60,16,3,2983,15136,400,2983,100,1132,651,81,1153,821,478,22968,57,8,60.05,0.8,1,1.516,1.365,6,0.3,2,29,6,1.1,1.32,1.42,1.33,2,41,21,5,0,0,0.29,1.51,2.78,5.04,7.58,25,81,0.695,0.407,4.119,885,7,126,0,bilgi_filizix2 bereketli_toprakx1 hizli_bilekx1 kivilcimx2 zincir_hasatx1 bereketli_ogrenimx1,64,0,45,56,178,81,89,0,2,0,4,zincir_hasat@R23,0,0,0,0,0,0,0,0,0,0,0.926,66.289,5.978,111,95,265,0,0,723,0,0,3,32,32,575,8,0,2.6042,0,13000,0,12
6,Run50_XPV1,Temel güç XP stresi,bahcivan,standart,110,stres,31,,,407,101,175,30,17,84,164,107,79,43,14,6845,6845,720,0,0,1940,957,208,2663,1308,686,36517,59,8,60.05,1.28,1,1.516,1.365,6,0.333,2,29,6,1.03,1,1,1,1.2,79,65,33,60,33,0.17,0,0,0,1.82,25,81,0.59,0.321,4.119,885,5,131,0,bilgi_filizix2 bereketli_toprakx1 hizli_bilekx1 kivilcimx2 zincir_hasatx1 bereketli_ogrenimx1 canavar_kesimix1,67,0,45,58,186,81,97,0,2,0,4,zincir_hasat@R23,0,0,0,0,0,0,0,0,0,0,0.506,152.111,9.044,181,125,451,0,0,10240,0,0,3,32,32,575,8,0,2.6042,0,14000,0,8
6,Run50_XPV1,Temel güç XP stresi,bahcivan,standart,110,stres,32,,,482,140,182,30,25,105,222,128,79,39,14,7024,13869,720,0,0,2200,1032,295,2903,1040,886,41198,62,12,65.98,1.28,1,1.468,1.415,9,0.333,2,30,8.8,1.02,1,1.08,1.13,1.43,86,85,55,50,0,0.02,0,0.23,2.38,2.73,25,81,0.493,0.272,4.019,907,7,138,0,bilgi_filizix2 bereketli_toprakx1 hizli_bilekx1 kivilcimx2 zincir_hasatx1 bereketli_ogrenimx1 canavar_kesimix1,74,0,45,61,198,81,105,0,2,0,4,zincir_hasat@R23,0,0,0,0,0,0,0,0,0,0,0.605,156.089,10.711,243,99,461,0,0,6438,0,0,3,32,32,575,8,0,2.6042,0,16000,0,8
6,Run50_XPV1,Temel güç XP stresi,bahcivan,standart,110,stres,33,,,373,143,130,25,16,59,164,90,68,39,12,6331,20200,720,6331,172,1826,848,255,1969,998,1141,35964,64,8,73.42,1.28,1,1.468,1.465,9,0.35,2,30,8.27,1.01,1.08,1,1.31,2,92,86,63,53,0,0.09,0.73,0,2.48,9.3,25,81,0.415,0.198,4.019,907,7,145,0,bilgi_filizix2 bereketli_toprakx1 hizli_bilekx1 kivilcimx2 zincir_hasatx1 bereketli_ogrenimx1 canavar_kesimix1,71,0,45,63,206,81,117,0,2,0,4,zincir_hasat@R23,0,0,0,0,0,0,0,0,0,0,0.481,140.689,8.289,168,62,385,0,0,9402,0,0,3,32,32,1165,8,0,2.7083,0,18000,0,12
6,Run50_XPV1,Temel güç XP stresi,bahcivan,standart,110,stres,34,,,509,142,214,35,27,91,216,145,103,39,6,6251,6251,1040,0,0,2494,1118,230,2863,1246,1261,45781,67,12,79.64,1.28,1,1.468,1.934,9,0.35,2,30,8.53,1,1.02,1,1,2,98,84,70,35,33,0,0.15,0,0,5.9,25,81,0.495,0.235,3.913,931,4,149,0,bilgi_filizix2 bereketli_toprakx1 hizli_bilekx1 kivilcimx2 zincir_hasatx1 bereketli_ogrenimx1 canavar_kesimix1 genis_savurusx1,76,0,45,66,218,81,125,0,2,0,4,zincir_hasat@R23,0,0,0,0,0,0,0,0,0,0,0.58,138.911,11.311,243,124,552,0,0,183,0,0,3,32,32,1165,8,0,2.7083,0,20000,0,8
6,Run50_XPV1,Temel güç XP stresi,bahcivan,standart,110,stres,35,,,519,157,185,34,24,119,224,129,94,56,16,8769,15020,1040,0,0,2438,1228,390,2701,1374,1651,50375,69,8,83.44,1.28,1,1.422,1.934,9,0.35,2,31,8.55,1,1.06,1.04,1.16,1.67,92,72,57,47,25,0,0.24,0.2,0.97,4.27,25,81,0.484,0.272,3.856,945,5,154,0,bilgi_filizix2 bereketli_toprakx1 hizli_bilekx1 kivilcimx2 zincir_hasatx1 bereketli_ogrenimx1 canavar_kesimix1 genis_savurusx1,77,0,45,68,226,81,137,0,2,0,4,zincir_hasat@R23,0,0,0,0,0,0,0,0,0,0,0.63,194.867,11.533,241,121,536,0,0,9558,0,0,3,32,32,1895,8,0,2.8125,0,22000,0,12
6,Run50_XPV1,Temel güç XP stresi,bahcivan,standart,110,stres,36,,,443,117,163,48,22,93,176,129,87,41,10,6882,21902,1040,6882,276,2248,1161,289,2539,1525,1815,42666,71,8,89.96,1.28,1,1.422,1.934,9,0.35,2,31,6,1,1.07,1.08,1,1,90,66,62,50,100,0,0.38,0.77,0,0,25,81,0.588,0.358,3.737,975,5,159,0,bilgi_filizix2 bereketli_toprakx1 hizli_bilekx1 kivilcimx2 zincir_hasatx1 bereketli_ogrenimx1 canavar_kesimix1 genis_savurusx1,70,0,45,70,234,81,145,0,2,0,4,zincir_hasat@R23,0,0,0,0,0,0,0,0,0,0,0.42,152.933,9.844,202,124,689,0,0,8224,0,0,3,32,32,1895,8,0,2.8125,0,23000,0,8
6,Run50_XPV1,Temel güç XP stresi,bahcivan,standart,110,stres,37,,,571,201,196,40,26,108,243,151,106,54,17,9729,9729,2240,0,0,3224,1428,333,3443,1753,2148,58741,73,8,94.04,1.28,1,1.377,2.64,12,0.35,2,32,11.16,1.03,1.06,1.16,1.32,1.13,93,83,69,50,20,0.29,0.3,1.03,1.52,0.52,25,81,0.452,0.21,3.737,975,5,164,0,bilgi_filizix2 bereketli_toprakx1 hizli_bilekx1 kivilcimx2 zincir_hasatx1 bereketli_ogrenimx1 canavar_kesimix1 genis_savurusx2,81,0,45,72,242,81,153,0,2,0,4,zincir_hasat@R23,0,0,0,0,0,0,0,0,0,0,0.494,216.2,12.689,276,94,700,0,0,19965,0,0,3,32,32,2755,8,0,2.9167,0,25000,0,8
6,Run50_XPV1,Temel güç XP stresi,bahcivan,standart,110,stres,38,,,598,193,217,43,32,113,257,153,118,54,16,10804,20533,2240,0,0,3342,1490,484,3495,2103,2492,61620,76,12,94.04,1.28,1,1.377,2.727,12,0.383,2,32,11,1.01,1.1,1.03,1.16,1,95,77,53,53,50,0.06,0.52,0.15,0.65,0,25,81,0.451,0.198,3.62,1007,9,173,0,bilgi_filizix2 bereketli_toprakx1 hizli_bilekx1 kivilcimx2 zincir_hasatx1 bereketli_ogrenimx1 canavar_kesimix1 genis_savurusx2,84,0,45,75,254,81,161,0,2,0,4,zincir_hasat@R23,0,0,0,0,0,0,0,0,0,0,0.395,240.089,13.289,278,127,727,0,0,3585,0,0,3,32,32,2755,8,0,2.9167,0,28000,0,8
6,Run50_XPV1,Temel güç XP stresi,bahcivan,standart,110,stres,39,,,607,201,230,39,29,108,232,153,134,66,22,13082,33615,2240,0,0,3448,1750,600,3643,1823,3092,67960,78,8,105.24,1.28,1,1.377,2.727,12,0.383,2,32,11.44,1,1,1.13,1.11,1.5,99,85,71,58,50,0,0,0.63,0.59,1.79,25,81,0.462,0.247,3.496,1043,4,177,0,bilgi_filizix2 bereketli_toprakx1 hizli_bilekx1 kivilcimx2 zincir_hasatx1 bereketli_ogrenimx1 canavar_kesimix1 genis_savurusx2,89,0,45,77,262,81,173,0,2,0,4,zincir_hasat@R23,0,0,0,0,0,0,0,0,0,0,0.605,290.711,13.489,295,111,822,0,0,14545,0,0,3,32,32,3755,8,0,3.0208,0,30000,0,12
6,Run50_XPV1,Temel güç XP stresi,bahcivan,standart,110,stres,40,,,614,205,248,27,15,119,225,163,130,74,22,14259,47874,2240,14259,500,3605,1976,583,3658,3159,3520,78803,81,12,110.51,1.28,1,1.377,2.901,16,0.383,2,32,13.88,1.04,1.16,1.14,1.38,1.42,88,74,69,54,8,0.18,0.58,0.36,1.64,2.18,25,81,0.488,0.148,3.486,1046,7,184,0,bilgi_filizix2 bereketli_toprakx1 hizli_bilekx1 kivilcimx2 zincir_hasatx1 bereketli_ogrenimx1 canavar_kesimix1 genis_savurusx2,86,0.003,45,80,274,81,177,4,2,0,4,zincir_hasat@R23,0,0,0,0,0,0,0,2,0,0,0.617,316.867,13.644,316,93,849,0,0,348,0,0,3,32,32,3755,8,3,3.4135,0.13,33000,0,8
6,Run50_XPV1,Temel güç XP stresi,bahcivan,standart,110,stres,41,,,782,275,285,48,25,149,325,205,168,60,24,14854,14854,2700,0,0,4895,2504,497,5853,2673,3867,109689,84,12,126.58,1.28,1,1.269,2.901,16,0.383,2.111,35,13.94,1,1.03,1.11,1.14,1.7,100,84,78,81,38,0,0.13,0.29,0.48,2.28,25,81,0.448,0.148,3.104,1174,5,189,0,bilgi_filizix2 bereketli_toprakx1 hizli_bilekx1 kivilcimx3 zincir_hasatx1 bereketli_ogrenimx1 canavar_kesimix1 genis_savurusx2,100,0.001,45,83,286,81,177,16,2,0,4,zincir_hasat@R23,0,0,0,0,0,0,0,3,0,0,0.383,330.089,17.378,370,137,1037,0,0,8037,0,0,3,32,32,3755,8,8,3.8667,0.28,36000,0,12
6,Run50_XPV1,Temel güç XP stresi,bahcivan,standart,110,stres,42,,,1039,323,394,42,29,251,396,266,207,138,32,22826,37680,2700,0,0,5611,3595,1144,5804,3797,2901,176567,88,16,144.17,1.28,1,1.182,2.901,16,0.383,2.111,38,15.03,1,1.11,1.12,1.14,1.13,100,77,81,76,67,0,0.44,0.5,0.73,0.45,27,109,0.447,0.174,2.776,1767,7,196,10,bilgi_filizix2 bereketli_toprakx1 hizli_bilekx1 kivilcimx3 zincir_hasatx1 bereketli_ogrenimx1 canavar_kesimix1 genis_savurusx2,157,0,45,87,302,81,177,28,2,0,4,zincir_hasat@R23,0,0,0,0,0,0,0,4,0,0,0.312,507.244,23.089,501,215,1164,0,0,31604,0,0,3,32,32,4855,8,13,4.4375,0.42,41000,0,12
6,Run50_XPV1,Temel güç XP stresi,bahcivan,standart,110,stres,43,,,964,289,361,49,32,233,372,254,202,104,32,19630,57310,2700,19630,680,5907,3099,986,5951,4996,3692,159572,92,16,158.63,1.28,1,1.182,2.901,16,0.417,2.222,38,14.87,1,1.02,1,1.03,1.08,100,90,88,75,80,0,0.08,0,0.24,0.89,33,121,0.373,0.165,2.74,1988,6,202,6,bilgi_filizix2 bereketli_toprakx1 hizli_bilekx1 kivilcimx3 zincir_hasatx1 bereketli_ogrenimx1 canavar_kesimix1 genis_savurusx2,142,0,45,91,318,97,177,28,2,0,4,zincir_hasat@R23,0,0,0,0,0,0,0,0,0,0,0.43,436.222,21.422,537,138,1119,0,0,19176,0,0,3,35,35,6155,9,13,4.5854,0.42,46000,0,16
6,Run50_XPV1,Temel güç XP stresi,bahcivan,standart,110,stres,44,,,1197,324,472,74,71,256,471,292,271,127,36,25311,25311,3000,0,0,7065,4706,1074,8826,9702,4766,218490,96,16,158.63,1.28,1,1.182,2.901,16,0.45,2.972,38,15.82,1,1.02,1.02,1.08,1.08,100,85,85,82,82,0,0.06,0.06,0.27,0.3,33,121,0.466,0.298,2.668,2041,4,206,0,bilgi_filizix2 bereketli_toprakx1 hizli_bilekx1 kivilcimx3 zincir_hasatx1 bereketli_ogrenimx1 canavar_kesimix1 genis_savurusx2 agir_darbex1,169,0,45,95,334,113,177,28,2,0,4,zincir_hasat@R23,0,0,0,0,0,0,0,0,0,0,0.421,562.467,26.6,588,285,1694,0,0,43666,0,0,3,36,36,7555,9,13,4.7333,0.42,52000,0,16
6,Run50_XPV1,Temel güç XP stresi,bahcivan,standart,110,stres,45,,,1234,334,520,64,59,257,472,293,280,143,46,29030,54341,3000,0,0,7315,4831,1286,8841,14533,5812,231929,100,16,167.54,1.28,1,1.182,2.901,16,0.45,3.083,38,15.82,1,1,1.01,1.07,1.07,100,91,86,71,95,0,0,0.14,0.24,0.25,33,121,0.469,0.281,2.613,2084,4,210,0,bilgi_filizix2 bereketli_toprakx1 hizli_bilekx1 kivilcimx3 zincir_hasatx1 bereketli_ogrenimx1 canavar_kesimix1 genis_savurusx2 agir_darbex1,183,0,45,99,350,121,185,28,2,0,4,zincir_hasat@R23,0,0,0,0,0,0,0,2,0,0,0.372,645.111,27.422,589,311,1970,0,0,57595,0,0,3,38,38,9055,9,13,4.8812,0.42,58000,0,16
6,Run50_XPV1,Temel güç XP stresi,bahcivan,standart,110,stres,46,,,1169,299,469,73,70,258,447,326,220,131,45,26180,80521,3000,26180,860,8329,3657,1164,8470,18190,6976,221318,104,16,176.45,1.28,1,1.182,2.901,16,0.45,3.083,38,15.21,1.01,1.07,1.05,1.09,1.33,93,84,76,61,67,0.01,0.16,0.12,0.32,1.57,33,121,0.486,0.289,2.574,2116,3,213,0,bilgi_filizix2 bereketli_toprakx1 hizli_bilekx1 kivilcimx3 zincir_hasatx1 bereketli_ogrenimx1 canavar_kesimix1 genis_savurusx2 agir_darbex1,174,0,45,103,366,121,201,28,2,0,4,zincir_hasat@R23,0,0,0,0,0,0,0,8,0,0,0.496,581.778,25.978,588,282,2119,0,0,35913,0,0,3,38,38,9055,9,13,4.8812,0.42,65000,0,16
6,Run50_XPV1,Temel güç XP stresi,bahcivan,standart,110,stres,47,,,1253,347,478,59,78,291,439,354,281,140,39,27589,27589,4800,0,0,7913,4625,1126,16383,22815,7812,239054,108,16,176.45,1.28,1,1.182,2.901,16,0.45,3.194,38,15.61,1,1.01,1,1,1,100,87,88,88,75,0,0.04,0,0,0,33,121,0.491,0.289,2.501,2177,1,214,0,bilgi_filizix2 bereketli_toprakx1 hizli_bilekx1 kivilcimx3 zincir_hasatx1 bereketli_ogrenimx1 canavar_kesimix1 genis_savurusx2 agir_darbex1 altin_hedefx1,180,0,45,107,382,121,217,28,2,0,4,zincir_hasat@R23,0,0,0,0,0,0,0,7,0,0,0.372,613.089,27.844,592,314,2613,0,0,3967,0,0,3,38,38,9055,9,13,4.8812,0.42,72000,0,16
6,Run50_XPV1,Temel güç XP stresi,bahcivan,standart,110,stres,48,,,1301,338,524,66,88,285,476,355,279,147,44,29005,56594,4800,0,0,7864,4371,1526,24247,27186,9338,259382,111,12,176.45,1.28,1,1.182,2.901,16,0.45,3.194,38,15.53,1,1.02,1.01,1.02,1.06,99,89,89,88,80,0,0.08,0.11,0.08,0.22,33,121,0.497,0.314,2.443,2228,0,214,0,bilgi_filizix2 bereketli_toprakx1 hizli_bilekx1 kivilcimx3 zincir_hasatx1 bereketli_ogrenimx1 canavar_kesimix1 genis_savurusx2 agir_darbex1 altin_hedefx1,195,0,45,110,394,121,231,30,2,0,4,zincir_hasat@R23,0,0,0,0,0,0,0,4,0,0,0.388,644.556,28.911,591,372,2601,0,0,41349,0,0,3,38,38,9055,9,15,5.1562,0.5,78000,0,16
6,Run50_XPV1,Temel güç XP stresi,bahcivan,standart,110,stres,49,,,1301,356,521,59,81,284,433,350,289,178,51,32960,89554,4800,0,0,7418,4784,1794,31665,31970,10802,308127,115,16,194.53,1.28,1,1.134,2.901,16,0.45,3.306,39,15.38,1,1,1.01,1,1.06,100,89,94,84,55,0,0,0.13,0,0.2,33,121,0.504,0.298,2.326,2341,1,215,0,bilgi_filizix2 bereketli_toprakx1 hizli_bilekx1 kivilcimx3 zincir_hasatx1 bereketli_ogrenimx1 canavar_kesimix1 genis_savurusx2 agir_darbex1 altin_hedefx1,188,0,45,114,410,121,234,39,2,0,4,zincir_hasat@R23,0,0,0,0,0,0,0,11,0,0,0.545,732.444,28.911,592,353,3490,0,0,25476,0,0,3,38,38,9055,9,20,5.8781,0.71,86000,0,12
6,Run50_XPV1,Temel güç XP stresi,bahcivan,standart,110,stres,50,,,1105,402,424,51,77,151,391,298,228,151,37,26090,115644,4800,26090,1100,7313,3927,1586,38978,35897,12388,333417,119,16,204.26,1.28,1,0.924,2.901,16,0.45,3.306,48,13.96,1,1.04,1.01,1.02,1.06,100,88,90,88,75,0,0.1,0.04,0.03,0.23,33,121,0.457,0.223,2.129,2557,0,215,0,bilgi_filizix2 bereketli_toprakx1 hizli_bilekx1 kivilcimx3 zincir_hasatx1 bereketli_ogrenimx1 canavar_kesimix1 genis_savurusx2 agir_darbex1 altin_hedefx1,155,0,45,118,426,121,234,55,2,0,4,zincir_hasat@R23,0,0,0,0,0,0,0,3,0,0,0.339,579.778,24.556,527,176,3874,0,0,2893,0,0,3,38,38,9055,9,28,7.0125,1.04,94000,0,16
6,Run50_XPV1,Temel güç XP stresi,bahcivan,standart,110,stres,50,KAZANDI
