run,policy,farmer,scythe,seed,label,round,node,level,cost,currency,category
1,Hasar-alan,bahcivan,standart,100,son,1,Keskin Başlangıç - 1,1,5,Gold,Damage
1,Hasar-alan,bahcivan,standart,100,son,2,Keskin Başlangıç - 1,2,7,Gold,Damage
1,Hasar-alan,bahcivan,standart,100,son,2,Keskin Başlangıç - 1,3,8,Gold,Damage
1,Hasar-alan,bahcivan,standart,100,son,3,Keskin Başlangıç - 2,1,10,Gold,Damage
1,Hasar-alan,bahcivan,standart,100,son,3,Altın Hasat I - 1,1,7,Gold,Economy
1,Hasar-alan,bahcivan,standart,100,son,3,Keskin Başlangıç - 2,2,11,Gold,Damage
1,Hasar-alan,bahcivan,standart,100,son,3,Düzenli Üretim - 1,1,6,Gold,Production
1,Hasar-alan,bahcivan,standart,100,son,4,Hızlı Eller - 1,1,7,Gold,Speed
1,Hasar-alan,bahcivan,standart,100,son,5,Hasat Deneyimi I - 1,1,6,Gold,Xp
1,Hasar-alan,bahcivan,standart,100,son,6,Grid Genişleme I,1,30,Gold,Grid
1,Hasar-alan,bahcivan,standart,100,son,6,Altın Hasat I - 1,2,9,Gold,Economy
1,Hasar-alan,bahcivan,standart,100,son,6,Keskin Başlangıç - 3,1,13,Gold,Damage
1,Hasar-alan,bahcivan,standart,100,son,7,Hızlı Eller - 1,2,9,Gold,Speed
1,Hasar-alan,bahcivan,standart,100,son,9,Altın Hasat I - 1,3,11,Gold,Economy
1,Hasar-alan,bahcivan,standart,100,son,9,Keskin Başlangıç - 3,2,14,Gold,Damage
1,Hasar-alan,bahcivan,standart,100,son,9,1×3 Saksı,1,30,Gold,PlanterUnlock
1,Hasar-alan,bahcivan,standart,100,son,10,Kesim Tekniği - 1,1,25,Gold,Damage
1,Hasar-alan,bahcivan,standart,100,son,10,Hasat Deneyimi I - 1,2,8,Gold,Xp
1,Hasar-alan,bahcivan,standart,100,son,10,Hızlı Eller - 1,3,11,Gold,Speed
1,Hasar-alan,bahcivan,standart,100,son,10,Geniş Süpürüş - 1,1,21,Gold,Area
1,Hasar-alan,bahcivan,standart,100,son,10,Düzenli Üretim - 1,2,8,Gold,Production
1,Hasar-alan,bahcivan,standart,100,son,10,Keskin Başlangıç - 4,1,16,Gold,Damage
1,Hasar-alan,bahcivan,standart,100,son,10,Altın Hasat I - 2,1,13,Gold,Economy
1,Hasar-alan,bahcivan,standart,100,son,11,Geniş Süpürüş - 1,2,28,Gold,Area
1,Hasar-alan,bahcivan,standart,100,son,11,Kesim Tekniği - 1,2,35,Gold,Damage
1,Hasar-alan,bahcivan,standart,100,son,11,Keskin Başlangıç - 4,2,17,Gold,Damage
1,Hasar-alan,bahcivan,standart,100,son,11,Hızlı Eller - 2,1,12,Gold,Speed
1,Hasar-alan,bahcivan,standart,100,son,11,Hasat Deneyimi I - 1,3,10,Gold,Xp
1,Hasar-alan,bahcivan,standart,100,son,11,Grid Genişleme I,2,30,Iron,Grid
1,Hasar-alan,bahcivan,standart,100,son,12,Altın Hasat I - 2,2,16,Gold,Economy
1,Hasar-alan,bahcivan,standart,100,son,12,Düzenli Üretim - 1,3,10,Gold,Production
1,Hasar-alan,bahcivan,standart,100,son,12,Geniş Süpürüş - 1,3,35,Gold,Area
1,Hasar-alan,bahcivan,standart,100,son,12,Hızlı Eller - 2,2,14,Gold,Speed
1,Hasar-alan,bahcivan,standart,100,son,12,Tornado Kartları,1,30,Iron,BehaviorUnlock
1,Hasar-alan,bahcivan,standart,100,son,14,Kesim Tekniği - 1,3,40,Gold,Damage
1,Hasar-alan,bahcivan,standart,100,son,14,Altın Hasat I - 3,1,18,Gold,Economy
1,Hasar-alan,bahcivan,standart,100,son,14,Hasat Deneyimi I - 2,1,12,Gold,Xp
1,Hasar-alan,bahcivan,standart,100,son,14,2×2 Saksı,1,80,Gold,PlanterUnlock
1,Hasar-alan,bahcivan,standart,100,son,14,Düzenli Üretim - 2,1,12,Gold,Production
1,Hasar-alan,bahcivan,standart,100,son,14,Hızlı Eller - 3,1,16,Gold,Speed
1,Hasar-alan,bahcivan,standart,100,son,14,Altın Hasat I - 3,2,20,Gold,Economy
1,Hasar-alan,bahcivan,standart,100,son,14,Çifte Hasat Kartları,1,25,Iron,Economy
1,Hasar-alan,bahcivan,standart,100,son,15,Geniş Süpürüş - 2,1,40,Gold,Area
1,Hasar-alan,bahcivan,standart,100,son,15,Kesim Tekniği - 2,1,50,Gold,Damage
1,Hasar-alan,bahcivan,standart,100,son,15,Hasat Deneyimi I - 2,2,14,Gold,Xp
1,Hasar-alan,bahcivan,standart,100,son,15,Demir Hasat - 1,1,25,Gold,Economy
1,Hasar-alan,bahcivan,standart,100,son,15,Hızlı Eller - 3,2,18,Gold,Speed
1,Hasar-alan,bahcivan,standart,100,son,15,Düzenli Üretim - 2,2,13,Gold,Production
1,Hasar-alan,bahcivan,standart,100,son,15,Altın Hasat I - 4,1,22,Gold,Economy
1,Hasar-alan,bahcivan,standart,100,son,15,Geniş Süpürüş - 2,2,45,Gold,Area
1,Hasar-alan,bahcivan,standart,100,son,15,Güçlü Kesim - 1,1,120,Gold,Damage
1,Hasar-alan,bahcivan,standart,100,son,15,Kesim Tekniği - 2,2,55,Gold,Damage
1,Hasar-alan,bahcivan,standart,100,son,15,Hasat Deneyimi I - 3,1,16,Gold,Xp
1,Hasar-alan,bahcivan,standart,100,son,15,Hızlı Eller - 4,1,20,Gold,Speed
1,Hasar-alan,bahcivan,standart,100,son,15,Altın Hasat I - 4,2,24,Gold,Economy
1,Hasar-alan,bahcivan,standart,100,son,15,Demir Hasat - 1,2,35,Gold,Economy
1,Hasar-alan,bahcivan,standart,100,son,15,Düzenli Üretim - 3,1,15,Gold,Production
1,Hasar-alan,bahcivan,standart,100,son,15,Geniş Süpürüş - 3,1,55,Gold,Area
1,Hasar-alan,bahcivan,standart,100,son,15,Hasat Deneyimi I - 3,2,18,Gold,Xp
1,Hasar-alan,bahcivan,standart,100,son,15,Kesim Tekniği - 3,1,65,Gold,Damage
1,Hasar-alan,bahcivan,standart,100,son,15,Hızlı Eller - 4,2,22,Gold,Speed
1,Hasar-alan,bahcivan,standart,100,son,16,Güçlü Kesim - 1,2,160,Gold,Damage
1,Hasar-alan,bahcivan,standart,100,son,16,2×3 Saksı,1,200,Gold,PlanterUnlock
1,Hasar-alan,bahcivan,standart,100,son,16,Düzenli Üretim - 3,2,17,Gold,Production
1,Hasar-alan,bahcivan,standart,100,son,16,Hasat Deneyimi I - 4,1,20,Gold,Xp
1,Hasar-alan,bahcivan,standart,100,son,16,Demir Hasat - 1,3,40,Gold,Economy
1,Hasar-alan,bahcivan,standart,100,son,16,Geniş Süpürüş - 3,2,60,Gold,Area
1,Hasar-alan,bahcivan,standart,100,son,16,Kesim Tekniği - 3,2,70,Gold,Damage
1,Hasar-alan,bahcivan,standart,100,son,16,Güçlü Kesim - 1,3,195,Gold,Damage
1,Hasar-alan,bahcivan,standart,100,son,16,Hasat Deneyimi I - 4,2,21,Gold,Xp
1,Hasar-alan,bahcivan,standart,100,son,16,Düzenli Üretim - 4,1,19,Gold,Production
1,Hasar-alan,bahcivan,standart,100,son,16,Düzenli Üretim - 4,2,21,Gold,Production
1,Hasar-alan,bahcivan,standart,100,son,16,Taş Hasat - 1,1,35,Iron,Economy
1,Hasar-alan,bahcivan,standart,100,son,16,Bumerang Orak Kartları,1,40,Iron,BehaviorUnlock
1,Hasar-alan,bahcivan,standart,100,son,17,Akıcı Kesim - 1,1,160,Gold,Speed
1,Hasar-alan,bahcivan,standart,100,son,17,Geniş Tarama - 1,1,160,Gold,Area
1,Hasar-alan,bahcivan,standart,100,son,17,Kritik Odak - 1,1,150,Gold,Crit
1,Hasar-alan,bahcivan,standart,100,son,17,Geniş Süpürüş - 4,1,65,Gold,Area
1,Hasar-alan,bahcivan,standart,100,son,17,Kesim Tekniği - 4,1,80,Gold,Damage
1,Hasar-alan,bahcivan,standart,100,son,17,Demir Hasat - 2,1,50,Gold,Economy
1,Hasar-alan,bahcivan,standart,100,son,17,Hasat Rekoru - 1,1,180,Gold,Score
1,Hasar-alan,bahcivan,standart,100,son,17,Demir Hasat - 2,2,55,Gold,Economy
1,Hasar-alan,bahcivan,standart,100,son,17,Taş Hasat - 1,2,45,Iron,Economy
1,Hasar-alan,bahcivan,standart,100,son,17,Kesim Ustalığı - 1,1,560,Iron,Damage
1,Hasar-alan,bahcivan,standart,100,son,18,Güçlü Kesim - 2,1,230,Gold,Damage
1,Hasar-alan,bahcivan,standart,100,son,18,Geniş Süpürüş - 4,2,70,Gold,Area
1,Hasar-alan,bahcivan,standart,100,son,18,Geniş Tarama - 1,2,210,Gold,Area
1,Hasar-alan,bahcivan,standart,100,son,18,Kesim Tekniği - 4,2,85,Gold,Damage
1,Hasar-alan,bahcivan,standart,100,son,18,İlk Vazgeçiş,1,150,Gold,Cards
1,Hasar-alan,bahcivan,standart,100,son,18,Grid Genişleme II,1,100,Stone,Grid
1,Hasar-alan,bahcivan,standart,100,son,18,Verimli Üretim - 1,1,200,Iron,Production
1,Hasar-alan,bahcivan,standart,100,son,19,Akıcı Kesim - 1,2,210,Gold,Speed
1,Hasar-alan,bahcivan,standart,100,son,19,Kritik Odak - 1,2,195,Gold,Crit
1,Hasar-alan,bahcivan,standart,100,son,19,Güçlü Kesim - 2,2,270,Gold,Damage
1,Hasar-alan,bahcivan,standart,100,son,19,Taş Hasat - 1,3,55,Iron,Economy
1,Hasar-alan,bahcivan,standart,100,son,19,Nadir Filizler - 1,1,230,Iron,Rarity
1,Hasar-alan,bahcivan,standart,100,son,20,Altın Hasat II - 1,1,180,Gold,Economy
1,Hasar-alan,bahcivan,standart,100,son,20,Geniş Tarama - 1,3,260,Gold,Area
1,Hasar-alan,bahcivan,standart,100,son,20,Hasat Rekoru - 1,2,240,Gold,Score
1,Hasar-alan,bahcivan,standart,100,son,20,Akıcı Kesim - 1,3,260,Gold,Speed
1,Hasar-alan,bahcivan,standart,100,son,20,Kritik Odak - 1,3,240,Gold,Crit
1,Hasar-alan,bahcivan,standart,100,son,20,Demir Hasat - 3,1,65,Gold,Economy
1,Hasar-alan,bahcivan,standart,100,son,20,Demir Hasat - 3,2,70,Gold,Economy
1,Hasar-alan,bahcivan,standart,100,son,20,Kesim Ustalığı - 1,2,720,Iron,Damage
1,Hasar-alan,bahcivan,standart,100,son,21,Güçlü Kesim - 3,1,300,Gold,Damage
1,Hasar-alan,bahcivan,standart,100,son,21,Altın Hasat II - 1,2,240,Gold,Economy
1,Hasar-alan,bahcivan,standart,100,son,21,Geniş Tarama - 2,1,310,Gold,Area
1,Hasar-alan,bahcivan,standart,100,son,21,Akıcı Kesim - 2,1,310,Gold,Speed
1,Hasar-alan,bahcivan,standart,100,son,21,Verimli Üretim - 1,2,260,Iron,Production
1,Hasar-alan,bahcivan,standart,100,son,21,Taş Hasat - 2,1,65,Iron,Economy
1,Hasar-alan,bahcivan,standart,100,son,22,Kritik Odak - 2,1,290,Gold,Crit
1,Hasar-alan,bahcivan,standart,100,son,22,Hasat Rekoru - 1,3,290,Gold,Score
1,Hasar-alan,bahcivan,standart,100,son,22,Güçlü Kesim - 3,2,340,Gold,Damage
1,Hasar-alan,bahcivan,standart,100,son,22,Altın Hasat II - 1,3,290,Gold,Economy
1,Hasar-alan,bahcivan,standart,100,son,22,Geniş Tarama - 2,2,360,Gold,Area
1,Hasar-alan,bahcivan,standart,100,son,22,Akıcı Kesim - 2,2,360,Gold,Speed
1,Hasar-alan,bahcivan,standart,100,son,22,Nadir Filizler - 1,2,300,Iron,Rarity
1,Hasar-alan,bahcivan,standart,100,son,22,Kesim Ustalığı - 1,3,890,Iron,Damage
1,Hasar-alan,bahcivan,standart,100,son,23,Kritik Odak - 2,2,330,Gold,Crit
1,Hasar-alan,bahcivan,standart,100,son,23,Hasat Deneyimi II - 1,1,450,Gold,Xp
1,Hasar-alan,bahcivan,standart,100,son,23,Demir Hasat - 4,1,80,Gold,Economy
1,Hasar-alan,bahcivan,standart,100,son,23,Güçlü Kesim - 4,1,380,Gold,Damage
1,Hasar-alan,bahcivan,standart,100,son,23,Taş Hasat - 2,2,80,Iron,Economy
1,Hasar-alan,bahcivan,standart,100,son,23,Verimli Üretim - 1,3,320,Iron,Production
1,Hasar-alan,bahcivan,standart,100,son,24,Altın Hasat II - 2,1,350,Gold,Economy
1,Hasar-alan,bahcivan,standart,100,son,24,Ağır Kesim - 1,1,1200,Gold,Damage
1,Hasar-alan,bahcivan,standart,100,son,24,Geniş Tarama - 3,1,400,Gold,Area
1,Hasar-alan,bahcivan,standart,100,son,24,Hasat Rekoru - 2,1,350,Gold,Score
1,Hasar-alan,bahcivan,standart,100,son,24,Akıcı Kesim - 3,1,400,Gold,Speed
1,Hasar-alan,bahcivan,standart,100,son,24,Kritik Odak - 3,1,380,Gold,Crit
1,Hasar-alan,bahcivan,standart,100,son,24,Demir Hasat - 4,2,85,Gold,Economy
1,Hasar-alan,bahcivan,standart,100,son,24,Zengin Cevher - 1,1,50,Stone,Economy
1,Hasar-alan,bahcivan,standart,100,son,25,Hasat Deneyimi II - 1,2,590,Gold,Xp
1,Hasar-alan,bahcivan,standart,100,son,25,Altın Hasat II - 2,2,400,Gold,Economy
1,Hasar-alan,bahcivan,standart,100,son,25,Geniş Tarama - 3,2,450,Gold,Area
1,Hasar-alan,bahcivan,standart,100,son,25,Güçlü Kesim - 4,2,410,Gold,Damage
1,Hasar-alan,bahcivan,standart,100,son,25,Kesim Ustalığı - 2,1,1100,Iron,Damage
1,Hasar-alan,bahcivan,standart,100,son,25,Nadir Filizler - 1,3,360,Iron,Rarity
1,Hasar-alan,bahcivan,standart,100,son,25,Taş Hasat - 3,1,90,Iron,Economy
1,Hasar-alan,bahcivan,standart,100,son,25,Akıcı Kesim - 3,2,450,Gold,Speed
1,Hasar-alan,bahcivan,standart,100,son,25,Kritik Odak - 3,2,420,Gold,Crit
1,Hasar-alan,bahcivan,standart,100,son,25,Verimli Üretim - 2,1,380,Iron,Production
1,Hasar-alan,bahcivan,standart,100,son,26,Ağır Kesim - 1,2,1600,Gold,Damage
1,Hasar-alan,bahcivan,standart,100,son,26,Hasat Deneyimi II - 1,3,730,Gold,Xp
1,Hasar-alan,bahcivan,standart,100,son,26,Hasat Rekoru - 2,2,400,Gold,Score
1,Hasar-alan,bahcivan,standart,100,son,26,Kritik Güç - 1,1,150,Stone,Crit
1,Hasar-alan,bahcivan,standart,100,son,26,İkinci Vazgeçiş,1,800,Iron,Cards
1,Hasar-alan,bahcivan,standart,100,son,27,Altın Hasat II - 3,1,450,Gold,Economy
1,Hasar-alan,bahcivan,standart,100,son,27,Geniş Tarama - 4,1,500,Gold,Area
1,Hasar-alan,bahcivan,standart,100,son,27,Zengin Cevher - 1,2,65,Stone,Economy
1,Hasar-alan,bahcivan,standart,100,son,27,Ağır Kesim - 1,3,1900,Gold,Damage
1,Hasar-alan,bahcivan,standart,100,son,27,Taş Hasat - 3,2,100,Iron,Economy
1,Hasar-alan,bahcivan,standart,100,son,27,Akıcı Kesim - 4,1,500,Gold,Speed
1,Hasar-alan,bahcivan,standart,100,son,27,Kritik Odak - 4,1,470,Gold,Crit
1,Hasar-alan,bahcivan,standart,100,son,27,Kesim Ustalığı - 2,2,1200,Iron,Damage
1,Hasar-alan,bahcivan,standart,100,son,27,Verimli Üretim - 2,2,440,Iron,Production
1,Hasar-alan,bahcivan,standart,100,son,28,Nadir Filizler - 2,1,430,Iron,Rarity
1,Hasar-alan,bahcivan,standart,100,son,28,Hasat Deneyimi II - 2,1,860,Gold,Xp
1,Hasar-alan,bahcivan,standart,100,son,28,Altın Hasat II - 3,2,510,Gold,Economy
1,Hasar-alan,bahcivan,standart,100,son,28,Geniş Tarama - 4,2,550,Gold,Area
1,Hasar-alan,bahcivan,standart,100,son,28,Kritik Güç - 1,2,195,Stone,Crit
1,Hasar-alan,bahcivan,standart,100,son,29,Zengin Cevher - 1,3,80,Stone,Economy
1,Hasar-alan,bahcivan,standart,100,son,29,Hasat Rekoru - 3,1,450,Gold,Score
1,Hasar-alan,bahcivan,standart,100,son,29,Ağır Kesim - 2,1,2300,Gold,Damage
1,Hasar-alan,bahcivan,standart,100,son,29,Taş Hasat - 4,1,110,Iron,Economy
1,Hasar-alan,bahcivan,standart,100,son,29,Akıcı Kesim - 4,2,550,Gold,Speed
1,Hasar-alan,bahcivan,standart,100,son,29,Kart Sezgisi - 1,1,710,Gold,Cards
1,Hasar-alan,bahcivan,standart,100,son,29,Kritik Odak - 4,2,520,Gold,Crit
1,Hasar-alan,bahcivan,standart,100,son,30,Verimli Üretim - 3,1,510,Iron,Production
1,Hasar-alan,bahcivan,standart,100,son,30,Hasat Deneyimi II - 2,2,1000,Gold,Xp
1,Hasar-alan,bahcivan,standart,100,son,30,Kesim Ustalığı - 3,1,1400,Iron,Damage
1,Hasar-alan,bahcivan,standart,100,son,30,Altın Hasat II - 4,1,560,Gold,Economy
1,Hasar-alan,bahcivan,standart,100,son,30,Kritik Güç - 1,3,240,Stone,Crit
1,Hasar-alan,bahcivan,standart,100,son,30,Nadir Filizler - 2,2,500,Iron,Rarity
1,Hasar-alan,bahcivan,standart,100,son,31,Zengin Cevher - 2,1,95,Stone,Economy
1,Hasar-alan,bahcivan,standart,100,son,31,Ağır Kesim - 2,2,2700,Gold,Damage
1,Hasar-alan,bahcivan,standart,100,son,31,Taş Hasat - 4,2,120,Iron,Economy
1,Hasar-alan,bahcivan,standart,100,son,32,Kart Sezgisi - 1,2,920,Gold,Cards
1,Hasar-alan,bahcivan,standart,100,son,32,Verimli Üretim - 3,2,570,Iron,Production
1,Hasar-alan,bahcivan,standart,100,son,32,Hasat Deneyimi II - 3,1,1100,Gold,Xp
1,Hasar-alan,bahcivan,standart,100,son,32,Hasat Rekoru - 3,2,510,Gold,Score
1,Hasar-alan,bahcivan,standart,100,son,32,Altın Hasat II - 4,2,620,Gold,Economy
1,Hasar-alan,bahcivan,standart,100,son,32,Kesim Ustalığı - 3,2,1600,Iron,Damage
1,Hasar-alan,bahcivan,standart,100,son,32,Kritik Güç - 2,1,290,Stone,Crit
1,Hasar-alan,bahcivan,standart,100,son,33,Zengin Cevher - 2,2,110,Stone,Economy
1,Hasar-alan,bahcivan,standart,100,son,33,Nadir Filizler - 3,1,570,Iron,Rarity
1,Hasar-alan,bahcivan,standart,100,son,34,Ağır Kesim - 3,1,3000,Gold,Damage
1,Hasar-alan,bahcivan,standart,100,son,34,Hasat Deneyimi II - 3,2,1300,Gold,Xp
1,Hasar-alan,bahcivan,standart,100,son,34,Verimli Üretim - 4,1,630,Iron,Production
1,Hasar-alan,bahcivan,standart,100,son,34,Kart Sezgisi - 1,3,1100,Gold,Cards
1,Hasar-alan,bahcivan,standart,100,son,34,Kritik Güç - 2,2,330,Stone,Crit
1,Hasar-alan,bahcivan,standart,100,son,35,Kesim Ustalığı - 4,1,1700,Iron,Damage
1,Hasar-alan,bahcivan,standart,100,son,35,Zengin Cevher - 3,1,125,Stone,Economy
1,Hasar-alan,bahcivan,standart,100,son,35,Hasat Rekoru - 4,1,560,Gold,Score
1,Hasar-alan,bahcivan,standart,100,son,36,Ağır Kesim - 3,2,3400,Gold,Damage
1,Hasar-alan,bahcivan,standart,100,son,36,Nadir Filizler - 3,2,640,Iron,Rarity
1,Hasar-alan,bahcivan,standart,100,son,36,Hasat Deneyimi II - 4,1,1400,Gold,Xp
1,Hasar-alan,bahcivan,standart,100,son,36,Kritik Güç - 3,1,380,Stone,Crit
1,Hasar-alan,bahcivan,standart,100,son,36,Verimli Üretim - 4,2,690,Iron,Production
1,Hasar-alan,bahcivan,standart,100,son,37,Kart Sezgisi - 2,1,1300,Gold,Cards
1,Hasar-alan,bahcivan,standart,100,son,37,Zengin Cevher - 3,2,140,Stone,Economy
1,Hasar-alan,bahcivan,standart,100,son,37,Kesim Ustalığı - 4,2,1900,Iron,Damage
1,Hasar-alan,bahcivan,standart,100,son,38,Ağır Kesim - 4,1,3800,Gold,Damage
1,Hasar-alan,bahcivan,standart,100,son,38,Hasat Deneyimi II - 4,2,1500,Gold,Xp
1,Hasar-alan,bahcivan,standart,100,son,38,Hasat Rekoru - 4,2,620,Gold,Score
1,Hasar-alan,bahcivan,standart,100,son,38,Kritik Güç - 3,2,420,Stone,Crit
1,Hasar-alan,bahcivan,standart,100,son,39,Nadir Filizler - 4,1,700,Iron,Rarity
1,Hasar-alan,bahcivan,standart,100,son,39,Zengin Cevher - 4,1,155,Stone,Economy
1,Hasar-alan,bahcivan,standart,100,son,39,Kart Sezgisi - 2,2,1600,Gold,Cards
1,Hasar-alan,bahcivan,standart,100,son,40,Ağır Kesim - 4,2,4100,Gold,Damage
1,Hasar-alan,bahcivan,standart,100,son,40,Kritik Güç - 4,1,470,Stone,Crit
1,Hasar-alan,bahcivan,standart,100,son,41,Grid Genişleme II,2,1800,Stone,Grid
1,Hasar-alan,bahcivan,standart,100,son,41,Nadir Filizler - 4,2,770,Iron,Rarity
1,Hasar-alan,bahcivan,standart,100,son,41,Zengin Cevher - 4,2,170,Stone,Economy
1,Hasar-alan,bahcivan,standart,100,son,42,Kart Sezgisi - 3,1,1800,Gold,Cards
1,Hasar-alan,bahcivan,standart,100,son,42,Kritik Güç - 4,2,520,Stone,Crit
1,Hasar-alan,bahcivan,standart,100,son,44,Kart Sezgisi - 3,2,2000,Gold,Cards
1,Hasar-alan,bahcivan,standart,100,son,47,Kart Sezgisi - 4,1,2200,Gold,Cards
1,Hasar-alan,bahcivan,standart,100,son,49,Kart Sezgisi - 4,2,2400,Gold,Cards
2,Hasar-alan,bahcivan,standart,101,son,1,Keskin Başlangıç - 1,1,5,Gold,Damage
2,Hasar-alan,bahcivan,standart,101,son,2,Keskin Başlangıç - 1,2,7,Gold,Damage
2,Hasar-alan,bahcivan,standart,101,son,2,Keskin Başlangıç - 1,3,8,Gold,Damage
2,Hasar-alan,bahcivan,standart,101,son,4,Keskin Başlangıç - 2,1,10,Gold,Damage
2,Hasar-alan,bahcivan,standart,101,son,5,Altın Hasat I - 1,1,7,Gold,Economy
2,Hasar-alan,bahcivan,standart,101,son,5,Keskin Başlangıç - 2,2,11,Gold,Damage
2,Hasar-alan,bahcivan,standart,101,son,5,Grid Genişleme I,1,30,Gold,Grid
2,Hasar-alan,bahcivan,standart,101,son,5,Hızlı Eller - 1,1,7,Gold,Speed
2,Hasar-alan,bahcivan,standart,101,son,6,Altın Hasat I - 1,2,9,Gold,Economy
2,Hasar-alan,bahcivan,standart,101,son,6,Keskin Başlangıç - 3,1,13,Gold,Damage
2,Hasar-alan,bahcivan,standart,101,son,6,Düzenli Üretim - 1,1,6,Gold,Production
2,Hasar-alan,bahcivan,standart,101,son,6,Hasat Deneyimi I - 1,1,6,Gold,Xp
2,Hasar-alan,bahcivan,standart,101,son,7,Hızlı Eller - 1,2,9,Gold,Speed
2,Hasar-alan,bahcivan,standart,101,son,7,Altın Hasat I - 1,3,11,Gold,Economy
2,Hasar-alan,bahcivan,standart,101,son,7,Keskin Başlangıç - 3,2,14,Gold,Damage
2,Hasar-alan,bahcivan,standart,101,son,8,1×3 Saksı,1,30,Gold,PlanterUnlock
2,Hasar-alan,bahcivan,standart,101,son,8,Kesim Tekniği - 1,1,25,Gold,Damage
2,Hasar-alan,bahcivan,standart,101,son,8,Hasat Deneyimi I - 1,2,8,Gold,Xp
2,Hasar-alan,bahcivan,standart,101,son,9,Hızlı Eller - 1,3,11,Gold,Speed
2,Hasar-alan,bahcivan,standart,101,son,9,Geniş Süpürüş - 1,1,21,Gold,Area
2,Hasar-alan,bahcivan,standart,101,son,9,Düzenli Üretim - 1,2,8,Gold,Production
2,Hasar-alan,bahcivan,standart,101,son,9,Keskin Başlangıç - 4,1,16,Gold,Damage
2,Hasar-alan,bahcivan,standart,101,son,9,Altın Hasat I - 2,1,13,Gold,Economy
2,Hasar-alan,bahcivan,standart,101,son,10,Geniş Süpürüş - 1,2,28,Gold,Area
2,Hasar-alan,bahcivan,standart,101,son,11,Kesim Tekniği - 1,2,35,Gold,Damage
2,Hasar-alan,bahcivan,standart,101,son,11,Keskin Başlangıç - 4,2,17,Gold,Damage
2,Hasar-alan,bahcivan,standart,101,son,11,Hızlı Eller - 2,1,12,Gold,Speed
2,Hasar-alan,bahcivan,standart,101,son,11,Hasat Deneyimi I - 1,3,10,Gold,Xp
2,Hasar-alan,bahcivan,standart,101,son,11,Altın Hasat I - 2,2,16,Gold,Economy
2,Hasar-alan,bahcivan,standart,101,son,11,Grid Genişleme I,2,30,Iron,Grid
2,Hasar-alan,bahcivan,standart,101,son,12,Düzenli Üretim - 1,3,10,Gold,Production
2,Hasar-alan,bahcivan,standart,101,son,12,Geniş Süpürüş - 1,3,35,Gold,Area
2,Hasar-alan,bahcivan,standart,101,son,12,Hızlı Eller - 2,2,14,Gold,Speed
2,Hasar-alan,bahcivan,standart,101,son,12,Kesim Tekniği - 1,3,40,Gold,Damage
2,Hasar-alan,bahcivan,standart,101,son,12,Altın Hasat I - 3,1,18,Gold,Economy
2,Hasar-alan,bahcivan,standart,101,son,12,Hasat Deneyimi I - 2,1,12,Gold,Xp
2,Hasar-alan,bahcivan,standart,101,son,12,Düzenli Üretim - 2,1,12,Gold,Production
2,Hasar-alan,bahcivan,standart,101,son,12,Hızlı Eller - 3,1,16,Gold,Speed
2,Hasar-alan,bahcivan,standart,101,son,12,Altın Hasat I - 3,2,20,Gold,Economy
2,Hasar-alan,bahcivan,standart,101,son,12,Tornado Kartları,1,30,Iron,BehaviorUnlock
2,Hasar-alan,bahcivan,standart,101,son,13,2×2 Saksı,1,80,Gold,PlanterUnlock
2,Hasar-alan,bahcivan,standart,101,son,13,Geniş Süpürüş - 2,1,40,Gold,Area
2,Hasar-alan,bahcivan,standart,101,son,13,Kesim Tekniği - 2,1,50,Gold,Damage
2,Hasar-alan,bahcivan,standart,101,son,13,Hasat Deneyimi I - 2,2,14,Gold,Xp
2,Hasar-alan,bahcivan,standart,101,son,13,Demir Hasat - 1,1,25,Gold,Economy
2,Hasar-alan,bahcivan,standart,101,son,13,Çifte Hasat Kartları,1,25,Iron,Economy
2,Hasar-alan,bahcivan,standart,101,son,13,Hızlı Eller - 3,2,18,Gold,Speed
2,Hasar-alan,bahcivan,standart,101,son,13,Düzenli Üretim - 2,2,13,Gold,Production
2,Hasar-alan,bahcivan,standart,101,son,14,Altın Hasat I - 4,1,22,Gold,Economy
2,Hasar-alan,bahcivan,standart,101,son,14,Geniş Süpürüş - 2,2,45,Gold,Area
2,Hasar-alan,bahcivan,standart,101,son,14,Hasat Deneyimi I - 3,1,16,Gold,Xp
2,Hasar-alan,bahcivan,standart,101,son,14,Hızlı Eller - 4,1,20,Gold,Speed
2,Hasar-alan,bahcivan,standart,101,son,14,Altın Hasat I - 4,2,24,Gold,Economy
2,Hasar-alan,bahcivan,standart,101,son,14,Düzenli Üretim - 3,1,15,Gold,Production
2,Hasar-alan,bahcivan,standart,101,son,14,Hasat Deneyimi I - 3,2,18,Gold,Xp
2,Hasar-alan,bahcivan,standart,101,son,14,Düzenli Üretim - 3,2,17,Gold,Production
2,Hasar-alan,bahcivan,standart,101,son,15,Güçlü Kesim - 1,1,120,Gold,Damage
2,Hasar-alan,bahcivan,standart,101,son,15,Kesim Tekniği - 2,2,55,Gold,Damage
2,Hasar-alan,bahcivan,standart,101,son,15,Demir Hasat - 1,2,35,Gold,Economy
2,Hasar-alan,bahcivan,standart,101,son,15,Geniş Süpürüş - 3,1,55,Gold,Area
2,Hasar-alan,bahcivan,standart,101,son,15,Kesim Tekniği - 3,1,65,Gold,Damage
2,Hasar-alan,bahcivan,standart,101,son,15,Hızlı Eller - 4,2,22,Gold,Speed
2,Hasar-alan,bahcivan,standart,101,son,15,Hasat Deneyimi I - 4,1,20,Gold,Xp
2,Hasar-alan,bahcivan,standart,101,son,15,Düzenli Üretim - 4,1,19,Gold,Production
2,Hasar-alan,bahcivan,standart,101,son,16,Güçlü Kesim - 1,2,160,Gold,Damage
2,Hasar-alan,bahcivan,standart,101,son,16,2×3 Saksı,1,200,Gold,PlanterUnlock
2,Hasar-alan,bahcivan,standart,101,son,16,Bumerang Orak Kartları,1,40,Iron,BehaviorUnlock
2,Hasar-alan,bahcivan,standart,101,son,17,Demir Hasat - 1,3,40,Gold,Economy
2,Hasar-alan,bahcivan,standart,101,son,17,Geniş Süpürüş - 3,2,60,Gold,Area
2,Hasar-alan,bahcivan,standart,101,son,17,Kesim Tekniği - 3,2,70,Gold,Damage
2,Hasar-alan,bahcivan,standart,101,son,17,Güçlü Kesim - 1,3,195,Gold,Damage
2,Hasar-alan,bahcivan,standart,101,son,17,Hasat Deneyimi I - 4,2,21,Gold,Xp
2,Hasar-alan,bahcivan,standart,101,son,17,Düzenli Üretim - 4,2,21,Gold,Production
2,Hasar-alan,bahcivan,standart,101,son,17,Taş Hasat - 1,1,35,Iron,Economy
2,Hasar-alan,bahcivan,standart,101,son,17,Taş Hasat - 1,2,45,Iron,Economy
2,Hasar-alan,bahcivan,standart,101,son,18,Akıcı Kesim - 1,1,160,Gold,Speed
2,Hasar-alan,bahcivan,standart,101,son,18,Geniş Tarama - 1,1,160,Gold,Area
2,Hasar-alan,bahcivan,standart,101,son,18,Kritik Odak - 1,1,150,Gold,Crit
2,Hasar-alan,bahcivan,standart,101,son,18,Geniş Süpürüş - 4,1,65,Gold,Area
2,Hasar-alan,bahcivan,standart,101,son,18,Kesim Tekniği - 4,1,80,Gold,Damage
2,Hasar-alan,bahcivan,standart,101,son,18,Verimli Üretim - 1,1,200,Iron,Production
2,Hasar-alan,bahcivan,standart,101,son,19,Demir Hasat - 2,1,50,Gold,Economy
2,Hasar-alan,bahcivan,standart,101,son,19,Hasat Rekoru - 1,1,180,Gold,Score
2,Hasar-alan,bahcivan,standart,101,son,19,Güçlü Kesim - 2,1,230,Gold,Damage
2,Hasar-alan,bahcivan,standart,101,son,19,Grid Genişleme II,1,100,Stone,Grid
2,Hasar-alan,bahcivan,standart,101,son,19,Taş Hasat - 1,3,55,Iron,Economy
2,Hasar-alan,bahcivan,standart,101,son,19,Nadir Filizler - 1,1,230,Iron,Rarity
2,Hasar-alan,bahcivan,standart,101,son,20,Geniş Süpürüş - 4,2,70,Gold,Area
2,Hasar-alan,bahcivan,standart,101,son,20,Geniş Tarama - 1,2,210,Gold,Area
2,Hasar-alan,bahcivan,standart,101,son,20,Kesim Tekniği - 4,2,85,Gold,Damage
2,Hasar-alan,bahcivan,standart,101,son,20,İlk Vazgeçiş,1,150,Gold,Cards
2,Hasar-alan,bahcivan,standart,101,son,21,Akıcı Kesim - 1,2,210,Gold,Speed
2,Hasar-alan,bahcivan,standart,101,son,21,Kritik Odak - 1,2,195,Gold,Crit
2,Hasar-alan,bahcivan,standart,101,son,21,Demir Hasat - 2,2,55,Gold,Economy
2,Hasar-alan,bahcivan,standart,101,son,21,Taş Hasat - 2,1,65,Iron,Economy
2,Hasar-alan,bahcivan,standart,101,son,22,Güçlü Kesim - 2,2,270,Gold,Damage
2,Hasar-alan,bahcivan,standart,101,son,22,Altın Hasat II - 1,1,180,Gold,Economy
2,Hasar-alan,bahcivan,standart,101,son,22,Demir Hasat - 3,1,65,Gold,Economy
2,Hasar-alan,bahcivan,standart,101,son,23,Geniş Tarama - 1,3,260,Gold,Area
2,Hasar-alan,bahcivan,standart,101,son,23,Hasat Rekoru - 1,2,240,Gold,Score
2,Hasar-alan,bahcivan,standart,101,son,23,Kesim Ustalığı - 1,1,560,Iron,Damage
2,Hasar-alan,bahcivan,standart,101,son,23,Taş Hasat - 2,2,80,Iron,Economy
2,Hasar-alan,bahcivan,standart,101,son,24,Akıcı Kesim - 1,3,260,Gold,Speed
2,Hasar-alan,bahcivan,standart,101,son,24,Kritik Odak - 1,3,240,Gold,Crit
2,Hasar-alan,bahcivan,standart,101,son,24,Güçlü Kesim - 3,1,300,Gold,Damage
2,Hasar-alan,bahcivan,standart,101,son,24,Altın Hasat II - 1,2,240,Gold,Economy
2,Hasar-alan,bahcivan,standart,101,son,24,Kesim Ustalığı - 1,2,720,Iron,Damage
2,Hasar-alan,bahcivan,standart,101,son,24,Zengin Cevher - 1,1,50,Stone,Economy
2,Hasar-alan,bahcivan,standart,101,son,25,Geniş Tarama - 2,1,310,Gold,Area
2,Hasar-alan,bahcivan,standart,101,son,25,Akıcı Kesim - 2,1,310,Gold,Speed
2,Hasar-alan,bahcivan,standart,101,son,25,Kritik Odak - 2,1,290,Gold,Crit
2,Hasar-alan,bahcivan,standart,101,son,25,Demir Hasat - 3,2,70,Gold,Economy
2,Hasar-alan,bahcivan,standart,101,son,25,Verimli Üretim - 1,2,260,Iron,Production
2,Hasar-alan,bahcivan,standart,101,son,25,Nadir Filizler - 1,2,300,Iron,Rarity
2,Hasar-alan,bahcivan,standart,101,son,26,Hasat Rekoru - 1,3,290,Gold,Score
2,Hasar-alan,bahcivan,standart,101,son,26,Güçlü Kesim - 3,2,340,Gold,Damage
2,Hasar-alan,bahcivan,standart,101,son,26,Altın Hasat II - 1,3,290,Gold,Economy
2,Hasar-alan,bahcivan,standart,101,son,26,Demir Hasat - 4,1,80,Gold,Economy
2,Hasar-alan,bahcivan,standart,101,son,26,Kesim Ustalığı - 1,3,890,Iron,Damage
2,Hasar-alan,bahcivan,standart,101,son,26,Demir Hasat - 4,2,85,Gold,Economy
2,Hasar-alan,bahcivan,standart,101,son,26,Kritik Güç - 1,1,150,Stone,Crit
2,Hasar-alan,bahcivan,standart,101,son,27,Geniş Tarama - 2,2,360,Gold,Area
2,Hasar-alan,bahcivan,standart,101,son,27,Akıcı Kesim - 2,2,360,Gold,Speed
2,Hasar-alan,bahcivan,standart,101,son,27,Kritik Odak - 2,2,330,Gold,Crit
2,Hasar-alan,bahcivan,standart,101,son,27,Hasat Deneyimi II - 1,1,450,Gold,Xp
2,Hasar-alan,bahcivan,standart,101,son,27,Güçlü Kesim - 4,1,380,Gold,Damage
2,Hasar-alan,bahcivan,standart,101,son,27,Verimli Üretim - 1,3,320,Iron,Production
2,Hasar-alan,bahcivan,standart,101,son,27,Nadir Filizler - 1,3,360,Iron,Rarity
2,Hasar-alan,bahcivan,standart,101,son,27,Taş Hasat - 3,1,90,Iron,Economy
2,Hasar-alan,bahcivan,standart,101,son,27,Zengin Cevher - 1,2,65,Stone,Economy
2,Hasar-alan,bahcivan,standart,101,son,28,Altın Hasat II - 2,1,350,Gold,Economy
2,Hasar-alan,bahcivan,standart,101,son,28,Ağır Kesim - 1,1,1200,Gold,Damage
2,Hasar-alan,bahcivan,standart,101,son,28,Geniş Tarama - 3,1,400,Gold,Area
2,Hasar-alan,bahcivan,standart,101,son,28,Kesim Ustalığı - 2,1,1100,Iron,Damage
2,Hasar-alan,bahcivan,standart,101,son,28,Kritik Güç - 1,2,195,Stone,Crit
2,Hasar-alan,bahcivan,standart,101,son,29,Hasat Rekoru - 2,1,350,Gold,Score
2,Hasar-alan,bahcivan,standart,101,son,29,Akıcı Kesim - 3,1,400,Gold,Speed
2,Hasar-alan,bahcivan,standart,101,son,29,Kritik Odak - 3,1,380,Gold,Crit
2,Hasar-alan,bahcivan,standart,101,son,29,Hasat Deneyimi II - 1,2,590,Gold,Xp
2,Hasar-alan,bahcivan,standart,101,son,29,Altın Hasat II - 2,2,400,Gold,Economy
2,Hasar-alan,bahcivan,standart,101,son,29,Geniş Tarama - 3,2,450,Gold,Area
2,Hasar-alan,bahcivan,standart,101,son,29,Verimli Üretim - 2,1,380,Iron,Production
2,Hasar-alan,bahcivan,standart,101,son,29,İkinci Vazgeçiş,1,800,Iron,Cards
2,Hasar-alan,bahcivan,standart,101,son,29,Zengin Cevher - 1,3,80,Stone,Economy
2,Hasar-alan,bahcivan,standart,101,son,30,Güçlü Kesim - 4,2,410,Gold,Damage
2,Hasar-alan,bahcivan,standart,101,son,30,Ağır Kesim - 1,2,1600,Gold,Damage
2,Hasar-alan,bahcivan,standart,101,son,30,Akıcı Kesim - 3,2,450,Gold,Speed
2,Hasar-alan,bahcivan,standart,101,son,30,Taş Hasat - 3,2,100,Iron,Economy
2,Hasar-alan,bahcivan,standart,101,son,30,Taş Hasat - 4,1,110,Iron,Economy
2,Hasar-alan,bahcivan,standart,101,son,30,Kritik Güç - 1,3,240,Stone,Crit
2,Hasar-alan,bahcivan,standart,101,son,31,Kritik Odak - 3,2,420,Gold,Crit
2,Hasar-alan,bahcivan,standart,101,son,31,Hasat Deneyimi II - 1,3,730,Gold,Xp
2,Hasar-alan,bahcivan,standart,101,son,31,Hasat Rekoru - 2,2,400,Gold,Score
2,Hasar-alan,bahcivan,standart,101,son,31,Altın Hasat II - 3,1,450,Gold,Economy
2,Hasar-alan,bahcivan,standart,101,son,31,Geniş Tarama - 4,1,500,Gold,Area
2,Hasar-alan,bahcivan,standart,101,son,31,Kesim Ustalığı - 2,2,1200,Iron,Damage
2,Hasar-alan,bahcivan,standart,101,son,31,Verimli Üretim - 2,2,440,Iron,Production
2,Hasar-alan,bahcivan,standart,101,son,31,Nadir Filizler - 2,1,430,Iron,Rarity
2,Hasar-alan,bahcivan,standart,101,son,31,Zengin Cevher - 2,1,95,Stone,Economy
2,Hasar-alan,bahcivan,standart,101,son,31,Taş Hasat - 4,2,120,Iron,Economy
2,Hasar-alan,bahcivan,standart,101,son,32,Ağır Kesim - 1,3,1900,Gold,Damage
2,Hasar-alan,bahcivan,standart,101,son,32,Akıcı Kesim - 4,1,500,Gold,Speed
2,Hasar-alan,bahcivan,standart,101,son,32,Kritik Odak - 4,1,470,Gold,Crit
2,Hasar-alan,bahcivan,standart,101,son,32,Verimli Üretim - 3,1,510,Iron,Production
2,Hasar-alan,bahcivan,standart,101,son,32,Nadir Filizler - 2,2,500,Iron,Rarity
2,Hasar-alan,bahcivan,standart,101,son,32,Verimli Üretim - 3,2,570,Iron,Production
2,Hasar-alan,bahcivan,standart,101,son,32,Kritik Güç - 2,1,290,Stone,Crit
2,Hasar-alan,bahcivan,standart,101,son,33,Hasat Deneyimi II - 2,1,860,Gold,Xp
2,Hasar-alan,bahcivan,standart,101,son,33,Altın Hasat II - 3,2,510,Gold,Economy
2,Hasar-alan,bahcivan,standart,101,son,33,Geniş Tarama - 4,2,550,Gold,Area
2,Hasar-alan,bahcivan,standart,101,son,33,Hasat Rekoru - 3,1,450,Gold,Score
2,Hasar-alan,bahcivan,standart,101,son,33,Akıcı Kesim - 4,2,550,Gold,Speed
2,Hasar-alan,bahcivan,standart,101,son,33,Kritik Odak - 4,2,520,Gold,Crit
2,Hasar-alan,bahcivan,standart,101,son,33,Kesim Ustalığı - 3,1,1400,Iron,Damage
2,Hasar-alan,bahcivan,standart,101,son,33,Zengin Cevher - 2,2,110,Stone,Economy
2,Hasar-alan,bahcivan,standart,101,son,34,Ağır Kesim - 2,1,2300,Gold,Damage
2,Hasar-alan,bahcivan,standart,101,son,34,Kart Sezgisi - 1,1,710,Gold,Cards
2,Hasar-alan,bahcivan,standart,101,son,34,Hasat Deneyimi II - 2,2,1000,Gold,Xp
2,Hasar-alan,bahcivan,standart,101,son,34,Kesim Ustalığı - 3,2,1600,Iron,Damage
2,Hasar-alan,bahcivan,standart,101,son,34,Nadir Filizler - 3,1,570,Iron,Rarity
2,Hasar-alan,bahcivan,standart,101,son,34,Verimli Üretim - 4,1,630,Iron,Production
2,Hasar-alan,bahcivan,standart,101,son,34,Kritik Güç - 2,2,330,Stone,Crit
2,Hasar-alan,bahcivan,standart,101,son,35,Altın Hasat II - 4,1,560,Gold,Economy
2,Hasar-alan,bahcivan,standart,101,son,35,Ağır Kesim - 2,2,2700,Gold,Damage
2,Hasar-alan,bahcivan,standart,101,son,35,Kart Sezgisi - 1,2,920,Gold,Cards
2,Hasar-alan,bahcivan,standart,101,son,35,Hasat Deneyimi II - 3,1,1100,Gold,Xp
2,Hasar-alan,bahcivan,standart,101,son,35,Kesim Ustalığı - 4,1,1700,Iron,Damage
2,Hasar-alan,bahcivan,standart,101,son,35,Zengin Cevher - 3,1,125,Stone,Economy
2,Hasar-alan,bahcivan,standart,101,son,36,Hasat Rekoru - 3,2,510,Gold,Score
2,Hasar-alan,bahcivan,standart,101,son,36,Altın Hasat II - 4,2,620,Gold,Economy
2,Hasar-alan,bahcivan,standart,101,son,36,Ağır Kesim - 3,1,3000,Gold,Damage
2,Hasar-alan,bahcivan,standart,101,son,36,Nadir Filizler - 3,2,640,Iron,Rarity
2,Hasar-alan,bahcivan,standart,101,son,36,Kritik Güç - 3,1,380,Stone,Crit
2,Hasar-alan,bahcivan,standart,101,son,36,Verimli Üretim - 4,2,690,Iron,Production
2,Hasar-alan,bahcivan,standart,101,son,37,Hasat Deneyimi II - 3,2,1300,Gold,Xp
2,Hasar-alan,bahcivan,standart,101,son,37,Kart Sezgisi - 1,3,1100,Gold,Cards
2,Hasar-alan,bahcivan,standart,101,son,37,Hasat Rekoru - 4,1,560,Gold,Score
2,Hasar-alan,bahcivan,standart,101,son,37,Ağır Kesim - 3,2,3400,Gold,Damage
2,Hasar-alan,bahcivan,standart,101,son,37,Kart Sezgisi - 2,1,1300,Gold,Cards
2,Hasar-alan,bahcivan,standart,101,son,37,Zengin Cevher - 3,2,140,Stone,Economy
2,Hasar-alan,bahcivan,standart,101,son,37,Kesim Ustalığı - 4,2,1900,Iron,Damage
2,Hasar-alan,bahcivan,standart,101,son,38,Hasat Deneyimi II - 4,1,1400,Gold,Xp
2,Hasar-alan,bahcivan,standart,101,son,38,Ağır Kesim - 4,1,3800,Gold,Damage
2,Hasar-alan,bahcivan,standart,101,son,38,Hasat Deneyimi II - 4,2,1500,Gold,Xp
2,Hasar-alan,bahcivan,standart,101,son,38,Hasat Rekoru - 4,2,620,Gold,Score
2,Hasar-alan,bahcivan,standart,101,son,38,Kritik Güç - 3,2,420,Stone,Crit
2,Hasar-alan,bahcivan,standart,101,son,39,Nadir Filizler - 4,1,700,Iron,Rarity
2,Hasar-alan,bahcivan,standart,101,son,39,Zengin Cevher - 4,1,155,Stone,Economy
2,Hasar-alan,bahcivan,standart,101,son,39,Kart Sezgisi - 2,2,1600,Gold,Cards
2,Hasar-alan,bahcivan,standart,101,son,40,Ağır Kesim - 4,2,4100,Gold,Damage
2,Hasar-alan,bahcivan,standart,101,son,40,Kritik Güç - 4,1,470,Stone,Crit
2,Hasar-alan,bahcivan,standart,101,son,41,Grid Genişleme II,2,1800,Stone,Grid
2,Hasar-alan,bahcivan,standart,101,son,41,Nadir Filizler - 4,2,770,Iron,Rarity
2,Hasar-alan,bahcivan,standart,101,son,41,Zengin Cevher - 4,2,170,Stone,Economy
2,Hasar-alan,bahcivan,standart,101,son,42,Kart Sezgisi - 3,1,1800,Gold,Cards
2,Hasar-alan,bahcivan,standart,101,son,42,Kritik Güç - 4,2,520,Stone,Crit
2,Hasar-alan,bahcivan,standart,101,son,44,Kart Sezgisi - 3,2,2000,Gold,Cards
2,Hasar-alan,bahcivan,standart,101,son,47,Kart Sezgisi - 4,1,2200,Gold,Cards
2,Hasar-alan,bahcivan,standart,101,son,49,Kart Sezgisi - 4,2,2400,Gold,Cards
3,Hasar-alan,bahcivan,standart,102,son,1,Keskin Başlangıç - 1,1,5,Gold,Damage
3,Hasar-alan,bahcivan,standart,102,son,1,Keskin Başlangıç - 1,2,7,Gold,Damage
3,Hasar-alan,bahcivan,standart,102,son,3,Keskin Başlangıç - 1,3,8,Gold,Damage
3,Hasar-alan,bahcivan,standart,102,son,3,Keskin Başlangıç - 2,1,10,Gold,Damage
3,Hasar-alan,bahcivan,standart,102,son,3,Altın Hasat I - 1,1,7,Gold,Economy
3,Hasar-alan,bahcivan,standart,102,son,4,Keskin Başlangıç - 2,2,11,Gold,Damage
3,Hasar-alan,bahcivan,standart,102,son,4,Hızlı Eller - 1,1,7,Gold,Speed
3,Hasar-alan,bahcivan,standart,102,son,4,Düzenli Üretim - 1,1,6,Gold,Production
3,Hasar-alan,bahcivan,standart,102,son,5,Grid Genişleme I,1,30,Gold,Grid
3,Hasar-alan,bahcivan,standart,102,son,5,Altın Hasat I - 1,2,9,Gold,Economy
3,Hasar-alan,bahcivan,standart,102,son,5,Keskin Başlangıç - 3,1,13,Gold,Damage
3,Hasar-alan,bahcivan,standart,102,son,5,Hasat Deneyimi I - 1,1,6,Gold,Xp
3,Hasar-alan,bahcivan,standart,102,son,5,Hızlı Eller - 1,2,9,Gold,Speed
3,Hasar-alan,bahcivan,standart,102,son,7,Altın Hasat I - 1,3,11,Gold,Economy
3,Hasar-alan,bahcivan,standart,102,son,7,Keskin Başlangıç - 3,2,14,Gold,Damage
3,Hasar-alan,bahcivan,standart,102,son,7,1×3 Saksı,1,30,Gold,PlanterUnlock
3,Hasar-alan,bahcivan,standart,102,son,8,Kesim Tekniği - 1,1,25,Gold,Damage
3,Hasar-alan,bahcivan,standart,102,son,8,Hasat Deneyimi I - 1,2,8,Gold,Xp
3,Hasar-alan,bahcivan,standart,102,son,8,Hızlı Eller - 1,3,11,Gold,Speed
3,Hasar-alan,bahcivan,standart,102,son,8,Geniş Süpürüş - 1,1,21,Gold,Area
3,Hasar-alan,bahcivan,standart,102,son,9,Düzenli Üretim - 1,2,8,Gold,Production
3,Hasar-alan,bahcivan,standart,102,son,9,Keskin Başlangıç - 4,1,16,Gold,Damage
3,Hasar-alan,bahcivan,standart,102,son,9,Altın Hasat I - 2,1,13,Gold,Economy
3,Hasar-alan,bahcivan,standart,102,son,9,Geniş Süpürüş - 1,2,28,Gold,Area
3,Hasar-alan,bahcivan,standart,102,son,10,Kesim Tekniği - 1,2,35,Gold,Damage
3,Hasar-alan,bahcivan,standart,102,son,10,Keskin Başlangıç - 4,2,17,Gold,Damage
3,Hasar-alan,bahcivan,standart,102,son,10,Hızlı Eller - 2,1,12,Gold,Speed
3,Hasar-alan,bahcivan,standart,102,son,10,Hasat Deneyimi I - 1,3,10,Gold,Xp
3,Hasar-alan,bahcivan,standart,102,son,10,Altın Hasat I - 2,2,16,Gold,Economy
3,Hasar-alan,bahcivan,standart,102,son,10,Düzenli Üretim - 1,3,10,Gold,Production
3,Hasar-alan,bahcivan,standart,102,son,10,Geniş Süpürüş - 1,3,35,Gold,Area
3,Hasar-alan,bahcivan,standart,102,son,11,Hızlı Eller - 2,2,14,Gold,Speed
3,Hasar-alan,bahcivan,standart,102,son,11,Kesim Tekniği - 1,3,40,Gold,Damage
3,Hasar-alan,bahcivan,standart,102,son,11,Altın Hasat I - 3,1,18,Gold,Economy
3,Hasar-alan,bahcivan,standart,102,son,11,Hasat Deneyimi I - 2,1,12,Gold,Xp
3,Hasar-alan,bahcivan,standart,102,son,11,2×2 Saksı,1,80,Gold,PlanterUnlock
3,Hasar-alan,bahcivan,standart,102,son,11,Düzenli Üretim - 2,1,12,Gold,Production
3,Hasar-alan,bahcivan,standart,102,son,11,Hızlı Eller - 3,1,16,Gold,Speed
3,Hasar-alan,bahcivan,standart,102,son,11,Altın Hasat I - 3,2,20,Gold,Economy
3,Hasar-alan,bahcivan,standart,102,son,11,Geniş Süpürüş - 2,1,40,Gold,Area
3,Hasar-alan,bahcivan,standart,102,son,11,Kesim Tekniği - 2,1,50,Gold,Damage
3,Hasar-alan,bahcivan,standart,102,son,11,Hasat Deneyimi I - 2,2,14,Gold,Xp
3,Hasar-alan,bahcivan,standart,102,son,11,Demir Hasat - 1,1,25,Gold,Economy
3,Hasar-alan,bahcivan,standart,102,son,11,Çifte Hasat Kartları,1,25,Iron,Economy
3,Hasar-alan,bahcivan,standart,102,son,11,Hızlı Eller - 3,2,18,Gold,Speed
3,Hasar-alan,bahcivan,standart,102,son,11,Düzenli Üretim - 2,2,13,Gold,Production
3,Hasar-alan,bahcivan,standart,102,son,11,Altın Hasat I - 4,1,22,Gold,Economy
3,Hasar-alan,bahcivan,standart,102,son,11,Geniş Süpürüş - 2,2,45,Gold,Area
3,Hasar-alan,bahcivan,standart,102,son,11,Hasat Deneyimi I - 3,1,16,Gold,Xp
3,Hasar-alan,bahcivan,standart,102,son,11,Grid Genişleme I,2,30,Iron,Grid
3,Hasar-alan,bahcivan,standart,102,son,12,Güçlü Kesim - 1,1,120,Gold,Damage
3,Hasar-alan,bahcivan,standart,102,son,12,Kesim Tekniği - 2,2,55,Gold,Damage
3,Hasar-alan,bahcivan,standart,102,son,12,Hızlı Eller - 4,1,20,Gold,Speed
3,Hasar-alan,bahcivan,standart,102,son,12,Altın Hasat I - 4,2,24,Gold,Economy
3,Hasar-alan,bahcivan,standart,102,son,12,Demir Hasat - 1,2,35,Gold,Economy
3,Hasar-alan,bahcivan,standart,102,son,12,Düzenli Üretim - 3,1,15,Gold,Production
3,Hasar-alan,bahcivan,standart,102,son,12,Tornado Kartları,1,30,Iron,BehaviorUnlock
3,Hasar-alan,bahcivan,standart,102,son,13,Geniş Süpürüş - 3,1,55,Gold,Area
3,Hasar-alan,bahcivan,standart,102,son,13,Hasat Deneyimi I - 3,2,18,Gold,Xp
3,Hasar-alan,bahcivan,standart,102,son,13,Kesim Tekniği - 3,1,65,Gold,Damage
3,Hasar-alan,bahcivan,standart,102,son,13,Hızlı Eller - 4,2,22,Gold,Speed
3,Hasar-alan,bahcivan,standart,102,son,13,Düzenli Üretim - 3,2,17,Gold,Production
3,Hasar-alan,bahcivan,standart,102,son,13,Hasat Deneyimi I - 4,1,20,Gold,Xp
3,Hasar-alan,bahcivan,standart,102,son,13,Demir Hasat - 1,3,40,Gold,Economy
3,Hasar-alan,bahcivan,standart,102,son,13,Hasat Deneyimi I - 4,2,21,Gold,Xp
3,Hasar-alan,bahcivan,standart,102,son,13,Düzenli Üretim - 4,1,19,Gold,Production
3,Hasar-alan,bahcivan,standart,102,son,14,Güçlü Kesim - 1,2,160,Gold,Damage
3,Hasar-alan,bahcivan,standart,102,son,14,2×3 Saksı,1,200,Gold,PlanterUnlock
3,Hasar-alan,bahcivan,standart,102,son,14,Geniş Süpürüş - 3,2,60,Gold,Area
3,Hasar-alan,bahcivan,standart,102,son,14,Kesim Tekniği - 3,2,70,Gold,Damage
3,Hasar-alan,bahcivan,standart,102,son,14,Geniş Süpürüş - 4,1,65,Gold,Area
3,Hasar-alan,bahcivan,standart,102,son,14,Demir Hasat - 2,1,50,Gold,Economy
3,Hasar-alan,bahcivan,standart,102,son,14,Düzenli Üretim - 4,2,21,Gold,Production
3,Hasar-alan,bahcivan,standart,102,son,14,Taş Hasat - 1,1,35,Iron,Economy
3,Hasar-alan,bahcivan,standart,102,son,15,Güçlü Kesim - 1,3,195,Gold,Damage
3,Hasar-alan,bahcivan,standart,102,son,15,Akıcı Kesim - 1,1,160,Gold,Speed
3,Hasar-alan,bahcivan,standart,102,son,15,Geniş Tarama - 1,1,160,Gold,Area
3,Hasar-alan,bahcivan,standart,102,son,15,Kritik Odak - 1,1,150,Gold,Crit
3,Hasar-alan,bahcivan,standart,102,son,15,Kesim Tekniği - 4,1,80,Gold,Damage
3,Hasar-alan,bahcivan,standart,102,son,16,Hasat Rekoru - 1,1,180,Gold,Score
3,Hasar-alan,bahcivan,standart,102,son,16,Güçlü Kesim - 2,1,230,Gold,Damage
3,Hasar-alan,bahcivan,standart,102,son,16,Geniş Süpürüş - 4,2,70,Gold,Area
3,Hasar-alan,bahcivan,standart,102,son,16,Geniş Tarama - 1,2,210,Gold,Area
3,Hasar-alan,bahcivan,standart,102,son,16,Kesim Tekniği - 4,2,85,Gold,Damage
3,Hasar-alan,bahcivan,standart,102,son,16,Demir Hasat - 2,2,55,Gold,Economy
3,Hasar-alan,bahcivan,standart,102,son,16,Bumerang Orak Kartları,1,40,Iron,BehaviorUnlock
3,Hasar-alan,bahcivan,standart,102,son,17,İlk Vazgeçiş,1,150,Gold,Cards
3,Hasar-alan,bahcivan,standart,102,son,17,Akıcı Kesim - 1,2,210,Gold,Speed
3,Hasar-alan,bahcivan,standart,102,son,17,Kritik Odak - 1,2,195,Gold,Crit
3,Hasar-alan,bahcivan,standart,102,son,17,Güçlü Kesim - 2,2,270,Gold,Damage
3,Hasar-alan,bahcivan,standart,102,son,17,Altın Hasat II - 1,1,180,Gold,Economy
3,Hasar-alan,bahcivan,standart,102,son,17,Taş Hasat - 1,2,45,Iron,Economy
3,Hasar-alan,bahcivan,standart,102,son,17,Kesim Ustalığı - 1,1,560,Iron,Damage
3,Hasar-alan,bahcivan,standart,102,son,18,Geniş Tarama - 1,3,260,Gold,Area
3,Hasar-alan,bahcivan,standart,102,son,18,Hasat Rekoru - 1,2,240,Gold,Score
3,Hasar-alan,bahcivan,standart,102,son,18,Akıcı Kesim - 1,3,260,Gold,Speed
3,Hasar-alan,bahcivan,standart,102,son,18,Kritik Odak - 1,3,240,Gold,Crit
3,Hasar-alan,bahcivan,standart,102,son,18,Demir Hasat - 3,1,65,Gold,Economy
3,Hasar-alan,bahcivan,standart,102,son,18,Grid Genişleme II,1,100,Stone,Grid
3,Hasar-alan,bahcivan,standart,102,son,18,Verimli Üretim - 1,1,200,Iron,Production
3,Hasar-alan,bahcivan,standart,102,son,19,Güçlü Kesim - 3,1,300,Gold,Damage
3,Hasar-alan,bahcivan,standart,102,son,19,Altın Hasat II - 1,2,240,Gold,Economy
3,Hasar-alan,bahcivan,standart,102,son,19,Geniş Tarama - 2,1,310,Gold,Area
3,Hasar-alan,bahcivan,standart,102,son,19,Taş Hasat - 1,3,55,Iron,Economy
3,Hasar-alan,bahcivan,standart,102,son,19,Nadir Filizler - 1,1,230,Iron,Rarity
3,Hasar-alan,bahcivan,standart,102,son,20,Akıcı Kesim - 2,1,310,Gold,Speed
3,Hasar-alan,bahcivan,standart,102,son,20,Kritik Odak - 2,1,290,Gold,Crit
3,Hasar-alan,bahcivan,standart,102,son,20,Hasat Rekoru - 1,3,290,Gold,Score
3,Hasar-alan,bahcivan,standart,102,son,20,Demir Hasat - 3,2,70,Gold,Economy
3,Hasar-alan,bahcivan,standart,102,son,20,Kesim Ustalığı - 1,2,720,Iron,Damage
3,Hasar-alan,bahcivan,standart,102,son,20,Güçlü Kesim - 3,2,340,Gold,Damage
3,Hasar-alan,bahcivan,standart,102,son,21,Altın Hasat II - 1,3,290,Gold,Economy
3,Hasar-alan,bahcivan,standart,102,son,21,Geniş Tarama - 2,2,360,Gold,Area
3,Hasar-alan,bahcivan,standart,102,son,21,Verimli Üretim - 1,2,260,Iron,Production
3,Hasar-alan,bahcivan,standart,102,son,21,Taş Hasat - 2,1,65,Iron,Economy
3,Hasar-alan,bahcivan,standart,102,son,21,Akıcı Kesim - 2,2,360,Gold,Speed
3,Hasar-alan,bahcivan,standart,102,son,21,Kritik Odak - 2,2,330,Gold,Crit
3,Hasar-alan,bahcivan,standart,102,son,22,Hasat Deneyimi II - 1,1,450,Gold,Xp
3,Hasar-alan,bahcivan,standart,102,son,22,Demir Hasat - 4,1,80,Gold,Economy
3,Hasar-alan,bahcivan,standart,102,son,22,Nadir Filizler - 1,2,300,Iron,Rarity
3,Hasar-alan,bahcivan,standart,102,son,22,Güçlü Kesim - 4,1,380,Gold,Damage
3,Hasar-alan,bahcivan,standart,102,son,22,Altın Hasat II - 2,1,350,Gold,Economy
3,Hasar-alan,bahcivan,standart,102,son,22,Geniş Tarama - 3,1,400,Gold,Area
3,Hasar-alan,bahcivan,standart,102,son,22,Kesim Ustalığı - 1,3,890,Iron,Damage
3,Hasar-alan,bahcivan,standart,102,son,23,Ağır Kesim - 1,1,1200,Gold,Damage
3,Hasar-alan,bahcivan,standart,102,son,23,Hasat Rekoru - 2,1,350,Gold,Score
3,Hasar-alan,bahcivan,standart,102,son,23,Taş Hasat - 2,2,80,Iron,Economy
3,Hasar-alan,bahcivan,standart,102,son,23,Verimli Üretim - 1,3,320,Iron,Production
3,Hasar-alan,bahcivan,standart,102,son,24,Akıcı Kesim - 3,1,400,Gold,Speed
3,Hasar-alan,bahcivan,standart,102,son,24,Kritik Odak - 3,1,380,Gold,Crit
3,Hasar-alan,bahcivan,standart,102,son,24,Hasat Deneyimi II - 1,2,590,Gold,Xp
3,Hasar-alan,bahcivan,standart,102,son,24,Altın Hasat II - 2,2,400,Gold,Economy
3,Hasar-alan,bahcivan,standart,102,son,24,Demir Hasat - 4,2,85,Gold,Economy
3,Hasar-alan,bahcivan,standart,102,son,24,Geniş Tarama - 3,2,450,Gold,Area
3,Hasar-alan,bahcivan,standart,102,son,24,Zengin Cevher - 1,1,50,Stone,Economy
3,Hasar-alan,bahcivan,standart,102,son,25,Güçlü Kesim - 4,2,410,Gold,Damage
3,Hasar-alan,bahcivan,standart,102,son,25,Ağır Kesim - 1,2,1600,Gold,Damage
3,Hasar-alan,bahcivan,standart,102,son,25,Kesim Ustalığı - 2,1,1100,Iron,Damage
3,Hasar-alan,bahcivan,standart,102,son,25,Nadir Filizler - 1,3,360,Iron,Rarity
3,Hasar-alan,bahcivan,standart,102,son,25,Taş Hasat - 3,1,90,Iron,Economy
3,Hasar-alan,bahcivan,standart,102,son,25,Akıcı Kesim - 3,2,450,Gold,Speed
3,Hasar-alan,bahcivan,standart,102,son,25,Verimli Üretim - 2,1,380,Iron,Production
3,Hasar-alan,bahcivan,standart,102,son,26,Kritik Odak - 3,2,420,Gold,Crit
3,Hasar-alan,bahcivan,standart,102,son,26,Hasat Deneyimi II - 1,3,730,Gold,Xp
3,Hasar-alan,bahcivan,standart,102,son,26,Hasat Rekoru - 2,2,400,Gold,Score
3,Hasar-alan,bahcivan,standart,102,son,26,Altın Hasat II - 3,1,450,Gold,Economy
3,Hasar-alan,bahcivan,standart,102,son,26,Kritik Güç - 1,1,150,Stone,Crit
3,Hasar-alan,bahcivan,standart,102,son,26,İkinci Vazgeçiş,1,800,Iron,Cards
3,Hasar-alan,bahcivan,standart,102,son,27,Geniş Tarama - 4,1,500,Gold,Area
3,Hasar-alan,bahcivan,standart,102,son,27,Zengin Cevher - 1,2,65,Stone,Economy
3,Hasar-alan,bahcivan,standart,102,son,27,Ağır Kesim - 1,3,1900,Gold,Damage
3,Hasar-alan,bahcivan,standart,102,son,27,Taş Hasat - 3,2,100,Iron,Economy
3,Hasar-alan,bahcivan,standart,102,son,27,Akıcı Kesim - 4,1,500,Gold,Speed
3,Hasar-alan,bahcivan,standart,102,son,27,Kritik Odak - 4,1,470,Gold,Crit
3,Hasar-alan,bahcivan,standart,102,son,27,Kesim Ustalığı - 2,2,1200,Iron,Damage
3,Hasar-alan,bahcivan,standart,102,son,27,Verimli Üretim - 2,2,440,Iron,Production
3,Hasar-alan,bahcivan,standart,102,son,28,Nadir Filizler - 2,1,430,Iron,Rarity
3,Hasar-alan,bahcivan,standart,102,son,28,Hasat Deneyimi II - 2,1,860,Gold,Xp
3,Hasar-alan,bahcivan,standart,102,son,28,Altın Hasat II - 3,2,510,Gold,Economy
3,Hasar-alan,bahcivan,standart,102,son,28,Geniş Tarama - 4,2,550,Gold,Area
3,Hasar-alan,bahcivan,standart,102,son,28,Kritik Güç - 1,2,195,Stone,Crit
3,Hasar-alan,bahcivan,standart,102,son,29,Zengin Cevher - 1,3,80,Stone,Economy
3,Hasar-alan,bahcivan,standart,102,son,29,Hasat Rekoru - 3,1,450,Gold,Score
3,Hasar-alan,bahcivan,standart,102,son,29,Ağır Kesim - 2,1,2300,Gold,Damage
3,Hasar-alan,bahcivan,standart,102,son,29,Taş Hasat - 4,1,110,Iron,Economy
3,Hasar-alan,bahcivan,standart,102,son,29,Akıcı Kesim - 4,2,550,Gold,Speed
3,Hasar-alan,bahcivan,standart,102,son,29,Kart Sezgisi - 1,1,710,Gold,Cards
3,Hasar-alan,bahcivan,standart,102,son,29,Kritik Odak - 4,2,520,Gold,Crit
3,Hasar-alan,bahcivan,standart,102,son,30,Verimli Üretim - 3,1,510,Iron,Production
3,Hasar-alan,bahcivan,standart,102,son,30,Hasat Deneyimi II - 2,2,1000,Gold,Xp
3,Hasar-alan,bahcivan,standart,102,son,30,Kesim Ustalığı - 3,1,1400,Iron,Damage
3,Hasar-alan,bahcivan,standart,102,son,30,Altın Hasat II - 4,1,560,Gold,Economy
3,Hasar-alan,bahcivan,standart,102,son,30,Kritik Güç - 1,3,240,Stone,Crit
3,Hasar-alan,bahcivan,standart,102,son,30,Nadir Filizler - 2,2,500,Iron,Rarity
3,Hasar-alan,bahcivan,standart,102,son,31,Zengin Cevher - 2,1,95,Stone,Economy
3,Hasar-alan,bahcivan,standart,102,son,31,Ağır Kesim - 2,2,2700,Gold,Damage
3,Hasar-alan,bahcivan,standart,102,son,31,Taş Hasat - 4,2,120,Iron,Economy
3,Hasar-alan,bahcivan,standart,102,son,32,Kart Sezgisi - 1,2,920,Gold,Cards
3,Hasar-alan,bahcivan,standart,102,son,32,Verimli Üretim - 3,2,570,Iron,Production
3,Hasar-alan,bahcivan,standart,102,son,32,Hasat Deneyimi II - 3,1,1100,Gold,Xp
3,Hasar-alan,bahcivan,standart,102,son,32,Hasat Rekoru - 3,2,510,Gold,Score
3,Hasar-alan,bahcivan,standart,102,son,32,Altın Hasat II - 4,2,620,Gold,Economy
3,Hasar-alan,bahcivan,standart,102,son,32,Kesim Ustalığı - 3,2,1600,Iron,Damage
3,Hasar-alan,bahcivan,standart,102,son,32,Kritik Güç - 2,1,290,Stone,Crit
3,Hasar-alan,bahcivan,standart,102,son,33,Zengin Cevher - 2,2,110,Stone,Economy
3,Hasar-alan,bahcivan,standart,102,son,33,Nadir Filizler - 3,1,570,Iron,Rarity
3,Hasar-alan,bahcivan,standart,102,son,34,Ağır Kesim - 3,1,3000,Gold,Damage
3,Hasar-alan,bahcivan,standart,102,son,34,Hasat Deneyimi II - 3,2,1300,Gold,Xp
3,Hasar-alan,bahcivan,standart,102,son,34,Verimli Üretim - 4,1,630,Iron,Production
3,Hasar-alan,bahcivan,standart,102,son,34,Kart Sezgisi - 1,3,1100,Gold,Cards
3,Hasar-alan,bahcivan,standart,102,son,34,Kritik Güç - 2,2,330,Stone,Crit
3,Hasar-alan,bahcivan,standart,102,son,35,Kesim Ustalığı - 4,1,1700,Iron,Damage
3,Hasar-alan,bahcivan,standart,102,son,35,Zengin Cevher - 3,1,125,Stone,Economy
3,Hasar-alan,bahcivan,standart,102,son,35,Hasat Rekoru - 4,1,560,Gold,Score
3,Hasar-alan,bahcivan,standart,102,son,36,Ağır Kesim - 3,2,3400,Gold,Damage
3,Hasar-alan,bahcivan,standart,102,son,36,Nadir Filizler - 3,2,640,Iron,Rarity
3,Hasar-alan,bahcivan,standart,102,son,36,Hasat Deneyimi II - 4,1,1400,Gold,Xp
3,Hasar-alan,bahcivan,standart,102,son,36,Kritik Güç - 3,1,380,Stone,Crit
3,Hasar-alan,bahcivan,standart,102,son,36,Verimli Üretim - 4,2,690,Iron,Production
3,Hasar-alan,bahcivan,standart,102,son,37,Kart Sezgisi - 2,1,1300,Gold,Cards
3,Hasar-alan,bahcivan,standart,102,son,37,Zengin Cevher - 3,2,140,Stone,Economy
3,Hasar-alan,bahcivan,standart,102,son,37,Kesim Ustalığı - 4,2,1900,Iron,Damage
3,Hasar-alan,bahcivan,standart,102,son,38,Ağır Kesim - 4,1,3800,Gold,Damage
3,Hasar-alan,bahcivan,standart,102,son,38,Hasat Deneyimi II - 4,2,1500,Gold,Xp
3,Hasar-alan,bahcivan,standart,102,son,38,Hasat Rekoru - 4,2,620,Gold,Score
3,Hasar-alan,bahcivan,standart,102,son,38,Kritik Güç - 3,2,420,Stone,Crit
3,Hasar-alan,bahcivan,standart,102,son,39,Nadir Filizler - 4,1,700,Iron,Rarity
3,Hasar-alan,bahcivan,standart,102,son,39,Zengin Cevher - 4,1,155,Stone,Economy
3,Hasar-alan,bahcivan,standart,102,son,39,Kart Sezgisi - 2,2,1600,Gold,Cards
3,Hasar-alan,bahcivan,standart,102,son,40,Ağır Kesim - 4,2,4100,Gold,Damage
3,Hasar-alan,bahcivan,standart,102,son,40,Kritik Güç - 4,1,470,Stone,Crit
3,Hasar-alan,bahcivan,standart,102,son,41,Grid Genişleme II,2,1800,Stone,Grid
3,Hasar-alan,bahcivan,standart,102,son,41,Nadir Filizler - 4,2,770,Iron,Rarity
3,Hasar-alan,bahcivan,standart,102,son,41,Zengin Cevher - 4,2,170,Stone,Economy
3,Hasar-alan,bahcivan,standart,102,son,42,Kart Sezgisi - 3,1,1800,Gold,Cards
3,Hasar-alan,bahcivan,standart,102,son,42,Kritik Güç - 4,2,520,Stone,Crit
3,Hasar-alan,bahcivan,standart,102,son,44,Kart Sezgisi - 3,2,2000,Gold,Cards
3,Hasar-alan,bahcivan,standart,102,son,47,Kart Sezgisi - 4,1,2200,Gold,Cards
3,Hasar-alan,bahcivan,standart,102,son,49,Kart Sezgisi - 4,2,2400,Gold,Cards
4,Hasar-alan,bahcivan,standart,103,son,2,Keskin Başlangıç - 1,1,5,Gold,Damage
4,Hasar-alan,bahcivan,standart,103,son,2,Keskin Başlangıç - 1,2,7,Gold,Damage
4,Hasar-alan,bahcivan,standart,103,son,2,Keskin Başlangıç - 1,3,8,Gold,Damage
4,Hasar-alan,bahcivan,standart,103,son,2,Keskin Başlangıç - 2,1,10,Gold,Damage
4,Hasar-alan,bahcivan,standart,103,son,3,Altın Hasat I - 1,1,7,Gold,Economy
4,Hasar-alan,bahcivan,standart,103,son,3,Keskin Başlangıç - 2,2,11,Gold,Damage
4,Hasar-alan,bahcivan,standart,103,son,4,Hızlı Eller - 1,1,7,Gold,Speed
4,Hasar-alan,bahcivan,standart,103,son,4,Düzenli Üretim - 1,1,6,Gold,Production
4,Hasar-alan,bahcivan,standart,103,son,5,Hasat Deneyimi I - 1,1,6,Gold,Xp
4,Hasar-alan,bahcivan,standart,103,son,6,Grid Genişleme I,1,30,Gold,Grid
4,Hasar-alan,bahcivan,standart,103,son,6,Altın Hasat I - 1,2,9,Gold,Economy
4,Hasar-alan,bahcivan,standart,103,son,7,Keskin Başlangıç - 3,1,13,Gold,Damage
4,Hasar-alan,bahcivan,standart,103,son,8,Hızlı Eller - 1,2,9,Gold,Speed
4,Hasar-alan,bahcivan,standart,103,son,8,Altın Hasat I - 1,3,11,Gold,Economy
4,Hasar-alan,bahcivan,standart,103,son,8,Keskin Başlangıç - 3,2,14,Gold,Damage
4,Hasar-alan,bahcivan,standart,103,son,9,1×3 Saksı,1,30,Gold,PlanterUnlock
4,Hasar-alan,bahcivan,standart,103,son,9,Kesim Tekniği - 1,1,25,Gold,Damage
4,Hasar-alan,bahcivan,standart,103,son,9,Hasat Deneyimi I - 1,2,8,Gold,Xp
4,Hasar-alan,bahcivan,standart,103,son,10,Hızlı Eller - 1,3,11,Gold,Speed
4,Hasar-alan,bahcivan,standart,103,son,10,Geniş Süpürüş - 1,1,21,Gold,Area
4,Hasar-alan,bahcivan,standart,103,son,10,Düzenli Üretim - 1,2,8,Gold,Production
4,Hasar-alan,bahcivan,standart,103,son,10,Keskin Başlangıç - 4,1,16,Gold,Damage
4,Hasar-alan,bahcivan,standart,103,son,10,Altın Hasat I - 2,1,13,Gold,Economy
4,Hasar-alan,bahcivan,standart,103,son,11,Geniş Süpürüş - 1,2,28,Gold,Area
4,Hasar-alan,bahcivan,standart,103,son,11,Kesim Tekniği - 1,2,35,Gold,Damage
4,Hasar-alan,bahcivan,standart,103,son,11,Keskin Başlangıç - 4,2,17,Gold,Damage
4,Hasar-alan,bahcivan,standart,103,son,11,Grid Genişleme I,2,30,Iron,Grid
4,Hasar-alan,bahcivan,standart,103,son,12,Hızlı Eller - 2,1,12,Gold,Speed
4,Hasar-alan,bahcivan,standart,103,son,12,Hasat Deneyimi I - 1,3,10,Gold,Xp
4,Hasar-alan,bahcivan,standart,103,son,12,Altın Hasat I - 2,2,16,Gold,Economy
4,Hasar-alan,bahcivan,standart,103,son,12,Düzenli Üretim - 1,3,10,Gold,Production
4,Hasar-alan,bahcivan,standart,103,son,12,Geniş Süpürüş - 1,3,35,Gold,Area
4,Hasar-alan,bahcivan,standart,103,son,12,Tornado Kartları,1,30,Iron,BehaviorUnlock
4,Hasar-alan,bahcivan,standart,103,son,14,Hızlı Eller - 2,2,14,Gold,Speed
4,Hasar-alan,bahcivan,standart,103,son,14,Kesim Tekniği - 1,3,40,Gold,Damage
4,Hasar-alan,bahcivan,standart,103,son,14,Altın Hasat I - 3,1,18,Gold,Economy
4,Hasar-alan,bahcivan,standart,103,son,14,Hasat Deneyimi I - 2,1,12,Gold,Xp
4,Hasar-alan,bahcivan,standart,103,son,14,2×2 Saksı,1,80,Gold,PlanterUnlock
4,Hasar-alan,bahcivan,standart,103,son,14,Düzenli Üretim - 2,1,12,Gold,Production
4,Hasar-alan,bahcivan,standart,103,son,14,Hızlı Eller - 3,1,16,Gold,Speed
4,Hasar-alan,bahcivan,standart,103,son,14,Altın Hasat I - 3,2,20,Gold,Economy
4,Hasar-alan,bahcivan,standart,103,son,14,Geniş Süpürüş - 2,1,40,Gold,Area
4,Hasar-alan,bahcivan,standart,103,son,14,Çifte Hasat Kartları,1,25,Iron,Economy
4,Hasar-alan,bahcivan,standart,103,son,15,Kesim Tekniği - 2,1,50,Gold,Damage
4,Hasar-alan,bahcivan,standart,103,son,15,Hasat Deneyimi I - 2,2,14,Gold,Xp
4,Hasar-alan,bahcivan,standart,103,son,15,Demir Hasat - 1,1,25,Gold,Economy
4,Hasar-alan,bahcivan,standart,103,son,15,Hızlı Eller - 3,2,18,Gold,Speed
4,Hasar-alan,bahcivan,standart,103,son,15,Düzenli Üretim - 2,2,13,Gold,Production
4,Hasar-alan,bahcivan,standart,103,son,15,Altın Hasat I - 4,1,22,Gold,Economy
4,Hasar-alan,bahcivan,standart,103,son,15,Geniş Süpürüş - 2,2,45,Gold,Area
4,Hasar-alan,bahcivan,standart,103,son,15,Güçlü Kesim - 1,1,120,Gold,Damage
4,Hasar-alan,bahcivan,standart,103,son,15,Kesim Tekniği - 2,2,55,Gold,Damage
4,Hasar-alan,bahcivan,standart,103,son,15,Hasat Deneyimi I - 3,1,16,Gold,Xp
4,Hasar-alan,bahcivan,standart,103,son,15,Hızlı Eller - 4,1,20,Gold,Speed
4,Hasar-alan,bahcivan,standart,103,son,15,Altın Hasat I - 4,2,24,Gold,Economy
4,Hasar-alan,bahcivan,standart,103,son,16,Demir Hasat - 1,2,35,Gold,Economy
4,Hasar-alan,bahcivan,standart,103,son,16,Düzenli Üretim - 3,1,15,Gold,Production
4,Hasar-alan,bahcivan,standart,103,son,16,Geniş Süpürüş - 3,1,55,Gold,Area
4,Hasar-alan,bahcivan,standart,103,son,16,Hasat Deneyimi I - 3,2,18,Gold,Xp
4,Hasar-alan,bahcivan,standart,103,son,16,Kesim Tekniği - 3,1,65,Gold,Damage
4,Hasar-alan,bahcivan,standart,103,son,16,Hızlı Eller - 4,2,22,Gold,Speed
4,Hasar-alan,bahcivan,standart,103,son,16,Güçlü Kesim - 1,2,160,Gold,Damage
4,Hasar-alan,bahcivan,standart,103,son,16,Düzenli Üretim - 3,2,17,Gold,Production
4,Hasar-alan,bahcivan,standart,103,son,16,Bumerang Orak Kartları,1,40,Iron,BehaviorUnlock
4,Hasar-alan,bahcivan,standart,103,son,17,2×3 Saksı,1,200,Gold,PlanterUnlock
4,Hasar-alan,bahcivan,standart,103,son,17,Hasat Deneyimi I - 4,1,20,Gold,Xp
4,Hasar-alan,bahcivan,standart,103,son,17,Demir Hasat - 1,3,40,Gold,Economy
4,Hasar-alan,bahcivan,standart,103,son,17,Geniş Süpürüş - 3,2,60,Gold,Area
4,Hasar-alan,bahcivan,standart,103,son,17,Kesim Tekniği - 3,2,70,Gold,Damage
4,Hasar-alan,bahcivan,standart,103,son,17,Güçlü Kesim - 1,3,195,Gold,Damage
4,Hasar-alan,bahcivan,standart,103,son,17,Akıcı Kesim - 1,1,160,Gold,Speed
4,Hasar-alan,bahcivan,standart,103,son,17,Taş Hasat - 1,1,35,Iron,Economy
4,Hasar-alan,bahcivan,standart,103,son,17,Taş Hasat - 1,2,45,Iron,Economy
4,Hasar-alan,bahcivan,standart,103,son,18,Geniş Tarama - 1,1,160,Gold,Area
4,Hasar-alan,bahcivan,standart,103,son,18,Hasat Deneyimi I - 4,2,21,Gold,Xp
4,Hasar-alan,bahcivan,standart,103,son,18,Kritik Odak - 1,1,150,Gold,Crit
4,Hasar-alan,bahcivan,standart,103,son,18,Düzenli Üretim - 4,1,19,Gold,Production
4,Hasar-alan,bahcivan,standart,103,son,18,Geniş Süpürüş - 4,1,65,Gold,Area
4,Hasar-alan,bahcivan,standart,103,son,18,Kesim Tekniği - 4,1,80,Gold,Damage
4,Hasar-alan,bahcivan,standart,103,son,18,Demir Hasat - 2,1,50,Gold,Economy
4,Hasar-alan,bahcivan,standart,103,son,18,Düzenli Üretim - 4,2,21,Gold,Production
4,Hasar-alan,bahcivan,standart,103,son,18,Verimli Üretim - 1,1,200,Iron,Production
4,Hasar-alan,bahcivan,standart,103,son,19,Hasat Rekoru - 1,1,180,Gold,Score
4,Hasar-alan,bahcivan,standart,103,son,19,Güçlü Kesim - 2,1,230,Gold,Damage
4,Hasar-alan,bahcivan,standart,103,son,19,Geniş Süpürüş - 4,2,70,Gold,Area
4,Hasar-alan,bahcivan,standart,103,son,19,Geniş Tarama - 1,2,210,Gold,Area
4,Hasar-alan,bahcivan,standart,103,son,19,Kesim Tekniği - 4,2,85,Gold,Damage
4,Hasar-alan,bahcivan,standart,103,son,19,İlk Vazgeçiş,1,150,Gold,Cards
4,Hasar-alan,bahcivan,standart,103,son,19,Akıcı Kesim - 1,2,210,Gold,Speed
4,Hasar-alan,bahcivan,standart,103,son,19,Taş Hasat - 1,3,55,Iron,Economy
4,Hasar-alan,bahcivan,standart,103,son,19,Nadir Filizler - 1,1,230,Iron,Rarity
4,Hasar-alan,bahcivan,standart,103,son,20,Kritik Odak - 1,2,195,Gold,Crit
4,Hasar-alan,bahcivan,standart,103,son,20,Demir Hasat - 2,2,55,Gold,Economy
4,Hasar-alan,bahcivan,standart,103,son,20,Güçlü Kesim - 2,2,270,Gold,Damage
4,Hasar-alan,bahcivan,standart,103,son,20,Altın Hasat II - 1,1,180,Gold,Economy
4,Hasar-alan,bahcivan,standart,103,son,20,Kesim Ustalığı - 1,1,560,Iron,Damage
4,Hasar-alan,bahcivan,standart,103,son,20,Demir Hasat - 3,1,65,Gold,Economy
4,Hasar-alan,bahcivan,standart,103,son,20,Grid Genişleme II,1,100,Stone,Grid
4,Hasar-alan,bahcivan,standart,103,son,21,Geniş Tarama - 1,3,260,Gold,Area
4,Hasar-alan,bahcivan,standart,103,son,21,Hasat Rekoru - 1,2,240,Gold,Score
4,Hasar-alan,bahcivan,standart,103,son,21,Akıcı Kesim - 1,3,260,Gold,Speed
4,Hasar-alan,bahcivan,standart,103,son,21,Verimli Üretim - 1,2,260,Iron,Production
4,Hasar-alan,bahcivan,standart,103,son,21,Taş Hasat - 2,1,65,Iron,Economy
4,Hasar-alan,bahcivan,standart,103,son,22,Kritik Odak - 1,3,240,Gold,Crit
4,Hasar-alan,bahcivan,standart,103,son,22,Güçlü Kesim - 3,1,300,Gold,Damage
4,Hasar-alan,bahcivan,standart,103,son,22,Altın Hasat II - 1,2,240,Gold,Economy
4,Hasar-alan,bahcivan,standart,103,son,22,Geniş Tarama - 2,1,310,Gold,Area
4,Hasar-alan,bahcivan,standart,103,son,22,Demir Hasat - 3,2,70,Gold,Economy
4,Hasar-alan,bahcivan,standart,103,son,22,Kesim Ustalığı - 1,2,720,Iron,Damage
4,Hasar-alan,bahcivan,standart,103,son,23,Akıcı Kesim - 2,1,310,Gold,Speed
4,Hasar-alan,bahcivan,standart,103,son,23,Kritik Odak - 2,1,290,Gold,Crit
4,Hasar-alan,bahcivan,standart,103,son,23,Hasat Rekoru - 1,3,290,Gold,Score
4,Hasar-alan,bahcivan,standart,103,son,23,Güçlü Kesim - 3,2,340,Gold,Damage
4,Hasar-alan,bahcivan,standart,103,son,23,Altın Hasat II - 1,3,290,Gold,Economy
4,Hasar-alan,bahcivan,standart,103,son,23,Geniş Tarama - 2,2,360,Gold,Area
4,Hasar-alan,bahcivan,standart,103,son,23,Demir Hasat - 4,1,80,Gold,Economy
4,Hasar-alan,bahcivan,standart,103,son,23,Nadir Filizler - 1,2,300,Iron,Rarity
4,Hasar-alan,bahcivan,standart,103,son,23,Taş Hasat - 2,2,80,Iron,Economy
4,Hasar-alan,bahcivan,standart,103,son,23,Verimli Üretim - 1,3,320,Iron,Production
4,Hasar-alan,bahcivan,standart,103,son,24,Akıcı Kesim - 2,2,360,Gold,Speed
4,Hasar-alan,bahcivan,standart,103,son,24,Kritik Odak - 2,2,330,Gold,Crit
4,Hasar-alan,bahcivan,standart,103,son,24,Hasat Deneyimi II - 1,1,450,Gold,Xp
4,Hasar-alan,bahcivan,standart,103,son,24,Güçlü Kesim - 4,1,380,Gold,Damage
4,Hasar-alan,bahcivan,standart,103,son,24,Altın Hasat II - 2,1,350,Gold,Economy
4,Hasar-alan,bahcivan,standart,103,son,24,Geniş Tarama - 3,1,400,Gold,Area
4,Hasar-alan,bahcivan,standart,103,son,24,Kesim Ustalığı - 1,3,890,Iron,Damage
4,Hasar-alan,bahcivan,standart,103,son,24,Hasat Rekoru - 2,1,350,Gold,Score
4,Hasar-alan,bahcivan,standart,103,son,24,Demir Hasat - 4,2,85,Gold,Economy
4,Hasar-alan,bahcivan,standart,103,son,24,Zengin Cevher - 1,1,50,Stone,Economy
4,Hasar-alan,bahcivan,standart,103,son,25,Ağır Kesim - 1,1,1200,Gold,Damage
4,Hasar-alan,bahcivan,standart,103,son,25,Akıcı Kesim - 3,1,400,Gold,Speed
4,Hasar-alan,bahcivan,standart,103,son,25,Kritik Odak - 3,1,380,Gold,Crit
4,Hasar-alan,bahcivan,standart,103,son,25,Altın Hasat II - 2,2,400,Gold,Economy
4,Hasar-alan,bahcivan,standart,103,son,25,Kesim Ustalığı - 2,1,1100,Iron,Damage
4,Hasar-alan,bahcivan,standart,103,son,25,Nadir Filizler - 1,3,360,Iron,Rarity
4,Hasar-alan,bahcivan,standart,103,son,25,Taş Hasat - 3,1,90,Iron,Economy
4,Hasar-alan,bahcivan,standart,103,son,26,Hasat Deneyimi II - 1,2,590,Gold,Xp
4,Hasar-alan,bahcivan,standart,103,son,26,Geniş Tarama - 3,2,450,Gold,Area
4,Hasar-alan,bahcivan,standart,103,son,26,Güçlü Kesim - 4,2,410,Gold,Damage
4,Hasar-alan,bahcivan,standart,103,son,26,Akıcı Kesim - 3,2,450,Gold,Speed
4,Hasar-alan,bahcivan,standart,103,son,26,Kritik Odak - 3,2,420,Gold,Crit
4,Hasar-alan,bahcivan,standart,103,son,26,Verimli Üretim - 2,1,380,Iron,Production
4,Hasar-alan,bahcivan,standart,103,son,26,Kritik Güç - 1,1,150,Stone,Crit
4,Hasar-alan,bahcivan,standart,103,son,27,Ağır Kesim - 1,2,1600,Gold,Damage
4,Hasar-alan,bahcivan,standart,103,son,27,Hasat Deneyimi II - 1,3,730,Gold,Xp
4,Hasar-alan,bahcivan,standart,103,son,27,Hasat Rekoru - 2,2,400,Gold,Score
4,Hasar-alan,bahcivan,standart,103,son,27,Altın Hasat II - 3,1,450,Gold,Economy
4,Hasar-alan,bahcivan,standart,103,son,27,İkinci Vazgeçiş,1,800,Iron,Cards
4,Hasar-alan,bahcivan,standart,103,son,27,Zengin Cevher - 1,2,65,Stone,Economy
4,Hasar-alan,bahcivan,standart,103,son,27,Taş Hasat - 3,2,100,Iron,Economy
4,Hasar-alan,bahcivan,standart,103,son,27,Kesim Ustalığı - 2,2,1200,Iron,Damage
4,Hasar-alan,bahcivan,standart,103,son,28,Geniş Tarama - 4,1,500,Gold,Area
4,Hasar-alan,bahcivan,standart,103,son,28,Ağır Kesim - 1,3,1900,Gold,Damage
4,Hasar-alan,bahcivan,standart,103,son,28,Akıcı Kesim - 4,1,500,Gold,Speed
4,Hasar-alan,bahcivan,standart,103,son,28,Kritik Odak - 4,1,470,Gold,Crit
4,Hasar-alan,bahcivan,standart,103,son,28,Verimli Üretim - 2,2,440,Iron,Production
4,Hasar-alan,bahcivan,standart,103,son,28,Nadir Filizler - 2,1,430,Iron,Rarity
4,Hasar-alan,bahcivan,standart,103,son,28,Kritik Güç - 1,2,195,Stone,Crit
4,Hasar-alan,bahcivan,standart,103,son,29,Hasat Deneyimi II - 2,1,860,Gold,Xp
4,Hasar-alan,bahcivan,standart,103,son,29,Altın Hasat II - 3,2,510,Gold,Economy
4,Hasar-alan,bahcivan,standart,103,son,29,Geniş Tarama - 4,2,550,Gold,Area
4,Hasar-alan,bahcivan,standart,103,son,29,Zengin Cevher - 1,3,80,Stone,Economy
4,Hasar-alan,bahcivan,standart,103,son,29,Hasat Rekoru - 3,1,450,Gold,Score
4,Hasar-alan,bahcivan,standart,103,son,29,Taş Hasat - 4,1,110,Iron,Economy
4,Hasar-alan,bahcivan,standart,103,son,29,Akıcı Kesim - 4,2,550,Gold,Speed
4,Hasar-alan,bahcivan,standart,103,son,29,Kart Sezgisi - 1,1,710,Gold,Cards
4,Hasar-alan,bahcivan,standart,103,son,30,Ağır Kesim - 2,1,2300,Gold,Damage
4,Hasar-alan,bahcivan,standart,103,son,30,Kritik Odak - 4,2,520,Gold,Crit
4,Hasar-alan,bahcivan,standart,103,son,30,Verimli Üretim - 3,1,510,Iron,Production
4,Hasar-alan,bahcivan,standart,103,son,30,Hasat Deneyimi II - 2,2,1000,Gold,Xp
4,Hasar-alan,bahcivan,standart,103,son,30,Kesim Ustalığı - 3,1,1400,Iron,Damage
4,Hasar-alan,bahcivan,standart,103,son,30,Kritik Güç - 1,3,240,Stone,Crit
4,Hasar-alan,bahcivan,standart,103,son,30,Nadir Filizler - 2,2,500,Iron,Rarity
4,Hasar-alan,bahcivan,standart,103,son,31,Altın Hasat II - 4,1,560,Gold,Economy
4,Hasar-alan,bahcivan,standart,103,son,31,Zengin Cevher - 2,1,95,Stone,Economy
4,Hasar-alan,bahcivan,standart,103,son,31,Ağır Kesim - 2,2,2700,Gold,Damage
4,Hasar-alan,bahcivan,standart,103,son,31,Taş Hasat - 4,2,120,Iron,Economy
4,Hasar-alan,bahcivan,standart,103,son,32,Kart Sezgisi - 1,2,920,Gold,Cards
4,Hasar-alan,bahcivan,standart,103,son,32,Verimli Üretim - 3,2,570,Iron,Production
4,Hasar-alan,bahcivan,standart,103,son,32,Hasat Deneyimi II - 3,1,1100,Gold,Xp
4,Hasar-alan,bahcivan,standart,103,son,32,Hasat Rekoru - 3,2,510,Gold,Score
4,Hasar-alan,bahcivan,standart,103,son,32,Altın Hasat II - 4,2,620,Gold,Economy
4,Hasar-alan,bahcivan,standart,103,son,32,Kesim Ustalığı - 3,2,1600,Iron,Damage
4,Hasar-alan,bahcivan,standart,103,son,32,Kritik Güç - 2,1,290,Stone,Crit
4,Hasar-alan,bahcivan,standart,103,son,33,Zengin Cevher - 2,2,110,Stone,Economy
4,Hasar-alan,bahcivan,standart,103,son,33,Nadir Filizler - 3,1,570,Iron,Rarity
4,Hasar-alan,bahcivan,standart,103,son,34,Ağır Kesim - 3,1,3000,Gold,Damage
4,Hasar-alan,bahcivan,standart,103,son,34,Hasat Deneyimi II - 3,2,1300,Gold,Xp
4,Hasar-alan,bahcivan,standart,103,son,34,Verimli Üretim - 4,1,630,Iron,Production
4,Hasar-alan,bahcivan,standart,103,son,34,Kart Sezgisi - 1,3,1100,Gold,Cards
4,Hasar-alan,bahcivan,standart,103,son,34,Kritik Güç - 2,2,330,Stone,Crit
4,Hasar-alan,bahcivan,standart,103,son,35,Kesim Ustalığı - 4,1,1700,Iron,Damage
4,Hasar-alan,bahcivan,standart,103,son,35,Zengin Cevher - 3,1,125,Stone,Economy
4,Hasar-alan,bahcivan,standart,103,son,35,Hasat Rekoru - 4,1,560,Gold,Score
4,Hasar-alan,bahcivan,standart,103,son,36,Ağır Kesim - 3,2,3400,Gold,Damage
4,Hasar-alan,bahcivan,standart,103,son,36,Nadir Filizler - 3,2,640,Iron,Rarity
4,Hasar-alan,bahcivan,standart,103,son,36,Hasat Deneyimi II - 4,1,1400,Gold,Xp
4,Hasar-alan,bahcivan,standart,103,son,36,Kritik Güç - 3,1,380,Stone,Crit
4,Hasar-alan,bahcivan,standart,103,son,36,Verimli Üretim - 4,2,690,Iron,Production
4,Hasar-alan,bahcivan,standart,103,son,37,Kart Sezgisi - 2,1,1300,Gold,Cards
4,Hasar-alan,bahcivan,standart,103,son,37,Zengin Cevher - 3,2,140,Stone,Economy
4,Hasar-alan,bahcivan,standart,103,son,37,Kesim Ustalığı - 4,2,1900,Iron,Damage
4,Hasar-alan,bahcivan,standart,103,son,38,Ağır Kesim - 4,1,3800,Gold,Damage
4,Hasar-alan,bahcivan,standart,103,son,38,Hasat Deneyimi II - 4,2,1500,Gold,Xp
4,Hasar-alan,bahcivan,standart,103,son,38,Hasat Rekoru - 4,2,620,Gold,Score
4,Hasar-alan,bahcivan,standart,103,son,38,Kritik Güç - 3,2,420,Stone,Crit
4,Hasar-alan,bahcivan,standart,103,son,39,Nadir Filizler - 4,1,700,Iron,Rarity
4,Hasar-alan,bahcivan,standart,103,son,39,Zengin Cevher - 4,1,155,Stone,Economy
4,Hasar-alan,bahcivan,standart,103,son,39,Kart Sezgisi - 2,2,1600,Gold,Cards
4,Hasar-alan,bahcivan,standart,103,son,40,Ağır Kesim - 4,2,4100,Gold,Damage
4,Hasar-alan,bahcivan,standart,103,son,40,Kritik Güç - 4,1,470,Stone,Crit
4,Hasar-alan,bahcivan,standart,103,son,41,Grid Genişleme II,2,1800,Stone,Grid
4,Hasar-alan,bahcivan,standart,103,son,41,Nadir Filizler - 4,2,770,Iron,Rarity
4,Hasar-alan,bahcivan,standart,103,son,41,Zengin Cevher - 4,2,170,Stone,Economy
4,Hasar-alan,bahcivan,standart,103,son,42,Kart Sezgisi - 3,1,1800,Gold,Cards
4,Hasar-alan,bahcivan,standart,103,son,42,Kritik Güç - 4,2,520,Stone,Crit
4,Hasar-alan,bahcivan,standart,103,son,44,Kart Sezgisi - 3,2,2000,Gold,Cards
4,Hasar-alan,bahcivan,standart,103,son,47,Kart Sezgisi - 4,1,2200,Gold,Cards
4,Hasar-alan,bahcivan,standart,103,son,49,Kart Sezgisi - 4,2,2400,Gold,Cards
5,Hasar-alan,bahcivan,standart,104,son,1,Keskin Başlangıç - 1,1,5,Gold,Damage
5,Hasar-alan,bahcivan,standart,104,son,2,Keskin Başlangıç - 1,2,7,Gold,Damage
5,Hasar-alan,bahcivan,standart,104,son,4,Keskin Başlangıç - 1,3,8,Gold,Damage
5,Hasar-alan,bahcivan,standart,104,son,4,Keskin Başlangıç - 2,1,10,Gold,Damage
5,Hasar-alan,bahcivan,standart,104,son,4,Altın Hasat I - 1,1,7,Gold,Economy
5,Hasar-alan,bahcivan,standart,104,son,5,Keskin Başlangıç - 2,2,11,Gold,Damage
5,Hasar-alan,bahcivan,standart,104,son,5,Grid Genişleme I,1,30,Gold,Grid
5,Hasar-alan,bahcivan,standart,104,son,5,Hızlı Eller - 1,1,7,Gold,Speed
5,Hasar-alan,bahcivan,standart,104,son,5,Altın Hasat I - 1,2,9,Gold,Economy
5,Hasar-alan,bahcivan,standart,104,son,6,Keskin Başlangıç - 3,1,13,Gold,Damage
5,Hasar-alan,bahcivan,standart,104,son,8,Düzenli Üretim - 1,1,6,Gold,Production
5,Hasar-alan,bahcivan,standart,104,son,8,Hasat Deneyimi I - 1,1,6,Gold,Xp
5,Hasar-alan,bahcivan,standart,104,son,8,Hızlı Eller - 1,2,9,Gold,Speed
5,Hasar-alan,bahcivan,standart,104,son,8,Altın Hasat I - 1,3,11,Gold,Economy
5,Hasar-alan,bahcivan,standart,104,son,8,Keskin Başlangıç - 3,2,14,Gold,Damage
5,Hasar-alan,bahcivan,standart,104,son,9,1×3 Saksı,1,30,Gold,PlanterUnlock
5,Hasar-alan,bahcivan,standart,104,son,9,Kesim Tekniği - 1,1,25,Gold,Damage
5,Hasar-alan,bahcivan,standart,104,son,9,Hasat Deneyimi I - 1,2,8,Gold,Xp
5,Hasar-alan,bahcivan,standart,104,son,9,Hızlı Eller - 1,3,11,Gold,Speed
5,Hasar-alan,bahcivan,standart,104,son,10,Geniş Süpürüş - 1,1,21,Gold,Area
5,Hasar-alan,bahcivan,standart,104,son,10,Düzenli Üretim - 1,2,8,Gold,Production
5,Hasar-alan,bahcivan,standart,104,son,10,Keskin Başlangıç - 4,1,16,Gold,Damage
5,Hasar-alan,bahcivan,standart,104,son,10,Altın Hasat I - 2,1,13,Gold,Economy
5,Hasar-alan,bahcivan,standart,104,son,10,Geniş Süpürüş - 1,2,28,Gold,Area
5,Hasar-alan,bahcivan,standart,104,son,11,Kesim Tekniği - 1,2,35,Gold,Damage
5,Hasar-alan,bahcivan,standart,104,son,11,Keskin Başlangıç - 4,2,17,Gold,Damage
5,Hasar-alan,bahcivan,standart,104,son,11,Hızlı Eller - 2,1,12,Gold,Speed
5,Hasar-alan,bahcivan,standart,104,son,11,Hasat Deneyimi I - 1,3,10,Gold,Xp
5,Hasar-alan,bahcivan,standart,104,son,11,Altın Hasat I - 2,2,16,Gold,Economy
5,Hasar-alan,bahcivan,standart,104,son,11,Düzenli Üretim - 1,3,10,Gold,Production
5,Hasar-alan,bahcivan,standart,104,son,11,Geniş Süpürüş - 1,3,35,Gold,Area
5,Hasar-alan,bahcivan,standart,104,son,11,Grid Genişleme I,2,30,Iron,Grid
5,Hasar-alan,bahcivan,standart,104,son,12,Hızlı Eller - 2,2,14,Gold,Speed
5,Hasar-alan,bahcivan,standart,104,son,12,Kesim Tekniği - 1,3,40,Gold,Damage
5,Hasar-alan,bahcivan,standart,104,son,12,Altın Hasat I - 3,1,18,Gold,Economy
5,Hasar-alan,bahcivan,standart,104,son,12,Hasat Deneyimi I - 2,1,12,Gold,Xp
5,Hasar-alan,bahcivan,standart,104,son,12,2×2 Saksı,1,80,Gold,PlanterUnlock
5,Hasar-alan,bahcivan,standart,104,son,12,Düzenli Üretim - 2,1,12,Gold,Production
5,Hasar-alan,bahcivan,standart,104,son,12,Çifte Hasat Kartları,1,25,Iron,Economy
5,Hasar-alan,bahcivan,standart,104,son,12,Tornado Kartları,1,30,Iron,BehaviorUnlock
5,Hasar-alan,bahcivan,standart,104,son,13,Hızlı Eller - 3,1,16,Gold,Speed
5,Hasar-alan,bahcivan,standart,104,son,13,Altın Hasat I - 3,2,20,Gold,Economy
5,Hasar-alan,bahcivan,standart,104,son,13,Geniş Süpürüş - 2,1,40,Gold,Area
5,Hasar-alan,bahcivan,standart,104,son,14,Kesim Tekniği - 2,1,50,Gold,Damage
5,Hasar-alan,bahcivan,standart,104,son,14,Hasat Deneyimi I - 2,2,14,Gold,Xp
5,Hasar-alan,bahcivan,standart,104,son,14,Demir Hasat - 1,1,25,Gold,Economy
5,Hasar-alan,bahcivan,standart,104,son,14,Hızlı Eller - 3,2,18,Gold,Speed
5,Hasar-alan,bahcivan,standart,104,son,14,Düzenli Üretim - 2,2,13,Gold,Production
5,Hasar-alan,bahcivan,standart,104,son,14,Altın Hasat I - 4,1,22,Gold,Economy
5,Hasar-alan,bahcivan,standart,104,son,14,Geniş Süpürüş - 2,2,45,Gold,Area
5,Hasar-alan,bahcivan,standart,104,son,14,Güçlü Kesim - 1,1,120,Gold,Damage
5,Hasar-alan,bahcivan,standart,104,son,14,Kesim Tekniği - 2,2,55,Gold,Damage
5,Hasar-alan,bahcivan,standart,104,son,14,Hasat Deneyimi I - 3,1,16,Gold,Xp
5,Hasar-alan,bahcivan,standart,104,son,14,Hızlı Eller - 4,1,20,Gold,Speed
5,Hasar-alan,bahcivan,standart,104,son,14,Altın Hasat I - 4,2,24,Gold,Economy
5,Hasar-alan,bahcivan,standart,104,son,14,Demir Hasat - 1,2,35,Gold,Economy
5,Hasar-alan,bahcivan,standart,104,son,14,Düzenli Üretim - 3,1,15,Gold,Production
5,Hasar-alan,bahcivan,standart,104,son,15,Geniş Süpürüş - 3,1,55,Gold,Area
5,Hasar-alan,bahcivan,standart,104,son,15,Hasat Deneyimi I - 3,2,18,Gold,Xp
5,Hasar-alan,bahcivan,standart,104,son,15,Kesim Tekniği - 3,1,65,Gold,Damage
5,Hasar-alan,bahcivan,standart,104,son,15,Hızlı Eller - 4,2,22,Gold,Speed
5,Hasar-alan,bahcivan,standart,104,son,15,Güçlü Kesim - 1,2,160,Gold,Damage
5,Hasar-alan,bahcivan,standart,104,son,15,2×3 Saksı,1,200,Gold,PlanterUnlock
5,Hasar-alan,bahcivan,standart,104,son,15,Düzenli Üretim - 3,2,17,Gold,Production
5,Hasar-alan,bahcivan,standart,104,son,15,Hasat Deneyimi I - 4,1,20,Gold,Xp
5,Hasar-alan,bahcivan,standart,104,son,15,Demir Hasat - 1,3,40,Gold,Economy
5,Hasar-alan,bahcivan,standart,104,son,15,Taş Hasat - 1,1,35,Iron,Economy
5,Hasar-alan,bahcivan,standart,104,son,16,Geniş Süpürüş - 3,2,60,Gold,Area
5,Hasar-alan,bahcivan,standart,104,son,16,Kesim Tekniği - 3,2,70,Gold,Damage
5,Hasar-alan,bahcivan,standart,104,son,16,Güçlü Kesim - 1,3,195,Gold,Damage
5,Hasar-alan,bahcivan,standart,104,son,16,Akıcı Kesim - 1,1,160,Gold,Speed
5,Hasar-alan,bahcivan,standart,104,son,16,Geniş Tarama - 1,1,160,Gold,Area
5,Hasar-alan,bahcivan,standart,104,son,16,Hasat Deneyimi I - 4,2,21,Gold,Xp
5,Hasar-alan,bahcivan,standart,104,son,16,Düzenli Üretim - 4,1,19,Gold,Production
5,Hasar-alan,bahcivan,standart,104,son,16,Düzenli Üretim - 4,2,21,Gold,Production
5,Hasar-alan,bahcivan,standart,104,son,16,Bumerang Orak Kartları,1,40,Iron,BehaviorUnlock
5,Hasar-alan,bahcivan,standart,104,son,17,Kritik Odak - 1,1,150,Gold,Crit
5,Hasar-alan,bahcivan,standart,104,son,17,Geniş Süpürüş - 4,1,65,Gold,Area
5,Hasar-alan,bahcivan,standart,104,son,17,Kesim Tekniği - 4,1,80,Gold,Damage
5,Hasar-alan,bahcivan,standart,104,son,17,Demir Hasat - 2,1,50,Gold,Economy
5,Hasar-alan,bahcivan,standart,104,son,17,Hasat Rekoru - 1,1,180,Gold,Score
5,Hasar-alan,bahcivan,standart,104,son,17,Demir Hasat - 2,2,55,Gold,Economy
5,Hasar-alan,bahcivan,standart,104,son,17,Taş Hasat - 1,2,45,Iron,Economy
5,Hasar-alan,bahcivan,standart,104,son,18,Güçlü Kesim - 2,1,230,Gold,Damage
5,Hasar-alan,bahcivan,standart,104,son,18,Geniş Süpürüş - 4,2,70,Gold,Area
5,Hasar-alan,bahcivan,standart,104,son,18,Geniş Tarama - 1,2,210,Gold,Area
5,Hasar-alan,bahcivan,standart,104,son,18,Kesim Tekniği - 4,2,85,Gold,Damage
5,Hasar-alan,bahcivan,standart,104,son,18,İlk Vazgeçiş,1,150,Gold,Cards
5,Hasar-alan,bahcivan,standart,104,son,18,Kesim Ustalığı - 1,1,560,Iron,Damage
5,Hasar-alan,bahcivan,standart,104,son,19,Akıcı Kesim - 1,2,210,Gold,Speed
5,Hasar-alan,bahcivan,standart,104,son,19,Kritik Odak - 1,2,195,Gold,Crit
5,Hasar-alan,bahcivan,standart,104,son,19,Güçlü Kesim - 2,2,270,Gold,Damage
5,Hasar-alan,bahcivan,standart,104,son,19,Altın Hasat II - 1,1,180,Gold,Economy
5,Hasar-alan,bahcivan,standart,104,son,19,Demir Hasat - 3,1,65,Gold,Economy
5,Hasar-alan,bahcivan,standart,104,son,19,Grid Genişleme II,1,100,Stone,Grid
5,Hasar-alan,bahcivan,standart,104,son,19,Verimli Üretim - 1,1,200,Iron,Production
5,Hasar-alan,bahcivan,standart,104,son,19,Taş Hasat - 1,3,55,Iron,Economy
5,Hasar-alan,bahcivan,standart,104,son,20,Geniş Tarama - 1,3,260,Gold,Area
5,Hasar-alan,bahcivan,standart,104,son,20,Hasat Rekoru - 1,2,240,Gold,Score
5,Hasar-alan,bahcivan,standart,104,son,20,Nadir Filizler - 1,1,230,Iron,Rarity
5,Hasar-alan,bahcivan,standart,104,son,21,Akıcı Kesim - 1,3,260,Gold,Speed
5,Hasar-alan,bahcivan,standart,104,son,21,Kritik Odak - 1,3,240,Gold,Crit
5,Hasar-alan,bahcivan,standart,104,son,21,Güçlü Kesim - 3,1,300,Gold,Damage
5,Hasar-alan,bahcivan,standart,104,son,21,Altın Hasat II - 1,2,240,Gold,Economy
5,Hasar-alan,bahcivan,standart,104,son,21,Demir Hasat - 3,2,70,Gold,Economy
5,Hasar-alan,bahcivan,standart,104,son,21,Verimli Üretim - 1,2,260,Iron,Production
5,Hasar-alan,bahcivan,standart,104,son,21,Taş Hasat - 2,1,65,Iron,Economy
5,Hasar-alan,bahcivan,standart,104,son,22,Geniş Tarama - 2,1,310,Gold,Area
5,Hasar-alan,bahcivan,standart,104,son,22,Akıcı Kesim - 2,1,310,Gold,Speed
5,Hasar-alan,bahcivan,standart,104,son,22,Kritik Odak - 2,1,290,Gold,Crit
5,Hasar-alan,bahcivan,standart,104,son,22,Demir Hasat - 4,1,80,Gold,Economy
5,Hasar-alan,bahcivan,standart,104,son,22,Nadir Filizler - 1,2,300,Iron,Rarity
5,Hasar-alan,bahcivan,standart,104,son,23,Hasat Rekoru - 1,3,290,Gold,Score
5,Hasar-alan,bahcivan,standart,104,son,23,Güçlü Kesim - 3,2,340,Gold,Damage
5,Hasar-alan,bahcivan,standart,104,son,23,Altın Hasat II - 1,3,290,Gold,Economy
5,Hasar-alan,bahcivan,standart,104,son,23,Taş Hasat - 2,2,80,Iron,Economy
5,Hasar-alan,bahcivan,standart,104,son,24,Kesim Ustalığı - 1,2,720,Iron,Damage
5,Hasar-alan,bahcivan,standart,104,son,24,Geniş Tarama - 2,2,360,Gold,Area
5,Hasar-alan,bahcivan,standart,104,son,24,Akıcı Kesim - 2,2,360,Gold,Speed
5,Hasar-alan,bahcivan,standart,104,son,24,Kritik Odak - 2,2,330,Gold,Crit
5,Hasar-alan,bahcivan,standart,104,son,24,Hasat Deneyimi II - 1,1,450,Gold,Xp
5,Hasar-alan,bahcivan,standart,104,son,24,Verimli Üretim - 1,3,320,Iron,Production
5,Hasar-alan,bahcivan,standart,104,son,24,Demir Hasat - 4,2,85,Gold,Economy
5,Hasar-alan,bahcivan,standart,104,son,24,Zengin Cevher - 1,1,50,Stone,Economy
5,Hasar-alan,bahcivan,standart,104,son,25,Güçlü Kesim - 4,1,380,Gold,Damage
5,Hasar-alan,bahcivan,standart,104,son,25,Altın Hasat II - 2,1,350,Gold,Economy
5,Hasar-alan,bahcivan,standart,104,son,25,Ağır Kesim - 1,1,1200,Gold,Damage
5,Hasar-alan,bahcivan,standart,104,son,25,Geniş Tarama - 3,1,400,Gold,Area
5,Hasar-alan,bahcivan,standart,104,son,25,Kesim Ustalığı - 1,3,890,Iron,Damage
5,Hasar-alan,bahcivan,standart,104,son,25,Taş Hasat - 3,1,90,Iron,Economy
5,Hasar-alan,bahcivan,standart,104,son,26,Hasat Rekoru - 2,1,350,Gold,Score
5,Hasar-alan,bahcivan,standart,104,son,26,Akıcı Kesim - 3,1,400,Gold,Speed
5,Hasar-alan,bahcivan,standart,104,son,26,Kritik Odak - 3,1,380,Gold,Crit
5,Hasar-alan,bahcivan,standart,104,son,26,Hasat Deneyimi II - 1,2,590,Gold,Xp
5,Hasar-alan,bahcivan,standart,104,son,26,Altın Hasat II - 2,2,400,Gold,Economy
5,Hasar-alan,bahcivan,standart,104,son,26,Kesim Ustalığı - 2,1,1100,Iron,Damage
5,Hasar-alan,bahcivan,standart,104,son,26,Kritik Güç - 1,1,150,Stone,Crit
5,Hasar-alan,bahcivan,standart,104,son,27,Geniş Tarama - 3,2,450,Gold,Area
5,Hasar-alan,bahcivan,standart,104,son,27,Güçlü Kesim - 4,2,410,Gold,Damage
5,Hasar-alan,bahcivan,standart,104,son,27,Nadir Filizler - 1,3,360,Iron,Rarity
5,Hasar-alan,bahcivan,standart,104,son,27,Akıcı Kesim - 3,2,450,Gold,Speed
5,Hasar-alan,bahcivan,standart,104,son,27,Kritik Odak - 3,2,420,Gold,Crit
5,Hasar-alan,bahcivan,standart,104,son,27,Verimli Üretim - 2,1,380,Iron,Production
5,Hasar-alan,bahcivan,standart,104,son,27,Hasat Rekoru - 2,2,400,Gold,Score
5,Hasar-alan,bahcivan,standart,104,son,27,Zengin Cevher - 1,2,65,Stone,Economy
5,Hasar-alan,bahcivan,standart,104,son,27,Taş Hasat - 3,2,100,Iron,Economy
5,Hasar-alan,bahcivan,standart,104,son,28,Ağır Kesim - 1,2,1600,Gold,Damage
5,Hasar-alan,bahcivan,standart,104,son,28,Hasat Deneyimi II - 1,3,730,Gold,Xp
5,Hasar-alan,bahcivan,standart,104,son,28,Altın Hasat II - 3,1,450,Gold,Economy
5,Hasar-alan,bahcivan,standart,104,son,28,Geniş Tarama - 4,1,500,Gold,Area
5,Hasar-alan,bahcivan,standart,104,son,28,İkinci Vazgeçiş,1,800,Iron,Cards
5,Hasar-alan,bahcivan,standart,104,son,28,Verimli Üretim - 2,2,440,Iron,Production
5,Hasar-alan,bahcivan,standart,104,son,28,Kritik Güç - 1,2,195,Stone,Crit
5,Hasar-alan,bahcivan,standart,104,son,29,Ağır Kesim - 1,3,1900,Gold,Damage
5,Hasar-alan,bahcivan,standart,104,son,29,Akıcı Kesim - 4,1,500,Gold,Speed
5,Hasar-alan,bahcivan,standart,104,son,29,Kritik Odak - 4,1,470,Gold,Crit
5,Hasar-alan,bahcivan,standart,104,son,29,Kesim Ustalığı - 2,2,1200,Iron,Damage
5,Hasar-alan,bahcivan,standart,104,son,29,Altın Hasat II - 3,2,510,Gold,Economy
5,Hasar-alan,bahcivan,standart,104,son,29,Zengin Cevher - 1,3,80,Stone,Economy
5,Hasar-alan,bahcivan,standart,104,son,29,Taş Hasat - 4,1,110,Iron,Economy
5,Hasar-alan,bahcivan,standart,104,son,30,Nadir Filizler - 2,1,430,Iron,Rarity
5,Hasar-alan,bahcivan,standart,104,son,30,Hasat Deneyimi II - 2,1,860,Gold,Xp
5,Hasar-alan,bahcivan,standart,104,son,30,Geniş Tarama - 4,2,550,Gold,Area
5,Hasar-alan,bahcivan,standart,104,son,30,Hasat Rekoru - 3,1,450,Gold,Score
5,Hasar-alan,bahcivan,standart,104,son,30,Akıcı Kesim - 4,2,550,Gold,Speed
5,Hasar-alan,bahcivan,standart,104,son,30,Kart Sezgisi - 1,1,710,Gold,Cards
5,Hasar-alan,bahcivan,standart,104,son,30,Verimli Üretim - 3,1,510,Iron,Production
5,Hasar-alan,bahcivan,standart,104,son,30,Kritik Güç - 1,3,240,Stone,Crit
5,Hasar-alan,bahcivan,standart,104,son,30,Nadir Filizler - 2,2,500,Iron,Rarity
5,Hasar-alan,bahcivan,standart,104,son,31,Ağır Kesim - 2,1,2300,Gold,Damage
5,Hasar-alan,bahcivan,standart,104,son,31,Kritik Odak - 4,2,520,Gold,Crit
5,Hasar-alan,bahcivan,standart,104,son,31,Hasat Deneyimi II - 2,2,1000,Gold,Xp
5,Hasar-alan,bahcivan,standart,104,son,31,Kesim Ustalığı - 3,1,1400,Iron,Damage
5,Hasar-alan,bahcivan,standart,104,son,31,Altın Hasat II - 4,1,560,Gold,Economy
5,Hasar-alan,bahcivan,standart,104,son,31,Zengin Cevher - 2,1,95,Stone,Economy
5,Hasar-alan,bahcivan,standart,104,son,31,Taş Hasat - 4,2,120,Iron,Economy
5,Hasar-alan,bahcivan,standart,104,son,32,Ağır Kesim - 2,2,2700,Gold,Damage
5,Hasar-alan,bahcivan,standart,104,son,32,Kart Sezgisi - 1,2,920,Gold,Cards
5,Hasar-alan,bahcivan,standart,104,son,32,Verimli Üretim - 3,2,570,Iron,Production
5,Hasar-alan,bahcivan,standart,104,son,32,Hasat Deneyimi II - 3,1,1100,Gold,Xp
5,Hasar-alan,bahcivan,standart,104,son,32,Hasat Rekoru - 3,2,510,Gold,Score
5,Hasar-alan,bahcivan,standart,104,son,32,Kesim Ustalığı - 3,2,1600,Iron,Damage
5,Hasar-alan,bahcivan,standart,104,son,32,Kritik Güç - 2,1,290,Stone,Crit
5,Hasar-alan,bahcivan,standart,104,son,33,Altın Hasat II - 4,2,620,Gold,Economy
5,Hasar-alan,bahcivan,standart,104,son,33,Zengin Cevher - 2,2,110,Stone,Economy
5,Hasar-alan,bahcivan,standart,104,son,33,Nadir Filizler - 3,1,570,Iron,Rarity
5,Hasar-alan,bahcivan,standart,104,son,34,Ağır Kesim - 3,1,3000,Gold,Damage
5,Hasar-alan,bahcivan,standart,104,son,34,Hasat Deneyimi II - 3,2,1300,Gold,Xp
5,Hasar-alan,bahcivan,standart,104,son,34,Verimli Üretim - 4,1,630,Iron,Production
5,Hasar-alan,bahcivan,standart,104,son,34,Kart Sezgisi - 1,3,1100,Gold,Cards
5,Hasar-alan,bahcivan,standart,104,son,34,Kritik Güç - 2,2,330,Stone,Crit
5,Hasar-alan,bahcivan,standart,104,son,35,Kesim Ustalığı - 4,1,1700,Iron,Damage
5,Hasar-alan,bahcivan,standart,104,son,35,Zengin Cevher - 3,1,125,Stone,Economy
5,Hasar-alan,bahcivan,standart,104,son,35,Hasat Rekoru - 4,1,560,Gold,Score
5,Hasar-alan,bahcivan,standart,104,son,36,Ağır Kesim - 3,2,3400,Gold,Damage
5,Hasar-alan,bahcivan,standart,104,son,36,Nadir Filizler - 3,2,640,Iron,Rarity
5,Hasar-alan,bahcivan,standart,104,son,36,Hasat Deneyimi II - 4,1,1400,Gold,Xp
5,Hasar-alan,bahcivan,standart,104,son,36,Kritik Güç - 3,1,380,Stone,Crit
5,Hasar-alan,bahcivan,standart,104,son,36,Verimli Üretim - 4,2,690,Iron,Production
5,Hasar-alan,bahcivan,standart,104,son,37,Kart Sezgisi - 2,1,1300,Gold,Cards
5,Hasar-alan,bahcivan,standart,104,son,37,Zengin Cevher - 3,2,140,Stone,Economy
5,Hasar-alan,bahcivan,standart,104,son,37,Kesim Ustalığı - 4,2,1900,Iron,Damage
5,Hasar-alan,bahcivan,standart,104,son,38,Ağır Kesim - 4,1,3800,Gold,Damage
5,Hasar-alan,bahcivan,standart,104,son,38,Hasat Deneyimi II - 4,2,1500,Gold,Xp
5,Hasar-alan,bahcivan,standart,104,son,38,Hasat Rekoru - 4,2,620,Gold,Score
5,Hasar-alan,bahcivan,standart,104,son,38,Kritik Güç - 3,2,420,Stone,Crit
5,Hasar-alan,bahcivan,standart,104,son,39,Nadir Filizler - 4,1,700,Iron,Rarity
5,Hasar-alan,bahcivan,standart,104,son,39,Zengin Cevher - 4,1,155,Stone,Economy
5,Hasar-alan,bahcivan,standart,104,son,39,Kart Sezgisi - 2,2,1600,Gold,Cards
5,Hasar-alan,bahcivan,standart,104,son,40,Ağır Kesim - 4,2,4100,Gold,Damage
5,Hasar-alan,bahcivan,standart,104,son,40,Kritik Güç - 4,1,470,Stone,Crit
5,Hasar-alan,bahcivan,standart,104,son,41,Grid Genişleme II,2,1800,Stone,Grid
5,Hasar-alan,bahcivan,standart,104,son,41,Nadir Filizler - 4,2,770,Iron,Rarity
5,Hasar-alan,bahcivan,standart,104,son,41,Zengin Cevher - 4,2,170,Stone,Economy
5,Hasar-alan,bahcivan,standart,104,son,42,Kart Sezgisi - 3,1,1800,Gold,Cards
5,Hasar-alan,bahcivan,standart,104,son,42,Kritik Güç - 4,2,520,Stone,Crit
5,Hasar-alan,bahcivan,standart,104,son,44,Kart Sezgisi - 3,2,2000,Gold,Cards
5,Hasar-alan,bahcivan,standart,104,son,47,Kart Sezgisi - 4,1,2200,Gold,Cards
5,Hasar-alan,bahcivan,standart,104,son,49,Kart Sezgisi - 4,2,2400,Gold,Cards
6,Hasar-alan,bahcivan,standart,105,son,1,Keskin Başlangıç - 1,1,5,Gold,Damage
6,Hasar-alan,bahcivan,standart,105,son,2,Keskin Başlangıç - 1,2,7,Gold,Damage
6,Hasar-alan,bahcivan,standart,105,son,3,Keskin Başlangıç - 1,3,8,Gold,Damage
6,Hasar-alan,bahcivan,standart,105,son,3,Keskin Başlangıç - 2,1,10,Gold,Damage
6,Hasar-alan,bahcivan,standart,105,son,3,Altın Hasat I - 1,1,7,Gold,Economy
6,Hasar-alan,bahcivan,standart,105,son,3,Keskin Başlangıç - 2,2,11,Gold,Damage
6,Hasar-alan,bahcivan,standart,105,son,4,Hızlı Eller - 1,1,7,Gold,Speed
6,Hasar-alan,bahcivan,standart,105,son,4,Düzenli Üretim - 1,1,6,Gold,Production
6,Hasar-alan,bahcivan,standart,105,son,5,Grid Genişleme I,1,30,Gold,Grid
6,Hasar-alan,bahcivan,standart,105,son,5,Altın Hasat I - 1,2,9,Gold,Economy
6,Hasar-alan,bahcivan,standart,105,son,7,Keskin Başlangıç - 3,1,13,Gold,Damage
6,Hasar-alan,bahcivan,standart,105,son,7,Hasat Deneyimi I - 1,1,6,Gold,Xp
6,Hasar-alan,bahcivan,standart,105,son,7,Hızlı Eller - 1,2,9,Gold,Speed
6,Hasar-alan,bahcivan,standart,105,son,7,Altın Hasat I - 1,3,11,Gold,Economy
6,Hasar-alan,bahcivan,standart,105,son,7,Keskin Başlangıç - 3,2,14,Gold,Damage
6,Hasar-alan,bahcivan,standart,105,son,8,1×3 Saksı,1,30,Gold,PlanterUnlock
6,Hasar-alan,bahcivan,standart,105,son,8,Kesim Tekniği - 1,1,25,Gold,Damage
6,Hasar-alan,bahcivan,standart,105,son,9,Hasat Deneyimi I - 1,2,8,Gold,Xp
6,Hasar-alan,bahcivan,standart,105,son,9,Hızlı Eller - 1,3,11,Gold,Speed
6,Hasar-alan,bahcivan,standart,105,son,9,Geniş Süpürüş - 1,1,21,Gold,Area
6,Hasar-alan,bahcivan,standart,105,son,9,Düzenli Üretim - 1,2,8,Gold,Production
6,Hasar-alan,bahcivan,standart,105,son,10,Keskin Başlangıç - 4,1,16,Gold,Damage
6,Hasar-alan,bahcivan,standart,105,son,10,Altın Hasat I - 2,1,13,Gold,Economy
6,Hasar-alan,bahcivan,standart,105,son,10,Geniş Süpürüş - 1,2,28,Gold,Area
6,Hasar-alan,bahcivan,standart,105,son,11,Kesim Tekniği - 1,2,35,Gold,Damage
6,Hasar-alan,bahcivan,standart,105,son,11,Keskin Başlangıç - 4,2,17,Gold,Damage
6,Hasar-alan,bahcivan,standart,105,son,11,Hızlı Eller - 2,1,12,Gold,Speed
6,Hasar-alan,bahcivan,standart,105,son,11,Hasat Deneyimi I - 1,3,10,Gold,Xp
6,Hasar-alan,bahcivan,standart,105,son,11,Altın Hasat I - 2,2,16,Gold,Economy
6,Hasar-alan,bahcivan,standart,105,son,11,Düzenli Üretim - 1,3,10,Gold,Production
6,Hasar-alan,bahcivan,standart,105,son,11,Grid Genişleme I,2,30,Iron,Grid
6,Hasar-alan,bahcivan,standart,105,son,12,Geniş Süpürüş - 1,3,35,Gold,Area
6,Hasar-alan,bahcivan,standart,105,son,12,Hızlı Eller - 2,2,14,Gold,Speed
6,Hasar-alan,bahcivan,standart,105,son,12,Kesim Tekniği - 1,3,40,Gold,Damage
6,Hasar-alan,bahcivan,standart,105,son,12,Altın Hasat I - 3,1,18,Gold,Economy
6,Hasar-alan,bahcivan,standart,105,son,12,Hasat Deneyimi I - 2,1,12,Gold,Xp
6,Hasar-alan,bahcivan,standart,105,son,12,Tornado Kartları,1,30,Iron,BehaviorUnlock
6,Hasar-alan,bahcivan,standart,105,son,13,Düzenli Üretim - 2,1,12,Gold,Production
6,Hasar-alan,bahcivan,standart,105,son,14,2×2 Saksı,1,80,Gold,PlanterUnlock
6,Hasar-alan,bahcivan,standart,105,son,14,Hızlı Eller - 3,1,16,Gold,Speed
6,Hasar-alan,bahcivan,standart,105,son,14,Altın Hasat I - 3,2,20,Gold,Economy
6,Hasar-alan,bahcivan,standart,105,son,14,Geniş Süpürüş - 2,1,40,Gold,Area
6,Hasar-alan,bahcivan,standart,105,son,14,Kesim Tekniği - 2,1,50,Gold,Damage
6,Hasar-alan,bahcivan,standart,105,son,14,Hasat Deneyimi I - 2,2,14,Gold,Xp
6,Hasar-alan,bahcivan,standart,105,son,14,Demir Hasat - 1,1,25,Gold,Economy
6,Hasar-alan,bahcivan,standart,105,son,14,Çifte Hasat Kartları,1,25,Iron,Economy
6,Hasar-alan,bahcivan,standart,105,son,14,Hızlı Eller - 3,2,18,Gold,Speed
6,Hasar-alan,bahcivan,standart,105,son,14,Düzenli Üretim - 2,2,13,Gold,Production
6,Hasar-alan,bahcivan,standart,105,son,15,Altın Hasat I - 4,1,22,Gold,Economy
6,Hasar-alan,bahcivan,standart,105,son,15,Geniş Süpürüş - 2,2,45,Gold,Area
6,Hasar-alan,bahcivan,standart,105,son,15,Güçlü Kesim - 1,1,120,Gold,Damage
6,Hasar-alan,bahcivan,standart,105,son,15,Kesim Tekniği - 2,2,55,Gold,Damage
6,Hasar-alan,bahcivan,standart,105,son,15,Hasat Deneyimi I - 3,1,16,Gold,Xp
6,Hasar-alan,bahcivan,standart,105,son,15,Hızlı Eller - 4,1,20,Gold,Speed
6,Hasar-alan,bahcivan,standart,105,son,15,Altın Hasat I - 4,2,24,Gold,Economy
6,Hasar-alan,bahcivan,standart,105,son,15,Demir Hasat - 1,2,35,Gold,Economy
6,Hasar-alan,bahcivan,standart,105,son,15,Düzenli Üretim - 3,1,15,Gold,Production
6,Hasar-alan,bahcivan,standart,105,son,15,Geniş Süpürüş - 3,1,55,Gold,Area
6,Hasar-alan,bahcivan,standart,105,son,15,Hasat Deneyimi I - 3,2,18,Gold,Xp
6,Hasar-alan,bahcivan,standart,105,son,15,Kesim Tekniği - 3,1,65,Gold,Damage
6,Hasar-alan,bahcivan,standart,105,son,15,Hızlı Eller - 4,2,22,Gold,Speed
6,Hasar-alan,bahcivan,standart,105,son,15,Düzenli Üretim - 3,2,17,Gold,Production
6,Hasar-alan,bahcivan,standart,105,son,15,Hasat Deneyimi I - 4,1,20,Gold,Xp
6,Hasar-alan,bahcivan,standart,105,son,15,Demir Hasat - 1,3,40,Gold,Economy
6,Hasar-alan,bahcivan,standart,105,son,15,Hasat Deneyimi I - 4,2,21,Gold,Xp
6,Hasar-alan,bahcivan,standart,105,son,15,Taş Hasat - 1,1,35,Iron,Economy
6,Hasar-alan,bahcivan,standart,105,son,16,Güçlü Kesim - 1,2,160,Gold,Damage
6,Hasar-alan,bahcivan,standart,105,son,16,2×3 Saksı,1,200,Gold,PlanterUnlock
6,Hasar-alan,bahcivan,standart,105,son,16,Geniş Süpürüş - 3,2,60,Gold,Area
6,Hasar-alan,bahcivan,standart,105,son,16,Kesim Tekniği - 3,2,70,Gold,Damage
6,Hasar-alan,bahcivan,standart,105,son,16,Düzenli Üretim - 4,1,19,Gold,Production
6,Hasar-alan,bahcivan,standart,105,son,16,Düzenli Üretim - 4,2,21,Gold,Production
6,Hasar-alan,bahcivan,standart,105,son,16,Bumerang Orak Kartları,1,40,Iron,BehaviorUnlock
6,Hasar-alan,bahcivan,standart,105,son,17,Güçlü Kesim - 1,3,195,Gold,Damage
6,Hasar-alan,bahcivan,standart,105,son,17,Akıcı Kesim - 1,1,160,Gold,Speed
6,Hasar-alan,bahcivan,standart,105,son,17,Geniş Tarama - 1,1,160,Gold,Area
6,Hasar-alan,bahcivan,standart,105,son,17,Kritik Odak - 1,1,150,Gold,Crit
6,Hasar-alan,bahcivan,standart,105,son,17,Geniş Süpürüş - 4,1,65,Gold,Area
6,Hasar-alan,bahcivan,standart,105,son,17,Taş Hasat - 1,2,45,Iron,Economy
6,Hasar-alan,bahcivan,standart,105,son,18,Kesim Tekniği - 4,1,80,Gold,Damage
6,Hasar-alan,bahcivan,standart,105,son,18,Demir Hasat - 2,1,50,Gold,Economy
6,Hasar-alan,bahcivan,standart,105,son,18,Hasat Rekoru - 1,1,180,Gold,Score
6,Hasar-alan,bahcivan,standart,105,son,18,Güçlü Kesim - 2,1,230,Gold,Damage
6,Hasar-alan,bahcivan,standart,105,son,18,Geniş Süpürüş - 4,2,70,Gold,Area
6,Hasar-alan,bahcivan,standart,105,son,18,Verimli Üretim - 1,1,200,Iron,Production
6,Hasar-alan,bahcivan,standart,105,son,19,Geniş Tarama - 1,2,210,Gold,Area
6,Hasar-alan,bahcivan,standart,105,son,19,Kesim Tekniği - 4,2,85,Gold,Damage
6,Hasar-alan,bahcivan,standart,105,son,19,İlk Vazgeçiş,1,150,Gold,Cards
6,Hasar-alan,bahcivan,standart,105,son,19,Akıcı Kesim - 1,2,210,Gold,Speed
6,Hasar-alan,bahcivan,standart,105,son,19,Kritik Odak - 1,2,195,Gold,Crit
6,Hasar-alan,bahcivan,standart,105,son,19,Demir Hasat - 2,2,55,Gold,Economy
6,Hasar-alan,bahcivan,standart,105,son,19,Taş Hasat - 1,3,55,Iron,Economy
6,Hasar-alan,bahcivan,standart,105,son,19,Nadir Filizler - 1,1,230,Iron,Rarity
6,Hasar-alan,bahcivan,standart,105,son,20,Güçlü Kesim - 2,2,270,Gold,Damage
6,Hasar-alan,bahcivan,standart,105,son,20,Altın Hasat II - 1,1,180,Gold,Economy
6,Hasar-alan,bahcivan,standart,105,son,20,Geniş Tarama - 1,3,260,Gold,Area
6,Hasar-alan,bahcivan,standart,105,son,20,Grid Genişleme II,1,100,Stone,Grid
6,Hasar-alan,bahcivan,standart,105,son,21,Hasat Rekoru - 1,2,240,Gold,Score
6,Hasar-alan,bahcivan,standart,105,son,21,Akıcı Kesim - 1,3,260,Gold,Speed
6,Hasar-alan,bahcivan,standart,105,son,21,Kritik Odak - 1,3,240,Gold,Crit
6,Hasar-alan,bahcivan,standart,105,son,21,Kesim Ustalığı - 1,1,560,Iron,Damage
6,Hasar-alan,bahcivan,standart,105,son,21,Demir Hasat - 3,1,65,Gold,Economy
6,Hasar-alan,bahcivan,standart,105,son,21,Demir Hasat - 3,2,70,Gold,Economy
6,Hasar-alan,bahcivan,standart,105,son,22,Güçlü Kesim - 3,1,300,Gold,Damage
6,Hasar-alan,bahcivan,standart,105,son,22,Altın Hasat II - 1,2,240,Gold,Economy
6,Hasar-alan,bahcivan,standart,105,son,22,Verimli Üretim - 1,2,260,Iron,Production
6,Hasar-alan,bahcivan,standart,105,son,22,Taş Hasat - 2,1,65,Iron,Economy
6,Hasar-alan,bahcivan,standart,105,son,23,Geniş Tarama - 2,1,310,Gold,Area
6,Hasar-alan,bahcivan,standart,105,son,23,Akıcı Kesim - 2,1,310,Gold,Speed
6,Hasar-alan,bahcivan,standart,105,son,23,Kritik Odak - 2,1,290,Gold,Crit
6,Hasar-alan,bahcivan,standart,105,son,23,Taş Hasat - 2,2,80,Iron,Economy
6,Hasar-alan,bahcivan,standart,105,son,24,Hasat Rekoru - 1,3,290,Gold,Score
6,Hasar-alan,bahcivan,standart,105,son,24,Kesim Ustalığı - 1,2,720,Iron,Damage
6,Hasar-alan,bahcivan,standart,105,son,24,Güçlü Kesim - 3,2,340,Gold,Damage
6,Hasar-alan,bahcivan,standart,105,son,24,Altın Hasat II - 1,3,290,Gold,Economy
6,Hasar-alan,bahcivan,standart,105,son,24,Geniş Tarama - 2,2,360,Gold,Area
6,Hasar-alan,bahcivan,standart,105,son,24,Demir Hasat - 4,1,80,Gold,Economy
6,Hasar-alan,bahcivan,standart,105,son,24,Nadir Filizler - 1,2,300,Iron,Rarity
6,Hasar-alan,bahcivan,standart,105,son,24,Zengin Cevher - 1,1,50,Stone,Economy
6,Hasar-alan,bahcivan,standart,105,son,25,Akıcı Kesim - 2,2,360,Gold,Speed
6,Hasar-alan,bahcivan,standart,105,son,25,Kritik Odak - 2,2,330,Gold,Crit
6,Hasar-alan,bahcivan,standart,105,son,25,Hasat Deneyimi II - 1,1,450,Gold,Xp
6,Hasar-alan,bahcivan,standart,105,son,25,Güçlü Kesim - 4,1,380,Gold,Damage
6,Hasar-alan,bahcivan,standart,105,son,25,Kesim Ustalığı - 1,3,890,Iron,Damage
6,Hasar-alan,bahcivan,standart,105,son,25,Demir Hasat - 4,2,85,Gold,Economy
6,Hasar-alan,bahcivan,standart,105,son,25,Taş Hasat - 3,1,90,Iron,Economy
6,Hasar-alan,bahcivan,standart,105,son,26,Altın Hasat II - 2,1,350,Gold,Economy
6,Hasar-alan,bahcivan,standart,105,son,26,Ağır Kesim - 1,1,1200,Gold,Damage
6,Hasar-alan,bahcivan,standart,105,son,26,Verimli Üretim - 1,3,320,Iron,Production
6,Hasar-alan,bahcivan,standart,105,son,26,Nadir Filizler - 1,3,360,Iron,Rarity
6,Hasar-alan,bahcivan,standart,105,son,26,Kritik Güç - 1,1,150,Stone,Crit
6,Hasar-alan,bahcivan,standart,105,son,27,Geniş Tarama - 3,1,400,Gold,Area
6,Hasar-alan,bahcivan,standart,105,son,27,Hasat Rekoru - 2,1,350,Gold,Score
6,Hasar-alan,bahcivan,standart,105,son,27,Akıcı Kesim - 3,1,400,Gold,Speed
6,Hasar-alan,bahcivan,standart,105,son,27,Kritik Odak - 3,1,380,Gold,Crit
6,Hasar-alan,bahcivan,standart,105,son,27,Kesim Ustalığı - 2,1,1100,Iron,Damage
6,Hasar-alan,bahcivan,standart,105,son,27,Zengin Cevher - 1,2,65,Stone,Economy
6,Hasar-alan,bahcivan,standart,105,son,28,Hasat Deneyimi II - 1,2,590,Gold,Xp
6,Hasar-alan,bahcivan,standart,105,son,28,Altın Hasat II - 2,2,400,Gold,Economy
6,Hasar-alan,bahcivan,standart,105,son,28,Geniş Tarama - 3,2,450,Gold,Area
6,Hasar-alan,bahcivan,standart,105,son,28,Güçlü Kesim - 4,2,410,Gold,Damage
6,Hasar-alan,bahcivan,standart,105,son,28,Verimli Üretim - 2,1,380,Iron,Production
6,Hasar-alan,bahcivan,standart,105,son,28,Hasat Rekoru - 2,2,400,Gold,Score
6,Hasar-alan,bahcivan,standart,105,son,28,Taş Hasat - 3,2,100,Iron,Economy
6,Hasar-alan,bahcivan,standart,105,son,28,Verimli Üretim - 2,2,440,Iron,Production
6,Hasar-alan,bahcivan,standart,105,son,28,Kritik Güç - 1,2,195,Stone,Crit
6,Hasar-alan,bahcivan,standart,105,son,29,Ağır Kesim - 1,2,1600,Gold,Damage
6,Hasar-alan,bahcivan,standart,105,son,29,Akıcı Kesim - 3,2,450,Gold,Speed
6,Hasar-alan,bahcivan,standart,105,son,29,Kritik Odak - 3,2,420,Gold,Crit
6,Hasar-alan,bahcivan,standart,105,son,29,İkinci Vazgeçiş,1,800,Iron,Cards
6,Hasar-alan,bahcivan,standart,105,son,29,Nadir Filizler - 2,1,430,Iron,Rarity
6,Hasar-alan,bahcivan,standart,105,son,29,Zengin Cevher - 1,3,80,Stone,Economy
6,Hasar-alan,bahcivan,standart,105,son,30,Hasat Deneyimi II - 1,3,730,Gold,Xp
6,Hasar-alan,bahcivan,standart,105,son,30,Altın Hasat II - 3,1,450,Gold,Economy
6,Hasar-alan,bahcivan,standart,105,son,30,Geniş Tarama - 4,1,500,Gold,Area
6,Hasar-alan,bahcivan,standart,105,son,30,Kritik Odak - 4,1,470,Gold,Crit
6,Hasar-alan,bahcivan,standart,105,son,30,Hasat Rekoru - 3,1,450,Gold,Score
6,Hasar-alan,bahcivan,standart,105,son,30,Taş Hasat - 4,1,110,Iron,Economy
6,Hasar-alan,bahcivan,standart,105,son,30,Kritik Güç - 1,3,240,Stone,Crit
6,Hasar-alan,bahcivan,standart,105,son,31,Ağır Kesim - 1,3,1900,Gold,Damage
6,Hasar-alan,bahcivan,standart,105,son,31,Akıcı Kesim - 4,1,500,Gold,Speed
6,Hasar-alan,bahcivan,standart,105,son,31,Kesim Ustalığı - 2,2,1200,Iron,Damage
6,Hasar-alan,bahcivan,standart,105,son,31,Hasat Deneyimi II - 2,1,860,Gold,Xp
6,Hasar-alan,bahcivan,standart,105,son,31,Verimli Üretim - 3,1,510,Iron,Production
6,Hasar-alan,bahcivan,standart,105,son,31,Nadir Filizler - 2,2,500,Iron,Rarity
6,Hasar-alan,bahcivan,standart,105,son,31,Zengin Cevher - 2,1,95,Stone,Economy
6,Hasar-alan,bahcivan,standart,105,son,31,Taş Hasat - 4,2,120,Iron,Economy
6,Hasar-alan,bahcivan,standart,105,son,32,Altın Hasat II - 3,2,510,Gold,Economy
6,Hasar-alan,bahcivan,standart,105,son,32,Geniş Tarama - 4,2,550,Gold,Area
6,Hasar-alan,bahcivan,standart,105,son,32,Ağır Kesim - 2,1,2300,Gold,Damage
6,Hasar-alan,bahcivan,standart,105,son,32,Kesim Ustalığı - 3,1,1400,Iron,Damage
6,Hasar-alan,bahcivan,standart,105,son,32,Verimli Üretim - 3,2,570,Iron,Production
6,Hasar-alan,bahcivan,standart,105,son,32,Kritik Güç - 2,1,290,Stone,Crit
6,Hasar-alan,bahcivan,standart,105,son,33,Akıcı Kesim - 4,2,550,Gold,Speed
6,Hasar-alan,bahcivan,standart,105,son,33,Kart Sezgisi - 1,1,710,Gold,Cards
6,Hasar-alan,bahcivan,standart,105,son,33,Kritik Odak - 4,2,520,Gold,Crit
6,Hasar-alan,bahcivan,standart,105,son,33,Hasat Deneyimi II - 2,2,1000,Gold,Xp
6,Hasar-alan,bahcivan,standart,105,son,33,Altın Hasat II - 4,1,560,Gold,Economy
6,Hasar-alan,bahcivan,standart,105,son,33,Kesim Ustalığı - 3,2,1600,Iron,Damage
6,Hasar-alan,bahcivan,standart,105,son,33,Zengin Cevher - 2,2,110,Stone,Economy
6,Hasar-alan,bahcivan,standart,105,son,34,Ağır Kesim - 2,2,2700,Gold,Damage
6,Hasar-alan,bahcivan,standart,105,son,34,Kart Sezgisi - 1,2,920,Gold,Cards
6,Hasar-alan,bahcivan,standart,105,son,34,Nadir Filizler - 3,1,570,Iron,Rarity
6,Hasar-alan,bahcivan,standart,105,son,34,Verimli Üretim - 4,1,630,Iron,Production
6,Hasar-alan,bahcivan,standart,105,son,34,Kritik Güç - 2,2,330,Stone,Crit
6,Hasar-alan,bahcivan,standart,105,son,35,Hasat Deneyimi II - 3,1,1100,Gold,Xp
6,Hasar-alan,bahcivan,standart,105,son,35,Hasat Rekoru - 3,2,510,Gold,Score
6,Hasar-alan,bahcivan,standart,105,son,35,Altın Hasat II - 4,2,620,Gold,Economy
6,Hasar-alan,bahcivan,standart,105,son,35,Hasat Deneyimi II - 3,2,1300,Gold,Xp
6,Hasar-alan,bahcivan,standart,105,son,35,Kesim Ustalığı - 4,1,1700,Iron,Damage
6,Hasar-alan,bahcivan,standart,105,son,35,Zengin Cevher - 3,1,125,Stone,Economy
6,Hasar-alan,bahcivan,standart,105,son,36,Ağır Kesim - 3,1,3000,Gold,Damage
6,Hasar-alan,bahcivan,standart,105,son,36,Hasat Rekoru - 4,1,560,Gold,Score
6,Hasar-alan,bahcivan,standart,105,son,36,Nadir Filizler - 3,2,640,Iron,Rarity
6,Hasar-alan,bahcivan,standart,105,son,36,Kritik Güç - 3,1,380,Stone,Crit
6,Hasar-alan,bahcivan,standart,105,son,36,Verimli Üretim - 4,2,690,Iron,Production
6,Hasar-alan,bahcivan,standart,105,son,37,Kart Sezgisi - 1,3,1100,Gold,Cards
6,Hasar-alan,bahcivan,standart,105,son,37,Hasat Deneyimi II - 4,1,1400,Gold,Xp
6,Hasar-alan,bahcivan,standart,105,son,37,Kart Sezgisi - 2,1,1300,Gold,Cards
6,Hasar-alan,bahcivan,standart,105,son,37,Zengin Cevher - 3,2,140,Stone,Economy
6,Hasar-alan,bahcivan,standart,105,son,37,Kesim Ustalığı - 4,2,1900,Iron,Damage
6,Hasar-alan,bahcivan,standart,105,son,38,Ağır Kesim - 3,2,3400,Gold,Damage
6,Hasar-alan,bahcivan,standart,105,son,38,Hasat Deneyimi II - 4,2,1500,Gold,Xp
6,Hasar-alan,bahcivan,standart,105,son,38,Kritik Güç - 3,2,420,Stone,Crit
6,Hasar-alan,bahcivan,standart,105,son,39,Ağır Kesim - 4,1,3800,Gold,Damage
6,Hasar-alan,bahcivan,standart,105,son,39,Hasat Rekoru - 4,2,620,Gold,Score
6,Hasar-alan,bahcivan,standart,105,son,39,Nadir Filizler - 4,1,700,Iron,Rarity
6,Hasar-alan,bahcivan,standart,105,son,39,Zengin Cevher - 4,1,155,Stone,Economy
6,Hasar-alan,bahcivan,standart,105,son,40,Kart Sezgisi - 2,2,1600,Gold,Cards
6,Hasar-alan,bahcivan,standart,105,son,40,Kritik Güç - 4,1,470,Stone,Crit
6,Hasar-alan,bahcivan,standart,105,son,41,Ağır Kesim - 4,2,4100,Gold,Damage
6,Hasar-alan,bahcivan,standart,105,son,41,Grid Genişleme II,2,1800,Stone,Grid
6,Hasar-alan,bahcivan,standart,105,son,41,Nadir Filizler - 4,2,770,Iron,Rarity
6,Hasar-alan,bahcivan,standart,105,son,41,Zengin Cevher - 4,2,170,Stone,Economy
6,Hasar-alan,bahcivan,standart,105,son,42,Kart Sezgisi - 3,1,1800,Gold,Cards
6,Hasar-alan,bahcivan,standart,105,son,42,Kritik Güç - 4,2,520,Stone,Crit
6,Hasar-alan,bahcivan,standart,105,son,44,Kart Sezgisi - 3,2,2000,Gold,Cards
6,Hasar-alan,bahcivan,standart,105,son,47,Kart Sezgisi - 4,1,2200,Gold,Cards
6,Hasar-alan,bahcivan,standart,105,son,49,Kart Sezgisi - 4,2,2400,Gold,Cards
7,Hasar-alan,bahcivan,standart,106,son,1,Keskin Başlangıç - 1,1,5,Gold,Damage
7,Hasar-alan,bahcivan,standart,106,son,1,Keskin Başlangıç - 1,2,7,Gold,Damage
7,Hasar-alan,bahcivan,standart,106,son,4,Keskin Başlangıç - 1,3,8,Gold,Damage
7,Hasar-alan,bahcivan,standart,106,son,4,Keskin Başlangıç - 2,1,10,Gold,Damage
7,Hasar-alan,bahcivan,standart,106,son,4,Altın Hasat I - 1,1,7,Gold,Economy
7,Hasar-alan,bahcivan,standart,106,son,5,Keskin Başlangıç - 2,2,11,Gold,Damage
7,Hasar-alan,bahcivan,standart,106,son,5,Hızlı Eller - 1,1,7,Gold,Speed
7,Hasar-alan,bahcivan,standart,106,son,5,Düzenli Üretim - 1,1,6,Gold,Production
7,Hasar-alan,bahcivan,standart,106,son,5,Hasat Deneyimi I - 1,1,6,Gold,Xp
7,Hasar-alan,bahcivan,standart,106,son,6,Grid Genişleme I,1,30,Gold,Grid
7,Hasar-alan,bahcivan,standart,106,son,6,Altın Hasat I - 1,2,9,Gold,Economy
7,Hasar-alan,bahcivan,standart,106,son,6,Keskin Başlangıç - 3,1,13,Gold,Damage
7,Hasar-alan,bahcivan,standart,106,son,6,Hızlı Eller - 1,2,9,Gold,Speed
7,Hasar-alan,bahcivan,standart,106,son,6,Altın Hasat I - 1,3,11,Gold,Economy
7,Hasar-alan,bahcivan,standart,106,son,7,Keskin Başlangıç - 3,2,14,Gold,Damage
7,Hasar-alan,bahcivan,standart,106,son,7,1×3 Saksı,1,30,Gold,PlanterUnlock
7,Hasar-alan,bahcivan,standart,106,son,8,Kesim Tekniği - 1,1,25,Gold,Damage
7,Hasar-alan,bahcivan,standart,106,son,8,Hasat Deneyimi I - 1,2,8,Gold,Xp
7,Hasar-alan,bahcivan,standart,106,son,8,Hızlı Eller - 1,3,11,Gold,Speed
7,Hasar-alan,bahcivan,standart,106,son,9,Geniş Süpürüş - 1,1,21,Gold,Area
7,Hasar-alan,bahcivan,standart,106,son,9,Düzenli Üretim - 1,2,8,Gold,Production
7,Hasar-alan,bahcivan,standart,106,son,9,Keskin Başlangıç - 4,1,16,Gold,Damage
7,Hasar-alan,bahcivan,standart,106,son,9,Altın Hasat I - 2,1,13,Gold,Economy
7,Hasar-alan,bahcivan,standart,106,son,11,Geniş Süpürüş - 1,2,28,Gold,Area
7,Hasar-alan,bahcivan,standart,106,son,11,Kesim Tekniği - 1,2,35,Gold,Damage
7,Hasar-alan,bahcivan,standart,106,son,11,Keskin Başlangıç - 4,2,17,Gold,Damage
7,Hasar-alan,bahcivan,standart,106,son,11,Hızlı Eller - 2,1,12,Gold,Speed
7,Hasar-alan,bahcivan,standart,106,son,11,Hasat Deneyimi I - 1,3,10,Gold,Xp
7,Hasar-alan,bahcivan,standart,106,son,11,Altın Hasat I - 2,2,16,Gold,Economy
7,Hasar-alan,bahcivan,standart,106,son,11,Düzenli Üretim - 1,3,10,Gold,Production
7,Hasar-alan,bahcivan,standart,106,son,11,Grid Genişleme I,2,30,Iron,Grid
7,Hasar-alan,bahcivan,standart,106,son,12,Geniş Süpürüş - 1,3,35,Gold,Area
7,Hasar-alan,bahcivan,standart,106,son,12,Hızlı Eller - 2,2,14,Gold,Speed
7,Hasar-alan,bahcivan,standart,106,son,12,Kesim Tekniği - 1,3,40,Gold,Damage
7,Hasar-alan,bahcivan,standart,106,son,12,Altın Hasat I - 3,1,18,Gold,Economy
7,Hasar-alan,bahcivan,standart,106,son,12,Hasat Deneyimi I - 2,1,12,Gold,Xp
7,Hasar-alan,bahcivan,standart,106,son,12,Düzenli Üretim - 2,1,12,Gold,Production
7,Hasar-alan,bahcivan,standart,106,son,12,Hızlı Eller - 3,1,16,Gold,Speed
7,Hasar-alan,bahcivan,standart,106,son,12,Altın Hasat I - 3,2,20,Gold,Economy
7,Hasar-alan,bahcivan,standart,106,son,12,Hasat Deneyimi I - 2,2,14,Gold,Xp
7,Hasar-alan,bahcivan,standart,106,son,12,Tornado Kartları,1,30,Iron,BehaviorUnlock
7,Hasar-alan,bahcivan,standart,106,son,13,2×2 Saksı,1,80,Gold,PlanterUnlock
7,Hasar-alan,bahcivan,standart,106,son,13,Geniş Süpürüş - 2,1,40,Gold,Area
7,Hasar-alan,bahcivan,standart,106,son,13,Kesim Tekniği - 2,1,50,Gold,Damage
7,Hasar-alan,bahcivan,standart,106,son,13,Çifte Hasat Kartları,1,25,Iron,Economy
7,Hasar-alan,bahcivan,standart,106,son,14,Demir Hasat - 1,1,25,Gold,Economy
7,Hasar-alan,bahcivan,standart,106,son,14,Hızlı Eller - 3,2,18,Gold,Speed
7,Hasar-alan,bahcivan,standart,106,son,14,Düzenli Üretim - 2,2,13,Gold,Production
7,Hasar-alan,bahcivan,standart,106,son,14,Altın Hasat I - 4,1,22,Gold,Economy
7,Hasar-alan,bahcivan,standart,106,son,14,Geniş Süpürüş - 2,2,45,Gold,Area
7,Hasar-alan,bahcivan,standart,106,son,14,Güçlü Kesim - 1,1,120,Gold,Damage
7,Hasar-alan,bahcivan,standart,106,son,15,Kesim Tekniği - 2,2,55,Gold,Damage
7,Hasar-alan,bahcivan,standart,106,son,15,Hasat Deneyimi I - 3,1,16,Gold,Xp
7,Hasar-alan,bahcivan,standart,106,son,15,Hızlı Eller - 4,1,20,Gold,Speed
7,Hasar-alan,bahcivan,standart,106,son,15,Altın Hasat I - 4,2,24,Gold,Economy
7,Hasar-alan,bahcivan,standart,106,son,15,Demir Hasat - 1,2,35,Gold,Economy
7,Hasar-alan,bahcivan,standart,106,son,15,Düzenli Üretim - 3,1,15,Gold,Production
7,Hasar-alan,bahcivan,standart,106,son,15,Geniş Süpürüş - 3,1,55,Gold,Area
7,Hasar-alan,bahcivan,standart,106,son,15,Hasat Deneyimi I - 3,2,18,Gold,Xp
7,Hasar-alan,bahcivan,standart,106,son,15,Kesim Tekniği - 3,1,65,Gold,Damage
7,Hasar-alan,bahcivan,standart,106,son,15,Hızlı Eller - 4,2,22,Gold,Speed
7,Hasar-alan,bahcivan,standart,106,son,15,Düzenli Üretim - 3,2,17,Gold,Production
7,Hasar-alan,bahcivan,standart,106,son,15,Hasat Deneyimi I - 4,1,20,Gold,Xp
7,Hasar-alan,bahcivan,standart,106,son,15,Demir Hasat - 1,3,40,Gold,Economy
7,Hasar-alan,bahcivan,standart,106,son,15,Hasat Deneyimi I - 4,2,21,Gold,Xp
7,Hasar-alan,bahcivan,standart,106,son,15,Düzenli Üretim - 4,1,19,Gold,Production
7,Hasar-alan,bahcivan,standart,106,son,15,Düzenli Üretim - 4,2,21,Gold,Production
7,Hasar-alan,bahcivan,standart,106,son,15,Taş Hasat - 1,1,35,Iron,Economy
7,Hasar-alan,bahcivan,standart,106,son,16,Güçlü Kesim - 1,2,160,Gold,Damage
7,Hasar-alan,bahcivan,standart,106,son,16,2×3 Saksı,1,200,Gold,PlanterUnlock
7,Hasar-alan,bahcivan,standart,106,son,16,Geniş Süpürüş - 3,2,60,Gold,Area
7,Hasar-alan,bahcivan,standart,106,son,16,Bumerang Orak Kartları,1,40,Iron,BehaviorUnlock
7,Hasar-alan,bahcivan,standart,106,son,17,Kesim Tekniği - 3,2,70,Gold,Damage
7,Hasar-alan,bahcivan,standart,106,son,17,Güçlü Kesim - 1,3,195,Gold,Damage
7,Hasar-alan,bahcivan,standart,106,son,17,Akıcı Kesim - 1,1,160,Gold,Speed
7,Hasar-alan,bahcivan,standart,106,son,17,Geniş Tarama - 1,1,160,Gold,Area
7,Hasar-alan,bahcivan,standart,106,son,17,Taş Hasat - 1,2,45,Iron,Economy
7,Hasar-alan,bahcivan,standart,106,son,18,Kritik Odak - 1,1,150,Gold,Crit
7,Hasar-alan,bahcivan,standart,106,son,18,Geniş Süpürüş - 4,1,65,Gold,Area
7,Hasar-alan,bahcivan,standart,106,son,18,Kesim Tekniği - 4,1,80,Gold,Damage
7,Hasar-alan,bahcivan,standart,106,son,18,Demir Hasat - 2,1,50,Gold,Economy
7,Hasar-alan,bahcivan,standart,106,son,18,Hasat Rekoru - 1,1,180,Gold,Score
7,Hasar-alan,bahcivan,standart,106,son,18,Güçlü Kesim - 2,1,230,Gold,Damage
7,Hasar-alan,bahcivan,standart,106,son,18,Grid Genişleme II,1,100,Stone,Grid
7,Hasar-alan,bahcivan,standart,106,son,18,Verimli Üretim - 1,1,200,Iron,Production
7,Hasar-alan,bahcivan,standart,106,son,19,Geniş Süpürüş - 4,2,70,Gold,Area
7,Hasar-alan,bahcivan,standart,106,son,19,Geniş Tarama - 1,2,210,Gold,Area
7,Hasar-alan,bahcivan,standart,106,son,19,Kesim Tekniği - 4,2,85,Gold,Damage
7,Hasar-alan,bahcivan,standart,106,son,19,İlk Vazgeçiş,1,150,Gold,Cards
7,Hasar-alan,bahcivan,standart,106,son,19,Kesim Ustalığı - 1,1,560,Iron,Damage
7,Hasar-alan,bahcivan,standart,106,son,20,Akıcı Kesim - 1,2,210,Gold,Speed
7,Hasar-alan,bahcivan,standart,106,son,20,Kritik Odak - 1,2,195,Gold,Crit
7,Hasar-alan,bahcivan,standart,106,son,20,Demir Hasat - 2,2,55,Gold,Economy
7,Hasar-alan,bahcivan,standart,106,son,20,Güçlü Kesim - 2,2,270,Gold,Damage
7,Hasar-alan,bahcivan,standart,106,son,20,Taş Hasat - 1,3,55,Iron,Economy
7,Hasar-alan,bahcivan,standart,106,son,21,Altın Hasat II - 1,1,180,Gold,Economy
7,Hasar-alan,bahcivan,standart,106,son,21,Geniş Tarama - 1,3,260,Gold,Area
7,Hasar-alan,bahcivan,standart,106,son,21,Hasat Rekoru - 1,2,240,Gold,Score
7,Hasar-alan,bahcivan,standart,106,son,21,Akıcı Kesim - 1,3,260,Gold,Speed
7,Hasar-alan,bahcivan,standart,106,son,21,Nadir Filizler - 1,1,230,Iron,Rarity
7,Hasar-alan,bahcivan,standart,106,son,21,Verimli Üretim - 1,2,260,Iron,Production
7,Hasar-alan,bahcivan,standart,106,son,22,Kritik Odak - 1,3,240,Gold,Crit
7,Hasar-alan,bahcivan,standart,106,son,22,Demir Hasat - 3,1,65,Gold,Economy
7,Hasar-alan,bahcivan,standart,106,son,22,Güçlü Kesim - 3,1,300,Gold,Damage
7,Hasar-alan,bahcivan,standart,106,son,22,Altın Hasat II - 1,2,240,Gold,Economy
7,Hasar-alan,bahcivan,standart,106,son,22,Taş Hasat - 2,1,65,Iron,Economy
7,Hasar-alan,bahcivan,standart,106,son,22,Nadir Filizler - 1,2,300,Iron,Rarity
7,Hasar-alan,bahcivan,standart,106,son,23,Geniş Tarama - 2,1,310,Gold,Area
7,Hasar-alan,bahcivan,standart,106,son,23,Akıcı Kesim - 2,1,310,Gold,Speed
7,Hasar-alan,bahcivan,standart,106,son,23,Taş Hasat - 2,2,80,Iron,Economy
7,Hasar-alan,bahcivan,standart,106,son,24,Kritik Odak - 2,1,290,Gold,Crit
7,Hasar-alan,bahcivan,standart,106,son,24,Hasat Rekoru - 1,3,290,Gold,Score
7,Hasar-alan,bahcivan,standart,106,son,24,Demir Hasat - 3,2,70,Gold,Economy
7,Hasar-alan,bahcivan,standart,106,son,24,Kesim Ustalığı - 1,2,720,Iron,Damage
7,Hasar-alan,bahcivan,standart,106,son,24,Güçlü Kesim - 3,2,340,Gold,Damage
7,Hasar-alan,bahcivan,standart,106,son,24,Altın Hasat II - 1,3,290,Gold,Economy
7,Hasar-alan,bahcivan,standart,106,son,24,Demir Hasat - 4,1,80,Gold,Economy
7,Hasar-alan,bahcivan,standart,106,son,24,Demir Hasat - 4,2,85,Gold,Economy
7,Hasar-alan,bahcivan,standart,106,son,24,Zengin Cevher - 1,1,50,Stone,Economy
7,Hasar-alan,bahcivan,standart,106,son,25,Geniş Tarama - 2,2,360,Gold,Area
7,Hasar-alan,bahcivan,standart,106,son,25,Akıcı Kesim - 2,2,360,Gold,Speed
7,Hasar-alan,bahcivan,standart,106,son,25,Kritik Odak - 2,2,330,Gold,Crit
7,Hasar-alan,bahcivan,standart,106,son,25,Hasat Deneyimi II - 1,1,450,Gold,Xp
7,Hasar-alan,bahcivan,standart,106,son,25,Kesim Ustalığı - 1,3,890,Iron,Damage
7,Hasar-alan,bahcivan,standart,106,son,25,Taş Hasat - 3,1,90,Iron,Economy
7,Hasar-alan,bahcivan,standart,106,son,26,Güçlü Kesim - 4,1,380,Gold,Damage
7,Hasar-alan,bahcivan,standart,106,son,26,Altın Hasat II - 2,1,350,Gold,Economy
7,Hasar-alan,bahcivan,standart,106,son,26,Ağır Kesim - 1,1,1200,Gold,Damage
7,Hasar-alan,bahcivan,standart,106,son,26,Verimli Üretim - 1,3,320,Iron,Production
7,Hasar-alan,bahcivan,standart,106,son,26,Nadir Filizler - 1,3,360,Iron,Rarity
7,Hasar-alan,bahcivan,standart,106,son,26,Kritik Güç - 1,1,150,Stone,Crit
7,Hasar-alan,bahcivan,standart,106,son,27,Geniş Tarama - 3,1,400,Gold,Area
7,Hasar-alan,bahcivan,standart,106,son,27,Hasat Rekoru - 2,1,350,Gold,Score
7,Hasar-alan,bahcivan,standart,106,son,27,Akıcı Kesim - 3,1,400,Gold,Speed
7,Hasar-alan,bahcivan,standart,106,son,27,Kritik Odak - 3,1,380,Gold,Crit
7,Hasar-alan,bahcivan,standart,106,son,27,Kesim Ustalığı - 2,1,1100,Iron,Damage
7,Hasar-alan,bahcivan,standart,106,son,27,Zengin Cevher - 1,2,65,Stone,Economy
7,Hasar-alan,bahcivan,standart,106,son,28,Hasat Deneyimi II - 1,2,590,Gold,Xp
7,Hasar-alan,bahcivan,standart,106,son,28,Altın Hasat II - 2,2,400,Gold,Economy
7,Hasar-alan,bahcivan,standart,106,son,28,Geniş Tarama - 3,2,450,Gold,Area
7,Hasar-alan,bahcivan,standart,106,son,28,Güçlü Kesim - 4,2,410,Gold,Damage
7,Hasar-alan,bahcivan,standart,106,son,28,Verimli Üretim - 2,1,380,Iron,Production
7,Hasar-alan,bahcivan,standart,106,son,28,Hasat Rekoru - 2,2,400,Gold,Score
7,Hasar-alan,bahcivan,standart,106,son,28,Taş Hasat - 3,2,100,Iron,Economy
7,Hasar-alan,bahcivan,standart,106,son,28,Kritik Güç - 1,2,195,Stone,Crit
7,Hasar-alan,bahcivan,standart,106,son,29,Ağır Kesim - 1,2,1600,Gold,Damage
7,Hasar-alan,bahcivan,standart,106,son,29,Akıcı Kesim - 3,2,450,Gold,Speed
7,Hasar-alan,bahcivan,standart,106,son,29,İkinci Vazgeçiş,1,800,Iron,Cards
7,Hasar-alan,bahcivan,standart,106,son,29,Verimli Üretim - 2,2,440,Iron,Production
7,Hasar-alan,bahcivan,standart,106,son,29,Zengin Cevher - 1,3,80,Stone,Economy
7,Hasar-alan,bahcivan,standart,106,son,29,Taş Hasat - 4,1,110,Iron,Economy
7,Hasar-alan,bahcivan,standart,106,son,30,Kritik Odak - 3,2,420,Gold,Crit
7,Hasar-alan,bahcivan,standart,106,son,30,Hasat Deneyimi II - 1,3,730,Gold,Xp
7,Hasar-alan,bahcivan,standart,106,son,30,Altın Hasat II - 3,1,450,Gold,Economy
7,Hasar-alan,bahcivan,standart,106,son,30,Geniş Tarama - 4,1,500,Gold,Area
7,Hasar-alan,bahcivan,standart,106,son,30,Kritik Güç - 1,3,240,Stone,Crit
7,Hasar-alan,bahcivan,standart,106,son,31,Ağır Kesim - 1,3,1900,Gold,Damage
7,Hasar-alan,bahcivan,standart,106,son,31,Akıcı Kesim - 4,1,500,Gold,Speed
7,Hasar-alan,bahcivan,standart,106,son,31,Kesim Ustalığı - 2,2,1200,Iron,Damage
7,Hasar-alan,bahcivan,standart,106,son,31,Nadir Filizler - 2,1,430,Iron,Rarity
7,Hasar-alan,bahcivan,standart,106,son,31,Verimli Üretim - 3,1,510,Iron,Production
7,Hasar-alan,bahcivan,standart,106,son,31,Zengin Cevher - 2,1,95,Stone,Economy
7,Hasar-alan,bahcivan,standart,106,son,32,Kritik Odak - 4,1,470,Gold,Crit
7,Hasar-alan,bahcivan,standart,106,son,32,Hasat Deneyimi II - 2,1,860,Gold,Xp
7,Hasar-alan,bahcivan,standart,106,son,32,Altın Hasat II - 3,2,510,Gold,Economy
7,Hasar-alan,bahcivan,standart,106,son,32,Geniş Tarama - 4,2,550,Gold,Area
7,Hasar-alan,bahcivan,standart,106,son,32,Kesim Ustalığı - 3,1,1400,Iron,Damage
7,Hasar-alan,bahcivan,standart,106,son,32,Kritik Güç - 2,1,290,Stone,Crit
7,Hasar-alan,bahcivan,standart,106,son,33,Hasat Rekoru - 3,1,450,Gold,Score
7,Hasar-alan,bahcivan,standart,106,son,33,Ağır Kesim - 2,1,2300,Gold,Damage
7,Hasar-alan,bahcivan,standart,106,son,33,Nadir Filizler - 2,2,500,Iron,Rarity
7,Hasar-alan,bahcivan,standart,106,son,33,Taş Hasat - 4,2,120,Iron,Economy
7,Hasar-alan,bahcivan,standart,106,son,33,Verimli Üretim - 3,2,570,Iron,Production
7,Hasar-alan,bahcivan,standart,106,son,33,Zengin Cevher - 2,2,110,Stone,Economy
7,Hasar-alan,bahcivan,standart,106,son,34,Akıcı Kesim - 4,2,550,Gold,Speed
7,Hasar-alan,bahcivan,standart,106,son,34,Kart Sezgisi - 1,1,710,Gold,Cards
7,Hasar-alan,bahcivan,standart,106,son,34,Kritik Odak - 4,2,520,Gold,Crit
7,Hasar-alan,bahcivan,standart,106,son,34,Hasat Deneyimi II - 2,2,1000,Gold,Xp
7,Hasar-alan,bahcivan,standart,106,son,34,Altın Hasat II - 4,1,560,Gold,Economy
7,Hasar-alan,bahcivan,standart,106,son,34,Hasat Rekoru - 3,2,510,Gold,Score
7,Hasar-alan,bahcivan,standart,106,son,34,Kesim Ustalığı - 3,2,1600,Iron,Damage
7,Hasar-alan,bahcivan,standart,106,son,34,Nadir Filizler - 3,1,570,Iron,Rarity
7,Hasar-alan,bahcivan,standart,106,son,34,Kritik Güç - 2,2,330,Stone,Crit
7,Hasar-alan,bahcivan,standart,106,son,35,Ağır Kesim - 2,2,2700,Gold,Damage
7,Hasar-alan,bahcivan,standart,106,son,35,Kart Sezgisi - 1,2,920,Gold,Cards
7,Hasar-alan,bahcivan,standart,106,son,35,Verimli Üretim - 4,1,630,Iron,Production
7,Hasar-alan,bahcivan,standart,106,son,35,Zengin Cevher - 3,1,125,Stone,Economy
7,Hasar-alan,bahcivan,standart,106,son,36,Hasat Deneyimi II - 3,1,1100,Gold,Xp
7,Hasar-alan,bahcivan,standart,106,son,36,Altın Hasat II - 4,2,620,Gold,Economy
7,Hasar-alan,bahcivan,standart,106,son,36,Hasat Deneyimi II - 3,2,1300,Gold,Xp
7,Hasar-alan,bahcivan,standart,106,son,36,Kesim Ustalığı - 4,1,1700,Iron,Damage
7,Hasar-alan,bahcivan,standart,106,son,36,Hasat Rekoru - 4,1,560,Gold,Score
7,Hasar-alan,bahcivan,standart,106,son,36,Nadir Filizler - 3,2,640,Iron,Rarity
7,Hasar-alan,bahcivan,standart,106,son,36,Kritik Güç - 3,1,380,Stone,Crit
7,Hasar-alan,bahcivan,standart,106,son,37,Ağır Kesim - 3,1,3000,Gold,Damage
7,Hasar-alan,bahcivan,standart,106,son,37,Verimli Üretim - 4,2,690,Iron,Production
7,Hasar-alan,bahcivan,standart,106,son,37,Zengin Cevher - 3,2,140,Stone,Economy
7,Hasar-alan,bahcivan,standart,106,son,38,Kart Sezgisi - 1,3,1100,Gold,Cards
7,Hasar-alan,bahcivan,standart,106,son,38,Ağır Kesim - 3,2,3400,Gold,Damage
7,Hasar-alan,bahcivan,standart,106,son,38,Kesim Ustalığı - 4,2,1900,Iron,Damage
7,Hasar-alan,bahcivan,standart,106,son,38,Kritik Güç - 3,2,420,Stone,Crit
7,Hasar-alan,bahcivan,standart,106,son,39,Hasat Deneyimi II - 4,1,1400,Gold,Xp
7,Hasar-alan,bahcivan,standart,106,son,39,Kart Sezgisi - 2,1,1300,Gold,Cards
7,Hasar-alan,bahcivan,standart,106,son,39,Hasat Deneyimi II - 4,2,1500,Gold,Xp
7,Hasar-alan,bahcivan,standart,106,son,39,Nadir Filizler - 4,1,700,Iron,Rarity
7,Hasar-alan,bahcivan,standart,106,son,39,Zengin Cevher - 4,1,155,Stone,Economy
7,Hasar-alan,bahcivan,standart,106,son,40,Ağır Kesim - 4,1,3800,Gold,Damage
7,Hasar-alan,bahcivan,standart,106,son,40,Kritik Güç - 4,1,470,Stone,Crit
7,Hasar-alan,bahcivan,standart,106,son,41,Hasat Rekoru - 4,2,620,Gold,Score
7,Hasar-alan,bahcivan,standart,106,son,41,Kart Sezgisi - 2,2,1600,Gold,Cards
7,Hasar-alan,bahcivan,standart,106,son,41,Grid Genişleme II,2,1800,Stone,Grid
7,Hasar-alan,bahcivan,standart,106,son,41,Nadir Filizler - 4,2,770,Iron,Rarity
7,Hasar-alan,bahcivan,standart,106,son,41,Zengin Cevher - 4,2,170,Stone,Economy
7,Hasar-alan,bahcivan,standart,106,son,42,Ağır Kesim - 4,2,4100,Gold,Damage
7,Hasar-alan,bahcivan,standart,106,son,42,Kart Sezgisi - 3,1,1800,Gold,Cards
7,Hasar-alan,bahcivan,standart,106,son,42,Kritik Güç - 4,2,520,Stone,Crit
7,Hasar-alan,bahcivan,standart,106,son,44,Kart Sezgisi - 3,2,2000,Gold,Cards
7,Hasar-alan,bahcivan,standart,106,son,47,Kart Sezgisi - 4,1,2200,Gold,Cards
7,Hasar-alan,bahcivan,standart,106,son,49,Kart Sezgisi - 4,2,2400,Gold,Cards
8,Hasar-alan,bahcivan,standart,107,son,1,Keskin Başlangıç - 1,1,5,Gold,Damage
8,Hasar-alan,bahcivan,standart,107,son,1,Keskin Başlangıç - 1,2,7,Gold,Damage
8,Hasar-alan,bahcivan,standart,107,son,2,Keskin Başlangıç - 1,3,8,Gold,Damage
8,Hasar-alan,bahcivan,standart,107,son,4,Keskin Başlangıç - 2,1,10,Gold,Damage
8,Hasar-alan,bahcivan,standart,107,son,4,Altın Hasat I - 1,1,7,Gold,Economy
8,Hasar-alan,bahcivan,standart,107,son,4,Keskin Başlangıç - 2,2,11,Gold,Damage
8,Hasar-alan,bahcivan,standart,107,son,4,Hızlı Eller - 1,1,7,Gold,Speed
8,Hasar-alan,bahcivan,standart,107,son,4,Düzenli Üretim - 1,1,6,Gold,Production
8,Hasar-alan,bahcivan,standart,107,son,5,Grid Genişleme I,1,30,Gold,Grid
8,Hasar-alan,bahcivan,standart,107,son,5,Altın Hasat I - 1,2,9,Gold,Economy
8,Hasar-alan,bahcivan,standart,107,son,5,Keskin Başlangıç - 3,1,13,Gold,Damage
8,Hasar-alan,bahcivan,standart,107,son,5,Hasat Deneyimi I - 1,1,6,Gold,Xp
8,Hasar-alan,bahcivan,standart,107,son,5,Hızlı Eller - 1,2,9,Gold,Speed
8,Hasar-alan,bahcivan,standart,107,son,7,Altın Hasat I - 1,3,11,Gold,Economy
8,Hasar-alan,bahcivan,standart,107,son,7,Keskin Başlangıç - 3,2,14,Gold,Damage
8,Hasar-alan,bahcivan,standart,107,son,7,1×3 Saksı,1,30,Gold,PlanterUnlock
8,Hasar-alan,bahcivan,standart,107,son,8,Kesim Tekniği - 1,1,25,Gold,Damage
8,Hasar-alan,bahcivan,standart,107,son,8,Hasat Deneyimi I - 1,2,8,Gold,Xp
8,Hasar-alan,bahcivan,standart,107,son,8,Hızlı Eller - 1,3,11,Gold,Speed
8,Hasar-alan,bahcivan,standart,107,son,8,Geniş Süpürüş - 1,1,21,Gold,Area
8,Hasar-alan,bahcivan,standart,107,son,9,Düzenli Üretim - 1,2,8,Gold,Production
8,Hasar-alan,bahcivan,standart,107,son,9,Keskin Başlangıç - 4,1,16,Gold,Damage
8,Hasar-alan,bahcivan,standart,107,son,9,Altın Hasat I - 2,1,13,Gold,Economy
8,Hasar-alan,bahcivan,standart,107,son,10,Geniş Süpürüş - 1,2,28,Gold,Area
8,Hasar-alan,bahcivan,standart,107,son,10,Kesim Tekniği - 1,2,35,Gold,Damage
8,Hasar-alan,bahcivan,standart,107,son,11,Keskin Başlangıç - 4,2,17,Gold,Damage
8,Hasar-alan,bahcivan,standart,107,son,11,Hızlı Eller - 2,1,12,Gold,Speed
8,Hasar-alan,bahcivan,standart,107,son,11,Hasat Deneyimi I - 1,3,10,Gold,Xp
8,Hasar-alan,bahcivan,standart,107,son,11,Altın Hasat I - 2,2,16,Gold,Economy
8,Hasar-alan,bahcivan,standart,107,son,11,Düzenli Üretim - 1,3,10,Gold,Production
8,Hasar-alan,bahcivan,standart,107,son,11,Geniş Süpürüş - 1,3,35,Gold,Area
8,Hasar-alan,bahcivan,standart,107,son,11,Hızlı Eller - 2,2,14,Gold,Speed
8,Hasar-alan,bahcivan,standart,107,son,11,Kesim Tekniği - 1,3,40,Gold,Damage
8,Hasar-alan,bahcivan,standart,107,son,11,Grid Genişleme I,2,30,Iron,Grid
8,Hasar-alan,bahcivan,standart,107,son,12,Tornado Kartları,1,30,Iron,BehaviorUnlock
8,Hasar-alan,bahcivan,standart,107,son,13,Altın Hasat I - 3,1,18,Gold,Economy
8,Hasar-alan,bahcivan,standart,107,son,13,Hasat Deneyimi I - 2,1,12,Gold,Xp
8,Hasar-alan,bahcivan,standart,107,son,13,2×2 Saksı,1,80,Gold,PlanterUnlock
8,Hasar-alan,bahcivan,standart,107,son,13,Düzenli Üretim - 2,1,12,Gold,Production
8,Hasar-alan,bahcivan,standart,107,son,13,Hızlı Eller - 3,1,16,Gold,Speed
8,Hasar-alan,bahcivan,standart,107,son,13,Altın Hasat I - 3,2,20,Gold,Economy
8,Hasar-alan,bahcivan,standart,107,son,13,Geniş Süpürüş - 2,1,40,Gold,Area
8,Hasar-alan,bahcivan,standart,107,son,13,Çifte Hasat Kartları,1,25,Iron,Economy
8,Hasar-alan,bahcivan,standart,107,son,14,Kesim Tekniği - 2,1,50,Gold,Damage
8,Hasar-alan,bahcivan,standart,107,son,14,Hasat Deneyimi I - 2,2,14,Gold,Xp
8,Hasar-alan,bahcivan,standart,107,son,14,Demir Hasat - 1,1,25,Gold,Economy
8,Hasar-alan,bahcivan,standart,107,son,14,Hızlı Eller - 3,2,18,Gold,Speed
8,Hasar-alan,bahcivan,standart,107,son,14,Düzenli Üretim - 2,2,13,Gold,Production
8,Hasar-alan,bahcivan,standart,107,son,14,Altın Hasat I - 4,1,22,Gold,Economy
8,Hasar-alan,bahcivan,standart,107,son,14,Geniş Süpürüş - 2,2,45,Gold,Area
8,Hasar-alan,bahcivan,standart,107,son,14,Güçlü Kesim - 1,1,120,Gold,Damage
8,Hasar-alan,bahcivan,standart,107,son,14,Kesim Tekniği - 2,2,55,Gold,Damage
8,Hasar-alan,bahcivan,standart,107,son,14,Hasat Deneyimi I - 3,1,16,Gold,Xp
8,Hasar-alan,bahcivan,standart,107,son,14,Hızlı Eller - 4,1,20,Gold,Speed
8,Hasar-alan,bahcivan,standart,107,son,14,Altın Hasat I - 4,2,24,Gold,Economy
8,Hasar-alan,bahcivan,standart,107,son,14,Demir Hasat - 1,2,35,Gold,Economy
8,Hasar-alan,bahcivan,standart,107,son,14,Düzenli Üretim - 3,1,15,Gold,Production
8,Hasar-alan,bahcivan,standart,107,son,14,Geniş Süpürüş - 3,1,55,Gold,Area
8,Hasar-alan,bahcivan,standart,107,son,15,Hasat Deneyimi I - 3,2,18,Gold,Xp
8,Hasar-alan,bahcivan,standart,107,son,15,Kesim Tekniği - 3,1,65,Gold,Damage
8,Hasar-alan,bahcivan,standart,107,son,15,Hızlı Eller - 4,2,22,Gold,Speed
8,Hasar-alan,bahcivan,standart,107,son,15,Güçlü Kesim - 1,2,160,Gold,Damage
8,Hasar-alan,bahcivan,standart,107,son,15,2×3 Saksı,1,200,Gold,PlanterUnlock
8,Hasar-alan,bahcivan,standart,107,son,15,Düzenli Üretim - 3,2,17,Gold,Production
8,Hasar-alan,bahcivan,standart,107,son,16,Hasat Deneyimi I - 4,1,20,Gold,Xp
8,Hasar-alan,bahcivan,standart,107,son,16,Demir Hasat - 1,3,40,Gold,Economy
8,Hasar-alan,bahcivan,standart,107,son,16,Geniş Süpürüş - 3,2,60,Gold,Area
8,Hasar-alan,bahcivan,standart,107,son,16,Kesim Tekniği - 3,2,70,Gold,Damage
8,Hasar-alan,bahcivan,standart,107,son,16,Güçlü Kesim - 1,3,195,Gold,Damage
8,Hasar-alan,bahcivan,standart,107,son,16,Akıcı Kesim - 1,1,160,Gold,Speed
8,Hasar-alan,bahcivan,standart,107,son,16,Hasat Deneyimi I - 4,2,21,Gold,Xp
8,Hasar-alan,bahcivan,standart,107,son,16,Düzenli Üretim - 4,1,19,Gold,Production
8,Hasar-alan,bahcivan,standart,107,son,16,Düzenli Üretim - 4,2,21,Gold,Production
8,Hasar-alan,bahcivan,standart,107,son,16,Taş Hasat - 1,1,35,Iron,Economy
8,Hasar-alan,bahcivan,standart,107,son,16,Bumerang Orak Kartları,1,40,Iron,BehaviorUnlock
8,Hasar-alan,bahcivan,standart,107,son,17,Geniş Tarama - 1,1,160,Gold,Area
8,Hasar-alan,bahcivan,standart,107,son,17,Kritik Odak - 1,1,150,Gold,Crit
8,Hasar-alan,bahcivan,standart,107,son,17,Geniş Süpürüş - 4,1,65,Gold,Area
8,Hasar-alan,bahcivan,standart,107,son,17,Kesim Tekniği - 4,1,80,Gold,Damage
8,Hasar-alan,bahcivan,standart,107,son,17,Demir Hasat - 2,1,50,Gold,Economy
8,Hasar-alan,bahcivan,standart,107,son,17,Hasat Rekoru - 1,1,180,Gold,Score
8,Hasar-alan,bahcivan,standart,107,son,17,Güçlü Kesim - 2,1,230,Gold,Damage
8,Hasar-alan,bahcivan,standart,107,son,17,Geniş Süpürüş - 4,2,70,Gold,Area
8,Hasar-alan,bahcivan,standart,107,son,17,Taş Hasat - 1,2,45,Iron,Economy
8,Hasar-alan,bahcivan,standart,107,son,18,Geniş Tarama - 1,2,210,Gold,Area
8,Hasar-alan,bahcivan,standart,107,son,18,Kesim Tekniği - 4,2,85,Gold,Damage
8,Hasar-alan,bahcivan,standart,107,son,18,İlk Vazgeçiş,1,150,Gold,Cards
8,Hasar-alan,bahcivan,standart,107,son,18,Akıcı Kesim - 1,2,210,Gold,Speed
8,Hasar-alan,bahcivan,standart,107,son,18,Kritik Odak - 1,2,195,Gold,Crit
8,Hasar-alan,bahcivan,standart,107,son,18,Demir Hasat - 2,2,55,Gold,Economy
8,Hasar-alan,bahcivan,standart,107,son,18,Kesim Ustalığı - 1,1,560,Iron,Damage
8,Hasar-alan,bahcivan,standart,107,son,18,Demir Hasat - 3,1,65,Gold,Economy
8,Hasar-alan,bahcivan,standart,107,son,19,Güçlü Kesim - 2,2,270,Gold,Damage
8,Hasar-alan,bahcivan,standart,107,son,19,Altın Hasat II - 1,1,180,Gold,Economy
8,Hasar-alan,bahcivan,standart,107,son,19,Geniş Tarama - 1,3,260,Gold,Area
8,Hasar-alan,bahcivan,standart,107,son,19,Hasat Rekoru - 1,2,240,Gold,Score
8,Hasar-alan,bahcivan,standart,107,son,19,Grid Genişleme II,1,100,Stone,Grid
8,Hasar-alan,bahcivan,standart,107,son,19,Verimli Üretim - 1,1,200,Iron,Production
8,Hasar-alan,bahcivan,standart,107,son,19,Taş Hasat - 1,3,55,Iron,Economy
8,Hasar-alan,bahcivan,standart,107,son,19,Nadir Filizler - 1,1,230,Iron,Rarity
8,Hasar-alan,bahcivan,standart,107,son,20,Akıcı Kesim - 1,3,260,Gold,Speed
8,Hasar-alan,bahcivan,standart,107,son,21,Kritik Odak - 1,3,240,Gold,Crit
8,Hasar-alan,bahcivan,standart,107,son,21,Güçlü Kesim - 3,1,300,Gold,Damage
8,Hasar-alan,bahcivan,standart,107,son,21,Altın Hasat II - 1,2,240,Gold,Economy
8,Hasar-alan,bahcivan,standart,107,son,21,Geniş Tarama - 2,1,310,Gold,Area
8,Hasar-alan,bahcivan,standart,107,son,21,Demir Hasat - 3,2,70,Gold,Economy
8,Hasar-alan,bahcivan,standart,107,son,21,Kesim Ustalığı - 1,2,720,Iron,Damage
8,Hasar-alan,bahcivan,standart,107,son,21,Taş Hasat - 2,1,65,Iron,Economy
8,Hasar-alan,bahcivan,standart,107,son,22,Akıcı Kesim - 2,1,310,Gold,Speed
8,Hasar-alan,bahcivan,standart,107,son,22,Kritik Odak - 2,1,290,Gold,Crit
8,Hasar-alan,bahcivan,standart,107,son,22,Hasat Rekoru - 1,3,290,Gold,Score
8,Hasar-alan,bahcivan,standart,107,son,22,Güçlü Kesim - 3,2,340,Gold,Damage
8,Hasar-alan,bahcivan,standart,107,son,22,Altın Hasat II - 1,3,290,Gold,Economy
8,Hasar-alan,bahcivan,standart,107,son,22,Verimli Üretim - 1,2,260,Iron,Production
8,Hasar-alan,bahcivan,standart,107,son,22,Demir Hasat - 4,1,80,Gold,Economy
8,Hasar-alan,bahcivan,standart,107,son,22,Nadir Filizler - 1,2,300,Iron,Rarity
8,Hasar-alan,bahcivan,standart,107,son,23,Geniş Tarama - 2,2,360,Gold,Area
8,Hasar-alan,bahcivan,standart,107,son,23,Akıcı Kesim - 2,2,360,Gold,Speed
8,Hasar-alan,bahcivan,standart,107,son,23,Kritik Odak - 2,2,330,Gold,Crit
8,Hasar-alan,bahcivan,standart,107,son,23,Hasat Deneyimi II - 1,1,450,Gold,Xp
8,Hasar-alan,bahcivan,standart,107,son,23,Güçlü Kesim - 4,1,380,Gold,Damage
8,Hasar-alan,bahcivan,standart,107,son,23,Kesim Ustalığı - 1,3,890,Iron,Damage
8,Hasar-alan,bahcivan,standart,107,son,23,Taş Hasat - 2,2,80,Iron,Economy
8,Hasar-alan,bahcivan,standart,107,son,23,Verimli Üretim - 1,3,320,Iron,Production
8,Hasar-alan,bahcivan,standart,107,son,24,Altın Hasat II - 2,1,350,Gold,Economy
8,Hasar-alan,bahcivan,standart,107,son,24,Ağır Kesim - 1,1,1200,Gold,Damage
8,Hasar-alan,bahcivan,standart,107,son,24,Geniş Tarama - 3,1,400,Gold,Area
8,Hasar-alan,bahcivan,standart,107,son,24,Hasat Rekoru - 2,1,350,Gold,Score
8,Hasar-alan,bahcivan,standart,107,son,24,Akıcı Kesim - 3,1,400,Gold,Speed
8,Hasar-alan,bahcivan,standart,107,son,24,Demir Hasat - 4,2,85,Gold,Economy
8,Hasar-alan,bahcivan,standart,107,son,24,Zengin Cevher - 1,1,50,Stone,Economy
8,Hasar-alan,bahcivan,standart,107,son,25,Kritik Odak - 3,1,380,Gold,Crit
8,Hasar-alan,bahcivan,standart,107,son,25,Hasat Deneyimi II - 1,2,590,Gold,Xp
8,Hasar-alan,bahcivan,standart,107,son,25,Altın Hasat II - 2,2,400,Gold,Economy
8,Hasar-alan,bahcivan,standart,107,son,25,Geniş Tarama - 3,2,450,Gold,Area
8,Hasar-alan,bahcivan,standart,107,son,25,Güçlü Kesim - 4,2,410,Gold,Damage
8,Hasar-alan,bahcivan,standart,107,son,25,Kesim Ustalığı - 2,1,1100,Iron,Damage
8,Hasar-alan,bahcivan,standart,107,son,25,Nadir Filizler - 1,3,360,Iron,Rarity
8,Hasar-alan,bahcivan,standart,107,son,25,Taş Hasat - 3,1,90,Iron,Economy
8,Hasar-alan,bahcivan,standart,107,son,25,Akıcı Kesim - 3,2,450,Gold,Speed
8,Hasar-alan,bahcivan,standart,107,son,25,Verimli Üretim - 2,1,380,Iron,Production
8,Hasar-alan,bahcivan,standart,107,son,26,Ağır Kesim - 1,2,1600,Gold,Damage
8,Hasar-alan,bahcivan,standart,107,son,26,Kritik Odak - 3,2,420,Gold,Crit
8,Hasar-alan,bahcivan,standart,107,son,26,Hasat Deneyimi II - 1,3,730,Gold,Xp
8,Hasar-alan,bahcivan,standart,107,son,26,Kritik Güç - 1,1,150,Stone,Crit
8,Hasar-alan,bahcivan,standart,107,son,26,İkinci Vazgeçiş,1,800,Iron,Cards
8,Hasar-alan,bahcivan,standart,107,son,27,Hasat Rekoru - 2,2,400,Gold,Score
8,Hasar-alan,bahcivan,standart,107,son,27,Altın Hasat II - 3,1,450,Gold,Economy
8,Hasar-alan,bahcivan,standart,107,son,27,Geniş Tarama - 4,1,500,Gold,Area
8,Hasar-alan,bahcivan,standart,107,son,27,Zengin Cevher - 1,2,65,Stone,Economy
8,Hasar-alan,bahcivan,standart,107,son,27,Ağır Kesim - 1,3,1900,Gold,Damage
8,Hasar-alan,bahcivan,standart,107,son,27,Taş Hasat - 3,2,100,Iron,Economy
8,Hasar-alan,bahcivan,standart,107,son,27,Akıcı Kesim - 4,1,500,Gold,Speed
8,Hasar-alan,bahcivan,standart,107,son,27,Kritik Odak - 4,1,470,Gold,Crit
8,Hasar-alan,bahcivan,standart,107,son,27,Kesim Ustalığı - 2,2,1200,Iron,Damage
8,Hasar-alan,bahcivan,standart,107,son,27,Verimli Üretim - 2,2,440,Iron,Production
8,Hasar-alan,bahcivan,standart,107,son,28,Nadir Filizler - 2,1,430,Iron,Rarity
8,Hasar-alan,bahcivan,standart,107,son,28,Hasat Deneyimi II - 2,1,860,Gold,Xp
8,Hasar-alan,bahcivan,standart,107,son,28,Altın Hasat II - 3,2,510,Gold,Economy
8,Hasar-alan,bahcivan,standart,107,son,28,Geniş Tarama - 4,2,550,Gold,Area
8,Hasar-alan,bahcivan,standart,107,son,28,Kritik Güç - 1,2,195,Stone,Crit
8,Hasar-alan,bahcivan,standart,107,son,29,Zengin Cevher - 1,3,80,Stone,Economy
8,Hasar-alan,bahcivan,standart,107,son,29,Hasat Rekoru - 3,1,450,Gold,Score
8,Hasar-alan,bahcivan,standart,107,son,29,Ağır Kesim - 2,1,2300,Gold,Damage
8,Hasar-alan,bahcivan,standart,107,son,29,Taş Hasat - 4,1,110,Iron,Economy
8,Hasar-alan,bahcivan,standart,107,son,29,Akıcı Kesim - 4,2,550,Gold,Speed
8,Hasar-alan,bahcivan,standart,107,son,29,Kart Sezgisi - 1,1,710,Gold,Cards
8,Hasar-alan,bahcivan,standart,107,son,29,Kritik Odak - 4,2,520,Gold,Crit
8,Hasar-alan,bahcivan,standart,107,son,30,Verimli Üretim - 3,1,510,Iron,Production
8,Hasar-alan,bahcivan,standart,107,son,30,Hasat Deneyimi II - 2,2,1000,Gold,Xp
8,Hasar-alan,bahcivan,standart,107,son,30,Kesim Ustalığı - 3,1,1400,Iron,Damage
8,Hasar-alan,bahcivan,standart,107,son,30,Altın Hasat II - 4,1,560,Gold,Economy
8,Hasar-alan,bahcivan,standart,107,son,30,Kritik Güç - 1,3,240,Stone,Crit
8,Hasar-alan,bahcivan,standart,107,son,30,Nadir Filizler - 2,2,500,Iron,Rarity
8,Hasar-alan,bahcivan,standart,107,son,31,Zengin Cevher - 2,1,95,Stone,Economy
8,Hasar-alan,bahcivan,standart,107,son,31,Ağır Kesim - 2,2,2700,Gold,Damage
8,Hasar-alan,bahcivan,standart,107,son,31,Taş Hasat - 4,2,120,Iron,Economy
8,Hasar-alan,bahcivan,standart,107,son,32,Kart Sezgisi - 1,2,920,Gold,Cards
8,Hasar-alan,bahcivan,standart,107,son,32,Verimli Üretim - 3,2,570,Iron,Production
8,Hasar-alan,bahcivan,standart,107,son,32,Hasat Deneyimi II - 3,1,1100,Gold,Xp
8,Hasar-alan,bahcivan,standart,107,son,32,Hasat Rekoru - 3,2,510,Gold,Score
8,Hasar-alan,bahcivan,standart,107,son,32,Altın Hasat II - 4,2,620,Gold,Economy
8,Hasar-alan,bahcivan,standart,107,son,32,Kesim Ustalığı - 3,2,1600,Iron,Damage
8,Hasar-alan,bahcivan,standart,107,son,32,Kritik Güç - 2,1,290,Stone,Crit
8,Hasar-alan,bahcivan,standart,107,son,33,Zengin Cevher - 2,2,110,Stone,Economy
8,Hasar-alan,bahcivan,standart,107,son,33,Nadir Filizler - 3,1,570,Iron,Rarity
8,Hasar-alan,bahcivan,standart,107,son,34,Ağır Kesim - 3,1,3000,Gold,Damage
8,Hasar-alan,bahcivan,standart,107,son,34,Hasat Deneyimi II - 3,2,1300,Gold,Xp
8,Hasar-alan,bahcivan,standart,107,son,34,Verimli Üretim - 4,1,630,Iron,Production
8,Hasar-alan,bahcivan,standart,107,son,34,Kart Sezgisi - 1,3,1100,Gold,Cards
8,Hasar-alan,bahcivan,standart,107,son,34,Kritik Güç - 2,2,330,Stone,Crit
8,Hasar-alan,bahcivan,standart,107,son,35,Kesim Ustalığı - 4,1,1700,Iron,Damage
8,Hasar-alan,bahcivan,standart,107,son,35,Zengin Cevher - 3,1,125,Stone,Economy
8,Hasar-alan,bahcivan,standart,107,son,35,Hasat Rekoru - 4,1,560,Gold,Score
8,Hasar-alan,bahcivan,standart,107,son,36,Ağır Kesim - 3,2,3400,Gold,Damage
8,Hasar-alan,bahcivan,standart,107,son,36,Nadir Filizler - 3,2,640,Iron,Rarity
8,Hasar-alan,bahcivan,standart,107,son,36,Hasat Deneyimi II - 4,1,1400,Gold,Xp
8,Hasar-alan,bahcivan,standart,107,son,36,Kritik Güç - 3,1,380,Stone,Crit
8,Hasar-alan,bahcivan,standart,107,son,36,Verimli Üretim - 4,2,690,Iron,Production
8,Hasar-alan,bahcivan,standart,107,son,37,Kart Sezgisi - 2,1,1300,Gold,Cards
8,Hasar-alan,bahcivan,standart,107,son,37,Zengin Cevher - 3,2,140,Stone,Economy
8,Hasar-alan,bahcivan,standart,107,son,37,Kesim Ustalığı - 4,2,1900,Iron,Damage
8,Hasar-alan,bahcivan,standart,107,son,38,Ağır Kesim - 4,1,3800,Gold,Damage
8,Hasar-alan,bahcivan,standart,107,son,38,Hasat Deneyimi II - 4,2,1500,Gold,Xp
8,Hasar-alan,bahcivan,standart,107,son,38,Hasat Rekoru - 4,2,620,Gold,Score
8,Hasar-alan,bahcivan,standart,107,son,38,Kritik Güç - 3,2,420,Stone,Crit
8,Hasar-alan,bahcivan,standart,107,son,39,Nadir Filizler - 4,1,700,Iron,Rarity
8,Hasar-alan,bahcivan,standart,107,son,39,Zengin Cevher - 4,1,155,Stone,Economy
8,Hasar-alan,bahcivan,standart,107,son,39,Kart Sezgisi - 2,2,1600,Gold,Cards
8,Hasar-alan,bahcivan,standart,107,son,40,Ağır Kesim - 4,2,4100,Gold,Damage
8,Hasar-alan,bahcivan,standart,107,son,40,Kritik Güç - 4,1,470,Stone,Crit
8,Hasar-alan,bahcivan,standart,107,son,41,Grid Genişleme II,2,1800,Stone,Grid
8,Hasar-alan,bahcivan,standart,107,son,41,Nadir Filizler - 4,2,770,Iron,Rarity
8,Hasar-alan,bahcivan,standart,107,son,41,Zengin Cevher - 4,2,170,Stone,Economy
8,Hasar-alan,bahcivan,standart,107,son,42,Kart Sezgisi - 3,1,1800,Gold,Cards
8,Hasar-alan,bahcivan,standart,107,son,42,Kritik Güç - 4,2,520,Stone,Crit
8,Hasar-alan,bahcivan,standart,107,son,44,Kart Sezgisi - 3,2,2000,Gold,Cards
8,Hasar-alan,bahcivan,standart,107,son,47,Kart Sezgisi - 4,1,2200,Gold,Cards
8,Hasar-alan,bahcivan,standart,107,son,49,Kart Sezgisi - 4,2,2400,Gold,Cards
9,Hasar-alan,bahcivan,standart,108,son,2,Keskin Başlangıç - 1,1,5,Gold,Damage
9,Hasar-alan,bahcivan,standart,108,son,2,Keskin Başlangıç - 1,2,7,Gold,Damage
9,Hasar-alan,bahcivan,standart,108,son,3,Keskin Başlangıç - 1,3,8,Gold,Damage
9,Hasar-alan,bahcivan,standart,108,son,4,Keskin Başlangıç - 2,1,10,Gold,Damage
9,Hasar-alan,bahcivan,standart,108,son,5,Altın Hasat I - 1,1,7,Gold,Economy
9,Hasar-alan,bahcivan,standart,108,son,5,Keskin Başlangıç - 2,2,11,Gold,Damage
9,Hasar-alan,bahcivan,standart,108,son,5,Grid Genişleme I,1,30,Gold,Grid
9,Hasar-alan,bahcivan,standart,108,son,6,Hızlı Eller - 1,1,7,Gold,Speed
9,Hasar-alan,bahcivan,standart,108,son,6,Altın Hasat I - 1,2,9,Gold,Economy
9,Hasar-alan,bahcivan,standart,108,son,6,Keskin Başlangıç - 3,1,13,Gold,Damage
9,Hasar-alan,bahcivan,standart,108,son,6,Düzenli Üretim - 1,1,6,Gold,Production
9,Hasar-alan,bahcivan,standart,108,son,6,Hasat Deneyimi I - 1,1,6,Gold,Xp
9,Hasar-alan,bahcivan,standart,108,son,7,Hızlı Eller - 1,2,9,Gold,Speed
9,Hasar-alan,bahcivan,standart,108,son,8,Altın Hasat I - 1,3,11,Gold,Economy
9,Hasar-alan,bahcivan,standart,108,son,8,Keskin Başlangıç - 3,2,14,Gold,Damage
9,Hasar-alan,bahcivan,standart,108,son,9,1×3 Saksı,1,30,Gold,PlanterUnlock
9,Hasar-alan,bahcivan,standart,108,son,9,Kesim Tekniği - 1,1,25,Gold,Damage
9,Hasar-alan,bahcivan,standart,108,son,9,Hasat Deneyimi I - 1,2,8,Gold,Xp
9,Hasar-alan,bahcivan,standart,108,son,9,Hızlı Eller - 1,3,11,Gold,Speed
9,Hasar-alan,bahcivan,standart,108,son,10,Geniş Süpürüş - 1,1,21,Gold,Area
9,Hasar-alan,bahcivan,standart,108,son,10,Düzenli Üretim - 1,2,8,Gold,Production
9,Hasar-alan,bahcivan,standart,108,son,10,Keskin Başlangıç - 4,1,16,Gold,Damage
9,Hasar-alan,bahcivan,standart,108,son,10,Altın Hasat I - 2,1,13,Gold,Economy
9,Hasar-alan,bahcivan,standart,108,son,11,Geniş Süpürüş - 1,2,28,Gold,Area
9,Hasar-alan,bahcivan,standart,108,son,11,Kesim Tekniği - 1,2,35,Gold,Damage
9,Hasar-alan,bahcivan,standart,108,son,11,Keskin Başlangıç - 4,2,17,Gold,Damage
9,Hasar-alan,bahcivan,standart,108,son,11,Hızlı Eller - 2,1,12,Gold,Speed
9,Hasar-alan,bahcivan,standart,108,son,11,Hasat Deneyimi I - 1,3,10,Gold,Xp
9,Hasar-alan,bahcivan,standart,108,son,11,Grid Genişleme I,2,30,Iron,Grid
9,Hasar-alan,bahcivan,standart,108,son,12,Altın Hasat I - 2,2,16,Gold,Economy
9,Hasar-alan,bahcivan,standart,108,son,12,Düzenli Üretim - 1,3,10,Gold,Production
9,Hasar-alan,bahcivan,standart,108,son,12,Geniş Süpürüş - 1,3,35,Gold,Area
9,Hasar-alan,bahcivan,standart,108,son,12,Hızlı Eller - 2,2,14,Gold,Speed
9,Hasar-alan,bahcivan,standart,108,son,12,Tornado Kartları,1,30,Iron,BehaviorUnlock
9,Hasar-alan,bahcivan,standart,108,son,13,Kesim Tekniği - 1,3,40,Gold,Damage
9,Hasar-alan,bahcivan,standart,108,son,13,Altın Hasat I - 3,1,18,Gold,Economy
9,Hasar-alan,bahcivan,standart,108,son,13,Hasat Deneyimi I - 2,1,12,Gold,Xp
9,Hasar-alan,bahcivan,standart,108,son,13,2×2 Saksı,1,80,Gold,PlanterUnlock
9,Hasar-alan,bahcivan,standart,108,son,13,Düzenli Üretim - 2,1,12,Gold,Production
9,Hasar-alan,bahcivan,standart,108,son,13,Çifte Hasat Kartları,1,25,Iron,Economy
9,Hasar-alan,bahcivan,standart,108,son,14,Hızlı Eller - 3,1,16,Gold,Speed
9,Hasar-alan,bahcivan,standart,108,son,14,Altın Hasat I - 3,2,20,Gold,Economy
9,Hasar-alan,bahcivan,standart,108,son,14,Geniş Süpürüş - 2,1,40,Gold,Area
9,Hasar-alan,bahcivan,standart,108,son,14,Kesim Tekniği - 2,1,50,Gold,Damage
9,Hasar-alan,bahcivan,standart,108,son,14,Hasat Deneyimi I - 2,2,14,Gold,Xp
9,Hasar-alan,bahcivan,standart,108,son,14,Demir Hasat - 1,1,25,Gold,Economy
9,Hasar-alan,bahcivan,standart,108,son,14,Hızlı Eller - 3,2,18,Gold,Speed
9,Hasar-alan,bahcivan,standart,108,son,15,Düzenli Üretim - 2,2,13,Gold,Production
9,Hasar-alan,bahcivan,standart,108,son,15,Altın Hasat I - 4,1,22,Gold,Economy
9,Hasar-alan,bahcivan,standart,108,son,15,Geniş Süpürüş - 2,2,45,Gold,Area
9,Hasar-alan,bahcivan,standart,108,son,15,Güçlü Kesim - 1,1,120,Gold,Damage
9,Hasar-alan,bahcivan,standart,108,son,15,Kesim Tekniği - 2,2,55,Gold,Damage
9,Hasar-alan,bahcivan,standart,108,son,15,Hasat Deneyimi I - 3,1,16,Gold,Xp
9,Hasar-alan,bahcivan,standart,108,son,15,Hızlı Eller - 4,1,20,Gold,Speed
9,Hasar-alan,bahcivan,standart,108,son,15,Altın Hasat I - 4,2,24,Gold,Economy
9,Hasar-alan,bahcivan,standart,108,son,15,Demir Hasat - 1,2,35,Gold,Economy
9,Hasar-alan,bahcivan,standart,108,son,15,Düzenli Üretim - 3,1,15,Gold,Production
9,Hasar-alan,bahcivan,standart,108,son,16,Geniş Süpürüş - 3,1,55,Gold,Area
9,Hasar-alan,bahcivan,standart,108,son,16,Hasat Deneyimi I - 3,2,18,Gold,Xp
9,Hasar-alan,bahcivan,standart,108,son,16,Kesim Tekniği - 3,1,65,Gold,Damage
9,Hasar-alan,bahcivan,standart,108,son,16,Hızlı Eller - 4,2,22,Gold,Speed
9,Hasar-alan,bahcivan,standart,108,son,16,Güçlü Kesim - 1,2,160,Gold,Damage
9,Hasar-alan,bahcivan,standart,108,son,16,Düzenli Üretim - 3,2,17,Gold,Production
9,Hasar-alan,bahcivan,standart,108,son,16,Hasat Deneyimi I - 4,1,20,Gold,Xp
9,Hasar-alan,bahcivan,standart,108,son,16,Demir Hasat - 1,3,40,Gold,Economy
9,Hasar-alan,bahcivan,standart,108,son,16,Hasat Deneyimi I - 4,2,21,Gold,Xp
9,Hasar-alan,bahcivan,standart,108,son,16,Düzenli Üretim - 4,1,19,Gold,Production
9,Hasar-alan,bahcivan,standart,108,son,16,Düzenli Üretim - 4,2,21,Gold,Production
9,Hasar-alan,bahcivan,standart,108,son,16,Taş Hasat - 1,1,35,Iron,Economy
9,Hasar-alan,bahcivan,standart,108,son,16,Bumerang Orak Kartları,1,40,Iron,BehaviorUnlock
9,Hasar-alan,bahcivan,standart,108,son,17,2×3 Saksı,1,200,Gold,PlanterUnlock
9,Hasar-alan,bahcivan,standart,108,son,17,Geniş Süpürüş - 3,2,60,Gold,Area
9,Hasar-alan,bahcivan,standart,108,son,17,Kesim Tekniği - 3,2,70,Gold,Damage
9,Hasar-alan,bahcivan,standart,108,son,17,Güçlü Kesim - 1,3,195,Gold,Damage
9,Hasar-alan,bahcivan,standart,108,son,17,Taş Hasat - 1,2,45,Iron,Economy
9,Hasar-alan,bahcivan,standart,108,son,18,Akıcı Kesim - 1,1,160,Gold,Speed
9,Hasar-alan,bahcivan,standart,108,son,18,Geniş Tarama - 1,1,160,Gold,Area
9,Hasar-alan,bahcivan,standart,108,son,18,Kritik Odak - 1,1,150,Gold,Crit
9,Hasar-alan,bahcivan,standart,108,son,18,Geniş Süpürüş - 4,1,65,Gold,Area
9,Hasar-alan,bahcivan,standart,108,son,18,Kesim Tekniği - 4,1,80,Gold,Damage
9,Hasar-alan,bahcivan,standart,108,son,18,Verimli Üretim - 1,1,200,Iron,Production
9,Hasar-alan,bahcivan,standart,108,son,19,Demir Hasat - 2,1,50,Gold,Economy
9,Hasar-alan,bahcivan,standart,108,son,19,Hasat Rekoru - 1,1,180,Gold,Score
9,Hasar-alan,bahcivan,standart,108,son,19,Güçlü Kesim - 2,1,230,Gold,Damage
9,Hasar-alan,bahcivan,standart,108,son,19,Geniş Süpürüş - 4,2,70,Gold,Area
9,Hasar-alan,bahcivan,standart,108,son,19,Taş Hasat - 1,3,55,Iron,Economy
9,Hasar-alan,bahcivan,standart,108,son,19,Nadir Filizler - 1,1,230,Iron,Rarity
10,Hasar-alan,bahcivan,standart,109,son,1,Keskin Başlangıç - 1,1,5,Gold,Damage
10,Hasar-alan,bahcivan,standart,109,son,2,Keskin Başlangıç - 1,2,7,Gold,Damage
10,Hasar-alan,bahcivan,standart,109,son,3,Keskin Başlangıç - 1,3,8,Gold,Damage
10,Hasar-alan,bahcivan,standart,109,son,4,Keskin Başlangıç - 2,1,10,Gold,Damage
10,Hasar-alan,bahcivan,standart,109,son,4,Altın Hasat I - 1,1,7,Gold,Economy
10,Hasar-alan,bahcivan,standart,109,son,5,Keskin Başlangıç - 2,2,11,Gold,Damage
10,Hasar-alan,bahcivan,standart,109,son,5,Grid Genişleme I,1,30,Gold,Grid
10,Hasar-alan,bahcivan,standart,109,son,5,Hızlı Eller - 1,1,7,Gold,Speed
10,Hasar-alan,bahcivan,standart,109,son,5,Altın Hasat I - 1,2,9,Gold,Economy
10,Hasar-alan,bahcivan,standart,109,son,6,Keskin Başlangıç - 3,1,13,Gold,Damage
10,Hasar-alan,bahcivan,standart,109,son,6,Düzenli Üretim - 1,1,6,Gold,Production
10,Hasar-alan,bahcivan,standart,109,son,6,Hasat Deneyimi I - 1,1,6,Gold,Xp
10,Hasar-alan,bahcivan,standart,109,son,6,Hızlı Eller - 1,2,9,Gold,Speed
10,Hasar-alan,bahcivan,standart,109,son,6,Altın Hasat I - 1,3,11,Gold,Economy
10,Hasar-alan,bahcivan,standart,109,son,8,Keskin Başlangıç - 3,2,14,Gold,Damage
10,Hasar-alan,bahcivan,standart,109,son,8,1×3 Saksı,1,30,Gold,PlanterUnlock
10,Hasar-alan,bahcivan,standart,109,son,9,Kesim Tekniği - 1,1,25,Gold,Damage
10,Hasar-alan,bahcivan,standart,109,son,9,Hasat Deneyimi I - 1,2,8,Gold,Xp
10,Hasar-alan,bahcivan,standart,109,son,9,Hızlı Eller - 1,3,11,Gold,Speed
10,Hasar-alan,bahcivan,standart,109,son,9,Geniş Süpürüş - 1,1,21,Gold,Area
10,Hasar-alan,bahcivan,standart,109,son,9,Düzenli Üretim - 1,2,8,Gold,Production
10,Hasar-alan,bahcivan,standart,109,son,10,Keskin Başlangıç - 4,1,16,Gold,Damage
10,Hasar-alan,bahcivan,standart,109,son,10,Altın Hasat I - 2,1,13,Gold,Economy
10,Hasar-alan,bahcivan,standart,109,son,10,Geniş Süpürüş - 1,2,28,Gold,Area
10,Hasar-alan,bahcivan,standart,109,son,11,Kesim Tekniği - 1,2,35,Gold,Damage
10,Hasar-alan,bahcivan,standart,109,son,11,Keskin Başlangıç - 4,2,17,Gold,Damage
10,Hasar-alan,bahcivan,standart,109,son,11,Hızlı Eller - 2,1,12,Gold,Speed
10,Hasar-alan,bahcivan,standart,109,son,11,Hasat Deneyimi I - 1,3,10,Gold,Xp
10,Hasar-alan,bahcivan,standart,109,son,11,Altın Hasat I - 2,2,16,Gold,Economy
10,Hasar-alan,bahcivan,standart,109,son,11,Düzenli Üretim - 1,3,10,Gold,Production
10,Hasar-alan,bahcivan,standart,109,son,11,Geniş Süpürüş - 1,3,35,Gold,Area
10,Hasar-alan,bahcivan,standart,109,son,11,Hızlı Eller - 2,2,14,Gold,Speed
10,Hasar-alan,bahcivan,standart,109,son,11,Grid Genişleme I,2,30,Iron,Grid
10,Hasar-alan,bahcivan,standart,109,son,12,Tornado Kartları,1,30,Iron,BehaviorUnlock
10,Hasar-alan,bahcivan,standart,109,son,13,Kesim Tekniği - 1,3,40,Gold,Damage
10,Hasar-alan,bahcivan,standart,109,son,13,Altın Hasat I - 3,1,18,Gold,Economy
10,Hasar-alan,bahcivan,standart,109,son,13,Hasat Deneyimi I - 2,1,12,Gold,Xp
10,Hasar-alan,bahcivan,standart,109,son,13,2×2 Saksı,1,80,Gold,PlanterUnlock
10,Hasar-alan,bahcivan,standart,109,son,13,Düzenli Üretim - 2,1,12,Gold,Production
10,Hasar-alan,bahcivan,standart,109,son,13,Hızlı Eller - 3,1,16,Gold,Speed
10,Hasar-alan,bahcivan,standart,109,son,13,Altın Hasat I - 3,2,20,Gold,Economy
10,Hasar-alan,bahcivan,standart,109,son,13,Geniş Süpürüş - 2,1,40,Gold,Area
10,Hasar-alan,bahcivan,standart,109,son,13,Çifte Hasat Kartları,1,25,Iron,Economy
10,Hasar-alan,bahcivan,standart,109,son,14,Kesim Tekniği - 2,1,50,Gold,Damage
10,Hasar-alan,bahcivan,standart,109,son,14,Hasat Deneyimi I - 2,2,14,Gold,Xp
10,Hasar-alan,bahcivan,standart,109,son,14,Demir Hasat - 1,1,25,Gold,Economy
10,Hasar-alan,bahcivan,standart,109,son,14,Hızlı Eller - 3,2,18,Gold,Speed
10,Hasar-alan,bahcivan,standart,109,son,14,Düzenli Üretim - 2,2,13,Gold,Production
10,Hasar-alan,bahcivan,standart,109,son,14,Altın Hasat I - 4,1,22,Gold,Economy
10,Hasar-alan,bahcivan,standart,109,son,14,Geniş Süpürüş - 2,2,45,Gold,Area
10,Hasar-alan,bahcivan,standart,109,son,14,Güçlü Kesim - 1,1,120,Gold,Damage
10,Hasar-alan,bahcivan,standart,109,son,14,Kesim Tekniği - 2,2,55,Gold,Damage
10,Hasar-alan,bahcivan,standart,109,son,14,Hasat Deneyimi I - 3,1,16,Gold,Xp
10,Hasar-alan,bahcivan,standart,109,son,14,Hızlı Eller - 4,1,20,Gold,Speed
10,Hasar-alan,bahcivan,standart,109,son,14,Altın Hasat I - 4,2,24,Gold,Economy
10,Hasar-alan,bahcivan,standart,109,son,14,Demir Hasat - 1,2,35,Gold,Economy
10,Hasar-alan,bahcivan,standart,109,son,14,Düzenli Üretim - 3,1,15,Gold,Production
10,Hasar-alan,bahcivan,standart,109,son,15,Geniş Süpürüş - 3,1,55,Gold,Area
10,Hasar-alan,bahcivan,standart,109,son,15,Hasat Deneyimi I - 3,2,18,Gold,Xp
10,Hasar-alan,bahcivan,standart,109,son,15,Kesim Tekniği - 3,1,65,Gold,Damage
10,Hasar-alan,bahcivan,standart,109,son,15,Hızlı Eller - 4,2,22,Gold,Speed
10,Hasar-alan,bahcivan,standart,109,son,15,Güçlü Kesim - 1,2,160,Gold,Damage
10,Hasar-alan,bahcivan,standart,109,son,15,2×3 Saksı,1,200,Gold,PlanterUnlock
10,Hasar-alan,bahcivan,standart,109,son,15,Düzenli Üretim - 3,2,17,Gold,Production
10,Hasar-alan,bahcivan,standart,109,son,15,Hasat Deneyimi I - 4,1,20,Gold,Xp
10,Hasar-alan,bahcivan,standart,109,son,15,Demir Hasat - 1,3,40,Gold,Economy
10,Hasar-alan,bahcivan,standart,109,son,15,Geniş Süpürüş - 3,2,60,Gold,Area
10,Hasar-alan,bahcivan,standart,109,son,15,Kesim Tekniği - 3,2,70,Gold,Damage
10,Hasar-alan,bahcivan,standart,109,son,15,Hasat Deneyimi I - 4,2,21,Gold,Xp
10,Hasar-alan,bahcivan,standart,109,son,15,Düzenli Üretim - 4,1,19,Gold,Production
10,Hasar-alan,bahcivan,standart,109,son,15,Düzenli Üretim - 4,2,21,Gold,Production
10,Hasar-alan,bahcivan,standart,109,son,15,Taş Hasat - 1,1,35,Iron,Economy
10,Hasar-alan,bahcivan,standart,109,son,16,Güçlü Kesim - 1,3,195,Gold,Damage
10,Hasar-alan,bahcivan,standart,109,son,16,Akıcı Kesim - 1,1,160,Gold,Speed
10,Hasar-alan,bahcivan,standart,109,son,16,Geniş Tarama - 1,1,160,Gold,Area
10,Hasar-alan,bahcivan,standart,109,son,16,Kritik Odak - 1,1,150,Gold,Crit
10,Hasar-alan,bahcivan,standart,109,son,16,Geniş Süpürüş - 4,1,65,Gold,Area
10,Hasar-alan,bahcivan,standart,109,son,16,Bumerang Orak Kartları,1,40,Iron,BehaviorUnlock
10,Hasar-alan,bahcivan,standart,109,son,17,Kesim Tekniği - 4,1,80,Gold,Damage
10,Hasar-alan,bahcivan,standart,109,son,17,Demir Hasat - 2,1,50,Gold,Economy
10,Hasar-alan,bahcivan,standart,109,son,17,Hasat Rekoru - 1,1,180,Gold,Score
10,Hasar-alan,bahcivan,standart,109,son,17,Güçlü Kesim - 2,1,230,Gold,Damage
10,Hasar-alan,bahcivan,standart,109,son,17,Geniş Süpürüş - 4,2,70,Gold,Area
10,Hasar-alan,bahcivan,standart,109,son,17,Geniş Tarama - 1,2,210,Gold,Area
10,Hasar-alan,bahcivan,standart,109,son,17,Taş Hasat - 1,2,45,Iron,Economy
10,Hasar-alan,bahcivan,standart,109,son,17,Kesim Ustalığı - 1,1,560,Iron,Damage
10,Hasar-alan,bahcivan,standart,109,son,18,Kesim Tekniği - 4,2,85,Gold,Damage
10,Hasar-alan,bahcivan,standart,109,son,18,İlk Vazgeçiş,1,150,Gold,Cards
10,Hasar-alan,bahcivan,standart,109,son,18,Akıcı Kesim - 1,2,210,Gold,Speed
10,Hasar-alan,bahcivan,standart,109,son,18,Kritik Odak - 1,2,195,Gold,Crit
10,Hasar-alan,bahcivan,standart,109,son,18,Demir Hasat - 2,2,55,Gold,Economy
10,Hasar-alan,bahcivan,standart,109,son,18,Güçlü Kesim - 2,2,270,Gold,Damage
10,Hasar-alan,bahcivan,standart,109,son,18,Grid Genişleme II,1,100,Stone,Grid
10,Hasar-alan,bahcivan,standart,109,son,18,Verimli Üretim - 1,1,200,Iron,Production
10,Hasar-alan,bahcivan,standart,109,son,19,Altın Hasat II - 1,1,180,Gold,Economy
10,Hasar-alan,bahcivan,standart,109,son,19,Geniş Tarama - 1,3,260,Gold,Area
10,Hasar-alan,bahcivan,standart,109,son,19,Hasat Rekoru - 1,2,240,Gold,Score
10,Hasar-alan,bahcivan,standart,109,son,19,Demir Hasat - 3,1,65,Gold,Economy
10,Hasar-alan,bahcivan,standart,109,son,19,Taş Hasat - 1,3,55,Iron,Economy
10,Hasar-alan,bahcivan,standart,109,son,19,Nadir Filizler - 1,1,230,Iron,Rarity
10,Hasar-alan,bahcivan,standart,109,son,20,Akıcı Kesim - 1,3,260,Gold,Speed
10,Hasar-alan,bahcivan,standart,109,son,20,Kritik Odak - 1,3,240,Gold,Crit
10,Hasar-alan,bahcivan,standart,109,son,20,Güçlü Kesim - 3,1,300,Gold,Damage
10,Hasar-alan,bahcivan,standart,109,son,20,Altın Hasat II - 1,2,240,Gold,Economy
10,Hasar-alan,bahcivan,standart,109,son,21,Geniş Tarama - 2,1,310,Gold,Area
10,Hasar-alan,bahcivan,standart,109,son,21,Akıcı Kesim - 2,1,310,Gold,Speed
10,Hasar-alan,bahcivan,standart,109,son,21,Kritik Odak - 2,1,290,Gold,Crit
10,Hasar-alan,bahcivan,standart,109,son,21,Demir Hasat - 3,2,70,Gold,Economy
10,Hasar-alan,bahcivan,standart,109,son,21,Kesim Ustalığı - 1,2,720,Iron,Damage
10,Hasar-alan,bahcivan,standart,109,son,21,Verimli Üretim - 1,2,260,Iron,Production
10,Hasar-alan,bahcivan,standart,109,son,21,Taş Hasat - 2,1,65,Iron,Economy
10,Hasar-alan,bahcivan,standart,109,son,22,Hasat Rekoru - 1,3,290,Gold,Score
10,Hasar-alan,bahcivan,standart,109,son,22,Güçlü Kesim - 3,2,340,Gold,Damage
10,Hasar-alan,bahcivan,standart,109,son,22,Altın Hasat II - 1,3,290,Gold,Economy
10,Hasar-alan,bahcivan,standart,109,son,22,Geniş Tarama - 2,2,360,Gold,Area
10,Hasar-alan,bahcivan,standart,109,son,22,Akıcı Kesim - 2,2,360,Gold,Speed
10,Hasar-alan,bahcivan,standart,109,son,22,Kritik Odak - 2,2,330,Gold,Crit
10,Hasar-alan,bahcivan,standart,109,son,22,Nadir Filizler - 1,2,300,Iron,Rarity
10,Hasar-alan,bahcivan,standart,109,son,23,Hasat Deneyimi II - 1,1,450,Gold,Xp
10,Hasar-alan,bahcivan,standart,109,son,23,Demir Hasat - 4,1,80,Gold,Economy
10,Hasar-alan,bahcivan,standart,109,son,23,Güçlü Kesim - 4,1,380,Gold,Damage
10,Hasar-alan,bahcivan,standart,109,son,23,Altın Hasat II - 2,1,350,Gold,Economy
10,Hasar-alan,bahcivan,standart,109,son,23,Kesim Ustalığı - 1,3,890,Iron,Damage
10,Hasar-alan,bahcivan,standart,109,son,23,Taş Hasat - 2,2,80,Iron,Economy
10,Hasar-alan,bahcivan,standart,109,son,24,Ağır Kesim - 1,1,1200,Gold,Damage
10,Hasar-alan,bahcivan,standart,109,son,24,Geniş Tarama - 3,1,400,Gold,Area
10,Hasar-alan,bahcivan,standart,109,son,24,Hasat Rekoru - 2,1,350,Gold,Score
10,Hasar-alan,bahcivan,standart,109,son,24,Verimli Üretim - 1,3,320,Iron,Production
10,Hasar-alan,bahcivan,standart,109,son,24,Akıcı Kesim - 3,1,400,Gold,Speed
10,Hasar-alan,bahcivan,standart,109,son,24,Demir Hasat - 4,2,85,Gold,Economy
10,Hasar-alan,bahcivan,standart,109,son,24,Zengin Cevher - 1,1,50,Stone,Economy
10,Hasar-alan,bahcivan,standart,109,son,25,Kritik Odak - 3,1,380,Gold,Crit
10,Hasar-alan,bahcivan,standart,109,son,25,Hasat Deneyimi II - 1,2,590,Gold,Xp
10,Hasar-alan,bahcivan,standart,109,son,25,Altın Hasat II - 2,2,400,Gold,Economy
10,Hasar-alan,bahcivan,standart,109,son,25,Geniş Tarama - 3,2,450,Gold,Area
10,Hasar-alan,bahcivan,standart,109,son,25,Güçlü Kesim - 4,2,410,Gold,Damage
10,Hasar-alan,bahcivan,standart,109,son,25,Kesim Ustalığı - 2,1,1100,Iron,Damage
10,Hasar-alan,bahcivan,standart,109,son,25,Nadir Filizler - 1,3,360,Iron,Rarity
10,Hasar-alan,bahcivan,standart,109,son,25,Taş Hasat - 3,1,90,Iron,Economy
10,Hasar-alan,bahcivan,standart,109,son,25,Verimli Üretim - 2,1,380,Iron,Production
10,Hasar-alan,bahcivan,standart,109,son,26,Ağır Kesim - 1,2,1600,Gold,Damage
10,Hasar-alan,bahcivan,standart,109,son,26,Akıcı Kesim - 3,2,450,Gold,Speed
10,Hasar-alan,bahcivan,standart,109,son,26,Kritik Güç - 1,1,150,Stone,Crit
10,Hasar-alan,bahcivan,standart,109,son,26,İkinci Vazgeçiş,1,800,Iron,Cards
10,Hasar-alan,bahcivan,standart,109,son,27,Kritik Odak - 3,2,420,Gold,Crit
10,Hasar-alan,bahcivan,standart,109,son,27,Hasat Deneyimi II - 1,3,730,Gold,Xp
10,Hasar-alan,bahcivan,standart,109,son,27,Hasat Rekoru - 2,2,400,Gold,Score
10,Hasar-alan,bahcivan,standart,109,son,27,Altın Hasat II - 3,1,450,Gold,Economy
10,Hasar-alan,bahcivan,standart,109,son,27,Geniş Tarama - 4,1,500,Gold,Area
10,Hasar-alan,bahcivan,standart,109,son,27,Zengin Cevher - 1,2,65,Stone,Economy
10,Hasar-alan,bahcivan,standart,109,son,27,Taş Hasat - 3,2,100,Iron,Economy
10,Hasar-alan,bahcivan,standart,109,son,27,Akıcı Kesim - 4,1,500,Gold,Speed
10,Hasar-alan,bahcivan,standart,109,son,27,Kesim Ustalığı - 2,2,1200,Iron,Damage
10,Hasar-alan,bahcivan,standart,109,son,28,Ağır Kesim - 1,3,1900,Gold,Damage
10,Hasar-alan,bahcivan,standart,109,son,28,Kritik Odak - 4,1,470,Gold,Crit
10,Hasar-alan,bahcivan,standart,109,son,28,Verimli Üretim - 2,2,440,Iron,Production
10,Hasar-alan,bahcivan,standart,109,son,28,Nadir Filizler - 2,1,430,Iron,Rarity
10,Hasar-alan,bahcivan,standart,109,son,28,Hasat Deneyimi II - 2,1,860,Gold,Xp
10,Hasar-alan,bahcivan,standart,109,son,28,Kritik Güç - 1,2,195,Stone,Crit
10,Hasar-alan,bahcivan,standart,109,son,29,Altın Hasat II - 3,2,510,Gold,Economy
10,Hasar-alan,bahcivan,standart,109,son,29,Geniş Tarama - 4,2,550,Gold,Area
10,Hasar-alan,bahcivan,standart,109,son,29,Zengin Cevher - 1,3,80,Stone,Economy
10,Hasar-alan,bahcivan,standart,109,son,29,Hasat Rekoru - 3,1,450,Gold,Score
10,Hasar-alan,bahcivan,standart,109,son,29,Taş Hasat - 4,1,110,Iron,Economy
10,Hasar-alan,bahcivan,standart,109,son,29,Akıcı Kesim - 4,2,550,Gold,Speed
10,Hasar-alan,bahcivan,standart,109,son,29,Kart Sezgisi - 1,1,710,Gold,Cards
10,Hasar-alan,bahcivan,standart,109,son,29,Kritik Odak - 4,2,520,Gold,Crit
10,Hasar-alan,bahcivan,standart,109,son,30,Ağır Kesim - 2,1,2300,Gold,Damage
10,Hasar-alan,bahcivan,standart,109,son,30,Verimli Üretim - 3,1,510,Iron,Production
10,Hasar-alan,bahcivan,standart,109,son,30,Hasat Deneyimi II - 2,2,1000,Gold,Xp
10,Hasar-alan,bahcivan,standart,109,son,30,Kesim Ustalığı - 3,1,1400,Iron,Damage
10,Hasar-alan,bahcivan,standart,109,son,30,Altın Hasat II - 4,1,560,Gold,Economy
10,Hasar-alan,bahcivan,standart,109,son,30,Kritik Güç - 1,3,240,Stone,Crit
10,Hasar-alan,bahcivan,standart,109,son,30,Nadir Filizler - 2,2,500,Iron,Rarity
10,Hasar-alan,bahcivan,standart,109,son,31,Zengin Cevher - 2,1,95,Stone,Economy
10,Hasar-alan,bahcivan,standart,109,son,31,Ağır Kesim - 2,2,2700,Gold,Damage
10,Hasar-alan,bahcivan,standart,109,son,31,Taş Hasat - 4,2,120,Iron,Economy
10,Hasar-alan,bahcivan,standart,109,son,32,Kart Sezgisi - 1,2,920,Gold,Cards
10,Hasar-alan,bahcivan,standart,109,son,32,Verimli Üretim - 3,2,570,Iron,Production
10,Hasar-alan,bahcivan,standart,109,son,32,Hasat Deneyimi II - 3,1,1100,Gold,Xp
10,Hasar-alan,bahcivan,standart,109,son,32,Hasat Rekoru - 3,2,510,Gold,Score
10,Hasar-alan,bahcivan,standart,109,son,32,Altın Hasat II - 4,2,620,Gold,Economy
10,Hasar-alan,bahcivan,standart,109,son,32,Kesim Ustalığı - 3,2,1600,Iron,Damage
10,Hasar-alan,bahcivan,standart,109,son,32,Kritik Güç - 2,1,290,Stone,Crit
10,Hasar-alan,bahcivan,standart,109,son,33,Zengin Cevher - 2,2,110,Stone,Economy
10,Hasar-alan,bahcivan,standart,109,son,33,Nadir Filizler - 3,1,570,Iron,Rarity
10,Hasar-alan,bahcivan,standart,109,son,34,Ağır Kesim - 3,1,3000,Gold,Damage
10,Hasar-alan,bahcivan,standart,109,son,34,Hasat Deneyimi II - 3,2,1300,Gold,Xp
10,Hasar-alan,bahcivan,standart,109,son,34,Verimli Üretim - 4,1,630,Iron,Production
10,Hasar-alan,bahcivan,standart,109,son,34,Kart Sezgisi - 1,3,1100,Gold,Cards
10,Hasar-alan,bahcivan,standart,109,son,34,Kritik Güç - 2,2,330,Stone,Crit
10,Hasar-alan,bahcivan,standart,109,son,35,Kesim Ustalığı - 4,1,1700,Iron,Damage
10,Hasar-alan,bahcivan,standart,109,son,35,Zengin Cevher - 3,1,125,Stone,Economy
10,Hasar-alan,bahcivan,standart,109,son,35,Hasat Rekoru - 4,1,560,Gold,Score
10,Hasar-alan,bahcivan,standart,109,son,36,Ağır Kesim - 3,2,3400,Gold,Damage
10,Hasar-alan,bahcivan,standart,109,son,36,Nadir Filizler - 3,2,640,Iron,Rarity
10,Hasar-alan,bahcivan,standart,109,son,36,Hasat Deneyimi II - 4,1,1400,Gold,Xp
10,Hasar-alan,bahcivan,standart,109,son,36,Kritik Güç - 3,1,380,Stone,Crit
10,Hasar-alan,bahcivan,standart,109,son,36,Verimli Üretim - 4,2,690,Iron,Production
10,Hasar-alan,bahcivan,standart,109,son,37,Kart Sezgisi - 2,1,1300,Gold,Cards
10,Hasar-alan,bahcivan,standart,109,son,37,Zengin Cevher - 3,2,140,Stone,Economy
10,Hasar-alan,bahcivan,standart,109,son,37,Kesim Ustalığı - 4,2,1900,Iron,Damage
10,Hasar-alan,bahcivan,standart,109,son,38,Ağır Kesim - 4,1,3800,Gold,Damage
10,Hasar-alan,bahcivan,standart,109,son,38,Hasat Deneyimi II - 4,2,1500,Gold,Xp
10,Hasar-alan,bahcivan,standart,109,son,38,Hasat Rekoru - 4,2,620,Gold,Score
10,Hasar-alan,bahcivan,standart,109,son,38,Kritik Güç - 3,2,420,Stone,Crit
10,Hasar-alan,bahcivan,standart,109,son,39,Nadir Filizler - 4,1,700,Iron,Rarity
10,Hasar-alan,bahcivan,standart,109,son,39,Zengin Cevher - 4,1,155,Stone,Economy
10,Hasar-alan,bahcivan,standart,109,son,39,Kart Sezgisi - 2,2,1600,Gold,Cards
10,Hasar-alan,bahcivan,standart,109,son,40,Ağır Kesim - 4,2,4100,Gold,Damage
10,Hasar-alan,bahcivan,standart,109,son,40,Kritik Güç - 4,1,470,Stone,Crit
10,Hasar-alan,bahcivan,standart,109,son,41,Grid Genişleme II,2,1800,Stone,Grid
10,Hasar-alan,bahcivan,standart,109,son,41,Nadir Filizler - 4,2,770,Iron,Rarity
10,Hasar-alan,bahcivan,standart,109,son,41,Zengin Cevher - 4,2,170,Stone,Economy
10,Hasar-alan,bahcivan,standart,109,son,42,Kart Sezgisi - 3,1,1800,Gold,Cards
10,Hasar-alan,bahcivan,standart,109,son,42,Kritik Güç - 4,2,520,Stone,Crit
10,Hasar-alan,bahcivan,standart,109,son,44,Kart Sezgisi - 3,2,2000,Gold,Cards
10,Hasar-alan,bahcivan,standart,109,son,47,Kart Sezgisi - 4,1,2200,Gold,Cards
10,Hasar-alan,bahcivan,standart,109,son,49,Kart Sezgisi - 4,2,2400,Gold,Cards
11,Patlama yolu,bahcivan,standart,100,son,1,Keskin Başlangıç - 1,1,5,Gold,Damage
11,Patlama yolu,bahcivan,standart,100,son,2,Keskin Başlangıç - 1,2,7,Gold,Damage
11,Patlama yolu,bahcivan,standart,100,son,2,Altın Hasat I - 1,1,7,Gold,Economy
11,Patlama yolu,bahcivan,standart,100,son,3,Düzenli Üretim - 1,1,6,Gold,Production
11,Patlama yolu,bahcivan,standart,100,son,3,Keskin Başlangıç - 1,3,8,Gold,Damage
11,Patlama yolu,bahcivan,standart,100,son,3,Hızlı Eller - 1,1,7,Gold,Speed
11,Patlama yolu,bahcivan,standart,100,son,3,Hasat Deneyimi I - 1,1,6,Gold,Xp
11,Patlama yolu,bahcivan,standart,100,son,5,Grid Genişleme I,1,30,Gold,Grid
11,Patlama yolu,bahcivan,standart,100,son,5,Altın Hasat I - 1,2,9,Gold,Economy
11,Patlama yolu,bahcivan,standart,100,son,5,Keskin Başlangıç - 2,1,10,Gold,Damage
11,Patlama yolu,bahcivan,standart,100,son,5,Düzenli Üretim - 1,2,8,Gold,Production
11,Patlama yolu,bahcivan,standart,100,son,5,Hızlı Eller - 1,2,9,Gold,Speed
11,Patlama yolu,bahcivan,standart,100,son,6,Keskin Başlangıç - 2,2,11,Gold,Damage
11,Patlama yolu,bahcivan,standart,100,son,7,Altın Hasat I - 1,3,11,Gold,Economy
11,Patlama yolu,bahcivan,standart,100,son,7,1×3 Saksı,1,30,Gold,PlanterUnlock
11,Patlama yolu,bahcivan,standart,100,son,7,Keskin Başlangıç - 3,1,13,Gold,Damage
11,Patlama yolu,bahcivan,standart,100,son,7,Düzenli Üretim - 1,3,10,Gold,Production
11,Patlama yolu,bahcivan,standart,100,son,7,Hızlı Eller - 1,3,11,Gold,Speed
11,Patlama yolu,bahcivan,standart,100,son,8,Altın Hasat I - 2,1,13,Gold,Economy
11,Patlama yolu,bahcivan,standart,100,son,8,Keskin Başlangıç - 3,2,14,Gold,Damage
11,Patlama yolu,bahcivan,standart,100,son,8,Kesim Tekniği - 1,1,25,Gold,Damage
11,Patlama yolu,bahcivan,standart,100,son,8,Hızlı Eller - 2,1,12,Gold,Speed
11,Patlama yolu,bahcivan,standart,100,son,9,Altın Hasat I - 2,2,16,Gold,Economy
11,Patlama yolu,bahcivan,standart,100,son,9,Düzenli Üretim - 2,1,12,Gold,Production
11,Patlama yolu,bahcivan,standart,100,son,9,Hasat Deneyimi I - 1,2,8,Gold,Xp
11,Patlama yolu,bahcivan,standart,100,son,9,Keskin Başlangıç - 4,1,16,Gold,Damage
11,Patlama yolu,bahcivan,standart,100,son,9,Hızlı Eller - 2,2,14,Gold,Speed
11,Patlama yolu,bahcivan,standart,100,son,10,Kesim Tekniği - 1,2,35,Gold,Damage
11,Patlama yolu,bahcivan,standart,100,son,10,Altın Hasat I - 3,1,18,Gold,Economy
11,Patlama yolu,bahcivan,standart,100,son,10,2×2 Saksı,1,80,Gold,PlanterUnlock
11,Patlama yolu,bahcivan,standart,100,son,10,Çifte Hasat Kartları,1,25,Iron,Economy
11,Patlama yolu,bahcivan,standart,100,son,11,Keskin Başlangıç - 4,2,17,Gold,Damage
11,Patlama yolu,bahcivan,standart,100,son,11,Hasat Deneyimi I - 1,3,10,Gold,Xp
11,Patlama yolu,bahcivan,standart,100,son,11,Düzenli Üretim - 2,2,13,Gold,Production
11,Patlama yolu,bahcivan,standart,100,son,11,Hızlı Eller - 3,1,16,Gold,Speed
11,Patlama yolu,bahcivan,standart,100,son,11,Altın Hasat I - 3,2,20,Gold,Economy
11,Patlama yolu,bahcivan,standart,100,son,11,Kesim Tekniği - 1,3,40,Gold,Damage
11,Patlama yolu,bahcivan,standart,100,son,11,Hasat Deneyimi I - 2,1,12,Gold,Xp
11,Patlama yolu,bahcivan,standart,100,son,11,Grid Genişleme I,2,30,Iron,Grid
11,Patlama yolu,bahcivan,standart,100,son,12,Demir Hasat - 1,1,25,Gold,Economy
11,Patlama yolu,bahcivan,standart,100,son,12,Hızlı Eller - 3,2,18,Gold,Speed
11,Patlama yolu,bahcivan,standart,100,son,12,Düzenli Üretim - 3,1,15,Gold,Production
11,Patlama yolu,bahcivan,standart,100,son,12,Altın Hasat I - 4,1,22,Gold,Economy
11,Patlama yolu,bahcivan,standart,100,son,12,Geniş Süpürüş - 1,1,21,Gold,Area
11,Patlama yolu,bahcivan,standart,100,son,12,Kesim Tekniği - 2,1,50,Gold,Damage
11,Patlama yolu,bahcivan,standart,100,son,13,Hasat Deneyimi I - 2,2,14,Gold,Xp
11,Patlama yolu,bahcivan,standart,100,son,13,Hızlı Eller - 4,1,20,Gold,Speed
11,Patlama yolu,bahcivan,standart,100,son,13,Altın Hasat I - 4,2,24,Gold,Economy
11,Patlama yolu,bahcivan,standart,100,son,13,Demir Hasat - 1,2,35,Gold,Economy
11,Patlama yolu,bahcivan,standart,100,son,13,Düzenli Üretim - 3,2,17,Gold,Production
11,Patlama yolu,bahcivan,standart,100,son,13,Geniş Süpürüş - 1,2,28,Gold,Area
11,Patlama yolu,bahcivan,standart,100,son,13,Hızlı Eller - 4,2,22,Gold,Speed
11,Patlama yolu,bahcivan,standart,100,son,13,Hasat Deneyimi I - 3,1,16,Gold,Xp
11,Patlama yolu,bahcivan,standart,100,son,14,Güçlü Kesim - 1,1,120,Gold,Damage
11,Patlama yolu,bahcivan,standart,100,son,14,Kesim Tekniği - 2,2,55,Gold,Damage
11,Patlama yolu,bahcivan,standart,100,son,14,Düzenli Üretim - 4,1,19,Gold,Production
11,Patlama yolu,bahcivan,standart,100,son,14,Demir Hasat - 1,3,40,Gold,Economy
11,Patlama yolu,bahcivan,standart,100,son,14,Geniş Süpürüş - 1,3,35,Gold,Area
11,Patlama yolu,bahcivan,standart,100,son,14,Hasat Deneyimi I - 3,2,18,Gold,Xp
11,Patlama yolu,bahcivan,standart,100,son,14,Taş Hasat - 1,1,35,Iron,Economy
11,Patlama yolu,bahcivan,standart,100,son,15,2×3 Saksı,1,200,Gold,PlanterUnlock
11,Patlama yolu,bahcivan,standart,100,son,15,İlk Vazgeçiş,1,150,Gold,Cards
11,Patlama yolu,bahcivan,standart,100,son,15,Kesim Tekniği - 3,1,65,Gold,Damage
11,Patlama yolu,bahcivan,standart,100,son,15,Düzenli Üretim - 4,2,21,Gold,Production
11,Patlama yolu,bahcivan,standart,100,son,15,Geniş Süpürüş - 2,1,40,Gold,Area
11,Patlama yolu,bahcivan,standart,100,son,15,Hasat Deneyimi I - 4,1,20,Gold,Xp
11,Patlama yolu,bahcivan,standart,100,son,15,Hasat Deneyimi I - 4,2,21,Gold,Xp
11,Patlama yolu,bahcivan,standart,100,son,16,Hasat Rekoru - 1,1,180,Gold,Score
11,Patlama yolu,bahcivan,standart,100,son,16,Güçlü Kesim - 1,2,160,Gold,Damage
11,Patlama yolu,bahcivan,standart,100,son,16,Akıcı Kesim - 1,1,160,Gold,Speed
11,Patlama yolu,bahcivan,standart,100,son,16,Kesim Tekniği - 3,2,70,Gold,Damage
11,Patlama yolu,bahcivan,standart,100,son,16,Verimli Üretim - 1,1,200,Iron,Production
11,Patlama yolu,bahcivan,standart,100,son,17,Demir Hasat - 2,1,50,Gold,Economy
11,Patlama yolu,bahcivan,standart,100,son,17,Güçlü Kesim - 1,3,195,Gold,Damage
11,Patlama yolu,bahcivan,standart,100,son,17,Geniş Süpürüş - 2,2,45,Gold,Area
11,Patlama yolu,bahcivan,standart,100,son,17,Akıcı Kesim - 1,2,210,Gold,Speed
11,Patlama yolu,bahcivan,standart,100,son,17,Hasat Rekoru - 1,2,240,Gold,Score
11,Patlama yolu,bahcivan,standart,100,son,17,Demir Hasat - 2,2,55,Gold,Economy
11,Patlama yolu,bahcivan,standart,100,son,17,Taş Hasat - 1,2,45,Iron,Economy
11,Patlama yolu,bahcivan,standart,100,son,18,Kesim Tekniği - 4,1,80,Gold,Damage
11,Patlama yolu,bahcivan,standart,100,son,18,Güçlü Kesim - 2,1,230,Gold,Damage
11,Patlama yolu,bahcivan,standart,100,son,18,Geniş Süpürüş - 3,1,55,Gold,Area
11,Patlama yolu,bahcivan,standart,100,son,18,Altın Hasat II - 1,1,180,Gold,Economy
11,Patlama yolu,bahcivan,standart,100,son,18,Kesim Tekniği - 4,2,85,Gold,Damage
11,Patlama yolu,bahcivan,standart,100,son,18,Nadir Filizler - 1,1,230,Iron,Rarity
11,Patlama yolu,bahcivan,standart,100,son,18,Akıcı Kesim - 1,3,260,Gold,Speed
11,Patlama yolu,bahcivan,standart,100,son,18,Demir Hasat - 3,1,65,Gold,Economy
11,Patlama yolu,bahcivan,standart,100,son,19,Hasat Rekoru - 1,3,290,Gold,Score
11,Patlama yolu,bahcivan,standart,100,son,19,Geniş Süpürüş - 3,2,60,Gold,Area
11,Patlama yolu,bahcivan,standart,100,son,19,Güçlü Kesim - 2,2,270,Gold,Damage
11,Patlama yolu,bahcivan,standart,100,son,19,Altın Hasat II - 1,2,240,Gold,Economy
11,Patlama yolu,bahcivan,standart,100,son,19,Grid Genişleme II,1,100,Stone,Grid
11,Patlama yolu,bahcivan,standart,100,son,19,Taş Hasat - 1,3,55,Iron,Economy
11,Patlama yolu,bahcivan,standart,100,son,19,Verimli Üretim - 1,2,260,Iron,Production
11,Patlama yolu,bahcivan,standart,100,son,20,Akıcı Kesim - 2,1,310,Gold,Speed
11,Patlama yolu,bahcivan,standart,100,son,20,Nadir Filizler - 1,2,300,Iron,Rarity
11,Patlama yolu,bahcivan,standart,100,son,20,Geniş Tarama - 1,1,160,Gold,Area
11,Patlama yolu,bahcivan,standart,100,son,20,Geniş Süpürüş - 4,1,65,Gold,Area
11,Patlama yolu,bahcivan,standart,100,son,20,Demir Hasat - 3,2,70,Gold,Economy
11,Patlama yolu,bahcivan,standart,100,son,21,Kesim Ustalığı - 1,1,560,Iron,Damage
11,Patlama yolu,bahcivan,standart,100,son,21,Güçlü Kesim - 3,1,300,Gold,Damage
11,Patlama yolu,bahcivan,standart,100,son,21,Altın Hasat II - 1,3,290,Gold,Economy
11,Patlama yolu,bahcivan,standart,100,son,21,Hasat Rekoru - 2,1,350,Gold,Score
11,Patlama yolu,bahcivan,standart,100,son,21,Akıcı Kesim - 2,2,360,Gold,Speed
11,Patlama yolu,bahcivan,standart,100,son,22,Taş Hasat - 2,1,65,Iron,Economy
11,Patlama yolu,bahcivan,standart,100,son,22,Verimli Üretim - 1,3,320,Iron,Production
11,Patlama yolu,bahcivan,standart,100,son,22,Geniş Süpürüş - 4,2,70,Gold,Area
11,Patlama yolu,bahcivan,standart,100,son,22,Geniş Tarama - 1,2,210,Gold,Area
11,Patlama yolu,bahcivan,standart,100,son,22,Demir Hasat - 4,1,80,Gold,Economy
11,Patlama yolu,bahcivan,standart,100,son,22,Güçlü Kesim - 3,2,340,Gold,Damage
11,Patlama yolu,bahcivan,standart,100,son,22,Altın Hasat II - 2,1,350,Gold,Economy
11,Patlama yolu,bahcivan,standart,100,son,23,Nadir Filizler - 1,3,360,Iron,Rarity
11,Patlama yolu,bahcivan,standart,100,son,23,Akıcı Kesim - 3,1,400,Gold,Speed
11,Patlama yolu,bahcivan,standart,100,son,23,Geniş Tarama - 1,3,260,Gold,Area
11,Patlama yolu,bahcivan,standart,100,son,23,Hasat Deneyimi II - 1,1,450,Gold,Xp
11,Patlama yolu,bahcivan,standart,100,son,24,Taş Hasat - 2,2,80,Iron,Economy
11,Patlama yolu,bahcivan,standart,100,son,24,Verimli Üretim - 2,1,380,Iron,Production
11,Patlama yolu,bahcivan,standart,100,son,24,Hasat Rekoru - 2,2,400,Gold,Score
11,Patlama yolu,bahcivan,standart,100,son,24,Güçlü Kesim - 4,1,380,Gold,Damage
11,Patlama yolu,bahcivan,standart,100,son,24,Altın Hasat II - 2,2,400,Gold,Economy
11,Patlama yolu,bahcivan,standart,100,son,24,Demir Hasat - 4,2,85,Gold,Economy
11,Patlama yolu,bahcivan,standart,100,son,24,Zengin Cevher - 1,1,50,Stone,Economy
11,Patlama yolu,bahcivan,standart,100,son,25,Kesim Ustalığı - 1,2,720,Iron,Damage
11,Patlama yolu,bahcivan,standart,100,son,25,Ağır Kesim - 1,1,1200,Gold,Damage
11,Patlama yolu,bahcivan,standart,100,son,25,Taş Hasat - 3,1,90,Iron,Economy
11,Patlama yolu,bahcivan,standart,100,son,25,Akıcı Kesim - 3,2,450,Gold,Speed
11,Patlama yolu,bahcivan,standart,100,son,25,Geniş Tarama - 2,1,310,Gold,Area
11,Patlama yolu,bahcivan,standart,100,son,26,İkinci Vazgeçiş,1,800,Iron,Cards
11,Patlama yolu,bahcivan,standart,100,son,26,Kart Sezgisi - 1,1,710,Gold,Cards
11,Patlama yolu,bahcivan,standart,100,son,26,Hasat Deneyimi II - 1,2,590,Gold,Xp
11,Patlama yolu,bahcivan,standart,100,son,26,Altın Hasat II - 3,1,450,Gold,Economy
11,Patlama yolu,bahcivan,standart,100,son,26,Güçlü Kesim - 4,2,410,Gold,Damage
11,Patlama yolu,bahcivan,standart,100,son,26,Kritik Odak - 1,1,150,Gold,Crit
11,Patlama yolu,bahcivan,standart,100,son,27,Kesim Ustalığı - 1,3,890,Iron,Damage
11,Patlama yolu,bahcivan,standart,100,son,27,Zengin Cevher - 1,2,65,Stone,Economy
11,Patlama yolu,bahcivan,standart,100,son,27,Ağır Kesim - 1,2,1600,Gold,Damage
11,Patlama yolu,bahcivan,standart,100,son,27,Hasat Rekoru - 3,1,450,Gold,Score
11,Patlama yolu,bahcivan,standart,100,son,27,Taş Hasat - 3,2,100,Iron,Economy
11,Patlama yolu,bahcivan,standart,100,son,27,Akıcı Kesim - 4,1,500,Gold,Speed
11,Patlama yolu,bahcivan,standart,100,son,28,Nadir Filizler - 2,1,430,Iron,Rarity
11,Patlama yolu,bahcivan,standart,100,son,28,Verimli Üretim - 2,2,440,Iron,Production
11,Patlama yolu,bahcivan,standart,100,son,28,Geniş Tarama - 2,2,360,Gold,Area
11,Patlama yolu,bahcivan,standart,100,son,28,Hasat Deneyimi II - 1,3,730,Gold,Xp
11,Patlama yolu,bahcivan,standart,100,son,28,Kart Sezgisi - 1,2,920,Gold,Cards
11,Patlama yolu,bahcivan,standart,100,son,28,Altın Hasat II - 3,2,510,Gold,Economy
11,Patlama yolu,bahcivan,standart,100,son,29,Kesim Ustalığı - 2,1,1100,Iron,Damage
11,Patlama yolu,bahcivan,standart,100,son,29,Kritik Odak - 1,2,195,Gold,Crit
11,Patlama yolu,bahcivan,standart,100,son,29,Zengin Cevher - 1,3,80,Stone,Economy
11,Patlama yolu,bahcivan,standart,100,son,29,Ağır Kesim - 1,3,1900,Gold,Damage
11,Patlama yolu,bahcivan,standart,100,son,29,Taş Hasat - 4,1,110,Iron,Economy
11,Patlama yolu,bahcivan,standart,100,son,29,Akıcı Kesim - 4,2,550,Gold,Speed
11,Patlama yolu,bahcivan,standart,100,son,29,Geniş Tarama - 3,1,400,Gold,Area
11,Patlama yolu,bahcivan,standart,100,son,30,Nadir Filizler - 2,2,500,Iron,Rarity
11,Patlama yolu,bahcivan,standart,100,son,30,Verimli Üretim - 3,1,510,Iron,Production
11,Patlama yolu,bahcivan,standart,100,son,30,Hasat Deneyimi II - 2,1,860,Gold,Xp
11,Patlama yolu,bahcivan,standart,100,son,30,Hasat Rekoru - 3,2,510,Gold,Score
11,Patlama yolu,bahcivan,standart,100,son,30,Altın Hasat II - 4,1,560,Gold,Economy
11,Patlama yolu,bahcivan,standart,100,son,30,Kart Sezgisi - 1,3,1100,Gold,Cards
11,Patlama yolu,bahcivan,standart,100,son,31,Kesim Ustalığı - 2,2,1200,Iron,Damage
11,Patlama yolu,bahcivan,standart,100,son,31,Verimli Üretim - 3,2,570,Iron,Production
11,Patlama yolu,bahcivan,standart,100,son,31,Kritik Odak - 1,3,240,Gold,Crit
11,Patlama yolu,bahcivan,standart,100,son,31,Zengin Cevher - 2,1,95,Stone,Economy
11,Patlama yolu,bahcivan,standart,100,son,31,Ağır Kesim - 2,1,2300,Gold,Damage
11,Patlama yolu,bahcivan,standart,100,son,31,Geniş Tarama - 3,2,450,Gold,Area
11,Patlama yolu,bahcivan,standart,100,son,32,Nadir Filizler - 3,1,570,Iron,Rarity
11,Patlama yolu,bahcivan,standart,100,son,32,Taş Hasat - 4,2,120,Iron,Economy
11,Patlama yolu,bahcivan,standart,100,son,32,Hasat Deneyimi II - 2,2,1000,Gold,Xp
11,Patlama yolu,bahcivan,standart,100,son,32,Verimli Üretim - 4,1,630,Iron,Production
11,Patlama yolu,bahcivan,standart,100,son,32,Altın Hasat II - 4,2,620,Gold,Economy
11,Patlama yolu,bahcivan,standart,100,son,33,Kesim Ustalığı - 3,1,1400,Iron,Damage
11,Patlama yolu,bahcivan,standart,100,son,33,Kritik Odak - 2,1,290,Gold,Crit
11,Patlama yolu,bahcivan,standart,100,son,33,Kart Sezgisi - 2,1,1300,Gold,Cards
11,Patlama yolu,bahcivan,standart,100,son,33,Zengin Cevher - 2,2,110,Stone,Economy
11,Patlama yolu,bahcivan,standart,100,son,33,Hasat Rekoru - 4,1,560,Gold,Score
11,Patlama yolu,bahcivan,standart,100,son,33,Ağır Kesim - 2,2,2700,Gold,Damage
11,Patlama yolu,bahcivan,standart,100,son,33,Geniş Tarama - 4,1,500,Gold,Area
11,Patlama yolu,bahcivan,standart,100,son,34,Nadir Filizler - 3,2,640,Iron,Rarity
11,Patlama yolu,bahcivan,standart,100,son,34,Hasat Deneyimi II - 3,1,1100,Gold,Xp
11,Patlama yolu,bahcivan,standart,100,son,34,Verimli Üretim - 4,2,690,Iron,Production
11,Patlama yolu,bahcivan,standart,100,son,35,Kesim Ustalığı - 3,2,1600,Iron,Damage
11,Patlama yolu,bahcivan,standart,100,son,35,Kritik Odak - 2,2,330,Gold,Crit
11,Patlama yolu,bahcivan,standart,100,son,35,Zengin Cevher - 3,1,125,Stone,Economy
11,Patlama yolu,bahcivan,standart,100,son,35,Geniş Tarama - 4,2,550,Gold,Area
11,Patlama yolu,bahcivan,standart,100,son,35,Kart Sezgisi - 2,2,1600,Gold,Cards
11,Patlama yolu,bahcivan,standart,100,son,36,Ağır Kesim - 3,1,3000,Gold,Damage
11,Patlama yolu,bahcivan,standart,100,son,36,Nadir Filizler - 4,1,700,Iron,Rarity
11,Patlama yolu,bahcivan,standart,100,son,36,Hasat Deneyimi II - 3,2,1300,Gold,Xp
11,Patlama yolu,bahcivan,standart,100,son,36,Hasat Rekoru - 4,2,620,Gold,Score
11,Patlama yolu,bahcivan,standart,100,son,37,Kesim Ustalığı - 4,1,1700,Iron,Damage
11,Patlama yolu,bahcivan,standart,100,son,37,Kritik Odak - 3,1,380,Gold,Crit
11,Patlama yolu,bahcivan,standart,100,son,37,Zengin Cevher - 3,2,140,Stone,Economy
11,Patlama yolu,bahcivan,standart,100,son,38,Ağır Kesim - 3,2,3400,Gold,Damage
11,Patlama yolu,bahcivan,standart,100,son,38,Kart Sezgisi - 3,1,1800,Gold,Cards
11,Patlama yolu,bahcivan,standart,100,son,38,Hasat Deneyimi II - 4,1,1400,Gold,Xp
11,Patlama yolu,bahcivan,standart,100,son,38,Nadir Filizler - 4,2,770,Iron,Rarity
11,Patlama yolu,bahcivan,standart,100,son,39,Kritik Odak - 3,2,420,Gold,Crit
11,Patlama yolu,bahcivan,standart,100,son,39,Zengin Cevher - 4,1,155,Stone,Economy
11,Patlama yolu,bahcivan,standart,100,son,39,Kesim Ustalığı - 4,2,1900,Iron,Damage
11,Patlama yolu,bahcivan,standart,100,son,40,Ağır Kesim - 4,1,3800,Gold,Damage
11,Patlama yolu,bahcivan,standart,100,son,40,Hasat Deneyimi II - 4,2,1500,Gold,Xp
11,Patlama yolu,bahcivan,standart,100,son,40,Kart Sezgisi - 3,2,2000,Gold,Cards
11,Patlama yolu,bahcivan,standart,100,son,40,Kritik Güç - 1,1,150,Stone,Crit
11,Patlama yolu,bahcivan,standart,100,son,41,Kritik Odak - 4,1,470,Gold,Crit
11,Patlama yolu,bahcivan,standart,100,son,41,Grid Genişleme II,2,1800,Stone,Grid
11,Patlama yolu,bahcivan,standart,100,son,41,Zengin Cevher - 4,2,170,Stone,Economy
11,Patlama yolu,bahcivan,standart,100,son,42,Ağır Kesim - 4,2,4100,Gold,Damage
11,Patlama yolu,bahcivan,standart,100,son,42,Kritik Güç - 1,2,195,Stone,Crit
11,Patlama yolu,bahcivan,standart,100,son,43,Kart Sezgisi - 4,1,2200,Gold,Cards
11,Patlama yolu,bahcivan,standart,100,son,43,Kritik Odak - 4,2,520,Gold,Crit
11,Patlama yolu,bahcivan,standart,100,son,44,Kritik Güç - 1,3,240,Stone,Crit
11,Patlama yolu,bahcivan,standart,100,son,45,Kart Sezgisi - 4,2,2400,Gold,Cards
11,Patlama yolu,bahcivan,standart,100,son,46,Kritik Güç - 2,1,290,Stone,Crit
11,Patlama yolu,bahcivan,standart,100,son,48,Kritik Güç - 2,2,330,Stone,Crit
12,Patlama yolu,bahcivan,standart,101,son,1,Keskin Başlangıç - 1,1,5,Gold,Damage
12,Patlama yolu,bahcivan,standart,101,son,2,Keskin Başlangıç - 1,2,7,Gold,Damage
12,Patlama yolu,bahcivan,standart,101,son,2,Altın Hasat I - 1,1,7,Gold,Economy
12,Patlama yolu,bahcivan,standart,101,son,4,Düzenli Üretim - 1,1,6,Gold,Production
12,Patlama yolu,bahcivan,standart,101,son,4,Keskin Başlangıç - 1,3,8,Gold,Damage
12,Patlama yolu,bahcivan,standart,101,son,4,Hızlı Eller - 1,1,7,Gold,Speed
12,Patlama yolu,bahcivan,standart,101,son,5,Grid Genişleme I,1,30,Gold,Grid
12,Patlama yolu,bahcivan,standart,101,son,6,Altın Hasat I - 1,2,9,Gold,Economy
12,Patlama yolu,bahcivan,standart,101,son,6,Keskin Başlangıç - 2,1,10,Gold,Damage
12,Patlama yolu,bahcivan,standart,101,son,6,Düzenli Üretim - 1,2,8,Gold,Production
12,Patlama yolu,bahcivan,standart,101,son,6,Hızlı Eller - 1,2,9,Gold,Speed
12,Patlama yolu,bahcivan,standart,101,son,7,Keskin Başlangıç - 2,2,11,Gold,Damage
12,Patlama yolu,bahcivan,standart,101,son,7,Altın Hasat I - 1,3,11,Gold,Economy
12,Patlama yolu,bahcivan,standart,101,son,7,Hasat Deneyimi I - 1,1,6,Gold,Xp
12,Patlama yolu,bahcivan,standart,101,son,8,1×3 Saksı,1,30,Gold,PlanterUnlock
12,Patlama yolu,bahcivan,standart,101,son,8,Keskin Başlangıç - 3,1,13,Gold,Damage
12,Patlama yolu,bahcivan,standart,101,son,8,Düzenli Üretim - 1,3,10,Gold,Production
12,Patlama yolu,bahcivan,standart,101,son,8,Hızlı Eller - 1,3,11,Gold,Speed
12,Patlama yolu,bahcivan,standart,101,son,8,Altın Hasat I - 2,1,13,Gold,Economy
12,Patlama yolu,bahcivan,standart,101,son,9,Keskin Başlangıç - 3,2,14,Gold,Damage
12,Patlama yolu,bahcivan,standart,101,son,9,Kesim Tekniği - 1,1,25,Gold,Damage
12,Patlama yolu,bahcivan,standart,101,son,11,Hızlı Eller - 2,1,12,Gold,Speed
12,Patlama yolu,bahcivan,standart,101,son,11,Altın Hasat I - 2,2,16,Gold,Economy
12,Patlama yolu,bahcivan,standart,101,son,11,Düzenli Üretim - 2,1,12,Gold,Production
12,Patlama yolu,bahcivan,standart,101,son,11,Hasat Deneyimi I - 1,2,8,Gold,Xp
12,Patlama yolu,bahcivan,standart,101,son,11,Keskin Başlangıç - 4,1,16,Gold,Damage
12,Patlama yolu,bahcivan,standart,101,son,11,Hızlı Eller - 2,2,14,Gold,Speed
12,Patlama yolu,bahcivan,standart,101,son,11,Kesim Tekniği - 1,2,35,Gold,Damage
12,Patlama yolu,bahcivan,standart,101,son,11,Grid Genişleme I,2,30,Iron,Grid
12,Patlama yolu,bahcivan,standart,101,son,12,Altın Hasat I - 3,1,18,Gold,Economy
12,Patlama yolu,bahcivan,standart,101,son,12,2×2 Saksı,1,80,Gold,PlanterUnlock
12,Patlama yolu,bahcivan,standart,101,son,12,Keskin Başlangıç - 4,2,17,Gold,Damage
12,Patlama yolu,bahcivan,standart,101,son,12,Hasat Deneyimi I - 1,3,10,Gold,Xp
12,Patlama yolu,bahcivan,standart,101,son,12,Çifte Hasat Kartları,1,25,Iron,Economy
12,Patlama yolu,bahcivan,standart,101,son,13,Düzenli Üretim - 2,2,13,Gold,Production
12,Patlama yolu,bahcivan,standart,101,son,13,Hızlı Eller - 3,1,16,Gold,Speed
12,Patlama yolu,bahcivan,standart,101,son,13,Altın Hasat I - 3,2,20,Gold,Economy
12,Patlama yolu,bahcivan,standart,101,son,13,Kesim Tekniği - 1,3,40,Gold,Damage
12,Patlama yolu,bahcivan,standart,101,son,13,Hasat Deneyimi I - 2,1,12,Gold,Xp
12,Patlama yolu,bahcivan,standart,101,son,14,Demir Hasat - 1,1,25,Gold,Economy
12,Patlama yolu,bahcivan,standart,101,son,14,Hızlı Eller - 3,2,18,Gold,Speed
12,Patlama yolu,bahcivan,standart,101,son,14,Düzenli Üretim - 3,1,15,Gold,Production
12,Patlama yolu,bahcivan,standart,101,son,14,Altın Hasat I - 4,1,22,Gold,Economy
12,Patlama yolu,bahcivan,standart,101,son,14,Geniş Süpürüş - 1,1,21,Gold,Area
12,Patlama yolu,bahcivan,standart,101,son,14,Kesim Tekniği - 2,1,50,Gold,Damage
12,Patlama yolu,bahcivan,standart,101,son,14,Hasat Deneyimi I - 2,2,14,Gold,Xp
12,Patlama yolu,bahcivan,standart,101,son,14,Hızlı Eller - 4,1,20,Gold,Speed
12,Patlama yolu,bahcivan,standart,101,son,14,Altın Hasat I - 4,2,24,Gold,Economy
12,Patlama yolu,bahcivan,standart,101,son,14,Demir Hasat - 1,2,35,Gold,Economy
12,Patlama yolu,bahcivan,standart,101,son,15,Düzenli Üretim - 3,2,17,Gold,Production
12,Patlama yolu,bahcivan,standart,101,son,15,Geniş Süpürüş - 1,2,28,Gold,Area
12,Patlama yolu,bahcivan,standart,101,son,15,Güçlü Kesim - 1,1,120,Gold,Damage
12,Patlama yolu,bahcivan,standart,101,son,15,Hızlı Eller - 4,2,22,Gold,Speed
12,Patlama yolu,bahcivan,standart,101,son,15,Kesim Tekniği - 2,2,55,Gold,Damage
12,Patlama yolu,bahcivan,standart,101,son,15,Hasat Deneyimi I - 3,1,16,Gold,Xp
12,Patlama yolu,bahcivan,standart,101,son,15,Hasat Deneyimi I - 3,2,18,Gold,Xp
13,Patlama yolu,bahcivan,standart,102,son,1,Keskin Başlangıç - 1,1,5,Gold,Damage
13,Patlama yolu,bahcivan,standart,102,son,1,Keskin Başlangıç - 1,2,7,Gold,Damage
13,Patlama yolu,bahcivan,standart,102,son,3,Altın Hasat I - 1,1,7,Gold,Economy
13,Patlama yolu,bahcivan,standart,102,son,3,Düzenli Üretim - 1,1,6,Gold,Production
13,Patlama yolu,bahcivan,standart,102,son,4,Keskin Başlangıç - 1,3,8,Gold,Damage
13,Patlama yolu,bahcivan,standart,102,son,4,Grid Genişleme I,1,30,Gold,Grid
13,Patlama yolu,bahcivan,standart,102,son,4,Hızlı Eller - 1,1,7,Gold,Speed
13,Patlama yolu,bahcivan,standart,102,son,7,Altın Hasat I - 1,2,9,Gold,Economy
13,Patlama yolu,bahcivan,standart,102,son,7,Keskin Başlangıç - 2,1,10,Gold,Damage
13,Patlama yolu,bahcivan,standart,102,son,7,Düzenli Üretim - 1,2,8,Gold,Production
13,Patlama yolu,bahcivan,standart,102,son,7,Hızlı Eller - 1,2,9,Gold,Speed
13,Patlama yolu,bahcivan,standart,102,son,7,Keskin Başlangıç - 2,2,11,Gold,Damage
13,Patlama yolu,bahcivan,standart,102,son,7,Altın Hasat I - 1,3,11,Gold,Economy
13,Patlama yolu,bahcivan,standart,102,son,8,1×3 Saksı,1,30,Gold,PlanterUnlock
13,Patlama yolu,bahcivan,standart,102,son,8,Keskin Başlangıç - 3,1,13,Gold,Damage
13,Patlama yolu,bahcivan,standart,102,son,8,Düzenli Üretim - 1,3,10,Gold,Production
13,Patlama yolu,bahcivan,standart,102,son,8,Hızlı Eller - 1,3,11,Gold,Speed
13,Patlama yolu,bahcivan,standart,102,son,8,Hasat Deneyimi I - 1,1,6,Gold,Xp
13,Patlama yolu,bahcivan,standart,102,son,9,Altın Hasat I - 2,1,13,Gold,Economy
13,Patlama yolu,bahcivan,standart,102,son,9,Keskin Başlangıç - 3,2,14,Gold,Damage
13,Patlama yolu,bahcivan,standart,102,son,9,Kesim Tekniği - 1,1,25,Gold,Damage
13,Patlama yolu,bahcivan,standart,102,son,9,Hızlı Eller - 2,1,12,Gold,Speed
13,Patlama yolu,bahcivan,standart,102,son,10,Altın Hasat I - 2,2,16,Gold,Economy
13,Patlama yolu,bahcivan,standart,102,son,10,Düzenli Üretim - 2,1,12,Gold,Production
13,Patlama yolu,bahcivan,standart,102,son,10,Hasat Deneyimi I - 1,2,8,Gold,Xp
13,Patlama yolu,bahcivan,standart,102,son,10,Keskin Başlangıç - 4,1,16,Gold,Damage
13,Patlama yolu,bahcivan,standart,102,son,10,Hızlı Eller - 2,2,14,Gold,Speed
13,Patlama yolu,bahcivan,standart,102,son,10,Kesim Tekniği - 1,2,35,Gold,Damage
13,Patlama yolu,bahcivan,standart,102,son,10,Altın Hasat I - 3,1,18,Gold,Economy
13,Patlama yolu,bahcivan,standart,102,son,11,2×2 Saksı,1,80,Gold,PlanterUnlock
13,Patlama yolu,bahcivan,standart,102,son,11,Keskin Başlangıç - 4,2,17,Gold,Damage
13,Patlama yolu,bahcivan,standart,102,son,11,Hasat Deneyimi I - 1,3,10,Gold,Xp
13,Patlama yolu,bahcivan,standart,102,son,11,Düzenli Üretim - 2,2,13,Gold,Production
13,Patlama yolu,bahcivan,standart,102,son,11,Hızlı Eller - 3,1,16,Gold,Speed
13,Patlama yolu,bahcivan,standart,102,son,11,Altın Hasat I - 3,2,20,Gold,Economy
13,Patlama yolu,bahcivan,standart,102,son,11,Kesim Tekniği - 1,3,40,Gold,Damage
13,Patlama yolu,bahcivan,standart,102,son,11,Hasat Deneyimi I - 2,1,12,Gold,Xp
13,Patlama yolu,bahcivan,standart,102,son,11,Demir Hasat - 1,1,25,Gold,Economy
13,Patlama yolu,bahcivan,standart,102,son,11,Çifte Hasat Kartları,1,25,Iron,Economy
13,Patlama yolu,bahcivan,standart,102,son,11,Hızlı Eller - 3,2,18,Gold,Speed
13,Patlama yolu,bahcivan,standart,102,son,11,Düzenli Üretim - 3,1,15,Gold,Production
13,Patlama yolu,bahcivan,standart,102,son,11,Grid Genişleme I,2,30,Iron,Grid
13,Patlama yolu,bahcivan,standart,102,son,12,Altın Hasat I - 4,1,22,Gold,Economy
13,Patlama yolu,bahcivan,standart,102,son,12,Geniş Süpürüş - 1,1,21,Gold,Area
13,Patlama yolu,bahcivan,standart,102,son,12,Kesim Tekniği - 2,1,50,Gold,Damage
13,Patlama yolu,bahcivan,standart,102,son,12,Hasat Deneyimi I - 2,2,14,Gold,Xp
13,Patlama yolu,bahcivan,standart,102,son,12,Hızlı Eller - 4,1,20,Gold,Speed
13,Patlama yolu,bahcivan,standart,102,son,12,Altın Hasat I - 4,2,24,Gold,Economy
13,Patlama yolu,bahcivan,standart,102,son,12,Demir Hasat - 1,2,35,Gold,Economy
13,Patlama yolu,bahcivan,standart,102,son,12,Düzenli Üretim - 3,2,17,Gold,Production
13,Patlama yolu,bahcivan,standart,102,son,12,Geniş Süpürüş - 1,2,28,Gold,Area
13,Patlama yolu,bahcivan,standart,102,son,12,Hızlı Eller - 4,2,22,Gold,Speed
13,Patlama yolu,bahcivan,standart,102,son,12,Hasat Deneyimi I - 3,1,16,Gold,Xp
13,Patlama yolu,bahcivan,standart,102,son,13,Güçlü Kesim - 1,1,120,Gold,Damage
13,Patlama yolu,bahcivan,standart,102,son,13,Kesim Tekniği - 2,2,55,Gold,Damage
13,Patlama yolu,bahcivan,standart,102,son,13,Düzenli Üretim - 4,1,19,Gold,Production
13,Patlama yolu,bahcivan,standart,102,son,14,2×3 Saksı,1,200,Gold,PlanterUnlock
13,Patlama yolu,bahcivan,standart,102,son,14,Demir Hasat - 1,3,40,Gold,Economy
13,Patlama yolu,bahcivan,standart,102,son,14,Geniş Süpürüş - 1,3,35,Gold,Area
13,Patlama yolu,bahcivan,standart,102,son,14,Hasat Deneyimi I - 3,2,18,Gold,Xp
13,Patlama yolu,bahcivan,standart,102,son,14,Düzenli Üretim - 4,2,21,Gold,Production
13,Patlama yolu,bahcivan,standart,102,son,14,Hasat Deneyimi I - 4,1,20,Gold,Xp
13,Patlama yolu,bahcivan,standart,102,son,14,Hasat Deneyimi I - 4,2,21,Gold,Xp
13,Patlama yolu,bahcivan,standart,102,son,14,Taş Hasat - 1,1,35,Iron,Economy
13,Patlama yolu,bahcivan,standart,102,son,15,İlk Vazgeçiş,1,150,Gold,Cards
13,Patlama yolu,bahcivan,standart,102,son,15,Kesim Tekniği - 3,1,65,Gold,Damage
13,Patlama yolu,bahcivan,standart,102,son,15,Hasat Rekoru - 1,1,180,Gold,Score
13,Patlama yolu,bahcivan,standart,102,son,15,Güçlü Kesim - 1,2,160,Gold,Damage
13,Patlama yolu,bahcivan,standart,102,son,15,Geniş Süpürüş - 2,1,40,Gold,Area
13,Patlama yolu,bahcivan,standart,102,son,16,Akıcı Kesim - 1,1,160,Gold,Speed
13,Patlama yolu,bahcivan,standart,102,son,16,Kesim Tekniği - 3,2,70,Gold,Damage
13,Patlama yolu,bahcivan,standart,102,son,16,Demir Hasat - 2,1,50,Gold,Economy
13,Patlama yolu,bahcivan,standart,102,son,16,Güçlü Kesim - 1,3,195,Gold,Damage
13,Patlama yolu,bahcivan,standart,102,son,16,Geniş Süpürüş - 2,2,45,Gold,Area
13,Patlama yolu,bahcivan,standart,102,son,16,Akıcı Kesim - 1,2,210,Gold,Speed
13,Patlama yolu,bahcivan,standart,102,son,16,Verimli Üretim - 1,1,200,Iron,Production
13,Patlama yolu,bahcivan,standart,102,son,16,Nadir Filizler - 1,1,230,Iron,Rarity
13,Patlama yolu,bahcivan,standart,102,son,17,Hasat Rekoru - 1,2,240,Gold,Score
13,Patlama yolu,bahcivan,standart,102,son,17,Kesim Tekniği - 4,1,80,Gold,Damage
13,Patlama yolu,bahcivan,standart,102,son,17,Demir Hasat - 2,2,55,Gold,Economy
13,Patlama yolu,bahcivan,standart,102,son,17,Güçlü Kesim - 2,1,230,Gold,Damage
13,Patlama yolu,bahcivan,standart,102,son,17,Geniş Süpürüş - 3,1,55,Gold,Area
13,Patlama yolu,bahcivan,standart,102,son,17,Altın Hasat II - 1,1,180,Gold,Economy
13,Patlama yolu,bahcivan,standart,102,son,17,Taş Hasat - 1,2,45,Iron,Economy
13,Patlama yolu,bahcivan,standart,102,son,18,Kesim Tekniği - 4,2,85,Gold,Damage
13,Patlama yolu,bahcivan,standart,102,son,18,Akıcı Kesim - 1,3,260,Gold,Speed
13,Patlama yolu,bahcivan,standart,102,son,18,Demir Hasat - 3,1,65,Gold,Economy
13,Patlama yolu,bahcivan,standart,102,son,18,Hasat Rekoru - 1,3,290,Gold,Score
13,Patlama yolu,bahcivan,standart,102,son,18,Geniş Süpürüş - 3,2,60,Gold,Area
13,Patlama yolu,bahcivan,standart,102,son,18,Altın Hasat II - 1,2,240,Gold,Economy
13,Patlama yolu,bahcivan,standart,102,son,18,Grid Genişleme II,1,100,Stone,Grid
13,Patlama yolu,bahcivan,standart,102,son,19,Güçlü Kesim - 2,2,270,Gold,Damage
13,Patlama yolu,bahcivan,standart,102,son,19,Taş Hasat - 1,3,55,Iron,Economy
13,Patlama yolu,bahcivan,standart,102,son,19,Verimli Üretim - 1,2,260,Iron,Production
13,Patlama yolu,bahcivan,standart,102,son,19,Akıcı Kesim - 2,1,310,Gold,Speed
13,Patlama yolu,bahcivan,standart,102,son,19,Nadir Filizler - 1,2,300,Iron,Rarity
13,Patlama yolu,bahcivan,standart,102,son,19,Geniş Tarama - 1,1,160,Gold,Area
13,Patlama yolu,bahcivan,standart,102,son,19,Kesim Ustalığı - 1,1,560,Iron,Damage
13,Patlama yolu,bahcivan,standart,102,son,20,Geniş Süpürüş - 4,1,65,Gold,Area
13,Patlama yolu,bahcivan,standart,102,son,20,Demir Hasat - 3,2,70,Gold,Economy
13,Patlama yolu,bahcivan,standart,102,son,20,Güçlü Kesim - 3,1,300,Gold,Damage
13,Patlama yolu,bahcivan,standart,102,son,20,Altın Hasat II - 1,3,290,Gold,Economy
13,Patlama yolu,bahcivan,standart,102,son,21,Hasat Rekoru - 2,1,350,Gold,Score
13,Patlama yolu,bahcivan,standart,102,son,21,Taş Hasat - 2,1,65,Iron,Economy
13,Patlama yolu,bahcivan,standart,102,son,21,Akıcı Kesim - 2,2,360,Gold,Speed
13,Patlama yolu,bahcivan,standart,102,son,21,Verimli Üretim - 1,3,320,Iron,Production
13,Patlama yolu,bahcivan,standart,102,son,21,Geniş Süpürüş - 4,2,70,Gold,Area
13,Patlama yolu,bahcivan,standart,102,son,21,Geniş Tarama - 1,2,210,Gold,Area
13,Patlama yolu,bahcivan,standart,102,son,22,Kesim Ustalığı - 1,2,720,Iron,Damage
13,Patlama yolu,bahcivan,standart,102,son,22,Nadir Filizler - 1,3,360,Iron,Rarity
13,Patlama yolu,bahcivan,standart,102,son,22,Demir Hasat - 4,1,80,Gold,Economy
13,Patlama yolu,bahcivan,standart,102,son,22,Güçlü Kesim - 3,2,340,Gold,Damage
13,Patlama yolu,bahcivan,standart,102,son,22,Altın Hasat II - 2,1,350,Gold,Economy
13,Patlama yolu,bahcivan,standart,102,son,23,Taş Hasat - 2,2,80,Iron,Economy
13,Patlama yolu,bahcivan,standart,102,son,23,Akıcı Kesim - 3,1,400,Gold,Speed
13,Patlama yolu,bahcivan,standart,102,son,23,Verimli Üretim - 2,1,380,Iron,Production
13,Patlama yolu,bahcivan,standart,102,son,23,Geniş Tarama - 1,3,260,Gold,Area
13,Patlama yolu,bahcivan,standart,102,son,23,Hasat Deneyimi II - 1,1,450,Gold,Xp
13,Patlama yolu,bahcivan,standart,102,son,24,İkinci Vazgeçiş,1,800,Iron,Cards
13,Patlama yolu,bahcivan,standart,102,son,24,Hasat Rekoru - 2,2,400,Gold,Score
13,Patlama yolu,bahcivan,standart,102,son,24,Güçlü Kesim - 4,1,380,Gold,Damage
13,Patlama yolu,bahcivan,standart,102,son,24,Altın Hasat II - 2,2,400,Gold,Economy
13,Patlama yolu,bahcivan,standart,102,son,24,Ağır Kesim - 1,1,1200,Gold,Damage
13,Patlama yolu,bahcivan,standart,102,son,24,Demir Hasat - 4,2,85,Gold,Economy
13,Patlama yolu,bahcivan,standart,102,son,24,Zengin Cevher - 1,1,50,Stone,Economy
13,Patlama yolu,bahcivan,standart,102,son,25,Kesim Ustalığı - 1,3,890,Iron,Damage
13,Patlama yolu,bahcivan,standart,102,son,25,Nadir Filizler - 2,1,430,Iron,Rarity
13,Patlama yolu,bahcivan,standart,102,son,25,Taş Hasat - 3,1,90,Iron,Economy
13,Patlama yolu,bahcivan,standart,102,son,25,Akıcı Kesim - 3,2,450,Gold,Speed
13,Patlama yolu,bahcivan,standart,102,son,25,Geniş Tarama - 2,1,310,Gold,Area
13,Patlama yolu,bahcivan,standart,102,son,25,Kart Sezgisi - 1,1,710,Gold,Cards
13,Patlama yolu,bahcivan,standart,102,son,26,Verimli Üretim - 2,2,440,Iron,Production
13,Patlama yolu,bahcivan,standart,102,son,26,Hasat Deneyimi II - 1,2,590,Gold,Xp
13,Patlama yolu,bahcivan,standart,102,son,26,Altın Hasat II - 3,1,450,Gold,Economy
13,Patlama yolu,bahcivan,standart,102,son,26,Güçlü Kesim - 4,2,410,Gold,Damage
13,Patlama yolu,bahcivan,standart,102,son,26,Kritik Odak - 1,1,150,Gold,Crit
13,Patlama yolu,bahcivan,standart,102,son,27,Zengin Cevher - 1,2,65,Stone,Economy
13,Patlama yolu,bahcivan,standart,102,son,27,Ağır Kesim - 1,2,1600,Gold,Damage
13,Patlama yolu,bahcivan,standart,102,son,27,Kesim Ustalığı - 2,1,1100,Iron,Damage
13,Patlama yolu,bahcivan,standart,102,son,27,Hasat Rekoru - 3,1,450,Gold,Score
13,Patlama yolu,bahcivan,standart,102,son,27,Taş Hasat - 3,2,100,Iron,Economy
13,Patlama yolu,bahcivan,standart,102,son,27,Akıcı Kesim - 4,1,500,Gold,Speed
13,Patlama yolu,bahcivan,standart,102,son,27,Geniş Tarama - 2,2,360,Gold,Area
13,Patlama yolu,bahcivan,standart,102,son,27,Nadir Filizler - 2,2,500,Iron,Rarity
13,Patlama yolu,bahcivan,standart,102,son,28,Hasat Deneyimi II - 1,3,730,Gold,Xp
13,Patlama yolu,bahcivan,standart,102,son,28,Verimli Üretim - 3,1,510,Iron,Production
13,Patlama yolu,bahcivan,standart,102,son,28,Kart Sezgisi - 1,2,920,Gold,Cards
13,Patlama yolu,bahcivan,standart,102,son,28,Altın Hasat II - 3,2,510,Gold,Economy
13,Patlama yolu,bahcivan,standart,102,son,29,Kritik Odak - 1,2,195,Gold,Crit
13,Patlama yolu,bahcivan,standart,102,son,29,Zengin Cevher - 1,3,80,Stone,Economy
13,Patlama yolu,bahcivan,standart,102,son,29,Ağır Kesim - 1,3,1900,Gold,Damage
13,Patlama yolu,bahcivan,standart,102,son,29,Taş Hasat - 4,1,110,Iron,Economy
13,Patlama yolu,bahcivan,standart,102,son,29,Akıcı Kesim - 4,2,550,Gold,Speed
13,Patlama yolu,bahcivan,standart,102,son,29,Geniş Tarama - 3,1,400,Gold,Area
13,Patlama yolu,bahcivan,standart,102,son,29,Kesim Ustalığı - 2,2,1200,Iron,Damage
13,Patlama yolu,bahcivan,standart,102,son,30,Hasat Deneyimi II - 2,1,860,Gold,Xp
13,Patlama yolu,bahcivan,standart,102,son,30,Verimli Üretim - 3,2,570,Iron,Production
13,Patlama yolu,bahcivan,standart,102,son,30,Hasat Rekoru - 3,2,510,Gold,Score
13,Patlama yolu,bahcivan,standart,102,son,30,Nadir Filizler - 3,1,570,Iron,Rarity
13,Patlama yolu,bahcivan,standart,102,son,30,Altın Hasat II - 4,1,560,Gold,Economy
13,Patlama yolu,bahcivan,standart,102,son,30,Kart Sezgisi - 1,3,1100,Gold,Cards
13,Patlama yolu,bahcivan,standart,102,son,31,Kritik Odak - 1,3,240,Gold,Crit
13,Patlama yolu,bahcivan,standart,102,son,31,Zengin Cevher - 2,1,95,Stone,Economy
13,Patlama yolu,bahcivan,standart,102,son,31,Ağır Kesim - 2,1,2300,Gold,Damage
13,Patlama yolu,bahcivan,standart,102,son,31,Geniş Tarama - 3,2,450,Gold,Area
13,Patlama yolu,bahcivan,standart,102,son,31,Taş Hasat - 4,2,120,Iron,Economy
13,Patlama yolu,bahcivan,standart,102,son,32,Hasat Deneyimi II - 2,2,1000,Gold,Xp
13,Patlama yolu,bahcivan,standart,102,son,32,Kesim Ustalığı - 3,1,1400,Iron,Damage
13,Patlama yolu,bahcivan,standart,102,son,32,Verimli Üretim - 4,1,630,Iron,Production
13,Patlama yolu,bahcivan,standart,102,son,32,Altın Hasat II - 4,2,620,Gold,Economy
13,Patlama yolu,bahcivan,standart,102,son,33,Kritik Odak - 2,1,290,Gold,Crit
13,Patlama yolu,bahcivan,standart,102,son,33,Kart Sezgisi - 2,1,1300,Gold,Cards
13,Patlama yolu,bahcivan,standart,102,son,33,Nadir Filizler - 3,2,640,Iron,Rarity
13,Patlama yolu,bahcivan,standart,102,son,33,Zengin Cevher - 2,2,110,Stone,Economy
13,Patlama yolu,bahcivan,standart,102,son,33,Hasat Rekoru - 4,1,560,Gold,Score
13,Patlama yolu,bahcivan,standart,102,son,33,Ağır Kesim - 2,2,2700,Gold,Damage
13,Patlama yolu,bahcivan,standart,102,son,33,Geniş Tarama - 4,1,500,Gold,Area
13,Patlama yolu,bahcivan,standart,102,son,34,Hasat Deneyimi II - 3,1,1100,Gold,Xp
13,Patlama yolu,bahcivan,standart,102,son,34,Kesim Ustalığı - 3,2,1600,Iron,Damage
13,Patlama yolu,bahcivan,standart,102,son,34,Verimli Üretim - 4,2,690,Iron,Production
13,Patlama yolu,bahcivan,standart,102,son,35,Kritik Odak - 2,2,330,Gold,Crit
13,Patlama yolu,bahcivan,standart,102,son,35,Zengin Cevher - 3,1,125,Stone,Economy
13,Patlama yolu,bahcivan,standart,102,son,35,Geniş Tarama - 4,2,550,Gold,Area
13,Patlama yolu,bahcivan,standart,102,son,35,Kart Sezgisi - 2,2,1600,Gold,Cards
13,Patlama yolu,bahcivan,standart,102,son,36,Ağır Kesim - 3,1,3000,Gold,Damage
13,Patlama yolu,bahcivan,standart,102,son,36,Nadir Filizler - 4,1,700,Iron,Rarity
13,Patlama yolu,bahcivan,standart,102,son,36,Hasat Deneyimi II - 3,2,1300,Gold,Xp
13,Patlama yolu,bahcivan,standart,102,son,36,Hasat Rekoru - 4,2,620,Gold,Score
13,Patlama yolu,bahcivan,standart,102,son,37,Kesim Ustalığı - 4,1,1700,Iron,Damage
13,Patlama yolu,bahcivan,standart,102,son,37,Kritik Odak - 3,1,380,Gold,Crit
13,Patlama yolu,bahcivan,standart,102,son,37,Zengin Cevher - 3,2,140,Stone,Economy
13,Patlama yolu,bahcivan,standart,102,son,38,Ağır Kesim - 3,2,3400,Gold,Damage
13,Patlama yolu,bahcivan,standart,102,son,38,Kart Sezgisi - 3,1,1800,Gold,Cards
13,Patlama yolu,bahcivan,standart,102,son,38,Hasat Deneyimi II - 4,1,1400,Gold,Xp
13,Patlama yolu,bahcivan,standart,102,son,38,Nadir Filizler - 4,2,770,Iron,Rarity
13,Patlama yolu,bahcivan,standart,102,son,39,Kritik Odak - 3,2,420,Gold,Crit
13,Patlama yolu,bahcivan,standart,102,son,39,Zengin Cevher - 4,1,155,Stone,Economy
13,Patlama yolu,bahcivan,standart,102,son,39,Kesim Ustalığı - 4,2,1900,Iron,Damage
13,Patlama yolu,bahcivan,standart,102,son,40,Ağır Kesim - 4,1,3800,Gold,Damage
13,Patlama yolu,bahcivan,standart,102,son,40,Hasat Deneyimi II - 4,2,1500,Gold,Xp
13,Patlama yolu,bahcivan,standart,102,son,40,Kart Sezgisi - 3,2,2000,Gold,Cards
13,Patlama yolu,bahcivan,standart,102,son,40,Kritik Güç - 1,1,150,Stone,Crit
13,Patlama yolu,bahcivan,standart,102,son,41,Kritik Odak - 4,1,470,Gold,Crit
13,Patlama yolu,bahcivan,standart,102,son,41,Grid Genişleme II,2,1800,Stone,Grid
13,Patlama yolu,bahcivan,standart,102,son,41,Zengin Cevher - 4,2,170,Stone,Economy
13,Patlama yolu,bahcivan,standart,102,son,42,Ağır Kesim - 4,2,4100,Gold,Damage
13,Patlama yolu,bahcivan,standart,102,son,42,Kritik Güç - 1,2,195,Stone,Crit
13,Patlama yolu,bahcivan,standart,102,son,43,Kart Sezgisi - 4,1,2200,Gold,Cards
13,Patlama yolu,bahcivan,standart,102,son,43,Kritik Odak - 4,2,520,Gold,Crit
13,Patlama yolu,bahcivan,standart,102,son,44,Kritik Güç - 1,3,240,Stone,Crit
13,Patlama yolu,bahcivan,standart,102,son,45,Kart Sezgisi - 4,2,2400,Gold,Cards
13,Patlama yolu,bahcivan,standart,102,son,46,Kritik Güç - 2,1,290,Stone,Crit
13,Patlama yolu,bahcivan,standart,102,son,48,Kritik Güç - 2,2,330,Stone,Crit
14,Patlama yolu,bahcivan,standart,103,son,2,Keskin Başlangıç - 1,1,5,Gold,Damage
14,Patlama yolu,bahcivan,standart,103,son,2,Keskin Başlangıç - 1,2,7,Gold,Damage
14,Patlama yolu,bahcivan,standart,103,son,2,Altın Hasat I - 1,1,7,Gold,Economy
14,Patlama yolu,bahcivan,standart,103,son,2,Düzenli Üretim - 1,1,6,Gold,Production
14,Patlama yolu,bahcivan,standart,103,son,4,Keskin Başlangıç - 1,3,8,Gold,Damage
14,Patlama yolu,bahcivan,standart,103,son,4,Hızlı Eller - 1,1,7,Gold,Speed
14,Patlama yolu,bahcivan,standart,103,son,4,Hasat Deneyimi I - 1,1,6,Gold,Xp
14,Patlama yolu,bahcivan,standart,103,son,5,Grid Genişleme I,1,30,Gold,Grid
14,Patlama yolu,bahcivan,standart,103,son,5,Altın Hasat I - 1,2,9,Gold,Economy
14,Patlama yolu,bahcivan,standart,103,son,7,Keskin Başlangıç - 2,1,10,Gold,Damage
14,Patlama yolu,bahcivan,standart,103,son,7,Düzenli Üretim - 1,2,8,Gold,Production
14,Patlama yolu,bahcivan,standart,103,son,7,Hızlı Eller - 1,2,9,Gold,Speed
14,Patlama yolu,bahcivan,standart,103,son,7,Keskin Başlangıç - 2,2,11,Gold,Damage
14,Patlama yolu,bahcivan,standart,103,son,7,Altın Hasat I - 1,3,11,Gold,Economy
14,Patlama yolu,bahcivan,standart,103,son,8,1×3 Saksı,1,30,Gold,PlanterUnlock
14,Patlama yolu,bahcivan,standart,103,son,8,Keskin Başlangıç - 3,1,13,Gold,Damage
14,Patlama yolu,bahcivan,standart,103,son,8,Düzenli Üretim - 1,3,10,Gold,Production
14,Patlama yolu,bahcivan,standart,103,son,8,Hızlı Eller - 1,3,11,Gold,Speed
14,Patlama yolu,bahcivan,standart,103,son,8,Altın Hasat I - 2,1,13,Gold,Economy
14,Patlama yolu,bahcivan,standart,103,son,9,Keskin Başlangıç - 3,2,14,Gold,Damage
14,Patlama yolu,bahcivan,standart,103,son,9,Kesim Tekniği - 1,1,25,Gold,Damage
14,Patlama yolu,bahcivan,standart,103,son,9,Hızlı Eller - 2,1,12,Gold,Speed
14,Patlama yolu,bahcivan,standart,103,son,9,Altın Hasat I - 2,2,16,Gold,Economy
14,Patlama yolu,bahcivan,standart,103,son,10,Düzenli Üretim - 2,1,12,Gold,Production
14,Patlama yolu,bahcivan,standart,103,son,10,Hasat Deneyimi I - 1,2,8,Gold,Xp
14,Patlama yolu,bahcivan,standart,103,son,10,Keskin Başlangıç - 4,1,16,Gold,Damage
14,Patlama yolu,bahcivan,standart,103,son,10,Hızlı Eller - 2,2,14,Gold,Speed
14,Patlama yolu,bahcivan,standart,103,son,10,Kesim Tekniği - 1,2,35,Gold,Damage
14,Patlama yolu,bahcivan,standart,103,son,10,Altın Hasat I - 3,1,18,Gold,Economy
14,Patlama yolu,bahcivan,standart,103,son,10,Keskin Başlangıç - 4,2,17,Gold,Damage
14,Patlama yolu,bahcivan,standart,103,son,10,Hasat Deneyimi I - 1,3,10,Gold,Xp
14,Patlama yolu,bahcivan,standart,103,son,11,2×2 Saksı,1,80,Gold,PlanterUnlock
14,Patlama yolu,bahcivan,standart,103,son,11,Düzenli Üretim - 2,2,13,Gold,Production
14,Patlama yolu,bahcivan,standart,103,son,11,Hızlı Eller - 3,1,16,Gold,Speed
14,Patlama yolu,bahcivan,standart,103,son,11,Altın Hasat I - 3,2,20,Gold,Economy
14,Patlama yolu,bahcivan,standart,103,son,11,Çifte Hasat Kartları,1,25,Iron,Economy
14,Patlama yolu,bahcivan,standart,103,son,11,Grid Genişleme I,2,30,Iron,Grid
14,Patlama yolu,bahcivan,standart,103,son,12,Kesim Tekniği - 1,3,40,Gold,Damage
14,Patlama yolu,bahcivan,standart,103,son,12,Hasat Deneyimi I - 2,1,12,Gold,Xp
14,Patlama yolu,bahcivan,standart,103,son,12,Demir Hasat - 1,1,25,Gold,Economy
14,Patlama yolu,bahcivan,standart,103,son,12,Hızlı Eller - 3,2,18,Gold,Speed
14,Patlama yolu,bahcivan,standart,103,son,12,Düzenli Üretim - 3,1,15,Gold,Production
14,Patlama yolu,bahcivan,standart,103,son,12,Altın Hasat I - 4,1,22,Gold,Economy
14,Patlama yolu,bahcivan,standart,103,son,12,Geniş Süpürüş - 1,1,21,Gold,Area
14,Patlama yolu,bahcivan,standart,103,son,12,Kesim Tekniği - 2,1,50,Gold,Damage
14,Patlama yolu,bahcivan,standart,103,son,12,Hasat Deneyimi I - 2,2,14,Gold,Xp
14,Patlama yolu,bahcivan,standart,103,son,13,Hızlı Eller - 4,1,20,Gold,Speed
14,Patlama yolu,bahcivan,standart,103,son,13,Altın Hasat I - 4,2,24,Gold,Economy
14,Patlama yolu,bahcivan,standart,103,son,13,Demir Hasat - 1,2,35,Gold,Economy
14,Patlama yolu,bahcivan,standart,103,son,13,Düzenli Üretim - 3,2,17,Gold,Production
14,Patlama yolu,bahcivan,standart,103,son,13,Geniş Süpürüş - 1,2,28,Gold,Area
14,Patlama yolu,bahcivan,standart,103,son,14,Güçlü Kesim - 1,1,120,Gold,Damage
14,Patlama yolu,bahcivan,standart,103,son,14,Hızlı Eller - 4,2,22,Gold,Speed
14,Patlama yolu,bahcivan,standart,103,son,14,Kesim Tekniği - 2,2,55,Gold,Damage
14,Patlama yolu,bahcivan,standart,103,son,14,Hasat Deneyimi I - 3,1,16,Gold,Xp
14,Patlama yolu,bahcivan,standart,103,son,14,Düzenli Üretim - 4,1,19,Gold,Production
14,Patlama yolu,bahcivan,standart,103,son,14,Demir Hasat - 1,3,40,Gold,Economy
14,Patlama yolu,bahcivan,standart,103,son,14,Taş Hasat - 1,1,35,Iron,Economy
14,Patlama yolu,bahcivan,standart,103,son,15,2×3 Saksı,1,200,Gold,PlanterUnlock
14,Patlama yolu,bahcivan,standart,103,son,15,Geniş Süpürüş - 1,3,35,Gold,Area
14,Patlama yolu,bahcivan,standart,103,son,15,İlk Vazgeçiş,1,150,Gold,Cards
14,Patlama yolu,bahcivan,standart,103,son,15,Hasat Deneyimi I - 3,2,18,Gold,Xp
14,Patlama yolu,bahcivan,standart,103,son,16,Kesim Tekniği - 3,1,65,Gold,Damage
14,Patlama yolu,bahcivan,standart,103,son,16,Hasat Rekoru - 1,1,180,Gold,Score
14,Patlama yolu,bahcivan,standart,103,son,16,Düzenli Üretim - 4,2,21,Gold,Production
14,Patlama yolu,bahcivan,standart,103,son,16,Geniş Süpürüş - 2,1,40,Gold,Area
14,Patlama yolu,bahcivan,standart,103,son,16,Hasat Deneyimi I - 4,1,20,Gold,Xp
14,Patlama yolu,bahcivan,standart,103,son,16,Hasat Deneyimi I - 4,2,21,Gold,Xp
14,Patlama yolu,bahcivan,standart,103,son,17,Güçlü Kesim - 1,2,160,Gold,Damage
14,Patlama yolu,bahcivan,standart,103,son,17,Akıcı Kesim - 1,1,160,Gold,Speed
14,Patlama yolu,bahcivan,standart,103,son,17,Kesim Tekniği - 3,2,70,Gold,Damage
14,Patlama yolu,bahcivan,standart,103,son,17,Demir Hasat - 2,1,50,Gold,Economy
14,Patlama yolu,bahcivan,standart,103,son,17,Güçlü Kesim - 1,3,195,Gold,Damage
14,Patlama yolu,bahcivan,standart,103,son,17,Geniş Süpürüş - 2,2,45,Gold,Area
14,Patlama yolu,bahcivan,standart,103,son,17,Verimli Üretim - 1,1,200,Iron,Production
14,Patlama yolu,bahcivan,standart,103,son,18,Akıcı Kesim - 1,2,210,Gold,Speed
14,Patlama yolu,bahcivan,standart,103,son,18,Hasat Rekoru - 1,2,240,Gold,Score
14,Patlama yolu,bahcivan,standart,103,son,18,Kesim Tekniği - 4,1,80,Gold,Damage
14,Patlama yolu,bahcivan,standart,103,son,18,Demir Hasat - 2,2,55,Gold,Economy
14,Patlama yolu,bahcivan,standart,103,son,18,Güçlü Kesim - 2,1,230,Gold,Damage
14,Patlama yolu,bahcivan,standart,103,son,18,Nadir Filizler - 1,1,230,Iron,Rarity
14,Patlama yolu,bahcivan,standart,103,son,18,Taş Hasat - 1,2,45,Iron,Economy
14,Patlama yolu,bahcivan,standart,103,son,18,Grid Genişleme II,1,100,Stone,Grid
14,Patlama yolu,bahcivan,standart,103,son,19,Geniş Süpürüş - 3,1,55,Gold,Area
14,Patlama yolu,bahcivan,standart,103,son,19,Altın Hasat II - 1,1,180,Gold,Economy
14,Patlama yolu,bahcivan,standart,103,son,19,Kesim Tekniği - 4,2,85,Gold,Damage
14,Patlama yolu,bahcivan,standart,103,son,19,Akıcı Kesim - 1,3,260,Gold,Speed
14,Patlama yolu,bahcivan,standart,103,son,19,Demir Hasat - 3,1,65,Gold,Economy
14,Patlama yolu,bahcivan,standart,103,son,19,Hasat Rekoru - 1,3,290,Gold,Score
14,Patlama yolu,bahcivan,standart,103,son,19,Taş Hasat - 1,3,55,Iron,Economy
14,Patlama yolu,bahcivan,standart,103,son,20,Geniş Süpürüş - 3,2,60,Gold,Area
14,Patlama yolu,bahcivan,standart,103,son,20,Güçlü Kesim - 2,2,270,Gold,Damage
14,Patlama yolu,bahcivan,standart,103,son,20,Altın Hasat II - 1,2,240,Gold,Economy
14,Patlama yolu,bahcivan,standart,103,son,20,Verimli Üretim - 1,2,260,Iron,Production
14,Patlama yolu,bahcivan,standart,103,son,20,Akıcı Kesim - 2,1,310,Gold,Speed
14,Patlama yolu,bahcivan,standart,103,son,21,Nadir Filizler - 1,2,300,Iron,Rarity
14,Patlama yolu,bahcivan,standart,103,son,21,Geniş Tarama - 1,1,160,Gold,Area
14,Patlama yolu,bahcivan,standart,103,son,21,Geniş Süpürüş - 4,1,65,Gold,Area
14,Patlama yolu,bahcivan,standart,103,son,21,Demir Hasat - 3,2,70,Gold,Economy
14,Patlama yolu,bahcivan,standart,103,son,21,Güçlü Kesim - 3,1,300,Gold,Damage
14,Patlama yolu,bahcivan,standart,103,son,21,Altın Hasat II - 1,3,290,Gold,Economy
14,Patlama yolu,bahcivan,standart,103,son,21,Hasat Rekoru - 2,1,350,Gold,Score
14,Patlama yolu,bahcivan,standart,103,son,21,Taş Hasat - 2,1,65,Iron,Economy
14,Patlama yolu,bahcivan,standart,103,son,22,Akıcı Kesim - 2,2,360,Gold,Speed
14,Patlama yolu,bahcivan,standart,103,son,22,Geniş Süpürüş - 4,2,70,Gold,Area
14,Patlama yolu,bahcivan,standart,103,son,22,Geniş Tarama - 1,2,210,Gold,Area
14,Patlama yolu,bahcivan,standart,103,son,22,Demir Hasat - 4,1,80,Gold,Economy
14,Patlama yolu,bahcivan,standart,103,son,22,Güçlü Kesim - 3,2,340,Gold,Damage
14,Patlama yolu,bahcivan,standart,103,son,23,Kesim Ustalığı - 1,1,560,Iron,Damage
14,Patlama yolu,bahcivan,standart,103,son,23,Verimli Üretim - 1,3,320,Iron,Production
14,Patlama yolu,bahcivan,standart,103,son,23,Altın Hasat II - 2,1,350,Gold,Economy
14,Patlama yolu,bahcivan,standart,103,son,23,Akıcı Kesim - 3,1,400,Gold,Speed
14,Patlama yolu,bahcivan,standart,103,son,23,Geniş Tarama - 1,3,260,Gold,Area
14,Patlama yolu,bahcivan,standart,103,son,24,Kesim Ustalığı - 1,2,720,Iron,Damage
14,Patlama yolu,bahcivan,standart,103,son,24,Taş Hasat - 2,2,80,Iron,Economy
14,Patlama yolu,bahcivan,standart,103,son,24,Hasat Deneyimi II - 1,1,450,Gold,Xp
14,Patlama yolu,bahcivan,standart,103,son,24,Hasat Rekoru - 2,2,400,Gold,Score
14,Patlama yolu,bahcivan,standart,103,son,24,Güçlü Kesim - 4,1,380,Gold,Damage
14,Patlama yolu,bahcivan,standart,103,son,24,Altın Hasat II - 2,2,400,Gold,Economy
14,Patlama yolu,bahcivan,standart,103,son,24,Demir Hasat - 4,2,85,Gold,Economy
14,Patlama yolu,bahcivan,standart,103,son,24,Zengin Cevher - 1,1,50,Stone,Economy
14,Patlama yolu,bahcivan,standart,103,son,25,Nadir Filizler - 1,3,360,Iron,Rarity
14,Patlama yolu,bahcivan,standart,103,son,25,Ağır Kesim - 1,1,1200,Gold,Damage
14,Patlama yolu,bahcivan,standart,103,son,25,Taş Hasat - 3,1,90,Iron,Economy
14,Patlama yolu,bahcivan,standart,103,son,25,Akıcı Kesim - 3,2,450,Gold,Speed
14,Patlama yolu,bahcivan,standart,103,son,25,Geniş Tarama - 2,1,310,Gold,Area
14,Patlama yolu,bahcivan,standart,103,son,25,Kart Sezgisi - 1,1,710,Gold,Cards
14,Patlama yolu,bahcivan,standart,103,son,26,İkinci Vazgeçiş,1,800,Iron,Cards
14,Patlama yolu,bahcivan,standart,103,son,26,Verimli Üretim - 2,1,380,Iron,Production
14,Patlama yolu,bahcivan,standart,103,son,26,Hasat Deneyimi II - 1,2,590,Gold,Xp
14,Patlama yolu,bahcivan,standart,103,son,26,Altın Hasat II - 3,1,450,Gold,Economy
14,Patlama yolu,bahcivan,standart,103,son,26,Güçlü Kesim - 4,2,410,Gold,Damage
14,Patlama yolu,bahcivan,standart,103,son,26,Kritik Odak - 1,1,150,Gold,Crit
14,Patlama yolu,bahcivan,standart,103,son,27,Kesim Ustalığı - 1,3,890,Iron,Damage
14,Patlama yolu,bahcivan,standart,103,son,27,Nadir Filizler - 2,1,430,Iron,Rarity
14,Patlama yolu,bahcivan,standart,103,son,27,Zengin Cevher - 1,2,65,Stone,Economy
14,Patlama yolu,bahcivan,standart,103,son,27,Ağır Kesim - 1,2,1600,Gold,Damage
14,Patlama yolu,bahcivan,standart,103,son,27,Hasat Rekoru - 3,1,450,Gold,Score
14,Patlama yolu,bahcivan,standart,103,son,27,Taş Hasat - 3,2,100,Iron,Economy
14,Patlama yolu,bahcivan,standart,103,son,27,Akıcı Kesim - 4,1,500,Gold,Speed
14,Patlama yolu,bahcivan,standart,103,son,27,Geniş Tarama - 2,2,360,Gold,Area
14,Patlama yolu,bahcivan,standart,103,son,28,Verimli Üretim - 2,2,440,Iron,Production
14,Patlama yolu,bahcivan,standart,103,son,28,Kesim Ustalığı - 2,1,1100,Iron,Damage
14,Patlama yolu,bahcivan,standart,103,son,28,Hasat Deneyimi II - 1,3,730,Gold,Xp
14,Patlama yolu,bahcivan,standart,103,son,28,Kart Sezgisi - 1,2,920,Gold,Cards
14,Patlama yolu,bahcivan,standart,103,son,28,Altın Hasat II - 3,2,510,Gold,Economy
14,Patlama yolu,bahcivan,standart,103,son,29,Nadir Filizler - 2,2,500,Iron,Rarity
14,Patlama yolu,bahcivan,standart,103,son,29,Verimli Üretim - 3,1,510,Iron,Production
14,Patlama yolu,bahcivan,standart,103,son,29,Kritik Odak - 1,2,195,Gold,Crit
14,Patlama yolu,bahcivan,standart,103,son,29,Zengin Cevher - 1,3,80,Stone,Economy
14,Patlama yolu,bahcivan,standart,103,son,29,Ağır Kesim - 1,3,1900,Gold,Damage
14,Patlama yolu,bahcivan,standart,103,son,29,Taş Hasat - 4,1,110,Iron,Economy
14,Patlama yolu,bahcivan,standart,103,son,29,Akıcı Kesim - 4,2,550,Gold,Speed
14,Patlama yolu,bahcivan,standart,103,son,29,Geniş Tarama - 3,1,400,Gold,Area
14,Patlama yolu,bahcivan,standart,103,son,30,Kesim Ustalığı - 2,2,1200,Iron,Damage
14,Patlama yolu,bahcivan,standart,103,son,30,Hasat Deneyimi II - 2,1,860,Gold,Xp
14,Patlama yolu,bahcivan,standart,103,son,30,Verimli Üretim - 3,2,570,Iron,Production
14,Patlama yolu,bahcivan,standart,103,son,30,Hasat Rekoru - 3,2,510,Gold,Score
14,Patlama yolu,bahcivan,standart,103,son,30,Altın Hasat II - 4,1,560,Gold,Economy
14,Patlama yolu,bahcivan,standart,103,son,30,Kart Sezgisi - 1,3,1100,Gold,Cards
14,Patlama yolu,bahcivan,standart,103,son,31,Nadir Filizler - 3,1,570,Iron,Rarity
14,Patlama yolu,bahcivan,standart,103,son,31,Kritik Odak - 1,3,240,Gold,Crit
14,Patlama yolu,bahcivan,standart,103,son,31,Zengin Cevher - 2,1,95,Stone,Economy
14,Patlama yolu,bahcivan,standart,103,son,31,Ağır Kesim - 2,1,2300,Gold,Damage
14,Patlama yolu,bahcivan,standart,103,son,31,Geniş Tarama - 3,2,450,Gold,Area
14,Patlama yolu,bahcivan,standart,103,son,31,Taş Hasat - 4,2,120,Iron,Economy
14,Patlama yolu,bahcivan,standart,103,son,32,Hasat Deneyimi II - 2,2,1000,Gold,Xp
14,Patlama yolu,bahcivan,standart,103,son,32,Kesim Ustalığı - 3,1,1400,Iron,Damage
14,Patlama yolu,bahcivan,standart,103,son,32,Verimli Üretim - 4,1,630,Iron,Production
14,Patlama yolu,bahcivan,standart,103,son,32,Altın Hasat II - 4,2,620,Gold,Economy
14,Patlama yolu,bahcivan,standart,103,son,33,Kritik Odak - 2,1,290,Gold,Crit
14,Patlama yolu,bahcivan,standart,103,son,33,Kart Sezgisi - 2,1,1300,Gold,Cards
14,Patlama yolu,bahcivan,standart,103,son,33,Nadir Filizler - 3,2,640,Iron,Rarity
14,Patlama yolu,bahcivan,standart,103,son,33,Zengin Cevher - 2,2,110,Stone,Economy
14,Patlama yolu,bahcivan,standart,103,son,33,Hasat Rekoru - 4,1,560,Gold,Score
14,Patlama yolu,bahcivan,standart,103,son,33,Ağır Kesim - 2,2,2700,Gold,Damage
14,Patlama yolu,bahcivan,standart,103,son,33,Geniş Tarama - 4,1,500,Gold,Area
14,Patlama yolu,bahcivan,standart,103,son,34,Hasat Deneyimi II - 3,1,1100,Gold,Xp
14,Patlama yolu,bahcivan,standart,103,son,34,Kesim Ustalığı - 3,2,1600,Iron,Damage
14,Patlama yolu,bahcivan,standart,103,son,34,Verimli Üretim - 4,2,690,Iron,Production
14,Patlama yolu,bahcivan,standart,103,son,35,Kritik Odak - 2,2,330,Gold,Crit
14,Patlama yolu,bahcivan,standart,103,son,35,Zengin Cevher - 3,1,125,Stone,Economy
14,Patlama yolu,bahcivan,standart,103,son,35,Geniş Tarama - 4,2,550,Gold,Area
14,Patlama yolu,bahcivan,standart,103,son,35,Kart Sezgisi - 2,2,1600,Gold,Cards
14,Patlama yolu,bahcivan,standart,103,son,36,Ağır Kesim - 3,1,3000,Gold,Damage
14,Patlama yolu,bahcivan,standart,103,son,36,Nadir Filizler - 4,1,700,Iron,Rarity
14,Patlama yolu,bahcivan,standart,103,son,36,Hasat Deneyimi II - 3,2,1300,Gold,Xp
14,Patlama yolu,bahcivan,standart,103,son,36,Hasat Rekoru - 4,2,620,Gold,Score
14,Patlama yolu,bahcivan,standart,103,son,37,Kesim Ustalığı - 4,1,1700,Iron,Damage
14,Patlama yolu,bahcivan,standart,103,son,37,Kritik Odak - 3,1,380,Gold,Crit
14,Patlama yolu,bahcivan,standart,103,son,37,Zengin Cevher - 3,2,140,Stone,Economy
14,Patlama yolu,bahcivan,standart,103,son,38,Ağır Kesim - 3,2,3400,Gold,Damage
14,Patlama yolu,bahcivan,standart,103,son,38,Kart Sezgisi - 3,1,1800,Gold,Cards
14,Patlama yolu,bahcivan,standart,103,son,38,Hasat Deneyimi II - 4,1,1400,Gold,Xp
14,Patlama yolu,bahcivan,standart,103,son,38,Nadir Filizler - 4,2,770,Iron,Rarity
14,Patlama yolu,bahcivan,standart,103,son,39,Kritik Odak - 3,2,420,Gold,Crit
14,Patlama yolu,bahcivan,standart,103,son,39,Zengin Cevher - 4,1,155,Stone,Economy
14,Patlama yolu,bahcivan,standart,103,son,39,Kesim Ustalığı - 4,2,1900,Iron,Damage
14,Patlama yolu,bahcivan,standart,103,son,40,Ağır Kesim - 4,1,3800,Gold,Damage
14,Patlama yolu,bahcivan,standart,103,son,40,Hasat Deneyimi II - 4,2,1500,Gold,Xp
14,Patlama yolu,bahcivan,standart,103,son,40,Kart Sezgisi - 3,2,2000,Gold,Cards
14,Patlama yolu,bahcivan,standart,103,son,40,Kritik Güç - 1,1,150,Stone,Crit
14,Patlama yolu,bahcivan,standart,103,son,41,Kritik Odak - 4,1,470,Gold,Crit
14,Patlama yolu,bahcivan,standart,103,son,41,Grid Genişleme II,2,1800,Stone,Grid
14,Patlama yolu,bahcivan,standart,103,son,41,Zengin Cevher - 4,2,170,Stone,Economy
14,Patlama yolu,bahcivan,standart,103,son,42,Ağır Kesim - 4,2,4100,Gold,Damage
14,Patlama yolu,bahcivan,standart,103,son,42,Kritik Güç - 1,2,195,Stone,Crit
14,Patlama yolu,bahcivan,standart,103,son,43,Kart Sezgisi - 4,1,2200,Gold,Cards
14,Patlama yolu,bahcivan,standart,103,son,43,Kritik Odak - 4,2,520,Gold,Crit
14,Patlama yolu,bahcivan,standart,103,son,44,Kritik Güç - 1,3,240,Stone,Crit
14,Patlama yolu,bahcivan,standart,103,son,45,Kart Sezgisi - 4,2,2400,Gold,Cards
14,Patlama yolu,bahcivan,standart,103,son,46,Kritik Güç - 2,1,290,Stone,Crit
14,Patlama yolu,bahcivan,standart,103,son,48,Kritik Güç - 2,2,330,Stone,Crit
15,Patlama yolu,bahcivan,standart,104,son,1,Keskin Başlangıç - 1,1,5,Gold,Damage
15,Patlama yolu,bahcivan,standart,104,son,2,Keskin Başlangıç - 1,2,7,Gold,Damage
15,Patlama yolu,bahcivan,standart,104,son,3,Altın Hasat I - 1,1,7,Gold,Economy
15,Patlama yolu,bahcivan,standart,104,son,3,Düzenli Üretim - 1,1,6,Gold,Production
15,Patlama yolu,bahcivan,standart,104,son,3,Keskin Başlangıç - 1,3,8,Gold,Damage
15,Patlama yolu,bahcivan,standart,104,son,3,Hızlı Eller - 1,1,7,Gold,Speed
15,Patlama yolu,bahcivan,standart,104,son,3,Hasat Deneyimi I - 1,1,6,Gold,Xp
15,Patlama yolu,bahcivan,standart,104,son,5,Grid Genişleme I,1,30,Gold,Grid
15,Patlama yolu,bahcivan,standart,104,son,7,Altın Hasat I - 1,2,9,Gold,Economy
15,Patlama yolu,bahcivan,standart,104,son,7,Keskin Başlangıç - 2,1,10,Gold,Damage
15,Patlama yolu,bahcivan,standart,104,son,7,Düzenli Üretim - 1,2,8,Gold,Production
15,Patlama yolu,bahcivan,standart,104,son,7,Hızlı Eller - 1,2,9,Gold,Speed
15,Patlama yolu,bahcivan,standart,104,son,7,Keskin Başlangıç - 2,2,11,Gold,Damage
15,Patlama yolu,bahcivan,standart,104,son,8,Altın Hasat I - 1,3,11,Gold,Economy
15,Patlama yolu,bahcivan,standart,104,son,8,1×3 Saksı,1,30,Gold,PlanterUnlock
15,Patlama yolu,bahcivan,standart,104,son,8,Keskin Başlangıç - 3,1,13,Gold,Damage
15,Patlama yolu,bahcivan,standart,104,son,9,Düzenli Üretim - 1,3,10,Gold,Production
15,Patlama yolu,bahcivan,standart,104,son,9,Hızlı Eller - 1,3,11,Gold,Speed
15,Patlama yolu,bahcivan,standart,104,son,9,Altın Hasat I - 2,1,13,Gold,Economy
15,Patlama yolu,bahcivan,standart,104,son,9,Keskin Başlangıç - 3,2,14,Gold,Damage
15,Patlama yolu,bahcivan,standart,104,son,9,Kesim Tekniği - 1,1,25,Gold,Damage
15,Patlama yolu,bahcivan,standart,104,son,9,Hızlı Eller - 2,1,12,Gold,Speed
15,Patlama yolu,bahcivan,standart,104,son,10,Altın Hasat I - 2,2,16,Gold,Economy
15,Patlama yolu,bahcivan,standart,104,son,10,Düzenli Üretim - 2,1,12,Gold,Production
15,Patlama yolu,bahcivan,standart,104,son,10,Hasat Deneyimi I - 1,2,8,Gold,Xp
15,Patlama yolu,bahcivan,standart,104,son,10,Keskin Başlangıç - 4,1,16,Gold,Damage
15,Patlama yolu,bahcivan,standart,104,son,10,Hızlı Eller - 2,2,14,Gold,Speed
15,Patlama yolu,bahcivan,standart,104,son,10,Kesim Tekniği - 1,2,35,Gold,Damage
15,Patlama yolu,bahcivan,standart,104,son,11,Altın Hasat I - 3,1,18,Gold,Economy
15,Patlama yolu,bahcivan,standart,104,son,11,2×2 Saksı,1,80,Gold,PlanterUnlock
15,Patlama yolu,bahcivan,standart,104,son,11,Keskin Başlangıç - 4,2,17,Gold,Damage
15,Patlama yolu,bahcivan,standart,104,son,11,Hasat Deneyimi I - 1,3,10,Gold,Xp
15,Patlama yolu,bahcivan,standart,104,son,11,Çifte Hasat Kartları,1,25,Iron,Economy
15,Patlama yolu,bahcivan,standart,104,son,11,Grid Genişleme I,2,30,Iron,Grid
15,Patlama yolu,bahcivan,standart,104,son,12,Düzenli Üretim - 2,2,13,Gold,Production
15,Patlama yolu,bahcivan,standart,104,son,12,Hızlı Eller - 3,1,16,Gold,Speed
15,Patlama yolu,bahcivan,standart,104,son,12,Altın Hasat I - 3,2,20,Gold,Economy
15,Patlama yolu,bahcivan,standart,104,son,12,Kesim Tekniği - 1,3,40,Gold,Damage
15,Patlama yolu,bahcivan,standart,104,son,12,Hasat Deneyimi I - 2,1,12,Gold,Xp
15,Patlama yolu,bahcivan,standart,104,son,12,Demir Hasat - 1,1,25,Gold,Economy
15,Patlama yolu,bahcivan,standart,104,son,13,Hızlı Eller - 3,2,18,Gold,Speed
15,Patlama yolu,bahcivan,standart,104,son,13,Düzenli Üretim - 3,1,15,Gold,Production
15,Patlama yolu,bahcivan,standart,104,son,13,Altın Hasat I - 4,1,22,Gold,Economy
15,Patlama yolu,bahcivan,standart,104,son,13,Geniş Süpürüş - 1,1,21,Gold,Area
15,Patlama yolu,bahcivan,standart,104,son,14,Kesim Tekniği - 2,1,50,Gold,Damage
15,Patlama yolu,bahcivan,standart,104,son,14,Hasat Deneyimi I - 2,2,14,Gold,Xp
15,Patlama yolu,bahcivan,standart,104,son,14,Hızlı Eller - 4,1,20,Gold,Speed
15,Patlama yolu,bahcivan,standart,104,son,14,Altın Hasat I - 4,2,24,Gold,Economy
15,Patlama yolu,bahcivan,standart,104,son,14,Demir Hasat - 1,2,35,Gold,Economy
15,Patlama yolu,bahcivan,standart,104,son,14,Düzenli Üretim - 3,2,17,Gold,Production
15,Patlama yolu,bahcivan,standart,104,son,14,Geniş Süpürüş - 1,2,28,Gold,Area
15,Patlama yolu,bahcivan,standart,104,son,14,Güçlü Kesim - 1,1,120,Gold,Damage
15,Patlama yolu,bahcivan,standart,104,son,15,Hızlı Eller - 4,2,22,Gold,Speed
15,Patlama yolu,bahcivan,standart,104,son,15,Kesim Tekniği - 2,2,55,Gold,Damage
15,Patlama yolu,bahcivan,standart,104,son,15,Hasat Deneyimi I - 3,1,16,Gold,Xp
15,Patlama yolu,bahcivan,standart,104,son,15,2×3 Saksı,1,200,Gold,PlanterUnlock
15,Patlama yolu,bahcivan,standart,104,son,15,Düzenli Üretim - 4,1,19,Gold,Production
15,Patlama yolu,bahcivan,standart,104,son,15,Demir Hasat - 1,3,40,Gold,Economy
15,Patlama yolu,bahcivan,standart,104,son,15,Geniş Süpürüş - 1,3,35,Gold,Area
15,Patlama yolu,bahcivan,standart,104,son,15,Hasat Deneyimi I - 3,2,18,Gold,Xp
15,Patlama yolu,bahcivan,standart,104,son,15,Taş Hasat - 1,1,35,Iron,Economy
15,Patlama yolu,bahcivan,standart,104,son,16,İlk Vazgeçiş,1,150,Gold,Cards
15,Patlama yolu,bahcivan,standart,104,son,16,Kesim Tekniği - 3,1,65,Gold,Damage
15,Patlama yolu,bahcivan,standart,104,son,16,Hasat Rekoru - 1,1,180,Gold,Score
15,Patlama yolu,bahcivan,standart,104,son,16,Güçlü Kesim - 1,2,160,Gold,Damage
15,Patlama yolu,bahcivan,standart,104,son,16,Düzenli Üretim - 4,2,21,Gold,Production
15,Patlama yolu,bahcivan,standart,104,son,17,Akıcı Kesim - 1,1,160,Gold,Speed
15,Patlama yolu,bahcivan,standart,104,son,17,Geniş Süpürüş - 2,1,40,Gold,Area
15,Patlama yolu,bahcivan,standart,104,son,17,Hasat Deneyimi I - 4,1,20,Gold,Xp
15,Patlama yolu,bahcivan,standart,104,son,17,Kesim Tekniği - 3,2,70,Gold,Damage
15,Patlama yolu,bahcivan,standart,104,son,17,Demir Hasat - 2,1,50,Gold,Economy
15,Patlama yolu,bahcivan,standart,104,son,17,Güçlü Kesim - 1,3,195,Gold,Damage
15,Patlama yolu,bahcivan,standart,104,son,17,Geniş Süpürüş - 2,2,45,Gold,Area
15,Patlama yolu,bahcivan,standart,104,son,17,Hasat Deneyimi I - 4,2,21,Gold,Xp
15,Patlama yolu,bahcivan,standart,104,son,17,Akıcı Kesim - 1,2,210,Gold,Speed
15,Patlama yolu,bahcivan,standart,104,son,17,Kesim Tekniği - 4,1,80,Gold,Damage
15,Patlama yolu,bahcivan,standart,104,son,17,Taş Hasat - 1,2,45,Iron,Economy
15,Patlama yolu,bahcivan,standart,104,son,18,Hasat Rekoru - 1,2,240,Gold,Score
15,Patlama yolu,bahcivan,standart,104,son,18,Demir Hasat - 2,2,55,Gold,Economy
15,Patlama yolu,bahcivan,standart,104,son,18,Güçlü Kesim - 2,1,230,Gold,Damage
15,Patlama yolu,bahcivan,standart,104,son,18,Geniş Süpürüş - 3,1,55,Gold,Area
15,Patlama yolu,bahcivan,standart,104,son,18,Altın Hasat II - 1,1,180,Gold,Economy
15,Patlama yolu,bahcivan,standart,104,son,18,Verimli Üretim - 1,1,200,Iron,Production
15,Patlama yolu,bahcivan,standart,104,son,19,Kesim Tekniği - 4,2,85,Gold,Damage
15,Patlama yolu,bahcivan,standart,104,son,19,Nadir Filizler - 1,1,230,Iron,Rarity
15,Patlama yolu,bahcivan,standart,104,son,19,Akıcı Kesim - 1,3,260,Gold,Speed
15,Patlama yolu,bahcivan,standart,104,son,19,Demir Hasat - 3,1,65,Gold,Economy
15,Patlama yolu,bahcivan,standart,104,son,19,Hasat Rekoru - 1,3,290,Gold,Score
15,Patlama yolu,bahcivan,standart,104,son,19,Geniş Süpürüş - 3,2,60,Gold,Area
15,Patlama yolu,bahcivan,standart,104,son,19,Grid Genişleme II,1,100,Stone,Grid
15,Patlama yolu,bahcivan,standart,104,son,19,Taş Hasat - 1,3,55,Iron,Economy
15,Patlama yolu,bahcivan,standart,104,son,20,Güçlü Kesim - 2,2,270,Gold,Damage
15,Patlama yolu,bahcivan,standart,104,son,20,Verimli Üretim - 1,2,260,Iron,Production
15,Patlama yolu,bahcivan,standart,104,son,20,Geniş Süpürüş - 4,1,65,Gold,Area
15,Patlama yolu,bahcivan,standart,104,son,20,Demir Hasat - 3,2,70,Gold,Economy
15,Patlama yolu,bahcivan,standart,104,son,21,Altın Hasat II - 1,2,240,Gold,Economy
15,Patlama yolu,bahcivan,standart,104,son,21,Akıcı Kesim - 2,1,310,Gold,Speed
15,Patlama yolu,bahcivan,standart,104,son,21,Nadir Filizler - 1,2,300,Iron,Rarity
15,Patlama yolu,bahcivan,standart,104,son,21,Geniş Tarama - 1,1,160,Gold,Area
15,Patlama yolu,bahcivan,standart,104,son,21,Taş Hasat - 2,1,65,Iron,Economy
15,Patlama yolu,bahcivan,standart,104,son,22,Kesim Ustalığı - 1,1,560,Iron,Damage
15,Patlama yolu,bahcivan,standart,104,son,22,Güçlü Kesim - 3,1,300,Gold,Damage
15,Patlama yolu,bahcivan,standart,104,son,22,Altın Hasat II - 1,3,290,Gold,Economy
15,Patlama yolu,bahcivan,standart,104,son,22,Hasat Rekoru - 2,1,350,Gold,Score
15,Patlama yolu,bahcivan,standart,104,son,22,Geniş Süpürüş - 4,2,70,Gold,Area
15,Patlama yolu,bahcivan,standart,104,son,22,Demir Hasat - 4,1,80,Gold,Economy
15,Patlama yolu,bahcivan,standart,104,son,23,Akıcı Kesim - 2,2,360,Gold,Speed
15,Patlama yolu,bahcivan,standart,104,son,23,Verimli Üretim - 1,3,320,Iron,Production
15,Patlama yolu,bahcivan,standart,104,son,23,Geniş Tarama - 1,2,210,Gold,Area
15,Patlama yolu,bahcivan,standart,104,son,23,Güçlü Kesim - 3,2,340,Gold,Damage
15,Patlama yolu,bahcivan,standart,104,son,24,Nadir Filizler - 1,3,360,Iron,Rarity
15,Patlama yolu,bahcivan,standart,104,son,24,Altın Hasat II - 2,1,350,Gold,Economy
15,Patlama yolu,bahcivan,standart,104,son,24,Taş Hasat - 2,2,80,Iron,Economy
15,Patlama yolu,bahcivan,standart,104,son,24,Akıcı Kesim - 3,1,400,Gold,Speed
15,Patlama yolu,bahcivan,standart,104,son,24,Geniş Tarama - 1,3,260,Gold,Area
15,Patlama yolu,bahcivan,standart,104,son,24,Hasat Deneyimi II - 1,1,450,Gold,Xp
15,Patlama yolu,bahcivan,standart,104,son,24,Hasat Rekoru - 2,2,400,Gold,Score
15,Patlama yolu,bahcivan,standart,104,son,24,Demir Hasat - 4,2,85,Gold,Economy
15,Patlama yolu,bahcivan,standart,104,son,24,Zengin Cevher - 1,1,50,Stone,Economy
15,Patlama yolu,bahcivan,standart,104,son,25,Kesim Ustalığı - 1,2,720,Iron,Damage
15,Patlama yolu,bahcivan,standart,104,son,25,Güçlü Kesim - 4,1,380,Gold,Damage
15,Patlama yolu,bahcivan,standart,104,son,25,Altın Hasat II - 2,2,400,Gold,Economy
15,Patlama yolu,bahcivan,standart,104,son,25,Taş Hasat - 3,1,90,Iron,Economy
15,Patlama yolu,bahcivan,standart,104,son,25,Akıcı Kesim - 3,2,450,Gold,Speed
15,Patlama yolu,bahcivan,standart,104,son,25,Geniş Tarama - 2,1,310,Gold,Area
15,Patlama yolu,bahcivan,standart,104,son,26,İkinci Vazgeçiş,1,800,Iron,Cards
15,Patlama yolu,bahcivan,standart,104,son,26,Ağır Kesim - 1,1,1200,Gold,Damage
15,Patlama yolu,bahcivan,standart,104,son,26,Kart Sezgisi - 1,1,710,Gold,Cards
15,Patlama yolu,bahcivan,standart,104,son,26,Altın Hasat II - 3,1,450,Gold,Economy
15,Patlama yolu,bahcivan,standart,104,son,27,Verimli Üretim - 2,1,380,Iron,Production
15,Patlama yolu,bahcivan,standart,104,son,27,Hasat Deneyimi II - 1,2,590,Gold,Xp
15,Patlama yolu,bahcivan,standart,104,son,27,Güçlü Kesim - 4,2,410,Gold,Damage
15,Patlama yolu,bahcivan,standart,104,son,27,Kritik Odak - 1,1,150,Gold,Crit
15,Patlama yolu,bahcivan,standart,104,son,27,Zengin Cevher - 1,2,65,Stone,Economy
15,Patlama yolu,bahcivan,standart,104,son,27,Hasat Rekoru - 3,1,450,Gold,Score
15,Patlama yolu,bahcivan,standart,104,son,27,Taş Hasat - 3,2,100,Iron,Economy
15,Patlama yolu,bahcivan,standart,104,son,27,Akıcı Kesim - 4,1,500,Gold,Speed
15,Patlama yolu,bahcivan,standart,104,son,28,Kesim Ustalığı - 1,3,890,Iron,Damage
15,Patlama yolu,bahcivan,standart,104,son,28,Nadir Filizler - 2,1,430,Iron,Rarity
15,Patlama yolu,bahcivan,standart,104,son,28,Ağır Kesim - 1,2,1600,Gold,Damage
15,Patlama yolu,bahcivan,standart,104,son,28,Geniş Tarama - 2,2,360,Gold,Area
15,Patlama yolu,bahcivan,standart,104,son,29,Verimli Üretim - 2,2,440,Iron,Production
15,Patlama yolu,bahcivan,standart,104,son,29,Nadir Filizler - 2,2,500,Iron,Rarity
15,Patlama yolu,bahcivan,standart,104,son,29,Hasat Deneyimi II - 1,3,730,Gold,Xp
15,Patlama yolu,bahcivan,standart,104,son,29,Verimli Üretim - 3,1,510,Iron,Production
15,Patlama yolu,bahcivan,standart,104,son,29,Kart Sezgisi - 1,2,920,Gold,Cards
15,Patlama yolu,bahcivan,standart,104,son,29,Altın Hasat II - 3,2,510,Gold,Economy
15,Patlama yolu,bahcivan,standart,104,son,29,Kritik Odak - 1,2,195,Gold,Crit
15,Patlama yolu,bahcivan,standart,104,son,29,Zengin Cevher - 1,3,80,Stone,Economy
15,Patlama yolu,bahcivan,standart,104,son,29,Akıcı Kesim - 4,2,550,Gold,Speed
15,Patlama yolu,bahcivan,standart,104,son,30,Taş Hasat - 4,1,110,Iron,Economy
15,Patlama yolu,bahcivan,standart,104,son,30,Geniş Tarama - 3,1,400,Gold,Area
15,Patlama yolu,bahcivan,standart,104,son,30,Hasat Deneyimi II - 2,1,860,Gold,Xp
15,Patlama yolu,bahcivan,standart,104,son,30,Hasat Rekoru - 3,2,510,Gold,Score
15,Patlama yolu,bahcivan,standart,104,son,31,Kesim Ustalığı - 2,1,1100,Iron,Damage
15,Patlama yolu,bahcivan,standart,104,son,31,Ağır Kesim - 1,3,1900,Gold,Damage
15,Patlama yolu,bahcivan,standart,104,son,31,Verimli Üretim - 3,2,570,Iron,Production
15,Patlama yolu,bahcivan,standart,104,son,31,Altın Hasat II - 4,1,560,Gold,Economy
15,Patlama yolu,bahcivan,standart,104,son,31,Kritik Odak - 1,3,240,Gold,Crit
15,Patlama yolu,bahcivan,standart,104,son,31,Zengin Cevher - 2,1,95,Stone,Economy
15,Patlama yolu,bahcivan,standart,104,son,31,Geniş Tarama - 3,2,450,Gold,Area
15,Patlama yolu,bahcivan,standart,104,son,31,Taş Hasat - 4,2,120,Iron,Economy
15,Patlama yolu,bahcivan,standart,104,son,32,Kesim Ustalığı - 2,2,1200,Iron,Damage
15,Patlama yolu,bahcivan,standart,104,son,32,Nadir Filizler - 3,1,570,Iron,Rarity
15,Patlama yolu,bahcivan,standart,104,son,32,Kart Sezgisi - 1,3,1100,Gold,Cards
15,Patlama yolu,bahcivan,standart,104,son,32,Ağır Kesim - 2,1,2300,Gold,Damage
15,Patlama yolu,bahcivan,standart,104,son,32,Hasat Deneyimi II - 2,2,1000,Gold,Xp
15,Patlama yolu,bahcivan,standart,104,son,33,Kesim Ustalığı - 3,1,1400,Iron,Damage
15,Patlama yolu,bahcivan,standart,104,son,33,Altın Hasat II - 4,2,620,Gold,Economy
15,Patlama yolu,bahcivan,standart,104,son,33,Kritik Odak - 2,1,290,Gold,Crit
15,Patlama yolu,bahcivan,standart,104,son,33,Kart Sezgisi - 2,1,1300,Gold,Cards
15,Patlama yolu,bahcivan,standart,104,son,33,Zengin Cevher - 2,2,110,Stone,Economy
15,Patlama yolu,bahcivan,standart,104,son,33,Hasat Rekoru - 4,1,560,Gold,Score
15,Patlama yolu,bahcivan,standart,104,son,33,Geniş Tarama - 4,1,500,Gold,Area
15,Patlama yolu,bahcivan,standart,104,son,34,Verimli Üretim - 4,1,630,Iron,Production
15,Patlama yolu,bahcivan,standart,104,son,34,Nadir Filizler - 3,2,640,Iron,Rarity
15,Patlama yolu,bahcivan,standart,104,son,34,Ağır Kesim - 2,2,2700,Gold,Damage
15,Patlama yolu,bahcivan,standart,104,son,34,Hasat Deneyimi II - 3,1,1100,Gold,Xp
15,Patlama yolu,bahcivan,standart,104,son,34,Verimli Üretim - 4,2,690,Iron,Production
15,Patlama yolu,bahcivan,standart,104,son,35,Kesim Ustalığı - 3,2,1600,Iron,Damage
15,Patlama yolu,bahcivan,standart,104,son,35,Kritik Odak - 2,2,330,Gold,Crit
15,Patlama yolu,bahcivan,standart,104,son,35,Zengin Cevher - 3,1,125,Stone,Economy
15,Patlama yolu,bahcivan,standart,104,son,35,Geniş Tarama - 4,2,550,Gold,Area
15,Patlama yolu,bahcivan,standart,104,son,35,Kart Sezgisi - 2,2,1600,Gold,Cards
15,Patlama yolu,bahcivan,standart,104,son,36,Ağır Kesim - 3,1,3000,Gold,Damage
15,Patlama yolu,bahcivan,standart,104,son,36,Nadir Filizler - 4,1,700,Iron,Rarity
15,Patlama yolu,bahcivan,standart,104,son,36,Hasat Deneyimi II - 3,2,1300,Gold,Xp
15,Patlama yolu,bahcivan,standart,104,son,36,Hasat Rekoru - 4,2,620,Gold,Score
15,Patlama yolu,bahcivan,standart,104,son,37,Kesim Ustalığı - 4,1,1700,Iron,Damage
15,Patlama yolu,bahcivan,standart,104,son,37,Kritik Odak - 3,1,380,Gold,Crit
15,Patlama yolu,bahcivan,standart,104,son,37,Zengin Cevher - 3,2,140,Stone,Economy
15,Patlama yolu,bahcivan,standart,104,son,38,Ağır Kesim - 3,2,3400,Gold,Damage
15,Patlama yolu,bahcivan,standart,104,son,38,Kart Sezgisi - 3,1,1800,Gold,Cards
15,Patlama yolu,bahcivan,standart,104,son,38,Hasat Deneyimi II - 4,1,1400,Gold,Xp
15,Patlama yolu,bahcivan,standart,104,son,38,Nadir Filizler - 4,2,770,Iron,Rarity
15,Patlama yolu,bahcivan,standart,104,son,39,Kritik Odak - 3,2,420,Gold,Crit
15,Patlama yolu,bahcivan,standart,104,son,39,Zengin Cevher - 4,1,155,Stone,Economy
15,Patlama yolu,bahcivan,standart,104,son,39,Kesim Ustalığı - 4,2,1900,Iron,Damage
15,Patlama yolu,bahcivan,standart,104,son,40,Ağır Kesim - 4,1,3800,Gold,Damage
15,Patlama yolu,bahcivan,standart,104,son,40,Hasat Deneyimi II - 4,2,1500,Gold,Xp
15,Patlama yolu,bahcivan,standart,104,son,40,Kart Sezgisi - 3,2,2000,Gold,Cards
15,Patlama yolu,bahcivan,standart,104,son,40,Kritik Güç - 1,1,150,Stone,Crit
15,Patlama yolu,bahcivan,standart,104,son,41,Kritik Odak - 4,1,470,Gold,Crit
15,Patlama yolu,bahcivan,standart,104,son,41,Grid Genişleme II,2,1800,Stone,Grid
15,Patlama yolu,bahcivan,standart,104,son,41,Zengin Cevher - 4,2,170,Stone,Economy
15,Patlama yolu,bahcivan,standart,104,son,42,Ağır Kesim - 4,2,4100,Gold,Damage
15,Patlama yolu,bahcivan,standart,104,son,42,Kritik Güç - 1,2,195,Stone,Crit
15,Patlama yolu,bahcivan,standart,104,son,43,Kart Sezgisi - 4,1,2200,Gold,Cards
15,Patlama yolu,bahcivan,standart,104,son,43,Kritik Odak - 4,2,520,Gold,Crit
15,Patlama yolu,bahcivan,standart,104,son,44,Kritik Güç - 1,3,240,Stone,Crit
15,Patlama yolu,bahcivan,standart,104,son,45,Kart Sezgisi - 4,2,2400,Gold,Cards
15,Patlama yolu,bahcivan,standart,104,son,46,Kritik Güç - 2,1,290,Stone,Crit
15,Patlama yolu,bahcivan,standart,104,son,48,Kritik Güç - 2,2,330,Stone,Crit
16,Patlama yolu,bahcivan,standart,105,son,1,Keskin Başlangıç - 1,1,5,Gold,Damage
16,Patlama yolu,bahcivan,standart,105,son,2,Keskin Başlangıç - 1,2,7,Gold,Damage
16,Patlama yolu,bahcivan,standart,105,son,3,Altın Hasat I - 1,1,7,Gold,Economy
16,Patlama yolu,bahcivan,standart,105,son,3,Düzenli Üretim - 1,1,6,Gold,Production
16,Patlama yolu,bahcivan,standart,105,son,3,Keskin Başlangıç - 1,3,8,Gold,Damage
16,Patlama yolu,bahcivan,standart,105,son,3,Hızlı Eller - 1,1,7,Gold,Speed
16,Patlama yolu,bahcivan,standart,105,son,3,Hasat Deneyimi I - 1,1,6,Gold,Xp
16,Patlama yolu,bahcivan,standart,105,son,5,Grid Genişleme I,1,30,Gold,Grid
16,Patlama yolu,bahcivan,standart,105,son,6,Altın Hasat I - 1,2,9,Gold,Economy
16,Patlama yolu,bahcivan,standart,105,son,7,Keskin Başlangıç - 2,1,10,Gold,Damage
16,Patlama yolu,bahcivan,standart,105,son,7,Düzenli Üretim - 1,2,8,Gold,Production
16,Patlama yolu,bahcivan,standart,105,son,7,Hızlı Eller - 1,2,9,Gold,Speed
16,Patlama yolu,bahcivan,standart,105,son,7,Keskin Başlangıç - 2,2,11,Gold,Damage
16,Patlama yolu,bahcivan,standart,105,son,8,Altın Hasat I - 1,3,11,Gold,Economy
16,Patlama yolu,bahcivan,standart,105,son,8,1×3 Saksı,1,30,Gold,PlanterUnlock
16,Patlama yolu,bahcivan,standart,105,son,8,Keskin Başlangıç - 3,1,13,Gold,Damage
16,Patlama yolu,bahcivan,standart,105,son,9,Düzenli Üretim - 1,3,10,Gold,Production
16,Patlama yolu,bahcivan,standart,105,son,9,Hızlı Eller - 1,3,11,Gold,Speed
16,Patlama yolu,bahcivan,standart,105,son,9,Altın Hasat I - 2,1,13,Gold,Economy
16,Patlama yolu,bahcivan,standart,105,son,9,Keskin Başlangıç - 3,2,14,Gold,Damage
16,Patlama yolu,bahcivan,standart,105,son,10,Kesim Tekniği - 1,1,25,Gold,Damage
16,Patlama yolu,bahcivan,standart,105,son,10,Hızlı Eller - 2,1,12,Gold,Speed
16,Patlama yolu,bahcivan,standart,105,son,10,Altın Hasat I - 2,2,16,Gold,Economy
16,Patlama yolu,bahcivan,standart,105,son,10,Düzenli Üretim - 2,1,12,Gold,Production
16,Patlama yolu,bahcivan,standart,105,son,10,Hasat Deneyimi I - 1,2,8,Gold,Xp
16,Patlama yolu,bahcivan,standart,105,son,11,Keskin Başlangıç - 4,1,16,Gold,Damage
16,Patlama yolu,bahcivan,standart,105,son,11,Hızlı Eller - 2,2,14,Gold,Speed
16,Patlama yolu,bahcivan,standart,105,son,11,Kesim Tekniği - 1,2,35,Gold,Damage
16,Patlama yolu,bahcivan,standart,105,son,11,Altın Hasat I - 3,1,18,Gold,Economy
16,Patlama yolu,bahcivan,standart,105,son,11,Keskin Başlangıç - 4,2,17,Gold,Damage
16,Patlama yolu,bahcivan,standart,105,son,11,Hasat Deneyimi I - 1,3,10,Gold,Xp
16,Patlama yolu,bahcivan,standart,105,son,11,Düzenli Üretim - 2,2,13,Gold,Production
16,Patlama yolu,bahcivan,standart,105,son,11,Grid Genişleme I,2,30,Iron,Grid
16,Patlama yolu,bahcivan,standart,105,son,12,2×2 Saksı,1,80,Gold,PlanterUnlock
16,Patlama yolu,bahcivan,standart,105,son,12,Hızlı Eller - 3,1,16,Gold,Speed
16,Patlama yolu,bahcivan,standart,105,son,12,Altın Hasat I - 3,2,20,Gold,Economy
16,Patlama yolu,bahcivan,standart,105,son,12,Çifte Hasat Kartları,1,25,Iron,Economy
16,Patlama yolu,bahcivan,standart,105,son,13,Kesim Tekniği - 1,3,40,Gold,Damage
16,Patlama yolu,bahcivan,standart,105,son,13,Hasat Deneyimi I - 2,1,12,Gold,Xp
16,Patlama yolu,bahcivan,standart,105,son,13,Demir Hasat - 1,1,25,Gold,Economy
16,Patlama yolu,bahcivan,standart,105,son,13,Hızlı Eller - 3,2,18,Gold,Speed
16,Patlama yolu,bahcivan,standart,105,son,13,Düzenli Üretim - 3,1,15,Gold,Production
16,Patlama yolu,bahcivan,standart,105,son,13,Altın Hasat I - 4,1,22,Gold,Economy
16,Patlama yolu,bahcivan,standart,105,son,14,Geniş Süpürüş - 1,1,21,Gold,Area
16,Patlama yolu,bahcivan,standart,105,son,14,Kesim Tekniği - 2,1,50,Gold,Damage
16,Patlama yolu,bahcivan,standart,105,son,14,Hasat Deneyimi I - 2,2,14,Gold,Xp
16,Patlama yolu,bahcivan,standart,105,son,14,Hızlı Eller - 4,1,20,Gold,Speed
16,Patlama yolu,bahcivan,standart,105,son,14,Altın Hasat I - 4,2,24,Gold,Economy
16,Patlama yolu,bahcivan,standart,105,son,14,Demir Hasat - 1,2,35,Gold,Economy
16,Patlama yolu,bahcivan,standart,105,son,14,Düzenli Üretim - 3,2,17,Gold,Production
16,Patlama yolu,bahcivan,standart,105,son,14,Geniş Süpürüş - 1,2,28,Gold,Area
16,Patlama yolu,bahcivan,standart,105,son,14,Hızlı Eller - 4,2,22,Gold,Speed
16,Patlama yolu,bahcivan,standart,105,son,14,Hasat Deneyimi I - 3,1,16,Gold,Xp
16,Patlama yolu,bahcivan,standart,105,son,14,Düzenli Üretim - 4,1,19,Gold,Production
16,Patlama yolu,bahcivan,standart,105,son,14,Hasat Deneyimi I - 3,2,18,Gold,Xp
16,Patlama yolu,bahcivan,standart,105,son,15,Güçlü Kesim - 1,1,120,Gold,Damage
16,Patlama yolu,bahcivan,standart,105,son,15,Kesim Tekniği - 2,2,55,Gold,Damage
16,Patlama yolu,bahcivan,standart,105,son,15,Demir Hasat - 1,3,40,Gold,Economy
16,Patlama yolu,bahcivan,standart,105,son,15,Düzenli Üretim - 4,2,21,Gold,Production
16,Patlama yolu,bahcivan,standart,105,son,15,Taş Hasat - 1,1,35,Iron,Economy
17,Patlama yolu,bahcivan,standart,106,son,1,Keskin Başlangıç - 1,1,5,Gold,Damage
17,Patlama yolu,bahcivan,standart,106,son,1,Keskin Başlangıç - 1,2,7,Gold,Damage
17,Patlama yolu,bahcivan,standart,106,son,3,Altın Hasat I - 1,1,7,Gold,Economy
17,Patlama yolu,bahcivan,standart,106,son,4,Düzenli Üretim - 1,1,6,Gold,Production
17,Patlama yolu,bahcivan,standart,106,son,4,Keskin Başlangıç - 1,3,8,Gold,Damage
17,Patlama yolu,bahcivan,standart,106,son,4,Hızlı Eller - 1,1,7,Gold,Speed
17,Patlama yolu,bahcivan,standart,106,son,4,Hasat Deneyimi I - 1,1,6,Gold,Xp
17,Patlama yolu,bahcivan,standart,106,son,5,Grid Genişleme I,1,30,Gold,Grid
17,Patlama yolu,bahcivan,standart,106,son,5,Altın Hasat I - 1,2,9,Gold,Economy
17,Patlama yolu,bahcivan,standart,106,son,6,Keskin Başlangıç - 2,1,10,Gold,Damage
17,Patlama yolu,bahcivan,standart,106,son,6,Düzenli Üretim - 1,2,8,Gold,Production
17,Patlama yolu,bahcivan,standart,106,son,7,Hızlı Eller - 1,2,9,Gold,Speed
17,Patlama yolu,bahcivan,standart,106,son,7,Keskin Başlangıç - 2,2,11,Gold,Damage
17,Patlama yolu,bahcivan,standart,106,son,7,Altın Hasat I - 1,3,11,Gold,Economy
17,Patlama yolu,bahcivan,standart,106,son,8,1×3 Saksı,1,30,Gold,PlanterUnlock
17,Patlama yolu,bahcivan,standart,106,son,8,Keskin Başlangıç - 3,1,13,Gold,Damage
17,Patlama yolu,bahcivan,standart,106,son,8,Düzenli Üretim - 1,3,10,Gold,Production
17,Patlama yolu,bahcivan,standart,106,son,9,Hızlı Eller - 1,3,11,Gold,Speed
17,Patlama yolu,bahcivan,standart,106,son,9,Altın Hasat I - 2,1,13,Gold,Economy
17,Patlama yolu,bahcivan,standart,106,son,9,Keskin Başlangıç - 3,2,14,Gold,Damage
17,Patlama yolu,bahcivan,standart,106,son,11,Kesim Tekniği - 1,1,25,Gold,Damage
17,Patlama yolu,bahcivan,standart,106,son,11,Hızlı Eller - 2,1,12,Gold,Speed
17,Patlama yolu,bahcivan,standart,106,son,11,Altın Hasat I - 2,2,16,Gold,Economy
17,Patlama yolu,bahcivan,standart,106,son,11,Düzenli Üretim - 2,1,12,Gold,Production
17,Patlama yolu,bahcivan,standart,106,son,11,Hasat Deneyimi I - 1,2,8,Gold,Xp
17,Patlama yolu,bahcivan,standart,106,son,11,Grid Genişleme I,2,30,Iron,Grid
17,Patlama yolu,bahcivan,standart,106,son,12,Keskin Başlangıç - 4,1,16,Gold,Damage
17,Patlama yolu,bahcivan,standart,106,son,12,Hızlı Eller - 2,2,14,Gold,Speed
17,Patlama yolu,bahcivan,standart,106,son,12,Kesim Tekniği - 1,2,35,Gold,Damage
17,Patlama yolu,bahcivan,standart,106,son,12,Altın Hasat I - 3,1,18,Gold,Economy
17,Patlama yolu,bahcivan,standart,106,son,12,Keskin Başlangıç - 4,2,17,Gold,Damage
17,Patlama yolu,bahcivan,standart,106,son,12,Hasat Deneyimi I - 1,3,10,Gold,Xp
17,Patlama yolu,bahcivan,standart,106,son,12,Düzenli Üretim - 2,2,13,Gold,Production
18,Patlama yolu,bahcivan,standart,107,son,1,Keskin Başlangıç - 1,1,5,Gold,Damage
18,Patlama yolu,bahcivan,standart,107,son,1,Keskin Başlangıç - 1,2,7,Gold,Damage
18,Patlama yolu,bahcivan,standart,107,son,2,Altın Hasat I - 1,1,7,Gold,Economy
18,Patlama yolu,bahcivan,standart,107,son,2,Düzenli Üretim - 1,1,6,Gold,Production
18,Patlama yolu,bahcivan,standart,107,son,3,Keskin Başlangıç - 1,3,8,Gold,Damage
18,Patlama yolu,bahcivan,standart,107,son,3,Hızlı Eller - 1,1,7,Gold,Speed
18,Patlama yolu,bahcivan,standart,107,son,3,Hasat Deneyimi I - 1,1,6,Gold,Xp
18,Patlama yolu,bahcivan,standart,107,son,4,Grid Genişleme I,1,30,Gold,Grid
18,Patlama yolu,bahcivan,standart,107,son,5,Altın Hasat I - 1,2,9,Gold,Economy
18,Patlama yolu,bahcivan,standart,107,son,5,Keskin Başlangıç - 2,1,10,Gold,Damage
18,Patlama yolu,bahcivan,standart,107,son,6,Düzenli Üretim - 1,2,8,Gold,Production
18,Patlama yolu,bahcivan,standart,107,son,6,Hızlı Eller - 1,2,9,Gold,Speed
18,Patlama yolu,bahcivan,standart,107,son,7,Keskin Başlangıç - 2,2,11,Gold,Damage
18,Patlama yolu,bahcivan,standart,107,son,7,Altın Hasat I - 1,3,11,Gold,Economy
18,Patlama yolu,bahcivan,standart,107,son,7,1×3 Saksı,1,30,Gold,PlanterUnlock
18,Patlama yolu,bahcivan,standart,107,son,8,Keskin Başlangıç - 3,1,13,Gold,Damage
18,Patlama yolu,bahcivan,standart,107,son,8,Düzenli Üretim - 1,3,10,Gold,Production
18,Patlama yolu,bahcivan,standart,107,son,8,Hızlı Eller - 1,3,11,Gold,Speed
18,Patlama yolu,bahcivan,standart,107,son,9,Altın Hasat I - 2,1,13,Gold,Economy
18,Patlama yolu,bahcivan,standart,107,son,9,Keskin Başlangıç - 3,2,14,Gold,Damage
18,Patlama yolu,bahcivan,standart,107,son,9,Kesim Tekniği - 1,1,25,Gold,Damage
18,Patlama yolu,bahcivan,standart,107,son,9,Hızlı Eller - 2,1,12,Gold,Speed
18,Patlama yolu,bahcivan,standart,107,son,9,Altın Hasat I - 2,2,16,Gold,Economy
18,Patlama yolu,bahcivan,standart,107,son,10,Düzenli Üretim - 2,1,12,Gold,Production
18,Patlama yolu,bahcivan,standart,107,son,10,Hasat Deneyimi I - 1,2,8,Gold,Xp
18,Patlama yolu,bahcivan,standart,107,son,10,Keskin Başlangıç - 4,1,16,Gold,Damage
18,Patlama yolu,bahcivan,standart,107,son,10,Hızlı Eller - 2,2,14,Gold,Speed
18,Patlama yolu,bahcivan,standart,107,son,11,Kesim Tekniği - 1,2,35,Gold,Damage
18,Patlama yolu,bahcivan,standart,107,son,11,Altın Hasat I - 3,1,18,Gold,Economy
18,Patlama yolu,bahcivan,standart,107,son,11,Keskin Başlangıç - 4,2,17,Gold,Damage
18,Patlama yolu,bahcivan,standart,107,son,11,Hasat Deneyimi I - 1,3,10,Gold,Xp
18,Patlama yolu,bahcivan,standart,107,son,11,Düzenli Üretim - 2,2,13,Gold,Production
18,Patlama yolu,bahcivan,standart,107,son,11,Grid Genişleme I,2,30,Iron,Grid
18,Patlama yolu,bahcivan,standart,107,son,12,2×2 Saksı,1,80,Gold,PlanterUnlock
18,Patlama yolu,bahcivan,standart,107,son,12,Hızlı Eller - 3,1,16,Gold,Speed
18,Patlama yolu,bahcivan,standart,107,son,12,Altın Hasat I - 3,2,20,Gold,Economy
18,Patlama yolu,bahcivan,standart,107,son,12,Kesim Tekniği - 1,3,40,Gold,Damage
18,Patlama yolu,bahcivan,standart,107,son,12,Çifte Hasat Kartları,1,25,Iron,Economy
18,Patlama yolu,bahcivan,standart,107,son,13,Hasat Deneyimi I - 2,1,12,Gold,Xp
18,Patlama yolu,bahcivan,standart,107,son,13,Demir Hasat - 1,1,25,Gold,Economy
18,Patlama yolu,bahcivan,standart,107,son,13,Hızlı Eller - 3,2,18,Gold,Speed
18,Patlama yolu,bahcivan,standart,107,son,13,Düzenli Üretim - 3,1,15,Gold,Production
18,Patlama yolu,bahcivan,standart,107,son,13,Altın Hasat I - 4,1,22,Gold,Economy
18,Patlama yolu,bahcivan,standart,107,son,14,Geniş Süpürüş - 1,1,21,Gold,Area
18,Patlama yolu,bahcivan,standart,107,son,14,Kesim Tekniği - 2,1,50,Gold,Damage
18,Patlama yolu,bahcivan,standart,107,son,14,Hasat Deneyimi I - 2,2,14,Gold,Xp
18,Patlama yolu,bahcivan,standart,107,son,14,Hızlı Eller - 4,1,20,Gold,Speed
18,Patlama yolu,bahcivan,standart,107,son,14,Altın Hasat I - 4,2,24,Gold,Economy
18,Patlama yolu,bahcivan,standart,107,son,14,Demir Hasat - 1,2,35,Gold,Economy
18,Patlama yolu,bahcivan,standart,107,son,15,Düzenli Üretim - 3,2,17,Gold,Production
18,Patlama yolu,bahcivan,standart,107,son,15,Geniş Süpürüş - 1,2,28,Gold,Area
18,Patlama yolu,bahcivan,standart,107,son,15,Güçlü Kesim - 1,1,120,Gold,Damage
18,Patlama yolu,bahcivan,standart,107,son,15,Hızlı Eller - 4,2,22,Gold,Speed
18,Patlama yolu,bahcivan,standart,107,son,15,Kesim Tekniği - 2,2,55,Gold,Damage
19,Patlama yolu,bahcivan,standart,108,son,2,Keskin Başlangıç - 1,1,5,Gold,Damage
19,Patlama yolu,bahcivan,standart,108,son,2,Keskin Başlangıç - 1,2,7,Gold,Damage
19,Patlama yolu,bahcivan,standart,108,son,4,Altın Hasat I - 1,1,7,Gold,Economy
19,Patlama yolu,bahcivan,standart,108,son,5,Düzenli Üretim - 1,1,6,Gold,Production
19,Patlama yolu,bahcivan,standart,108,son,5,Keskin Başlangıç - 1,3,8,Gold,Damage
19,Patlama yolu,bahcivan,standart,108,son,5,Grid Genişleme I,1,30,Gold,Grid
19,Patlama yolu,bahcivan,standart,108,son,6,Hızlı Eller - 1,1,7,Gold,Speed
19,Patlama yolu,bahcivan,standart,108,son,7,Altın Hasat I - 1,2,9,Gold,Economy
19,Patlama yolu,bahcivan,standart,108,son,7,Keskin Başlangıç - 2,1,10,Gold,Damage
19,Patlama yolu,bahcivan,standart,108,son,7,Düzenli Üretim - 1,2,8,Gold,Production
19,Patlama yolu,bahcivan,standart,108,son,7,Hızlı Eller - 1,2,9,Gold,Speed
19,Patlama yolu,bahcivan,standart,108,son,8,Keskin Başlangıç - 2,2,11,Gold,Damage
19,Patlama yolu,bahcivan,standart,108,son,8,Altın Hasat I - 1,3,11,Gold,Economy
19,Patlama yolu,bahcivan,standart,108,son,8,1×3 Saksı,1,30,Gold,PlanterUnlock
19,Patlama yolu,bahcivan,standart,108,son,9,Keskin Başlangıç - 3,1,13,Gold,Damage
19,Patlama yolu,bahcivan,standart,108,son,9,Düzenli Üretim - 1,3,10,Gold,Production
19,Patlama yolu,bahcivan,standart,108,son,9,Hızlı Eller - 1,3,11,Gold,Speed
19,Patlama yolu,bahcivan,standart,108,son,9,Hasat Deneyimi I - 1,1,6,Gold,Xp
19,Patlama yolu,bahcivan,standart,108,son,9,Altın Hasat I - 2,1,13,Gold,Economy
19,Patlama yolu,bahcivan,standart,108,son,10,Keskin Başlangıç - 3,2,14,Gold,Damage
19,Patlama yolu,bahcivan,standart,108,son,11,Kesim Tekniği - 1,1,25,Gold,Damage
19,Patlama yolu,bahcivan,standart,108,son,11,Hızlı Eller - 2,1,12,Gold,Speed
19,Patlama yolu,bahcivan,standart,108,son,11,Altın Hasat I - 2,2,16,Gold,Economy
19,Patlama yolu,bahcivan,standart,108,son,11,Düzenli Üretim - 2,1,12,Gold,Production
19,Patlama yolu,bahcivan,standart,108,son,11,Hasat Deneyimi I - 1,2,8,Gold,Xp
19,Patlama yolu,bahcivan,standart,108,son,11,Keskin Başlangıç - 4,1,16,Gold,Damage
19,Patlama yolu,bahcivan,standart,108,son,11,Hızlı Eller - 2,2,14,Gold,Speed
19,Patlama yolu,bahcivan,standart,108,son,11,Grid Genişleme I,2,30,Iron,Grid
19,Patlama yolu,bahcivan,standart,108,son,12,Kesim Tekniği - 1,2,35,Gold,Damage
19,Patlama yolu,bahcivan,standart,108,son,12,Altın Hasat I - 3,1,18,Gold,Economy
19,Patlama yolu,bahcivan,standart,108,son,12,2×2 Saksı,1,80,Gold,PlanterUnlock
19,Patlama yolu,bahcivan,standart,108,son,12,Keskin Başlangıç - 4,2,17,Gold,Damage
19,Patlama yolu,bahcivan,standart,108,son,12,Hasat Deneyimi I - 1,3,10,Gold,Xp
19,Patlama yolu,bahcivan,standart,108,son,12,Düzenli Üretim - 2,2,13,Gold,Production
19,Patlama yolu,bahcivan,standart,108,son,12,Çifte Hasat Kartları,1,25,Iron,Economy
19,Patlama yolu,bahcivan,standart,108,son,13,Hızlı Eller - 3,1,16,Gold,Speed
19,Patlama yolu,bahcivan,standart,108,son,13,Altın Hasat I - 3,2,20,Gold,Economy
19,Patlama yolu,bahcivan,standart,108,son,13,Kesim Tekniği - 1,3,40,Gold,Damage
19,Patlama yolu,bahcivan,standart,108,son,13,Hasat Deneyimi I - 2,1,12,Gold,Xp
19,Patlama yolu,bahcivan,standart,108,son,13,Demir Hasat - 1,1,25,Gold,Economy
19,Patlama yolu,bahcivan,standart,108,son,13,Hızlı Eller - 3,2,18,Gold,Speed
19,Patlama yolu,bahcivan,standart,108,son,13,Düzenli Üretim - 3,1,15,Gold,Production
19,Patlama yolu,bahcivan,standart,108,son,13,Altın Hasat I - 4,1,22,Gold,Economy
19,Patlama yolu,bahcivan,standart,108,son,13,Geniş Süpürüş - 1,1,21,Gold,Area
19,Patlama yolu,bahcivan,standart,108,son,14,Kesim Tekniği - 2,1,50,Gold,Damage
19,Patlama yolu,bahcivan,standart,108,son,14,Hasat Deneyimi I - 2,2,14,Gold,Xp
19,Patlama yolu,bahcivan,standart,108,son,14,Hızlı Eller - 4,1,20,Gold,Speed
19,Patlama yolu,bahcivan,standart,108,son,14,Altın Hasat I - 4,2,24,Gold,Economy
19,Patlama yolu,bahcivan,standart,108,son,14,Demir Hasat - 1,2,35,Gold,Economy
19,Patlama yolu,bahcivan,standart,108,son,14,Düzenli Üretim - 3,2,17,Gold,Production
19,Patlama yolu,bahcivan,standart,108,son,14,Geniş Süpürüş - 1,2,28,Gold,Area
19,Patlama yolu,bahcivan,standart,108,son,14,Hızlı Eller - 4,2,22,Gold,Speed
19,Patlama yolu,bahcivan,standart,108,son,14,Hasat Deneyimi I - 3,1,16,Gold,Xp
19,Patlama yolu,bahcivan,standart,108,son,14,Düzenli Üretim - 4,1,19,Gold,Production
19,Patlama yolu,bahcivan,standart,108,son,15,Güçlü Kesim - 1,1,120,Gold,Damage
19,Patlama yolu,bahcivan,standart,108,son,15,Kesim Tekniği - 2,2,55,Gold,Damage
19,Patlama yolu,bahcivan,standart,108,son,15,Demir Hasat - 1,3,40,Gold,Economy
19,Patlama yolu,bahcivan,standart,108,son,15,Geniş Süpürüş - 1,3,35,Gold,Area
19,Patlama yolu,bahcivan,standart,108,son,15,Hasat Deneyimi I - 3,2,18,Gold,Xp
19,Patlama yolu,bahcivan,standart,108,son,15,Düzenli Üretim - 4,2,21,Gold,Production
19,Patlama yolu,bahcivan,standart,108,son,15,Geniş Süpürüş - 2,1,40,Gold,Area
19,Patlama yolu,bahcivan,standart,108,son,15,Hasat Deneyimi I - 4,1,20,Gold,Xp
19,Patlama yolu,bahcivan,standart,108,son,16,2×3 Saksı,1,200,Gold,PlanterUnlock
19,Patlama yolu,bahcivan,standart,108,son,16,İlk Vazgeçiş,1,150,Gold,Cards
19,Patlama yolu,bahcivan,standart,108,son,16,Taş Hasat - 1,1,35,Iron,Economy
19,Patlama yolu,bahcivan,standart,108,son,17,Kesim Tekniği - 3,1,65,Gold,Damage
19,Patlama yolu,bahcivan,standart,108,son,17,Hasat Rekoru - 1,1,180,Gold,Score
19,Patlama yolu,bahcivan,standart,108,son,17,Güçlü Kesim - 1,2,160,Gold,Damage
19,Patlama yolu,bahcivan,standart,108,son,17,Akıcı Kesim - 1,1,160,Gold,Speed
19,Patlama yolu,bahcivan,standart,108,son,17,Taş Hasat - 1,2,45,Iron,Economy
19,Patlama yolu,bahcivan,standart,108,son,18,Kesim Tekniği - 3,2,70,Gold,Damage
19,Patlama yolu,bahcivan,standart,108,son,18,Demir Hasat - 2,1,50,Gold,Economy
19,Patlama yolu,bahcivan,standart,108,son,18,Güçlü Kesim - 1,3,195,Gold,Damage
19,Patlama yolu,bahcivan,standart,108,son,18,Geniş Süpürüş - 2,2,45,Gold,Area
19,Patlama yolu,bahcivan,standart,108,son,18,Hasat Deneyimi I - 4,2,21,Gold,Xp
19,Patlama yolu,bahcivan,standart,108,son,18,Verimli Üretim - 1,1,200,Iron,Production
19,Patlama yolu,bahcivan,standart,108,son,19,Akıcı Kesim - 1,2,210,Gold,Speed
19,Patlama yolu,bahcivan,standart,108,son,19,Hasat Rekoru - 1,2,240,Gold,Score
19,Patlama yolu,bahcivan,standart,108,son,19,Kesim Tekniği - 4,1,80,Gold,Damage
19,Patlama yolu,bahcivan,standart,108,son,19,Demir Hasat - 2,2,55,Gold,Economy
19,Patlama yolu,bahcivan,standart,108,son,19,Geniş Süpürüş - 3,1,55,Gold,Area
19,Patlama yolu,bahcivan,standart,108,son,19,Nadir Filizler - 1,1,230,Iron,Rarity
19,Patlama yolu,bahcivan,standart,108,son,19,Taş Hasat - 1,3,55,Iron,Economy
19,Patlama yolu,bahcivan,standart,108,son,20,Güçlü Kesim - 2,1,230,Gold,Damage
19,Patlama yolu,bahcivan,standart,108,son,20,Altın Hasat II - 1,1,180,Gold,Economy
19,Patlama yolu,bahcivan,standart,108,son,20,Grid Genişleme II,1,100,Stone,Grid
19,Patlama yolu,bahcivan,standart,108,son,21,Kesim Tekniği - 4,2,85,Gold,Damage
19,Patlama yolu,bahcivan,standart,108,son,21,Akıcı Kesim - 1,3,260,Gold,Speed
19,Patlama yolu,bahcivan,standart,108,son,21,Demir Hasat - 3,1,65,Gold,Economy
19,Patlama yolu,bahcivan,standart,108,son,21,Geniş Süpürüş - 3,2,60,Gold,Area
19,Patlama yolu,bahcivan,standart,108,son,21,Verimli Üretim - 1,2,260,Iron,Production
19,Patlama yolu,bahcivan,standart,108,son,21,Geniş Süpürüş - 4,1,65,Gold,Area
19,Patlama yolu,bahcivan,standart,108,son,21,Taş Hasat - 2,1,65,Iron,Economy
19,Patlama yolu,bahcivan,standart,108,son,22,Hasat Rekoru - 1,3,290,Gold,Score
19,Patlama yolu,bahcivan,standart,108,son,23,Güçlü Kesim - 2,2,270,Gold,Damage
19,Patlama yolu,bahcivan,standart,108,son,23,Altın Hasat II - 1,2,240,Gold,Economy
19,Patlama yolu,bahcivan,standart,108,son,23,Nadir Filizler - 1,2,300,Iron,Rarity
19,Patlama yolu,bahcivan,standart,108,son,23,Taş Hasat - 2,2,80,Iron,Economy
19,Patlama yolu,bahcivan,standart,108,son,24,Akıcı Kesim - 2,1,310,Gold,Speed
19,Patlama yolu,bahcivan,standart,108,son,24,Geniş Tarama - 1,1,160,Gold,Area
19,Patlama yolu,bahcivan,standart,108,son,24,Kesim Ustalığı - 1,1,560,Iron,Damage
19,Patlama yolu,bahcivan,standart,108,son,24,Demir Hasat - 3,2,70,Gold,Economy
19,Patlama yolu,bahcivan,standart,108,son,24,Güçlü Kesim - 3,1,300,Gold,Damage
19,Patlama yolu,bahcivan,standart,108,son,24,Altın Hasat II - 1,3,290,Gold,Economy
19,Patlama yolu,bahcivan,standart,108,son,24,Zengin Cevher - 1,1,50,Stone,Economy
19,Patlama yolu,bahcivan,standart,108,son,25,Hasat Rekoru - 2,1,350,Gold,Score
19,Patlama yolu,bahcivan,standart,108,son,25,Akıcı Kesim - 2,2,360,Gold,Speed
19,Patlama yolu,bahcivan,standart,108,son,25,Verimli Üretim - 1,3,320,Iron,Production
19,Patlama yolu,bahcivan,standart,108,son,25,Geniş Süpürüş - 4,2,70,Gold,Area
19,Patlama yolu,bahcivan,standart,108,son,25,Geniş Tarama - 1,2,210,Gold,Area
19,Patlama yolu,bahcivan,standart,108,son,25,Demir Hasat - 4,1,80,Gold,Economy
19,Patlama yolu,bahcivan,standart,108,son,25,Demir Hasat - 4,2,85,Gold,Economy
19,Patlama yolu,bahcivan,standart,108,son,25,Taş Hasat - 3,1,90,Iron,Economy
19,Patlama yolu,bahcivan,standart,108,son,26,Kesim Ustalığı - 1,2,720,Iron,Damage
19,Patlama yolu,bahcivan,standart,108,son,26,Güçlü Kesim - 3,2,340,Gold,Damage
19,Patlama yolu,bahcivan,standart,108,son,26,Altın Hasat II - 2,1,350,Gold,Economy
19,Patlama yolu,bahcivan,standart,108,son,26,Akıcı Kesim - 3,1,400,Gold,Speed
19,Patlama yolu,bahcivan,standart,108,son,27,Nadir Filizler - 1,3,360,Iron,Rarity
19,Patlama yolu,bahcivan,standart,108,son,27,Geniş Tarama - 1,3,260,Gold,Area
19,Patlama yolu,bahcivan,standart,108,son,27,Hasat Deneyimi II - 1,1,450,Gold,Xp
19,Patlama yolu,bahcivan,standart,108,son,27,Hasat Rekoru - 2,2,400,Gold,Score
19,Patlama yolu,bahcivan,standart,108,son,27,Güçlü Kesim - 4,1,380,Gold,Damage
19,Patlama yolu,bahcivan,standart,108,son,27,Altın Hasat II - 2,2,400,Gold,Economy
19,Patlama yolu,bahcivan,standart,108,son,27,Kritik Odak - 1,1,150,Gold,Crit
19,Patlama yolu,bahcivan,standart,108,son,27,Zengin Cevher - 1,2,65,Stone,Economy
19,Patlama yolu,bahcivan,standart,108,son,27,Taş Hasat - 3,2,100,Iron,Economy
19,Patlama yolu,bahcivan,standart,108,son,28,İkinci Vazgeçiş,1,800,Iron,Cards
19,Patlama yolu,bahcivan,standart,108,son,28,Verimli Üretim - 2,1,380,Iron,Production
19,Patlama yolu,bahcivan,standart,108,son,28,Ağır Kesim - 1,1,1200,Gold,Damage
19,Patlama yolu,bahcivan,standart,108,son,28,Akıcı Kesim - 3,2,450,Gold,Speed
19,Patlama yolu,bahcivan,standart,108,son,28,Geniş Tarama - 2,1,310,Gold,Area
19,Patlama yolu,bahcivan,standart,108,son,29,Kesim Ustalığı - 1,3,890,Iron,Damage
19,Patlama yolu,bahcivan,standart,108,son,29,Nadir Filizler - 2,1,430,Iron,Rarity
19,Patlama yolu,bahcivan,standart,108,son,29,Kart Sezgisi - 1,1,710,Gold,Cards
19,Patlama yolu,bahcivan,standart,108,son,29,Hasat Deneyimi II - 1,2,590,Gold,Xp
19,Patlama yolu,bahcivan,standart,108,son,29,Altın Hasat II - 3,1,450,Gold,Economy
19,Patlama yolu,bahcivan,standart,108,son,29,Güçlü Kesim - 4,2,410,Gold,Damage
19,Patlama yolu,bahcivan,standart,108,son,29,Hasat Rekoru - 3,1,450,Gold,Score
19,Patlama yolu,bahcivan,standart,108,son,29,Akıcı Kesim - 4,1,500,Gold,Speed
19,Patlama yolu,bahcivan,standart,108,son,29,Kritik Odak - 1,2,195,Gold,Crit
19,Patlama yolu,bahcivan,standart,108,son,29,Zengin Cevher - 1,3,80,Stone,Economy
19,Patlama yolu,bahcivan,standart,108,son,29,Taş Hasat - 4,1,110,Iron,Economy
19,Patlama yolu,bahcivan,standart,108,son,30,Verimli Üretim - 2,2,440,Iron,Production
19,Patlama yolu,bahcivan,standart,108,son,30,Ağır Kesim - 1,2,1600,Gold,Damage
19,Patlama yolu,bahcivan,standart,108,son,30,Geniş Tarama - 2,2,360,Gold,Area
19,Patlama yolu,bahcivan,standart,108,son,30,Altın Hasat II - 3,2,510,Gold,Economy
19,Patlama yolu,bahcivan,standart,108,son,31,Kesim Ustalığı - 2,1,1100,Iron,Damage
19,Patlama yolu,bahcivan,standart,108,son,31,Nadir Filizler - 2,2,500,Iron,Rarity
19,Patlama yolu,bahcivan,standart,108,son,31,Hasat Deneyimi II - 1,3,730,Gold,Xp
19,Patlama yolu,bahcivan,standart,108,son,31,Verimli Üretim - 3,1,510,Iron,Production
19,Patlama yolu,bahcivan,standart,108,son,31,Kart Sezgisi - 1,2,920,Gold,Cards
19,Patlama yolu,bahcivan,standart,108,son,31,Akıcı Kesim - 4,2,550,Gold,Speed
19,Patlama yolu,bahcivan,standart,108,son,31,Geniş Tarama - 3,1,400,Gold,Area
19,Patlama yolu,bahcivan,standart,108,son,31,Hasat Rekoru - 3,2,510,Gold,Score
19,Patlama yolu,bahcivan,standart,108,son,31,Zengin Cevher - 2,1,95,Stone,Economy
19,Patlama yolu,bahcivan,standart,108,son,31,Taş Hasat - 4,2,120,Iron,Economy
19,Patlama yolu,bahcivan,standart,108,son,32,Ağır Kesim - 1,3,1900,Gold,Damage
19,Patlama yolu,bahcivan,standart,108,son,32,Kesim Ustalığı - 2,2,1200,Iron,Damage
19,Patlama yolu,bahcivan,standart,108,son,32,Hasat Deneyimi II - 2,1,860,Gold,Xp
19,Patlama yolu,bahcivan,standart,108,son,32,Verimli Üretim - 3,2,570,Iron,Production
19,Patlama yolu,bahcivan,standart,108,son,32,Altın Hasat II - 4,1,560,Gold,Economy
19,Patlama yolu,bahcivan,standart,108,son,32,Kritik Odak - 1,3,240,Gold,Crit
19,Patlama yolu,bahcivan,standart,108,son,33,Nadir Filizler - 3,1,570,Iron,Rarity
19,Patlama yolu,bahcivan,standart,108,son,33,Kart Sezgisi - 1,3,1100,Gold,Cards
19,Patlama yolu,bahcivan,standart,108,son,33,Geniş Tarama - 3,2,450,Gold,Area
19,Patlama yolu,bahcivan,standart,108,son,33,Hasat Deneyimi II - 2,2,1000,Gold,Xp
19,Patlama yolu,bahcivan,standart,108,son,33,Verimli Üretim - 4,1,630,Iron,Production
19,Patlama yolu,bahcivan,standart,108,son,33,Altın Hasat II - 4,2,620,Gold,Economy
19,Patlama yolu,bahcivan,standart,108,son,33,Zengin Cevher - 2,2,110,Stone,Economy
19,Patlama yolu,bahcivan,standart,108,son,34,Ağır Kesim - 2,1,2300,Gold,Damage
19,Patlama yolu,bahcivan,standart,108,son,34,Kesim Ustalığı - 3,1,1400,Iron,Damage
19,Patlama yolu,bahcivan,standart,108,son,34,Kritik Odak - 2,1,290,Gold,Crit
19,Patlama yolu,bahcivan,standart,108,son,34,Kart Sezgisi - 2,1,1300,Gold,Cards
19,Patlama yolu,bahcivan,standart,108,son,34,Nadir Filizler - 3,2,640,Iron,Rarity
19,Patlama yolu,bahcivan,standart,108,son,34,Hasat Rekoru - 4,1,560,Gold,Score
19,Patlama yolu,bahcivan,standart,108,son,35,Ağır Kesim - 2,2,2700,Gold,Damage
19,Patlama yolu,bahcivan,standart,108,son,35,Geniş Tarama - 4,1,500,Gold,Area
19,Patlama yolu,bahcivan,standart,108,son,35,Hasat Deneyimi II - 3,1,1100,Gold,Xp
19,Patlama yolu,bahcivan,standart,108,son,35,Kesim Ustalığı - 3,2,1600,Iron,Damage
19,Patlama yolu,bahcivan,standart,108,son,35,Verimli Üretim - 4,2,690,Iron,Production
19,Patlama yolu,bahcivan,standart,108,son,35,Kritik Odak - 2,2,330,Gold,Crit
19,Patlama yolu,bahcivan,standart,108,son,35,Zengin Cevher - 3,1,125,Stone,Economy
19,Patlama yolu,bahcivan,standart,108,son,36,Geniş Tarama - 4,2,550,Gold,Area
19,Patlama yolu,bahcivan,standart,108,son,36,Kart Sezgisi - 2,2,1600,Gold,Cards
19,Patlama yolu,bahcivan,standart,108,son,36,Nadir Filizler - 4,1,700,Iron,Rarity
19,Patlama yolu,bahcivan,standart,108,son,36,Hasat Deneyimi II - 3,2,1300,Gold,Xp
19,Patlama yolu,bahcivan,standart,108,son,36,Hasat Rekoru - 4,2,620,Gold,Score
19,Patlama yolu,bahcivan,standart,108,son,37,Ağır Kesim - 3,1,3000,Gold,Damage
19,Patlama yolu,bahcivan,standart,108,son,37,Kesim Ustalığı - 4,1,1700,Iron,Damage
19,Patlama yolu,bahcivan,standart,108,son,37,Kritik Odak - 3,1,380,Gold,Crit
19,Patlama yolu,bahcivan,standart,108,son,37,Zengin Cevher - 3,2,140,Stone,Economy
19,Patlama yolu,bahcivan,standart,108,son,38,Ağır Kesim - 3,2,3400,Gold,Damage
19,Patlama yolu,bahcivan,standart,108,son,38,Kart Sezgisi - 3,1,1800,Gold,Cards
19,Patlama yolu,bahcivan,standart,108,son,38,Hasat Deneyimi II - 4,1,1400,Gold,Xp
19,Patlama yolu,bahcivan,standart,108,son,38,Nadir Filizler - 4,2,770,Iron,Rarity
19,Patlama yolu,bahcivan,standart,108,son,39,Kritik Odak - 3,2,420,Gold,Crit
19,Patlama yolu,bahcivan,standart,108,son,39,Zengin Cevher - 4,1,155,Stone,Economy
19,Patlama yolu,bahcivan,standart,108,son,39,Kesim Ustalığı - 4,2,1900,Iron,Damage
19,Patlama yolu,bahcivan,standart,108,son,40,Ağır Kesim - 4,1,3800,Gold,Damage
19,Patlama yolu,bahcivan,standart,108,son,40,Hasat Deneyimi II - 4,2,1500,Gold,Xp
19,Patlama yolu,bahcivan,standart,108,son,40,Kart Sezgisi - 3,2,2000,Gold,Cards
19,Patlama yolu,bahcivan,standart,108,son,40,Kritik Güç - 1,1,150,Stone,Crit
19,Patlama yolu,bahcivan,standart,108,son,41,Kritik Odak - 4,1,470,Gold,Crit
19,Patlama yolu,bahcivan,standart,108,son,41,Grid Genişleme II,2,1800,Stone,Grid
19,Patlama yolu,bahcivan,standart,108,son,41,Zengin Cevher - 4,2,170,Stone,Economy
19,Patlama yolu,bahcivan,standart,108,son,42,Ağır Kesim - 4,2,4100,Gold,Damage
19,Patlama yolu,bahcivan,standart,108,son,42,Kritik Güç - 1,2,195,Stone,Crit
19,Patlama yolu,bahcivan,standart,108,son,43,Kart Sezgisi - 4,1,2200,Gold,Cards
19,Patlama yolu,bahcivan,standart,108,son,43,Kritik Odak - 4,2,520,Gold,Crit
19,Patlama yolu,bahcivan,standart,108,son,44,Kritik Güç - 1,3,240,Stone,Crit
19,Patlama yolu,bahcivan,standart,108,son,45,Kart Sezgisi - 4,2,2400,Gold,Cards
19,Patlama yolu,bahcivan,standart,108,son,46,Kritik Güç - 2,1,290,Stone,Crit
19,Patlama yolu,bahcivan,standart,108,son,48,Kritik Güç - 2,2,330,Stone,Crit
20,Patlama yolu,bahcivan,standart,109,son,1,Keskin Başlangıç - 1,1,5,Gold,Damage
20,Patlama yolu,bahcivan,standart,109,son,2,Keskin Başlangıç - 1,2,7,Gold,Damage
20,Patlama yolu,bahcivan,standart,109,son,3,Altın Hasat I - 1,1,7,Gold,Economy
20,Patlama yolu,bahcivan,standart,109,son,4,Düzenli Üretim - 1,1,6,Gold,Production
20,Patlama yolu,bahcivan,standart,109,son,4,Keskin Başlangıç - 1,3,8,Gold,Damage
20,Patlama yolu,bahcivan,standart,109,son,4,Hızlı Eller - 1,1,7,Gold,Speed
20,Patlama yolu,bahcivan,standart,109,son,4,Hasat Deneyimi I - 1,1,6,Gold,Xp
20,Patlama yolu,bahcivan,standart,109,son,5,Grid Genişleme I,1,30,Gold,Grid
20,Patlama yolu,bahcivan,standart,109,son,5,Altın Hasat I - 1,2,9,Gold,Economy
20,Patlama yolu,bahcivan,standart,109,son,5,Keskin Başlangıç - 2,1,10,Gold,Damage
20,Patlama yolu,bahcivan,standart,109,son,5,Düzenli Üretim - 1,2,8,Gold,Production
20,Patlama yolu,bahcivan,standart,109,son,5,Hızlı Eller - 1,2,9,Gold,Speed
20,Patlama yolu,bahcivan,standart,109,son,5,Keskin Başlangıç - 2,2,11,Gold,Damage
20,Patlama yolu,bahcivan,standart,109,son,6,Altın Hasat I - 1,3,11,Gold,Economy
20,Patlama yolu,bahcivan,standart,109,son,6,1×3 Saksı,1,30,Gold,PlanterUnlock
20,Patlama yolu,bahcivan,standart,109,son,8,Keskin Başlangıç - 3,1,13,Gold,Damage
20,Patlama yolu,bahcivan,standart,109,son,8,Düzenli Üretim - 1,3,10,Gold,Production
20,Patlama yolu,bahcivan,standart,109,son,8,Hızlı Eller - 1,3,11,Gold,Speed
20,Patlama yolu,bahcivan,standart,109,son,8,Altın Hasat I - 2,1,13,Gold,Economy
20,Patlama yolu,bahcivan,standart,109,son,8,Keskin Başlangıç - 3,2,14,Gold,Damage
20,Patlama yolu,bahcivan,standart,109,son,9,Kesim Tekniği - 1,1,25,Gold,Damage
20,Patlama yolu,bahcivan,standart,109,son,9,Hızlı Eller - 2,1,12,Gold,Speed
20,Patlama yolu,bahcivan,standart,109,son,9,Altın Hasat I - 2,2,16,Gold,Economy
20,Patlama yolu,bahcivan,standart,109,son,9,Düzenli Üretim - 2,1,12,Gold,Production
20,Patlama yolu,bahcivan,standart,109,son,9,Hasat Deneyimi I - 1,2,8,Gold,Xp
20,Patlama yolu,bahcivan,standart,109,son,9,Keskin Başlangıç - 4,1,16,Gold,Damage
20,Patlama yolu,bahcivan,standart,109,son,10,Hızlı Eller - 2,2,14,Gold,Speed
20,Patlama yolu,bahcivan,standart,109,son,10,Kesim Tekniği - 1,2,35,Gold,Damage
20,Patlama yolu,bahcivan,standart,109,son,10,Altın Hasat I - 3,1,18,Gold,Economy
20,Patlama yolu,bahcivan,standart,109,son,10,Keskin Başlangıç - 4,2,17,Gold,Damage
20,Patlama yolu,bahcivan,standart,109,son,10,Hasat Deneyimi I - 1,3,10,Gold,Xp
20,Patlama yolu,bahcivan,standart,109,son,10,Düzenli Üretim - 2,2,13,Gold,Production
20,Patlama yolu,bahcivan,standart,109,son,10,Hızlı Eller - 3,1,16,Gold,Speed
20,Patlama yolu,bahcivan,standart,109,son,10,Hasat Deneyimi I - 2,1,12,Gold,Xp
20,Patlama yolu,bahcivan,standart,109,son,11,2×2 Saksı,1,80,Gold,PlanterUnlock
20,Patlama yolu,bahcivan,standart,109,son,11,Altın Hasat I - 3,2,20,Gold,Economy
20,Patlama yolu,bahcivan,standart,109,son,11,Kesim Tekniği - 1,3,40,Gold,Damage
20,Patlama yolu,bahcivan,standart,109,son,11,Demir Hasat - 1,1,25,Gold,Economy
20,Patlama yolu,bahcivan,standart,109,son,11,Çifte Hasat Kartları,1,25,Iron,Economy
20,Patlama yolu,bahcivan,standart,109,son,11,Hızlı Eller - 3,2,18,Gold,Speed
20,Patlama yolu,bahcivan,standart,109,son,11,Düzenli Üretim - 3,1,15,Gold,Production
20,Patlama yolu,bahcivan,standart,109,son,11,Altın Hasat I - 4,1,22,Gold,Economy
20,Patlama yolu,bahcivan,standart,109,son,11,Geniş Süpürüş - 1,1,21,Gold,Area
20,Patlama yolu,bahcivan,standart,109,son,11,Grid Genişleme I,2,30,Iron,Grid
20,Patlama yolu,bahcivan,standart,109,son,12,Kesim Tekniği - 2,1,50,Gold,Damage
20,Patlama yolu,bahcivan,standart,109,son,12,Hasat Deneyimi I - 2,2,14,Gold,Xp
20,Patlama yolu,bahcivan,standart,109,son,12,Hızlı Eller - 4,1,20,Gold,Speed
20,Patlama yolu,bahcivan,standart,109,son,12,Altın Hasat I - 4,2,24,Gold,Economy
20,Patlama yolu,bahcivan,standart,109,son,12,Demir Hasat - 1,2,35,Gold,Economy
20,Patlama yolu,bahcivan,standart,109,son,12,Düzenli Üretim - 3,2,17,Gold,Production
20,Patlama yolu,bahcivan,standart,109,son,12,Geniş Süpürüş - 1,2,28,Gold,Area
20,Patlama yolu,bahcivan,standart,109,son,12,Hızlı Eller - 4,2,22,Gold,Speed
20,Patlama yolu,bahcivan,standart,109,son,12,Hasat Deneyimi I - 3,1,16,Gold,Xp
20,Patlama yolu,bahcivan,standart,109,son,13,Güçlü Kesim - 1,1,120,Gold,Damage
20,Patlama yolu,bahcivan,standart,109,son,13,Kesim Tekniği - 2,2,55,Gold,Damage
20,Patlama yolu,bahcivan,standart,109,son,13,Düzenli Üretim - 4,1,19,Gold,Production
20,Patlama yolu,bahcivan,standart,109,son,13,Demir Hasat - 1,3,40,Gold,Economy
20,Patlama yolu,bahcivan,standart,109,son,14,2×3 Saksı,1,200,Gold,PlanterUnlock
20,Patlama yolu,bahcivan,standart,109,son,14,Geniş Süpürüş - 1,3,35,Gold,Area
20,Patlama yolu,bahcivan,standart,109,son,14,İlk Vazgeçiş,1,150,Gold,Cards
20,Patlama yolu,bahcivan,standart,109,son,14,Hasat Deneyimi I - 3,2,18,Gold,Xp
20,Patlama yolu,bahcivan,standart,109,son,14,Kesim Tekniği - 3,1,65,Gold,Damage
20,Patlama yolu,bahcivan,standart,109,son,14,Hasat Rekoru - 1,1,180,Gold,Score
20,Patlama yolu,bahcivan,standart,109,son,14,Taş Hasat - 1,1,35,Iron,Economy
20,Patlama yolu,bahcivan,standart,109,son,15,Güçlü Kesim - 1,2,160,Gold,Damage
20,Patlama yolu,bahcivan,standart,109,son,15,Akıcı Kesim - 1,1,160,Gold,Speed
20,Patlama yolu,bahcivan,standart,109,son,15,Düzenli Üretim - 4,2,21,Gold,Production
20,Patlama yolu,bahcivan,standart,109,son,15,Geniş Süpürüş - 2,1,40,Gold,Area
20,Patlama yolu,bahcivan,standart,109,son,15,Hasat Deneyimi I - 4,1,20,Gold,Xp
20,Patlama yolu,bahcivan,standart,109,son,15,Kesim Tekniği - 3,2,70,Gold,Damage
20,Patlama yolu,bahcivan,standart,109,son,15,Demir Hasat - 2,1,50,Gold,Economy
20,Patlama yolu,bahcivan,standart,109,son,15,Güçlü Kesim - 1,3,195,Gold,Damage
20,Patlama yolu,bahcivan,standart,109,son,15,Geniş Süpürüş - 2,2,45,Gold,Area
20,Patlama yolu,bahcivan,standart,109,son,15,Hasat Deneyimi I - 4,2,21,Gold,Xp
20,Patlama yolu,bahcivan,standart,109,son,15,Akıcı Kesim - 1,2,210,Gold,Speed
20,Patlama yolu,bahcivan,standart,109,son,16,Hasat Rekoru - 1,2,240,Gold,Score
20,Patlama yolu,bahcivan,standart,109,son,16,Kesim Tekniği - 4,1,80,Gold,Damage
20,Patlama yolu,bahcivan,standart,109,son,16,Demir Hasat - 2,2,55,Gold,Economy
20,Patlama yolu,bahcivan,standart,109,son,16,Güçlü Kesim - 2,1,230,Gold,Damage
20,Patlama yolu,bahcivan,standart,109,son,16,Geniş Süpürüş - 3,1,55,Gold,Area
20,Patlama yolu,bahcivan,standart,109,son,16,Altın Hasat II - 1,1,180,Gold,Economy
20,Patlama yolu,bahcivan,standart,109,son,16,Verimli Üretim - 1,1,200,Iron,Production
20,Patlama yolu,bahcivan,standart,109,son,16,Nadir Filizler - 1,1,230,Iron,Rarity
20,Patlama yolu,bahcivan,standart,109,son,17,Kesim Tekniği - 4,2,85,Gold,Damage
20,Patlama yolu,bahcivan,standart,109,son,17,Taş Hasat - 1,2,45,Iron,Economy
20,Patlama yolu,bahcivan,standart,109,son,17,Akıcı Kesim - 1,3,260,Gold,Speed
20,Patlama yolu,bahcivan,standart,109,son,18,Demir Hasat - 3,1,65,Gold,Economy
20,Patlama yolu,bahcivan,standart,109,son,18,Hasat Rekoru - 1,3,290,Gold,Score
20,Patlama yolu,bahcivan,standart,109,son,18,Geniş Süpürüş - 3,2,60,Gold,Area
20,Patlama yolu,bahcivan,standart,109,son,18,Güçlü Kesim - 2,2,270,Gold,Damage
20,Patlama yolu,bahcivan,standart,109,son,18,Altın Hasat II - 1,2,240,Gold,Economy
20,Patlama yolu,bahcivan,standart,109,son,18,Grid Genişleme II,1,100,Stone,Grid
20,Patlama yolu,bahcivan,standart,109,son,19,Taş Hasat - 1,3,55,Iron,Economy
20,Patlama yolu,bahcivan,standart,109,son,19,Verimli Üretim - 1,2,260,Iron,Production
20,Patlama yolu,bahcivan,standart,109,son,19,Akıcı Kesim - 2,1,310,Gold,Speed
20,Patlama yolu,bahcivan,standart,109,son,19,Nadir Filizler - 1,2,300,Iron,Rarity
20,Patlama yolu,bahcivan,standart,109,son,19,Geniş Tarama - 1,1,160,Gold,Area
20,Patlama yolu,bahcivan,standart,109,son,19,Kesim Ustalığı - 1,1,560,Iron,Damage
20,Patlama yolu,bahcivan,standart,109,son,20,Geniş Süpürüş - 4,1,65,Gold,Area
20,Patlama yolu,bahcivan,standart,109,son,20,Demir Hasat - 3,2,70,Gold,Economy
20,Patlama yolu,bahcivan,standart,109,son,20,Güçlü Kesim - 3,1,300,Gold,Damage
20,Patlama yolu,bahcivan,standart,109,son,20,Altın Hasat II - 1,3,290,Gold,Economy
20,Patlama yolu,bahcivan,standart,109,son,21,Hasat Rekoru - 2,1,350,Gold,Score
20,Patlama yolu,bahcivan,standart,109,son,21,Taş Hasat - 2,1,65,Iron,Economy
20,Patlama yolu,bahcivan,standart,109,son,21,Akıcı Kesim - 2,2,360,Gold,Speed
20,Patlama yolu,bahcivan,standart,109,son,21,Verimli Üretim - 1,3,320,Iron,Production
20,Patlama yolu,bahcivan,standart,109,son,21,Geniş Süpürüş - 4,2,70,Gold,Area
20,Patlama yolu,bahcivan,standart,109,son,21,Geniş Tarama - 1,2,210,Gold,Area
20,Patlama yolu,bahcivan,standart,109,son,22,Kesim Ustalığı - 1,2,720,Iron,Damage
20,Patlama yolu,bahcivan,standart,109,son,22,Nadir Filizler - 1,3,360,Iron,Rarity
20,Patlama yolu,bahcivan,standart,109,son,22,Demir Hasat - 4,1,80,Gold,Economy
20,Patlama yolu,bahcivan,standart,109,son,22,Güçlü Kesim - 3,2,340,Gold,Damage
20,Patlama yolu,bahcivan,standart,109,son,22,Altın Hasat II - 2,1,350,Gold,Economy
20,Patlama yolu,bahcivan,standart,109,son,23,İkinci Vazgeçiş,1,800,Iron,Cards
20,Patlama yolu,bahcivan,standart,109,son,23,Taş Hasat - 2,2,80,Iron,Economy
20,Patlama yolu,bahcivan,standart,109,son,23,Akıcı Kesim - 3,1,400,Gold,Speed
20,Patlama yolu,bahcivan,standart,109,son,23,Verimli Üretim - 2,1,380,Iron,Production
20,Patlama yolu,bahcivan,standart,109,son,23,Geniş Tarama - 1,3,260,Gold,Area
20,Patlama yolu,bahcivan,standart,109,son,23,Hasat Deneyimi II - 1,1,450,Gold,Xp
20,Patlama yolu,bahcivan,standart,109,son,24,Hasat Rekoru - 2,2,400,Gold,Score
20,Patlama yolu,bahcivan,standart,109,son,24,Güçlü Kesim - 4,1,380,Gold,Damage
20,Patlama yolu,bahcivan,standart,109,son,24,Altın Hasat II - 2,2,400,Gold,Economy
20,Patlama yolu,bahcivan,standart,109,son,24,Ağır Kesim - 1,1,1200,Gold,Damage
20,Patlama yolu,bahcivan,standart,109,son,24,Demir Hasat - 4,2,85,Gold,Economy
20,Patlama yolu,bahcivan,standart,109,son,24,Kesim Ustalığı - 1,3,890,Iron,Damage
20,Patlama yolu,bahcivan,standart,109,son,24,Zengin Cevher - 1,1,50,Stone,Economy
20,Patlama yolu,bahcivan,standart,109,son,25,Nadir Filizler - 2,1,430,Iron,Rarity
20,Patlama yolu,bahcivan,standart,109,son,25,Taş Hasat - 3,1,90,Iron,Economy
20,Patlama yolu,bahcivan,standart,109,son,25,Akıcı Kesim - 3,2,450,Gold,Speed
20,Patlama yolu,bahcivan,standart,109,son,25,Geniş Tarama - 2,1,310,Gold,Area
20,Patlama yolu,bahcivan,standart,109,son,25,Kart Sezgisi - 1,1,710,Gold,Cards
20,Patlama yolu,bahcivan,standart,109,son,25,Verimli Üretim - 2,2,440,Iron,Production
20,Patlama yolu,bahcivan,standart,109,son,26,Hasat Deneyimi II - 1,2,590,Gold,Xp
20,Patlama yolu,bahcivan,standart,109,son,26,Altın Hasat II - 3,1,450,Gold,Economy
20,Patlama yolu,bahcivan,standart,109,son,26,Güçlü Kesim - 4,2,410,Gold,Damage
20,Patlama yolu,bahcivan,standart,109,son,26,Kritik Odak - 1,1,150,Gold,Crit
20,Patlama yolu,bahcivan,standart,109,son,27,Zengin Cevher - 1,2,65,Stone,Economy
20,Patlama yolu,bahcivan,standart,109,son,27,Ağır Kesim - 1,2,1600,Gold,Damage
20,Patlama yolu,bahcivan,standart,109,son,27,Kesim Ustalığı - 2,1,1100,Iron,Damage
20,Patlama yolu,bahcivan,standart,109,son,27,Hasat Rekoru - 3,1,450,Gold,Score
20,Patlama yolu,bahcivan,standart,109,son,27,Taş Hasat - 3,2,100,Iron,Economy
20,Patlama yolu,bahcivan,standart,109,son,27,Akıcı Kesim - 4,1,500,Gold,Speed
20,Patlama yolu,bahcivan,standart,109,son,27,Geniş Tarama - 2,2,360,Gold,Area
20,Patlama yolu,bahcivan,standart,109,son,27,Nadir Filizler - 2,2,500,Iron,Rarity
20,Patlama yolu,bahcivan,standart,109,son,28,Hasat Deneyimi II - 1,3,730,Gold,Xp
20,Patlama yolu,bahcivan,standart,109,son,28,Verimli Üretim - 3,1,510,Iron,Production
20,Patlama yolu,bahcivan,standart,109,son,28,Kart Sezgisi - 1,2,920,Gold,Cards
20,Patlama yolu,bahcivan,standart,109,son,28,Altın Hasat II - 3,2,510,Gold,Economy
20,Patlama yolu,bahcivan,standart,109,son,29,Kritik Odak - 1,2,195,Gold,Crit
20,Patlama yolu,bahcivan,standart,109,son,29,Zengin Cevher - 1,3,80,Stone,Economy
20,Patlama yolu,bahcivan,standart,109,son,29,Ağır Kesim - 1,3,1900,Gold,Damage
20,Patlama yolu,bahcivan,standart,109,son,29,Taş Hasat - 4,1,110,Iron,Economy
20,Patlama yolu,bahcivan,standart,109,son,29,Akıcı Kesim - 4,2,550,Gold,Speed
20,Patlama yolu,bahcivan,standart,109,son,29,Geniş Tarama - 3,1,400,Gold,Area
20,Patlama yolu,bahcivan,standart,109,son,29,Kesim Ustalığı - 2,2,1200,Iron,Damage
20,Patlama yolu,bahcivan,standart,109,son,30,Hasat Deneyimi II - 2,1,860,Gold,Xp
20,Patlama yolu,bahcivan,standart,109,son,30,Verimli Üretim - 3,2,570,Iron,Production
20,Patlama yolu,bahcivan,standart,109,son,30,Hasat Rekoru - 3,2,510,Gold,Score
20,Patlama yolu,bahcivan,standart,109,son,30,Nadir Filizler - 3,1,570,Iron,Rarity
20,Patlama yolu,bahcivan,standart,109,son,30,Altın Hasat II - 4,1,560,Gold,Economy
20,Patlama yolu,bahcivan,standart,109,son,30,Kart Sezgisi - 1,3,1100,Gold,Cards
20,Patlama yolu,bahcivan,standart,109,son,31,Kritik Odak - 1,3,240,Gold,Crit
20,Patlama yolu,bahcivan,standart,109,son,31,Zengin Cevher - 2,1,95,Stone,Economy
20,Patlama yolu,bahcivan,standart,109,son,31,Ağır Kesim - 2,1,2300,Gold,Damage
20,Patlama yolu,bahcivan,standart,109,son,31,Geniş Tarama - 3,2,450,Gold,Area
20,Patlama yolu,bahcivan,standart,109,son,31,Taş Hasat - 4,2,120,Iron,Economy
20,Patlama yolu,bahcivan,standart,109,son,32,Hasat Deneyimi II - 2,2,1000,Gold,Xp
20,Patlama yolu,bahcivan,standart,109,son,32,Kesim Ustalığı - 3,1,1400,Iron,Damage
20,Patlama yolu,bahcivan,standart,109,son,32,Verimli Üretim - 4,1,630,Iron,Production
20,Patlama yolu,bahcivan,standart,109,son,32,Altın Hasat II - 4,2,620,Gold,Economy
20,Patlama yolu,bahcivan,standart,109,son,33,Kritik Odak - 2,1,290,Gold,Crit
20,Patlama yolu,bahcivan,standart,109,son,33,Kart Sezgisi - 2,1,1300,Gold,Cards
20,Patlama yolu,bahcivan,standart,109,son,33,Nadir Filizler - 3,2,640,Iron,Rarity
20,Patlama yolu,bahcivan,standart,109,son,33,Zengin Cevher - 2,2,110,Stone,Economy
20,Patlama yolu,bahcivan,standart,109,son,33,Hasat Rekoru - 4,1,560,Gold,Score
20,Patlama yolu,bahcivan,standart,109,son,33,Ağır Kesim - 2,2,2700,Gold,Damage
20,Patlama yolu,bahcivan,standart,109,son,33,Geniş Tarama - 4,1,500,Gold,Area
20,Patlama yolu,bahcivan,standart,109,son,34,Hasat Deneyimi II - 3,1,1100,Gold,Xp
20,Patlama yolu,bahcivan,standart,109,son,34,Kesim Ustalığı - 3,2,1600,Iron,Damage
20,Patlama yolu,bahcivan,standart,109,son,34,Verimli Üretim - 4,2,690,Iron,Production
20,Patlama yolu,bahcivan,standart,109,son,35,Kritik Odak - 2,2,330,Gold,Crit
20,Patlama yolu,bahcivan,standart,109,son,35,Zengin Cevher - 3,1,125,Stone,Economy
20,Patlama yolu,bahcivan,standart,109,son,35,Geniş Tarama - 4,2,550,Gold,Area
20,Patlama yolu,bahcivan,standart,109,son,35,Kart Sezgisi - 2,2,1600,Gold,Cards
20,Patlama yolu,bahcivan,standart,109,son,36,Ağır Kesim - 3,1,3000,Gold,Damage
20,Patlama yolu,bahcivan,standart,109,son,36,Nadir Filizler - 4,1,700,Iron,Rarity
20,Patlama yolu,bahcivan,standart,109,son,36,Hasat Deneyimi II - 3,2,1300,Gold,Xp
20,Patlama yolu,bahcivan,standart,109,son,36,Hasat Rekoru - 4,2,620,Gold,Score
20,Patlama yolu,bahcivan,standart,109,son,37,Kesim Ustalığı - 4,1,1700,Iron,Damage
20,Patlama yolu,bahcivan,standart,109,son,37,Kritik Odak - 3,1,380,Gold,Crit
20,Patlama yolu,bahcivan,standart,109,son,37,Zengin Cevher - 3,2,140,Stone,Economy
20,Patlama yolu,bahcivan,standart,109,son,38,Ağır Kesim - 3,2,3400,Gold,Damage
20,Patlama yolu,bahcivan,standart,109,son,38,Kart Sezgisi - 3,1,1800,Gold,Cards
20,Patlama yolu,bahcivan,standart,109,son,38,Hasat Deneyimi II - 4,1,1400,Gold,Xp
20,Patlama yolu,bahcivan,standart,109,son,38,Nadir Filizler - 4,2,770,Iron,Rarity
20,Patlama yolu,bahcivan,standart,109,son,39,Kritik Odak - 3,2,420,Gold,Crit
20,Patlama yolu,bahcivan,standart,109,son,39,Zengin Cevher - 4,1,155,Stone,Economy
20,Patlama yolu,bahcivan,standart,109,son,39,Kesim Ustalığı - 4,2,1900,Iron,Damage
20,Patlama yolu,bahcivan,standart,109,son,40,Ağır Kesim - 4,1,3800,Gold,Damage
20,Patlama yolu,bahcivan,standart,109,son,40,Hasat Deneyimi II - 4,2,1500,Gold,Xp
20,Patlama yolu,bahcivan,standart,109,son,40,Kart Sezgisi - 3,2,2000,Gold,Cards
20,Patlama yolu,bahcivan,standart,109,son,40,Kritik Güç - 1,1,150,Stone,Crit
20,Patlama yolu,bahcivan,standart,109,son,41,Kritik Odak - 4,1,470,Gold,Crit
20,Patlama yolu,bahcivan,standart,109,son,41,Grid Genişleme II,2,1800,Stone,Grid
20,Patlama yolu,bahcivan,standart,109,son,41,Zengin Cevher - 4,2,170,Stone,Economy
20,Patlama yolu,bahcivan,standart,109,son,42,Ağır Kesim - 4,2,4100,Gold,Damage
20,Patlama yolu,bahcivan,standart,109,son,42,Kritik Güç - 1,2,195,Stone,Crit
20,Patlama yolu,bahcivan,standart,109,son,43,Kart Sezgisi - 4,1,2200,Gold,Cards
20,Patlama yolu,bahcivan,standart,109,son,43,Kritik Odak - 4,2,520,Gold,Crit
20,Patlama yolu,bahcivan,standart,109,son,44,Kritik Güç - 1,3,240,Stone,Crit
20,Patlama yolu,bahcivan,standart,109,son,45,Kart Sezgisi - 4,2,2400,Gold,Cards
20,Patlama yolu,bahcivan,standart,109,son,46,Kritik Güç - 2,1,290,Stone,Crit
20,Patlama yolu,bahcivan,standart,109,son,48,Kritik Güç - 2,2,330,Stone,Crit
21,Elektrik yolu,bahcivan,standart,100,son,1,Keskin Başlangıç - 1,1,5,Gold,Damage
21,Elektrik yolu,bahcivan,standart,100,son,2,Keskin Başlangıç - 1,2,7,Gold,Damage
21,Elektrik yolu,bahcivan,standart,100,son,2,Altın Hasat I - 1,1,7,Gold,Economy
21,Elektrik yolu,bahcivan,standart,100,son,3,Düzenli Üretim - 1,1,6,Gold,Production
21,Elektrik yolu,bahcivan,standart,100,son,3,Keskin Başlangıç - 1,3,8,Gold,Damage
21,Elektrik yolu,bahcivan,standart,100,son,3,Hızlı Eller - 1,1,7,Gold,Speed
21,Elektrik yolu,bahcivan,standart,100,son,3,Hasat Deneyimi I - 1,1,6,Gold,Xp
21,Elektrik yolu,bahcivan,standart,100,son,5,Grid Genişleme I,1,30,Gold,Grid
21,Elektrik yolu,bahcivan,standart,100,son,5,Altın Hasat I - 1,2,9,Gold,Economy
21,Elektrik yolu,bahcivan,standart,100,son,5,Keskin Başlangıç - 2,1,10,Gold,Damage
21,Elektrik yolu,bahcivan,standart,100,son,5,Düzenli Üretim - 1,2,8,Gold,Production
21,Elektrik yolu,bahcivan,standart,100,son,5,Hızlı Eller - 1,2,9,Gold,Speed
21,Elektrik yolu,bahcivan,standart,100,son,7,Keskin Başlangıç - 2,2,11,Gold,Damage
21,Elektrik yolu,bahcivan,standart,100,son,7,Altın Hasat I - 1,3,11,Gold,Economy
21,Elektrik yolu,bahcivan,standart,100,son,7,1×3 Saksı,1,30,Gold,PlanterUnlock
21,Elektrik yolu,bahcivan,standart,100,son,7,Keskin Başlangıç - 3,1,13,Gold,Damage
21,Elektrik yolu,bahcivan,standart,100,son,8,Düzenli Üretim - 1,3,10,Gold,Production
21,Elektrik yolu,bahcivan,standart,100,son,8,Hızlı Eller - 1,3,11,Gold,Speed
21,Elektrik yolu,bahcivan,standart,100,son,8,Altın Hasat I - 2,1,13,Gold,Economy
21,Elektrik yolu,bahcivan,standart,100,son,8,Keskin Başlangıç - 3,2,14,Gold,Damage
21,Elektrik yolu,bahcivan,standart,100,son,8,Kesim Tekniği - 1,1,25,Gold,Damage
21,Elektrik yolu,bahcivan,standart,100,son,9,Hızlı Eller - 2,1,12,Gold,Speed
21,Elektrik yolu,bahcivan,standart,100,son,9,Altın Hasat I - 2,2,16,Gold,Economy
21,Elektrik yolu,bahcivan,standart,100,son,9,Düzenli Üretim - 2,1,12,Gold,Production
21,Elektrik yolu,bahcivan,standart,100,son,9,Hasat Deneyimi I - 1,2,8,Gold,Xp
21,Elektrik yolu,bahcivan,standart,100,son,9,Keskin Başlangıç - 4,1,16,Gold,Damage
21,Elektrik yolu,bahcivan,standart,100,son,9,Hızlı Eller - 2,2,14,Gold,Speed
21,Elektrik yolu,bahcivan,standart,100,son,10,Kesim Tekniği - 1,2,35,Gold,Damage
21,Elektrik yolu,bahcivan,standart,100,son,10,Altın Hasat I - 3,1,18,Gold,Economy
21,Elektrik yolu,bahcivan,standart,100,son,10,Keskin Başlangıç - 4,2,17,Gold,Damage
21,Elektrik yolu,bahcivan,standart,100,son,10,Hasat Deneyimi I - 1,3,10,Gold,Xp
21,Elektrik yolu,bahcivan,standart,100,son,10,Düzenli Üretim - 2,2,13,Gold,Production
21,Elektrik yolu,bahcivan,standart,100,son,11,2×2 Saksı,1,80,Gold,PlanterUnlock
21,Elektrik yolu,bahcivan,standart,100,son,11,Hızlı Eller - 3,1,16,Gold,Speed
21,Elektrik yolu,bahcivan,standart,100,son,11,Altın Hasat I - 3,2,20,Gold,Economy
21,Elektrik yolu,bahcivan,standart,100,son,11,Kesim Tekniği - 1,3,40,Gold,Damage
21,Elektrik yolu,bahcivan,standart,100,son,11,Hasat Deneyimi I - 2,1,12,Gold,Xp
21,Elektrik yolu,bahcivan,standart,100,son,11,Çifte Hasat Kartları,1,25,Iron,Economy
21,Elektrik yolu,bahcivan,standart,100,son,11,Grid Genişleme I,2,30,Iron,Grid
21,Elektrik yolu,bahcivan,standart,100,son,12,Demir Hasat - 1,1,25,Gold,Economy
21,Elektrik yolu,bahcivan,standart,100,son,12,Hızlı Eller - 3,2,18,Gold,Speed
21,Elektrik yolu,bahcivan,standart,100,son,12,Düzenli Üretim - 3,1,15,Gold,Production
21,Elektrik yolu,bahcivan,standart,100,son,12,Altın Hasat I - 4,1,22,Gold,Economy
21,Elektrik yolu,bahcivan,standart,100,son,12,Geniş Süpürüş - 1,1,21,Gold,Area
21,Elektrik yolu,bahcivan,standart,100,son,12,Kesim Tekniği - 2,1,50,Gold,Damage
21,Elektrik yolu,bahcivan,standart,100,son,12,Hasat Deneyimi I - 2,2,14,Gold,Xp
21,Elektrik yolu,bahcivan,standart,100,son,12,Hızlı Eller - 4,1,20,Gold,Speed
21,Elektrik yolu,bahcivan,standart,100,son,12,Altın Hasat I - 4,2,24,Gold,Economy
21,Elektrik yolu,bahcivan,standart,100,son,13,Demir Hasat - 1,2,35,Gold,Economy
21,Elektrik yolu,bahcivan,standart,100,son,13,Düzenli Üretim - 3,2,17,Gold,Production
21,Elektrik yolu,bahcivan,standart,100,son,13,Geniş Süpürüş - 1,2,28,Gold,Area
21,Elektrik yolu,bahcivan,standart,100,son,13,Hızlı Eller - 4,2,22,Gold,Speed
21,Elektrik yolu,bahcivan,standart,100,son,13,Hasat Deneyimi I - 3,1,16,Gold,Xp
21,Elektrik yolu,bahcivan,standart,100,son,13,Düzenli Üretim - 4,1,19,Gold,Production
21,Elektrik yolu,bahcivan,standart,100,son,14,Güçlü Kesim - 1,1,120,Gold,Damage
21,Elektrik yolu,bahcivan,standart,100,son,14,Kesim Tekniği - 2,2,55,Gold,Damage
21,Elektrik yolu,bahcivan,standart,100,son,14,Demir Hasat - 1,3,40,Gold,Economy
21,Elektrik yolu,bahcivan,standart,100,son,14,Geniş Süpürüş - 1,3,35,Gold,Area
21,Elektrik yolu,bahcivan,standart,100,son,14,Hasat Deneyimi I - 3,2,18,Gold,Xp
21,Elektrik yolu,bahcivan,standart,100,son,14,Düzenli Üretim - 4,2,21,Gold,Production
21,Elektrik yolu,bahcivan,standart,100,son,14,Hasat Deneyimi I - 4,1,20,Gold,Xp
21,Elektrik yolu,bahcivan,standart,100,son,14,Taş Hasat - 1,1,35,Iron,Economy
21,Elektrik yolu,bahcivan,standart,100,son,15,2×3 Saksı,1,200,Gold,PlanterUnlock
21,Elektrik yolu,bahcivan,standart,100,son,15,İlk Vazgeçiş,1,150,Gold,Cards
21,Elektrik yolu,bahcivan,standart,100,son,15,Kesim Tekniği - 3,1,65,Gold,Damage
21,Elektrik yolu,bahcivan,standart,100,son,15,Geniş Süpürüş - 2,1,40,Gold,Area
21,Elektrik yolu,bahcivan,standart,100,son,15,Geniş Süpürüş - 2,2,45,Gold,Area
21,Elektrik yolu,bahcivan,standart,100,son,16,Hasat Rekoru - 1,1,180,Gold,Score
21,Elektrik yolu,bahcivan,standart,100,son,16,Güçlü Kesim - 1,2,160,Gold,Damage
21,Elektrik yolu,bahcivan,standart,100,son,16,Akıcı Kesim - 1,1,160,Gold,Speed
21,Elektrik yolu,bahcivan,standart,100,son,16,Kesim Tekniği - 3,2,70,Gold,Damage
21,Elektrik yolu,bahcivan,standart,100,son,16,Demir Hasat - 2,1,50,Gold,Economy
21,Elektrik yolu,bahcivan,standart,100,son,16,Hasat Deneyimi I - 4,2,21,Gold,Xp
21,Elektrik yolu,bahcivan,standart,100,son,16,Kesim Tekniği - 4,1,80,Gold,Damage
21,Elektrik yolu,bahcivan,standart,100,son,16,Verimli Üretim - 1,1,200,Iron,Production
21,Elektrik yolu,bahcivan,standart,100,son,17,Güçlü Kesim - 1,3,195,Gold,Damage
21,Elektrik yolu,bahcivan,standart,100,son,17,Akıcı Kesim - 1,2,210,Gold,Speed
21,Elektrik yolu,bahcivan,standart,100,son,17,Hasat Rekoru - 1,2,240,Gold,Score
21,Elektrik yolu,bahcivan,standart,100,son,17,Demir Hasat - 2,2,55,Gold,Economy
21,Elektrik yolu,bahcivan,standart,100,son,17,Güçlü Kesim - 2,1,230,Gold,Damage
21,Elektrik yolu,bahcivan,standart,100,son,17,Geniş Süpürüş - 3,1,55,Gold,Area
21,Elektrik yolu,bahcivan,standart,100,son,17,Nadir Filizler - 1,1,230,Iron,Rarity
21,Elektrik yolu,bahcivan,standart,100,son,17,Taş Hasat - 1,2,45,Iron,Economy
21,Elektrik yolu,bahcivan,standart,100,son,18,Altın Hasat II - 1,1,180,Gold,Economy
21,Elektrik yolu,bahcivan,standart,100,son,18,Kesim Tekniği - 4,2,85,Gold,Damage
21,Elektrik yolu,bahcivan,standart,100,son,18,Akıcı Kesim - 1,3,260,Gold,Speed
21,Elektrik yolu,bahcivan,standart,100,son,18,Demir Hasat - 3,1,65,Gold,Economy
21,Elektrik yolu,bahcivan,standart,100,son,18,Hasat Rekoru - 1,3,290,Gold,Score
21,Elektrik yolu,bahcivan,standart,100,son,18,Geniş Süpürüş - 3,2,60,Gold,Area
21,Elektrik yolu,bahcivan,standart,100,son,18,Güçlü Kesim - 2,2,270,Gold,Damage
21,Elektrik yolu,bahcivan,standart,100,son,18,Grid Genişleme II,1,100,Stone,Grid
21,Elektrik yolu,bahcivan,standart,100,son,19,Altın Hasat II - 1,2,240,Gold,Economy
21,Elektrik yolu,bahcivan,standart,100,son,19,Taş Hasat - 1,3,55,Iron,Economy
21,Elektrik yolu,bahcivan,standart,100,son,19,Verimli Üretim - 1,2,260,Iron,Production
21,Elektrik yolu,bahcivan,standart,100,son,19,Akıcı Kesim - 2,1,310,Gold,Speed
21,Elektrik yolu,bahcivan,standart,100,son,19,Nadir Filizler - 1,2,300,Iron,Rarity
21,Elektrik yolu,bahcivan,standart,100,son,19,Geniş Tarama - 1,1,160,Gold,Area
21,Elektrik yolu,bahcivan,standart,100,son,20,Kesim Ustalığı - 1,1,560,Iron,Damage
21,Elektrik yolu,bahcivan,standart,100,son,20,Geniş Süpürüş - 4,1,65,Gold,Area
21,Elektrik yolu,bahcivan,standart,100,son,20,Demir Hasat - 3,2,70,Gold,Economy
21,Elektrik yolu,bahcivan,standart,100,son,20,Güçlü Kesim - 3,1,300,Gold,Damage
21,Elektrik yolu,bahcivan,standart,100,son,20,Altın Hasat II - 1,3,290,Gold,Economy
21,Elektrik yolu,bahcivan,standart,100,son,21,Hasat Rekoru - 2,1,350,Gold,Score
21,Elektrik yolu,bahcivan,standart,100,son,21,Taş Hasat - 2,1,65,Iron,Economy
21,Elektrik yolu,bahcivan,standart,100,son,21,Akıcı Kesim - 2,2,360,Gold,Speed
21,Elektrik yolu,bahcivan,standart,100,son,21,Verimli Üretim - 1,3,320,Iron,Production
21,Elektrik yolu,bahcivan,standart,100,son,21,Geniş Süpürüş - 4,2,70,Gold,Area
21,Elektrik yolu,bahcivan,standart,100,son,21,Geniş Tarama - 1,2,210,Gold,Area
21,Elektrik yolu,bahcivan,standart,100,son,22,Kesim Ustalığı - 1,2,720,Iron,Damage
21,Elektrik yolu,bahcivan,standart,100,son,22,Demir Hasat - 4,1,80,Gold,Economy
21,Elektrik yolu,bahcivan,standart,100,son,22,Güçlü Kesim - 3,2,340,Gold,Damage
21,Elektrik yolu,bahcivan,standart,100,son,22,Altın Hasat II - 2,1,350,Gold,Economy
21,Elektrik yolu,bahcivan,standart,100,son,23,Nadir Filizler - 1,3,360,Iron,Rarity
21,Elektrik yolu,bahcivan,standart,100,son,23,Taş Hasat - 2,2,80,Iron,Economy
21,Elektrik yolu,bahcivan,standart,100,son,23,Akıcı Kesim - 3,1,400,Gold,Speed
21,Elektrik yolu,bahcivan,standart,100,son,23,Geniş Tarama - 1,3,260,Gold,Area
21,Elektrik yolu,bahcivan,standart,100,son,23,Hasat Deneyimi II - 1,1,450,Gold,Xp
21,Elektrik yolu,bahcivan,standart,100,son,24,İkinci Vazgeçiş,1,800,Iron,Cards
21,Elektrik yolu,bahcivan,standart,100,son,24,Hasat Rekoru - 2,2,400,Gold,Score
21,Elektrik yolu,bahcivan,standart,100,son,24,Güçlü Kesim - 4,1,380,Gold,Damage
21,Elektrik yolu,bahcivan,standart,100,son,24,Altın Hasat II - 2,2,400,Gold,Economy
21,Elektrik yolu,bahcivan,standart,100,son,24,Ağır Kesim - 1,1,1200,Gold,Damage
21,Elektrik yolu,bahcivan,standart,100,son,24,Demir Hasat - 4,2,85,Gold,Economy
21,Elektrik yolu,bahcivan,standart,100,son,24,Zengin Cevher - 1,1,50,Stone,Economy
21,Elektrik yolu,bahcivan,standart,100,son,25,Verimli Üretim - 2,1,380,Iron,Production
21,Elektrik yolu,bahcivan,standart,100,son,25,Nadir Filizler - 2,1,430,Iron,Rarity
21,Elektrik yolu,bahcivan,standart,100,son,25,Taş Hasat - 3,1,90,Iron,Economy
21,Elektrik yolu,bahcivan,standart,100,son,25,Akıcı Kesim - 3,2,450,Gold,Speed
21,Elektrik yolu,bahcivan,standart,100,son,25,Geniş Tarama - 2,1,310,Gold,Area
21,Elektrik yolu,bahcivan,standart,100,son,25,Kart Sezgisi - 1,1,710,Gold,Cards
21,Elektrik yolu,bahcivan,standart,100,son,26,Kesim Ustalığı - 1,3,890,Iron,Damage
21,Elektrik yolu,bahcivan,standart,100,son,26,Hasat Deneyimi II - 1,2,590,Gold,Xp
21,Elektrik yolu,bahcivan,standart,100,son,26,Altın Hasat II - 3,1,450,Gold,Economy
21,Elektrik yolu,bahcivan,standart,100,son,26,Güçlü Kesim - 4,2,410,Gold,Damage
21,Elektrik yolu,bahcivan,standart,100,son,26,Kritik Odak - 1,1,150,Gold,Crit
21,Elektrik yolu,bahcivan,standart,100,son,27,Verimli Üretim - 2,2,440,Iron,Production
21,Elektrik yolu,bahcivan,standart,100,son,27,Zengin Cevher - 1,2,65,Stone,Economy
21,Elektrik yolu,bahcivan,standart,100,son,27,Ağır Kesim - 1,2,1600,Gold,Damage
21,Elektrik yolu,bahcivan,standart,100,son,27,Hasat Rekoru - 3,1,450,Gold,Score
21,Elektrik yolu,bahcivan,standart,100,son,27,Taş Hasat - 3,2,100,Iron,Economy
21,Elektrik yolu,bahcivan,standart,100,son,27,Akıcı Kesim - 4,1,500,Gold,Speed
21,Elektrik yolu,bahcivan,standart,100,son,27,Geniş Tarama - 2,2,360,Gold,Area
21,Elektrik yolu,bahcivan,standart,100,son,27,Nadir Filizler - 2,2,500,Iron,Rarity
21,Elektrik yolu,bahcivan,standart,100,son,28,Kesim Ustalığı - 2,1,1100,Iron,Damage
21,Elektrik yolu,bahcivan,standart,100,son,28,Hasat Deneyimi II - 1,3,730,Gold,Xp
21,Elektrik yolu,bahcivan,standart,100,son,28,Verimli Üretim - 3,1,510,Iron,Production
21,Elektrik yolu,bahcivan,standart,100,son,28,Kart Sezgisi - 1,2,920,Gold,Cards
21,Elektrik yolu,bahcivan,standart,100,son,28,Altın Hasat II - 3,2,510,Gold,Economy
21,Elektrik yolu,bahcivan,standart,100,son,29,Kritik Odak - 1,2,195,Gold,Crit
21,Elektrik yolu,bahcivan,standart,100,son,29,Zengin Cevher - 1,3,80,Stone,Economy
21,Elektrik yolu,bahcivan,standart,100,son,29,Ağır Kesim - 1,3,1900,Gold,Damage
21,Elektrik yolu,bahcivan,standart,100,son,29,Taş Hasat - 4,1,110,Iron,Economy
21,Elektrik yolu,bahcivan,standart,100,son,29,Akıcı Kesim - 4,2,550,Gold,Speed
21,Elektrik yolu,bahcivan,standart,100,son,29,Geniş Tarama - 3,1,400,Gold,Area
21,Elektrik yolu,bahcivan,standart,100,son,30,Kesim Ustalığı - 2,2,1200,Iron,Damage
21,Elektrik yolu,bahcivan,standart,100,son,30,Hasat Deneyimi II - 2,1,860,Gold,Xp
21,Elektrik yolu,bahcivan,standart,100,son,30,Verimli Üretim - 3,2,570,Iron,Production
21,Elektrik yolu,bahcivan,standart,100,son,30,Hasat Rekoru - 3,2,510,Gold,Score
21,Elektrik yolu,bahcivan,standart,100,son,30,Nadir Filizler - 3,1,570,Iron,Rarity
21,Elektrik yolu,bahcivan,standart,100,son,30,Altın Hasat II - 4,1,560,Gold,Economy
21,Elektrik yolu,bahcivan,standart,100,son,30,Kart Sezgisi - 1,3,1100,Gold,Cards
21,Elektrik yolu,bahcivan,standart,100,son,31,Kritik Odak - 1,3,240,Gold,Crit
21,Elektrik yolu,bahcivan,standart,100,son,31,Zengin Cevher - 2,1,95,Stone,Economy
21,Elektrik yolu,bahcivan,standart,100,son,31,Ağır Kesim - 2,1,2300,Gold,Damage
21,Elektrik yolu,bahcivan,standart,100,son,31,Geniş Tarama - 3,2,450,Gold,Area
21,Elektrik yolu,bahcivan,standart,100,son,31,Taş Hasat - 4,2,120,Iron,Economy
21,Elektrik yolu,bahcivan,standart,100,son,32,Hasat Deneyimi II - 2,2,1000,Gold,Xp
21,Elektrik yolu,bahcivan,standart,100,son,32,Kesim Ustalığı - 3,1,1400,Iron,Damage
21,Elektrik yolu,bahcivan,standart,100,son,32,Verimli Üretim - 4,1,630,Iron,Production
21,Elektrik yolu,bahcivan,standart,100,son,32,Altın Hasat II - 4,2,620,Gold,Economy
21,Elektrik yolu,bahcivan,standart,100,son,33,Kritik Odak - 2,1,290,Gold,Crit
21,Elektrik yolu,bahcivan,standart,100,son,33,Kart Sezgisi - 2,1,1300,Gold,Cards
21,Elektrik yolu,bahcivan,standart,100,son,33,Nadir Filizler - 3,2,640,Iron,Rarity
21,Elektrik yolu,bahcivan,standart,100,son,33,Zengin Cevher - 2,2,110,Stone,Economy
21,Elektrik yolu,bahcivan,standart,100,son,33,Hasat Rekoru - 4,1,560,Gold,Score
21,Elektrik yolu,bahcivan,standart,100,son,33,Ağır Kesim - 2,2,2700,Gold,Damage
21,Elektrik yolu,bahcivan,standart,100,son,33,Geniş Tarama - 4,1,500,Gold,Area
21,Elektrik yolu,bahcivan,standart,100,son,34,Hasat Deneyimi II - 3,1,1100,Gold,Xp
21,Elektrik yolu,bahcivan,standart,100,son,34,Kesim Ustalığı - 3,2,1600,Iron,Damage
21,Elektrik yolu,bahcivan,standart,100,son,34,Verimli Üretim - 4,2,690,Iron,Production
21,Elektrik yolu,bahcivan,standart,100,son,35,Kritik Odak - 2,2,330,Gold,Crit
21,Elektrik yolu,bahcivan,standart,100,son,35,Zengin Cevher - 3,1,125,Stone,Economy
21,Elektrik yolu,bahcivan,standart,100,son,35,Geniş Tarama - 4,2,550,Gold,Area
21,Elektrik yolu,bahcivan,standart,100,son,35,Kart Sezgisi - 2,2,1600,Gold,Cards
21,Elektrik yolu,bahcivan,standart,100,son,36,Ağır Kesim - 3,1,3000,Gold,Damage
21,Elektrik yolu,bahcivan,standart,100,son,36,Nadir Filizler - 4,1,700,Iron,Rarity
21,Elektrik yolu,bahcivan,standart,100,son,36,Hasat Deneyimi II - 3,2,1300,Gold,Xp
21,Elektrik yolu,bahcivan,standart,100,son,36,Hasat Rekoru - 4,2,620,Gold,Score
21,Elektrik yolu,bahcivan,standart,100,son,37,Kesim Ustalığı - 4,1,1700,Iron,Damage
21,Elektrik yolu,bahcivan,standart,100,son,37,Kritik Odak - 3,1,380,Gold,Crit
21,Elektrik yolu,bahcivan,standart,100,son,37,Zengin Cevher - 3,2,140,Stone,Economy
21,Elektrik yolu,bahcivan,standart,100,son,38,Ağır Kesim - 3,2,3400,Gold,Damage
21,Elektrik yolu,bahcivan,standart,100,son,38,Kart Sezgisi - 3,1,1800,Gold,Cards
21,Elektrik yolu,bahcivan,standart,100,son,38,Hasat Deneyimi II - 4,1,1400,Gold,Xp
21,Elektrik yolu,bahcivan,standart,100,son,38,Nadir Filizler - 4,2,770,Iron,Rarity
21,Elektrik yolu,bahcivan,standart,100,son,39,Kritik Odak - 3,2,420,Gold,Crit
21,Elektrik yolu,bahcivan,standart,100,son,39,Zengin Cevher - 4,1,155,Stone,Economy
21,Elektrik yolu,bahcivan,standart,100,son,39,Kesim Ustalığı - 4,2,1900,Iron,Damage
21,Elektrik yolu,bahcivan,standart,100,son,40,Ağır Kesim - 4,1,3800,Gold,Damage
21,Elektrik yolu,bahcivan,standart,100,son,40,Hasat Deneyimi II - 4,2,1500,Gold,Xp
21,Elektrik yolu,bahcivan,standart,100,son,40,Kart Sezgisi - 3,2,2000,Gold,Cards
21,Elektrik yolu,bahcivan,standart,100,son,40,Kritik Güç - 1,1,150,Stone,Crit
21,Elektrik yolu,bahcivan,standart,100,son,41,Kritik Odak - 4,1,470,Gold,Crit
21,Elektrik yolu,bahcivan,standart,100,son,41,Grid Genişleme II,2,1800,Stone,Grid
21,Elektrik yolu,bahcivan,standart,100,son,41,Zengin Cevher - 4,2,170,Stone,Economy
21,Elektrik yolu,bahcivan,standart,100,son,42,Ağır Kesim - 4,2,4100,Gold,Damage
21,Elektrik yolu,bahcivan,standart,100,son,42,Kritik Güç - 1,2,195,Stone,Crit
21,Elektrik yolu,bahcivan,standart,100,son,43,Kart Sezgisi - 4,1,2200,Gold,Cards
21,Elektrik yolu,bahcivan,standart,100,son,43,Kritik Odak - 4,2,520,Gold,Crit
21,Elektrik yolu,bahcivan,standart,100,son,44,Kritik Güç - 1,3,240,Stone,Crit
21,Elektrik yolu,bahcivan,standart,100,son,45,Kart Sezgisi - 4,2,2400,Gold,Cards
21,Elektrik yolu,bahcivan,standart,100,son,46,Kritik Güç - 2,1,290,Stone,Crit
21,Elektrik yolu,bahcivan,standart,100,son,48,Kritik Güç - 2,2,330,Stone,Crit
22,Elektrik yolu,bahcivan,standart,101,son,1,Keskin Başlangıç - 1,1,5,Gold,Damage
22,Elektrik yolu,bahcivan,standart,101,son,2,Keskin Başlangıç - 1,2,7,Gold,Damage
22,Elektrik yolu,bahcivan,standart,101,son,2,Altın Hasat I - 1,1,7,Gold,Economy
22,Elektrik yolu,bahcivan,standart,101,son,4,Düzenli Üretim - 1,1,6,Gold,Production
22,Elektrik yolu,bahcivan,standart,101,son,4,Keskin Başlangıç - 1,3,8,Gold,Damage
22,Elektrik yolu,bahcivan,standart,101,son,4,Hızlı Eller - 1,1,7,Gold,Speed
22,Elektrik yolu,bahcivan,standart,101,son,4,Hasat Deneyimi I - 1,1,6,Gold,Xp
22,Elektrik yolu,bahcivan,standart,101,son,5,Grid Genişleme I,1,30,Gold,Grid
22,Elektrik yolu,bahcivan,standart,101,son,6,Altın Hasat I - 1,2,9,Gold,Economy
22,Elektrik yolu,bahcivan,standart,101,son,6,Keskin Başlangıç - 2,1,10,Gold,Damage
22,Elektrik yolu,bahcivan,standart,101,son,6,Düzenli Üretim - 1,2,8,Gold,Production
22,Elektrik yolu,bahcivan,standart,101,son,6,Hızlı Eller - 1,2,9,Gold,Speed
22,Elektrik yolu,bahcivan,standart,101,son,6,Keskin Başlangıç - 2,2,11,Gold,Damage
22,Elektrik yolu,bahcivan,standart,101,son,6,Altın Hasat I - 1,3,11,Gold,Economy
22,Elektrik yolu,bahcivan,standart,101,son,7,1×3 Saksı,1,30,Gold,PlanterUnlock
22,Elektrik yolu,bahcivan,standart,101,son,7,Keskin Başlangıç - 3,1,13,Gold,Damage
22,Elektrik yolu,bahcivan,standart,101,son,7,Düzenli Üretim - 1,3,10,Gold,Production
22,Elektrik yolu,bahcivan,standart,101,son,8,Hızlı Eller - 1,3,11,Gold,Speed
22,Elektrik yolu,bahcivan,standart,101,son,8,Altın Hasat I - 2,1,13,Gold,Economy
22,Elektrik yolu,bahcivan,standart,101,son,8,Keskin Başlangıç - 3,2,14,Gold,Damage
22,Elektrik yolu,bahcivan,standart,101,son,9,Kesim Tekniği - 1,1,25,Gold,Damage
22,Elektrik yolu,bahcivan,standart,101,son,9,Hızlı Eller - 2,1,12,Gold,Speed
22,Elektrik yolu,bahcivan,standart,101,son,9,Altın Hasat I - 2,2,16,Gold,Economy
22,Elektrik yolu,bahcivan,standart,101,son,9,Düzenli Üretim - 2,1,12,Gold,Production
22,Elektrik yolu,bahcivan,standart,101,son,9,Hasat Deneyimi I - 1,2,8,Gold,Xp
22,Elektrik yolu,bahcivan,standart,101,son,11,Keskin Başlangıç - 4,1,16,Gold,Damage
22,Elektrik yolu,bahcivan,standart,101,son,11,Hızlı Eller - 2,2,14,Gold,Speed
22,Elektrik yolu,bahcivan,standart,101,son,11,Kesim Tekniği - 1,2,35,Gold,Damage
22,Elektrik yolu,bahcivan,standart,101,son,11,Altın Hasat I - 3,1,18,Gold,Economy
22,Elektrik yolu,bahcivan,standart,101,son,11,Keskin Başlangıç - 4,2,17,Gold,Damage
22,Elektrik yolu,bahcivan,standart,101,son,11,Hasat Deneyimi I - 1,3,10,Gold,Xp
22,Elektrik yolu,bahcivan,standart,101,son,11,Düzenli Üretim - 2,2,13,Gold,Production
22,Elektrik yolu,bahcivan,standart,101,son,11,Grid Genişleme I,2,30,Iron,Grid
22,Elektrik yolu,bahcivan,standart,101,son,12,2×2 Saksı,1,80,Gold,PlanterUnlock
22,Elektrik yolu,bahcivan,standart,101,son,12,Hızlı Eller - 3,1,16,Gold,Speed
22,Elektrik yolu,bahcivan,standart,101,son,12,Altın Hasat I - 3,2,20,Gold,Economy
22,Elektrik yolu,bahcivan,standart,101,son,12,Kesim Tekniği - 1,3,40,Gold,Damage
22,Elektrik yolu,bahcivan,standart,101,son,12,Çifte Hasat Kartları,1,25,Iron,Economy
23,Elektrik yolu,bahcivan,standart,102,son,1,Keskin Başlangıç - 1,1,5,Gold,Damage
23,Elektrik yolu,bahcivan,standart,102,son,1,Keskin Başlangıç - 1,2,7,Gold,Damage
23,Elektrik yolu,bahcivan,standart,102,son,3,Altın Hasat I - 1,1,7,Gold,Economy
23,Elektrik yolu,bahcivan,standart,102,son,3,Düzenli Üretim - 1,1,6,Gold,Production
23,Elektrik yolu,bahcivan,standart,102,son,3,Keskin Başlangıç - 1,3,8,Gold,Damage
23,Elektrik yolu,bahcivan,standart,102,son,3,Hızlı Eller - 1,1,7,Gold,Speed
23,Elektrik yolu,bahcivan,standart,102,son,4,Grid Genişleme I,1,30,Gold,Grid
23,Elektrik yolu,bahcivan,standart,102,son,5,Altın Hasat I - 1,2,9,Gold,Economy
23,Elektrik yolu,bahcivan,standart,102,son,6,Keskin Başlangıç - 2,1,10,Gold,Damage
23,Elektrik yolu,bahcivan,standart,102,son,7,Düzenli Üretim - 1,2,8,Gold,Production
23,Elektrik yolu,bahcivan,standart,102,son,7,Hızlı Eller - 1,2,9,Gold,Speed
23,Elektrik yolu,bahcivan,standart,102,son,7,Keskin Başlangıç - 2,2,11,Gold,Damage
23,Elektrik yolu,bahcivan,standart,102,son,7,Altın Hasat I - 1,3,11,Gold,Economy
23,Elektrik yolu,bahcivan,standart,102,son,7,Hasat Deneyimi I - 1,1,6,Gold,Xp
23,Elektrik yolu,bahcivan,standart,102,son,8,1×3 Saksı,1,30,Gold,PlanterUnlock
23,Elektrik yolu,bahcivan,standart,102,son,8,Keskin Başlangıç - 3,1,13,Gold,Damage
23,Elektrik yolu,bahcivan,standart,102,son,8,Düzenli Üretim - 1,3,10,Gold,Production
23,Elektrik yolu,bahcivan,standart,102,son,8,Hızlı Eller - 1,3,11,Gold,Speed
23,Elektrik yolu,bahcivan,standart,102,son,9,Altın Hasat I - 2,1,13,Gold,Economy
23,Elektrik yolu,bahcivan,standart,102,son,9,Keskin Başlangıç - 3,2,14,Gold,Damage
23,Elektrik yolu,bahcivan,standart,102,son,9,Kesim Tekniği - 1,1,25,Gold,Damage
23,Elektrik yolu,bahcivan,standart,102,son,9,Hızlı Eller - 2,1,12,Gold,Speed
23,Elektrik yolu,bahcivan,standart,102,son,10,Altın Hasat I - 2,2,16,Gold,Economy
23,Elektrik yolu,bahcivan,standart,102,son,10,Düzenli Üretim - 2,1,12,Gold,Production
23,Elektrik yolu,bahcivan,standart,102,son,10,Hasat Deneyimi I - 1,2,8,Gold,Xp
23,Elektrik yolu,bahcivan,standart,102,son,10,Keskin Başlangıç - 4,1,16,Gold,Damage
23,Elektrik yolu,bahcivan,standart,102,son,10,Hızlı Eller - 2,2,14,Gold,Speed
23,Elektrik yolu,bahcivan,standart,102,son,11,Kesim Tekniği - 1,2,35,Gold,Damage
23,Elektrik yolu,bahcivan,standart,102,son,11,Altın Hasat I - 3,1,18,Gold,Economy
23,Elektrik yolu,bahcivan,standart,102,son,11,2×2 Saksı,1,80,Gold,PlanterUnlock
23,Elektrik yolu,bahcivan,standart,102,son,11,Keskin Başlangıç - 4,2,17,Gold,Damage
23,Elektrik yolu,bahcivan,standart,102,son,11,Hasat Deneyimi I - 1,3,10,Gold,Xp
23,Elektrik yolu,bahcivan,standart,102,son,11,Düzenli Üretim - 2,2,13,Gold,Production
23,Elektrik yolu,bahcivan,standart,102,son,11,Hızlı Eller - 3,1,16,Gold,Speed
23,Elektrik yolu,bahcivan,standart,102,son,11,Altın Hasat I - 3,2,20,Gold,Economy
23,Elektrik yolu,bahcivan,standart,102,son,11,Çifte Hasat Kartları,1,25,Iron,Economy
23,Elektrik yolu,bahcivan,standart,102,son,11,Grid Genişleme I,2,30,Iron,Grid
23,Elektrik yolu,bahcivan,standart,102,son,12,Kesim Tekniği - 1,3,40,Gold,Damage
23,Elektrik yolu,bahcivan,standart,102,son,12,Hasat Deneyimi I - 2,1,12,Gold,Xp
23,Elektrik yolu,bahcivan,standart,102,son,12,Demir Hasat - 1,1,25,Gold,Economy
23,Elektrik yolu,bahcivan,standart,102,son,12,Hızlı Eller - 3,2,18,Gold,Speed
23,Elektrik yolu,bahcivan,standart,102,son,12,Düzenli Üretim - 3,1,15,Gold,Production
23,Elektrik yolu,bahcivan,standart,102,son,12,Altın Hasat I - 4,1,22,Gold,Economy
23,Elektrik yolu,bahcivan,standart,102,son,12,Geniş Süpürüş - 1,1,21,Gold,Area
23,Elektrik yolu,bahcivan,standart,102,son,12,Kesim Tekniği - 2,1,50,Gold,Damage
23,Elektrik yolu,bahcivan,standart,102,son,12,Hasat Deneyimi I - 2,2,14,Gold,Xp
23,Elektrik yolu,bahcivan,standart,102,son,13,Hızlı Eller - 4,1,20,Gold,Speed
23,Elektrik yolu,bahcivan,standart,102,son,13,Altın Hasat I - 4,2,24,Gold,Economy
23,Elektrik yolu,bahcivan,standart,102,son,13,Demir Hasat - 1,2,35,Gold,Economy
23,Elektrik yolu,bahcivan,standart,102,son,13,Düzenli Üretim - 3,2,17,Gold,Production
23,Elektrik yolu,bahcivan,standart,102,son,13,Geniş Süpürüş - 1,2,28,Gold,Area
23,Elektrik yolu,bahcivan,standart,102,son,13,Hızlı Eller - 4,2,22,Gold,Speed
23,Elektrik yolu,bahcivan,standart,102,son,13,Hasat Deneyimi I - 3,1,16,Gold,Xp
23,Elektrik yolu,bahcivan,standart,102,son,13,Düzenli Üretim - 4,1,19,Gold,Production
23,Elektrik yolu,bahcivan,standart,102,son,14,Güçlü Kesim - 1,1,120,Gold,Damage
23,Elektrik yolu,bahcivan,standart,102,son,14,Kesim Tekniği - 2,2,55,Gold,Damage
23,Elektrik yolu,bahcivan,standart,102,son,14,Demir Hasat - 1,3,40,Gold,Economy
23,Elektrik yolu,bahcivan,standart,102,son,14,Geniş Süpürüş - 1,3,35,Gold,Area
23,Elektrik yolu,bahcivan,standart,102,son,14,Hasat Deneyimi I - 3,2,18,Gold,Xp
23,Elektrik yolu,bahcivan,standart,102,son,14,Düzenli Üretim - 4,2,21,Gold,Production
23,Elektrik yolu,bahcivan,standart,102,son,14,Taş Hasat - 1,1,35,Iron,Economy
23,Elektrik yolu,bahcivan,standart,102,son,15,2×3 Saksı,1,200,Gold,PlanterUnlock
23,Elektrik yolu,bahcivan,standart,102,son,15,Hasat Deneyimi I - 4,1,20,Gold,Xp
23,Elektrik yolu,bahcivan,standart,102,son,15,Hasat Deneyimi I - 4,2,21,Gold,Xp
23,Elektrik yolu,bahcivan,standart,102,son,16,İlk Vazgeçiş,1,150,Gold,Cards
23,Elektrik yolu,bahcivan,standart,102,son,16,Kesim Tekniği - 3,1,65,Gold,Damage
23,Elektrik yolu,bahcivan,standart,102,son,16,Hasat Rekoru - 1,1,180,Gold,Score
23,Elektrik yolu,bahcivan,standart,102,son,17,Güçlü Kesim - 1,2,160,Gold,Damage
23,Elektrik yolu,bahcivan,standart,102,son,17,Akıcı Kesim - 1,1,160,Gold,Speed
23,Elektrik yolu,bahcivan,standart,102,son,17,Geniş Süpürüş - 2,1,40,Gold,Area
23,Elektrik yolu,bahcivan,standart,102,son,17,Kesim Tekniği - 3,2,70,Gold,Damage
23,Elektrik yolu,bahcivan,standart,102,son,17,Demir Hasat - 2,1,50,Gold,Economy
23,Elektrik yolu,bahcivan,standart,102,son,17,Geniş Süpürüş - 2,2,45,Gold,Area
23,Elektrik yolu,bahcivan,standart,102,son,17,Verimli Üretim - 1,1,200,Iron,Production
23,Elektrik yolu,bahcivan,standart,102,son,17,Taş Hasat - 1,2,45,Iron,Economy
23,Elektrik yolu,bahcivan,standart,102,son,18,Güçlü Kesim - 1,3,195,Gold,Damage
23,Elektrik yolu,bahcivan,standart,102,son,18,Akıcı Kesim - 1,2,210,Gold,Speed
23,Elektrik yolu,bahcivan,standart,102,son,18,Hasat Rekoru - 1,2,240,Gold,Score
23,Elektrik yolu,bahcivan,standart,102,son,19,Kesim Tekniği - 4,1,80,Gold,Damage
23,Elektrik yolu,bahcivan,standart,102,son,19,Demir Hasat - 2,2,55,Gold,Economy
23,Elektrik yolu,bahcivan,standart,102,son,19,Güçlü Kesim - 2,1,230,Gold,Damage
23,Elektrik yolu,bahcivan,standart,102,son,19,Geniş Süpürüş - 3,1,55,Gold,Area
23,Elektrik yolu,bahcivan,standart,102,son,19,Altın Hasat II - 1,1,180,Gold,Economy
23,Elektrik yolu,bahcivan,standart,102,son,19,Nadir Filizler - 1,1,230,Iron,Rarity
23,Elektrik yolu,bahcivan,standart,102,son,19,Taş Hasat - 1,3,55,Iron,Economy
23,Elektrik yolu,bahcivan,standart,102,son,20,Kesim Tekniği - 4,2,85,Gold,Damage
23,Elektrik yolu,bahcivan,standart,102,son,20,Akıcı Kesim - 1,3,260,Gold,Speed
23,Elektrik yolu,bahcivan,standart,102,son,20,Demir Hasat - 3,1,65,Gold,Economy
23,Elektrik yolu,bahcivan,standart,102,son,20,Hasat Rekoru - 1,3,290,Gold,Score
23,Elektrik yolu,bahcivan,standart,102,son,20,Geniş Süpürüş - 3,2,60,Gold,Area
23,Elektrik yolu,bahcivan,standart,102,son,20,Verimli Üretim - 1,2,260,Iron,Production
23,Elektrik yolu,bahcivan,standart,102,son,21,Güçlü Kesim - 2,2,270,Gold,Damage
23,Elektrik yolu,bahcivan,standart,102,son,21,Altın Hasat II - 1,2,240,Gold,Economy
23,Elektrik yolu,bahcivan,standart,102,son,21,Grid Genişleme II,1,100,Stone,Grid
23,Elektrik yolu,bahcivan,standart,102,son,21,Akıcı Kesim - 2,1,310,Gold,Speed
23,Elektrik yolu,bahcivan,standart,102,son,21,Nadir Filizler - 1,2,300,Iron,Rarity
23,Elektrik yolu,bahcivan,standart,102,son,21,Taş Hasat - 2,1,65,Iron,Economy
23,Elektrik yolu,bahcivan,standart,102,son,22,Geniş Tarama - 1,1,160,Gold,Area
23,Elektrik yolu,bahcivan,standart,102,son,22,Geniş Süpürüş - 4,1,65,Gold,Area
23,Elektrik yolu,bahcivan,standart,102,son,22,Demir Hasat - 3,2,70,Gold,Economy
23,Elektrik yolu,bahcivan,standart,102,son,22,Güçlü Kesim - 3,1,300,Gold,Damage
23,Elektrik yolu,bahcivan,standart,102,son,22,Geniş Süpürüş - 4,2,70,Gold,Area
23,Elektrik yolu,bahcivan,standart,102,son,23,Kesim Ustalığı - 1,1,560,Iron,Damage
23,Elektrik yolu,bahcivan,standart,102,son,23,Altın Hasat II - 1,3,290,Gold,Economy
23,Elektrik yolu,bahcivan,standart,102,son,23,Hasat Rekoru - 2,1,350,Gold,Score
23,Elektrik yolu,bahcivan,standart,102,son,23,Demir Hasat - 4,1,80,Gold,Economy
23,Elektrik yolu,bahcivan,standart,102,son,23,Taş Hasat - 2,2,80,Iron,Economy
23,Elektrik yolu,bahcivan,standart,102,son,24,Akıcı Kesim - 2,2,360,Gold,Speed
23,Elektrik yolu,bahcivan,standart,102,son,24,Verimli Üretim - 1,3,320,Iron,Production
23,Elektrik yolu,bahcivan,standart,102,son,24,Geniş Tarama - 1,2,210,Gold,Area
23,Elektrik yolu,bahcivan,standart,102,son,24,Güçlü Kesim - 3,2,340,Gold,Damage
23,Elektrik yolu,bahcivan,standart,102,son,24,Geniş Tarama - 1,3,260,Gold,Area
23,Elektrik yolu,bahcivan,standart,102,son,24,Zengin Cevher - 1,1,50,Stone,Economy
23,Elektrik yolu,bahcivan,standart,102,son,25,Kesim Ustalığı - 1,2,720,Iron,Damage
23,Elektrik yolu,bahcivan,standart,102,son,25,Altın Hasat II - 2,1,350,Gold,Economy
23,Elektrik yolu,bahcivan,standart,102,son,25,Akıcı Kesim - 3,1,400,Gold,Speed
23,Elektrik yolu,bahcivan,standart,102,son,25,Hasat Deneyimi II - 1,1,450,Gold,Xp
23,Elektrik yolu,bahcivan,standart,102,son,26,Nadir Filizler - 1,3,360,Iron,Rarity
23,Elektrik yolu,bahcivan,standart,102,son,26,Hasat Rekoru - 2,2,400,Gold,Score
23,Elektrik yolu,bahcivan,standart,102,son,26,Güçlü Kesim - 4,1,380,Gold,Damage
23,Elektrik yolu,bahcivan,standart,102,son,26,Demir Hasat - 4,2,85,Gold,Economy
23,Elektrik yolu,bahcivan,standart,102,son,26,Taş Hasat - 3,1,90,Iron,Economy
23,Elektrik yolu,bahcivan,standart,102,son,26,Kritik Odak - 1,1,150,Gold,Crit
23,Elektrik yolu,bahcivan,standart,102,son,27,Altın Hasat II - 2,2,400,Gold,Economy
23,Elektrik yolu,bahcivan,standart,102,son,27,Zengin Cevher - 1,2,65,Stone,Economy
23,Elektrik yolu,bahcivan,standart,102,son,27,Taş Hasat - 3,2,100,Iron,Economy
23,Elektrik yolu,bahcivan,standart,102,son,28,İkinci Vazgeçiş,1,800,Iron,Cards
23,Elektrik yolu,bahcivan,standart,102,son,28,Ağır Kesim - 1,1,1200,Gold,Damage
23,Elektrik yolu,bahcivan,standart,102,son,28,Akıcı Kesim - 3,2,450,Gold,Speed
23,Elektrik yolu,bahcivan,standart,102,son,28,Geniş Tarama - 2,1,310,Gold,Area
23,Elektrik yolu,bahcivan,standart,102,son,29,Verimli Üretim - 2,1,380,Iron,Production
23,Elektrik yolu,bahcivan,standart,102,son,29,Kart Sezgisi - 1,1,710,Gold,Cards
23,Elektrik yolu,bahcivan,standart,102,son,29,Hasat Deneyimi II - 1,2,590,Gold,Xp
23,Elektrik yolu,bahcivan,standart,102,son,29,Altın Hasat II - 3,1,450,Gold,Economy
23,Elektrik yolu,bahcivan,standart,102,son,29,Güçlü Kesim - 4,2,410,Gold,Damage
23,Elektrik yolu,bahcivan,standart,102,son,29,Zengin Cevher - 1,3,80,Stone,Economy
23,Elektrik yolu,bahcivan,standart,102,son,29,Taş Hasat - 4,1,110,Iron,Economy
23,Elektrik yolu,bahcivan,standart,102,son,30,Kesim Ustalığı - 1,3,890,Iron,Damage
23,Elektrik yolu,bahcivan,standart,102,son,30,Nadir Filizler - 2,1,430,Iron,Rarity
23,Elektrik yolu,bahcivan,standart,102,son,30,Ağır Kesim - 1,2,1600,Gold,Damage
23,Elektrik yolu,bahcivan,standart,102,son,31,Verimli Üretim - 2,2,440,Iron,Production
23,Elektrik yolu,bahcivan,standart,102,son,31,Kesim Ustalığı - 2,1,1100,Iron,Damage
23,Elektrik yolu,bahcivan,standart,102,son,31,Hasat Rekoru - 3,1,450,Gold,Score
23,Elektrik yolu,bahcivan,standart,102,son,31,Akıcı Kesim - 4,1,500,Gold,Speed
23,Elektrik yolu,bahcivan,standart,102,son,31,Geniş Tarama - 2,2,360,Gold,Area
23,Elektrik yolu,bahcivan,standart,102,son,31,Hasat Deneyimi II - 1,3,730,Gold,Xp
23,Elektrik yolu,bahcivan,standart,102,son,31,Kart Sezgisi - 1,2,920,Gold,Cards
23,Elektrik yolu,bahcivan,standart,102,son,31,Zengin Cevher - 2,1,95,Stone,Economy
23,Elektrik yolu,bahcivan,standart,102,son,32,Nadir Filizler - 2,2,500,Iron,Rarity
23,Elektrik yolu,bahcivan,standart,102,son,32,Verimli Üretim - 3,1,510,Iron,Production
23,Elektrik yolu,bahcivan,standart,102,son,32,Altın Hasat II - 3,2,510,Gold,Economy
23,Elektrik yolu,bahcivan,standart,102,son,32,Kritik Odak - 1,2,195,Gold,Crit
23,Elektrik yolu,bahcivan,standart,102,son,32,Ağır Kesim - 1,3,1900,Gold,Damage
23,Elektrik yolu,bahcivan,standart,102,son,32,Taş Hasat - 4,2,120,Iron,Economy
23,Elektrik yolu,bahcivan,standart,102,son,33,Akıcı Kesim - 4,2,550,Gold,Speed
23,Elektrik yolu,bahcivan,standart,102,son,33,Geniş Tarama - 3,1,400,Gold,Area
23,Elektrik yolu,bahcivan,standart,102,son,33,Kesim Ustalığı - 2,2,1200,Iron,Damage
23,Elektrik yolu,bahcivan,standart,102,son,33,Hasat Deneyimi II - 2,1,860,Gold,Xp
23,Elektrik yolu,bahcivan,standart,102,son,33,Hasat Rekoru - 3,2,510,Gold,Score
23,Elektrik yolu,bahcivan,standart,102,son,33,Altın Hasat II - 4,1,560,Gold,Economy
23,Elektrik yolu,bahcivan,standart,102,son,33,Kritik Odak - 1,3,240,Gold,Crit
23,Elektrik yolu,bahcivan,standart,102,son,33,Zengin Cevher - 2,2,110,Stone,Economy
23,Elektrik yolu,bahcivan,standart,102,son,34,Verimli Üretim - 3,2,570,Iron,Production
23,Elektrik yolu,bahcivan,standart,102,son,34,Nadir Filizler - 3,1,570,Iron,Rarity
23,Elektrik yolu,bahcivan,standart,102,son,34,Kart Sezgisi - 1,3,1100,Gold,Cards
23,Elektrik yolu,bahcivan,standart,102,son,34,Ağır Kesim - 2,1,2300,Gold,Damage
23,Elektrik yolu,bahcivan,standart,102,son,34,Verimli Üretim - 4,1,630,Iron,Production
23,Elektrik yolu,bahcivan,standart,102,son,35,Geniş Tarama - 3,2,450,Gold,Area
23,Elektrik yolu,bahcivan,standart,102,son,35,Hasat Deneyimi II - 2,2,1000,Gold,Xp
23,Elektrik yolu,bahcivan,standart,102,son,35,Kesim Ustalığı - 3,1,1400,Iron,Damage
23,Elektrik yolu,bahcivan,standart,102,son,35,Altın Hasat II - 4,2,620,Gold,Economy
23,Elektrik yolu,bahcivan,standart,102,son,35,Kritik Odak - 2,1,290,Gold,Crit
23,Elektrik yolu,bahcivan,standart,102,son,35,Kart Sezgisi - 2,1,1300,Gold,Cards
23,Elektrik yolu,bahcivan,standart,102,son,35,Nadir Filizler - 3,2,640,Iron,Rarity
23,Elektrik yolu,bahcivan,standart,102,son,35,Kritik Odak - 2,2,330,Gold,Crit
23,Elektrik yolu,bahcivan,standart,102,son,35,Zengin Cevher - 3,1,125,Stone,Economy
23,Elektrik yolu,bahcivan,standart,102,son,36,Hasat Rekoru - 4,1,560,Gold,Score
23,Elektrik yolu,bahcivan,standart,102,son,36,Ağır Kesim - 2,2,2700,Gold,Damage
23,Elektrik yolu,bahcivan,standart,102,son,36,Kesim Ustalığı - 3,2,1600,Iron,Damage
23,Elektrik yolu,bahcivan,standart,102,son,37,Geniş Tarama - 4,1,500,Gold,Area
23,Elektrik yolu,bahcivan,standart,102,son,37,Hasat Deneyimi II - 3,1,1100,Gold,Xp
23,Elektrik yolu,bahcivan,standart,102,son,37,Verimli Üretim - 4,2,690,Iron,Production
23,Elektrik yolu,bahcivan,standart,102,son,37,Geniş Tarama - 4,2,550,Gold,Area
23,Elektrik yolu,bahcivan,standart,102,son,37,Kart Sezgisi - 2,2,1600,Gold,Cards
23,Elektrik yolu,bahcivan,standart,102,son,37,Nadir Filizler - 4,1,700,Iron,Rarity
23,Elektrik yolu,bahcivan,standart,102,son,37,Kritik Odak - 3,1,380,Gold,Crit
23,Elektrik yolu,bahcivan,standart,102,son,37,Zengin Cevher - 3,2,140,Stone,Economy
23,Elektrik yolu,bahcivan,standart,102,son,38,Ağır Kesim - 3,1,3000,Gold,Damage
23,Elektrik yolu,bahcivan,standart,102,son,38,Hasat Deneyimi II - 3,2,1300,Gold,Xp
23,Elektrik yolu,bahcivan,standart,102,son,38,Kesim Ustalığı - 4,1,1700,Iron,Damage
23,Elektrik yolu,bahcivan,standart,102,son,38,Nadir Filizler - 4,2,770,Iron,Rarity
23,Elektrik yolu,bahcivan,standart,102,son,39,Hasat Rekoru - 4,2,620,Gold,Score
23,Elektrik yolu,bahcivan,standart,102,son,39,Kart Sezgisi - 3,1,1800,Gold,Cards
23,Elektrik yolu,bahcivan,standart,102,son,39,Hasat Deneyimi II - 4,1,1400,Gold,Xp
23,Elektrik yolu,bahcivan,standart,102,son,39,Zengin Cevher - 4,1,155,Stone,Economy
23,Elektrik yolu,bahcivan,standart,102,son,39,Kesim Ustalığı - 4,2,1900,Iron,Damage
23,Elektrik yolu,bahcivan,standart,102,son,40,Ağır Kesim - 3,2,3400,Gold,Damage
23,Elektrik yolu,bahcivan,standart,102,son,40,Kritik Güç - 1,1,150,Stone,Crit
23,Elektrik yolu,bahcivan,standart,102,son,41,Kritik Odak - 3,2,420,Gold,Crit
23,Elektrik yolu,bahcivan,standart,102,son,41,Ağır Kesim - 4,1,3800,Gold,Damage
23,Elektrik yolu,bahcivan,standart,102,son,41,Hasat Deneyimi II - 4,2,1500,Gold,Xp
23,Elektrik yolu,bahcivan,standart,102,son,41,Kritik Odak - 4,1,470,Gold,Crit
23,Elektrik yolu,bahcivan,standart,102,son,41,Grid Genişleme II,2,1800,Stone,Grid
23,Elektrik yolu,bahcivan,standart,102,son,41,Zengin Cevher - 4,2,170,Stone,Economy
23,Elektrik yolu,bahcivan,standart,102,son,42,Kart Sezgisi - 3,2,2000,Gold,Cards
23,Elektrik yolu,bahcivan,standart,102,son,42,Ağır Kesim - 4,2,4100,Gold,Damage
23,Elektrik yolu,bahcivan,standart,102,son,42,Kritik Güç - 1,2,195,Stone,Crit
23,Elektrik yolu,bahcivan,standart,102,son,43,Kart Sezgisi - 4,1,2200,Gold,Cards
23,Elektrik yolu,bahcivan,standart,102,son,43,Kritik Odak - 4,2,520,Gold,Crit
23,Elektrik yolu,bahcivan,standart,102,son,44,Kritik Güç - 1,3,240,Stone,Crit
23,Elektrik yolu,bahcivan,standart,102,son,45,Kart Sezgisi - 4,2,2400,Gold,Cards
23,Elektrik yolu,bahcivan,standart,102,son,46,Kritik Güç - 2,1,290,Stone,Crit
23,Elektrik yolu,bahcivan,standart,102,son,48,Kritik Güç - 2,2,330,Stone,Crit
24,Elektrik yolu,bahcivan,standart,103,son,2,Keskin Başlangıç - 1,1,5,Gold,Damage
24,Elektrik yolu,bahcivan,standart,103,son,2,Keskin Başlangıç - 1,2,7,Gold,Damage
24,Elektrik yolu,bahcivan,standart,103,son,2,Altın Hasat I - 1,1,7,Gold,Economy
24,Elektrik yolu,bahcivan,standart,103,son,2,Düzenli Üretim - 1,1,6,Gold,Production
24,Elektrik yolu,bahcivan,standart,103,son,4,Keskin Başlangıç - 1,3,8,Gold,Damage
24,Elektrik yolu,bahcivan,standart,103,son,4,Hızlı Eller - 1,1,7,Gold,Speed
24,Elektrik yolu,bahcivan,standart,103,son,4,Hasat Deneyimi I - 1,1,6,Gold,Xp
24,Elektrik yolu,bahcivan,standart,103,son,5,Grid Genişleme I,1,30,Gold,Grid
24,Elektrik yolu,bahcivan,standart,103,son,5,Altın Hasat I - 1,2,9,Gold,Economy
24,Elektrik yolu,bahcivan,standart,103,son,6,Keskin Başlangıç - 2,1,10,Gold,Damage
24,Elektrik yolu,bahcivan,standart,103,son,7,Düzenli Üretim - 1,2,8,Gold,Production
24,Elektrik yolu,bahcivan,standart,103,son,7,Hızlı Eller - 1,2,9,Gold,Speed
24,Elektrik yolu,bahcivan,standart,103,son,7,Keskin Başlangıç - 2,2,11,Gold,Damage
24,Elektrik yolu,bahcivan,standart,103,son,7,Altın Hasat I - 1,3,11,Gold,Economy
24,Elektrik yolu,bahcivan,standart,103,son,8,1×3 Saksı,1,30,Gold,PlanterUnlock
24,Elektrik yolu,bahcivan,standart,103,son,8,Keskin Başlangıç - 3,1,13,Gold,Damage
24,Elektrik yolu,bahcivan,standart,103,son,8,Düzenli Üretim - 1,3,10,Gold,Production
24,Elektrik yolu,bahcivan,standart,103,son,8,Hızlı Eller - 1,3,11,Gold,Speed
24,Elektrik yolu,bahcivan,standart,103,son,8,Altın Hasat I - 2,1,13,Gold,Economy
24,Elektrik yolu,bahcivan,standart,103,son,8,Keskin Başlangıç - 3,2,14,Gold,Damage
24,Elektrik yolu,bahcivan,standart,103,son,9,Kesim Tekniği - 1,1,25,Gold,Damage
24,Elektrik yolu,bahcivan,standart,103,son,9,Hızlı Eller - 2,1,12,Gold,Speed
24,Elektrik yolu,bahcivan,standart,103,son,9,Altın Hasat I - 2,2,16,Gold,Economy
24,Elektrik yolu,bahcivan,standart,103,son,9,Düzenli Üretim - 2,1,12,Gold,Production
24,Elektrik yolu,bahcivan,standart,103,son,9,Hasat Deneyimi I - 1,2,8,Gold,Xp
24,Elektrik yolu,bahcivan,standart,103,son,10,Keskin Başlangıç - 4,1,16,Gold,Damage
24,Elektrik yolu,bahcivan,standart,103,son,10,Hızlı Eller - 2,2,14,Gold,Speed
24,Elektrik yolu,bahcivan,standart,103,son,10,Kesim Tekniği - 1,2,35,Gold,Damage
24,Elektrik yolu,bahcivan,standart,103,son,10,Altın Hasat I - 3,1,18,Gold,Economy
24,Elektrik yolu,bahcivan,standart,103,son,10,Keskin Başlangıç - 4,2,17,Gold,Damage
24,Elektrik yolu,bahcivan,standart,103,son,11,2×2 Saksı,1,80,Gold,PlanterUnlock
24,Elektrik yolu,bahcivan,standart,103,son,11,Hasat Deneyimi I - 1,3,10,Gold,Xp
24,Elektrik yolu,bahcivan,standart,103,son,11,Düzenli Üretim - 2,2,13,Gold,Production
24,Elektrik yolu,bahcivan,standart,103,son,11,Hızlı Eller - 3,1,16,Gold,Speed
24,Elektrik yolu,bahcivan,standart,103,son,11,Altın Hasat I - 3,2,20,Gold,Economy
24,Elektrik yolu,bahcivan,standart,103,son,11,Çifte Hasat Kartları,1,25,Iron,Economy
24,Elektrik yolu,bahcivan,standart,103,son,11,Grid Genişleme I,2,30,Iron,Grid
24,Elektrik yolu,bahcivan,standart,103,son,12,Kesim Tekniği - 1,3,40,Gold,Damage
24,Elektrik yolu,bahcivan,standart,103,son,12,Hasat Deneyimi I - 2,1,12,Gold,Xp
24,Elektrik yolu,bahcivan,standart,103,son,12,Demir Hasat - 1,1,25,Gold,Economy
24,Elektrik yolu,bahcivan,standart,103,son,12,Hızlı Eller - 3,2,18,Gold,Speed
24,Elektrik yolu,bahcivan,standart,103,son,12,Düzenli Üretim - 3,1,15,Gold,Production
24,Elektrik yolu,bahcivan,standart,103,son,12,Altın Hasat I - 4,1,22,Gold,Economy
24,Elektrik yolu,bahcivan,standart,103,son,12,Geniş Süpürüş - 1,1,21,Gold,Area
24,Elektrik yolu,bahcivan,standart,103,son,12,Kesim Tekniği - 2,1,50,Gold,Damage
25,Elektrik yolu,bahcivan,standart,104,son,1,Keskin Başlangıç - 1,1,5,Gold,Damage
25,Elektrik yolu,bahcivan,standart,104,son,2,Keskin Başlangıç - 1,2,7,Gold,Damage
25,Elektrik yolu,bahcivan,standart,104,son,3,Altın Hasat I - 1,1,7,Gold,Economy
25,Elektrik yolu,bahcivan,standart,104,son,3,Düzenli Üretim - 1,1,6,Gold,Production
25,Elektrik yolu,bahcivan,standart,104,son,4,Keskin Başlangıç - 1,3,8,Gold,Damage
25,Elektrik yolu,bahcivan,standart,104,son,4,Grid Genişleme I,1,30,Gold,Grid
25,Elektrik yolu,bahcivan,standart,104,son,5,Hızlı Eller - 1,1,7,Gold,Speed
25,Elektrik yolu,bahcivan,standart,104,son,5,Altın Hasat I - 1,2,9,Gold,Economy
25,Elektrik yolu,bahcivan,standart,104,son,6,Keskin Başlangıç - 2,1,10,Gold,Damage
25,Elektrik yolu,bahcivan,standart,104,son,7,Düzenli Üretim - 1,2,8,Gold,Production
25,Elektrik yolu,bahcivan,standart,104,son,7,Hızlı Eller - 1,2,9,Gold,Speed
25,Elektrik yolu,bahcivan,standart,104,son,7,Keskin Başlangıç - 2,2,11,Gold,Damage
25,Elektrik yolu,bahcivan,standart,104,son,7,Altın Hasat I - 1,3,11,Gold,Economy
25,Elektrik yolu,bahcivan,standart,104,son,7,Hasat Deneyimi I - 1,1,6,Gold,Xp
25,Elektrik yolu,bahcivan,standart,104,son,8,1×3 Saksı,1,30,Gold,PlanterUnlock
25,Elektrik yolu,bahcivan,standart,104,son,8,Keskin Başlangıç - 3,1,13,Gold,Damage
25,Elektrik yolu,bahcivan,standart,104,son,8,Düzenli Üretim - 1,3,10,Gold,Production
25,Elektrik yolu,bahcivan,standart,104,son,8,Hızlı Eller - 1,3,11,Gold,Speed
25,Elektrik yolu,bahcivan,standart,104,son,8,Altın Hasat I - 2,1,13,Gold,Economy
25,Elektrik yolu,bahcivan,standart,104,son,9,Keskin Başlangıç - 3,2,14,Gold,Damage
25,Elektrik yolu,bahcivan,standart,104,son,9,Kesim Tekniği - 1,1,25,Gold,Damage
25,Elektrik yolu,bahcivan,standart,104,son,9,Hızlı Eller - 2,1,12,Gold,Speed
25,Elektrik yolu,bahcivan,standart,104,son,9,Altın Hasat I - 2,2,16,Gold,Economy
25,Elektrik yolu,bahcivan,standart,104,son,10,Düzenli Üretim - 2,1,12,Gold,Production
25,Elektrik yolu,bahcivan,standart,104,son,10,Hasat Deneyimi I - 1,2,8,Gold,Xp
25,Elektrik yolu,bahcivan,standart,104,son,10,Keskin Başlangıç - 4,1,16,Gold,Damage
25,Elektrik yolu,bahcivan,standart,104,son,10,Hızlı Eller - 2,2,14,Gold,Speed
25,Elektrik yolu,bahcivan,standart,104,son,11,Kesim Tekniği - 1,2,35,Gold,Damage
25,Elektrik yolu,bahcivan,standart,104,son,11,Altın Hasat I - 3,1,18,Gold,Economy
25,Elektrik yolu,bahcivan,standart,104,son,11,2×2 Saksı,1,80,Gold,PlanterUnlock
25,Elektrik yolu,bahcivan,standart,104,son,11,Keskin Başlangıç - 4,2,17,Gold,Damage
25,Elektrik yolu,bahcivan,standart,104,son,11,Hasat Deneyimi I - 1,3,10,Gold,Xp
25,Elektrik yolu,bahcivan,standart,104,son,11,Çifte Hasat Kartları,1,25,Iron,Economy
25,Elektrik yolu,bahcivan,standart,104,son,11,Grid Genişleme I,2,30,Iron,Grid
25,Elektrik yolu,bahcivan,standart,104,son,12,Düzenli Üretim - 2,2,13,Gold,Production
25,Elektrik yolu,bahcivan,standart,104,son,12,Hızlı Eller - 3,1,16,Gold,Speed
25,Elektrik yolu,bahcivan,standart,104,son,12,Altın Hasat I - 3,2,20,Gold,Economy
25,Elektrik yolu,bahcivan,standart,104,son,12,Kesim Tekniği - 1,3,40,Gold,Damage
25,Elektrik yolu,bahcivan,standart,104,son,12,Hasat Deneyimi I - 2,1,12,Gold,Xp
25,Elektrik yolu,bahcivan,standart,104,son,12,Demir Hasat - 1,1,25,Gold,Economy
25,Elektrik yolu,bahcivan,standart,104,son,12,Hızlı Eller - 3,2,18,Gold,Speed
26,Elektrik yolu,bahcivan,standart,105,son,1,Keskin Başlangıç - 1,1,5,Gold,Damage
26,Elektrik yolu,bahcivan,standart,105,son,2,Keskin Başlangıç - 1,2,7,Gold,Damage
26,Elektrik yolu,bahcivan,standart,105,son,4,Altın Hasat I - 1,1,7,Gold,Economy
26,Elektrik yolu,bahcivan,standart,105,son,4,Düzenli Üretim - 1,1,6,Gold,Production
26,Elektrik yolu,bahcivan,standart,105,son,4,Keskin Başlangıç - 1,3,8,Gold,Damage
26,Elektrik yolu,bahcivan,standart,105,son,4,Hızlı Eller - 1,1,7,Gold,Speed
26,Elektrik yolu,bahcivan,standart,105,son,4,Hasat Deneyimi I - 1,1,6,Gold,Xp
26,Elektrik yolu,bahcivan,standart,105,son,5,Grid Genişleme I,1,30,Gold,Grid
26,Elektrik yolu,bahcivan,standart,105,son,5,Altın Hasat I - 1,2,9,Gold,Economy
26,Elektrik yolu,bahcivan,standart,105,son,5,Keskin Başlangıç - 2,1,10,Gold,Damage
26,Elektrik yolu,bahcivan,standart,105,son,5,Düzenli Üretim - 1,2,8,Gold,Production
26,Elektrik yolu,bahcivan,standart,105,son,6,Hızlı Eller - 1,2,9,Gold,Speed
26,Elektrik yolu,bahcivan,standart,105,son,7,Keskin Başlangıç - 2,2,11,Gold,Damage
26,Elektrik yolu,bahcivan,standart,105,son,7,Altın Hasat I - 1,3,11,Gold,Economy
26,Elektrik yolu,bahcivan,standart,105,son,7,1×3 Saksı,1,30,Gold,PlanterUnlock
26,Elektrik yolu,bahcivan,standart,105,son,8,Keskin Başlangıç - 3,1,13,Gold,Damage
26,Elektrik yolu,bahcivan,standart,105,son,8,Düzenli Üretim - 1,3,10,Gold,Production
26,Elektrik yolu,bahcivan,standart,105,son,8,Hızlı Eller - 1,3,11,Gold,Speed
26,Elektrik yolu,bahcivan,standart,105,son,8,Altın Hasat I - 2,1,13,Gold,Economy
26,Elektrik yolu,bahcivan,standart,105,son,8,Keskin Başlangıç - 3,2,14,Gold,Damage
26,Elektrik yolu,bahcivan,standart,105,son,9,Kesim Tekniği - 1,1,25,Gold,Damage
26,Elektrik yolu,bahcivan,standart,105,son,9,Hızlı Eller - 2,1,12,Gold,Speed
26,Elektrik yolu,bahcivan,standart,105,son,9,Altın Hasat I - 2,2,16,Gold,Economy
26,Elektrik yolu,bahcivan,standart,105,son,9,Düzenli Üretim - 2,1,12,Gold,Production
26,Elektrik yolu,bahcivan,standart,105,son,10,Hasat Deneyimi I - 1,2,8,Gold,Xp
26,Elektrik yolu,bahcivan,standart,105,son,10,Keskin Başlangıç - 4,1,16,Gold,Damage
26,Elektrik yolu,bahcivan,standart,105,son,10,Hızlı Eller - 2,2,14,Gold,Speed
26,Elektrik yolu,bahcivan,standart,105,son,10,Kesim Tekniği - 1,2,35,Gold,Damage
26,Elektrik yolu,bahcivan,standart,105,son,10,Altın Hasat I - 3,1,18,Gold,Economy
26,Elektrik yolu,bahcivan,standart,105,son,11,2×2 Saksı,1,80,Gold,PlanterUnlock
26,Elektrik yolu,bahcivan,standart,105,son,11,Keskin Başlangıç - 4,2,17,Gold,Damage
26,Elektrik yolu,bahcivan,standart,105,son,11,Hasat Deneyimi I - 1,3,10,Gold,Xp
26,Elektrik yolu,bahcivan,standart,105,son,11,Düzenli Üretim - 2,2,13,Gold,Production
26,Elektrik yolu,bahcivan,standart,105,son,11,Hızlı Eller - 3,1,16,Gold,Speed
26,Elektrik yolu,bahcivan,standart,105,son,11,Altın Hasat I - 3,2,20,Gold,Economy
26,Elektrik yolu,bahcivan,standart,105,son,11,Çifte Hasat Kartları,1,25,Iron,Economy
26,Elektrik yolu,bahcivan,standart,105,son,11,Grid Genişleme I,2,30,Iron,Grid
26,Elektrik yolu,bahcivan,standart,105,son,12,Kesim Tekniği - 1,3,40,Gold,Damage
26,Elektrik yolu,bahcivan,standart,105,son,12,Hasat Deneyimi I - 2,1,12,Gold,Xp
26,Elektrik yolu,bahcivan,standart,105,son,12,Demir Hasat - 1,1,25,Gold,Economy
26,Elektrik yolu,bahcivan,standart,105,son,12,Hızlı Eller - 3,2,18,Gold,Speed
26,Elektrik yolu,bahcivan,standart,105,son,12,Düzenli Üretim - 3,1,15,Gold,Production
26,Elektrik yolu,bahcivan,standart,105,son,12,Altın Hasat I - 4,1,22,Gold,Economy
26,Elektrik yolu,bahcivan,standart,105,son,12,Geniş Süpürüş - 1,1,21,Gold,Area
26,Elektrik yolu,bahcivan,standart,105,son,12,Kesim Tekniği - 2,1,50,Gold,Damage
26,Elektrik yolu,bahcivan,standart,105,son,12,Hasat Deneyimi I - 2,2,14,Gold,Xp
26,Elektrik yolu,bahcivan,standart,105,son,13,Hızlı Eller - 4,1,20,Gold,Speed
26,Elektrik yolu,bahcivan,standart,105,son,13,Altın Hasat I - 4,2,24,Gold,Economy
26,Elektrik yolu,bahcivan,standart,105,son,14,Demir Hasat - 1,2,35,Gold,Economy
26,Elektrik yolu,bahcivan,standart,105,son,14,Düzenli Üretim - 3,2,17,Gold,Production
26,Elektrik yolu,bahcivan,standart,105,son,14,Geniş Süpürüş - 1,2,28,Gold,Area
26,Elektrik yolu,bahcivan,standart,105,son,14,Güçlü Kesim - 1,1,120,Gold,Damage
26,Elektrik yolu,bahcivan,standart,105,son,14,Hızlı Eller - 4,2,22,Gold,Speed
26,Elektrik yolu,bahcivan,standart,105,son,14,Kesim Tekniği - 2,2,55,Gold,Damage
26,Elektrik yolu,bahcivan,standart,105,son,14,Hasat Deneyimi I - 3,1,16,Gold,Xp
26,Elektrik yolu,bahcivan,standart,105,son,14,Düzenli Üretim - 4,1,19,Gold,Production
26,Elektrik yolu,bahcivan,standart,105,son,14,Demir Hasat - 1,3,40,Gold,Economy
26,Elektrik yolu,bahcivan,standart,105,son,14,Geniş Süpürüş - 1,3,35,Gold,Area
26,Elektrik yolu,bahcivan,standart,105,son,14,Hasat Deneyimi I - 3,2,18,Gold,Xp
26,Elektrik yolu,bahcivan,standart,105,son,14,Düzenli Üretim - 4,2,21,Gold,Production
26,Elektrik yolu,bahcivan,standart,105,son,14,Hasat Deneyimi I - 4,1,20,Gold,Xp
26,Elektrik yolu,bahcivan,standart,105,son,14,Taş Hasat - 1,1,35,Iron,Economy
26,Elektrik yolu,bahcivan,standart,105,son,15,2×3 Saksı,1,200,Gold,PlanterUnlock
26,Elektrik yolu,bahcivan,standart,105,son,15,İlk Vazgeçiş,1,150,Gold,Cards
26,Elektrik yolu,bahcivan,standart,105,son,15,Kesim Tekniği - 3,1,65,Gold,Damage
26,Elektrik yolu,bahcivan,standart,105,son,15,Geniş Süpürüş - 2,1,40,Gold,Area
26,Elektrik yolu,bahcivan,standart,105,son,15,Geniş Süpürüş - 2,2,45,Gold,Area
26,Elektrik yolu,bahcivan,standart,105,son,15,Hasat Deneyimi I - 4,2,21,Gold,Xp
26,Elektrik yolu,bahcivan,standart,105,son,16,Hasat Rekoru - 1,1,180,Gold,Score
26,Elektrik yolu,bahcivan,standart,105,son,16,Güçlü Kesim - 1,2,160,Gold,Damage
26,Elektrik yolu,bahcivan,standart,105,son,16,Akıcı Kesim - 1,1,160,Gold,Speed
26,Elektrik yolu,bahcivan,standart,105,son,16,Kesim Tekniği - 3,2,70,Gold,Damage
26,Elektrik yolu,bahcivan,standart,105,son,16,Demir Hasat - 2,1,50,Gold,Economy
26,Elektrik yolu,bahcivan,standart,105,son,16,Demir Hasat - 2,2,55,Gold,Economy
26,Elektrik yolu,bahcivan,standart,105,son,16,Verimli Üretim - 1,1,200,Iron,Production
26,Elektrik yolu,bahcivan,standart,105,son,17,Güçlü Kesim - 1,3,195,Gold,Damage
26,Elektrik yolu,bahcivan,standart,105,son,17,Akıcı Kesim - 1,2,210,Gold,Speed
26,Elektrik yolu,bahcivan,standart,105,son,17,Hasat Rekoru - 1,2,240,Gold,Score
26,Elektrik yolu,bahcivan,standart,105,son,17,Kesim Tekniği - 4,1,80,Gold,Damage
26,Elektrik yolu,bahcivan,standart,105,son,17,Geniş Süpürüş - 3,1,55,Gold,Area
26,Elektrik yolu,bahcivan,standart,105,son,17,Nadir Filizler - 1,1,230,Iron,Rarity
26,Elektrik yolu,bahcivan,standart,105,son,17,Taş Hasat - 1,2,45,Iron,Economy
26,Elektrik yolu,bahcivan,standart,105,son,18,Güçlü Kesim - 2,1,230,Gold,Damage
26,Elektrik yolu,bahcivan,standart,105,son,18,Altın Hasat II - 1,1,180,Gold,Economy
26,Elektrik yolu,bahcivan,standart,105,son,18,Kesim Tekniği - 4,2,85,Gold,Damage
26,Elektrik yolu,bahcivan,standart,105,son,18,Akıcı Kesim - 1,3,260,Gold,Speed
26,Elektrik yolu,bahcivan,standart,105,son,18,Demir Hasat - 3,1,65,Gold,Economy
26,Elektrik yolu,bahcivan,standart,105,son,18,Geniş Süpürüş - 3,2,60,Gold,Area
26,Elektrik yolu,bahcivan,standart,105,son,18,Grid Genişleme II,1,100,Stone,Grid
26,Elektrik yolu,bahcivan,standart,105,son,19,Hasat Rekoru - 1,3,290,Gold,Score
26,Elektrik yolu,bahcivan,standart,105,son,19,Güçlü Kesim - 2,2,270,Gold,Damage
26,Elektrik yolu,bahcivan,standart,105,son,19,Taş Hasat - 1,3,55,Iron,Economy
26,Elektrik yolu,bahcivan,standart,105,son,19,Verimli Üretim - 1,2,260,Iron,Production
26,Elektrik yolu,bahcivan,standart,105,son,19,Nadir Filizler - 1,2,300,Iron,Rarity
26,Elektrik yolu,bahcivan,standart,105,son,20,Altın Hasat II - 1,2,240,Gold,Economy
26,Elektrik yolu,bahcivan,standart,105,son,20,Akıcı Kesim - 2,1,310,Gold,Speed
26,Elektrik yolu,bahcivan,standart,105,son,20,Geniş Tarama - 1,1,160,Gold,Area
26,Elektrik yolu,bahcivan,standart,105,son,20,Kesim Ustalığı - 1,1,560,Iron,Damage
26,Elektrik yolu,bahcivan,standart,105,son,20,Geniş Süpürüş - 4,1,65,Gold,Area
26,Elektrik yolu,bahcivan,standart,105,son,20,Demir Hasat - 3,2,70,Gold,Economy
26,Elektrik yolu,bahcivan,standart,105,son,21,Güçlü Kesim - 3,1,300,Gold,Damage
26,Elektrik yolu,bahcivan,standart,105,son,21,Altın Hasat II - 1,3,290,Gold,Economy
26,Elektrik yolu,bahcivan,standart,105,son,21,Hasat Rekoru - 2,1,350,Gold,Score
26,Elektrik yolu,bahcivan,standart,105,son,21,Taş Hasat - 2,1,65,Iron,Economy
26,Elektrik yolu,bahcivan,standart,105,son,21,Verimli Üretim - 1,3,320,Iron,Production
26,Elektrik yolu,bahcivan,standart,105,son,21,Geniş Süpürüş - 4,2,70,Gold,Area
26,Elektrik yolu,bahcivan,standart,105,son,22,Akıcı Kesim - 2,2,360,Gold,Speed
26,Elektrik yolu,bahcivan,standart,105,son,22,Geniş Tarama - 1,2,210,Gold,Area
26,Elektrik yolu,bahcivan,standart,105,son,22,Nadir Filizler - 1,3,360,Iron,Rarity
26,Elektrik yolu,bahcivan,standart,105,son,22,Demir Hasat - 4,1,80,Gold,Economy
26,Elektrik yolu,bahcivan,standart,105,son,22,Güçlü Kesim - 3,2,340,Gold,Damage
26,Elektrik yolu,bahcivan,standart,105,son,23,Altın Hasat II - 2,1,350,Gold,Economy
26,Elektrik yolu,bahcivan,standart,105,son,23,Taş Hasat - 2,2,80,Iron,Economy
26,Elektrik yolu,bahcivan,standart,105,son,23,Akıcı Kesim - 3,1,400,Gold,Speed
26,Elektrik yolu,bahcivan,standart,105,son,23,Verimli Üretim - 2,1,380,Iron,Production
26,Elektrik yolu,bahcivan,standart,105,son,24,Geniş Tarama - 1,3,260,Gold,Area
26,Elektrik yolu,bahcivan,standart,105,son,24,Hasat Deneyimi II - 1,1,450,Gold,Xp
26,Elektrik yolu,bahcivan,standart,105,son,24,Hasat Rekoru - 2,2,400,Gold,Score
26,Elektrik yolu,bahcivan,standart,105,son,24,Güçlü Kesim - 4,1,380,Gold,Damage
26,Elektrik yolu,bahcivan,standart,105,son,24,Zengin Cevher - 1,1,50,Stone,Economy
26,Elektrik yolu,bahcivan,standart,105,son,25,Kesim Ustalığı - 1,2,720,Iron,Damage
26,Elektrik yolu,bahcivan,standart,105,son,25,Altın Hasat II - 2,2,400,Gold,Economy
26,Elektrik yolu,bahcivan,standart,105,son,25,Demir Hasat - 4,2,85,Gold,Economy
26,Elektrik yolu,bahcivan,standart,105,son,25,Taş Hasat - 3,1,90,Iron,Economy
26,Elektrik yolu,bahcivan,standart,105,son,25,Akıcı Kesim - 3,2,450,Gold,Speed
26,Elektrik yolu,bahcivan,standart,105,son,26,İkinci Vazgeçiş,1,800,Iron,Cards
26,Elektrik yolu,bahcivan,standart,105,son,26,Ağır Kesim - 1,1,1200,Gold,Damage
26,Elektrik yolu,bahcivan,standart,105,son,26,Kritik Odak - 1,1,150,Gold,Crit
26,Elektrik yolu,bahcivan,standart,105,son,27,Geniş Tarama - 2,1,310,Gold,Area
26,Elektrik yolu,bahcivan,standart,105,son,27,Kart Sezgisi - 1,1,710,Gold,Cards
26,Elektrik yolu,bahcivan,standart,105,son,27,Hasat Deneyimi II - 1,2,590,Gold,Xp
26,Elektrik yolu,bahcivan,standart,105,son,27,Zengin Cevher - 1,2,65,Stone,Economy
26,Elektrik yolu,bahcivan,standart,105,son,27,Taş Hasat - 3,2,100,Iron,Economy
26,Elektrik yolu,bahcivan,standart,105,son,28,Kesim Ustalığı - 1,3,890,Iron,Damage
26,Elektrik yolu,bahcivan,standart,105,son,28,Nadir Filizler - 2,1,430,Iron,Rarity
26,Elektrik yolu,bahcivan,standart,105,son,28,Verimli Üretim - 2,2,440,Iron,Production
26,Elektrik yolu,bahcivan,standart,105,son,28,Altın Hasat II - 3,1,450,Gold,Economy
26,Elektrik yolu,bahcivan,standart,105,son,28,Güçlü Kesim - 4,2,410,Gold,Damage
26,Elektrik yolu,bahcivan,standart,105,son,28,Ağır Kesim - 1,2,1600,Gold,Damage
26,Elektrik yolu,bahcivan,standart,105,son,29,Kesim Ustalığı - 2,1,1100,Iron,Damage
26,Elektrik yolu,bahcivan,standart,105,son,29,Hasat Rekoru - 3,1,450,Gold,Score
26,Elektrik yolu,bahcivan,standart,105,son,29,Akıcı Kesim - 4,1,500,Gold,Speed
26,Elektrik yolu,bahcivan,standart,105,son,29,Geniş Tarama - 2,2,360,Gold,Area
26,Elektrik yolu,bahcivan,standart,105,son,29,Hasat Deneyimi II - 1,3,730,Gold,Xp
26,Elektrik yolu,bahcivan,standart,105,son,29,Kart Sezgisi - 1,2,920,Gold,Cards
26,Elektrik yolu,bahcivan,standart,105,son,29,Kritik Odak - 1,2,195,Gold,Crit
26,Elektrik yolu,bahcivan,standart,105,son,29,Zengin Cevher - 1,3,80,Stone,Economy
26,Elektrik yolu,bahcivan,standart,105,son,29,Taş Hasat - 4,1,110,Iron,Economy
26,Elektrik yolu,bahcivan,standart,105,son,30,Nadir Filizler - 2,2,500,Iron,Rarity
26,Elektrik yolu,bahcivan,standart,105,son,30,Verimli Üretim - 3,1,510,Iron,Production
26,Elektrik yolu,bahcivan,standart,105,son,30,Altın Hasat II - 3,2,510,Gold,Economy
26,Elektrik yolu,bahcivan,standart,105,son,30,Akıcı Kesim - 4,2,550,Gold,Speed
26,Elektrik yolu,bahcivan,standart,105,son,30,Geniş Tarama - 3,1,400,Gold,Area
26,Elektrik yolu,bahcivan,standart,105,son,30,Hasat Rekoru - 3,2,510,Gold,Score
26,Elektrik yolu,bahcivan,standart,105,son,31,Ağır Kesim - 1,3,1900,Gold,Damage
26,Elektrik yolu,bahcivan,standart,105,son,31,Kesim Ustalığı - 2,2,1200,Iron,Damage
26,Elektrik yolu,bahcivan,standart,105,son,31,Altın Hasat II - 4,1,560,Gold,Economy
26,Elektrik yolu,bahcivan,standart,105,son,31,Kritik Odak - 1,3,240,Gold,Crit
26,Elektrik yolu,bahcivan,standart,105,son,31,Zengin Cevher - 2,1,95,Stone,Economy
26,Elektrik yolu,bahcivan,standart,105,son,32,Hasat Deneyimi II - 2,1,860,Gold,Xp
26,Elektrik yolu,bahcivan,standart,105,son,32,Verimli Üretim - 3,2,570,Iron,Production
26,Elektrik yolu,bahcivan,standart,105,son,32,Nadir Filizler - 3,1,570,Iron,Rarity
26,Elektrik yolu,bahcivan,standart,105,son,32,Kart Sezgisi - 1,3,1100,Gold,Cards
26,Elektrik yolu,bahcivan,standart,105,son,32,Geniş Tarama - 3,2,450,Gold,Area
26,Elektrik yolu,bahcivan,standart,105,son,32,Taş Hasat - 4,2,120,Iron,Economy
26,Elektrik yolu,bahcivan,standart,105,son,32,Altın Hasat II - 4,2,620,Gold,Economy
26,Elektrik yolu,bahcivan,standart,105,son,33,Ağır Kesim - 2,1,2300,Gold,Damage
26,Elektrik yolu,bahcivan,standart,105,son,33,Kesim Ustalığı - 3,1,1400,Iron,Damage
26,Elektrik yolu,bahcivan,standart,105,son,33,Kritik Odak - 2,1,290,Gold,Crit
26,Elektrik yolu,bahcivan,standart,105,son,33,Zengin Cevher - 2,2,110,Stone,Economy
26,Elektrik yolu,bahcivan,standart,105,son,34,Hasat Deneyimi II - 2,2,1000,Gold,Xp
26,Elektrik yolu,bahcivan,standart,105,son,34,Verimli Üretim - 4,1,630,Iron,Production
26,Elektrik yolu,bahcivan,standart,105,son,34,Kart Sezgisi - 2,1,1300,Gold,Cards
26,Elektrik yolu,bahcivan,standart,105,son,34,Nadir Filizler - 3,2,640,Iron,Rarity
26,Elektrik yolu,bahcivan,standart,105,son,34,Hasat Rekoru - 4,1,560,Gold,Score
26,Elektrik yolu,bahcivan,standart,105,son,34,Geniş Tarama - 4,1,500,Gold,Area
26,Elektrik yolu,bahcivan,standart,105,son,35,Ağır Kesim - 2,2,2700,Gold,Damage
26,Elektrik yolu,bahcivan,standart,105,son,35,Hasat Deneyimi II - 3,1,1100,Gold,Xp
26,Elektrik yolu,bahcivan,standart,105,son,35,Kesim Ustalığı - 3,2,1600,Iron,Damage
26,Elektrik yolu,bahcivan,standart,105,son,35,Kritik Odak - 2,2,330,Gold,Crit
26,Elektrik yolu,bahcivan,standart,105,son,35,Zengin Cevher - 3,1,125,Stone,Economy
26,Elektrik yolu,bahcivan,standart,105,son,35,Geniş Tarama - 4,2,550,Gold,Area
26,Elektrik yolu,bahcivan,standart,105,son,36,Verimli Üretim - 4,2,690,Iron,Production
26,Elektrik yolu,bahcivan,standart,105,son,36,Kart Sezgisi - 2,2,1600,Gold,Cards
26,Elektrik yolu,bahcivan,standart,105,son,36,Nadir Filizler - 4,1,700,Iron,Rarity
26,Elektrik yolu,bahcivan,standart,105,son,36,Hasat Deneyimi II - 3,2,1300,Gold,Xp
26,Elektrik yolu,bahcivan,standart,105,son,37,Ağır Kesim - 3,1,3000,Gold,Damage
26,Elektrik yolu,bahcivan,standart,105,son,37,Hasat Rekoru - 4,2,620,Gold,Score
26,Elektrik yolu,bahcivan,standart,105,son,37,Kesim Ustalığı - 4,1,1700,Iron,Damage
26,Elektrik yolu,bahcivan,standart,105,son,37,Kritik Odak - 3,1,380,Gold,Crit
26,Elektrik yolu,bahcivan,standart,105,son,37,Zengin Cevher - 3,2,140,Stone,Economy
26,Elektrik yolu,bahcivan,standart,105,son,38,Ağır Kesim - 3,2,3400,Gold,Damage
26,Elektrik yolu,bahcivan,standart,105,son,38,Hasat Deneyimi II - 4,1,1400,Gold,Xp
26,Elektrik yolu,bahcivan,standart,105,son,38,Nadir Filizler - 4,2,770,Iron,Rarity
26,Elektrik yolu,bahcivan,standart,105,son,39,Kart Sezgisi - 3,1,1800,Gold,Cards
26,Elektrik yolu,bahcivan,standart,105,son,39,Kritik Odak - 3,2,420,Gold,Crit
26,Elektrik yolu,bahcivan,standart,105,son,39,Zengin Cevher - 4,1,155,Stone,Economy
26,Elektrik yolu,bahcivan,standart,105,son,39,Kesim Ustalığı - 4,2,1900,Iron,Damage
26,Elektrik yolu,bahcivan,standart,105,son,40,Ağır Kesim - 4,1,3800,Gold,Damage
26,Elektrik yolu,bahcivan,standart,105,son,40,Hasat Deneyimi II - 4,2,1500,Gold,Xp
26,Elektrik yolu,bahcivan,standart,105,son,40,Kritik Güç - 1,1,150,Stone,Crit
26,Elektrik yolu,bahcivan,standart,105,son,41,Kart Sezgisi - 3,2,2000,Gold,Cards
26,Elektrik yolu,bahcivan,standart,105,son,41,Kritik Odak - 4,1,470,Gold,Crit
26,Elektrik yolu,bahcivan,standart,105,son,41,Grid Genişleme II,2,1800,Stone,Grid
26,Elektrik yolu,bahcivan,standart,105,son,41,Zengin Cevher - 4,2,170,Stone,Economy
26,Elektrik yolu,bahcivan,standart,105,son,42,Ağır Kesim - 4,2,4100,Gold,Damage
26,Elektrik yolu,bahcivan,standart,105,son,42,Kritik Güç - 1,2,195,Stone,Crit
26,Elektrik yolu,bahcivan,standart,105,son,43,Kart Sezgisi - 4,1,2200,Gold,Cards
26,Elektrik yolu,bahcivan,standart,105,son,43,Kritik Odak - 4,2,520,Gold,Crit
26,Elektrik yolu,bahcivan,standart,105,son,44,Kritik Güç - 1,3,240,Stone,Crit
26,Elektrik yolu,bahcivan,standart,105,son,45,Kart Sezgisi - 4,2,2400,Gold,Cards
26,Elektrik yolu,bahcivan,standart,105,son,46,Kritik Güç - 2,1,290,Stone,Crit
26,Elektrik yolu,bahcivan,standart,105,son,48,Kritik Güç - 2,2,330,Stone,Crit
27,Elektrik yolu,bahcivan,standart,106,son,1,Keskin Başlangıç - 1,1,5,Gold,Damage
27,Elektrik yolu,bahcivan,standart,106,son,1,Keskin Başlangıç - 1,2,7,Gold,Damage
27,Elektrik yolu,bahcivan,standart,106,son,4,Altın Hasat I - 1,1,7,Gold,Economy
27,Elektrik yolu,bahcivan,standart,106,son,4,Düzenli Üretim - 1,1,6,Gold,Production
27,Elektrik yolu,bahcivan,standart,106,son,4,Keskin Başlangıç - 1,3,8,Gold,Damage
27,Elektrik yolu,bahcivan,standart,106,son,4,Hızlı Eller - 1,1,7,Gold,Speed
27,Elektrik yolu,bahcivan,standart,106,son,4,Hasat Deneyimi I - 1,1,6,Gold,Xp
27,Elektrik yolu,bahcivan,standart,106,son,6,Grid Genişleme I,1,30,Gold,Grid
27,Elektrik yolu,bahcivan,standart,106,son,6,Altın Hasat I - 1,2,9,Gold,Economy
27,Elektrik yolu,bahcivan,standart,106,son,6,Keskin Başlangıç - 2,1,10,Gold,Damage
27,Elektrik yolu,bahcivan,standart,106,son,6,Düzenli Üretim - 1,2,8,Gold,Production
27,Elektrik yolu,bahcivan,standart,106,son,6,Hızlı Eller - 1,2,9,Gold,Speed
27,Elektrik yolu,bahcivan,standart,106,son,6,Keskin Başlangıç - 2,2,11,Gold,Damage
27,Elektrik yolu,bahcivan,standart,106,son,7,Altın Hasat I - 1,3,11,Gold,Economy
27,Elektrik yolu,bahcivan,standart,106,son,7,1×3 Saksı,1,30,Gold,PlanterUnlock
27,Elektrik yolu,bahcivan,standart,106,son,8,Keskin Başlangıç - 3,1,13,Gold,Damage
27,Elektrik yolu,bahcivan,standart,106,son,8,Düzenli Üretim - 1,3,10,Gold,Production
27,Elektrik yolu,bahcivan,standart,106,son,8,Hızlı Eller - 1,3,11,Gold,Speed
27,Elektrik yolu,bahcivan,standart,106,son,8,Altın Hasat I - 2,1,13,Gold,Economy
27,Elektrik yolu,bahcivan,standart,106,son,9,Keskin Başlangıç - 3,2,14,Gold,Damage
27,Elektrik yolu,bahcivan,standart,106,son,9,Kesim Tekniği - 1,1,25,Gold,Damage
27,Elektrik yolu,bahcivan,standart,106,son,9,Hızlı Eller - 2,1,12,Gold,Speed
27,Elektrik yolu,bahcivan,standart,106,son,9,Altın Hasat I - 2,2,16,Gold,Economy
27,Elektrik yolu,bahcivan,standart,106,son,11,Düzenli Üretim - 2,1,12,Gold,Production
27,Elektrik yolu,bahcivan,standart,106,son,11,Hasat Deneyimi I - 1,2,8,Gold,Xp
27,Elektrik yolu,bahcivan,standart,106,son,11,Keskin Başlangıç - 4,1,16,Gold,Damage
27,Elektrik yolu,bahcivan,standart,106,son,11,Hızlı Eller - 2,2,14,Gold,Speed
27,Elektrik yolu,bahcivan,standart,106,son,11,Kesim Tekniği - 1,2,35,Gold,Damage
27,Elektrik yolu,bahcivan,standart,106,son,11,Altın Hasat I - 3,1,18,Gold,Economy
27,Elektrik yolu,bahcivan,standart,106,son,11,Keskin Başlangıç - 4,2,17,Gold,Damage
27,Elektrik yolu,bahcivan,standart,106,son,11,Hasat Deneyimi I - 1,3,10,Gold,Xp
27,Elektrik yolu,bahcivan,standart,106,son,11,Düzenli Üretim - 2,2,13,Gold,Production
27,Elektrik yolu,bahcivan,standart,106,son,11,Hızlı Eller - 3,1,16,Gold,Speed
27,Elektrik yolu,bahcivan,standart,106,son,11,Grid Genişleme I,2,30,Iron,Grid
27,Elektrik yolu,bahcivan,standart,106,son,12,2×2 Saksı,1,80,Gold,PlanterUnlock
27,Elektrik yolu,bahcivan,standart,106,son,12,Altın Hasat I - 3,2,20,Gold,Economy
27,Elektrik yolu,bahcivan,standart,106,son,12,Kesim Tekniği - 1,3,40,Gold,Damage
27,Elektrik yolu,bahcivan,standart,106,son,12,Hasat Deneyimi I - 2,1,12,Gold,Xp
27,Elektrik yolu,bahcivan,standart,106,son,12,Demir Hasat - 1,1,25,Gold,Economy
27,Elektrik yolu,bahcivan,standart,106,son,12,Çifte Hasat Kartları,1,25,Iron,Economy
27,Elektrik yolu,bahcivan,standart,106,son,13,Hızlı Eller - 3,2,18,Gold,Speed
27,Elektrik yolu,bahcivan,standart,106,son,13,Düzenli Üretim - 3,1,15,Gold,Production
27,Elektrik yolu,bahcivan,standart,106,son,13,Altın Hasat I - 4,1,22,Gold,Economy
27,Elektrik yolu,bahcivan,standart,106,son,13,Geniş Süpürüş - 1,1,21,Gold,Area
27,Elektrik yolu,bahcivan,standart,106,son,13,Kesim Tekniği - 2,1,50,Gold,Damage
27,Elektrik yolu,bahcivan,standart,106,son,13,Hasat Deneyimi I - 2,2,14,Gold,Xp
27,Elektrik yolu,bahcivan,standart,106,son,13,Hızlı Eller - 4,1,20,Gold,Speed
27,Elektrik yolu,bahcivan,standart,106,son,14,Altın Hasat I - 4,2,24,Gold,Economy
27,Elektrik yolu,bahcivan,standart,106,son,14,Demir Hasat - 1,2,35,Gold,Economy
27,Elektrik yolu,bahcivan,standart,106,son,14,Düzenli Üretim - 3,2,17,Gold,Production
27,Elektrik yolu,bahcivan,standart,106,son,14,Geniş Süpürüş - 1,2,28,Gold,Area
27,Elektrik yolu,bahcivan,standart,106,son,14,Güçlü Kesim - 1,1,120,Gold,Damage
27,Elektrik yolu,bahcivan,standart,106,son,14,Hızlı Eller - 4,2,22,Gold,Speed
27,Elektrik yolu,bahcivan,standart,106,son,14,Kesim Tekniği - 2,2,55,Gold,Damage
27,Elektrik yolu,bahcivan,standart,106,son,14,Hasat Deneyimi I - 3,1,16,Gold,Xp
27,Elektrik yolu,bahcivan,standart,106,son,15,2×3 Saksı,1,200,Gold,PlanterUnlock
27,Elektrik yolu,bahcivan,standart,106,son,15,Düzenli Üretim - 4,1,19,Gold,Production
27,Elektrik yolu,bahcivan,standart,106,son,15,Demir Hasat - 1,3,40,Gold,Economy
27,Elektrik yolu,bahcivan,standart,106,son,15,Geniş Süpürüş - 1,3,35,Gold,Area
27,Elektrik yolu,bahcivan,standart,106,son,15,Hasat Deneyimi I - 3,2,18,Gold,Xp
27,Elektrik yolu,bahcivan,standart,106,son,15,Düzenli Üretim - 4,2,21,Gold,Production
27,Elektrik yolu,bahcivan,standart,106,son,15,Hasat Deneyimi I - 4,1,20,Gold,Xp
27,Elektrik yolu,bahcivan,standart,106,son,15,Hasat Deneyimi I - 4,2,21,Gold,Xp
27,Elektrik yolu,bahcivan,standart,106,son,15,Taş Hasat - 1,1,35,Iron,Economy
27,Elektrik yolu,bahcivan,standart,106,son,16,İlk Vazgeçiş,1,150,Gold,Cards
27,Elektrik yolu,bahcivan,standart,106,son,16,Kesim Tekniği - 3,1,65,Gold,Damage
27,Elektrik yolu,bahcivan,standart,106,son,16,Hasat Rekoru - 1,1,180,Gold,Score
27,Elektrik yolu,bahcivan,standart,106,son,17,Güçlü Kesim - 1,2,160,Gold,Damage
27,Elektrik yolu,bahcivan,standart,106,son,17,Akıcı Kesim - 1,1,160,Gold,Speed
27,Elektrik yolu,bahcivan,standart,106,son,17,Geniş Süpürüş - 2,1,40,Gold,Area
27,Elektrik yolu,bahcivan,standart,106,son,17,Kesim Tekniği - 3,2,70,Gold,Damage
27,Elektrik yolu,bahcivan,standart,106,son,17,Demir Hasat - 2,1,50,Gold,Economy
27,Elektrik yolu,bahcivan,standart,106,son,17,Geniş Süpürüş - 2,2,45,Gold,Area
27,Elektrik yolu,bahcivan,standart,106,son,17,Verimli Üretim - 1,1,200,Iron,Production
27,Elektrik yolu,bahcivan,standart,106,son,17,Taş Hasat - 1,2,45,Iron,Economy
27,Elektrik yolu,bahcivan,standart,106,son,18,Güçlü Kesim - 1,3,195,Gold,Damage
27,Elektrik yolu,bahcivan,standart,106,son,18,Akıcı Kesim - 1,2,210,Gold,Speed
27,Elektrik yolu,bahcivan,standart,106,son,18,Hasat Rekoru - 1,2,240,Gold,Score
27,Elektrik yolu,bahcivan,standart,106,son,18,Nadir Filizler - 1,1,230,Iron,Rarity
27,Elektrik yolu,bahcivan,standart,106,son,19,Kesim Tekniği - 4,1,80,Gold,Damage
27,Elektrik yolu,bahcivan,standart,106,son,19,Demir Hasat - 2,2,55,Gold,Economy
27,Elektrik yolu,bahcivan,standart,106,son,19,Güçlü Kesim - 2,1,230,Gold,Damage
27,Elektrik yolu,bahcivan,standart,106,son,19,Geniş Süpürüş - 3,1,55,Gold,Area
27,Elektrik yolu,bahcivan,standart,106,son,19,Altın Hasat II - 1,1,180,Gold,Economy
27,Elektrik yolu,bahcivan,standart,106,son,19,Kesim Tekniği - 4,2,85,Gold,Damage
27,Elektrik yolu,bahcivan,standart,106,son,19,Grid Genişleme II,1,100,Stone,Grid
27,Elektrik yolu,bahcivan,standart,106,son,19,Taş Hasat - 1,3,55,Iron,Economy
27,Elektrik yolu,bahcivan,standart,106,son,19,Verimli Üretim - 1,2,260,Iron,Production
27,Elektrik yolu,bahcivan,standart,106,son,20,Akıcı Kesim - 1,3,260,Gold,Speed
27,Elektrik yolu,bahcivan,standart,106,son,20,Demir Hasat - 3,1,65,Gold,Economy
27,Elektrik yolu,bahcivan,standart,106,son,20,Hasat Rekoru - 1,3,290,Gold,Score
27,Elektrik yolu,bahcivan,standart,106,son,20,Geniş Süpürüş - 3,2,60,Gold,Area
27,Elektrik yolu,bahcivan,standart,106,son,20,Nadir Filizler - 1,2,300,Iron,Rarity
27,Elektrik yolu,bahcivan,standart,106,son,21,Güçlü Kesim - 2,2,270,Gold,Damage
27,Elektrik yolu,bahcivan,standart,106,son,21,Altın Hasat II - 1,2,240,Gold,Economy
27,Elektrik yolu,bahcivan,standart,106,son,21,Kesim Ustalığı - 1,1,560,Iron,Damage
27,Elektrik yolu,bahcivan,standart,106,son,21,Taş Hasat - 2,1,65,Iron,Economy
27,Elektrik yolu,bahcivan,standart,106,son,22,Akıcı Kesim - 2,1,310,Gold,Speed
27,Elektrik yolu,bahcivan,standart,106,son,22,Geniş Tarama - 1,1,160,Gold,Area
27,Elektrik yolu,bahcivan,standart,106,son,22,Geniş Süpürüş - 4,1,65,Gold,Area
27,Elektrik yolu,bahcivan,standart,106,son,22,Demir Hasat - 3,2,70,Gold,Economy
27,Elektrik yolu,bahcivan,standart,106,son,22,Verimli Üretim - 1,3,320,Iron,Production
27,Elektrik yolu,bahcivan,standart,106,son,22,Geniş Süpürüş - 4,2,70,Gold,Area
27,Elektrik yolu,bahcivan,standart,106,son,22,Demir Hasat - 4,1,80,Gold,Economy
27,Elektrik yolu,bahcivan,standart,106,son,23,Güçlü Kesim - 3,1,300,Gold,Damage
27,Elektrik yolu,bahcivan,standart,106,son,23,Altın Hasat II - 1,3,290,Gold,Economy
27,Elektrik yolu,bahcivan,standart,106,son,23,Nadir Filizler - 1,3,360,Iron,Rarity
27,Elektrik yolu,bahcivan,standart,106,son,23,Taş Hasat - 2,2,80,Iron,Economy
27,Elektrik yolu,bahcivan,standart,106,son,24,Hasat Rekoru - 2,1,350,Gold,Score
27,Elektrik yolu,bahcivan,standart,106,son,24,Akıcı Kesim - 2,2,360,Gold,Speed
27,Elektrik yolu,bahcivan,standart,106,son,24,Geniş Tarama - 1,2,210,Gold,Area
27,Elektrik yolu,bahcivan,standart,106,son,24,Kesim Ustalığı - 1,2,720,Iron,Damage
27,Elektrik yolu,bahcivan,standart,106,son,24,Güçlü Kesim - 3,2,340,Gold,Damage
27,Elektrik yolu,bahcivan,standart,106,son,24,Geniş Tarama - 1,3,260,Gold,Area
27,Elektrik yolu,bahcivan,standart,106,son,24,Zengin Cevher - 1,1,50,Stone,Economy
27,Elektrik yolu,bahcivan,standart,106,son,25,Altın Hasat II - 2,1,350,Gold,Economy
27,Elektrik yolu,bahcivan,standart,106,son,25,İkinci Vazgeçiş,1,800,Iron,Cards
27,Elektrik yolu,bahcivan,standart,106,son,25,Akıcı Kesim - 3,1,400,Gold,Speed
27,Elektrik yolu,bahcivan,standart,106,son,25,Hasat Deneyimi II - 1,1,450,Gold,Xp
27,Elektrik yolu,bahcivan,standart,106,son,25,Demir Hasat - 4,2,85,Gold,Economy
27,Elektrik yolu,bahcivan,standart,106,son,25,Taş Hasat - 3,1,90,Iron,Economy
27,Elektrik yolu,bahcivan,standart,106,son,26,Verimli Üretim - 2,1,380,Iron,Production
27,Elektrik yolu,bahcivan,standart,106,son,26,Hasat Rekoru - 2,2,400,Gold,Score
27,Elektrik yolu,bahcivan,standart,106,son,26,Güçlü Kesim - 4,1,380,Gold,Damage
27,Elektrik yolu,bahcivan,standart,106,son,26,Altın Hasat II - 2,2,400,Gold,Economy
27,Elektrik yolu,bahcivan,standart,106,son,26,Geniş Tarama - 2,1,310,Gold,Area
27,Elektrik yolu,bahcivan,standart,106,son,27,Ağır Kesim - 1,1,1200,Gold,Damage
27,Elektrik yolu,bahcivan,standart,106,son,27,Kesim Ustalığı - 1,3,890,Iron,Damage
27,Elektrik yolu,bahcivan,standart,106,son,27,Nadir Filizler - 2,1,430,Iron,Rarity
27,Elektrik yolu,bahcivan,standart,106,son,27,Akıcı Kesim - 3,2,450,Gold,Speed
27,Elektrik yolu,bahcivan,standart,106,son,27,Kart Sezgisi - 1,1,710,Gold,Cards
27,Elektrik yolu,bahcivan,standart,106,son,27,Kritik Odak - 1,1,150,Gold,Crit
27,Elektrik yolu,bahcivan,standart,106,son,27,Zengin Cevher - 1,2,65,Stone,Economy
27,Elektrik yolu,bahcivan,standart,106,son,27,Taş Hasat - 3,2,100,Iron,Economy
27,Elektrik yolu,bahcivan,standart,106,son,28,Verimli Üretim - 2,2,440,Iron,Production
27,Elektrik yolu,bahcivan,standart,106,son,28,Hasat Deneyimi II - 1,2,590,Gold,Xp
27,Elektrik yolu,bahcivan,standart,106,son,28,Altın Hasat II - 3,1,450,Gold,Economy
27,Elektrik yolu,bahcivan,standart,106,son,28,Güçlü Kesim - 4,2,410,Gold,Damage
27,Elektrik yolu,bahcivan,standart,106,son,28,Kesim Ustalığı - 2,1,1100,Iron,Damage
27,Elektrik yolu,bahcivan,standart,106,son,28,Hasat Rekoru - 3,1,450,Gold,Score
27,Elektrik yolu,bahcivan,standart,106,son,28,Akıcı Kesim - 4,1,500,Gold,Speed
27,Elektrik yolu,bahcivan,standart,106,son,29,Ağır Kesim - 1,2,1600,Gold,Damage
27,Elektrik yolu,bahcivan,standart,106,son,29,Geniş Tarama - 2,2,360,Gold,Area
27,Elektrik yolu,bahcivan,standart,106,son,29,Nadir Filizler - 2,2,500,Iron,Rarity
27,Elektrik yolu,bahcivan,standart,106,son,29,Hasat Deneyimi II - 1,3,730,Gold,Xp
27,Elektrik yolu,bahcivan,standart,106,son,29,Verimli Üretim - 3,1,510,Iron,Production
27,Elektrik yolu,bahcivan,standart,106,son,29,Altın Hasat II - 3,2,510,Gold,Economy
27,Elektrik yolu,bahcivan,standart,106,son,29,Kritik Odak - 1,2,195,Gold,Crit
27,Elektrik yolu,bahcivan,standart,106,son,29,Zengin Cevher - 1,3,80,Stone,Economy
27,Elektrik yolu,bahcivan,standart,106,son,29,Taş Hasat - 4,1,110,Iron,Economy
27,Elektrik yolu,bahcivan,standart,106,son,30,Kart Sezgisi - 1,2,920,Gold,Cards
27,Elektrik yolu,bahcivan,standart,106,son,30,Ağır Kesim - 1,3,1900,Gold,Damage
27,Elektrik yolu,bahcivan,standart,106,son,30,Kesim Ustalığı - 2,2,1200,Iron,Damage
27,Elektrik yolu,bahcivan,standart,106,son,30,Verimli Üretim - 3,2,570,Iron,Production
27,Elektrik yolu,bahcivan,standart,106,son,31,Akıcı Kesim - 4,2,550,Gold,Speed
27,Elektrik yolu,bahcivan,standart,106,son,31,Geniş Tarama - 3,1,400,Gold,Area
27,Elektrik yolu,bahcivan,standart,106,son,31,Hasat Deneyimi II - 2,1,860,Gold,Xp
27,Elektrik yolu,bahcivan,standart,106,son,31,Hasat Rekoru - 3,2,510,Gold,Score
27,Elektrik yolu,bahcivan,standart,106,son,31,Nadir Filizler - 3,1,570,Iron,Rarity
27,Elektrik yolu,bahcivan,standart,106,son,31,Altın Hasat II - 4,1,560,Gold,Economy
27,Elektrik yolu,bahcivan,standart,106,son,31,Kritik Odak - 1,3,240,Gold,Crit
27,Elektrik yolu,bahcivan,standart,106,son,31,Zengin Cevher - 2,1,95,Stone,Economy
27,Elektrik yolu,bahcivan,standart,106,son,31,Geniş Tarama - 3,2,450,Gold,Area
27,Elektrik yolu,bahcivan,standart,106,son,31,Taş Hasat - 4,2,120,Iron,Economy
27,Elektrik yolu,bahcivan,standart,106,son,32,Kart Sezgisi - 1,3,1100,Gold,Cards
27,Elektrik yolu,bahcivan,standart,106,son,32,Ağır Kesim - 2,1,2300,Gold,Damage
27,Elektrik yolu,bahcivan,standart,106,son,32,Kesim Ustalığı - 3,1,1400,Iron,Damage
27,Elektrik yolu,bahcivan,standart,106,son,32,Verimli Üretim - 4,1,630,Iron,Production
27,Elektrik yolu,bahcivan,standart,106,son,33,Hasat Deneyimi II - 2,2,1000,Gold,Xp
27,Elektrik yolu,bahcivan,standart,106,son,33,Altın Hasat II - 4,2,620,Gold,Economy
27,Elektrik yolu,bahcivan,standart,106,son,33,Kritik Odak - 2,1,290,Gold,Crit
27,Elektrik yolu,bahcivan,standart,106,son,33,Kart Sezgisi - 2,1,1300,Gold,Cards
27,Elektrik yolu,bahcivan,standart,106,son,33,Nadir Filizler - 3,2,640,Iron,Rarity
27,Elektrik yolu,bahcivan,standart,106,son,33,Zengin Cevher - 2,2,110,Stone,Economy
27,Elektrik yolu,bahcivan,standart,106,son,33,Hasat Rekoru - 4,1,560,Gold,Score
27,Elektrik yolu,bahcivan,standart,106,son,34,Ağır Kesim - 2,2,2700,Gold,Damage
27,Elektrik yolu,bahcivan,standart,106,son,34,Geniş Tarama - 4,1,500,Gold,Area
27,Elektrik yolu,bahcivan,standart,106,son,34,Hasat Deneyimi II - 3,1,1100,Gold,Xp
27,Elektrik yolu,bahcivan,standart,106,son,34,Kesim Ustalığı - 3,2,1600,Iron,Damage
27,Elektrik yolu,bahcivan,standart,106,son,34,Verimli Üretim - 4,2,690,Iron,Production
27,Elektrik yolu,bahcivan,standart,106,son,35,Kritik Odak - 2,2,330,Gold,Crit
27,Elektrik yolu,bahcivan,standart,106,son,35,Zengin Cevher - 3,1,125,Stone,Economy
27,Elektrik yolu,bahcivan,standart,106,son,35,Geniş Tarama - 4,2,550,Gold,Area
27,Elektrik yolu,bahcivan,standart,106,son,35,Kart Sezgisi - 2,2,1600,Gold,Cards
27,Elektrik yolu,bahcivan,standart,106,son,36,Ağır Kesim - 3,1,3000,Gold,Damage
27,Elektrik yolu,bahcivan,standart,106,son,36,Nadir Filizler - 4,1,700,Iron,Rarity
27,Elektrik yolu,bahcivan,standart,106,son,36,Hasat Deneyimi II - 3,2,1300,Gold,Xp
27,Elektrik yolu,bahcivan,standart,106,son,36,Hasat Rekoru - 4,2,620,Gold,Score
27,Elektrik yolu,bahcivan,standart,106,son,37,Kesim Ustalığı - 4,1,1700,Iron,Damage
27,Elektrik yolu,bahcivan,standart,106,son,37,Kritik Odak - 3,1,380,Gold,Crit
27,Elektrik yolu,bahcivan,standart,106,son,37,Zengin Cevher - 3,2,140,Stone,Economy
27,Elektrik yolu,bahcivan,standart,106,son,38,Ağır Kesim - 3,2,3400,Gold,Damage
27,Elektrik yolu,bahcivan,standart,106,son,38,Kart Sezgisi - 3,1,1800,Gold,Cards
27,Elektrik yolu,bahcivan,standart,106,son,38,Hasat Deneyimi II - 4,1,1400,Gold,Xp
27,Elektrik yolu,bahcivan,standart,106,son,38,Nadir Filizler - 4,2,770,Iron,Rarity
27,Elektrik yolu,bahcivan,standart,106,son,39,Kritik Odak - 3,2,420,Gold,Crit
27,Elektrik yolu,bahcivan,standart,106,son,39,Zengin Cevher - 4,1,155,Stone,Economy
27,Elektrik yolu,bahcivan,standart,106,son,39,Kesim Ustalığı - 4,2,1900,Iron,Damage
27,Elektrik yolu,bahcivan,standart,106,son,40,Ağır Kesim - 4,1,3800,Gold,Damage
27,Elektrik yolu,bahcivan,standart,106,son,40,Hasat Deneyimi II - 4,2,1500,Gold,Xp
27,Elektrik yolu,bahcivan,standart,106,son,40,Kart Sezgisi - 3,2,2000,Gold,Cards
27,Elektrik yolu,bahcivan,standart,106,son,40,Kritik Güç - 1,1,150,Stone,Crit
27,Elektrik yolu,bahcivan,standart,106,son,41,Kritik Odak - 4,1,470,Gold,Crit
27,Elektrik yolu,bahcivan,standart,106,son,41,Grid Genişleme II,2,1800,Stone,Grid
27,Elektrik yolu,bahcivan,standart,106,son,41,Zengin Cevher - 4,2,170,Stone,Economy
27,Elektrik yolu,bahcivan,standart,106,son,42,Ağır Kesim - 4,2,4100,Gold,Damage
27,Elektrik yolu,bahcivan,standart,106,son,42,Kritik Güç - 1,2,195,Stone,Crit
27,Elektrik yolu,bahcivan,standart,106,son,43,Kart Sezgisi - 4,1,2200,Gold,Cards
27,Elektrik yolu,bahcivan,standart,106,son,43,Kritik Odak - 4,2,520,Gold,Crit
27,Elektrik yolu,bahcivan,standart,106,son,44,Kritik Güç - 1,3,240,Stone,Crit
27,Elektrik yolu,bahcivan,standart,106,son,45,Kart Sezgisi - 4,2,2400,Gold,Cards
27,Elektrik yolu,bahcivan,standart,106,son,46,Kritik Güç - 2,1,290,Stone,Crit
27,Elektrik yolu,bahcivan,standart,106,son,48,Kritik Güç - 2,2,330,Stone,Crit
28,Elektrik yolu,bahcivan,standart,107,son,1,Keskin Başlangıç - 1,1,5,Gold,Damage
28,Elektrik yolu,bahcivan,standart,107,son,1,Keskin Başlangıç - 1,2,7,Gold,Damage
28,Elektrik yolu,bahcivan,standart,107,son,2,Altın Hasat I - 1,1,7,Gold,Economy
28,Elektrik yolu,bahcivan,standart,107,son,2,Düzenli Üretim - 1,1,6,Gold,Production
28,Elektrik yolu,bahcivan,standart,107,son,3,Keskin Başlangıç - 1,3,8,Gold,Damage
28,Elektrik yolu,bahcivan,standart,107,son,3,Hızlı Eller - 1,1,7,Gold,Speed
28,Elektrik yolu,bahcivan,standart,107,son,3,Hasat Deneyimi I - 1,1,6,Gold,Xp
28,Elektrik yolu,bahcivan,standart,107,son,4,Grid Genişleme I,1,30,Gold,Grid
28,Elektrik yolu,bahcivan,standart,107,son,5,Altın Hasat I - 1,2,9,Gold,Economy
28,Elektrik yolu,bahcivan,standart,107,son,5,Keskin Başlangıç - 2,1,10,Gold,Damage
28,Elektrik yolu,bahcivan,standart,107,son,7,Düzenli Üretim - 1,2,8,Gold,Production
28,Elektrik yolu,bahcivan,standart,107,son,7,Hızlı Eller - 1,2,9,Gold,Speed
28,Elektrik yolu,bahcivan,standart,107,son,7,Keskin Başlangıç - 2,2,11,Gold,Damage
28,Elektrik yolu,bahcivan,standart,107,son,7,Altın Hasat I - 1,3,11,Gold,Economy
28,Elektrik yolu,bahcivan,standart,107,son,8,1×3 Saksı,1,30,Gold,PlanterUnlock
28,Elektrik yolu,bahcivan,standart,107,son,8,Keskin Başlangıç - 3,1,13,Gold,Damage
28,Elektrik yolu,bahcivan,standart,107,son,8,Düzenli Üretim - 1,3,10,Gold,Production
28,Elektrik yolu,bahcivan,standart,107,son,9,Hızlı Eller - 1,3,11,Gold,Speed
28,Elektrik yolu,bahcivan,standart,107,son,9,Altın Hasat I - 2,1,13,Gold,Economy
28,Elektrik yolu,bahcivan,standart,107,son,9,Keskin Başlangıç - 3,2,14,Gold,Damage
28,Elektrik yolu,bahcivan,standart,107,son,9,Kesim Tekniği - 1,1,25,Gold,Damage
28,Elektrik yolu,bahcivan,standart,107,son,10,Hızlı Eller - 2,1,12,Gold,Speed
28,Elektrik yolu,bahcivan,standart,107,son,10,Altın Hasat I - 2,2,16,Gold,Economy
28,Elektrik yolu,bahcivan,standart,107,son,10,Düzenli Üretim - 2,1,12,Gold,Production
28,Elektrik yolu,bahcivan,standart,107,son,10,Hasat Deneyimi I - 1,2,8,Gold,Xp
28,Elektrik yolu,bahcivan,standart,107,son,10,Keskin Başlangıç - 4,1,16,Gold,Damage
28,Elektrik yolu,bahcivan,standart,107,son,11,Hızlı Eller - 2,2,14,Gold,Speed
28,Elektrik yolu,bahcivan,standart,107,son,11,Kesim Tekniği - 1,2,35,Gold,Damage
28,Elektrik yolu,bahcivan,standart,107,son,11,Altın Hasat I - 3,1,18,Gold,Economy
28,Elektrik yolu,bahcivan,standart,107,son,11,Keskin Başlangıç - 4,2,17,Gold,Damage
28,Elektrik yolu,bahcivan,standart,107,son,11,Grid Genişleme I,2,30,Iron,Grid
28,Elektrik yolu,bahcivan,standart,107,son,12,2×2 Saksı,1,80,Gold,PlanterUnlock
28,Elektrik yolu,bahcivan,standart,107,son,12,Hasat Deneyimi I - 1,3,10,Gold,Xp
28,Elektrik yolu,bahcivan,standart,107,son,12,Düzenli Üretim - 2,2,13,Gold,Production
28,Elektrik yolu,bahcivan,standart,107,son,12,Çifte Hasat Kartları,1,25,Iron,Economy
28,Elektrik yolu,bahcivan,standart,107,son,13,Hızlı Eller - 3,1,16,Gold,Speed
28,Elektrik yolu,bahcivan,standart,107,son,13,Altın Hasat I - 3,2,20,Gold,Economy
28,Elektrik yolu,bahcivan,standart,107,son,14,Kesim Tekniği - 1,3,40,Gold,Damage
28,Elektrik yolu,bahcivan,standart,107,son,14,Hasat Deneyimi I - 2,1,12,Gold,Xp
28,Elektrik yolu,bahcivan,standart,107,son,14,Demir Hasat - 1,1,25,Gold,Economy
28,Elektrik yolu,bahcivan,standart,107,son,14,Hızlı Eller - 3,2,18,Gold,Speed
28,Elektrik yolu,bahcivan,standart,107,son,14,Düzenli Üretim - 3,1,15,Gold,Production
28,Elektrik yolu,bahcivan,standart,107,son,14,Altın Hasat I - 4,1,22,Gold,Economy
28,Elektrik yolu,bahcivan,standart,107,son,14,Geniş Süpürüş - 1,1,21,Gold,Area
28,Elektrik yolu,bahcivan,standart,107,son,14,Kesim Tekniği - 2,1,50,Gold,Damage
28,Elektrik yolu,bahcivan,standart,107,son,14,Hasat Deneyimi I - 2,2,14,Gold,Xp
28,Elektrik yolu,bahcivan,standart,107,son,14,Hızlı Eller - 4,1,20,Gold,Speed
28,Elektrik yolu,bahcivan,standart,107,son,14,Altın Hasat I - 4,2,24,Gold,Economy
28,Elektrik yolu,bahcivan,standart,107,son,15,Demir Hasat - 1,2,35,Gold,Economy
28,Elektrik yolu,bahcivan,standart,107,son,15,Düzenli Üretim - 3,2,17,Gold,Production
28,Elektrik yolu,bahcivan,standart,107,son,15,Geniş Süpürüş - 1,2,28,Gold,Area
28,Elektrik yolu,bahcivan,standart,107,son,15,Güçlü Kesim - 1,1,120,Gold,Damage
28,Elektrik yolu,bahcivan,standart,107,son,15,Hızlı Eller - 4,2,22,Gold,Speed
29,Elektrik yolu,bahcivan,standart,108,son,2,Keskin Başlangıç - 1,1,5,Gold,Damage
29,Elektrik yolu,bahcivan,standart,108,son,2,Keskin Başlangıç - 1,2,7,Gold,Damage
29,Elektrik yolu,bahcivan,standart,108,son,5,Altın Hasat I - 1,1,7,Gold,Economy
29,Elektrik yolu,bahcivan,standart,108,son,5,Düzenli Üretim - 1,1,6,Gold,Production
29,Elektrik yolu,bahcivan,standart,108,son,5,Keskin Başlangıç - 1,3,8,Gold,Damage
29,Elektrik yolu,bahcivan,standart,108,son,5,Hızlı Eller - 1,1,7,Gold,Speed
29,Elektrik yolu,bahcivan,standart,108,son,5,Hasat Deneyimi I - 1,1,6,Gold,Xp
29,Elektrik yolu,bahcivan,standart,108,son,6,Grid Genişleme I,1,30,Gold,Grid
29,Elektrik yolu,bahcivan,standart,108,son,6,Altın Hasat I - 1,2,9,Gold,Economy
29,Elektrik yolu,bahcivan,standart,108,son,6,Keskin Başlangıç - 2,1,10,Gold,Damage
29,Elektrik yolu,bahcivan,standart,108,son,6,Düzenli Üretim - 1,2,8,Gold,Production
29,Elektrik yolu,bahcivan,standart,108,son,6,Hızlı Eller - 1,2,9,Gold,Speed
29,Elektrik yolu,bahcivan,standart,108,son,7,Keskin Başlangıç - 2,2,11,Gold,Damage
29,Elektrik yolu,bahcivan,standart,108,son,7,Altın Hasat I - 1,3,11,Gold,Economy
29,Elektrik yolu,bahcivan,standart,108,son,8,1×3 Saksı,1,30,Gold,PlanterUnlock
29,Elektrik yolu,bahcivan,standart,108,son,8,Keskin Başlangıç - 3,1,13,Gold,Damage
29,Elektrik yolu,bahcivan,standart,108,son,8,Düzenli Üretim - 1,3,10,Gold,Production
29,Elektrik yolu,bahcivan,standart,108,son,9,Hızlı Eller - 1,3,11,Gold,Speed
29,Elektrik yolu,bahcivan,standart,108,son,9,Altın Hasat I - 2,1,13,Gold,Economy
29,Elektrik yolu,bahcivan,standart,108,son,9,Keskin Başlangıç - 3,2,14,Gold,Damage
29,Elektrik yolu,bahcivan,standart,108,son,9,Kesim Tekniği - 1,1,25,Gold,Damage
29,Elektrik yolu,bahcivan,standart,108,son,9,Hızlı Eller - 2,1,12,Gold,Speed
29,Elektrik yolu,bahcivan,standart,108,son,10,Altın Hasat I - 2,2,16,Gold,Economy
29,Elektrik yolu,bahcivan,standart,108,son,10,Düzenli Üretim - 2,1,12,Gold,Production
29,Elektrik yolu,bahcivan,standart,108,son,10,Hasat Deneyimi I - 1,2,8,Gold,Xp
29,Elektrik yolu,bahcivan,standart,108,son,10,Keskin Başlangıç - 4,1,16,Gold,Damage
29,Elektrik yolu,bahcivan,standart,108,son,11,Hızlı Eller - 2,2,14,Gold,Speed
29,Elektrik yolu,bahcivan,standart,108,son,11,Kesim Tekniği - 1,2,35,Gold,Damage
29,Elektrik yolu,bahcivan,standart,108,son,11,Altın Hasat I - 3,1,18,Gold,Economy
29,Elektrik yolu,bahcivan,standart,108,son,11,2×2 Saksı,1,80,Gold,PlanterUnlock
29,Elektrik yolu,bahcivan,standart,108,son,11,Keskin Başlangıç - 4,2,17,Gold,Damage
29,Elektrik yolu,bahcivan,standart,108,son,11,Çifte Hasat Kartları,1,25,Iron,Economy
29,Elektrik yolu,bahcivan,standart,108,son,11,Grid Genişleme I,2,30,Iron,Grid
29,Elektrik yolu,bahcivan,standart,108,son,12,Hasat Deneyimi I - 1,3,10,Gold,Xp
29,Elektrik yolu,bahcivan,standart,108,son,12,Düzenli Üretim - 2,2,13,Gold,Production
29,Elektrik yolu,bahcivan,standart,108,son,12,Hızlı Eller - 3,1,16,Gold,Speed
29,Elektrik yolu,bahcivan,standart,108,son,12,Altın Hasat I - 3,2,20,Gold,Economy
29,Elektrik yolu,bahcivan,standart,108,son,12,Kesim Tekniği - 1,3,40,Gold,Damage
29,Elektrik yolu,bahcivan,standart,108,son,12,Hasat Deneyimi I - 2,1,12,Gold,Xp
29,Elektrik yolu,bahcivan,standart,108,son,12,Demir Hasat - 1,1,25,Gold,Economy
29,Elektrik yolu,bahcivan,standart,108,son,12,Hızlı Eller - 3,2,18,Gold,Speed
30,Elektrik yolu,bahcivan,standart,109,son,1,Keskin Başlangıç - 1,1,5,Gold,Damage
30,Elektrik yolu,bahcivan,standart,109,son,2,Keskin Başlangıç - 1,2,7,Gold,Damage
30,Elektrik yolu,bahcivan,standart,109,son,3,Altın Hasat I - 1,1,7,Gold,Economy
30,Elektrik yolu,bahcivan,standart,109,son,4,Düzenli Üretim - 1,1,6,Gold,Production
30,Elektrik yolu,bahcivan,standart,109,son,4,Keskin Başlangıç - 1,3,8,Gold,Damage
30,Elektrik yolu,bahcivan,standart,109,son,4,Hızlı Eller - 1,1,7,Gold,Speed
30,Elektrik yolu,bahcivan,standart,109,son,5,Grid Genişleme I,1,30,Gold,Grid
30,Elektrik yolu,bahcivan,standart,109,son,5,Altın Hasat I - 1,2,9,Gold,Economy
30,Elektrik yolu,bahcivan,standart,109,son,5,Keskin Başlangıç - 2,1,10,Gold,Damage
30,Elektrik yolu,bahcivan,standart,109,son,5,Düzenli Üretim - 1,2,8,Gold,Production
30,Elektrik yolu,bahcivan,standart,109,son,5,Hızlı Eller - 1,2,9,Gold,Speed
30,Elektrik yolu,bahcivan,standart,109,son,6,Keskin Başlangıç - 2,2,11,Gold,Damage
30,Elektrik yolu,bahcivan,standart,109,son,6,Altın Hasat I - 1,3,11,Gold,Economy
30,Elektrik yolu,bahcivan,standart,109,son,6,Hasat Deneyimi I - 1,1,6,Gold,Xp
30,Elektrik yolu,bahcivan,standart,109,son,7,1×3 Saksı,1,30,Gold,PlanterUnlock
30,Elektrik yolu,bahcivan,standart,109,son,7,Keskin Başlangıç - 3,1,13,Gold,Damage
30,Elektrik yolu,bahcivan,standart,109,son,7,Düzenli Üretim - 1,3,10,Gold,Production
30,Elektrik yolu,bahcivan,standart,109,son,7,Hızlı Eller - 1,3,11,Gold,Speed
30,Elektrik yolu,bahcivan,standart,109,son,8,Altın Hasat I - 2,1,13,Gold,Economy
30,Elektrik yolu,bahcivan,standart,109,son,8,Keskin Başlangıç - 3,2,14,Gold,Damage
30,Elektrik yolu,bahcivan,standart,109,son,8,Kesim Tekniği - 1,1,25,Gold,Damage
30,Elektrik yolu,bahcivan,standart,109,son,8,Hızlı Eller - 2,1,12,Gold,Speed
30,Elektrik yolu,bahcivan,standart,109,son,9,Altın Hasat I - 2,2,16,Gold,Economy
30,Elektrik yolu,bahcivan,standart,109,son,9,Düzenli Üretim - 2,1,12,Gold,Production
30,Elektrik yolu,bahcivan,standart,109,son,9,Hasat Deneyimi I - 1,2,8,Gold,Xp
30,Elektrik yolu,bahcivan,standart,109,son,9,Keskin Başlangıç - 4,1,16,Gold,Damage
30,Elektrik yolu,bahcivan,standart,109,son,9,Hızlı Eller - 2,2,14,Gold,Speed
30,Elektrik yolu,bahcivan,standart,109,son,11,Kesim Tekniği - 1,2,35,Gold,Damage
30,Elektrik yolu,bahcivan,standart,109,son,11,Altın Hasat I - 3,1,18,Gold,Economy
30,Elektrik yolu,bahcivan,standart,109,son,11,2×2 Saksı,1,80,Gold,PlanterUnlock
30,Elektrik yolu,bahcivan,standart,109,son,11,Keskin Başlangıç - 4,2,17,Gold,Damage
30,Elektrik yolu,bahcivan,standart,109,son,11,Hasat Deneyimi I - 1,3,10,Gold,Xp
30,Elektrik yolu,bahcivan,standart,109,son,11,Düzenli Üretim - 2,2,13,Gold,Production
30,Elektrik yolu,bahcivan,standart,109,son,11,Hızlı Eller - 3,1,16,Gold,Speed
30,Elektrik yolu,bahcivan,standart,109,son,11,Altın Hasat I - 3,2,20,Gold,Economy
30,Elektrik yolu,bahcivan,standart,109,son,11,Çifte Hasat Kartları,1,25,Iron,Economy
30,Elektrik yolu,bahcivan,standart,109,son,11,Grid Genişleme I,2,30,Iron,Grid
30,Elektrik yolu,bahcivan,standart,109,son,12,Kesim Tekniği - 1,3,40,Gold,Damage
30,Elektrik yolu,bahcivan,standart,109,son,12,Hasat Deneyimi I - 2,1,12,Gold,Xp
30,Elektrik yolu,bahcivan,standart,109,son,12,Demir Hasat - 1,1,25,Gold,Economy
30,Elektrik yolu,bahcivan,standart,109,son,12,Hızlı Eller - 3,2,18,Gold,Speed
30,Elektrik yolu,bahcivan,standart,109,son,12,Düzenli Üretim - 3,1,15,Gold,Production
30,Elektrik yolu,bahcivan,standart,109,son,12,Altın Hasat I - 4,1,22,Gold,Economy
30,Elektrik yolu,bahcivan,standart,109,son,12,Geniş Süpürüş - 1,1,21,Gold,Area
30,Elektrik yolu,bahcivan,standart,109,son,12,Kesim Tekniği - 2,1,50,Gold,Damage
30,Elektrik yolu,bahcivan,standart,109,son,12,Hasat Deneyimi I - 2,2,14,Gold,Xp
30,Elektrik yolu,bahcivan,standart,109,son,12,Hızlı Eller - 4,1,20,Gold,Speed
30,Elektrik yolu,bahcivan,standart,109,son,12,Altın Hasat I - 4,2,24,Gold,Economy
30,Elektrik yolu,bahcivan,standart,109,son,12,Demir Hasat - 1,2,35,Gold,Economy
30,Elektrik yolu,bahcivan,standart,109,son,13,Düzenli Üretim - 3,2,17,Gold,Production
30,Elektrik yolu,bahcivan,standart,109,son,13,Geniş Süpürüş - 1,2,28,Gold,Area
30,Elektrik yolu,bahcivan,standart,109,son,13,Güçlü Kesim - 1,1,120,Gold,Damage
30,Elektrik yolu,bahcivan,standart,109,son,13,Hızlı Eller - 4,2,22,Gold,Speed
30,Elektrik yolu,bahcivan,standart,109,son,13,Kesim Tekniği - 2,2,55,Gold,Damage
30,Elektrik yolu,bahcivan,standart,109,son,13,Hasat Deneyimi I - 3,1,16,Gold,Xp
30,Elektrik yolu,bahcivan,standart,109,son,14,2×3 Saksı,1,200,Gold,PlanterUnlock
30,Elektrik yolu,bahcivan,standart,109,son,14,Düzenli Üretim - 4,1,19,Gold,Production
30,Elektrik yolu,bahcivan,standart,109,son,14,Demir Hasat - 1,3,40,Gold,Economy
30,Elektrik yolu,bahcivan,standart,109,son,14,Geniş Süpürüş - 1,3,35,Gold,Area
30,Elektrik yolu,bahcivan,standart,109,son,14,Hasat Deneyimi I - 3,2,18,Gold,Xp
30,Elektrik yolu,bahcivan,standart,109,son,14,Düzenli Üretim - 4,2,21,Gold,Production
30,Elektrik yolu,bahcivan,standart,109,son,14,Hasat Deneyimi I - 4,1,20,Gold,Xp
30,Elektrik yolu,bahcivan,standart,109,son,14,Taş Hasat - 1,1,35,Iron,Economy
30,Elektrik yolu,bahcivan,standart,109,son,15,İlk Vazgeçiş,1,150,Gold,Cards
30,Elektrik yolu,bahcivan,standart,109,son,15,Kesim Tekniği - 3,1,65,Gold,Damage
30,Elektrik yolu,bahcivan,standart,109,son,15,Geniş Süpürüş - 2,1,40,Gold,Area
30,Elektrik yolu,bahcivan,standart,109,son,15,Geniş Süpürüş - 2,2,45,Gold,Area
30,Elektrik yolu,bahcivan,standart,109,son,15,Hasat Deneyimi I - 4,2,21,Gold,Xp
30,Elektrik yolu,bahcivan,standart,109,son,16,Hasat Rekoru - 1,1,180,Gold,Score
30,Elektrik yolu,bahcivan,standart,109,son,16,Güçlü Kesim - 1,2,160,Gold,Damage
30,Elektrik yolu,bahcivan,standart,109,son,16,Akıcı Kesim - 1,1,160,Gold,Speed
30,Elektrik yolu,bahcivan,standart,109,son,16,Verimli Üretim - 1,1,200,Iron,Production
30,Elektrik yolu,bahcivan,standart,109,son,17,Kesim Tekniği - 3,2,70,Gold,Damage
30,Elektrik yolu,bahcivan,standart,109,son,17,Demir Hasat - 2,1,50,Gold,Economy
30,Elektrik yolu,bahcivan,standart,109,son,17,Güçlü Kesim - 1,3,195,Gold,Damage
30,Elektrik yolu,bahcivan,standart,109,son,17,Akıcı Kesim - 1,2,210,Gold,Speed
30,Elektrik yolu,bahcivan,standart,109,son,17,Kesim Tekniği - 4,1,80,Gold,Damage
30,Elektrik yolu,bahcivan,standart,109,son,17,Demir Hasat - 2,2,55,Gold,Economy
30,Elektrik yolu,bahcivan,standart,109,son,17,Geniş Süpürüş - 3,1,55,Gold,Area
30,Elektrik yolu,bahcivan,standart,109,son,17,Nadir Filizler - 1,1,230,Iron,Rarity
30,Elektrik yolu,bahcivan,standart,109,son,17,Taş Hasat - 1,2,45,Iron,Economy
30,Elektrik yolu,bahcivan,standart,109,son,18,Hasat Rekoru - 1,2,240,Gold,Score
30,Elektrik yolu,bahcivan,standart,109,son,18,Güçlü Kesim - 2,1,230,Gold,Damage
30,Elektrik yolu,bahcivan,standart,109,son,18,Altın Hasat II - 1,1,180,Gold,Economy
30,Elektrik yolu,bahcivan,standart,109,son,18,Kesim Tekniği - 4,2,85,Gold,Damage
30,Elektrik yolu,bahcivan,standart,109,son,18,Grid Genişleme II,1,100,Stone,Grid
30,Elektrik yolu,bahcivan,standart,109,son,19,Akıcı Kesim - 1,3,260,Gold,Speed
30,Elektrik yolu,bahcivan,standart,109,son,19,Demir Hasat - 3,1,65,Gold,Economy
30,Elektrik yolu,bahcivan,standart,109,son,19,Hasat Rekoru - 1,3,290,Gold,Score
30,Elektrik yolu,bahcivan,standart,109,son,19,Taş Hasat - 1,3,55,Iron,Economy
30,Elektrik yolu,bahcivan,standart,109,son,19,Verimli Üretim - 1,2,260,Iron,Production
30,Elektrik yolu,bahcivan,standart,109,son,19,Nadir Filizler - 1,2,300,Iron,Rarity
30,Elektrik yolu,bahcivan,standart,109,son,20,Geniş Süpürüş - 3,2,60,Gold,Area
30,Elektrik yolu,bahcivan,standart,109,son,20,Güçlü Kesim - 2,2,270,Gold,Damage
30,Elektrik yolu,bahcivan,standart,109,son,20,Altın Hasat II - 1,2,240,Gold,Economy
30,Elektrik yolu,bahcivan,standart,109,son,20,Geniş Tarama - 1,1,160,Gold,Area
30,Elektrik yolu,bahcivan,standart,109,son,21,Akıcı Kesim - 2,1,310,Gold,Speed
30,Elektrik yolu,bahcivan,standart,109,son,21,Kesim Ustalığı - 1,1,560,Iron,Damage
30,Elektrik yolu,bahcivan,standart,109,son,21,Geniş Süpürüş - 4,1,65,Gold,Area
30,Elektrik yolu,bahcivan,standart,109,son,21,Demir Hasat - 3,2,70,Gold,Economy
30,Elektrik yolu,bahcivan,standart,109,son,21,Altın Hasat II - 1,3,290,Gold,Economy
30,Elektrik yolu,bahcivan,standart,109,son,21,Taş Hasat - 2,1,65,Iron,Economy
30,Elektrik yolu,bahcivan,standart,109,son,22,Güçlü Kesim - 3,1,300,Gold,Damage
30,Elektrik yolu,bahcivan,standart,109,son,22,Hasat Rekoru - 2,1,350,Gold,Score
30,Elektrik yolu,bahcivan,standart,109,son,22,Verimli Üretim - 1,3,320,Iron,Production
30,Elektrik yolu,bahcivan,standart,109,son,22,Geniş Süpürüş - 4,2,70,Gold,Area
30,Elektrik yolu,bahcivan,standart,109,son,22,Geniş Tarama - 1,2,210,Gold,Area
30,Elektrik yolu,bahcivan,standart,109,son,23,Akıcı Kesim - 2,2,360,Gold,Speed
30,Elektrik yolu,bahcivan,standart,109,son,23,Nadir Filizler - 1,3,360,Iron,Rarity
30,Elektrik yolu,bahcivan,standart,109,son,23,Demir Hasat - 4,1,80,Gold,Economy
30,Elektrik yolu,bahcivan,standart,109,son,23,Taş Hasat - 2,2,80,Iron,Economy
30,Elektrik yolu,bahcivan,standart,109,son,24,Kesim Ustalığı - 1,2,720,Iron,Damage
30,Elektrik yolu,bahcivan,standart,109,son,24,Güçlü Kesim - 3,2,340,Gold,Damage
30,Elektrik yolu,bahcivan,standart,109,son,24,Altın Hasat II - 2,1,350,Gold,Economy
30,Elektrik yolu,bahcivan,standart,109,son,24,Akıcı Kesim - 3,1,400,Gold,Speed
30,Elektrik yolu,bahcivan,standart,109,son,24,Geniş Tarama - 1,3,260,Gold,Area
30,Elektrik yolu,bahcivan,standart,109,son,24,Demir Hasat - 4,2,85,Gold,Economy
30,Elektrik yolu,bahcivan,standart,109,son,24,Zengin Cevher - 1,1,50,Stone,Economy
30,Elektrik yolu,bahcivan,standart,109,son,25,Hasat Deneyimi II - 1,1,450,Gold,Xp
30,Elektrik yolu,bahcivan,standart,109,son,25,Hasat Rekoru - 2,2,400,Gold,Score
30,Elektrik yolu,bahcivan,standart,109,son,25,Taş Hasat - 3,1,90,Iron,Economy
30,Elektrik yolu,bahcivan,standart,109,son,25,Geniş Tarama - 2,1,310,Gold,Area
30,Elektrik yolu,bahcivan,standart,109,son,26,İkinci Vazgeçiş,1,800,Iron,Cards
30,Elektrik yolu,bahcivan,standart,109,son,26,Verimli Üretim - 2,1,380,Iron,Production
30,Elektrik yolu,bahcivan,standart,109,son,26,Güçlü Kesim - 4,1,380,Gold,Damage
30,Elektrik yolu,bahcivan,standart,109,son,26,Altın Hasat II - 2,2,400,Gold,Economy
30,Elektrik yolu,bahcivan,standart,109,son,26,Akıcı Kesim - 3,2,450,Gold,Speed
30,Elektrik yolu,bahcivan,standart,109,son,26,Kritik Odak - 1,1,150,Gold,Crit
30,Elektrik yolu,bahcivan,standart,109,son,27,Ağır Kesim - 1,1,1200,Gold,Damage
30,Elektrik yolu,bahcivan,standart,109,son,27,Kesim Ustalığı - 1,3,890,Iron,Damage
30,Elektrik yolu,bahcivan,standart,109,son,27,Kart Sezgisi - 1,1,710,Gold,Cards
30,Elektrik yolu,bahcivan,standart,109,son,27,Zengin Cevher - 1,2,65,Stone,Economy
30,Elektrik yolu,bahcivan,standart,109,son,27,Taş Hasat - 3,2,100,Iron,Economy
30,Elektrik yolu,bahcivan,standart,109,son,28,Nadir Filizler - 2,1,430,Iron,Rarity
30,Elektrik yolu,bahcivan,standart,109,son,28,Verimli Üretim - 2,2,440,Iron,Production
30,Elektrik yolu,bahcivan,standart,109,son,28,Hasat Deneyimi II - 1,2,590,Gold,Xp
30,Elektrik yolu,bahcivan,standart,109,son,28,Altın Hasat II - 3,1,450,Gold,Economy
30,Elektrik yolu,bahcivan,standart,109,son,28,Güçlü Kesim - 4,2,410,Gold,Damage
30,Elektrik yolu,bahcivan,standart,109,son,28,Hasat Rekoru - 3,1,450,Gold,Score
30,Elektrik yolu,bahcivan,standart,109,son,28,Nadir Filizler - 2,2,500,Iron,Rarity
30,Elektrik yolu,bahcivan,standart,109,son,29,Ağır Kesim - 1,2,1600,Gold,Damage
30,Elektrik yolu,bahcivan,standart,109,son,29,Kesim Ustalığı - 2,1,1100,Iron,Damage
30,Elektrik yolu,bahcivan,standart,109,son,29,Akıcı Kesim - 4,1,500,Gold,Speed
30,Elektrik yolu,bahcivan,standart,109,son,29,Zengin Cevher - 1,3,80,Stone,Economy
30,Elektrik yolu,bahcivan,standart,109,son,29,Taş Hasat - 4,1,110,Iron,Economy
30,Elektrik yolu,bahcivan,standart,109,son,30,Geniş Tarama - 2,2,360,Gold,Area
30,Elektrik yolu,bahcivan,standart,109,son,30,Hasat Deneyimi II - 1,3,730,Gold,Xp
30,Elektrik yolu,bahcivan,standart,109,son,30,Verimli Üretim - 3,1,510,Iron,Production
30,Elektrik yolu,bahcivan,standart,109,son,30,Altın Hasat II - 3,2,510,Gold,Economy
30,Elektrik yolu,bahcivan,standart,109,son,30,Verimli Üretim - 3,2,570,Iron,Production
30,Elektrik yolu,bahcivan,standart,109,son,31,Kart Sezgisi - 1,2,920,Gold,Cards
30,Elektrik yolu,bahcivan,standart,109,son,31,Kritik Odak - 1,2,195,Gold,Crit
30,Elektrik yolu,bahcivan,standart,109,son,31,Akıcı Kesim - 4,2,550,Gold,Speed
30,Elektrik yolu,bahcivan,standart,109,son,31,Geniş Tarama - 3,1,400,Gold,Area
30,Elektrik yolu,bahcivan,standart,109,son,31,Kesim Ustalığı - 2,2,1200,Iron,Damage
30,Elektrik yolu,bahcivan,standart,109,son,31,Kritik Odak - 1,3,240,Gold,Crit
30,Elektrik yolu,bahcivan,standart,109,son,31,Zengin Cevher - 2,1,95,Stone,Economy
30,Elektrik yolu,bahcivan,standart,109,son,32,Ağır Kesim - 1,3,1900,Gold,Damage
30,Elektrik yolu,bahcivan,standart,109,son,32,Hasat Deneyimi II - 2,1,860,Gold,Xp
30,Elektrik yolu,bahcivan,standart,109,son,32,Nadir Filizler - 3,1,570,Iron,Rarity
30,Elektrik yolu,bahcivan,standart,109,son,32,Taş Hasat - 4,2,120,Iron,Economy
30,Elektrik yolu,bahcivan,standart,109,son,33,Hasat Rekoru - 3,2,510,Gold,Score
30,Elektrik yolu,bahcivan,standart,109,son,33,Altın Hasat II - 4,1,560,Gold,Economy
30,Elektrik yolu,bahcivan,standart,109,son,33,Kart Sezgisi - 1,3,1100,Gold,Cards
30,Elektrik yolu,bahcivan,standart,109,son,33,Kesim Ustalığı - 3,1,1400,Iron,Damage
30,Elektrik yolu,bahcivan,standart,109,son,33,Zengin Cevher - 2,2,110,Stone,Economy
30,Elektrik yolu,bahcivan,standart,109,son,34,Ağır Kesim - 2,1,2300,Gold,Damage
30,Elektrik yolu,bahcivan,standart,109,son,34,Geniş Tarama - 3,2,450,Gold,Area
30,Elektrik yolu,bahcivan,standart,109,son,34,Verimli Üretim - 4,1,630,Iron,Production
30,Elektrik yolu,bahcivan,standart,109,son,34,Altın Hasat II - 4,2,620,Gold,Economy
30,Elektrik yolu,bahcivan,standart,109,son,34,Nadir Filizler - 3,2,640,Iron,Rarity
30,Elektrik yolu,bahcivan,standart,109,son,35,Hasat Deneyimi II - 2,2,1000,Gold,Xp
30,Elektrik yolu,bahcivan,standart,109,son,35,Kritik Odak - 2,1,290,Gold,Crit
30,Elektrik yolu,bahcivan,standart,109,son,35,Kart Sezgisi - 2,1,1300,Gold,Cards
30,Elektrik yolu,bahcivan,standart,109,son,35,Hasat Rekoru - 4,1,560,Gold,Score
30,Elektrik yolu,bahcivan,standart,109,son,35,Geniş Tarama - 4,1,500,Gold,Area
30,Elektrik yolu,bahcivan,standart,109,son,35,Kesim Ustalığı - 3,2,1600,Iron,Damage
30,Elektrik yolu,bahcivan,standart,109,son,35,Verimli Üretim - 4,2,690,Iron,Production
30,Elektrik yolu,bahcivan,standart,109,son,35,Zengin Cevher - 3,1,125,Stone,Economy
30,Elektrik yolu,bahcivan,standart,109,son,36,Ağır Kesim - 2,2,2700,Gold,Damage
30,Elektrik yolu,bahcivan,standart,109,son,36,Kritik Odak - 2,2,330,Gold,Crit
30,Elektrik yolu,bahcivan,standart,109,son,36,Geniş Tarama - 4,2,550,Gold,Area
30,Elektrik yolu,bahcivan,standart,109,son,36,Nadir Filizler - 4,1,700,Iron,Rarity
30,Elektrik yolu,bahcivan,standart,109,son,37,Hasat Deneyimi II - 3,1,1100,Gold,Xp
30,Elektrik yolu,bahcivan,standart,109,son,37,Kart Sezgisi - 2,2,1600,Gold,Cards
30,Elektrik yolu,bahcivan,standart,109,son,37,Hasat Rekoru - 4,2,620,Gold,Score
30,Elektrik yolu,bahcivan,standart,109,son,37,Kesim Ustalığı - 4,1,1700,Iron,Damage
30,Elektrik yolu,bahcivan,standart,109,son,37,Kritik Odak - 3,1,380,Gold,Crit
30,Elektrik yolu,bahcivan,standart,109,son,37,Zengin Cevher - 3,2,140,Stone,Economy
30,Elektrik yolu,bahcivan,standart,109,son,38,Ağır Kesim - 3,1,3000,Gold,Damage
30,Elektrik yolu,bahcivan,standart,109,son,38,Hasat Deneyimi II - 3,2,1300,Gold,Xp
30,Elektrik yolu,bahcivan,standart,109,son,38,Nadir Filizler - 4,2,770,Iron,Rarity
30,Elektrik yolu,bahcivan,standart,109,son,39,Ağır Kesim - 3,2,3400,Gold,Damage
30,Elektrik yolu,bahcivan,standart,109,son,39,Kritik Odak - 3,2,420,Gold,Crit
30,Elektrik yolu,bahcivan,standart,109,son,39,Zengin Cevher - 4,1,155,Stone,Economy
30,Elektrik yolu,bahcivan,standart,109,son,39,Kesim Ustalığı - 4,2,1900,Iron,Damage
30,Elektrik yolu,bahcivan,standart,109,son,40,Kart Sezgisi - 3,1,1800,Gold,Cards
30,Elektrik yolu,bahcivan,standart,109,son,40,Hasat Deneyimi II - 4,1,1400,Gold,Xp
30,Elektrik yolu,bahcivan,standart,109,son,40,Kritik Güç - 1,1,150,Stone,Crit
30,Elektrik yolu,bahcivan,standart,109,son,41,Ağır Kesim - 4,1,3800,Gold,Damage
30,Elektrik yolu,bahcivan,standart,109,son,41,Hasat Deneyimi II - 4,2,1500,Gold,Xp
30,Elektrik yolu,bahcivan,standart,109,son,41,Grid Genişleme II,2,1800,Stone,Grid
30,Elektrik yolu,bahcivan,standart,109,son,41,Zengin Cevher - 4,2,170,Stone,Economy
30,Elektrik yolu,bahcivan,standart,109,son,42,Kart Sezgisi - 3,2,2000,Gold,Cards
30,Elektrik yolu,bahcivan,standart,109,son,42,Kritik Odak - 4,1,470,Gold,Crit
30,Elektrik yolu,bahcivan,standart,109,son,42,Kritik Güç - 1,2,195,Stone,Crit
30,Elektrik yolu,bahcivan,standart,109,son,43,Ağır Kesim - 4,2,4100,Gold,Damage
30,Elektrik yolu,bahcivan,standart,109,son,43,Kart Sezgisi - 4,1,2200,Gold,Cards
30,Elektrik yolu,bahcivan,standart,109,son,43,Kritik Odak - 4,2,520,Gold,Crit
30,Elektrik yolu,bahcivan,standart,109,son,44,Kritik Güç - 1,3,240,Stone,Crit
30,Elektrik yolu,bahcivan,standart,109,son,45,Kart Sezgisi - 4,2,2400,Gold,Cards
30,Elektrik yolu,bahcivan,standart,109,son,46,Kritik Güç - 2,1,290,Stone,Crit
30,Elektrik yolu,bahcivan,standart,109,son,48,Kritik Güç - 2,2,330,Stone,Crit
31,Davranış yönü,bahcivan,standart,100,son,1,Keskin Başlangıç - 1,1,5,Gold,Damage
31,Davranış yönü,bahcivan,standart,100,son,2,Keskin Başlangıç - 1,2,7,Gold,Damage
31,Davranış yönü,bahcivan,standart,100,son,2,Altın Hasat I - 1,1,7,Gold,Economy
31,Davranış yönü,bahcivan,standart,100,son,3,Düzenli Üretim - 1,1,6,Gold,Production
31,Davranış yönü,bahcivan,standart,100,son,3,Keskin Başlangıç - 1,3,8,Gold,Damage
31,Davranış yönü,bahcivan,standart,100,son,3,Hızlı Eller - 1,1,7,Gold,Speed
31,Davranış yönü,bahcivan,standart,100,son,3,Hasat Deneyimi I - 1,1,6,Gold,Xp
31,Davranış yönü,bahcivan,standart,100,son,5,Grid Genişleme I,1,30,Gold,Grid
31,Davranış yönü,bahcivan,standart,100,son,5,Altın Hasat I - 1,2,9,Gold,Economy
31,Davranış yönü,bahcivan,standart,100,son,5,Keskin Başlangıç - 2,1,10,Gold,Damage
31,Davranış yönü,bahcivan,standart,100,son,5,Düzenli Üretim - 1,2,8,Gold,Production
31,Davranış yönü,bahcivan,standart,100,son,5,Hızlı Eller - 1,2,9,Gold,Speed
31,Davranış yönü,bahcivan,standart,100,son,6,Keskin Başlangıç - 2,2,11,Gold,Damage
31,Davranış yönü,bahcivan,standart,100,son,7,Altın Hasat I - 1,3,11,Gold,Economy
31,Davranış yönü,bahcivan,standart,100,son,7,1×3 Saksı,1,30,Gold,PlanterUnlock
31,Davranış yönü,bahcivan,standart,100,son,7,Hasat Deneyimi I - 1,2,8,Gold,Xp
31,Davranış yönü,bahcivan,standart,100,son,7,Keskin Başlangıç - 3,1,13,Gold,Damage
31,Davranış yönü,bahcivan,standart,100,son,8,Tornado Kartları,1,30,Iron,BehaviorUnlock
31,Davranış yönü,bahcivan,standart,100,son,8,Düzenli Üretim - 1,3,10,Gold,Production
31,Davranış yönü,bahcivan,standart,100,son,8,Hızlı Eller - 1,3,11,Gold,Speed
31,Davranış yönü,bahcivan,standart,100,son,8,Altın Hasat I - 2,1,13,Gold,Economy
31,Davranış yönü,bahcivan,standart,100,son,8,Keskin Başlangıç - 3,2,14,Gold,Damage
31,Davranış yönü,bahcivan,standart,100,son,9,Bumerang Orak Kartları,1,40,Iron,BehaviorUnlock
31,Davranış yönü,bahcivan,standart,100,son,9,Kesim Tekniği - 1,1,25,Gold,Damage
31,Davranış yönü,bahcivan,standart,100,son,9,Hızlı Eller - 2,1,12,Gold,Speed
31,Davranış yönü,bahcivan,standart,100,son,9,Hasat Deneyimi I - 1,3,10,Gold,Xp
31,Davranış yönü,bahcivan,standart,100,son,9,Altın Hasat I - 2,2,16,Gold,Economy
31,Davranış yönü,bahcivan,standart,100,son,9,Düzenli Üretim - 2,1,12,Gold,Production
31,Davranış yönü,bahcivan,standart,100,son,9,Keskin Başlangıç - 4,1,16,Gold,Damage
31,Davranış yönü,bahcivan,standart,100,son,10,Hızlı Eller - 2,2,14,Gold,Speed
31,Davranış yönü,bahcivan,standart,100,son,10,Kesim Tekniği - 1,2,35,Gold,Damage
31,Davranış yönü,bahcivan,standart,100,son,10,Altın Hasat I - 3,1,18,Gold,Economy
31,Davranış yönü,bahcivan,standart,100,son,10,Hasat Deneyimi I - 2,1,12,Gold,Xp
31,Davranış yönü,bahcivan,standart,100,son,10,Keskin Başlangıç - 4,2,17,Gold,Damage
31,Davranış yönü,bahcivan,standart,100,son,11,2×2 Saksı,1,80,Gold,PlanterUnlock
31,Davranış yönü,bahcivan,standart,100,son,11,Düzenli Üretim - 2,2,13,Gold,Production
31,Davranış yönü,bahcivan,standart,100,son,11,Hızlı Eller - 3,1,16,Gold,Speed
31,Davranış yönü,bahcivan,standart,100,son,11,Çifte Hasat Kartları,1,25,Iron,Economy
31,Davranış yönü,bahcivan,standart,100,son,12,Altın Hasat I - 3,2,20,Gold,Economy
31,Davranış yönü,bahcivan,standart,100,son,12,Hasat Deneyimi I - 2,2,14,Gold,Xp
31,Davranış yönü,bahcivan,standart,100,son,12,Kesim Tekniği - 1,3,40,Gold,Damage
31,Davranış yönü,bahcivan,standart,100,son,12,Demir Hasat - 1,1,25,Gold,Economy
31,Davranış yönü,bahcivan,standart,100,son,12,Hızlı Eller - 3,2,18,Gold,Speed
31,Davranış yönü,bahcivan,standart,100,son,12,Düzenli Üretim - 3,1,15,Gold,Production
31,Davranış yönü,bahcivan,standart,100,son,12,Altın Hasat I - 4,1,22,Gold,Economy
31,Davranış yönü,bahcivan,standart,100,son,12,Geniş Süpürüş - 1,1,21,Gold,Area
31,Davranış yönü,bahcivan,standart,100,son,12,Hasat Deneyimi I - 3,1,16,Gold,Xp
31,Davranış yönü,bahcivan,standart,100,son,12,Grid Genişleme I,2,30,Iron,Grid
31,Davranış yönü,bahcivan,standart,100,son,13,Kesim Tekniği - 2,1,50,Gold,Damage
31,Davranış yönü,bahcivan,standart,100,son,13,Hızlı Eller - 4,1,20,Gold,Speed
31,Davranış yönü,bahcivan,standart,100,son,13,Altın Hasat I - 4,2,24,Gold,Economy
31,Davranış yönü,bahcivan,standart,100,son,13,Demir Hasat - 1,2,35,Gold,Economy
31,Davranış yönü,bahcivan,standart,100,son,13,Düzenli Üretim - 3,2,17,Gold,Production
31,Davranış yönü,bahcivan,standart,100,son,14,Geniş Süpürüş - 1,2,28,Gold,Area
31,Davranış yönü,bahcivan,standart,100,son,14,Hasat Deneyimi I - 3,2,18,Gold,Xp
31,Davranış yönü,bahcivan,standart,100,son,14,Güçlü Kesim - 1,1,120,Gold,Damage
31,Davranış yönü,bahcivan,standart,100,son,14,Hızlı Eller - 4,2,22,Gold,Speed
31,Davranış yönü,bahcivan,standart,100,son,14,Kesim Tekniği - 2,2,55,Gold,Damage
31,Davranış yönü,bahcivan,standart,100,son,14,Düzenli Üretim - 4,1,19,Gold,Production
31,Davranış yönü,bahcivan,standart,100,son,14,Hasat Deneyimi I - 4,1,20,Gold,Xp
31,Davranış yönü,bahcivan,standart,100,son,15,2×3 Saksı,1,200,Gold,PlanterUnlock
31,Davranış yönü,bahcivan,standart,100,son,15,Demir Hasat - 1,3,40,Gold,Economy
31,Davranış yönü,bahcivan,standart,100,son,15,Geniş Süpürüş - 1,3,35,Gold,Area
31,Davranış yönü,bahcivan,standart,100,son,15,Düzenli Üretim - 4,2,21,Gold,Production
31,Davranış yönü,bahcivan,standart,100,son,15,Taş Hasat - 1,1,35,Iron,Economy
31,Davranış yönü,bahcivan,standart,100,son,16,İlk Vazgeçiş,1,150,Gold,Cards
31,Davranış yönü,bahcivan,standart,100,son,16,Kesim Tekniği - 3,1,65,Gold,Damage
31,Davranış yönü,bahcivan,standart,100,son,16,Hasat Rekoru - 1,1,180,Gold,Score
31,Davranış yönü,bahcivan,standart,100,son,16,Hasat Deneyimi I - 4,2,21,Gold,Xp
31,Davranış yönü,bahcivan,standart,100,son,16,Geniş Süpürüş - 2,1,40,Gold,Area
31,Davranış yönü,bahcivan,standart,100,son,16,Verimli Üretim - 1,1,200,Iron,Production
31,Davranış yönü,bahcivan,standart,100,son,17,Güçlü Kesim - 1,2,160,Gold,Damage
31,Davranış yönü,bahcivan,standart,100,son,17,Akıcı Kesim - 1,1,160,Gold,Speed
31,Davranış yönü,bahcivan,standart,100,son,17,Kesim Tekniği - 3,2,70,Gold,Damage
31,Davranış yönü,bahcivan,standart,100,son,17,Demir Hasat - 2,1,50,Gold,Economy
31,Davranış yönü,bahcivan,standart,100,son,17,Güçlü Kesim - 1,3,195,Gold,Damage
31,Davranış yönü,bahcivan,standart,100,son,17,Geniş Süpürüş - 2,2,45,Gold,Area
31,Davranış yönü,bahcivan,standart,100,son,17,Kesim Tekniği - 4,1,80,Gold,Damage
31,Davranış yönü,bahcivan,standart,100,son,17,Nadir Filizler - 1,1,230,Iron,Rarity
31,Davranış yönü,bahcivan,standart,100,son,17,Taş Hasat - 1,2,45,Iron,Economy
31,Davranış yönü,bahcivan,standart,100,son,18,Akıcı Kesim - 1,2,210,Gold,Speed
31,Davranış yönü,bahcivan,standart,100,son,18,Hasat Rekoru - 1,2,240,Gold,Score
31,Davranış yönü,bahcivan,standart,100,son,18,Demir Hasat - 2,2,55,Gold,Economy
31,Davranış yönü,bahcivan,standart,100,son,18,Güçlü Kesim - 2,1,230,Gold,Damage
31,Davranış yönü,bahcivan,standart,100,son,18,Geniş Süpürüş - 3,1,55,Gold,Area
31,Davranış yönü,bahcivan,standart,100,son,18,Altın Hasat II - 1,1,180,Gold,Economy
31,Davranış yönü,bahcivan,standart,100,son,18,Kesim Tekniği - 4,2,85,Gold,Damage
31,Davranış yönü,bahcivan,standart,100,son,18,Grid Genişleme II,1,100,Stone,Grid
31,Davranış yönü,bahcivan,standart,100,son,19,Akıcı Kesim - 1,3,260,Gold,Speed
31,Davranış yönü,bahcivan,standart,100,son,19,Demir Hasat - 3,1,65,Gold,Economy
31,Davranış yönü,bahcivan,standart,100,son,19,Geniş Süpürüş - 3,2,60,Gold,Area
31,Davranış yönü,bahcivan,standart,100,son,19,Taş Hasat - 1,3,55,Iron,Economy
31,Davranış yönü,bahcivan,standart,100,son,19,Verimli Üretim - 1,2,260,Iron,Production
31,Davranış yönü,bahcivan,standart,100,son,19,Nadir Filizler - 1,2,300,Iron,Rarity
31,Davranış yönü,bahcivan,standart,100,son,19,Geniş Tarama - 1,1,160,Gold,Area
31,Davranış yönü,bahcivan,standart,100,son,20,Hasat Rekoru - 1,3,290,Gold,Score
31,Davranış yönü,bahcivan,standart,100,son,20,Güçlü Kesim - 2,2,270,Gold,Damage
31,Davranış yönü,bahcivan,standart,100,son,20,Altın Hasat II - 1,2,240,Gold,Economy
31,Davranış yönü,bahcivan,standart,100,son,20,Akıcı Kesim - 2,1,310,Gold,Speed
31,Davranış yönü,bahcivan,standart,100,son,20,Kesim Ustalığı - 1,1,560,Iron,Damage
31,Davranış yönü,bahcivan,standart,100,son,20,Geniş Süpürüş - 4,1,65,Gold,Area
31,Davranış yönü,bahcivan,standart,100,son,21,Demir Hasat - 3,2,70,Gold,Economy
31,Davranış yönü,bahcivan,standart,100,son,21,Güçlü Kesim - 3,1,300,Gold,Damage
31,Davranış yönü,bahcivan,standart,100,son,21,Altın Hasat II - 1,3,290,Gold,Economy
31,Davranış yönü,bahcivan,standart,100,son,21,Hasat Rekoru - 2,1,350,Gold,Score
31,Davranış yönü,bahcivan,standart,100,son,21,Taş Hasat - 2,1,65,Iron,Economy
31,Davranış yönü,bahcivan,standart,100,son,21,Akıcı Kesim - 2,2,360,Gold,Speed
31,Davranış yönü,bahcivan,standart,100,son,21,Verimli Üretim - 1,3,320,Iron,Production
31,Davranış yönü,bahcivan,standart,100,son,21,Geniş Süpürüş - 4,2,70,Gold,Area
31,Davranış yönü,bahcivan,standart,100,son,22,Geniş Tarama - 1,2,210,Gold,Area
31,Davranış yönü,bahcivan,standart,100,son,22,Hasat Deneyimi II - 1,1,450,Gold,Xp
31,Davranış yönü,bahcivan,standart,100,son,22,Kesim Ustalığı - 1,2,720,Iron,Damage
31,Davranış yönü,bahcivan,standart,100,son,22,Demir Hasat - 4,1,80,Gold,Economy
31,Davranış yönü,bahcivan,standart,100,son,22,Güçlü Kesim - 3,2,340,Gold,Damage
31,Davranış yönü,bahcivan,standart,100,son,22,Altın Hasat II - 2,1,350,Gold,Economy
31,Davranış yönü,bahcivan,standart,100,son,23,Nadir Filizler - 1,3,360,Iron,Rarity
31,Davranış yönü,bahcivan,standart,100,son,23,Taş Hasat - 2,2,80,Iron,Economy
31,Davranış yönü,bahcivan,standart,100,son,23,Akıcı Kesim - 3,1,400,Gold,Speed
31,Davranış yönü,bahcivan,standart,100,son,23,Verimli Üretim - 2,1,380,Iron,Production
31,Davranış yönü,bahcivan,standart,100,son,23,Geniş Tarama - 1,3,260,Gold,Area
31,Davranış yönü,bahcivan,standart,100,son,24,İkinci Vazgeçiş,1,800,Iron,Cards
31,Davranış yönü,bahcivan,standart,100,son,24,Hasat Deneyimi II - 1,2,590,Gold,Xp
31,Davranış yönü,bahcivan,standart,100,son,24,Hasat Rekoru - 2,2,400,Gold,Score
31,Davranış yönü,bahcivan,standart,100,son,24,Güçlü Kesim - 4,1,380,Gold,Damage
31,Davranış yönü,bahcivan,standart,100,son,24,Altın Hasat II - 2,2,400,Gold,Economy
31,Davranış yönü,bahcivan,standart,100,son,24,Ağır Kesim - 1,1,1200,Gold,Damage
31,Davranış yönü,bahcivan,standart,100,son,24,Demir Hasat - 4,2,85,Gold,Economy
31,Davranış yönü,bahcivan,standart,100,son,24,Zengin Cevher - 1,1,50,Stone,Economy
31,Davranış yönü,bahcivan,standart,100,son,25,Kesim Ustalığı - 1,3,890,Iron,Damage
31,Davranış yönü,bahcivan,standart,100,son,25,Nadir Filizler - 2,1,430,Iron,Rarity
31,Davranış yönü,bahcivan,standart,100,son,25,Akıcı Kesim - 3,2,450,Gold,Speed
31,Davranış yönü,bahcivan,standart,100,son,25,Geniş Tarama - 2,1,310,Gold,Area
31,Davranış yönü,bahcivan,standart,100,son,25,Kart Sezgisi - 1,1,710,Gold,Cards
31,Davranış yönü,bahcivan,standart,100,son,26,Taş Hasat - 3,1,90,Iron,Economy
31,Davranış yönü,bahcivan,standart,100,son,26,Verimli Üretim - 2,2,440,Iron,Production
31,Davranış yönü,bahcivan,standart,100,son,26,Hasat Deneyimi II - 1,3,730,Gold,Xp
31,Davranış yönü,bahcivan,standart,100,son,26,Altın Hasat II - 3,1,450,Gold,Economy
31,Davranış yönü,bahcivan,standart,100,son,26,Güçlü Kesim - 4,2,410,Gold,Damage
31,Davranış yönü,bahcivan,standart,100,son,26,Kritik Odak - 1,1,150,Gold,Crit
31,Davranış yönü,bahcivan,standart,100,son,27,Zengin Cevher - 1,2,65,Stone,Economy
31,Davranış yönü,bahcivan,standart,100,son,27,Ağır Kesim - 1,2,1600,Gold,Damage
31,Davranış yönü,bahcivan,standart,100,son,27,Kesim Ustalığı - 2,1,1100,Iron,Damage
31,Davranış yönü,bahcivan,standart,100,son,27,Hasat Rekoru - 3,1,450,Gold,Score
31,Davranış yönü,bahcivan,standart,100,son,27,Taş Hasat - 3,2,100,Iron,Economy
31,Davranış yönü,bahcivan,standart,100,son,27,Akıcı Kesim - 4,1,500,Gold,Speed
31,Davranış yönü,bahcivan,standart,100,son,27,Geniş Tarama - 2,2,360,Gold,Area
31,Davranış yönü,bahcivan,standart,100,son,28,Nadir Filizler - 2,2,500,Iron,Rarity
31,Davranış yönü,bahcivan,standart,100,son,28,Verimli Üretim - 3,1,510,Iron,Production
31,Davranış yönü,bahcivan,standart,100,son,28,Hasat Deneyimi II - 2,1,860,Gold,Xp
31,Davranış yönü,bahcivan,standart,100,son,28,Kart Sezgisi - 1,2,920,Gold,Cards
31,Davranış yönü,bahcivan,standart,100,son,28,Altın Hasat II - 3,2,510,Gold,Economy
31,Davranış yönü,bahcivan,standart,100,son,29,Kritik Odak - 1,2,195,Gold,Crit
31,Davranış yönü,bahcivan,standart,100,son,29,Zengin Cevher - 1,3,80,Stone,Economy
31,Davranış yönü,bahcivan,standart,100,son,29,Ağır Kesim - 1,3,1900,Gold,Damage
31,Davranış yönü,bahcivan,standart,100,son,29,Taş Hasat - 4,1,110,Iron,Economy
31,Davranış yönü,bahcivan,standart,100,son,29,Akıcı Kesim - 4,2,550,Gold,Speed
31,Davranış yönü,bahcivan,standart,100,son,29,Geniş Tarama - 3,1,400,Gold,Area
31,Davranış yönü,bahcivan,standart,100,son,29,Kesim Ustalığı - 2,2,1200,Iron,Damage
31,Davranış yönü,bahcivan,standart,100,son,30,Hasat Deneyimi II - 2,2,1000,Gold,Xp
31,Davranış yönü,bahcivan,standart,100,son,30,Verimli Üretim - 3,2,570,Iron,Production
31,Davranış yönü,bahcivan,standart,100,son,30,Hasat Rekoru - 3,2,510,Gold,Score
31,Davranış yönü,bahcivan,standart,100,son,30,Nadir Filizler - 3,1,570,Iron,Rarity
31,Davranış yönü,bahcivan,standart,100,son,30,Altın Hasat II - 4,1,560,Gold,Economy
31,Davranış yönü,bahcivan,standart,100,son,30,Kart Sezgisi - 1,3,1100,Gold,Cards
31,Davranış yönü,bahcivan,standart,100,son,31,Kritik Odak - 1,3,240,Gold,Crit
31,Davranış yönü,bahcivan,standart,100,son,31,Zengin Cevher - 2,1,95,Stone,Economy
31,Davranış yönü,bahcivan,standart,100,son,31,Ağır Kesim - 2,1,2300,Gold,Damage
31,Davranış yönü,bahcivan,standart,100,son,31,Geniş Tarama - 3,2,450,Gold,Area
31,Davranış yönü,bahcivan,standart,100,son,31,Taş Hasat - 4,2,120,Iron,Economy
31,Davranış yönü,bahcivan,standart,100,son,32,Kesim Ustalığı - 3,1,1400,Iron,Damage
31,Davranış yönü,bahcivan,standart,100,son,32,Hasat Deneyimi II - 3,1,1100,Gold,Xp
31,Davranış yönü,bahcivan,standart,100,son,32,Verimli Üretim - 4,1,630,Iron,Production
31,Davranış yönü,bahcivan,standart,100,son,32,Altın Hasat II - 4,2,620,Gold,Economy
31,Davranış yönü,bahcivan,standart,100,son,33,Kritik Odak - 2,1,290,Gold,Crit
31,Davranış yönü,bahcivan,standart,100,son,33,Kart Sezgisi - 2,1,1300,Gold,Cards
31,Davranış yönü,bahcivan,standart,100,son,33,Nadir Filizler - 3,2,640,Iron,Rarity
31,Davranış yönü,bahcivan,standart,100,son,33,Zengin Cevher - 2,2,110,Stone,Economy
31,Davranış yönü,bahcivan,standart,100,son,33,Hasat Rekoru - 4,1,560,Gold,Score
31,Davranış yönü,bahcivan,standart,100,son,33,Ağır Kesim - 2,2,2700,Gold,Damage
31,Davranış yönü,bahcivan,standart,100,son,33,Geniş Tarama - 4,1,500,Gold,Area
31,Davranış yönü,bahcivan,standart,100,son,34,Hasat Deneyimi II - 3,2,1300,Gold,Xp
31,Davranış yönü,bahcivan,standart,100,son,34,Kesim Ustalığı - 3,2,1600,Iron,Damage
31,Davranış yönü,bahcivan,standart,100,son,34,Verimli Üretim - 4,2,690,Iron,Production
31,Davranış yönü,bahcivan,standart,100,son,35,Kritik Odak - 2,2,330,Gold,Crit
31,Davranış yönü,bahcivan,standart,100,son,35,Zengin Cevher - 3,1,125,Stone,Economy
31,Davranış yönü,bahcivan,standart,100,son,35,Geniş Tarama - 4,2,550,Gold,Area
31,Davranış yönü,bahcivan,standart,100,son,35,Kart Sezgisi - 2,2,1600,Gold,Cards
31,Davranış yönü,bahcivan,standart,100,son,36,Ağır Kesim - 3,1,3000,Gold,Damage
31,Davranış yönü,bahcivan,standart,100,son,36,Nadir Filizler - 4,1,700,Iron,Rarity
31,Davranış yönü,bahcivan,standart,100,son,36,Hasat Deneyimi II - 4,1,1400,Gold,Xp
31,Davranış yönü,bahcivan,standart,100,son,36,Hasat Rekoru - 4,2,620,Gold,Score
31,Davranış yönü,bahcivan,standart,100,son,37,Kesim Ustalığı - 4,1,1700,Iron,Damage
31,Davranış yönü,bahcivan,standart,100,son,37,Kritik Odak - 3,1,380,Gold,Crit
31,Davranış yönü,bahcivan,standart,100,son,37,Zengin Cevher - 3,2,140,Stone,Economy
31,Davranış yönü,bahcivan,standart,100,son,38,Ağır Kesim - 3,2,3400,Gold,Damage
31,Davranış yönü,bahcivan,standart,100,son,38,Kart Sezgisi - 3,1,1800,Gold,Cards
31,Davranış yönü,bahcivan,standart,100,son,38,Hasat Deneyimi II - 4,2,1500,Gold,Xp
31,Davranış yönü,bahcivan,standart,100,son,38,Nadir Filizler - 4,2,770,Iron,Rarity
31,Davranış yönü,bahcivan,standart,100,son,39,Kritik Odak - 3,2,420,Gold,Crit
31,Davranış yönü,bahcivan,standart,100,son,39,Zengin Cevher - 4,1,155,Stone,Economy
31,Davranış yönü,bahcivan,standart,100,son,39,Kesim Ustalığı - 4,2,1900,Iron,Damage
31,Davranış yönü,bahcivan,standart,100,son,40,Ağır Kesim - 4,1,3800,Gold,Damage
31,Davranış yönü,bahcivan,standart,100,son,40,Kart Sezgisi - 3,2,2000,Gold,Cards
31,Davranış yönü,bahcivan,standart,100,son,40,Kritik Güç - 1,1,150,Stone,Crit
31,Davranış yönü,bahcivan,standart,100,son,41,Kritik Odak - 4,1,470,Gold,Crit
31,Davranış yönü,bahcivan,standart,100,son,41,Grid Genişleme II,2,1800,Stone,Grid
31,Davranış yönü,bahcivan,standart,100,son,41,Zengin Cevher - 4,2,170,Stone,Economy
31,Davranış yönü,bahcivan,standart,100,son,42,Ağır Kesim - 4,2,4100,Gold,Damage
31,Davranış yönü,bahcivan,standart,100,son,42,Kritik Güç - 1,2,195,Stone,Crit
31,Davranış yönü,bahcivan,standart,100,son,43,Kart Sezgisi - 4,1,2200,Gold,Cards
31,Davranış yönü,bahcivan,standart,100,son,43,Kritik Odak - 4,2,520,Gold,Crit
31,Davranış yönü,bahcivan,standart,100,son,44,Kritik Güç - 1,3,240,Stone,Crit
31,Davranış yönü,bahcivan,standart,100,son,45,Kart Sezgisi - 4,2,2400,Gold,Cards
31,Davranış yönü,bahcivan,standart,100,son,46,Kritik Güç - 2,1,290,Stone,Crit
31,Davranış yönü,bahcivan,standart,100,son,48,Kritik Güç - 2,2,330,Stone,Crit
32,Davranış yönü,bahcivan,standart,101,son,1,Keskin Başlangıç - 1,1,5,Gold,Damage
32,Davranış yönü,bahcivan,standart,101,son,2,Keskin Başlangıç - 1,2,7,Gold,Damage
32,Davranış yönü,bahcivan,standart,101,son,2,Altın Hasat I - 1,1,7,Gold,Economy
32,Davranış yönü,bahcivan,standart,101,son,4,Düzenli Üretim - 1,1,6,Gold,Production
32,Davranış yönü,bahcivan,standart,101,son,5,Keskin Başlangıç - 1,3,8,Gold,Damage
32,Davranış yönü,bahcivan,standart,101,son,5,Grid Genişleme I,1,30,Gold,Grid
32,Davranış yönü,bahcivan,standart,101,son,5,Hızlı Eller - 1,1,7,Gold,Speed
32,Davranış yönü,bahcivan,standart,101,son,6,Altın Hasat I - 1,2,9,Gold,Economy
32,Davranış yönü,bahcivan,standart,101,son,6,Keskin Başlangıç - 2,1,10,Gold,Damage
32,Davranış yönü,bahcivan,standart,101,son,6,Düzenli Üretim - 1,2,8,Gold,Production
32,Davranış yönü,bahcivan,standart,101,son,6,Hasat Deneyimi I - 1,1,6,Gold,Xp
32,Davranış yönü,bahcivan,standart,101,son,6,Hızlı Eller - 1,2,9,Gold,Speed
32,Davranış yönü,bahcivan,standart,101,son,7,Keskin Başlangıç - 2,2,11,Gold,Damage
32,Davranış yönü,bahcivan,standart,101,son,7,Altın Hasat I - 1,3,11,Gold,Economy
32,Davranış yönü,bahcivan,standart,101,son,8,1×3 Saksı,1,30,Gold,PlanterUnlock
32,Davranış yönü,bahcivan,standart,101,son,8,Tornado Kartları,1,30,Iron,BehaviorUnlock
32,Davranış yönü,bahcivan,standart,101,son,8,Hasat Deneyimi I - 1,2,8,Gold,Xp
32,Davranış yönü,bahcivan,standart,101,son,8,Keskin Başlangıç - 3,1,13,Gold,Damage
32,Davranış yönü,bahcivan,standart,101,son,8,Düzenli Üretim - 1,3,10,Gold,Production
32,Davranış yönü,bahcivan,standart,101,son,9,Hızlı Eller - 1,3,11,Gold,Speed
32,Davranış yönü,bahcivan,standart,101,son,9,Altın Hasat I - 2,1,13,Gold,Economy
32,Davranış yönü,bahcivan,standart,101,son,9,Keskin Başlangıç - 3,2,14,Gold,Damage
32,Davranış yönü,bahcivan,standart,101,son,10,Kesim Tekniği - 1,1,25,Gold,Damage
32,Davranış yönü,bahcivan,standart,101,son,10,Hızlı Eller - 2,1,12,Gold,Speed
32,Davranış yönü,bahcivan,standart,101,son,10,Hasat Deneyimi I - 1,3,10,Gold,Xp
32,Davranış yönü,bahcivan,standart,101,son,11,Bumerang Orak Kartları,1,40,Iron,BehaviorUnlock
32,Davranış yönü,bahcivan,standart,101,son,11,Altın Hasat I - 2,2,16,Gold,Economy
32,Davranış yönü,bahcivan,standart,101,son,11,Düzenli Üretim - 2,1,12,Gold,Production
32,Davranış yönü,bahcivan,standart,101,son,11,Keskin Başlangıç - 4,1,16,Gold,Damage
32,Davranış yönü,bahcivan,standart,101,son,11,Hızlı Eller - 2,2,14,Gold,Speed
32,Davranış yönü,bahcivan,standart,101,son,11,Kesim Tekniği - 1,2,35,Gold,Damage
32,Davranış yönü,bahcivan,standart,101,son,11,Altın Hasat I - 3,1,18,Gold,Economy
32,Davranış yönü,bahcivan,standart,101,son,12,Hasat Deneyimi I - 2,1,12,Gold,Xp
32,Davranış yönü,bahcivan,standart,101,son,12,2×2 Saksı,1,80,Gold,PlanterUnlock
32,Davranış yönü,bahcivan,standart,101,son,12,Keskin Başlangıç - 4,2,17,Gold,Damage
32,Davranış yönü,bahcivan,standart,101,son,12,Düzenli Üretim - 2,2,13,Gold,Production
32,Davranış yönü,bahcivan,standart,101,son,12,Hızlı Eller - 3,1,16,Gold,Speed
32,Davranış yönü,bahcivan,standart,101,son,12,Altın Hasat I - 3,2,20,Gold,Economy
32,Davranış yönü,bahcivan,standart,101,son,12,Hasat Deneyimi I - 2,2,14,Gold,Xp
32,Davranış yönü,bahcivan,standart,101,son,12,Çifte Hasat Kartları,1,25,Iron,Economy
32,Davranış yönü,bahcivan,standart,101,son,13,Kesim Tekniği - 1,3,40,Gold,Damage
32,Davranış yönü,bahcivan,standart,101,son,13,Demir Hasat - 1,1,25,Gold,Economy
32,Davranış yönü,bahcivan,standart,101,son,13,Hızlı Eller - 3,2,18,Gold,Speed
32,Davranış yönü,bahcivan,standart,101,son,13,Düzenli Üretim - 3,1,15,Gold,Production
32,Davranış yönü,bahcivan,standart,101,son,13,Altın Hasat I - 4,1,22,Gold,Economy
32,Davranış yönü,bahcivan,standart,101,son,13,Geniş Süpürüş - 1,1,21,Gold,Area
32,Davranış yönü,bahcivan,standart,101,son,13,Hasat Deneyimi I - 3,1,16,Gold,Xp
32,Davranış yönü,bahcivan,standart,101,son,13,Grid Genişleme I,2,30,Iron,Grid
32,Davranış yönü,bahcivan,standart,101,son,14,Kesim Tekniği - 2,1,50,Gold,Damage
32,Davranış yönü,bahcivan,standart,101,son,14,Hızlı Eller - 4,1,20,Gold,Speed
32,Davranış yönü,bahcivan,standart,101,son,14,Altın Hasat I - 4,2,24,Gold,Economy
32,Davranış yönü,bahcivan,standart,101,son,14,Demir Hasat - 1,2,35,Gold,Economy
32,Davranış yönü,bahcivan,standart,101,son,14,Düzenli Üretim - 3,2,17,Gold,Production
32,Davranış yönü,bahcivan,standart,101,son,14,Geniş Süpürüş - 1,2,28,Gold,Area
32,Davranış yönü,bahcivan,standart,101,son,14,Hasat Deneyimi I - 3,2,18,Gold,Xp
32,Davranış yönü,bahcivan,standart,101,son,15,Güçlü Kesim - 1,1,120,Gold,Damage
32,Davranış yönü,bahcivan,standart,101,son,15,Hızlı Eller - 4,2,22,Gold,Speed
32,Davranış yönü,bahcivan,standart,101,son,15,Kesim Tekniği - 2,2,55,Gold,Damage
32,Davranış yönü,bahcivan,standart,101,son,15,Düzenli Üretim - 4,1,19,Gold,Production
32,Davranış yönü,bahcivan,standart,101,son,15,Hasat Deneyimi I - 4,1,20,Gold,Xp
32,Davranış yönü,bahcivan,standart,101,son,15,Demir Hasat - 1,3,40,Gold,Economy
32,Davranış yönü,bahcivan,standart,101,son,15,Taş Hasat - 1,1,35,Iron,Economy
33,Davranış yönü,bahcivan,standart,102,son,1,Keskin Başlangıç - 1,1,5,Gold,Damage
33,Davranış yönü,bahcivan,standart,102,son,1,Keskin Başlangıç - 1,2,7,Gold,Damage
33,Davranış yönü,bahcivan,standart,102,son,3,Altın Hasat I - 1,1,7,Gold,Economy
33,Davranış yönü,bahcivan,standart,102,son,3,Düzenli Üretim - 1,1,6,Gold,Production
33,Davranış yönü,bahcivan,standart,102,son,4,Keskin Başlangıç - 1,3,8,Gold,Damage
33,Davranış yönü,bahcivan,standart,102,son,4,Hızlı Eller - 1,1,7,Gold,Speed
33,Davranış yönü,bahcivan,standart,102,son,4,Hasat Deneyimi I - 1,1,6,Gold,Xp
33,Davranış yönü,bahcivan,standart,102,son,5,Grid Genişleme I,1,30,Gold,Grid
33,Davranış yönü,bahcivan,standart,102,son,5,Altın Hasat I - 1,2,9,Gold,Economy
33,Davranış yönü,bahcivan,standart,102,son,5,Keskin Başlangıç - 2,1,10,Gold,Damage
33,Davranış yönü,bahcivan,standart,102,son,5,Düzenli Üretim - 1,2,8,Gold,Production
33,Davranış yönü,bahcivan,standart,102,son,5,Hızlı Eller - 1,2,9,Gold,Speed
33,Davranış yönü,bahcivan,standart,102,son,5,Keskin Başlangıç - 2,2,11,Gold,Damage
33,Davranış yönü,bahcivan,standart,102,son,6,Altın Hasat I - 1,3,11,Gold,Economy
33,Davranış yönü,bahcivan,standart,102,son,7,1×3 Saksı,1,30,Gold,PlanterUnlock
33,Davranış yönü,bahcivan,standart,102,son,7,Tornado Kartları,1,30,Iron,BehaviorUnlock
33,Davranış yönü,bahcivan,standart,102,son,7,Hasat Deneyimi I - 1,2,8,Gold,Xp
33,Davranış yönü,bahcivan,standart,102,son,7,Keskin Başlangıç - 3,1,13,Gold,Damage
33,Davranış yönü,bahcivan,standart,102,son,7,Düzenli Üretim - 1,3,10,Gold,Production
33,Davranış yönü,bahcivan,standart,102,son,8,Hızlı Eller - 1,3,11,Gold,Speed
33,Davranış yönü,bahcivan,standart,102,son,8,Altın Hasat I - 2,1,13,Gold,Economy
33,Davranış yönü,bahcivan,standart,102,son,8,Keskin Başlangıç - 3,2,14,Gold,Damage
33,Davranış yönü,bahcivan,standart,102,son,9,Kesim Tekniği - 1,1,25,Gold,Damage
33,Davranış yönü,bahcivan,standart,102,son,9,Hızlı Eller - 2,1,12,Gold,Speed
33,Davranış yönü,bahcivan,standart,102,son,9,Hasat Deneyimi I - 1,3,10,Gold,Xp
33,Davranış yönü,bahcivan,standart,102,son,10,Altın Hasat I - 2,2,16,Gold,Economy
33,Davranış yönü,bahcivan,standart,102,son,10,Düzenli Üretim - 2,1,12,Gold,Production
33,Davranış yönü,bahcivan,standart,102,son,10,Keskin Başlangıç - 4,1,16,Gold,Damage
33,Davranış yönü,bahcivan,standart,102,son,10,Hızlı Eller - 2,2,14,Gold,Speed
33,Davranış yönü,bahcivan,standart,102,son,11,Bumerang Orak Kartları,1,40,Iron,BehaviorUnlock
33,Davranış yönü,bahcivan,standart,102,son,11,Kesim Tekniği - 1,2,35,Gold,Damage
33,Davranış yönü,bahcivan,standart,102,son,11,Altın Hasat I - 3,1,18,Gold,Economy
33,Davranış yönü,bahcivan,standart,102,son,11,Hasat Deneyimi I - 2,1,12,Gold,Xp
33,Davranış yönü,bahcivan,standart,102,son,11,2×2 Saksı,1,80,Gold,PlanterUnlock
33,Davranış yönü,bahcivan,standart,102,son,11,Keskin Başlangıç - 4,2,17,Gold,Damage
33,Davranış yönü,bahcivan,standart,102,son,11,Düzenli Üretim - 2,2,13,Gold,Production
33,Davranış yönü,bahcivan,standart,102,son,11,Hızlı Eller - 3,1,16,Gold,Speed
33,Davranış yönü,bahcivan,standart,102,son,11,Çifte Hasat Kartları,1,25,Iron,Economy
33,Davranış yönü,bahcivan,standart,102,son,12,Altın Hasat I - 3,2,20,Gold,Economy
33,Davranış yönü,bahcivan,standart,102,son,12,Hasat Deneyimi I - 2,2,14,Gold,Xp
33,Davranış yönü,bahcivan,standart,102,son,12,Kesim Tekniği - 1,3,40,Gold,Damage
33,Davranış yönü,bahcivan,standart,102,son,12,Demir Hasat - 1,1,25,Gold,Economy
33,Davranış yönü,bahcivan,standart,102,son,12,Hızlı Eller - 3,2,18,Gold,Speed
33,Davranış yönü,bahcivan,standart,102,son,12,Düzenli Üretim - 3,1,15,Gold,Production
33,Davranış yönü,bahcivan,standart,102,son,12,Altın Hasat I - 4,1,22,Gold,Economy
33,Davranış yönü,bahcivan,standart,102,son,12,Geniş Süpürüş - 1,1,21,Gold,Area
33,Davranış yönü,bahcivan,standart,102,son,12,Hasat Deneyimi I - 3,1,16,Gold,Xp
33,Davranış yönü,bahcivan,standart,102,son,12,Kesim Tekniği - 2,1,50,Gold,Damage
33,Davranış yönü,bahcivan,standart,102,son,12,Hızlı Eller - 4,1,20,Gold,Speed
33,Davranış yönü,bahcivan,standart,102,son,13,Altın Hasat I - 4,2,24,Gold,Economy
33,Davranış yönü,bahcivan,standart,102,son,13,Demir Hasat - 1,2,35,Gold,Economy
33,Davranış yönü,bahcivan,standart,102,son,13,Düzenli Üretim - 3,2,17,Gold,Production
33,Davranış yönü,bahcivan,standart,102,son,13,Geniş Süpürüş - 1,2,28,Gold,Area
33,Davranış yönü,bahcivan,standart,102,son,13,Hasat Deneyimi I - 3,2,18,Gold,Xp
33,Davranış yönü,bahcivan,standart,102,son,13,Güçlü Kesim - 1,1,120,Gold,Damage
33,Davranış yönü,bahcivan,standart,102,son,13,Hızlı Eller - 4,2,22,Gold,Speed
33,Davranış yönü,bahcivan,standart,102,son,13,Grid Genişleme I,2,30,Iron,Grid
33,Davranış yönü,bahcivan,standart,102,son,14,Kesim Tekniği - 2,2,55,Gold,Damage
33,Davranış yönü,bahcivan,standart,102,son,14,Düzenli Üretim - 4,1,19,Gold,Production
33,Davranış yönü,bahcivan,standart,102,son,14,Hasat Deneyimi I - 4,1,20,Gold,Xp
33,Davranış yönü,bahcivan,standart,102,son,14,Demir Hasat - 1,3,40,Gold,Economy
33,Davranış yönü,bahcivan,standart,102,son,14,Geniş Süpürüş - 1,3,35,Gold,Area
33,Davranış yönü,bahcivan,standart,102,son,14,Düzenli Üretim - 4,2,21,Gold,Production
33,Davranış yönü,bahcivan,standart,102,son,14,Hasat Deneyimi I - 4,2,21,Gold,Xp
33,Davranış yönü,bahcivan,standart,102,son,15,2×3 Saksı,1,200,Gold,PlanterUnlock
33,Davranış yönü,bahcivan,standart,102,son,15,Taş Hasat - 1,1,35,Iron,Economy
33,Davranış yönü,bahcivan,standart,102,son,16,İlk Vazgeçiş,1,150,Gold,Cards
33,Davranış yönü,bahcivan,standart,102,son,16,Kesim Tekniği - 3,1,65,Gold,Damage
33,Davranış yönü,bahcivan,standart,102,son,16,Hasat Rekoru - 1,1,180,Gold,Score
33,Davranış yönü,bahcivan,standart,102,son,16,Güçlü Kesim - 1,2,160,Gold,Damage
33,Davranış yönü,bahcivan,standart,102,son,16,Geniş Süpürüş - 2,1,40,Gold,Area
33,Davranış yönü,bahcivan,standart,102,son,17,Akıcı Kesim - 1,1,160,Gold,Speed
33,Davranış yönü,bahcivan,standart,102,son,17,Kesim Tekniği - 3,2,70,Gold,Damage
33,Davranış yönü,bahcivan,standart,102,son,17,Demir Hasat - 2,1,50,Gold,Economy
33,Davranış yönü,bahcivan,standart,102,son,17,Güçlü Kesim - 1,3,195,Gold,Damage
33,Davranış yönü,bahcivan,standart,102,son,17,Geniş Süpürüş - 2,2,45,Gold,Area
33,Davranış yönü,bahcivan,standart,102,son,17,Akıcı Kesim - 1,2,210,Gold,Speed
33,Davranış yönü,bahcivan,standart,102,son,17,Kesim Tekniği - 4,1,80,Gold,Damage
33,Davranış yönü,bahcivan,standart,102,son,17,Demir Hasat - 2,2,55,Gold,Economy
33,Davranış yönü,bahcivan,standart,102,son,17,Verimli Üretim - 1,1,200,Iron,Production
33,Davranış yönü,bahcivan,standart,102,son,17,Taş Hasat - 1,2,45,Iron,Economy
33,Davranış yönü,bahcivan,standart,102,son,18,Hasat Rekoru - 1,2,240,Gold,Score
33,Davranış yönü,bahcivan,standart,102,son,18,Güçlü Kesim - 2,1,230,Gold,Damage
33,Davranış yönü,bahcivan,standart,102,son,18,Geniş Süpürüş - 3,1,55,Gold,Area
33,Davranış yönü,bahcivan,standart,102,son,18,Altın Hasat II - 1,1,180,Gold,Economy
33,Davranış yönü,bahcivan,standart,102,son,18,Nadir Filizler - 1,1,230,Iron,Rarity
33,Davranış yönü,bahcivan,standart,102,son,18,Demir Hasat - 3,1,65,Gold,Economy
33,Davranış yönü,bahcivan,standart,102,son,18,Grid Genişleme II,1,100,Stone,Grid
33,Davranış yönü,bahcivan,standart,102,son,19,Kesim Tekniği - 4,2,85,Gold,Damage
33,Davranış yönü,bahcivan,standart,102,son,19,Akıcı Kesim - 1,3,260,Gold,Speed
33,Davranış yönü,bahcivan,standart,102,son,19,Hasat Rekoru - 1,3,290,Gold,Score
33,Davranış yönü,bahcivan,standart,102,son,19,Geniş Süpürüş - 3,2,60,Gold,Area
33,Davranış yönü,bahcivan,standart,102,son,19,Taş Hasat - 1,3,55,Iron,Economy
33,Davranış yönü,bahcivan,standart,102,son,19,Verimli Üretim - 1,2,260,Iron,Production
33,Davranış yönü,bahcivan,standart,102,son,20,Güçlü Kesim - 2,2,270,Gold,Damage
33,Davranış yönü,bahcivan,standart,102,son,20,Altın Hasat II - 1,2,240,Gold,Economy
33,Davranış yönü,bahcivan,standart,102,son,20,Nadir Filizler - 1,2,300,Iron,Rarity
33,Davranış yönü,bahcivan,standart,102,son,20,Geniş Tarama - 1,1,160,Gold,Area
33,Davranış yönü,bahcivan,standart,102,son,21,Akıcı Kesim - 2,1,310,Gold,Speed
33,Davranış yönü,bahcivan,standart,102,son,21,Kesim Ustalığı - 1,1,560,Iron,Damage
33,Davranış yönü,bahcivan,standart,102,son,21,Geniş Süpürüş - 4,1,65,Gold,Area
33,Davranış yönü,bahcivan,standart,102,son,21,Demir Hasat - 3,2,70,Gold,Economy
33,Davranış yönü,bahcivan,standart,102,son,21,Güçlü Kesim - 3,1,300,Gold,Damage
33,Davranış yönü,bahcivan,standart,102,son,21,Altın Hasat II - 1,3,290,Gold,Economy
33,Davranış yönü,bahcivan,standart,102,son,21,Geniş Süpürüş - 4,2,70,Gold,Area
33,Davranış yönü,bahcivan,standart,102,son,22,Hasat Rekoru - 2,1,350,Gold,Score
33,Davranış yönü,bahcivan,standart,102,son,22,Taş Hasat - 2,1,65,Iron,Economy
33,Davranış yönü,bahcivan,standart,102,son,22,Akıcı Kesim - 2,2,360,Gold,Speed
33,Davranış yönü,bahcivan,standart,102,son,22,Verimli Üretim - 1,3,320,Iron,Production
33,Davranış yönü,bahcivan,standart,102,son,22,Geniş Tarama - 1,2,210,Gold,Area
33,Davranış yönü,bahcivan,standart,102,son,22,Demir Hasat - 4,1,80,Gold,Economy
33,Davranış yönü,bahcivan,standart,102,son,23,Hasat Deneyimi II - 1,1,450,Gold,Xp
33,Davranış yönü,bahcivan,standart,102,son,23,Kesim Ustalığı - 1,2,720,Iron,Damage
33,Davranış yönü,bahcivan,standart,102,son,23,Güçlü Kesim - 3,2,340,Gold,Damage
33,Davranış yönü,bahcivan,standart,102,son,23,Altın Hasat II - 2,1,350,Gold,Economy
33,Davranış yönü,bahcivan,standart,102,son,23,Taş Hasat - 2,2,80,Iron,Economy
33,Davranış yönü,bahcivan,standart,102,son,24,Nadir Filizler - 1,3,360,Iron,Rarity
33,Davranış yönü,bahcivan,standart,102,son,24,Akıcı Kesim - 3,1,400,Gold,Speed
33,Davranış yönü,bahcivan,standart,102,son,24,Geniş Tarama - 1,3,260,Gold,Area
33,Davranış yönü,bahcivan,standart,102,son,24,Hasat Deneyimi II - 1,2,590,Gold,Xp
33,Davranış yönü,bahcivan,standart,102,son,24,Hasat Rekoru - 2,2,400,Gold,Score
33,Davranış yönü,bahcivan,standart,102,son,24,Güçlü Kesim - 4,1,380,Gold,Damage
33,Davranış yönü,bahcivan,standart,102,son,24,Zengin Cevher - 1,1,50,Stone,Economy
33,Davranış yönü,bahcivan,standart,102,son,25,İkinci Vazgeçiş,1,800,Iron,Cards
33,Davranış yönü,bahcivan,standart,102,son,25,Altın Hasat II - 2,2,400,Gold,Economy
33,Davranış yönü,bahcivan,standart,102,son,25,Ağır Kesim - 1,1,1200,Gold,Damage
33,Davranış yönü,bahcivan,standart,102,son,25,Demir Hasat - 4,2,85,Gold,Economy
33,Davranış yönü,bahcivan,standart,102,son,25,Taş Hasat - 3,1,90,Iron,Economy
33,Davranış yönü,bahcivan,standart,102,son,26,Verimli Üretim - 2,1,380,Iron,Production
33,Davranış yönü,bahcivan,standart,102,son,26,Nadir Filizler - 2,1,430,Iron,Rarity
33,Davranış yönü,bahcivan,standart,102,son,26,Akıcı Kesim - 3,2,450,Gold,Speed
33,Davranış yönü,bahcivan,standart,102,son,26,Geniş Tarama - 2,1,310,Gold,Area
33,Davranış yönü,bahcivan,standart,102,son,26,Kart Sezgisi - 1,1,710,Gold,Cards
33,Davranış yönü,bahcivan,standart,102,son,27,Kesim Ustalığı - 1,3,890,Iron,Damage
33,Davranış yönü,bahcivan,standart,102,son,27,Hasat Deneyimi II - 1,3,730,Gold,Xp
33,Davranış yönü,bahcivan,standart,102,son,27,Altın Hasat II - 3,1,450,Gold,Economy
33,Davranış yönü,bahcivan,standart,102,son,27,Güçlü Kesim - 4,2,410,Gold,Damage
33,Davranış yönü,bahcivan,standart,102,son,27,Kritik Odak - 1,1,150,Gold,Crit
33,Davranış yönü,bahcivan,standart,102,son,27,Zengin Cevher - 1,2,65,Stone,Economy
33,Davranış yönü,bahcivan,standart,102,son,27,Hasat Rekoru - 3,1,450,Gold,Score
33,Davranış yönü,bahcivan,standart,102,son,28,Verimli Üretim - 2,2,440,Iron,Production
33,Davranış yönü,bahcivan,standart,102,son,28,Ağır Kesim - 1,2,1600,Gold,Damage
33,Davranış yönü,bahcivan,standart,102,son,28,Taş Hasat - 3,2,100,Iron,Economy
33,Davranış yönü,bahcivan,standart,102,son,28,Akıcı Kesim - 4,1,500,Gold,Speed
33,Davranış yönü,bahcivan,standart,102,son,28,Geniş Tarama - 2,2,360,Gold,Area
33,Davranış yönü,bahcivan,standart,102,son,28,Nadir Filizler - 2,2,500,Iron,Rarity
33,Davranış yönü,bahcivan,standart,102,son,29,Kesim Ustalığı - 2,1,1100,Iron,Damage
33,Davranış yönü,bahcivan,standart,102,son,29,Hasat Deneyimi II - 2,1,860,Gold,Xp
33,Davranış yönü,bahcivan,standart,102,son,29,Kart Sezgisi - 1,2,920,Gold,Cards
33,Davranış yönü,bahcivan,standart,102,son,29,Altın Hasat II - 3,2,510,Gold,Economy
33,Davranış yönü,bahcivan,standart,102,son,29,Kritik Odak - 1,2,195,Gold,Crit
33,Davranış yönü,bahcivan,standart,102,son,29,Zengin Cevher - 1,3,80,Stone,Economy
33,Davranış yönü,bahcivan,standart,102,son,29,Taş Hasat - 4,1,110,Iron,Economy
33,Davranış yönü,bahcivan,standart,102,son,29,Akıcı Kesim - 4,2,550,Gold,Speed
33,Davranış yönü,bahcivan,standart,102,son,30,Verimli Üretim - 3,1,510,Iron,Production
33,Davranış yönü,bahcivan,standart,102,son,30,Ağır Kesim - 1,3,1900,Gold,Damage
33,Davranış yönü,bahcivan,standart,102,son,30,Geniş Tarama - 3,1,400,Gold,Area
33,Davranış yönü,bahcivan,standart,102,son,30,Verimli Üretim - 3,2,570,Iron,Production
33,Davranış yönü,bahcivan,standart,102,son,31,Kesim Ustalığı - 2,2,1200,Iron,Damage
33,Davranış yönü,bahcivan,standart,102,son,31,Hasat Deneyimi II - 2,2,1000,Gold,Xp
33,Davranış yönü,bahcivan,standart,102,son,31,Hasat Rekoru - 3,2,510,Gold,Score
33,Davranış yönü,bahcivan,standart,102,son,31,Altın Hasat II - 4,1,560,Gold,Economy
33,Davranış yönü,bahcivan,standart,102,son,31,Kart Sezgisi - 1,3,1100,Gold,Cards
33,Davranış yönü,bahcivan,standart,102,son,31,Kritik Odak - 1,3,240,Gold,Crit
33,Davranış yönü,bahcivan,standart,102,son,31,Zengin Cevher - 2,1,95,Stone,Economy
33,Davranış yönü,bahcivan,standart,102,son,31,Taş Hasat - 4,2,120,Iron,Economy
33,Davranış yönü,bahcivan,standart,102,son,32,Nadir Filizler - 3,1,570,Iron,Rarity
33,Davranış yönü,bahcivan,standart,102,son,32,Ağır Kesim - 2,1,2300,Gold,Damage
33,Davranış yönü,bahcivan,standart,102,son,32,Geniş Tarama - 3,2,450,Gold,Area
33,Davranış yönü,bahcivan,standart,102,son,32,Kesim Ustalığı - 3,1,1400,Iron,Damage
33,Davranış yönü,bahcivan,standart,102,son,32,Altın Hasat II - 4,2,620,Gold,Economy
33,Davranış yönü,bahcivan,standart,102,son,33,Hasat Deneyimi II - 3,1,1100,Gold,Xp
33,Davranış yönü,bahcivan,standart,102,son,33,Verimli Üretim - 4,1,630,Iron,Production
33,Davranış yönü,bahcivan,standart,102,son,33,Kritik Odak - 2,1,290,Gold,Crit
33,Davranış yönü,bahcivan,standart,102,son,33,Kart Sezgisi - 2,1,1300,Gold,Cards
33,Davranış yönü,bahcivan,standart,102,son,33,Nadir Filizler - 3,2,640,Iron,Rarity
33,Davranış yönü,bahcivan,standart,102,son,33,Zengin Cevher - 2,2,110,Stone,Economy
33,Davranış yönü,bahcivan,standart,102,son,34,Hasat Rekoru - 4,1,560,Gold,Score
33,Davranış yönü,bahcivan,standart,102,son,34,Ağır Kesim - 2,2,2700,Gold,Damage
33,Davranış yönü,bahcivan,standart,102,son,34,Geniş Tarama - 4,1,500,Gold,Area
33,Davranış yönü,bahcivan,standart,102,son,34,Kesim Ustalığı - 3,2,1600,Iron,Damage
33,Davranış yönü,bahcivan,standart,102,son,34,Verimli Üretim - 4,2,690,Iron,Production
33,Davranış yönü,bahcivan,standart,102,son,35,Hasat Deneyimi II - 3,2,1300,Gold,Xp
33,Davranış yönü,bahcivan,standart,102,son,35,Kritik Odak - 2,2,330,Gold,Crit
33,Davranış yönü,bahcivan,standart,102,son,35,Zengin Cevher - 3,1,125,Stone,Economy
33,Davranış yönü,bahcivan,standart,102,son,35,Geniş Tarama - 4,2,550,Gold,Area
33,Davranış yönü,bahcivan,standart,102,son,35,Kart Sezgisi - 2,2,1600,Gold,Cards
33,Davranış yönü,bahcivan,standart,102,son,36,Ağır Kesim - 3,1,3000,Gold,Damage
33,Davranış yönü,bahcivan,standart,102,son,36,Nadir Filizler - 4,1,700,Iron,Rarity
33,Davranış yönü,bahcivan,standart,102,son,36,Hasat Deneyimi II - 4,1,1400,Gold,Xp
33,Davranış yönü,bahcivan,standart,102,son,36,Hasat Rekoru - 4,2,620,Gold,Score
33,Davranış yönü,bahcivan,standart,102,son,37,Kesim Ustalığı - 4,1,1700,Iron,Damage
33,Davranış yönü,bahcivan,standart,102,son,37,Kritik Odak - 3,1,380,Gold,Crit
33,Davranış yönü,bahcivan,standart,102,son,37,Zengin Cevher - 3,2,140,Stone,Economy
33,Davranış yönü,bahcivan,standart,102,son,38,Ağır Kesim - 3,2,3400,Gold,Damage
33,Davranış yönü,bahcivan,standart,102,son,38,Kart Sezgisi - 3,1,1800,Gold,Cards
33,Davranış yönü,bahcivan,standart,102,son,38,Hasat Deneyimi II - 4,2,1500,Gold,Xp
33,Davranış yönü,bahcivan,standart,102,son,38,Nadir Filizler - 4,2,770,Iron,Rarity
33,Davranış yönü,bahcivan,standart,102,son,39,Kritik Odak - 3,2,420,Gold,Crit
33,Davranış yönü,bahcivan,standart,102,son,39,Zengin Cevher - 4,1,155,Stone,Economy
33,Davranış yönü,bahcivan,standart,102,son,39,Kesim Ustalığı - 4,2,1900,Iron,Damage
33,Davranış yönü,bahcivan,standart,102,son,40,Ağır Kesim - 4,1,3800,Gold,Damage
33,Davranış yönü,bahcivan,standart,102,son,40,Kart Sezgisi - 3,2,2000,Gold,Cards
33,Davranış yönü,bahcivan,standart,102,son,40,Kritik Güç - 1,1,150,Stone,Crit
33,Davranış yönü,bahcivan,standart,102,son,41,Kritik Odak - 4,1,470,Gold,Crit
33,Davranış yönü,bahcivan,standart,102,son,41,Grid Genişleme II,2,1800,Stone,Grid
33,Davranış yönü,bahcivan,standart,102,son,41,Zengin Cevher - 4,2,170,Stone,Economy
33,Davranış yönü,bahcivan,standart,102,son,42,Ağır Kesim - 4,2,4100,Gold,Damage
33,Davranış yönü,bahcivan,standart,102,son,42,Kritik Güç - 1,2,195,Stone,Crit
33,Davranış yönü,bahcivan,standart,102,son,43,Kart Sezgisi - 4,1,2200,Gold,Cards
33,Davranış yönü,bahcivan,standart,102,son,43,Kritik Odak - 4,2,520,Gold,Crit
33,Davranış yönü,bahcivan,standart,102,son,44,Kritik Güç - 1,3,240,Stone,Crit
33,Davranış yönü,bahcivan,standart,102,son,45,Kart Sezgisi - 4,2,2400,Gold,Cards
33,Davranış yönü,bahcivan,standart,102,son,46,Kritik Güç - 2,1,290,Stone,Crit
33,Davranış yönü,bahcivan,standart,102,son,48,Kritik Güç - 2,2,330,Stone,Crit
34,Davranış yönü,bahcivan,standart,103,son,2,Keskin Başlangıç - 1,1,5,Gold,Damage
34,Davranış yönü,bahcivan,standart,103,son,2,Keskin Başlangıç - 1,2,7,Gold,Damage
34,Davranış yönü,bahcivan,standart,103,son,2,Altın Hasat I - 1,1,7,Gold,Economy
34,Davranış yönü,bahcivan,standart,103,son,2,Düzenli Üretim - 1,1,6,Gold,Production
34,Davranış yönü,bahcivan,standart,103,son,4,Keskin Başlangıç - 1,3,8,Gold,Damage
34,Davranış yönü,bahcivan,standart,103,son,4,Hızlı Eller - 1,1,7,Gold,Speed
34,Davranış yönü,bahcivan,standart,103,son,4,Hasat Deneyimi I - 1,1,6,Gold,Xp
34,Davranış yönü,bahcivan,standart,103,son,5,Grid Genişleme I,1,30,Gold,Grid
34,Davranış yönü,bahcivan,standart,103,son,5,Altın Hasat I - 1,2,9,Gold,Economy
34,Davranış yönü,bahcivan,standart,103,son,5,Keskin Başlangıç - 2,1,10,Gold,Damage
34,Davranış yönü,bahcivan,standart,103,son,5,Düzenli Üretim - 1,2,8,Gold,Production
34,Davranış yönü,bahcivan,standart,103,son,6,Hızlı Eller - 1,2,9,Gold,Speed
34,Davranış yönü,bahcivan,standart,103,son,7,Keskin Başlangıç - 2,2,11,Gold,Damage
34,Davranış yönü,bahcivan,standart,103,son,7,Altın Hasat I - 1,3,11,Gold,Economy
34,Davranış yönü,bahcivan,standart,103,son,7,1×3 Saksı,1,30,Gold,PlanterUnlock
34,Davranış yönü,bahcivan,standart,103,son,7,Hasat Deneyimi I - 1,2,8,Gold,Xp
34,Davranış yönü,bahcivan,standart,103,son,8,Keskin Başlangıç - 3,1,13,Gold,Damage
34,Davranış yönü,bahcivan,standart,103,son,8,Düzenli Üretim - 1,3,10,Gold,Production
34,Davranış yönü,bahcivan,standart,103,son,8,Hızlı Eller - 1,3,11,Gold,Speed
34,Davranış yönü,bahcivan,standart,103,son,8,Altın Hasat I - 2,1,13,Gold,Economy
34,Davranış yönü,bahcivan,standart,103,son,8,Keskin Başlangıç - 3,2,14,Gold,Damage
34,Davranış yönü,bahcivan,standart,103,son,9,Tornado Kartları,1,30,Iron,BehaviorUnlock
34,Davranış yönü,bahcivan,standart,103,son,9,Kesim Tekniği - 1,1,25,Gold,Damage
34,Davranış yönü,bahcivan,standart,103,son,9,Hızlı Eller - 2,1,12,Gold,Speed
34,Davranış yönü,bahcivan,standart,103,son,9,Hasat Deneyimi I - 1,3,10,Gold,Xp
34,Davranış yönü,bahcivan,standart,103,son,9,Altın Hasat I - 2,2,16,Gold,Economy
34,Davranış yönü,bahcivan,standart,103,son,9,Düzenli Üretim - 2,1,12,Gold,Production
34,Davranış yönü,bahcivan,standart,103,son,10,Keskin Başlangıç - 4,1,16,Gold,Damage
34,Davranış yönü,bahcivan,standart,103,son,10,Hızlı Eller - 2,2,14,Gold,Speed
34,Davranış yönü,bahcivan,standart,103,son,10,Kesim Tekniği - 1,2,35,Gold,Damage
34,Davranış yönü,bahcivan,standart,103,son,10,Altın Hasat I - 3,1,18,Gold,Economy
34,Davranış yönü,bahcivan,standart,103,son,10,Hasat Deneyimi I - 2,1,12,Gold,Xp
34,Davranış yönü,bahcivan,standart,103,son,11,Bumerang Orak Kartları,1,40,Iron,BehaviorUnlock
34,Davranış yönü,bahcivan,standart,103,son,11,2×2 Saksı,1,80,Gold,PlanterUnlock
34,Davranış yönü,bahcivan,standart,103,son,11,Keskin Başlangıç - 4,2,17,Gold,Damage
34,Davranış yönü,bahcivan,standart,103,son,11,Düzenli Üretim - 2,2,13,Gold,Production
34,Davranış yönü,bahcivan,standart,103,son,11,Hızlı Eller - 3,1,16,Gold,Speed
34,Davranış yönü,bahcivan,standart,103,son,11,Altın Hasat I - 3,2,20,Gold,Economy
34,Davranış yönü,bahcivan,standart,103,son,11,Hasat Deneyimi I - 2,2,14,Gold,Xp
34,Davranış yönü,bahcivan,standart,103,son,12,Kesim Tekniği - 1,3,40,Gold,Damage
34,Davranış yönü,bahcivan,standart,103,son,12,Demir Hasat - 1,1,25,Gold,Economy
34,Davranış yönü,bahcivan,standart,103,son,12,Çifte Hasat Kartları,1,25,Iron,Economy
34,Davranış yönü,bahcivan,standart,103,son,12,Hızlı Eller - 3,2,18,Gold,Speed
34,Davranış yönü,bahcivan,standart,103,son,12,Düzenli Üretim - 3,1,15,Gold,Production
34,Davranış yönü,bahcivan,standart,103,son,12,Altın Hasat I - 4,1,22,Gold,Economy
34,Davranış yönü,bahcivan,standart,103,son,12,Geniş Süpürüş - 1,1,21,Gold,Area
34,Davranış yönü,bahcivan,standart,103,son,12,Hasat Deneyimi I - 3,1,16,Gold,Xp
34,Davranış yönü,bahcivan,standart,103,son,12,Kesim Tekniği - 2,1,50,Gold,Damage
34,Davranış yönü,bahcivan,standart,103,son,12,Hızlı Eller - 4,1,20,Gold,Speed
34,Davranış yönü,bahcivan,standart,103,son,12,Altın Hasat I - 4,2,24,Gold,Economy
34,Davranış yönü,bahcivan,standart,103,son,12,Demir Hasat - 1,2,35,Gold,Economy
34,Davranış yönü,bahcivan,standart,103,son,12,Düzenli Üretim - 3,2,17,Gold,Production
34,Davranış yönü,bahcivan,standart,103,son,12,Geniş Süpürüş - 1,2,28,Gold,Area
34,Davranış yönü,bahcivan,standart,103,son,12,Hasat Deneyimi I - 3,2,18,Gold,Xp
34,Davranış yönü,bahcivan,standart,103,son,12,Hızlı Eller - 4,2,22,Gold,Speed
34,Davranış yönü,bahcivan,standart,103,son,13,Güçlü Kesim - 1,1,120,Gold,Damage
34,Davranış yönü,bahcivan,standart,103,son,13,Kesim Tekniği - 2,2,55,Gold,Damage
34,Davranış yönü,bahcivan,standart,103,son,13,Düzenli Üretim - 4,1,19,Gold,Production
34,Davranış yönü,bahcivan,standart,103,son,13,Hasat Deneyimi I - 4,1,20,Gold,Xp
34,Davranış yönü,bahcivan,standart,103,son,13,Demir Hasat - 1,3,40,Gold,Economy
34,Davranış yönü,bahcivan,standart,103,son,13,Geniş Süpürüş - 1,3,35,Gold,Area
34,Davranış yönü,bahcivan,standart,103,son,13,Grid Genişleme I,2,30,Iron,Grid
34,Davranış yönü,bahcivan,standart,103,son,13,Düzenli Üretim - 4,2,21,Gold,Production
34,Davranış yönü,bahcivan,standart,103,son,14,2×3 Saksı,1,200,Gold,PlanterUnlock
34,Davranış yönü,bahcivan,standart,103,son,14,İlk Vazgeçiş,1,150,Gold,Cards
34,Davranış yönü,bahcivan,standart,103,son,14,Taş Hasat - 1,1,35,Iron,Economy
34,Davranış yönü,bahcivan,standart,103,son,15,Kesim Tekniği - 3,1,65,Gold,Damage
34,Davranış yönü,bahcivan,standart,103,son,15,Hasat Rekoru - 1,1,180,Gold,Score
34,Davranış yönü,bahcivan,standart,103,son,15,Hasat Deneyimi I - 4,2,21,Gold,Xp
34,Davranış yönü,bahcivan,standart,103,son,15,Geniş Süpürüş - 2,1,40,Gold,Area
34,Davranış yönü,bahcivan,standart,103,son,16,Güçlü Kesim - 1,2,160,Gold,Damage
34,Davranış yönü,bahcivan,standart,103,son,16,Akıcı Kesim - 1,1,160,Gold,Speed
34,Davranış yönü,bahcivan,standart,103,son,16,Kesim Tekniği - 3,2,70,Gold,Damage
34,Davranış yönü,bahcivan,standart,103,son,16,Demir Hasat - 2,1,50,Gold,Economy
34,Davranış yönü,bahcivan,standart,103,son,16,Güçlü Kesim - 1,3,195,Gold,Damage
34,Davranış yönü,bahcivan,standart,103,son,16,Geniş Süpürüş - 2,2,45,Gold,Area
34,Davranış yönü,bahcivan,standart,103,son,16,Kesim Tekniği - 4,1,80,Gold,Damage
34,Davranış yönü,bahcivan,standart,103,son,16,Verimli Üretim - 1,1,200,Iron,Production
34,Davranış yönü,bahcivan,standart,103,son,17,Akıcı Kesim - 1,2,210,Gold,Speed
34,Davranış yönü,bahcivan,standart,103,son,17,Hasat Rekoru - 1,2,240,Gold,Score
34,Davranış yönü,bahcivan,standart,103,son,17,Demir Hasat - 2,2,55,Gold,Economy
34,Davranış yönü,bahcivan,standart,103,son,17,Güçlü Kesim - 2,1,230,Gold,Damage
34,Davranış yönü,bahcivan,standart,103,son,17,Geniş Süpürüş - 3,1,55,Gold,Area
34,Davranış yönü,bahcivan,standart,103,son,17,Altın Hasat II - 1,1,180,Gold,Economy
34,Davranış yönü,bahcivan,standart,103,son,17,Nadir Filizler - 1,1,230,Iron,Rarity
34,Davranış yönü,bahcivan,standart,103,son,17,Taş Hasat - 1,2,45,Iron,Economy
34,Davranış yönü,bahcivan,standart,103,son,18,Kesim Tekniği - 4,2,85,Gold,Damage
34,Davranış yönü,bahcivan,standart,103,son,18,Akıcı Kesim - 1,3,260,Gold,Speed
34,Davranış yönü,bahcivan,standart,103,son,18,Demir Hasat - 3,1,65,Gold,Economy
34,Davranış yönü,bahcivan,standart,103,son,18,Hasat Rekoru - 1,3,290,Gold,Score
34,Davranış yönü,bahcivan,standart,103,son,18,Geniş Süpürüş - 3,2,60,Gold,Area
34,Davranış yönü,bahcivan,standart,103,son,19,Güçlü Kesim - 2,2,270,Gold,Damage
34,Davranış yönü,bahcivan,standart,103,son,19,Altın Hasat II - 1,2,240,Gold,Economy
34,Davranış yönü,bahcivan,standart,103,son,19,Grid Genişleme II,1,100,Stone,Grid
34,Davranış yönü,bahcivan,standart,103,son,19,Taş Hasat - 1,3,55,Iron,Economy
34,Davranış yönü,bahcivan,standart,103,son,19,Verimli Üretim - 1,2,260,Iron,Production
34,Davranış yönü,bahcivan,standart,103,son,19,Akıcı Kesim - 2,1,310,Gold,Speed
34,Davranış yönü,bahcivan,standart,103,son,19,Nadir Filizler - 1,2,300,Iron,Rarity
34,Davranış yönü,bahcivan,standart,103,son,19,Geniş Tarama - 1,1,160,Gold,Area
34,Davranış yönü,bahcivan,standart,103,son,20,Geniş Süpürüş - 4,1,65,Gold,Area
34,Davranış yönü,bahcivan,standart,103,son,20,Demir Hasat - 3,2,70,Gold,Economy
34,Davranış yönü,bahcivan,standart,103,son,20,Güçlü Kesim - 3,1,300,Gold,Damage
34,Davranış yönü,bahcivan,standart,103,son,21,Kesim Ustalığı - 1,1,560,Iron,Damage
34,Davranış yönü,bahcivan,standart,103,son,21,Altın Hasat II - 1,3,290,Gold,Economy
34,Davranış yönü,bahcivan,standart,103,son,21,Hasat Rekoru - 2,1,350,Gold,Score
34,Davranış yönü,bahcivan,standart,103,son,21,Taş Hasat - 2,1,65,Iron,Economy
34,Davranış yönü,bahcivan,standart,103,son,21,Akıcı Kesim - 2,2,360,Gold,Speed
34,Davranış yönü,bahcivan,standart,103,son,21,Geniş Süpürüş - 4,2,70,Gold,Area
34,Davranış yönü,bahcivan,standart,103,son,22,Verimli Üretim - 1,3,320,Iron,Production
34,Davranış yönü,bahcivan,standart,103,son,22,Geniş Tarama - 1,2,210,Gold,Area
34,Davranış yönü,bahcivan,standart,103,son,22,Hasat Deneyimi II - 1,1,450,Gold,Xp
34,Davranış yönü,bahcivan,standart,103,son,22,Nadir Filizler - 1,3,360,Iron,Rarity
34,Davranış yönü,bahcivan,standart,103,son,22,Demir Hasat - 4,1,80,Gold,Economy
34,Davranış yönü,bahcivan,standart,103,son,22,Güçlü Kesim - 3,2,340,Gold,Damage
34,Davranış yönü,bahcivan,standart,103,son,22,Altın Hasat II - 2,1,350,Gold,Economy
34,Davranış yönü,bahcivan,standart,103,son,23,Taş Hasat - 2,2,80,Iron,Economy
34,Davranış yönü,bahcivan,standart,103,son,23,Akıcı Kesim - 3,1,400,Gold,Speed
34,Davranış yönü,bahcivan,standart,103,son,23,Verimli Üretim - 2,1,380,Iron,Production
34,Davranış yönü,bahcivan,standart,103,son,23,Geniş Tarama - 1,3,260,Gold,Area
34,Davranış yönü,bahcivan,standart,103,son,24,Kesim Ustalığı - 1,2,720,Iron,Damage
34,Davranış yönü,bahcivan,standart,103,son,24,Hasat Deneyimi II - 1,2,590,Gold,Xp
34,Davranış yönü,bahcivan,standart,103,son,24,Hasat Rekoru - 2,2,400,Gold,Score
34,Davranış yönü,bahcivan,standart,103,son,24,Güçlü Kesim - 4,1,380,Gold,Damage
34,Davranış yönü,bahcivan,standart,103,son,24,Altın Hasat II - 2,2,400,Gold,Economy
34,Davranış yönü,bahcivan,standart,103,son,24,Demir Hasat - 4,2,85,Gold,Economy
34,Davranış yönü,bahcivan,standart,103,son,24,Zengin Cevher - 1,1,50,Stone,Economy
34,Davranış yönü,bahcivan,standart,103,son,25,İkinci Vazgeçiş,1,800,Iron,Cards
34,Davranış yönü,bahcivan,standart,103,son,25,Ağır Kesim - 1,1,1200,Gold,Damage
34,Davranış yönü,bahcivan,standart,103,son,25,Nadir Filizler - 2,1,430,Iron,Rarity
34,Davranış yönü,bahcivan,standart,103,son,25,Taş Hasat - 3,1,90,Iron,Economy
34,Davranış yönü,bahcivan,standart,103,son,25,Akıcı Kesim - 3,2,450,Gold,Speed
34,Davranış yönü,bahcivan,standart,103,son,25,Geniş Tarama - 2,1,310,Gold,Area
34,Davranış yönü,bahcivan,standart,103,son,25,Kart Sezgisi - 1,1,710,Gold,Cards
34,Davranış yönü,bahcivan,standart,103,son,26,Kesim Ustalığı - 1,3,890,Iron,Damage
34,Davranış yönü,bahcivan,standart,103,son,26,Hasat Deneyimi II - 1,3,730,Gold,Xp
34,Davranış yönü,bahcivan,standart,103,son,26,Altın Hasat II - 3,1,450,Gold,Economy
34,Davranış yönü,bahcivan,standart,103,son,26,Güçlü Kesim - 4,2,410,Gold,Damage
34,Davranış yönü,bahcivan,standart,103,son,26,Kritik Odak - 1,1,150,Gold,Crit
34,Davranış yönü,bahcivan,standart,103,son,27,Verimli Üretim - 2,2,440,Iron,Production
34,Davranış yönü,bahcivan,standart,103,son,27,Zengin Cevher - 1,2,65,Stone,Economy
34,Davranış yönü,bahcivan,standart,103,son,27,Ağır Kesim - 1,2,1600,Gold,Damage
34,Davranış yönü,bahcivan,standart,103,son,27,Kesim Ustalığı - 2,1,1100,Iron,Damage
34,Davranış yönü,bahcivan,standart,103,son,27,Hasat Rekoru - 3,1,450,Gold,Score
34,Davranış yönü,bahcivan,standart,103,son,27,Taş Hasat - 3,2,100,Iron,Economy
34,Davranış yönü,bahcivan,standart,103,son,27,Akıcı Kesim - 4,1,500,Gold,Speed
34,Davranış yönü,bahcivan,standart,103,son,27,Geniş Tarama - 2,2,360,Gold,Area
34,Davranış yönü,bahcivan,standart,103,son,28,Nadir Filizler - 2,2,500,Iron,Rarity
34,Davranış yönü,bahcivan,standart,103,son,28,Verimli Üretim - 3,1,510,Iron,Production
34,Davranış yönü,bahcivan,standart,103,son,28,Hasat Deneyimi II - 2,1,860,Gold,Xp
34,Davranış yönü,bahcivan,standart,103,son,28,Kart Sezgisi - 1,2,920,Gold,Cards
34,Davranış yönü,bahcivan,standart,103,son,28,Altın Hasat II - 3,2,510,Gold,Economy
34,Davranış yönü,bahcivan,standart,103,son,29,Kritik Odak - 1,2,195,Gold,Crit
34,Davranış yönü,bahcivan,standart,103,son,29,Zengin Cevher - 1,3,80,Stone,Economy
34,Davranış yönü,bahcivan,standart,103,son,29,Ağır Kesim - 1,3,1900,Gold,Damage
34,Davranış yönü,bahcivan,standart,103,son,29,Taş Hasat - 4,1,110,Iron,Economy
34,Davranış yönü,bahcivan,standart,103,son,29,Akıcı Kesim - 4,2,550,Gold,Speed
34,Davranış yönü,bahcivan,standart,103,son,29,Geniş Tarama - 3,1,400,Gold,Area
34,Davranış yönü,bahcivan,standart,103,son,29,Kesim Ustalığı - 2,2,1200,Iron,Damage
34,Davranış yönü,bahcivan,standart,103,son,30,Hasat Deneyimi II - 2,2,1000,Gold,Xp
34,Davranış yönü,bahcivan,standart,103,son,30,Verimli Üretim - 3,2,570,Iron,Production
34,Davranış yönü,bahcivan,standart,103,son,30,Hasat Rekoru - 3,2,510,Gold,Score
34,Davranış yönü,bahcivan,standart,103,son,30,Nadir Filizler - 3,1,570,Iron,Rarity
34,Davranış yönü,bahcivan,standart,103,son,30,Altın Hasat II - 4,1,560,Gold,Economy
34,Davranış yönü,bahcivan,standart,103,son,30,Kart Sezgisi - 1,3,1100,Gold,Cards
34,Davranış yönü,bahcivan,standart,103,son,31,Kritik Odak - 1,3,240,Gold,Crit
34,Davranış yönü,bahcivan,standart,103,son,31,Zengin Cevher - 2,1,95,Stone,Economy
34,Davranış yönü,bahcivan,standart,103,son,31,Ağır Kesim - 2,1,2300,Gold,Damage
34,Davranış yönü,bahcivan,standart,103,son,31,Geniş Tarama - 3,2,450,Gold,Area
34,Davranış yönü,bahcivan,standart,103,son,31,Taş Hasat - 4,2,120,Iron,Economy
34,Davranış yönü,bahcivan,standart,103,son,32,Kesim Ustalığı - 3,1,1400,Iron,Damage
34,Davranış yönü,bahcivan,standart,103,son,32,Hasat Deneyimi II - 3,1,1100,Gold,Xp
34,Davranış yönü,bahcivan,standart,103,son,32,Verimli Üretim - 4,1,630,Iron,Production
34,Davranış yönü,bahcivan,standart,103,son,32,Altın Hasat II - 4,2,620,Gold,Economy
34,Davranış yönü,bahcivan,standart,103,son,33,Kritik Odak - 2,1,290,Gold,Crit
34,Davranış yönü,bahcivan,standart,103,son,33,Kart Sezgisi - 2,1,1300,Gold,Cards
34,Davranış yönü,bahcivan,standart,103,son,33,Nadir Filizler - 3,2,640,Iron,Rarity
34,Davranış yönü,bahcivan,standart,103,son,33,Zengin Cevher - 2,2,110,Stone,Economy
34,Davranış yönü,bahcivan,standart,103,son,33,Hasat Rekoru - 4,1,560,Gold,Score
34,Davranış yönü,bahcivan,standart,103,son,33,Ağır Kesim - 2,2,2700,Gold,Damage
34,Davranış yönü,bahcivan,standart,103,son,33,Geniş Tarama - 4,1,500,Gold,Area
34,Davranış yönü,bahcivan,standart,103,son,34,Hasat Deneyimi II - 3,2,1300,Gold,Xp
34,Davranış yönü,bahcivan,standart,103,son,34,Kesim Ustalığı - 3,2,1600,Iron,Damage
34,Davranış yönü,bahcivan,standart,103,son,34,Verimli Üretim - 4,2,690,Iron,Production
34,Davranış yönü,bahcivan,standart,103,son,35,Kritik Odak - 2,2,330,Gold,Crit
34,Davranış yönü,bahcivan,standart,103,son,35,Zengin Cevher - 3,1,125,Stone,Economy
34,Davranış yönü,bahcivan,standart,103,son,35,Geniş Tarama - 4,2,550,Gold,Area
34,Davranış yönü,bahcivan,standart,103,son,35,Kart Sezgisi - 2,2,1600,Gold,Cards
34,Davranış yönü,bahcivan,standart,103,son,36,Ağır Kesim - 3,1,3000,Gold,Damage
34,Davranış yönü,bahcivan,standart,103,son,36,Nadir Filizler - 4,1,700,Iron,Rarity
34,Davranış yönü,bahcivan,standart,103,son,36,Hasat Deneyimi II - 4,1,1400,Gold,Xp
34,Davranış yönü,bahcivan,standart,103,son,36,Hasat Rekoru - 4,2,620,Gold,Score
34,Davranış yönü,bahcivan,standart,103,son,37,Kesim Ustalığı - 4,1,1700,Iron,Damage
34,Davranış yönü,bahcivan,standart,103,son,37,Kritik Odak - 3,1,380,Gold,Crit
34,Davranış yönü,bahcivan,standart,103,son,37,Zengin Cevher - 3,2,140,Stone,Economy
34,Davranış yönü,bahcivan,standart,103,son,38,Ağır Kesim - 3,2,3400,Gold,Damage
34,Davranış yönü,bahcivan,standart,103,son,38,Kart Sezgisi - 3,1,1800,Gold,Cards
34,Davranış yönü,bahcivan,standart,103,son,38,Hasat Deneyimi II - 4,2,1500,Gold,Xp
34,Davranış yönü,bahcivan,standart,103,son,38,Nadir Filizler - 4,2,770,Iron,Rarity
34,Davranış yönü,bahcivan,standart,103,son,39,Kritik Odak - 3,2,420,Gold,Crit
34,Davranış yönü,bahcivan,standart,103,son,39,Zengin Cevher - 4,1,155,Stone,Economy
34,Davranış yönü,bahcivan,standart,103,son,39,Kesim Ustalığı - 4,2,1900,Iron,Damage
34,Davranış yönü,bahcivan,standart,103,son,40,Ağır Kesim - 4,1,3800,Gold,Damage
34,Davranış yönü,bahcivan,standart,103,son,40,Kart Sezgisi - 3,2,2000,Gold,Cards
34,Davranış yönü,bahcivan,standart,103,son,40,Kritik Güç - 1,1,150,Stone,Crit
34,Davranış yönü,bahcivan,standart,103,son,41,Kritik Odak - 4,1,470,Gold,Crit
34,Davranış yönü,bahcivan,standart,103,son,41,Grid Genişleme II,2,1800,Stone,Grid
34,Davranış yönü,bahcivan,standart,103,son,41,Zengin Cevher - 4,2,170,Stone,Economy
34,Davranış yönü,bahcivan,standart,103,son,42,Ağır Kesim - 4,2,4100,Gold,Damage
34,Davranış yönü,bahcivan,standart,103,son,42,Kritik Güç - 1,2,195,Stone,Crit
34,Davranış yönü,bahcivan,standart,103,son,43,Kart Sezgisi - 4,1,2200,Gold,Cards
34,Davranış yönü,bahcivan,standart,103,son,43,Kritik Odak - 4,2,520,Gold,Crit
34,Davranış yönü,bahcivan,standart,103,son,44,Kritik Güç - 1,3,240,Stone,Crit
34,Davranış yönü,bahcivan,standart,103,son,45,Kart Sezgisi - 4,2,2400,Gold,Cards
34,Davranış yönü,bahcivan,standart,103,son,46,Kritik Güç - 2,1,290,Stone,Crit
34,Davranış yönü,bahcivan,standart,103,son,48,Kritik Güç - 2,2,330,Stone,Crit
35,Davranış yönü,bahcivan,standart,104,son,1,Keskin Başlangıç - 1,1,5,Gold,Damage
35,Davranış yönü,bahcivan,standart,104,son,2,Keskin Başlangıç - 1,2,7,Gold,Damage
35,Davranış yönü,bahcivan,standart,104,son,3,Altın Hasat I - 1,1,7,Gold,Economy
35,Davranış yönü,bahcivan,standart,104,son,3,Düzenli Üretim - 1,1,6,Gold,Production
35,Davranış yönü,bahcivan,standart,104,son,3,Keskin Başlangıç - 1,3,8,Gold,Damage
35,Davranış yönü,bahcivan,standart,104,son,3,Hızlı Eller - 1,1,7,Gold,Speed
35,Davranış yönü,bahcivan,standart,104,son,3,Hasat Deneyimi I - 1,1,6,Gold,Xp
35,Davranış yönü,bahcivan,standart,104,son,5,Grid Genişleme I,1,30,Gold,Grid
35,Davranış yönü,bahcivan,standart,104,son,5,Altın Hasat I - 1,2,9,Gold,Economy
35,Davranış yönü,bahcivan,standart,104,son,6,Keskin Başlangıç - 2,1,10,Gold,Damage
35,Davranış yönü,bahcivan,standart,104,son,7,Düzenli Üretim - 1,2,8,Gold,Production
35,Davranış yönü,bahcivan,standart,104,son,7,Hızlı Eller - 1,2,9,Gold,Speed
35,Davranış yönü,bahcivan,standart,104,son,7,Keskin Başlangıç - 2,2,11,Gold,Damage
35,Davranış yönü,bahcivan,standart,104,son,7,Altın Hasat I - 1,3,11,Gold,Economy
35,Davranış yönü,bahcivan,standart,104,son,8,1×3 Saksı,1,30,Gold,PlanterUnlock
35,Davranış yönü,bahcivan,standart,104,son,8,Tornado Kartları,1,30,Iron,BehaviorUnlock
35,Davranış yönü,bahcivan,standart,104,son,8,Hasat Deneyimi I - 1,2,8,Gold,Xp
35,Davranış yönü,bahcivan,standart,104,son,8,Keskin Başlangıç - 3,1,13,Gold,Damage
35,Davranış yönü,bahcivan,standart,104,son,8,Düzenli Üretim - 1,3,10,Gold,Production
35,Davranış yönü,bahcivan,standart,104,son,9,Hızlı Eller - 1,3,11,Gold,Speed
35,Davranış yönü,bahcivan,standart,104,son,9,Altın Hasat I - 2,1,13,Gold,Economy
35,Davranış yönü,bahcivan,standart,104,son,9,Keskin Başlangıç - 3,2,14,Gold,Damage
35,Davranış yönü,bahcivan,standart,104,son,9,Bumerang Orak Kartları,1,40,Iron,BehaviorUnlock
35,Davranış yönü,bahcivan,standart,104,son,9,Kesim Tekniği - 1,1,25,Gold,Damage
35,Davranış yönü,bahcivan,standart,104,son,9,Hızlı Eller - 2,1,12,Gold,Speed
35,Davranış yönü,bahcivan,standart,104,son,10,Hasat Deneyimi I - 1,3,10,Gold,Xp
35,Davranış yönü,bahcivan,standart,104,son,10,Altın Hasat I - 2,2,16,Gold,Economy
35,Davranış yönü,bahcivan,standart,104,son,10,Düzenli Üretim - 2,1,12,Gold,Production
35,Davranış yönü,bahcivan,standart,104,son,10,Keskin Başlangıç - 4,1,16,Gold,Damage
35,Davranış yönü,bahcivan,standart,104,son,10,Hızlı Eller - 2,2,14,Gold,Speed
35,Davranış yönü,bahcivan,standart,104,son,11,Kesim Tekniği - 1,2,35,Gold,Damage
35,Davranış yönü,bahcivan,standart,104,son,11,Altın Hasat I - 3,1,18,Gold,Economy
35,Davranış yönü,bahcivan,standart,104,son,11,Hasat Deneyimi I - 2,1,12,Gold,Xp
35,Davranış yönü,bahcivan,standart,104,son,11,Keskin Başlangıç - 4,2,17,Gold,Damage
35,Davranış yönü,bahcivan,standart,104,son,11,Düzenli Üretim - 2,2,13,Gold,Production
35,Davranış yönü,bahcivan,standart,104,son,11,Hızlı Eller - 3,1,16,Gold,Speed
35,Davranış yönü,bahcivan,standart,104,son,12,2×2 Saksı,1,80,Gold,PlanterUnlock
35,Davranış yönü,bahcivan,standart,104,son,12,Altın Hasat I - 3,2,20,Gold,Economy
35,Davranış yönü,bahcivan,standart,104,son,12,Hasat Deneyimi I - 2,2,14,Gold,Xp
35,Davranış yönü,bahcivan,standart,104,son,12,Kesim Tekniği - 1,3,40,Gold,Damage
35,Davranış yönü,bahcivan,standart,104,son,12,Çifte Hasat Kartları,1,25,Iron,Economy
35,Davranış yönü,bahcivan,standart,104,son,13,Demir Hasat - 1,1,25,Gold,Economy
35,Davranış yönü,bahcivan,standart,104,son,13,Hızlı Eller - 3,2,18,Gold,Speed
35,Davranış yönü,bahcivan,standart,104,son,13,Düzenli Üretim - 3,1,15,Gold,Production
35,Davranış yönü,bahcivan,standart,104,son,13,Altın Hasat I - 4,1,22,Gold,Economy
35,Davranış yönü,bahcivan,standart,104,son,13,Geniş Süpürüş - 1,1,21,Gold,Area
35,Davranış yönü,bahcivan,standart,104,son,13,Hasat Deneyimi I - 3,1,16,Gold,Xp
35,Davranış yönü,bahcivan,standart,104,son,13,Kesim Tekniği - 2,1,50,Gold,Damage
35,Davranış yönü,bahcivan,standart,104,son,13,Grid Genişleme I,2,30,Iron,Grid
35,Davranış yönü,bahcivan,standart,104,son,14,Hızlı Eller - 4,1,20,Gold,Speed
35,Davranış yönü,bahcivan,standart,104,son,14,Altın Hasat I - 4,2,24,Gold,Economy
35,Davranış yönü,bahcivan,standart,104,son,14,Demir Hasat - 1,2,35,Gold,Economy
35,Davranış yönü,bahcivan,standart,104,son,14,Düzenli Üretim - 3,2,17,Gold,Production
35,Davranış yönü,bahcivan,standart,104,son,14,Geniş Süpürüş - 1,2,28,Gold,Area
35,Davranış yönü,bahcivan,standart,104,son,14,Hasat Deneyimi I - 3,2,18,Gold,Xp
35,Davranış yönü,bahcivan,standart,104,son,14,Hızlı Eller - 4,2,22,Gold,Speed
35,Davranış yönü,bahcivan,standart,104,son,14,Düzenli Üretim - 4,1,19,Gold,Production
35,Davranış yönü,bahcivan,standart,104,son,14,Hasat Deneyimi I - 4,1,20,Gold,Xp
35,Davranış yönü,bahcivan,standart,104,son,14,Düzenli Üretim - 4,2,21,Gold,Production
35,Davranış yönü,bahcivan,standart,104,son,14,Hasat Deneyimi I - 4,2,21,Gold,Xp
35,Davranış yönü,bahcivan,standart,104,son,15,Güçlü Kesim - 1,1,120,Gold,Damage
35,Davranış yönü,bahcivan,standart,104,son,15,Kesim Tekniği - 2,2,55,Gold,Damage
35,Davranış yönü,bahcivan,standart,104,son,15,Demir Hasat - 1,3,40,Gold,Economy
35,Davranış yönü,bahcivan,standart,104,son,15,Geniş Süpürüş - 1,3,35,Gold,Area
35,Davranış yönü,bahcivan,standart,104,son,15,Taş Hasat - 1,1,35,Iron,Economy
36,Davranış yönü,bahcivan,standart,105,son,1,Keskin Başlangıç - 1,1,5,Gold,Damage
36,Davranış yönü,bahcivan,standart,105,son,2,Keskin Başlangıç - 1,2,7,Gold,Damage
36,Davranış yönü,bahcivan,standart,105,son,4,Altın Hasat I - 1,1,7,Gold,Economy
36,Davranış yönü,bahcivan,standart,105,son,4,Düzenli Üretim - 1,1,6,Gold,Production
36,Davranış yönü,bahcivan,standart,105,son,4,Keskin Başlangıç - 1,3,8,Gold,Damage
36,Davranış yönü,bahcivan,standart,105,son,4,Hızlı Eller - 1,1,7,Gold,Speed
36,Davranış yönü,bahcivan,standart,105,son,4,Hasat Deneyimi I - 1,1,6,Gold,Xp
36,Davranış yönü,bahcivan,standart,105,son,5,Grid Genişleme I,1,30,Gold,Grid
36,Davranış yönü,bahcivan,standart,105,son,5,Altın Hasat I - 1,2,9,Gold,Economy
36,Davranış yönü,bahcivan,standart,105,son,5,Keskin Başlangıç - 2,1,10,Gold,Damage
36,Davranış yönü,bahcivan,standart,105,son,5,Düzenli Üretim - 1,2,8,Gold,Production
36,Davranış yönü,bahcivan,standart,105,son,6,Hızlı Eller - 1,2,9,Gold,Speed
36,Davranış yönü,bahcivan,standart,105,son,8,Keskin Başlangıç - 2,2,11,Gold,Damage
36,Davranış yönü,bahcivan,standart,105,son,8,Altın Hasat I - 1,3,11,Gold,Economy
36,Davranış yönü,bahcivan,standart,105,son,8,1×3 Saksı,1,30,Gold,PlanterUnlock
36,Davranış yönü,bahcivan,standart,105,son,8,Tornado Kartları,1,30,Iron,BehaviorUnlock
36,Davranış yönü,bahcivan,standart,105,son,8,Hasat Deneyimi I - 1,2,8,Gold,Xp
36,Davranış yönü,bahcivan,standart,105,son,8,Keskin Başlangıç - 3,1,13,Gold,Damage
36,Davranış yönü,bahcivan,standart,105,son,9,Düzenli Üretim - 1,3,10,Gold,Production
36,Davranış yönü,bahcivan,standart,105,son,9,Hızlı Eller - 1,3,11,Gold,Speed
36,Davranış yönü,bahcivan,standart,105,son,9,Altın Hasat I - 2,1,13,Gold,Economy
36,Davranış yönü,bahcivan,standart,105,son,9,Keskin Başlangıç - 3,2,14,Gold,Damage
36,Davranış yönü,bahcivan,standart,105,son,9,Bumerang Orak Kartları,1,40,Iron,BehaviorUnlock
36,Davranış yönü,bahcivan,standart,105,son,10,Kesim Tekniği - 1,1,25,Gold,Damage
36,Davranış yönü,bahcivan,standart,105,son,10,Hızlı Eller - 2,1,12,Gold,Speed
36,Davranış yönü,bahcivan,standart,105,son,10,Hasat Deneyimi I - 1,3,10,Gold,Xp
36,Davranış yönü,bahcivan,standart,105,son,10,Altın Hasat I - 2,2,16,Gold,Economy
36,Davranış yönü,bahcivan,standart,105,son,11,Düzenli Üretim - 2,1,12,Gold,Production
36,Davranış yönü,bahcivan,standart,105,son,11,Keskin Başlangıç - 4,1,16,Gold,Damage
36,Davranış yönü,bahcivan,standart,105,son,11,Hızlı Eller - 2,2,14,Gold,Speed
36,Davranış yönü,bahcivan,standart,105,son,11,Kesim Tekniği - 1,2,35,Gold,Damage
36,Davranış yönü,bahcivan,standart,105,son,11,Altın Hasat I - 3,1,18,Gold,Economy
36,Davranış yönü,bahcivan,standart,105,son,11,Hasat Deneyimi I - 2,1,12,Gold,Xp
36,Davranış yönü,bahcivan,standart,105,son,11,2×2 Saksı,1,80,Gold,PlanterUnlock
36,Davranış yönü,bahcivan,standart,105,son,11,Keskin Başlangıç - 4,2,17,Gold,Damage
36,Davranış yönü,bahcivan,standart,105,son,11,Düzenli Üretim - 2,2,13,Gold,Production
36,Davranış yönü,bahcivan,standart,105,son,11,Hızlı Eller - 3,1,16,Gold,Speed
36,Davranış yönü,bahcivan,standart,105,son,11,Çifte Hasat Kartları,1,25,Iron,Economy
36,Davranış yönü,bahcivan,standart,105,son,12,Altın Hasat I - 3,2,20,Gold,Economy
36,Davranış yönü,bahcivan,standart,105,son,12,Hasat Deneyimi I - 2,2,14,Gold,Xp
36,Davranış yönü,bahcivan,standart,105,son,12,Kesim Tekniği - 1,3,40,Gold,Damage
36,Davranış yönü,bahcivan,standart,105,son,12,Demir Hasat - 1,1,25,Gold,Economy
36,Davranış yönü,bahcivan,standart,105,son,12,Hızlı Eller - 3,2,18,Gold,Speed
36,Davranış yönü,bahcivan,standart,105,son,12,Düzenli Üretim - 3,1,15,Gold,Production
36,Davranış yönü,bahcivan,standart,105,son,12,Altın Hasat I - 4,1,22,Gold,Economy
36,Davranış yönü,bahcivan,standart,105,son,12,Geniş Süpürüş - 1,1,21,Gold,Area
36,Davranış yönü,bahcivan,standart,105,son,12,Hasat Deneyimi I - 3,1,16,Gold,Xp
36,Davranış yönü,bahcivan,standart,105,son,12,Kesim Tekniği - 2,1,50,Gold,Damage
36,Davranış yönü,bahcivan,standart,105,son,12,Hızlı Eller - 4,1,20,Gold,Speed
36,Davranış yönü,bahcivan,standart,105,son,12,Altın Hasat I - 4,2,24,Gold,Economy
36,Davranış yönü,bahcivan,standart,105,son,12,Demir Hasat - 1,2,35,Gold,Economy
36,Davranış yönü,bahcivan,standart,105,son,12,Grid Genişleme I,2,30,Iron,Grid
36,Davranış yönü,bahcivan,standart,105,son,13,Düzenli Üretim - 3,2,17,Gold,Production
36,Davranış yönü,bahcivan,standart,105,son,13,Geniş Süpürüş - 1,2,28,Gold,Area
36,Davranış yönü,bahcivan,standart,105,son,14,Hasat Deneyimi I - 3,2,18,Gold,Xp
36,Davranış yönü,bahcivan,standart,105,son,14,Güçlü Kesim - 1,1,120,Gold,Damage
36,Davranış yönü,bahcivan,standart,105,son,14,Hızlı Eller - 4,2,22,Gold,Speed
36,Davranış yönü,bahcivan,standart,105,son,14,Kesim Tekniği - 2,2,55,Gold,Damage
36,Davranış yönü,bahcivan,standart,105,son,14,Düzenli Üretim - 4,1,19,Gold,Production
36,Davranış yönü,bahcivan,standart,105,son,14,Hasat Deneyimi I - 4,1,20,Gold,Xp
36,Davranış yönü,bahcivan,standart,105,son,15,2×3 Saksı,1,200,Gold,PlanterUnlock
36,Davranış yönü,bahcivan,standart,105,son,15,Demir Hasat - 1,3,40,Gold,Economy
36,Davranış yönü,bahcivan,standart,105,son,15,Geniş Süpürüş - 1,3,35,Gold,Area
36,Davranış yönü,bahcivan,standart,105,son,15,İlk Vazgeçiş,1,150,Gold,Cards
36,Davranış yönü,bahcivan,standart,105,son,15,Taş Hasat - 1,1,35,Iron,Economy
36,Davranış yönü,bahcivan,standart,105,son,16,Kesim Tekniği - 3,1,65,Gold,Damage
36,Davranış yönü,bahcivan,standart,105,son,16,Hasat Rekoru - 1,1,180,Gold,Score
36,Davranış yönü,bahcivan,standart,105,son,16,Güçlü Kesim - 1,2,160,Gold,Damage
36,Davranış yönü,bahcivan,standart,105,son,16,Akıcı Kesim - 1,1,160,Gold,Speed
36,Davranış yönü,bahcivan,standart,105,son,16,Düzenli Üretim - 4,2,21,Gold,Production
36,Davranış yönü,bahcivan,standart,105,son,16,Verimli Üretim - 1,1,200,Iron,Production
36,Davranış yönü,bahcivan,standart,105,son,17,Hasat Deneyimi I - 4,2,21,Gold,Xp
36,Davranış yönü,bahcivan,standart,105,son,17,Geniş Süpürüş - 2,1,40,Gold,Area
36,Davranış yönü,bahcivan,standart,105,son,17,Kesim Tekniği - 3,2,70,Gold,Damage
36,Davranış yönü,bahcivan,standart,105,son,17,Demir Hasat - 2,1,50,Gold,Economy
36,Davranış yönü,bahcivan,standart,105,son,17,Güçlü Kesim - 1,3,195,Gold,Damage
36,Davranış yönü,bahcivan,standart,105,son,17,Geniş Süpürüş - 2,2,45,Gold,Area
36,Davranış yönü,bahcivan,standart,105,son,17,Akıcı Kesim - 1,2,210,Gold,Speed
36,Davranış yönü,bahcivan,standart,105,son,17,Hasat Rekoru - 1,2,240,Gold,Score
36,Davranış yönü,bahcivan,standart,105,son,17,Kesim Tekniği - 4,1,80,Gold,Damage
36,Davranış yönü,bahcivan,standart,105,son,17,Nadir Filizler - 1,1,230,Iron,Rarity
36,Davranış yönü,bahcivan,standart,105,son,17,Taş Hasat - 1,2,45,Iron,Economy
36,Davranış yönü,bahcivan,standart,105,son,18,Demir Hasat - 2,2,55,Gold,Economy
36,Davranış yönü,bahcivan,standart,105,son,18,Güçlü Kesim - 2,1,230,Gold,Damage
36,Davranış yönü,bahcivan,standart,105,son,18,Geniş Süpürüş - 3,1,55,Gold,Area
36,Davranış yönü,bahcivan,standart,105,son,18,Altın Hasat II - 1,1,180,Gold,Economy
36,Davranış yönü,bahcivan,standart,105,son,18,Kesim Tekniği - 4,2,85,Gold,Damage
36,Davranış yönü,bahcivan,standart,105,son,18,Demir Hasat - 3,1,65,Gold,Economy
36,Davranış yönü,bahcivan,standart,105,son,18,Geniş Süpürüş - 3,2,60,Gold,Area
36,Davranış yönü,bahcivan,standart,105,son,18,Grid Genişleme II,1,100,Stone,Grid
36,Davranış yönü,bahcivan,standart,105,son,19,Akıcı Kesim - 1,3,260,Gold,Speed
36,Davranış yönü,bahcivan,standart,105,son,19,Hasat Rekoru - 1,3,290,Gold,Score
36,Davranış yönü,bahcivan,standart,105,son,19,Taş Hasat - 1,3,55,Iron,Economy
36,Davranış yönü,bahcivan,standart,105,son,19,Verimli Üretim - 1,2,260,Iron,Production
36,Davranış yönü,bahcivan,standart,105,son,19,Nadir Filizler - 1,2,300,Iron,Rarity
36,Davranış yönü,bahcivan,standart,105,son,19,Geniş Tarama - 1,1,160,Gold,Area
36,Davranış yönü,bahcivan,standart,105,son,20,Güçlü Kesim - 2,2,270,Gold,Damage
36,Davranış yönü,bahcivan,standart,105,son,20,Altın Hasat II - 1,2,240,Gold,Economy
36,Davranış yönü,bahcivan,standart,105,son,20,Akıcı Kesim - 2,1,310,Gold,Speed
36,Davranış yönü,bahcivan,standart,105,son,20,Geniş Süpürüş - 4,1,65,Gold,Area
36,Davranış yönü,bahcivan,standart,105,son,21,Kesim Ustalığı - 1,1,560,Iron,Damage
36,Davranış yönü,bahcivan,standart,105,son,21,Demir Hasat - 3,2,70,Gold,Economy
36,Davranış yönü,bahcivan,standart,105,son,21,Güçlü Kesim - 3,1,300,Gold,Damage
36,Davranış yönü,bahcivan,standart,105,son,21,Altın Hasat II - 1,3,290,Gold,Economy
36,Davranış yönü,bahcivan,standart,105,son,21,Hasat Rekoru - 2,1,350,Gold,Score
36,Davranış yönü,bahcivan,standart,105,son,21,Taş Hasat - 2,1,65,Iron,Economy
36,Davranış yönü,bahcivan,standart,105,son,21,Verimli Üretim - 1,3,320,Iron,Production
36,Davranış yönü,bahcivan,standart,105,son,22,Akıcı Kesim - 2,2,360,Gold,Speed
36,Davranış yönü,bahcivan,standart,105,son,22,Geniş Süpürüş - 4,2,70,Gold,Area
36,Davranış yönü,bahcivan,standart,105,son,22,Geniş Tarama - 1,2,210,Gold,Area
36,Davranış yönü,bahcivan,standart,105,son,22,Hasat Deneyimi II - 1,1,450,Gold,Xp
36,Davranış yönü,bahcivan,standart,105,son,22,Kesim Ustalığı - 1,2,720,Iron,Damage
36,Davranış yönü,bahcivan,standart,105,son,22,Demir Hasat - 4,1,80,Gold,Economy
36,Davranış yönü,bahcivan,standart,105,son,23,Nadir Filizler - 1,3,360,Iron,Rarity
36,Davranış yönü,bahcivan,standart,105,son,23,Güçlü Kesim - 3,2,340,Gold,Damage
36,Davranış yönü,bahcivan,standart,105,son,23,Altın Hasat II - 2,1,350,Gold,Economy
36,Davranış yönü,bahcivan,standart,105,son,23,Taş Hasat - 2,2,80,Iron,Economy
36,Davranış yönü,bahcivan,standart,105,son,23,Akıcı Kesim - 3,1,400,Gold,Speed
36,Davranış yönü,bahcivan,standart,105,son,24,İkinci Vazgeçiş,1,800,Iron,Cards
36,Davranış yönü,bahcivan,standart,105,son,24,Geniş Tarama - 1,3,260,Gold,Area
36,Davranış yönü,bahcivan,standart,105,son,24,Hasat Deneyimi II - 1,2,590,Gold,Xp
36,Davranış yönü,bahcivan,standart,105,son,24,Hasat Rekoru - 2,2,400,Gold,Score
36,Davranış yönü,bahcivan,standart,105,son,24,Güçlü Kesim - 4,1,380,Gold,Damage
36,Davranış yönü,bahcivan,standart,105,son,24,Demir Hasat - 4,2,85,Gold,Economy
36,Davranış yönü,bahcivan,standart,105,son,24,Zengin Cevher - 1,1,50,Stone,Economy
36,Davranış yönü,bahcivan,standart,105,son,25,Verimli Üretim - 2,1,380,Iron,Production
36,Davranış yönü,bahcivan,standart,105,son,25,Altın Hasat II - 2,2,400,Gold,Economy
36,Davranış yönü,bahcivan,standart,105,son,25,Ağır Kesim - 1,1,1200,Gold,Damage
36,Davranış yönü,bahcivan,standart,105,son,25,Nadir Filizler - 2,1,430,Iron,Rarity
36,Davranış yönü,bahcivan,standart,105,son,25,Taş Hasat - 3,1,90,Iron,Economy
36,Davranış yönü,bahcivan,standart,105,son,26,Kesim Ustalığı - 1,3,890,Iron,Damage
36,Davranış yönü,bahcivan,standart,105,son,26,Akıcı Kesim - 3,2,450,Gold,Speed
36,Davranış yönü,bahcivan,standart,105,son,26,Geniş Tarama - 2,1,310,Gold,Area
36,Davranış yönü,bahcivan,standart,105,son,26,Kart Sezgisi - 1,1,710,Gold,Cards
36,Davranış yönü,bahcivan,standart,105,son,26,Kritik Odak - 1,1,150,Gold,Crit
36,Davranış yönü,bahcivan,standart,105,son,27,Verimli Üretim - 2,2,440,Iron,Production
36,Davranış yönü,bahcivan,standart,105,son,27,Hasat Deneyimi II - 1,3,730,Gold,Xp
36,Davranış yönü,bahcivan,standart,105,son,27,Altın Hasat II - 3,1,450,Gold,Economy
36,Davranış yönü,bahcivan,standart,105,son,27,Güçlü Kesim - 4,2,410,Gold,Damage
36,Davranış yönü,bahcivan,standart,105,son,27,Zengin Cevher - 1,2,65,Stone,Economy
36,Davranış yönü,bahcivan,standart,105,son,27,Hasat Rekoru - 3,1,450,Gold,Score
36,Davranış yönü,bahcivan,standart,105,son,27,Taş Hasat - 3,2,100,Iron,Economy
36,Davranış yönü,bahcivan,standart,105,son,27,Akıcı Kesim - 4,1,500,Gold,Speed
36,Davranış yönü,bahcivan,standart,105,son,27,Nadir Filizler - 2,2,500,Iron,Rarity
36,Davranış yönü,bahcivan,standart,105,son,28,Ağır Kesim - 1,2,1600,Gold,Damage
36,Davranış yönü,bahcivan,standart,105,son,28,Kesim Ustalığı - 2,1,1100,Iron,Damage
36,Davranış yönü,bahcivan,standart,105,son,28,Geniş Tarama - 2,2,360,Gold,Area
36,Davranış yönü,bahcivan,standart,105,son,28,Hasat Deneyimi II - 2,1,860,Gold,Xp
36,Davranış yönü,bahcivan,standart,105,son,29,Verimli Üretim - 3,1,510,Iron,Production
36,Davranış yönü,bahcivan,standart,105,son,29,Kart Sezgisi - 1,2,920,Gold,Cards
36,Davranış yönü,bahcivan,standart,105,son,29,Altın Hasat II - 3,2,510,Gold,Economy
36,Davranış yönü,bahcivan,standart,105,son,29,Kritik Odak - 1,2,195,Gold,Crit
36,Davranış yönü,bahcivan,standart,105,son,29,Zengin Cevher - 1,3,80,Stone,Economy
36,Davranış yönü,bahcivan,standart,105,son,29,Taş Hasat - 4,1,110,Iron,Economy
36,Davranış yönü,bahcivan,standart,105,son,29,Akıcı Kesim - 4,2,550,Gold,Speed
36,Davranış yönü,bahcivan,standart,105,son,29,Geniş Tarama - 3,1,400,Gold,Area
36,Davranış yönü,bahcivan,standart,105,son,30,Ağır Kesim - 1,3,1900,Gold,Damage
36,Davranış yönü,bahcivan,standart,105,son,30,Kesim Ustalığı - 2,2,1200,Iron,Damage
36,Davranış yönü,bahcivan,standart,105,son,30,Verimli Üretim - 3,2,570,Iron,Production
36,Davranış yönü,bahcivan,standart,105,son,31,Hasat Deneyimi II - 2,2,1000,Gold,Xp
36,Davranış yönü,bahcivan,standart,105,son,31,Hasat Rekoru - 3,2,510,Gold,Score
36,Davranış yönü,bahcivan,standart,105,son,31,Nadir Filizler - 3,1,570,Iron,Rarity
36,Davranış yönü,bahcivan,standart,105,son,31,Altın Hasat II - 4,1,560,Gold,Economy
36,Davranış yönü,bahcivan,standart,105,son,31,Kart Sezgisi - 1,3,1100,Gold,Cards
36,Davranış yönü,bahcivan,standart,105,son,31,Zengin Cevher - 2,1,95,Stone,Economy
36,Davranış yönü,bahcivan,standart,105,son,31,Taş Hasat - 4,2,120,Iron,Economy
36,Davranış yönü,bahcivan,standart,105,son,32,Kritik Odak - 1,3,240,Gold,Crit
36,Davranış yönü,bahcivan,standart,105,son,32,Ağır Kesim - 2,1,2300,Gold,Damage
36,Davranış yönü,bahcivan,standart,105,son,32,Kesim Ustalığı - 3,1,1400,Iron,Damage
36,Davranış yönü,bahcivan,standart,105,son,32,Verimli Üretim - 4,1,630,Iron,Production
36,Davranış yönü,bahcivan,standart,105,son,33,Geniş Tarama - 3,2,450,Gold,Area
36,Davranış yönü,bahcivan,standart,105,son,33,Hasat Deneyimi II - 3,1,1100,Gold,Xp
36,Davranış yönü,bahcivan,standart,105,son,33,Altın Hasat II - 4,2,620,Gold,Economy
36,Davranış yönü,bahcivan,standart,105,son,33,Kritik Odak - 2,1,290,Gold,Crit
36,Davranış yönü,bahcivan,standart,105,son,33,Nadir Filizler - 3,2,640,Iron,Rarity
36,Davranış yönü,bahcivan,standart,105,son,33,Zengin Cevher - 2,2,110,Stone,Economy
36,Davranış yönü,bahcivan,standart,105,son,33,Hasat Rekoru - 4,1,560,Gold,Score
36,Davranış yönü,bahcivan,standart,105,son,34,Kart Sezgisi - 2,1,1300,Gold,Cards
36,Davranış yönü,bahcivan,standart,105,son,34,Geniş Tarama - 4,1,500,Gold,Area
36,Davranış yönü,bahcivan,standart,105,son,34,Hasat Deneyimi II - 3,2,1300,Gold,Xp
36,Davranış yönü,bahcivan,standart,105,son,34,Kesim Ustalığı - 3,2,1600,Iron,Damage
36,Davranış yönü,bahcivan,standart,105,son,35,Ağır Kesim - 2,2,2700,Gold,Damage
36,Davranış yönü,bahcivan,standart,105,son,35,Verimli Üretim - 4,2,690,Iron,Production
36,Davranış yönü,bahcivan,standart,105,son,35,Kritik Odak - 2,2,330,Gold,Crit
36,Davranış yönü,bahcivan,standart,105,son,35,Zengin Cevher - 3,1,125,Stone,Economy
36,Davranış yönü,bahcivan,standart,105,son,35,Geniş Tarama - 4,2,550,Gold,Area
36,Davranış yönü,bahcivan,standart,105,son,36,Kart Sezgisi - 2,2,1600,Gold,Cards
36,Davranış yönü,bahcivan,standart,105,son,36,Nadir Filizler - 4,1,700,Iron,Rarity
36,Davranış yönü,bahcivan,standart,105,son,36,Hasat Deneyimi II - 4,1,1400,Gold,Xp
36,Davranış yönü,bahcivan,standart,105,son,37,Ağır Kesim - 3,1,3000,Gold,Damage
36,Davranış yönü,bahcivan,standart,105,son,37,Hasat Rekoru - 4,2,620,Gold,Score
36,Davranış yönü,bahcivan,standart,105,son,37,Kesim Ustalığı - 4,1,1700,Iron,Damage
36,Davranış yönü,bahcivan,standart,105,son,37,Kritik Odak - 3,1,380,Gold,Crit
36,Davranış yönü,bahcivan,standart,105,son,37,Zengin Cevher - 3,2,140,Stone,Economy
36,Davranış yönü,bahcivan,standart,105,son,38,Ağır Kesim - 3,2,3400,Gold,Damage
36,Davranış yönü,bahcivan,standart,105,son,38,Nadir Filizler - 4,2,770,Iron,Rarity
36,Davranış yönü,bahcivan,standart,105,son,39,Kart Sezgisi - 3,1,1800,Gold,Cards
36,Davranış yönü,bahcivan,standart,105,son,39,Hasat Deneyimi II - 4,2,1500,Gold,Xp
36,Davranış yönü,bahcivan,standart,105,son,39,Kritik Odak - 3,2,420,Gold,Crit
36,Davranış yönü,bahcivan,standart,105,son,39,Zengin Cevher - 4,1,155,Stone,Economy
36,Davranış yönü,bahcivan,standart,105,son,39,Kesim Ustalığı - 4,2,1900,Iron,Damage
36,Davranış yönü,bahcivan,standart,105,son,40,Ağır Kesim - 4,1,3800,Gold,Damage
36,Davranış yönü,bahcivan,standart,105,son,40,Kritik Güç - 1,1,150,Stone,Crit
36,Davranış yönü,bahcivan,standart,105,son,41,Kart Sezgisi - 3,2,2000,Gold,Cards
36,Davranış yönü,bahcivan,standart,105,son,41,Kritik Odak - 4,1,470,Gold,Crit
36,Davranış yönü,bahcivan,standart,105,son,41,Grid Genişleme II,2,1800,Stone,Grid
36,Davranış yönü,bahcivan,standart,105,son,41,Zengin Cevher - 4,2,170,Stone,Economy
36,Davranış yönü,bahcivan,standart,105,son,42,Ağır Kesim - 4,2,4100,Gold,Damage
36,Davranış yönü,bahcivan,standart,105,son,42,Kritik Güç - 1,2,195,Stone,Crit
36,Davranış yönü,bahcivan,standart,105,son,43,Kart Sezgisi - 4,1,2200,Gold,Cards
36,Davranış yönü,bahcivan,standart,105,son,43,Kritik Odak - 4,2,520,Gold,Crit
36,Davranış yönü,bahcivan,standart,105,son,44,Kritik Güç - 1,3,240,Stone,Crit
36,Davranış yönü,bahcivan,standart,105,son,45,Kart Sezgisi - 4,2,2400,Gold,Cards
36,Davranış yönü,bahcivan,standart,105,son,46,Kritik Güç - 2,1,290,Stone,Crit
36,Davranış yönü,bahcivan,standart,105,son,48,Kritik Güç - 2,2,330,Stone,Crit
37,Davranış yönü,bahcivan,standart,106,son,1,Keskin Başlangıç - 1,1,5,Gold,Damage
37,Davranış yönü,bahcivan,standart,106,son,1,Keskin Başlangıç - 1,2,7,Gold,Damage
37,Davranış yönü,bahcivan,standart,106,son,4,Altın Hasat I - 1,1,7,Gold,Economy
37,Davranış yönü,bahcivan,standart,106,son,4,Düzenli Üretim - 1,1,6,Gold,Production
37,Davranış yönü,bahcivan,standart,106,son,4,Keskin Başlangıç - 1,3,8,Gold,Damage
37,Davranış yönü,bahcivan,standart,106,son,5,Hızlı Eller - 1,1,7,Gold,Speed
37,Davranış yönü,bahcivan,standart,106,son,5,Hasat Deneyimi I - 1,1,6,Gold,Xp
37,Davranış yönü,bahcivan,standart,106,son,6,Grid Genişleme I,1,30,Gold,Grid
37,Davranış yönü,bahcivan,standart,106,son,6,Altın Hasat I - 1,2,9,Gold,Economy
37,Davranış yönü,bahcivan,standart,106,son,6,Keskin Başlangıç - 2,1,10,Gold,Damage
37,Davranış yönü,bahcivan,standart,106,son,6,Düzenli Üretim - 1,2,8,Gold,Production
37,Davranış yönü,bahcivan,standart,106,son,7,Hızlı Eller - 1,2,9,Gold,Speed
37,Davranış yönü,bahcivan,standart,106,son,7,Keskin Başlangıç - 2,2,11,Gold,Damage
37,Davranış yönü,bahcivan,standart,106,son,7,Altın Hasat I - 1,3,11,Gold,Economy
37,Davranış yönü,bahcivan,standart,106,son,8,1×3 Saksı,1,30,Gold,PlanterUnlock
37,Davranış yönü,bahcivan,standart,106,son,8,Tornado Kartları,1,30,Iron,BehaviorUnlock
37,Davranış yönü,bahcivan,standart,106,son,8,Hasat Deneyimi I - 1,2,8,Gold,Xp
37,Davranış yönü,bahcivan,standart,106,son,8,Keskin Başlangıç - 3,1,13,Gold,Damage
37,Davranış yönü,bahcivan,standart,106,son,9,Düzenli Üretim - 1,3,10,Gold,Production
37,Davranış yönü,bahcivan,standart,106,son,9,Hızlı Eller - 1,3,11,Gold,Speed
37,Davranış yönü,bahcivan,standart,106,son,9,Altın Hasat I - 2,1,13,Gold,Economy
37,Davranış yönü,bahcivan,standart,106,son,9,Keskin Başlangıç - 3,2,14,Gold,Damage
37,Davranış yönü,bahcivan,standart,106,son,11,Kesim Tekniği - 1,1,25,Gold,Damage
37,Davranış yönü,bahcivan,standart,106,son,11,Hızlı Eller - 2,1,12,Gold,Speed
37,Davranış yönü,bahcivan,standart,106,son,11,Hasat Deneyimi I - 1,3,10,Gold,Xp
37,Davranış yönü,bahcivan,standart,106,son,11,Altın Hasat I - 2,2,16,Gold,Economy
37,Davranış yönü,bahcivan,standart,106,son,11,Düzenli Üretim - 2,1,12,Gold,Production
37,Davranış yönü,bahcivan,standart,106,son,11,Keskin Başlangıç - 4,1,16,Gold,Damage
37,Davranış yönü,bahcivan,standart,106,son,12,Bumerang Orak Kartları,1,40,Iron,BehaviorUnlock
37,Davranış yönü,bahcivan,standart,106,son,12,Hızlı Eller - 2,2,14,Gold,Speed
37,Davranış yönü,bahcivan,standart,106,son,12,Kesim Tekniği - 1,2,35,Gold,Damage
37,Davranış yönü,bahcivan,standart,106,son,12,Altın Hasat I - 3,1,18,Gold,Economy
37,Davranış yönü,bahcivan,standart,106,son,12,Hasat Deneyimi I - 2,1,12,Gold,Xp
37,Davranış yönü,bahcivan,standart,106,son,12,2×2 Saksı,1,80,Gold,PlanterUnlock
37,Davranış yönü,bahcivan,standart,106,son,12,Keskin Başlangıç - 4,2,17,Gold,Damage
38,Davranış yönü,bahcivan,standart,107,son,1,Keskin Başlangıç - 1,1,5,Gold,Damage
38,Davranış yönü,bahcivan,standart,107,son,1,Keskin Başlangıç - 1,2,7,Gold,Damage
38,Davranış yönü,bahcivan,standart,107,son,2,Altın Hasat I - 1,1,7,Gold,Economy
38,Davranış yönü,bahcivan,standart,107,son,2,Düzenli Üretim - 1,1,6,Gold,Production
38,Davranış yönü,bahcivan,standart,107,son,3,Keskin Başlangıç - 1,3,8,Gold,Damage
38,Davranış yönü,bahcivan,standart,107,son,3,Hızlı Eller - 1,1,7,Gold,Speed
38,Davranış yönü,bahcivan,standart,107,son,3,Hasat Deneyimi I - 1,1,6,Gold,Xp
38,Davranış yönü,bahcivan,standart,107,son,5,Grid Genişleme I,1,30,Gold,Grid
38,Davranış yönü,bahcivan,standart,107,son,5,Altın Hasat I - 1,2,9,Gold,Economy
38,Davranış yönü,bahcivan,standart,107,son,7,Keskin Başlangıç - 2,1,10,Gold,Damage
38,Davranış yönü,bahcivan,standart,107,son,7,Düzenli Üretim - 1,2,8,Gold,Production
38,Davranış yönü,bahcivan,standart,107,son,7,Hızlı Eller - 1,2,9,Gold,Speed
38,Davranış yönü,bahcivan,standart,107,son,7,Keskin Başlangıç - 2,2,11,Gold,Damage
38,Davranış yönü,bahcivan,standart,107,son,8,Altın Hasat I - 1,3,11,Gold,Economy
38,Davranış yönü,bahcivan,standart,107,son,8,1×3 Saksı,1,30,Gold,PlanterUnlock
38,Davranış yönü,bahcivan,standart,107,son,8,Tornado Kartları,1,30,Iron,BehaviorUnlock
38,Davranış yönü,bahcivan,standart,107,son,8,Hasat Deneyimi I - 1,2,8,Gold,Xp
38,Davranış yönü,bahcivan,standart,107,son,9,Keskin Başlangıç - 3,1,13,Gold,Damage
38,Davranış yönü,bahcivan,standart,107,son,9,Düzenli Üretim - 1,3,10,Gold,Production
38,Davranış yönü,bahcivan,standart,107,son,9,Hızlı Eller - 1,3,11,Gold,Speed
38,Davranış yönü,bahcivan,standart,107,son,9,Altın Hasat I - 2,1,13,Gold,Economy
38,Davranış yönü,bahcivan,standart,107,son,9,Keskin Başlangıç - 3,2,14,Gold,Damage
38,Davranış yönü,bahcivan,standart,107,son,10,Kesim Tekniği - 1,1,25,Gold,Damage
38,Davranış yönü,bahcivan,standart,107,son,10,Hızlı Eller - 2,1,12,Gold,Speed
38,Davranış yönü,bahcivan,standart,107,son,10,Hasat Deneyimi I - 1,3,10,Gold,Xp
38,Davranış yönü,bahcivan,standart,107,son,10,Altın Hasat I - 2,2,16,Gold,Economy
38,Davranış yönü,bahcivan,standart,107,son,10,Düzenli Üretim - 2,1,12,Gold,Production
38,Davranış yönü,bahcivan,standart,107,son,11,Keskin Başlangıç - 4,1,16,Gold,Damage
38,Davranış yönü,bahcivan,standart,107,son,11,Hızlı Eller - 2,2,14,Gold,Speed
38,Davranış yönü,bahcivan,standart,107,son,11,Kesim Tekniği - 1,2,35,Gold,Damage
38,Davranış yönü,bahcivan,standart,107,son,11,Altın Hasat I - 3,1,18,Gold,Economy
38,Davranış yönü,bahcivan,standart,107,son,11,Hasat Deneyimi I - 2,1,12,Gold,Xp
38,Davranış yönü,bahcivan,standart,107,son,11,Keskin Başlangıç - 4,2,17,Gold,Damage
38,Davranış yönü,bahcivan,standart,107,son,11,Düzenli Üretim - 2,2,13,Gold,Production
38,Davranış yönü,bahcivan,standart,107,son,11,Hasat Deneyimi I - 2,2,14,Gold,Xp
38,Davranış yönü,bahcivan,standart,107,son,12,Bumerang Orak Kartları,1,40,Iron,BehaviorUnlock
38,Davranış yönü,bahcivan,standart,107,son,12,2×2 Saksı,1,80,Gold,PlanterUnlock
38,Davranış yönü,bahcivan,standart,107,son,12,Hızlı Eller - 3,1,16,Gold,Speed
38,Davranış yönü,bahcivan,standart,107,son,12,Altın Hasat I - 3,2,20,Gold,Economy
38,Davranış yönü,bahcivan,standart,107,son,12,Kesim Tekniği - 1,3,40,Gold,Damage
38,Davranış yönü,bahcivan,standart,107,son,12,Demir Hasat - 1,1,25,Gold,Economy
38,Davranış yönü,bahcivan,standart,107,son,12,Çifte Hasat Kartları,1,25,Iron,Economy
38,Davranış yönü,bahcivan,standart,107,son,12,Hızlı Eller - 3,2,18,Gold,Speed
38,Davranış yönü,bahcivan,standart,107,son,12,Düzenli Üretim - 3,1,15,Gold,Production
38,Davranış yönü,bahcivan,standart,107,son,12,Altın Hasat I - 4,1,22,Gold,Economy
38,Davranış yönü,bahcivan,standart,107,son,12,Geniş Süpürüş - 1,1,21,Gold,Area
38,Davranış yönü,bahcivan,standart,107,son,12,Hasat Deneyimi I - 3,1,16,Gold,Xp
38,Davranış yönü,bahcivan,standart,107,son,13,Kesim Tekniği - 2,1,50,Gold,Damage
38,Davranış yönü,bahcivan,standart,107,son,13,Hızlı Eller - 4,1,20,Gold,Speed
38,Davranış yönü,bahcivan,standart,107,son,13,Altın Hasat I - 4,2,24,Gold,Economy
38,Davranış yönü,bahcivan,standart,107,son,13,Demir Hasat - 1,2,35,Gold,Economy
38,Davranış yönü,bahcivan,standart,107,son,13,Düzenli Üretim - 3,2,17,Gold,Production
38,Davranış yönü,bahcivan,standart,107,son,13,Geniş Süpürüş - 1,2,28,Gold,Area
38,Davranış yönü,bahcivan,standart,107,son,13,Hasat Deneyimi I - 3,2,18,Gold,Xp
38,Davranış yönü,bahcivan,standart,107,son,13,Hızlı Eller - 4,2,22,Gold,Speed
38,Davranış yönü,bahcivan,standart,107,son,13,Düzenli Üretim - 4,1,19,Gold,Production
38,Davranış yönü,bahcivan,standart,107,son,13,Hasat Deneyimi I - 4,1,20,Gold,Xp
38,Davranış yönü,bahcivan,standart,107,son,13,Düzenli Üretim - 4,2,21,Gold,Production
38,Davranış yönü,bahcivan,standart,107,son,14,Güçlü Kesim - 1,1,120,Gold,Damage
38,Davranış yönü,bahcivan,standart,107,son,14,Kesim Tekniği - 2,2,55,Gold,Damage
38,Davranış yönü,bahcivan,standart,107,son,14,Demir Hasat - 1,3,40,Gold,Economy
38,Davranış yönü,bahcivan,standart,107,son,14,Geniş Süpürüş - 1,3,35,Gold,Area
38,Davranış yönü,bahcivan,standart,107,son,14,Grid Genişleme I,2,30,Iron,Grid
38,Davranış yönü,bahcivan,standart,107,son,14,Hasat Deneyimi I - 4,2,21,Gold,Xp
38,Davranış yönü,bahcivan,standart,107,son,15,Geniş Süpürüş - 2,1,40,Gold,Area
39,Davranış yönü,bahcivan,standart,108,son,2,Keskin Başlangıç - 1,1,5,Gold,Damage
39,Davranış yönü,bahcivan,standart,108,son,2,Keskin Başlangıç - 1,2,7,Gold,Damage
39,Davranış yönü,bahcivan,standart,108,son,5,Altın Hasat I - 1,1,7,Gold,Economy
39,Davranış yönü,bahcivan,standart,108,son,5,Düzenli Üretim - 1,1,6,Gold,Production
39,Davranış yönü,bahcivan,standart,108,son,5,Keskin Başlangıç - 1,3,8,Gold,Damage
39,Davranış yönü,bahcivan,standart,108,son,5,Hızlı Eller - 1,1,7,Gold,Speed
39,Davranış yönü,bahcivan,standart,108,son,5,Hasat Deneyimi I - 1,1,6,Gold,Xp
39,Davranış yönü,bahcivan,standart,108,son,6,Grid Genişleme I,1,30,Gold,Grid
39,Davranış yönü,bahcivan,standart,108,son,6,Altın Hasat I - 1,2,9,Gold,Economy
39,Davranış yönü,bahcivan,standart,108,son,6,Keskin Başlangıç - 2,1,10,Gold,Damage
39,Davranış yönü,bahcivan,standart,108,son,6,Düzenli Üretim - 1,2,8,Gold,Production
39,Davranış yönü,bahcivan,standart,108,son,6,Hızlı Eller - 1,2,9,Gold,Speed
39,Davranış yönü,bahcivan,standart,108,son,8,Keskin Başlangıç - 2,2,11,Gold,Damage
39,Davranış yönü,bahcivan,standart,108,son,8,Altın Hasat I - 1,3,11,Gold,Economy
39,Davranış yönü,bahcivan,standart,108,son,9,1×3 Saksı,1,30,Gold,PlanterUnlock
39,Davranış yönü,bahcivan,standart,108,son,9,Tornado Kartları,1,30,Iron,BehaviorUnlock
39,Davranış yönü,bahcivan,standart,108,son,9,Hasat Deneyimi I - 1,2,8,Gold,Xp
39,Davranış yönü,bahcivan,standart,108,son,9,Keskin Başlangıç - 3,1,13,Gold,Damage
39,Davranış yönü,bahcivan,standart,108,son,9,Düzenli Üretim - 1,3,10,Gold,Production
39,Davranış yönü,bahcivan,standart,108,son,9,Hızlı Eller - 1,3,11,Gold,Speed
39,Davranış yönü,bahcivan,standart,108,son,10,Altın Hasat I - 2,1,13,Gold,Economy
39,Davranış yönü,bahcivan,standart,108,son,10,Keskin Başlangıç - 3,2,14,Gold,Damage
39,Davranış yönü,bahcivan,standart,108,son,10,Kesim Tekniği - 1,1,25,Gold,Damage
39,Davranış yönü,bahcivan,standart,108,son,11,Bumerang Orak Kartları,1,40,Iron,BehaviorUnlock
39,Davranış yönü,bahcivan,standart,108,son,11,Hızlı Eller - 2,1,12,Gold,Speed
39,Davranış yönü,bahcivan,standart,108,son,11,Hasat Deneyimi I - 1,3,10,Gold,Xp
39,Davranış yönü,bahcivan,standart,108,son,11,Altın Hasat I - 2,2,16,Gold,Economy
39,Davranış yönü,bahcivan,standart,108,son,11,Düzenli Üretim - 2,1,12,Gold,Production
39,Davranış yönü,bahcivan,standart,108,son,11,Keskin Başlangıç - 4,1,16,Gold,Damage
39,Davranış yönü,bahcivan,standart,108,son,12,Hızlı Eller - 2,2,14,Gold,Speed
39,Davranış yönü,bahcivan,standart,108,son,12,Kesim Tekniği - 1,2,35,Gold,Damage
39,Davranış yönü,bahcivan,standart,108,son,12,Altın Hasat I - 3,1,18,Gold,Economy
39,Davranış yönü,bahcivan,standart,108,son,12,Hasat Deneyimi I - 2,1,12,Gold,Xp
39,Davranış yönü,bahcivan,standart,108,son,12,2×2 Saksı,1,80,Gold,PlanterUnlock
39,Davranış yönü,bahcivan,standart,108,son,12,Çifte Hasat Kartları,1,25,Iron,Economy
39,Davranış yönü,bahcivan,standart,108,son,13,Keskin Başlangıç - 4,2,17,Gold,Damage
39,Davranış yönü,bahcivan,standart,108,son,13,Düzenli Üretim - 2,2,13,Gold,Production
39,Davranış yönü,bahcivan,standart,108,son,13,Hızlı Eller - 3,1,16,Gold,Speed
39,Davranış yönü,bahcivan,standart,108,son,13,Altın Hasat I - 3,2,20,Gold,Economy
39,Davranış yönü,bahcivan,standart,108,son,13,Hasat Deneyimi I - 2,2,14,Gold,Xp
39,Davranış yönü,bahcivan,standart,108,son,13,Kesim Tekniği - 1,3,40,Gold,Damage
39,Davranış yönü,bahcivan,standart,108,son,13,Demir Hasat - 1,1,25,Gold,Economy
39,Davranış yönü,bahcivan,standart,108,son,13,Hızlı Eller - 3,2,18,Gold,Speed
39,Davranış yönü,bahcivan,standart,108,son,13,Grid Genişleme I,2,30,Iron,Grid
39,Davranış yönü,bahcivan,standart,108,son,14,Düzenli Üretim - 3,1,15,Gold,Production
39,Davranış yönü,bahcivan,standart,108,son,14,Altın Hasat I - 4,1,22,Gold,Economy
39,Davranış yönü,bahcivan,standart,108,son,14,Geniş Süpürüş - 1,1,21,Gold,Area
39,Davranış yönü,bahcivan,standart,108,son,14,Hasat Deneyimi I - 3,1,16,Gold,Xp
39,Davranış yönü,bahcivan,standart,108,son,14,Kesim Tekniği - 2,1,50,Gold,Damage
39,Davranış yönü,bahcivan,standart,108,son,14,Hızlı Eller - 4,1,20,Gold,Speed
39,Davranış yönü,bahcivan,standart,108,son,14,Altın Hasat I - 4,2,24,Gold,Economy
39,Davranış yönü,bahcivan,standart,108,son,14,Demir Hasat - 1,2,35,Gold,Economy
39,Davranış yönü,bahcivan,standart,108,son,14,Düzenli Üretim - 3,2,17,Gold,Production
39,Davranış yönü,bahcivan,standart,108,son,15,Geniş Süpürüş - 1,2,28,Gold,Area
39,Davranış yönü,bahcivan,standart,108,son,15,Hasat Deneyimi I - 3,2,18,Gold,Xp
39,Davranış yönü,bahcivan,standart,108,son,15,Güçlü Kesim - 1,1,120,Gold,Damage
39,Davranış yönü,bahcivan,standart,108,son,15,Hızlı Eller - 4,2,22,Gold,Speed
39,Davranış yönü,bahcivan,standart,108,son,15,Kesim Tekniği - 2,2,55,Gold,Damage
39,Davranış yönü,bahcivan,standart,108,son,15,Düzenli Üretim - 4,1,19,Gold,Production
39,Davranış yönü,bahcivan,standart,108,son,15,Hasat Deneyimi I - 4,1,20,Gold,Xp
40,Davranış yönü,bahcivan,standart,109,son,1,Keskin Başlangıç - 1,1,5,Gold,Damage
40,Davranış yönü,bahcivan,standart,109,son,2,Keskin Başlangıç - 1,2,7,Gold,Damage
40,Davranış yönü,bahcivan,standart,109,son,3,Altın Hasat I - 1,1,7,Gold,Economy
40,Davranış yönü,bahcivan,standart,109,son,4,Düzenli Üretim - 1,1,6,Gold,Production
40,Davranış yönü,bahcivan,standart,109,son,4,Keskin Başlangıç - 1,3,8,Gold,Damage
40,Davranış yönü,bahcivan,standart,109,son,4,Hızlı Eller - 1,1,7,Gold,Speed
40,Davranış yönü,bahcivan,standart,109,son,5,Grid Genişleme I,1,30,Gold,Grid
40,Davranış yönü,bahcivan,standart,109,son,5,Altın Hasat I - 1,2,9,Gold,Economy
40,Davranış yönü,bahcivan,standart,109,son,5,Keskin Başlangıç - 2,1,10,Gold,Damage
40,Davranış yönü,bahcivan,standart,109,son,5,Düzenli Üretim - 1,2,8,Gold,Production
40,Davranış yönü,bahcivan,standart,109,son,6,Hasat Deneyimi I - 1,1,6,Gold,Xp
40,Davranış yönü,bahcivan,standart,109,son,6,Hızlı Eller - 1,2,9,Gold,Speed
40,Davranış yönü,bahcivan,standart,109,son,6,Keskin Başlangıç - 2,2,11,Gold,Damage
40,Davranış yönü,bahcivan,standart,109,son,6,Altın Hasat I - 1,3,11,Gold,Economy
40,Davranış yönü,bahcivan,standart,109,son,8,1×3 Saksı,1,30,Gold,PlanterUnlock
40,Davranış yönü,bahcivan,standart,109,son,8,Tornado Kartları,1,30,Iron,BehaviorUnlock
40,Davranış yönü,bahcivan,standart,109,son,8,Hasat Deneyimi I - 1,2,8,Gold,Xp
40,Davranış yönü,bahcivan,standart,109,son,8,Keskin Başlangıç - 3,1,13,Gold,Damage
40,Davranış yönü,bahcivan,standart,109,son,8,Düzenli Üretim - 1,3,10,Gold,Production
40,Davranış yönü,bahcivan,standart,109,son,8,Hızlı Eller - 1,3,11,Gold,Speed
40,Davranış yönü,bahcivan,standart,109,son,9,Altın Hasat I - 2,1,13,Gold,Economy
40,Davranış yönü,bahcivan,standart,109,son,9,Keskin Başlangıç - 3,2,14,Gold,Damage
40,Davranış yönü,bahcivan,standart,109,son,9,Bumerang Orak Kartları,1,40,Iron,BehaviorUnlock
40,Davranış yönü,bahcivan,standart,109,son,9,Kesim Tekniği - 1,1,25,Gold,Damage
40,Davranış yönü,bahcivan,standart,109,son,9,Hızlı Eller - 2,1,12,Gold,Speed
40,Davranış yönü,bahcivan,standart,109,son,9,Hasat Deneyimi I - 1,3,10,Gold,Xp
40,Davranış yönü,bahcivan,standart,109,son,11,Altın Hasat I - 2,2,16,Gold,Economy
40,Davranış yönü,bahcivan,standart,109,son,11,Düzenli Üretim - 2,1,12,Gold,Production
40,Davranış yönü,bahcivan,standart,109,son,11,Keskin Başlangıç - 4,1,16,Gold,Damage
40,Davranış yönü,bahcivan,standart,109,son,11,Hızlı Eller - 2,2,14,Gold,Speed
40,Davranış yönü,bahcivan,standart,109,son,11,Kesim Tekniği - 1,2,35,Gold,Damage
40,Davranış yönü,bahcivan,standart,109,son,11,Altın Hasat I - 3,1,18,Gold,Economy
40,Davranış yönü,bahcivan,standart,109,son,11,Hasat Deneyimi I - 2,1,12,Gold,Xp
40,Davranış yönü,bahcivan,standart,109,son,11,Keskin Başlangıç - 4,2,17,Gold,Damage
40,Davranış yönü,bahcivan,standart,109,son,11,Düzenli Üretim - 2,2,13,Gold,Production
40,Davranış yönü,bahcivan,standart,109,son,11,Hızlı Eller - 3,1,16,Gold,Speed
40,Davranış yönü,bahcivan,standart,109,son,11,Altın Hasat I - 3,2,20,Gold,Economy
40,Davranış yönü,bahcivan,standart,109,son,11,Grid Genişleme I,2,30,Iron,Grid
40,Davranış yönü,bahcivan,standart,109,son,12,2×2 Saksı,1,80,Gold,PlanterUnlock
40,Davranış yönü,bahcivan,standart,109,son,12,Hasat Deneyimi I - 2,2,14,Gold,Xp
40,Davranış yönü,bahcivan,standart,109,son,12,Kesim Tekniği - 1,3,40,Gold,Damage
40,Davranış yönü,bahcivan,standart,109,son,12,Demir Hasat - 1,1,25,Gold,Economy
40,Davranış yönü,bahcivan,standart,109,son,12,Çifte Hasat Kartları,1,25,Iron,Economy
40,Davranış yönü,bahcivan,standart,109,son,13,Hızlı Eller - 3,2,18,Gold,Speed
40,Davranış yönü,bahcivan,standart,109,son,13,Düzenli Üretim - 3,1,15,Gold,Production
40,Davranış yönü,bahcivan,standart,109,son,13,Altın Hasat I - 4,1,22,Gold,Economy
40,Davranış yönü,bahcivan,standart,109,son,13,Geniş Süpürüş - 1,1,21,Gold,Area
40,Davranış yönü,bahcivan,standart,109,son,13,Hasat Deneyimi I - 3,1,16,Gold,Xp
40,Davranış yönü,bahcivan,standart,109,son,13,Kesim Tekniği - 2,1,50,Gold,Damage
40,Davranış yönü,bahcivan,standart,109,son,13,Hızlı Eller - 4,1,20,Gold,Speed
40,Davranış yönü,bahcivan,standart,109,son,13,Altın Hasat I - 4,2,24,Gold,Economy
40,Davranış yönü,bahcivan,standart,109,son,13,Demir Hasat - 1,2,35,Gold,Economy
40,Davranış yönü,bahcivan,standart,109,son,14,Düzenli Üretim - 3,2,17,Gold,Production
40,Davranış yönü,bahcivan,standart,109,son,14,Geniş Süpürüş - 1,2,28,Gold,Area
40,Davranış yönü,bahcivan,standart,109,son,14,Hasat Deneyimi I - 3,2,18,Gold,Xp
40,Davranış yönü,bahcivan,standart,109,son,14,Güçlü Kesim - 1,1,120,Gold,Damage
40,Davranış yönü,bahcivan,standart,109,son,14,Hızlı Eller - 4,2,22,Gold,Speed
40,Davranış yönü,bahcivan,standart,109,son,14,Kesim Tekniği - 2,2,55,Gold,Damage
40,Davranış yönü,bahcivan,standart,109,son,15,2×3 Saksı,1,200,Gold,PlanterUnlock
40,Davranış yönü,bahcivan,standart,109,son,15,Düzenli Üretim - 4,1,19,Gold,Production
40,Davranış yönü,bahcivan,standart,109,son,15,Hasat Deneyimi I - 4,1,20,Gold,Xp
40,Davranış yönü,bahcivan,standart,109,son,15,Demir Hasat - 1,3,40,Gold,Economy
40,Davranış yönü,bahcivan,standart,109,son,15,Geniş Süpürüş - 1,3,35,Gold,Area
40,Davranış yönü,bahcivan,standart,109,son,15,Düzenli Üretim - 4,2,21,Gold,Production
40,Davranış yönü,bahcivan,standart,109,son,15,Hasat Deneyimi I - 4,2,21,Gold,Xp
40,Davranış yönü,bahcivan,standart,109,son,15,Taş Hasat - 1,1,35,Iron,Economy
40,Davranış yönü,bahcivan,standart,109,son,16,İlk Vazgeçiş,1,150,Gold,Cards
40,Davranış yönü,bahcivan,standart,109,son,16,Kesim Tekniği - 3,1,65,Gold,Damage
40,Davranış yönü,bahcivan,standart,109,son,16,Hasat Rekoru - 1,1,180,Gold,Score
40,Davranış yönü,bahcivan,standart,109,son,16,Geniş Süpürüş - 2,1,40,Gold,Area
40,Davranış yönü,bahcivan,standart,109,son,16,Verimli Üretim - 1,1,200,Iron,Production
40,Davranış yönü,bahcivan,standart,109,son,17,Güçlü Kesim - 1,2,160,Gold,Damage
40,Davranış yönü,bahcivan,standart,109,son,17,Akıcı Kesim - 1,1,160,Gold,Speed
40,Davranış yönü,bahcivan,standart,109,son,17,Kesim Tekniği - 3,2,70,Gold,Damage
40,Davranış yönü,bahcivan,standart,109,son,17,Demir Hasat - 2,1,50,Gold,Economy
40,Davranış yönü,bahcivan,standart,109,son,17,Güçlü Kesim - 1,3,195,Gold,Damage
40,Davranış yönü,bahcivan,standart,109,son,17,Geniş Süpürüş - 2,2,45,Gold,Area
40,Davranış yönü,bahcivan,standart,109,son,17,Nadir Filizler - 1,1,230,Iron,Rarity
40,Davranış yönü,bahcivan,standart,109,son,18,Akıcı Kesim - 1,2,210,Gold,Speed
40,Davranış yönü,bahcivan,standart,109,son,18,Hasat Rekoru - 1,2,240,Gold,Score
40,Davranış yönü,bahcivan,standart,109,son,18,Kesim Tekniği - 4,1,80,Gold,Damage
40,Davranış yönü,bahcivan,standart,109,son,18,Demir Hasat - 2,2,55,Gold,Economy
40,Davranış yönü,bahcivan,standart,109,son,18,Güçlü Kesim - 2,1,230,Gold,Damage
40,Davranış yönü,bahcivan,standart,109,son,18,Geniş Süpürüş - 3,1,55,Gold,Area
40,Davranış yönü,bahcivan,standart,109,son,18,Taş Hasat - 1,2,45,Iron,Economy
40,Davranış yönü,bahcivan,standart,109,son,18,Grid Genişleme II,1,100,Stone,Grid
40,Davranış yönü,bahcivan,standart,109,son,19,Altın Hasat II - 1,1,180,Gold,Economy
40,Davranış yönü,bahcivan,standart,109,son,19,Kesim Tekniği - 4,2,85,Gold,Damage
40,Davranış yönü,bahcivan,standart,109,son,19,Akıcı Kesim - 1,3,260,Gold,Speed
40,Davranış yönü,bahcivan,standart,109,son,19,Demir Hasat - 3,1,65,Gold,Economy
40,Davranış yönü,bahcivan,standart,109,son,19,Geniş Süpürüş - 3,2,60,Gold,Area
40,Davranış yönü,bahcivan,standart,109,son,19,Taş Hasat - 1,3,55,Iron,Economy
40,Davranış yönü,bahcivan,standart,109,son,19,Verimli Üretim - 1,2,260,Iron,Production
40,Davranış yönü,bahcivan,standart,109,son,19,Nadir Filizler - 1,2,300,Iron,Rarity
40,Davranış yönü,bahcivan,standart,109,son,20,Hasat Rekoru - 1,3,290,Gold,Score
40,Davranış yönü,bahcivan,standart,109,son,20,Güçlü Kesim - 2,2,270,Gold,Damage
40,Davranış yönü,bahcivan,standart,109,son,20,Geniş Tarama - 1,1,160,Gold,Area
40,Davranış yönü,bahcivan,standart,109,son,21,Altın Hasat II - 1,2,240,Gold,Economy
40,Davranış yönü,bahcivan,standart,109,son,21,Akıcı Kesim - 2,1,310,Gold,Speed
40,Davranış yönü,bahcivan,standart,109,son,21,Kesim Ustalığı - 1,1,560,Iron,Damage
40,Davranış yönü,bahcivan,standart,109,son,21,Geniş Süpürüş - 4,1,65,Gold,Area
40,Davranış yönü,bahcivan,standart,109,son,21,Demir Hasat - 3,2,70,Gold,Economy
40,Davranış yönü,bahcivan,standart,109,son,21,Taş Hasat - 2,1,65,Iron,Economy
40,Davranış yönü,bahcivan,standart,109,son,21,Geniş Süpürüş - 4,2,70,Gold,Area
40,Davranış yönü,bahcivan,standart,109,son,22,Güçlü Kesim - 3,1,300,Gold,Damage
40,Davranış yönü,bahcivan,standart,109,son,22,Altın Hasat II - 1,3,290,Gold,Economy
40,Davranış yönü,bahcivan,standart,109,son,22,Hasat Rekoru - 2,1,350,Gold,Score
40,Davranış yönü,bahcivan,standart,109,son,22,Verimli Üretim - 1,3,320,Iron,Production
40,Davranış yönü,bahcivan,standart,109,son,22,Demir Hasat - 4,1,80,Gold,Economy
40,Davranış yönü,bahcivan,standart,109,son,23,Akıcı Kesim - 2,2,360,Gold,Speed
40,Davranış yönü,bahcivan,standart,109,son,23,Geniş Tarama - 1,2,210,Gold,Area
40,Davranış yönü,bahcivan,standart,109,son,23,Nadir Filizler - 1,3,360,Iron,Rarity
40,Davranış yönü,bahcivan,standart,109,son,23,Taş Hasat - 2,2,80,Iron,Economy
40,Davranış yönü,bahcivan,standart,109,son,23,Geniş Tarama - 1,3,260,Gold,Area
40,Davranış yönü,bahcivan,standart,109,son,24,Hasat Deneyimi II - 1,1,450,Gold,Xp
40,Davranış yönü,bahcivan,standart,109,son,24,Kesim Ustalığı - 1,2,720,Iron,Damage
40,Davranış yönü,bahcivan,standart,109,son,24,Güçlü Kesim - 3,2,340,Gold,Damage
40,Davranış yönü,bahcivan,standart,109,son,24,Altın Hasat II - 2,1,350,Gold,Economy
40,Davranış yönü,bahcivan,standart,109,son,24,Demir Hasat - 4,2,85,Gold,Economy
40,Davranış yönü,bahcivan,standart,109,son,24,Zengin Cevher - 1,1,50,Stone,Economy
40,Davranış yönü,bahcivan,standart,109,son,25,Akıcı Kesim - 3,1,400,Gold,Speed
40,Davranış yönü,bahcivan,standart,109,son,25,Hasat Deneyimi II - 1,2,590,Gold,Xp
40,Davranış yönü,bahcivan,standart,109,son,25,Hasat Rekoru - 2,2,400,Gold,Score
40,Davranış yönü,bahcivan,standart,109,son,25,Taş Hasat - 3,1,90,Iron,Economy
40,Davranış yönü,bahcivan,standart,109,son,26,İkinci Vazgeçiş,1,800,Iron,Cards
40,Davranış yönü,bahcivan,standart,109,son,26,Güçlü Kesim - 4,1,380,Gold,Damage
40,Davranış yönü,bahcivan,standart,109,son,26,Altın Hasat II - 2,2,400,Gold,Economy
40,Davranış yönü,bahcivan,standart,109,son,26,Akıcı Kesim - 3,2,450,Gold,Speed
40,Davranış yönü,bahcivan,standart,109,son,27,Verimli Üretim - 2,1,380,Iron,Production
40,Davranış yönü,bahcivan,standart,109,son,27,Ağır Kesim - 1,1,1200,Gold,Damage
40,Davranış yönü,bahcivan,standart,109,son,27,Geniş Tarama - 2,1,310,Gold,Area
40,Davranış yönü,bahcivan,standart,109,son,27,Altın Hasat II - 3,1,450,Gold,Economy
40,Davranış yönü,bahcivan,standart,109,son,27,Zengin Cevher - 1,2,65,Stone,Economy
40,Davranış yönü,bahcivan,standart,109,son,27,Taş Hasat - 3,2,100,Iron,Economy
40,Davranış yönü,bahcivan,standart,109,son,28,Kesim Ustalığı - 1,3,890,Iron,Damage
40,Davranış yönü,bahcivan,standart,109,son,28,Nadir Filizler - 2,1,430,Iron,Rarity
40,Davranış yönü,bahcivan,standart,109,son,28,Kart Sezgisi - 1,1,710,Gold,Cards
40,Davranış yönü,bahcivan,standart,109,son,28,Verimli Üretim - 2,2,440,Iron,Production
40,Davranış yönü,bahcivan,standart,109,son,28,Hasat Deneyimi II - 1,3,730,Gold,Xp
40,Davranış yönü,bahcivan,standart,109,son,28,Güçlü Kesim - 4,2,410,Gold,Damage
40,Davranış yönü,bahcivan,standart,109,son,28,Kritik Odak - 1,1,150,Gold,Crit
40,Davranış yönü,bahcivan,standart,109,son,28,Hasat Rekoru - 3,1,450,Gold,Score
40,Davranış yönü,bahcivan,standart,109,son,29,Ağır Kesim - 1,2,1600,Gold,Damage
40,Davranış yönü,bahcivan,standart,109,son,29,Kesim Ustalığı - 2,1,1100,Iron,Damage
40,Davranış yönü,bahcivan,standart,109,son,29,Akıcı Kesim - 4,1,500,Gold,Speed
40,Davranış yönü,bahcivan,standart,109,son,29,Nadir Filizler - 2,2,500,Iron,Rarity
40,Davranış yönü,bahcivan,standart,109,son,29,Kritik Odak - 1,2,195,Gold,Crit
40,Davranış yönü,bahcivan,standart,109,son,29,Zengin Cevher - 1,3,80,Stone,Economy
40,Davranış yönü,bahcivan,standart,109,son,30,Geniş Tarama - 2,2,360,Gold,Area
40,Davranış yönü,bahcivan,standart,109,son,30,Verimli Üretim - 3,1,510,Iron,Production
40,Davranış yönü,bahcivan,standart,109,son,30,Hasat Deneyimi II - 2,1,860,Gold,Xp
40,Davranış yönü,bahcivan,standart,109,son,30,Kart Sezgisi - 1,2,920,Gold,Cards
40,Davranış yönü,bahcivan,standart,109,son,30,Altın Hasat II - 3,2,510,Gold,Economy
40,Davranış yönü,bahcivan,standart,109,son,30,Taş Hasat - 4,1,110,Iron,Economy
40,Davranış yönü,bahcivan,standart,109,son,30,Verimli Üretim - 3,2,570,Iron,Production
40,Davranış yönü,bahcivan,standart,109,son,31,Ağır Kesim - 1,3,1900,Gold,Damage
40,Davranış yönü,bahcivan,standart,109,son,31,Akıcı Kesim - 4,2,550,Gold,Speed
40,Davranış yönü,bahcivan,standart,109,son,31,Geniş Tarama - 3,1,400,Gold,Area
40,Davranış yönü,bahcivan,standart,109,son,31,Kesim Ustalığı - 2,2,1200,Iron,Damage
40,Davranış yönü,bahcivan,standart,109,son,31,Hasat Rekoru - 3,2,510,Gold,Score
40,Davranış yönü,bahcivan,standart,109,son,31,Kritik Odak - 1,3,240,Gold,Crit
40,Davranış yönü,bahcivan,standart,109,son,31,Zengin Cevher - 2,1,95,Stone,Economy
40,Davranış yönü,bahcivan,standart,109,son,31,Taş Hasat - 4,2,120,Iron,Economy
40,Davranış yönü,bahcivan,standart,109,son,32,Hasat Deneyimi II - 2,2,1000,Gold,Xp
40,Davranış yönü,bahcivan,standart,109,son,32,Nadir Filizler - 3,1,570,Iron,Rarity
40,Davranış yönü,bahcivan,standart,109,son,32,Altın Hasat II - 4,1,560,Gold,Economy
40,Davranış yönü,bahcivan,standart,109,son,32,Kart Sezgisi - 1,3,1100,Gold,Cards
40,Davranış yönü,bahcivan,standart,109,son,32,Geniş Tarama - 3,2,450,Gold,Area
40,Davranış yönü,bahcivan,standart,109,son,32,Kesim Ustalığı - 3,1,1400,Iron,Damage
40,Davranış yönü,bahcivan,standart,109,son,32,Altın Hasat II - 4,2,620,Gold,Economy
40,Davranış yönü,bahcivan,standart,109,son,33,Ağır Kesim - 2,1,2300,Gold,Damage
40,Davranış yönü,bahcivan,standart,109,son,33,Hasat Deneyimi II - 3,1,1100,Gold,Xp
40,Davranış yönü,bahcivan,standart,109,son,33,Verimli Üretim - 4,1,630,Iron,Production
40,Davranış yönü,bahcivan,standart,109,son,33,Kritik Odak - 2,1,290,Gold,Crit
40,Davranış yönü,bahcivan,standart,109,son,33,Nadir Filizler - 3,2,640,Iron,Rarity
40,Davranış yönü,bahcivan,standart,109,son,33,Zengin Cevher - 2,2,110,Stone,Economy
40,Davranış yönü,bahcivan,standart,109,son,34,Kart Sezgisi - 2,1,1300,Gold,Cards
40,Davranış yönü,bahcivan,standart,109,son,34,Hasat Rekoru - 4,1,560,Gold,Score
40,Davranış yönü,bahcivan,standart,109,son,34,Geniş Tarama - 4,1,500,Gold,Area
40,Davranış yönü,bahcivan,standart,109,son,34,Hasat Deneyimi II - 3,2,1300,Gold,Xp
40,Davranış yönü,bahcivan,standart,109,son,34,Kesim Ustalığı - 3,2,1600,Iron,Damage
40,Davranış yönü,bahcivan,standart,109,son,34,Verimli Üretim - 4,2,690,Iron,Production
40,Davranış yönü,bahcivan,standart,109,son,35,Ağır Kesim - 2,2,2700,Gold,Damage
40,Davranış yönü,bahcivan,standart,109,son,35,Kritik Odak - 2,2,330,Gold,Crit
40,Davranış yönü,bahcivan,standart,109,son,35,Zengin Cevher - 3,1,125,Stone,Economy
40,Davranış yönü,bahcivan,standart,109,son,35,Geniş Tarama - 4,2,550,Gold,Area
40,Davranış yönü,bahcivan,standart,109,son,35,Kart Sezgisi - 2,2,1600,Gold,Cards
40,Davranış yönü,bahcivan,standart,109,son,36,Ağır Kesim - 3,1,3000,Gold,Damage
40,Davranış yönü,bahcivan,standart,109,son,36,Nadir Filizler - 4,1,700,Iron,Rarity
40,Davranış yönü,bahcivan,standart,109,son,36,Hasat Deneyimi II - 4,1,1400,Gold,Xp
40,Davranış yönü,bahcivan,standart,109,son,37,Hasat Rekoru - 4,2,620,Gold,Score
40,Davranış yönü,bahcivan,standart,109,son,37,Kesim Ustalığı - 4,1,1700,Iron,Damage
40,Davranış yönü,bahcivan,standart,109,son,37,Kritik Odak - 3,1,380,Gold,Crit
40,Davranış yönü,bahcivan,standart,109,son,37,Zengin Cevher - 3,2,140,Stone,Economy
40,Davranış yönü,bahcivan,standart,109,son,38,Ağır Kesim - 3,2,3400,Gold,Damage
40,Davranış yönü,bahcivan,standart,109,son,38,Kart Sezgisi - 3,1,1800,Gold,Cards
40,Davranış yönü,bahcivan,standart,109,son,38,Hasat Deneyimi II - 4,2,1500,Gold,Xp
40,Davranış yönü,bahcivan,standart,109,son,38,Nadir Filizler - 4,2,770,Iron,Rarity
40,Davranış yönü,bahcivan,standart,109,son,39,Kritik Odak - 3,2,420,Gold,Crit
40,Davranış yönü,bahcivan,standart,109,son,39,Zengin Cevher - 4,1,155,Stone,Economy
40,Davranış yönü,bahcivan,standart,109,son,39,Kesim Ustalığı - 4,2,1900,Iron,Damage
40,Davranış yönü,bahcivan,standart,109,son,40,Ağır Kesim - 4,1,3800,Gold,Damage
40,Davranış yönü,bahcivan,standart,109,son,40,Kart Sezgisi - 3,2,2000,Gold,Cards
40,Davranış yönü,bahcivan,standart,109,son,40,Kritik Güç - 1,1,150,Stone,Crit
40,Davranış yönü,bahcivan,standart,109,son,41,Kritik Odak - 4,1,470,Gold,Crit
40,Davranış yönü,bahcivan,standart,109,son,41,Grid Genişleme II,2,1800,Stone,Grid
40,Davranış yönü,bahcivan,standart,109,son,41,Zengin Cevher - 4,2,170,Stone,Economy
40,Davranış yönü,bahcivan,standart,109,son,42,Ağır Kesim - 4,2,4100,Gold,Damage
40,Davranış yönü,bahcivan,standart,109,son,42,Kritik Güç - 1,2,195,Stone,Crit
40,Davranış yönü,bahcivan,standart,109,son,43,Kart Sezgisi - 4,1,2200,Gold,Cards
40,Davranış yönü,bahcivan,standart,109,son,43,Kritik Odak - 4,2,520,Gold,Crit
40,Davranış yönü,bahcivan,standart,109,son,44,Kritik Güç - 1,3,240,Stone,Crit
40,Davranış yönü,bahcivan,standart,109,son,45,Kart Sezgisi - 4,2,2400,Gold,Cards
40,Davranış yönü,bahcivan,standart,109,son,46,Kritik Güç - 2,1,290,Stone,Crit
40,Davranış yönü,bahcivan,standart,109,son,48,Kritik Güç - 2,2,330,Stone,Crit
