run,profile,policy,farmer,scythe,seed,label,round,outcome,boss,kills,direct,explosion,tornado,boomerang,electric,kCommon,kUncommon,kRare,kEpic,kLegendary,score,segScore,segTarget,bossScore,bossTarget,gold,iron,stone,bankGold,bankIron,bankStone,xp,level,cards,damage,directMult,behaviorMult,interval,radius,reachCells,crit,critMult,attacks,hitsPerAttack,htkCommon,htkUncommon,htkRare,htkEpic,htkLegendary,osCommon,osUncommon,osRare,osEpic,osLegendary,ttkCommon,ttkUncommon,ttkRare,ttkEpic,ttkLegendary,planters,points,fill,minFill,spawnInterval,capacity,tiersBought,treeTiers,plantersBought,rewards,best5s,emptyShare,duration,levels,choices,cardTiles,cardUpgrades,cardBase,firstBehavior,firstOwn,firstTrigger,breakthrough,echoSched,echoExec,echoDrop,echoHits,echoKills,rhythmCharges,rhythmAttacks,skipElectricVisual,skipExplosionVisual,skipBoomerang,endFill,scorePerSec,killsPerSec,normalBehaviorKills,chainKills,maxDirectHit,saturated,invalidNumbers,storedXp,pendingLevels,levelHalted,firstEffective,behaviorTiles,behaviorPlanted,xpSpent,cardWater,cardXpBase,xpGlobal,xpCardGroup,levelCost,waitFrames,prevChoices,activeGame,activeReal,plantWait,waitDirect,waitBehavior,waitChain1,waitChain2,waitEcho,behaviorHits,chainHits,chainHitsNew,chainKills1,chainKills2,chainKillHp,behaviorKillHp,chAttempts1,chAttempts2,chTriggers1,chTriggers2,chFired1,chFired2,chRejRepeat,chRejGeneration,chRejBudget,chRejInvalid,chRejRoundEnd,chRejExcluded,chPoolWaitJobs,chPoolWaitFrames,chDelayFrames,ghostKills,ghostResolved,ghostReached,ghostLethal,frameMsAvg,frameMsP95,frameMsMax,botMsAvg,gc0,aim
1,Run50_AlphaDengeV1,Uyumsuz,bahcivan,standart,100,HA,1,,,13,13,0,0,0,0,12,1,0,0,0,15,15,1,0,0,28,0,0,28,0,0,270,1,0,10,1,1,3,0.9,4,0.3,2,13,2.08,1.83,3,,,,21,0,,,,2.5,6,,,,2,4,0.346,0,8,23,0,0,2,,3,0.205,45,0,0,0,0,0,0,0,0,,0,0,0,0,0,0,0,0,0,0,0.5,0.333,0.289,0,0,22,0,0,270,0,0,0,0,0,0,0,0,1,0,390,0,0,45,45.133,4.138,4.138,,,,,0,0,0,0,0,,,0,0,0,0,0,0,0,0,0,0,0,0,0,0,0,0,0,0,0,0.362,0.415,27.336,0.027,0,kalabalik
1,Run50_AlphaDengeV1,Uyumsuz,bahcivan,standart,100,HA,2,,,15,15,0,0,0,0,13,2,0,0,0,19,34,1,0,0,34,0,0,37,0,0,320,2,3,10.67,1,1,3,0.9,4,0.3,2,14,2.14,1.77,2,,,,8,0,,,,4.15,3,,,,3,5,0.425,0.2,8,28,1,1,1,,3,0,45,1,3,0,0,0,0,0,0,,0,0,0,0,0,0,0,0,0,0,0.8,0.422,0.333,0,0,24,0,0,200,0,0,0,0,0,0,0,0,1,0,410,0,0,45,45.133,6.018,6.018,,,,,0,0,0,0,0,,,0,0,0,0,0,0,0,0,0,0,0,0,0,0,0,0,0,0,0,0.347,0.443,1.716,0.013,0,kalabalik
1,Run50_AlphaDengeV1,Uyumsuz,bahcivan,standart,100,HA,3,,,15,15,0,0,0,0,10,4,1,0,0,32,66,1,32,1,36,4,0,39,4,0,360,3,3,11.33,1,1,3,0.9,4,0.3,2,14,2.64,1.8,2.75,3,,,25,0,0,,,4.2,6.75,6,,,4,6,0.594,0.167,8,34,2,3,1,,4,0,45,2,6,3,0,0,2,0,0,,0,0,0,0,0,0,0,0,0,0,0.5,0.711,0.333,0,0,26,0,0,150,0,0,3,3,1,0,0,0,1,0,420,0,3,45,45.133,7.756,7.756,,,,,0,0,0,0,0,,,0,0,0,0,0,0,0,0,0,0,0,0,0,0,0,0,0,0,0,0.342,0.437,1.582,0.012,0,kalabalik
1,Run50_AlphaDengeV1,Uyumsuz,bahcivan,standart,100,HA,4,,,26,26,0,0,0,0,22,3,1,0,0,53,53,1,0,0,56,4,0,68,8,0,601,4,3,12,1.25,1,2.892,0.9,4,0.3,2,15,2.8,1.5,2,1,,,46,0,,,,2.11,2.89,0,,,4,6,0.507,0,6.259,43,4,7,0,keskin_bicakx1,5,0.033,45,3,9,6,0,0,2,0,4,,0,0,0,0,0,0,0,0,0,0,0.5,1.178,0.578,0,0,34,0,0,331,0,0,3,3,1,6,0,0,1.0667,0,440,0,3,45,45.133,6.685,6.685,,,,,0,0,0,0,0,,,0,0,0,0,0,0,0,0,0,0,0,0,0,0,0,0,0,0,0,0.373,0.469,2.895,0.014,0,kalabalik
1,Run50_AlphaDengeV1,Uyumsuz,bahcivan,standart,100,HA,5,,,29,26,3,0,0,0,26,2,1,0,0,50,103,1,0,0,60,4,0,68,12,0,653,6,6,12,1.25,1,2.892,0.9,4,0.3,2,15,3.53,1.61,2,3,,,28,0,,,,2.39,7.23,8.67,,,6,9,0.566,0.111,6.774,60,0,7,2,keskin_bicakx1,6,0.044,45,5,15,9,0,0,2,0,4,,0,0,0,0,0,0,0,0,0,0,0.667,1.111,0.644,3,0,40,0,0,74,0,0,3,4,4,6,0,0,1.0667,0,490,0,3,45,45.133,6.703,6.544,8.089,,,,7,0,0,0,0,,0.373,0,0,0,0,0,0,0,0,0,0,0,0,0,0,0,0,0,0,0,0.393,0.498,8.876,0.013,0,kalabalik
1,Run50_AlphaDengeV1,Uyumsuz,bahcivan,standart,100,HA,6,,,28,27,1,0,0,0,20,8,0,0,0,57,160,1,57,1,72,0,0,74,12,0,676,7,3,12.67,1.25,1,2.789,0.9,4,0.3,2,19,2.68,1.53,1.88,,,,40,0,0,,,2.49,3.14,,,,6,9,0.452,0.111,6.383,78,5,12,0,keskin_bicakx1,5,0.009,55,6,18,9,6,0,2,0,4,,0,0,0,0,0,0,0,0,0,0,0.667,1.036,0.509,1,0,47,0,0,260,0,0,3,4,4,6,0,0,1.0667,0,520,0,6,55,55.133,7.588,7.842,0.733,,,,1,0,0,0,0,,0.444,0,0,0,0,0,0,0,0,0,0,0,0,0,0,0,0,0,0,0,0.395,0.508,2.142,0.012,0,kalabalik
1,Run50_AlphaDengeV1,Uyumsuz,bahcivan,standart,100,HA,7,,,40,36,3,0,0,1,26,9,4,1,0,143,143,1,0,0,88,16,2,91,28,2,1427,10,9,13.33,1.25,1,2.789,0.9,4,0.3,2,19,3.84,1.58,1.71,2.25,5,,40,0,0,0,,2.79,3.59,8.37,39.07,,8,12,0.689,0.25,6.69,99,1,13,2,keskin_bicakx1 bilgi_filizix1,7,0,55,9,27,12,6,0,2,0,4,,0,0,0,0,0,0,0,0,0,0,0.333,2.6,0.727,4,0,50,0,0,7,0,0,3,4,4,6,2,0,1.3333,0,640,0,3,55,55.133,10.803,10.767,11.133,,,,6,0,0,0,0,,0.294,0,0,0,0,0,0,0,0,0,0,0,0,0,0,0,0,0,0,0,0.396,0.519,2.113,0.014,0,kalabalik
1,Run50_AlphaDengeV1,Uyumsuz,bahcivan,standart,100,HA,8,,,32,27,5,0,0,0,18,11,3,0,0,94,237,1,0,0,91,12,0,101,40,2,1156,11,3,13.33,1.25,1,2.789,0.9,4,0.3,2,19,3.63,1.5,2.5,3,,,39,0,20,0,,4.18,8.92,16.73,,,9,14,0.724,0.286,6.793,113,2,15,1,keskin_bicakx1 bilgi_filizix1,8,0,55,10,30,21,6,0,2,0,4,,0,0,0,0,0,0,0,0,0,0,1,1.709,0.582,5,0,47,0,0,523,0,0,3,8,7,6,2,0,1.3333,0,700,0,9,55,55.133,11.824,11.791,12,,,,10,0,0,0,0,,0.277,0,0,0,0,0,0,0,0,0,0,0,0,0,0,0,0,0,0,0,0.399,0.519,2.23,0.013,0,kalabalik
1,Run50_AlphaDengeV1,Uyumsuz,bahcivan,standart,100,HA,9,,,47,42,5,0,0,0,32,8,6,1,0,159,396,1,0,0,104,24,2,124,34,4,1718,13,6,14.67,1.25,1,2.689,0.9,4,0.3,2,20,3.65,1.38,1.86,2,3,,50,0,0,,,2.41,5,2.69,21.5,,10,15,0.696,0.4,6.707,123,6,21,1,keskin_bicakx1 bilgi_filizix1,7,0,55,12,36,24,6,0,2,0,4,,0,0,0,0,0,0,0,0,0,0,0.467,2.891,0.855,5,0,50,0,0,791,0,0,3,9,8,6,3,0,1.3333,0,810,0,3,55,55.133,13.624,13.567,14.107,,,,14,0,0,0,0,,0.348,0,0,0,0,0,0,0,0,0,0,0,0,0,0,0,0,0,0,0,0.48,0.627,2.158,0.014,0,kalabalik
1,Run50_AlphaDengeV1,Uyumsuz,bahcivan,standart,100,HA,10,,,41,34,6,0,0,1,30,9,2,0,0,89,485,1,89,1,135,8,0,146,42,4,1392,15,6,15.64,1.25,1,2.592,0.9,4,0.3,2,21,3.95,1.58,2.13,3.5,,,35,0,0,,,2.7,9.72,27.22,,,12,18,0.737,0.389,6.827,145,3,24,2,keskin_bicakx1 bilgi_filizix1,9,0,55,14,42,25,11,0,2,0,4,,0,0,0,0,0,0,0,0,0,0,0.833,1.618,0.745,7,0,61,0,0,493,0,0,3,9,9,6,3,0,1.3333,0,950,0,6,55,55.133,15.319,15.396,14.943,,,,13,0,0,0,0,,0.244,0,0,0,0,0,0,0,0,0,0,0,0,0,0,0,0,0,0,0,0.416,0.581,1.841,0.016,0,kalabalik
1,Run50_AlphaDengeV1,Uyumsuz,bahcivan,standart,100,HA,11,,,85,67,12,0,0,6,68,12,5,0,0,181,181,1,0,0,264,20,0,270,22,4,2920,18,9,18.13,1.563,1,2.5,0.9,4,0.3,2,26,3.85,1.22,1.5,1.67,,,60,44,33,0,,1.67,5.51,2.5,,,13,19,0.597,0.368,6.704,184,8,32,1,keskin_bicakx2 bilgi_filizix1,14,0,65,17,51,25,17,0,2,0,4,,0,0,0,0,0,0,0,0,0,0,0.737,2.785,1.308,18,0,84,0,0,363,0,0,3,9,9,14,3,0,1.4167,0,1200,0,6,65,65.167,9.624,9.929,8.487,,,,45,0,0,0,0,,0.251,0,0,0,0,0,0,0,0,0,0,0,0,0,0,0,0,0,0,0,0.422,0.571,2.134,0.015,0,kalabalik
1,Run50_AlphaDengeV1,Uyumsuz,bahcivan,standart,100,HA,12,,,73,62,11,0,0,0,51,15,5,1,1,295,476,1,0,0,243,20,10,244,42,14,2890,20,6,18.13,1.563,1,2.41,0.9,4,0.3,2,26,4,1.33,1.33,2,1,,57,44,20,0,0,1.98,7.03,12.06,0,,16,25,0.708,0.44,6.5,250,5,37,3,keskin_bicakx2 bilgi_filizix1,12,0,65,19,57,25,26,0,2,0,4,,0,0,0,0,0,0,0,0,0,0,0.76,4.538,1.123,11,0,75,0,0,753,0,0,3,9,9,24,3,0,1.5,0,1400,0,9,65,65.167,14.66,14.276,16.821,,,,35,0,0,0,0,,0.158,0,0,0,0,0,0,0,0,0,0,0,0,0,0,0,0,0,0,0,0.428,0.569,3.659,0.016,0,kalabalik
1,Run50_AlphaDengeV1,Uyumsuz,bahcivan,standart,100,HA,13,,,73,59,9,0,0,5,46,21,4,2,0,225,701,1,225,1,264,16,4,271,33,18,3220,22,6,20.27,1.563,1,2.24,0.935,4,0.3,2,29,3.76,1.32,1.63,1.5,2,,49,6,0,0,,2.18,3.22,5.6,7.85,,16,25,0.54,0.24,6.341,256,11,48,0,keskin_bicakx2 bilgi_filizix1,11,0,65,21,63,25,32,0,2,0,4,,0,0,0,0,0,0,0,0,0,0,0.68,3.462,1.123,14,0,98,0,0,1073,0,0,3,9,9,50,3,0,1.6667,0,1700,0,6,65,65.167,13.721,14.31,11.238,,,,41,0,0,0,0,,0.243,0,0,0,0,0,0,0,0,0,0,0,0,0,0,0,0,0,0,0,0.482,0.647,1.992,0.015,0,kalabalik
1,Run50_AlphaDengeV1,Uyumsuz,bahcivan,standart,100,HA,14,,,94,72,21,0,0,1,59,25,8,2,0,314,314,1,0,0,327,40,4,332,43,22,4375,25,9,23.08,1.563,1,2.16,0.97,4,0.42,2,30,4,1.28,1.42,1.8,2,,65,37,0,0,,2.34,4.21,3.03,2.13,,17,26,0.696,0.308,6.217,272,7,55,1,keskin_bicakx2 bilgi_filizix1 kritik_gozx1,15,0,65,24,72,25,38,0,2,0,4,,0,0,0,0,0,0,0,0,0,0,0.5,4.831,1.446,22,0,117,0,0,48,0,0,3,9,9,50,3,0,1.6667,0,2100,0,6,65,65.167,12.684,12.6,12.958,,,,47,0,0,0,0,,0.223,0,0,0,0,0,0,0,0,0,0,0,0,0,0,0,0,0,0,0,0.41,0.549,2.345,0.016,0,kalabalik
1,Run50_AlphaDengeV1,Uyumsuz,bahcivan,standart,100,HA,15,,,134,112,17,0,0,5,90,31,8,4,1,526,840,1,0,0,456,60,8,463,68,30,6383,27,6,24.3,1.563,1,2.16,1.005,6,0.42,2,30,5.87,1.23,1.26,1.67,2.33,1,69,66,30,0,,1.96,2.64,7.56,17.28,0,20,33,0.641,0.333,6.139,349,6,61,3,keskin_bicakx2 bilgi_filizix1 kritik_gozx1,21,0,65,26,78,34,38,0,2,0,4,,0,0,0,0,0,0,0,0,0,0,0.697,8.092,2.062,22,0,126,0,0,2131,0,0,3,12,11,66,4,0,1.75,0,2400,0,9,65,65.167,8.281,8.117,9.118,,,,66,0,0,0,0,,0.213,0,0,0,0,0,0,0,0,0,0,0,0,0,0,0,0,0,0,0,0.442,0.6,2.889,0.02,0,kalabalik
1,Run50_AlphaDengeV1,Uyumsuz,bahcivan,standart,100,HA,16,,,141,98,40,0,0,3,90,27,17,7,0,649,1489,1,649,1,432,85,14,446,128,44,7587,30,9,24.3,1.563,1,2.16,1.005,6,0.42,2,30,6,1.34,1.48,2,2,,57,43,25,14,0,2.61,3.6,6.24,14.04,,22,43,0.714,0.465,5.893,474,4,65,5,keskin_bicakx2 bilgi_filizix1 kritik_gozx1,21,0,65,29,87,40,38,0,2,0,4,,0,0,0,0,0,0,0,0,0,0,0.628,9.985,2.169,43,0,126,0,0,1918,0,0,3,12,12,104,5,0,1.9167,0,3000,0,6,65,65.167,10.6,11.293,9.021,,,,119,0,0,0,0,,0.266,0,0,0,0,0,0,0,0,0,0,0,0,0,0,0,0,0,0,0,0.479,0.695,4.309,0.022,0,kalabalik
1,Run50_AlphaDengeV1,Uyumsuz,bahcivan,standart,100,HA,17,,,196,104,71,3,1,17,100,54,26,12,4,1539,1539,1,0,0,759,130,33,759,220,57,12377,34,12,25.51,1.563,1,2.16,1.005,6,0.42,2,30,6,1.21,1.33,1.19,1.5,1,66,52,73,33,0,1.79,2.48,1.21,2.43,0,20,49,0.655,0.51,5.842,545,4,69,6,keskin_bicakx2 bilgi_filizix1 kritik_gozx1 altin_hedefx1,25,0,65,33,99,49,38,0,2,0,4,,0,0,0,0,0,0,0,0,0,0,0.571,23.677,3.015,92,0,219,0,0,1095,0,0,3,16,16,125,7,0,2,0,3900,0,9,65,65.167,12.164,10.333,14.234,,,,258,0,0,0,0,,0.271,0,0,0,0,0,0,0,0,0,0,0,0,0,0,0,0,0,0,0,0.573,0.831,4.474,0.027,0,kalabalik
1,Run50_AlphaDengeV1,Uyumsuz,bahcivan,standart,100,HA,18,,,253,135,75,3,1,39,120,77,37,19,0,1592,3131,1,0,0,822,222,38,846,242,75,22447,39,15,34.76,1.563,1,2.092,1.075,6,0.42,2,31,6,1.03,1.05,1.29,1.36,,90,78,53,42,,0.26,0.21,2.29,2.86,,18,49,0.566,0.327,5.579,571,9,78,1,keskin_bicakx2 bilgi_filizix1 kritik_gozx1 altin_hedefx1,34,0,65,38,114,49,50,0,2,0,4,,0,0,0,0,0,0,0,0,0,0,0.612,24.492,3.892,118,0,249,0,0,1442,0,0,3,16,16,125,7,0,2,0,5300,0,12,65,65.167,7.422,8.276,6.446,,,,311,0,0,0,0,,0.219,0,0,0,0,0,0,0,0,0,0,0,0,0,0,0,0,0,0,0,0.678,0.951,6.793,0.029,0,kalabalik
1,Run50_AlphaDengeV1,Uyumsuz,bahcivan,standart,100,HA,19,,,255,120,91,2,0,42,106,80,40,23,6,3447,6578,1,0,0,888,355,55,899,379,110,23983,43,12,38.16,1.563,1,2.026,1.11,6,0.42,2,32,6,1.06,1.14,1.16,1.25,1.67,93,56,53,64,20,0.45,1.05,1.71,2.53,5.41,17,49,0.614,0.347,5.626,566,7,85,1,keskin_bicakx2 bilgi_filizix1 kritik_gozx1 altin_hedefx1,34,0,65,42,126,49,65,0,2,0,4,,0,0,0,0,0,0,0,0,0,0,0.633,53.031,3.923,135,0,269,0,0,2325,0,0,3,16,16,125,7,0,2,0,6600,0,15,65,65.167,8.232,8.928,7.613,,,,352,0,0,0,0,,0.222,0,0,0,0,0,0,0,0,0,0,0,0,0,0,0,0,0,0,0,0.679,1.095,3.659,0.029,0,kalabalik
1,Run50_AlphaDengeV1,Uyumsuz,bahcivan,standart,100,HA,20,,,237,135,66,6,0,30,111,62,34,23,7,3614,10192,1,3614,1,705,313,113,729,332,123,21869,46,9,39.82,1.563,1,1.962,1.145,6,0.42,2,33,5.85,1.01,1.15,1.18,1.27,1.2,96,67,62,58,50,0.09,0.83,0.81,1.42,0.39,17,49,0.455,0.224,5.488,580,9,94,0,keskin_bicakx2 bilgi_filizix1 kritik_gozx1 altin_hedefx1,30,0,65,45,135,49,77,0,2,0,4,,0,0,0,0,0,0,0,0,0,0,0.551,55.6,3.646,102,0,307,0,0,3194,0,0,3,16,16,125,7,0,2,0,7800,0,12,65,65.167,5.92,6.046,5.752,,,,285,0,0,0,0,,0.22,0,0,0,0,0,0,0,0,0,0,0,0,0,0,0,0,0,0,0,0.636,0.939,6.749,0.03,0,kalabalik
1,Run50_AlphaDengeV1,Uyumsuz,bahcivan,standart,100,HA,21,,,238,141,52,4,2,39,105,65,44,20,4,2677,2677,1,0,0,822,333,82,866,602,125,31541,50,12,43.38,1.563,1,1.962,1.145,6,0.42,2,33,6,1.05,1.26,1.19,1.33,1.5,91,56,58,40,0,0.48,2.08,1.1,4.42,3.92,22,81,0.739,0.235,5.509,956,2,96,14,keskin_bicakx2 bilgi_filizix1 kritik_gozx1 altin_hedefx1 nadir_tohumx1,34,0,65,49,147,58,77,0,2,0,4,,0,0,0,0,0,0,0,0,0,0,0.716,41.185,3.662,97,0,478,0,0,1135,0,0,3,17,17,125,8,0,2,0,9500,0,9,65,65.167,8.966,7.923,10.481,,,,293,0,0,0,0,,0.203,0,0,0,0,0,0,0,0,0,0,0,0,0,0,0,0,0,0,0,0.557,0.79,2.934,0.03,0,kalabalik
1,Run50_AlphaDengeV1,Uyumsuz,bahcivan,standart,100,HA,22,,,267,140,70,7,3,47,111,69,59,26,2,2940,5617,1,0,0,816,467,78,847,704,183,35091,53,9,46.93,1.563,1,1.901,1.23,6,0.42,2,34,6,1.03,1.2,1.25,1.08,,87,57,61,56,,0.28,1.41,1.78,0.63,,21,81,0.741,0.605,5.285,996,7,103,1,keskin_bicakx2 bilgi_filizix1 kritik_gozx1 altin_hedefx1 nadir_tohumx1,33,0,65,52,156,70,77,0,2,0,4,,0,0,0,0,0,0,0,0,0,0,0.605,45.231,4.108,127,0,486,0,0,6726,0,0,3,18,18,125,9,0,2,0,11000,0,12,65,65.167,9.718,9.996,9.412,,,,363,0,0,0,0,,0.201,0,0,0,0,0,0,0,0,0,0,0,0,0,0,0,0,0,0,0,0.579,0.849,3.775,0.031,0,kalabalik
1,Run50_AlphaDengeV1,Uyumsuz,bahcivan,standart,100,HA,23,,,207,100,68,6,5,28,80,69,27,27,4,3225,8842,1,3225,1,872,272,96,929,416,279,21906,55,6,49.54,1.563,1,1.901,1.265,6,0.42,2,34,4,1,1.11,1,1.07,1.5,79,71,70,80,33,0,0.58,0,1.09,3.8,21,81,0.802,0.593,5.198,1013,5,108,0,keskin_bicakx2 bilgi_filizix1 kritik_gozx1 altin_hedefx1 nadir_tohumx1,31,0,65,54,162,79,77,0,2,0,4,,0,0,0,0,0,0,0,0,0,0,0.63,49.615,3.185,107,0,437,0,0,5632,0,0,3,20,20,125,11,0,2,0,12000,0,9,65,65.167,19.641,17.158,21.961,,,,316,0,0,0,0,,0.244,0,0,0,0,0,0,0,0,0,0,0,0,0,0,0,0,0,0,0,0.649,0.935,3.225,0.028,0,kalabalik
1,Run50_AlphaDengeV1,Uyumsuz,bahcivan,standart,100,HA,24,,,331,182,80,5,4,60,122,97,69,32,11,5793,5793,1,0,0,1230,692,156,1249,708,435,42672,58,9,53.29,2.5,1,1.841,1.315,6,0.42,2,35,6,1,1.02,1,1,1,100,97,100,91,50,0,0.08,0,0,0,21,81,0.7,0.543,5.014,1050,5,113,0,keskin_bicakx2 bilgi_filizix1 kritik_gozx1 altin_hedefx1 nadir_tohumx1 canavar_kesimix1,37,0,65,57,171,81,81,0,2,0,4,,0,0,0,0,0,0,0,0,0,0,0.654,89.123,5.092,149,0,531,0,0,10304,0,0,3,20,20,125,11,0,2,0,14000,0,6,65,65.167,11.095,9.432,13.127,,,,463,0,0,0,0,,0.239,0,0,0,0,0,0,0,0,0,0,0,0,0,0,0,0,0,0,0,0.67,0.952,3.915,0.036,0,kalabalik
1,Run50_AlphaDengeV1,Uyumsuz,bahcivan,standart,100,HA,25,,,310,187,76,11,4,32,121,84,61,31,13,5505,11298,1,0,0,1272,616,184,1426,964,569,36495,61,9,53.29,2.5,1,1.783,1.365,6,0.42,2,36,6,1,1.04,1,1,1,100,95,100,92,86,0,0.47,0,0,0,21,81,0.712,0.593,5,1053,6,119,0,keskin_bicakx2 bilgi_filizix1 kritik_gozx1 altin_hedefx1 nadir_tohumx1 canavar_kesimix1,33,0,65,60,180,81,90,0,2,0,4,,0,0,0,0,0,0,0,0,0,0,0.716,84.692,4.769,123,0,878,0,0,3799,0,0,3,20,20,125,11,0,2,0,16000,0,9,65,65.167,10.277,7.436,14.598,,,,438,0,0,0,0,,0.228,0,0,0,0,0,0,0,0,0,0,0,0,0,0,0,0,0,0,0,0.617,0.892,3.169,0.035,0,kalabalik
1,Run50_AlphaDengeV1,Uyumsuz,bahcivan,standart,100,HA,26,,,327,184,79,16,7,41,130,83,62,44,8,6491,17789,1,6491,1,1312,560,232,1508,714,801,34024,63,6,60.05,2.5,1,1.783,1.365,6,0.42,2,36,6,1,1,1,1,1.17,100,89,100,87,50,0,0,0,0,0.89,21,81,0.57,0.346,4.958,1062,5,124,0,keskin_bicakx2 bilgi_filizix1 kritik_gozx1 altin_hedefx1 nadir_tohumx1 canavar_kesimix1,39,0,65,62,186,81,99,0,2,0,4,,0,0,0,0,0,0,0,0,0,0,0.457,99.862,5.031,143,0,874,0,0,5823,0,0,3,20,20,575,11,0,2.0833,0,17000,0,9,65,65.167,12.816,14.855,10.193,,,,470,0,0,0,0,,0.227,0,0,0,0,0,0,0,0,0,0,0,0,0,0,0,0,0,0,0,0.695,1.018,4.493,0.037,0,kalabalik
1,Run50_AlphaDengeV1,Uyumsuz,bahcivan,standart,100,HA,27,,,468,275,119,9,9,56,166,125,97,63,17,9900,9900,1,0,0,2022,1112,308,2220,1826,1109,48686,66,9,60.05,2.5,1,1.727,1.415,9,0.557,2,37,8.92,1,1,1,1,1.09,100,95,100,96,88,0,0,0,0,0.78,21,81,0.594,0.37,4.958,1062,4,128,0,keskin_bicakx2 bilgi_filizix1 kritik_gozx2 altin_hedefx1 nadir_tohumx1 canavar_kesimix1,49,0,65,65,195,81,105,0,2,0,4,,0,0,0,0,0,0,0,0,0,0,0.605,152.308,7.2,193,0,1072,0,0,1509,0,0,3,20,20,575,11,0,2.0833,0,19000,0,6,65,65.167,10.271,6.74,15.302,,,,731,0,0,0,0,,0.231,0,0,0,0,0,0,0,0,0,0,0,0,0,0,0,0,0,0,0,0.715,1.082,7.191,0.046,0,kalabalik
1,Run50_AlphaDengeV1,Uyumsuz,bahcivan,standart,100,HA,28,,,492,266,124,18,5,79,186,132,98,57,19,10527,20427,1,0,0,2096,1074,396,2406,1620,1440,53685,68,6,65.98,2.5,1,1.727,1.415,9,0.557,2,37,9,1,1.02,1,1.03,1.2,100,95,100,92,43,0,0.06,0,0.04,1.73,21,81,0.592,0.383,4.821,1092,6,134,0,keskin_bicakx2 bilgi_filizix1 kritik_gozx2 altin_hedefx1 nadir_tohumx1 canavar_kesimix1,54,0,65,67,201,81,114,0,2,0,4,,0,0,0,0,0,0,0,0,0,0,0.481,161.954,7.569,226,0,1207,0,0,16194,0,0,3,20,20,575,11,0,2.0833,0,21000,0,9,65,65.167,5.819,6.205,5.365,,,,771,0,0,0,0,,0.251,0,0,0,0,0,0,0,0,0,0,0,0,0,0,0,0,0,0,0,0.701,1.053,5.782,0.047,0,kalabalik
1,Run50_AlphaDengeV1,Uyumsuz,bahcivan,standart,100,HA,29,,,499,264,146,13,10,66,180,132,100,69,18,11333,31760,1,0,0,1993,1092,496,1999,1392,1936,51392,71,9,73.42,2.5,1,1.673,1.415,9,0.557,2,38,9,1,1,1,1.04,1.11,100,100,100,92,71,0,0,0,0.24,2.04,21,81,0.575,0.358,4.763,1105,7,141,0,keskin_bicakx2 bilgi_filizix1 kritik_gozx2 altin_hedefx1 nadir_tohumx1 canavar_kesimix1,61,0,65,70,210,81,120,0,2,0,4,,0,0,0,0,0,0,0,0,0,0,0.691,174.354,7.677,235,0,1284,0,0,2586,0,0,3,20,20,1165,11,0,2.1667,0,23000,0,6,65,65.167,5.363,5.508,5.201,,,,777,0,0,0,0,,0.23,0,0,0,0,0,0,0,0,0,0,0,0,0,0,0,0,0,0,0,0.71,1.075,10.32,0.048,0,kalabalik
1,Run50_AlphaDengeV1,Uyumsuz,bahcivan,standart,100,HA,30,,,509,278,131,19,14,67,191,140,96,64,18,11364,43124,1,11364,1,2435,1031,426,2474,1373,2282,60159,73,6,79.64,2.5,1,1.673,1.465,9,0.557,2,38,8.95,1,1,1,1,1,100,95,98,96,89,0,0,0,0,0,21,81,0.588,0.37,4.626,1138,6,147,0,keskin_bicakx2 bilgi_filizix1 kritik_gozx2 altin_hedefx1 nadir_tohumx1 canavar_kesimix1,62,0,65,72,216,81,129,0,2,0,4,,0,0,0,0,0,0,0,0,0,0,0.667,174.831,7.831,231,0,1352,0,0,15745,0,0,3,20,20,1165,11,0,2.1667,0,25000,0,9,65,65.167,8.186,9.335,6.804,,,,868,0,0,0,0,,0.216,0,0,0,0,0,0,0,0,0,0,0,0,0,0,0,0,0,0,0,0.726,1.113,5.897,0.048,0,kalabalik
1,Run50_AlphaDengeV1,Uyumsuz,bahcivan,standart,100,HA,31,,,542,267,147,24,6,98,185,124,122,87,24,14743,14743,1,0,0,2537,1317,576,2656,1590,2858,67378,76,9,83.44,2.5,1,1.673,1.465,9,0.573,2,38,8.97,1,1,1,1,1.08,100,96,100,90,70,0,0,0,0,0.98,21,81,0.616,0.42,3.9,1350,5,152,0,keskin_bicakx2 bilgi_filizix1 kritik_gozx2 altin_hedefx1 nadir_tohumx1 canavar_kesimix1 bereketli_toprakx1,67,0,65,75,225,81,135,0,2,0,4,,0,0,0,0,0,0,0,0,0,0,0.593,226.815,8.338,275,0,1528,0,0,5123,0,0,3,20,20,1895,11,0,2.25,0,28000,0,6,65,65.167,5.092,5.123,5.061,,,,897,0,0,0,0,,0.193,0,0,0,0,0,0,0,0,0,0,0,0,0,0,0,0,0,0,0,0.734,1.112,5.034,0.05,0,kalabalik
1,Run50_AlphaDengeV1,Uyumsuz,bahcivan,standart,100,HA,32,,,565,295,178,12,11,69,218,168,112,56,11,9968,24711,1,0,0,2916,1291,390,3122,1681,3153,64581,78,6,89.96,2.5,1,1.62,1.465,9,0.573,2,40,8.98,1,1,1,1,1,100,100,100,100,100,0,0,0,0,0,21,81,0.634,0.395,3.711,1419,6,158,0,keskin_bicakx2 bilgi_filizix1 kritik_gozx2 altin_hedefx1 nadir_tohumx1 canavar_kesimix1 bereketli_toprakx1,69,0,65,77,231,81,144,0,2,0,4,,0,0,0,0,0,0,0,0,0,0,0.593,153.354,8.692,270,0,1533,0,0,12704,0,0,3,20,20,1895,11,0,2.25,0,30000,0,9,65,65.167,6.283,7.719,4.713,,,,906,0,0,0,0,,0.238,0,0,0,0,0,0,0,0,0,0,0,0,0,0,0,0,0,0,0,0.771,1.153,7.136,0.058,0,kalabalik
1,Run50_AlphaDengeV1,Uyumsuz,bahcivan,standart,100,HA,33,,,382,211,92,12,5,62,154,106,71,34,17,8393,33104,1,8393,1,2262,1006,230,2364,1487,3383,55423,80,6,94.04,2.5,1,1.62,1.565,9,0.59,2,40,6,1,1,1,1,1.14,100,96,100,100,67,0,0,0,0,0.7,21,81,0.735,0.568,3.697,1424,7,165,0,keskin_bicakx2 bilgi_filizix1 kritik_gozx2 altin_hedefx1 nadir_tohumx1 canavar_kesimix1 bereketli_toprakx1,50,0,65,79,237,81,150,0,2,0,4,,0,0,0,0,0,0,0,0,0,0,0.691,129.123,5.877,171,0,1699,0,0,7127,0,0,3,20,20,2755,11,0,2.3333,0,32000,0,6,65,65.167,6.28,5.642,7.067,,,,581,0,0,0,0,,0.22,0,0,0,0,0,0,0,0,0,0,0,0,0,0,0,0,0,0,0,0.697,1.026,6.344,0.048,0,kalabalik
1,Run50_AlphaDengeV1,Uyumsuz,bahcivan,standart,100,HA,34,,,708,354,213,26,5,110,248,195,150,85,30,18241,18241,1,0,0,3874,2046,715,4138,2333,3988,104680,83,9,94.04,2.5,1,1.62,2.066,12,0.59,2,40,11.95,1,1.01,1.01,1.04,1.06,100,94,99,88,90,0,0.06,0.06,0.3,1.11,21,81,0.561,0.37,3.553,1482,5,170,0,keskin_bicakx2 bilgi_filizix1 kritik_gozx2 altin_hedefx1 nadir_tohumx1 canavar_kesimix1 bereketli_toprakx1 genis_savurusx1,81,0,65,82,246,81,156,0,2,0,4,,0,0,0,0,0,0,0,0,0,0,0.457,280.631,10.892,354,0,1647,0,0,12807,0,0,3,20,20,3755,11,0,2.4167,0,35000,0,6,65,65.167,6.331,6.193,6.469,,,,1187,0,0,0,0,,0.242,0,0,0,0,0,0,0,0,0,0,0,0,0,0,0,0,0,0,0,0.864,1.389,6.601,0.07,0,kalabalik
1,Run50_AlphaDengeV1,Uyumsuz,bahcivan,standart,100,HA,35,,,705,358,199,20,7,121,253,175,158,95,24,18399,36640,1,0,0,3825,1976,765,4193,2269,4753,101835,86,9,105.24,2.5,1,1.62,2.066,12,0.607,2,40,11.98,1,1.01,1,1,1.06,100,93,100,100,80,0,0.1,0,0,0.29,21,81,0.562,0.346,3.534,1490,6,176,0,keskin_bicakx2 bilgi_filizix1 kritik_gozx2 altin_hedefx1 nadir_tohumx1 canavar_kesimix1 bereketli_toprakx1 genis_savurusx1,83,0,65,85,255,81,165,0,2,0,4,,0,0,0,0,0,0,0,0,0,0,0.42,283.062,10.846,347,0,1316,0,0,5642,0,0,3,20,20,3755,11,0,2.4167,0,39000,0,9,65,65.167,3.972,3.982,3.962,,,,1208,0,0,0,0,,0.215,0,0,0,0,0,0,0,0,0,0,0,0,0,0,0,0,0,0,0,0.841,1.295,5.964,0.066,0,kalabalik
1,Run50_AlphaDengeV1,Uyumsuz,bahcivan,standart,100,HA,36,,,694,362,193,23,12,104,235,197,133,96,33,19496,56136,1,19496,1,3850,2100,804,4043,2769,5432,93712,88,6,117.04,2.5,1,1.62,2.066,12,0.607,2,40,11.88,1,1.02,1,1,1.05,99,94,100,90,81,0,0.07,0,0,0.65,21,81,0.587,0.37,3.488,1509,4,180,0,keskin_bicakx2 bilgi_filizix1 kritik_gozx2 altin_hedefx1 nadir_tohumx1 canavar_kesimix1 bereketli_toprakx1 genis_savurusx1,81,0,65,87,261,81,174,0,2,0,4,,0,0,0,0,0,0,0,0,0,0,0.494,299.938,10.677,332,0,2060,0,0,20354,0,0,3,20,20,3755,11,0,2.4167,0,41000,0,9,65,65.167,4.523,4.075,5.01,,,,1284,0,0,0,0,,0.206,0,0,0,0,0,0,0,0,0,0,0,0,0,0,0,0,0,0,0,0.847,1.352,10.589,0.067,0,kalabalik
1,Run50_AlphaDengeV1,Uyumsuz,bahcivan,standart,100,HA,37,,,745,410,182,34,5,114,242,190,191,94,28,19970,19970,1,0,0,3825,2506,785,4088,3885,6217,101364,90,6,117.04,3.125,1,1.539,2.198,12,0.623,2,42,11.9,1,1,1,1,1,100,100,100,100,100,0,0,0,0,0,21,81,0.559,0.346,3.371,1562,7,187,0,keskin_bicakx3 bilgi_filizix1 kritik_gozx2 altin_hedefx1 nadir_tohumx1 canavar_kesimix1 bereketli_toprakx1 genis_savurusx1,80,0,65,89,267,81,179,1,2,0,4,,0,0,0,0,0,0,0,0,0,0,0.432,307.231,11.462,335,0,2653,0,0,38718,0,0,3,20,20,6155,11,0,2.5833,0,44000,0,6,65,65.167,4.172,3.803,4.624,,,,1283,0,0,0,0,,0.229,0,0,0,0,0,0,0,0,0,0,0,0,0,0,0,0,0,0,0,0.865,1.302,5.877,0.067,0,kalabalik
1,Run50_AlphaDengeV1,Uyumsuz,bahcivan,standart,100,HA,38,,,742,452,152,27,7,104,251,200,157,103,31,22065,42035,1,0,0,3985,2235,980,5473,4420,7057,102818,93,9,121.72,3.125,1,1.404,2.198,12,0.64,2,46,11.63,1,1,1,1,1,100,100,100,98,100,0,0,0,0,0,21,81,0.591,0.309,3.348,1573,5,192,0,keskin_bicakx3 bilgi_filizix1 kritik_gozx2 altin_hedefx1 nadir_tohumx1 canavar_kesimix1 bereketli_toprakx1 genis_savurusx1,71,0,65,92,276,81,181,5,2,0,4,,0,0,0,0,0,0,0,0,0,0,0.556,339.462,11.415,290,0,2744,0,0,6536,0,0,3,20,20,6155,11,2,2.8158,0.09,48000,0,6,65,65.167,4.247,3.569,5.302,,,,1337,0,0,0,0,,0.242,0,0,0,0,0,0,0,0,0,0,0,0,0,0,0,0,0,0,0,0.876,1.307,5.126,0.069,0,kalabalik
1,Run50_AlphaDengeV1,Uyumsuz,bahcivan,standart,100,HA,39,,,820,454,202,24,14,126,274,225,183,105,33,24501,66536,1,0,0,5356,2950,878,6029,6600,7935,128298,95,6,134.6,3.125,1,1.28,2.198,12,0.64,2,50,11.24,1,1,1,1,1.14,100,100,100,98,82,0,0,0,0,0.41,21,81,0.582,0.358,3.087,1706,3,195,0,keskin_bicakx3 bilgi_filizix1 kritik_gozx2 altin_hedefx1 nadir_tohumx1 canavar_kesimix1 bereketli_toprakx1 genis_savurusx1,74,0,65,94,282,81,181,14,2,0,4,,0,0,0,0,0,0,0,0,0,0,0.617,376.938,12.615,366,0,3150,0,0,37834,0,0,3,20,20,6155,11,3,2.945,0.14,51000,0,9,65,65.167,3.676,3.598,3.772,,,,1417,0,0,0,0,,0.244,0,0,0,0,0,0,0,0,0,0,0,0,0,0,0,0,0,0,0,0.911,1.37,5.673,0.074,0,kalabalik
1,Run50_AlphaDengeV1,Uyumsuz,bahcivan,standart,100,HA,40,,,776,404,201,26,18,127,283,218,153,88,34,21461,87997,1,21461,1,5413,2583,896,6222,7283,8676,135542,98,9,161.72,3.125,1,1.18,2.198,12,0.657,2,55,8.96,1,1,1,1,1,100,100,100,100,92,0,0,0,0,0,21,81,0.608,0.37,3.087,1706,5,200,0,keskin_bicakx3 bilgi_filizix1 kritik_gozx2 altin_hedefx1 nadir_tohumx1 canavar_kesimix1 bereketli_toprakx1 genis_savurusx1,84,0,65,97,291,81,181,20,2,0,4,,0,0,0,0,0,0,0,0,0,0,0.568,330.169,11.938,372,0,3794,0,0,16376,0,0,3,20,20,7555,11,5,3.3067,0.24,55000,0,6,65,65.167,4.173,4.702,3.598,,,,1303,0,0,0,0,,0.19,0,0,0,0,0,0,0,0,0,0,0,0,0,0,0,0,0,0,0,0.865,1.243,5.823,0.067,0,kalabalik
1,Run50_AlphaDengeV1,Uyumsuz,bahcivan,standart,100,HA,41,,,990,527,262,33,20,148,347,229,224,138,52,32199,32199,1,0,0,7172,4365,1932,8094,11648,10458,173927,101,9,186.52,3.125,1,1.133,2.198,12,0.777,2.111,57,11.74,1,1,1,1,1,100,100,100,100,100,0,0,0,0,0,21,81,0.521,0.296,2.876,1831,3,203,0,keskin_bicakx3 bilgi_filizix1 kritik_gozx3 altin_hedefx1 nadir_tohumx1 canavar_kesimix1 bereketli_toprakx1 genis_savurusx1,95,0,65,100,300,81,181,29,2,0,4,,0,0,0,0,0,0,0,0,0,0,0.494,495.369,15.231,463,0,4622,0,0,20303,0,0,3,20,20,9055,11,5,3.41,0.24,60000,0,9,65,65.167,2.849,2.465,3.286,,,,1448,0,0,0,0,,0.416,0,0,0,0,0,0,0,0,0,0,0,0,0,0,0,0,0,0,0,1.003,1.48,7.133,0.089,0,kalabalik
1,Run50_AlphaDengeV1,Uyumsuz,bahcivan,standart,100,HA,42,,,1195,656,303,33,17,186,395,307,269,178,46,34330,66529,1,0,0,8606,5531,2032,13790,17178,10420,221162,104,9,186.52,3.125,1,0.972,2.198,12,0.793,2.111,66,12,1,1,1,1,1.03,100,100,100,100,96,0,0,0,0,0.12,30,121,0.63,0.248,2.774,2835,4,207,15,keskin_bicakx3 bilgi_filizix1 kritik_gozx3 altin_hedefx1 nadir_tohumx1 canavar_kesimix1 bereketli_toprakx1 genis_savurusx1,120,0,65,103,309,81,181,38,2,0,4,,0,0,0,0,0,0,0,0,0,0,0.661,528.154,18.385,539,0,4528,0,0,56465,0,0,3,20,20,9055,11,7,3.6575,0.33,65000,0,9,65,65.167,3.563,3.812,3.261,,,,2079,0,0,0,0,,0.179,0,0,0,0,0,0,0,0,0,0,0,0,0,0,0,0,0,0,0,1.139,1.662,9.022,0.108,0,kalabalik
1,Run50_AlphaDengeV1,Uyumsuz,bahcivan,standart,100,HA,43,,,1156,643,304,33,13,163,380,301,256,176,43,34575,101104,1,34575,1,8020,5146,2040,17710,22324,12265,209333,107,9,196.44,3.125,1,0.972,2.198,12,0.793,2.222,66,11.95,1,1,1.01,1,1,100,99,99,99,100,0,0,0.13,0,0,30,121,0.651,0.512,2.774,2835,2,209,0,keskin_bicakx3 bilgi_filizix1 kritik_gozx3 altin_hedefx1 nadir_tohumx1 canavar_kesimix1 bereketli_toprakx1 genis_savurusx1,115,0,65,106,318,90,181,38,2,0,4,,0,0,0,0,0,0,0,0,0,0,0.719,531.923,17.785,513,0,4975,0,0,64798,0,0,3,23,23,9055,12,7,3.6575,0.33,70000,0,9,65,65.167,4.181,4.344,3.975,,,,2164,0,0,0,0,,0.217,0,0,0,0,0,0,0,0,0,0,0,0,0,0,0,0,0,0,0,1.191,1.792,8.642,0.102,1,kalabalik
1,Run50_AlphaDengeV1,Uyumsuz,bahcivan,standart,100,HA,44,,,1267,622,340,55,26,224,424,345,286,168,44,36972,36972,1,0,0,8997,5782,1992,23987,28106,14257,245849,111,12,196.44,3.125,1.3,0.972,2.198,12,0.81,2.222,66,11.91,1,1,1,1,1.04,100,100,100,100,92,0,0,0,0,0.14,30,121,0.638,0.438,2.684,2931,2,211,0,keskin_bicakx3 bilgi_filizix1 kritik_gozx3 altin_hedefx1 nadir_tohumx1 canavar_kesimix1 bereketli_toprakx1 genis_savurusx1 yikim_gucux1,127,0,65,110,330,99,181,38,2,0,4,,0,0,0,0,0,0,0,0,0,0,0.661,568.8,19.492,645,0,5010,0,0,18647,0,0,3,25,25,9055,12,7,3.6575,0.33,78000,0,9,65,65.167,3.865,3.909,3.824,,,,1861,0,0,0,0,,0.391,0,0,0,0,0,0,0,0,0,0,0,0,0,0,0,0,0,0,0,1.103,1.532,5.995,0.095,0,kalabalik
1,Run50_AlphaDengeV1,Uyumsuz,bahcivan,standart,100,HA,45,,,1258,596,411,39,34,178,443,341,273,157,44,35594,72566,1,0,0,9371,5268,2024,33358,33374,16041,251580,114,9,196.44,3.125,1.3,0.972,2.198,12,0.81,2.333,66,11.98,1,1,1,1.01,1,100,100,100,97,100,0,0,0,0.02,0,30,121,0.621,0.446,2.684,2931,1,212,0,keskin_bicakx3 bilgi_filizix1 kritik_gozx3 altin_hedefx1 nadir_tohumx1 canavar_kesimix1 bereketli_toprakx1 genis_savurusx1 yikim_gucux1,128,0,65,113,339,111,181,38,2,0,4,,0,0,0,0,0,0,0,0,0,0,0.645,547.6,19.354,662,0,5352,0,0,30227,0,0,3,27,27,9055,15,7,3.6575,0.33,84000,0,12,65,65.167,4.399,4.829,4.011,,,,1938,0,0,0,0,,0.423,0,0,0,0,0,0,0,0,0,0,0,0,0,0,0,0,0,0,0,1.234,1.914,6.489,0.097,0,kalabalik
1,Run50_AlphaDengeV1,Uyumsuz,bahcivan,standart,100,HA,46,,,1087,576,340,41,27,103,366,301,236,141,43,31608,104174,1,31608,1,7681,4971,1792,38639,38345,17833,238556,117,9,196.44,3.125,1.3,0.972,2.198,12,0.81,2.333,66,11.36,1,1,1,1,1,100,99,100,95,86,0,0,0,0,0,30,121,0.529,0.355,2.684,2931,1,213,0,keskin_bicakx3 bilgi_filizix1 kritik_gozx3 altin_hedefx1 nadir_tohumx1 canavar_kesimix1 bereketli_toprakx1 genis_savurusx1 yikim_gucux1,106,0,65,116,348,120,181,38,2,0,4,,0,0,0,0,0,0,0,0,0,0,0.562,486.277,16.723,511,0,7249,0,0,10783,0,0,3,28,28,9055,17,7,3.6575,0.33,90000,0,9,65,65.167,3.743,3.691,3.802,,,,1443,0,0,0,0,,0.455,0,0,0,0,0,0,0,0,0,0,0,0,0,0,0,0,0,0,0,1.16,1.783,6.212,0.088,0,kalabalik
1,Run50_AlphaDengeV1,Uyumsuz,bahcivan,standart,100,HA,47,,,1274,606,377,36,44,211,400,349,300,170,55,39910,39910,1,0,0,10099,6000,2000,48738,44345,19543,282439,120,9,196.44,3.125,1.3,0.972,2.198,12,0.81,2.444,66,12,1,1.01,1,1.01,1,100,99,100,91,90,0,0.12,0,0.01,0,30,121,0.672,0.529,2.284,3444,1,214,0,keskin_bicakx3 bilgi_filizix1 kritik_gozx3 altin_hedefx1 nadir_tohumx1 canavar_kesimix1 bereketli_toprakx2 genis_savurusx1 yikim_gucux1,129,0,65,119,357,121,189,38,2,0,4,,0,0,0,0,0,0,0,0,0,0,0.669,614,19.6,668,0,7975,0,0,17222,0,0,3,28,28,9055,17,7,3.6575,0.33,97000,0,9,65,65.167,3.943,3.993,3.897,,,,2287,0,0,0,0,,0.215,0,0,0,0,0,0,0,0,0,0,0,0,0,0,0,0,0,0,0,1.196,1.717,6.279,0.102,0,kalabalik
1,Run50_AlphaDengeV1,Uyumsuz,bahcivan,standart,100,HA,48,,,1277,609,395,50,56,167,453,335,265,174,50,37268,77178,1,0,0,9760,5408,2224,58498,49753,21767,274151,122,6,196.44,3.125,1.3,0.972,2.198,12,0.81,2.444,66,12,1,1.01,1,1,1,100,97,99,96,100,0,0.03,0,0,0,30,121,0.664,0.488,2.259,3481,0,214,0,keskin_bicakx3 bilgi_filizix1 kritik_gozx3 altin_hedefx1 nadir_tohumx1 canavar_kesimix1 bereketli_toprakx2 genis_savurusx1 yikim_gucux1,136,0,65,121,363,121,198,38,2,0,4,,0,0,0,0,0,0,0,0,0,0,0.62,573.354,19.646,668,0,8597,0,0,95373,0,0,3,28,28,9055,17,7,3.6575,0.33,100000,0,9,65,65.167,4.034,4.556,3.558,,,,2304,0,0,0,0,,0.248,0,0,0,0,0,0,0,0,0,0,0,0,0,0,0,0,0,0,0,1.186,1.667,6.617,0.105,0,kalabalik
1,Run50_AlphaDengeV1,Uyumsuz,bahcivan,standart,100,HA,49,,,1241,628,344,35,39,195,412,339,266,170,54,38368,115546,1,0,0,9984,5440,1984,68482,55193,23421,270862,125,9,196.44,3.125,1.3,0.972,2.198,12,0.81,2.556,66,12,1,1,1,1,1.03,100,99,100,95,93,0,0,0,0,0.11,30,121,0.677,0.521,2.259,3481,1,215,0,keskin_bicakx3 bilgi_filizix1 kritik_gozx3 altin_hedefx1 nadir_tohumx1 canavar_kesimix1 bereketli_toprakx2 genis_savurusx1 yikim_gucux1,126,0,65,124,372,121,204,38,2,0,4,,0,0,0,0,0,0,0,0,0,0,0.744,590.277,19.092,613,0,8968,0,0,56235,0,0,3,28,28,9055,17,7,3.6575,0.33,110000,0,6,65,65.167,4.128,4.22,4.035,,,,2298,0,0,0,0,,0.263,0,0,0,0,0,0,0,0,0,0,0,0,0,0,0,0,0,0,0,1.149,1.685,6.033,0.101,0,kalabalik
1,Run50_AlphaDengeV1,Uyumsuz,bahcivan,standart,100,HA,50,,,986,461,319,28,45,133,340,255,228,130,33,27384,142930,1,27384,1,6946,4355,1472,75428,59548,24893,217924,127,6,196.44,3.125,1.3,0.972,2.198,12,0.81,2.556,66,9,1,1,1,1.03,1,100,94,99,95,100,0,0,0,0.1,0,30,121,0.744,0.628,2.259,3481,0,215,0,keskin_bicakx3 bilgi_filizix1 kritik_gozx3 altin_hedefx1 nadir_tohumx1 canavar_kesimix1 bereketli_toprakx2 genis_savurusx1 yikim_gucux1,100,0,65,126,378,121,213,38,2,0,4,,0,0,0,0,0,0,0,0,0,0,0.727,421.292,15.169,525,0,9039,0,0,54159,0,0,3,28,28,9055,17,7,3.6575,0.33,110000,0,9,65,65.167,5.433,5.513,5.363,,,,1886,0,0,0,0,,0.289,0,0,0,0,0,0,0,0,0,0,0,0,0,0,0,0,0,0,0,1.063,1.489,6.424,0.089,0,kalabalik
1,Run50_AlphaDengeV1,Uyumsuz,bahcivan,standart,100,HA,50,KAZANDI
2,Run50_AlphaDengeV1,Uyumsuz,bahcivan,standart,101,HA,1,,,13,13,0,0,0,0,12,1,0,0,0,15,15,1,0,0,28,0,0,28,0,0,270,1,0,10,1,1,3,0.9,4,0.3,2,12,2.25,2,3,,,,17,0,,,,3,6,,,,2,4,0.339,0,8,23,0,0,2,,4,0.351,45,0,0,0,0,0,0,0,0,,0,0,0,0,0,0,0,0,0,0,0.75,0.333,0.289,0,0,22,0,0,270,0,0,0,0,0,0,0,0,1,0,390,0,0,45,45.133,4.426,4.426,,,,,0,0,0,0,0,,,0,0,0,0,0,0,0,0,0,0,0,0,0,0,0,0,0,0,0,0.325,0.411,2.176,0.013,0,kalabalik
2,Run50_AlphaDengeV1,Uyumsuz,bahcivan,standart,101,HA,2,,,15,15,0,0,0,0,11,3,1,0,0,30,45,1,0,0,34,4,0,37,4,0,350,2,3,10.67,1,1,3,0.9,4,0.3,2,13,2.85,2.09,2,3,,,0,0,0,,,3.27,3,12,,,3,5,0.479,0,8,28,1,1,1,,5,0.111,45,1,3,0,0,0,0,0,0,,0,0,0,0,0,0,0,0,0,0,0.6,0.667,0.333,0,0,24,0,0,230,0,0,0,0,0,0,0,0,1,0,410,0,0,45,45.133,5.562,5.562,,,,,0,0,0,0,0,,,0,0,0,0,0,0,0,0,0,0,0,0,0,0,0,0,0,0,0,0.332,0.429,1.696,0.012,0,kalabalik
2,Run50_AlphaDengeV1,Uyumsuz,bahcivan,standart,101,HA,3,,,9,9,0,0,0,0,8,1,0,0,0,11,56,1,11,1,20,0,0,23,4,0,204,3,3,11.33,1,1,3,0.9,4,0.3,2,9,2,2,1,,,,0,,,,,4.5,0,,,,4,6,0.221,0,8,34,2,3,1,,4,0.421,45,2,6,3,0,0,2,0,0,,0,0,0,0,0,0,0,0,0,0,0.333,0.244,0.2,0,0,22,0,0,24,0,0,3,1,1,0,1,0,1,0,420,0,3,45,45.133,9.052,9.052,,,,,0,0,0,0,0,,,0,0,0,0,0,0,0,0,0,0,0,0,0,0,0,0,0,0,0,0.33,0.427,1.439,0.011,0,kalabalik
2,Run50_AlphaDengeV1,Uyumsuz,bahcivan,standart,101,HA,4,,,18,16,2,0,0,0,13,4,1,0,0,35,35,1,0,0,42,4,0,45,8,0,472,4,3,11.33,1,1,3,0.9,4,0.3,2,14,2.86,1.55,3.25,4,,,36,0,0,,,2.73,8.25,21,,,5,7,0.613,0.286,7.252,43,0,3,1,nadir_tohumx1,5,0,45,3,9,6,0,0,2,0,4,,0,0,0,0,0,0,0,0,0,0,0.571,0.778,0.4,2,0,28,0,0,76,0,0,3,2,2,0,1,0,1,0,440,0,3,45,45.133,10.011,10.196,8.533,,,,6,0,0,0,0,,0.447,0,0,0,0,0,0,0,0,0,0,0,0,0,0,0,0,0,0,0,0.358,0.487,2.21,0.015,0,kalabalik
2,Run50_AlphaDengeV1,Uyumsuz,bahcivan,standart,101,HA,5,,,19,19,0,0,0,0,11,5,2,1,0,76,111,1,0,0,42,8,2,46,16,2,552,5,3,12,1,1,2.892,0.9,4,0.3,2,15,3.07,1.91,2.2,3.5,3,,18,0,0,0,,4.47,9.83,13.02,23.13,,6,8,0.617,0.25,6.872,52,3,6,1,nadir_tohumx1,5,0,45,4,12,9,0,0,2,0,4,,0,0,0,0,0,0,0,0,0,0,0.625,1.689,0.422,0,0,33,0,0,188,0,0,3,2,2,0,1,0,1,0,470,0,3,45,45.133,11.347,11.347,,,,,0,0,0,0,0,,,0,0,0,0,0,0,0,0,0,0,0,0,0,0,0,0,0,0,0,0.354,0.461,2.111,0.013,0,kalabalik
2,Run50_AlphaDengeV1,Uyumsuz,bahcivan,standart,101,HA,6,,,21,20,1,0,0,0,13,7,1,0,0,44,155,1,44,1,54,4,0,74,20,2,599,6,3,12,1,1,2.892,0.9,4,0.3,2,19,3.42,2.33,3.14,2,,,6,0,0,0,,5.32,15.71,14.47,,,7,9,0.691,0.333,7.005,71,1,7,1,nadir_tohumx1,4,0,55,5,15,9,3,0,2,0,4,,0,0,0,0,0,0,0,0,0,0,0.778,0.8,0.382,1,0,28,0,0,317,0,0,3,2,2,6,1,0,1.0667,0,490,0,3,55,55.133,12.657,12.873,8.333,,,,4,0,0,0,0,,0.44,0,0,0,0,0,0,0,0,0,0,0,0,0,0,0,0,0,0,0,0.362,0.472,1.56,0.013,0,kalabalik
2,Run50_AlphaDengeV1,Uyumsuz,bahcivan,standart,101,HA,7,,,29,27,1,0,0,1,22,3,3,1,0,91,91,1,0,0,56,12,2,64,32,4,803,8,6,12.67,1,1,2.789,0.9,4,0.3,2,19,3.26,1.65,3.33,2.67,1,,26,0,0,,,3.62,11.16,7.44,0,,7,9,0.598,0.111,6.565,75,5,12,0,nadir_tohumx2,5,0.006,55,7,21,9,6,0,2,0,4,,0,0,0,0,0,0,0,0,0,0,0.556,1.655,0.527,2,0,40,0,0,110,0,0,3,2,2,6,1,0,1.0667,0,560,0,3,55,55.133,10.456,10.031,16.2,,,,6,0,0,0,0,,0.259,0,0,0,0,0,0,0,0,0,0,0,0,0,0,0,0,0,0,0,0.37,0.495,2.472,0.013,0,kalabalik
2,Run50_AlphaDengeV1,Uyumsuz,bahcivan,standart,101,HA,8,,,24,24,0,0,0,0,16,5,3,0,0,61,152,1,0,0,57,12,0,79,44,4,690,9,3,13.33,1,1,2.789,0.9,4,0.3,2,19,3.47,2,2.2,3.67,,,12,0,0,,,5.05,5.59,14.87,,,8,10,0.703,0.4,6.2,89,2,14,1,nadir_tohumx2,4,0,55,8,24,15,6,0,2,0,4,,0,0,0,0,0,0,0,0,0,0,0.6,1.109,0.436,0,0,40,0,0,240,0,0,3,2,2,6,2,0,1.0667,0,600,0,6,55,55.133,13.906,13.906,,,,,1,0,0,0,0,,,0,0,0,0,0,0,0,0,0,0,0,0,0,0,0,0,0,0,0,0.413,0.638,7.699,0.017,0,kalabalik
2,Run50_AlphaDengeV1,Uyumsuz,bahcivan,standart,101,HA,9,,,29,28,1,0,0,0,22,4,3,0,0,64,216,1,0,0,64,12,0,70,26,4,785,10,3,14,1,1,2.789,0.9,4,0.3,2,19,3.37,1.9,2.25,1.67,,,18,0,0,0,,5.71,6.28,5.58,,,9,11,0.686,0.455,6.202,98,4,18,1,nadir_tohumx2,5,0,55,9,27,18,6,0,2,0,4,,0,0,0,0,0,0,0,0,0,0,0.818,1.164,0.527,1,0,34,0,0,425,0,0,3,3,3,6,3,0,1.0667,0,640,0,3,55,55.133,15.064,15.499,2.9,,,,3,0,0,0,0,,0.067,0,0,0,0,0,0,0,0,0,0,0,0,0,0,0,0,0,0,0,0.366,0.49,2.438,0.014,0,kalabalik
2,Run50_AlphaDengeV1,Uyumsuz,bahcivan,standart,101,HA,10,,,25,25,0,0,0,0,19,3,2,1,0,78,294,1,78,1,53,8,2,65,34,6,679,11,3,14.67,1,1,2.689,0.9,4,0.3,2,20,3.15,1.84,2.67,3,3,,6,0,0,,,4.96,12.54,10.77,24.2,,10,12,0.577,0.25,6.324,104,3,21,1,nadir_tohumx2,5,0,55,10,30,21,6,0,2,0,4,,0,0,0,0,0,0,0,0,0,0,0.75,1.418,0.455,0,0,37,0,0,464,0,0,3,5,3,6,3,0,1.0667,0,700,0,3,55,55.133,16.129,16.129,,,,,1,0,0,0,0,,,0,0,0,0,0,0,0,0,0,0,0,0,0,0,0,0,0,0,0,0.37,0.492,1.648,0.013,0,kalabalik
2,Run50_AlphaDengeV1,Uyumsuz,bahcivan,standart,101,HA,11,,,51,51,0,0,0,0,33,13,5,0,0,122,122,1,0,0,131,20,0,139,54,6,1424,13,6,15.64,1.25,1,2.592,0.9,4,0.3,2,25,3.68,1.55,1.92,2,,,38,9,0,,,3.61,5.19,7.78,,,11,13,0.632,0.385,6.197,136,2,23,1,nadir_tohumx2 keskin_bicakx1,6,0,65,12,36,24,6,0,2,0,4,,0,0,0,0,0,0,0,0,0,0,0.615,1.877,0.785,0,0,56,0,0,438,0,0,3,5,3,6,3,0,1.0667,0,810,0,3,65,65.167,10.729,10.729,,,,,7,0,0,0,0,,,0,0,0,0,0,0,0,0,0,0,0,0,0,0,0,0,0,0,0,0.383,0.508,2.242,0.014,0,kalabalik
2,Run50_AlphaDengeV1,Uyumsuz,bahcivan,standart,101,HA,12,,,54,48,2,0,0,4,36,14,3,1,0,138,260,1,0,0,178,12,2,191,26,8,1558,15,6,16.36,1.25,1,2.5,0.9,4,0.3,2,26,3.85,1.63,2,2.33,3,,32,7,0,0,,5.55,6.26,9.21,10,,13,16,0.685,0.438,5.935,175,6,29,2,nadir_tohumx2 keskin_bicakx1,8,0,65,14,42,25,11,0,2,0,4,,0,0,0,0,0,0,0,0,0,0,0.75,2.123,0.831,6,0,58,0,0,306,0,0,3,6,4,14,3,0,1.1333,0,950,0,6,65,65.167,11.347,11.351,11.317,,,,14,0,0,0,0,,0.357,0,0,0,0,0,0,0,0,0,0,0,0,0,0,0,0,0,0,0,0.397,0.518,2.115,0.014,0,kalabalik
2,Run50_AlphaDengeV1,Uyumsuz,bahcivan,standart,101,HA,13,,,41,39,1,0,0,1,27,11,3,0,0,97,357,1,97,1,136,12,0,144,38,8,1289,16,3,18.13,1.25,1,2.5,0.9,4,0.3,2,26,4,1.84,2.18,3.67,,,15,0,0,,,7.4,16.36,20,,,15,20,0.782,0.4,5.96,218,5,34,2,nadir_tohumx2 keskin_bicakx1,9,0,65,15,45,25,17,0,2,0,4,,0,0,0,0,0,0,0,0,0,0,1,1.492,0.631,2,0,69,0,0,645,0,0,3,6,6,24,3,0,1.2,0,1000,0,6,65,65.167,21.407,22.099,7.9,,,,8,0,0,0,0,,0.355,0,0,0,0,0,0,0,0,0,0,0,0,0,0,0,0,0,0,0,0.408,0.546,2.206,0.015,0,kalabalik
2,Run50_AlphaDengeV1,Uyumsuz,bahcivan,standart,101,HA,14,,,55,52,1,0,0,2,24,21,9,1,0,229,229,1,0,0,198,36,2,206,49,10,1958,18,6,18.13,1.25,1,2.41,0.9,4,0.42,2,26,4,1.46,1.95,1.75,3,,41,10,0,0,,2.51,9.64,11.75,16.87,,16,21,0.751,0.619,5.992,228,4,38,1,nadir_tohumx2 keskin_bicakx1 kritik_gozx1,9,0,65,17,51,25,20,0,2,0,4,,0,0,0,0,0,0,0,0,0,0,0.905,3.523,0.846,3,0,64,0,0,503,0,0,3,6,6,24,3,0,1.2,0,1200,0,3,65,65.167,19.127,18.428,31.233,,,,11,0,0,0,0,,0.142,0,0,0,0,0,0,0,0,0,0,0,0,0,0,0,0,0,0,0,0.415,0.55,2.151,0.016,0,kalabalik
2,Run50_AlphaDengeV1,Uyumsuz,bahcivan,standart,101,HA,15,,,60,54,3,0,0,3,30,19,9,2,0,241,470,1,0,0,204,36,4,217,55,14,2184,20,6,19.2,1.25,1,2.324,0.935,4,0.42,2,27,4,1.5,1.8,2,1.5,,42,13,0,,0,4.5,7.75,11.95,1.17,,17,23,0.757,0.609,5.779,259,8,46,1,nadir_tohumx2 keskin_bicakx1 kritik_gozx1,10,0,65,19,57,25,26,0,2,0,4,,0,0,0,0,0,0,0,0,0,0,0.826,3.708,0.923,6,0,68,0,0,187,0,0,3,6,6,36,3,0,1.2667,0,1400,0,6,65,65.167,18.909,17.33,33.122,,,,20,0,0,0,0,,0.166,0,0,0,0,0,0,0,0,0,0,0,0,0,0,0,0,0,0,0,0.477,0.647,2.563,0.016,0,kalabalik
2,Run50_AlphaDengeV1,Uyumsuz,bahcivan,standart,101,HA,16,,,56,53,3,0,0,0,34,17,3,1,1,345,815,1,345,1,249,15,2,266,45,16,2024,21,3,20.27,1.25,1,2.24,0.935,4,0.42,2,29,4,1.56,1.94,1.33,,4,35,0,0,0,0,7.14,13.71,0.74,,35.87,19,29,0.686,0.448,5.752,328,6,52,2,nadir_tohumx2 keskin_bicakx1 kritik_gozx1,9,0,65,20,60,31,26,0,2,0,4,,0,0,0,0,0,0,0,0,0,0,0.655,5.308,0.862,3,0,73,0,0,811,0,0,3,10,8,50,3,0,1.3333,0,1500,0,6,65,65.167,20.307,20.448,17.811,,,,19,0,0,0,0,,0.052,0,0,0,0,0,0,0,0,0,0,0,0,0,0,0,0,0,0,0,0.395,0.521,2.13,0.016,0,kalabalik
2,Run50_AlphaDengeV1,Uyumsuz,bahcivan,standart,101,HA,17,,,65,59,3,0,0,3,40,14,8,2,1,413,413,1,0,0,249,40,4,261,85,20,2620,23,6,20.27,1.25,1,2.16,0.97,4,0.54,2,30,4,1.22,2,2.43,2.5,1,64,0,0,0,,1.62,11.96,20.68,18.35,0,22,35,0.821,0.543,5.461,417,6,58,3,nadir_tohumx2 keskin_bicakx1 kritik_gozx2,11,0,65,22,66,34,26,0,2,0,4,,0,0,0,0,0,0,0,0,0,0,0.857,6.354,1,6,0,77,0,0,231,0,0,3,12,10,84,3,0,1.4667,0,1800,0,3,65,65.167,24.081,24.498,19.978,,,,23,0,0,0,0,,0.187,0,0,0,0,0,0,0,0,0,0,0,0,0,0,0,0,0,0,0,0.408,0.541,2.318,0.017,0,kalabalik
2,Run50_AlphaDengeV1,Uyumsuz,bahcivan,standart,101,HA,18,,,119,96,15,0,0,8,66,35,13,5,0,518,931,1,0,0,408,65,10,419,90,30,4842,25,6,24.3,1.25,1,2.16,1.005,6,0.54,2,30,5.97,1.26,1.69,2.27,1.6,,66,16,0,0,,1.64,5.15,12.96,14.26,,21,37,0.731,0.568,5.416,444,5,63,2,nadir_tohumx2 keskin_bicakx1 kritik_gozx2,17,0,65,24,72,40,26,0,2,0,4,,0,0,0,0,0,0,0,0,0,0,0.73,7.969,1.831,23,0,90,0,0,1373,0,0,3,15,11,84,3,0,1.4667,0,2100,0,6,65,65.167,16.501,16.858,15.01,,,,70,0,0,0,0,,0.253,0,0,0,0,0,0,0,0,0,0,0,0,0,0,0,0,0,0,0,0.458,0.614,2.404,0.02,0,kalabalik
2,Run50_AlphaDengeV1,Uyumsuz,bahcivan,standart,101,HA,19,,,115,105,3,4,0,3,64,29,15,6,1,597,1528,1,0,0,366,75,22,405,95,52,4900,27,6,24.3,1.25,1,2.16,1.005,6,0.54,2,30,6,1.31,1.46,1.62,1.83,,53,47,30,0,0,3.95,4.17,6.31,6.49,,20,40,0.783,0.6,5.367,484,3,66,2,nadir_tohumx2 keskin_bicakx1 kritik_gozx2,16,0,65,26,78,46,26,0,2,0,4,,0,0,0,0,0,0,0,0,0,0,0.675,9.185,1.769,10,0,146,0,0,1973,0,0,3,17,14,84,4,0,1.4667,0,2400,0,6,65,65.167,16.71,15.906,25.153,,,,101,0,0,0,0,,0.181,0,0,0,0,0,0,0,0,0,0,0,0,0,0,0,0,0,0,0,0.501,0.666,2.352,0.022,0,kalabalik
2,Run50_AlphaDengeV1,Uyumsuz,bahcivan,standart,101,HA,20,,,139,96,28,3,0,12,70,36,22,9,2,971,2499,1,971,1,426,130,28,426,200,60,6323,30,9,28.62,1.25,1,2.16,1.005,6,0.54,2,30,6,1.21,1.57,1.54,2,2,75,38,18,0,0,1.67,4.83,4.82,7.02,19.43,16,44,0.786,0.523,4.957,577,4,70,3,nadir_tohumx2 keskin_bicakx1 kritik_gozx2,21,0,65,29,87,49,29,0,2,0,4,,0,0,0,0,0,0,0,0,0,0,0.773,14.938,2.138,43,0,177,0,0,496,0,0,3,19,17,104,4,0,1.5333,0,3000,0,6,65,65.167,12.551,11.957,13.876,,,,188,0,0,0,0,,0.226,0,0,0,0,0,0,0,0,0,0,0,0,0,0,0,0,0,0,0,0.588,0.831,2.774,0.024,0,kalabalik
2,Run50_AlphaDengeV1,Uyumsuz,bahcivan,standart,101,HA,21,,,188,118,32,14,3,21,77,51,31,26,3,2005,2005,1,0,0,537,230,62,542,230,122,9733,33,9,29.99,1.25,1,1.778,1.04,6,0.54,2,36,6,1.15,1.48,1.38,2.29,1,70,22,35,0,0,0.66,3.83,2.89,7.24,0,19,48,0.764,0.521,4.871,640,6,76,3,nadir_tohumx2 keskin_bicakx1 kritik_gozx2 hizli_bilekx1,27,0,65,32,96,49,38,0,2,0,4,,0,0,0,0,0,0,0,0,0,0,0.813,30.846,2.892,70,0,177,0,0,629,0,0,3,19,19,125,4,0,1.6,0,3600,0,9,65,65.167,12.419,11.151,14.556,,,,316,0,0,0,0,,0.176,0,0,0,0,0,0,0,0,0,0,0,0,0,0,0,0,0,0,0,0.652,0.895,4.483,0.031,0,kalabalik
2,Run50_AlphaDengeV1,Uyumsuz,bahcivan,standart,101,HA,22,,,198,125,46,4,1,22,101,60,27,8,2,1129,3134,1,0,0,708,185,16,725,185,38,9100,35,6,33.24,1.25,1,1.722,1.075,6,0.54,2,37,6,1.18,1.41,1.64,2,2,65,29,10,0,0,1.11,2.12,4.55,6.89,7.73,20,49,0.758,0.51,4.925,647,6,82,1,nadir_tohumx2 keskin_bicakx1 kritik_gozx2 hizli_bilekx1,28,0,65,34,102,49,47,0,2,0,4,,0,0,0,0,0,0,0,0,0,0,0.714,17.369,3.046,73,0,190,0,0,2229,0,0,3,19,19,125,4,0,1.6,0,4100,0,9,65,65.167,12.065,10.79,14.249,,,,278,0,0,0,0,,0.215,0,0,0,0,0,0,0,0,0,0,0,0,0,0,0,0,0,0,0,0.636,0.926,3.204,0.03,0,kalabalik
2,Run50_AlphaDengeV1,Uyumsuz,bahcivan,standart,101,HA,23,,,177,109,43,9,0,16,84,52,29,10,2,1315,4449,1,1315,1,654,174,30,694,229,68,8379,37,6,38.16,1.25,1,1.722,1.11,6,0.54,2,37,6,1.15,1.54,1.85,2,2.5,66,30,11,11,0,0.81,4.18,4.37,6.88,9.47,22,61,0.69,0.459,5.045,786,5,87,5,nadir_tohumx2 keskin_bicakx1 kritik_gozx2 hizli_bilekx1,26,0,65,36,108,55,47,0,2,0,4,,0,0,0,0,0,0,0,0,0,0,0.852,20.231,2.723,68,0,229,0,0,2108,0,0,3,19,19,125,5,0,1.6,0,4700,0,6,65,65.167,11.397,11.121,11.84,,,,229,0,0,0,0,,0.177,0,0,0,0,0,0,0,0,0,0,0,0,0,0,0,0,0,0,0,0.559,0.797,6.65,0.031,0,kalabalik
2,Run50_AlphaDengeV1,Uyumsuz,bahcivan,standart,101,HA,24,,,277,92,145,16,0,24,99,83,58,29,8,3457,3457,1,0,0,891,431,147,985,607,175,14300,40,9,39.82,1.25,1,1.722,1.11,6,0.54,2,37,6,1.15,1.4,1.84,2.17,2.5,57,27,8,0,0,0.56,1.31,5.44,5.88,9.48,27,78,0.754,0.462,5.135,987,4,91,8,nadir_tohumx2 keskin_bicakx1 kritik_gozx2 hizli_bilekx1 artci_patlamax1,42,0,65,39,117,61,47,0,2,0,4,artci_patlama@R23,32,32,0,277,100,0,0,0,0,0,0.641,53.185,4.262,85,0,237,0,0,1408,0,0,3,21,21,125,5,0,1.6,0,5600,0,6,65,65.167,14.528,13.032,10.371,,,19.438,340,0,0,0,0,,0.192,0,0,0,0,0,0,0,0,0,0,0,0,0,0,0,0,0,0,0,0.681,1.176,19.192,0.034,0,kalabalik
2,Run50_AlphaDengeV1,Uyumsuz,bahcivan,standart,101,HA,25,,,282,102,136,23,1,20,93,91,64,29,5,3472,6929,1,0,0,948,516,106,1133,519,151,14978,42,6,43.38,1.25,1,1.668,1.145,6,0.54,2,38,6,1.19,1.45,1.54,2.2,4,68,30,15,0,0,0.41,2.69,2.08,8,13.33,23,81,0.768,0.383,4.852,1085,8,99,5,nadir_tohumx2 keskin_bicakx1 kritik_gozx2 hizli_bilekx1 artci_patlamax1,44,0,65,41,123,70,47,0,2,0,4,artci_patlama@R23,32,32,0,295,95,0,0,0,0,0,0.778,53.415,4.338,85,0,224,0,0,4886,0,0,3,22,22,125,6,0,1.6,0,6300,0,9,65,65.167,9.116,10.176,7.849,,,9.112,401,0,0,0,0,,0.123,0,0,0,0,0,0,0,0,0,0,0,0,0,0,0,0,0,0,0,0.769,1.304,9.896,0.036,0,kalabalik
2,Run50_AlphaDengeV1,Uyumsuz,bahcivan,standart,101,HA,26,,,242,82,133,12,2,13,111,54,52,19,6,2836,9765,1,2836,1,737,480,132,955,909,283,12215,44,6,43.38,1.25,1,1.616,1.265,6,0.54,2,40,4,1.1,1.41,1.61,1.67,1,67,17,0,0,,0.36,1.71,3.41,4.58,0,23,81,0.808,0.605,4.814,1094,7,106,0,nadir_tohumx2 keskin_bicakx1 kritik_gozx2 hizli_bilekx1 artci_patlamax1,38,0,65,43,129,76,47,0,2,0,4,artci_patlama@R23,31,31,0,281,92,0,0,0,0,0,0.704,43.631,3.723,68,0,255,0,0,4201,0,0,3,25,25,125,6,0,1.6,0,7000,0,6,65,65.167,18.319,14.593,13.406,,,25.271,326,0,0,0,0,,0.175,0,0,0,0,0,0,0,0,0,0,0,0,0,0,0,0,0,0,0,0.813,1.412,5.391,0.034,0,kalabalik
2,Run50_AlphaDengeV1,Uyumsuz,bahcivan,standart,101,HA,27,,,280,113,126,11,1,29,98,71,67,33,11,5161,5161,1,0,0,1248,580,202,1263,609,485,15150,46,6,49.54,1.25,1,1.616,1.265,6,0.66,2,40,6,1.09,1.39,1.52,2.2,1.67,68,21,4,0,0,0.39,1.27,2.39,9.21,6.19,23,81,0.778,0.444,4.696,1121,5,111,0,nadir_tohumx2 keskin_bicakx1 kritik_gozx3 hizli_bilekx1 artci_patlamax1,48,0,65,45,135,81,48,0,2,0,4,artci_patlama@R23,30,30,0,243,90,0,0,0,0,0,0.79,79.4,4.308,77,0,294,0,0,4951,0,0,3,29,29,125,6,0,1.6,0,7800,0,6,65,65.167,12.567,12.229,11.541,,,13.869,405,0,0,0,0,,0.134,0,0,0,0,0,0,0,0,0,0,0,0,0,0,0,0,0,0,0,0.751,1.337,7.569,0.039,0,kalabalik
2,Run50_AlphaDengeV1,Uyumsuz,bahcivan,standart,101,HA,28,,,358,123,177,26,4,28,145,100,75,34,4,4300,9461,1,0,0,1357,852,140,1545,1361,560,18310,48,6,53.29,1.25,1,1.565,1.315,6,0.66,2,41,6,1.02,1.36,1.43,2,1.67,82,24,9,8,0,0.1,1.44,1.87,5.22,2.61,23,81,0.73,0.494,4.647,1133,7,118,0,nadir_tohumx2 keskin_bicakx1 kritik_gozx3 hizli_bilekx1 artci_patlamax1,56,0,65,47,141,81,54,0,2,0,4,artci_patlama@R23,44,44,0,373,125,0,0,0,0,0,0.716,66.154,5.508,110,0,298,0,0,7261,0,0,3,29,29,125,6,0,1.6,0,8600,0,6,65,65.167,9.643,7.632,9.689,,,11.582,517,0,0,0,0,,0.151,0,0,0,0,0,0,0,0,0,0,0,0,0,0,0,0,0,0,0,0.778,1.369,5.885,0.041,0,kalabalik
2,Run50_AlphaDengeV1,Uyumsuz,bahcivan,standart,101,HA,29,,,365,138,165,27,3,32,135,101,78,39,12,5926,15387,1,0,0,1640,1002,180,1725,1283,740,20109,51,9,56.1,1.25,1,1.516,1.365,6,0.66,2,42,6,1.05,1.21,1.55,1.67,1.4,86,50,10,7,0,0.09,0.82,3.76,3.79,1.82,23,81,0.731,0.506,4.622,1139,6,124,0,nadir_tohumx2 keskin_bicakx1 kritik_gozx3 hizli_bilekx1 artci_patlamax1,48,0,65,50,150,81,60,0,2,0,4,artci_patlama@R23,45,45,0,343,96,0,0,0,0,0,0.741,91.169,5.615,131,0,337,0,0,270,0,0,3,29,29,575,6,0,1.6667,0,10000,0,6,65,65.167,8.315,8.635,7.733,,,8.65,516,0,0,0,0,,0.145,0,0,0,0,0,0,0,0,0,0,0,0,0,0,0,0,0,0,0,0.781,1.37,4.888,0.044,0,kalabalik
2,Run50_AlphaDengeV1,Uyumsuz,bahcivan,standart,101,HA,30,,,334,121,145,28,1,39,126,86,70,42,10,6110,21497,1,6110,1,1394,753,244,1594,856,904,18497,52,3,60.05,1.25,1,1.516,1.365,6,0.693,2,42,6,1.05,1.26,1.52,1.75,2.4,72,37,17,6,0,0.14,0.59,2.36,3.5,6.07,23,81,0.763,0.42,4.488,1173,8,132,0,nadir_tohumx2 keskin_bicakx1 kritik_gozx3 hizli_bilekx1 artci_patlamax1,54,0,65,51,153,81,69,0,2,0,4,artci_patlama@R23,40,40,0,333,95,0,0,0,0,0,0.741,94,5.138,118,0,354,0,0,8767,0,0,3,29,29,575,6,0,1.6667,0,10000,0,9,65,65.167,9.673,8.586,10.116,,,10.505,507,0,0,0,0,,0.155,0,0,0,0,0,0,0,0,0,0,0,0,0,0,0,0,0,0,0,0.737,1.311,4.252,0.043,0,kalabalik
2,Run50_AlphaDengeV1,Uyumsuz,bahcivan,standart,101,HA,31,,,488,184,221,25,3,55,189,129,102,52,16,8667,8667,1,0,0,1960,1155,370,2354,1901,1274,27064,55,9,65.98,1.25,1,1.516,1.365,6,0.693,2,42,7.83,1.04,1.21,1.25,1.5,2.67,85,69,44,32,14,0.1,0.92,1.17,3.5,7.59,23,81,0.664,0.333,4.488,1173,2,134,0,nadir_tohumx2 keskin_bicakx1 kritik_gozx3 hizli_bilekx1 artci_patlamax1 hasat_ritmix1,72,0,65,54,162,81,72,0,2,0,4,artci_patlama@R23 hasat_ritmi@R30,73,73,0,378,127,13,13,0,0,0,0.617,133.338,7.508,177,0,570,0,0,2831,0,0,3,29,29,575,6,0,1.6667,0,12000,0,3,65,65.167,10.713,6.068,16.14,,,9.879,675,0,0,0,0,,0.155,0,0,0,0,0,0,0,0,0,0,0,0,0,0,0,0,0,0,0,0.833,1.566,24.078,0.051,0,kalabalik
2,Run50_AlphaDengeV1,Uyumsuz,bahcivan,standart,101,HA,32,,,623,231,309,19,3,61,219,181,116,70,37,13841,22508,1,0,0,3062,1644,640,3356,1665,1819,37143,58,9,69.27,1.25,1,1.468,1.415,9,0.693,2,44,10,1.02,1.1,1.31,1.5,2,89,64,50,28,0,0.08,0.27,1.01,1.86,4.89,23,81,0.589,0.235,4.358,1208,9,143,0,nadir_tohumx2 keskin_bicakx1 kritik_gozx3 hizli_bilekx1 artci_patlamax1 hasat_ritmix1,75,0,65,57,171,81,81,0,2,0,4,artci_patlama@R23 hasat_ritmi@R30,105,105,0,474,191,16,16,0,0,0,0.457,212.938,9.585,201,0,721,0,0,1974,0,0,3,29,29,1165,6,0,1.7333,0,14000,0,9,65,65.167,7.58,4.744,11.009,,,7.4,779,0,0,0,0,,0.182,0,0,0,0,0,0,0,0,0,0,0,0,0,0,0,0,0,0,0,0.898,1.679,7.701,0.059,0,kalabalik
2,Run50_AlphaDengeV1,Uyumsuz,bahcivan,standart,101,HA,33,,,564,253,216,23,4,68,207,162,118,60,17,10788,33296,1,10788,1,2872,1368,400,3318,1433,2219,32497,60,6,83.44,1.25,1,1.468,1.415,9,0.693,2,44,9.5,1.02,1.12,1.21,1.68,1.5,94,68,51,43,22,0.05,0.38,0.72,2.11,3.43,23,81,0.446,0.136,4.358,1208,6,149,0,nadir_tohumx2 keskin_bicakx1 kritik_gozx3 hizli_bilekx1 artci_patlamax1 hasat_ritmix1,67,0.003,65,59,177,81,90,0,2,0,4,artci_patlama@R23 hasat_ritmi@R30,89,89,0,307,129,17,16,0,0,0,0.358,165.969,8.677,182,0,898,0,0,6471,0,0,3,29,29,1165,6,0,1.7333,0,15000,0,9,65,65.167,5.246,6.195,4.882,,,3.887,687,0,0,0,0,,0.281,0,0,0,0,0,0,0,0,0,0,0,0,0,0,0,0,0,0,0,0.864,1.495,6.088,0.059,0,kalabalik
2,Run50_AlphaDengeV1,Uyumsuz,bahcivan,standart,101,HA,34,,,717,283,330,21,4,79,262,186,142,92,35,17063,17063,1,0,0,3502,2038,715,3560,2961,2824,44350,63,9,83.44,1.25,1,1.422,1.465,9,0.71,2.75,45,10.02,1.02,1.04,1.21,1.3,1.25,92,84,58,41,38,0.06,0.09,0.79,1.58,1.42,23,81,0.54,0.321,4.192,1256,8,157,0,nadir_tohumx2 keskin_bicakx1 kritik_gozx3 hizli_bilekx1 artci_patlamax1 hasat_ritmix1 agir_darbex1,71,0,65,62,186,81,96,0,2,0,4,artci_patlama@R23 hasat_ritmi@R30,108,108,0,519,202,17,18,0,0,0,0.494,262.508,11.031,232,0,1200,0,0,3821,0,0,3,29,29,1895,6,0,1.8,0,17000,0,6,65,65.167,3.682,3.567,3.52,,,4.032,869,0,0,0,0,,0.278,0,0,0,0,0,0,0,0,0,0,0,0,0,0,0,0,0,0,0,0.908,1.658,5.504,0.057,0,kalabalik
2,Run50_AlphaDengeV1,Uyumsuz,bahcivan,standart,101,HA,35,,,777,323,345,20,4,85,261,199,179,107,31,18210,35273,1,0,0,3755,2372,710,4465,2993,3534,49115,65,6,94.04,1.25,1,1.377,1.515,9,0.71,2.75,47,10.17,1,1.04,1.14,1.13,1.2,93,85,75,62,36,0,0.17,0.49,0.43,0.55,23,81,0.523,0.247,4.09,1287,6,163,0,nadir_tohumx2 keskin_bicakx1 kritik_gozx3 hizli_bilekx1 artci_patlamax1 hasat_ritmix1 agir_darbex1,82,0,65,64,192,81,105,0,2,0,4,artci_patlama@R23 hasat_ritmi@R30,134,134,0,547,205,21,21,0,0,0,0.481,280.154,11.954,249,0,1200,0,0,17936,0,0,3,29,29,1895,6,0,1.8,0,18000,0,9,65,65.167,3.595,3.275,4.44,,,3.055,978,0,0,0,0,,0.268,0,0,0,0,0,0,0,0,0,0,0,0,0,0,0,0,0,0,0,0.995,1.884,6.839,0.068,0,kalabalik
2,Run50_AlphaDengeV1,Uyumsuz,bahcivan,standart,101,HA,36,,,656,252,298,27,2,77,241,165,161,61,28,15490,50763,1,15490,1,3816,2277,410,3951,2600,3819,41258,68,9,98.13,1.25,1,1.377,1.565,9,0.727,2.75,47,8.15,1.03,1.06,1.12,1.31,1.23,93,83,73,58,25,0.1,0.23,0.39,2.65,0.95,23,81,0.602,0.309,3.98,1323,11,174,0,nadir_tohumx2 keskin_bicakx1 kritik_gozx3 hizli_bilekx1 artci_patlamax1 hasat_ritmix1 agir_darbex1,78,0,65,67,201,81,111,0,2,0,4,artci_patlama@R23 hasat_ritmi@R30,105,105,0,469,166,17,17,0,0,0,0.457,238.308,10.092,238,0,1455,0,0,2194,0,0,3,29,29,2755,6,0,1.8667,0,21000,0,6,65,65.167,3.952,3.61,4.728,,,3.353,859,0,0,0,0,,0.245,0,0,0,0,0,0,0,0,0,0,0,0,0,0,0,0,0,0,0,0.91,1.697,6.67,0.061,0,kalabalik
2,Run50_AlphaDengeV1,Uyumsuz,bahcivan,standart,101,HA,37,,,847,352,349,32,5,109,283,240,187,102,35,21036,21036,1,0,0,4740,2621,741,4771,2931,4560,56888,70,6,109.63,1.25,1,1.377,1.565,9,0.727,2.75,47,10.4,1.01,1.06,1.05,1,1.14,91,87,82,85,50,0.05,0.18,0.18,0,0.49,23,81,0.554,0.21,3.836,1372,5,179,0,nadir_tohumx2 keskin_bicakx1 kritik_gozx3 hizli_bilekx1 artci_patlamax1 hasat_ritmix1 agir_darbex1 altin_hedefx1,84,0,65,69,207,81,120,0,2,0,4,artci_patlama@R23 hasat_ritmi@R30,126,126,0,529,214,22,22,0,0,0,0.42,323.631,13.031,281,0,1934,0,0,16082,0,0,3,29,29,3755,6,0,1.9333,0,22000,0,9,65,65.167,3.602,3.189,4.441,,,3.177,1093,0,0,0,0,,0.257,0,0,0,0,0,0,0,0,0,0,0,0,0,0,0,0,0,0,0,0.973,1.654,5.315,0.067,0,kalabalik
2,Run50_AlphaDengeV1,Uyumsuz,bahcivan,standart,101,HA,38,,,870,373,365,22,4,106,291,252,179,102,46,23906,44942,1,0,0,5695,2380,964,5966,2911,5384,58438,73,9,121.72,1.25,1,1.377,1.615,9,0.727,2.75,47,10.4,1,1.02,1,1.11,1.04,94,93,84,74,63,0,0.04,0,0.26,0.16,23,81,0.528,0.272,3.836,1372,6,185,0,nadir_tohumx2 keskin_bicakx1 kritik_gozx3 hizli_bilekx1 artci_patlamax1 hasat_ritmix1 agir_darbex1 altin_hedefx1,92,0,65,72,216,81,126,0,2,0,4,artci_patlama@R23 hasat_ritmi@R30,152,152,0,517,224,23,22,0,0,0,0.333,367.785,13.385,273,0,1553,0,0,5520,0,0,3,29,29,3755,6,0,1.9333,0,25000,0,6,65,65.167,3.518,3.242,3.546,,,3.942,1153,0,0,0,0,,0.254,0,0,0,0,0,0,0,0,0,0,0,0,0,0,0,0,0,0,0,0.998,1.738,6.011,0.071,0,kalabalik
2,Run50_AlphaDengeV1,Uyumsuz,bahcivan,standart,101,HA,39,,,868,348,404,31,4,81,307,231,205,98,27,20360,65302,1,0,0,4610,2666,792,4696,4807,6176,61687,75,6,121.72,1.25,1,1.377,1.665,9,0.76,2.75,47,10.4,1.03,1.02,1.02,1.04,1.18,96,82,88,80,56,0.13,0.03,0.03,0.27,0.63,23,81,0.535,0.235,3.777,1394,8,193,0,nadir_tohumx2 keskin_bicakx1 kritik_gozx3 hizli_bilekx1 artci_patlamax1 hasat_ritmix1 agir_darbex1 altin_hedefx1,85,0,65,74,222,81,135,0,2,0,4,artci_patlama@R23 hasat_ritmi@R30,142,142,0,557,225,22,23,0,0,0,0.432,313.231,13.354,295,0,2523,0,0,16207,0,0,3,29,29,6155,6,0,2.0667,0,27000,0,9,65,65.167,3.386,2.897,4.398,,,2.814,1204,0,0,0,0,,0.261,0,0,0,0,0,0,0,0,0,0,0,0,0,0,0,0,0,0,0,1.007,1.76,6.017,0.071,0,kalabalik
2,Run50_AlphaDengeV1,Uyumsuz,bahcivan,standart,101,HA,40,,,794,322,364,23,2,83,273,206,180,108,27,20126,85428,1,20126,1,4005,2669,861,4301,5576,6882,59265,77,6,134.4,1.25,1,1.377,1.665,9,0.76,2.75,47,10.28,1.01,1.14,1.05,1.14,1.13,95,70,76,70,70,0.01,0.46,0.23,0.98,0.46,23,81,0.541,0.247,3.777,1394,4,197,0,nadir_tohumx2 keskin_bicakx1 kritik_gozx3 hizli_bilekx1 artci_patlamax1 hasat_ritmix1 agir_darbex1 altin_hedefx1,88,0,65,76,228,81,141,0,2,0,4,artci_patlama@R23 hasat_ritmi@R30,150,150,0,663,224,20,20,0,0,0,0.556,309.631,12.215,248,0,1977,0,0,20472,0,0,3,29,29,7555,6,0,2.1333,0,29000,0,6,65,65.167,3.458,3.554,3.827,,,2.911,1250,0,0,0,0,,0.211,0,0,0,0,0,0,0,0,0,0,0,0,0,0,0,0,0,0,0,1.062,2.036,7.253,0.076,0,kalabalik
2,Run50_AlphaDengeV1,Uyumsuz,bahcivan,standart,101,HA,41,,,928,394,415,15,2,102,294,282,222,92,38,23979,23979,1,0,0,5290,3357,817,5771,8933,7549,70083,80,9,142.4,2,1,1.377,1.665,9,0.777,2.861,47,10.47,1,1,1,1.02,1.04,98,98,99,92,94,0,0,0,0.03,0.05,23,81,0.493,0.222,3.768,1397,3,200,0,nadir_tohumx2 keskin_bicakx1 kritik_gozx3 hizli_bilekx1 artci_patlamax1 hasat_ritmix1 agir_darbex1 altin_hedefx1 canavar_kesimix1,95,0,65,79,237,81,147,0,2,0,4,artci_patlama@R23 hasat_ritmi@R30,178,178,0,571,234,24,23,0,0,0,0.605,368.908,14.277,300,0,3202,0,0,555,0,0,3,29,29,7555,6,0,2.1333,0,32000,0,6,65,65.167,2.712,2.48,3.228,,,2.44,1246,0,0,0,0,,0.279,0,0,0,0,0,0,0,0,0,0,0,0,0,0,0,0,0,0,0,1.082,1.927,8.239,0.082,0,kalabalik
2,Run50_AlphaDengeV1,Uyumsuz,bahcivan,standart,101,HA,42,,,958,404,397,14,7,136,306,295,207,115,35,23986,47965,1,0,0,5430,3246,960,5601,12179,6439,71656,82,6,150.4,2,1,1.377,1.665,9,0.777,2.861,47,10.47,1,1.02,1.01,1.02,1,100,93,95,92,100,0,0.08,0.08,0.05,0,26,104,0.559,0.288,3.924,1723,4,204,8,nadir_tohumx2 keskin_bicakx1 kritik_gozx3 hizli_bilekx1 artci_patlamax1 hasat_ritmix1 agir_darbex1 altin_hedefx1 canavar_kesimix1,96,0,65,81,243,81,156,0,2,0,4,artci_patlama@R23 hasat_ritmi@R30,142,142,0,668,258,22,23,0,0,0,0.452,369.015,14.738,296,0,3396,0,0,7211,0,0,3,29,29,7555,6,0,2.1333,0,34000,0,9,65,65.167,3.334,2.816,3.875,,,3.525,1276,0,0,0,0,,0.273,0,0,0,0,0,0,0,0,0,0,0,0,0,0,0,0,0,0,0,1.094,1.937,6.558,0.083,0,kalabalik
2,Run50_AlphaDengeV1,Uyumsuz,bahcivan,standart,101,HA,43,,,715,378,204,22,8,103,253,186,152,94,30,18849,66814,1,18849,1,3970,2391,852,5221,14570,7096,55438,83,3,150.4,2,1,1.377,1.665,9,0.793,2.972,47,8.81,1.01,1.02,1,1.03,1.06,97,95,100,90,75,0.01,0.21,0,0.07,0.09,33,121,0.674,0.388,4.162,1890,4,208,7,nadir_tohumx2 keskin_bicakx1 kritik_gozx3 hizli_bilekx1 artci_patlamax1 hasat_ritmix1 agir_darbex1 altin_hedefx1 canavar_kesimix1,79,0,65,82,246,87,156,0,2,0,4,artci_patlama@R23 hasat_ritmi@R30,84,84,0,474,129,23,22,0,0,0,0.62,289.985,11,208,0,5659,0,0,28649,0,0,3,30,30,9055,8,0,2.2,0,35000,0,6,65,65.167,3.836,3.628,4.201,,,3.853,1177,0,0,0,0,,0.082,0,0,0,0,0,0,0,0,0,0,0,0,0,0,0,0,0,0,0,1.045,2.024,8.559,0.074,1,kalabalik
2,Run50_AlphaDengeV1,Uyumsuz,bahcivan,standart,101,HA,44,,,1295,597,516,24,10,148,417,364,304,159,51,32210,32210,1,0,0,7375,4458,1452,7976,19028,8548,101850,86,9,158.4,2,1,1.377,2.198,12,0.81,2.972,47,16.57,1,1,1,1,1.04,100,96,99,97,92,0,0,0,0,0.39,33,121,0.431,0.215,4.11,1914,2,210,0,nadir_tohumx2 keskin_bicakx1 kritik_gozx3 hizli_bilekx1 artci_patlamax1 hasat_ritmix1 agir_darbex1 altin_hedefx1 canavar_kesimix1 genis_savurusx1,122,0,65,85,255,90,156,0,2,0,4,artci_patlama@R23 hasat_ritmi@R30,252,252,0,755,254,23,24,0,0,0,0.355,495.538,19.923,444,0,3684,0,0,21499,0,0,3,30,30,9055,8,0,2.2,0,39000,0,3,65,65.167,4.828,3.554,6.678,,,4.59,2045,0,0,0,0,,0.166,0,0,0,0,0,0,0,0,0,0,0,0,0,0,0,0,0,0,0,1.355,2.45,27.917,0.108,0,kalabalik
2,Run50_AlphaDengeV1,Uyumsuz,bahcivan,standart,101,HA,45,,,1281,605,506,17,12,141,435,342,284,169,51,33169,65379,1,0,0,6880,4236,1644,12656,23264,9952,100521,89,9,158.4,2,1,1.377,2.198,12,0.81,3.083,47,16.34,1,1,1.01,1,1,98,97,98,95,91,0,0,0.03,0,0,33,121,0.462,0.207,3.953,1990,2,212,0,nadir_tohumx2 keskin_bicakx1 kritik_gozx3 hizli_bilekx1 artci_patlamax1 hasat_ritmix1 agir_darbex1 altin_hedefx1 canavar_kesimix1 genis_savurusx1,123,0,65,88,264,99,156,0,2,0,4,artci_patlama@R23 hasat_ritmi@R30,213,213,0,741,265,24,23,0,0,0,0.331,510.292,19.708,411,0,3926,0,0,2020,0,0,3,31,31,9055,8,0,2.2,0,42000,0,9,65,65.167,2.865,2.176,3.633,,,3.248,2014,0,0,0,0,,0.188,0,0,0,0,0,0,0,0,0,0,0,0,0,0,0,0,0,0,0,1.301,2.397,9.482,0.102,0,kalabalik
2,Run50_AlphaDengeV1,Uyumsuz,bahcivan,standart,101,HA,46,,,1270,618,512,19,6,115,420,348,279,176,47,32496,97875,1,32496,1,7265,4197,1494,17521,27461,11446,99894,91,6,158.4,2,1,1.377,2.198,12,0.81,3.083,47,16.45,1,1.02,1,1.01,1.03,98,97,98,86,96,0,0.09,0,0.01,0.16,33,121,0.478,0.273,3.953,1990,1,213,0,nadir_tohumx2 keskin_bicakx1 kritik_gozx3 hizli_bilekx1 artci_patlamax1 hasat_ritmix1 agir_darbex1 altin_hedefx1 canavar_kesimix1 genis_savurusx1,121,0,65,90,270,108,156,0,2,0,4,artci_patlama@R23 hasat_ritmi@R30,227,227,0,1038,296,23,24,0,1,0,0.421,499.938,19.538,356,0,6573,0,0,15914,0,0,3,35,35,9055,8,0,2.2,0,45000,0,9,65,65.167,2.895,2.673,3.106,,,3.102,2071,0,0,0,0,,0.172,0,0,0,0,0,0,0,0,0,0,0,0,0,0,0,0,0,0,0,1.408,2.843,12.567,0.106,0,kalabalik
2,Run50_AlphaDengeV1,Uyumsuz,bahcivan,standart,101,HA,47,,,1312,590,528,25,10,159,442,381,289,149,51,32023,32023,1,0,0,7885,4524,1182,25406,31985,12338,101601,93,6,158.4,2,1,1.377,2.198,12,0.81,3.194,47,16.17,1,1.02,1.01,1.04,1.06,99,96,99,94,88,0,0.05,0.02,0.12,0.17,33,121,0.573,0.256,3.295,2387,1,214,0,nadir_tohumx2 keskin_bicakx1 kritik_gozx3 hizli_bilekx1 artci_patlamax1 hasat_ritmix1 agir_darbex1 altin_hedefx1 canavar_kesimix1 genis_savurusx1 bereketli_toprakx1,129,0,65,92,276,114,156,0,2,0,4,artci_patlama@R23 hasat_ritmi@R30,232,232,0,922,305,24,23,0,0,0,0.545,492.662,20.185,417,0,7010,0,0,26515,0,0,3,35,35,9055,8,0,2.2,0,48000,0,6,65,65.167,3.206,2.771,3.504,,,3.644,2170,0,0,0,0,,0.226,0,0,0,0,0,0,0,0,0,0,0,0,0,0,0,0,0,0,0,1.439,2.694,10.574,0.109,0,kalabalik
2,Run50_AlphaDengeV1,Uyumsuz,bahcivan,standart,101,HA,48,,,1262,586,494,25,4,153,416,358,295,147,46,31367,63390,1,0,0,7850,4266,1146,33256,36251,13484,98577,95,6,158.4,2,1,1.377,2.198,12,0.81,3.194,47,16.51,1,1.01,1.02,1.04,1.04,99,97,93,94,100,0,0.08,0.13,0.13,0.25,33,121,0.582,0.322,3.295,2387,0,214,0,nadir_tohumx2 keskin_bicakx1 kritik_gozx3 hizli_bilekx1 artci_patlamax1 hasat_ritmix1 agir_darbex1 altin_hedefx1 canavar_kesimix1 genis_savurusx1 bereketli_toprakx1,118,0,65,94,282,120,156,0,2,0,4,artci_patlama@R23 hasat_ritmi@R30,243,243,0,905,276,23,24,0,45,0,0.496,482.569,19.415,400,0,6943,0,0,28092,0,0,3,36,36,9055,9,0,2.2,0,51000,0,6,65,65.167,3.495,3.231,3.724,,,3.724,2272,0,0,0,0,,0.235,0,0,0,0,0,0,0,0,0,0,0,0,0,0,0,0,0,0,0,1.419,2.757,10.901,0.109,0,kalabalik
2,Run50_AlphaDengeV1,Uyumsuz,bahcivan,standart,101,HA,49,,,1239,588,490,24,18,119,416,347,275,142,59,32877,96267,1,0,0,7225,4047,1512,40481,40298,14666,98308,97,6,158.4,2,1,1.377,2.198,12,0.81,3.306,47,16.26,1.01,1.01,1.02,1.01,1.06,97,92,96,90,92,0.02,0.02,0.06,0.03,0.25,33,121,0.581,0.24,3.295,2387,1,215,0,nadir_tohumx2 keskin_bicakx1 kritik_gozx3 hizli_bilekx1 artci_patlamax1 hasat_ritmix1 agir_darbex1 altin_hedefx1 canavar_kesimix1 genis_savurusx1 bereketli_toprakx1,122,0,65,96,288,121,161,0,2,0,4,artci_patlama@R23 hasat_ritmi@R30,217,217,0,916,276,24,23,0,22,0,0.603,505.8,19.062,375,0,7001,0,0,23400,0,0,3,36,36,9055,9,0,2.2,0,54000,0,6,65,65.167,3.652,2.925,4.717,,,3.753,2242,0,0,0,0,,0.243,0,0,0,0,0,0,0,0,0,0,0,0,0,0,0,0,0,0,0,1.37,2.691,9.84,0.108,0,kalabalik
2,Run50_AlphaDengeV1,Uyumsuz,bahcivan,standart,101,HA,50,,,1170,563,480,18,11,98,388,341,258,139,44,29153,125420,1,29153,1,6525,3957,1230,47006,44255,15896,92006,99,6,158.4,2,1,1.377,2.198,12,0.81,3.306,47,15.13,1,1.05,1.01,1.03,1,98,90,94,92,100,0,0.22,0.02,0.14,0,33,121,0.622,0.314,3.277,2400,0,215,0,nadir_tohumx2 keskin_bicakx1 kritik_gozx3 hizli_bilekx1 artci_patlamax1 hasat_ritmix1 agir_darbex1 altin_hedefx1 canavar_kesimix1 genis_savurusx1 bereketli_toprakx1,116,0,65,98,294,121,167,0,2,0,4,artci_patlama@R23 hasat_ritmi@R30,225,225,0,1149,283,23,24,0,36,0,0.364,448.508,18,324,0,6862,0,0,6406,0,0,3,36,36,9055,9,0,2.2,0,57000,0,6,65,65.167,4.337,3.659,5.684,,,4.145,2411,0,0,0,0,,0.074,0,0,0,0,0,0,0,0,0,0,0,0,0,0,0,0,0,0,0,1.393,2.928,10.535,0.106,0,kalabalik
2,Run50_AlphaDengeV1,Uyumsuz,bahcivan,standart,101,HA,50,KAZANDI
3,Run50_AlphaDengeV1,Uyumsuz,bahcivan,standart,102,HA,1,,,13,13,0,0,0,0,10,3,0,0,0,19,19,1,0,0,32,0,0,32,0,0,290,1,0,10,1,1,3,0.9,4,0.3,2,13,2.08,1.8,2.67,,,,36,0,,,,2.4,5,,,,2,4,0.346,0,8,23,0,0,2,,4,0.203,45,0,0,0,0,0,0,0,0,,0,0,0,0,0,0,0,0,0,0,1,0.422,0.289,0,0,22,0,0,290,0,0,0,0,0,0,0,0,1,0,390,0,0,45,45.133,4.215,4.215,,,,,0,0,0,0,0,,,0,0,0,0,0,0,0,0,0,0,0,0,0,0,0,0,0,0,0,0.342,0.432,2.384,0.014,0,kalabalik
3,Run50_AlphaDengeV1,Uyumsuz,bahcivan,standart,102,HA,2,,,18,18,0,0,0,0,14,3,1,0,0,33,52,1,0,0,40,4,0,40,4,0,410,2,3,11.33,1,1,3,0.9,4,0.3,2,14,2.36,1.57,2.67,3,,,38,0,0,,,1.93,5,9,,,3,5,0.391,0,8,28,2,2,1,,4,0.11,45,1,3,0,0,0,0,0,0,,0,0,0,0,0,0,0,0,0,0,0.2,0.733,0.4,0,0,26,0,0,310,0,0,0,0,0,0,0,0,1,0,410,0,0,45,45.133,4.88,4.88,,,,,0,0,0,0,0,,,0,0,0,0,0,0,0,0,0,0,0,0,0,0,0,0,0,0,0,0.346,0.441,1.689,0.013,0,kalabalik
3,Run50_AlphaDengeV1,Uyumsuz,bahcivan,standart,102,HA,3,,,18,16,2,0,0,0,15,1,2,0,0,38,90,1,38,1,34,8,0,34,12,0,410,3,3,11.33,1,1,3,0.9,4,0.3,2,14,2.79,1.77,2,3,,,22,,0,,,2.31,12,9,,,4,7,0.494,0.143,8,39,0,2,1,,4,0.052,45,2,6,3,0,0,2,0,3,,0,0,0,0,0,0,0,0,0,0,0.857,0.844,0.4,2,0,24,0,0,310,0,0,3,3,3,0,0,0,1,0,420,0,3,45,45.133,6.659,6.808,5.467,,,,10,0,0,0,0,,0.269,0,0,0,0,0,0,0,0,0,0,0,0,0,0,0,0,0,0,0,0.363,0.463,1.506,0.012,0,kalabalik
3,Run50_AlphaDengeV1,Uyumsuz,bahcivan,standart,102,HA,4,,,27,15,12,0,0,0,22,3,1,1,0,84,84,1,0,0,56,4,2,57,16,2,620,5,6,11.33,1.25,1,3,0.9,4,0.3,2,14,2.86,1.5,2.5,3,,,42,33,,,,2.25,4.5,9,,,5,8,0.413,0.125,7.804,46,2,4,1,keskin_bicakx1,7,0.226,45,4,12,6,0,0,2,0,3,,0,0,0,0,0,0,0,0,0,0,0.375,1.867,0.6,12,0,32,0,0,70,0,0,3,4,4,0,0,0,1,0,470,0,3,45,45.133,6.585,7.133,5.9,,,,17,0,0,0,0,,0.3,0,0,0,0,0,0,0,0,0,0,0,0,0,0,0,0,0,0,0,0.377,0.48,2.01,0.013,0,kalabalik
3,Run50_AlphaDengeV1,Uyumsuz,bahcivan,standart,102,HA,5,,,29,22,7,0,0,0,25,3,1,0,0,52,136,1,0,0,62,4,0,78,20,2,713,6,3,12,1.25,1,2.892,0.9,4,0.3,2,15,3.13,1.53,1.5,2,,,43,0,0,0,,2.59,4.33,8.7,,,6,9,0.457,0.111,7.804,52,3,7,1,keskin_bicakx1,6,0.179,45,5,15,9,3,0,2,0,3,,0,0,0,0,0,0,0,0,0,0,0.556,1.156,0.644,7,0,34,0,0,313,0,0,3,5,5,6,1,0,1.0667,0,490,0,6,45,45.133,5.656,6.232,3.848,,,,16,0,0,0,0,,0.385,0,0,0,0,0,0,0,0,0,0,0,0,0,0,0,0,0,0,0,0.373,0.495,2.096,0.013,0,kalabalik
3,Run50_AlphaDengeV1,Uyumsuz,bahcivan,standart,102,HA,6,,,27,21,6,0,0,0,19,5,2,1,0,93,229,1,93,1,58,8,2,59,28,4,726,8,6,13.33,1.25,1,2.789,0.9,4,0.3,2,18,2.39,1.47,2,2,,,44,0,0,,,1.3,5.59,5.57,,,6,9,0.238,0,7.613,65,6,13,0,keskin_bicakx1,5,0.473,55,7,21,9,6,0,2,0,3,,0,0,0,0,0,0,0,0,0,0,0.111,1.691,0.491,6,0,38,0,0,29,0,0,3,5,5,6,1,0,1.0667,0,560,0,3,55,55.133,5.472,5.263,6.2,,,,12,0,0,0,0,,0.326,0,0,0,0,0,0,0,0,0,0,0,0,0,0,0,0,0,0,0,0.375,0.512,1.609,0.013,0,kalabalik
3,Run50_AlphaDengeV1,Uyumsuz,bahcivan,standart,102,HA,7,,,44,36,8,0,0,0,34,9,1,0,0,97,97,1,0,0,113,4,0,121,32,4,1111,9,3,13.33,1.563,1,2.789,0.9,4,0.3,2,19,3.11,1.22,1.63,2,,,64,17,0,,,0.82,4.19,2.77,,,7,11,0.449,0.091,7.412,82,1,14,1,keskin_bicakx2,7,0.001,55,8,24,15,6,0,2,0,3,,0,0,0,0,0,0,0,0,0,0,0.455,1.764,0.8,8,0,48,0,0,580,0,0,3,5,5,6,2,0,1.0667,0,600,0,6,55,55.133,4.744,4.826,4.375,,,,30,0,0,0,0,,0.224,0,0,0,0,0,0,0,0,0,0,0,0,0,0,0,0,0,0,0,0.391,0.527,2.555,0.014,0,kalabalik
3,Run50_AlphaDengeV1,Uyumsuz,bahcivan,standart,102,HA,8,,,46,37,5,0,0,4,39,5,2,0,0,93,190,1,0,0,103,8,0,104,40,4,1154,11,6,13.33,1.563,1,2.789,0.9,4,0.3,2,19,3.74,1.38,1.33,1.5,,,39,17,0,,,3.14,0.93,6.97,,,10,17,0.653,0.294,6.962,134,0,14,3,keskin_bicakx2,8,0,55,10,30,18,6,0,2,0,3,,0,0,0,0,0,0,0,0,0,0,0.588,1.691,0.836,9,0,48,0,0,494,0,0,3,5,5,6,3,0,1.0667,0,700,0,3,55,55.133,10.454,11.159,7.552,,,,27,0,0,0,0,,0.262,0,0,0,0,0,0,0,0,0,0,0,0,0,0,0,0,0,0,0,0.389,0.529,2.169,0.015,0,kalabalik
3,Run50_AlphaDengeV1,Uyumsuz,bahcivan,standart,102,HA,9,,,59,45,11,0,0,3,43,11,5,0,0,178,368,1,0,0,141,20,0,141,30,4,1598,13,6,14,1.563,1,2.689,0.9,4,0.3,2,20,3.9,1.23,1.43,1.33,,,54,17,0,,,1.84,6.14,3.59,,,11,19,0.623,0.368,6.849,153,5,19,1,keskin_bicakx2,9,0,55,12,36,24,6,0,2,0,3,,0,0,0,0,0,0,0,0,0,0,0.526,3.236,1.073,14,0,50,0,0,642,0,0,3,8,5,6,4,0,1.0667,0,810,0,6,55,55.133,11.505,11.161,12.61,,,,42,0,0,0,0,,0.204,0,0,0,0,0,0,0,0,0,0,0,0,0,0,0,0,0,0,0,0.403,0.554,2.14,0.016,0,kalabalik
3,Run50_AlphaDengeV1,Uyumsuz,bahcivan,standart,102,HA,10,,,53,45,7,0,0,1,36,11,6,0,0,172,540,1,172,1,163,24,0,164,54,4,1516,15,6,15.64,1.563,1,2.592,0.9,4,0.3,2,21,4,1.41,1.6,2.33,,,37,33,20,0,,2.77,6.48,14.27,,,13,22,0.687,0.455,6.869,176,5,24,2,keskin_bicakx2,9,0,55,14,42,25,11,0,2,0,3,,0,0,0,0,0,0,0,0,0,0,0.636,3.127,0.964,8,0,56,0,0,468,0,0,3,8,6,6,4,0,1.0667,0,950,0,6,55,55.133,15.577,16.243,11.833,,,,35,0,0,0,0,,0.234,0,0,0,0,0,0,0,0,0,0,0,0,0,0,0,0,0,0,0,0.415,0.553,2.782,0.015,0,kalabalik
3,Run50_AlphaDengeV1,Uyumsuz,bahcivan,standart,102,HA,11,,,88,68,17,0,0,3,58,22,6,2,0,336,336,1,0,0,284,24,4,285,38,8,2706,18,9,17.38,1.953,1,2.5,0.9,4,0.3,2,26,4,1.08,1.23,1.8,2,,85,24,0,0,,0.78,2.32,10.5,13.75,,16,25,0.635,0.4,6.803,239,7,31,3,keskin_bicakx3,15,0,65,17,51,25,17,0,2,0,3,,0,0,0,0,0,0,0,0,0,0,0.64,5.169,1.354,20,0,78,0,0,124,0,0,3,8,8,14,4,0,1.1333,0,1200,0,6,65,65.167,11.913,12.949,8.392,,,,46,0,0,0,0,,0.27,0,0,0,0,0,0,0,0,0,0,0,0,0,0,0,0,0,0,0,0.427,0.598,2.155,0.015,0,kalabalik
3,Run50_AlphaDengeV1,Uyumsuz,bahcivan,standart,102,HA,12,,,109,88,17,0,0,4,83,22,4,0,0,263,599,1,0,0,381,16,0,400,29,8,3394,20,6,19.2,1.953,1,2.324,0.9,4,0.3,2,27,4,1.06,1.06,1,,,85,73,,,,1.37,1.89,0,,,16,25,0.564,0.36,6.46,252,12,43,0,keskin_bicakx3,16,0,65,19,57,25,26,0,2,0,3,,0,0,0,0,0,0,0,0,0,0,0.68,4.046,1.677,21,0,105,0,0,1018,0,0,3,8,8,36,4,0,1.2667,0,1400,0,9,65,65.167,8.403,8.388,8.463,,,,87,0,0,0,0,,0.326,0,0,0,0,0,0,0,0,0,0,0,0,0,0,0,0,0,0,0,0.482,0.678,5.009,0.019,0,kalabalik
3,Run50_AlphaDengeV1,Uyumsuz,bahcivan,standart,102,HA,13,,,100,91,8,0,0,1,84,10,6,0,0,243,842,1,243,1,312,30,0,339,59,8,3303,22,6,23.08,1.953,1,2.16,0.97,4,0.3,2,30,3.6,1,1.5,2,,,100,36,0,,,0,5.4,10.79,,,16,25,0.382,0.12,6.243,260,11,54,0,keskin_bicakx3,14,0.013,65,21,63,25,32,0,2,0,3,,0,0,0,0,0,0,0,0,0,0,0.44,3.738,1.538,9,0,102,0,0,1421,0,0,3,8,8,50,4,0,1.3333,0,1700,0,6,65,65.167,7.229,7.486,4.622,,,,23,0,0,0,0,,0.307,0,0,0,0,0,0,0,0,0,0,0,0,0,0,0,0,0,0,0,0.42,0.563,2.411,0.016,0,kalabalik
3,Run50_AlphaDengeV1,Uyumsuz,bahcivan,standart,102,HA,14,,,170,142,21,0,0,7,115,39,11,4,1,702,702,1,0,0,579,55,16,584,59,24,7001,26,12,24.3,1.953,1,2.16,1.005,6,0.3,2,30,5.87,1,1.24,1.78,1.67,2,100,59,11,0,0,0,1.64,5.28,1.44,6.5,15,25,0.426,0.24,5.885,276,10,64,1,keskin_bicakx3 nadir_tohumx1,20,0,65,25,75,25,38,0,2,0,3,,0,0,0,0,0,0,0,0,0,0,0.24,10.8,2.615,28,0,131,0,0,922,0,0,3,8,8,104,4,0,1.5333,0,2200,0,6,65,65.167,4.178,4.249,3.815,,,,98,0,0,0,0,,0.336,0,0,0,0,0,0,0,0,0,0,0,0,0,0,0,0,0,0,0,0.439,0.623,3.003,0.02,0,kalabalik
3,Run50_AlphaDengeV1,Uyumsuz,bahcivan,standart,102,HA,15,,,178,142,25,0,1,10,116,37,15,9,1,890,1592,1,0,0,570,95,18,583,129,42,8919,29,9,24.3,1.953,1,2.16,1.04,6,0.3,2,30,5.97,1.05,1.17,1.25,1.63,2,91,68,58,40,0,0.69,1.44,2.34,4.87,8.63,23,49,0.65,0.122,5.967,534,2,66,10,keskin_bicakx3 nadir_tohumx1,25,0.007,65,28,84,37,38,0,2,0,3,,0,0,0,0,0,0,0,0,0,0,0.673,13.692,2.738,36,0,191,0,0,2641,0,0,3,9,9,125,6,0,1.6,0,2800,0,12,65,65.167,8.662,9.269,6.266,,,,116,0,0,0,0,,0.308,0,0,0,0,0,0,0,0,0,0,0,0,0,0,0,0,0,0,0,0.489,0.698,3.381,0.023,0,kalabalik
3,Run50_AlphaDengeV1,Uyumsuz,bahcivan,standart,102,HA,16,,,202,131,57,0,4,10,85,59,40,15,3,2135,3727,1,2135,1,654,240,30,777,284,52,12142,33,12,28.62,1.953,1,2.16,1.04,6,0.3,2,30,6,1,1.23,1.15,1.27,2,100,63,50,40,0,0,1.73,1.16,0.78,6.5,18,49,0.661,0.429,5.669,562,5,71,3,keskin_bicakx3 nadir_tohumx1,26,0,65,32,96,46,38,0,2,0,3,,0,0,0,0,0,0,0,0,0,0,0.633,32.846,3.108,71,0,245,0,0,2383,0,0,3,11,11,125,6,0,1.6,0,3600,0,9,65,65.167,7.196,6.668,8.171,,,,250,0,0,0,0,,0.338,0,0,0,0,0,0,0,0,0,0,0,0,0,0,0,0,0,0,0,0.547,0.826,4.92,0.026,0,kalabalik
3,Run50_AlphaDengeV1,Uyumsuz,bahcivan,standart,102,HA,17,,,228,155,56,5,3,9,95,58,36,31,8,5287,5287,1,0,0,723,238,107,750,309,139,15764,37,12,34.76,1.953,1,2.026,1.075,6,0.3,2,32,6,1,1.05,1,1.09,1.14,100,78,95,73,80,0,0.37,0,0.62,1.45,15,49,0.647,0.469,5.412,589,8,79,2,keskin_bicakx3 nadir_tohumx1 altin_hedefx1,26,0,65,36,108,49,47,0,2,0,3,,0,0,0,0,0,0,0,0,0,0,0.714,81.338,3.508,73,0,375,0,0,2147,0,0,3,12,12,125,6,0,1.6,0,4700,0,12,65,65.167,9.473,9.665,9.066,,,,223,0,0,0,0,,0.357,0,0,0,0,0,0,0,0,0,0,0,0,0,0,0,0,0,0,0,0.679,1.045,3.166,0.026,0,kalabalik
3,Run50_AlphaDengeV1,Uyumsuz,bahcivan,standart,102,HA,18,,,224,158,47,0,4,15,92,57,47,23,5,4610,9897,1,0,0,663,305,76,748,339,215,15099,40,9,39.82,1.953,1,2.026,1.11,6,0.3,2,32,6,1,1.05,1,1.11,1.25,100,92,97,70,60,0,0.2,0,1.24,6.08,15,49,0.658,0.367,5.384,592,7,86,0,keskin_bicakx3 nadir_tohumx1 altin_hedefx1,27,0,65,39,117,49,59,0,2,0,3,,0,0,0,0,0,0,0,0,0,0,0.612,70.923,3.446,66,0,495,0,0,2246,0,0,3,12,12,125,6,0,1.6,0,5600,0,12,65,65.167,9.262,9.568,8.527,,,,199,0,0,0,0,,0.404,0,0,0,0,0,0,0,0,0,0,0,0,0,0,0,0,0,0,0,0.631,0.943,3.475,0.026,0,kalabalik
3,Run50_AlphaDengeV1,Uyumsuz,bahcivan,standart,102,HA,19,,,245,163,49,1,5,27,96,70,53,20,6,4453,14350,1,0,0,852,421,50,1025,735,125,16125,43,9,39.82,1.953,1,1.962,1.145,6,0.3,2,33,6,1,1.09,1,1,1,100,84,90,62,75,0,0.61,0,0,0,17,62,0.693,0.371,5.403,746,5,91,5,keskin_bicakx3 nadir_tohumx1 altin_hedefx1,27,0,65,42,126,49,68,0,2,0,3,,0,0,0,0,0,0,0,0,0,0,0.645,68.508,3.769,82,0,544,0,0,571,0,0,3,12,12,125,6,0,1.6,0,6600,0,9,65,65.167,9.008,9.148,8.729,,,,260,0,0,0,0,,0.33,0,0,0,0,0,0,0,0,0,0,0,0,0,0,0,0,0,0,0,0.61,0.878,3.644,0.027,0,kalabalik
3,Run50_AlphaDengeV1,Uyumsuz,bahcivan,standart,102,HA,20,,,230,161,51,2,5,11,79,73,53,21,4,3587,17937,1,3587,1,904,371,74,1029,503,119,17421,45,6,43.38,1.953,1,1.962,1.145,6,0.3,2,33,6,1,1.06,1.03,1.13,1,100,86,95,60,100,0,0.55,0.74,1.72,0,21,81,0.678,0.395,5.221,1008,6,97,9,keskin_bicakx3 nadir_tohumx1 altin_hedefx1,26,0,65,44,132,58,68,0,2,0,3,,0,0,0,0,0,0,0,0,0,0,0.568,55.185,3.538,69,0,577,0,0,4392,0,0,3,14,14,125,8,0,1.6,0,7400,0,9,65,65.167,12.619,12.849,12.083,,,,201,0,0,0,0,,0.39,0,0,0,0,0,0,0,0,0,0,0,0,0,0,0,0,0,0,0,0.561,0.792,2.444,0.027,0,kalabalik
3,Run50_AlphaDengeV1,Uyumsuz,bahcivan,standart,102,HA,21,,,271,180,72,0,4,15,113,66,55,32,5,4556,4556,1,0,0,957,385,118,1081,888,237,18883,47,6,46.93,1.953,1,1.901,1.23,6,0.3,2,34,6,1,1.09,1,1,1.2,100,78,100,100,80,0,0.65,0,0,1.9,21,81,0.747,0.531,5.221,1008,5,102,0,keskin_bicakx3 nadir_tohumx1 altin_hedefx2,34,0,65,46,138,64,68,0,2,0,3,,0,0,0,0,0,0,0,0,0,0,0.704,70.092,4.169,91,0,1006,0,0,8075,0,0,3,17,17,125,8,0,1.6,0,8200,0,6,65,65.167,10.087,8.277,13.668,,,,248,0,0,0,0,,0.407,0,0,0,0,0,0,0,0,0,0,0,0,0,0,0,0,0,0,0,0.648,0.966,4.749,0.03,0,kalabalik
3,Run50_AlphaDengeV1,Uyumsuz,bahcivan,standart,102,HA,22,,,282,184,64,0,16,18,96,77,62,37,10,6208,10764,1,0,0,1198,542,123,1209,805,360,22630,50,9,49.54,1.953,1,1.841,1.265,6,0.3,2,35,6,1,1.07,1,1,1,100,80,100,100,83,0,1.01,0,0,0,21,81,0.741,0.531,5.19,1014,6,108,0,keskin_bicakx3 nadir_tohumx1 altin_hedefx2,36,0,65,49,147,70,68,0,2,0,3,,0,0,0,0,0,0,0,0,0,0,0.716,95.508,4.338,98,0,1031,0,0,4905,0,0,3,20,20,125,9,0,1.6,0,9500,0,6,65,65.167,11.505,10.026,14.283,,,,277,0,0,0,0,,0.428,0,0,0,0,0,0,0,0,0,0,0,0,0,0,0,0,0,0,0,0.629,0.913,2.991,0.029,0,kalabalik
3,Run50_AlphaDengeV1,Uyumsuz,bahcivan,standart,102,HA,23,,,213,122,81,0,5,5,82,54,44,29,4,4355,15119,1,4355,1,912,416,87,1141,541,447,16741,52,6,53.29,1.953,1,1.841,1.315,6,0.3,2,35,4,1,1.12,1,1,1,100,77,100,100,100,0,1.14,0,0,0,21,81,0.802,0.654,5.064,1040,6,114,0,keskin_bicakx3 nadir_tohumx1 altin_hedefx2,24,0,65,51,153,79,68,0,2,0,3,,0,0,0,0,0,0,0,0,0,0,0.79,67,3.277,91,0,1083,0,0,2146,0,0,3,23,23,125,9,0,1.6,0,10000,0,9,65,65.167,14.356,14.333,14.387,,,,237,0,0,0,0,,0.434,0,0,0,0,0,0,0,0,0,0,0,0,0,0,0,0,0,0,0,0.631,0.885,3.008,0.026,0,kalabalik
3,Run50_AlphaDengeV1,Uyumsuz,bahcivan,standart,102,HA,24,,,316,185,97,0,16,18,123,78,56,46,13,6688,6688,1,0,0,1260,660,216,1291,741,663,26088,54,6,53.29,1.953,1,1.783,1.365,6,0.42,2,36,6,1,1.06,1,1,1,100,87,100,96,88,0,0.49,0,0,0,21,81,0.727,0.543,4.911,1072,5,119,0,keskin_bicakx3 nadir_tohumx1 altin_hedefx2 kritik_gozx1,34,0,65,53,159,81,72,0,2,0,3,,0,0,0,0,0,0,0,0,0,0,0.716,102.892,4.862,131,0,1137,0,0,7234,0,0,3,23,23,575,10,0,1.6667,0,12000,0,6,65,65.167,12.966,12.993,12.929,,,,356,0,0,0,0,,0.378,0,0,0,0,0,0,0,0,0,0,0,0,0,0,0,0,0,0,0,0.692,1.013,3.352,0.031,0,kalabalik
3,Run50_AlphaDengeV1,Uyumsuz,bahcivan,standart,102,HA,25,,,306,186,89,0,11,20,118,67,67,41,13,7425,14113,1,0,0,1350,648,194,1376,669,807,24416,56,6,60.05,1.953,1,1.783,1.365,6,0.42,2,36,6,1,1.13,1,1,1,100,75,100,100,100,0,1.28,0,0,0,21,81,0.736,0.519,4.911,1072,6,125,0,keskin_bicakx3 nadir_tohumx1 altin_hedefx2 kritik_gozx1,34,0,65,55,165,81,78,0,2,0,3,,0,0,0,0,0,0,0,0,0,0,0.704,114.231,4.708,120,0,1277,0,0,7650,0,0,3,23,23,575,10,0,1.6667,0,13000,0,6,65,65.167,12.396,10.112,15.936,,,,317,0,0,0,0,,0.409,0,0,0,0,0,0,0,0,0,0,0,0,0,0,0,0,0,0,0,0.642,0.95,4.643,0.033,0,kalabalik
3,Run50_AlphaDengeV1,Uyumsuz,bahcivan,standart,102,HA,26,,,301,198,50,13,20,20,109,74,70,38,10,8060,22173,1,8060,1,1110,752,194,1286,1331,1001,23735,58,6,65.98,1.953,1,1.783,1.365,6,0.42,2,36,6,1,1.03,1,1,1.1,100,76,100,100,83,0,0.49,0,0,1.78,21,81,0.57,0.37,4.911,1072,2,127,0,keskin_bicakx3 nadir_tohumx1 altin_hedefx2 kritik_gozx1,32,0,65,57,171,81,84,0,2,0,3,,0,0,0,0,0,0,0,0,0,0,0.457,124,4.631,103,0,1371,0,0,5385,0,0,3,23,23,575,10,0,1.6667,0,14000,0,6,65,65.167,22.248,14.829,36.51,,,,318,0,0,0,0,,0.381,0,0,0,0,0,0,0,0,0,0,0,0,0,0,0,0,0,0,0,0.604,0.877,2.864,0.03,0,kalabalik
3,Run50_AlphaDengeV1,Uyumsuz,bahcivan,standart,102,HA,27,,,477,291,123,11,11,41,170,142,97,57,11,10461,10461,1,0,0,2383,808,310,2459,909,1311,38010,61,9,65.98,3.125,1,1.727,1.415,9,0.42,2,37,9,1,1,1,1,1,100,100,100,100,100,0,0,0,0,0,21,81,0.606,0.395,4.911,1072,5,132,0,keskin_bicakx3 nadir_tohumx1 altin_hedefx2 kritik_gozx1 canavar_kesimix1,49,0,65,60,180,81,90,0,2,0,3,,0,0,0,0,0,0,0,0,0,0,0.605,160.938,7.338,186,0,2294,0,0,395,0,0,3,23,23,575,10,0,1.6667,0,16000,0,6,65,65.167,6.393,7.184,5.157,,,,666,0,0,0,0,,0.318,0,0,0,0,0,0,0,0,0,0,0,0,0,0,0,0,0,0,0,0.705,1.079,8.265,0.046,0,kalabalik
3,Run50_AlphaDengeV1,Uyumsuz,bahcivan,standart,102,HA,28,,,472,297,104,9,14,48,186,143,84,47,12,10320,20781,1,0,0,2330,939,237,2479,958,1483,37640,63,6,73.42,3.125,1,1.727,1.415,9,0.437,2,37,9,1,1,1,1,1,100,100,100,100,100,0,0,0,0,0,21,81,0.605,0.395,4.911,1072,7,139,0,keskin_bicakx3 nadir_tohumx1 altin_hedefx2 kritik_gozx1 canavar_kesimix1,48,0,65,62,186,81,99,0,2,0,3,,0,0,0,0,0,0,0,0,0,0,0.704,158.769,7.262,175,0,2563,0,0,6035,0,0,3,23,23,1165,10,0,1.7333,0,17000,0,9,65,65.167,6.757,6.973,6.39,,,,588,0,0,0,0,,0.374,0,0,0,0,0,0,0,0,0,0,0,0,0,0,0,0,0,0,0,0.672,1.011,3.574,0.042,0,kalabalik
3,Run50_AlphaDengeV1,Uyumsuz,bahcivan,standart,102,HA,29,,,500,294,124,15,19,48,183,151,99,45,22,12281,33062,1,0,0,2840,1215,232,2859,1633,1715,40016,65,6,79.64,3.125,1,1.673,1.465,9,0.437,2,38,9,1,1,1,1,1,100,100,100,100,100,0,0,0,0,0,21,81,0.611,0.395,4.687,1123,5,144,0,keskin_bicakx3 nadir_tohumx1 altin_hedefx2 kritik_gozx1 canavar_kesimix1,58,0,65,64,192,81,105,0,2,0,3,,0,0,0,0,0,0,0,0,0,0,0.605,188.938,7.692,206,0,2658,0,0,11051,0,0,3,23,23,1165,10,0,1.7333,0,18000,0,6,65,65.167,6.562,6.128,7.182,,,,660,0,0,0,0,,0.354,0,0,0,0,0,0,0,0,0,0,0,0,0,0,0,0,0,0,0,0.702,1.049,3.799,0.042,0,kalabalik
3,Run50_AlphaDengeV1,Uyumsuz,bahcivan,standart,102,HA,30,,,469,294,106,10,15,44,172,124,112,47,14,11467,44529,1,11467,1,2345,1245,264,2449,1278,1899,39034,67,6,83.44,3.125,1,1.673,1.515,9,0.453,2,38,9,1,1.03,1,1,1,100,94,100,100,100,0,0.42,0,0,0,21,81,0.633,0.432,4.687,1123,8,152,0,keskin_bicakx3 nadir_tohumx1 altin_hedefx2 kritik_gozx1 canavar_kesimix1,56,0,65,66,198,81,111,0,2,0,3,,0,0,0,0,0,0,0,0,0,0,0.63,176.415,7.215,175,0,2888,0,0,13085,0,0,3,23,23,1895,10,0,1.8,0,20000,0,6,65,65.167,6.874,6.637,7.273,,,,681,0,0,0,0,,0.22,0,0,0,0,0,0,0,0,0,0,0,0,0,0,0,0,0,0,0,0.691,1.068,5.536,0.042,0,kalabalik
3,Run50_AlphaDengeV1,Uyumsuz,bahcivan,standart,102,HA,31,,,693,421,155,26,23,68,254,194,130,87,28,18868,18868,1,0,0,3612,1539,546,3651,1627,2445,57476,70,9,89.96,3.125,1,1.171,1.515,9,0.453,2,55,8.95,1,1,1,1,1,100,100,100,100,100,0,0,0,0,0,21,81,0.521,0.321,4.463,1180,5,157,0,keskin_bicakx3 nadir_tohumx1 altin_hedefx2 kritik_gozx1 canavar_kesimix1 firtina_bilegix1,68,0,65,69,207,81,117,0,2,0,3,,0,0,0,0,0,0,0,0,0,0,0.506,290.277,10.662,272,0,3153,0,0,7561,0,0,3,23,23,1895,10,0,1.8,0,22000,0,6,65,65.167,4.262,4.645,3.667,,,,909,0,0,0,0,,0.396,0,0,0,0,0,0,0,0,0,0,0,0,0,0,0,0,0,0,0,0.808,1.225,3.732,0.054,0,kalabalik
3,Run50_AlphaDengeV1,Uyumsuz,bahcivan,standart,102,HA,32,,,703,441,159,21,19,63,256,170,164,85,28,20574,39442,1,0,0,3631,2302,535,3972,2609,2885,63229,73,9,94.04,3.125,1,1.134,1.515,9,0.47,2,57,8.77,1,1,1,1,1,100,100,100,100,100,0,0,0,0,0,21,81,0.494,0.309,4.463,1180,8,165,0,keskin_bicakx3 nadir_tohumx1 altin_hedefx2 kritik_gozx1 canavar_kesimix1 firtina_bilegix1,67,0,65,72,216,81,126,0,2,0,3,,0,0,0,0,0,0,0,0,0,0,0.37,316.523,10.815,262,0,3283,0,0,1790,0,0,3,23,23,2755,10,0,1.8667,0,25000,0,9,65,65.167,3.718,3.942,3.341,,,,985,0,0,0,0,,0.28,0,0,0,0,0,0,0,0,0,0,0,0,0,0,0,0,0,0,0,0.826,1.263,4.242,0.057,0,kalabalik
3,Run50_AlphaDengeV1,Uyumsuz,bahcivan,standart,102,HA,33,,,593,417,108,8,29,31,229,160,119,68,17,14330,53772,1,14330,1,3436,1284,480,3658,1293,3365,50812,75,6,105.24,3.125,1,1.134,1.565,9,0.47,2,57,8.19,1,1,1,1,1,100,100,100,100,100,0,0,0,0,0,21,81,0.378,0.16,4.355,1209,6,171,0,keskin_bicakx3 nadir_tohumx1 altin_hedefx2 kritik_gozx1 canavar_kesimix1 firtina_bilegix1,60,0,65,74,222,81,135,0,2,0,3,,0,0,0,0,0,0,0,0,0,0,0.395,220.462,9.123,176,0,3652,0,0,1602,0,0,3,23,23,3755,10,0,1.9333,0,27000,0,9,65,65.167,3.507,3.382,3.804,,,,664,0,0,0,0,,0.418,0,0,0,0,0,0,0,0,0,0,0,0,0,0,0,0,0,0,0,0.791,1.136,3.397,0.05,0,kalabalik
3,Run50_AlphaDengeV1,Uyumsuz,bahcivan,standart,102,HA,34,,,755,441,188,17,22,87,280,206,160,76,33,21809,21809,1,0,0,4420,2172,545,4808,2825,3800,68550,77,6,105.24,3.125,1,1.134,1.615,9,0.487,2,57,8.98,1,1,1,1,1,100,100,100,100,100,0,0,0,0,0,21,81,0.532,0.37,3.709,1420,7,178,0,keskin_bicakx3 nadir_tohumx1 altin_hedefx2 kritik_gozx1 canavar_kesimix1 firtina_bilegix1 bereketli_toprakx1,77,0,65,76,228,81,141,0,2,0,3,,0,0,0,0,0,0,0,0,0,0,0.543,335.523,11.615,314,0,3721,0,0,15152,0,0,3,23,23,3755,10,0,1.9333,0,29000,0,6,65,65.167,3.562,3.895,3.094,,,,1151,0,0,0,0,,0.257,0,0,0,0,0,0,0,0,0,0,0,0,0,0,0,0,0,0,0,0.846,1.236,6.601,0.06,0,kalabalik
3,Run50_AlphaDengeV1,Uyumsuz,bahcivan,standart,102,HA,35,,,752,432,209,19,20,72,316,191,151,67,27,18851,40660,1,0,0,4240,1884,590,5248,2419,4390,68759,79,6,117.04,3.125,1,1.134,1.615,9,0.487,2,57,8.98,1,1,1,1,1,100,100,100,100,100,0,0,0,0,0,21,81,0.542,0.395,3.619,1455,4,182,0,keskin_bicakx3 nadir_tohumx1 altin_hedefx2 kritik_gozx1 canavar_kesimix1 firtina_bilegix1 bereketli_toprakx1,74,0,65,78,234,81,147,0,2,0,3,,0,0,0,0,0,0,0,0,0,0,0.568,290.015,11.569,320,0,4179,0,0,24911,0,0,3,23,23,4855,10,0,2,0,31000,0,6,65,65.167,3.765,4.107,3.304,,,,994,0,0,0,0,,0.384,0,0,0,0,0,0,0,0,0,0,0,0,0,0,0,0,0,0,0,0.831,1.205,6.515,0.058,0,kalabalik
3,Run50_AlphaDengeV1,Uyumsuz,bahcivan,standart,102,HA,36,,,686,437,158,18,18,55,246,185,136,93,26,20528,61188,1,20528,1,4015,1973,617,6783,4392,4882,66324,81,6,117.04,3.125,1,1.134,1.665,9,0.503,2,57,8.98,1,1.05,1,1,1.05,100,86,100,100,94,0,0.22,0,0,0.22,21,81,0.581,0.444,3.619,1455,4,186,0,keskin_bicakx3 nadir_tohumx1 altin_hedefx2 kritik_gozx1 canavar_kesimix1 firtina_bilegix1 bereketli_toprakx1,69,0,65,80,240,81,153,0,2,0,3,,0,0,0,0,0,0,0,0,0,0,0.58,315.815,10.554,249,0,4278,0,0,28235,0,0,3,23,23,4855,10,0,2,0,33000,0,6,65,65.167,4.396,4.437,4.324,,,,1083,0,0,0,0,,0.284,0,0,0,0,0,0,0,0,0,0,0,0,0,0,0,0,0,0,0,0.844,1.22,5.392,0.055,0,kalabalik
3,Run50_AlphaDengeV1,Uyumsuz,bahcivan,standart,102,HA,37,,,771,434,190,30,26,91,294,211,155,89,22,20972,20972,1,0,0,4195,2051,659,6058,5743,5541,72850,83,6,124.44,3.125,1,1.134,1.665,9,0.503,2,57,9,1,1,1,1,1,100,100,100,100,100,0,0,0,0,0,21,81,0.541,0.37,3.607,1460,4,190,0,keskin_bicakx3 nadir_tohumx1 altin_hedefx2 kritik_gozx1 canavar_kesimix1 firtina_bilegix1 bereketli_toprakx1 kivilcimx1,76,0,65,82,246,81,159,0,2,0,3,,0,0,0,0,0,0,0,0,0,0,0.568,322.646,11.862,337,0,4540,0,0,34085,0,0,3,23,23,6155,10,0,2.0667,0,35000,0,6,65,65.167,3.657,3.771,3.511,,,,1302,0,0,0,0,,0.288,0,0,0,0,0,0,0,0,0,0,0,0,0,0,0,0,0,0,0,0.887,1.305,5.071,0.061,0,kalabalik
3,Run50_AlphaDengeV1,Uyumsuz,bahcivan,standart,102,HA,38,,,766,432,200,22,30,82,283,198,153,98,34,24258,45230,1,0,0,4370,2286,928,10048,6329,6329,75837,86,9,129.42,3.125,1,1.134,1.665,9,0.52,2,57,8.96,1,1,1,1,1,100,100,100,100,100,0,0,0,0,0,21,81,0.54,0.346,3.607,1460,3,193,0,keskin_bicakx3 nadir_tohumx1 altin_hedefx2 kritik_gozx1 canavar_kesimix1 firtina_bilegix1 bereketli_toprakx1 kivilcimx1,80,0,65,85,255,81,165,0,2,0,3,,0,0,0,0,0,0,0,0,0,0,0.519,373.2,11.785,334,0,4613,0,0,922,0,0,3,23,23,6155,10,0,2.0667,0,39000,0,6,65,65.167,3.778,4.393,2.984,,,,1272,0,0,0,0,,0.313,0,0,0,0,0,0,0,0,0,0,0,0,0,0,0,0,0,0,0,0.896,1.362,5.22,0.064,0,kalabalik
3,Run50_AlphaDengeV1,Uyumsuz,bahcivan,standart,102,HA,39,,,779,440,203,17,33,86,265,214,164,100,36,26064,71294,1,0,0,4660,2427,846,8108,7986,7175,81709,88,6,137.13,3.125,1,1.134,1.665,9,0.52,2,57,9,1,1,1,1,1,100,100,100,100,100,0,0,0,0,0,21,81,0.539,0.321,3.555,1481,4,197,0,keskin_bicakx3 nadir_tohumx1 altin_hedefx2 kritik_gozx1 canavar_kesimix1 firtina_bilegix1 bereketli_toprakx1 kivilcimx1,78,0,65,87,261,81,174,0,2,0,3,,0,0,0,0,0,0,0,0,0,0,0.556,400.985,11.985,339,0,4988,0,0,3631,0,0,3,23,23,7555,10,0,2.1333,0,41000,0,9,65,65.167,3.598,3.868,3.248,,,,1284,0,0,0,0,,0.296,0,0,0,0,0,0,0,0,0,0,0,0,0,0,0,0,0,0,0,0.897,1.338,6.124,0.062,0,kalabalik
3,Run50_AlphaDengeV1,Uyumsuz,bahcivan,standart,102,HA,40,,,543,303,161,1,24,54,205,143,117,66,12,15552,86846,1,15552,1,2845,1617,599,10533,7703,7619,57143,89,3,142.4,3.125,1,1.134,1.665,9,0.537,2,57,6,1,1,1,1,1,100,100,100,100,100,0,0,0,0,0,21,81,0.653,0.481,3.525,1494,3,200,0,keskin_bicakx3 nadir_tohumx1 altin_hedefx2 kritik_gozx1 canavar_kesimix1 firtina_bilegix1 bereketli_toprakx1 kivilcimx1,60,0,65,88,264,81,180,0,2,0,3,,0,0,0,0,0,0,0,0,0,0,0.617,239.262,8.354,240,0,5036,0,0,19774,0,0,3,23,23,7555,10,0,2.1333,0,42000,0,6,65,65.167,4.846,5.1,4.525,,,,800,0,0,0,0,,0.372,0,0,0,0,0,0,0,0,0,0,0,0,0,0,0,0,0,0,0,0.742,1.111,6.119,0.048,0,kalabalik
3,Run50_AlphaDengeV1,Uyumsuz,bahcivan,standart,102,HA,41,,,938,439,372,24,29,74,334,238,204,125,37,28296,28296,1,0,0,5290,3010,1102,8523,10713,8571,100091,91,6,164.24,3.125,1,1.134,1.665,9,0.537,2.111,57,8.82,1,1,1,1,1,100,100,100,100,100,0,0,0,0,0,21,81,0.476,0.296,3.525,1494,4,204,0,keskin_bicakx3 nadir_tohumx1 altin_hedefx2 kritik_gozx1 canavar_kesimix1 firtina_bilegix1 bereketli_toprakx1 kivilcimx1 artci_patlamax1,96,0,65,90,270,81,180,3,2,0,3,artci_patlama@R40,139,139,0,590,221,0,0,0,0,0,0.407,435.323,14.431,278,0,6340,0,0,33865,0,0,3,23,23,9055,10,1,2.266,0.03,45000,0,3,65,65.167,3.512,4.115,2.955,,,3.013,1167,0,0,0,0,,0.282,0,0,0,0,0,0,0,0,0,0,0,0,0,0,0,0,0,0,0,1.054,1.935,15.744,0.063,0,kalabalik
3,Run50_AlphaDengeV1,Uyumsuz,bahcivan,standart,102,HA,42,,,1141,522,437,33,39,110,383,313,254,146,45,33614,61910,1,0,0,6045,3990,1381,13658,14715,7882,117581,94,9,164.24,3.125,1,0.982,1.665,9,0.553,2.111,66,9,1,1,1,1,1,100,100,100,100,100,0,0,0,0,0,30,121,0.535,0.215,3.624,2170,3,207,14,keskin_bicakx3 nadir_tohumx1 altin_hedefx2 kritik_gozx1 canavar_kesimix1 firtina_bilegix1 bereketli_toprakx1 kivilcimx1 artci_patlamax1,113,0,65,93,279,81,180,9,2,0,3,artci_patlama@R40,132,128,4,636,244,0,0,0,0,0,0.471,517.138,17.554,375,0,6306,0,0,12446,0,0,3,23,23,9055,10,2,2.354,0.07,49000,0,6,65,65.167,3.477,4.137,2.918,,,2.921,1570,0,0,0,0,,0.291,0,0,0,0,0,0,0,0,0,0,0,0,0,0,0,0,0,0,0,1.221,2.292,6.639,0.084,0,kalabalik
3,Run50_AlphaDengeV1,Uyumsuz,bahcivan,standart,102,HA,43,,,1079,509,407,24,29,110,357,300,240,140,42,31611,93521,1,31611,1,6300,3624,1276,15858,18339,8963,114367,96,6,172.97,3.125,1,0.982,1.665,9,0.553,2.222,66,8.98,1,1.04,1,1,1,100,84,100,100,94,0,0.21,0,0,0,30,121,0.564,0.347,3.624,2170,2,209,0,keskin_bicakx3 nadir_tohumx1 altin_hedefx2 kritik_gozx1 canavar_kesimix1 firtina_bilegix1 bereketli_toprakx1 kivilcimx1 artci_patlamax1,107,0,65,95,285,90,180,9,2,0,3,artci_patlama@R40,139,139,0,720,252,0,0,0,0,0,0.521,486.323,16.6,318,0,6919,0,0,26813,0,0,3,26,26,9055,11,2,2.354,0.07,52000,0,9,65,65.167,3.941,4.464,3.907,,,2.928,1674,0,0,0,0,,0.274,0,0,0,0,0,0,0,0,0,0,0,0,0,0,0,0,0,0,0,1.247,2.284,10.255,0.082,1,kalabalik
3,Run50_AlphaDengeV1,Uyumsuz,bahcivan,standart,102,HA,44,,,1142,515,484,24,37,82,376,313,245,160,48,34981,34981,1,0,0,6581,3731,1470,19719,22070,10433,121322,98,6,172.97,3.125,1,0.982,1.665,9,0.57,2.222,66,9,1,1,1,1,1,100,98,100,100,100,0,0,0,0,0,30,121,0.549,0.339,3.624,2170,2,211,0,keskin_bicakx3 nadir_tohumx2 altin_hedefx2 kritik_gozx1 canavar_kesimix1 firtina_bilegix1 bereketli_toprakx1 kivilcimx1 artci_patlamax1,113,0,65,97,291,96,180,9,2,0,3,artci_patlama@R40,153,149,4,698,274,0,0,0,0,0,0.545,538.169,17.569,353,0,6985,0,0,42135,0,0,3,28,28,9055,12,2,2.354,0.07,55000,0,6,65,65.167,3.864,4.759,3.477,,,2.68,1700,0,0,0,0,,0.327,0,0,0,0,0,0,0,0,0,0,0,0,0,0,0,0,0,0,0,1.215,2.178,6.208,0.081,0,kalabalik
3,Run50_AlphaDengeV1,Uyumsuz,bahcivan,standart,102,HA,45,,,1086,523,375,32,37,119,346,312,261,124,43,31817,66798,1,0,0,6378,4265,974,26097,26335,11167,115837,100,6,172.97,3.125,1,0.982,1.665,9,0.57,2.333,66,9,1,1,1,1,1,100,97,100,100,100,0,0,0,0,0,30,121,0.575,0.364,3.624,2170,1,212,0,keskin_bicakx3 nadir_tohumx2 altin_hedefx2 kritik_gozx1 canavar_kesimix1 firtina_bilegix1 bereketli_toprakx1 kivilcimx1 artci_patlamax1,107,0,65,99,297,102,180,9,2,0,3,artci_patlama@R40,128,128,0,585,214,0,0,0,0,0,0.463,489.492,16.708,349,0,7381,0,0,45972,0,0,3,30,30,9055,14,2,2.354,0.07,58000,0,6,65,65.167,4.058,4.631,3.769,,,3.129,1690,0,0,0,0,,0.312,0,0,0,0,0,0,0,0,0,0,0,0,0,0,0,0,0,0,0,1.269,2.272,6.925,0.087,0,kalabalik
3,Run50_AlphaDengeV1,Uyumsuz,bahcivan,standart,102,HA,46,,,937,509,314,21,26,67,288,268,218,121,42,27983,94781,1,27983,1,5515,3477,1142,29212,29812,12309,101345,102,6,172.97,3.125,1,0.982,1.665,9,0.57,2.333,66,8.76,1,1.01,1,1,1,100,91,100,100,94,0,0.02,0,0,0,30,121,0.427,0.248,3.624,2170,1,213,0,keskin_bicakx3 nadir_tohumx2 altin_hedefx2 kritik_gozx1 canavar_kesimix1 firtina_bilegix1 bereketli_toprakx1 kivilcimx1 artci_patlamax1,100,0,65,101,303,108,180,9,2,0,3,artci_patlama@R40,166,164,2,647,181,0,0,0,0,0,0.355,430.508,14.415,247,0,7365,0,0,29317,0,0,3,32,32,9055,14,2,2.354,0.07,62000,0,6,65,65.167,3.828,3.643,4.474,,,3.468,1288,0,0,0,0,,0.15,0,0,0,0,0,0,0,0,0,0,0,0,0,0,0,0,0,0,0,1.286,2.247,6.611,0.088,0,kalabalik
3,Run50_AlphaDengeV1,Uyumsuz,bahcivan,standart,102,HA,47,,,1133,499,472,35,41,86,366,325,237,164,41,33215,33215,1,0,0,6495,3718,1425,35707,33530,13444,158545,104,6,172.97,3.125,1,0.982,1.665,9,0.57,2.444,66,9,1,1,1,1,1,100,94,100,100,100,0,0,0,0,0,30,121,0.561,0.347,3.624,2170,1,214,0,keskin_bicakx3 nadir_tohumx2 altin_hedefx2 kritik_gozx1 canavar_kesimix1 firtina_bilegix1 bereketli_toprakx1 kivilcimx1 artci_patlamax1 bilgi_filizix1,115,0,65,103,309,114,180,9,2,0,3,artci_patlama@R40,180,178,2,949,268,0,0,0,0,0,0.504,511,17.431,366,0,7534,0,0,62862,0,0,3,33,33,9055,16,2,2.9425,0.07,65000,0,6,65,65.167,3.675,3.567,4.142,,,3.237,2004,0,0,0,0,,0.167,0,0,0,0,0,0,0,0,0,0,0,0,0,0,0,0,0,0,0,1.494,2.751,16.147,0.096,0,kalabalik
3,Run50_AlphaDengeV1,Uyumsuz,bahcivan,standart,102,HA,48,,,1068,494,425,35,26,88,317,306,255,153,37,31602,64817,1,0,0,6075,3769,1247,41782,37299,14691,155099,107,9,172.97,3.125,1,0.982,1.665,9,0.57,2.444,66,9,1,1.01,1,1,1,100,85,100,100,88,0,0.02,0,0,0,30,121,0.57,0.38,3.624,2170,0,214,0,keskin_bicakx3 nadir_tohumx2 altin_hedefx2 kritik_gozx1 canavar_kesimix1 firtina_bilegix1 bereketli_toprakx1 kivilcimx1 artci_patlamax1 bilgi_filizix1,105,0,65,106,318,120,180,9,2,0,3,artci_patlama@R40,163,163,0,860,251,0,0,0,0,0,0.446,486.185,16.431,323,0,7566,0,0,16961,0,0,3,34,34,9055,17,2,2.9425,0.07,70000,0,6,65,65.167,4.31,4.195,5.075,,,3.552,1924,0,0,0,0,,0.179,0,0,0,0,0,0,0,0,0,0,0,0,0,0,0,0,0,0,0,1.5,2.84,13.386,0.106,0,kalabalik
3,Run50_AlphaDengeV1,Uyumsuz,bahcivan,standart,102,HA,49,,,1101,505,425,27,35,109,342,317,238,163,41,33057,97874,1,0,0,6343,3552,1406,48125,40851,15767,156648,109,6,172.97,3.125,1,0.982,1.665,9,0.57,2.556,66,9,1,1,1,1,1,100,92,100,98,100,0,0,0,0,0,30,121,0.568,0.364,3.624,2170,1,215,0,keskin_bicakx3 nadir_tohumx2 altin_hedefx2 kritik_gozx1 canavar_kesimix1 firtina_bilegix1 bereketli_toprakx1 kivilcimx1 artci_patlamax1 bilgi_filizix1,110,0,65,108,324,121,188,9,2,0,3,artci_patlama@R40,174,170,4,916,240,0,0,0,0,1,0.438,508.569,16.938,356,0,7957,0,0,31609,0,0,3,34,34,9055,17,2,2.9425,0.07,74000,0,9,65,65.167,4.018,3.825,4.263,,,4.062,2140,0,0,0,0,,0.189,0,0,0,0,0,0,0,0,0,0,0,0,0,0,0,0,0,0,0,1.352,2.41,5.98,0.091,0,kalabalik
3,Run50_AlphaDengeV1,Uyumsuz,bahcivan,standart,102,HA,50,,,755,335,341,7,16,56,243,200,189,91,32,20920,118794,1,20920,1,4406,2918,943,52531,43769,16710,110756,110,3,172.97,3.125,1,0.982,1.665,9,0.57,2.556,66,6,1,1.01,1,1,1,99,77,100,90,88,0,0.01,0,0,0,30,121,0.676,0.438,3.624,2170,0,215,0,keskin_bicakx3 nadir_tohumx2 altin_hedefx2 kritik_gozx1 canavar_kesimix1 firtina_bilegix1 bereketli_toprakx1 kivilcimx1 artci_patlamax1 bilgi_filizix1,83,0,65,109,327,121,194,9,2,0,3,artci_patlama@R40,145,144,1,829,219,0,0,0,0,0,0.628,321.846,11.615,201,0,8068,0,0,68365,0,0,3,34,34,9055,17,2,2.9425,0.07,76000,0,6,65,65.167,4.802,4.07,5.899,,,4.916,1086,0,0,0,0,,0.224,0,0,0,0,0,0,0,0,0,0,0,0,0,0,0,0,0,0,0,1.09,2,6.609,0.067,0,kalabalik
3,Run50_AlphaDengeV1,Uyumsuz,bahcivan,standart,102,HA,50,KAZANDI
4,Run50_AlphaDengeV1,Uyumsuz,bahcivan,standart,103,HA,1,,,11,11,0,0,0,0,9,1,1,0,0,22,22,1,0,0,22,4,0,22,4,0,250,1,0,10,1,1,3,0.9,4,0.3,2,13,2.46,2,4,5,,,8,0,0,,,3,9,12,,,2,4,0.452,0,8,23,0,0,2,,4,0.166,45,0,0,0,0,0,0,0,0,,0,0,0,0,0,0,0,0,0,0,0.75,0.489,0.244,0,0,22,0,0,250,0,0,0,0,0,0,0,0,1,0,390,0,0,45,45.133,5.718,5.718,,,,,0,0,0,0,0,,,0,0,0,0,0,0,0,0,0,0,0,0,0,0,0,0,0,0,0,0.329,0.421,2.322,0.013,0,kalabalik
4,Run50_AlphaDengeV1,Uyumsuz,bahcivan,standart,103,HA,2,,,13,13,0,0,0,0,11,2,0,0,0,17,39,1,0,0,30,0,0,32,4,0,280,2,3,10,1,1,3,0.9,4,0.3,2,14,2.57,2.18,4,,,,11,0,,,,4.64,10.5,,,,3,5,0.557,0.2,8,28,0,0,1,,3,0,45,1,3,0,0,0,0,0,0,,0,0,0,0,0,0,0,0,0,0,0.6,0.378,0.289,0,0,22,0,0,140,0,0,0,0,0,0,0,0,1,0,410,0,0,45,45.133,9.631,9.631,,,,,0,0,0,0,0,,,0,0,0,0,0,0,0,0,0,0,0,0,0,0,0,0,0,0,0,0.344,0.441,1.743,0.012,0,kalabalik
4,Run50_AlphaDengeV1,Uyumsuz,bahcivan,standart,103,HA,3,,,15,15,0,0,0,0,12,3,0,0,0,21,60,1,21,1,36,0,0,43,4,0,330,3,3,11.33,1,1,3,0.9,4,0.3,2,14,2.29,2,1.67,,,,9,0,,,,4,4,,,,3,5,0.483,0,7.506,30,4,4,0,,4,0.06,45,2,6,3,0,0,2,0,3,,0,0,0,0,0,0,0,0,0,0,0.8,0.467,0.333,0,0,26,0,0,60,0,0,3,1,1,0,0,0,1,0,420,0,3,45,45.133,7.447,7.447,,,,,0,0,0,0,0,,,0,0,0,0,0,0,0,0,0,0,0,0,0,0,0,0,0,0,0,0.345,0.437,1.447,0.011,0,kalabalik
4,Run50_AlphaDengeV1,Uyumsuz,bahcivan,standart,103,HA,4,,,20,20,0,0,0,0,15,5,0,0,0,30,30,1,0,0,50,0,0,53,4,0,450,4,3,11.33,1.25,1,3,0.9,4,0.3,2,14,2.86,1.67,1.8,,,,31,0,,,,2,4.2,,,,4,7,0.575,0.143,6.197,51,0,4,1,keskin_bicakx1,4,0.02,45,3,9,6,0,0,2,0,3,,0,0,0,0,0,0,0,0,0,0,0.857,0.667,0.444,0,0,34,0,0,90,0,0,3,1,1,0,0,0,1,0,440,0,3,45,45.133,6.038,6.038,,,,,1,0,0,0,0,,,0,0,0,0,0,0,0,0,0,0,0,0,0,0,0,0,0,0,0,0.353,0.454,1.955,0.012,0,kalabalik
4,Run50_AlphaDengeV1,Uyumsuz,bahcivan,standart,103,HA,5,,,24,23,0,0,0,1,19,4,1,0,0,41,71,1,0,0,54,4,0,66,8,0,570,5,3,12,1.25,1,2.892,0.9,4,0.3,2,15,2.73,1.28,1.25,3,,,58,0,0,,,1.76,0.72,11.57,,,5,8,0.577,0.25,5.935,61,3,7,1,keskin_bicakx1,6,0,45,4,12,9,0,0,2,0,3,,0,0,0,0,0,0,0,0,0,0,0.625,0.911,0.533,1,0,62,0,0,220,0,0,3,1,1,6,0,0,1.0667,0,470,0,3,45,45.133,8.754,8.968,3.833,,,,3,0,0,0,0,,0.36,0,0,0,0,0,0,0,0,0,0,0,0,0,0,0,0,0,0,0,0.371,0.484,1.832,0.011,0,kalabalik
4,Run50_AlphaDengeV1,Uyumsuz,bahcivan,standart,103,HA,6,,,24,24,0,0,0,0,17,5,2,0,0,52,123,1,52,1,54,8,0,61,16,0,603,6,3,12,1.25,1,2.892,0.9,4,0.3,2,19,2.37,1.65,1.8,1.5,,,24,20,0,,,3.57,2.9,1.45,,,6,9,0.422,0.111,6.21,80,2,9,1,keskin_bicakx1,4,0.045,55,5,15,9,3,0,2,0,3,,0,0,0,0,0,0,0,0,0,0,0.556,0.945,0.436,0,0,58,0,0,353,0,0,3,1,1,6,0,0,1.0667,0,490,0,3,55,55.133,9.892,9.892,,,,,0,0,0,0,0,,,0,0,0,0,0,0,0,0,0,0,0,0,0,0,0,0,0,0,0,0.385,0.486,1.606,0.011,0,kalabalik
4,Run50_AlphaDengeV1,Uyumsuz,bahcivan,standart,103,HA,7,,,37,36,0,0,0,1,29,6,2,0,0,73,73,1,0,0,82,8,0,83,24,0,887,8,6,12,1.25,1,2.892,0.9,4,0.3,2,19,3.58,1.46,2.33,3,,,50,0,0,0,,3.72,9.64,15.92,,,8,12,0.63,0.417,6.608,100,0,9,2,keskin_bicakx1 nadir_tohumx1,6,0,55,7,21,12,3,0,2,0,3,,0,0,0,0,0,0,0,0,0,0,0.583,1.327,0.673,1,0,62,0,0,230,0,0,3,2,1,6,0,0,1.0667,0,560,0,3,55,55.133,10.412,10.597,3.733,,,,5,0,0,0,0,,0.429,0,0,0,0,0,0,0,0,0,0,0,0,0,0,0,0,0,0,0,0.394,0.507,2.232,0.012,0,kalabalik
4,Run50_AlphaDengeV1,Uyumsuz,bahcivan,standart,103,HA,8,,,46,39,4,0,0,3,32,9,4,1,0,142,215,1,0,0,100,16,2,105,40,2,1185,10,6,13.33,1.25,1,2.789,0.9,4,0.3,2,19,3.74,1.5,2,2.5,1,,47,0,0,,,3.58,8.36,13.93,0,,9,14,0.595,0.357,6.576,117,4,13,1,keskin_bicakx1 nadir_tohumx1,7,0,55,9,27,18,3,0,2,0,3,,0,0,0,0,0,0,0,0,0,0,0.5,2.582,0.836,7,0,51,0,0,255,0,0,3,3,3,6,0,0,1.0667,0,640,0,6,55,55.133,10.396,9.632,14.657,,,,19,0,0,0,0,,0.199,0,0,0,0,0,0,0,0,0,0,0,0,0,0,0,0,0,0,0,0.411,0.526,2.277,0.013,0,kalabalik
4,Run50_AlphaDengeV1,Uyumsuz,bahcivan,standart,103,HA,9,,,43,37,1,0,0,5,32,8,3,0,0,101,316,1,0,0,104,12,0,105,22,2,1057,11,3,14,1.25,1,2.789,0.9,4,0.3,2,19,3.89,1.48,2.29,2.67,,,41,0,0,,,3.82,7.58,10.22,,,10,16,0.677,0.375,6.115,144,5,18,1,keskin_bicakx1 nadir_tohumx1,9,0,55,10,30,24,3,0,2,0,3,,0,0,0,0,0,0,0,0,0,0,0.813,1.836,0.782,6,0,65,0,0,672,0,0,3,4,4,6,0,0,1.0667,0,700,0,6,55,55.133,11.409,11.094,13.356,,,,13,0,0,0,0,,0.254,0,0,0,0,0,0,0,0,0,0,0,0,0,0,0,0,0,0,0,0.447,0.572,2.138,0.013,0,kalabalik
4,Run50_AlphaDengeV1,Uyumsuz,bahcivan,standart,103,HA,10,,,43,34,5,0,0,4,32,10,1,0,0,93,409,1,93,1,114,4,0,116,26,2,1035,13,6,15.64,1.25,1,2.689,0.9,4,0.3,2,20,3.95,1.54,1.88,,,,28,0,33,,,4.55,5.38,,,,11,18,0.723,0.5,6.072,163,4,22,1,keskin_bicakx1 nadir_tohumx1,7,0,55,12,36,25,5,0,2,0,3,,0,0,0,0,0,0,0,0,0,0,0.889,1.691,0.782,9,0,76,0,0,257,0,0,3,4,4,6,0,0,1.0667,0,810,0,3,55,55.133,14.883,15.584,12.233,,,,13,0,0,0,0,,0.265,0,0,0,0,0,0,0,0,0,0,0,0,0,0,0,0,0,0,0,0.39,0.513,1.691,0.013,0,kalabalik
4,Run50_AlphaDengeV1,Uyumsuz,bahcivan,standart,103,HA,11,,,68,59,5,0,0,4,49,11,8,0,0,216,216,1,0,0,202,32,0,220,58,2,1861,15,6,16.36,1.25,1,2.5,0.9,4,0.3,2,26,3.92,1.28,2.14,2.33,,,55,0,0,,,3.21,10.71,10,,,12,19,0.672,0.421,6.016,205,6,28,1,keskin_bicakx1 nadir_tohumx2,11,0,65,14,42,25,11,0,2,0,3,,0,0,0,0,0,0,0,0,0,0,0.684,3.323,1.046,9,0,82,0,0,428,0,0,3,4,4,14,0,0,1.1333,0,950,0,6,65,65.167,13.45,12.385,20.426,,,,23,0,0,0,0,,0.174,0,0,0,0,0,0,0,0,0,0,0,0,0,0,0,0,0,0,0,0.393,0.522,2.322,0.015,0,kalabalik
4,Run50_AlphaDengeV1,Uyumsuz,bahcivan,standart,103,HA,12,,,63,50,4,0,0,9,48,11,3,1,0,190,406,1,0,0,199,12,2,200,30,4,1752,17,6,18.13,1.25,1,2.41,0.9,4,0.3,2,26,4,1.33,1.8,2.67,3,,53,0,0,0,,3.68,4.81,16.08,21.7,,14,24,0.749,0.458,5.717,273,7,35,2,keskin_bicakx1 nadir_tohumx2,14,0,65,16,48,25,17,0,2,0,3,,0,0,0,0,0,0,0,0,0,0,0.833,2.923,0.969,13,0,94,0,0,230,0,0,3,4,4,24,0,0,1.2,0,1100,0,6,65,65.167,13.488,13.043,15.197,,,,24,0,0,0,0,,0.354,0,0,0,0,0,0,0,0,0,0,0,0,0,0,0,0,0,0,0,0.399,0.525,2.234,0.014,0,kalabalik
4,Run50_AlphaDengeV1,Uyumsuz,bahcivan,standart,103,HA,13,,,63,54,5,0,0,4,38,16,7,1,1,329,735,1,329,1,210,45,2,213,50,6,2054,18,3,19.2,1.25,1,2.41,0.9,4,0.3,2,26,3.96,1.38,1.46,2.57,2,1,50,11,0,,,2.79,3.89,12.4,2.43,0,15,25,0.622,0.44,5.793,280,6,41,1,keskin_bicakx1 nadir_tohumx2,11,0,65,17,51,25,23,0,2,0,3,,0,0,0,0,0,0,0,0,0,0,0.76,5.062,0.969,9,0,104,0,0,1184,0,0,3,4,4,36,0,0,1.2667,0,1200,0,6,65,65.167,19.496,20.919,10.963,,,,24,0,0,0,0,,0.289,0,0,0,0,0,0,0,0,0,0,0,0,0,0,0,0,0,0,0,0.421,0.57,2.195,0.016,0,kalabalik
4,Run50_AlphaDengeV1,Uyumsuz,bahcivan,standart,103,HA,14,,,87,69,1,0,0,17,51,23,11,2,0,329,329,1,0,0,291,55,4,308,80,10,3014,21,9,20.27,1.25,1,2.24,0.935,4,0.3,2.75,29,4,1.28,1.62,1.86,1,,54,30,0,0,,2.74,5.44,7.68,0,,14,25,0.724,0.4,5.427,299,10,51,1,keskin_bicakx1 nadir_tohumx2 agir_darbex1,15,0,65,20,60,25,26,0,2,0,3,,0,0,0,0,0,0,0,0,0,0,0.64,5.062,1.338,18,0,154,0,0,298,0,0,3,4,4,50,0,0,1.3333,0,1500,0,3,65,65.167,13.487,13.962,11.663,,,,44,0,0,0,0,,0.191,0,0,0,0,0,0,0,0,0,0,0,0,0,0,0,0,0,0,0,0.436,0.565,2.187,0.015,0,kalabalik
4,Run50_AlphaDengeV1,Uyumsuz,bahcivan,standart,103,HA,15,,,130,95,5,0,0,30,79,34,14,3,0,590,919,1,0,0,441,70,6,454,95,16,4634,23,6,24.3,1.25,1,2.16,1.005,6,0.3,2.75,30,5.83,1.34,1.6,2.33,3,,56,39,11,0,0,2.57,4.39,6.72,10.09,,12,25,0.644,0.36,5.233,311,9,60,1,keskin_bicakx1 nadir_tohumx2 agir_darbex1,18,0,65,22,66,25,35,0,2,0,3,,0,0,0,0,0,0,0,0,0,0,0.64,9.077,2,35,0,181,0,0,1732,0,0,3,4,4,66,0,0,1.4,0,1800,0,9,65,65.167,7.952,9.252,4.421,,,,54,0,0,0,0,,0.549,0,0,0,0,0,0,0,0,0,0,0,0,0,0,0,0,0,0,0,0.56,0.859,8.279,0.021,0,kalabalik
4,Run50_AlphaDengeV1,Uyumsuz,bahcivan,standart,103,HA,16,,,135,92,8,0,0,35,74,39,16,3,3,1002,1921,1,1002,1,501,80,24,506,115,40,5664,26,9,24.3,1.25,1,2.16,1.005,6,0.3,2.75,30,6,1.4,1.63,1.7,2.5,1.33,56,44,27,0,0,2.98,5.36,7.99,11.87,2.17,15,36,0.734,0.417,5.219,448,5,65,4,keskin_bicakx1 nadir_tohumx2 agir_darbex1,19,0,65,25,75,31,35,0,2,0,3,,0,0,0,0,0,0,0,0,0,0,0.583,15.415,2.077,43,0,175,0,0,1596,0,0,3,6,5,104,1,0,1.5333,0,2200,0,6,65,65.167,8.833,10.003,6.33,,,,89,0,0,0,0,,0.444,0,0,0,0,0,0,0,0,0,0,0,0,0,0,0,0,0,0,0,0.49,0.712,2.878,0.021,0,kalabalik
4,Run50_AlphaDengeV1,Uyumsuz,bahcivan,standart,103,HA,17,,,149,108,3,0,2,36,74,34,21,13,7,3123,3123,1,0,0,561,165,35,562,267,55,6842,29,9,25.51,1.25,1,2.16,1.04,6,0.42,2.75,30,6,1.21,1.46,1.33,2.1,1.8,70,52,31,11,33,1.87,2.33,2.59,12.09,10.79,17,44,0.758,0.409,5.205,549,4,69,4,keskin_bicakx1 nadir_tohumx2 agir_darbex1 kritik_gozx1,19,0,65,28,84,40,35,0,2,0,3,,0,0,0,0,0,0,0,0,0,0,0.705,48.046,2.292,41,0,190,0,0,1238,0,0,3,7,7,104,1,0,1.5333,0,2800,0,9,65,65.167,12.357,13.928,8.218,,,,82,0,0,0,0,,0.572,0,0,0,0,0,0,0,0,0,0,0,0,0,0,0,0,0,0,0,0.539,0.727,6.832,0.023,0,kalabalik
4,Run50_AlphaDengeV1,Uyumsuz,bahcivan,standart,103,HA,18,,,190,116,9,15,4,46,85,49,29,25,2,3224,6347,1,0,0,549,196,60,556,230,95,8787,32,9,29.99,1.25,1,2.092,1.075,6,0.42,2.75,31,6,1.12,1.18,1.33,1.42,1,69,59,38,50,33,0.6,3.08,2.79,2.97,0,19,49,0.735,0.531,5.001,637,7,76,4,keskin_bicakx1 nadir_tohumx2 agir_darbex1 kritik_gozx1,26,0,65,31,93,49,35,0,2,0,3,,0,0,0,0,0,0,0,0,0,0,0.837,49.6,2.923,74,0,271,0,0,1025,0,0,3,11,11,104,1,0,1.5333,0,3400,0,9,65,65.167,11.749,13.712,8.671,,,,170,0,0,0,0,,0.461,0,0,0,0,0,0,0,0,0,0,0,0,0,0,0,0,0,0,0,0.562,0.757,2.956,0.025,0,kalabalik
4,Run50_AlphaDengeV1,Uyumsuz,bahcivan,standart,103,HA,19,,,206,120,28,14,0,44,81,48,36,29,12,7277,13624,1,0,0,756,304,88,846,304,123,10710,35,9,33.24,1.25,1,2.026,1.075,6,0.42,2.75,32,6,1.07,1.15,1.25,1.41,1.83,87,55,57,32,17,0.53,2.34,3.04,3.32,14.18,14,49,0.764,0.551,4.638,687,5,81,3,keskin_bicakx1 nadir_tohumx2 agir_darbex1 kritik_gozx1,26,0,65,34,102,49,44,0,2,0,3,,0,0,0,0,0,0,0,0,0,0,0.551,111.954,3.169,86,0,297,0,0,835,0,0,3,11,11,125,1,0,1.6,0,4100,0,9,65,65.167,11.487,11.868,10.957,,,,196,0,0,0,0,,0.469,0,0,0,0,0,0,0,0,0,0,0,0,0,0,0,0,0,0,0,0.667,0.959,2.707,0.026,0,kalabalik
4,Run50_AlphaDengeV1,Uyumsuz,bahcivan,standart,103,HA,20,,,203,115,36,10,8,34,70,52,52,19,10,5616,19240,1,5616,1,570,539,79,626,763,102,10667,37,6,39.82,1.25,1,2.026,1.145,6,0.42,2.75,32,6,1.18,1.11,1.27,1.22,1.33,71,72,41,42,44,1.51,0.35,2.34,0.45,4.73,14,51,0.637,0.431,4.638,715,10,91,1,keskin_bicakx1 nadir_tohumx2 agir_darbex1 kritik_gozx1,22,0,65,36,108,49,53,0,2,0,3,,0,0,0,0,0,0,0,0,0,0,0.529,86.4,3.123,88,0,373,0,0,3002,0,0,3,11,11,125,1,0,1.6,0,4700,0,9,65,65.167,11.39,10.599,12.423,,,,194,0,0,0,0,,0.341,0,0,0,0,0,0,0,0,0,0,0,0,0,0,0,0,0,0,0,0.688,1.049,2.955,0.026,0,kalabalik
4,Run50_AlphaDengeV1,Uyumsuz,bahcivan,standart,103,HA,21,,,268,145,41,18,3,61,91,76,59,35,7,5963,5963,1,0,0,825,438,149,861,665,191,13819,40,9,39.82,1.25,1,1.962,1.18,6,0.42,2.75,33,6,1.06,1.05,1.13,1.08,1.4,76,76,79,81,0,0.25,0.53,0.61,0.65,4.31,19,71,0.756,0.31,4.937,935,4,95,8,keskin_bicakx1 nadir_tohumx2 agir_darbex1 kritik_gozx1 altin_hedefx1,31,0,65,39,117,55,53,0,2,0,3,,0,0,0,0,0,0,0,0,0,0,0.732,91.738,4.123,123,0,555,0,0,1821,0,0,3,12,12,125,1,0,1.6,0,5600,0,6,65,65.167,7.584,8.366,6.663,,,,310,0,0,0,0,,0.424,0,0,0,0,0,0,0,0,0,0,0,0,0,0,0,0,0,0,0,0.734,1.108,4.062,0.034,0,kalabalik
4,Run50_AlphaDengeV1,Uyumsuz,bahcivan,standart,103,HA,22,,,285,141,65,33,1,45,102,71,63,34,15,7986,13949,1,0,0,924,566,174,1045,606,365,14901,42,6,45.79,1.25,1,1.962,1.18,6,0.42,2.75,33,6,1.07,1.11,1.09,1.14,1.09,81,68,75,61,78,0.5,0.62,0.39,1.68,0.89,23,79,0.761,0.608,5.137,1000,4,99,4,keskin_bicakx1 nadir_tohumx2 agir_darbex1 kritik_gozx1 altin_hedefx1,34,0,65,41,123,64,53,0,2,0,3,,0,0,0,0,0,0,0,0,0,0,0.785,122.862,4.385,144,0,634,0,0,5222,0,0,3,17,17,125,1,0,1.6,0,6300,0,9,65,65.167,9.392,8.767,10.004,,,,344,0,0,0,0,,0.427,0,0,0,0,0,0,0,0,0,0,0,0,0,0,0,0,0,0,0,0.627,0.863,3.253,0.034,0,kalabalik
4,Run50_AlphaDengeV1,Uyumsuz,bahcivan,standart,103,HA,23,,,283,147,58,26,1,51,92,82,61,36,12,6565,20514,1,6565,1,1169,544,156,1244,830,521,14816,45,9,45.79,1.25,1,1.901,1.265,6,0.42,2.75,34,6,1.04,1.09,1.07,1.11,1.3,83,76,80,65,75,0.38,0.35,0.59,1.2,1.9,25,81,0.781,0.63,4.96,1061,7,106,2,keskin_bicakx1 nadir_tohumx2 agir_darbex1 kritik_gozx1 altin_hedefx1,37,0,65,44,132,70,53,0,2,0,3,,0,0,0,0,0,0,0,0,0,0,0.691,101,4.354,136,0,641,0,0,138,0,0,3,19,19,125,1,0,1.6,0,7400,0,6,65,65.167,8.583,7.769,9.463,,,,342,0,0,0,0,,0.341,0,0,0,0,0,0,0,0,0,0,0,0,0,0,0,0,0,0,0,0.693,0.968,3.549,0.034,0,kalabalik
4,Run50_AlphaDengeV1,Uyumsuz,bahcivan,standart,103,HA,24,,,312,151,90,29,1,41,109,91,69,31,12,6691,6691,1,0,0,1359,608,153,1453,638,674,15904,47,6,52.15,1.25,1.3,1.901,1.315,6,0.42,2.75,34,6,1.04,1.18,1.08,1.06,1.5,88,63,85,77,50,0.14,0.7,0.49,0.24,3.8,25,81,0.752,0.617,4.76,1106,6,112,0,keskin_bicakx1 nadir_tohumx2 agir_darbex1 kritik_gozx1 altin_hedefx1 yikim_gucux1,34,0,65,46,138,79,53,0,2,0,3,,0,0,0,0,0,0,0,0,0,0,0.877,102.938,4.8,161,0,705,0,0,842,0,0,3,19,19,125,1,0,1.6,0,8200,0,9,65,65.167,7.967,7.798,8.125,,,,338,0,0,0,0,,0.532,0,0,0,0,0,0,0,0,0,0,0,0,0,0,0,0,0,0,0,0.653,0.951,4.766,0.038,0,kalabalik
4,Run50_AlphaDengeV1,Uyumsuz,bahcivan,standart,103,HA,25,,,326,156,82,31,3,54,118,99,62,37,10,6300,12991,1,0,0,1342,646,163,1345,924,787,16646,49,6,56.1,1.25,1.3,1.783,1.315,6,0.42,2.75,36,6,1.03,1.07,1.06,1.05,1.33,85,79,82,47,50,0.15,0.33,0.67,0.27,5.34,25,81,0.758,0.605,4.747,1109,6,118,0,keskin_bicakx1 nadir_tohumx2 agir_darbex1 kritik_gozx1 altin_hedefx1 yikim_gucux1,36,0,65,48,144,81,57,0,2,0,3,,0,0,0,0,0,0,0,0,0,0,0.716,96.923,5.015,170,0,773,0,0,688,0,0,3,19,19,125,2,0,1.6,0,9000,0,6,65,65.167,10.532,9.349,11.617,,,,324,0,0,0,0,,0.515,0,0,0,0,0,0,0,0,0,0,0,0,0,0,0,0,0,0,0,0.681,0.934,6.459,0.037,0,kalabalik
4,Run50_AlphaDengeV1,Uyumsuz,bahcivan,standart,103,HA,26,,,231,96,61,22,4,48,86,67,42,28,8,5304,18295,1,5304,1,946,464,158,1096,498,945,12285,50,3,56.1,1.25,1.3,1.783,1.365,6,0.42,2.75,36,4,1,1.1,1.13,1.45,1.33,77,77,71,40,25,0,0.8,0.7,2.92,0.6,25,81,0.82,0.667,4.747,1109,6,124,0,keskin_bicakx1 nadir_tohumx2 agir_darbex1 kritik_gozx1 altin_hedefx1 yikim_gucux1,27,0,65,49,147,81,63,0,2,0,3,,0,0,0,0,0,0,0,0,0,0,0.864,81.6,3.554,135,0,832,0,0,3973,0,0,3,19,19,575,2,0,1.6667,0,9500,0,6,65,65.167,12.136,12.081,12.175,,,,238,0,0,0,0,,0.579,0,0,0,0,0,0,0,0,0,0,0,0,0,0,0,0,0,0,0,0.581,0.815,3.449,0.027,0,kalabalik
4,Run50_AlphaDengeV1,Uyumsuz,bahcivan,standart,103,HA,27,,,491,237,150,22,15,67,198,127,77,62,27,13358,13358,1,0,0,2852,816,350,2858,934,1295,26916,53,9,60.05,1.25,1.3,1.516,1.415,9,0.42,2.75,42,8.98,1.08,1.16,1.12,1.2,1.23,82,73,72,61,64,0.36,2.08,1.27,1.69,1.63,25,81,0.641,0.383,4.616,1141,4,128,0,keskin_bicakx1 nadir_tohumx2 agir_darbex1 kritik_gozx1 altin_hedefx1 yikim_gucux1 hizli_bilekx1,61,0,65,52,156,81,66,0,2,0,3,,0,0,0,0,0,0,0,0,0,0,0.815,205.508,7.554,254,0,880,0,0,1389,0,0,3,19,19,575,2,0,1.6667,0,11000,0,3,65,65.167,22.394,24.171,20.736,,,,476,0,0,0,0,,0.575,0,0,0,0,0,0,0,0,0,0,0,0,0,0,0,0,0,0,0,0.741,1.036,3.566,0.041,0,kalabalik
4,Run50_AlphaDengeV1,Uyumsuz,bahcivan,standart,103,HA,28,,,543,283,150,24,12,74,196,140,128,61,18,13310,26668,1,0,0,2497,1368,376,2545,1412,1606,29887,55,6,69.27,1.25,1.3,1.468,1.415,9,0.42,2.75,44,9,1.05,1.11,1.07,1.15,1.11,88,77,86,71,71,0.59,0.95,0.94,0.88,0.65,25,81,0.609,0.42,4.558,1155,6,134,0,keskin_bicakx1 nadir_tohumx2 agir_darbex1 kritik_gozx1 altin_hedefx1 yikim_gucux1 hizli_bilekx1,57,0,65,54,162,81,75,0,2,0,3,,0,0,0,0,0,0,0,0,0,0,0.58,204.769,8.354,260,0,1026,0,0,8276,0,0,3,19,19,575,2,0,1.6667,0,12000,0,9,65,65.167,6.265,7.22,5.224,,,,525,0,0,0,0,,0.533,0,0,0,0,0,0,0,0,0,0,0,0,0,0,0,0,0,0,0,0.69,0.958,4.235,0.044,0,kalabalik
4,Run50_AlphaDengeV1,Uyumsuz,bahcivan,standart,103,HA,29,,,579,272,193,21,11,82,203,148,128,76,24,16033,42701,1,0,0,2707,1350,476,2792,1792,2082,33895,58,9,73.42,1.25,1.3,1.422,1.465,9,0.437,2.75,45,8.98,1.06,1.06,1.06,1.08,1.08,87,84,92,80,78,0.45,0.29,0.35,0.43,0.36,25,81,0.625,0.457,4.34,1213,9,143,0,keskin_bicakx1 nadir_tohumx2 agir_darbex1 kritik_gozx1 altin_hedefx1 yikim_gucux1 hizli_bilekx1,58,0,65,57,171,81,81,0,2,0,3,,0,0,0,0,0,0,0,0,0,0,0.58,246.662,8.908,307,0,1074,0,0,4171,0,0,3,19,19,1165,2,0,1.7333,0,14000,0,6,65,65.167,5.68,7.059,4.458,,,,619,0,0,0,0,,0.5,0,0,0,0,0,0,0,0,0,0,0,0,0,0,0,0,0,0,0,0.729,1.029,7.444,0.051,0,kalabalik
4,Run50_AlphaDengeV1,Uyumsuz,bahcivan,standart,103,HA,30,,,514,261,124,31,11,87,183,136,113,64,18,14141,56842,1,14141,1,2653,1237,318,2920,1319,2320,30590,60,6,83.44,1.25,1.3,1.422,1.465,9,0.453,2.75,45,9,1.05,1.15,1.18,1.13,1.56,88,57,69,71,40,0.26,1.08,1.4,0.6,1.9,25,81,0.673,0.494,4.289,1228,7,150,0,keskin_bicakx1 nadir_tohumx2 agir_darbex1 kritik_gozx1 altin_hedefx1 yikim_gucux1 hizli_bilekx1,55,0,65,59,177,81,90,0,2,0,3,,0,0,0,0,0,0,0,0,0,0,0.728,217.554,7.908,253,0,1180,0,0,6761,0,0,3,19,19,1895,2,0,1.8,0,15000,0,9,65,65.167,6.546,7.132,5.941,,,,566,0,0,0,0,,0.452,0,0,0,0,0,0,0,0,0,0,0,0,0,0,0,0,0,0,0,0.707,1.018,3.967,0.046,0,kalabalik
4,Run50_AlphaDengeV1,Uyumsuz,bahcivan,standart,103,HA,31,,,591,275,182,34,21,79,199,148,137,77,30,18953,18953,1,0,0,2981,1557,532,3011,1796,2852,36376,62,6,83.44,1.25,1.3,1.377,1.515,9,0.453,3.5,47,9,1.08,1.15,1.06,1.15,1.06,84,76,76,67,83,0.34,0.74,0.37,0.74,0.52,25,81,0.653,0.432,4.041,1303,7,157,0,keskin_bicakx1 nadir_tohumx2 agir_darbex2 kritik_gozx1 altin_hedefx1 yikim_gucux1 hizli_bilekx1,59,0,65,61,183,81,96,0,2,0,3,,0,0,0,0,0,0,0,0,0,0,0.605,291.585,9.092,316,0,1465,0,0,12137,0,0,3,19,19,1895,2,0,1.8,0,16000,0,6,65,65.167,5.99,6.992,5.118,,,,649,0,0,0,0,,0.492,0,0,0,0,0,0,0,0,0,0,0,0,0,0,0,0,0,0,0,0.727,0.995,3.697,0.045,0,kalabalik
4,Run50_AlphaDengeV1,Uyumsuz,bahcivan,standart,103,HA,32,,,611,278,182,35,15,101,186,180,136,84,25,20151,39104,1,0,0,2863,1898,587,2874,1924,3344,38805,64,6,94.04,1.25,1.3,1.377,1.515,9,0.47,3.5,47,8.98,1.05,1.11,1.06,1.2,1.2,86,80,80,67,60,0.53,0.87,0.4,1.5,1.56,25,81,0.637,0.457,4.036,1305,6,163,0,keskin_bicakx1 nadir_tohumx2 agir_darbex2 kritik_gozx1 altin_hedefx1 yikim_gucux1 hizli_bilekx1,64,0,65,63,189,81,102,0,2,0,3,,0,0,0,0,0,0,0,0,0,0,0.481,310.015,9.4,333,0,1782,0,0,17942,0,0,3,19,19,2755,2,0,1.8667,0,18000,0,6,65,65.167,5.337,6.2,4.617,,,,652,0,0,0,0,,0.514,0,0,0,0,0,0,0,0,0,0,0,0,0,0,0,0,0,0,0,0.715,1.011,3.639,0.047,0,kalabalik
4,Run50_AlphaDengeV1,Uyumsuz,bahcivan,standart,103,HA,33,,,458,211,112,41,6,88,154,117,97,77,13,14646,53750,1,14646,1,2410,1165,425,2554,1569,3769,28431,66,6,98.13,1.25,1.3,1.377,1.565,9,0.47,3.5,47,6,1.03,1.06,1.05,1.11,1.11,85,82,92,75,86,0.07,0.23,0.2,0.47,0.46,25,81,0.735,0.481,4.015,1311,6,169,0,keskin_bicakx1 nadir_tohumx2 agir_darbex2 kritik_gozx1 altin_hedefx1 yikim_gucux1 hizli_bilekx1,48,0,65,65,195,81,108,0,2,0,3,,0,0,0,0,0,0,0,0,0,0,0.815,225.323,7.046,247,0,1845,0,0,10373,0,0,3,19,19,2755,2,0,1.8667,0,19000,0,6,65,65.167,5.151,5.235,5.08,,,,514,0,0,0,0,,0.508,0,0,0,0,0,0,0,0,0,0,0,0,0,0,0,0,0,0,0,0.69,0.939,3.264,0.043,0,kalabalik
4,Run50_AlphaDengeV1,Uyumsuz,bahcivan,standart,103,HA,34,,,652,289,248,28,16,71,219,170,144,93,26,20249,20249,1,0,0,3255,1868,710,3509,2167,4369,41332,68,6,105.24,1.25,1.3,1.377,1.565,9,0.47,3.5,47,8.96,1.02,1.11,1.01,1.04,1.06,94,81,91,84,73,0.34,0.72,0.09,0.55,0.34,25,81,0.614,0.407,3.917,1344,4,173,0,keskin_bicakx1 nadir_tohumx2 agir_darbex2 kritik_gozx1 altin_hedefx2 yikim_gucux1 hizli_bilekx1,67,0,65,67,201,81,114,0,2,0,3,,0,0,0,0,0,0,0,0,0,0,0.704,311.523,10.031,363,0,2904,0,0,12705,0,0,3,19,19,2755,2,0,1.8667,0,21000,0,6,65,65.167,7.337,9,6.013,,,,715,0,0,0,0,,0.513,0,0,0,0,0,0,0,0,0,0,0,0,0,0,0,0,0,0,0,0.738,1.035,3.971,0.048,0,kalabalik
4,Run50_AlphaDengeV1,Uyumsuz,bahcivan,standart,103,HA,35,,,612,293,180,20,19,100,196,173,135,85,23,19378,39627,1,0,0,3645,1628,560,4004,2195,4929,40092,70,6,109.63,1.25,1.3,1.377,1.565,9,0.487,3.5,47,9,1.03,1.07,1.02,1.09,1.09,89,77,91,83,75,0.16,0.53,0.16,0.45,0.38,25,81,0.655,0.481,3.917,1344,5,178,0,keskin_bicakx1 nadir_tohumx2 agir_darbex2 kritik_gozx1 altin_hedefx2 yikim_gucux1 hizli_bilekx1,62,0,65,69,207,81,120,0,2,0,3,,0,0,0,0,0,0,0,0,0,0,0.506,298.123,9.415,319,0,3035,0,0,9797,0,0,3,19,19,3755,2,0,1.9333,0,22000,0,6,65,65.167,5.834,6.357,5.353,,,,631,0,0,0,0,,0.531,0,0,0,0,0,0,0,0,0,0,0,0,0,0,0,0,0,0,0,0.726,1.018,3.772,0.048,0,kalabalik
4,Run50_AlphaDengeV1,Uyumsuz,bahcivan,standart,103,HA,36,,,555,293,148,27,21,66,202,156,114,66,17,16081,55708,1,16081,1,3320,1480,476,3794,2985,5280,34691,71,3,117.04,1.25,1.3,1.377,1.615,9,0.503,3.5,47,8.79,1.04,1.14,1.01,1.02,1.15,87,73,90,84,75,0.38,0.96,0.11,0.03,1.06,25,81,0.52,0.333,3.77,1397,5,183,0,keskin_bicakx1 nadir_tohumx2 agir_darbex2 kritik_gozx1 altin_hedefx2 yikim_gucux1 hizli_bilekx1,57,0,65,70,210,81,126,0,2,0,3,,0,0,0,0,0,0,0,0,0,0,0.506,247.4,8.538,262,0,3300,0,0,22488,0,0,3,19,19,3755,2,0,1.9333,0,23000,0,6,65,65.167,5.045,5.611,4.409,,,,543,0,0,0,0,,0.514,0,0,0,0,0,0,0,0,0,0,0,0,0,0,0,0,0,0,0,0.727,1.019,4.028,0.048,0,kalabalik
4,Run50_AlphaDengeV1,Uyumsuz,bahcivan,standart,103,HA,37,,,715,363,222,31,7,92,235,203,156,93,28,21771,21771,1,0,0,3835,2382,627,4379,4667,5907,47791,73,6,117.04,1.25,1.3,1.377,1.665,9,0.503,3.5,47,10.45,1.02,1.04,1,1,1,98,90,95,96,91,0.09,0.18,0,0,0,25,81,0.617,0.432,3.745,1406,4,187,0,keskin_bicakx1 nadir_tohumx2 agir_darbex2 kritik_gozx1 altin_hedefx2 yikim_gucux1 hizli_bilekx1 hasat_ritmix1,70,0,65,72,216,81,129,0,2,0,3,hasat_ritmi@R36,0,0,0,0,0,24,23,0,0,0,0.58,334.938,11,352,0,5153,0,0,23279,0,0,3,19,19,4855,2,0,2,0,25000,0,3,65,65.167,4.309,5.108,3.485,,,,783,0,0,0,0,,0.531,0,0,0,0,0,0,0,0,0,0,0,0,0,0,0,0,0,0,0,0.799,1.096,6.259,0.056,0,kalabalik
4,Run50_AlphaDengeV1,Uyumsuz,bahcivan,standart,103,HA,38,,,734,363,211,43,18,99,249,212,152,94,27,23199,44970,1,0,0,4225,1968,846,4304,4935,6613,50470,75,6,129.42,1.25,1.3,1.377,1.665,9,0.503,3.5,47,10.43,1.03,1.02,1,1.02,1,97,88,99,92,80,0.13,0.13,0,0.09,0,25,81,0.598,0.383,3.693,1426,4,191,0,keskin_bicakx1 nadir_tohumx2 agir_darbex2 kritik_gozx1 altin_hedefx2 yikim_gucux1 hizli_bilekx1 hasat_ritmix1,74,0,65,74,222,81,135,0,2,0,3,hasat_ritmi@R36,0,0,0,0,0,23,23,0,0,0,0.593,356.908,11.292,371,0,5894,0,0,22749,0,0,3,19,19,6155,2,0,2.0667,0,27000,0,6,65,65.167,4.131,4.879,3.399,,,,813,0,0,0,0,,0.569,0,0,0,0,0,0,0,0,0,0,0,0,0,0,0,0,0,0,0,0.792,1.095,5.882,0.056,0,kalabalik
4,Run50_AlphaDengeV1,Uyumsuz,bahcivan,standart,103,HA,39,,,745,380,240,40,7,78,238,213,178,88,28,24276,69246,1,0,0,3820,2508,804,3924,6673,7417,53503,77,6,129.42,1.25,1.3,1.377,1.665,9,0.52,3.5,47,10.47,1.01,1.05,1.02,1,1,98,80,98,100,100,0.05,0.4,0.09,0,0,25,81,0.597,0.296,3.655,1440,5,196,0,keskin_bicakx1 nadir_tohumx2 agir_darbex2 kritik_gozx1 altin_hedefx2 yikim_gucux1 hizli_bilekx1 hasat_ritmix1,75,0,65,76,228,81,141,0,2,0,3,hasat_ritmi@R36,0,0,0,0,0,22,23,0,0,0,0.506,373.477,11.462,365,0,6388,0,0,21252,0,0,3,19,19,7555,2,0,2.1333,0,29000,0,6,65,65.167,4.5,5.516,3.442,,,,904,0,0,0,0,,0.442,0,0,0,0,0,0,0,0,0,0,0,0,0,0,0,0,0,0,0,0.826,1.138,5.958,0.057,0,kalabalik
4,Run50_AlphaDengeV1,Uyumsuz,bahcivan,standart,103,HA,40,,,679,372,178,41,8,80,233,168,158,97,23,22282,91528,1,22282,1,3395,2386,807,3499,7159,8069,48519,79,6,142.4,1.25,1.3,1.377,1.665,9,0.537,3.5,47,10.4,1,1.06,1.04,1.05,1.11,95,79,96,89,90,0,0.23,0.43,0.23,2.22,25,81,0.644,0.469,3.631,1450,4,200,0,keskin_bicakx1 nadir_tohumx2 agir_darbex2 kritik_gozx1 altin_hedefx2 yikim_gucux1 hizli_bilekx1 hasat_ritmix1,68,0,65,78,234,81,147,0,2,0,3,hasat_ritmi@R36,0,0,0,0,0,23,22,0,0,0,0.642,342.8,10.446,307,0,7024,0,0,10771,0,0,3,19,19,7555,2,0,2.1333,0,31000,0,6,65,65.167,4.237,4.831,3.516,,,,935,0,0,0,0,,0.378,0,0,0,0,0,0,0,0,0,0,0,0,0,0,0,0,0,0,0,0.824,1.143,5.883,0.06,0,kalabalik
4,Run50_AlphaDengeV1,Uyumsuz,bahcivan,standart,103,HA,41,,,725,409,198,31,14,73,270,186,154,85,30,23008,23008,1,0,0,3915,2546,712,5914,9705,8631,52075,80,3,142.4,2,1.3,1.377,1.665,9,0.537,3.611,47,10.47,1,1.01,1,1,1,100,96,100,100,92,0,0.03,0,0,0,25,81,0.637,0.444,3.592,1466,2,202,0,keskin_bicakx1 nadir_tohumx2 agir_darbex2 kritik_gozx1 altin_hedefx2 yikim_gucux1 hizli_bilekx1 hasat_ritmix1 canavar_kesimix1,72,0,65,79,237,81,153,0,2,0,3,hasat_ritmi@R36,0,0,0,0,0,23,23,0,0,0,0.63,353.969,11.154,316,0,11635,0,0,31846,0,0,3,19,19,9055,2,0,2.2,0,32000,0,6,65,65.167,4.744,4.735,4.756,,,,809,0,0,0,0,,0.496,0,0,0,0,0,0,0,0,0,0,0,0,0,0,0,0,0,0,0,0.821,1.115,5.84,0.056,0,kalabalik
4,Run50_AlphaDengeV1,Uyumsuz,bahcivan,standart,103,HA,42,,,740,400,206,38,12,84,244,179,190,99,28,24389,47397,1,0,0,3685,2847,810,3999,12502,7351,55170,82,6,150.4,2,1.3,1.377,1.665,9,0.537,3.611,47,10.53,1.01,1.01,1,1,1,99,97,100,100,100,0.08,0.01,0,0,0,25,106,0.686,0.349,3.592,1918,4,206,9,keskin_bicakx1 nadir_tohumx2 agir_darbex2 kritik_gozx1 altin_hedefx2 yikim_gucux1 hizli_bilekx1 hasat_ritmix1 canavar_kesimix1,70,0,65,81,243,81,156,0,2,0,3,hasat_ritmi@R36,0,0,0,0,0,23,24,0,0,0,0.623,375.215,11.385,340,0,12363,0,0,22016,0,0,3,19,19,9055,2,0,2.2,0,34000,0,3,65,65.167,4.895,5.37,4.336,,,,867,0,0,0,0,,0.484,0,0,0,0,0,0,0,0,0,0,0,0,0,0,0,0,0,0,0,0.83,1.162,7.097,0.06,0,kalabalik
4,Run50_AlphaDengeV1,Uyumsuz,bahcivan,standart,103,HA,43,,,742,434,153,55,10,90,240,209,164,96,33,24005,71402,1,24005,1,4105,2430,888,7294,14932,8044,55783,84,6,150.4,2,1.3,1.377,1.665,9,0.553,3.722,47,10.43,1,1.02,1,1,1,97,98,100,97,100,0,0.25,0,0,0,31,121,0.637,0.43,3.842,2047,2,208,6,keskin_bicakx1 nadir_tohumx2 agir_darbex2 kritik_gozx1 altin_hedefx2 yikim_gucux1 hizli_bilekx1 hasat_ritmix1 canavar_kesimix1,72,0,65,83,249,87,156,0,2,0,3,hasat_ritmi@R36,0,0,0,0,0,24,23,0,0,0,0.554,369.308,11.415,308,0,12696,0,0,8799,0,0,3,20,20,9055,3,0,2.2,0,36000,0,6,65,65.167,7.849,7.542,8.282,,,,1049,0,0,0,0,,0.354,0,0,0,0,0,0,0,0,0,0,0,0,0,0,0,0,0,0,0,0.964,1.355,7.132,0.074,0,kalabalik
4,Run50_AlphaDengeV1,Uyumsuz,bahcivan,standart,103,HA,44,,,1067,563,263,47,15,179,348,279,254,146,40,35329,35329,1,0,0,5190,3897,1278,5664,18829,9322,80402,86,6,158.4,2,1.3,0.964,1.665,9,0.57,3.722,67,10.43,1.01,1.03,1.01,1.01,1,97,93,96,96,100,0.01,0.19,0.05,0.08,0,31,121,0.605,0.364,3.842,2047,3,211,0,keskin_bicakx1 nadir_tohumx2 agir_darbex2 kritik_gozx1 altin_hedefx2 yikim_gucux1 hizli_bilekx1 hasat_ritmix1 canavar_kesimix1 firtina_bilegix1,109,0,65,85,255,93,156,0,2,0,3,hasat_ritmi@R36,0,0,0,0,0,32,33,0,0,0,0.529,543.523,16.415,504,0,13361,0,0,15201,0,0,3,23,23,9055,3,0,2.2,0,39000,0,6,65,65.167,4.346,4.53,4.141,,,,1422,0,0,0,0,,0.392,0,0,0,0,0,0,0,0,0,0,0,0,0,0,0,0,0,0,0,1.02,1.481,6.39,0.086,0,kalabalik
4,Run50_AlphaDengeV1,Uyumsuz,bahcivan,standart,103,HA,45,,,1062,595,243,35,22,167,387,276,226,132,41,30784,66113,1,0,0,5710,3402,1206,11374,22231,10288,78287,88,6,158.4,2,1.3,0.964,1.665,9,0.57,3.833,67,10.45,1.01,1.02,1,1.02,1.04,97,92,100,96,100,0.12,0.11,0,0.08,0.14,31,121,0.617,0.463,3.766,2088,1,212,0,keskin_bicakx1 nadir_tohumx2 agir_darbex2 kritik_gozx1 altin_hedefx2 yikim_gucux1 hizli_bilekx1 hasat_ritmix1 canavar_kesimix1 firtina_bilegix1,104,0,65,87,261,99,156,0,2,0,3,hasat_ritmi@R36,0,0,0,0,0,34,33,0,0,0,0.554,473.6,16.338,467,0,13704,0,0,14488,0,0,3,26,26,9055,3,0,2.2,0,41000,0,6,65,65.167,4.66,4.793,4.489,,,,1504,0,0,0,0,,0.391,0,0,0,0,0,0,0,0,0,0,0,0,0,0,0,0,0,0,0,1.081,1.586,8.705,0.085,1,kalabalik
4,Run50_AlphaDengeV1,Uyumsuz,bahcivan,standart,103,HA,46,,,872,474,205,48,8,137,290,254,201,103,24,22487,88600,1,22487,1,5070,2739,738,14044,24970,11026,64343,89,3,158.4,2,1.3,0.964,1.665,9,0.57,3.833,67,8.51,1.01,1.02,1,1.03,1,93,92,97,92,100,0.09,0.08,0,0.03,0,31,121,0.689,0.496,3.766,2088,1,213,0,keskin_bicakx1 nadir_tohumx2 agir_darbex2 kritik_gozx1 altin_hedefx2 yikim_gucux1 hizli_bilekx1 hasat_ritmix1 canavar_kesimix1 firtina_bilegix1,96,0,65,88,264,105,156,0,2,0,3,hasat_ritmi@R36,0,0,0,0,0,27,28,0,0,0,0.628,345.954,13.415,398,0,12293,0,0,37831,0,0,3,27,27,9055,3,0,2.2,0,42000,0,6,65,65.167,6.298,5.693,7.018,,,,1318,0,0,0,0,,0.36,0,0,0,0,0,0,0,0,0,0,0,0,0,0,0,0,0,0,0,0.992,1.428,7.044,0.081,0,kalabalik
4,Run50_AlphaDengeV1,Uyumsuz,bahcivan,standart,103,HA,47,,,1157,571,260,27,11,288,390,304,260,154,49,36683,36683,1,0,0,6945,3765,1254,20989,28735,11990,86609,91,6,158.4,2,1.3,0.964,1.665,9,0.57,3.944,67,10.43,1.02,1.05,1,1.02,1,96,88,97,96,93,0.08,0.25,0,0.19,0,31,121,0.587,0.298,3.766,2088,1,214,0,keskin_bicakx1 nadir_tohumx2 agir_darbex2 kritik_gozx1 altin_hedefx2 yikim_gucux1 hizli_bilekx1 hasat_ritmix1 canavar_kesimix1 firtina_bilegix1 cifte_akimx1,127,0,65,90,270,108,156,0,2,0,3,hasat_ritmi@R36 cifte_akim@R46,124,124,0,329,151,33,32,6,0,0,0.554,564.354,17.8,435,0,13762,0,0,38440,0,0,3,30,30,9055,3,0,2.2,0,45000,0,3,65,65.167,4.089,3.651,4.596,,,4.295,1531,0,0,0,0,,0.425,0,0,0,0,0,0,0,0,0,0,0,0,0,0,0,0,0,0,0,1.177,1.731,7.049,0.087,0,kalabalik
4,Run50_AlphaDengeV1,Uyumsuz,bahcivan,standart,103,HA,48,,,1112,563,233,29,28,259,378,283,237,169,45,36977,73660,1,0,0,6325,3366,1434,27314,32101,13424,84600,93,6,158.4,2,1.3,0.964,1.665,9,0.57,3.944,67,10.45,1.02,1.02,1.01,1.05,1,94,86,94,90,95,0.1,0.16,0.1,0.34,0,31,121,0.602,0.397,3.766,2088,0,214,0,keskin_bicakx1 nadir_tohumx2 agir_darbex2 kritik_gozx1 altin_hedefx2 yikim_gucux1 hizli_bilekx1 hasat_ritmix1 canavar_kesimix1 firtina_bilegix1 cifte_akimx1,112,0,65,92,276,114,156,0,2,0,3,hasat_ritmi@R36 cifte_akim@R46,128,128,0,405,153,33,33,2,0,0,0.554,568.877,17.108,396,0,13712,0,0,32040,0,0,3,31,31,9055,4,0,2.2,0,48000,0,6,65,65.167,4.167,4.016,4.463,,,3.954,1665,0,0,0,0,,0.183,0,0,0,0,0,0,0,0,0,0,0,0,0,0,0,0,0,0,0,1.172,1.767,13.658,0.095,0,kalabalik
4,Run50_AlphaDengeV1,Uyumsuz,bahcivan,standart,103,HA,49,,,1091,557,220,47,26,241,368,288,234,163,38,32264,105924,1,0,0,5600,3522,1392,32914,35623,14486,83031,95,6,158.4,2,1.3,0.964,1.665,9,0.57,4.056,67,10.39,1.01,1.04,1.01,1,1.05,95,82,92,91,81,0.05,0.09,0.02,0,1.98,31,121,0.603,0.388,3.766,2088,1,215,0,keskin_bicakx1 nadir_tohumx2 agir_darbex2 kritik_gozx1 altin_hedefx2 yikim_gucux1 hizli_bilekx1 hasat_ritmix1 canavar_kesimix1 firtina_bilegix1 cifte_akimx1,113,0,65,94,282,120,156,0,2,0,3,hasat_ritmi@R36 cifte_akim@R46,118,118,0,397,139,32,32,0,0,0,0.595,496.369,16.785,395,0,13639,0,0,18071,0,0,3,32,32,9055,4,0,2.2,0,51000,0,6,65,65.167,4.268,4.286,4.498,,,3.546,1683,0,0,0,0,,0.188,0,0,0,0,0,0,0,0,0,0,0,0,0,0,0,0,0,0,0,1.227,1.825,7.1,0.092,0,kalabalik
4,Run50_AlphaDengeV1,Uyumsuz,bahcivan,standart,103,HA,50,,,1125,563,222,37,22,281,382,306,252,148,37,33212,139136,1,33212,1,6405,3651,1194,39319,39274,15680,83989,96,3,158.4,2,1.3,0.964,1.665,9,0.57,4.056,67,10.4,1.03,1.02,1.01,1.01,1.04,93,84,96,84,76,0.21,0.12,0.15,0.02,0.25,31,121,0.602,0.463,3.766,2088,0,215,0,keskin_bicakx1 nadir_tohumx2 agir_darbex2 kritik_gozx1 altin_hedefx2 yikim_gucux1 hizli_bilekx1 hasat_ritmix1 canavar_kesimix1 firtina_bilegix1 cifte_akimx1,113,0,65,95,285,121,161,0,2,0,3,hasat_ritmi@R36 cifte_akim@R46,138,138,0,493,164,32,32,2,0,0,0.579,510.954,17.308,398,0,14007,0,0,51060,0,0,3,32,32,9055,4,0,2.2,0,52000,0,6,65,65.167,4.433,4.508,4.622,,,3.706,1897,0,0,0,0,,0.213,0,0,0,0,0,0,0,0,0,0,0,0,0,0,0,0,0,0,0,1.26,2,8.797,0.098,0,kalabalik
4,Run50_AlphaDengeV1,Uyumsuz,bahcivan,standart,103,HA,50,KAZANDI
5,Run50_AlphaDengeV1,Uyumsuz,bahcivan,standart,104,HA,1,,,13,13,0,0,0,0,11,2,0,0,0,17,17,1,0,0,30,0,0,30,0,0,280,1,0,10,1,1,3,0.9,4,0.3,2,13,2.23,2.09,2.5,,,,9,0,,,,3.27,4.5,,,,2,4,0.358,0,8,23,0,0,2,,4,0.231,45,0,0,0,0,0,0,0,0,,0,0,0,0,0,0,0,0,0,0,0.75,0.378,0.289,0,0,22,0,0,280,0,0,0,0,0,0,0,0,1,0,390,0,0,45,45.133,4.464,4.464,,,,,0,0,0,0,0,,,0,0,0,0,0,0,0,0,0,0,0,0,0,0,0,0,0,0,0,0.325,0.427,2.197,0.013,0,kalabalik
5,Run50_AlphaDengeV1,Uyumsuz,bahcivan,standart,104,HA,2,,,13,13,0,0,0,0,9,2,2,0,0,35,52,1,0,0,26,8,0,31,8,0,320,2,3,10.67,1,1,3,0.9,4,0.3,2,14,2.64,2.44,2,3,,,0,0,0,,,4.33,3,9,,,3,5,0.522,0.2,8,28,1,1,1,,4,0,45,1,3,0,0,0,0,0,0,,0,0,0,0,0,0,0,0,0,0,0.8,0.778,0.289,0,0,24,0,0,210,0,0,0,0,0,0,0,0,1,0,410,0,0,45,45.133,7.085,7.085,,,,,0,0,0,0,0,,,0,0,0,0,0,0,0,0,0,0,0,0,0,0,0,0,0,0,0,0.33,0.443,1.645,0.012,0,kalabalik
5,Run50_AlphaDengeV1,Uyumsuz,bahcivan,standart,104,HA,3,,,15,14,1,0,0,0,10,3,1,1,0,59,111,1,59,1,32,4,2,36,12,2,380,3,3,11.33,1,1,3,0.9,4,0.3,2,14,2.79,2.11,1.67,4,3,,0,0,0,0,,3.67,4,18,12,,4,6,0.559,0,8,34,1,2,1,,5,0.044,45,2,6,3,0,0,2,0,3,,0,0,0,0,0,0,0,0,0,0,0.5,1.311,0.333,1,0,26,0,0,180,0,0,3,3,2,0,0,0,1,0,420,0,3,45,45.133,9.718,9.7,9.967,,,,3,0,0,0,0,,0.324,0,0,0,0,0,0,0,0,0,0,0,0,0,0,0,0,0,0,0,0.351,0.457,1.552,0.012,0,kalabalik
5,Run50_AlphaDengeV1,Uyumsuz,bahcivan,standart,104,HA,4,,,25,22,3,0,0,0,19,6,0,0,0,37,37,1,0,0,62,0,0,64,12,2,609,4,3,12,1.25,1,2.892,0.9,4,0.3,2,13,3,1.44,2,,,,47,0,,,,1.26,2.89,,,,4,6,0.308,0,7.804,35,5,7,0,keskin_bicakx1,6,0.262,45,3,9,6,0,0,2,0,3,,0,0,0,0,0,0,0,0,0,0,0.167,0.822,0.556,3,0,32,0,0,369,0,0,3,5,4,6,1,0,1.0667,0,440,0,3,45,45.133,4.643,4.88,2.9,,,,9,0,0,0,0,,0.417,0,0,0,0,0,0,0,0,0,0,0,0,0,0,0,0,0,0,0,0.359,0.49,1.99,0.013,0,kalabalik
5,Run50_AlphaDengeV1,Uyumsuz,bahcivan,standart,104,HA,5,,,25,16,9,0,0,0,17,7,1,0,0,48,85,1,0,0,62,4,0,66,16,2,663,6,6,12,1.25,1,2.892,0.9,4,0.3,2,15,2.73,1.42,2.33,2,,,31,0,0,0,,3.13,4.81,5.77,,,6,9,0.47,0,7.804,52,0,7,2,keskin_bicakx1,7,0.099,45,5,15,9,0,0,2,0,3,,0,0,0,0,0,0,0,0,0,0,0.222,1.067,0.556,9,0,34,0,0,122,0,0,3,5,5,6,2,0,1.0667,0,490,0,3,45,45.133,6.455,6.223,6.867,,,,16,0,0,0,0,,0.277,0,0,0,0,0,0,0,0,0,0,0,0,0,0,0,0,0,0,0,0.37,0.51,2,0.012,0,kalabalik
5,Run50_AlphaDengeV1,Uyumsuz,bahcivan,standart,104,HA,6,,,25,21,4,0,0,0,16,5,2,2,0,111,196,1,111,1,52,8,4,52,24,6,746,7,3,12.67,1.25,1,2.789,0.9,4,0.3,2,18,2.11,1.38,1.75,2,2,,57,20,0,0,,1.07,2.78,4.18,2.8,,6,9,0.303,0,7.613,65,5,12,0,keskin_bicakx1,6,0.166,55,6,18,9,6,0,2,0,3,,0,0,0,0,0,0,0,0,0,0,0.111,2.018,0.455,4,0,36,0,0,378,0,0,3,5,5,6,2,0,1.0667,0,520,0,6,55,55.133,6.565,6.881,4.908,,,,13,0,0,0,0,,0.313,0,0,0,0,0,0,0,0,0,0,0,0,0,0,0,0,0,0,0,0.393,0.524,2.077,0.012,0,kalabalik
5,Run50_AlphaDengeV1,Uyumsuz,bahcivan,standart,104,HA,7,,,44,30,14,0,0,0,33,6,5,0,0,101,101,1,0,0,90,20,0,91,44,6,1166,9,6,13.33,1.563,1,2.789,0.9,4,0.3,2,19,3.32,1.4,1.67,1.5,,,43,40,33,,,1.4,5.12,3.49,,,7,11,0.449,0.091,7.613,79,1,13,1,keskin_bicakx2,6,0.001,55,8,24,12,6,0,2,0,3,,0,0,0,0,0,0,0,0,0,0,0.273,1.836,0.8,14,0,48,0,0,464,0,0,3,7,6,6,3,0,1.0667,0,600,0,3,55,55.133,5.701,6.372,4.262,,,,34,0,0,0,0,,0.222,0,0,0,0,0,0,0,0,0,0,0,0,0,0,0,0,0,0,0,0.428,0.565,2.179,0.015,0,kalabalik
5,Run50_AlphaDengeV1,Uyumsuz,bahcivan,standart,104,HA,8,,,42,28,11,0,0,3,31,10,0,1,0,91,192,1,0,0,112,0,2,112,44,8,1078,11,6,13.33,1.563,1,2.789,0.9,4,0.3,2,19,3.37,1.32,2.2,,3,,52,9,,0,,1.4,8.37,,19.53,,9,15,0.603,0.2,7.148,115,1,14,2,keskin_bicakx2,7,0,55,10,30,18,6,0,2,0,3,,0,0,0,0,0,0,0,0,0,0,0.8,1.655,0.764,14,0,50,0,0,302,0,0,3,9,8,6,3,0,1.0667,0,700,0,6,55,55.133,10.282,10.324,10.198,,,,26,0,0,0,0,,0.235,0,0,0,0,0,0,0,0,0,0,0,0,0,0,0,0,0,0,0,0.421,0.554,2.522,0.015,0,kalabalik
5,Run50_AlphaDengeV1,Uyumsuz,bahcivan,standart,104,HA,9,,,48,36,12,0,0,0,30,15,3,0,0,105,297,1,0,0,135,12,0,143,26,8,1283,13,6,14,1.563,1,2.689,0.9,4,0.3,2,20,3.55,1.43,1.2,2,,,41,36,0,,,3.62,2.15,15.23,,,10,17,0.633,0.412,7.018,133,5,19,1,keskin_bicakx2,7,0,55,12,36,24,6,0,2,0,3,,0,0,0,0,0,0,0,0,0,0,0.706,1.909,0.873,12,0,51,0,0,135,0,0,3,9,8,6,3,0,1.0667,0,810,0,6,55,55.133,9.017,9.554,7.406,,,,25,0,0,0,0,,0.159,0,0,0,0,0,0,0,0,0,0,0,0,0,0,0,0,0,0,0,0.541,0.75,2.284,0.016,0,kalabalik
5,Run50_AlphaDengeV1,Uyumsuz,bahcivan,standart,104,HA,10,,,53,41,11,0,0,1,30,15,6,2,0,195,492,1,195,1,135,24,4,144,50,12,1550,14,3,15.64,1.563,1,2.592,0.9,4,0.3,2,21,3.86,1.36,1.58,1.8,3.5,,50,40,0,0,,2.12,2.16,7.77,32.42,,11,20,0.649,0.4,7.056,156,4,23,1,keskin_bicakx2,10,0,55,13,39,25,11,0,2,0,3,,0,0,0,0,0,0,0,0,0,0,0.7,3.545,0.964,12,0,65,0,0,875,0,0,3,9,9,6,3,0,1.0667,0,880,0,6,55,55.133,9.355,8.464,12.397,,,,38,0,0,0,0,,0.266,0,0,0,0,0,0,0,0,0,0,0,0,0,0,0,0,0,0,0,0.432,0.581,1.863,0.017,0,kalabalik
5,Run50_AlphaDengeV1,Uyumsuz,bahcivan,standart,104,HA,11,,,84,65,18,1,0,0,52,18,12,2,0,286,286,1,0,0,246,48,4,254,58,16,2725,17,9,16.36,1.563,1,2.5,0.9,4,0.3,2,26,4,1.17,1.27,1.63,1,,77,50,11,100,,1.28,2.67,10.02,0,,12,23,0.62,0.391,6.637,225,6,29,1,keskin_bicakx2 nadir_tohumx1,14,0,65,16,48,25,14,0,2,0,3,,0,0,0,0,0,0,0,0,0,0,0.783,4.4,1.292,19,0,61,0,0,770,0,0,3,9,9,14,3,0,1.1333,0,1100,0,3,65,65.167,14.262,13.025,18.491,,,,69,0,0,0,0,,0.21,0,0,0,0,0,0,0,0,0,0,0,0,0,0,0,0,0,0,0,0.527,0.808,9.813,0.02,0,kalabalik
5,Run50_AlphaDengeV1,Uyumsuz,bahcivan,standart,104,HA,12,,,81,64,14,0,0,3,49,22,8,2,0,262,548,1,0,0,279,32,4,284,35,20,2709,19,6,18.13,1.563,1,2.41,0.9,4,0.3,2,26,4,1.13,1.53,2,2,,66,21,0,0,,2.09,7.1,18.81,20.47,,14,25,0.655,0.4,6.559,248,10,39,2,keskin_bicakx2 nadir_tohumx1,15,0,65,18,54,25,23,0,2,0,3,,0,0,0,0,0,0,0,0,0,0,0.76,4.031,1.246,17,0,74,0,0,1179,0,0,3,9,9,24,3,0,1.2,0,1300,0,9,65,65.167,13.77,12.894,17.067,,,,62,0,0,0,0,,0.259,0,0,0,0,0,0,0,0,0,0,0,0,0,0,0,0,0,0,0,0.445,0.689,2.889,0.023,0,kalabalik
5,Run50_AlphaDengeV1,Uyumsuz,bahcivan,standart,104,HA,13,,,74,55,16,1,0,2,46,14,10,3,1,432,980,1,432,1,222,40,14,234,75,34,2637,21,6,19.2,1.563,1,2.324,0.9,4,0.3,2,27,3.93,1.25,1.5,2.14,2,2,53,29,0,50,0,3.81,3.49,11.29,2.33,18.6,16,31,0.595,0.387,6.46,312,6,45,2,keskin_bicakx2 nadir_tohumx1,13,0,65,20,60,31,23,0,2,0,3,,0,0,0,0,0,0,0,0,0,0,0.581,6.646,1.138,19,0,76,0,0,1116,0,0,3,11,11,36,3,0,1.2667,0,1500,0,6,65,65.167,14.3,13.526,16.54,,,,58,0,0,0,0,,0.187,0,0,0,0,0,0,0,0,0,0,0,0,0,0,0,0,0,0,0,0.431,0.584,2.026,0.017,0,kalabalik
5,Run50_AlphaDengeV1,Uyumsuz,bahcivan,standart,104,HA,14,,,85,61,22,2,0,0,51,21,9,4,0,338,338,1,0,0,279,45,8,299,70,42,3201,23,6,20.27,1.563,1,2.24,0.935,4,0.42,2,29,4,1.14,1.41,1.83,2,,51,57,0,0,0,1.41,6.72,11.94,17.17,,17,38,0.789,0.395,6.228,397,6,51,4,keskin_bicakx2 nadir_tohumx1 kritik_gozx1,14,0,65,22,66,37,23,0,2,0,3,,0,0,0,0,0,0,0,0,0,0,0.526,5.2,1.308,24,0,83,0,0,1117,0,0,3,12,12,50,3,0,1.3333,0,1800,0,6,65,65.167,17.912,18.676,15.969,,,,71,0,0,0,0,,0.191,0,0,0,0,0,0,0,0,0,0,0,0,0,0,0,0,0,0,0,0.441,0.6,3.45,0.018,0,kalabalik
5,Run50_AlphaDengeV1,Uyumsuz,bahcivan,standart,104,HA,15,,,107,76,25,0,1,5,62,22,18,4,1,538,876,1,0,0,318,108,8,319,178,50,4317,25,6,24.3,1.563,1,2.16,0.97,4,0.42,2,30,4,1.19,1.2,1.27,2,1,62,56,8,0,0,2.62,3.89,3.93,9.72,0,18,40,0.753,0.5,6.086,427,6,57,1,keskin_bicakx2 nadir_tohumx1 kritik_gozx1,16,0,65,24,72,43,23,0,2,0,3,,0,0,0,0,0,0,0,0,0,0,0.6,8.277,1.646,31,0,97,0,0,1734,0,0,3,13,13,66,4,0,1.4,0,2100,0,6,65,65.167,17.512,19.031,13.787,,,,91,0,0,0,0,,0.23,0,0,0,0,0,0,0,0,0,0,0,0,0,0,0,0,0,0,0,0.481,0.642,2.783,0.019,0,kalabalik
5,Run50_AlphaDengeV1,Uyumsuz,bahcivan,standart,104,HA,16,,,93,53,29,7,0,4,55,20,10,6,2,639,1515,1,639,1,285,70,21,295,225,51,3831,27,6,24.3,1.563,1,2.16,0.97,4,0.42,2,30,4,1.17,1.57,2,1.5,1,56,31,0,0,0,0.97,4.17,18.58,17.83,0,19,44,0.799,0.5,5.84,490,4,61,3,keskin_bicakx2 nadir_tohumx1 kritik_gozx1,17,0,65,26,78,49,23,0,2,0,3,,0,0,0,0,0,0,0,0,0,0,0.75,9.831,1.431,40,0,97,0,0,1265,0,0,3,15,14,66,4,0,1.4,0,2400,0,6,65,65.167,22.149,24.696,18.776,,,,121,0,0,0,0,,0.245,0,0,0,0,0,0,0,0,0,0,0,0,0,0,0,0,0,0,0,0.505,0.702,3.829,0.02,0,kalabalik
5,Run50_AlphaDengeV1,Uyumsuz,bahcivan,standart,104,HA,17,,,176,92,66,10,2,6,86,40,31,14,5,1705,1705,1,0,0,588,155,55,595,192,86,8632,30,9,25.51,1.563,1,2.16,1.005,6,0.42,2,30,6,1.14,1.35,1.5,2.11,2,77,50,25,18,0,0.55,4.04,5.13,9.6,8.63,18,46,0.674,0.5,5.608,533,5,66,2,keskin_bicakx2 nadir_tohumx2 kritik_gozx1,25,0,65,29,87,49,29,0,2,0,3,,0,0,0,0,0,0,0,0,0,0,0.696,26.231,2.708,84,0,102,0,0,2097,0,0,3,15,15,84,4,0,1.4667,0,3000,0,6,65,65.167,11.95,13.802,9.922,,,,231,0,0,0,0,,0.246,0,0,0,0,0,0,0,0,0,0,0,0,0,0,0,0,0,0,0,0.654,0.925,3.611,0.026,0,kalabalik
5,Run50_AlphaDengeV1,Uyumsuz,bahcivan,standart,104,HA,18,,,193,102,68,17,0,6,79,62,30,18,4,2255,3960,1,0,0,744,170,36,833,317,62,10174,33,9,29.99,1.563,1,2.092,1.04,6,0.42,2,31,6,1.12,1.25,1.4,1.64,1.5,68,65,19,8,,1.29,1.63,2.51,6.66,4.18,15,49,0.686,0.429,5.27,604,8,74,5,keskin_bicakx2 nadir_tohumx2 kritik_gozx1,24,0,65,32,96,49,38,0,2,0,3,,0,0,0,0,0,0,0,0,0,0,0.653,34.692,2.969,91,0,125,0,0,2671,0,0,3,15,15,104,4,0,1.5333,0,3600,0,9,65,65.167,12.167,13.726,10.419,,,,286,0,0,0,0,,0.236,0,0,0,0,0,0,0,0,0,0,0,0,0,0,0,0,0,0,0,0.636,0.928,3.007,0.027,0,kalabalik
5,Run50_AlphaDengeV1,Uyumsuz,bahcivan,standart,104,HA,19,,,193,115,58,16,2,2,78,56,42,14,3,2035,5995,1,0,0,570,296,38,642,383,100,10784,36,9,33.24,1.563,1,2.026,1.075,6,0.42,2,32,6,1.02,1.14,1.31,1.8,,75,65,25,0,0,0.24,1.46,5.3,7.09,,15,49,0.696,0.469,5.27,604,7,81,0,keskin_bicakx2 nadir_tohumx2 kritik_gozx1,26,0,65,35,105,49,47,0,2,0,3,,0,0,0,0,0,0,0,0,0,0,0.714,31.308,2.969,78,0,137,0,0,1855,0,0,3,15,15,125,4,0,1.6,0,4400,0,9,65,65.167,12.461,14.521,9.425,,,,298,0,0,0,0,,0.224,0,0,0,0,0,0,0,0,0,0,0,0,0,0,0,0,0,0,0,0.614,0.847,2.959,0.027,0,kalabalik
5,Run50_AlphaDengeV1,Uyumsuz,bahcivan,standart,104,HA,20,,,183,115,51,13,1,3,67,51,41,16,8,3128,9123,1,3128,1,606,292,92,648,335,92,11026,38,6,38.16,1.563,1,2.026,1.11,6,0.42,2,32,6,1.05,1.21,1.41,1.36,2,87,62,32,40,20,0.36,1.91,4.66,2.58,16.72,16,52,0.621,0.346,5.2,650,8,89,2,keskin_bicakx2 nadir_tohumx2 kritik_gozx1,23,0,65,37,111,49,56,0,2,0,3,,0,0,0,0,0,0,0,0,0,0,0.519,48.123,2.815,68,0,153,0,0,3781,0,0,3,15,15,125,4,0,1.6,0,5000,0,9,65,65.167,11.423,13.221,8.384,,,,230,0,0,0,0,,0.2,0,0,0,0,0,0,0,0,0,0,0,0,0,0,0,0,0,0,0,0.602,0.845,3.261,0.028,0,kalabalik
5,Run50_AlphaDengeV1,Uyumsuz,bahcivan,standart,104,HA,21,,,201,114,63,13,3,8,81,54,44,15,7,2606,2606,1,0,0,711,333,78,729,355,110,11758,40,6,39.82,1.563,1,1.962,1.11,6,0.54,2,33,6,1.15,1.14,1.52,1.83,2,80,73,33,11,0,1.25,1.23,3.93,6.87,3.93,20,75,0.788,0.347,5.202,937,4,93,9,keskin_bicakx2 nadir_tohumx2 kritik_gozx2,23,0,65,39,117,55,56,0,2,0,3,,0,0,0,0,0,0,0,0,0,0,0.813,40.092,3.092,87,0,156,0,0,5239,0,0,3,15,15,125,5,0,1.6,0,5600,0,6,65,65.167,12.285,13.907,10.16,,,,305,0,0,0,0,,0.219,0,0,0,0,0,0,0,0,0,0,0,0,0,0,0,0,0,0,0,0.555,0.826,3.654,0.029,0,kalabalik
5,Run50_AlphaDengeV1,Uyumsuz,bahcivan,standart,104,HA,22,,,225,112,85,15,4,9,79,63,47,30,6,3271,5877,1,0,0,666,379,126,675,681,216,13558,43,9,43.38,1.563,1,1.962,1.145,6,0.54,2,33,6,1.05,1.22,1.46,1.71,1.75,83,63,26,7,33,0.25,3.56,4.13,4.76,11.28,22,81,0.79,0.63,5.181,1016,4,97,4,keskin_bicakx2 nadir_tohumx2 kritik_gozx2,31,0,65,42,126,61,56,0,2,0,3,,0,0,0,0,0,0,0,0,0,0,0.815,50.323,3.462,113,0,178,0,0,997,0,0,3,16,16,125,6,0,1.6,0,6600,0,6,65,65.167,11.764,12.271,11.261,,,,332,0,0,0,0,,0.231,0,0,0,0,0,0,0,0,0,0,0,0,0,0,0,0,0,0,0,0.58,0.877,2.889,0.031,0,kalabalik
5,Run50_AlphaDengeV1,Uyumsuz,bahcivan,standart,104,HA,23,,,142,77,48,13,1,3,57,29,40,8,8,2836,8713,1,2836,1,533,319,72,658,440,288,9235,44,3,45.79,1.563,1,1.901,1.145,6,0.54,2,34,4,1.11,1.31,1.3,1.4,2.25,71,27,38,0,0,0.54,1.46,1.76,1.9,8.55,22,81,0.87,0.691,5.086,1035,3,100,0,keskin_bicakx2 nadir_tohumx2 kritik_gozx2,22,0,65,43,129,70,56,0,2,0,3,,0,0,0,0,0,0,0,0,0,0,0.815,43.631,2.185,65,0,183,0,0,3632,0,0,3,18,18,125,7,0,1.6,0,7000,0,9,65,65.167,21.32,17.977,25.282,,,,224,0,0,0,0,,0.19,0,0,0,0,0,0,0,0,0,0,0,0,0,0,0,0,0,0,0,0.571,0.818,2.94,0.026,0,kalabalik
5,Run50_AlphaDengeV1,Uyumsuz,bahcivan,standart,104,HA,24,,,361,182,117,34,4,24,142,96,63,52,8,6093,6093,1,0,0,1287,522,180,1350,562,468,23370,47,9,49.54,1.563,1,1.901,1.624,9,0.54,2,34,9,1,1.07,1.14,1.33,1,87,78,55,33,0,0,0.79,1.32,4.22,0,22,81,0.699,0.531,4.962,1061,6,106,0,keskin_bicakx2 nadir_tohumx2 kritik_gozx2 genis_savurusx1,39,0,65,46,138,73,56,0,2,0,3,,0,0,0,0,0,0,0,0,0,0,0.741,93.738,5.554,179,0,197,0,0,4802,0,0,3,19,19,125,7,0,1.6,0,8200,0,3,65,65.167,21.416,25.325,17.441,,,,576,0,0,0,0,,0.22,0,0,0,0,0,0,0,0,0,0,0,0,0,0,0,0,0,0,0,0.769,1.108,20.035,0.049,0,kalabalik
5,Run50_AlphaDengeV1,Uyumsuz,bahcivan,standart,104,HA,25,,,334,170,115,31,4,14,112,96,68,48,10,7031,13124,1,0,0,1457,604,183,1527,806,601,22761,50,9,49.54,1.563,1,1.841,1.736,9,0.54,2,35,8.97,1.04,1.15,1.35,1.52,1.33,92,69,37,15,25,0.37,1.8,4.1,6.75,4.91,22,81,0.712,0.457,4.868,1081,7,113,0,keskin_bicakx2 nadir_tohumx2 kritik_gozx2 genis_savurusx1,43,0,65,49,147,81,57,0,2,0,3,,0,0,0,0,0,0,0,0,0,0,0.679,108.169,5.138,164,0,198,0,0,1763,0,0,3,21,21,125,7,0,1.6,0,9500,0,9,65,65.167,11.446,13.384,9.436,,,,600,0,0,0,0,,0.197,0,0,0,0,0,0,0,0,0,0,0,0,0,0,0,0,0,0,0,0.866,1.237,4.398,0.043,0,kalabalik
5,Run50_AlphaDengeV1,Uyumsuz,bahcivan,standart,104,HA,26,,,328,165,107,32,3,21,131,86,51,42,18,7911,21035,1,7911,1,1650,608,191,1662,694,792,21675,52,6,56.1,1.563,1,1.783,1.802,9,0.54,2,36,8.72,1.03,1.13,1.27,1.61,1.83,85,71,36,19,22,0.3,1.28,3.21,7.03,12.78,22,81,0.568,0.37,4.846,1087,7,120,0,keskin_bicakx2 nadir_tohumx2 kritik_gozx2 genis_savurusx1,36,0,65,51,153,81,66,0,2,0,3,,0,0,0,0,0,0,0,0,0,0,0.444,121.708,5.046,163,0,233,0,0,3938,0,0,3,21,21,125,7,0,1.6,0,10000,0,9,65,65.167,9.154,11.205,7.078,,,,504,0,0,0,0,,0.203,0,0,0,0,0,0,0,0,0,0,0,0,0,0,0,0,0,0,0,0.666,0.994,4.267,0.039,0,kalabalik
5,Run50_AlphaDengeV1,Uyumsuz,bahcivan,standart,104,HA,27,,,377,196,116,38,6,21,136,86,94,50,11,8361,8361,1,0,0,1608,840,242,1640,1444,1034,25597,54,6,60.05,1.563,1,1.783,1.802,9,0.66,2,36,8.97,1,1.02,1.16,1.28,2,97,78,58,30,0,0,0.76,1.38,2.43,9.51,22,81,0.691,0.444,4.806,1096,5,125,0,keskin_bicakx2 nadir_tohumx2 kritik_gozx3 genis_savurusx1,40,0,65,53,159,81,72,0,2,0,3,,0,0,0,0,0,0,0,0,0,0,0.716,128.631,5.8,181,0,241,0,0,8535,0,0,3,21,21,575,7,0,1.6667,0,12000,0,6,65,65.167,9.453,10.284,8.553,,,,709,0,0,0,0,,0.196,0,0,0,0,0,0,0,0,0,0,0,0,0,0,0,0,0,0,0,0.718,1.041,4.226,0.044,0,kalabalik
5,Run50_AlphaDengeV1,Uyumsuz,bahcivan,standart,104,HA,28,,,380,192,135,33,4,16,142,114,77,38,9,7047,15408,1,0,0,1756,867,156,1886,1031,1125,24650,56,6,65.98,1.563,1,1.783,1.868,9,0.66,2,36,8.97,1.05,1.09,1.18,1.48,1.33,87,75,63,18,17,0.53,0.8,1.54,4.28,2.38,22,81,0.699,0.506,4.688,1123,6,131,0,keskin_bicakx2 nadir_tohumx2 kritik_gozx3 genis_savurusx1,41,0,65,55,165,81,78,0,2,0,3,,0,0,0,0,0,0,0,0,0,0,0.728,108.415,5.846,188,0,285,0,0,9185,0,0,3,21,21,575,7,0,1.6667,0,13000,0,6,65,65.167,9.613,11.289,7.9,,,,629,0,0,0,0,,0.21,0,0,0,0,0,0,0,0,0,0,0,0,0,0,0,0,0,0,0,0.687,1.028,4.743,0.044,0,kalabalik
5,Run50_AlphaDengeV1,Uyumsuz,bahcivan,standart,104,HA,29,,,398,209,138,38,3,10,157,102,73,51,15,9217,24625,1,0,0,1712,765,340,1848,906,1465,27377,58,6,69.27,1.563,1,1.727,1.868,9,0.66,2,37,9,1.01,1.07,1.17,1.32,1.45,91,71,56,30,17,0.13,0.58,1.64,3.69,5.81,22,81,0.683,0.506,4.659,1130,4,135,0,keskin_bicakx2 nadir_tohumx2 kritik_gozx3 genis_savurusx1,41,0,65,57,171,81,84,0,2,0,3,,0,0,0,0,0,0,0,0,0,0,0.691,141.8,6.123,189,0,295,0,0,10562,0,0,3,21,21,1165,7,0,1.7333,0,14000,0,6,65,65.167,9.016,10.056,7.866,,,,667,0,0,0,0,,0.199,0,0,0,0,0,0,0,0,0,0,0,0,0,0,0,0,0,0,0,0.706,1.062,4.188,0.045,0,kalabalik
5,Run50_AlphaDengeV1,Uyumsuz,bahcivan,standart,104,HA,30,,,260,133,65,38,7,17,97,65,60,28,10,6854,31479,1,6854,1,1376,558,180,1404,594,1565,19360,60,6,73.42,1.563,1,1.727,1.934,9,0.677,2,37,6,1.02,1.11,1.34,1.79,1.43,93,70,40,0,14,0.12,0.67,2.75,6.42,2.47,22,81,0.795,0.642,4.516,1166,8,143,0,keskin_bicakx2 nadir_tohumx2 kritik_gozx3 genis_savurusx1,32,0,65,59,177,81,90,0,2,0,3,,0,0,0,0,0,0,0,0,0,0,0.741,105.446,4,127,0,320,0,0,1922,0,0,3,21,21,1165,7,0,1.7333,0,15000,0,6,65,65.167,10.161,7.768,12.666,,,,455,0,0,0,0,,0.235,0,0,0,0,0,0,0,0,0,0,0,0,0,0,0,0,0,0,0,0.63,0.877,3.871,0.036,0,kalabalik
5,Run50_AlphaDengeV1,Uyumsuz,bahcivan,standart,104,HA,31,,,448,234,150,39,6,19,167,114,102,46,19,10264,10264,1,0,0,2191,1269,242,3000,1753,1807,31551,62,6,73.42,1.563,1,1.727,2.64,12,0.693,2,37,11.92,1.03,1.11,1.28,1.57,1.82,85,81,34,19,0,0.13,0.94,1.66,4.2,8.63,22,81,0.674,0.469,4.516,1166,3,146,0,keskin_bicakx2 nadir_tohumx2 kritik_gozx3 genis_savurusx2,47,0,65,61,183,81,96,0,2,0,3,,0,0,0,0,0,0,0,0,0,0,0.568,157.908,6.892,214,0,293,0,0,2473,0,0,3,21,21,1165,7,0,1.7333,0,16000,0,6,65,65.167,11.291,11.981,10.537,,,,783,0,0,0,0,,0.227,0,0,0,0,0,0,0,0,0,0,0,0,0,0,0,0,0,0,0,0.753,1.119,4.765,0.051,0,kalabalik
5,Run50_AlphaDengeV1,Uyumsuz,bahcivan,standart,104,HA,32,,,499,267,154,50,11,17,171,144,113,59,12,10341,20605,1,0,0,2278,1298,435,2448,1331,2147,36114,64,6,83.44,1.563,1,1.673,2.64,12,0.693,2,38,11.97,1.01,1.05,1.33,1.53,1.67,91,82,38,21,0,0.21,0.2,2.6,3.01,5.01,22,81,0.644,0.358,4.441,1186,7,153,0,keskin_bicakx2 nadir_tohumx2 kritik_gozx3 genis_savurusx2,61,0,65,63,189,81,102,0,2,0,3,,0,0,0,0,0,0,0,0,0,0,0.58,159.092,7.677,232,0,344,0,0,5587,0,0,3,21,21,1895,7,0,1.8,0,18000,0,6,65,65.167,7.075,7.833,6.203,,,,822,0,0,0,0,,0.218,0,0,0,0,0,0,0,0,0,0,0,0,0,0,0,0,0,0,0,0.759,1.124,5.144,0.053,0,kalabalik
5,Run50_AlphaDengeV1,Uyumsuz,bahcivan,standart,104,HA,33,,,401,228,102,49,6,16,141,105,79,59,17,10567,31172,1,10567,1,2081,1012,430,2409,1833,2577,32836,66,6,83.44,1.563,1,1.673,2.727,12,0.71,2,38,11.24,1.08,1.14,1.22,1.74,1.57,80,72,26,11,0,0.4,0.66,1.22,5.75,5.02,22,81,0.571,0.284,4.333,1215,5,158,0,keskin_bicakx2 nadir_tohumx2 kritik_gozx3 genis_savurusx2,58,0,65,65,195,81,108,0,2,0,3,,0,0,0,0,0,0,0,0,0,0,0.63,162.569,6.169,173,0,365,0,0,2423,0,0,3,21,21,1895,7,0,1.8,0,19000,0,6,65,65.167,7.362,7.779,6.813,,,,648,0,0,0,0,,0.205,0,0,0,0,0,0,0,0,0,0,0,0,0,0,0,0,0,0,0,0.735,1.068,5.297,0.049,0,kalabalik
5,Run50_AlphaDengeV1,Uyumsuz,bahcivan,standart,104,HA,34,,,529,263,185,48,3,30,197,137,115,59,21,12846,12846,1,0,0,2800,1446,440,3309,1509,2907,39459,68,6,94.04,1.563,1,1.673,2.727,12,0.71,2,38,11.95,1.02,1.14,1.2,1.41,1.3,90,84,60,25,33,0.11,1.04,2.17,2.88,3.18,22,81,0.677,0.481,3.596,1464,4,162,0,keskin_bicakx2 nadir_tohumx2 kritik_gozx3 genis_savurusx2 bereketli_toprakx1,65,0,65,67,201,81,114,0,2,0,3,,0,0,0,0,0,0,0,0,0,0,0.765,197.631,8.138,266,0,431,0,0,2882,0,0,3,21,21,1895,7,0,1.8,0,21000,0,6,65,65.167,6.721,7.114,6.333,,,,918,0,0,0,0,,0.23,0,0,0,0,0,0,0,0,0,0,0,0,0,0,0,0,0,0,0,0.775,1.171,4.598,0.055,0,kalabalik
5,Run50_AlphaDengeV1,Uyumsuz,bahcivan,standart,104,HA,35,,,513,249,173,49,9,33,188,131,101,75,18,13857,26703,1,0,0,2769,1192,520,3598,1501,3427,39345,69,3,94.04,1.563,1,1.62,2.727,12,0.71,2,40,12,1.05,1.12,1.38,1.6,1.89,91,74,35,28,30,0.26,0.69,2.27,3.61,5.22,22,81,0.709,0.457,3.509,1500,6,168,0,keskin_bicakx2 nadir_tohumx2 kritik_gozx3 genis_savurusx2 bereketli_toprakx1,68,0,65,68,204,81,120,0,2,0,3,,0,0,0,0,0,0,0,0,0,0,0.617,213.185,7.892,264,0,413,0,0,21227,0,0,3,21,21,2755,7,0,1.8667,0,22000,0,6,65,65.167,7.13,7.788,6.508,,,,909,0,0,0,0,,0.228,0,0,0,0,0,0,0,0,0,0,0,0,0,0,0,0,0,0,0,0.769,1.135,4.687,0.053,0,kalabalik
5,Run50_AlphaDengeV1,Uyumsuz,bahcivan,standart,104,HA,36,,,459,233,161,41,6,18,154,125,99,60,21,12897,39600,1,12897,1,2641,1344,483,2839,1445,3785,35299,71,6,105.24,1.563,1,1.62,2.727,12,0.71,2,40,9,1,1.08,1.14,1.38,1.5,98,74,55,30,0,0,0.5,1.07,2.57,1.36,22,81,0.727,0.519,3.509,1500,4,172,0,keskin_bicakx2 nadir_tohumx2 kritik_gozx3 genis_savurusx2 bereketli_toprakx1,55,0,65,70,210,81,123,0,2,0,3,,0,0,0,0,0,0,0,0,0,0,0.617,198.415,7.062,226,0,462,0,0,12526,0,0,3,21,21,2755,7,0,1.8667,0,23000,0,3,65,65.167,8.446,8.976,7.901,,,,914,0,0,0,0,,0.228,0,0,0,0,0,0,0,0,0,0,0,0,0,0,0,0,0,0,0,0.765,1.173,5.276,0.053,0,kalabalik
5,Run50_AlphaDengeV1,Uyumsuz,bahcivan,standart,104,HA,37,,,738,428,231,48,3,28,253,186,170,103,26,19141,19141,1,0,0,3935,2332,651,4864,2447,4436,60582,74,9,105.24,1.563,1,1.62,2.727,12,0.727,2,40,16.85,1,1.03,1.13,1.23,1.41,96,88,65,61,36,0,0.15,0.52,1.34,2.57,22,81,0.591,0.321,3.406,1546,5,177,0,keskin_bicakx2 nadir_tohumx2 kritik_gozx3 genis_savurusx2 bereketli_toprakx1 hasat_ritmix1,87,0,65,73,219,81,129,0,2,0,3,hasat_ritmi@R36,0,0,0,0,0,18,17,0,0,0,0.531,294.477,11.354,310,0,819,0,0,1108,0,0,3,21,21,3755,7,0,1.9333,0,26000,0,6,65,65.167,4.576,4.582,4.567,,,,1213,0,0,0,0,,0.251,0,0,0,0,0,0,0,0,0,0,0,0,0,0,0,0,0,0,0,0.913,1.475,19.695,0.082,0,kalabalik
5,Run50_AlphaDengeV1,Uyumsuz,bahcivan,standart,104,HA,38,,,739,441,231,41,4,22,257,180,158,102,42,24094,43235,1,0,0,4075,2659,954,4379,2806,5250,60245,76,6,117.04,1.563,1,1.62,2.727,12,0.727,2,40,17.63,1,1.04,1.17,1.23,1.42,97,90,66,69,43,0,0.5,0.98,1.18,2.49,22,81,0.601,0.309,3.387,1554,6,183,0,keskin_bicakx2 nadir_tohumx2 kritik_gozx3 genis_savurusx2 bereketli_toprakx1 hasat_ritmix1,84,0,65,75,225,81,138,0,2,0,3,hasat_ritmi@R36,0,0,0,0,0,19,20,0,0,0,0.63,370.677,11.369,298,0,842,0,0,8353,0,0,3,21,21,3755,7,0,1.9333,0,28000,0,9,65,65.167,3.931,4.042,3.767,,,,1202,0,0,0,0,,0.232,0,0,0,0,0,0,0,0,0,0,0,0,0,0,0,0,0,0,0,0.901,1.415,7.171,0.073,0,kalabalik
5,Run50_AlphaDengeV1,Uyumsuz,bahcivan,standart,104,HA,39,,,859,520,262,46,7,24,286,218,207,117,31,23624,66859,1,0,0,4715,2754,1058,5014,3090,6308,69701,78,6,121.72,1.563,1,1.62,2.901,16,0.743,2,40,20.48,1,1.09,1.13,1.27,1.55,98,87,80,65,30,0,0.32,0.58,0.96,3,22,81,0.55,0.222,3.369,1563,7,190,0,keskin_bicakx2 nadir_tohumx2 kritik_gozx3 genis_savurusx2 bereketli_toprakx1 hasat_ritmix1,96,0,65,77,231,81,144,0,2,0,3,hasat_ritmi@R36,0,0,0,0,0,20,20,0,0,0,0.346,363.446,13.215,339,0,961,0,0,21054,0,0,3,21,21,4855,7,0,2,0,30000,0,6,65,65.167,3.726,3.786,3.634,,,,1320,0,0,0,0,,0.241,0,0,0,0,0,0,0,0,0,0,0,0,0,0,0,0,0,0,0,0.96,1.55,14.356,0.084,0,kalabalik
5,Run50_AlphaDengeV1,Uyumsuz,bahcivan,standart,104,HA,40,,,779,501,208,33,13,24,294,199,162,94,30,23584,90443,1,23584,1,4470,2587,732,4564,3777,6885,65261,80,6,134.4,1.563,1,1.62,2.901,16,0.743,2,40,20.53,1.04,1.12,1.17,1.45,1.9,95,85,63,42,33,0.2,0.57,0.93,1.85,4.87,22,81,0.581,0.321,3.325,1583,5,195,0,keskin_bicakx2 nadir_tohumx2 kritik_gozx3 genis_savurusx2 bereketli_toprakx1 hasat_ritmix1,87,0,65,79,237,81,150,0,2,0,3,hasat_ritmi@R36,0,0,0,0,0,20,19,0,0,0,0.556,362.831,11.985,278,0,969,0,0,25315,0,0,3,21,21,6155,7,0,2.0667,0,32000,0,6,65,65.167,3.8,3.93,3.568,,,,1328,0,0,0,0,,0.227,0,0,0,0,0,0,0,0,0,0,0,0,0,0,0,0,0,0,0,0.951,1.553,7.295,0.08,0,kalabalik
5,Run50_AlphaDengeV1,Uyumsuz,bahcivan,standart,104,HA,41,,,893,540,264,39,6,44,311,228,187,132,35,27066,27066,1,0,0,4925,2930,1064,5289,6707,7799,76449,83,9,142.4,1.563,1,1.62,2.901,16,0.777,2.111,40,20.65,1,1.04,1.08,1.23,1.08,97,92,77,61,88,0,0.21,0.31,1.02,0.31,22,81,0.539,0.259,3.295,1598,4,199,0,keskin_bicakx2 nadir_tohumx2 kritik_gozx3 genis_savurusx2 bereketli_toprakx1 hasat_ritmix1 zincir_hasatx1,100,0,65,82,246,81,156,0,2,0,3,hasat_ritmi@R36 zincir_hasat@R40,0,0,0,0,0,20,20,0,0,0,0.593,416.4,13.738,323,30,1188,0,0,2764,0,0,3,21,21,6155,7,0,2.0667,0,35000,0,6,65,65.167,3.111,3.095,2.915,5.506,,,1228,261,183,30,0,0.137,0.261,249,21,88,4,88,4,200,0,0,0,0,0,19,540,632,30,22,8,8,1.018,1.614,12.4,0.081,0,kalabalik
5,Run50_AlphaDengeV1,Uyumsuz,bahcivan,standart,104,HA,42,,,935,558,274,36,19,48,309,246,218,128,34,27064,54130,1,0,0,5505,3330,966,5719,10012,6675,83797,85,6,142.4,1.563,1,1.62,2.901,16,0.793,2.111,40,21.9,1.01,1.04,1.18,1.21,1.33,95,90,72,63,43,0.03,0.31,1.32,1.74,1.85,24,108,0.621,0.37,3.313,2119,6,205,9,keskin_bicakx2 nadir_tohumx2 kritik_gozx3 genis_savurusx2 bereketli_toprakx1 hasat_ritmix1 zincir_hasatx1,107,0,65,84,252,81,165,0,2,0,3,hasat_ritmi@R36 zincir_hasat@R40,0,0,0,0,0,20,20,0,0,0,0.731,416.369,14.385,357,20,1216,0,0,15561,0,0,3,21,21,9055,7,0,2.2,0,38000,0,9,65,65.167,4.229,4.618,3.52,5.429,9.433,,1428,251,153,17,3,0.118,0.272,219,11,74,2,74,2,228,3,0,0,0,0,18,533,609,20,13,5,5,1.047,1.823,11.497,0.088,0,kalabalik
5,Run50_AlphaDengeV1,Uyumsuz,bahcivan,standart,104,HA,43,,,900,582,219,29,17,53,293,234,202,123,48,30339,84469,1,30339,1,5130,3435,1188,6759,13447,7668,80584,87,6,150.4,1.563,1,1.62,2.901,16,0.793,2.222,40,21.58,1.01,1.05,1.12,1.23,1.29,96,88,72,72,62,0.13,0.29,0.66,1.22,1.88,30,121,0.521,0.322,3.521,2234,2,207,6,keskin_bicakx2 nadir_tohumx2 kritik_gozx3 genis_savurusx2 bereketli_toprakx1 hasat_ritmix1 zincir_hasatx1,102,0,65,86,258,87,165,0,2,0,3,hasat_ritmi@R36 zincir_hasat@R40,0,0,0,0,0,20,20,0,0,0,0.43,466.754,13.846,298,20,1268,0,0,19145,0,0,3,23,23,9055,7,0,2.2,0,40000,0,6,65,65.167,4.73,4.761,4.48,7.746,5.733,,1352,138,76,18,2,0.106,0.158,163,9,53,2,53,2,167,2,0,0,0,0,15,463,518,20,17,2,2,1.055,1.721,10.675,0.088,0,kalabalik
5,Run50_AlphaDengeV1,Uyumsuz,bahcivan,standart,104,HA,44,,,1033,622,287,47,18,59,364,267,221,136,45,31116,31116,1,0,0,6290,3369,1194,6429,16816,8862,91540,89,6,158.4,1.563,1,1.62,2.901,16,0.81,2.222,40,22.78,1.01,1.01,1.11,1.16,1.31,96,95,67,70,46,0.07,0.08,0.66,0.98,1.12,30,121,0.668,0.397,2.998,2624,3,210,0,keskin_bicakx2 nadir_tohumx2 kritik_gozx3 genis_savurusx2 bereketli_toprakx2 hasat_ritmix1 zincir_hasatx1,119,0,65,88,264,93,165,0,2,0,3,hasat_ritmi@R36 zincir_hasat@R40,0,0,0,0,0,19,20,0,0,0,0.562,478.708,15.892,378,33,1338,0,0,29685,0,0,3,28,28,9055,7,0,2.2,0,42000,0,6,65,65.167,4.844,4.958,4.509,6.528,,,1647,329,219,33,0,0.121,0.189,261,18,103,3,103,3,238,0,0,0,0,0,17,485,591,33,30,6,6,1.211,2.088,16.18,0.094,1,kalabalik
5,Run50_AlphaDengeV1,Uyumsuz,bahcivan,standart,104,HA,45,,,1034,637,287,37,19,54,335,290,227,131,51,34863,65979,1,0,0,6115,3834,1260,10344,20650,9882,96980,91,6,158.4,1.563,1,1.62,2.901,16,0.81,2.333,40,22.88,1,1.02,1.09,1.2,1.35,99,93,87,62,35,0,0.11,0.49,1.21,1.57,30,121,0.671,0.38,2.998,2624,2,212,0,keskin_bicakx2 nadir_tohumx2 kritik_gozx3 genis_savurusx2 bereketli_toprakx2 hasat_ritmix1 zincir_hasatx1,111,0,65,90,270,99,165,0,2,0,3,hasat_ritmi@R36 zincir_hasat@R40,0,0,0,0,0,20,20,0,0,0,0.446,536.354,15.908,357,40,1431,0,0,40665,0,0,3,28,28,9055,7,0,2.2,0,45000,0,6,65,65.167,5.249,5.085,5.231,7.104,25.617,,1755,350,209,38,2,0.098,0.195,263,34,103,7,101,7,271,2,0,0,2,0,24,622,712,40,33,7,7,1.179,2.194,15.793,0.097,0,kalabalik
5,Run50_AlphaDengeV1,Uyumsuz,bahcivan,standart,104,HA,46,,,947,566,259,46,25,51,349,236,195,130,37,29672,95651,1,29672,1,5430,3069,1074,13374,23719,10956,84033,93,6,158.4,1.563,1,1.62,2.901,16,0.81,2.333,40,20.88,1.02,1.04,1.07,1.17,1.45,97,85,78,69,50,0.12,0.26,0.4,0.89,2.87,30,121,0.688,0.421,2.998,2624,1,213,0,keskin_bicakx2 nadir_tohumx2 kritik_gozx3 genis_savurusx2 bereketli_toprakx2 hasat_ritmix1 zincir_hasatx1,108,0,65,92,276,105,165,0,2,0,3,hasat_ritmi@R36 zincir_hasat@R40,0,0,0,0,0,20,19,0,0,0,0.694,456.492,14.569,350,31,2292,0,0,33698,0,0,3,29,29,9055,7,0,2.2,0,48000,0,6,65,65.167,5.54,5.53,5.459,6.637,,,1658,349,188,31,0,0.151,0.198,277,18,99,3,99,3,312,0,0,0,0,0,35,851,953,31,24,1,1,1.228,2.313,15.147,0.093,0,kalabalik
5,Run50_AlphaDengeV1,Uyumsuz,bahcivan,standart,104,HA,47,,,1072,685,278,35,21,53,381,257,244,159,31,32043,32043,1,0,0,5490,3534,1326,18864,27253,11992,97099,95,6,158.4,2.5,1,1.62,2.901,16,0.81,2.444,40,22.9,1.01,1.02,1.01,1.09,1.15,99,97,96,80,71,0.02,0.08,0.07,0.47,0.68,30,121,0.669,0.405,2.966,2651,1,214,0,keskin_bicakx2 nadir_tohumx2 kritik_gozx3 genis_savurusx2 bereketli_toprakx2 hasat_ritmix1 zincir_hasatx1 canavar_kesimix1,117,0,65,94,282,111,165,0,2,0,3,hasat_ritmi@R36 zincir_hasat@R40,0,0,0,0,0,20,20,0,0,0,0.678,492.969,16.492,355,32,3886,0,0,33797,0,0,3,30,30,9055,8,0,2.2,0,51000,0,6,65,65.167,4.917,4.812,4.863,7.746,8.067,,1797,442,254,31,1,0.129,0.211,312,19,121,3,121,3,301,1,0,0,0,0,50,1757,1881,32,24,3,3,1.276,2.274,12.403,0.099,0,kalabalik
5,Run50_AlphaDengeV1,Uyumsuz,bahcivan,standart,104,HA,48,,,1054,703,255,28,11,57,345,284,221,166,38,32925,64968,1,0,0,6460,3363,1260,25324,30616,13252,95862,97,6,158.4,2.5,1,1.62,2.901,16,0.81,2.444,40,22.85,1.01,1.03,1.03,1.06,1.09,97,95,88,90,93,0.05,0.18,0.17,0.26,0.52,30,121,0.676,0.38,2.906,2706,0,214,0,keskin_bicakx2 nadir_tohumx2 kritik_gozx3 genis_savurusx2 bereketli_toprakx2 hasat_ritmix1 zincir_hasatx1 canavar_kesimix1,115,0,65,96,288,117,165,0,2,0,3,hasat_ritmi@R36 zincir_hasat@R40,0,0,0,0,0,20,20,0,0,0,0.645,506.538,16.215,319,32,3892,0,0,26659,0,0,3,32,32,9055,10,0,2.2,0,54000,0,6,65,65.167,5.183,4.75,5.235,14.183,,,1890,462,250,32,0,0.099,0.22,304,33,113,11,113,11,241,0,0,0,0,0,44,1472,1596,32,21,1,1,1.233,2.312,12.95,0.103,0,kalabalik
5,Run50_AlphaDengeV1,Uyumsuz,bahcivan,standart,104,HA,49,,,1078,712,257,44,10,55,368,311,232,126,41,32160,97128,1,0,0,6465,3261,1290,31789,33877,14212,95098,99,6,158.4,2.5,1,1.62,2.901,16,0.81,2.556,40,22.93,1,1.02,1.05,1.04,1.11,99,94,85,80,80,0,0.17,0.2,0.19,0.64,30,121,0.671,0.388,2.869,2742,1,215,0,keskin_bicakx2 nadir_tohumx2 kritik_gozx3 genis_savurusx2 bereketli_toprakx2 hasat_ritmix1 zincir_hasatx1 canavar_kesimix1,117,0,65,98,294,121,167,0,2,0,3,hasat_ritmi@R36 zincir_hasat@R40,0,0,0,0,0,20,20,0,0,0,0.686,494.769,16.585,331,35,4074,0,0,12757,0,0,3,34,34,9055,10,0,2.2,0,57000,0,6,65,65.167,4.706,4.696,4.462,7.227,7.167,,1950,585,346,34,1,0.117,0.232,338,47,155,15,154,15,272,1,0,0,1,0,57,1583,1743,35,26,4,4,1.284,2.349,14.417,0.104,0,kalabalik
5,Run50_AlphaDengeV1,Uyumsuz,bahcivan,standart,104,HA,50,,,987,691,206,43,9,38,366,255,205,122,39,28576,125704,1,28576,1,5830,3144,1128,37619,37021,15340,86486,100,3,158.4,2.5,1,1.62,2.901,16,0.81,2.556,40,22.95,1,1.04,1.06,1.19,1.18,97,86,78,64,64,0.01,0.18,0.27,0.92,1.62,30,121,0.7,0.438,2.869,2742,0,215,0,keskin_bicakx2 nadir_tohumx2 kritik_gozx3 genis_savurusx2 bereketli_toprakx2 hasat_ritmix1 zincir_hasatx1 canavar_kesimix1,104,0,65,99,297,121,173,0,2,0,3,hasat_ritmi@R36 zincir_hasat@R40,0,0,0,0,0,20,20,0,0,0,0.719,439.631,15.185,266,30,4032,0,0,42243,0,0,3,34,34,9055,10,0,2.2,0,58000,0,6,65,65.167,5.588,5.188,6.301,8.562,6.333,,2150,410,198,29,1,0.059,0.093,275,18,116,5,115,5,235,1,0,0,1,0,32,901,1013,30,22,2,2,1.317,2.515,22.353,0.109,0,kalabalik
5,Run50_AlphaDengeV1,Uyumsuz,bahcivan,standart,104,HA,50,KAZANDI
6,Run50_AlphaDengeV1,Elektrik yolu,bahcivan,standart,100,HA,1,,,13,13,0,0,0,0,12,1,0,0,0,15,15,1,0,0,28,0,0,28,0,0,270,1,0,10,1,1,3,0.9,4,0.3,2,13,2.08,1.83,3,,,,21,0,,,,2.5,6,,,,2,4,0.346,0,8,23,0,0,2,,3,0.205,45,0,0,0,0,0,0,0,0,,0,0,0,0,0,0,0,0,0,0,0.5,0.333,0.289,0,0,22,0,0,270,0,0,0,0,0,0,0,0,1,0,390,0,0,45,45.133,4.138,4.138,,,,,0,0,0,0,0,,,0,0,0,0,0,0,0,0,0,0,0,0,0,0,0,0,0,0,0,0.338,0.43,2.154,0.013,0,kalabalik
6,Run50_AlphaDengeV1,Elektrik yolu,bahcivan,standart,100,HA,2,,,15,15,0,0,0,0,13,2,0,0,0,19,34,1,0,0,34,0,0,37,0,0,320,2,3,10.67,1,1,3,0.9,4,0.3,2,14,2.14,1.77,2,,,,8,0,,,,4.15,3,,,,3,5,0.425,0.2,8,28,1,1,1,,3,0,45,1,3,0,0,0,0,0,0,,0,0,0,0,0,0,0,0,0,0,0.8,0.422,0.333,0,0,24,0,0,200,0,0,0,0,0,0,0,0,1,0,410,0,0,45,45.133,6.018,6.018,,,,,0,0,0,0,0,,,0,0,0,0,0,0,0,0,0,0,0,0,0,0,0,0,0,0,0,0.348,0.434,1.714,0.012,0,kalabalik
6,Run50_AlphaDengeV1,Elektrik yolu,bahcivan,standart,100,HA,3,,,15,15,0,0,0,0,10,4,1,0,0,32,66,1,32,1,36,4,0,39,4,0,360,3,3,11.33,1,1,3,0.9,4,0.3,2,14,2.64,1.8,2.75,3,,,25,0,0,,,4.2,6.75,6,,,4,6,0.594,0.167,8,34,2,3,1,,4,0,45,2,6,3,0,0,2,2,0,,0,0,0,0,0,0,0,0,0,0,0.5,0.711,0.333,0,0,26,0,0,150,0,0,3,1,1,0,0,0,1,0,420,0,3,45,45.133,7.756,7.756,,,,,0,0,0,0,0,,,0,0,0,0,0,0,0,0,0,0,0,0,0,0,0,0,0,0,0,0.344,0.444,1.408,0.012,0,kalabalik
6,Run50_AlphaDengeV1,Elektrik yolu,bahcivan,standart,100,HA,4,,,26,26,0,0,0,0,22,3,1,0,0,53,53,1,0,0,56,4,0,68,8,0,601,4,3,12,1.25,1,2.892,0.9,4,0.3,2,15,2.8,1.5,2,1,,,46,0,,,,2.11,2.89,0,,,4,6,0.507,0,6.259,43,4,7,0,keskin_bicakx1,5,0.033,45,3,9,6,0,0,2,2,4,,0,0,0,0,0,0,0,0,0,0,0.5,1.178,0.578,0,0,34,0,0,331,0,0,3,1,1,6,0,0,1.0667,0,440,0,3,45,45.133,6.685,6.685,,,,,0,0,0,0,0,,,0,0,0,0,0,0,0,0,0,0,0,0,0,0,0,0,0,0,0,0.37,0.475,2.336,0.013,0,kalabalik
6,Run50_AlphaDengeV1,Elektrik yolu,bahcivan,standart,100,HA,5,,,27,27,0,0,0,0,21,5,1,0,0,54,107,1,0,0,62,4,0,70,12,0,644,6,6,12,1.25,1,2.892,0.9,4,0.3,2,15,3.47,1.62,2,4,,,30,17,0,,,3.17,4.05,14.47,,,6,9,0.582,0.333,6.774,60,0,7,2,keskin_bicakx1,6,0,45,5,15,9,0,0,2,2,4,,0,0,0,0,0,0,0,0,0,0,0.667,1.2,0.6,0,0,43,0,0,65,0,0,3,1,1,6,0,0,1.0667,0,490,0,3,45,45.133,7.652,7.652,,,,,0,0,0,0,0,,,0,0,0,0,0,0,0,0,0,0,0,0,0,0,0,0,0,0,0,0.366,0.473,1.907,0.012,0,kalabalik
6,Run50_AlphaDengeV1,Elektrik yolu,bahcivan,standart,100,HA,6,,,27,25,0,0,0,2,17,8,2,0,0,76,183,1,76,1,66,8,0,70,20,0,699,7,3,12.67,1.25,1,2.789,0.9,4,0.3,2,19,2.63,1.4,2.38,2.5,,,50,0,0,,,1.3,5.22,12.53,,,6,9,0.471,0.222,6.357,78,5,12,0,keskin_bicakx1,6,0,55,6,18,9,6,0,2,2,4,,0,0,0,0,0,0,0,0,0,0,0.444,1.382,0.491,2,0,53,0,0,274,0,0,3,1,1,6,0,0,1.0667,0,520,0,6,55,55.133,9.168,9.749,1.9,,,,2,0,0,0,0,,0.352,0,0,0,0,0,0,0,0,0,0,0,0,0,0,0,0,0,0,0,0.364,0.472,1.94,0.012,0,kalabalik
6,Run50_AlphaDengeV1,Elektrik yolu,bahcivan,standart,100,HA,7,,,39,39,0,0,0,0,29,10,0,0,0,67,67,1,0,0,98,0,0,108,20,0,929,9,6,12.67,1.25,1,2.789,0.9,4,0.3,2,19,3.63,1.48,2.1,,,,43,0,,0,,2.89,6.69,,,,8,12,0.705,0.333,5.67,116,0,12,2,keskin_bicakx1 bereketli_toprakx1,6,0,55,8,24,12,6,0,2,2,4,,0,0,0,0,0,0,0,0,0,0,0.833,1.218,0.709,0,0,50,0,0,123,0,0,3,3,3,6,0,0,1.0667,0,600,0,3,55,55.133,9.485,9.485,,,,,2,0,0,0,0,,,0,0,0,0,0,0,0,0,0,0,0,0,0,0,0,0,0,0,0,0.394,0.512,3.029,0.012,0,kalabalik
6,Run50_AlphaDengeV1,Elektrik yolu,bahcivan,standart,100,HA,8,,,38,34,3,0,0,1,29,4,4,1,0,122,189,1,0,0,78,16,2,81,36,2,962,10,3,14,1.25,1,2.789,0.9,4,0.3,2,19,3.74,1.63,2,2.5,1,,17,0,0,,,4.23,5.58,9.77,0,,9,14,0.749,0.357,5.759,134,4,16,1,keskin_bicakx1 bereketli_toprakx1,7,0,55,9,27,18,6,0,2,2,4,,0,0,0,0,0,0,0,0,0,0,0.929,2.218,0.691,4,0,41,0,0,485,0,0,3,5,4,6,0,0,1.0667,0,640,0,6,55,55.133,12.568,12.696,11.483,,,,10,0,0,0,0,,0.308,0,0,0,0,0,0,0,0,0,0,0,0,0,0,0,0,0,0,0,0.401,0.518,3.038,0.013,0,kalabalik
6,Run50_AlphaDengeV1,Elektrik yolu,bahcivan,standart,100,HA,9,,,46,44,0,0,0,2,36,9,1,0,0,81,270,1,0,0,117,4,0,125,40,2,1087,12,6,15.64,1.25,1,2.689,0.9,4,0.3,2,20,3.75,1.49,1.5,4,,,40,45,0,,,3,3.7,21.53,,,9,14,0.725,0.429,5.618,137,5,21,0,keskin_bicakx1 bereketli_toprakx1,7,0,55,11,33,21,6,0,2,2,4,,0,0,0,0,0,0,0,0,0,0,0.571,1.473,0.836,2,0,61,0,0,232,0,0,3,7,4,6,0,0,1.0667,0,750,0,3,55,55.133,11.941,11.74,16.35,,,,5,0,0,0,0,,0.269,0,0,0,0,0,0,0,0,0,0,0,0,0,0,0,0,0,0,0,0.416,0.526,3.097,0.013,0,kalabalik
6,Run50_AlphaDengeV1,Elektrik yolu,bahcivan,standart,100,HA,10,,,45,41,2,0,0,2,30,11,4,0,0,112,382,1,112,1,145,16,0,172,56,2,1244,13,3,16.36,1.25,1,2.5,0.9,4,0.3,2,21,3.9,1.37,2.18,2,,,52,0,0,,,2.59,7.05,10,,,10,15,0.714,0.4,5.548,149,6,27,1,keskin_bicakx1 bereketli_toprakx1,10,0,55,12,36,25,8,0,2,2,4,,0,0,0,0,0,0,0,0,0,0,0.8,2.036,0.818,4,0,61,0,0,726,0,0,3,9,5,14,0,0,1.1333,0,810,0,6,55,55.133,10.052,10.436,6.117,,,,13,0,0,0,0,,0.266,0,0,0,0,0,0,0,0,0,0,0,0,0,0,0,0,0,0,0,0.42,0.547,2.591,0.013,0,kalabalik
6,Run50_AlphaDengeV1,Elektrik yolu,bahcivan,standart,100,HA,11,,,72,56,14,0,0,2,47,15,8,2,0,253,253,1,0,0,216,32,4,225,88,6,2172,16,9,18.13,1.563,1,2.5,0.9,4,0.3,2,26,3.96,1.22,1.58,1.33,2.5,,59,23,29,0,,2.01,5,1.25,12.5,,11,18,0.742,0.444,5.269,222,5,32,1,keskin_bicakx2 bereketli_toprakx1,11,0,65,15,45,25,11,0,2,2,4,,0,0,0,0,0,0,0,0,0,0,0.833,3.892,1.108,16,0,94,0,0,258,0,0,3,9,6,24,0,0,1.2,0,1000,0,3,65,65.167,13.644,10.683,24.006,,,,38,0,0,0,0,,0.189,0,0,0,0,0,0,0,0,0,0,0,0,0,0,0,0,0,0,0,0.545,0.698,3.131,0.015,0,kalabalik
6,Run50_AlphaDengeV1,Elektrik yolu,bahcivan,standart,100,HA,12,,,77,60,13,0,0,4,44,25,5,3,0,277,530,1,0,0,282,20,6,299,53,12,2494,18,6,19.2,1.563,1,2.41,0.9,4,0.3,2,26,4,1.26,1.3,1.8,3,,53,56,0,0,,2.27,2.65,10.13,7.23,,12,20,0.71,0.4,5.331,244,7,39,1,keskin_bicakx2 bereketli_toprakx1,13,0,65,17,51,25,20,0,2,2,4,,0,0,0,0,0,0,0,0,0,0,0.8,4.262,1.185,17,0,91,0,0,652,0,0,3,9,7,36,0,0,1.2667,0,1200,0,9,65,65.167,11.059,10.989,11.306,,,,47,0,0,0,0,,0.229,0,0,0,0,0,0,0,0,0,0,0,0,0,0,0,0,0,0,0,0.444,0.581,3.304,0.015,0,kalabalik
6,Run50_AlphaDengeV1,Elektrik yolu,bahcivan,standart,100,HA,13,,,92,70,19,0,0,3,67,21,3,1,0,209,739,1,209,1,327,12,2,335,40,14,2689,20,6,20.27,1.563,1,2.324,0.935,4,0.3,2,27,3.93,1.2,1.33,1,,,66,63,50,0,0,2.32,3.23,0,,,15,30,0.598,0.367,5.047,386,6,45,3,keskin_bicakx2 bereketli_toprakx1,15,0,65,19,57,31,20,0,2,2,4,,0,0,0,0,0,0,0,0,0,0,0.567,3.215,1.415,22,0,102,0,0,841,0,0,3,9,9,36,1,0,1.2667,0,1400,0,6,65,65.167,9.273,9.525,8.471,,,,56,0,0,0,0,,0.199,0,0,0,0,0,0,0,0,0,0,0,0,0,0,0,0,0,0,0,0.451,0.623,3.079,0.016,0,kalabalik
6,Run50_AlphaDengeV1,Elektrik yolu,bahcivan,standart,100,HA,14,,,88,62,12,0,0,14,58,15,11,3,1,416,416,1,0,0,309,55,6,324,95,20,3430,22,6,20.27,1.563,1.3,2.16,0.97,4,0.3,2,30,4,1.32,1.42,2.2,1.67,3,47,40,0,0,,2.43,4.86,5.61,5.04,36.73,18,37,0.842,0.459,4.989,482,7,52,3,keskin_bicakx2 bereketli_toprakx1 yikim_gucux1,14,0,65,21,63,37,20,0,2,2,4,,0,0,0,0,0,0,0,0,0,0,0.73,6.4,1.354,26,0,102,0,0,1371,0,0,3,10,10,50,4,0,1.3333,0,1700,0,6,65,65.167,15.95,16.039,15.738,,,,69,0,0,0,0,,0.267,0,0,0,0,0,0,0,0,0,0,0,0,0,0,0,0,0,0,0,0.511,0.677,3.767,0.018,0,kalabalik
6,Run50_AlphaDengeV1,Elektrik yolu,bahcivan,standart,100,HA,15,,,179,93,41,0,0,45,97,56,20,5,1,752,1168,1,0,0,627,100,19,628,135,39,7803,26,12,24.3,1.563,1.3,2.16,1.005,6,0.3,2,30,6,1.19,1.4,1.13,2.33,,71,51,31,0,,1.65,3.58,1.08,2.86,,18,40,0.711,0.475,4.709,552,8,60,3,keskin_bicakx2 bereketli_toprakx1 yikim_gucux1,23,0,65,25,75,43,20,0,2,2,4,,0,0,0,0,0,0,0,0,0,0,0.525,11.569,2.754,86,0,114,0,0,1674,0,0,3,11,11,84,4,0,1.4667,0,2200,0,6,65,65.167,13.499,17.937,8.7,,,,128,0,0,0,0,,0.564,0,0,0,0,0,0,0,0,0,0,0,0,0,0,0,0,0,0,0,0.539,0.719,3.644,0.023,0,kalabalik
6,Run50_AlphaDengeV1,Elektrik yolu,bahcivan,standart,100,HA,16,,,176,89,66,0,0,21,95,44,23,10,4,1192,2360,1,1192,1,594,140,38,595,225,77,8915,30,12,25.51,1.563,1.3,2.16,1.04,6,0.3,2,30,6,1.24,1.4,1.82,1.57,,70,50,44,22,0,2.91,5.62,5.49,4.62,,19,49,0.766,0.347,4.377,728,7,67,6,keskin_bicakx2 bereketli_toprakx1 yikim_gucux1,25,0,65,29,87,49,26,0,2,2,4,,0,0,0,0,0,0,0,0,0,0,0.755,18.338,2.708,87,0,123,0,0,589,0,0,3,15,15,125,5,0,1.6,0,3000,0,12,65,65.167,11.116,17.341,4.747,,,,168,0,0,0,0,,0.508,0,0,0,0,0,0,0,0,0,0,0,0,0,0,0,0,0,0,0,0.557,0.753,3.496,0.023,0,kalabalik
6,Run50_AlphaDengeV1,Elektrik yolu,bahcivan,standart,100,HA,17,,,269,107,118,0,0,44,98,83,56,26,6,2883,2883,1,0,0,975,300,65,1085,337,102,14772,34,12,29.99,1.563,1.69,2.092,1.04,6,0.3,2,31,6,1.02,1.15,1.29,1.29,2,94,83,79,58,60,0.14,1.9,2.39,2.09,6.28,16,49,0.723,0.469,4.079,781,5,72,2,keskin_bicakx2 bereketli_toprakx1 yikim_gucux2,32,0,65,33,99,49,38,0,2,2,4,,0,0,0,0,0,0,0,0,0,0,0.571,44.354,4.138,162,0,234,0,0,2161,0,0,3,15,15,125,5,0,1.6,0,3900,0,12,65,65.167,8.122,12.113,5.486,,,,191,0,0,0,0,,0.804,0,0,0,0,0,0,0,0,0,0,0,0,0,0,0,0,0,0,0,0.61,0.829,3.472,0.025,0,kalabalik
6,Run50_AlphaDengeV1,Elektrik yolu,bahcivan,standart,100,HA,18,,,297,124,110,0,0,63,126,78,55,28,10,3870,6753,1,0,0,1035,411,86,1080,473,168,21440,39,15,38.16,1.563,1.69,2.026,1.075,6,0.3,2,32,6,1.02,1.04,1.19,1.25,1,98,77,74,71,50,0.43,0.23,1.95,1.86,0,14,49,0.694,0.408,3.89,819,10,82,1,keskin_bicakx2 bereketli_toprakx1 yikim_gucux2,37,0,65,38,114,49,50,0,2,2,4,,0,0,0,0,0,0,0,0,0,0,0.449,59.538,4.569,173,0,288,0,0,1501,0,0,3,15,15,125,5,0,1.6,0,5300,0,12,65,65.167,8.729,12.977,5.685,,,,203,0,0,0,0,,0.817,0,0,0,0,0,0,0,0,0,0,0,0,0,0,0,0,0,0,0,0.639,0.925,3.655,0.025,0,kalabalik
6,Run50_AlphaDengeV1,Elektrik yolu,bahcivan,standart,100,HA,19,,,301,127,109,0,0,65,122,81,52,35,11,4674,11427,1,0,0,1161,428,100,1216,888,148,23560,43,12,39.82,1.563,1.69,1.962,1.145,6,0.3,2,33,6,1.06,1.11,1.04,1.5,1.67,93,76,81,50,60,1.17,1.24,0.17,3.27,1.96,15,56,0.722,0.375,3.912,930,8,90,3,keskin_bicakx2 bereketli_toprakx1 yikim_gucux2,39,0,65,42,126,49,65,0,2,2,4,,0,0,0,0,0,0,0,0,0,0,0.732,71.908,4.631,174,0,307,0,0,1961,0,0,3,15,15,125,5,0,1.6,0,6600,0,15,65,65.167,7.318,10.861,4.731,,,,229,0,0,0,0,,0.729,0,0,0,0,0,0,0,0,0,0,0,0,0,0,0,0,0,0,0,0.684,1.101,3.982,0.028,0,kalabalik
6,Run50_AlphaDengeV1,Elektrik yolu,bahcivan,standart,100,HA,20,,,281,119,116,0,0,46,115,81,44,28,13,4398,15825,1,4398,1,1049,440,156,1230,737,204,19027,45,6,43.38,1.563,1.69,1.901,1.195,6,0.3,2,34,6,1.06,1.33,1.29,1.57,1.75,93,58,61,41,38,0.34,4.05,3.35,6.11,7.13,17,73,0.707,0.411,3.851,1232,7,97,9,keskin_bicakx2 bereketli_toprakx1 yikim_gucux2,35,0,65,44,132,61,65,0,2,2,4,,0,0,0,0,0,0,0,0,0,0,0.63,67.662,4.323,162,0,326,0,0,7388,0,0,3,19,19,125,6,0,1.6,0,7400,0,12,65,65.167,10.122,13.598,7.568,,,,215,0,0,0,0,,0.72,0,0,0,0,0,0,0,0,0,0,0,0,0,0,0,0,0,0,0,0.667,0.931,3.746,0.029,0,kalabalik
6,Run50_AlphaDengeV1,Elektrik yolu,bahcivan,standart,100,HA,21,,,293,133,102,0,0,58,127,72,58,30,6,3927,3927,1,0,0,1283,440,107,1618,617,311,17133,48,9,49.54,1.563,1.69,1.901,1.23,6,0.3,2,34,6,1,1.21,1.32,1.71,2,100,66,69,18,50,0,1.36,3.8,4.61,20.9,21,81,0.812,0.58,4.024,1309,5,102,4,keskin_bicakx2 bereketli_toprakx1 yikim_gucux2 kivilcimx1,30,0,65,47,141,67,65,0,2,2,4,,0,0,0,0,0,0,0,0,0,0,0.765,60.415,4.508,160,0,361,0,0,1121,0,0,3,21,21,125,7,0,1.6,0,8600,0,6,65,65.167,9.293,13.599,5.713,,,,212,0,0,0,0,,0.759,0,0,0,0,0,0,0,0,0,0,0,0,0,0,0,0,0,0,0,0.637,0.847,4.004,0.029,0,kalabalik
6,Run50_AlphaDengeV1,Elektrik yolu,bahcivan,standart,100,HA,22,,,277,129,93,0,0,55,121,74,37,31,14,4996,8923,1,0,0,1218,428,168,1846,660,479,16684,50,6,49.54,1.563,1.69,1.841,1.315,6,0.3,2,35,6,1.03,1.42,1.32,1.64,1.71,96,54,62,23,44,0.19,2.2,1.51,5.02,3.94,21,81,0.828,0.667,3.795,1387,6,108,0,keskin_bicakx2 bereketli_toprakx1 yikim_gucux2 kivilcimx1,34,0,65,49,147,76,65,0,2,2,4,,0,0,0,0,0,0,0,0,0,0,0.889,76.862,4.262,148,0,369,0,0,205,0,0,3,23,23,125,8,0,1.6,0,9500,0,9,65,65.167,8.87,12.214,5.956,,,,205,0,0,0,0,,0.689,0,0,0,0,0,0,0,0,0,0,0,0,0,0,0,0,0,0,0,0.678,1.021,3.713,0.029,0,kalabalik
6,Run50_AlphaDengeV1,Elektrik yolu,bahcivan,standart,100,HA,23,,,240,93,85,0,0,62,106,57,44,24,9,3949,12872,1,3949,1,1086,408,141,2162,708,620,14328,51,3,53.29,1.563,1.69,1.841,1.315,6,0.3,2,35,4,1,1.09,1.33,1.5,1.5,98,86,56,22,14,0,0.8,3.58,1.85,1.85,21,81,0.858,0.716,3.685,1429,4,112,0,keskin_bicakx2 bereketli_toprakx1 yikim_gucux2 kivilcimx1,28,0,65,50,150,81,66,0,2,2,4,,0,0,0,0,0,0,0,0,0,0,0.79,60.754,3.692,147,0,404,0,0,5033,0,0,3,25,25,125,8,0,1.6,0,10000,0,6,65,65.167,12.748,11.948,13.254,,,,201,0,0,0,0,,0.706,0,0,0,0,0,0,0,0,0,0,0,0,0,0,0,0,0,0,0,0.616,0.839,4.115,0.026,0,kalabalik
6,Run50_AlphaDengeV1,Elektrik yolu,bahcivan,standart,100,HA,24,,,342,115,85,0,0,142,128,75,84,39,16,6763,6763,1,0,0,1534,844,180,2586,1092,800,23028,53,6,53.29,1.563,1.69,1.783,1.365,6,0.3,2,36,6,1.11,1.38,1.55,1.71,1.6,82,55,63,28,29,1.31,3.7,3.48,6.4,2.85,21,81,0.806,0.667,3.567,1476,5,117,0,keskin_bicakx2 bereketli_toprakx1 yikim_gucux2 kivilcimx1 cifte_akimx1,35,0,65,52,156,81,69,0,2,2,4,cifte_akim@R23,44,44,0,104,73,0,0,0,0,0,0.827,104.046,5.262,154,0,413,0,0,8061,0,0,3,25,25,575,8,0,1.6667,0,11000,0,3,65,65.167,13.725,16.132,5.019,,,28.924,222,0,0,0,0,,0.702,0,0,0,0,0,0,0,0,0,0,0,0,0,0,0,0,0,0,0,0.646,0.885,4.532,0.03,0,kalabalik
6,Run50_AlphaDengeV1,Elektrik yolu,bahcivan,standart,100,HA,25,,,370,138,91,0,0,141,145,91,79,47,8,6320,13083,1,0,0,1500,696,208,1621,1068,958,24199,55,6,65.98,1.563,1.69,1.783,1.365,6,0.3,2,36,6,1,1.29,1.35,1.53,3,100,61,71,45,0,0,1.32,2.5,3.67,7.13,21,81,0.792,0.642,3.54,1487,7,124,0,keskin_bicakx2 bereketli_toprakx1 yikim_gucux2 kivilcimx1 cifte_akimx1,41,0,65,54,162,81,75,0,2,2,4,cifte_akim@R23,49,49,0,107,79,0,0,0,0,0,0.716,97.231,5.692,153,0,504,0,0,9260,0,0,3,25,25,575,8,0,1.6667,0,12000,0,6,65,65.167,9.504,13.626,6.05,,,8.98,229,0,0,0,0,,0.73,0,0,0,0,0,0,0,0,0,0,0,0,0,0,0,0,0,0,0,0.581,0.803,4.191,0.029,0,kalabalik
6,Run50_AlphaDengeV1,Elektrik yolu,bahcivan,standart,100,HA,26,,,516,185,137,0,0,194,189,141,110,55,21,10102,23185,1,10102,1,2524,1136,312,2675,1314,1270,57755,60,15,65.98,1.563,1.69,1.727,1.415,9,0.3,2,37,8.81,1.01,1.23,1.15,1.45,1.43,97,72,77,50,40,0.07,3.38,2.66,2.9,3.95,21,81,0.58,0.346,3.505,1502,5,129,0,keskin_bicakx2 bereketli_toprakx1 yikim_gucux2 kivilcimx1 cifte_akimx1,50,0,65,59,177,81,81,0,2,2,4,cifte_akim@R23,71,71,0,88,68,0,0,0,0,0,0.568,155.415,7.938,263,0,504,0,0,1015,0,0,3,25,25,575,8,0,1.6667,0,15000,0,6,65,65.167,16.998,30.337,10.212,,,6.956,360,0,0,0,0,,0.725,0,0,0,0,0,0,0,0,0,0,0,0,0,0,0,0,0,0,0,0.639,0.933,5.024,0.034,0,kalabalik
6,Run50_AlphaDengeV1,Elektrik yolu,bahcivan,standart,100,HA,27,,,601,199,152,0,0,250,230,156,119,81,15,10588,10588,1,0,0,2767,1208,392,3842,1632,1662,52616,63,9,73.42,1.563,1.69,1.727,1.868,9,0.317,2,37,9,1,1.13,1.15,1.32,1,99,75,81,62,70,0,0.99,1.35,3.35,0,21,81,0.702,0.481,3.412,1543,5,134,0,keskin_bicakx2 bereketli_toprakx1 yikim_gucux2 kivilcimx1 cifte_akimx1 genis_savurusx1,68,0,65,62,186,81,96,0,2,2,4,cifte_akim@R23,100,100,0,139,103,0,0,4,0,0,0.716,162.892,9.246,299,0,601,0,0,6631,0,0,3,25,25,1165,8,0,1.7333,0,17000,0,15,65,65.167,5.763,8.919,3.99,,,4.813,431,0,0,0,0,,0.697,0,0,0,0,0,0,0,0,0,0,0,0,0,0,0,0,0,0,0,0.654,0.951,4.982,0.037,0,kalabalik
6,Run50_AlphaDengeV1,Elektrik yolu,bahcivan,standart,100,HA,28,,,572,191,168,0,0,213,206,160,128,55,23,11735,22323,1,0,0,2869,1530,348,3801,1692,1945,53442,66,9,79.64,1.563,1.69,1.673,1.934,9,0.317,2,38,9,1,1.24,1.13,1.35,1.6,99,69,74,53,50,0,1.67,1.55,1.48,2.67,21,81,0.72,0.457,3.306,1593,9,143,0,keskin_bicakx2 bereketli_toprakx1 yikim_gucux2 kivilcimx1 cifte_akimx1 genis_savurusx1,70,0,65,65,195,81,105,0,2,2,4,cifte_akim@R23,80,80,0,118,89,0,0,4,0,0,0.704,180.538,8.8,292,0,651,0,0,7073,0,0,3,25,25,1165,8,0,1.7333,0,19000,0,9,65,65.167,6.595,10.23,4.853,,,4.488,398,0,0,0,0,,0.689,0,0,0,0,0,0,0,0,0,0,0,0,0,0,0,0,0,0,0,0.632,0.927,4.514,0.036,0,kalabalik
6,Run50_AlphaDengeV1,Elektrik yolu,bahcivan,standart,100,HA,29,,,601,198,159,0,0,244,243,146,129,61,22,11793,34116,1,0,0,3248,1401,392,4889,1483,2337,53145,69,9,83.44,1.563,1.69,1.673,1.934,9,0.317,2,38,9,1,1.24,1.22,1.33,1.8,98,70,68,57,44,0,1.83,0.89,5.85,5.01,21,81,0.717,0.481,3.225,1632,5,148,0,keskin_bicakx2 bereketli_toprakx1 yikim_gucux2 kivilcimx1 cifte_akimx1 genis_savurusx1,73,0,65,68,204,81,114,0,2,2,4,cifte_akim@R23,91,91,0,123,101,0,0,0,0,0,0.852,181.431,9.246,302,0,679,0,0,218,0,0,3,25,25,1895,8,0,1.8,0,22000,0,9,65,65.167,6.11,10.267,3.739,,,5.005,401,0,0,0,0,,0.729,0,0,0,0,0,0,0,0,0,0,0,0,0,0,0,0,0,0,0,0.647,0.943,5.122,0.036,0,kalabalik
6,Run50_AlphaDengeV1,Elektrik yolu,bahcivan,standart,100,HA,30,,,637,195,163,0,0,279,216,178,138,71,34,14744,48860,1,14744,1,3442,1866,500,5286,2039,2757,67898,72,9,94.04,1.563,1.69,1.62,2,9,0.333,2,40,9,1.04,1.16,1.13,1.48,1.5,91,78,67,50,53,0.31,1.04,1.32,5.56,4.05,21,81,0.704,0.457,3.195,1648,7,155,0,keskin_bicakx2 bereketli_toprakx1 yikim_gucux2 kivilcimx1 cifte_akimx1 genis_savurusx1,82,0,65,71,213,81,123,0,2,2,4,cifte_akim@R23,97,97,0,155,115,0,0,2,0,0,0.815,226.831,9.8,327,0,733,0,0,1116,0,0,3,25,25,1895,8,0,1.8,0,24000,0,9,65,65.167,6.169,10.492,4.08,,,4.777,484,0,0,0,0,,0.653,0,0,0,0,0,0,0,0,0,0,0,0,0,0,0,0,0,0,0,0.655,0.97,4.477,0.038,0,kalabalik
6,Run50_AlphaDengeV1,Elektrik yolu,bahcivan,standart,100,HA,31,,,703,245,202,0,0,256,270,171,161,77,24,14697,14697,1,0,0,4097,1768,490,6353,2667,3247,86732,75,9,94.04,1.563,1.69,1.377,2,9,0.333,2,47,9,1.02,1.32,1.16,1.3,1.33,97,62,75,59,50,0.05,2.96,1.18,4.79,2.76,21,81,0.686,0.432,3.071,1714,6,161,0,keskin_bicakx2 bereketli_toprakx1 yikim_gucux2 kivilcimx1 cifte_akimx1 genis_savurusx1 hizli_bilekx1,74,0,65,74,222,81,132,0,2,2,4,cifte_akim@R23,111,111,0,125,88,0,0,0,0,0,0.667,226.108,10.815,370,0,779,0,0,12848,0,0,3,25,25,2755,8,0,1.8667,0,27000,0,9,65,65.167,5.229,8.597,3.359,,,3.713,494,0,0,0,0,,0.689,0,0,0,0,0,0,0,0,0,0,0,0,0,0,0,0,0,0,0,0.689,1.011,7.073,0.043,0,kalabalik
6,Run50_AlphaDengeV1,Elektrik yolu,bahcivan,standart,100,HA,32,,,827,332,158,0,0,337,313,215,183,93,23,16186,30883,1,0,0,4449,2243,680,7812,4790,3832,79599,78,9,100.86,1.563,1.69,1.377,2.066,12,0.35,2,47,11.55,1.02,1.3,1.23,1.39,1.33,98,67,73,43,45,0.03,1.64,0.93,1.71,3.67,21,81,0.662,0.407,3.041,1731,5,166,0,keskin_bicakx2 bereketli_toprakx1 yikim_gucux2 kivilcimx1 cifte_akimx1 genis_savurusx1 hizli_bilekx1,83,0,65,77,231,81,141,0,2,2,4,cifte_akim@R23,161,161,0,189,140,0,0,6,0,0,0.741,249.015,12.723,355,0,784,0,0,8447,0,0,3,25,25,2755,8,0,1.8667,0,30000,0,9,65,65.167,4.142,5.867,2.882,,,3.245,478,0,0,0,0,,0.746,0,0,0,0,0,0,0,0,0,0,0,0,0,0,0,0,0,0,0,0.692,1.029,4.994,0.043,0,kalabalik
6,Run50_AlphaDengeV1,Elektrik yolu,bahcivan,standart,100,HA,33,,,656,233,147,0,0,276,229,166,138,92,31,16501,47384,1,16501,1,3760,1840,705,9952,4600,4537,72145,80,6,105.24,1.563,1.69,1.377,2.066,12,0.35,2,47,9,1.05,1.23,1.27,1.42,2,94,66,72,52,29,0.34,3.17,1.38,3.29,8.72,21,81,0.733,0.481,2.953,1783,4,170,0,keskin_bicakx2 bereketli_toprakx1 yikim_gucux2 kivilcimx1 cifte_akimx1 genis_savurusx1 hizli_bilekx1,71,0,65,79,237,81,150,0,2,2,4,cifte_akim@R23,121,121,0,189,127,0,0,0,0,0,0.667,253.862,10.092,296,0,877,0,0,19592,0,0,3,25,25,3755,8,0,1.9333,0,32000,0,9,65,65.167,5.966,9.778,4.126,,,3.262,418,0,0,0,0,,0.702,0,0,0,0,0,0,0,0,0,0,0,0,0,0,0,0,0,0,0,0.68,0.984,5.12,0.039,0,kalabalik
6,Run50_AlphaDengeV1,Elektrik yolu,bahcivan,standart,100,HA,34,,,836,290,192,0,0,354,293,212,173,129,29,21482,21482,1,0,0,4930,2290,850,9532,6250,5277,98277,83,9,112.36,1.563,2.197,1.377,2.132,12,0.367,2,47,11.7,1,1.28,1.27,1.64,1.64,98,68,70,62,40,0,1.44,1.01,3.74,1.88,21,81,0.672,0.321,2.915,1806,7,177,0,keskin_bicakx2 bereketli_toprakx1 yikim_gucux3 kivilcimx1 cifte_akimx1 genis_savurusx1 hizli_bilekx1,91,0,65,82,246,81,156,0,2,2,4,cifte_akim@R23,133,133,0,160,128,0,0,2,0,0,0.63,330.492,12.862,418,0,938,0,0,18869,0,0,3,25,25,3755,8,0,1.9333,0,35000,0,6,65,65.167,4.167,6.606,2.841,,,2.975,495,0,0,0,0,,0.753,0,0,0,0,0,0,0,0,0,0,0,0,0,0,0,0,0,0,0,0.7,1.026,4.984,0.044,0,kalabalik
6,Run50_AlphaDengeV1,Elektrik yolu,bahcivan,standart,100,HA,35,,,851,301,180,0,0,370,305,210,180,122,34,22300,43782,1,0,0,4630,2358,990,13062,6318,6267,100320,86,9,117.04,1.563,2.197,1.377,2.132,12,0.367,2,47,11.81,1.01,1.31,1.29,1.45,1.62,99,69,74,48,50,0.02,1.66,1.55,1.69,2.33,21,81,0.682,0.395,2.833,1859,3,180,0,keskin_bicakx2 bereketli_toprakx1 yikim_gucux3 kivilcimx1 cifte_akimx1 genis_savurusx1 hizli_bilekx1,89,0,65,85,255,81,165,0,2,2,4,cifte_akim@R23,135,135,0,176,150,0,0,0,0,0,0.568,343.077,13.092,400,0,975,0,0,10189,0,0,3,25,25,4855,8,0,2,0,39000,0,9,65,65.167,4.025,5.542,3.218,,,3.078,473,0,0,0,0,,0.789,0,0,0,0,0,0,0,0,0,0,0,0,0,0,0,0,0,0,0,0.704,1.05,4.741,0.043,0,kalabalik
6,Run50_AlphaDengeV1,Elektrik yolu,bahcivan,standart,100,HA,36,,,713,239,191,0,0,283,254,189,139,98,33,19023,62805,1,19023,1,4542,2236,752,15124,8554,6894,89997,88,6,117.04,1.563,2.197,1.377,2.198,12,0.383,2,47,11.79,1.15,1.37,1.4,2.19,1.78,83,61,57,20,37,0.88,1.34,1.97,5.88,2.29,21,81,0.718,0.42,2.811,1873,4,184,0,keskin_bicakx2 bereketli_toprakx1 yikim_gucux3 kivilcimx1 cifte_akimx1 genis_savurusx1 hizli_bilekx1,76,0,65,87,261,81,173,1,2,2,4,cifte_akim@R23,97,97,0,171,130,0,0,2,0,0,0.691,292.662,10.969,344,0,938,0,0,21186,0,0,3,25,25,4855,8,0,2,0,41000,0,9,65,65.167,4.817,7.221,3.564,,,3.692,461,0,0,0,0,,0.679,0,0,0,0,0,0,0,0,0,0,0,0,0,0,0,0,0,0,0,0.694,1.028,4.53,0.043,0,kalabalik
6,Run50_AlphaDengeV1,Elektrik yolu,bahcivan,standart,100,HA,37,,,1146,429,244,0,0,473,416,299,218,164,49,31600,31600,1,0,0,6744,3652,1458,16948,11506,8352,142552,91,9,129.42,1.563,2.197,0.916,2.198,12,0.383,2,70,11.54,1.03,1.29,1.33,1.57,1.77,97,69,70,56,34,0.11,1.08,0.86,2.79,3.32,21,81,0.619,0.37,2.673,1970,4,188,0,keskin_bicakx2 bereketli_toprakx1 yikim_gucux3 kivilcimx1 cifte_akimx1 genis_savurusx1 hizli_bilekx1 firtina_bilegix1,115,0,65,90,270,81,174,6,2,2,4,cifte_akim@R23,216,216,0,192,164,0,0,0,0,0,0.642,486.154,17.631,553,0,1083,0,0,36738,0,0,3,25,25,6155,8,1,2.1287,0.03,45000,0,6,65,65.167,2.852,4.179,2.03,,,2.156,649,0,0,0,0,,0.793,0,0,0,0,0,0,0,0,0,0,0,0,0,0,0,0,0,0,0,0.788,1.14,4.791,0.054,0,kalabalik
6,Run50_AlphaDengeV1,Elektrik yolu,bahcivan,standart,100,HA,38,,,1211,466,256,0,0,489,419,302,279,159,52,34419,66019,1,0,0,8622,4398,1833,25190,14204,10045,146845,94,9,139.98,1.563,2.197,0.861,2.198,12,0.4,2,75,11.63,1.04,1.25,1.3,1.66,1.76,95,73,75,54,27,0.24,0.72,1.05,2.02,2.26,21,81,0.632,0.333,2.417,2178,3,191,0,keskin_bicakx2 bereketli_toprakx1 yikim_gucux3 kivilcimx1 cifte_akimx1 genis_savurusx1 hizli_bilekx1 firtina_bilegix1,110,0,65,93,279,81,174,15,2,2,4,cifte_akim@R23,225,225,0,201,163,0,0,4,0,0,0.605,529.523,18.631,582,0,1153,0,0,44583,0,0,3,25,25,6155,8,3,2.3147,0.12,49000,0,9,65,65.167,2.836,4.174,1.935,,,2.209,704,0,0,0,0,,0.769,0,0,0,0,0,0,0,0,0,0,0,0,0,0,0,0,0,0,0,0.802,1.225,4.749,0.058,0,kalabalik
6,Run50_AlphaDengeV1,Elektrik yolu,bahcivan,standart,100,HA,39,,,1350,479,335,0,0,536,448,364,298,171,69,39675,105694,1,0,0,12727,6440,2128,31317,19874,12173,213505,98,12,148.32,1.563,2.197,0.786,2.198,12,0.4,2,82,11.38,1.05,1.24,1.38,1.68,1.68,96,72,69,46,53,0.11,1.12,0.78,2.11,3.32,21,81,0.584,0.296,2.417,2178,4,195,0,keskin_bicakx2 bereketli_toprakx1 yikim_gucux3 kivilcimx1 cifte_akimx1 genis_savurusx1 hizli_bilekx1 firtina_bilegix1,135,0,65,97,291,81,174,24,2,2,4,cifte_akim@R23,235,235,0,239,208,0,0,2,0,0,0.593,610.385,20.769,663,0,1204,0,0,52088,0,0,3,25,25,7555,8,5,2.5813,0.21,55000,0,9,65,65.167,2.033,3.028,1.345,,,1.929,800,0,0,0,0,,0.806,0,0,0,0,0,0,0,0,0,0,0,0,0,0,0,0,0,0,0,0.838,1.331,4.092,0.061,0,kalabalik
6,Run50_AlphaDengeV1,Elektrik yolu,bahcivan,standart,100,HA,40,,,1248,470,305,0,0,473,435,319,278,157,59,35945,141639,1,35945,1,12314,6822,2290,43211,24796,14308,202878,102,12,183.66,1.563,2.197,0.717,2.198,12,0.417,2,90,8.96,1.01,1.19,1.24,1.37,1.67,100,74,72,55,44,0.01,0.89,1.27,1.31,1.72,21,81,0.616,0.37,2.322,2267,3,198,0,keskin_bicakx2 bereketli_toprakx1 yikim_gucux3 kivilcimx1 cifte_akimx1 genis_savurusx1 hizli_bilekx1 firtina_bilegix1,128,0,65,101,303,81,174,36,2,2,4,cifte_akim@R23,214,214,0,188,165,0,0,4,0,0,0.728,553,19.2,613,0,1531,0,0,24966,0,0,3,25,25,7555,8,7,2.7733,0.3,62000,0,12,65,65.167,3.18,5.729,1.614,,,1.699,697,0,0,0,0,,0.816,0,0,0,0,0,0,0,0,0,0,0,0,0,0,0,0,0,0,0,0.811,1.343,5.244,0.058,0,kalabalik
6,Run50_AlphaDengeV1,Elektrik yolu,bahcivan,standart,100,HA,41,,,1939,828,337,0,0,774,636,519,406,280,98,59504,59504,1,0,0,19434,11856,4538,55345,36652,18696,286430,106,12,213.86,2.5,2.197,0.621,2.198,12,0.417,2.111,104,11.19,1,1,1.03,1.25,1.28,100,100,97,75,72,0,0,0.08,0.62,0.73,21,81,0.542,0.296,1.94,2715,4,202,0,keskin_bicakx2 bereketli_toprakx1 yikim_gucux3 kivilcimx1 cifte_akimx1 genis_savurusx1 hizli_bilekx1 firtina_bilegix1 canavar_kesimix1,183,0,65,105,315,81,174,48,2,2,4,cifte_akim@R23,446,446,0,277,249,0,0,38,0,0,0.531,915.446,29.831,862,0,3015,0,0,54396,0,0,3,25,25,9055,8,8,2.948,0.34,69000,0,12,65,65.167,1.466,2.051,1.047,,,0.967,962,0,0,0,0,,0.891,0,0,0,0,0,0,0,0,0,0,0,0,0,0,0,0,0,0,0,0.927,1.929,4.824,0.075,0,kalabalik
6,Run50_AlphaDengeV1,Elektrik yolu,bahcivan,standart,100,HA,42,,,2794,1067,432,0,0,1295,863,707,681,432,111,79094,138598,1,0,0,27909,18735,6699,82524,55374,23305,476985,113,21,224.56,2.5,2.197,0.511,2.198,12,0.433,2.111,127,11.55,1,1,1.04,1.22,1.39,100,100,94,77,60,0,0,0.13,0.81,1.29,27,121,0.519,0.273,1.851,4249,3,205,14,keskin_bicakx2 bereketli_toprakx1 yikim_gucux3 kivilcimx1 cifte_akimx1 genis_savurusx1 hizli_bilekx1 firtina_bilegix1 canavar_kesimix1,245,0,65,112,336,81,174,60,2,2,4,cifte_akim@R23,522,518,4,530,467,0,0,56,0,0,0.43,1216.831,42.985,1260,0,3148,0,0,12381,0,0,3,25,25,9055,8,9,3.058,0.39,82000,0,12,65,65.167,1.364,1.993,0.983,,,0.927,1439,0,0,0,0,,0.894,0,0,0,0,0,0,0,0,0,0,0,0,0,0,0,0,0,0,0,1.127,2.486,10.577,0.108,1,kalabalik
6,Run50_AlphaDengeV1,Elektrik yolu,bahcivan,standart,100,HA,43,,,2745,969,455,0,0,1321,891,717,608,409,120,87418,226016,1,87418,1,28779,17151,6743,107203,72525,29853,537572,119,18,236.5,2.5,2.197,0.511,2.198,12,0.433,2.222,127,11.69,1,1.08,1.18,1.26,1.22,100,90,80,67,69,0,0.19,0.37,1.17,0.89,27,121,0.546,0.339,1.689,4657,2,207,0,keskin_bicakx2 bereketli_toprakx1 yikim_gucux3 kivilcimx1 cifte_akimx1 genis_savurusx1 hizli_bilekx1 firtina_bilegix1 canavar_kesimix1,251,0,65,118,354,102,174,60,2,2,4,cifte_akim@R23,482,479,3,626,527,0,0,16,0,0,0.471,1344.892,42.231,1249,0,4667,0,0,27953,0,0,3,31,31,9055,10,9,3.058,0.39,94000,0,21,65,65.167,1.517,2.286,1.101,,,1.067,1591,0,0,0,0,,0.812,0,0,0,0,0,0,0,0,0,0,0,0,0,0,0,0,0,0,0,1.215,2.583,6.316,0.112,0,kalabalik
6,Run50_AlphaDengeV1,Elektrik yolu,bahcivan,standart,100,HA,44,,,2915,1013,483,0,0,1419,945,795,636,392,147,98566,98566,1,0,0,31716,19579,6952,136199,92104,36805,563874,124,15,236.5,2.5,2.197,0.511,2.198,12,0.45,2.972,127,11.81,1,1,1.1,1.21,1.18,100,100,87,74,78,0,0,0.32,0.4,0.82,27,121,0.554,0.372,1.624,4844,2,209,0,keskin_bicakx2 bereketli_toprakx1 yikim_gucux3 kivilcimx1 cifte_akimx1 genis_savurusx1 hizli_bilekx1 firtina_bilegix1 canavar_kesimix1 agir_darbex1,249,0,65,123,369,120,174,60,2,2,4,cifte_akim@R23,540,536,4,647,552,0,0,32,0,0,0.438,1516.4,44.846,1350,0,6287,0,0,101827,0,0,3,39,39,9055,11,9,3.058,0.39,110000,0,18,65,65.167,1.44,1.878,1.22,,,1.161,1621,0,0,0,0,,0.858,0,0,0,0,0,0,0,0,0,0,0,0,0,0,0,0,0,0,0,1.257,2.593,5.448,0.109,0,kalabalik
6,Run50_AlphaDengeV1,Elektrik yolu,bahcivan,standart,100,HA,45,,,2816,962,488,0,0,1366,948,728,600,412,128,95560,194126,1,0,0,29709,19382,6094,165908,111486,42659,550271,129,15,236.5,2.5,2.197,0.511,2.198,12,0.45,3.083,127,11.72,1,1,1.17,1.19,1.22,100,99,80,75,72,0,0,0.62,0.53,0.44,27,121,0.57,0.355,1.608,4891,1,210,0,keskin_bicakx2 bereketli_toprakx1 yikim_gucux3 kivilcimx1 cifte_akimx1 genis_savurusx1 hizli_bilekx1 firtina_bilegix1 canavar_kesimix1 agir_darbex1,252,0,65,128,384,121,188,60,2,2,4,cifte_akim@R23,500,496,4,594,519,0,0,32,0,0,0.504,1470.154,43.323,1335,0,7511,0,0,92098,0,0,3,39,39,9055,11,9,3.058,0.39,120000,0,15,65,65.167,1.577,2.28,1.214,,,1.182,1605,0,0,0,0,,0.835,0,0,0,0,0,0,0,0,0,0,0,0,0,0,0,0,0,0,0,1.216,2.543,5.261,0.108,0,kalabalik
6,Run50_AlphaDengeV1,Elektrik yolu,bahcivan,standart,100,HA,46,,,2272,917,381,0,0,974,734,624,510,297,107,78471,272597,1,78471,1,24048,15967,4807,187556,127453,47466,424889,133,12,236.5,2.5,2.197,0.511,2.198,12,0.45,3.083,127,10.83,1,1.03,1.15,1.15,1.29,100,96,81,79,61,0,0.07,0.5,0.43,0.69,27,121,0.463,0.281,1.596,4927,1,211,0,keskin_bicakx2 bereketli_toprakx1 yikim_gucux3 kivilcimx1 cifte_akimx1 genis_savurusx1 hizli_bilekx1 firtina_bilegix1 canavar_kesimix1 agir_darbex1,203,0,65,132,396,121,203,60,2,2,4,cifte_akim@R23,502,499,3,534,397,0,0,14,0,0,0.488,1207.246,34.954,958,0,7476,0,0,26987,0,0,3,39,39,9055,11,9,3.058,0.39,130000,0,15,65,65.167,1.6,1.998,1.369,,,1.208,1302,0,0,0,0,,0.728,0,0,0,0,0,0,0,0,0,0,0,0,0,0,0,0,0,0,0,1.078,2.277,4.859,0.096,0,kalabalik
6,Run50_AlphaDengeV1,Elektrik yolu,bahcivan,standart,100,HA,47,,,3120,1126,431,0,0,1563,1004,779,740,459,138,114489,114489,1,0,0,31374,21745,7546,218930,149198,54722,617991,137,12,236.5,2.5,2.197,0.435,2.198,12,0.45,3.194,149,11.38,1,1.04,1.17,1.2,1.18,100,93,80,76,70,0,0.13,0.36,0.53,0.54,27,121,0.546,0.298,1.567,5018,1,212,0,keskin_bicakx2 bereketli_toprakx1 yikim_gucux3 kivilcimx1 cifte_akimx1 genis_savurusx1 hizli_bilekx2 firtina_bilegix1 canavar_kesimix1 agir_darbex1,288,0,65,136,408,121,215,60,2,2,4,cifte_akim@R23,632,632,0,1010,718,0,0,40,0,0,0.521,1761.369,48,1276,0,7933,0,0,114978,0,0,3,39,39,9055,11,9,3.058,0.39,140000,0,12,65,65.167,1.343,1.773,1.161,,,0.979,1848,0,0,0,0,,0.689,0,0,0,0,0,0,0,0,0,0,0,0,0,0,0,0,0,0,0,1.25,2.667,5.047,0.118,0,kalabalik
6,Run50_AlphaDengeV1,Elektrik yolu,bahcivan,standart,100,HA,48,,,3086,1099,486,0,0,1501,983,804,689,451,159,123649,238138,1,0,0,32037,20596,8096,250967,169794,62818,660421,142,15,236.5,2.5,2.197,0.435,2.198,12,0.45,3.194,149,11.59,1,1.05,1.22,1.15,1.3,100,90,73,74,62,0,0.19,0.6,0.41,0.59,27,121,0.563,0.347,1.529,5145,0,212,0,keskin_bicakx2 bereketli_toprakx1 yikim_gucux3 kivilcimx1 cifte_akimx1 genis_savurusx1 hizli_bilekx2 firtina_bilegix1 canavar_kesimix1 agir_darbex1,280,0,65,141,423,121,227,60,2,2,4,cifte_akim@R23,597,597,0,894,631,0,0,60,0,0,0.43,1902.292,47.477,1356,0,8171,0,0,37899,0,0,3,39,39,9055,11,9,3.058,0.39,165000,0,12,65,65.167,1.375,1.752,1.162,,,1.171,2036,0,0,0,0,,0.68,0,0,0,0,0,0,0,0,0,0,0,0,0,0,0,0,0,0,0,1.266,2.712,10.821,0.125,0,kalabalik
6,Run50_AlphaDengeV1,Elektrik yolu,bahcivan,standart,100,HA,49,,,3247,1115,503,0,0,1629,1038,870,723,471,145,125793,363931,1,0,0,38858,22930,8693,289825,192724,71181,691127,146,12,236.5,2.5,2.197,0.413,2.198,12,0.45,3.306,157,11.5,1,1.12,1.22,1.21,1.35,100,85,73,70,60,0,0.3,0.53,0.6,0.85,27,121,0.583,0.388,1.362,5774,1,213,0,keskin_bicakx2 bereketli_toprakx1 yikim_gucux3 kivilcimx1 cifte_akimx1 genis_savurusx1 hizli_bilekx2 firtina_bilegix1 canavar_kesimix1 agir_darbex1,296,0,65,145,435,121,236,66,2,2,4,cifte_akim@R23,633,629,4,1030,729,0,0,20,0,0,0.562,1935.277,49.954,1403,0,8534,0,0,24026,0,0,3,39,39,9055,11,10,3.168,0.44,195000,0,15,65,65.167,1.531,2.376,1.076,,,1.102,2116,0,0,0,0,,0.693,0,0,0,0,0,0,0,0,0,0,0,0,0,0,0,0,0,0,0,1.302,2.751,4.872,0.125,0,kalabalik
6,Run50_AlphaDengeV1,Elektrik yolu,bahcivan,standart,100,HA,50,,,3200,984,621,0,0,1595,1019,787,796,452,146,131737,495668,1,131737,1,37707,27350,9075,327532,220074,80256,746598,149,9,248.33,2.5,2.197,0.377,2.198,12,0.45,3.306,172,8.98,1,1.12,1.16,1.22,1.15,100,84,74,72,73,0,0.37,0.58,0.52,0.78,27,121,0.657,0.446,1.045,7525,0,213,0,keskin_bicakx2 bereketli_toprakx1 yikim_gucux3 kivilcimx1 cifte_akimx1 genis_savurusx1 hizli_bilekx2 firtina_bilegix1 canavar_kesimix1 agir_darbex1,294,0,65,148,444,121,236,78,2,2,4,cifte_akim@R23,558,558,0,1050,729,0,0,20,0,0,0.562,2026.723,49.231,1487,0,8923,0,0,163124,0,0,3,39,39,9055,11,12,3.366,0.53,217500,0,12,65,65.167,1.6,2.392,1.3,,,1.124,2294,0,0,0,0,,0.686,0,0,0,0,0,0,0,0,0,0,0,0,0,0,0,0,0,0,0,1.316,2.62,6.524,0.124,0,kalabalik
6,Run50_AlphaDengeV1,Elektrik yolu,bahcivan,standart,100,HA,50,KAZANDI
7,Run50_AlphaDengeV1,Elektrik yolu,bahcivan,standart,101,HA,1,,,13,13,0,0,0,0,12,1,0,0,0,15,15,1,0,0,28,0,0,28,0,0,270,1,0,10,1,1,3,0.9,4,0.3,2,12,2.25,2,3,,,,17,0,,,,3,6,,,,2,4,0.339,0,8,23,0,0,2,,4,0.351,45,0,0,0,0,0,0,0,0,,0,0,0,0,0,0,0,0,0,0,0.75,0.333,0.289,0,0,22,0,0,270,0,0,0,0,0,0,0,0,1,0,390,0,0,45,45.133,4.426,4.426,,,,,0,0,0,0,0,,,0,0,0,0,0,0,0,0,0,0,0,0,0,0,0,0,0,0,0,0.337,0.42,2.22,0.014,0,kalabalik
7,Run50_AlphaDengeV1,Elektrik yolu,bahcivan,standart,101,HA,2,,,15,15,0,0,0,0,11,3,1,0,0,30,45,1,0,0,34,4,0,37,4,0,350,2,3,10.67,1,1,3,0.9,4,0.3,2,13,2.85,2.09,2,3,,,0,0,0,,,3.27,3,12,,,3,5,0.479,0,8,28,1,1,1,,5,0.111,45,1,3,0,0,0,0,0,0,,0,0,0,0,0,0,0,0,0,0,0.6,0.667,0.333,0,0,24,0,0,230,0,0,0,0,0,0,0,0,1,0,410,0,0,45,45.133,5.562,5.562,,,,,0,0,0,0,0,,,0,0,0,0,0,0,0,0,0,0,0,0,0,0,0,0,0,0,0,0.334,0.429,1.763,0.012,0,kalabalik
7,Run50_AlphaDengeV1,Elektrik yolu,bahcivan,standart,101,HA,3,,,9,9,0,0,0,0,8,1,0,0,0,11,56,1,11,1,20,0,0,23,4,0,204,3,3,11.33,1,1,3,0.9,4,0.3,2,9,2,2,1,,,,0,,,,,4.5,0,,,,4,6,0.221,0,8,34,2,3,1,,4,0.421,45,2,6,3,0,0,2,2,0,,0,0,0,0,0,0,0,0,0,0,0.333,0.244,0.2,0,0,22,0,0,24,0,0,3,1,1,0,1,0,1,0,420,0,3,45,45.133,9.052,9.052,,,,,0,0,0,0,0,,,0,0,0,0,0,0,0,0,0,0,0,0,0,0,0,0,0,0,0,0.337,0.426,1.49,0.011,0,kalabalik
7,Run50_AlphaDengeV1,Elektrik yolu,bahcivan,standart,101,HA,4,,,21,21,0,0,0,0,16,4,1,0,0,38,38,1,0,0,48,4,0,51,8,0,539,4,3,11.33,1,1,3,0.9,4,0.3,2,14,2.86,1.63,2.25,4,,,31,0,0,,,4.69,6.75,12,,,5,7,0.622,0.286,6.164,51,0,3,1,bereketli_toprakx1,4,0,45,3,9,6,0,0,2,2,0,,0,0,0,0,0,0,0,0,0,0,0.571,0.844,0.467,0,0,28,0,0,143,0,0,3,1,1,0,1,0,1,0,440,0,3,45,45.133,8.9,8.9,,,,,0,0,0,0,0,,,0,0,0,0,0,0,0,0,0,0,0,0,0,0,0,0,0,0,0,0.357,0.454,2.852,0.012,0,kalabalik
7,Run50_AlphaDengeV1,Elektrik yolu,bahcivan,standart,101,HA,5,,,20,18,0,0,0,2,14,5,1,0,0,39,77,1,0,0,48,4,0,52,12,0,545,5,3,12,1,1,2.892,0.9,4,0.3,2,15,3.13,1.92,2.4,3,,,14,0,0,,,4.34,8.11,14.47,,,6,8,0.659,0.375,5.915,61,4,7,1,bereketli_toprakx1,4,0,45,4,12,9,0,0,2,2,5,,0,0,0,0,0,0,0,0,0,0,0.75,0.867,0.444,2,0,30,0,0,248,0,0,3,2,1,6,1,0,1.0667,0,470,0,3,45,45.133,10.998,9.996,20.017,,,,2,0,0,0,0,,0.04,0,0,0,0,0,0,0,0,0,0,0,0,0,0,0,0,0,0,0,0.359,0.47,2.463,0.012,0,kalabalik
7,Run50_AlphaDengeV1,Elektrik yolu,bahcivan,standart,101,HA,6,,,22,21,0,0,0,1,11,10,0,1,0,71,148,1,71,1,62,0,2,64,12,2,709,6,3,12,1,1,2.892,0.9,4,0.3,2,19,3.47,2.2,2.9,,6,,0,0,,0,,6.95,14.19,,26.03,,7,9,0.758,0.556,6.017,82,1,8,1,bereketli_toprakx1,4,0,55,5,15,9,3,0,2,2,5,,0,0,0,0,0,0,0,0,0,0,0.556,1.291,0.4,1,0,30,0,0,487,0,0,3,2,2,6,1,0,1.0667,0,490,0,3,55,55.133,16.774,16.313,26.467,,,,2,0,0,0,0,,0.111,0,0,0,0,0,0,0,0,0,0,0,0,0,0,0,0,0,0,0,0.364,0.474,2.203,0.012,0,kalabalik
7,Run50_AlphaDengeV1,Elektrik yolu,bahcivan,standart,101,HA,7,,,30,30,0,0,0,0,21,5,3,1,0,96,96,1,0,0,67,12,2,73,24,4,868,8,6,13.33,1,1,2.37,0.9,4,0.3,2,23,3.26,1.95,2.4,3.33,4,,22,0,0,,,4.52,9,17.38,11.83,,7,9,0.635,0.222,5.87,84,6,14,0,bereketli_toprakx1 hizli_bilekx1,6,0,55,7,21,12,3,0,2,2,5,,0,0,0,0,0,0,0,0,0,0,0.556,1.745,0.545,0,0,32,0,0,345,0,0,3,3,2,6,1,0,1.0667,0,560,0,3,55,55.133,10.168,10.168,,,,,0,0,0,0,0,,,0,0,0,0,0,0,0,0,0,0,0,0,0,0,0,0,0,0,0,0.374,0.491,3.03,0.013,0,kalabalik
7,Run50_AlphaDengeV1,Elektrik yolu,bahcivan,standart,101,HA,8,,,37,37,0,0,0,0,30,5,2,0,0,65,161,1,0,0,85,8,0,85,32,4,1006,10,6,14,1,1,2.37,0.9,4,0.3,2,23,3.43,1.8,2.6,2.5,,,21,0,0,,,4.03,7.1,8.28,,,8,10,0.606,0.3,5.8,95,3,17,1,bereketli_toprakx1 hizli_bilekx1,7,0,55,9,27,18,3,0,2,2,5,,0,0,0,0,0,0,0,0,0,0,0.7,1.182,0.673,0,0,40,0,0,191,0,0,3,5,3,6,1,0,1.0667,0,640,0,6,55,55.133,8.792,8.792,,,,,1,0,0,0,0,,,0,0,0,0,0,0,0,0,0,0,0,0,0,0,0,0,0,0,0,0.38,0.489,2.953,0.012,0,kalabalik
7,Run50_AlphaDengeV1,Elektrik yolu,bahcivan,standart,101,HA,9,,,38,37,0,0,0,1,28,10,0,0,0,58,219,1,0,0,106,0,0,113,32,4,993,11,3,14.67,1,1,2.286,0.9,4,0.3,2,24,3.75,2,2.22,,,,10,0,,0,,6.28,3.81,,,,9,12,0.642,0.333,5.857,113,3,20,1,bereketli_toprakx1 hizli_bilekx1,8,0,55,10,30,24,3,0,2,2,5,,0,0,0,0,0,0,0,0,0,0,0.833,1.055,0.691,1,0,38,0,0,544,0,0,3,7,4,6,1,0,1.0667,0,700,0,6,55,55.133,9.935,10.066,5.1,,,,1,0,0,0,0,,0.244,0,0,0,0,0,0,0,0,0,0,0,0,0,0,0,0,0,0,0,0.398,0.521,2.857,0.013,0,kalabalik
7,Run50_AlphaDengeV1,Elektrik yolu,bahcivan,standart,101,HA,10,,,35,32,0,0,0,3,25,8,1,1,0,89,308,1,89,1,115,4,2,115,36,6,1024,13,6,15.64,1,1,2.204,0.9,4,0.3,2,24,2.88,1.74,2,4,2,,23,0,0,,,4.5,8.19,19.83,2.2,,10,14,0.503,0.214,5.72,135,5,25,1,bereketli_toprakx1 hizli_bilekx1,8,0,55,12,36,25,5,0,2,2,5,,0,0,0,0,0,0,0,0,0,0,0.5,1.618,0.636,3,0,42,0,0,118,0,0,3,8,6,14,1,0,1.1333,0,810,0,3,55,55.133,11.804,12.096,8.689,,,,4,0,0,0,0,,0.347,0,0,0,0,0,0,0,0,0,0,0,0,0,0,0,0,0,0,0,0.398,0.51,2.606,0.012,0,kalabalik
7,Run50_AlphaDengeV1,Elektrik yolu,bahcivan,standart,101,HA,11,,,65,56,1,0,0,8,45,15,5,0,0,140,140,1,0,0,210,20,0,215,56,6,1910,15,6,15.64,1.25,1,2.204,0.9,4,0.3,2,29,3.93,1.42,2,2.75,,,44,13,0,,,2.9,5.98,13.22,,,12,19,0.704,0.368,5.623,220,0,25,2,bereketli_toprakx1 hizli_bilekx1 keskin_bicakx1,11,0,65,14,42,25,11,0,2,2,5,,0,0,0,0,0,0,0,0,0,0,0.737,2.154,1,9,0,54,0,0,338,0,0,3,8,8,14,1,0,1.1333,0,950,0,6,65,65.167,11.134,11.504,8.833,,,,25,0,0,0,0,,0.357,0,0,0,0,0,0,0,0,0,0,0,0,0,0,0,0,0,0,0,0.431,0.561,3.771,0.014,0,kalabalik
7,Run50_AlphaDengeV1,Elektrik yolu,bahcivan,standart,101,HA,12,,,64,54,3,0,0,7,41,15,7,0,1,303,443,1,0,0,198,28,8,200,54,14,2007,17,6,18.13,1.25,1,2.125,0.9,4,0.3,2,30,4,1.5,2.14,2,,3,32,14,0,,0,5.38,12.59,11.84,,25.5,14,23,0.77,0.565,5.402,277,8,33,2,bereketli_toprakx1 hizli_bilekx1 keskin_bicakx1,10,0,65,16,48,25,17,0,2,2,5,,0,0,0,0,0,0,0,0,0,0,0.739,4.662,0.985,10,0,57,0,0,395,0,0,3,8,8,24,1,0,1.2,0,1100,0,6,65,65.167,17.156,18.298,10.987,,,,25,0,0,0,0,,0.309,0,0,0,0,0,0,0,0,0,0,0,0,0,0,0,0,0,0,0,0.48,0.64,3.344,0.015,0,kalabalik
7,Run50_AlphaDengeV1,Elektrik yolu,bahcivan,standart,101,HA,13,,,56,49,4,0,0,3,36,12,5,2,1,334,777,1,334,1,180,20,12,184,49,26,1833,18,3,19.2,1.25,1,2.048,0.9,4,0.3,2,31,4,1.67,2.27,2,4,4,25,0,0,0,0,6.01,10.81,6.15,28.68,34.83,15,25,0.806,0.6,5.386,302,5,38,1,bereketli_toprakx1 hizli_bilekx1 keskin_bicakx1,10,0,65,17,51,31,17,0,2,2,5,,0,0,0,0,0,0,0,0,0,0,0.96,5.138,0.862,7,0,63,0,0,1128,0,0,3,10,8,24,1,0,1.2,0,1200,0,6,65,65.167,20.664,21.22,16.771,,,,14,0,0,0,0,,0.31,0,0,0,0,0,0,0,0,0,0,0,0,0,0,0,0,0,0,0,0.441,0.573,3.117,0.015,0,kalabalik
7,Run50_AlphaDengeV1,Elektrik yolu,bahcivan,standart,101,HA,14,,,80,63,10,0,0,7,55,14,6,3,2,510,510,1,0,0,292,41,6,293,90,32,2684,20,6,20.27,1.25,1,1.975,0.935,4,0.3,2,32,4,1.25,1.82,3,1.5,2.5,46,17,0,,0,2.25,5.74,14.33,14.82,22.72,16,26,0.757,0.462,5.292,319,7,45,1,bereketli_toprakx1 hizli_bilekx1 keskin_bicakx1 kivilcimx1,14,0,65,19,57,34,17,0,2,2,5,,0,0,0,0,0,0,0,0,0,0,0.885,7.846,1.231,17,0,74,0,0,1312,0,0,3,11,8,36,1,0,1.2667,0,1400,0,3,65,65.167,15.663,15.949,14.606,,,,40,0,0,0,0,,0.271,0,0,0,0,0,0,0,0,0,0,0,0,0,0,0,0,0,0,0,0.528,0.742,3.725,0.016,0,kalabalik
7,Run50_AlphaDengeV1,Elektrik yolu,bahcivan,standart,101,HA,15,,,98,71,20,0,0,7,73,18,3,2,2,479,989,1,0,0,345,51,4,404,91,36,3543,23,9,20.27,1.25,1,1.836,0.97,4,0.3,2,35,4,1.41,1.93,1.5,3,2.5,44,13,0,0,0,2.88,12.71,3.67,20.18,17.43,16,32,0.774,0.594,4.913,423,11,56,3,bereketli_toprakx1 hizli_bilekx1 keskin_bicakx1 kivilcimx1,14,0,65,22,66,40,17,0,2,2,5,,0,0,0,0,0,0,0,0,0,0,0.625,7.369,1.508,27,0,110,0,0,255,0,0,3,13,11,84,3,0,1.4667,0,1800,0,6,65,65.167,15.262,17.021,10.635,,,,67,0,0,0,0,,0.295,0,0,0,0,0,0,0,0,0,0,0,0,0,0,0,0,0,0,0,0.448,0.596,3.875,0.018,0,kalabalik
7,Run50_AlphaDengeV1,Elektrik yolu,bahcivan,standart,101,HA,16,,,130,89,29,0,0,12,85,21,18,4,2,725,1714,1,725,1,441,110,10,464,141,46,5452,25,6,24.3,1.25,1,1.836,1.04,6,0.3,2,35,5.6,1.41,1.73,2.27,2.33,3,53,29,7,0,0,2.97,3.5,8.84,7.34,9.17,17,37,0.511,0.189,4.806,500,8,64,2,bereketli_toprakx1 hizli_bilekx1 keskin_bicakx1 kivilcimx1,18,0,65,24,72,49,17,0,2,2,5,,0,0,0,0,0,0,0,0,0,0,0.486,11.154,2,41,0,133,0,0,2007,0,0,3,17,14,125,4,0,1.6,0,2100,0,9,65,65.167,11.515,13.175,7.912,,,,71,0,0,0,0,,0.387,0,0,0,0,0,0,0,0,0,0,0,0,0,0,0,0,0,0,0,0.494,0.648,3.551,0.02,0,kalabalik
7,Run50_AlphaDengeV1,Elektrik yolu,bahcivan,standart,101,HA,17,,,173,90,52,0,0,31,84,41,30,15,3,1449,1449,1,0,0,603,150,39,657,278,65,8545,29,12,24.3,1.25,1,1.836,1.04,6,0.3,2,35,6,1.3,1.88,1.94,2.4,1.5,49,14,0,0,0,1.88,5.28,4.47,9.17,1.83,18,49,0.751,0.327,4.644,686,1,65,7,bereketli_toprakx1 hizli_bilekx1 keskin_bicakx1 kivilcimx2,29,0,65,28,84,49,23,0,2,2,5,,0,0,0,0,0,0,0,0,0,0,0.796,22.292,2.662,83,0,139,0,0,1252,0,0,3,17,17,125,4,0,1.6,0,2800,0,6,65,65.167,12.042,11.393,12.745,,,,242,0,0,0,0,,0.236,0,0,0,0,0,0,0,0,0,0,0,0,0,0,0,0,0,0,0,0.617,0.919,6.081,0.026,0,kalabalik
7,Run50_AlphaDengeV1,Elektrik yolu,bahcivan,standart,101,HA,18,,,208,88,65,0,0,55,98,53,35,15,7,2210,3659,1,0,0,795,235,32,872,268,57,10450,32,9,28.62,1.25,1,1.778,1.04,6,0.3,2,36,6,1.36,1.39,2,2.22,2.4,59,46,5,0,0,2.28,1.78,4.81,8.69,10.32,15,49,0.752,0.469,4.386,726,7,72,2,bereketli_toprakx1 hizli_bilekx1 keskin_bicakx1 kivilcimx2,30,0,65,31,93,49,35,0,2,2,5,,0,0,0,0,0,0,0,0,0,0,0.694,34,3.2,120,0,187,0,0,2702,0,0,3,17,17,125,4,0,1.6,0,3400,0,12,65,65.167,11.524,11.706,11.39,,,,247,0,0,0,0,,0.404,0,0,0,0,0,0,0,0,0,0,0,0,0,0,0,0,0,0,0,0.686,1.015,4.168,0.025,0,kalabalik
7,Run50_AlphaDengeV1,Elektrik yolu,bahcivan,standart,101,HA,19,,,231,95,72,0,0,64,95,59,42,25,10,3631,7290,1,0,0,759,346,90,761,396,127,12257,35,9,34.76,1.25,1,1.722,1.075,6,0.3,2,37,6,1.21,1.42,1.73,2.25,1.83,62,54,20,6,0,1.09,1.94,2.99,5.03,2.58,14,49,0.733,0.408,4.293,742,8,80,1,bereketli_toprakx1 hizli_bilekx1 keskin_bicakx1 kivilcimx2,30,0,65,34,102,49,44,0,2,2,5,,0,0,0,0,0,0,0,0,0,0,0.612,55.862,3.554,136,0,224,0,0,4059,0,0,3,17,17,125,4,0,1.6,0,4100,0,9,65,65.167,9.626,10.267,9.178,,,,299,0,0,0,0,,0.307,0,0,0,0,0,0,0,0,0,0,0,0,0,0,0,0,0,0,0,0.706,1.06,4.041,0.028,0,kalabalik
7,Run50_AlphaDengeV1,Elektrik yolu,bahcivan,standart,101,HA,20,,,256,106,94,0,0,56,105,69,52,19,11,3677,10967,1,3677,1,849,521,96,900,577,123,13387,38,9,39.82,1.25,1,1.722,1.145,6,0.3,2,37,6,1.23,1.36,1.58,1.67,2.5,67,57,32,38,25,0.74,2.58,3.23,2.87,5.16,14,51,0.721,0.412,4.182,793,10,90,1,bereketli_toprakx1 hizli_bilekx1 keskin_bicakx1 kivilcimx2,34,0,65,37,111,49,53,0,2,2,5,,0,0,0,0,0,0,0,0,0,0,0.569,56.569,3.938,150,0,251,0,0,4246,0,0,3,17,17,125,4,0,1.6,0,5000,0,9,65,65.167,9.408,11.836,7.693,,,,336,0,0,0,0,,0.284,0,0,0,0,0,0,0,0,0,0,0,0,0,0,0,0,0,0,0,0.689,1.102,4.235,0.029,0,kalabalik
7,Run50_AlphaDengeV1,Elektrik yolu,bahcivan,standart,101,HA,21,,,246,91,78,0,0,77,89,69,56,26,6,3451,3451,1,0,0,714,449,122,724,750,165,13718,41,9,39.82,1.25,1.3,1.668,1.23,6,0.3,2,38,6,1.43,1.63,1.75,1.87,3,51,34,11,24,0,2.76,2.66,5.17,2.89,8.33,16,69,0.791,0.275,4.083,1098,5,95,7,bereketli_toprakx1 hizli_bilekx1 keskin_bicakx1 kivilcimx2 yikim_gucux1,48,0,65,40,120,58,53,0,2,2,5,,0,0,0,0,0,0,0,0,0,0,0.797,53.092,3.785,155,0,251,0,0,2064,0,0,3,17,17,125,6,0,1.6,0,5900,0,9,65,65.167,11.559,14.678,9.728,,,,288,0,0,0,0,,0.472,0,0,0,0,0,0,0,0,0,0,0,0,0,0,0,0,0,0,0,0.617,0.843,5.058,0.03,0,kalabalik
7,Run50_AlphaDengeV1,Elektrik yolu,bahcivan,standart,101,HA,22,,,285,100,112,0,0,73,90,92,65,28,10,4179,7630,1,0,0,1064,618,120,1068,743,285,17949,44,9,45.79,1.25,1.3,1.668,1.23,6,0.3,2,38,6,1.25,1.4,1.68,1.63,2,64,43,32,8,0,1.15,1.5,4.4,2.29,6.25,18,75,0.793,0.48,4.021,1212,5,100,2,bereketli_toprakx1 hizli_bilekx1 keskin_bicakx1 kivilcimx2 yikim_gucux1,47,0,65,43,129,67,53,0,2,2,5,,0,0,0,0,0,0,0,0,0,0,0.827,64.292,4.385,185,0,279,0,0,1213,0,0,3,21,20,125,9,0,1.6,0,7000,0,9,65,65.167,11.657,14.351,10.201,,,,320,0,0,0,0,,0.502,0,0,0,0,0,0,0,0,0,0,0,0,0,0,0,0,0,0,0,0.595,0.833,4.653,0.03,0,kalabalik
7,Run50_AlphaDengeV1,Elektrik yolu,bahcivan,standart,101,HA,23,,,308,97,162,0,0,49,114,83,63,38,10,4578,12208,1,4578,1,1125,556,174,1173,619,459,18069,46,6,49.54,1.25,1.3,1.616,1.23,6,0.3,2,40,6,1.27,1.54,1.24,2.13,1.71,66,45,58,19,20,1.97,3.16,2.66,5.85,5.53,22,81,0.697,0.457,3.909,1347,5,105,4,bereketli_toprakx1 hizli_bilekx1 keskin_bicakx1 kivilcimx2 yikim_gucux1,44,0,65,45,135,76,53,0,2,2,5,,0,0,0,0,0,0,0,0,0,0,0.691,70.431,4.738,211,0,320,0,0,4882,0,0,3,25,25,125,10,0,1.6,0,7800,0,9,65,65.167,10.762,14.38,9.099,,,,359,0,0,0,0,,0.497,0,0,0,0,0,0,0,0,0,0,0,0,0,0,0,0,0,0,0,0.744,1.223,3.92,0.032,0,kalabalik
7,Run50_AlphaDengeV1,Elektrik yolu,bahcivan,standart,101,HA,24,,,551,102,381,0,0,68,199,146,114,68,24,11136,11136,1,0,0,2262,1240,297,2365,1399,756,33551,50,12,49.54,1.25,1.3,1.565,1.315,6,0.3,2,41,6,1.28,1.06,1.32,1.67,2,67,70,33,10,20,1.19,0.78,1.56,3.03,3.13,22,81,0.671,0.358,3.738,1409,7,112,0,bereketli_toprakx1 hizli_bilekx1 keskin_bicakx1 kivilcimx2 yikim_gucux1 artci_patlamax1,69,0,65,49,147,81,54,0,2,2,5,artci_patlama@R23,63,63,0,345,210,0,0,0,0,0,0.506,171.323,8.477,239,0,324,0,0,4833,0,0,3,27,27,125,10,0,1.6,0,9500,0,6,65,65.167,8.196,11.583,6.434,,,8.556,443,0,0,0,0,,0.56,0,0,0,0,0,0,0,0,0,0,0,0,0,0,0,0,0,0,0,0.863,1.381,12.729,0.035,0,kalabalik
7,Run50_AlphaDengeV1,Elektrik yolu,bahcivan,standart,101,HA,25,,,518,102,364,0,0,52,204,134,99,61,20,10523,21659,1,0,0,2288,1032,300,2368,1711,1006,31774,53,9,56.1,1.25,1.3,1.516,1.365,6,0.3,2,42,6,1.12,1.31,1.5,1.5,2.2,72,58,31,45,14,0.4,1.31,1.89,2.53,4.24,22,81,0.678,0.37,3.677,1432,9,121,0,bereketli_toprakx1 hizli_bilekx1 keskin_bicakx1 kivilcimx2 yikim_gucux1 artci_patlamax1,72,0,65,52,156,81,66,0,2,2,5,artci_patlama@R23,67,67,0,329,204,0,0,0,0,0,0.753,161.892,7.969,212,0,329,0,0,7107,0,0,3,27,27,575,10,0,1.6667,0,11000,0,12,65,65.167,5.637,6.965,6.064,,,4.528,387,0,0,0,0,,0.539,0,0,0,0,0,0,0,0,0,0,0,0,0,0,0,0,0,0,0,0.695,1.176,4.924,0.033,0,kalabalik
7,Run50_AlphaDengeV1,Elektrik yolu,bahcivan,standart,101,HA,26,,,530,113,347,0,0,70,200,151,100,56,23,10790,32449,1,10790,1,2498,1136,294,2576,1157,1300,33201,56,9,69.27,1.25,1.3,1.516,1.415,9,0.3,2,42,6,1.12,1.2,1.17,1.67,1.33,76,62,41,19,33,0.53,0.91,0.47,4.56,0.5,22,81,0.697,0.395,3.56,1479,6,127,0,bereketli_toprakx1 hizli_bilekx1 keskin_bicakx1 kivilcimx2 yikim_gucux1 artci_patlamax1,72,0,65,55,165,81,75,0,2,2,5,artci_patlama@R23,70,70,0,291,178,0,0,0,0,0,0.654,166,8.154,239,0,439,0,0,5308,0,0,3,27,27,575,10,0,1.6667,0,13000,0,9,65,65.167,8.453,12.25,8.235,,,6.335,393,0,0,0,0,,0.528,0,0,0,0,0,0,0,0,0,0,0,0,0,0,0,0,0,0,0,0.691,1.161,5.727,0.034,0,kalabalik
7,Run50_AlphaDengeV1,Elektrik yolu,bahcivan,standart,101,HA,27,,,758,159,482,0,0,117,298,212,140,82,26,13423,13423,1,0,0,3675,1352,522,3901,1549,1822,53996,60,12,69.27,1.25,1.3,1.468,1.415,9,0.437,2,44,9,1,1.11,1.12,1.6,1.57,83,74,60,29,33,0,0.3,0.67,3.23,4.4,22,81,0.579,0.259,3.454,1524,8,135,0,bereketli_toprakx1 hizli_bilekx1 keskin_bicakx1 kivilcimx2 yikim_gucux1 artci_patlamax1 kritik_gozx1,97,0,65,59,177,81,84,0,2,2,5,artci_patlama@R23,98,98,0,331,229,0,0,0,0,0,0.543,206.508,11.662,370,0,462,0,0,5304,0,0,3,27,27,1165,10,0,1.7333,0,15000,0,9,65,65.167,3.896,6.294,3.195,,,3.365,605,0,0,0,0,,0.597,0,0,0,0,0,0,0,0,0,0,0,0,0,0,0,0,0,0,0,0.764,1.278,4.887,0.042,0,kalabalik
7,Run50_AlphaDengeV1,Elektrik yolu,bahcivan,standart,101,HA,28,,,850,198,527,0,0,125,307,228,164,115,36,19443,32866,1,0,0,4362,1851,688,4943,2200,2445,60253,64,12,83.44,1.25,1.3,1.422,1.465,9,0.437,2,45,9,1,1.05,1.05,1.39,1.33,94,88,82,49,20,0,0.18,0.24,2.47,0.79,22,81,0.521,0.272,3.434,1533,8,143,0,bereketli_toprakx1 hizli_bilekx1 keskin_bicakx1 kivilcimx2 yikim_gucux1 artci_patlamax1 kritik_gozx1,91,0,65,63,189,81,96,0,2,2,5,artci_patlama@R23,135,135,0,395,256,0,0,0,0,0,0.519,299.123,13.077,396,0,550,0,0,1557,0,0,3,27,27,1165,10,0,1.7333,0,18000,0,12,65,65.167,3.929,7.025,3.088,,,2.835,696,0,0,0,0,,0.514,0,0,0,0,0,0,0,0,0,0,0,0,0,0,0,0,0,0,0,0.798,1.334,4.949,0.044,0,kalabalik
7,Run50_AlphaDengeV1,Elektrik yolu,bahcivan,standart,101,HA,29,,,771,192,470,0,0,109,307,193,152,93,26,15933,48799,1,0,0,4069,1710,512,6852,2900,2957,55530,67,9,83.44,1.25,1.3,1.422,1.465,9,0.437,2,45,8.98,1.06,1.1,1.22,1.62,1.13,92,75,63,45,57,0.44,0.76,1.04,3.25,0.53,22,81,0.586,0.333,3.319,1586,5,148,0,bereketli_toprakx1 hizli_bilekx1 keskin_bicakx1 kivilcimx2 yikim_gucux1 artci_patlamax1 kritik_gozx1,82,0,65,66,198,81,108,0,2,2,5,artci_patlama@R23,106,106,0,345,233,0,0,0,0,0,0.556,245.123,11.862,346,0,550,0,0,2087,0,0,3,27,27,1895,10,0,1.8,0,20000,0,12,65,65.167,3.923,5.476,3.493,,,3.274,600,0,0,0,0,,0.564,0,0,0,0,0,0,0,0,0,0,0,0,0,0,0,0,0,0,0,0.767,1.248,4.92,0.042,0,kalabalik
7,Run50_AlphaDengeV1,Elektrik yolu,bahcivan,standart,101,HA,30,,,873,216,538,0,0,119,327,240,162,116,28,18060,66859,1,18060,1,4581,1941,634,8388,3531,3511,63212,70,9,94.04,1.25,1.3,1.377,1.515,9,0.453,2,47,8.98,1,1.04,1.19,1,1.5,93,87,72,49,50,0,0.15,0.63,0,2.53,22,81,0.55,0.247,3.261,1615,7,155,0,bereketli_toprakx1 hizli_bilekx1 keskin_bicakx1 kivilcimx2 yikim_gucux1 artci_patlamax1 kritik_gozx1,88,0,65,69,207,81,117,0,2,2,5,artci_patlama@R23,139,139,0,441,276,0,0,0,0,0,0.383,277.846,13.431,381,0,654,0,0,2299,0,0,3,27,27,1895,10,0,1.8,0,22000,0,9,65,65.167,3.182,4.142,2.962,,,2.734,766,0,0,0,0,,0.464,0,0,0,0,0,0,0,0,0,0,0,0,0,0,0,0,0,0,0,0.828,1.445,6.836,0.049,0,kalabalik
7,Run50_AlphaDengeV1,Elektrik yolu,bahcivan,standart,101,HA,31,,,912,234,556,0,0,122,340,236,200,93,43,22065,22065,1,0,0,5675,2187,628,11033,4578,4139,68280,73,9,94.04,1.25,1.3,1.377,1.515,9,0.453,2,47,9.98,1,1.03,1.1,1.09,1.23,96,90,74,62,70,0,0.13,0.7,0.48,1.17,22,81,0.547,0.259,3.117,1689,6,161,0,bereketli_toprakx1 hizli_bilekx1 keskin_bicakx1 kivilcimx2 yikim_gucux1 artci_patlamax1 kritik_gozx1 hasat_ritmix1,93,0,65,72,216,81,126,0,2,2,5,artci_patlama@R23 hasat_ritmi@R30,182,182,0,441,287,18,18,0,0,0,0.531,339.462,14.031,391,0,1184,0,0,1579,0,0,3,27,27,2755,10,0,1.8667,0,25000,0,9,65,65.167,3.225,4.448,3.033,,,2.462,720,0,0,0,0,,0.527,0,0,0,0,0,0,0,0,0,0,0,0,0,0,0,0,0,0,0,0.846,1.447,9.112,0.049,0,kalabalik
7,Run50_AlphaDengeV1,Elektrik yolu,bahcivan,standart,101,HA,32,,,900,212,547,0,0,141,327,222,183,129,39,23482,45547,1,0,0,4794,2589,880,12837,7047,4924,71254,75,6,100.86,1.25,1.3,1.377,1.565,9,0.47,2,47,9.96,1,1.12,1.06,1.3,1.33,95,81,83,64,56,0,0.34,0.26,2.3,1.53,22,81,0.549,0.235,3.117,1689,5,166,0,bereketli_toprakx1 hizli_bilekx1 keskin_bicakx1 kivilcimx2 yikim_gucux1 artci_patlamax1 kritik_gozx1 hasat_ritmix1,88,0,65,74,222,81,135,0,2,2,5,artci_patlama@R23 hasat_ritmi@R30,164,164,0,394,263,17,16,0,0,0,0.444,361.262,13.846,425,0,1155,0,0,21833,0,0,3,27,27,2755,10,0,1.8667,0,27000,0,9,65,65.167,3.079,4.56,2.776,,,2.362,731,0,0,0,0,,0.542,0,0,0,0,0,0,0,0,0,0,0,0,0,0,0,0,0,0,0,0.823,1.396,5.225,0.049,0,kalabalik
7,Run50_AlphaDengeV1,Elektrik yolu,bahcivan,standart,101,HA,33,,,778,221,475,0,0,82,294,194,169,97,24,17701,63248,1,17701,1,4030,2090,655,15247,7107,5579,56822,77,6,105.24,1.25,1.3,1.377,1.565,9,0.47,2,47,9.64,1.02,1.02,1.18,1.25,1.29,93,89,76,60,62,0.07,0.1,0.49,0.76,1.18,22,81,0.483,0.235,2.969,1773,4,170,0,bereketli_toprakx1 hizli_bilekx1 keskin_bicakx1 kivilcimx2 yikim_gucux1 artci_patlamax1 kritik_gozx1 hasat_ritmix1,82,0,65,76,228,81,141,0,2,2,5,artci_patlama@R23 hasat_ritmi@R30,186,186,0,371,239,17,17,0,0,0,0.333,272.323,11.969,318,0,1164,0,0,23655,0,0,3,27,27,3755,10,0,1.9333,0,29000,0,6,65,65.167,3.421,4.382,3.493,,,2.412,565,0,0,0,0,,0.519,0,0,0,0,0,0,0,0,0,0,0,0,0,0,0,0,0,0,0,0.805,1.354,4.811,0.045,0,kalabalik
7,Run50_AlphaDengeV1,Elektrik yolu,bahcivan,standart,101,HA,34,,,1194,305,772,0,0,117,447,308,271,135,33,26144,26144,1,0,0,6185,3198,985,16082,9665,6454,95219,80,9,112.36,1.25,1.3,0.964,1.615,9,0.487,2,67,9.73,1.02,1.04,1.14,1.18,1.56,96,88,72,63,31,0.04,0.46,1.18,0.62,1.82,22,81,0.476,0.222,2.92,1803,7,177,0,bereketli_toprakx1 hizli_bilekx1 keskin_bicakx1 kivilcimx2 yikim_gucux1 artci_patlamax1 kritik_gozx1 hasat_ritmix1 firtina_bilegix1,121,0,65,79,237,81,147,0,2,2,5,artci_patlama@R23 hasat_ritmi@R30,257,257,0,639,402,23,23,0,0,0,0.506,402.215,18.369,487,0,1448,0,0,28874,0,0,3,27,27,3755,10,0,1.9333,0,32000,0,6,65,65.167,2.244,3.775,1.849,,,1.526,818,0,0,0,0,,0.566,0,0,0,0,0,0,0,0,0,0,0,0,0,0,0,0,0,0,0,0.942,1.613,5.316,0.057,0,kalabalik
7,Run50_AlphaDengeV1,Elektrik yolu,bahcivan,standart,101,HA,35,,,1235,330,778,0,0,127,426,318,267,166,58,34919,61063,1,0,0,6685,3732,1335,21667,11107,7789,105643,84,12,117.04,1.25,1.3,0.964,1.615,9,0.487,2,67,9.93,1.01,1.05,1.12,1.21,1.13,96,87,80,64,66,0.03,0.08,0.57,0.7,0.25,22,81,0.5,0.272,2.821,1866,3,180,0,bereketli_toprakx1 hizli_bilekx1 keskin_bicakx1 kivilcimx2 yikim_gucux1 artci_patlamax1 kritik_gozx1 hasat_ritmix1 firtina_bilegix1,126,0,65,83,249,81,156,0,2,2,5,artci_patlama@R23 hasat_ritmi@R30,278,278,0,632,395,24,25,0,0,0,0.358,537.215,19,510,0,1494,0,0,517,0,0,3,27,27,4855,10,0,2,0,36000,0,9,65,65.167,2.117,2.991,1.993,,,1.547,923,0,0,0,0,,0.537,0,0,0,0,0,0,0,0,0,0,0,0,0,0,0,0,0,0,0,0.975,1.707,4.81,0.06,0,kalabalik
7,Run50_AlphaDengeV1,Elektrik yolu,bahcivan,standart,101,HA,36,,,1045,264,673,0,0,108,377,283,224,116,45,27685,88748,1,27685,1,6145,3207,941,25332,14314,8605,85837,86,6,117.04,1.25,1.3,0.964,1.665,9,0.503,2,67,7.87,1.06,1.11,1.17,1.29,1.38,91,82,65,57,44,0.22,0.43,0.48,1.14,1.26,22,81,0.567,0.284,2.811,1873,4,184,0,bereketli_toprakx1 hizli_bilekx1 keskin_bicakx1 kivilcimx2 yikim_gucux1 artci_patlamax1 kritik_gozx1 hasat_ritmix1 firtina_bilegix1,114,0,65,85,255,81,168,0,2,2,5,artci_patlama@R23 hasat_ritmi@R30,200,200,0,611,362,22,22,0,0,0,0.556,425.923,16.077,419,0,1339,0,0,12354,0,0,3,27,27,4855,10,0,2,0,39000,0,12,65,65.167,2.645,3.779,2.65,,,1.802,776,0,0,0,0,,0.554,0,0,0,0,0,0,0,0,0,0,0,0,0,0,0,0,0,0,0,0.915,1.576,5.479,0.054,0,kalabalik
7,Run50_AlphaDengeV1,Elektrik yolu,bahcivan,standart,101,HA,37,,,1331,325,827,0,0,179,510,341,266,170,44,33529,33529,1,0,0,8158,4101,1566,28570,17715,10171,117639,89,9,128.18,1.25,1.3,0.964,1.665,9,0.503,2,67,10.06,1.01,1.06,1.25,1.21,1.5,95,85,73,64,47,0.03,0.13,1.03,0.81,1.29,22,81,0.525,0.235,2.393,2200,4,188,0,bereketli_toprakx2 hizli_bilekx1 keskin_bicakx1 kivilcimx2 yikim_gucux1 artci_patlamax1 kritik_gozx1 hasat_ritmix1 firtina_bilegix1,135,0,65,88,264,81,170,4,2,2,5,artci_patlama@R23 hasat_ritmi@R30,262,262,0,641,417,26,25,0,0,0,0.395,515.831,20.477,589,0,1546,0,0,9993,0,0,3,27,27,6155,10,0,2.0667,0,42000,0,6,65,65.167,2.046,3.108,1.716,,,1.683,1068,0,0,0,0,,0.61,0,0,0,0,0,0,0,0,0,0,0,0,0,0,0,0,0,0,0,0.987,1.689,5.003,0.063,0,kalabalik
7,Run50_AlphaDengeV1,Elektrik yolu,bahcivan,standart,101,HA,38,,,1461,369,910,0,0,182,510,391,313,180,67,41063,74592,1,0,0,11079,6216,1799,39269,22231,11830,128381,92,9,133.3,1.25,1.3,0.81,1.665,9,0.52,2,80,9.89,1.04,1.04,1.13,1.11,1.69,94,92,74,65,38,0.22,0.07,0.47,0.29,1.77,22,81,0.505,0.235,2.253,2337,3,191,0,bereketli_toprakx2 hizli_bilekx1 keskin_bicakx1 kivilcimx2 yikim_gucux1 artci_patlamax1 kritik_gozx1 hasat_ritmix1 firtina_bilegix1,142,0,65,91,273,81,170,13,2,2,5,artci_patlama@R23 hasat_ritmi@R30,306,305,1,794,474,28,29,0,0,0,0.778,631.738,22.477,618,0,1506,0,0,7374,0,0,3,27,27,6155,10,0,2.0667,0,46000,0,9,65,65.167,1.848,3.165,1.47,,,1.295,1137,0,0,0,0,,0.573,0,0,0,0,0,0,0,0,0,0,0,0,0,0,0,0,0,0,0,1.056,1.841,5.432,0.069,0,kalabalik
7,Run50_AlphaDengeV1,Elektrik yolu,bahcivan,standart,101,HA,39,,,1585,392,971,0,0,222,568,414,332,214,57,41802,116394,1,0,0,12674,6760,2448,45343,28221,14278,156952,95,9,141.24,1.25,1.3,0.778,1.665,9,0.52,2,83,9.89,1.01,1.1,1.21,1.17,1.33,92,85,75,70,48,0.06,0.23,0.42,0.44,1.25,22,81,0.511,0.272,2.101,2506,4,195,0,bereketli_toprakx2 hizli_bilekx1 keskin_bicakx1 kivilcimx2 yikim_gucux1 artci_patlamax1 kritik_gozx1 hasat_ritmix1 firtina_bilegix1,155,0,65,94,282,81,170,22,2,2,5,artci_patlama@R23 hasat_ritmi@R30,331,331,0,791,499,30,30,0,0,0,0.383,643.108,24.385,694,0,1644,0,0,21326,0,0,3,27,27,7555,10,2,2.2827,0.07,51000,0,9,65,65.167,1.73,2.794,1.497,,,1.209,1227,0,0,0,0,,0.604,0,0,0,0,0,0,0,0,0,0,0,0,0,0,0,0,0,0,0,1.09,1.883,5.138,0.072,0,kalabalik
7,Run50_AlphaDengeV1,Elektrik yolu,bahcivan,standart,101,HA,40,,,1547,379,984,0,0,184,543,395,328,215,66,44842,161236,1,44842,1,14210,8036,2988,59133,34357,17111,157040,98,9,146.67,1.25,1.3,0.674,1.665,9,0.537,2,96,9.82,1.07,1.18,1.48,1.4,1.94,85,74,49,43,23,0.14,0.7,0.99,0.95,2.65,22,81,0.571,0.235,1.845,2854,3,198,0,bereketli_toprakx2 hizli_bilekx1 keskin_bicakx1 kivilcimx2 yikim_gucux1 artci_patlamax1 kritik_gozx1 hasat_ritmix1 firtina_bilegix1,151,0,65,97,291,81,170,31,2,2,5,artci_patlama@R23 hasat_ritmi@R30,292,292,0,1038,524,33,32,0,0,0,0.494,689.877,23.8,644,0,1763,0,0,21366,0,0,3,27,27,7555,10,3,2.368,0.11,55000,0,9,65,65.167,1.933,3.144,1.688,,,1.351,1390,0,0,0,0,,0.466,0,0,0,0,0,0,0,0,0,0,0,0,0,0,0,0,0,0,0,1.187,2.197,9.426,0.08,1,kalabalik
7,Run50_AlphaDengeV1,Elektrik yolu,bahcivan,standart,101,HA,41,,,2147,671,1273,0,0,203,737,605,436,295,74,56199,56199,1,0,0,21144,10673,4016,72977,45030,20977,231501,102,12,169.16,2,1.3,0.584,1.665,9,0.537,2.111,111,9.95,1,1.01,1.01,1.01,1.03,100,97,93,87,85,0,0.01,0.06,0.01,0.08,22,81,0.455,0.247,1.773,2970,4,202,0,bereketli_toprakx2 hizli_bilekx1 keskin_bicakx1 kivilcimx2 yikim_gucux1 artci_patlamax1 kritik_gozx1 hasat_ritmix1 firtina_bilegix1 canavar_kesimix1,186,0,65,101,303,81,170,40,2,2,5,artci_patlama@R23 hasat_ritmi@R30,576,570,6,1182,683,49,50,0,0,0,0.42,864.6,33.031,793,0,3521,0,0,22867,0,0,3,27,27,9055,10,4,2.53,0.15,62000,0,9,65,65.167,1.112,1.538,1.072,,,0.735,1572,0,0,0,0,,0.564,0,0,0,0,0,0,0,0,0,0,0,0,0,0,0,0,0,0,0,1.37,2.767,8.198,0.101,0,kalabalik
7,Run50_AlphaDengeV1,Elektrik yolu,bahcivan,standart,101,HA,42,,,2552,756,1490,0,0,306,864,652,585,319,132,74301,130500,1,0,0,27168,16474,6182,99425,61454,25089,324252,107,15,199.78,2,1.3,0.566,1.665,9,0.553,2.111,114,10.31,1,1.01,1.04,1.01,1.05,100,97,90,88,83,0,0.03,0.08,0.02,0.35,30,121,0.547,0.223,1.832,4293,3,205,15,bereketli_toprakx2 hizli_bilekx1 keskin_bicakx1 kivilcimx2 yikim_gucux1 artci_patlamax1 kritik_gozx1 hasat_ritmix1 firtina_bilegix1 canavar_kesimix1,235,0,65,106,318,81,170,52,2,2,5,artci_patlama@R23 hasat_ritmi@R30,460,460,0,1439,795,51,51,0,0,0,0.57,1143.092,39.262,1001,0,4328,0,0,21119,0,0,3,27,27,9055,10,7,2.816,0.28,70000,0,12,65,65.167,1.633,2.402,1.429,,,1.106,1973,0,0,0,0,,0.478,0,0,0,0,0,0,0,0,0,0,0,0,0,0,0,0,0,0,0,1.443,2.865,10.339,0.109,0,kalabalik
7,Run50_AlphaDengeV1,Elektrik yolu,bahcivan,standart,101,HA,43,,,2379,640,1466,0,0,273,788,673,505,327,86,69576,200076,1,69576,1,24117,14863,5005,119442,76317,29899,301824,111,12,210.41,2,1.3,0.566,1.665,9,0.553,2.222,114,8.2,1,1.01,1.02,1.04,1.06,100,95,93,87,81,0,0,0.18,0.1,0.11,30,121,0.577,0.306,1.765,4457,2,207,0,bereketli_toprakx2 hizli_bilekx1 keskin_bicakx1 kivilcimx2 yikim_gucux1 artci_patlamax1 kritik_gozx1 hasat_ritmix1 firtina_bilegix1 canavar_kesimix1,221,0,65,110,330,96,170,52,2,2,5,artci_patlama@R23 hasat_ritmi@R30,394,394,0,1485,854,43,42,0,0,0,0.653,1070.4,36.6,885,0,4475,0,0,30943,0,0,3,33,33,9055,11,7,2.816,0.28,78000,0,15,65,65.167,1.913,2.724,1.709,,,1.474,1908,0,0,0,0,,0.43,0,0,0,0,0,0,0,0,0,0,0,0,0,0,0,0,0,0,0,1.439,2.776,6.017,0.104,0,kalabalik
7,Run50_AlphaDengeV1,Elektrik yolu,bahcivan,standart,101,HA,44,,,2692,691,1606,0,0,395,860,739,613,364,116,83605,83605,1,0,0,28989,19460,7150,145711,95777,37049,381871,116,15,210.41,2,1.69,0.566,1.665,9,0.57,2.222,114,10.19,1,1.01,1.02,1.03,1.07,100,96,88,90,76,0,0.05,0.05,0.26,0.24,30,121,0.557,0.339,1.644,4783,2,209,0,bereketli_toprakx2 hizli_bilekx1 keskin_bicakx1 kivilcimx2 yikim_gucux2 artci_patlamax1 kritik_gozx1 hasat_ritmix1 firtina_bilegix1 canavar_kesimix1,248,0,65,115,345,108,170,52,2,2,5,artci_patlama@R23 hasat_ritmi@R30,446,446,0,1281,859,47,47,0,0,0,0.645,1286.231,41.415,1142,0,4832,0,0,2814,0,0,3,35,35,9055,12,7,2.816,0.28,88000,0,12,65,65.167,1.68,2.482,1.514,,,1.207,1778,0,0,0,0,,0.704,0,0,0,0,0,0,0,0,0,0,0,0,0,0,0,0,0,0,0,1.445,2.93,5.688,0.11,0,kalabalik
7,Run50_AlphaDengeV1,Elektrik yolu,bahcivan,standart,101,HA,45,,,2633,669,1555,0,0,409,880,686,592,350,125,103919,187524,1,0,0,31326,19208,6710,177037,114985,43519,377016,120,12,210.41,2,1.69,0.566,1.665,9,0.57,2.333,114,10.22,1,1.02,1.03,1.02,1.03,100,94,90,85,69,0,0.04,0.26,0.27,0.04,30,121,0.569,0.347,1.611,4881,1,210,0,bereketli_toprakx2 hizli_bilekx1 keskin_bicakx1 kivilcimx2 yikim_gucux2 artci_patlamax1 kritik_gozx1 hasat_ritmix1 firtina_bilegix1 canavar_kesimix1,243,0,65,119,357,121,172,52,2,2,5,artci_patlama@R23 hasat_ritmi@R30,420,420,0,1174,814,47,48,0,0,0,0.579,1598.754,40.508,1150,0,4964,0,0,15830,0,0,3,39,39,9055,13,7,2.816,0.28,97000,0,15,65,65.167,1.774,2.641,1.561,,,1.323,1759,0,0,0,0,,0.722,0,0,0,0,0,0,0,0,0,0,0,0,0,0,0,0,0,0,0,1.424,2.799,5.679,0.112,0,kalabalik
7,Run50_AlphaDengeV1,Elektrik yolu,bahcivan,standart,101,HA,46,,,2573,708,1566,0,0,299,814,679,593,374,113,102938,290462,1,102938,1,28602,19482,6787,203239,134467,50306,353057,123,9,210.41,2,1.69,0.566,1.665,9,0.57,2.333,114,10.21,1.02,1.01,1.04,1.05,1.06,97,93,84,75,70,0.11,0.06,0.1,0.11,0.12,30,121,0.591,0.372,1.549,5078,1,211,0,bereketli_toprakx2 hizli_bilekx1 keskin_bicakx1 kivilcimx2 yikim_gucux2 artci_patlamax1 kritik_gozx1 hasat_ritmix1 firtina_bilegix1 canavar_kesimix1,234,0,65,122,366,121,184,52,2,2,5,artci_patlama@R23 hasat_ritmi@R30,436,436,0,1664,889,47,47,0,0,0,0.636,1583.662,39.585,976,0,4610,0,0,72887,0,0,3,39,39,9055,13,7,2.816,0.28,100000,0,12,65,65.167,1.723,2.345,1.567,,,1.375,2099,0,0,0,0,,0.425,0,0,0,0,0,0,0,0,0,0,0,0,0,0,0,0,0,0,0,1.562,3.228,10.804,0.12,0,kalabalik
7,Run50_AlphaDengeV1,Elektrik yolu,bahcivan,standart,101,HA,47,,,2664,710,1584,0,0,370,866,688,628,379,103,102048,102048,1,0,0,29313,20020,6622,232552,154487,56638,367622,127,12,210.41,2,1.69,0.566,1.665,9,0.57,2.444,114,10.26,1,1.03,1.05,1.09,1.11,98,91,89,77,73,0,0.13,0.2,0.36,0.26,30,121,0.643,0.388,1.311,6001,1,212,0,bereketli_toprakx3 hizli_bilekx1 keskin_bicakx1 kivilcimx2 yikim_gucux2 artci_patlamax1 kritik_gozx1 hasat_ritmix1 firtina_bilegix1 canavar_kesimix1,241,0,65,126,378,121,193,52,2,2,5,artci_patlama@R23 hasat_ritmi@R30,421,421,0,1479,860,49,48,0,0,0,0.645,1569.969,40.985,1094,0,4602,0,0,10509,0,0,3,39,39,9055,13,7,2.816,0.28,110000,0,9,65,65.167,1.858,2.762,1.68,,,1.333,2218,0,0,0,0,,0.483,0,0,0,0,0,0,0,0,0,0,0,0,0,0,0,0,0,0,0,1.459,2.99,5.096,0.118,0,kalabalik
7,Run50_AlphaDengeV1,Elektrik yolu,bahcivan,standart,101,HA,48,,,2775,703,1666,0,0,406,915,748,642,366,104,104951,206999,1,0,0,29598,20382,6809,262150,174869,63447,374599,130,9,210.41,2,1.69,0.566,1.665,9,0.57,2.444,114,10.31,1,1.04,1.03,1.08,1.06,98,91,85,80,73,0.01,0.21,0.19,0.13,0.26,30,121,0.624,0.339,1.296,6069,0,212,0,bereketli_toprakx3 hizli_bilekx1 keskin_bicakx1 kivilcimx2 yikim_gucux2 artci_patlamax1 kritik_gozx1 hasat_ritmix1 firtina_bilegix1 canavar_kesimix1,257,0,65,129,387,121,205,52,2,2,5,artci_patlama@R23 hasat_ritmi@R30,428,428,0,1549,921,49,50,0,0,0,0.802,1614.631,42.692,1151,0,5036,0,0,35108,0,0,3,39,39,9055,13,7,2.816,0.28,120000,0,12,65,65.167,1.802,2.798,1.576,,,1.318,2375,0,0,0,0,,0.504,0,0,0,0,0,0,0,0,0,0,0,0,0,0,0,0,0,0,0,1.499,3.081,5.25,0.12,0,kalabalik
7,Run50_AlphaDengeV1,Elektrik yolu,bahcivan,standart,101,HA,49,,,2626,681,1550,0,0,395,828,736,597,347,118,111117,318116,1,0,0,30663,19420,6490,292813,194289,69607,367040,133,9,210.41,2,1.69,0.566,1.665,9,0.57,2.556,114,10.24,1.01,1.01,1.05,1.03,1.04,95,90,85,75,76,0.03,0.05,0.2,0.06,0.52,30,121,0.647,0.388,1.296,6069,1,213,0,bereketli_toprakx3 hizli_bilekx1 keskin_bicakx1 kivilcimx2 yikim_gucux2 artci_patlamax1 kritik_gozx1 hasat_ritmix1 firtina_bilegix1 canavar_kesimix1,248,0,65,132,396,121,214,52,2,2,5,artci_patlama@R23 hasat_ritmi@R30,407,407,0,1524,851,47,47,0,0,0,0.645,1709.492,40.4,1094,0,5517,0,0,32148,0,0,3,39,39,9055,13,7,2.816,0.28,130000,0,9,65,65.167,1.855,2.649,1.641,,,1.495,2334,0,0,0,0,,0.504,0,0,0,0,0,0,0,0,0,0,0,0,0,0,0,0,0,0,0,1.475,3.046,5.182,0.118,0,kalabalik
7,Run50_AlphaDengeV1,Elektrik yolu,bahcivan,standart,101,HA,50,,,2170,560,1338,0,0,272,655,585,489,355,86,94143,412259,1,94143,1,24855,15406,5665,317668,209695,75272,302642,135,6,210.41,2,1.69,0.566,1.665,9,0.57,2.556,114,8.04,1.03,1.03,1.05,1.07,1.11,93,88,82,68,63,0.02,0.03,0.07,0.18,0.06,30,121,0.71,0.413,1.291,6092,0,213,0,bereketli_toprakx3 hizli_bilekx1 keskin_bicakx1 kivilcimx2 yikim_gucux2 artci_patlamax1 kritik_gozx1 hasat_ritmix1 firtina_bilegix1 canavar_kesimix1,199,0,65,134,402,121,223,52,2,2,5,artci_patlama@R23 hasat_ritmi@R30,342,342,0,1478,741,39,39,0,0,0,0.661,1448.354,33.385,869,0,4962,0,0,74790,0,0,3,39,39,9055,13,7,2.816,0.28,130000,0,9,65,65.167,2.512,3.263,2.319,,,2.17,2127,0,0,0,0,,0.409,0,0,0,0,0,0,0,0,0,0,0,0,0,0,0,0,0,0,0,1.393,2.617,5.849,0.107,0,kalabalik
7,Run50_AlphaDengeV1,Elektrik yolu,bahcivan,standart,101,HA,50,KAZANDI
8,Run50_AlphaDengeV1,Elektrik yolu,bahcivan,standart,102,HA,1,,,13,13,0,0,0,0,10,3,0,0,0,19,19,1,0,0,32,0,0,32,0,0,290,1,0,10,1,1,3,0.9,4,0.3,2,13,2.08,1.8,2.67,,,,36,0,,,,2.4,5,,,,2,4,0.346,0,8,23,0,0,2,,4,0.203,45,0,0,0,0,0,0,0,0,,0,0,0,0,0,0,0,0,0,0,1,0.422,0.289,0,0,22,0,0,290,0,0,0,0,0,0,0,0,1,0,390,0,0,45,45.133,4.215,4.215,,,,,0,0,0,0,0,,,0,0,0,0,0,0,0,0,0,0,0,0,0,0,0,0,0,0,0,0.331,0.42,2.222,0.013,0,kalabalik
8,Run50_AlphaDengeV1,Elektrik yolu,bahcivan,standart,102,HA,2,,,18,18,0,0,0,0,14,3,1,0,0,33,52,1,0,0,40,4,0,40,4,0,410,2,3,11.33,1,1,3,0.9,4,0.3,2,14,2.36,1.57,2.67,3,,,38,0,0,,,1.93,5,9,,,3,5,0.391,0,8,28,2,2,1,,4,0.11,45,1,3,0,0,0,0,0,0,,0,0,0,0,0,0,0,0,0,0,0.2,0.733,0.4,0,0,26,0,0,310,0,0,0,0,0,0,0,0,1,0,410,0,0,45,45.133,4.88,4.88,,,,,0,0,0,0,0,,,0,0,0,0,0,0,0,0,0,0,0,0,0,0,0,0,0,0,0,0.341,0.422,1.663,0.012,0,kalabalik
8,Run50_AlphaDengeV1,Elektrik yolu,bahcivan,standart,102,HA,3,,,18,14,4,0,0,0,16,0,2,0,0,36,88,1,36,1,32,8,0,32,12,0,400,3,3,11.33,1,1,3,0.9,4,0.3,2,14,2.93,1.92,,4,,,18,0,0,,,3.75,,12,,,4,7,0.589,0.143,7.324,43,0,2,1,,4,0.045,45,2,6,3,0,0,2,2,3,,0,0,0,0,0,0,0,0,0,0,0.571,0.8,0.4,4,0,26,0,0,300,0,0,3,2,2,0,0,0,1,0,420,0,3,45,45.133,7.12,7.314,6.442,,,,12,0,0,0,0,,0.181,0,0,0,0,0,0,0,0,0,0,0,0,0,0,0,0,0,0,0,0.359,0.474,1.814,0.012,0,kalabalik
8,Run50_AlphaDengeV1,Elektrik yolu,bahcivan,standart,102,HA,4,,,28,22,6,0,0,0,23,5,0,0,0,38,38,1,0,0,66,0,0,70,12,0,750,5,6,12,1.25,1,2.892,0.9,4,0.3,2,15,2.67,1.41,1.4,,,,50,25,,,,1.7,1.74,,,,4,7,0.369,0,7.144,44,4,6,0,keskin_bicakx1,7,0.291,45,4,12,6,0,0,2,2,3,,0,0,0,0,0,0,0,0,0,0,0.429,0.844,0.622,6,0,34,0,0,190,0,0,3,3,2,0,2,0,1,0,470,0,3,45,45.133,6.052,6.862,3.083,,,,16,0,0,0,0,,0.417,0,0,0,0,0,0,0,0,0,0,0,0,0,0,0,0,0,0,0,0.379,0.495,2.089,0.012,0,kalabalik
8,Run50_AlphaDengeV1,Elektrik yolu,bahcivan,standart,102,HA,5,,,29,23,5,0,0,1,19,9,1,0,0,63,101,1,0,0,74,4,0,74,16,0,850,7,6,12,1.25,1,2.892,0.9,4,0.3,2,15,3.27,1.4,2.14,3,,,47,0,0,,,1.93,5.37,14.43,,,5,9,0.531,0.222,7.012,58,1,7,1,keskin_bicakx1,5,0,45,6,18,9,3,0,2,2,3,,0,0,0,0,0,0,0,0,0,0,0.556,1.4,0.644,6,0,34,0,0,80,0,0,3,3,3,0,3,0,1,0,520,0,6,45,45.133,7.036,7.314,5.967,,,,16,0,0,0,0,,0.343,0,0,0,0,0,0,0,0,0,0,0,0,0,0,0,0,0,0,0,0.363,0.485,2.056,0.013,0,kalabalik
8,Run50_AlphaDengeV1,Elektrik yolu,bahcivan,standart,102,HA,6,,,26,25,1,0,0,0,18,4,3,1,0,101,202,1,101,1,52,12,2,57,28,2,822,8,3,12,1.25,1,2.892,0.9,4,0.3,2,19,3.05,1.76,2.25,3.33,3,,11,0,0,0,,4.6,13.02,8.68,8.67,,7,12,0.499,0.167,7.239,91,1,8,2,keskin_bicakx1,5,0,55,7,21,15,3,0,2,2,3,,0,0,0,0,0,0,0,0,0,0,0.5,1.836,0.473,1,0,39,0,0,382,0,0,3,3,3,0,4,0,1,0,560,0,6,55,55.133,11.518,11.715,6.6,,,,7,0,0,0,0,,0.407,0,0,0,0,0,0,0,0,0,0,0,0,0,0,0,0,0,0,0,0.364,0.483,1.68,0.013,0,kalabalik
8,Run50_AlphaDengeV1,Elektrik yolu,bahcivan,standart,102,HA,7,,,45,37,3,0,0,5,35,7,3,0,0,104,104,1,0,0,98,12,0,105,40,2,1280,10,6,12.67,1.25,1,2.892,0.9,4,0.3,2,19,3.58,1.48,1.83,2.5,,,41,0,0,,,3.2,6.27,5.83,,,8,14,0.677,0.286,6.213,124,1,9,1,keskin_bicakx1 bereketli_toprakx1,8,0,55,9,27,18,3,0,2,2,3,,0,0,0,0,0,0,0,0,0,0,0.429,1.891,0.818,8,0,38,0,0,502,0,0,3,3,3,0,5,0,1,0,640,0,3,55,55.133,9.89,10.231,8.317,,,,21,0,0,0,0,,0.334,0,0,0,0,0,0,0,0,0,0,0,0,0,0,0,0,0,0,0,0.388,0.518,3.425,0.014,0,kalabalik
8,Run50_AlphaDengeV1,Elektrik yolu,bahcivan,standart,102,HA,8,,,45,34,6,0,0,5,38,4,3,0,0,106,210,1,0,0,96,12,0,116,52,2,1270,12,6,13.33,1.25,1,2.789,0.9,4,0.3,2,19,3.79,1.59,1.75,3,,,36,0,0,,,4.33,6.98,19.53,,,9,16,0.658,0.375,6.106,144,5,14,1,keskin_bicakx1 bereketli_toprakx1,8,0,55,11,33,24,3,0,2,2,3,,0,0,0,0,0,0,0,0,0,0,0.688,1.927,0.818,11,0,38,0,0,432,0,0,3,4,4,6,6,0,1.0667,0,750,0,6,55,55.133,13.655,14.101,12.276,,,,19,0,0,0,0,,0.362,0,0,0,0,0,0,0,0,0,0,0,0,0,0,0,0,0,0,0,0.397,0.528,2.957,0.013,0,kalabalik
8,Run50_AlphaDengeV1,Elektrik yolu,bahcivan,standart,102,HA,9,,,53,40,9,0,0,4,43,8,2,0,0,109,319,1,0,0,126,8,0,138,60,2,1545,14,6,14,1.25,1,2.689,0.9,4,0.3,2,20,3.85,1.42,1.4,3,,,41,20,0,,,3.67,1.62,10.75,,,10,18,0.714,0.333,5.727,173,4,18,1,keskin_bicakx1 bereketli_toprakx1,10,0,55,13,39,25,8,0,2,2,3,,0,0,0,0,0,0,0,0,0,0,0.611,1.982,0.964,13,0,46,0,0,417,0,0,3,4,4,6,6,0,1.0667,0,880,0,6,55,55.133,10.94,11.018,10.7,,,,30,0,0,0,0,,0.318,0,0,0,0,0,0,0,0,0,0,0,0,0,0,0,0,0,0,0,0.416,0.55,3.367,0.014,0,kalabalik
8,Run50_AlphaDengeV1,Elektrik yolu,bahcivan,standart,102,HA,10,,,45,41,3,0,0,1,38,5,2,0,0,98,417,1,98,1,101,8,0,115,68,2,1279,15,3,15.64,1.25,1,2.592,0.9,4,0.3,2,21,3.95,1.62,2,1.5,,,31,17,0,,,5.64,15.04,3.88,,,12,21,0.771,0.524,5.63,205,4,22,2,keskin_bicakx1 bereketli_toprakx1,8,0,55,14,42,25,14,0,2,2,3,,0,0,0,0,0,0,0,0,0,0,0.667,1.782,0.818,4,0,51,0,0,816,0,0,3,4,4,6,6,0,1.0667,0,950,0,6,55,55.133,15.321,15.452,13.975,,,,17,0,0,0,0,,0.347,0,0,0,0,0,0,0,0,0,0,0,0,0,0,0,0,0,0,0,0.405,0.531,2.618,0.014,0,kalabalik
8,Run50_AlphaDengeV1,Elektrik yolu,bahcivan,standart,102,HA,11,,,68,63,2,0,0,3,47,16,5,0,0,175,175,1,0,0,221,20,0,250,88,2,2324,18,9,16.36,1.25,1,2.125,0.9,4,0.3,2,30,4,1.45,2.19,2.4,,,36,0,0,,,4.05,9.29,16.15,,,13,22,0.724,0.455,5.481,261,5,27,1,keskin_bicakx1 bereketli_toprakx1 hizli_bilekx1,10,0,65,17,51,25,17,0,2,2,3,,0,0,0,0,0,0,0,0,0,0,0.727,2.692,1.046,5,0,53,0,0,90,0,0,3,4,4,14,6,0,1.1333,0,1200,0,3,65,65.167,16.693,17.195,10.36,,,,20,0,0,0,0,,0.394,0,0,0,0,0,0,0,0,0,0,0,0,0,0,0,0,0,0,0,0.452,0.599,3.389,0.016,0,kalabalik
8,Run50_AlphaDengeV1,Elektrik yolu,bahcivan,standart,102,HA,12,,,80,62,12,0,0,6,61,14,4,1,0,204,379,1,0,0,267,16,2,268,49,4,2698,20,6,18.13,1.25,1,2.048,0.9,4,0.3,2,31,4,1.43,2.1,2,2,,42,0,0,0,,3.05,11.48,10.23,8.2,,15,24,0.73,0.458,5.362,291,10,37,2,keskin_bicakx1 bereketli_toprakx1 hizli_bilekx1,14,0,65,19,57,25,26,0,2,2,3,,0,0,0,0,0,0,0,0,0,0,0.708,3.138,1.231,18,0,62,0,0,288,0,0,3,4,4,24,6,0,1.2,0,1400,0,9,65,65.167,15.197,16.096,12.1,,,,31,0,0,0,0,,0.309,0,0,0,0,0,0,0,0,0,0,0,0,0,0,0,0,0,0,0,0.443,0.609,3.975,0.015,0,kalabalik
8,Run50_AlphaDengeV1,Elektrik yolu,bahcivan,standart,102,HA,13,,,72,63,2,0,0,7,54,13,5,0,0,170,549,1,170,1,240,20,0,251,69,4,2700,22,6,20.27,1.25,1,1.975,0.935,4,0.3,2,32,3.94,1.53,2.1,2.5,,,30,9,0,0,,4.43,12.04,11.36,,,16,26,0.642,0.423,5.27,321,9,46,1,keskin_bicakx1 bereketli_toprakx1 hizli_bilekx1,11,0,65,21,63,31,26,0,2,2,3,,0,0,0,0,0,0,0,0,0,0,0.615,2.615,1.108,9,0,66,0,0,88,0,0,3,7,5,50,6,0,1.3333,0,1700,0,6,65,65.167,15.121,14.706,18.03,,,,19,0,0,0,0,,0.242,0,0,0,0,0,0,0,0,0,0,0,0,0,0,0,0,0,0,0,0.405,0.53,3.916,0.015,0,kalabalik
8,Run50_AlphaDengeV1,Elektrik yolu,bahcivan,standart,102,HA,14,,,103,69,26,0,0,8,66,23,10,4,0,384,384,1,0,0,336,50,8,336,94,12,4818,24,6,20.27,1.25,1,1.836,0.97,4,0.3,2,35,4,1.29,1.71,3.2,2,,51,24,0,0,,1.8,3.15,15.06,3.67,,17,31,0.747,0.516,5.014,402,8,54,3,keskin_bicakx1 bereketli_toprakx1 hizli_bilekx1 kivilcimx1,15,0,65,23,69,37,26,0,2,2,3,,0,0,0,0,0,0,0,0,0,0,0.742,5.908,1.585,34,0,67,0,0,1406,0,0,3,8,7,66,7,0,1.4,0,1900,0,6,65,65.167,12.64,11.606,14.737,,,,83,0,0,0,0,,0.229,0,0,0,0,0,0,0,0,0,0,0,0,0,0,0,0,0,0,0,0.455,0.639,3.836,0.019,0,kalabalik
8,Run50_AlphaDengeV1,Elektrik yolu,bahcivan,standart,102,HA,15,,,153,95,43,0,0,15,99,33,15,6,0,567,951,1,0,0,495,75,12,502,109,24,7390,28,12,24.3,1.25,1,1.836,1.005,6,0.3,2,35,5.91,1.48,1.68,2,2,,38,27,0,0,,2.55,5.51,7.35,6.43,,19,36,0.683,0.444,4.949,473,7,61,3,keskin_bicakx1 bereketli_toprakx1 hizli_bilekx1 kivilcimx1,21,0,65,27,81,43,26,0,2,2,3,,0,0,0,0,0,0,0,0,0,0,0.75,8.723,2.354,58,0,77,0,0,196,0,0,3,11,10,84,7,0,1.4667,0,2600,0,6,65,65.167,8.784,9.084,8.291,,,,126,0,0,0,0,,0.258,0,0,0,0,0,0,0,0,0,0,0,0,0,0,0,0,0,0,0,0.49,0.675,5.527,0.022,0,kalabalik
8,Run50_AlphaDengeV1,Elektrik yolu,bahcivan,standart,102,HA,16,,,135,94,35,0,0,6,92,26,13,3,1,667,1618,1,667,1,447,65,17,498,149,41,6532,30,6,24.3,1.25,1,1.836,1.005,6,0.3,2,35,6,1.53,1.92,2,3.5,4,38,0,11,0,0,2.57,5.37,4.81,22.95,22.03,25,49,0.787,0.531,4.857,656,3,64,7,keskin_bicakx1 bereketli_toprakx1 hizli_bilekx1 kivilcimx1,20,0,65,29,87,49,32,0,2,2,3,,0,0,0,0,0,0,0,0,0,0,0.755,10.262,2.077,41,0,79,0,0,1328,0,0,3,12,12,125,9,0,1.6,0,3000,0,12,65,65.167,12.14,11.102,14.519,,,,132,0,0,0,0,,0.263,0,0,0,0,0,0,0,0,0,0,0,0,0,0,0,0,0,0,0,0.528,0.825,3.523,0.022,0,kalabalik
8,Run50_AlphaDengeV1,Elektrik yolu,bahcivan,standart,102,HA,17,,,185,92,64,0,0,29,114,43,20,4,4,1179,1179,1,0,0,771,105,19,854,266,40,20232,36,18,25.51,1.25,1.3,1.836,1.04,6,0.3,2,35,5.97,1.46,1.92,1.91,2,2.33,45,25,18,20,0,2.23,6.35,4.51,15.6,14.69,24,49,0.736,0.49,4.794,664,4,68,1,keskin_bicakx1 bereketli_toprakx1 hizli_bilekx1 kivilcimx1 yikim_gucux1,28,0,65,35,105,49,38,0,2,2,3,,0,0,0,0,0,0,0,0,0,0,0.776,18.138,2.846,93,0,86,0,0,360,0,0,3,12,12,125,9,0,1.6,0,4400,0,6,65,65.167,17.175,21.991,12.411,,,,150,0,0,0,0,,0.631,0,0,0,0,0,0,0,0,0,0,0,0,0,0,0,0,0,0,0,0.571,0.818,4.527,0.023,0,kalabalik
8,Run50_AlphaDengeV1,Elektrik yolu,bahcivan,standart,102,HA,18,,,225,93,93,0,0,39,127,55,31,11,1,1339,2518,1,0,0,783,220,26,812,241,46,24164,40,12,33.24,1.25,1.3,1.722,1.075,6,0.3,2,37,5.89,1.38,1.47,2.06,2,2,49,45,32,14,0,2.58,3.35,6.03,4.68,6.9,22,49,0.7,0.347,4.562,698,9,77,1,keskin_bicakx1 bereketli_toprakx1 hizli_bilekx1 kivilcimx1 yikim_gucux1,30,0,65,39,117,49,56,0,2,2,3,,0,0,0,0,0,0,0,0,0,0,0.816,20.6,3.462,132,0,116,0,0,5124,0,0,3,12,12,125,9,0,1.6,0,5600,0,18,65,65.167,10.4,16.056,6.414,,,,186,0,0,0,0,,0.564,0,0,0,0,0,0,0,0,0,0,0,0,0,0,0,0,0,0,0,0.526,0.755,4.393,0.025,0,kalabalik
8,Run50_AlphaDengeV1,Elektrik yolu,bahcivan,standart,102,HA,19,,,242,113,108,0,0,21,142,65,28,4,3,1427,3945,1,0,0,942,288,20,944,299,66,16766,43,9,39.82,1.25,1.3,1.722,1.11,6,0.3,2,37,5.97,1.26,1.34,1.87,2.5,1.67,67,57,20,0,0,1.13,3.82,7.58,9.48,6.32,22,49,0.688,0.408,4.492,709,8,85,0,keskin_bicakx1 bereketli_toprakx1 hizli_bilekx1 kivilcimx1 yikim_gucux1,28,0,65,42,126,49,68,0,2,2,3,,0,0,0,0,0,0,0,0,0,0,0.571,21.954,3.723,129,0,145,0,0,4090,0,0,3,12,12,125,9,0,1.6,0,6600,0,12,65,65.167,9.591,13.416,6.241,,,,188,0,0,0,0,,0.62,0,0,0,0,0,0,0,0,0,0,0,0,0,0,0,0,0,0,0,0.612,0.921,4.15,0.025,0,kalabalik
8,Run50_AlphaDengeV1,Elektrik yolu,bahcivan,standart,102,HA,20,,,226,108,80,0,0,38,126,56,29,12,3,1873,5818,1,1873,1,855,231,47,1009,475,113,21828,46,9,39.82,1.25,1.3,1.668,1.145,6,0.3,2,38,5.92,1.26,1.43,1.76,2.22,1,70,41,20,0,0,1.7,2.97,5.1,9.64,0,22,49,0.548,0.286,4.479,711,5,90,0,keskin_bicakx1 bereketli_toprakx1 hizli_bilekx1 kivilcimx1 yikim_gucux1,32,0,65,45,135,49,77,0,2,2,3,,0,0,0,0,0,0,0,0,0,0,0.449,28.815,3.477,118,0,143,0,0,4918,0,0,3,12,12,125,9,0,1.6,0,7800,0,9,65,65.167,8.232,10.957,5.738,,,,168,0,0,0,0,,0.544,0,0,0,0,0,0,0,0,0,0,0,0,0,0,0,0,0,0,0,0.63,0.94,3.857,0.025,0,kalabalik
8,Run50_AlphaDengeV1,Elektrik yolu,bahcivan,standart,102,HA,21,,,261,103,111,0,0,47,134,73,40,11,3,2140,2140,1,0,0,1134,322,50,1223,437,63,24082,49,9,43.38,1.25,1.69,1.616,1.195,6,0.3,2,40,6,1.45,1.47,1.81,2,1.5,56,44,18,13,50,2.4,4.6,7.27,9.7,6.47,22,58,0.723,0.276,4.354,866,6,96,5,keskin_bicakx1 bereketli_toprakx1 hizli_bilekx1 kivilcimx1 yikim_gucux2,35,0,65,48,144,49,86,0,2,2,3,,0,0,0,0,0,0,0,0,0,0,0.603,32.923,4.015,158,0,158,0,0,4400,0,0,3,12,12,125,9,0,1.6,0,9000,0,9,65,65.167,8.757,13.517,5.653,,,,194,0,0,0,0,,0.725,0,0,0,0,0,0,0,0,0,0,0,0,0,0,0,0,0,0,0,0.525,0.754,4.285,0.028,0,kalabalik
8,Run50_AlphaDengeV1,Elektrik yolu,bahcivan,standart,102,HA,22,,,265,100,106,0,0,59,124,71,44,21,5,2912,5052,1,0,0,1177,357,111,1235,378,134,28774,52,9,46.93,1.25,1.69,1.616,1.315,6,0.3,2,40,6,1.6,1.56,1.85,2,2,40,40,22,14,33,3.57,5.09,6.79,6.86,11.3,25,77,0.764,0.273,4.369,1145,8,104,9,keskin_bicakx1 bereketli_toprakx1 hizli_bilekx1 kivilcimx1 yikim_gucux2,44,0,65,51,153,58,86,0,2,2,3,,0,0,0,0,0,0,0,0,0,0,0.779,44.8,4.077,165,0,168,0,0,4674,0,0,3,13,13,125,12,0,1.6,0,10000,0,9,65,65.167,10.159,14.996,7.228,,,,223,0,0,0,0,,0.669,0,0,0,0,0,0,0,0,0,0,0,0,0,0,0,0,0,0,0,0.562,0.828,4.016,0.029,0,kalabalik
8,Run50_AlphaDengeV1,Elektrik yolu,bahcivan,standart,102,HA,23,,,231,69,124,0,0,38,119,62,33,14,3,2274,7326,1,2274,1,1214,296,48,1339,686,142,20270,54,6,50.49,1.25,1.69,1.565,1.315,6,0.3,2,41,4,1.32,1.55,1.8,1.75,3,61,47,14,0,0,1.19,3.52,3.34,6.07,12.53,25,81,0.818,0.593,4.231,1244,4,108,4,keskin_bicakx1 bereketli_toprakx1 hizli_bilekx1 kivilcimx1 yikim_gucux2,39,0,65,53,159,67,86,0,2,2,3,,0,0,0,0,0,0,0,0,0,0,0.741,34.985,3.554,162,0,184,0,0,3944,0,0,3,15,15,125,13,0,1.6,0,12000,0,9,65,65.167,12.127,20.314,8.64,,,,206,0,0,0,0,,0.76,0,0,0,0,0,0,0,0,0,0,0,0,0,0,0,0,0,0,0,0.599,0.841,4.635,0.026,0,kalabalik
8,Run50_AlphaDengeV1,Elektrik yolu,bahcivan,standart,102,HA,24,,,285,108,135,0,0,42,131,83,40,27,4,3742,3742,1,0,0,1328,432,120,1657,478,262,21078,56,6,53.29,1.25,1.69,1.516,1.365,6,0.3,2,42,6,1.46,1.61,1.93,1.5,1.5,54,43,22,20,25,2.99,4.23,7.18,3.28,0.77,25,81,0.778,0.494,4.231,1244,5,113,0,keskin_bicakx1 bereketli_toprakx1 hizli_bilekx1 kivilcimx2 yikim_gucux2,47,0,65,55,165,73,86,0,2,2,3,,0,0,0,0,0,0,0,0,0,0,0.741,57.569,4.385,177,0,194,0,0,1022,0,0,3,17,17,125,14,0,1.6,0,13000,0,6,65,65.167,13.711,23.134,7.962,,,,237,0,0,0,0,,0.664,0,0,0,0,0,0,0,0,0,0,0,0,0,0,0,0,0,0,0,0.638,0.907,4.323,0.03,0,kalabalik
8,Run50_AlphaDengeV1,Elektrik yolu,bahcivan,standart,102,HA,25,,,307,108,131,0,0,68,140,79,49,30,9,5623,9365,1,0,0,1572,516,186,1599,674,398,30047,58,6,57.05,1.25,1.69,1.516,1.365,6,0.3,2,42,6,1.39,1.61,1.93,1.93,2.33,55,43,31,20,20,2.07,3.76,4.35,4.96,5.57,25,81,0.771,0.531,4.087,1288,6,119,0,keskin_bicakx1 bereketli_toprakx1 hizli_bilekx1 kivilcimx2 yikim_gucux2,46,0,65,57,171,79,86,0,2,2,3,,0,0,0,0,0,0,0,0,0,0,0.728,86.508,4.723,199,0,199,0,0,5069,0,0,3,20,20,575,15,0,1.6667,0,14000,0,6,65,65.167,10.934,18.082,7.054,,,,265,0,0,0,0,,0.698,0,0,0,0,0,0,0,0,0,0,0,0,0,0,0,0,0,0,0,0.59,0.855,4.396,0.031,0,kalabalik
8,Run50_AlphaDengeV1,Elektrik yolu,bahcivan,standart,102,HA,26,,,352,133,166,0,0,53,172,85,56,31,8,5099,14464,1,5099,1,1550,696,190,1554,1280,588,38551,61,9,62.68,1.25,1.69,1.516,1.415,9,0.3,2,42,8.83,1.18,1.32,1.38,1.89,2,75,62,48,20,43,1.56,2.67,6,11.96,7.6,25,81,0.6,0.407,4.075,1292,4,123,0,keskin_bicakx1 bereketli_toprakx1 hizli_bilekx1 kivilcimx2 yikim_gucux2,43,0,65,60,180,81,90,0,2,2,3,,0,0,0,0,0,0,0,0,0,0,0.691,78.446,5.415,219,0,221,0,0,620,0,0,3,20,20,575,16,0,1.6667,0,16000,0,6,65,65.167,17.689,29.761,10.358,,,,280,0,0,0,0,,0.615,0,0,0,0,0,0,0,0,0,0,0,0,0,0,0,0,0,0,0,0.72,1.073,5.591,0.035,0,kalabalik
8,Run50_AlphaDengeV1,Elektrik yolu,bahcivan,standart,102,HA,27,,,460,157,213,0,0,90,198,130,79,46,7,7048,7048,1,0,0,2166,768,286,2410,968,874,50793,64,9,65.98,1.25,1.69,1.468,1.415,9,0.317,2,44,8.91,1.39,1.39,1.61,1.55,1.5,68,55,53,46,25,3.48,2.94,6.63,7.34,1.83,25,81,0.676,0.42,4.053,1299,5,128,0,keskin_bicakx1 bereketli_toprakx1 hizli_bilekx1 kivilcimx3 yikim_gucux2,56,0,65,63,189,81,99,0,2,2,3,,0,0,0,0,0,0,0,0,0,0,0.679,108.431,7.077,303,0,232,0,0,2413,0,0,3,20,20,575,16,0,1.6667,0,18000,0,9,65,65.167,8.156,13.887,5.187,,,,394,0,0,0,0,,0.7,0,0,0,0,0,0,0,0,0,0,0,0,0,0,0,0,0,0,0,0.721,1.039,4.625,0.036,0,kalabalik
8,Run50_AlphaDengeV1,Elektrik yolu,bahcivan,standart,102,HA,28,,,473,154,210,0,0,109,222,116,88,34,13,9065,16113,1,0,0,2621,951,246,2631,1119,1055,54492,67,9,69.93,1.25,1.69,1.422,1.415,9,0.317,2,45,8.93,1.31,1.53,1.64,1.67,2.25,69,57,36,48,27,2.01,5.42,5.49,4.74,12.09,25,81,0.663,0.469,4.023,1309,7,135,0,keskin_bicakx1 bereketli_toprakx1 hizli_bilekx1 kivilcimx3 yikim_gucux2,52,0,65,66,198,81,108,0,2,2,3,,0,0,0,0,0,0,0,0,0,0,0.642,139.462,7.277,319,0,250,0,0,1905,0,0,3,20,20,1165,16,0,1.7333,0,20000,0,9,65,65.167,7.303,12.57,4.761,,,,406,0,0,0,0,,0.676,0,0,0,0,0,0,0,0,0,0,0,0,0,0,0,0,0,0,0,0.688,1.002,4.562,0.037,0,kalabalik
8,Run50_AlphaDengeV1,Elektrik yolu,bahcivan,standart,102,HA,29,,,493,145,225,0,0,123,210,139,91,42,11,8431,24544,1,0,0,2915,1032,224,3076,1671,1279,66588,70,9,75.85,1.25,1.69,1.422,1.465,9,0.317,2,45,8.93,1.46,1.38,1.4,1.55,2.25,67,64,48,45,25,4.44,3.23,2.9,6.79,9.59,25,81,0.674,0.457,3.836,1372,5,140,0,keskin_bicakx1 bereketli_toprakx1 hizli_bilekx1 kivilcimx3 yikim_gucux2,54,0,65,69,207,81,117,0,2,2,3,,0,0,0,0,0,0,0,0,0,0,0.654,129.708,7.585,348,0,273,0,0,5493,0,0,3,20,20,1165,16,0,1.7333,0,22000,0,9,65,65.167,7.549,14.866,4.5,,,,446,0,0,0,0,,0.677,0,0,0,0,0,0,0,0,0,0,0,0,0,0,0,0,0,0,0,0.627,0.927,4.797,0.038,0,kalabalik
8,Run50_AlphaDengeV1,Elektrik yolu,bahcivan,standart,102,HA,30,,,443,142,200,0,0,101,218,121,67,33,4,5517,30061,1,5517,1,2384,746,224,2665,987,1423,50983,72,6,79.64,1.25,1.69,1.377,1.515,9,0.333,2,47,8.98,1.51,1.51,1.78,1.87,1,59,48,36,22,67,3.77,3.29,5.9,8.9,0,25,81,0.709,0.519,3.789,1390,9,149,0,keskin_bicakx1 bereketli_toprakx1 hizli_bilekx1 kivilcimx3 yikim_gucux2,54,0,65,71,213,81,126,0,2,2,3,,0,0,0,0,0,0,0,0,0,0,0.654,84.877,6.815,301,0,288,0,0,11476,0,0,3,20,20,1895,16,0,1.8,0,24000,0,9,65,65.167,7.459,12.372,5.141,,,,434,0,0,0,0,,0.656,0,0,0,0,0,0,0,0,0,0,0,0,0,0,0,0,0,0,0,0.613,0.898,5.583,0.038,0,kalabalik
8,Run50_AlphaDengeV1,Elektrik yolu,bahcivan,standart,102,HA,31,,,607,221,260,0,0,126,277,157,106,54,13,10829,10829,1,0,0,3856,1212,252,4111,1759,1675,74470,75,9,85.87,1.25,1.69,0.964,1.515,9,0.333,2,67,8.7,1.29,1.46,1.64,1.84,1.67,65,56,35,26,25,1.84,3.23,4.39,6.29,8.36,25,81,0.613,0.395,3.696,1425,3,152,0,keskin_bicakx1 bereketli_toprakx1 hizli_bilekx1 kivilcimx3 yikim_gucux2 firtina_bilegix1,73,0,65,74,222,81,132,0,2,2,3,,0,0,0,0,0,0,0,0,0,0,0.728,166.6,9.338,386,0,320,0,0,10946,0,0,3,20,20,1895,16,0,1.8,0,27000,0,6,65,65.167,6.061,10.64,3.44,,,,489,0,0,0,0,,0.651,0,0,0,0,0,0,0,0,0,0,0,0,0,0,0,0,0,0,0,0.678,0.983,4.455,0.043,0,kalabalik
8,Run50_AlphaDengeV1,Elektrik yolu,bahcivan,standart,102,HA,32,,,625,207,291,0,0,127,296,163,101,45,20,11845,22674,1,0,0,3820,1560,360,4721,1599,1940,87815,78,9,89.96,1.25,1.69,0.964,1.565,9,0.35,2,67,8.82,1.34,1.42,1.7,1.85,1.83,72,58,42,17,10,2.75,3.41,4.82,5.57,6.75,25,81,0.61,0.444,3.692,1426,9,161,0,keskin_bicakx1 bereketli_toprakx1 hizli_bilekx1 kivilcimx3 yikim_gucux2 firtina_bilegix1,71,0,65,77,231,81,141,0,2,2,3,,0,0,0,0,0,0,0,0,0,0,0.58,182.231,9.615,418,0,339,0,0,14761,0,0,3,20,20,2755,16,0,1.8667,0,30000,0,9,65,65.167,5.056,9.073,3.066,,,,530,0,0,0,0,,0.681,0,0,0,0,0,0,0,0,0,0,0,0,0,0,0,0,0,0,0,0.676,0.962,4.782,0.045,0,kalabalik
8,Run50_AlphaDengeV1,Elektrik yolu,bahcivan,standart,102,HA,33,,,539,217,222,0,0,100,245,160,83,39,12,8369,31043,1,8369,1,3580,1145,280,4381,2234,2220,81846,81,9,96.47,1.25,1.69,0.964,1.565,9,0.35,2,67,8.13,1.35,1.49,1.68,1.85,1.33,69,57,40,28,25,1.56,3.39,4.85,5.19,2.57,25,81,0.481,0.333,3.601,1462,4,165,0,keskin_bicakx1 bereketli_toprakx1 hizli_bilekx1 kivilcimx3 yikim_gucux2 firtina_bilegix1,61,0,65,80,240,81,150,0,2,2,3,,0,0,0,0,0,0,0,0,0,0,0.481,128.754,8.292,322,0,357,0,0,3607,0,0,3,20,20,3755,16,0,1.9333,0,33000,0,9,65,65.167,4.986,7.806,3.086,,,,413,0,0,0,0,,0.655,0,0,0,0,0,0,0,0,0,0,0,0,0,0,0,0,0,0,0,0.662,0.951,4.186,0.041,0,kalabalik
8,Run50_AlphaDengeV1,Elektrik yolu,bahcivan,standart,102,HA,34,,,713,262,311,0,0,140,317,206,120,53,17,14089,14089,1,0,0,4235,1790,450,5966,2254,2560,95012,83,6,100.86,1.25,1.69,0.819,1.615,9,0.367,2,79,8.78,1.31,1.32,1.6,1.65,2.17,71,66,41,34,29,1.67,1.75,3.14,4.1,6.02,25,81,0.579,0.37,3.513,1499,7,172,0,keskin_bicakx1 bereketli_toprakx1 hizli_bilekx2 kivilcimx3 yikim_gucux2 firtina_bilegix1,82,0,65,82,246,81,159,0,2,2,3,,0,0,0,0,0,0,0,0,0,0,0.716,216.754,10.969,451,0,381,0,0,31619,0,0,3,20,20,3755,16,0,1.9333,0,35000,0,9,65,65.167,3.948,6.323,2.569,,,,591,0,0,0,0,,0.672,0,0,0,0,0,0,0,0,0,0,0,0,0,0,0,0,0,0,0,0.714,1.031,4.974,0.05,0,kalabalik
8,Run50_AlphaDengeV1,Elektrik yolu,bahcivan,standart,102,HA,35,,,751,265,341,0,0,145,361,202,118,53,17,13044,27133,1,0,0,4815,1508,385,6981,1792,2945,96717,86,9,112.36,1.25,1.69,0.819,1.615,9,0.367,2,79,8.65,1.34,1.3,1.62,1.75,1.57,72,70,49,28,17,1.87,1.99,3.91,5.27,2.11,25,81,0.565,0.358,3.513,1499,4,176,0,keskin_bicakx1 bereketli_toprakx1 hizli_bilekx2 kivilcimx3 yikim_gucux2 firtina_bilegix1,81,0,65,85,255,81,165,0,2,2,3,,0,0,0,0,0,0,0,0,0,0,0.506,200.677,11.554,486,0,420,0,0,19336,0,0,3,20,20,4855,16,0,2,0,39000,0,6,65,65.167,4.14,6.75,2.716,,,,622,0,0,0,0,,0.691,0,0,0,0,0,0,0,0,0,0,0,0,0,0,0,0,0,0,0,0.715,1.017,4.513,0.049,0,kalabalik
8,Run50_AlphaDengeV1,Elektrik yolu,bahcivan,standart,102,HA,36,,,687,249,291,0,0,147,308,179,132,58,10,11443,38576,1,11443,1,4100,1693,435,8601,2215,3255,96433,88,6,112.36,1.25,1.69,0.819,1.665,9,0.383,2,79,8.8,1.32,1.51,1.81,2,2.33,69,55,40,11,0,1.9,2.76,4.68,6.34,10.25,25,81,0.605,0.321,3.427,1536,6,182,0,keskin_bicakx1 bereketli_toprakx1 hizli_bilekx2 kivilcimx3 yikim_gucux2 firtina_bilegix1,81,0,65,87,261,81,174,0,2,2,3,,0,0,0,0,0,0,0,0,0,0,0.58,176.046,10.569,438,0,423,0,0,36769,0,0,3,20,20,4855,16,0,2,0,41000,0,9,65,65.167,4.553,7.413,2.928,,,,648,0,0,0,0,,0.62,0,0,0,0,0,0,0,0,0,0,0,0,0,0,0,0,0,0,0,0.717,1.05,4.471,0.049,0,kalabalik
8,Run50_AlphaDengeV1,Elektrik yolu,bahcivan,standart,102,HA,37,,,775,282,335,0,0,158,355,214,125,60,21,15343,15343,1,0,0,4825,2198,413,8506,2813,3668,104688,91,9,124.44,1.25,1.69,0.787,1.665,9,0.383,2.75,82,8.77,1.4,1.36,1.4,1.68,1.75,65,67,63,42,29,2.11,1.68,2.88,4.97,6.39,25,81,0.597,0.395,3.126,1684,4,186,0,keskin_bicakx1 bereketli_toprakx1 hizli_bilekx2 kivilcimx3 yikim_gucux2 firtina_bilegix1 agir_darbex1,83,0,65,90,270,81,176,4,2,2,3,,0,0,0,0,0,0,0,0,0,0,0.605,236.046,11.923,493,0,643,0,0,14457,0,0,3,20,20,6155,16,1,2.1493,0.04,45000,0,6,65,65.167,4.119,6.803,2.584,,,,622,0,0,0,0,,0.688,0,0,0,0,0,0,0,0,0,0,0,0,0,0,0,0,0,0,0,0.727,1.113,4.921,0.05,0,kalabalik
8,Run50_AlphaDengeV1,Elektrik yolu,bahcivan,standart,102,HA,38,,,923,393,362,0,0,168,434,242,152,72,23,20507,35850,1,0,0,6298,2328,723,14424,3751,4251,136833,94,9,124.44,1.25,1.69,0.635,1.665,9,0.4,2.75,102,8.62,1.36,1.33,1.3,1.63,1.67,68,64,66,30,38,1.56,1.92,1.22,3.05,2.54,25,81,0.539,0.346,3.049,1727,4,190,0,keskin_bicakx1 bereketli_toprakx1 hizli_bilekx2 kivilcimx3 yikim_gucux2 firtina_bilegix1 agir_darbex1,86,0,65,93,279,81,176,13,2,2,3,,0,0,0,0,0,0,0,0,0,0,0.654,315.492,14.2,530,0,646,0,0,12290,0,0,3,20,20,6155,16,3,2.294,0.11,49000,0,9,65,65.167,3.078,4.558,1.981,,,,888,0,0,0,0,,0.474,0,0,0,0,0,0,0,0,0,0,0,0,0,0,0,0,0,0,0,0.792,1.351,6.178,0.066,0,kalabalik
8,Run50_AlphaDengeV1,Elektrik yolu,bahcivan,standart,102,HA,39,,,957,409,385,0,0,163,409,234,197,97,20,20365,56215,1,0,0,6178,3194,817,14002,4475,5068,166144,97,9,161.96,1.25,1.69,0.609,1.665,9,0.4,2.75,106,8.33,1.24,1.41,1.36,1.38,1.38,81,60,64,53,20,0.98,1.78,1.86,1.83,1.37,25,81,0.519,0.333,3.049,1727,5,195,0,keskin_bicakx1 bereketli_toprakx1 hizli_bilekx2 kivilcimx3 yikim_gucux2 firtina_bilegix1 agir_darbex1,94,0,65,96,288,81,176,22,2,2,3,,0,0,0,0,0,0,0,0,0,0,0.617,313.308,14.723,548,0,834,0,0,26434,0,0,3,20,20,7555,16,6,2.6667,0.25,54000,0,9,65,65.167,2.877,4.283,1.827,,,,722,0,0,0,0,,0.666,0,0,0,0,0,0,0,0,0,0,0,0,0,0,0,0,0,0,0,0.774,1.33,4.588,0.06,0,kalabalik
8,Run50_AlphaDengeV1,Elektrik yolu,bahcivan,standart,102,HA,40,,,938,356,377,0,0,205,406,259,160,87,26,20589,76804,1,20589,1,7900,3492,962,21482,6067,5875,189858,100,9,181.9,1.25,1.69,0.561,1.665,9,0.417,2.75,115,5.99,1.17,1.33,1.22,1.33,1.7,82,63,71,67,44,1.3,1.87,0.73,1.61,4.61,25,81,0.538,0.333,2.927,1799,3,198,0,keskin_bicakx1 bereketli_toprakx1 hizli_bilekx2 kivilcimx3 yikim_gucux2 firtina_bilegix1 agir_darbex1,89,0,65,99,297,81,176,31,2,2,3,,0,0,0,0,0,0,0,0,0,0,0.58,316.754,14.431,582,0,924,0,0,50292,0,0,3,20,20,7555,16,6,2.6667,0.25,58000,0,9,65,65.167,2.886,4.676,1.791,,,,750,0,0,0,0,,0.714,0,0,0,0,0,0,0,0,0,0,0,0,0,0,0,0,0,0,0,0.765,1.288,5.36,0.058,0,kalabalik
8,Run50_AlphaDengeV1,Elektrik yolu,bahcivan,standart,102,HA,41,,,1401,498,715,0,0,188,581,335,298,134,53,36232,36232,1,0,0,10314,6485,2012,24496,12552,7737,271182,105,15,211.81,1.25,1.69,0.539,1.665,9,0.417,2.861,120,8.11,1.09,1.38,1.32,1.35,1.56,91,59,64,48,52,0.23,1.01,0.76,0.76,1.22,25,81,0.44,0.185,2.536,2076,4,202,0,keskin_bicakx1 bereketli_toprakx1 hizli_bilekx2 kivilcimx3 yikim_gucux2 firtina_bilegix1 agir_darbex1 artci_patlamax1,137,0,65,104,312,81,176,40,2,2,3,artci_patlama@R40,179,179,0,407,354,0,0,0,0,0,0.272,557.415,21.554,549,0,1130,0,0,13474,0,0,3,20,20,9055,16,9,3.036,0.38,67000,0,9,65,65.167,1.781,2.302,1.504,,,1.477,672,0,0,0,0,,0.791,0,0,0,0,0,0,0,0,0,0,0,0,0,0,0,0,0,0,0,0.917,1.599,6.344,0.063,0,kalabalik
8,Run50_AlphaDengeV1,Elektrik yolu,bahcivan,standart,102,HA,42,,,2075,603,1177,0,0,295,800,560,399,250,66,56059,92291,1,0,0,19838,10838,3519,43464,23425,9146,408760,110,15,222.4,1.25,1.69,0.491,1.665,9,0.433,2.861,132,8.86,1.09,1.25,1.23,1.3,1.5,88,65,64,55,47,0.36,0.9,0.88,0.96,1.45,34,121,0.509,0.124,2.141,3673,3,205,17,keskin_bicakx1 bereketli_toprakx1 hizli_bilekx2 kivilcimx3 yikim_gucux2 firtina_bilegix1 agir_darbex1 artci_patlamax1,198,0.001,65,109,327,81,176,55,2,2,3,artci_patlama@R40,225,223,2,913,678,0,0,0,0,0,0.521,862.446,31.923,794,0,1199,0,0,70234,0,0,3,20,20,9055,16,11,3.234,0.47,76000,0,15,65,65.167,1.835,2.716,1.459,,,1.491,1129,0,0,0,0,,0.681,0,0,0,0,0,0,0,0,0,0,0,0,0,0,0,0,0,0,0,1.177,2.163,18.808,0.085,0,kalabalik
8,Run50_AlphaDengeV1,Elektrik yolu,bahcivan,standart,102,HA,43,,,2000,556,1159,0,0,285,750,526,414,248,62,54847,147138,1,54847,1,19444,10659,3393,58808,34084,12344,416405,116,18,234.23,1.25,1.69,0.491,1.665,9,0.433,2.972,132,8.9,1.09,1.23,1.36,1.24,1.25,82,68,51,56,42,0.55,1,1.42,0.86,0.49,34,121,0.527,0.322,2.141,3673,2,207,0,keskin_bicakx1 bereketli_toprakx1 hizli_bilekx2 kivilcimx3 yikim_gucux2 firtina_bilegix1 agir_darbex1 artci_patlamax1,197,0,65,115,345,96,176,55,2,2,3,artci_patlama@R40,223,222,1,894,641,0,0,0,0,0,0.603,843.8,30.769,803,0,1292,0,0,639,0,0,3,26,26,9055,20,11,3.234,0.47,88000,0,15,65,65.167,2.071,3.304,1.521,,,1.688,1235,0,0,0,0,,0.627,0,0,0,0,0,0,0,0,0,0,0,0,0,0,0,0,0,0,0,1.25,2.278,5.423,0.089,0,kalabalik
8,Run50_AlphaDengeV1,Elektrik yolu,bahcivan,standart,102,HA,44,,,2295,575,1251,0,0,469,871,624,460,263,77,64541,64541,1,0,0,22604,11620,4090,78692,45704,16434,499754,121,15,234.23,1.25,1.69,0.491,1.665,9,0.45,2.972,132,8.98,1.11,1.15,1.12,1.21,1.29,83,69,69,57,55,0.34,0.57,0.44,1.06,1.55,34,121,0.6,0.355,1.66,4738,2,209,0,keskin_bicakx1 bereketli_toprakx2 hizli_bilekx2 kivilcimx3 yikim_gucux2 firtina_bilegix1 agir_darbex1 artci_patlamax1,218,0,65,120,360,114,176,55,2,2,3,artci_patlama@R40,238,234,4,894,657,0,0,0,0,0,0.554,992.938,35.308,1063,0,1312,0,0,39393,0,0,3,29,29,9055,21,11,3.234,0.47,99000,0,18,65,65.167,1.981,2.854,1.562,,,1.892,1487,0,0,0,0,,0.687,0,0,0,0,0,0,0,0,0,0,0,0,0,0,0,0,0,0,0,1.291,2.485,9.503,0.096,1,kalabalik
8,Run50_AlphaDengeV1,Elektrik yolu,bahcivan,standart,102,HA,45,,,2304,552,1307,0,0,445,884,567,482,293,78,65493,130034,1,0,0,22600,12066,4175,101292,57770,20369,509549,126,15,234.23,1.25,1.69,0.491,1.665,9,0.45,3.083,132,8.98,1.08,1.24,1.17,1.13,1.4,79,67,65,59,45,0.23,0.8,0.62,0.74,0.74,34,121,0.601,0.355,1.647,4776,1,210,0,keskin_bicakx1 bereketli_toprakx2 hizli_bilekx2 kivilcimx3 yikim_gucux2 firtina_bilegix1 agir_darbex1 artci_patlamax1,223,0,65,125,375,121,184,55,2,2,3,artci_patlama@R40,244,244,0,978,711,0,0,0,0,0,0.653,1007.585,35.446,1041,0,1576,0,0,29942,0,0,3,32,32,9055,23,11,3.234,0.47,110000,0,15,65,65.167,2.034,3.378,1.505,,,1.759,1500,0,0,0,0,,0.7,0,0,0,0,0,0,0,0,0,0,0,0,0,0,0,0,0,0,0,1.368,2.547,5.746,0.098,0,kalabalik
8,Run50_AlphaDengeV1,Elektrik yolu,bahcivan,standart,102,HA,46,,,1838,538,922,0,0,378,682,463,388,239,66,58989,189023,1,58989,1,16962,9787,3614,115854,67557,23983,421218,129,9,234.23,1.25,1.69,0.491,1.665,9,0.45,3.083,132,8.87,1.16,1.28,1.26,1.36,1.88,77,66,60,56,21,0.5,1.02,0.89,1.19,3.2,34,121,0.527,0.281,1.628,4832,1,211,0,keskin_bicakx1 bereketli_toprakx2 hizli_bilekx2 kivilcimx3 yikim_gucux2 firtina_bilegix1 agir_darbex1 artci_patlamax1,174,0,65,128,384,121,199,55,2,2,3,artci_patlama@R40,198,195,3,668,505,0,0,0,0,0,0.653,907.523,28.277,795,0,2736,0,0,111160,0,0,3,32,32,9055,23,11,3.234,0.47,120000,0,15,65,65.167,2.214,3.194,1.699,,,1.981,1149,0,0,0,0,,0.689,0,0,0,0,0,0,0,0,0,0,0,0,0,0,0,0,0,0,0,1.149,2.12,6.406,0.086,0,kalabalik
8,Run50_AlphaDengeV1,Elektrik yolu,bahcivan,standart,102,HA,47,,,2457,525,1466,0,0,466,914,678,498,294,73,68916,68916,1,0,0,23576,12731,4128,139430,80288,27821,524248,134,15,234.23,1.25,1.69,0.491,1.665,9,0.45,3.194,132,9,1.12,1.2,1.19,1.36,1.56,81,69,62,56,40,0.3,0.55,1,1.38,2.62,34,121,0.657,0.438,1.356,5799,1,212,0,keskin_bicakx1 bereketli_toprakx3 hizli_bilekx2 kivilcimx3 yikim_gucux2 firtina_bilegix1 agir_darbex1 artci_patlamax1,231,0,65,133,399,121,208,55,2,2,3,artci_patlama@R40,231,228,3,1123,824,0,0,0,0,0,0.669,1060.246,37.8,1108,0,2801,0,0,15408,0,0,3,32,32,9055,23,11,3.234,0.47,130000,0,9,65,65.167,2.081,3.503,1.618,,,1.795,1596,0,0,0,0,,0.731,0,0,0,0,0,0,0,0,0,0,0,0,0,0,0,0,0,0,0,1.251,2.376,5.462,0.099,0,kalabalik
8,Run50_AlphaDengeV1,Elektrik yolu,bahcivan,standart,102,HA,48,,,2285,546,1323,0,0,416,855,580,465,292,93,74379,143295,1,0,0,22268,12922,4447,161698,93210,32268,520595,137,9,234.23,1.25,1.69,0.491,1.665,9,0.45,3.194,132,9,1.16,1.14,1.19,1.32,1.48,70,69,63,50,36,0.47,0.55,0.82,1.1,2.79,34,121,0.686,0.421,1.327,5926,0,212,0,keskin_bicakx1 bereketli_toprakx3 hizli_bilekx2 kivilcimx3 yikim_gucux2 firtina_bilegix1 agir_darbex1 artci_patlamax1,245,0,65,136,408,121,223,55,2,2,3,artci_patlama@R40,229,225,4,1242,768,0,0,0,0,0,0.612,1144.292,35.154,971,0,2561,0,0,136003,0,0,3,32,32,9055,23,11,3.234,0.47,140000,0,15,65,65.167,2.357,3.56,1.843,,,2.147,1760,0,0,0,0,,0.495,0,0,0,0,0,0,0,0,0,0,0,0,0,0,0,0,0,0,0,1.295,2.564,6.707,0.102,0,kalabalik
8,Run50_AlphaDengeV1,Elektrik yolu,bahcivan,standart,102,HA,49,,,2320,539,1354,0,0,427,868,668,431,274,79,68423,211718,1,0,0,23624,11305,4150,185322,104515,36088,494863,141,12,245.94,1.25,1.69,0.491,1.665,9,0.45,3.306,132,9,1.11,1.14,1.17,1.29,1.35,78,67,59,52,35,0.48,0.4,0.66,1.84,1.23,34,121,0.69,0.463,1.264,6222,1,213,0,keskin_bicakx1 bereketli_toprakx3 hizli_bilekx2 kivilcimx3 yikim_gucux2 firtina_bilegix1 agir_darbex1 artci_patlamax1,227,0,65,140,420,121,230,57,2,2,3,artci_patlama@R40,242,242,0,1280,776,0,0,0,0,0,0.769,1052.662,35.692,1005,0,2685,0,0,50866,0,0,3,32,32,9055,23,11,3.234,0.47,157500,0,9,65,65.167,2.274,3.408,1.849,,,2.037,1803,0,0,0,0,,0.499,0,0,0,0,0,0,0,0,0,0,0,0,0,0,0,0,0,0,0,1.31,2.576,5.476,0.102,0,kalabalik
8,Run50_AlphaDengeV1,Elektrik yolu,bahcivan,standart,102,HA,50,,,1995,448,1167,0,0,380,727,550,397,253,68,59169,270887,1,59169,1,25141,13231,4424,210463,117746,40512,464454,144,9,268.57,1.25,1.69,0.467,1.665,9,0.45,3.306,139,6,1.14,1.13,1.12,1.24,1.85,76,69,68,51,17,0.22,0.5,0.29,0.79,3.59,34,121,0.75,0.529,1.205,6526,0,213,0,keskin_bicakx1 bereketli_toprakx3 hizli_bilekx2 kivilcimx3 yikim_gucux2 firtina_bilegix1 agir_darbex1 artci_patlamax1,208,0,65,143,429,121,233,66,2,2,3,artci_patlama@R40,184,183,1,1223,732,0,0,0,0,0,0.826,910.292,30.692,815,0,3416,0,0,20320,0,0,3,32,32,9055,23,11,3.234,0.47,180000,0,12,65,65.167,2.675,3.511,2.299,,,2.583,1530,0,0,0,0,,0.495,0,0,0,0,0,0,0,0,0,0,0,0,0,0,0,0,0,0,0,1.218,2.305,6.2,0.092,0,kalabalik
8,Run50_AlphaDengeV1,Elektrik yolu,bahcivan,standart,102,HA,50,KAZANDI
9,Run50_AlphaDengeV1,Hasar-alan,bahcivan,standart,102,HA,1,,,13,13,0,0,0,0,10,3,0,0,0,19,19,1,0,0,32,0,0,32,0,0,290,1,0,10,1,1,3,0.9,4,0.3,2,13,2.08,1.8,2.67,,,,36,0,,,,2.4,5,,,,2,4,0.346,0,8,23,0,0,2,,4,0.203,45,0,0,0,0,0,0,0,0,,0,0,0,0,0,0,0,0,0,0,1,0.422,0.289,0,0,22,0,0,290,0,0,0,0,0,0,0,0,1,0,390,0,0,45,45.133,4.215,4.215,,,,,0,0,0,0,0,,,0,0,0,0,0,0,0,0,0,0,0,0,0,0,0,0,0,0,0,0.337,0.423,2.164,0.013,0,kalabalik
9,Run50_AlphaDengeV1,Hasar-alan,bahcivan,standart,102,HA,2,,,18,18,0,0,0,0,14,3,1,0,0,33,52,1,0,0,40,4,0,40,4,0,410,2,3,11.33,1,1,3,0.9,4,0.3,2,14,2.36,1.57,2.67,3,,,38,0,0,,,1.93,5,9,,,3,5,0.391,0,8,28,2,2,1,,4,0.11,45,1,3,0,0,0,0,0,0,,0,0,0,0,0,0,0,0,0,0,0.2,0.733,0.4,0,0,26,0,0,310,0,0,0,0,0,0,0,0,1,0,410,0,0,45,45.133,4.88,4.88,,,,,0,0,0,0,0,,,0,0,0,0,0,0,0,0,0,0,0,0,0,0,0,0,0,0,0,0.347,0.432,1.673,0.013,0,kalabalik
9,Run50_AlphaDengeV1,Hasar-alan,bahcivan,standart,102,HA,3,,,15,13,2,0,0,0,10,3,2,0,0,39,91,1,39,1,32,8,0,32,12,0,370,3,3,11.33,1,1,3,0.9,4,0.3,2,14,3,2,2.67,4.5,,,0,0,0,,,4.5,9,13.5,,,4,7,0.625,0.143,7.324,43,0,2,1,,5,0.001,45,2,6,3,0,0,2,0,3,,0,0,0,0,0,0,0,0,0,0,0.857,0.867,0.333,2,0,26,0,0,270,0,0,3,1,1,0,0,0,1,0,420,0,3,45,45.133,10.793,10.792,10.8,,,,5,0,0,0,0,,0.132,0,0,0,0,0,0,0,0,0,0,0,0,0,0,0,0,0,0,0,0.356,0.467,2.238,0.013,0,kalabalik
9,Run50_AlphaDengeV1,Hasar-alan,bahcivan,standart,102,HA,4,,,27,20,4,0,0,3,22,4,1,0,0,44,44,1,0,0,60,4,0,67,16,0,600,5,6,12.67,1.25,1,3,0.9,4,0.3,2,14,2.79,1.5,2,2,,,39,0,,,,1.5,6,9,,,4,7,0.426,0,7.324,43,3,5,0,keskin_bicakx1,7,0.256,45,4,12,6,0,0,2,0,3,,0,0,0,0,0,0,0,0,0,0,0.286,0.978,0.6,7,0,38,0,0,10,0,0,3,2,2,0,0,0,1,0,470,0,3,45,45.133,6.333,6.312,6.395,,,,14,0,0,0,0,,0.22,0,0,0,0,0,0,0,0,0,0,0,0,0,0,0,0,0,0,0,0.368,0.483,2.12,0.013,0,kalabalik
9,Run50_AlphaDengeV1,Hasar-alan,bahcivan,standart,102,HA,5,,,29,23,4,0,0,2,21,8,0,0,0,45,89,1,0,0,74,0,0,77,16,0,660,6,3,13.33,1.25,1,2.892,0.9,4,0.3,2,15,3.2,1.4,2,,,,48,20,0,,,2.02,3.86,,,,5,9,0.52,0,6.628,61,3,8,1,keskin_bicakx1,8,0.036,45,5,15,9,3,0,2,0,3,,0,0,0,0,0,0,0,0,0,0,0.667,1,0.644,6,0,40,0,0,200,0,0,3,5,5,0,0,0,1,0,490,0,6,45,45.133,5.868,4.916,9.517,,,,14,0,0,0,0,,0.189,0,0,0,0,0,0,0,0,0,0,0,0,0,0,0,0,0,0,0,0.364,0.485,1.997,0.013,0,kalabalik
9,Run50_AlphaDengeV1,Hasar-alan,bahcivan,standart,102,HA,6,,,30,24,3,0,0,3,19,9,2,0,0,66,155,1,66,1,74,8,0,84,24,0,773,7,3,14,1.25,1,2.789,0.9,4,0.3,2,19,2.47,1.47,2,3,,,40,14,,,,1.86,4.18,11.17,,,5,9,0.38,0,6.499,76,5,13,0,keskin_bicakx1,6,0.056,55,6,18,9,6,0,2,0,3,,0,0,0,0,0,0,0,0,0,0,0.222,1.2,0.545,6,0,40,0,0,483,0,0,3,5,5,6,0,0,1.0667,0,520,0,3,55,55.133,7.402,7.558,6.778,,,,13,0,0,0,0,,0.278,0,0,0,0,0,0,0,0,0,0,0,0,0,0,0,0,0,0,0,0.368,0.483,1.562,0.013,0,kalabalik
9,Run50_AlphaDengeV1,Hasar-alan,bahcivan,standart,102,HA,7,,,48,33,12,0,0,3,29,15,4,0,0,114,114,1,0,0,118,16,0,122,40,0,1261,10,9,14,1.563,1,2.789,0.9,4,0.3,2,19,3.68,1.58,1.58,1.5,,,31,38,0,,,2.93,4.42,6.97,,,7,13,0.572,0.154,6.48,110,0,13,2,keskin_bicakx2,9,0,55,9,27,12,6,0,2,0,3,,0,0,0,0,0,0,0,0,0,0,0.385,2.073,0.873,15,0,53,0,0,64,0,0,3,6,5,6,0,0,1.0667,0,640,0,3,55,55.133,7.549,7.1,8.536,,,,30,0,0,0,0,,0.179,0,0,0,0,0,0,0,0,0,0,0,0,0,0,0,0,0,0,0,0.387,0.51,2.001,0.014,0,kalabalik
9,Run50_AlphaDengeV1,Hasar-alan,bahcivan,standart,102,HA,8,,,54,39,13,0,0,2,46,6,2,0,0,84,198,1,0,0,122,8,0,129,48,0,1244,11,3,14.67,1.563,1,2.789,0.9,4,0.3,2,19,3.84,1.39,1.17,3,,,47,67,0,,,2.07,0.93,12.55,,,9,16,0.595,0.313,6.492,136,3,16,2,keskin_bicakx2,10,0,55,10,30,21,6,0,2,0,3,,0,0,0,0,0,0,0,0,0,0,0.75,1.527,0.982,15,0,53,0,0,668,0,0,3,6,6,6,1,0,1.0667,0,700,0,9,55,55.133,7.836,7.921,7.618,,,,30,0,0,0,0,,0.27,0,0,0,0,0,0,0,0,0,0,0,0,0,0,0,0,0,0,0,0.411,0.551,2.106,0.015,0,kalabalik
9,Run50_AlphaDengeV1,Hasar-alan,bahcivan,standart,102,HA,9,,,62,43,17,0,0,2,45,14,3,0,0,129,327,1,0,0,160,12,0,164,60,0,1686,14,9,15.64,1.563,1,2.689,0.935,4,0.3,2,20,3.8,1.22,1.45,,,,53,36,33,,,1.68,3.91,,,,11,19,0.597,0.211,6.467,162,4,20,2,keskin_bicakx2,14,0,55,13,39,24,6,0,2,0,3,,0,0,0,0,0,0,0,0,0,0,0.895,2.345,1.127,19,0,62,0,0,94,0,0,3,6,6,14,2,0,1.1333,0,880,0,3,55,55.133,10.912,11.395,9.818,,,,53,0,0,0,0,,0.27,0,0,0,0,0,0,0,0,0,0,0,0,0,0,0,0,0,0,0,0.427,0.56,3.389,0.015,0,kalabalik
9,Run50_AlphaDengeV1,Hasar-alan,bahcivan,standart,102,HA,10,,,62,50,8,0,0,4,48,12,2,0,0,114,441,1,114,1,156,8,0,175,68,0,1647,15,3,16.36,1.563,1,2.689,0.97,4,0.3,2,20,4,1.26,1.4,1.5,,,52,13,,,,2.12,2.69,4.03,,,13,23,0.715,0.522,6.062,209,4,24,2,keskin_bicakx2,9,0,55,14,42,25,14,0,2,0,3,,0,0,0,0,0,0,0,0,0,0,0.826,2.073,1.127,12,0,67,0,0,861,0,0,3,6,6,14,2,0,1.1333,0,950,0,9,55,55.133,12.348,11.764,14.783,,,,53,0,0,0,0,,0.22,0,0,0,0,0,0,0,0,0,0,0,0,0,0,0,0,0,0,0,0.429,0.578,1.891,0.016,0,kalabalik
9,Run50_AlphaDengeV1,Hasar-alan,bahcivan,standart,102,HA,11,,,144,103,26,0,0,15,104,29,8,3,0,415,415,1,0,0,457,32,6,457,100,6,4285,19,12,18.13,1.953,1,2.592,1.005,6,0.3,2,25,5.92,1.07,1.27,1.57,2,,87,50,38,0,,0.5,2.24,5.55,12.97,,15,25,0.521,0.28,5.992,271,7,31,2,keskin_bicakx3,16,0,65,18,54,25,17,0,2,0,3,,0,0,0,0,0,0,0,0,0,0,0.32,6.385,2.215,41,0,108,0,0,896,0,0,3,6,6,24,2,0,1.2,0,1300,0,3,65,65.167,7.228,6.545,8.941,,,,106,0,0,0,0,,0.309,0,0,0,0,0,0,0,0,0,0,0,0,0,0,0,0,0,0,0,0.503,0.708,3.654,0.019,0,kalabalik
9,Run50_AlphaDengeV1,Hasar-alan,bahcivan,standart,102,HA,12,,,134,115,12,0,0,7,95,25,13,1,0,371,786,1,0,0,435,52,2,437,97,8,4766,22,9,20.27,1.953,1,2.324,1.075,6,0.3,2,27,5.67,1.03,1.44,1.45,,,95,38,27,0,,0.3,4.13,2.75,,,15,25,0.564,0.24,5.329,305,19,50,0,keskin_bicakx3,19,0,65,21,63,25,29,0,2,0,3,,0,0,0,0,0,0,0,0,0,0,0.64,5.708,2.062,19,0,116,0,0,1462,0,0,3,6,6,66,2,0,1.4,0,1700,0,12,65,65.167,6.187,6.108,6.668,,,,69,0,0,0,0,,0.305,0,0,0,0,0,0,0,0,0,0,0,0,0,0,0,0,0,0,0,0.508,0.673,2.511,0.018,0,kalabalik
9,Run50_AlphaDengeV1,Hasar-alan,bahcivan,standart,102,HA,13,,,149,124,15,0,0,10,96,26,24,2,1,663,1449,1,663,1,444,130,12,457,172,20,5562,25,9,24.3,1.953,1,2.24,1.075,6,0.3,2,29,5.14,1,1.15,1.33,2,2,100,78,47,0,0,0,1.12,4.49,13.43,35.93,17,34,0.455,0.265,5.476,404,6,56,4,keskin_bicakx3,20,0,65,24,72,34,29,0,2,0,3,,0,0,0,0,0,0,0,0,0,0,0.324,10.2,2.292,25,0,131,0,0,1624,0,0,3,7,7,66,2,0,1.4,0,2100,0,9,65,65.167,6.412,6.932,3.829,,,,85,0,0,0,0,,0.194,0,0,0,0,0,0,0,0,0,0,0,0,0,0,0,0,0,0,0,0.466,0.627,2.45,0.019,0,kalabalik
9,Run50_AlphaDengeV1,Hasar-alan,bahcivan,standart,102,HA,14,,,201,138,37,0,0,26,107,63,23,8,0,864,864,1,0,0,771,150,20,806,247,40,8977,29,12,25.51,1.953,1,2.16,1.11,6,0.3,2,30,6,1,1.19,1.4,1.5,,100,65,38,43,,0,1.02,3.6,12.97,,21,49,0.671,0.204,5.44,585,10,66,8,keskin_bicakx3 nadir_tohumx1,33,0,65,28,84,43,29,0,2,0,3,,0,0,0,0,0,0,0,0,0,0,0.673,13.292,3.092,63,0,184,0,0,1301,0,0,3,7,7,125,3,0,1.6,0,2800,0,9,65,65.167,10.007,10.239,9.498,,,,135,0,0,0,0,,0.187,0,0,0,0,0,0,0,0,0,0,0,0,0,0,0,0,0,0,0,0.512,0.712,3.419,0.022,0,kalabalik
9,Run50_AlphaDengeV1,Hasar-alan,bahcivan,standart,102,HA,15,,,294,150,82,0,0,62,162,79,40,11,2,1424,2288,1,0,0,1080,264,31,1106,488,51,13251,33,12,33.24,1.953,1,2.16,1.18,6,0.3,2,30,6,1,1.02,1.27,1.56,2,100,97,60,38,0,0,0.1,2.55,3.36,10.8,20,49,0.634,0.327,5.125,621,8,74,1,keskin_bicakx3 nadir_tohumx1,41,0,65,32,96,49,35,0,2,0,3,,0,0,0,0,0,0,0,0,0,0,0.531,21.908,4.523,144,0,270,0,0,2152,0,0,3,7,7,125,3,0,1.6,0,3600,0,12,65,65.167,6.622,9.206,3.93,,,,213,0,0,0,0,,0.696,0,0,0,0,0,0,0,0,0,0,0,0,0,0,0,0,0,0,0,0.609,0.942,5.639,0.026,0,kalabalik
9,Run50_AlphaDengeV1,Hasar-alan,bahcivan,standart,102,HA,16,,,270,148,71,0,0,51,144,59,36,19,12,3046,5334,1,3046,1,1020,291,118,1040,791,149,13021,36,9,38.16,1.953,1,2.092,1.265,6,0.317,2,31,6,1.01,1.06,1.29,1.33,1.25,99,81,60,55,71,0.03,1.14,3.2,3.66,3.66,19,49,0.694,0.347,4.898,650,9,83,1,keskin_bicakx3 nadir_tohumx1,36,0,65,35,105,49,47,0,2,0,3,,0,0,0,0,0,0,0,0,0,0,0.49,46.862,4.154,122,0,339,0,0,3573,0,0,3,7,7,125,3,0,1.6,0,4400,0,12,65,65.167,8.154,10.793,4.952,,,,242,0,0,0,0,,0.488,0,0,0,0,0,0,0,0,0,0,0,0,0,0,0,0,0,0,0,0.673,0.982,4.931,0.029,0,kalabalik
9,Run50_AlphaDengeV1,Hasar-alan,bahcivan,standart,102,HA,17,,,325,177,83,0,0,65,179,67,48,25,6,2816,2816,1,0,0,1122,381,63,1132,1132,212,15264,39,9,39.82,1.953,1,2.026,1.315,6,0.333,2,32,6,1,1.03,1,1.05,1,100,92,100,94,100,0,0.42,0,0.19,0,19,49,0.635,0.347,4.898,650,7,90,0,keskin_bicakx3 nadir_tohumx1 altin_hedefx1,43,0,65,38,114,49,56,0,2,0,3,,0,0,0,0,0,0,0,0,0,0,0.429,43.323,5,148,0,543,0,0,4737,0,0,3,7,7,125,3,0,1.6,0,5300,0,9,65,65.167,6.294,9.289,2.711,,,,221,0,0,0,0,,0.74,0,0,0,0,0,0,0,0,0,0,0,0,0,0,0,0,0,0,0,0.622,0.906,3.338,0.026,0,kalabalik
9,Run50_AlphaDengeV1,Hasar-alan,bahcivan,standart,102,HA,18,,,328,178,83,0,0,67,172,85,39,27,5,3039,5855,1,0,0,1119,379,90,1221,906,302,15533,42,9,45.79,1.953,1,1.962,1.365,6,0.333,2,33,6,1,1,1,1.06,1.5,100,100,100,89,50,0,0,0,0.69,7.85,19,49,0.641,0.347,4.876,653,6,96,0,keskin_bicakx3 nadir_tohumx1 altin_hedefx1,37,0,65,41,123,49,65,0,2,0,3,,0,0,0,0,0,0,0,0,0,0,0.51,46.754,5.046,150,0,624,0,0,3470,0,0,3,7,7,125,3,0,1.6,0,6300,0,9,65,65.167,5.641,7.57,3.353,,,,219,0,0,0,0,,0.694,0,0,0,0,0,0,0,0,0,0,0,0,0,0,0,0,0,0,0,0.567,0.799,3.152,0.026,0,kalabalik
9,Run50_AlphaDengeV1,Hasar-alan,bahcivan,standart,102,HA,19,,,406,238,97,0,0,71,201,98,62,38,7,3959,9814,1,0,0,1751,497,120,1922,1202,222,19704,45,9,49.54,1.953,1,1.962,1.415,9,0.35,2,33,8.52,1,1,1,1,1.2,100,99,100,100,80,0,0,0,0,0.79,20,65,0.627,0.215,4.808,879,7,103,7,keskin_bicakx3 nadir_tohumx1 altin_hedefx1,49,0,65,44,132,49,74,0,2,0,3,,0,0,0,0,0,0,0,0,0,0,0.585,60.908,6.246,168,0,691,0,0,3274,0,0,3,7,7,125,3,0,1.6,0,7400,0,9,65,65.167,5.432,7.449,2.575,,,,243,0,0,0,0,,0.702,0,0,0,0,0,0,0,0,0,0,0,0,0,0,0,0,0,0,0,0.57,0.845,3.888,0.029,0,kalabalik
9,Run50_AlphaDengeV1,Hasar-alan,bahcivan,standart,102,HA,20,,,373,254,78,6,0,35,183,95,55,30,10,3793,13607,1,3793,1,1642,612,159,2719,1529,361,17975,47,6,49.54,1.953,1,1.901,1.415,9,0.367,2,34,8.76,1,1,1,1.04,1.2,100,97,100,96,63,0,0,0,0.56,2.66,27,81,0.549,0.272,5.038,1045,4,107,8,keskin_bicakx3 nadir_tohumx1 altin_hedefx1,40,0,65,46,138,58,74,0,2,0,3,,0,0,0,0,0,0,0,0,0,0,0.543,58.354,5.738,119,0,678,0,0,6049,0,0,3,9,9,125,3,0,1.6,0,8200,0,9,65,65.167,7.576,8.937,4.671,,,,202,0,0,0,0,,0.634,0,0,0,0,0,0,0,0,0,0,0,0,0,0,0,0,0,0,0,0.604,0.826,3.38,0.03,0,kalabalik
9,Run50_AlphaDengeV1,Hasar-alan,bahcivan,standart,102,HA,21,,,432,254,123,0,0,55,205,106,69,44,8,4923,4923,1,0,0,1829,614,225,3198,1423,586,21443,50,9,56.1,1.953,1,1.901,1.465,9,0.367,2,34,9,1,1.02,1,1,1,100,96,100,100,100,0,0.15,0,0,0,27,81,0.687,0.469,4.897,1075,6,113,0,keskin_bicakx3 nadir_tohumx1 altin_hedefx2,44,0,65,49,147,64,74,0,2,0,3,,0,0,0,0,0,0,0,0,0,0,0.642,75.738,6.646,178,0,1164,0,0,1692,0,0,3,9,9,125,4,0,1.6,0,9500,0,6,65,65.167,7.371,9.775,3.94,,,,295,0,0,0,0,,0.669,0,0,0,0,0,0,0,0,0,0,0,0,0,0,0,0,0,0,0,0.714,1.068,3.885,0.034,0,kalabalik
9,Run50_AlphaDengeV1,Hasar-alan,bahcivan,standart,102,HA,22,,,461,266,128,5,0,62,241,101,68,40,11,5223,10146,1,0,0,1920,634,270,3978,1732,856,24881,52,6,56.1,1.953,1,1.841,1.465,9,0.383,2,35,8.97,1,1.03,1,1,1,100,97,100,100,100,0,0.15,0,0,0,27,81,0.693,0.481,4.661,1130,5,118,0,keskin_bicakx3 nadir_tohumx1 altin_hedefx2,52,0,65,51,153,73,74,0,2,0,3,,0,0,0,0,0,0,0,0,0,0,0.654,80.354,7.092,195,0,1020,0,0,7073,0,0,3,9,9,575,6,0,1.6667,0,10000,0,9,65,65.167,7.049,9.361,3.895,,,,330,0,0,0,0,,0.711,0,0,0,0,0,0,0,0,0,0,0,0,0,0,0,0,0,0,0,0.729,1.091,5.359,0.037,0,kalabalik
9,Run50_AlphaDengeV1,Hasar-alan,bahcivan,standart,102,HA,23,,,288,192,63,8,0,25,125,73,55,27,8,3768,13914,1,3768,1,1586,580,159,3154,1122,1015,16291,54,6,69.27,1.953,1,1.841,1.515,9,0.383,2,35,6,1,1,1,1,1,100,100,100,100,100,0,0,0,0,0,27,81,0.778,0.58,4.591,1147,7,125,0,keskin_bicakx3 nadir_tohumx1 altin_hedefx2,33,0,65,53,159,79,74,0,2,0,3,,0,0,0,0,0,0,0,0,0,0,0.642,57.969,4.431,96,0,1658,0,0,2364,0,0,3,10,10,575,6,0,1.6667,0,12000,0,6,65,65.167,9.914,10.961,7.82,,,,174,0,0,0,0,,0.575,0,0,0,0,0,0,0,0,0,0,0,0,0,0,0,0,0,0,0,0.571,0.774,3.096,0.029,0,kalabalik
9,Run50_AlphaDengeV1,Hasar-alan,bahcivan,standart,102,HA,24,,,461,279,117,5,4,56,230,103,74,43,11,5842,5842,1,0,0,2440,732,240,4464,1454,1255,25769,56,6,69.27,1.953,1,1.783,1.515,9,0.52,2,36,9,1,1.02,1,1,1,100,98,100,100,100,0,0.13,0,0,0,27,81,0.704,0.494,4.434,1187,5,130,0,keskin_bicakx3 nadir_tohumx1 altin_hedefx2 kritik_gozx1,54,0,65,55,165,81,78,0,2,0,3,,0,0,0,0,0,0,0,0,0,0,0.741,89.877,7.092,182,0,1816,0,0,4133,0,0,3,10,10,575,6,0,1.6667,0,13000,0,6,65,65.167,12.389,15.003,8.382,,,,334,0,0,0,0,,0.681,0,0,0,0,0,0,0,0,0,0,0,0,0,0,0,0,0,0,0,0.7,1,3.722,0.036,0,kalabalik
9,Run50_AlphaDengeV1,Hasar-alan,bahcivan,standart,102,HA,25,,,475,266,139,5,0,65,227,119,80,42,7,5585,11427,1,0,0,2208,808,211,4737,2262,1416,27000,58,6,73.42,1.953,1,1.783,1.565,9,0.52,2,36,8.97,1,1.01,1,1,1,100,96,100,100,100,0,0.1,0,0,0,27,81,0.699,0.457,4.434,1187,6,136,0,keskin_bicakx3 nadir_tohumx1 altin_hedefx2 kritik_gozx1,52,0,65,57,171,81,84,0,2,0,3,,0,0,0,0,0,0,0,0,0,0,0.667,85.923,7.308,209,0,1844,0,0,5133,0,0,3,10,10,1165,6,0,1.7333,0,14000,0,6,65,65.167,6.654,8.556,4.233,,,,365,0,0,0,0,,0.701,0,0,0,0,0,0,0,0,0,0,0,0,0,0,0,0,0,0,0,0.712,1.036,4.125,0.037,0,kalabalik
9,Run50_AlphaDengeV1,Hasar-alan,bahcivan,standart,102,HA,26,,,440,275,114,1,3,47,188,108,78,50,16,7214,18641,1,7214,1,1992,1048,352,4259,1380,1768,26409,60,6,83.44,1.953,1,1.727,1.565,9,0.537,2,37,8.89,1,1,1,1,1,100,100,100,100,100,0,0,0,0,0,27,81,0.575,0.383,4.283,1229,7,143,0,keskin_bicakx3 nadir_tohumx1 altin_hedefx2 kritik_gozx1,44,0,65,59,177,81,90,0,2,0,3,,0,0,0,0,0,0,0,0,0,0,0.667,110.985,6.769,165,0,2258,0,0,3542,0,0,3,10,10,1165,6,0,1.7333,0,15000,0,6,65,65.167,8.313,11.273,3.381,,,,284,0,0,0,0,,0.71,0,0,0,0,0,0,0,0,0,0,0,0,0,0,0,0,0,0,0,0.665,0.952,3.043,0.034,0,kalabalik
9,Run50_AlphaDengeV1,Hasar-alan,bahcivan,standart,102,HA,27,,,626,339,181,8,3,95,316,129,114,46,21,9302,9302,1,0,0,3289,1288,426,5468,1868,2044,37030,62,6,83.44,1.953,1,1.727,2.132,12,0.537,2.111,37,11.46,1,1,1,1,1,100,100,100,100,100,0,0,0,0,0,27,81,0.637,0.407,4.226,1246,6,149,0,keskin_bicakx3 nadir_tohumx1 altin_hedefx2 kritik_gozx1 genis_savurusx1,62,0,65,61,183,81,96,0,2,0,3,,0,0,0,0,0,0,0,0,0,0,0.667,143.108,9.631,287,0,2419,0,0,9572,0,0,3,10,10,1895,6,0,1.8,0,16000,0,6,65,65.167,4.744,6.44,2.741,,,,497,0,0,0,0,,0.698,0,0,0,0,0,0,0,0,0,0,0,0,0,0,0,0,0,0,0,0.651,1.002,5.069,0.044,0,kalabalik
9,Run50_AlphaDengeV1,Hasar-alan,bahcivan,standart,102,HA,28,,,633,335,189,11,1,97,291,164,99,65,14,9066,18368,1,0,0,3304,1209,412,5902,1337,2391,37775,64,6,94.04,1.953,1,1.673,2.132,12,0.553,2.111,38,11.55,1,1,1,1,1,100,99,100,100,100,0,0,0,0,0,27,81,0.643,0.407,4.117,1279,7,156,0,keskin_bicakx3 nadir_tohumx1 altin_hedefx2 kritik_gozx1 genis_savurusx1,73,0,65,63,189,81,102,0,2,0,3,,0,0,0,0,0,0,0,0,0,0,0.765,139.477,9.738,298,0,2725,0,0,14347,0,0,3,10,10,1895,6,0,1.8,0,18000,0,6,65,65.167,5.247,6.446,3.899,,,,514,0,0,0,0,,0.676,0,0,0,0,0,0,0,0,0,0,0,0,0,0,0,0,0,0,0,0.654,0.972,3.764,0.042,0,kalabalik
9,Run50_AlphaDengeV1,Hasar-alan,bahcivan,standart,102,HA,29,,,622,345,187,6,0,84,273,166,108,55,20,9868,28236,1,0,0,3716,1524,380,7698,2431,2576,38728,66,6,94.04,1.953,1,1.673,2.198,12,0.553,2.222,38,11.66,1,1.02,1,1,1,100,97,100,100,100,0,0.05,0,0,0,27,81,0.646,0.407,4.102,1284,5,161,0,keskin_bicakx3 nadir_tohumx1 altin_hedefx2 kritik_gozx1 genis_savurusx1,77,0,65,65,195,81,108,0,2,0,3,,0,0,0,0,0,0,0,0,0,0,0.667,151.815,9.569,277,0,2908,0,0,17075,0,0,3,10,10,2755,6,0,1.8667,0,19000,0,6,65,65.167,5.422,6.84,3.655,,,,502,0,0,0,0,,0.668,0,0,0,0,0,0,0,0,0,0,0,0,0,0,0,0,0,0,0,0.655,0.99,5.382,0.044,0,kalabalik
9,Run50_AlphaDengeV1,Hasar-alan,bahcivan,standart,102,HA,30,,,651,367,185,5,4,90,302,180,98,55,16,9546,37782,1,9546,1,4263,1440,322,7431,3761,2818,39684,68,6,100.86,1.953,1,1.62,2.198,12,0.57,2.222,40,11.7,1.01,1.05,1,1,1,99,89,100,100,100,0.08,0.41,0,0,0,27,81,0.634,0.42,4.084,1289,7,168,0,keskin_bicakx3 nadir_tohumx1 altin_hedefx2 kritik_gozx1 genis_savurusx1,71,0,65,67,201,81,114,0,2,0,3,,0,0,0,0,0,0,0,0,0,0,0.42,146.862,10.015,284,0,3123,0,0,17759,0,0,3,10,10,2755,6,0,1.8667,0,21000,0,6,65,65.167,4.847,6.275,2.995,,,,563,0,0,0,0,,0.618,0,0,0,0,0,0,0,0,0,0,0,0,0,0,0,0,0,0,0,0.667,0.995,3.852,0.045,0,kalabalik
9,Run50_AlphaDengeV1,Hasar-alan,bahcivan,standart,102,HA,31,,,864,519,215,10,5,115,398,205,150,76,35,15379,15379,1,0,0,6299,2024,618,12170,3375,3196,56452,71,9,105.24,1.953,1,1.134,2.198,12,0.57,2.333,57,11.39,1,1.01,1,1,1,100,96,100,100,100,0,0.02,0,0,0,27,81,0.532,0.284,3.984,1321,6,174,0,keskin_bicakx3 nadir_tohumx1 altin_hedefx2 kritik_gozx1 genis_savurusx1 firtina_bilegix1,83,0,65,70,210,81,120,0,2,0,3,,0,0,0,0,0,0,0,0,0,0,0.543,236.6,13.292,345,0,3469,0,0,9211,0,0,3,10,10,3755,6,0,1.9333,0,23000,0,6,65,65.167,3.896,4.76,2.596,,,,618,0,0,0,0,,0.686,0,0,0,0,0,0,0,0,0,0,0,0,0,0,0,0,0,0,0,0.725,1.078,3.635,0.052,0,kalabalik
9,Run50_AlphaDengeV1,Hasar-alan,bahcivan,standart,102,HA,32,,,850,524,204,9,5,108,390,203,156,87,14,12521,27900,1,0,0,5002,2125,675,14472,5380,3776,54562,73,6,112.36,1.953,1,1.134,2.198,12,0.57,2.333,57,11.33,1,1.05,1,1,1,100,94,100,100,100,0,0.18,0,0,0,27,81,0.562,0.309,3.954,1332,3,177,0,keskin_bicakx3 nadir_tohumx1 altin_hedefx2 kritik_gozx1 genis_savurusx1 firtina_bilegix1,83,0,65,72,216,81,129,0,2,0,3,,0,0,0,0,0,0,0,0,0,0,0.543,192.631,13.077,326,0,3720,0,0,16773,0,0,3,10,10,3755,6,0,1.9333,0,25000,0,9,65,65.167,3.494,4.177,2.39,,,,612,0,0,0,0,,0.683,0,0,0,0,0,0,0,0,0,0,0,0,0,0,0,0,0,0,0,0.722,1.062,3.853,0.052,0,kalabalik
9,Run50_AlphaDengeV1,Hasar-alan,bahcivan,standart,102,HA,33,,,742,511,138,4,2,87,303,199,143,81,16,12732,40632,1,12732,1,4750,2019,670,16072,5229,4156,51549,75,6,117.04,1.953,1,1.134,2.198,12,0.57,2.444,57,10.72,1,1,1,1,1,100,97,100,100,100,0,0,0,0,0,27,81,0.45,0.222,3.857,1365,7,184,0,keskin_bicakx3 nadir_tohumx1 altin_hedefx2 kritik_gozx1 genis_savurusx1 firtina_bilegix1,76,0,65,74,222,81,135,0,2,0,3,,0,0,0,0,0,0,0,0,0,0,0.383,195.877,11.415,231,0,3959,0,0,17322,0,0,3,10,10,4855,6,0,2,0,27000,0,6,65,65.167,3.387,3.998,2.034,,,,447,0,0,0,0,,0.689,0,0,0,0,0,0,0,0,0,0,0,0,0,0,0,0,0,0,0,0.686,0.965,3.42,0.047,0,kalabalik
9,Run50_AlphaDengeV1,Hasar-alan,bahcivan,standart,102,HA,34,,,890,520,230,6,7,127,391,229,153,91,26,15592,15592,1,0,0,5510,2328,880,21582,6987,4926,60978,77,6,117.04,1.953,1,1.134,2.198,12,0.57,2.444,57,11.39,1,1.03,1,1,1,100,94,100,100,95,0,0.19,0,0,0,27,81,0.624,0.346,3.267,1611,2,186,0,keskin_bicakx3 nadir_tohumx1 altin_hedefx2 kritik_gozx1 genis_savurusx1 firtina_bilegix1 bereketli_toprakx1,88,0,65,76,228,81,141,0,2,0,3,,0,0,0,0,0,0,0,0,0,0,0.58,239.877,13.692,370,0,4046,0,0,23300,0,0,3,10,10,4855,6,0,2,0,29000,0,6,65,65.167,3.428,4.352,2.13,,,,707,0,0,0,0,,0.688,0,0,0,0,0,0,0,0,0,0,0,0,0,0,0,0,0,0,0,0.763,1.104,6.03,0.053,0,kalabalik
9,Run50_AlphaDengeV1,Hasar-alan,bahcivan,standart,102,HA,35,,,904,522,248,11,2,121,423,210,156,95,20,14754,30346,1,0,0,5900,2170,800,22082,8527,5396,62878,79,6,124.44,1.953,1,1.134,2.198,12,0.57,2.556,57,11.6,1,1.03,1,1,1.06,100,93,100,100,93,0,0.07,0,0,0.28,27,81,0.609,0.383,3.155,1669,5,191,0,keskin_bicakx3 nadir_tohumx1 altin_hedefx2 kritik_gozx1 genis_savurusx1 firtina_bilegix1 bereketli_toprakx1,92,0,65,78,234,81,147,0,2,0,3,,0,0,0,0,0,0,0,0,0,0,0.617,226.985,13.908,382,0,4433,0,0,27178,0,0,3,10,10,6155,6,0,2.0667,0,31000,0,6,65,65.167,3.193,3.988,2.106,,,,709,0,0,0,0,,0.694,0,0,0,0,0,0,0,0,0,0,0,0,0,0,0,0,0,0,0,0.751,1.068,5.364,0.054,0,kalabalik
9,Run50_AlphaDengeV1,Hasar-alan,bahcivan,standart,102,HA,36,,,866,526,221,15,1,103,384,225,153,83,21,15175,45521,1,15175,1,5725,2403,823,27247,9230,6094,60213,81,6,129.42,1.953,1,1.134,2.198,12,0.57,2.556,57,11.74,1.02,1.09,1.02,1.05,1.19,97,88,98,95,79,0.09,0.41,0.07,0.14,1.35,27,81,0.623,0.407,3.135,1679,3,194,0,keskin_bicakx3 nadir_tohumx1 altin_hedefx2 kritik_gozx1 genis_savurusx1 firtina_bilegix1 bereketli_toprakx1,87,0,65,80,240,81,153,0,2,0,3,,0,0,0,0,0,0,0,0,0,0,0.58,233.462,13.323,340,0,4849,0,0,24391,0,0,3,10,10,6155,6,0,2.0667,0,33000,0,6,65,65.167,3.954,4.908,2.479,,,,828,0,0,0,0,,0.546,0,0,0,0,0,0,0,0,0,0,0,0,0,0,0,0,0,0,0,0.77,1.152,5.917,0.057,0,kalabalik
9,Run50_AlphaDengeV1,Hasar-alan,bahcivan,standart,102,HA,37,,,914,522,250,13,6,123,431,199,177,83,24,16274,16274,1,0,0,5745,2835,854,28192,10735,6568,67194,83,6,137.13,1.953,1,1.134,2.198,12,0.57,3.417,57,11.7,1,1.03,1,1,1.06,100,90,100,100,87,0,0.14,0,0,0.13,27,81,0.62,0.444,3.044,1730,5,199,0,keskin_bicakx3 nadir_tohumx1 altin_hedefx2 kritik_gozx1 genis_savurusx1 firtina_bilegix1 bereketli_toprakx1 agir_darbex1,93,0,65,82,246,81,159,0,2,0,3,,0,0,0,0,0,0,0,0,0,0,0.63,250.369,14.062,392,0,6831,0,0,24585,0,0,3,10,10,7555,6,0,2.1333,0,35000,0,6,65,65.167,3.575,4.558,2.265,,,,758,0,0,0,0,,0.688,0,0,0,0,0,0,0,0,0,0,0,0,0,0,0,0,0,0,0,0.763,1.089,5.019,0.055,0,kalabalik
9,Run50_AlphaDengeV1,Hasar-alan,bahcivan,standart,102,HA,38,,,878,552,210,10,5,101,406,217,155,81,19,14928,31202,1,0,0,5745,2724,814,32637,11559,7242,63698,85,6,142.4,1.953,1,1.134,2.198,12,0.57,3.417,57,11.79,1,1.09,1,1,1.08,100,90,100,100,78,0,0.55,0,0,0.61,27,81,0.622,0.432,3.044,1730,3,202,0,keskin_bicakx3 nadir_tohumx1 altin_hedefx2 kritik_gozx1 genis_savurusx1 firtina_bilegix1 bereketli_toprakx1 agir_darbex1,86,0,65,84,252,81,165,0,2,0,3,,0,0,0,0,0,0,0,0,0,0,0.481,229.662,13.508,326,0,7079,0,0,17283,0,0,3,10,10,7555,6,0,2.1333,0,38000,0,6,65,65.167,4.022,4.446,3.303,,,,888,0,0,0,0,,0.181,0,0,0,0,0,0,0,0,0,0,0,0,0,0,0,0,0,0,0,0.779,1.182,5.108,0.057,0,kalabalik
9,Run50_AlphaDengeV1,Hasar-alan,bahcivan,standart,102,HA,39,,,888,533,213,24,5,113,400,194,163,100,31,19876,51078,1,0,0,5690,2995,1068,32407,14554,7890,68065,87,6,150.4,1.953,1,1.134,2.198,12,0.57,3.528,57,11.77,1,1.07,1,1,1,100,87,100,100,100,0,0.33,0,0,0,27,81,0.627,0.395,3.038,1733,4,206,0,keskin_bicakx3 nadir_tohumx1 altin_hedefx2 kritik_gozx1 genis_savurusx1 firtina_bilegix1 bereketli_toprakx1 agir_darbex1,90,0,65,86,258,81,171,0,2,0,3,,0,0,0,0,0,0,0,0,0,0,0.58,305.785,13.662,355,0,7784,0,0,8348,0,0,3,10,10,9055,6,0,2.2,0,40000,0,6,65,65.167,3.611,4.172,2.77,,,,946,0,0,0,0,,0.182,0,0,0,0,0,0,0,0,0,0,0,0,0,0,0,0,0,0,0,0.799,1.193,10.097,0.062,0,kalabalik
9,Run50_AlphaDengeV1,Hasar-alan,bahcivan,standart,102,HA,40,,,696,427,182,5,4,78,321,178,124,65,8,11134,62212,1,11134,1,4340,2152,615,35147,16006,8350,51536,88,3,150.4,1.953,1,1.134,2.198,12,0.57,3.528,57,9,1,1.07,1,1,1,100,87,100,100,100,0,0.36,0,0,0,27,81,0.691,0.444,3.034,1735,3,209,0,keskin_bicakx3 nadir_tohumx1 altin_hedefx2 kritik_gozx1 genis_savurusx1 firtina_bilegix1 bereketli_toprakx1 agir_darbex1,76,0,65,87,261,81,177,0,2,0,3,,0,0,0,0,0,0,0,0,0,0,0.531,171.292,10.708,269,0,7821,0,0,19884,0,0,3,10,10,9055,6,0,2.2,0,41000,0,6,65,65.167,5.212,6.642,2.941,,,,746,0,0,0,0,,0.238,0,0,0,0,0,0,0,0,0,0,0,0,0,0,0,0,0,0,0,0.742,1.138,6.12,0.051,0,kalabalik
9,Run50_AlphaDengeV1,Hasar-alan,bahcivan,standart,102,HA,41,,,1138,686,290,7,4,151,477,301,186,139,35,24055,24055,1,0,0,7510,3594,1362,38557,19600,9242,90219,90,6,158.4,1.953,1,1.089,2.198,12,0.57,3.639,59,15.39,1,1.05,1,1,1,100,95,100,100,100,0,0.33,0,0,0,27,81,0.547,0.259,3.034,1735,2,211,0,keskin_bicakx3 nadir_tohumx1 altin_hedefx2 kritik_gozx1 genis_savurusx1 firtina_bilegix1 bereketli_toprakx1 agir_darbex1 hasat_ritmix1,111,0,65,89,267,81,179,1,2,0,3,hasat_ritmi@R40,0,0,0,0,0,30,29,0,0,0,0.642,370.077,17.508,452,0,13987,0,0,27103,0,0,3,10,10,9055,6,0,2.2,0,44000,0,3,65,65.167,2.47,3.095,1.521,,,,1161,0,0,0,0,,0.254,0,0,0,0,0,0,0,0,0,0,0,0,0,0,0,0,0,0,0,0.892,1.425,6.936,0.073,0,kalabalik
9,Run50_AlphaDengeV1,Hasar-alan,bahcivan,standart,102,HA,42,,,1218,770,329,16,4,99,475,323,236,148,36,27822,51877,1,0,0,7940,4603,1404,46177,23445,8556,94947,92,6,179.89,1.953,1,1.089,2.198,12,0.57,3.639,59,16.2,1,1.03,1,1,1,100,95,100,100,100,0,0.2,0,0,0,34,121,0.6,0.347,3.306,2379,3,214,14,keskin_bicakx3 nadir_tohumx1 altin_hedefx2 kritik_gozx1 genis_savurusx1 firtina_bilegix1 bereketli_toprakx1 agir_darbex1 hasat_ritmix1,118,0,65,91,273,81,181,5,2,0,3,hasat_ritmi@R40,0,0,0,0,0,29,30,0,0,0,0.694,428.031,18.738,448,0,16649,0,0,33050,0,0,3,10,10,9055,6,0,2.2,0,46000,0,6,65,65.167,3.665,4.443,2.326,,,,1214,0,0,0,0,,0.231,0,0,0,0,0,0,0,0,0,0,0,0,0,0,0,0,0,0,0,0.981,1.474,11.843,0.089,1,kalabalik
9,Run50_AlphaDengeV1,Hasar-alan,bahcivan,standart,102,HA,43,,,1157,786,263,20,3,85,462,296,220,137,42,27854,79731,1,27854,1,7554,4163,1527,51931,27608,9563,91855,94,6,179.89,1.953,1,1.089,2.198,12,0.57,3.75,59,16.2,1,1.07,1.01,1.02,1,100,90,99,98,100,0,0.37,0.02,0.06,0,34,121,0.641,0.446,3.306,2379,2,216,0,keskin_bicakx3 nadir_tohumx1 altin_hedefx2 kritik_gozx1 genis_savurusx1 firtina_bilegix1 bereketli_toprakx1 agir_darbex1 hasat_ritmix1,111,0,65,93,279,87,181,5,2,0,3,hasat_ritmi@R40,0,0,0,0,0,30,29,0,0,0,0.661,428.523,17.8,371,0,17615,0,0,30905,0,0,3,10,10,9055,8,0,2.2,0,49000,0,6,65,65.167,4.056,4.48,3.158,,,,1279,0,0,0,0,,0.242,0,0,0,0,0,0,0,0,0,0,0,0,0,0,0,0,0,0,0,1.05,1.582,6.089,0.086,0,kalabalik
9,Run50_AlphaDengeV1,Hasar-alan,bahcivan,standart,102,HA,44,,,1218,791,295,26,7,99,437,312,278,146,45,31531,31531,1,0,0,7421,5075,1816,59352,32683,11379,98913,96,6,179.89,1.953,1,1.089,2.198,12,0.57,3.75,59,16.27,1,1.02,1,1,1.05,100,96,100,99,94,0,0.08,0,0,0.5,34,121,0.619,0.43,3.239,2428,0,216,0,keskin_bicakx3 nadir_tohumx2 altin_hedefx2 kritik_gozx1 genis_savurusx1 firtina_bilegix1 bereketli_toprakx1 agir_darbex1 hasat_ritmix1,120,0,65,95,285,93,181,5,2,0,3,hasat_ritmi@R40,0,0,0,0,0,29,30,0,0,0,0.587,485.092,18.738,427,0,17203,0,0,29818,0,0,3,10,10,9055,8,0,2.2,0,52000,0,6,65,65.167,3.944,4.318,3.25,,,,1282,0,0,0,0,,0.263,0,0,0,0,0,0,0,0,0,0,0,0,0,0,0,0,0,0,0,1.049,1.625,6.409,0.086,0,kalabalik
9,Run50_AlphaDengeV1,Hasar-alan,bahcivan,standart,102,HA,45,,,1195,737,308,29,7,114,472,278,237,150,58,33962,65493,1,0,0,8466,5219,1691,65818,37902,13070,96981,98,6,179.89,1.953,1,1.089,2.198,12,0.57,3.75,59,15.95,1,1.06,1.01,1.01,1.09,99,91,99,99,90,0.01,0.42,0.03,0.04,0.45,34,121,0.629,0.43,3.201,2457,1,217,0,keskin_bicakx3 nadir_tohumx2 altin_hedefx2 kritik_gozx1 genis_savurusx1 firtina_bilegix1 bereketli_toprakx1 agir_darbex1 hasat_ritmix1,122,0,65,97,291,99,181,5,2,0,3,hasat_ritmi@R40,0,0,0,0,0,30,29,0,0,0,0.612,522.492,18.385,458,0,17381,0,0,20799,0,0,3,10,10,9055,9,0,2.2,0,55000,0,6,65,65.167,4.302,4.575,3.863,,,,1399,0,0,0,0,,0.285,0,0,0,0,0,0,0,0,0,0,0,0,0,0,0,0,0,0,0,1.01,1.588,15.297,0.091,0,kalabalik
9,Run50_AlphaDengeV1,Hasar-alan,bahcivan,standart,102,HA,46,,,998,764,172,19,2,41,359,258,212,130,39,27893,93386,1,27893,1,6510,4137,1471,72328,42039,14541,80541,99,3,179.89,1.953,1,1.089,2.198,12,0.57,3.75,59,15.03,1,1.06,1,1,1.06,100,90,100,100,86,0,0.29,0,0,0.49,34,121,0.488,0.322,3.201,2457,0,217,0,keskin_bicakx3 nadir_tohumx2 altin_hedefx2 kritik_gozx1 genis_savurusx1 firtina_bilegix1 bereketli_toprakx1 agir_darbex1 hasat_ritmix1,95,0,65,98,294,105,181,5,2,0,3,hasat_ritmi@R40,0,0,0,0,0,29,30,0,0,0,0.512,429.123,15.354,234,0,16681,0,0,46340,0,0,3,12,12,9055,9,0,2.2,0,57000,0,6,65,65.167,4.033,4.203,3.478,,,,864,0,0,0,0,,0.222,0,0,0,0,0,0,0,0,0,0,0,0,0,0,0,0,0,0,0,0.98,1.406,6.509,0.077,0,kalabalik
9,Run50_AlphaDengeV1,Hasar-alan,bahcivan,standart,102,HA,47,,,1207,784,283,34,4,102,455,314,226,172,40,32282,32282,1,0,0,8417,4583,1608,80745,46622,16149,96970,101,6,179.89,1.953,1,1.089,2.198,12,0.57,3.75,59,16.31,1.02,1.04,1,1.02,1.09,97,94,99,94,86,0.05,0.24,0,0.17,1.09,34,121,0.674,0.397,2.723,2889,0,217,0,keskin_bicakx3 nadir_tohumx2 altin_hedefx2 kritik_gozx1 genis_savurusx1 firtina_bilegix1 bereketli_toprakx2 agir_darbex1 hasat_ritmix1,121,0,65,100,300,108,181,5,2,0,3,hasat_ritmi@R40,0,0,0,0,0,30,29,0,0,0,0.719,496.646,18.569,423,0,17647,0,0,28310,0,0,3,13,13,9055,9,0,2.2,0,60000,0,3,65,65.167,4.07,4.373,3.508,,,,1452,0,0,0,0,,0.238,0,0,0,0,0,0,0,0,0,0,0,0,0,0,0,0,0,0,0,1.082,1.748,6.848,0.091,0,kalabalik
9,Run50_AlphaDengeV1,Hasar-alan,bahcivan,standart,102,HA,48,,,1185,772,291,22,10,90,467,316,221,129,52,34231,66513,1,0,0,8700,4486,1546,87245,51108,17695,94225,103,6,179.89,1.953,1,1.089,2.198,12,0.57,3.75,59,16.46,1.02,1.07,1,1.03,1.02,95,90,100,94,93,0.1,0.3,0,0.22,0.16,34,121,0.687,0.504,2.636,2984,1,218,0,keskin_bicakx3 nadir_tohumx2 altin_hedefx2 kritik_gozx1 genis_savurusx1 firtina_bilegix1 bereketli_toprakx2 agir_darbex1 hasat_ritmix1,117,0,65,102,306,114,181,5,2,0,3,hasat_ritmi@R40,0,0,0,0,0,29,30,0,0,0,0.686,526.631,18.231,413,0,16625,0,0,535,0,0,3,15,15,9055,9,0,2.2,0,63000,0,6,65,65.167,4.373,4.622,3.905,,,,1555,0,0,0,0,,0.234,0,0,0,0,0,0,0,0,0,0,0,0,0,0,0,0,0,0,0,1.064,1.726,6.764,0.093,0,kalabalik
9,Run50_AlphaDengeV1,Hasar-alan,bahcivan,standart,102,HA,49,,,1162,768,276,40,3,75,426,326,225,150,35,29433,95946,1,0,0,8091,4386,1495,95336,55494,19190,93751,104,3,179.89,1.953,1,1.089,2.198,12,0.57,3.75,59,16.34,1.02,1.05,1.01,1.01,1,96,91,97,96,96,0.06,0.51,0.04,0.04,0,34,121,0.688,0.479,2.612,3011,0,218,0,keskin_bicakx3 nadir_tohumx2 altin_hedefx2 kritik_gozx1 genis_savurusx1 firtina_bilegix1 bereketli_toprakx2 agir_darbex1 hasat_ritmix1,122,0,65,103,309,120,181,5,2,0,3,hasat_ritmi@R40,0,0,0,0,0,30,29,0,0,0,0.785,452.815,17.877,394,0,17437,0,0,31286,0,0,3,16,16,9055,9,0,2.2,0,65000,0,6,65,65.167,4.622,4.967,3.95,,,,1517,0,0,0,0,,0.273,0,0,0,0,0,0,0,0,0,0,0,0,0,0,0,0,0,0,0,1.086,1.792,6.92,0.091,0,kalabalik
9,Run50_AlphaDengeV1,Hasar-alan,bahcivan,standart,102,HA,50,,,1057,687,239,34,4,93,388,306,214,113,36,27417,123363,1,27417,1,7057,3844,1538,99993,59338,20728,84465,105,3,179.89,1.953,1,1.089,2.198,12,0.57,3.75,59,14.86,1.03,1.07,1.02,1,1.03,94,87,96,95,90,0.22,0.39,0.09,0,0.15,34,121,0.726,0.537,2.612,3011,1,219,0,keskin_bicakx3 nadir_tohumx2 altin_hedefx2 kritik_gozx1 genis_savurusx1 firtina_bilegix1 bereketli_toprakx2 agir_darbex1 hasat_ritmix1,115,0,65,104,312,121,183,5,2,0,3,hasat_ritmi@R40,0,0,0,0,0,29,29,0,0,0,0.785,421.8,16.262,370,0,17470,0,0,50751,0,0,3,16,16,9055,9,0,2.2,0,67000,0,3,65,65.167,5.189,5.517,4.581,,,,1388,0,0,0,0,,0.287,0,0,0,0,0,0,0,0,0,0,0,0,0,0,0,0,0,0,0,1.082,1.707,7.58,0.088,0,kalabalik
9,Run50_AlphaDengeV1,Hasar-alan,bahcivan,standart,102,HA,50,KAZANDI
10,Run50_AlphaDengeV1,Patlama yolu,bahcivan,standart,102,HA,1,,,13,13,0,0,0,0,10,3,0,0,0,19,19,1,0,0,32,0,0,32,0,0,290,1,0,10,1,1,3,0.9,4,0.3,2,13,2.08,1.8,2.67,,,,36,0,,,,2.4,5,,,,2,4,0.346,0,8,23,0,0,2,,4,0.203,45,0,0,0,0,0,0,0,0,,0,0,0,0,0,0,0,0,0,0,1,0.422,0.289,0,0,22,0,0,290,0,0,0,0,0,0,0,0,1,0,390,0,0,45,45.133,4.215,4.215,,,,,0,0,0,0,0,,,0,0,0,0,0,0,0,0,0,0,0,0,0,0,0,0,0,0,0,0.336,0.424,2.125,0.013,0,kalabalik
10,Run50_AlphaDengeV1,Patlama yolu,bahcivan,standart,102,HA,2,,,18,18,0,0,0,0,14,3,1,0,0,33,52,1,0,0,40,4,0,40,4,0,410,2,3,11.33,1,1,3,0.9,4,0.3,2,14,2.36,1.57,2.67,3,,,38,0,0,,,1.93,5,9,,,3,5,0.391,0,8,28,2,2,1,,4,0.11,45,1,3,0,0,0,0,0,0,,0,0,0,0,0,0,0,0,0,0,0.2,0.733,0.4,0,0,26,0,0,310,0,0,0,0,0,0,0,0,1,0,410,0,0,45,45.133,4.88,4.88,,,,,0,0,0,0,0,,,0,0,0,0,0,0,0,0,0,0,0,0,0,0,0,0,0,0,0,0.337,0.426,2.058,0.012,0,kalabalik
10,Run50_AlphaDengeV1,Patlama yolu,bahcivan,standart,102,HA,3,,,19,15,4,0,0,0,12,3,4,0,0,61,113,1,61,1,36,16,0,36,20,0,490,3,3,11.33,1,1,3,0.9,4,0.3,2,14,2.86,1.9,2,2.67,,,23,0,0,,,3,6,8,,,4,7,0.499,0.143,8,39,0,2,1,,5,0.097,45,2,6,3,0,0,2,2,3,,0,0,0,0,0,0,0,0,0,0,0.571,1.356,0.422,4,0,27,0,0,390,0,0,3,2,2,0,0,0,1,0,420,0,3,45,45.133,7.307,5.68,13.408,,,,17,0,0,0,0,,0.35,0,0,0,0,0,0,0,0,0,0,0,0,0,0,0,0,0,0,0,0.374,0.499,1.811,0.013,0,kalabalik
10,Run50_AlphaDengeV1,Patlama yolu,bahcivan,standart,102,HA,4,,,29,24,5,0,0,0,26,3,0,0,0,35,35,1,0,0,64,0,0,67,20,0,648,5,6,11.33,1.25,1,3,0.9,4,0.3,2,14,2.93,1.38,1.67,,,,40,0,0,,,1.57,3,,,,5,8,0.395,0,7.632,47,2,4,1,keskin_bicakx1,7,0.34,45,4,12,6,0,0,2,2,3,,0,0,0,0,0,0,0,0,0,0,0.25,0.778,0.644,5,0,34,0,0,178,0,0,3,3,3,0,1,0,1,0,470,0,3,45,45.133,5.117,4.658,7.32,,,,28,0,0,0,0,,0.343,0,0,0,0,0,0,0,0,0,0,0,0,0,0,0,0,0,0,0,0.407,0.521,2.595,0.013,0,kalabalik
10,Run50_AlphaDengeV1,Patlama yolu,bahcivan,standart,102,HA,5,,,30,23,7,0,0,0,19,6,5,0,0,87,122,1,0,0,62,20,0,64,40,0,945,7,6,12,1.25,1,2.892,0.9,4,0.3,2,15,3,1.29,2,1.75,,,63,14,0,,,2.06,4.63,2.9,,,6,9,0.415,0.111,7.66,53,3,7,1,keskin_bicakx1,7,0.089,45,6,18,9,3,0,2,2,3,,0,0,0,0,0,0,0,0,0,0,0.333,1.933,0.667,7,0,39,0,0,163,0,0,3,4,4,0,2,0,1,0,520,0,6,45,45.133,5.817,6.409,3.871,,,,21,0,0,0,0,,0.322,0,0,0,0,0,0,0,0,0,0,0,0,0,0,0,0,0,0,0,0.388,0.526,1.975,0.012,0,kalabalik
10,Run50_AlphaDengeV1,Patlama yolu,bahcivan,standart,102,HA,6,,,29,25,4,0,0,0,19,5,5,0,0,84,206,1,84,1,58,20,0,62,60,0,798,8,3,12,1.25,1,2.892,0.9,4,0.3,2,19,2.79,1.56,1.6,3.25,,,44,25,0,,,3.8,1.76,12.3,,,8,12,0.433,0.167,7.696,86,0,7,2,keskin_bicakx1,5,0,55,7,21,15,3,0,2,2,3,,0,0,0,0,0,0,0,0,0,0,0.25,1.527,0.527,4,0,37,0,0,441,0,0,3,6,6,0,2,0,1,0,560,0,6,55,55.133,7.991,8.16,6.933,,,,16,0,0,0,0,,0.241,0,0,0,0,0,0,0,0,0,0,0,0,0,0,0,0,0,0,0,0.394,0.511,1.861,0.012,0,kalabalik
10,Run50_AlphaDengeV1,Patlama yolu,bahcivan,standart,102,HA,7,,,46,34,10,0,0,2,37,6,2,1,0,105,105,1,0,0,98,8,2,100,68,2,1214,10,6,12,1.25,1,2.892,0.9,4,0.3,2,19,3.53,1.25,2,2.5,4,,57,14,0,0,,2.07,4.81,7.25,20.23,,10,15,0.604,0.2,6.56,126,0,7,2,keskin_bicakx1 bereketli_toprakx1,9,0,55,9,27,18,3,0,2,2,3,,0,0,0,0,0,0,0,0,0,0,0.467,1.909,0.836,12,0,39,0,0,495,0,0,3,7,7,0,2,0,1,0,640,0,3,55,55.133,10.199,9.26,12.861,,,,41,0,0,0,0,,0.245,0,0,0,0,0,0,0,0,0,0,0,0,0,0,0,0,0,0,0,0.474,0.631,3.104,0.014,0,kalabalik
10,Run50_AlphaDengeV1,Patlama yolu,bahcivan,standart,102,HA,8,,,53,39,11,0,0,3,40,12,1,0,0,86,191,1,0,0,140,4,0,142,72,2,1361,12,6,13.33,1.25,1,2.789,0.9,4,0.3,2,19,3.74,1.34,1.56,3,,,40,22,0,,,2.4,2.79,11.17,,,11,17,0.646,0.235,6.406,146,6,13,1,keskin_bicakx1 bereketli_toprakx1,10,0,55,11,33,24,3,0,2,2,3,,0,0,0,0,0,0,0,0,0,0,0.765,1.564,0.964,14,0,45,0,0,516,0,0,3,7,7,0,3,0,1,0,750,0,6,55,55.133,10.781,10.259,12.233,,,,39,0,0,0,0,,0.268,0,0,0,0,0,0,0,0,0,0,0,0,0,0,0,0,0,0,0,0.453,0.6,3.267,0.014,0,kalabalik
10,Run50_AlphaDengeV1,Patlama yolu,bahcivan,standart,102,HA,9,,,53,35,17,0,0,1,38,11,3,1,0,133,324,1,0,0,131,12,2,143,84,4,1487,14,6,14,1.25,1,2.689,0.9,4,0.3,2,20,3.8,1.22,1.67,2.5,,,53,10,0,0,,2.69,2.68,13.43,,,13,20,0.686,0.35,6.259,176,5,18,2,keskin_bicakx1 bereketli_toprakx1,10,0,55,13,39,25,8,0,2,2,3,,0,0,0,0,0,0,0,0,0,0,0.75,2.418,0.964,18,0,46,0,0,443,0,0,3,7,7,6,3,0,1.0667,0,880,0,6,55,55.133,10.524,9.888,11.761,,,,52,0,0,0,0,,0.292,0,0,0,0,0,0,0,0,0,0,0,0,0,0,0,0,0,0,0,0.43,0.574,3.036,0.015,0,kalabalik
10,Run50_AlphaDengeV1,Patlama yolu,bahcivan,standart,102,HA,10,,,61,40,19,0,0,2,44,13,4,0,0,124,448,1,124,1,153,16,0,162,100,4,1650,16,6,15.64,1.25,1,2.592,0.9,4,0.3,2,21,3.95,1.24,1.44,1.5,,,59,11,0,,,1.43,7.49,5.18,,,14,23,0.707,0.391,6.263,202,4,22,1,keskin_bicakx1 bereketli_toprakx1,11,0,55,15,45,25,14,0,2,2,3,,0,0,0,0,0,0,0,0,0,0,0.522,2.255,1.109,21,0,50,0,0,263,0,0,3,7,7,6,3,0,1.0667,0,1000,0,6,55,55.133,12.61,13.426,11.056,,,,59,0,0,0,0,,0.244,0,0,0,0,0,0,0,0,0,0,0,0,0,0,0,0,0,0,0,0.487,0.64,2.702,0.015,0,kalabalik
10,Run50_AlphaDengeV1,Patlama yolu,bahcivan,standart,102,HA,11,,,88,56,31,0,0,1,53,22,12,1,0,299,299,1,0,0,269,48,2,272,148,6,2952,18,6,17.38,1.25,1,2.125,0.9,4,0.3,2,30,3.97,1.19,1.5,2,2,,55,21,22,0,,1.53,4.61,16.39,6.4,,16,25,0.653,0.44,5.986,271,7,29,2,keskin_bicakx1 bereketli_toprakx1 hizli_bilekx1,14,0,65,17,51,25,20,0,2,2,3,,0,0,0,0,0,0,0,0,0,0,0.92,4.6,1.354,32,0,54,0,0,1115,0,0,3,7,7,14,3,0,1.1333,0,1200,0,6,65,65.167,14.044,16.115,10.419,,,,77,0,0,0,0,,0.29,0,0,0,0,0,0,0,0,0,0,0,0,0,0,0,0,0,0,0,0.557,0.781,3.877,0.017,0,kalabalik
10,Run50_AlphaDengeV1,Patlama yolu,bahcivan,standart,102,HA,12,,,97,62,33,0,0,2,63,23,9,2,0,321,620,1,0,0,327,36,4,373,104,10,3565,21,9,19.2,1.25,1,1.975,0.9,4,0.3,2,32,3.91,1.38,1.46,2.13,3,,39,28,0,0,,2.63,1.97,15.3,25.67,,15,25,0.665,0.4,5.675,286,13,42,1,keskin_bicakx1 bereketli_toprakx1 hizli_bilekx1,15,0,65,20,60,25,26,0,2,2,3,,0,0,0,0,0,0,0,0,0,0,0.6,4.938,1.492,35,0,64,0,0,780,0,0,3,7,7,36,3,0,1.2667,0,1500,0,6,65,65.167,11.54,13.659,7.785,,,,75,0,0,0,0,,0.298,0,0,0,0,0,0,0,0,0,0,0,0,0,0,0,0,0,0,0,0.432,0.607,3.583,0.017,0,kalabalik
10,Run50_AlphaDengeV1,Patlama yolu,bahcivan,standart,102,HA,13,,,100,60,38,0,0,2,59,24,9,6,2,682,1302,1,682,1,411,45,12,435,74,22,4507,24,9,20.27,1.25,1,1.836,0.97,4,0.3,2,35,3.83,1.34,1.67,2.25,2.6,1,58,21,13,20,0,3.62,4.43,17.9,11.01,0,14,35,0.587,0.229,5.476,415,11,53,6,keskin_bicakx1 bereketli_toprakx1 hizli_bilekx1,13,0,65,23,69,34,26,0,2,2,3,,0,0,0,0,0,0,0,0,0,0,0.514,10.492,1.538,40,0,120,0,0,287,0,0,3,14,11,66,3,0,1.4,0,1900,0,9,65,65.167,9.771,11.676,6.913,,,,79,0,0,0,0,,0.448,0,0,0,0,0,0,0,0,0,0,0,0,0,0,0,0,0,0,0,0.479,0.641,4.074,0.018,0,kalabalik
10,Run50_AlphaDengeV1,Patlama yolu,bahcivan,standart,102,HA,14,,,135,69,63,0,0,3,65,35,27,5,3,976,976,1,0,0,405,175,18,416,224,40,6507,27,9,24.3,1.25,1,1.836,0.97,4,0.3,2,35,4,1.15,1.28,1.6,2,3,76,63,28,25,0,1.51,0.92,3.67,7.33,20.2,16,46,0.769,0.391,5.206,574,4,57,4,keskin_bicakx1 bereketli_toprakx1 hizli_bilekx1 kivilcimx1,18,0,65,26,78,43,26,0,2,2,3,,0,0,0,0,0,0,0,0,0,0,0.804,15.015,2.077,66,0,132,0,0,594,0,0,3,17,16,66,4,0,1.4,0,2400,0,9,65,65.167,14.679,17.82,11.395,,,,157,0,0,0,0,,0.355,0,0,0,0,0,0,0,0,0,0,0,0,0,0,0,0,0,0,0,0.526,0.745,4.065,0.021,0,kalabalik
10,Run50_AlphaDengeV1,Patlama yolu,bahcivan,standart,102,HA,15,,,202,88,100,0,0,14,87,61,33,12,9,2117,3093,1,0,0,852,165,60,913,366,80,11563,31,12,24.3,1.25,1,1.836,1.005,6,0.3,2,35,5.97,1.22,1.44,1.64,2.6,1.75,68,35,25,10,0,1.21,2.45,4.67,9.54,4.13,18,49,0.704,0.449,5.056,630,7,64,4,keskin_bicakx1 bereketli_toprakx1 hizli_bilekx1 kivilcimx1,27,0,65,30,90,49,29,0,2,2,3,,0,0,0,0,0,0,0,0,0,0,0.449,32.569,3.108,114,0,137,0,0,1357,0,0,3,18,18,125,5,0,1.6,0,3200,0,9,65,65.167,12.246,15.078,10.059,,,,251,0,0,0,0,,0.343,0,0,0,0,0,0,0,0,0,0,0,0,0,0,0,0,0,0,0,0.718,1.107,8.684,0.029,0,kalabalik
10,Run50_AlphaDengeV1,Patlama yolu,bahcivan,standart,102,HA,16,,,213,101,96,0,0,16,74,71,43,21,4,2070,5163,1,2070,1,738,258,60,741,624,120,12849,35,12,29.99,1.25,1,1.778,1.075,6,0.3,2,36,5.97,1.23,1.27,1.68,1.5,1.5,73,62,30,8,0,1.23,1.73,4.2,2.45,3.57,16,49,0.664,0.367,4.93,646,10,74,1,keskin_bicakx1 bereketli_toprakx1 hizli_bilekx1 kivilcimx1,27,0,65,34,102,49,41,0,2,2,3,,0,0,0,0,0,0,0,0,0,0,0.735,31.846,3.277,112,0,178,0,0,106,0,0,3,18,18,125,5,0,1.6,0,4100,0,12,65,65.167,8.892,9.896,7.986,,,,287,0,0,0,0,,0.231,0,0,0,0,0,0,0,0,0,0,0,0,0,0,0,0,0,0,0,0.62,0.904,3.629,0.026,0,kalabalik
10,Run50_AlphaDengeV1,Patlama yolu,bahcivan,standart,102,HA,17,,,272,102,148,0,0,22,108,72,52,31,9,3509,3509,1,0,0,846,450,71,862,644,191,16396,38,9,34.76,1.25,1.3,1.722,1.075,6,0.3,2,37,5.92,1.05,1.16,1.31,1.67,1.25,87,69,48,38,43,0.27,1.94,2.58,4.45,1.72,16,49,0.612,0.347,4.81,662,6,80,0,keskin_bicakx1 bereketli_toprakx1 hizli_bilekx1 kivilcimx1 yikim_gucux1,30,0,65,37,111,49,53,0,2,2,3,,0,0,0,0,0,0,0,0,0,0,0.531,53.985,4.185,170,0,223,0,0,3302,0,0,3,18,18,125,5,0,1.6,0,5000,0,12,65,65.167,7.754,10.249,6.256,,,,267,0,0,0,0,,0.513,0,0,0,0,0,0,0,0,0,0,0,0,0,0,0,0,0,0,0,0.655,0.961,4.144,0.026,0,kalabalik
10,Run50_AlphaDengeV1,Patlama yolu,bahcivan,standart,102,HA,18,,,277,108,151,0,0,18,109,91,46,21,10,3288,6797,1,0,0,1017,345,82,1069,944,273,16111,41,9,39.82,1.25,1.3,1.668,1.11,6,0.3,2,38,5.97,1.05,1.25,1.37,1.25,1.43,88,65,55,33,20,0.26,2.5,2.11,2.5,4.76,16,49,0.604,0.306,4.791,665,6,86,0,keskin_bicakx1 bereketli_toprakx1 hizli_bilekx1 kivilcimx1 yikim_gucux1,39,0,65,40,120,49,62,0,2,2,3,,0,0,0,0,0,0,0,0,0,0,0.592,50.585,4.262,169,0,241,0,0,3513,0,0,3,18,18,125,5,0,1.6,0,5900,0,9,65,65.167,6.65,9.253,4.986,,,,274,0,0,0,0,,0.573,0,0,0,0,0,0,0,0,0,0,0,0,0,0,0,0,0,0,0,0.651,0.96,4.321,0.027,0,kalabalik
10,Run50_AlphaDengeV1,Patlama yolu,bahcivan,standart,102,HA,19,,,309,114,170,0,0,25,116,84,61,38,10,4671,11468,1,0,0,1092,477,126,1276,1408,219,18293,44,9,43.38,1.25,1.3,1.668,1.145,6,0.3,2,38,6,1,1.27,1.32,1.44,1.5,96,62,56,35,33,0,2.28,3.49,4.63,2.5,16,66,0.665,0.303,4.723,908,6,92,6,keskin_bicakx1 bereketli_toprakx1 hizli_bilekx1 kivilcimx1 yikim_gucux1,45,0,65,43,129,49,71,0,2,2,3,,0,0,0,0,0,0,0,0,0,0,0.576,71.862,4.754,195,0,275,0,0,3006,0,0,3,18,18,125,5,0,1.6,0,7000,0,9,65,65.167,7.472,8.887,6.645,,,,332,0,0,0,0,,0.478,0,0,0,0,0,0,0,0,0,0,0,0,0,0,0,0,0,0,0,0.588,0.863,4.462,0.029,0,kalabalik
10,Run50_AlphaDengeV1,Patlama yolu,bahcivan,standart,102,HA,20,,,295,118,155,0,0,22,121,69,61,36,8,4570,16038,1,4570,1,950,527,130,1686,772,289,17336,46,6,45.79,1.25,1.3,1.616,1.195,6,0.3,2,40,6,1.08,1.36,1.17,1.46,1.75,84,62,70,25,0,0.23,3.69,1.26,2.98,6.87,20,81,0.618,0.395,4.499,1170,6,98,7,keskin_bicakx1 bereketli_toprakx1 hizli_bilekx1 kivilcimx1 yikim_gucux1,39,0,65,45,135,58,71,0,2,2,3,,0,0,0,0,0,0,0,0,0,0,0.543,70.308,4.538,177,0,304,0,0,5942,0,0,3,21,21,125,7,0,1.6,0,7800,0,9,65,65.167,9.463,12.205,7.634,,,,290,0,0,0,0,,0.494,0,0,0,0,0,0,0,0,0,0,0,0,0,0,0,0,0,0,0,0.609,0.88,4.135,0.031,0,kalabalik
10,Run50_AlphaDengeV1,Patlama yolu,bahcivan,standart,102,HA,21,,,319,102,200,0,0,17,126,86,58,39,10,4744,4744,1,0,0,1106,541,172,2067,1313,461,19007,49,9,49.54,1.25,1.69,1.616,1.23,6,0.3,2,40,6,1.13,1.47,1.39,1.69,2,82,51,53,37,0,0.7,3.74,4.22,3.34,13.19,20,81,0.737,0.481,4.499,1170,4,102,0,keskin_bicakx1 bereketli_toprakx1 hizli_bilekx1 kivilcimx1 yikim_gucux2,46,0,65,48,144,64,71,0,2,2,3,,0,0,0,0,0,0,0,0,0,0,0.765,72.985,4.908,217,0,314,0,0,349,0,0,3,22,22,125,9,0,1.6,0,9000,0,6,65,65.167,10.246,15.823,7.625,,,,278,0,0,0,0,,0.678,0,0,0,0,0,0,0,0,0,0,0,0,0,0,0,0,0,0,0,0.724,1.095,4.335,0.031,0,kalabalik
10,Run50_AlphaDengeV1,Patlama yolu,bahcivan,standart,102,HA,22,,,336,98,208,0,0,30,131,105,52,40,8,4858,9602,1,0,0,1424,391,168,2501,1319,629,21534,51,6,49.54,1.25,1.69,1.565,1.315,6,0.3,2,41,6,1.25,1.2,1.63,1.59,1.5,73,68,41,23,20,1.4,1.34,5.58,5.34,2.35,20,81,0.739,0.506,4.389,1200,6,108,0,keskin_bicakx1 bereketli_toprakx1 hizli_bilekx1 kivilcimx1 yikim_gucux2,50,0,65,50,150,73,71,0,2,2,3,,0,0,0,0,0,0,0,0,0,0,0.63,74.738,5.169,238,0,305,0,0,3383,0,0,3,24,24,125,13,0,1.6,0,10000,0,9,65,65.167,9.741,17.776,6.432,,,,315,0,0,0,0,,0.673,0,0,0,0,0,0,0,0,0,0,0,0,0,0,0,0,0,0,0,0.725,1.054,4.068,0.032,0,kalabalik
10,Run50_AlphaDengeV1,Patlama yolu,bahcivan,standart,102,HA,23,,,291,85,184,0,0,22,115,65,68,33,10,4994,14596,1,4994,1,1256,688,126,2987,927,755,19904,53,6,56.1,1.25,1.69,1.565,1.315,6,0.3,2,41,4,1.03,1.15,1.26,1.11,1.5,86,66,54,73,38,0.05,1.57,1.91,0.34,3.13,20,81,0.763,0.556,4.389,1200,5,113,0,keskin_bicakx1 bereketli_toprakx1 hizli_bilekx1 kivilcimx1 yikim_gucux2,42,0,65,52,156,79,71,0,2,2,3,,0,0,0,0,0,0,0,0,0,0,0.864,76.831,4.477,206,0,377,0,0,3287,0,0,3,25,25,125,15,0,1.6,0,11000,0,6,65,65.167,11.019,19.116,7.678,,,,299,0,0,0,0,,0.645,0,0,0,0,0,0,0,0,0,0,0,0,0,0,0,0,0,0,0,0.64,0.903,4.789,0.029,0,kalabalik
10,Run50_AlphaDengeV1,Patlama yolu,bahcivan,standart,102,HA,24,,,561,112,427,0,0,22,224,143,106,64,24,10730,10730,1,0,0,2534,1180,291,4411,1227,1046,40965,56,9,56.1,1.25,1.69,1.516,1.365,6,0.3,2,42,6,1.04,1.24,1.31,1.63,2,83,70,58,24,33,0.07,0.67,1.52,2.47,5.76,20,81,0.574,0.309,4.328,1216,5,118,0,keskin_bicakx1 bereketli_toprakx1 hizli_bilekx1 kivilcimx1 yikim_gucux2 artci_patlamax1,69,0,65,55,165,81,75,0,2,2,3,artci_patlama@R23,83,83,0,279,215,0,0,0,0,0,0.617,165.077,8.631,234,0,346,0,0,9252,0,0,3,25,25,575,15,0,1.6667,0,13000,0,6,65,65.167,8.327,11.845,4.613,,,10.538,300,0,0,0,0,,0.725,0,0,0,0,0,0,0,0,0,0,0,0,0,0,0,0,0,0,0,0.764,1.219,10.878,0.032,0,kalabalik
10,Run50_AlphaDengeV1,Patlama yolu,bahcivan,standart,102,HA,25,,,559,107,428,0,0,24,221,151,102,62,23,11385,22115,1,0,0,2706,944,335,4652,1791,1331,41138,59,9,65.98,1.25,1.69,1.516,1.365,6,0.3,2,42,6,1.02,1.22,1.07,1.46,1,91,63,56,30,22,0.14,1.32,0.33,5.83,0,20,81,0.583,0.284,4.222,1247,7,125,0,keskin_bicakx1 bereketli_toprakx1 hizli_bilekx1 kivilcimx1 yikim_gucux2 artci_patlamax1,71,0,65,58,174,81,84,0,2,2,3,artci_patlama@R23,80,80,0,287,227,0,0,0,0,0,0.617,175.154,8.6,225,0,419,0,0,10390,0,0,3,25,25,575,15,0,1.6667,0,14000,0,9,65,65.167,6.074,7.317,5.451,,,6.107,278,0,0,0,0,,0.759,0,0,0,0,0,0,0,0,0,0,0,0,0,0,0,0,0,0,0,0.704,1.155,5.019,0.032,0,kalabalik
10,Run50_AlphaDengeV1,Patlama yolu,bahcivan,standart,102,HA,26,,,523,168,323,0,0,32,201,123,115,70,14,10475,32590,1,10475,1,2104,1080,398,5286,1461,1729,44225,62,9,69.27,1.25,1.69,1.468,1.415,9,0.3,2,44,8.25,1.01,1.09,1.28,1.47,2,91,79,49,34,45,0.17,0.75,1.1,2.94,6.61,20,81,0.378,0.148,4.222,1247,6,131,0,keskin_bicakx1 bereketli_toprakx1 hizli_bilekx1 kivilcimx1 yikim_gucux2 artci_patlamax1,66,0.002,65,61,183,81,93,0,2,2,3,artci_patlama@R23,105,105,0,230,167,0,0,0,0,0,0.506,161.154,8.046,188,0,459,0,0,9615,0,0,3,25,25,575,15,0,1.6667,0,16000,0,9,65,65.167,5.619,8.801,4.994,,,3.122,260,0,0,0,0,,0.692,0,0,0,0,0,0,0,0,0,0,0,0,0,0,0,0,0,0,0,0.719,1.139,5.729,0.033,0,kalabalik
10,Run50_AlphaDengeV1,Patlama yolu,bahcivan,standart,102,HA,27,,,691,152,516,0,0,23,278,188,119,81,25,13663,13663,1,0,0,3459,1200,476,7145,2221,2205,56257,65,9,73.42,1.25,2.197,1.468,1.415,9,0.317,2,44,8.8,1.03,1.24,1.39,1.37,2,87,72,59,46,22,0.14,1.47,3.3,2.7,4.4,20,81,0.508,0.247,4.119,1278,5,136,0,keskin_bicakx1 bereketli_toprakx1 hizli_bilekx1 kivilcimx1 yikim_gucux3 artci_patlamax1,76,0,65,64,192,81,102,0,2,2,3,artci_patlama@R23,109,109,0,300,257,0,0,0,0,0,0.37,210.2,10.631,282,0,490,0,0,14872,0,0,3,25,25,1165,15,0,1.7333,0,18000,0,9,65,65.167,4.011,5.758,3.474,,,3.554,306,0,0,0,0,,0.861,0,0,0,0,0,0,0,0,0,0,0,0,0,0,0,0,0,0,0,0.717,1.181,7.333,0.034,0,kalabalik
10,Run50_AlphaDengeV1,Patlama yolu,bahcivan,standart,102,HA,28,,,692,160,478,0,0,54,262,189,125,89,27,16287,29950,1,0,0,3488,1473,524,7723,1994,2664,57047,68,9,83.44,1.25,2.197,1.422,1.465,9,0.317,2,45,8.67,1.02,1.23,1.23,1.58,1.33,95,69,66,45,36,0.23,0.96,0.71,3.67,1.9,20,81,0.49,0.272,4.119,1278,8,144,0,keskin_bicakx1 bereketli_toprakx1 hizli_bilekx1 kivilcimx1 yikim_gucux3 artci_patlamax1,79,0,65,67,201,81,111,0,2,2,3,artci_patlama@R23,107,107,0,244,229,0,0,0,0,0,0.679,250.569,10.646,303,0,560,0,0,14919,0,0,3,25,25,1165,15,0,1.7333,0,21000,0,9,65,65.167,3.523,5.341,2.966,,,2.99,317,0,0,0,0,,0.849,0,0,0,0,0,0,0,0,0,0,0,0,0,0,0,0,0,0,0,0.703,1.109,4.822,0.036,0,kalabalik
10,Run50_AlphaDengeV1,Patlama yolu,bahcivan,standart,102,HA,29,,,708,150,534,0,0,24,260,182,170,78,18,14640,44590,1,0,0,3602,1743,464,9165,3227,3128,61427,71,9,83.44,1.25,2.197,1.422,1.465,9,0.317,2,45,8.96,1.01,1.21,1.36,1.63,1.33,90,64,60,42,44,0.11,1.63,2.37,5.51,2.84,20,81,0.528,0.259,3.916,1345,4,148,0,keskin_bicakx1 bereketli_toprakx1 hizli_bilekx1 kivilcimx1 yikim_gucux3 artci_patlamax1,74,0,65,70,210,81,120,0,2,2,3,artci_patlama@R23,107,107,0,286,262,0,0,0,0,0,0.444,225.231,10.892,296,0,517,0,0,11346,0,0,3,25,25,1895,15,0,1.8,0,23000,0,9,65,65.167,3.989,5.701,3.545,,,3.508,325,0,0,0,0,,0.818,0,0,0,0,0,0,0,0,0,0,0,0,0,0,0,0,0,0,0,0.715,1.122,4.899,0.036,0,kalabalik
10,Run50_AlphaDengeV1,Patlama yolu,bahcivan,standart,102,HA,30,,,667,132,500,0,0,35,246,170,146,87,18,14699,59289,1,14699,1,3438,1491,494,9558,3408,3542,58635,73,6,94.04,1.25,2.197,1.377,1.515,9,0.333,2,47,8.85,1.08,1.52,1.22,1.73,1.5,83,50,41,22,25,0.51,2.8,1.38,4.68,2.75,20,81,0.551,0.247,3.887,1355,7,155,0,keskin_bicakx1 bereketli_toprakx1 hizli_bilekx1 kivilcimx1 yikim_gucux3 artci_patlamax1,77,0,65,72,216,81,129,0,2,2,3,artci_patlama@R23,89,89,0,321,257,0,0,0,0,0,0.42,226.138,10.262,278,0,647,0,0,22981,0,0,3,25,25,1895,15,0,1.8,0,25000,0,9,65,65.167,4.336,6.159,4.085,,,3.671,337,0,0,0,0,,0.744,0,0,0,0,0,0,0,0,0,0,0,0,0,0,0,0,0,0,0,0.728,1.231,14.409,0.037,0,kalabalik
10,Run50_AlphaDengeV1,Patlama yolu,bahcivan,standart,102,HA,31,,,853,212,592,0,0,49,326,213,175,100,39,22016,22016,1,0,0,5139,2181,564,11667,4449,4106,77528,76,9,94.04,2,2.197,1.377,1.515,9,0.333,2,47,8.72,1,1.02,1.09,1.16,1,100,96,71,62,53,0,0.09,0.73,1.74,0,20,81,0.463,0.21,3.75,1404,6,161,0,keskin_bicakx1 bereketli_toprakx1 hizli_bilekx1 kivilcimx1 yikim_gucux3 artci_patlamax1 canavar_kesimix1,86,0,65,75,225,81,135,0,2,2,3,artci_patlama@R23,141,141,0,344,295,0,0,0,0,0,0.346,338.708,13.123,346,0,1014,0,0,22509,0,0,3,25,25,2755,15,0,1.8667,0,28000,0,6,65,65.167,2.973,3.643,2.783,,,2.703,393,0,0,0,0,,0.838,0,0,0,0,0,0,0,0,0,0,0,0,0,0,0,0,0,0,0,0.757,1.22,5.043,0.039,0,kalabalik
10,Run50_AlphaDengeV1,Patlama yolu,bahcivan,standart,102,HA,32,,,862,216,584,0,0,62,322,229,182,98,31,21129,43145,1,0,0,4974,2351,625,13651,6680,4636,79376,79,9,100.86,2,2.197,1.377,1.565,9,0.35,2,47,8.74,1,1,1.13,1.2,1,100,96,79,70,100,0,0,1.06,1.1,0,20,81,0.455,0.148,3.729,1412,5,166,0,keskin_bicakx1 bereketli_toprakx1 hizli_bilekx1 kivilcimx1 yikim_gucux3 artci_patlamax1 canavar_kesimix1,87,0.001,65,78,234,81,144,0,2,2,3,artci_patlama@R23,140,140,0,329,281,0,0,0,0,0,0.235,325.062,13.262,365,0,1101,0,0,14885,0,0,3,25,25,2755,15,0,1.8667,0,31000,0,9,65,65.167,2.768,3.929,2.354,,,2.404,424,0,0,0,0,,0.862,0,0,0,0,0,0,0,0,0,0,0,0,0,0,0,0,0,0,0,0.748,1.233,4.981,0.04,0,kalabalik
10,Run50_AlphaDengeV1,Patlama yolu,bahcivan,standart,102,HA,33,,,654,198,425,0,0,31,217,165,151,98,23,17396,60541,1,17396,1,3685,1631,695,15716,6281,5331,63972,81,6,105.24,2,2.197,1.377,1.565,9,0.35,2,47,8.28,1,1.02,1.15,1.28,1,100,95,67,61,64,0,0.08,0.81,1.09,0,20,81,0.38,0.16,3.633,1449,4,170,0,keskin_bicakx1 bereketli_toprakx1 hizli_bilekx1 kivilcimx1 yikim_gucux3 artci_patlamax1 canavar_kesimix1,64,0,65,80,240,81,153,0,2,2,3,artci_patlama@R23,140,140,0,236,204,0,0,0,0,0,0.333,267.631,10.062,252,0,1188,0,0,15857,0,0,3,25,25,3755,15,0,1.9333,0,33000,0,9,65,65.167,2.982,3.651,2.796,,,2.561,305,0,0,0,0,,0.771,0,0,0,0,0,0,0,0,0,0,0,0,0,0,0,0,0,0,0,0.718,1.135,4.546,0.036,0,kalabalik
10,Run50_AlphaDengeV1,Patlama yolu,bahcivan,standart,102,HA,34,,,972,243,636,0,0,93,357,279,192,106,38,25370,25370,1,0,0,5960,2476,820,16326,8117,6041,94395,84,9,112.36,2,2.197,1.17,1.615,9,0.367,2,55,8.53,1,1,1.09,1.15,1.18,100,94,71,73,75,0,0,0.6,0.61,0.64,20,81,0.422,0.16,3.596,1464,7,177,0,keskin_bicakx1 bereketli_toprakx1 hizli_bilekx2 kivilcimx1 yikim_gucux3 artci_patlamax1 canavar_kesimix1,111,0,65,83,249,81,159,0,2,2,3,artci_patlama@R23,171,171,0,371,301,0,0,0,0,0,0.222,390.308,14.954,428,0,1235,0,0,8252,0,0,3,25,25,3755,15,0,1.9333,0,36000,0,6,65,65.167,2.315,2.929,2.149,,,2.054,522,0,0,0,0,,0.81,0,0,0,0,0,0,0,0,0,0,0,0,0,0,0,0,0,0,0,0.8,1.341,5.358,0.045,0,kalabalik
10,Run50_AlphaDengeV1,Patlama yolu,bahcivan,standart,102,HA,35,,,999,266,659,0,0,74,388,248,203,117,43,28224,53594,1,0,0,5910,2682,935,21136,8509,6976,100920,86,6,122.89,2,2.197,1.135,1.615,9,0.367,2,57,8.67,1,1.03,1.1,1.14,1.33,100,95,73,64,55,0,0.22,0.67,0.55,2.02,20,81,0.406,0.16,3.498,1505,3,180,0,keskin_bicakx1 bereketli_toprakx1 hizli_bilekx2 kivilcimx1 yikim_gucux3 artci_patlamax1 canavar_kesimix1,104,0,65,85,255,81,166,2,2,2,3,artci_patlama@R23,182,182,0,382,327,0,0,0,0,0,0.457,434.215,15.369,406,0,1387,0,0,35172,0,0,3,25,25,4855,15,0,2,0,39000,0,9,65,65.167,2.046,2.886,1.765,,,1.707,465,0,0,0,0,,0.85,0,0,0,0,0,0,0,0,0,0,0,0,0,0,0,0,0,0,0,0.801,1.332,4.761,0.044,0,kalabalik
10,Run50_AlphaDengeV1,Patlama yolu,bahcivan,standart,102,HA,36,,,1007,229,698,0,0,80,370,293,196,115,33,24596,78190,1,24596,1,6185,2673,830,24841,11182,7681,111285,89,9,129.03,2,2.197,1.101,1.665,9,0.383,2,59,8.59,1,1.03,1.12,1.38,1,98,80,76,49,29,0,0.07,0.52,2.73,0,20,81,0.425,0.21,3.323,1584,4,184,0,keskin_bicakx1 bereketli_toprakx1 hizli_bilekx2 kivilcimx1 yikim_gucux3 artci_patlamax1 canavar_kesimix1,108,0,65,88,264,81,167,7,2,2,3,artci_patlama@R23,165,164,1,464,372,0,0,0,0,0,0.37,378.4,15.492,406,0,1457,0,0,26457,0,0,3,25,25,4855,15,2,2.2,0.1,42000,0,6,65,65.167,2.208,3.294,1.894,,,1.875,531,0,0,0,0,,0.751,0,0,0,0,0,0,0,0,0,0,0,0,0,0,0,0,0,0,0,0.828,1.404,4.649,0.045,0,kalabalik
10,Run50_AlphaDengeV1,Patlama yolu,bahcivan,standart,102,HA,37,,,1076,270,705,0,0,101,428,280,209,122,37,27348,27348,1,0,0,6519,3248,1248,26440,13730,8929,129217,92,9,137.2,2,2.197,1.068,1.665,9,0.383,2,60,8.75,1,1.01,1.08,1.07,1.33,100,95,72,76,65,0,0.05,0.36,0.3,1.78,20,81,0.452,0.222,3.001,1754,4,188,0,keskin_bicakx1 bereketli_toprakx1 hizli_bilekx2 kivilcimx2 yikim_gucux3 artci_patlamax1 canavar_kesimix1,106,0,65,91,273,81,167,16,2,2,3,artci_patlama@R23,204,204,0,388,322,0,0,0,0,0,0.556,420.738,16.554,484,0,1486,0,0,24674,0,0,3,25,25,6155,15,4,2.418,0.17,46000,0,9,65,65.167,2.178,2.724,1.985,,,2.011,545,0,0,0,0,,0.853,0,0,0,0,0,0,0,0,0,0,0,0,0,0,0,0,0,0,0,0.826,1.356,4.423,0.046,0,kalabalik
10,Run50_AlphaDengeV1,Patlama yolu,bahcivan,standart,102,HA,38,,,1172,312,756,0,0,104,422,298,272,148,32,30353,57701,1,0,0,7594,4365,1085,33654,16395,9874,149003,95,9,165.3,2,2.197,0.945,1.665,9,0.4,2,68,8.85,1,1.01,1.15,1.17,1.13,100,98,79,66,80,0,0.09,0.65,0.82,0.7,20,81,0.406,0.185,3.001,1754,3,191,0,keskin_bicakx1 bereketli_toprakx1 hizli_bilekx2 kivilcimx2 yikim_gucux3 artci_patlamax1 canavar_kesimix1,119,0,65,94,282,81,167,25,2,2,3,artci_patlama@R23,236,236,0,400,366,0,0,0,0,0,0.358,466.969,18.031,494,0,1864,0,0,30677,0,0,3,25,25,6155,15,5,2.5007,0.21,51000,0,9,65,65.167,1.895,2.843,1.47,,,1.606,529,0,0,0,0,,0.897,0,0,0,0,0,0,0,0,0,0,0,0,0,0,0,0,0,0,0,0.84,1.426,4.34,0.05,0,kalabalik
10,Run50_AlphaDengeV1,Patlama yolu,bahcivan,standart,102,HA,39,,,1167,340,743,0,0,84,411,303,257,139,57,35313,93014,1,0,0,9319,5068,1558,36373,20693,11432,166491,98,9,193.1,2,2.197,0.907,1.665,9,0.4,2,71,8.13,1,1,1.07,1.21,1.08,100,99,86,74,67,0,0,0.31,0.66,0.21,20,81,0.408,0.16,3.001,1754,4,195,0,keskin_bicakx1 bereketli_toprakx1 hizli_bilekx2 kivilcimx2 yikim_gucux3 artci_patlamax1 canavar_kesimix1,116,0,65,97,291,81,167,34,2,2,3,artci_patlama@R23,242,242,0,433,390,0,0,0,0,0,0.531,543.277,17.954,437,0,2168,0,0,40168,0,0,3,25,25,7555,15,7,2.7307,0.28,55000,0,9,65,65.167,1.842,2.33,1.815,,,1.447,483,0,0,0,0,,0.884,0,0,0,0,0,0,0,0,0,0,0,0,0,0,0,0,0,0,0,0.853,1.415,4.262,0.048,0,kalabalik
10,Run50_AlphaDengeV1,Patlama yolu,bahcivan,standart,102,HA,40,,,1142,261,783,0,0,98,410,301,256,134,41,31320,124334,1,31320,1,9880,6096,2026,45833,24889,13303,157843,101,9,210.55,2,2.197,0.907,1.665,9,0.417,2,71,6,1,1,1.03,1.12,1,100,100,93,67,81,0,0,0.09,0.87,0,20,81,0.472,0.222,2.737,1923,3,198,0,keskin_bicakx1 bereketli_toprakx1 hizli_bilekx2 kivilcimx2 yikim_gucux3 artci_patlamax1 canavar_kesimix1,115,0,65,100,300,81,167,43,2,2,3,artci_patlama@R23,196,196,0,438,413,0,0,0,0,0,0.506,481.846,17.569,468,0,2406,0,0,28011,0,0,3,25,25,7555,15,8,2.8373,0.33,60000,0,9,65,65.167,2.195,2.625,2.031,,,2.109,505,0,0,0,0,,0.926,0,0,0,0,0,0,0,0,0,0,0,0,0,0,0,0,0,0,0,0.824,1.382,5.349,0.046,0,kalabalik
10,Run50_AlphaDengeV1,Patlama yolu,bahcivan,standart,102,HA,41,,,1690,569,984,0,0,137,613,433,346,231,67,52739,52739,1,0,0,15768,8598,3175,54301,33487,16328,249732,105,12,254.98,2,2.197,0.55,1.665,9,0.417,2.111,118,7.94,1,1,1.03,1.13,1.44,100,100,96,79,58,0,0,0.12,0.3,1.79,20,81,0.357,0.148,2.397,2197,4,202,0,keskin_bicakx1 bereketli_toprakx1 hizli_bilekx2 kivilcimx2 yikim_gucux3 artci_patlamax1 canavar_kesimix1 firtina_bilegix1,157,0.002,65,104,312,81,167,52,2,2,3,artci_patlama@R23,411,406,5,459,448,0,0,0,0,0,0.284,811.369,26,673,0,3028,0,0,27743,0,0,3,25,25,9055,15,8,2.926,0.33,67000,0,9,65,65.167,1.115,1.356,1.03,,,0.933,692,0,0,0,0,,0.95,0,0,0,0,0,0,0,0,0,0,0,0,0,0,0,0,0,0,0,1.023,1.908,7.357,0.068,1,kalabalik
10,Run50_AlphaDengeV1,Patlama yolu,bahcivan,standart,102,HA,42,,,2512,724,1614,0,0,174,826,701,571,322,92,68651,121390,1,0,0,27054,15037,5362,80410,48511,19640,403273,111,18,254.98,2,2.197,0.487,1.665,9,0.433,2.111,133,8.41,1,1,1.02,1.01,1.05,100,100,87,78,78,0,0,0.06,0.04,0.09,30,121,0.373,0.174,2.224,3537,3,205,15,keskin_bicakx1 bereketli_toprakx1 hizli_bilekx2 kivilcimx2 yikim_gucux3 artci_patlamax1 canavar_kesimix1 firtina_bilegix1,229,0,65,110,330,81,167,64,2,2,3,artci_patlama@R23,418,418,0,1003,881,0,0,0,0,0,0.331,1056.169,38.646,907,0,3065,0,0,3016,0,0,3,25,25,9055,15,12,3.3,0.5,78000,0,12,65,65.167,1.11,1.384,1.152,,,0.836,1058,0,0,0,0,,0.845,0,0,0,0,0,0,0,0,0,0,0,0,0,0,0,0,0,0,0,1.226,2.197,6.872,0.085,0,kalabalik
10,Run50_AlphaDengeV1,Patlama yolu,bahcivan,standart,102,HA,43,,,2457,693,1610,0,0,154,851,651,542,321,92,68108,189498,1,68108,1,24162,15434,5240,100472,63945,24685,404874,115,12,268.54,2,2.197,0.487,1.665,9,0.433,2.222,133,8.63,1,1.03,1.04,1.13,1.05,100,92,82,73,60,0,0.06,0.15,0.38,0.09,30,121,0.416,0.198,2.065,3809,2,207,0,keskin_bicakx1 bereketli_toprakx1 hizli_bilekx2 kivilcimx2 yikim_gucux3 artci_patlamax1 canavar_kesimix1 firtina_bilegix1,223,0,65,114,342,99,167,64,2,2,3,artci_patlama@R23,428,428,0,1113,852,0,0,0,0,0,0.298,1047.815,37.8,912,0,3386,0,0,83890,0,0,3,30,30,9055,19,12,3.3,0.5,86000,0,18,65,65.167,1.31,1.484,1.33,,,1.147,1187,0,0,0,0,,0.777,0,0,0,0,0,0,0,0,0,0,0,0,0,0,0,0,0,0,0,1.332,2.378,17.711,0.091,0,kalabalik
10,Run50_AlphaDengeV1,Patlama yolu,bahcivan,standart,102,HA,44,,,2776,667,1933,0,0,176,912,773,609,376,106,81369,81369,1,0,0,28047,18289,6450,125799,82234,31135,460907,120,15,268.54,2,2.197,0.487,1.665,9,0.45,2.222,133,8.9,1,1.01,1.04,1.05,1,100,98,81,75,79,0,0.02,0.26,0.18,0,30,121,0.435,0.207,1.721,4570,2,209,0,keskin_bicakx1 bereketli_toprakx2 hizli_bilekx2 kivilcimx2 yikim_gucux3 artci_patlamax1 canavar_kesimix1 firtina_bilegix1,243,0,65,119,357,111,167,64,2,2,3,artci_patlama@R23,467,467,0,1053,907,0,0,0,0,0,0.438,1251.831,42.708,1202,0,3391,0,0,94797,0,0,3,34,34,9055,20,12,3.3,0.5,97000,0,12,65,65.167,1.212,1.327,1.179,,,1.169,1394,0,0,0,0,,0.871,0,0,0,0,0,0,0,0,0,0,0,0,0,0,0,0,0,0,0,1.367,2.617,5.364,0.097,0,kalabalik
10,Run50_AlphaDengeV1,Patlama yolu,bahcivan,standart,102,HA,45,,,2814,651,1954,0,0,209,899,769,643,395,108,104178,185547,1,0,0,30414,18611,6804,156213,100845,37699,476648,125,15,268.54,2,2.197,0.487,1.665,9,0.45,2.333,133,8.89,1,1.02,1.06,1.15,1.09,100,96,83,73,90,0,0.06,0.18,0.38,0.15,30,121,0.458,0.248,1.628,4831,1,210,0,keskin_bicakx1 bereketli_toprakx2 hizli_bilekx2 kivilcimx2 yikim_gucux3 artci_patlamax1 canavar_kesimix1 firtina_bilegix1,250,0,65,124,372,121,172,64,2,2,3,artci_patlama@R23,473,473,0,1119,940,0,0,0,0,0,0.372,1602.738,43.292,1223,0,3545,0,0,65445,0,0,3,36,36,9055,21,12,3.3,0.5,110000,0,15,65,65.167,1.254,1.437,1.266,,,1.109,1462,0,0,0,0,,0.855,0,0,0,0,0,0,0,0,0,0,0,0,0,0,0,0,0,0,0,1.373,2.543,6.003,0.1,0,kalabalik
10,Run50_AlphaDengeV1,Patlama yolu,bahcivan,standart,102,HA,46,,,2201,606,1431,0,0,164,765,593,485,282,76,83682,269229,1,83682,1,22032,15042,4667,175845,115887,42366,350915,128,9,268.54,2,2.197,0.487,1.665,9,0.45,2.333,133,8.36,1,1.03,1.13,1.05,1.11,100,95,76,71,82,0,0.09,0.39,0.22,0.18,30,121,0.373,0.165,1.608,4892,1,211,0,keskin_bicakx1 bereketli_toprakx2 hizli_bilekx2 kivilcimx2 yikim_gucux3 artci_patlamax1 canavar_kesimix1 firtina_bilegix1,200,0,65,127,381,121,187,64,2,2,3,artci_patlama@R23,438,438,0,854,689,0,0,0,0,0,0.256,1287.415,33.862,906,0,3497,0,0,86360,0,0,3,36,36,9055,21,12,3.3,0.5,120000,0,15,65,65.167,1.263,1.484,1.208,,,1.139,1121,0,0,0,0,,0.799,0,0,0,0,0,0,0,0,0,0,0,0,0,0,0,0,0,0,0,1.25,2.309,5.485,0.088,0,kalabalik
10,Run50_AlphaDengeV1,Patlama yolu,bahcivan,standart,102,HA,47,,,3018,699,2095,0,0,224,942,846,666,430,134,118798,118798,1,0,0,33639,21220,7410,209484,137107,49486,519762,132,12,268.54,2,2.197,0.414,1.665,9,0.45,2.444,157,8.58,1,1.04,1.11,1.12,1.3,100,90,76,73,67,0,0.08,0.34,0.24,1.24,30,121,0.448,0.248,1.559,5046,1,212,0,keskin_bicakx1 bereketli_toprakx2 hizli_bilekx3 kivilcimx2 yikim_gucux3 artci_patlamax1 canavar_kesimix1 firtina_bilegix1,268,0,65,131,393,121,196,64,2,2,3,artci_patlama@R23,499,496,3,1333,1060,0,0,0,0,0,0.331,1827.662,46.431,1259,0,3748,0,0,126122,0,0,3,36,36,9055,21,12,3.3,0.5,130000,0,9,65,65.167,1.166,1.498,1.129,,,0.991,1586,0,0,0,0,,0.817,0,0,0,0,0,0,0,0,0,0,0,0,0,0,0,0,0,0,0,1.434,2.663,5.615,0.109,0,kalabalik
10,Run50_AlphaDengeV1,Patlama yolu,bahcivan,standart,102,HA,48,,,2965,724,2044,0,0,197,945,826,672,397,125,114530,233328,1,0,0,33795,19945,7052,243279,157052,56538,507610,136,12,268.54,2,2.197,0.414,1.665,9,0.45,2.444,157,8.73,1,1.05,1.1,1.12,1.08,100,87,75,76,68,0,0.11,0.25,0.32,0.12,30,121,0.449,0.223,1.559,5046,0,212,0,keskin_bicakx1 bereketli_toprakx2 hizli_bilekx3 kivilcimx2 yikim_gucux3 artci_patlamax1 canavar_kesimix1 firtina_bilegix1,263,0,65,135,405,121,208,64,2,2,3,artci_patlama@R23,505,501,4,1473,1064,0,0,0,0,0,0.372,1762,45.615,1177,0,3724,0,0,113732,0,0,3,36,36,9055,21,12,3.3,0.5,140000,0,12,65,65.167,1.188,1.466,1.191,,,0.993,1648,0,0,0,0,,0.7,0,0,0,0,0,0,0,0,0,0,0,0,0,0,0,0,0,0,0,1.469,2.67,4.835,0.109,0,kalabalik
10,Run50_AlphaDengeV1,Patlama yolu,bahcivan,standart,102,HA,49,,,2970,716,2038,0,0,216,941,841,663,407,118,111523,344851,1,0,0,34368,19809,6719,277647,176861,62927,510485,140,12,268.54,2,2.197,0.414,1.665,9,0.45,2.556,157,8.69,1,1.06,1.05,1.11,1.25,100,86,78,74,53,0,0.16,0.28,0.23,0.72,30,121,0.464,0.264,1.519,5179,1,213,0,keskin_bicakx1 bereketli_toprakx2 hizli_bilekx3 kivilcimx2 yikim_gucux3 artci_patlamax1 canavar_kesimix1 firtina_bilegix1,263,0,65,139,417,121,220,64,2,2,3,artci_patlama@R23,493,492,1,1572,1073,0,0,0,0,0,0.438,1715.738,45.692,1181,0,3913,0,0,54217,0,0,3,36,36,9055,21,12,3.3,0.5,150000,0,12,65,65.167,1.161,1.375,1.124,,,1.058,1823,0,0,0,0,,0.631,0,0,0,0,0,0,0,0,0,0,0,0,0,0,0,0,0,0,0,1.505,2.755,5.045,0.111,0,kalabalik
10,Run50_AlphaDengeV1,Patlama yolu,bahcivan,standart,102,HA,50,,,2794,550,2060,0,0,184,864,810,613,373,134,115625,460476,1,115625,1,34340,23136,7080,311987,199997,70007,485776,143,9,268.54,2,2.197,0.397,1.665,9,0.45,2.556,163,6,1,1.07,1.07,1.09,1.09,99,82,75,69,65,0,0.16,0.16,0.42,0.41,30,121,0.542,0.314,1.309,6009,0,213,0,keskin_bicakx1 bereketli_toprakx2 hizli_bilekx3 kivilcimx2 yikim_gucux3 artci_patlamax1 canavar_kesimix1 firtina_bilegix1,261,0,65,142,426,121,224,72,2,2,3,artci_patlama@R23,413,413,0,1692,1138,0,0,0,0,0,0.727,1778.846,42.985,1106,0,3900,0,0,67493,0,0,3,36,36,9055,21,13,3.41,0.55,172500,0,12,65,65.167,1.495,1.81,1.464,,,1.373,1734,0,0,0,0,,0.673,0,0,0,0,0,0,0,0,0,0,0,0,0,0,0,0,0,0,0,1.468,2.554,9.479,0.103,0,kalabalik
10,Run50_AlphaDengeV1,Patlama yolu,bahcivan,standart,102,HA,50,KAZANDI
11,Run50_AlphaDengeV1,Davranış yönü,bahcivan,standart,102,HA,1,,,13,13,0,0,0,0,10,3,0,0,0,19,19,1,0,0,32,0,0,32,0,0,290,1,0,10,1,1,3,0.9,4,0.3,2,13,2.08,1.8,2.67,,,,36,0,,,,2.4,5,,,,2,4,0.346,0,8,23,0,0,2,,4,0.203,45,0,0,0,0,0,0,0,0,,0,0,0,0,0,0,0,0,0,0,1,0.422,0.289,0,0,22,0,0,290,0,0,0,0,0,0,0,0,1,0,390,0,0,45,45.133,4.215,4.215,,,,,0,0,0,0,0,,,0,0,0,0,0,0,0,0,0,0,0,0,0,0,0,0,0,0,0,0.339,0.421,2.137,0.013,0,kalabalik
11,Run50_AlphaDengeV1,Davranış yönü,bahcivan,standart,102,HA,2,,,18,18,0,0,0,0,14,3,1,0,0,33,52,1,0,0,40,4,0,40,4,0,410,2,3,11.33,1,1,3,0.9,4,0.3,2,14,2.36,1.57,2.67,3,,,38,0,0,,,1.93,5,9,,,3,5,0.391,0,8,28,2,2,1,,4,0.11,45,1,3,0,0,0,0,0,0,,0,0,0,0,0,0,0,0,0,0,0.2,0.733,0.4,0,0,26,0,0,310,0,0,0,0,0,0,0,0,1,0,410,0,0,45,45.133,4.88,4.88,,,,,0,0,0,0,0,,,0,0,0,0,0,0,0,0,0,0,0,0,0,0,0,0,0,0,0,0.339,0.431,1.742,0.012,0,kalabalik
11,Run50_AlphaDengeV1,Davranış yönü,bahcivan,standart,102,HA,3,,,18,16,2,0,0,0,15,1,2,0,0,38,90,1,38,1,34,8,0,34,12,0,410,3,3,11.33,1,1,3,0.9,4,0.3,2,14,2.79,1.77,2,3,,,22,,0,,,2.31,12,9,,,4,7,0.494,0.143,8,39,0,2,1,,4,0.052,45,2,6,3,0,0,2,0,3,,0,0,0,0,0,0,0,0,0,0,0.857,0.844,0.4,2,0,24,0,0,310,0,0,3,3,3,0,0,0,1,0,420,0,3,45,45.133,6.659,6.808,5.467,,,,10,0,0,0,0,,0.269,0,0,0,0,0,0,0,0,0,0,0,0,0,0,0,0,0,0,0,0.361,0.479,1.467,0.012,0,kalabalik
11,Run50_AlphaDengeV1,Davranış yönü,bahcivan,standart,102,HA,4,,,27,15,12,0,0,0,22,3,1,1,0,84,84,1,0,0,56,4,2,57,16,2,620,5,6,11.33,1.25,1,3,0.9,4,0.3,2,14,2.86,1.5,2.5,3,,,42,33,,,,2.25,4.5,9,,,5,8,0.413,0.125,7.804,46,2,4,1,keskin_bicakx1,7,0.226,45,4,12,6,0,0,2,0,3,,0,0,0,0,0,0,0,0,0,0,0.375,1.867,0.6,12,0,32,0,0,70,0,0,3,4,4,0,0,0,1,0,470,0,3,45,45.133,6.585,7.133,5.9,,,,17,0,0,0,0,,0.3,0,0,0,0,0,0,0,0,0,0,0,0,0,0,0,0,0,0,0,0.374,0.484,2.003,0.013,0,kalabalik
11,Run50_AlphaDengeV1,Davranış yönü,bahcivan,standart,102,HA,5,,,29,22,7,0,0,0,25,3,1,0,0,52,136,1,0,0,62,4,0,78,20,2,713,6,3,12,1.25,1,2.892,0.9,4,0.3,2,15,3.13,1.53,1.5,2,,,43,0,0,0,,2.59,4.33,8.7,,,6,9,0.457,0.111,7.804,52,3,7,1,keskin_bicakx1,6,0.179,45,5,15,9,3,0,2,0,3,,0,0,0,0,0,0,0,0,0,0,0.556,1.156,0.644,7,0,34,0,0,313,0,0,3,5,5,6,1,0,1.0667,0,490,0,6,45,45.133,5.656,6.232,3.848,,,,16,0,0,0,0,,0.385,0,0,0,0,0,0,0,0,0,0,0,0,0,0,0,0,0,0,0,0.374,0.506,2.003,0.012,0,kalabalik
11,Run50_AlphaDengeV1,Davranış yönü,bahcivan,standart,102,HA,6,,,27,21,6,0,0,0,19,5,2,1,0,93,229,1,93,1,58,8,2,59,28,4,726,8,6,13.33,1.25,1,2.789,0.9,4,0.3,2,18,2.39,1.47,2,2,,,44,0,0,,,1.3,5.59,5.57,,,6,9,0.238,0,7.613,65,6,13,0,keskin_bicakx1,5,0.473,55,7,21,9,6,0,2,0,3,,0,0,0,0,0,0,0,0,0,0,0.111,1.691,0.491,6,0,38,0,0,29,0,0,3,5,5,6,1,0,1.0667,0,560,0,3,55,55.133,5.472,5.263,6.2,,,,12,0,0,0,0,,0.326,0,0,0,0,0,0,0,0,0,0,0,0,0,0,0,0,0,0,0,0.368,0.487,1.708,0.012,0,kalabalik
11,Run50_AlphaDengeV1,Davranış yönü,bahcivan,standart,102,HA,7,,,43,31,11,0,0,1,34,6,2,1,0,122,122,1,0,0,98,8,2,106,36,6,1118,9,3,13.33,1.25,1,2.789,0.9,4,0.3,2,19,3.37,1.36,2,2,,,53,17,0,0,,1.68,8.93,2.8,,,7,11,0.553,0.091,6.3,96,1,14,1,keskin_bicakx1 bereketli_toprakx1,8,0.001,55,8,24,15,6,0,2,0,3,,0,0,0,0,0,0,0,0,0,0,0.636,2.218,0.782,12,0,38,0,0,587,0,0,3,5,5,6,2,0,1.0667,0,600,0,6,55,55.133,6.527,6.862,5.661,,,,34,0,0,0,0,,0.316,0,0,0,0,0,0,0,0,0,0,0,0,0,0,0,0,0,0,0,0.386,0.528,3.478,0.013,0,kalabalik
11,Run50_AlphaDengeV1,Davranış yönü,bahcivan,standart,102,HA,8,,,37,26,9,0,0,2,27,8,1,1,0,105,227,1,0,0,94,4,2,99,10,8,1050,11,6,14,1.25,1,2.789,0.9,4,0.3,2,19,3.37,1.47,1.83,,4,,41,11,0,0,,3.08,4.65,,16.73,,8,13,0.69,0.385,5.743,124,5,19,1,keskin_bicakx1 bereketli_toprakx1,6,0,55,10,30,18,6,0,2,0,3,,0,0,0,0,0,0,0,0,0,0,0.615,1.909,0.673,11,0,40,0,0,397,0,0,3,6,6,14,2,0,1.1333,0,700,0,3,55,55.133,10.237,10.785,8.942,,,,22,0,0,0,0,,0.3,0,0,0,0,0,0,0,0,0,0,0,0,0,0,0,0,0,0,0,0.373,0.504,2.854,0.013,0,kalabalik
11,Run50_AlphaDengeV1,Davranış yönü,bahcivan,standart,102,HA,9,,,42,31,10,0,0,1,32,7,3,0,0,114,341,1,0,0,99,12,0,120,22,8,1161,13,6,14.67,1.25,1,2.689,0.9,4,0.3,2,20,3.65,1.41,2,1.67,,,41,0,33,,,2.32,7.16,7.17,,,9,15,0.687,0.4,5.807,142,3,22,1,keskin_bicakx1 bereketli_toprakx1,7,0,55,12,36,24,6,0,2,0,3,,0,0,0,0,0,0,0,0,0,0,0.8,2.073,0.764,11,0,42,0,0,108,0,0,3,6,6,14,3,0,1.1333,0,810,0,6,55,55.133,13.557,14.639,10.509,,,,24,0,0,0,0,,0.395,0,0,0,0,0,0,0,0,0,0,0,0,0,0,0,0,0,0,0,0.403,0.545,2.994,0.014,0,kalabalik
11,Run50_AlphaDengeV1,Davranış yönü,bahcivan,standart,102,HA,10,,,53,36,16,0,0,1,33,16,4,0,0,222,563,1,222,1,146,16,0,159,38,8,1615,15,6,15.64,1.25,1,2.592,0.9,4,0.3,2,21,3.95,1.56,1.88,1.33,,,28,0,0,,,5.7,7.13,3.46,,,11,18,0.698,0.278,5.899,168,3,25,2,keskin_bicakx1 bereketli_toprakx1,10,0,55,14,42,25,11,0,2,0,3,,0,0,0,0,0,0,0,0,0,0,0.611,4.036,0.964,17,0,44,0,0,33,0,0,3,6,6,24,3,0,1.2,0,950,0,6,55,55.133,13.662,16.19,8.31,,,,38,0,0,0,0,,0.272,0,0,0,0,0,0,0,0,0,0,0,0,0,0,0,0,0,0,0,0.425,0.573,2.928,0.015,0,kalabalik
11,Run50_AlphaDengeV1,Davranış yönü,bahcivan,standart,102,HA,11,,,76,54,18,1,0,3,47,22,7,0,0,329,329,1,0,0,251,28,0,282,66,8,2406,17,6,16.36,1.25,1,2.125,0.9,4,0.3,2,30,3.97,1.28,2,3,,,45,11,0,0,,2.71,7.68,19.11,,,12,21,0.649,0.381,5.764,237,4,29,1,keskin_bicakx1 bereketli_toprakx1 hizli_bilekx1,13,0,65,16,48,25,17,0,2,0,3,,0,0,0,0,0,0,0,0,0,0,0.667,5.062,1.169,22,0,51,0,0,489,0,0,3,6,6,24,3,0,1.2,0,1100,0,6,65,65.167,10.929,11.938,8.45,,,,59,0,0,0,0,,0.291,0,0,0,0,0,0,0,0,0,0,0,0,0,0,0,0,0,0,0,0.446,0.619,3.464,0.016,0,kalabalik
11,Run50_AlphaDengeV1,Davranış yönü,bahcivan,standart,102,HA,12,,,85,61,24,0,0,0,61,18,5,1,0,318,647,1,0,0,273,20,2,274,21,10,2912,19,6,18.13,1.25,1,2.048,0.9,4,0.3,2,31,3.97,1.44,1.5,1.6,3,,43,33,0,0,,3.32,6.55,9.01,28.67,,14,25,0.697,0.44,5.615,289,9,38,2,keskin_bicakx1 bereketli_toprakx1 hizli_bilekx1,14,0,65,18,54,25,23,0,2,0,3,,0,0,0,0,0,0,0,0,0,0,0.72,4.892,1.308,24,0,54,0,0,1101,0,0,3,6,6,36,3,0,1.2667,0,1300,0,6,65,65.167,11.908,14.277,5.889,,,,75,0,0,0,0,,0.312,0,0,0,0,0,0,0,0,0,0,0,0,0,0,0,0,0,0,0,0.495,0.676,7.9,0.02,0,kalabalik
11,Run50_AlphaDengeV1,Davranış yönü,bahcivan,standart,102,HA,13,,,76,65,7,2,0,2,48,20,6,2,0,320,967,1,320,1,264,24,4,277,45,14,3119,22,9,20.27,1.25,1,1.904,0.935,4,0.3,2,34,3.71,1.39,1.93,1.5,2.5,,46,6,0,0,,2.9,6.6,5.24,23.8,,14,25,0.547,0.28,5.477,297,11,49,0,keskin_bicakx1 bereketli_toprakx1 hizli_bilekx1,13,0,65,21,63,25,29,0,2,0,3,,0,0,0,0,0,0,0,0,0,0,0.4,4.923,1.169,11,0,61,0,0,20,0,0,3,6,6,66,3,0,1.4,0,1700,0,6,65,65.167,13.6,13.711,12.945,,,,40,0,0,0,0,,0.234,0,0,0,0,0,0,0,0,0,0,0,0,0,0,0,0,0,0,0,0.526,0.672,3.621,0.016,0,kalabalik
11,Run50_AlphaDengeV1,Davranış yönü,bahcivan,standart,102,HA,14,,,97,64,24,1,0,8,64,22,8,2,1,504,504,1,0,0,324,40,12,337,55,26,4062,24,6,23.08,1.25,1,1.836,0.97,4,0.3,2,35,3.97,1.38,1.53,2.4,2.5,,41,20,0,0,0,1.79,4,12.85,9.18,,14,25,0.677,0.28,5.343,304,8,57,0,keskin_bicakx1 bereketli_toprakx1 hizli_bilekx1 kivilcimx1,14,0,65,23,69,25,38,0,2,0,3,,0,0,0,0,0,0,0,0,0,0,0.84,7.754,1.492,33,0,72,0,0,582,0,0,3,6,6,84,3,0,1.4667,0,1900,0,9,65,65.167,10.771,12.327,7.755,,,,69,0,0,0,0,,0.261,0,0,0,0,0,0,0,0,0,0,0,0,0,0,0,0,0,0,0,0.471,0.662,4.541,0.018,0,kalabalik
11,Run50_AlphaDengeV1,Davranış yönü,bahcivan,standart,102,HA,15,,,152,100,31,2,2,17,90,39,18,3,2,946,1450,1,0,0,549,90,14,555,120,40,7230,27,9,24.3,1.25,1,1.836,1.005,6,0.3,2,35,5.89,1.29,1.59,2.33,3,2,57,35,0,0,0,1.96,4.83,9.33,7.33,9.18,16,32,0.646,0.375,5.129,406,7,64,4,keskin_bicakx1 bereketli_toprakx1 hizli_bilekx1 kivilcimx1,20,0,65,26,78,31,38,0,2,0,3,,0,0,0,0,0,0,0,0,0,0,0.5,14.554,2.338,52,0,76,0,0,1612,0,0,3,7,7,125,3,0,1.6,0,2400,0,6,65,65.167,8.933,9.425,7.985,,,,162,0,0,0,0,,0.288,0,0,0,0,0,0,0,0,0,0,0,0,0,0,0,0,0,0,0,0.473,0.668,3.918,0.022,0,kalabalik
11,Run50_AlphaDengeV1,Davranış yönü,bahcivan,standart,102,HA,16,,,137,88,18,5,3,23,74,37,17,6,3,3422,4872,1,3422,1,489,125,12,634,160,32,7663,30,9,24.3,1.25,1,1.836,1.005,6,0.3,2,35,5.97,1.49,1.93,1.89,1.4,3.33,39,19,0,0,0,3.71,6.1,4.28,5.14,10.4,19,49,0.769,0.184,5.036,632,2,66,11,keskin_bicakx1 bereketli_toprakx1 hizli_bilekx1 kivilcimx1,20,0,65,29,87,40,38,0,2,0,3,,0,0,0,0,0,0,0,0,0,0,0.755,52.646,2.108,49,0,81,0,0,1475,0,0,3,8,8,125,4,0,1.6,0,3000,0,9,65,65.167,12.626,13.414,11.21,,,,210,0,0,0,0,,0.272,0,0,0,0,0,0,0,0,0,0,0,0,0,0,0,0,0,0,0,0.523,0.752,3.459,0.023,0,kalabalik
11,Run50_AlphaDengeV1,Davranış yönü,bahcivan,standart,102,HA,17,,,185,98,26,21,18,22,74,62,29,17,3,4600,4600,1,0,0,639,185,34,718,320,66,11128,33,9,28.62,1.25,1,1.836,1.04,6,0.3,2,35,6,1.13,1.4,1.38,1.88,2.5,57,28,0,0,0,0.49,2.62,5.28,8.26,13.77,17,49,0.73,0.551,4.988,639,5,71,1,keskin_bicakx1 bereketli_toprakx1 hizli_bilekx1 kivilcimx2,23,0,65,32,96,49,38,0,2,0,3,,0,0,0,0,0,0,0,0,0,0,0.796,70.769,2.846,87,0,93,0,0,3003,0,0,3,10,10,125,4,0,1.6,0,3600,0,9,65,65.167,12.593,14.295,10.676,,,,328,0,0,0,0,,0.187,0,0,0,0,0,0,0,0,0,0,0,0,0,0,0,0,0,0,0,0.594,0.794,3.883,0.026,0,kalabalik
11,Run50_AlphaDengeV1,Davranış yönü,bahcivan,standart,102,HA,18,,,212,102,36,31,7,36,90,61,44,9,8,7282,11882,1,0,0,771,310,48,779,385,114,12528,36,9,34.76,1.25,1,1.778,1.11,6,0.3,2,36,6,1.23,1.27,1.52,2,2.25,40,39,16,13,0,1.47,2.07,3.56,6.05,9.78,17,49,0.709,0.429,4.818,661,10,81,0,keskin_bicakx1 bereketli_toprakx1 hizli_bilekx1 kivilcimx2,28,0,65,35,105,49,47,0,2,0,3,,0,0,0,0,0,0,0,0,0,0,0.755,112.031,3.262,110,0,121,0,0,3931,0,0,3,10,10,125,4,0,1.6,0,4400,0,9,65,65.167,11.263,11.923,10.652,,,,310,0,0,0,0,,0.216,0,0,0,0,0,0,0,0,0,0,0,0,0,0,0,0,0,0,0,0.707,1.129,4.246,0.027,0,kalabalik
11,Run50_AlphaDengeV1,Davranış yönü,bahcivan,standart,102,HA,19,,,226,117,44,17,9,39,114,44,49,13,6,8297,20179,1,0,0,651,386,36,705,466,50,13170,39,9,39.82,1.25,1,1.722,1.11,6,0.3,2,37,6,1.2,1.23,1.58,1.5,1.33,56,58,21,0,0,1.14,1.32,3.23,6.25,1.72,17,57,0.721,0.456,4.818,769,6,87,3,keskin_bicakx1 bereketli_toprakx1 hizli_bilekx1 kivilcimx2,27,0,65,38,114,49,56,0,2,0,3,,0,0,0,0,0,0,0,0,0,0,0.667,127.646,3.477,109,0,145,0,0,3001,0,0,3,10,10,125,4,0,1.6,0,5300,0,9,65,65.167,11.629,13.209,9.934,,,,304,0,0,0,0,,0.268,0,0,0,0,0,0,0,0,0,0,0,0,0,0,0,0,0,0,0,0.654,0.903,4.179,0.028,0,kalabalik
11,Run50_AlphaDengeV1,Davranış yönü,bahcivan,standart,102,HA,20,,,181,103,19,28,9,22,69,57,34,18,3,4814,24993,1,4814,1,597,288,54,597,451,84,10434,41,6,39.82,1.25,1,1.668,1.145,6,0.3,2,38,6,1.27,1.58,1.77,1.91,1.5,53,19,7,0,0,1.62,3.82,7.35,4.7,5.83,19,65,0.682,0.523,4.639,911,6,93,3,keskin_bicakx1 bereketli_toprakx1 hizli_bilekx1 kivilcimx2,26,0,65,40,120,58,56,0,2,0,3,,0,0,0,0,0,0,0,0,0,0,0.692,74.062,2.785,78,0,139,0,0,2535,0,0,3,11,11,125,4,0,1.6,0,5900,0,9,65,65.167,13.828,13.092,14.799,,,,254,0,0,0,0,,0.165,0,0,0,0,0,0,0,0,0,0,0,0,0,0,0,0,0,0,0,0.577,0.774,4.134,0.028,0,kalabalik
11,Run50_AlphaDengeV1,Davranış yönü,bahcivan,standart,102,HA,21,,,234,111,33,30,21,39,106,63,38,21,6,8409,8409,1,0,0,783,293,116,825,456,140,12965,43,6,39.82,1.25,1,1.668,1.18,6,0.3,2,38,6,1.26,1.35,1.63,1.63,2,37,42,9,0,0,1.01,2.04,2.98,5,41.7,22,81,0.796,0.494,4.678,1125,4,97,7,keskin_bicakx1 bereketli_toprakx1 hizli_bilekx1 kivilcimx3,38,0,65,42,126,64,56,0,2,0,3,,0,0,0,0,0,0,0,0,0,0,0.79,129.369,3.6,123,0,136,0,0,3300,0,0,3,12,12,125,5,0,1.6,0,6600,0,6,65,65.167,12.359,9.702,14.756,,,,424,0,0,0,0,,0.222,0,0,0,0,0,0,0,0,0,0,0,0,0,0,0,0,0,0,0,0.646,0.886,3.902,0.032,0,kalabalik
11,Run50_AlphaDengeV1,Davranış yönü,bahcivan,standart,102,HA,22,,,280,113,61,40,22,44,113,70,60,30,7,9260,17669,1,0,0,1099,455,132,1154,526,212,16728,45,6,43.38,1.25,1,1.616,1.23,6,0.3,2,40,6,1.15,1.33,1.5,1.88,1.5,48,38,18,8,0,0.86,1.08,2.34,8.47,3.23,19,81,0.778,0.617,4.487,1173,6,103,3,keskin_bicakx1 bereketli_toprakx1 hizli_bilekx1 kivilcimx3,34,0,65,44,132,70,56,0,2,0,3,,0,0,0,0,0,0,0,0,0,0,0.728,142.462,4.308,167,0,148,0,0,6428,0,0,3,14,14,125,5,0,1.6,0,7400,0,6,65,65.167,12.055,10.114,13.369,,,,556,0,0,0,0,,0.211,0,0,0,0,0,0,0,0,0,0,0,0,0,0,0,0,0,0,0,0.759,1.107,5.73,0.038,0,kalabalik
11,Run50_AlphaDengeV1,Davranış yönü,bahcivan,standart,102,HA,23,,,173,72,25,28,8,40,71,45,30,22,5,7819,25488,1,7819,1,758,276,111,822,802,323,10538,47,6,46.93,1.25,1,1.616,1.265,6,0.3,2,40,4,1.15,1.32,1.85,1.56,1,32,18,0,0,0,0.48,1.61,3.61,2.51,0,19,81,0.861,0.728,4.409,1194,5,108,0,keskin_bicakx1 bereketli_toprakx1 hizli_bilekx1 kivilcimx3,25,0,65,46,138,76,56,0,2,0,3,,0,0,0,0,0,0,0,0,0,0,0.815,120.292,2.662,101,0,157,0,0,1766,0,0,3,15,15,125,6,0,1.6,0,8200,0,6,65,65.167,16.576,12.086,19.776,,,,401,0,0,0,0,,0.191,0,0,0,0,0,0,0,0,0,0,0,0,0,0,0,0,0,0,0,0.734,1.017,4.686,0.03,0,kalabalik
11,Run50_AlphaDengeV1,Davranış yönü,bahcivan,standart,102,HA,24,,,344,105,119,41,36,43,131,101,55,47,10,12487,12487,1,0,0,1318,628,222,1570,790,545,20825,49,6,49.54,1.25,1,1.565,1.315,6,0.3,2,41,6,1.15,1.25,1.44,1.27,1.67,29,32,13,6,0,0.44,1.76,2.55,1.88,4.18,19,81,0.754,0.58,4.264,1235,4,112,0,keskin_bicakx1 bereketli_toprakx1 hizli_bilekx1 kivilcimx3 artci_patlamax1,45,0,65,48,144,81,57,0,2,0,3,artci_patlama@R23,32,32,0,229,81,0,0,0,0,0,0.691,192.108,5.292,158,0,168,0,0,5791,0,0,3,17,17,125,6,0,1.6,0,9000,0,6,65,65.167,14.694,15.657,15.329,,,12.205,516,0,0,0,0,,0.209,0,0,0,0,0,0,0,0,0,0,0,0,0,0,0,0,0,0,0,0.805,1.258,19.662,0.036,0,kalabalik
11,Run50_AlphaDengeV1,Davranış yönü,bahcivan,standart,102,HA,25,,,367,122,140,30,24,51,143,104,77,29,14,10173,22660,1,0,0,1832,878,187,1862,948,682,22800,52,9,56.1,1.25,1,1.516,1.315,6,0.3,2,42,6,1.14,1.16,1.37,1.3,1.25,56,38,27,0,0,0.79,1.02,2.08,1.66,0.38,19,81,0.733,0.543,4.264,1235,6,118,0,keskin_bicakx1 bereketli_toprakx1 hizli_bilekx1 kivilcimx3 artci_patlamax1,48,0,65,51,153,81,63,0,2,0,3,artci_patlama@R23,35,35,0,223,90,0,0,0,0,0,0.778,156.508,5.646,155,0,195,0,0,91,0,0,3,17,17,575,6,0,1.6667,0,10000,0,6,65,65.167,12.257,11.14,12.74,,,12.939,572,0,0,0,0,,0.211,0,0,0,0,0,0,0,0,0,0,0,0,0,0,0,0,0,0,0,0.839,1.319,4.376,0.038,0,kalabalik
11,Run50_AlphaDengeV1,Davranış yönü,bahcivan,standart,102,HA,26,,,297,109,108,27,21,32,113,93,61,19,11,14903,37563,1,14903,1,1512,696,150,1659,1194,832,20075,53,3,60.05,1.25,1,1.516,1.365,6,0.3,2,42,5.98,1.23,1.24,1.43,1.63,,38,38,6,0,0,1.14,0.76,3.95,6.45,,19,81,0.592,0.284,4.264,1235,7,125,0,keskin_bicakx1 bereketli_toprakx1 hizli_bilekx1 kivilcimx3 artci_patlamax1,48,0,65,52,156,81,72,0,2,0,3,artci_patlama@R23,28,28,0,145,73,0,0,0,0,0,0.63,229.277,4.569,115,0,207,0,0,10166,0,0,3,17,17,1165,6,0,1.7333,0,11000,0,9,65,65.167,13.663,19.197,10.162,,,10.917,381,0,0,0,0,,0.219,0,0,0,0,0,0,0,0,0,0,0,0,0,0,0,0,0,0,0,0.69,1.098,5.509,0.034,0,kalabalik
11,Run50_AlphaDengeV1,Davranış yönü,bahcivan,standart,102,HA,27,,,474,175,186,44,29,40,181,122,109,51,11,15468,15468,1,0,0,2152,1032,296,2211,1046,1128,32179,56,9,65.98,1.25,1,1.516,1.802,9,0.3,2,42,8.98,1.06,1.08,1.28,1.65,1.5,61,48,23,8,14,0.75,0.61,2.02,5.8,3.03,19,81,0.656,0.395,4.15,1269,4,129,0,keskin_bicakx1 bereketli_toprakx1 hizli_bilekx1 kivilcimx3 artci_patlamax1 genis_savurusx1,56,0,65,55,165,81,75,0,2,0,3,artci_patlama@R23,46,46,0,261,111,0,0,0,0,0,0.765,237.969,7.292,188,0,238,0,0,7345,0,0,3,17,17,1165,6,0,1.7333,0,13000,0,3,65,65.167,8.693,12.806,6.905,,,5.238,655,0,0,0,0,,0.191,0,0,0,0,0,0,0,0,0,0,0,0,0,0,0,0,0,0,0,0.801,1.312,4.987,0.043,0,kalabalik
11,Run50_AlphaDengeV1,Davranış yönü,bahcivan,standart,102,HA,28,,,512,163,201,65,24,59,207,130,103,51,21,20326,35794,1,0,0,2846,1113,344,2857,1169,1407,35969,59,9,69.27,1.25,1,1.468,1.868,9,0.3,2,44,8.95,1.1,1.2,1.32,1.5,2,49,46,24,11,0,0.36,0.92,2.57,2.84,5.38,19,81,0.636,0.321,4.15,1269,7,136,0,keskin_bicakx1 bereketli_toprakx1 hizli_bilekx1 kivilcimx3 artci_patlamax1 genis_savurusx1,61,0,65,58,174,81,84,0,2,0,3,artci_patlama@R23,54,54,0,262,126,0,0,0,0,0,0.469,312.708,7.877,223,0,257,0,0,3314,0,0,3,17,17,1895,6,0,1.8,0,14000,0,9,65,65.167,6.724,8.857,6.154,,,4.972,723,0,0,0,0,,0.215,0,0,0,0,0,0,0,0,0,0,0,0,0,0,0,0,0,0,0,0.81,1.283,5.549,0.045,0,kalabalik
11,Run50_AlphaDengeV1,Davranış yönü,bahcivan,standart,102,HA,29,,,513,174,177,66,33,63,188,144,110,56,15,18643,54437,1,0,0,2608,1263,348,2855,1562,1755,36536,61,6,79.64,1.25,1,1.468,1.868,9,0.317,2,44,8.93,1.07,1.17,1.27,1.5,1.33,63,48,26,7,25,0.16,0.86,1.56,3.74,1.47,19,81,0.627,0.321,4.04,1303,6,142,0,keskin_bicakx1 bereketli_toprakx1 hizli_bilekx1 kivilcimx3 artci_patlamax1 genis_savurusx1,64,0,65,60,180,81,93,0,2,0,3,artci_patlama@R23,40,40,0,230,115,0,0,0,0,0,0.58,286.815,7.892,224,0,306,0,0,10850,0,0,3,17,17,1895,6,0,1.8,0,16000,0,9,65,65.167,6.36,7.326,6.556,,,4.502,712,0,0,0,0,,0.271,0,0,0,0,0,0,0,0,0,0,0,0,0,0,0,0,0,0,0,0.814,1.309,4.614,0.044,0,kalabalik
11,Run50_AlphaDengeV1,Davranış yönü,bahcivan,standart,102,HA,30,,,473,158,199,46,27,43,197,125,79,52,20,19638,74075,1,19638,1,3027,1019,376,3202,1371,2051,34662,63,6,83.44,1.25,1,1.422,1.934,9,0.317,2,45,8.96,1.09,1.26,1.41,1.58,2.1,62,32,13,7,0,0.4,1.31,2.91,5.57,11.81,19,81,0.65,0.358,4.04,1303,8,150,0,keskin_bicakx1 bereketli_toprakx1 hizli_bilekx1 kivilcimx3 artci_patlamax1 genis_savurusx1,61,0,65,62,186,81,99,0,2,0,3,artci_patlama@R23,52,52,0,329,126,0,0,0,0,0,0.728,302.123,7.277,189,0,302,0,0,13512,0,0,3,17,17,2755,6,0,1.8667,0,17000,0,6,65,65.167,6.8,9.098,6.378,,,4.552,747,0,0,0,0,,0.182,0,0,0,0,0,0,0,0,0,0,0,0,0,0,0,0,0,0,0,0.823,1.324,4.282,0.044,0,kalabalik
11,Run50_AlphaDengeV1,Davranış yönü,bahcivan,standart,102,HA,31,,,599,178,197,59,24,141,237,176,101,66,19,23267,23267,1,0,0,3629,1130,428,3816,1491,2479,42250,66,9,89.96,1.25,1,1.422,1.934,9,0.333,2,45,8.78,1.04,1.11,1.22,1.45,1.33,67,49,14,8,0,0.1,0.56,1.16,2.7,3.08,19,81,0.596,0.37,3.913,1345,5,155,0,keskin_bicakx1 bereketli_toprakx1 hizli_bilekx1 kivilcimx3 artci_patlamax1 genis_savurusx1 cifte_akimx1,65,0,65,65,195,81,105,0,2,0,3,artci_patlama@R23 cifte_akim@R30,106,106,0,372,186,0,0,0,0,0,0.741,357.954,9.215,235,0,335,0,0,2762,0,0,3,17,17,2755,6,0,1.8667,0,19000,0,6,65,65.167,5.523,6.175,5.31,,,5.166,713,0,0,0,0,,0.308,0,0,0,0,0,0,0,0,0,0,0,0,0,0,0,0,0,0,0,0.846,1.332,5.127,0.046,0,kalabalik
11,Run50_AlphaDengeV1,Davranış yönü,bahcivan,standart,102,HA,32,,,700,235,228,47,25,165,249,188,143,93,27,35371,58638,1,0,0,4264,1698,800,4370,1869,3184,53428,68,6,94.04,1.25,1,1.377,2.066,12,0.35,2,47,10.96,1.06,1.11,1.35,1.65,1,72,52,27,14,29,0.32,0.52,1.79,3.97,0,19,81,0.544,0.247,3.859,1364,10,165,0,keskin_bicakx1 bereketli_toprakx1 hizli_bilekx1 kivilcimx3 artci_patlamax1 genis_savurusx1 cifte_akimx1,73,0,65,67,201,81,114,0,2,0,3,artci_patlama@R23 cifte_akim@R30,152,152,0,519,233,0,0,0,0,0,0.284,544.169,10.769,232,0,359,0,0,17190,0,0,3,17,17,3755,6,0,1.9333,0,21000,0,9,65,65.167,4.466,5.61,4.318,,,3.456,836,0,0,0,0,,0.194,0,0,0,0,0,0,0,0,0,0,0,0,0,0,0,0,0,0,0,0.895,1.415,5.009,0.054,0,kalabalik
11,Run50_AlphaDengeV1,Davranış yönü,bahcivan,standart,102,HA,33,,,583,232,186,57,25,83,235,167,103,62,16,22755,81393,1,22755,1,3570,1342,395,3920,1441,3579,41199,70,6,100.86,1.25,1,1.377,2.066,12,0.35,2,47,10.23,1.03,1.13,1.24,1.72,2.29,66,54,31,15,0,0.17,0.78,0.88,3.6,5.31,19,81,0.426,0.222,3.655,1441,6,171,0,keskin_bicakx1 bereketli_toprakx1 hizli_bilekx1 kivilcimx3 artci_patlamax1 genis_savurusx1 cifte_akimx1,63,0,65,69,207,81,120,0,2,0,3,artci_patlama@R23 cifte_akim@R30,129,129,0,316,163,0,0,4,0,0,0.432,350.077,8.969,188,0,386,0,0,15389,0,0,3,17,17,3755,6,0,1.9333,0,22000,0,6,65,65.167,3.579,3.831,3.793,,,2.973,698,0,0,0,0,,0.188,0,0,0,0,0,0,0,0,0,0,0,0,0,0,0,0,0,0,0,0.872,1.358,4.481,0.052,0,kalabalik
11,Run50_AlphaDengeV1,Davranış yönü,bahcivan,standart,102,HA,34,,,821,279,258,64,46,174,312,238,148,87,36,42174,42174,1,0,0,5295,2218,710,5465,2259,4179,62947,73,9,105.24,1.25,1,1.17,2.132,12,0.367,2,55,10.85,1.06,1.11,1.19,1.5,1.6,63,59,34,16,0,0.27,0.54,0.74,2.87,3.98,19,81,0.493,0.284,3.633,1449,7,178,0,keskin_bicakx1 bereketli_toprakx1 hizli_bilekx2 kivilcimx3 artci_patlamax1 genis_savurusx1 cifte_akimx1,94,0,65,72,216,81,126,0,2,0,3,artci_patlama@R23 cifte_akim@R30,171,171,0,584,256,0,0,2,0,0,0.407,648.831,12.631,286,0,391,0,0,9336,0,0,3,17,17,4855,6,0,2,0,25000,0,6,65,65.167,3.221,3.624,3.441,,,2.536,1006,0,0,0,0,,0.204,0,0,0,0,0,0,0,0,0,0,0,0,0,0,0,0,0,0,0,0.967,1.552,5.412,0.061,0,kalabalik
11,Run50_AlphaDengeV1,Davranış yönü,bahcivan,standart,102,HA,35,,,798,295,232,53,39,179,312,202,164,98,22,35361,77535,1,0,0,4795,1894,785,6260,1913,4964,63256,75,6,117.04,1.25,1,1.17,2.132,12,0.367,2,55,10.78,1.1,1.2,1.17,1.48,1.25,72,49,35,15,20,0.3,0.74,1.11,2.06,1.76,19,81,0.492,0.259,3.633,1449,4,182,0,keskin_bicakx1 bereketli_toprakx1 hizli_bilekx2 kivilcimx3 artci_patlamax1 genis_savurusx1 cifte_akimx1,99,0,65,74,222,81,135,0,2,0,3,artci_patlama@R23 cifte_akim@R30,175,175,0,514,236,0,0,2,0,0,0.432,544.015,12.277,267,0,447,0,0,21592,0,0,3,17,17,6155,6,0,2.0667,0,27000,0,9,65,65.167,3.257,3.955,3.009,,,2.664,967,0,0,0,0,,0.279,0,0,0,0,0,0,0,0,0,0,0,0,0,0,0,0,0,0,0,0.961,1.567,4.596,0.06,0,kalabalik
11,Run50_AlphaDengeV1,Davranış yönü,bahcivan,standart,102,HA,36,,,762,265,232,46,44,175,279,226,162,78,17,31402,108937,1,31402,1,4495,2253,623,8275,3476,5462,60655,77,6,117.04,1.25,1,1.17,2.198,12,0.383,2,55,11.29,1.21,1.3,1.51,1.57,1.75,56,41,20,9,8,0.69,1.2,2.39,2.97,4.69,19,81,0.561,0.284,3.466,1519,5,187,0,keskin_bicakx1 bereketli_toprakx1 hizli_bilekx2 kivilcimx3 artci_patlamax1 genis_savurusx1 cifte_akimx1,89,0,65,76,228,81,141,0,2,0,3,artci_patlama@R23 cifte_akim@R30,176,176,0,646,259,0,0,0,0,0,0.543,483.108,11.723,238,0,450,0,0,27247,0,0,3,17,17,6155,6,0,2.0667,0,29000,0,6,65,65.167,3.753,4.529,3.708,,,2.997,1070,0,0,0,0,,0.17,0,0,0,0,0,0,0,0,0,0,0,0,0,0,0,0,0,0,0,0.97,1.605,5.494,0.058,0,kalabalik
11,Run50_AlphaDengeV1,Davranış yönü,bahcivan,standart,102,HA,37,,,978,377,278,72,72,179,340,271,203,123,41,48896,48896,1,0,0,5895,3068,1026,9150,5844,6488,80195,80,9,124.44,1.25,1,0.819,2.198,12,0.383,2,79,10.11,1.1,1.19,1.38,1.72,1.73,64,53,22,15,7,0.28,0.53,1.59,2.93,2.57,19,81,0.496,0.247,3.38,1558,4,191,0,keskin_bicakx1 bereketli_toprakx1 hizli_bilekx2 kivilcimx3 artci_patlamax1 genis_savurusx1 cifte_akimx1 firtina_bilegix1,97,0,65,79,237,81,147,0,2,0,3,artci_patlama@R23 cifte_akim@R30,238,238,0,564,259,0,0,8,0,0,0.444,752.246,15.046,342,0,477,0,0,17442,0,0,3,17,17,7555,6,0,2.1333,0,32000,0,6,65,65.167,2.761,3.532,2.411,,,2.097,1272,0,0,0,0,,0.206,0,0,0,0,0,0,0,0,0,0,0,0,0,0,0,0,0,0,0,1.082,1.68,5.138,0.069,0,kalabalik
11,Run50_AlphaDengeV1,Davranış yönü,bahcivan,standart,102,HA,38,,,1027,381,262,69,82,233,359,296,210,125,37,43834,92730,1,0,0,6100,3142,1192,14870,7286,7540,82071,83,9,129.42,1.25,1,0.819,2.198,12,0.4,2,79,10.46,1.11,1.18,1.3,1.7,1.9,60,45,21,18,22,0.26,0.28,0.81,1.78,1.39,19,81,0.51,0.21,3.293,1599,3,194,0,keskin_bicakx1 bereketli_toprakx1 hizli_bilekx2 kivilcimx3 artci_patlamax1 genis_savurusx1 cifte_akimx1 firtina_bilegix1,100,0,65,82,246,81,156,0,2,0,3,artci_patlama@R23 cifte_akim@R30,281,281,0,674,287,0,0,4,0,0,0.407,674.369,15.8,359,0,488,0,0,513,0,0,3,17,17,7555,6,0,2.1333,0,35000,0,9,65,65.167,2.595,2.553,3.014,,,2.123,1372,0,0,0,0,,0.191,0,0,0,0,0,0,0,0,0,0,0,0,0,0,0,0,0,0,0,1.107,1.753,4.495,0.071,0,kalabalik
11,Run50_AlphaDengeV1,Davranış yönü,bahcivan,standart,102,HA,39,,,1041,365,280,56,77,263,364,299,207,129,42,47272,140002,1,0,0,6185,3483,1056,14355,9999,8596,87458,85,6,137.13,1.25,1,0.819,2.198,12,0.4,2,79,10.42,1.09,1.23,1.42,1.67,1.69,64,43,18,16,7,0.24,0.7,1.12,1.82,1.58,19,81,0.501,0.296,3.285,1603,4,198,0,keskin_bicakx1 bereketli_toprakx1 hizli_bilekx2 kivilcimx3 artci_patlamax1 genis_savurusx1 cifte_akimx1 firtina_bilegix1,101,0,65,84,252,81,165,0,2,0,3,artci_patlama@R23 cifte_akim@R30,265,265,0,749,335,0,0,0,0,0,0.481,727.262,16.015,341,0,506,0,0,16971,0,0,3,17,17,9055,6,0,2.2,0,38000,0,9,65,65.167,2.479,3.121,2.19,,,2.069,1395,0,0,0,0,,0.2,0,0,0,0,0,0,0,0,0,0,0,0,0,0,0,0,0,0,0,1.117,1.848,4.539,0.073,0,kalabalik
11,Run50_AlphaDengeV1,Davranış yönü,bahcivan,standart,102,HA,40,,,912,314,241,70,90,197,303,248,203,114,44,41603,181605,1,41603,1,5830,3479,1102,19765,11578,9543,79841,87,6,149.52,1.25,1,0.819,2.198,12,0.417,2,79,8.68,1.11,1.18,1.45,1.33,1.85,56,49,21,17,0,0.37,0.53,1.82,1.96,2.52,19,81,0.573,0.321,3.063,1719,3,201,0,keskin_bicakx1 bereketli_toprakx1 hizli_bilekx2 kivilcimx3 artci_patlamax1 genis_savurusx1 cifte_akimx1 firtina_bilegix1,100,0,65,86,258,81,168,3,2,0,3,artci_patlama@R23 cifte_akim@R30,211,211,0,632,256,0,0,2,0,0,0.556,640.046,14.031,342,0,576,0,0,19812,0,0,3,17,17,9055,6,0,2.2,0,40000,0,6,65,65.167,3.375,3.856,3.338,,,2.828,1205,0,0,0,0,,0.193,0,0,0,0,0,0,0,0,0,0,0,0,0,0,0,0,0,0,0,1.039,1.65,5.386,0.061,0,kalabalik
11,Run50_AlphaDengeV1,Davranış yönü,bahcivan,standart,102,HA,41,,,1318,606,276,62,93,281,439,359,287,195,38,52621,52621,1,0,0,7345,4599,1668,21310,16177,11061,113460,90,9,177.64,2,1,0.819,2.198,12,0.417,2.111,79,10.66,1,1.01,1.06,1.14,1.18,100,86,56,53,38,0,0.01,0.08,0.46,0.14,19,81,0.441,0.111,2.942,1790,3,204,0,keskin_bicakx1 bereketli_toprakx1 hizli_bilekx2 kivilcimx3 artci_patlamax1 genis_savurusx1 cifte_akimx1 firtina_bilegix1 canavar_kesimix1,122,0.005,65,89,267,81,169,8,2,0,3,artci_patlama@R23 cifte_akim@R30,412,412,0,645,291,0,0,58,0,0,0.383,809.554,20.277,421,0,1155,0,0,10272,0,0,3,17,17,9055,6,0,2.2,0,44000,0,6,65,65.167,1.768,1.807,1.677,,,1.82,1693,0,0,0,0,,0.295,0,0,0,0,0,0,0,0,0,0,0,0,0,0,0,0,0,0,0,1.236,2.027,9.655,0.083,1,kalabalik
11,Run50_AlphaDengeV1,Davranış yönü,bahcivan,standart,102,HA,42,,,1848,689,647,50,117,345,572,525,404,268,79,75088,127709,1,0,0,10533,7150,2505,30808,23363,11496,156218,93,9,213.86,2,1,0.755,2.198,12,0.433,2.111,86,11.41,1,1,1.05,1.1,1.11,100,90,65,70,54,0,0.15,0.3,0.29,0.17,29,121,0.461,0.19,2.837,2772,3,207,15,keskin_bicakx1 bereketli_toprakx1 hizli_bilekx2 kivilcimx3 artci_patlamax1 genis_savurusx1 cifte_akimx1 firtina_bilegix1 canavar_kesimix1,169,0,65,92,276,81,169,17,2,0,3,artci_patlama@R23 cifte_akim@R30,398,395,3,1058,518,0,0,32,0,0,0.471,1155.2,28.431,641,0,1381,0,0,31490,0,0,3,17,17,9055,6,0,2.2,0,48000,0,9,65,65.167,1.827,2.193,1.751,,,1.431,2113,0,0,0,0,,0.327,0,0,0,0,0,0,0,0,0,0,0,0,0,0,0,0,0,0,0,1.467,2.435,15.284,0.099,0,kalabalik
11,Run50_AlphaDengeV1,Davranış yönü,bahcivan,standart,102,HA,43,,,1721,674,551,66,111,319,560,470,395,227,69,74222,201931,1,74222,1,10117,6642,2175,36825,30005,13476,144387,96,9,225.24,2,1,0.755,2.198,12,0.433,2.222,86,11.56,1,1.05,1.11,1.18,1.28,95,82,63,48,48,0.02,0.18,0.37,0.7,1.7,29,121,0.492,0.281,2.794,2815,2,209,0,keskin_bicakx1 bereketli_toprakx1 hizli_bilekx2 kivilcimx3 artci_patlamax1 genis_savurusx1 cifte_akimx1 firtina_bilegix1 canavar_kesimix1,166,0,65,95,285,90,169,17,2,0,3,artci_patlama@R23 cifte_akim@R30,377,370,7,1147,454,0,0,30,0,11,0.57,1141.877,26.477,593,0,1539,0,0,27877,0,0,3,18,18,9055,6,0,2.2,0,52000,0,9,65,65.167,2.212,2.699,2.122,,,1.602,2215,0,0,0,0,,0.265,0,0,0,0,0,0,0,0,0,0,0,0,0,0,0,0,0,0,0,1.57,2.681,22.537,0.104,0,kalabalik
11,Run50_AlphaDengeV1,Davranış yönü,bahcivan,standart,102,HA,44,,,1811,694,551,61,147,358,588,481,383,284,75,96720,96720,1,0,0,10750,6462,2512,44855,36467,15988,154378,99,9,225.24,2,1,0.755,2.198,12,0.45,2.222,86,11.31,1,1.02,1.05,1.1,1.07,100,86,65,61,69,0,0.03,0.14,0.4,0.26,29,121,0.487,0.248,2.736,2874,2,211,0,keskin_bicakx1 bereketli_toprakx1 hizli_bilekx2 kivilcimx3 artci_patlamax1 genis_savurusx1 cifte_akimx1 firtina_bilegix1 canavar_kesimix1 zincir_hasatx1,172,0,65,98,294,99,169,17,2,0,3,artci_patlama@R23 cifte_akim@R30 zincir_hasat@R43,406,399,7,949,439,0,0,44,0,24,0.479,1488,27.862,589,89,1537,0,0,21255,0,0,3,18,18,9055,7,0,2.2,0,57000,0,9,65,65.167,2.121,2.662,1.775,2.938,1.517,1.573,1937,490,371,85,4,0.197,0.341,264,14,172,6,172,6,483,4,0,0,0,439,21,180,358,89,76,6,6,1.589,2.71,6.233,0.096,0,kalabalik
11,Run50_AlphaDengeV1,Davranış yönü,bahcivan,standart,102,HA,45,,,1831,687,532,60,158,394,624,483,426,230,68,90188,186908,1,0,0,10690,6697,2262,55545,43164,18010,155556,102,9,225.24,2,1,0.755,2.198,12,0.45,2.333,86,11.42,1,1.02,1.09,1.13,1.17,100,79,62,57,55,0,0.06,0.35,0.46,0.75,29,121,0.473,0.256,2.736,2874,1,212,0,keskin_bicakx1 bereketli_toprakx1 hizli_bilekx2 kivilcimx3 artci_patlamax1 genis_savurusx1 cifte_akimx1 firtina_bilegix1 canavar_kesimix1 zincir_hasatx1,171,0,65,101,303,108,169,17,2,0,3,artci_patlama@R23 cifte_akim@R30 zincir_hasat@R43,450,443,7,1062,435,0,0,86,0,19,0.413,1387.508,28.169,588,121,1621,0,0,1811,0,0,3,20,20,9055,8,0,2.2,0,62000,0,9,65,65.167,2.069,2.198,2.065,2.445,3.608,1.746,2073,699,500,113,8,0.172,0.206,347,61,244,29,244,29,502,8,0,0,0,435,49,803,1076,121,100,7,7,1.685,2.75,6.963,0.097,0,kalabalik
11,Run50_AlphaDengeV1,Davranış yönü,bahcivan,standart,102,HA,46,,,1583,627,459,50,113,334,485,447,362,218,71,71565,258473,1,71565,1,9695,6091,1797,62840,49255,19807,129063,104,6,225.24,2,1,0.755,2.198,12,0.45,2.333,86,10.69,1,1.02,1.05,1.08,1.17,100,74,74,48,39,0,0.03,0.14,0.4,0.63,29,121,0.393,0.231,2.684,2930,1,213,0,keskin_bicakx1 bereketli_toprakx1 hizli_bilekx2 kivilcimx3 artci_patlamax1 genis_savurusx1 cifte_akimx1 firtina_bilegix1 canavar_kesimix1 zincir_hasatx1,154,0,65,103,309,117,169,17,2,0,3,artci_patlama@R23 cifte_akim@R30 zincir_hasat@R43,552,549,3,918,372,0,0,81,0,16,0.413,1101,24.354,485,99,1621,0,0,5874,0,0,3,23,23,9055,8,0,2.2,0,65000,0,9,65,65.167,1.887,2.167,1.695,2.187,2.225,1.58,1840,632,410,95,4,0.166,0.226,384,57,265,28,262,28,489,4,0,0,3,372,70,999,1258,99,82,14,14,1.642,2.756,6.9,0.092,0,kalabalik
11,Run50_AlphaDengeV1,Davranış yönü,bahcivan,standart,102,HA,47,,,1958,747,631,37,132,411,648,525,457,258,70,95469,95469,1,0,0,11004,7225,2393,73844,56480,21910,166245,106,6,225.24,2,1,0.642,2.198,12,0.45,2.444,101,11.13,1,1.05,1.12,1.15,1.15,97,73,63,65,47,0,0.15,0.35,0.46,0.52,29,121,0.458,0.256,2.684,2930,1,214,0,keskin_bicakx1 bereketli_toprakx1 hizli_bilekx3 kivilcimx3 artci_patlamax1 genis_savurusx1 cifte_akimx1 firtina_bilegix1 canavar_kesimix1 zincir_hasatx1,183,0,65,105,315,121,171,17,2,0,3,artci_patlama@R23 cifte_akim@R30 zincir_hasat@R43,527,525,2,1351,527,0,0,39,0,14,0.322,1468.754,30.123,584,100,1677,0,0,40119,0,0,3,24,24,9055,8,0,2.2,0,69000,0,6,65,65.167,1.857,1.949,1.96,2.392,2.342,1.499,2045,856,611,96,4,0.182,0.228,437,56,294,27,293,26,506,4,0,0,2,527,102,2387,2689,100,85,9,9,1.775,3.055,12.683,0.101,0,kalabalik
11,Run50_AlphaDengeV1,Davranış yönü,bahcivan,standart,102,HA,48,,,1926,747,663,34,137,345,629,527,431,247,92,105794,201263,1,0,0,12466,7415,2275,86310,63895,24185,164991,108,6,225.24,2,1,0.642,2.198,12,0.45,2.444,101,11.09,1,1.04,1.1,1.16,1.2,97,78,55,51,31,0,0.19,0.4,0.38,0.77,29,121,0.458,0.289,2.684,2930,0,214,0,keskin_bicakx1 bereketli_toprakx1 hizli_bilekx3 kivilcimx3 artci_patlamax1 genis_savurusx1 cifte_akimx1 firtina_bilegix1 canavar_kesimix1 zincir_hasatx1,174,0,65,107,321,121,177,17,2,0,3,artci_patlama@R23 cifte_akim@R30 zincir_hasat@R43,527,525,2,1438,540,0,0,63,0,10,0.471,1627.6,29.631,547,92,2324,0,0,66110,0,0,3,24,24,9055,8,0,2.2,0,72000,0,6,65,65.167,1.851,2.085,1.655,3.329,2.742,1.461,2207,766,505,88,4,0.122,0.25,414,47,286,22,283,21,498,4,0,0,4,540,102,1653,1896,92,81,7,7,1.767,3.157,5.67,0.104,0,kalabalik
11,Run50_AlphaDengeV1,Davranış yönü,bahcivan,standart,102,HA,49,,,1829,703,696,38,98,294,605,532,392,227,73,85382,286645,1,0,0,11012,6888,2205,97322,70783,26060,154284,110,6,225.24,2,1,0.642,2.198,12,0.45,2.556,101,11.31,1.01,1.06,1.11,1.18,1.18,90,66,62,45,37,0.05,0.18,0.36,0.58,0.87,29,121,0.476,0.248,2.684,2930,1,215,0,keskin_bicakx1 bereketli_toprakx1 hizli_bilekx3 kivilcimx3 artci_patlamax1 genis_savurusx1 cifte_akimx1 firtina_bilegix1 canavar_kesimix1 zincir_hasatx1,170,0,65,109,327,121,183,17,2,0,3,artci_patlama@R23 cifte_akim@R30 zincir_hasat@R43,460,457,3,1367,529,0,0,31,0,16,0.504,1313.569,28.138,535,62,1766,0,0,74394,0,0,3,24,24,9055,8,0,2.2,0,76000,0,6,65,65.167,1.986,2.214,1.906,3.156,0.433,1.621,2138,692,469,61,1,0.155,0.246,406,29,269,10,268,10,414,1,0,0,1,529,76,1291,1560,62,55,5,5,1.741,3.19,6.819,0.104,0,kalabalik
11,Run50_AlphaDengeV1,Davranış yönü,bahcivan,standart,102,HA,50,,,1537,562,532,65,105,273,488,453,340,200,56,66779,353424,1,66779,1,8868,5615,1895,106190,76398,27955,131957,112,6,225.24,2,1,0.642,2.198,12,0.45,2.556,101,8.9,1.01,1.09,1.06,1.17,1.31,86,58,54,38,29,0.01,0.24,0.28,0.79,1.53,29,121,0.552,0.298,2.684,2930,0,215,0,keskin_bicakx1 bereketli_toprakx1 hizli_bilekx3 kivilcimx3 artci_patlamax1 genis_savurusx1 cifte_akimx1 firtina_bilegix1 canavar_kesimix1 zincir_hasatx1,155,0,65,111,333,121,189,17,2,0,3,artci_patlama@R23 cifte_akim@R30 zincir_hasat@R43,365,365,0,1362,420,0,0,6,0,2,0.661,1027.369,23.646,443,112,2434,0,0,52351,0,0,3,24,24,9055,8,0,2.2,0,80000,0,6,65,65.167,2.785,3.32,2.554,2.834,2.246,2.303,2028,902,621,104,8,0.116,0.152,359,57,249,29,249,29,394,8,0,0,0,420,65,1122,1400,112,100,8,8,1.685,3.009,6.716,0.092,0,kalabalik
11,Run50_AlphaDengeV1,Davranış yönü,bahcivan,standart,102,HA,50,KAZANDI
12,Run50_AlphaDengeV1,Dengeli,bahcivan,standart,102,HA,1,,,13,13,0,0,0,0,10,3,0,0,0,19,19,1,0,0,32,0,0,32,0,0,290,1,0,10,1,1,3,0.9,4,0.3,2,13,2.08,1.8,2.67,,,,36,0,,,,2.4,5,,,,2,4,0.346,0,8,23,0,0,2,,4,0.203,45,0,0,0,0,0,0,0,0,,0,0,0,0,0,0,0,0,0,0,1,0.422,0.289,0,0,22,0,0,290,0,0,0,0,0,0,0,0,1,0,390,0,0,45,45.133,4.215,4.215,,,,,0,0,0,0,0,,,0,0,0,0,0,0,0,0,0,0,0,0,0,0,0,0,0,0,0,0.339,0.424,2.174,0.013,0,kalabalik
12,Run50_AlphaDengeV1,Dengeli,bahcivan,standart,102,HA,2,,,13,13,0,0,0,0,10,3,0,0,0,19,38,1,0,0,32,0,0,37,0,0,290,2,3,10,1,1,3,0.9,4,0.3,2,14,2.57,2.1,3.67,,,,10,0,0,,,3.3,8,,,,3,5,0.525,0.2,8,28,1,1,1,,3,0,45,1,3,0,0,0,0,0,0,,0,0,0,0,0,0,0,0,0,0,0.6,0.422,0.289,0,0,22,0,0,190,0,0,0,0,0,0,0,0,1,0,410,0,0,45,45.133,7.077,7.077,,,,,0,0,0,0,0,,,0,0,0,0,0,0,0,0,0,0,0,0,0,0,0,0,0,0,0,0.336,0.428,1.959,0.011,0,kalabalik
12,Run50_AlphaDengeV1,Dengeli,bahcivan,standart,102,HA,3,,,17,17,0,0,0,0,12,2,3,0,0,51,89,1,51,1,32,12,0,37,12,0,420,3,3,10.67,1,1,2.892,0.9,4,0.3,2,15,3,2.17,3,2.67,,,8,0,0,,,4.34,10.13,6.76,,,4,6,0.517,0,8,34,2,3,1,,4,0.049,45,2,6,3,0,0,0,0,0,,0,0,0,0,0,0,0,0,0,0,0.5,1.133,0.378,0,0,27,0,0,200,0,0,0,0,0,0,0,0,1,0,420,0,3,45,45.133,8.884,8.884,,,,,0,0,0,0,0,,,0,0,0,0,0,0,0,0,0,0,0,0,0,0,0,0,0,0,0,0.347,0.465,1.473,0.013,0,kalabalik
12,Run50_AlphaDengeV1,Dengeli,bahcivan,standart,102,HA,4,,,20,20,0,0,0,0,13,5,2,0,0,58,58,1,0,0,46,8,0,50,20,0,522,4,3,11.33,1.25,1,2.892,0.9,4,0.3,2,15,2.8,1.69,2.2,2,,,21,0,0,,,2.67,5.79,5.78,,,5,7,0.487,0.143,7.804,40,2,5,1,keskin_bicakx1,5,0.045,45,3,9,6,0,0,3,0,0,,0,0,0,0,0,0,0,0,0,0,0.571,1.289,0.444,0,0,32,0,0,302,0,0,0,1,0,0,1,0,1,0,440,0,3,45,45.133,7.347,7.347,,,,,0,0,0,0,0,,,0,0,0,0,0,0,0,0,0,0,0,0,0,0,0,0,0,0,0,0.364,0.463,2.053,0.012,0,kalabalik
12,Run50_AlphaDengeV1,Dengeli,bahcivan,standart,102,HA,5,,,26,22,2,0,0,2,20,3,1,2,0,124,182,1,0,0,52,4,4,56,24,4,712,6,6,11.33,1.25,1,2.892,0.9,4,0.3,2,15,3.2,1.5,2.5,1,3,,40,0,0,0,,3.06,5.78,0,11.57,,6,9,0.529,0.222,7.804,52,1,6,1,keskin_bicakx1,6,0,45,5,15,9,0,0,3,0,5,,0,0,0,0,0,0,0,0,0,0,0.444,2.756,0.578,4,0,33,0,0,104,0,0,5,4,4,6,1,0,1.0667,0,490,0,3,45,45.133,7.559,7.991,5.183,,,,8,0,0,0,0,,0.163,0,0,0,0,0,0,0,0,0,0,0,0,0,0,0,0,0,0,0,0.37,0.484,1.835,0.013,0,kalabalik
12,Run50_AlphaDengeV1,Dengeli,bahcivan,standart,102,HA,6,,,22,22,0,0,0,0,11,9,2,0,0,74,256,1,74,1,58,8,0,58,32,4,629,7,3,12,1.25,1,2.789,0.9,4,0.3,2,19,2.26,1.27,2.44,2.5,,,60,0,0,,,0.76,6.81,5.58,,,6,9,0.368,0.111,7.804,63,4,10,0,keskin_bicakx1,4,0.109,55,6,18,9,6,0,3,0,5,,0,0,0,0,0,0,0,0,0,0,0.333,1.345,0.4,0,0,39,0,0,243,0,0,5,4,4,6,1,0,1.0667,0,520,0,6,55,55.133,9.205,9.205,,,,,1,0,0,0,0,,,0,0,0,0,0,0,0,0,0,0,0,0,0,0,0,0,0,0,0,0.361,0.469,1.669,0.012,0,kalabalik
12,Run50_AlphaDengeV1,Dengeli,bahcivan,standart,102,HA,7,,,37,32,3,0,0,2,30,5,2,0,0,79,79,1,0,0,85,8,0,92,40,4,923,9,6,12,1.563,1,2.789,0.9,4,0.3,2,19,3.32,1.44,2.2,2,,,48,0,0,,,2.57,6.69,8.37,,,7,11,0.52,0.273,7.804,78,1,11,1,keskin_bicakx2,7,0,55,8,24,12,6,0,3,0,5,,0,0,0,0,0,0,0,0,0,0,0.636,1.436,0.673,5,0,52,0,0,86,0,0,5,4,4,6,1,0,1.0667,0,600,0,3,55,55.133,7.206,7.684,4.147,,,,12,0,0,0,0,,0.279,0,0,0,0,0,0,0,0,0,0,0,0,0,0,0,0,0,0,0,0.375,0.482,2.051,0.012,0,kalabalik
12,Run50_AlphaDengeV1,Dengeli,bahcivan,standart,102,HA,8,,,42,41,1,0,0,0,31,8,2,1,0,116,195,1,0,0,102,8,2,103,48,6,1211,11,6,12,1.563,1,2.689,0.9,4,0.3,2,20,3.85,1.6,1.75,2.5,2,,24,0,0,0,,4.75,7.06,17.48,8.07,,9,15,0.612,0.4,7.635,108,1,12,2,keskin_bicakx2,6,0,55,10,30,18,6,0,3,0,5,,0,0,0,0,0,0,0,0,0,0,0.467,2.109,0.764,1,0,52,0,0,57,0,0,5,5,5,6,2,0,1.0667,0,700,0,6,55,55.133,10.739,10.995,0.233,,,,7,0,0,0,0,,0.241,0,0,0,0,0,0,0,0,0,0,0,0,0,0,0,0,0,0,0,0.378,0.48,1.961,0.013,0,kalabalik
12,Run50_AlphaDengeV1,Dengeli,bahcivan,standart,102,HA,9,,,49,42,0,0,0,7,40,8,1,0,0,88,283,1,0,0,120,4,0,127,22,6,1453,13,6,12.67,1.563,1,2.689,0.9,4,0.3,2,20,3.9,1.52,2.13,3,,,27,0,0,,,5.38,6.72,8.07,,,10,17,0.626,0.294,7.193,130,5,17,1,keskin_bicakx2,8,0,55,12,36,24,6,0,3,0,5,,0,0,0,0,0,0,0,0,0,0,0.471,1.6,0.891,7,0,56,0,0,60,0,0,5,5,5,14,4,0,1.1333,0,810,0,6,55,55.133,11.215,11.655,8.576,,,,19,0,0,0,0,,0.2,0,0,0,0,0,0,0,0,0,0,0,0,0,0,0,0,0,0,0,0.384,0.495,2.173,0.013,0,kalabalik
12,Run50_AlphaDengeV1,Dengeli,bahcivan,standart,102,HA,10,,,39,36,0,0,0,3,28,8,3,0,0,91,374,1,91,1,124,12,0,129,34,6,1260,14,3,13.33,1.563,1,2.592,0.9,4,0.3,2,21,4,1.59,2.17,2.67,,,21,0,0,,,5.67,13.39,13.82,,,12,20,0.709,0.4,7.054,156,5,22,2,keskin_bicakx2,5,0,55,13,39,25,11,0,3,0,5,,0,0,0,0,0,0,0,0,0,0,0.9,1.655,0.709,3,0,81,0,0,510,0,0,5,5,5,24,4,0,1.2,0,880,0,6,55,55.133,17.585,18.385,7.989,,,,13,0,0,0,0,,0.135,0,0,0,0,0,0,0,0,0,0,0,0,0,0,0,0,0,0,0,0.4,0.52,1.671,0.013,0,kalabalik
12,Run50_AlphaDengeV1,Dengeli,bahcivan,standart,102,HA,11,,,82,62,3,0,0,17,54,24,4,0,0,176,176,1,0,0,282,16,0,282,50,6,2664,17,9,14.67,1.563,1,2.125,0.9,4,0.3,2,30,3.87,1.32,1.74,2,,,46,25,0,,,2.38,6.04,22.3,,,14,23,0.631,0.348,6.725,222,5,27,2,keskin_bicakx2 hizli_bilekx1,14,0,65,16,48,25,14,0,3,0,5,,0,0,0,0,0,0,0,0,0,0,0.783,2.708,1.262,20,0,100,0,0,344,0,0,5,5,5,24,4,0,1.2,0,1100,0,3,65,65.167,12.778,11.888,15.537,,,,43,0,0,0,0,,0.217,0,0,0,0,0,0,0,0,0,0,0,0,0,0,0,0,0,0,0,0.42,0.538,2.164,0.014,0,kalabalik
12,Run50_AlphaDengeV1,Dengeli,bahcivan,standart,102,HA,12,,,85,77,4,0,0,4,65,17,3,0,0,163,339,1,0,0,297,12,0,305,37,6,2942,19,6,16.36,1.563,1,1.975,0.935,4,0.3,2,32,4,1.32,1.47,2.33,,,41,20,0,,,2.74,3.69,8.57,,,16,25,0.645,0.36,6.624,245,11,38,2,keskin_bicakx2 hizli_bilekx1,12,0,65,18,54,25,23,0,3,0,5,,0,0,0,0,0,0,0,0,0,0,0.72,2.508,1.308,8,0,111,0,0,986,0,0,5,5,5,50,4,0,1.3333,0,1300,0,9,65,65.167,11.629,11.612,11.796,,,,51,0,0,0,0,,0.182,0,0,0,0,0,0,0,0,0,0,0,0,0,0,0,0,0,0,0,0.42,0.557,2.264,0.015,0,kalabalik
12,Run50_AlphaDengeV1,Dengeli,bahcivan,standart,102,HA,13,,,109,89,14,0,0,6,81,18,10,0,0,277,616,1,277,1,351,50,0,364,57,6,3932,22,9,18.13,1.563,1,1.836,1.005,6,0.3,2,35,4.37,1.37,1.44,2,,,53,25,25,,,2.06,2.98,7.96,,,16,25,0.348,0.04,6.461,251,13,51,0,keskin_bicakx2 hizli_bilekx1,16,0.052,65,21,63,25,29,0,3,0,5,,0,0,0,0,0,0,0,0,0,0,0.16,4.262,1.677,20,0,125,0,0,718,0,0,5,5,5,66,4,0,1.4,0,1700,0,6,65,65.167,6.95,7.036,6.568,,,,49,0,0,0,0,,0.236,0,0,0,0,0,0,0,0,0,0,0,0,0,0,0,0,0,0,0,0.485,0.63,2.363,0.017,0,kalabalik
12,Run50_AlphaDengeV1,Dengeli,bahcivan,standart,102,HA,14,,,125,108,8,0,0,9,71,34,18,1,1,603,603,1,0,0,417,108,2,421,140,8,5266,25,9,18.13,1.563,1,1.836,1.005,6,0.3,2,35,5.97,1.38,1.84,2.06,3,,39,17,12,0,0,2.6,5.68,10.05,7.33,,19,40,0.746,0.1,4.995,521,3,54,6,keskin_bicakx2 hizli_bilekx1 bereketli_toprakx1,17,0.001,65,24,72,34,29,0,3,0,5,,0,0,0,0,0,0,0,0,0,0,0.75,9.277,1.923,17,0,129,0,0,584,0,0,5,6,6,84,4,0,1.4667,0,2100,0,9,65,65.167,11.845,11.866,11.716,,,,73,0,0,0,0,,0.205,0,0,0,0,0,0,0,0,0,0,0,0,0,0,0,0,0,0,0,0.455,0.612,4.138,0.019,0,kalabalik
12,Run50_AlphaDengeV1,Dengeli,bahcivan,standart,102,HA,15,,,134,98,3,0,0,33,69,40,17,6,2,984,1587,1,0,0,453,125,12,458,140,20,6481,28,9,20.27,1.563,1,1.836,1.075,6,0.3,2,35,6,1.46,1.64,2.46,1.67,,43,22,0,14,,4.01,5.9,10.02,6.12,,19,45,0.769,0.556,4.901,597,10,64,3,keskin_bicakx2 hizli_bilekx1 bereketli_toprakx1,19,0,65,27,81,43,29,0,3,0,5,,0,0,0,0,0,0,0,0,0,0,0.778,15.138,2.062,36,0,117,0,0,365,0,0,5,10,10,125,4,0,1.6,0,2600,0,9,65,65.167,15.685,16.554,13.318,,,,86,0,0,0,0,,0.213,0,0,0,0,0,0,0,0,0,0,0,0,0,0,0,0,0,0,0,0.476,0.632,3.769,0.02,0,kalabalik
12,Run50_AlphaDengeV1,Dengeli,bahcivan,standart,102,HA,16,,,131,94,6,2,0,29,69,36,21,4,1,741,2328,1,741,1,423,105,17,441,245,37,6691,30,6,20.27,1.563,1,1.778,1.075,6,0.3,2,36,6,1.5,1.73,2.67,2,,42,11,0,0,,2.95,7.25,11.5,5.92,,22,49,0.798,0.633,4.873,654,2,66,3,keskin_bicakx2 hizli_bilekx1 bereketli_toprakx1,17,0,65,29,87,49,32,0,3,0,5,,0,0,0,0,0,0,0,0,0,0,0.918,11.4,2.015,37,0,109,0,0,1656,0,0,5,12,12,125,5,0,1.6,0,3000,0,9,65,65.167,17.084,18.464,13.577,,,,135,0,0,0,0,,0.195,0,0,0,0,0,0,0,0,0,0,0,0,0,0,0,0,0,0,0,0.515,0.686,3.408,0.021,0,kalabalik
12,Run50_AlphaDengeV1,Dengeli,bahcivan,standart,102,HA,17,,,173,110,8,3,0,52,91,44,26,11,1,1400,1400,1,0,0,582,162,22,599,407,59,8870,33,9,24.3,1.563,1,1.778,1.075,6,0.3,2,36,5.97,1.31,1.56,1.93,2.14,,57,19,18,0,0,1.34,3.62,3.67,16.51,,22,49,0.759,0.388,4.741,672,5,71,0,keskin_bicakx2 hizli_bilekx1 bereketli_toprakx1 kivilcimx1,26,0,65,32,96,49,38,0,3,0,5,,0,0,0,0,0,0,0,0,0,0,0.796,21.538,2.662,63,0,178,0,0,926,0,0,5,12,12,125,5,0,1.6,0,3600,0,6,65,65.167,14.865,14.775,15.021,,,,150,0,0,0,0,,0.22,0,0,0,0,0,0,0,0,0,0,0,0,0,0,0,0,0,0,0,0.584,0.748,4.044,0.022,0,kalabalik
12,Run50_AlphaDengeV1,Dengeli,bahcivan,standart,102,HA,18,,,178,117,18,1,1,41,89,46,26,14,3,1784,3184,1,0,0,591,184,38,699,558,77,19185,37,12,28.62,1.563,1,1.722,1.11,6,0.3,2,37,6,1.31,1.66,1.58,1.8,1.67,55,20,26,0,0,1.37,3.55,5.35,6.21,3.44,21,49,0.762,0.469,4.517,705,6,77,1,keskin_bicakx2 hizli_bilekx1 bereketli_toprakx1 kivilcimx1,24,0,65,36,108,49,47,0,3,0,5,,0,0,0,0,0,0,0,0,0,0,0.755,27.446,2.738,61,0,174,0,0,4111,0,0,5,12,12,125,5,0,1.6,0,4700,0,9,65,65.167,12.514,12.039,13.427,,,,174,0,0,0,0,,0.223,0,0,0,0,0,0,0,0,0,0,0,0,0,0,0,0,0,0,0,0.524,0.708,4.207,0.024,0,kalabalik
12,Run50_AlphaDengeV1,Dengeli,bahcivan,standart,102,HA,19,,,200,115,17,0,0,68,100,44,34,20,2,3191,6375,1,0,0,654,238,40,668,378,97,26881,42,15,29.99,1.563,1,1.722,1.18,6,0.317,2,37,6,1.2,1.58,1.83,2.13,,65,30,15,0,0,1.17,2.38,5.17,5.97,,19,49,0.768,0.531,4.282,744,9,86,1,keskin_bicakx2 hizli_bilekx1 bereketli_toprakx1 kivilcimx1,26,0,65,41,123,49,59,0,3,0,5,,0,0,0,0,0,0,0,0,0,0,0.796,49.092,3.077,85,0,178,0,0,4492,0,0,5,12,12,125,5,0,1.6,0,6300,0,12,65,65.167,9.998,9.619,10.511,,,,208,0,0,0,0,,0.246,0,0,0,0,0,0,0,0,0,0,0,0,0,0,0,0,0,0,0,0.516,0.69,4.221,0.023,0,kalabalik
12,Run50_AlphaDengeV1,Dengeli,bahcivan,standart,102,HA,20,,,177,118,18,0,0,41,82,42,30,16,7,3917,10292,1,3917,1,651,299,59,684,322,156,18726,45,9,33.24,1.563,1,1.668,1.18,6,0.317,2,38,6,1.26,1.4,1.59,2,2.75,63,35,30,0,0,2.22,4.4,3.18,7.34,24.19,19,49,0.675,0.449,4.172,764,5,91,0,keskin_bicakx2 hizli_bilekx1 bereketli_toprakx1 kivilcimx1,27,0,65,44,132,49,74,0,3,0,5,,0,0,0,0,0,0,0,0,0,0,0.653,60.262,2.723,59,0,214,0,0,3318,0,0,5,12,12,125,5,0,1.6,0,7400,0,15,65,65.167,17.647,21.393,10.155,,,,147,0,0,0,0,,0.267,0,0,0,0,0,0,0,0,0,0,0,0,0,0,0,0,0,0,0,0.609,0.877,3.784,0.023,0,kalabalik
12,Run50_AlphaDengeV1,Dengeli,bahcivan,standart,102,HA,21,,,246,139,12,3,0,92,112,61,46,23,4,4485,4485,1,0,0,804,322,91,843,631,127,37192,49,12,38.16,1.563,1,1.668,1.23,6,0.333,2,38,6,1.1,1.34,1.71,1.93,1.5,79,52,30,8,0,0.87,1.29,5.29,3.34,0.85,19,53,0.75,0.547,4.12,836,5,96,2,keskin_bicakx2 hizli_bilekx1 bereketli_toprakx1 kivilcimx2,33,0,65,48,144,49,83,0,3,0,5,,0,0,0,0,0,0,0,0,0,0,0.887,69,3.785,107,0,230,0,0,8510,0,0,5,12,12,125,5,0,1.6,0,9000,0,9,65,65.167,9.352,11.834,6.127,,,,279,0,0,0,0,,0.207,0,0,0,0,0,0,0,0,0,0,0,0,0,0,0,0,0,0,0,0.612,0.834,4.365,0.027,0,kalabalik
12,Run50_AlphaDengeV1,Dengeli,bahcivan,standart,102,HA,22,,,252,118,42,0,0,92,124,67,34,21,6,5749,10234,1,0,0,879,313,75,1092,879,122,34233,53,12,38.16,1.563,1,1.616,1.23,6,0.333,2,40,6,1.23,1.5,1.65,2.42,2.4,68,41,13,0,0,1.4,3.59,3.42,7.4,7.43,22,72,0.81,0.486,4.17,1122,3,99,8,keskin_bicakx2 hizli_bilekx1 bereketli_toprakx1 kivilcimx2,36,0,65,52,156,61,83,0,3,0,5,,0,0,0,0,0,0,0,0,0,0,0.736,88.446,3.877,134,0,275,0,0,4243,0,0,5,13,13,125,7,0,1.6,0,11000,0,12,65,65.167,10.465,12.723,8.476,,,,328,0,0,0,0,,0.267,0,0,0,0,0,0,0,0,0,0,0,0,0,0,0,0,0,0,0,0.563,0.78,3.853,0.029,0,kalabalik
12,Run50_AlphaDengeV1,Dengeli,bahcivan,standart,102,HA,23,,,181,83,34,3,1,60,90,39,28,18,6,3493,13727,1,3493,1,751,260,54,818,339,176,21076,55,6,39.82,1.563,1,1.616,1.315,6,0.35,2,40,4,1.15,1.33,1.75,1.73,2.25,60,50,8,0,0,0.91,1.69,4.04,3.23,6.47,29,81,0.869,0.654,4.393,1198,6,105,7,keskin_bicakx2 hizli_bilekx1 bereketli_toprakx1 kivilcimx2,28,0,65,54,162,73,83,0,3,0,5,,0,0,0,0,0,0,0,0,0,0,0.877,53.738,2.785,98,0,222,0,0,2319,0,0,5,16,16,125,8,0,1.6,0,12000,0,12,65,65.167,18.455,21.643,15.756,,,,265,0,0,0,0,,0.279,0,0,0,0,0,0,0,0,0,0,0,0,0,0,0,0,0,0,0,0.583,0.789,4.785,0.026,0,kalabalik
12,Run50_AlphaDengeV1,Dengeli,bahcivan,standart,102,HA,24,,,256,129,62,0,0,65,116,70,41,23,6,6802,6802,1,0,0,1150,287,69,1268,366,245,26456,57,6,43.38,1.563,1,1.565,1.315,6,0.47,2,41,6,1.19,1.33,1.64,1.92,2,70,60,20,15,0,1.48,1.71,3.98,6.25,4.7,29,81,0.838,0.716,4.246,1240,4,109,0,keskin_bicakx2 hizli_bilekx1 bereketli_toprakx1 kivilcimx2 kritik_gozx1,34,0,65,56,168,79,83,0,3,0,5,,0,0,0,0,0,0,0,0,0,0,0.864,104.646,3.938,127,0,188,0,0,3775,0,0,5,16,16,125,10,0,1.6,0,13000,0,6,65,65.167,12.033,14.709,9.314,,,,314,0,0,0,0,,0.281,0,0,0,0,0,0,0,0,0,0,0,0,0,0,0,0,0,0,0,0.741,1.21,7.979,0.036,0,kalabalik
12,Run50_AlphaDengeV1,Dengeli,bahcivan,standart,102,HA,25,,,255,132,52,2,0,69,115,62,46,27,5,8339,15141,1,0,0,894,396,133,972,682,328,24972,59,6,43.38,1.563,1,1.565,1.365,6,0.487,2,41,6,1.25,1.46,1.41,2.3,4,67,46,33,0,0,1.04,2.73,2.91,7.51,9.4,29,81,0.844,0.617,4.229,1245,6,115,0,keskin_bicakx2 hizli_bilekx1 bereketli_toprakx1 kivilcimx2 kritik_gozx1,39,0,65,58,174,81,87,0,3,0,5,,0,0,0,0,0,0,0,0,0,0,0.815,128.292,3.923,123,0,191,0,0,1747,0,0,5,17,17,125,10,0,1.6,0,14000,0,6,65,65.167,12.698,11.899,13.555,,,,384,0,0,0,0,,0.187,0,0,0,0,0,0,0,0,0,0,0,0,0,0,0,0,0,0,0,0.695,0.964,4.415,0.032,0,kalabalik
12,Run50_AlphaDengeV1,Dengeli,bahcivan,standart,102,HA,26,,,241,132,39,2,0,68,110,66,37,23,5,5415,20556,1,5415,1,1012,336,120,1369,368,448,25555,60,3,45.79,1.563,1,1.565,1.365,6,0.487,2,41,6,1.18,1.31,1.57,1.93,1.5,68,42,32,7,0,1.1,1.81,5.25,7.72,5.88,29,81,0.713,0.457,4.208,1251,5,120,0,keskin_bicakx2 hizli_bilekx1 bereketli_toprakx1 kivilcimx2 kritik_gozx1,35,0,65,59,177,81,93,0,3,0,5,,0,0,0,0,0,0,0,0,0,0,0.802,83.308,3.708,109,0,306,0,0,13302,0,0,5,17,17,575,10,0,1.6667,0,15000,0,6,65,65.167,22.858,28.808,15.653,,,,319,0,0,0,0,,0.186,0,0,0,0,0,0,0,0,0,0,0,0,0,0,0,0,0,0,0,0.636,0.897,4.895,0.03,0,kalabalik
12,Run50_AlphaDengeV1,Dengeli,bahcivan,standart,102,HA,27,,,364,194,57,2,1,110,169,81,65,36,13,10695,10695,1,0,0,1597,624,200,1856,632,648,42450,63,9,45.79,1.563,1,1.516,1.802,9,0.487,2,42,9,1.18,1.22,1.4,2,1.88,71,58,24,5,14,1.7,1.43,3.18,11.65,5.68,29,81,0.776,0.543,4.208,1251,3,123,0,keskin_bicakx2 hizli_bilekx1 bereketli_toprakx1 kivilcimx2 kritik_gozx1 genis_savurusx1,48,0,65,62,186,81,96,0,3,0,5,,0,0,0,0,0,0,0,0,0,0,0.877,164.538,5.6,170,0,309,0,0,8752,0,0,5,17,17,575,10,0,1.6667,0,17000,0,3,65,65.167,16.283,22.809,8.835,,,,547,0,0,0,0,,0.203,0,0,0,0,0,0,0,0,0,0,0,0,0,0,0,0,0,0,0,0.628,0.897,5.04,0.036,0,kalabalik
12,Run50_AlphaDengeV1,Dengeli,bahcivan,standart,102,HA,28,,,375,201,45,2,5,122,164,96,71,36,8,9218,19913,1,0,0,1734,705,160,2300,917,743,50929,66,9,49.54,1.563,1,1.516,1.868,9,0.503,2,42,9,1.08,1.37,1.64,1.63,2.2,75,50,13,10,0,0.7,2.8,4.44,5.03,9.09,29,81,0.773,0.568,4.081,1290,7,130,0,keskin_bicakx2 hizli_bilekx1 bereketli_toprakx1 kivilcimx2 kritik_gozx1 genis_savurusx1,48,0,65,65,195,81,105,0,3,0,5,,0,0,0,0,0,0,0,0,0,0,0.815,141.815,5.769,174,0,381,0,0,6681,0,0,5,17,17,575,10,0,1.6667,0,19000,0,9,65,65.167,12.947,17.608,7.562,,,,533,0,0,0,0,,0.208,0,0,0,0,0,0,0,0,0,0,0,0,0,0,0,0,0,0,0,0.622,0.881,4.784,0.037,0,kalabalik
12,Run50_AlphaDengeV1,Dengeli,bahcivan,standart,102,HA,29,,,377,208,46,3,2,118,170,95,66,39,7,10424,30337,1,0,0,1634,627,212,2024,824,805,42736,68,6,52.15,1.563,1,1.516,1.868,9,0.503,2.111,42,9,1.12,1.3,1.5,1.78,1.67,76,62,25,10,0,0.66,2.63,4.02,7.12,3.03,29,81,0.778,0.58,4.058,1297,5,135,0,keskin_bicakx2 hizli_bilekx1 bereketli_toprakx1 kivilcimx2 kritik_gozx1 genis_savurusx1,47,0,65,67,201,81,114,0,3,0,5,,0,0,0,0,0,0,0,0,0,0,0.802,160.369,5.8,169,0,367,0,0,10417,0,0,5,17,17,1165,10,0,1.7333,0,21000,0,9,65,65.167,10.937,13.843,7.361,,,,561,0,0,0,0,,0.216,0,0,0,0,0,0,0,0,0,0,0,0,0,0,0,0,0,0,0,0.62,0.892,4.839,0.038,0,kalabalik
12,Run50_AlphaDengeV1,Dengeli,bahcivan,standart,102,HA,30,,,323,197,46,2,1,77,147,82,55,28,11,9822,40159,1,9822,1,1450,635,180,1544,649,905,32401,69,3,56.1,1.563,1,1.468,1.934,9,0.52,2.111,44,9,1.26,1.41,1.82,2.31,2.2,61,40,17,6,13,1.88,2.87,5.96,7.43,9.09,29,81,0.81,0.63,3.959,1330,8,143,0,keskin_bicakx2 hizli_bilekx1 bereketli_toprakx1 kivilcimx2 kritik_gozx1 genis_savurusx1,42,0,65,68,204,81,120,0,3,0,5,,0,0,0,0,0,0,0,0,0,0,0.716,151.108,4.969,126,0,452,0,0,21818,0,0,5,17,17,1165,10,0,1.7333,0,22000,0,6,65,65.167,13.494,15.129,10.938,,,,533,0,0,0,0,,0.163,0,0,0,0,0,0,0,0,0,0,0,0,0,0,0,0,0,0,0,0.617,0.905,4.485,0.038,0,kalabalik
12,Run50_AlphaDengeV1,Dengeli,bahcivan,standart,102,HA,31,,,539,319,73,2,3,142,243,146,78,53,19,15876,15876,1,0,0,2552,1061,296,2866,1600,1006,59473,72,9,56.1,1.563,1,0.995,1.934,9,0.52,2.222,65,8.97,1.17,1.34,1.56,2.03,2.08,75,48,27,3,13,0.96,2.23,3.8,5.94,4.67,29,81,0.694,0.568,3.944,1335,4,147,0,keskin_bicakx2 hizli_bilekx1 bereketli_toprakx1 kivilcimx2 kritik_gozx1 genis_savurusx1 firtina_bilegix1,61,0,65,71,213,81,123,0,3,0,5,,0,0,0,0,0,0,0,0,0,0,0.617,244.246,8.292,220,0,461,0,0,14291,0,0,5,17,17,1895,10,0,1.8,0,24000,0,3,65,65.167,7.592,9.472,4.865,,,,798,0,0,0,0,,0.224,0,0,0,0,0,0,0,0,0,0,0,0,0,0,0,0,0,0,0,0.702,1.019,4.868,0.047,0,kalabalik
12,Run50_AlphaDengeV1,Dengeli,bahcivan,standart,102,HA,32,,,563,337,74,4,1,147,227,164,92,61,19,18381,34257,1,0,0,3090,1078,410,3526,1288,1321,68927,75,9,69.27,1.563,1,0.995,2,9,0.52,2.222,65,8.97,1.15,1.24,1.39,1.51,2.64,71,60,46,24,0,1.31,1.33,1.71,4.06,13.75,29,81,0.692,0.531,3.908,1347,7,154,0,keskin_bicakx2 hizli_bilekx1 bereketli_toprakx1 kivilcimx2 kritik_gozx1 genis_savurusx1 firtina_bilegix1,67,0,65,74,222,81,132,0,3,0,5,,0,0,0,0,0,0,0,0,0,0,0.593,282.785,8.662,226,0,616,0,0,8218,0,0,5,17,17,1895,10,0,1.8,0,27000,0,9,65,65.167,6.453,7.578,4.775,,,,721,0,0,0,0,,0.176,0,0,0,0,0,0,0,0,0,0,0,0,0,0,0,0,0,0,0,0.696,1.022,5.187,0.046,0,kalabalik
12,Run50_AlphaDengeV1,Dengeli,bahcivan,standart,102,HA,33,,,502,313,55,3,8,123,210,121,104,54,13,12795,47052,1,12795,1,2387,1208,340,2533,1936,1421,58097,77,6,69.27,1.563,1,0.964,2,9,0.537,2.333,67,8.64,1.14,1.3,1.66,1.85,2.11,78,50,26,22,0,0.73,1.56,3.29,4.82,5.14,29,81,0.582,0.432,3.792,1388,8,162,0,keskin_bicakx2 hizli_bilekx1 bereketli_toprakx1 kivilcimx2 kritik_gozx1 genis_savurusx1 firtina_bilegix1,55,0,65,76,228,81,141,0,3,0,5,,0,0,0,0,0,0,0,0,0,0,0.58,196.846,7.723,189,0,552,0,0,11315,0,0,5,17,17,2755,10,0,1.8667,0,29000,0,9,65,65.167,6.123,7.1,4.505,,,,620,0,0,0,0,,0.205,0,0,0,0,0,0,0,0,0,0,0,0,0,0,0,0,0,0,0,0.69,1.013,4.568,0.044,0,kalabalik
12,Run50_AlphaDengeV1,Dengeli,bahcivan,standart,102,HA,34,,,845,527,84,3,3,228,359,214,163,83,26,24547,24547,1,0,0,4325,2050,585,5488,2376,1896,88422,80,9,76.92,1.563,1,0.819,2.066,12,0.537,2.333,79,11.05,1.1,1.18,1.51,1.71,1.94,83,72,36,29,21,0.29,0.72,1.79,3.73,3.78,29,81,0.589,0.383,3.69,1427,6,168,0,keskin_bicakx2 hizli_bilekx2 bereketli_toprakx1 kivilcimx2 kritik_gozx1 genis_savurusx1 firtina_bilegix1,83,0,65,79,237,81,147,0,3,0,5,,0,0,0,0,0,0,0,0,0,0,0.556,377.646,13,318,0,699,0,0,9737,0,0,5,17,17,2755,10,0,1.8667,0,32000,0,6,65,65.167,3.709,4.117,3.032,,,,1085,0,0,0,0,,0.193,0,0,0,0,0,0,0,0,0,0,0,0,0,0,0,0,0,0,0,0.794,1.231,5.48,0.063,0,kalabalik
12,Run50_AlphaDengeV1,Dengeli,bahcivan,standart,102,HA,35,,,878,538,90,3,12,235,355,229,192,80,22,25766,50313,1,0,0,4706,2170,590,4754,2206,2196,104735,83,9,87.23,1.563,1,0.819,2.066,12,0.553,2.444,79,10.95,1.14,1.2,1.38,1.5,1.6,80,71,52,29,15,0.62,0.84,1.74,2,2.35,29,81,0.584,0.395,3.599,1463,10,178,0,keskin_bicakx2 hizli_bilekx2 bereketli_toprakx1 kivilcimx2 kritik_gozx1 genis_savurusx1 firtina_bilegix1,92,0,65,82,246,81,156,0,3,0,5,,0,0,0,0,0,0,0,0,0,0,0.444,396.4,13.508,340,0,813,0,0,15472,0,0,5,17,17,3755,10,0,1.9333,0,35000,0,9,65,65.167,3.569,4.138,2.669,,,,1065,0,0,0,0,,0.18,0,0,0,0,0,0,0,0,0,0,0,0,0,0,0,0,0,0,0,0.792,1.266,7.619,0.062,0,kalabalik
12,Run50_AlphaDengeV1,Dengeli,bahcivan,standart,102,HA,36,,,836,499,83,1,4,249,319,229,153,109,26,29501,79814,1,29501,1,4747,1978,734,4981,2144,2805,106213,86,9,98.13,1.563,1,0.819,2.132,12,0.57,2.444,79,11.09,1.08,1.25,1.61,1.61,2.17,83,64,43,37,20,0.32,0.83,2.73,2.87,4.03,29,81,0.611,0.42,3.593,1466,7,185,0,keskin_bicakx2 hizli_bilekx2 bereketli_toprakx1 kivilcimx2 kritik_gozx1 genis_savurusx1 firtina_bilegix1,92,0,65,85,255,81,165,0,3,0,5,,0,0,0,0,0,0,0,0,0,0,0.593,453.862,12.862,337,0,944,0,0,12685,0,0,5,17,17,3755,10,0,1.9333,0,39000,0,9,65,65.167,3.733,4.22,3.013,,,,1093,0,0,0,0,,0.246,0,0,0,0,0,0,0,0,0,0,0,0,0,0,0,0,0,0,0,0.781,1.186,5.05,0.061,0,kalabalik
12,Run50_AlphaDengeV1,Dengeli,bahcivan,standart,102,HA,37,,,941,561,108,1,9,262,370,244,183,107,37,32288,32288,1,0,0,5807,2616,878,6218,2740,3353,132598,89,9,109.45,1.563,1,0.819,2.198,12,0.57,2.556,79,11.03,1.09,1.1,1.25,1.51,1.78,86,77,70,37,18,0.29,0.42,1.19,1.81,2.82,29,81,0.597,0.383,3.317,1587,8,193,0,keskin_bicakx2 hizli_bilekx2 bereketli_toprakx1 kivilcimx3 kritik_gozx1 genis_savurusx1 firtina_bilegix1,97,0,65,88,264,81,169,5,3,0,5,,0,0,0,0,0,0,0,0,0,0,0.58,496.738,14.477,380,0,1096,0,0,25283,0,0,5,17,17,4855,10,1,2.1,0.05,42000,0,9,65,65.167,3.296,3.817,2.527,,,,1091,0,0,0,0,,0.262,0,0,0,0,0,0,0,0,0,0,0,0,0,0,0,0,0,0,0,0.795,1.297,4.943,0.062,0,kalabalik
12,Run50_AlphaDengeV1,Dengeli,bahcivan,standart,102,HA,38,,,1069,646,138,1,2,282,399,297,229,105,39,40140,72428,1,0,0,6905,3433,992,7443,4573,4205,143328,92,9,124.5,1.563,1,0.732,2.198,12,0.57,2.556,88,11.13,1.07,1.17,1.29,1.31,1.67,90,77,63,52,38,0.31,0.62,0.93,0.99,1.88,29,81,0.566,0.358,3.09,1704,7,200,0,keskin_bicakx2 hizli_bilekx2 bereketli_toprakx1 kivilcimx3 kritik_gozx1 genis_savurusx1 firtina_bilegix1,99,0,65,91,273,81,169,14,3,0,5,,0,0,0,0,0,0,0,0,0,0,0.654,617.538,16.446,423,0,1261,0,0,37611,0,0,5,17,17,7555,10,2,2.3253,0.09,46000,0,9,65,65.167,2.892,3.52,1.934,,,,1223,0,0,0,0,,0.252,0,0,0,0,0,0,0,0,0,0,0,0,0,0,0,0,0,0,0,0.847,1.395,5.191,0.07,0,kalabalik
12,Run50_AlphaDengeV1,Dengeli,bahcivan,standart,102,HA,39,,,1230,734,145,1,9,341,498,325,234,141,32,38782,111210,1,0,0,8201,3460,1308,9444,7263,5133,193654,96,12,143.75,1.563,1,0.668,2.198,12,0.57,2.667,97,10.85,1.08,1.15,1.23,1.21,1.44,88,79,72,75,40,0.25,0.46,0.66,0.81,2.19,29,81,0.548,0.309,2.849,1848,5,205,0,keskin_bicakx2 hizli_bilekx2 bereketli_toprakx1 kivilcimx3 kritik_gozx1 genis_savurusx1 firtina_bilegix1,117,0,65,95,285,81,169,23,3,0,5,,0,0,0,0,0,0,0,0,0,0,0.543,596.646,18.923,496,0,1483,0,0,37265,0,0,5,17,17,9055,10,4,2.596,0.18,52000,0,9,65,65.167,2.372,2.87,1.635,,,,1380,0,0,0,0,,0.225,0,0,0,0,0,0,0,0,0,0,0,0,0,0,0,0,0,0,0,0.863,1.691,5.141,0.074,0,kalabalik
12,Run50_AlphaDengeV1,Dengeli,bahcivan,standart,102,HA,40,,,1224,728,135,2,9,350,461,319,258,144,42,50059,161269,1,50059,1,7628,4851,1386,11872,10414,6364,235770,100,12,180.53,1.563,1,0.579,2.198,12,0.57,2.667,112,8.73,1,1.09,1.21,1.26,1.38,99,86,70,65,50,0,0.34,0.86,0.95,1.3,29,81,0.545,0.309,2.849,1848,4,209,0,keskin_bicakx2 hizli_bilekx2 bereketli_toprakx1 kivilcimx3 kritik_gozx1 genis_savurusx1 firtina_bilegix1,112,0,65,99,297,81,169,35,3,0,5,,0,0,0,0,0,0,0,0,0,0,0.605,770.138,18.831,496,0,1882,0,0,55035,0,0,5,17,17,9055,10,9,3.08,0.4,58000,0,12,65,65.167,2.348,2.704,1.827,,,,1156,0,0,0,0,,0.438,0,0,0,0,0,0,0,0,0,0,0,0,0,0,0,0,0,0,0,0.855,1.676,5.352,0.07,0,kalabalik
12,Run50_AlphaDengeV1,Dengeli,bahcivan,standart,102,HA,41,,,1728,896,380,1,12,439,702,411,363,195,57,67935,67935,1,0,0,12857,7095,2260,21329,17509,8204,338842,106,18,198.93,1.563,1,0.55,2.198,12,0.57,2.778,118,10.61,1,1.12,1.17,1.16,1.16,100,79,70,70,66,0,0.45,0.41,0.35,0.37,29,81,0.452,0.235,2.471,2131,2,211,0,keskin_bicakx2 hizli_bilekx2 bereketli_toprakx1 kivilcimx3 kritik_gozx1 genis_savurusx1 firtina_bilegix1 artci_patlamax1,158,0,65,105,315,81,169,47,3,0,5,artci_patlama@R40,188,187,1,432,208,0,0,0,0,0,0.284,1045.154,26.585,624,0,2072,0,0,18877,0,0,5,17,17,9055,10,13,3.498,0.59,69000,0,12,65,65.167,1.393,1.587,1.058,,,1.564,1353,0,0,0,0,,0.466,0,0,0,0,0,0,0,0,0,0,0,0,0,0,0,0,0,0,0,1.059,2.048,12.064,0.087,0,kalabalik
12,Run50_AlphaDengeV1,Dengeli,bahcivan,standart,102,HA,42,,,2363,1170,613,1,30,549,836,645,512,275,95,85555,153490,1,0,0,20488,12453,4072,39037,28049,10206,448174,112,18,234.61,1.563,1,0.43,2.198,12,0.57,2.778,151,10.72,1,1.08,1.1,1.22,1.15,100,83,76,67,69,0,0.38,0.34,0.77,0.26,36,121,0.451,0.157,2.399,3279,4,215,14,keskin_bicakx2 hizli_bilekx2 bereketli_toprakx1 kivilcimx3 kritik_gozx1 genis_savurusx1 firtina_bilegix1 artci_patlamax1,211,0,65,111,333,81,169,65,3,0,5,artci_patlama@R40,233,230,3,793,376,0,0,0,0,0,0.488,1316.231,36.354,817,0,2494,0,0,28051,0,0,5,17,17,9055,10,18,3.982,0.81,80000,0,18,65,65.167,1.383,1.735,0.994,,,1.13,1866,0,0,0,0,,0.431,0,0,0,0,0,0,0,0,0,0,0,0,0,0,0,0,0,0,0,1.314,2.582,9.361,0.115,0,kalabalik
12,Run50_AlphaDengeV1,Dengeli,bahcivan,standart,102,HA,43,,,2365,1171,632,12,48,502,839,610,504,319,93,98258,251748,1,98258,1,20688,11763,4446,55925,39812,14182,506226,118,18,247.79,1.563,1,0.43,2.198,12,0.57,2.889,151,10.98,1.05,1.09,1.13,1.23,1.4,94,80,74,63,39,0.12,0.26,0.33,0.58,1.54,36,121,0.499,0.289,2.244,3504,2,217,0,keskin_bicakx2 hizli_bilekx2 bereketli_toprakx1 kivilcimx3 kritik_gozx1 genis_savurusx1 firtina_bilegix1 artci_patlamax1,209,0,65,117,351,99,169,65,3,0,5,artci_patlama@R40,220,220,0,995,399,0,0,0,0,0,0.496,1511.662,36.385,795,0,2851,0,0,24277,0,0,5,18,18,9055,14,18,3.982,0.81,92000,0,18,65,65.167,1.653,1.918,1.426,,,1.324,2173,0,0,0,0,,0.386,0,0,0,0,0,0,0,0,0,0,0,0,0,0,0,0,0,0,0,1.553,3.043,10.229,0.123,1,kalabalik
12,Run50_AlphaDengeV1,Dengeli,bahcivan,standart,102,HA,44,,,2755,1270,803,30,34,618,1037,719,542,350,107,118497,118497,1,0,0,23176,13368,5174,79101,53180,19356,585780,124,18,247.79,1.563,1,0.43,2.198,12,0.57,2.889,151,11.29,1,1.07,1.1,1.12,1.18,100,84,78,74,63,0,0.18,0.29,0.47,0.46,36,121,0.511,0.306,1.811,4343,0,217,0,keskin_bicakx2 hizli_bilekx2 bereketli_toprakx2 kivilcimx3 kritik_gozx1 genis_savurusx1 firtina_bilegix1 artci_patlamax1,239,0,65,123,369,117,169,65,3,0,5,artci_patlama@R40,274,271,3,997,464,0,0,0,0,0,0.521,1823.031,42.385,1021,0,2865,0,0,28057,0,0,5,19,19,9055,16,18,3.982,0.81,110000,0,18,65,65.167,1.408,1.622,1.245,,,1.179,2612,0,0,0,0,,0.464,0,0,0,0,0,0,0,0,0,0,0,0,0,0,0,0,0,0,0,1.723,3.28,6.265,0.139,0,kalabalik
12,Run50_AlphaDengeV1,Dengeli,bahcivan,standart,102,HA,45,,,2775,1251,860,42,41,581,936,781,591,355,112,116418,234915,1,0,0,25120,14870,5780,100121,68050,24616,590434,129,15,260.97,1.563,1,0.43,2.198,12,0.57,3,151,11.39,1,1.07,1.06,1.15,1.13,100,82,82,74,73,0,0.15,0.14,0.36,0.37,36,121,0.528,0.306,1.739,4523,2,219,0,keskin_bicakx2 hizli_bilekx2 bereketli_toprakx2 kivilcimx3 kritik_gozx1 genis_savurusx1 firtina_bilegix1 artci_patlamax1,255,0,65,128,384,121,183,65,3,0,5,artci_patlama@R40,276,271,5,1069,495,0,0,0,0,0,0.471,1791.046,42.692,1029,0,3108,0,0,58491,0,0,5,20,20,9055,17,18,3.982,0.81,120000,0,18,65,65.167,1.502,1.607,1.371,,,1.51,2715,0,0,0,0,,0.453,0,0,0,0,0,0,0,0,0,0,0,0,0,0,0,0,0,0,0,1.636,3.038,17.008,0.142,0,kalabalik
12,Run50_AlphaDengeV1,Dengeli,bahcivan,standart,102,HA,46,,,2333,1117,785,42,54,335,766,644,497,319,107,99746,334661,1,99746,1,23440,14028,5294,123561,82078,29910,520798,133,12,260.97,1.563,1,0.43,2.198,12,0.57,3,151,10.36,1.01,1.06,1.08,1.09,1.09,97,80,76,69,63,0.03,0.21,0.27,0.29,0.72,36,121,0.432,0.231,1.731,4544,0,219,0,keskin_bicakx2 hizli_bilekx2 bereketli_toprakx2 kivilcimx3 kritik_gozx1 genis_savurusx1 firtina_bilegix1 artci_patlamax1,205,0,65,132,396,121,198,65,3,0,5,artci_patlama@R40,321,321,0,1039,464,0,0,0,0,0,0.496,1534.554,35.892,752,0,3095,0,0,89289,0,0,5,20,20,9055,17,18,3.982,0.81,130000,0,15,65,65.167,1.408,1.682,1.208,,,1.065,2329,0,0,0,0,,0.381,0,0,0,0,0,0,0,0,0,0,0,0,0,0,0,0,0,0,0,1.597,2.951,5.846,0.131,0,kalabalik
12,Run50_AlphaDengeV1,Dengeli,bahcivan,standart,102,HA,47,,,2795,1221,858,46,47,623,947,758,597,378,115,139582,139582,1,0,0,25680,16087,5516,149241,98165,35426,624458,138,15,260.97,1.563,1,0.43,2.198,12,0.57,3,151,11.72,1.01,1.08,1.1,1.17,1.34,97,78,76,69,43,0.03,0.24,0.29,0.43,1.31,36,121,0.586,0.397,1.468,5358,0,219,0,keskin_bicakx2 hizli_bilekx2 bereketli_toprakx3 kivilcimx3 kritik_gozx1 genis_savurusx1 firtina_bilegix1 artci_patlamax1,240,0,65,137,411,121,210,65,3,0,5,artci_patlama@R40,298,293,5,1344,503,0,0,0,0,0,0.57,2147.415,43,1071,0,3061,0,0,43747,0,0,5,20,20,9055,17,18,3.982,0.81,140000,0,12,65,65.167,1.586,1.743,1.454,,,1.488,3443,0,0,0,0,,0.214,0,0,0,0,0,0,0,0,0,0,0,0,0,0,0,0,0,0,0,1.744,3.385,7.233,0.151,0,kalabalik
12,Run50_AlphaDengeV1,Dengeli,bahcivan,standart,102,HA,48,,,2741,1196,853,45,51,596,943,749,586,347,116,118214,257796,1,0,0,26256,15207,5568,175497,113372,40994,609733,142,12,260.97,1.563,1,0.43,2.198,12,0.57,3,151,11.71,1.04,1.1,1.13,1.15,1.25,92,74,72,65,57,0.08,0.3,0.43,0.39,1.01,36,121,0.595,0.388,1.44,5462,0,219,0,keskin_bicakx2 hizli_bilekx2 bereketli_toprakx3 kivilcimx3 kritik_gozx1 genis_savurusx1 firtina_bilegix1 artci_patlamax1,241,0,65,141,423,121,225,65,3,0,5,artci_patlama@R40,272,272,0,1371,515,0,0,0,0,0,0.62,1818.677,42.169,1030,0,3001,0,0,55980,0,0,5,20,20,9055,17,18,3.982,0.81,165000,0,15,65,65.167,1.716,1.986,1.547,,,1.425,3396,0,0,0,0,,0.231,0,0,0,0,0,0,0,0,0,0,0,0,0,0,0,0,0,0,0,1.735,3.422,7.112,0.148,0,kalabalik
12,Run50_AlphaDengeV1,Dengeli,bahcivan,standart,102,HA,49,,,3195,1388,1012,48,42,705,1039,870,729,431,126,126371,384167,1,0,0,30843,19460,6640,206340,132832,47634,799929,146,12,311.19,1.563,1,0.388,2.198,12,0.57,3,167,11.73,1.02,1.08,1.12,1.17,1.07,97,80,72,72,76,0.05,0.14,0.3,0.36,0.11,36,121,0.575,0.364,1.309,6008,0,219,0,keskin_bicakx2 hizli_bilekx2 bereketli_toprakx3 kivilcimx3 kritik_gozx1 genis_savurusx1 firtina_bilegix1 artci_patlamax1,272,0,65,145,435,121,225,77,3,0,5,artci_patlama@R40,335,335,0,1370,595,0,0,0,0,0,0.628,1944.169,49.154,1212,0,3731,0,0,150909,0,0,5,20,20,9055,17,21,4.29,0.95,195000,0,12,65,65.167,1.375,1.469,1.292,,,1.324,3563,0,0,0,0,,0.392,0,0,0,0,0,0,0,0,0,0,0,0,0,0,0,0,0,0,0,1.843,3.441,6.338,0.162,0,kalabalik
12,Run50_AlphaDengeV1,Dengeli,bahcivan,standart,102,HA,50,,,2981,1258,961,56,74,632,1037,784,649,397,114,129934,514101,1,129934,1,34579,20104,6972,240919,152936,54606,814598,150,12,356.81,1.563,1,0.34,2.198,12,0.57,3,191,8.97,1,1.05,1.09,1.11,1.13,100,81,70,68,58,0,0.14,0.25,0.33,0.24,36,121,0.606,0.397,1.309,6008,0,219,0,keskin_bicakx2 hizli_bilekx2 bereketli_toprakx3 kivilcimx3 kritik_gozx1 genis_savurusx1 firtina_bilegix1 artci_patlamax1,258,0,65,149,447,121,225,89,3,0,5,artci_patlama@R40,281,276,5,1435,599,0,0,0,0,0,0.579,1998.985,45.862,1124,0,4233,0,0,140507,0,0,5,20,20,9055,17,24,4.554,1.07,225000,0,12,65,65.167,1.592,1.926,1.335,,,1.365,3231,0,0,0,0,,0.364,0,0,0,0,0,0,0,0,0,0,0,0,0,0,0,0,0,0,0,1.794,3.35,6.341,0.15,0,kalabalik
12,Run50_AlphaDengeV1,Dengeli,bahcivan,standart,102,HA,50,KAZANDI
13,Run50_AlphaDengeV1,Davranış yönü,bahcivan,standart,100,HA · almayan eş,1,,,13,13,0,0,0,0,12,1,0,0,0,15,15,1,0,0,28,0,0,28,0,0,270,1,0,10,1,1,3,0.9,4,0.3,2,13,2.08,1.83,3,,,,21,0,,,,2.5,6,,,,2,4,0.346,0,8,23,0,0,2,,3,0.205,45,0,0,0,0,0,0,0,0,,0,0,0,0,0,0,0,0,0,0,0.5,0.333,0.289,0,0,22,0,0,270,0,0,0,0,0,0,0,0,1,0,390,0,0,45,45.133,4.138,4.138,,,,,0,0,0,0,0,,,0,0,0,0,0,0,0,0,0,0,0,0,0,0,0,0,0,0,0,0.329,0.418,2.242,0.013,0,kalabalik
13,Run50_AlphaDengeV1,Davranış yönü,bahcivan,standart,100,HA · almayan eş,2,,,15,15,0,0,0,0,13,2,0,0,0,19,34,1,0,0,34,0,0,37,0,0,320,2,3,10.67,1,1,3,0.9,4,0.3,2,14,2.14,1.77,2,,,,8,0,,,,4.15,3,,,,3,5,0.425,0.2,8,28,1,1,1,,3,0,45,1,3,0,0,0,0,0,0,,0,0,0,0,0,0,0,0,0,0,0.8,0.422,0.333,0,0,24,0,0,200,0,0,0,0,0,0,0,0,1,0,410,0,0,45,45.133,6.018,6.018,,,,,0,0,0,0,0,,,0,0,0,0,0,0,0,0,0,0,0,0,0,0,0,0,0,0,0,0.336,0.427,1.719,0.012,0,kalabalik
13,Run50_AlphaDengeV1,Davranış yönü,bahcivan,standart,100,HA · almayan eş,3,,,15,15,0,0,0,0,10,4,1,0,0,32,66,1,32,1,36,4,0,39,4,0,360,3,3,11.33,1,1,3,0.9,4,0.3,2,14,2.64,1.8,2.75,3,,,25,0,0,,,4.2,6.75,6,,,4,6,0.594,0.167,8,34,2,3,1,,4,0,45,2,6,3,0,0,2,0,0,,0,0,0,0,0,0,0,0,0,0,0.5,0.711,0.333,0,0,26,0,0,150,0,0,3,3,1,0,0,0,1,0,420,0,3,45,45.133,7.756,7.756,,,,,0,0,0,0,0,,,0,0,0,0,0,0,0,0,0,0,0,0,0,0,0,0,0,0,0,0.342,0.436,1.351,0.012,0,kalabalik
13,Run50_AlphaDengeV1,Davranış yönü,bahcivan,standart,100,HA · almayan eş,4,,,26,26,0,0,0,0,22,3,1,0,0,53,53,1,0,0,56,4,0,68,8,0,601,4,3,12,1.25,1,2.892,0.9,4,0.3,2,15,2.8,1.5,2,1,,,46,0,,,,2.11,2.89,0,,,4,6,0.507,0,6.259,43,4,7,0,keskin_bicakx1,5,0.033,45,3,9,6,0,0,2,0,4,,0,0,0,0,0,0,0,0,0,0,0.5,1.178,0.578,0,0,34,0,0,331,0,0,3,3,1,6,0,0,1.0667,0,440,0,3,45,45.133,6.685,6.685,,,,,0,0,0,0,0,,,0,0,0,0,0,0,0,0,0,0,0,0,0,0,0,0,0,0,0,0.372,0.473,2.009,0.013,0,kalabalik
13,Run50_AlphaDengeV1,Davranış yönü,bahcivan,standart,100,HA · almayan eş,5,,,29,26,3,0,0,0,26,2,1,0,0,50,103,1,0,0,60,4,0,68,12,0,653,6,6,12,1.25,1,2.892,0.9,4,0.3,2,15,3.53,1.61,2,3,,,28,0,,,,2.39,7.23,8.67,,,6,9,0.566,0.111,6.774,60,0,7,2,keskin_bicakx1,6,0.044,45,5,15,9,0,0,2,0,4,,0,0,0,0,0,0,0,0,0,0,0.667,1.111,0.644,3,0,40,0,0,74,0,0,3,4,4,6,0,0,1.0667,0,490,0,3,45,45.133,6.703,6.544,8.089,,,,7,0,0,0,0,,0.373,0,0,0,0,0,0,0,0,0,0,0,0,0,0,0,0,0,0,0,0.382,0.495,1.983,0.012,0,kalabalik
13,Run50_AlphaDengeV1,Davranış yönü,bahcivan,standart,100,HA · almayan eş,6,,,28,27,1,0,0,0,20,8,0,0,0,57,160,1,57,1,72,0,0,74,12,0,676,7,3,12.67,1.25,1,2.789,0.9,4,0.3,2,19,2.68,1.53,1.88,,,,40,0,0,,,2.49,3.14,,,,6,9,0.452,0.111,6.383,78,5,12,0,keskin_bicakx1,5,0.009,55,6,18,9,6,0,2,0,4,,0,0,0,0,0,0,0,0,0,0,0.667,1.036,0.509,1,0,47,0,0,260,0,0,3,4,4,6,0,0,1.0667,0,520,0,6,55,55.133,7.588,7.842,0.733,,,,1,0,0,0,0,,0.444,0,0,0,0,0,0,0,0,0,0,0,0,0,0,0,0,0,0,0,0.388,0.496,2.444,0.012,0,kalabalik
13,Run50_AlphaDengeV1,Davranış yönü,bahcivan,standart,100,HA · almayan eş,7,,,45,39,5,0,0,1,31,10,4,0,0,113,113,1,0,0,102,16,0,105,28,0,1249,9,6,13.33,1.25,1,2.37,0.9,4,0.3,2,23,3.48,1.54,2.22,2.5,,,48,0,0,,,2.19,9.49,16.6,,,8,12,0.648,0.333,6.69,99,1,13,2,keskin_bicakx1 hizli_bilekx1,9,0,55,8,24,12,6,0,2,0,4,,0,0,0,0,0,0,0,0,0,0,0.333,2.055,0.818,6,0,53,0,0,429,0,0,3,4,4,6,2,0,1.0667,0,600,0,3,55,55.133,10.005,10.806,4.8,,,,15,0,0,0,0,,0.365,0,0,0,0,0,0,0,0,0,0,0,0,0,0,0,0,0,0,0,0.401,0.524,2.06,0.013,0,kalabalik
13,Run50_AlphaDengeV1,Davranış yönü,bahcivan,standart,100,HA · almayan eş,8,,,45,41,3,0,0,1,35,6,4,0,0,114,227,1,0,0,100,16,0,103,44,0,1267,11,6,14,1.25,1,2.37,0.9,4,0.3,2,23,3.52,1.47,2,2,,,47,0,0,,,2.23,7.7,11.06,,,9,14,0.647,0.286,6.793,113,4,17,1,keskin_bicakx1 hizli_bilekx1,9,0,55,10,30,18,6,0,2,0,4,,0,0,0,0,0,0,0,0,0,0,0.571,2.073,0.818,4,0,53,0,0,456,0,0,3,9,6,14,2,0,1.1333,0,700,0,6,55,55.133,8.574,8.563,8.683,,,,9,0,0,0,0,,0.249,0,0,0,0,0,0,0,0,0,0,0,0,0,0,0,0,0,0,0,0.416,0.536,2.361,0.013,0,kalabalik
13,Run50_AlphaDengeV1,Davranış yönü,bahcivan,standart,100,HA · almayan eş,9,,,44,38,6,0,0,0,28,4,10,2,0,220,447,1,0,0,76,40,4,91,54,4,1736,13,6,14.67,1.25,1,2.286,0.9,4,0.3,2,24,3.88,1.73,2.25,2.7,3.5,,23,0,0,0,,4.37,9.72,11.89,38.87,,10,16,0.725,0.375,6.707,131,5,22,1,keskin_bicakx1 hizli_bilekx1,9,0,55,12,36,24,6,0,2,0,4,,0,0,0,0,0,0,0,0,0,0,0.438,4,0.8,6,0,42,0,0,742,0,0,3,10,6,14,5,0,1.1333,0,810,0,6,55,55.133,15.675,16.669,9.378,,,,12,0,0,0,0,,0.335,0,0,0,0,0,0,0,0,0,0,0,0,0,0,0,0,0,0,0,0.496,0.651,2.071,0.015,0,kalabalik
13,Run50_AlphaDengeV1,Davranış yönü,bahcivan,standart,100,HA · almayan eş,10,,,53,39,11,0,0,3,37,12,3,1,0,150,597,1,150,1,171,12,2,171,26,6,2140,16,9,16.36,1.25,1,2.204,0.9,4,0.3,2,24,3.79,1.38,2.71,2.5,2,,44,13,0,0,,2.43,11.33,11.02,17.6,,10,16,0.643,0.438,6.478,136,7,29,0,keskin_bicakx1 hizli_bilekx1,10,0,55,15,45,25,11,0,2,0,4,,0,0,0,0,0,0,0,0,0,0,0.688,2.727,0.964,14,0,67,0,0,242,0,0,3,10,6,24,5,0,1.2,0,1000,0,6,55,55.133,10.439,11.807,6.629,,,,29,0,0,0,0,,0.287,0,0,0,0,0,0,0,0,0,0,0,0,0,0,0,0,0,0,0,0.424,0.554,1.81,0.014,0,kalabalik
13,Run50_AlphaDengeV1,Davranış yönü,bahcivan,standart,100,HA · almayan eş,11,,,74,58,11,0,0,5,52,15,7,0,0,193,193,1,0,0,231,28,0,236,54,6,3302,19,9,18.13,1.25,1,2.125,0.9,4,0.3,2,30,3.87,1.32,1.73,2.33,,,49,18,0,0,,3.11,4.83,8.14,,,11,19,0.703,0.474,5.566,222,5,34,1,keskin_bicakx1 hizli_bilekx1 bereketli_toprakx1,11,0,65,18,54,25,20,0,2,0,4,,0,0,0,0,0,0,0,0,0,0,0.632,2.969,1.138,16,0,73,0,0,244,0,0,3,10,7,36,5,0,1.2667,0,1300,0,9,65,65.167,10.474,10.491,10.415,,,,35,0,0,0,0,,0.285,0,0,0,0,0,0,0,0,0,0,0,0,0,0,0,0,0,0,0,0.493,0.655,3.787,0.014,0,kalabalik
13,Run50_AlphaDengeV1,Davranış yönü,bahcivan,standart,100,HA · almayan eş,12,,,76,56,19,0,0,1,52,14,5,5,0,327,520,1,0,0,226,20,10,243,49,16,3249,21,6,18.13,1.25,1,2.048,0.9,4,0.3,2,31,4,1.38,2.08,2.33,4,,44,0,0,0,,3.68,7.88,10.92,16.37,,14,24,0.761,0.5,5.367,291,4,38,3,keskin_bicakx1 hizli_bilekx1 bereketli_toprakx1,12,0,65,20,60,25,29,0,2,0,4,,0,0,0,0,0,0,0,0,0,0,0.708,5.031,1.169,20,0,76,0,0,793,0,0,3,10,9,36,5,0,1.2667,0,1500,0,9,65,65.167,14.761,14.615,15.17,,,,46,0,0,0,0,,0.283,0,0,0,0,0,0,0,0,0,0,0,0,0,0,0,0,0,0,0,0.48,0.642,3.869,0.016,0,kalabalik
13,Run50_AlphaDengeV1,Davranış yönü,bahcivan,standart,100,HA · almayan eş,13,,,86,61,22,0,0,3,57,16,9,4,0,338,858,1,338,1,267,36,8,299,55,24,3968,23,6,19.2,1.25,1,1.975,0.935,4,0.3,2,32,3.88,1.33,1.92,1.4,2,,57,17,20,0,,3.49,5.76,4.74,31.6,,15,25,0.581,0.36,5.278,308,10,48,1,keskin_bicakx1 hizli_bilekx1 bereketli_toprakx1,12,0,65,22,66,25,35,0,2,0,4,,0,0,0,0,0,0,0,0,0,0,0.56,5.2,1.323,25,0,76,0,0,1561,0,0,3,10,10,66,5,0,1.4,0,1800,0,6,65,65.167,12.007,13.388,8.637,,,,62,0,0,0,0,,0.232,0,0,0,0,0,0,0,0,0,0,0,0,0,0,0,0,0,0,0,0.421,0.572,3.297,0.016,0,kalabalik
13,Run50_AlphaDengeV1,Davranış yönü,bahcivan,standart,100,HA · almayan eş,14,,,125,66,44,0,0,15,81,27,10,3,4,840,840,1,0,0,450,86,14,457,116,38,6549,27,12,20.27,1.25,1.3,1.904,0.97,4,0.3,2,34,3.97,1.34,1.44,1.67,2,1.5,57,42,11,0,0,2.42,4.29,6.34,1.9,14.28,15,31,0.7,0.419,5.148,391,7,55,3,keskin_bicakx1 hizli_bilekx1 bereketli_toprakx1 yikim_gucux1,18,0,65,26,78,31,35,0,2,0,4,,0,0,0,0,0,0,0,0,0,0,0.645,12.923,1.923,59,0,79,0,0,110,0,0,3,14,13,84,5,0,1.4667,0,2400,0,6,65,65.167,10.891,11.544,10.159,,,,162,0,0,0,0,,0.284,0,0,0,0,0,0,0,0,0,0,0,0,0,0,0,0,0,0,0,0.457,0.657,3.926,0.019,0,kalabalik
13,Run50_AlphaDengeV1,Davranış yönü,bahcivan,standart,100,HA · almayan eş,15,,,119,65,43,1,0,10,64,27,19,7,2,830,1670,1,0,0,399,95,23,410,126,61,7216,29,6,24.3,1.25,1.3,1.836,0.97,4,0.3,2,35,4,1.19,1.46,1.6,1.8,2,63,33,9,0,0,2.3,5.37,10.65,6.24,25.7,18,44,0.791,0.409,5.007,571,7,62,5,keskin_bicakx1 hizli_bilekx1 bereketli_toprakx1 yikim_gucux1,19,0,65,28,84,43,35,0,2,0,4,,0,0,0,0,0,0,0,0,0,0,0.818,12.769,1.831,54,0,94,0,0,2326,0,0,3,18,17,104,6,0,1.5333,0,2800,0,12,65,65.167,13.996,15.736,11.901,,,,139,0,0,0,0,,0.375,0,0,0,0,0,0,0,0,0,0,0,0,0,0,0,0,0,0,0,0.481,0.679,4.001,0.02,0,kalabalik
13,Run50_AlphaDengeV1,Davranış yönü,bahcivan,standart,100,HA · almayan eş,16,,,215,85,96,11,0,23,100,52,45,11,7,1962,3632,1,1962,1,630,340,49,743,453,90,14580,34,15,24.3,1.25,1.3,1.836,1.005,6,0.3,2,35,6,1.27,1.48,1.74,1.75,2.5,63,29,9,0,0,1.64,3.14,4.73,4.13,7.35,17,48,0.689,0.438,4.852,643,4,66,4,keskin_bicakx1 hizli_bilekx1 bereketli_toprakx1 yikim_gucux1,30,0,65,33,99,49,35,0,2,0,4,,0,0,0,0,0,0,0,0,0,0,0.729,30.185,3.308,130,0,99,0,0,906,0,0,3,19,19,125,6,0,1.6,0,3900,0,6,65,65.167,10.987,11.659,10.547,,,,312,0,0,0,0,,0.405,0,0,0,0,0,0,0,0,0,0,0,0,0,0,0,0,0,0,0,0.609,0.895,5.916,0.029,0,kalabalik
13,Run50_AlphaDengeV1,Davranış yönü,bahcivan,standart,100,HA · almayan eş,17,,,264,93,115,20,1,35,136,66,45,14,3,2091,2091,1,0,0,921,265,30,979,300,80,17524,38,12,28.62,1.25,1.69,1.778,1.04,6,0.3,2,36,5.94,1.27,1.3,1.47,2.13,,63,43,33,9,0,1.38,2.16,3.55,8.23,,16,49,0.64,0.327,4.67,682,8,74,3,keskin_bicakx1 hizli_bilekx1 bereketli_toprakx1 yikim_gucux2,37,0,65,37,111,49,50,0,2,0,4,,0,0,0,0,0,0,0,0,0,0,0.571,32.169,4.062,171,0,120,0,0,1330,0,0,3,19,19,125,6,0,1.6,0,5000,0,15,65,65.167,8.395,11.221,6.858,,,,315,0,0,0,0,,0.419,0,0,0,0,0,0,0,0,0,0,0,0,0,0,0,0,0,0,0,0.662,0.926,4.35,0.029,0,kalabalik
13,Run50_AlphaDengeV1,Davranış yönü,bahcivan,standart,100,HA · almayan eş,18,,,254,94,106,14,0,40,127,59,38,24,6,3091,5182,1,0,0,894,269,68,928,524,148,16944,41,9,34.76,1.25,1.69,1.722,1.075,6,0.3,2,37,5.89,1.09,1.45,1.69,1.73,2.5,71,34,29,10,0,0.45,2.11,5.17,5.17,15.52,16,49,0.656,0.327,4.67,682,9,83,0,keskin_bicakx1 hizli_bilekx1 bereketli_toprakx1 yikim_gucux2,31,0,65,40,120,49,62,0,2,0,4,,0,0,0,0,0,0,0,0,0,0,0.714,47.554,3.908,160,0,143,0,0,2374,0,0,3,19,19,125,6,0,1.6,0,5900,0,12,65,65.167,5.937,8.934,4.176,,,,248,0,0,0,0,,0.595,0,0,0,0,0,0,0,0,0,0,0,0,0,0,0,0,0,0,0,0.649,0.944,4.129,0.028,0,kalabalik
13,Run50_AlphaDengeV1,Davranış yönü,bahcivan,standart,100,HA · almayan eş,19,,,329,111,144,16,0,58,165,75,53,29,7,3358,8540,1,0,0,1074,428,88,1137,914,116,22388,44,9,39.82,1.25,1.69,1.668,1.11,6,0.3,2,38,5.89,1.1,1.1,1.57,1.71,1.5,87,69,33,27,0,0.55,0.33,4.13,7.03,4.17,17,57,0.609,0.333,4.708,787,7,90,4,keskin_bicakx1 hizli_bilekx1 bereketli_toprakx1 yikim_gucux2,42,0,65,43,129,49,71,0,2,0,4,,0,0,0,0,0,0,0,0,0,0,0.632,51.662,5.062,218,0,161,0,0,5962,0,0,3,19,19,125,6,0,1.6,0,7000,0,9,65,65.167,6.966,10.032,5.405,,,,326,0,0,0,0,,0.665,0,0,0,0,0,0,0,0,0,0,0,0,0,0,0,0,0,0,0,0.629,0.887,4.425,0.031,0,kalabalik
13,Run50_AlphaDengeV1,Davranış yönü,bahcivan,standart,100,HA · almayan eş,20,,,295,98,127,32,2,36,143,78,39,28,7,3427,11967,1,3427,1,1098,351,98,1195,650,154,20669,47,9,43.38,1.25,1.69,1.668,1.195,6,0.3,2,38,6,1.24,1.31,1.4,1.75,2.5,59,56,47,0,0,1.02,2.09,4.34,6.25,13.33,24,81,0.645,0.37,4.735,1112,7,97,11,keskin_bicakx1 hizli_bilekx1 bereketli_toprakx1 yikim_gucux2,46,0,65,46,138,58,71,0,2,0,4,,0,0,0,0,0,0,0,0,0,0,0.617,52.723,4.538,197,0,173,0,0,4431,0,0,3,22,22,125,7,0,1.6,0,8200,0,9,65,65.167,8.348,10.584,7.236,,,,334,0,0,0,0,,0.538,0,0,0,0,0,0,0,0,0,0,0,0,0,0,0,0,0,0,0,0.608,0.877,4.209,0.032,0,kalabalik
13,Run50_AlphaDengeV1,Davranış yönü,bahcivan,standart,100,HA · almayan eş,21,,,387,113,174,42,2,56,174,101,71,29,12,4844,4844,1,0,0,1465,762,151,1675,852,305,31640,51,12,49.54,1.25,1.69,1.616,1.23,6,0.3,2,40,6,1.16,1.15,1.5,2,1.4,80,54,49,29,67,0.76,1.02,3.43,6.72,2.59,24,81,0.677,0.358,4.735,1112,6,103,0,keskin_bicakx1 hizli_bilekx1 bereketli_toprakx1 yikim_gucux2 kivilcimx1,58,0,65,50,150,67,71,0,2,0,4,,0,0,0,0,0,0,0,0,0,0,0.568,74.523,5.954,274,0,196,0,0,771,0,0,3,27,27,125,8,0,1.6,0,10000,0,9,65,65.167,10.516,14.797,8.751,,,,441,0,0,0,0,,0.566,0,0,0,0,0,0,0,0,0,0,0,0,0,0,0,0,0,0,0,0.715,1.008,4.477,0.036,0,kalabalik
13,Run50_AlphaDengeV1,Davranış yönü,bahcivan,standart,100,HA · almayan eş,22,,,419,117,188,35,3,76,194,118,60,38,9,5277,10121,1,0,0,1916,535,126,2311,1002,431,32001,54,9,49.54,1.25,1.69,1.565,1.315,6,0.3,2,41,6,1.17,1.19,1.08,1.55,2,75,67,48,37,0,0.56,0.97,0.91,1.99,6.25,24,81,0.663,0.395,4.619,1140,7,110,0,keskin_bicakx1 hizli_bilekx1 bereketli_toprakx1 yikim_gucux2 kivilcimx1,55,0,65,53,159,79,71,0,2,0,4,,0,0,0,0,0,0,0,0,0,0,0.506,81.185,6.446,302,0,208,0,0,1772,0,0,3,31,31,125,9,0,1.6,0,12000,0,12,65,65.167,7.582,8.482,7.234,,,,463,0,0,0,0,,0.622,0,0,0,0,0,0,0,0,0,0,0,0,0,0,0,0,0,0,0,0.763,1.076,4.146,0.039,0,kalabalik
13,Run50_AlphaDengeV1,Davranış yönü,bahcivan,standart,100,HA · almayan eş,23,,,339,90,158,28,1,62,155,88,60,26,10,4339,14460,1,4339,1,1432,632,162,2523,914,593,28414,56,6,56.1,1.25,1.69,1.565,1.315,6,0.3,2,41,4,1.07,1.13,1.11,1.67,1.4,92,68,38,33,0,0.42,0.54,0.52,3.13,2.19,24,81,0.715,0.346,4.585,1148,5,115,0,keskin_bicakx1 hizli_bilekx1 bereketli_toprakx1 yikim_gucux2 kivilcimx1,60,0,65,55,165,81,78,0,2,0,4,,0,0,0,0,0,0,0,0,0,0,0.753,66.754,5.215,249,0,234,0,0,6186,0,0,3,32,32,575,9,0,1.6667,0,13000,0,9,65,65.167,10.963,12.487,10.412,,,,422,0,0,0,0,,0.635,0,0,0,0,0,0,0,0,0,0,0,0,0,0,0,0,0,0,0,0.796,1.242,5.213,0.033,0,kalabalik
13,Run50_AlphaDengeV1,Davranış yönü,bahcivan,standart,100,HA · almayan eş,24,,,411,113,165,29,3,101,169,118,76,37,11,5942,5942,1,0,0,2120,792,132,3983,886,725,40519,59,9,56.1,1.25,1.69,1.516,1.365,6,0.3,2,42,6,1.1,1.37,1.52,1.55,1.17,74,42,35,8,50,0.31,2.22,3.2,2.62,0.51,24,81,0.681,0.321,4.473,1177,5,120,0,keskin_bicakx1 hizli_bilekx1 bereketli_toprakx1 yikim_gucux2 kivilcimx1 cifte_akimx1,60,0,65,58,174,81,84,0,2,0,4,cifte_akim@R23,31,31,0,50,40,0,0,0,0,0,0.642,91.415,6.323,258,0,286,0,0,6705,0,0,3,32,32,575,9,0,1.6667,0,14000,0,6,65,65.167,10.47,13.202,8.278,,,16.894,409,0,0,0,0,,0.596,0,0,0,0,0,0,0,0,0,0,0,0,0,0,0,0,0,0,0,0.704,1.105,5.439,0.037,0,kalabalik
13,Run50_AlphaDengeV1,Davranış yönü,bahcivan,standart,100,HA · almayan eş,25,,,463,126,194,32,1,110,212,121,74,49,7,6519,12461,1,0,0,1964,704,246,2892,790,921,43085,62,9,65.98,1.25,1.69,1.516,1.365,6,0.3,2,42,6,1.03,1.11,1.22,1.35,,92,62,33,53,0,0.1,0.76,1.68,1.6,,24,81,0.63,0.395,4.473,1177,8,128,0,keskin_bicakx1 hizli_bilekx1 bereketli_toprakx1 yikim_gucux2 kivilcimx1 cifte_akimx1,55,0,65,61,183,81,93,0,2,0,4,cifte_akim@R23,28,28,0,62,51,0,0,0,0,0,0.593,100.292,7.123,286,0,351,0,0,4790,0,0,3,32,32,1165,9,0,1.7333,0,16000,0,9,65,65.167,7.091,9.336,6.254,,,6.237,458,0,0,0,0,,0.591,0,0,0,0,0,0,0,0,0,0,0,0,0,0,0,0,0,0,0,0.655,0.949,4.695,0.037,0,kalabalik
13,Run50_AlphaDengeV1,Davranış yönü,bahcivan,standart,100,HA · almayan eş,26,,,503,160,187,31,2,123,217,140,88,43,15,7217,19678,1,7217,1,2558,944,258,3980,1214,1179,50283,65,9,65.98,1.25,1.69,1.468,1.415,9,0.3,2,44,7.86,1.08,1.2,1.39,1.25,1.17,89,68,53,52,60,0.44,1.37,2.45,1.29,0.98,24,81,0.408,0.21,4.419,1191,5,133,0,keskin_bicakx1 hizli_bilekx1 bereketli_toprakx1 yikim_gucux2 kivilcimx1 cifte_akimx1,54,0,65,64,192,81,102,0,2,0,4,cifte_akim@R23,60,60,0,59,44,0,0,0,0,0,0.296,111.031,7.738,299,0,363,0,0,4073,0,0,3,32,32,1165,9,0,1.7333,0,18000,0,9,65,65.167,4.456,6.247,3.553,,,4.081,498,0,0,0,0,,0.578,0,0,0,0,0,0,0,0,0,0,0,0,0,0,0,0,0,0,0,0.704,0.994,5.166,0.041,0,kalabalik
13,Run50_AlphaDengeV1,Davranış yönü,bahcivan,standart,100,HA · almayan eş,27,,,557,171,227,31,2,126,237,146,105,49,20,9436,9436,1,0,0,2913,1152,342,5153,1476,1521,57992,68,9,73.42,1.25,1.69,1.468,1.868,9,0.317,2,44,8.75,1.07,1.32,1.39,1.35,1.14,85,66,54,57,30,0.53,2.22,2.37,3.23,1.26,24,81,0.574,0.235,4.419,1191,5,138,0,keskin_bicakx1 hizli_bilekx1 bereketli_toprakx1 yikim_gucux2 kivilcimx1 cifte_akimx1 genis_savurusx1,70,0,65,67,201,81,111,0,2,0,4,cifte_akim@R23,61,61,0,63,49,0,0,0,0,0,0.531,145.169,8.569,337,0,382,0,0,5065,0,0,3,32,32,1895,9,0,1.8,0,21000,0,9,65,65.167,5.66,9.328,3.973,,,4.465,520,0,0,0,0,,0.621,0,0,0,0,0,0,0,0,0,0,0,0,0,0,0,0,0,0,0,0.707,1.02,5.438,0.042,0,kalabalik
13,Run50_AlphaDengeV1,Davranış yönü,bahcivan,standart,100,HA · almayan eş,28,,,611,189,240,31,1,150,272,137,118,67,17,10212,19648,1,0,0,2924,1491,404,5167,1927,1860,55615,70,6,79.64,1.25,1.69,1.422,1.934,9,0.317,2,45,8.62,1.01,1.09,1.27,1.37,1.57,89,71,64,47,30,0.02,0.41,1.73,2.9,5.69,24,81,0.537,0.235,4.311,1221,8,146,0,keskin_bicakx1 hizli_bilekx1 bereketli_toprakx1 yikim_gucux2 kivilcimx1 cifte_akimx1 genis_savurusx1,67,0,65,69,207,81,120,0,2,0,4,cifte_akim@R23,60,60,0,82,63,0,0,0,0,0,0.679,157.108,9.4,359,0,453,0,0,17680,0,0,3,32,32,1895,9,0,1.8,0,22000,0,9,65,65.167,4.773,6.355,4.078,,,3.965,564,0,0,0,0,,0.602,0,0,0,0,0,0,0,0,0,0,0,0,0,0,0,0,0,0,0,0.715,1.047,5.418,0.044,0,kalabalik
13,Run50_AlphaDengeV1,Davranış yönü,bahcivan,standart,100,HA · almayan eş,29,,,645,170,279,54,5,137,282,174,111,62,16,9927,29575,1,0,0,3610,1356,392,6487,1673,2252,64345,73,9,83.44,1.25,1.69,1.422,1.934,9,0.317,2,45,8.73,1.06,1.11,1.17,1.33,1.67,87,73,63,57,29,0.38,0.58,1.03,1.8,5.69,24,81,0.526,0.284,4.206,1252,5,151,0,keskin_bicakx1 hizli_bilekx1 bereketli_toprakx1 yikim_gucux2 kivilcimx1 cifte_akimx1 genis_savurusx1,66,0,65,72,216,81,126,0,2,0,4,cifte_akim@R23,61,61,0,71,59,0,0,0,0,0,0.519,152.723,9.923,416,0,490,0,0,13025,0,0,3,32,32,2755,9,0,1.8667,0,25000,0,6,65,65.167,4.349,4.906,4.023,,,5.046,650,0,0,0,0,,0.57,0,0,0,0,0,0,0,0,0,0,0,0,0,0,0,0,0,0,0,0.748,1.097,8.391,0.048,0,kalabalik
13,Run50_AlphaDengeV1,Davranış yönü,bahcivan,standart,100,HA · almayan eş,30,,,606,167,245,46,4,144,283,148,100,62,13,9150,38725,1,9150,1,3226,1183,418,6668,1546,2590,62435,75,6,94.04,1.25,1.69,1.377,2,9,0.333,2,47,8.53,1.07,1.23,1.23,1.53,1.75,82,52,45,38,40,0.65,2.4,2,3.03,5.86,24,81,0.556,0.333,4.206,1252,7,158,0,keskin_bicakx1 hizli_bilekx1 bereketli_toprakx1 yikim_gucux2 kivilcimx1 cifte_akimx1 genis_savurusx1,63,0,65,74,222,81,135,0,2,0,4,cifte_akim@R23,62,62,0,84,56,0,0,0,0,0,0.432,140.769,9.323,383,0,561,0,0,24460,0,0,3,32,32,2755,9,0,1.8667,0,27000,0,9,65,65.167,4.659,6.365,3.86,,,5.041,651,0,0,0,0,,0.506,0,0,0,0,0,0,0,0,0,0,0,0,0,0,0,0,0,0,0,0.742,1.103,8.542,0.049,0,kalabalik
13,Run50_AlphaDengeV1,Davranış yönü,bahcivan,standart,100,HA · almayan eş,31,,,703,202,288,36,2,175,289,182,141,77,14,11845,11845,1,0,0,4149,1535,420,7647,1941,3010,63114,78,9,94.04,1.25,1.69,1.17,2,9,0.333,2,55,8.51,1.1,1.2,1.42,1.62,2,86,76,63,36,0,0.39,1.22,2.11,2.48,6.55,24,81,0.509,0.309,4.096,1285,6,164,0,keskin_bicakx1 hizli_bilekx2 bereketli_toprakx1 yikim_gucux2 kivilcimx1 cifte_akimx1 genis_savurusx1,77,0,65,77,231,81,141,0,2,0,4,cifte_akim@R23,76,76,0,96,74,0,0,0,0,0,0.37,182.231,10.815,427,0,523,0,0,3574,0,0,3,32,32,3755,9,0,1.9333,0,30000,0,6,65,65.167,3.943,5.502,3.262,,,3.615,675,0,0,0,0,,0.585,0,0,0,0,0,0,0,0,0,0,0,0,0,0,0,0,0,0,0,0.765,1.111,4.423,0.049,0,kalabalik
13,Run50_AlphaDengeV1,Davranış yönü,bahcivan,standart,100,HA · almayan eş,32,,,877,267,354,23,5,228,380,219,165,89,24,15615,27460,1,0,0,4972,2280,745,9629,4101,3660,79225,80,6,100.86,1.25,1.69,1.17,2.066,12,0.35,2,55,10.75,1.09,1.27,1.34,1.45,1.75,92,79,68,57,50,0.26,1.01,1.5,2.62,3.51,24,81,0.406,0.235,4.055,1298,5,169,0,keskin_bicakx1 hizli_bilekx2 bereketli_toprakx1 yikim_gucux2 kivilcimx1 cifte_akimx1 genis_savurusx1,92,0,65,79,237,81,150,0,2,0,4,cifte_akim@R23,116,116,0,123,93,0,0,0,0,0,0.407,240.231,13.492,517,0,598,0,0,21799,0,0,3,32,32,3755,9,0,1.9333,0,32000,0,9,65,65.167,2.287,3.952,1.528,,,1.727,765,0,0,0,0,,0.677,0,0,0,0,0,0,0,0,0,0,0,0,0,0,0,0,0,0,0,0.791,1.163,4.847,0.053,0,kalabalik
13,Run50_AlphaDengeV1,Davranış yönü,bahcivan,standart,100,HA · almayan eş,33,,,761,221,302,32,3,203,351,193,123,73,21,13344,40804,1,13344,1,4795,1753,635,12704,3824,4295,82702,83,9,105.24,1.25,1.69,1.17,2.066,12,0.35,2,55,8.65,1.01,1.11,1.26,1.41,1.71,93,66,61,61,9,0.03,0.53,1.44,2.39,2.68,24,81,0.499,0.272,3.955,1331,4,173,0,keskin_bicakx1 hizli_bilekx2 bereketli_toprakx1 yikim_gucux2 kivilcimx1 cifte_akimx1 genis_savurusx1,86,0,65,82,246,81,156,0,2,0,4,cifte_akim@R23,88,88,0,102,83,0,0,0,0,0,0.556,205.292,11.708,457,0,628,0,0,5501,0,0,3,32,32,4855,9,0,2,0,35000,0,6,65,65.167,3.391,4.765,2.92,,,2.329,692,0,0,0,0,,0.652,0,0,0,0,0,0,0,0,0,0,0,0,0,0,0,0,0,0,0,0.776,1.145,5.711,0.05,0,kalabalik
13,Run50_AlphaDengeV1,Davranış yönü,bahcivan,standart,100,HA · almayan eş,34,,,859,242,347,58,3,209,385,223,154,78,19,15005,15005,1,0,0,5200,2210,655,12554,5394,4840,92097,85,6,112.36,1.25,2.197,1.17,2.132,12,0.367,2,55,10.31,1.03,1.18,1.43,1.36,1.6,92,75,65,49,71,0.07,0.61,2.39,1.86,4.21,24,81,0.455,0.259,3.943,1335,7,180,0,keskin_bicakx1 hizli_bilekx2 bereketli_toprakx1 yikim_gucux3 kivilcimx1 cifte_akimx1 genis_savurusx1,97,0,65,84,252,81,165,0,2,0,4,cifte_akim@R23,82,82,0,95,88,0,0,0,0,0,0.296,230.846,13.215,529,0,680,0,0,26598,0,0,3,32,32,4855,9,0,2,0,38000,0,9,65,65.167,2.989,4.518,2.397,,,2.345,706,0,0,0,0,,0.688,0,0,0,0,0,0,0,0,0,0,0,0,0,0,0,0,0,0,0,0.786,1.171,5.175,0.054,0,kalabalik
13,Run50_AlphaDengeV1,Davranış yönü,bahcivan,standart,100,HA · almayan eş,35,,,835,228,318,79,4,206,362,218,152,69,34,18355,33360,1,0,0,5670,2142,800,16924,5246,5640,83186,87,6,117.04,1.25,2.197,1.17,2.132,12,0.367,2,55,10.51,1.12,1.22,1.4,1.69,1.31,86,65,63,40,37,0.36,0.52,2.31,3.69,0.72,24,81,0.485,0.259,3.731,1411,3,183,0,keskin_bicakx1 hizli_bilekx2 bereketli_toprakx1 yikim_gucux3 kivilcimx1 cifte_akimx1 genis_savurusx1,93,0,65,86,258,81,170,1,2,0,4,cifte_akim@R23,88,88,0,83,74,0,0,0,0,0,0.37,282.385,12.846,533,0,705,0,0,32784,0,0,3,32,32,6155,9,0,2.0667,0,40000,0,6,65,65.167,2.821,3.745,2.478,,,2.449,743,0,0,0,0,,0.679,0,0,0,0,0,0,0,0,0,0,0,0,0,0,0,0,0,0,0,0.807,1.157,5.055,0.054,0,kalabalik
13,Run50_AlphaDengeV1,Davranış yönü,bahcivan,standart,100,HA · almayan eş,36,,,857,222,379,55,5,196,381,208,157,87,24,16538,49898,1,16538,1,4958,2685,820,19402,7931,6335,89484,89,6,131.64,1.25,2.197,1.124,2.198,12,0.383,2,57,10.77,1.12,1.28,1.38,1.62,1.63,85,73,55,49,27,0.45,1.75,2.03,3.37,2.11,24,81,0.471,0.235,3.731,1411,4,187,0,keskin_bicakx1 hizli_bilekx2 bereketli_toprakx1 yikim_gucux3 kivilcimx1 cifte_akimx1 genis_savurusx1,93,0,65,88,264,81,171,6,2,0,4,cifte_akim@R23,88,88,0,83,68,0,0,0,0,0,0.531,254.431,13.185,567,0,813,0,0,41268,0,0,3,32,32,6155,9,0,2.0667,0,42000,0,6,65,65.167,2.946,5.308,2.142,,,1.924,769,0,0,0,0,,0.708,0,0,0,0,0,0,0,0,0,0,0,0,0,0,0,0,0,0,0,0.814,1.173,5.096,0.056,0,kalabalik
13,Run50_AlphaDengeV1,Davranış yönü,bahcivan,standart,100,HA · almayan eş,37,,,1038,345,378,44,10,261,426,262,208,109,33,22675,22675,1,0,0,6502,3351,1128,20884,10582,7463,123706,92,9,155.9,1.25,2.197,0.787,2.198,12,0.383,2,82,9.05,1.04,1.23,1.37,1.57,1.43,96,76,61,51,56,0.13,0.49,1.36,1.68,0.73,24,81,0.409,0.21,3.545,1485,4,191,0,keskin_bicakx1 hizli_bilekx2 bereketli_toprakx1 yikim_gucux3 kivilcimx1 cifte_akimx1 genis_savurusx1 firtina_bilegix1,105,0,65,91,273,81,171,12,2,0,4,cifte_akim@R23,140,140,0,123,116,0,0,0,0,0,0.519,348.846,15.969,577,0,942,0,0,33974,0,0,3,32,32,7555,9,2,2.3467,0.1,46000,0,6,65,65.167,2.17,2.877,1.903,,,1.34,718,0,0,0,0,,0.742,0,0,0,0,0,0,0,0,0,0,0,0,0,0,0,0,0,0,0,0.855,1.241,4.641,0.062,0,kalabalik
13,Run50_AlphaDengeV1,Davranış yönü,bahcivan,standart,100,HA · almayan eş,38,,,1218,412,462,74,12,258,497,325,225,138,33,26104,48779,1,0,0,7712,3682,1343,28216,12564,8666,143400,95,9,178.9,1.25,2.197,0.681,2.198,12,0.4,2,95,9.13,1.03,1.13,1.17,1.44,1.38,96,79,72,63,39,0.11,0.36,0.47,1.39,0.63,24,81,0.35,0.148,3.233,1629,3,194,0,keskin_bicakx1 hizli_bilekx2 bereketli_toprakx1 yikim_gucux3 kivilcimx1 cifte_akimx1 genis_savurusx1 firtina_bilegix1,119,0.001,65,94,282,81,172,20,2,0,4,cifte_akim@R23,151,151,0,92,88,0,0,0,0,0,0.346,401.6,18.738,718,0,1101,0,0,34374,0,0,3,32,32,7555,9,2,2.3467,0.1,51000,0,9,65,65.167,1.539,2.054,1.296,,,1.079,925,0,0,0,0,,0.737,0,0,0,0,0,0,0,0,0,0,0,0,0,0,0,0,0,0,0,0.931,1.462,5.541,0.074,0,kalabalik
13,Run50_AlphaDengeV1,Davranış yönü,bahcivan,standart,100,HA · almayan eş,39,,,1358,494,518,94,6,246,543,376,254,145,40,27949,76728,1,0,0,9625,4707,1535,31141,16501,10201,159243,98,9,217.46,1.25,2.197,0.621,2.198,12,0.4,2,104,9.05,1,1.14,1.25,1.31,1.71,100,84,78,65,44,0,0.49,0.65,0.76,1.83,24,81,0.312,0.111,3.104,1696,4,198,0,keskin_bicakx1 hizli_bilekx2 bereketli_toprakx1 yikim_gucux3 kivilcimx1 cifte_akimx1 genis_savurusx1 firtina_bilegix1,135,0.016,65,97,291,81,172,29,2,0,4,cifte_akim@R23,172,172,0,79,78,0,0,0,0,0,0.247,429.985,20.892,786,0,1338,0,0,36617,0,0,3,32,32,9055,9,2,2.42,0.1,55000,0,9,65,65.167,1.21,1.718,0.935,,,0.721,886,0,0,0,0,,0.86,0,0,0,0,0,0,0,0,0,0,0,0,0,0,0,0,0,0,0,0.953,1.816,4.549,0.076,0,kalabalik
13,Run50_AlphaDengeV1,Davranış yönü,bahcivan,standart,100,HA · almayan eş,40,,,1362,475,496,108,14,269,536,374,249,157,46,31102,107830,1,31102,1,10239,5483,1911,40960,20084,11957,160577,101,9,254.02,1.25,2.197,0.59,2.198,12,0.417,2,110,7.65,1,1.05,1.14,1.35,1.35,100,88,79,62,53,0,0.16,0.43,1.08,1.69,24,81,0.354,0.099,2.86,1841,3,201,0,keskin_bicakx1 hizli_bilekx2 bereketli_toprakx1 yikim_gucux3 kivilcimx1 cifte_akimx1 genis_savurusx1 firtina_bilegix1,127,0.006,65,100,300,81,172,38,2,0,4,cifte_akim@R23,166,162,4,106,102,0,0,0,0,0,0.42,478.492,20.954,785,0,1557,0,0,27194,0,0,3,32,32,9055,9,3,2.53,0.15,60000,0,9,65,65.167,1.338,1.782,1.12,,,0.903,888,0,0,0,0,,0.834,0,0,0,0,0,0,0,0,0,0,0,0,0,0,0,0,0,0,0,0.943,1.798,5.75,0.074,0,kalabalik
13,Run50_AlphaDengeV1,Davranış yönü,bahcivan,standart,100,HA · almayan eş,41,,,1680,657,490,110,12,411,680,434,316,190,60,38726,38726,1,0,0,13443,6955,2343,48603,27039,14150,253911,105,12,287.33,2,2.197,0.567,2.198,12,0.417,2.111,114,8.56,1,1,1.01,1.1,1.09,100,100,98,88,80,0,0,0.02,0.26,0.28,24,81,0.315,0.123,2.557,2059,3,204,0,keskin_bicakx1 hizli_bilekx2 bereketli_toprakx1 yikim_gucux3 kivilcimx1 cifte_akimx1 genis_savurusx1 firtina_bilegix1 canavar_kesimix1,147,0.005,65,104,312,81,172,47,2,0,4,cifte_akim@R23,286,286,0,197,195,0,0,0,0,0,0.259,595.785,25.846,828,0,2992,0,0,31105,0,0,3,32,32,9055,9,5,2.706,0.23,67000,0,9,65,65.167,0.967,1.14,0.925,,,0.557,956,0,0,0,0,,0.912,0,0,0,0,0,0,0,0,0,0,0,0,0,0,0,0,0,0,0,1.066,2.126,10.929,0.086,1,kalabalik
13,Run50_AlphaDengeV1,Davranış yönü,bahcivan,standart,100,HA · almayan eş,42,,,2678,774,1101,163,32,608,984,717,544,345,88,61073,99799,1,0,0,23247,13614,4899,71085,40677,16939,366175,110,15,313.77,2,2.197,0.567,2.198,12,0.433,2.111,114,11.6,1,1,1.02,1.08,1.09,100,100,98,87,83,0,0,0.04,0.2,0.92,31,121,0.347,0.14,2.039,3858,3,207,15,keskin_bicakx1 hizli_bilekx2 bereketli_toprakx1 yikim_gucux3 kivilcimx1 cifte_akimx1 genis_savurusx1 firtina_bilegix1 canavar_kesimix1,235,0.001,65,109,327,81,172,59,2,0,4,cifte_akim@R23,216,216,0,226,206,0,0,8,0,0,0.256,939.585,41.2,1698,0,3273,0,0,45280,0,0,3,32,32,9055,9,6,2.816,0.28,76000,0,12,65,65.167,0.964,1.184,0.823,,,1.484,1971,0,0,0,0,,0.884,0,0,0,0,0,0,0,0,0,0,0,0,0,0,0,0,0,0,0,1.324,2.998,12.38,0.13,0,kalabalik
13,Run50_AlphaDengeV1,Davranış yönü,bahcivan,standart,100,HA · almayan eş,43,,,2632,713,1103,157,32,627,999,695,560,280,98,58756,158555,1,58756,1,23697,13152,4884,90682,53829,21628,373402,115,15,330.46,2,2.197,0.567,2.198,12,0.433,2.222,114,11.5,1,1,1.05,1.1,1.11,100,99,93,81,71,0,0,0.17,0.35,0.25,31,121,0.369,0.174,2.004,3924,2,209,0,keskin_bicakx1 hizli_bilekx2 bereketli_toprakx1 yikim_gucux3 kivilcimx1 cifte_akimx1 genis_savurusx1 firtina_bilegix1 canavar_kesimix1,233,0,65,114,342,96,172,59,2,0,4,cifte_akim@R23,248,248,0,257,224,0,0,0,0,0,0.372,903.938,40.492,1695,0,3613,0,0,18682,0,0,3,38,38,9055,9,6,2.816,0.28,86000,0,15,65,65.167,1.111,1.451,0.944,,,1.354,2044,0,0,0,0,,0.857,0,0,0,0,0,0,0,0,0,0,0,0,0,0,0,0,0,0,0,1.398,3.161,5.421,0.126,0,kalabalik
13,Run50_AlphaDengeV1,Davranış yönü,bahcivan,standart,100,HA · almayan eş,44,,,2686,678,1169,205,29,605,1010,713,556,319,88,60163,60163,1,0,0,24013,13554,4934,111975,67383,26562,403079,119,12,330.46,2,2.197,0.567,2.198,12,0.45,2.972,114,11.64,1,1,1.04,1.11,1.19,100,100,95,86,79,0,0,0.15,0.35,0.48,31,121,0.359,0.198,1.971,3991,2,211,0,keskin_bicakx1 hizli_bilekx2 bereketli_toprakx1 yikim_gucux3 kivilcimx1 cifte_akimx1 genis_savurusx1 firtina_bilegix1 canavar_kesimix1 agir_darbex1,230,0,65,118,354,111,172,59,2,0,4,cifte_akim@R23,226,226,0,252,237,0,0,0,0,0,0.289,925.585,41.323,1771,0,4852,0,0,65761,0,0,3,43,43,9055,11,6,2.816,0.28,94000,0,15,65,65.167,1.083,1.149,1.038,,,1.301,2036,0,0,0,0,,0.888,0,0,0,0,0,0,0,0,0,0,0,0,0,0,0,0,0,0,0,1.397,3.151,5.827,0.125,0,kalabalik
13,Run50_AlphaDengeV1,Davranış yönü,bahcivan,standart,100,HA · almayan eş,45,,,2695,658,1215,160,39,623,1020,672,555,343,105,64919,125082,1,0,0,23307,14514,5087,135282,81897,31409,396234,123,12,330.46,2,2.197,0.567,2.198,12,0.45,3.083,114,11.55,1,1,1.05,1.1,1.12,100,100,94,82,84,0,0,0.16,0.26,1.09,31,121,0.375,0.215,1.933,4068,1,212,0,keskin_bicakx1 hizli_bilekx2 bereketli_toprakx1 yikim_gucux3 kivilcimx1 cifte_akimx1 genis_savurusx1 firtina_bilegix1 canavar_kesimix1 agir_darbex1,237,0,65,122,366,121,174,59,2,0,4,cifte_akim@R23,226,226,0,285,273,0,0,0,0,0,0.306,998.754,41.462,1764,0,4994,0,0,71995,0,0,3,48,48,9055,13,6,2.816,0.28,100000,0,12,65,65.167,1.083,1.512,0.902,,,1.295,2044,0,0,0,0,,0.884,0,0,0,0,0,0,0,0,0,0,0,0,0,0,0,0,0,0,0,1.374,3.151,6.686,0.128,0,kalabalik
13,Run50_AlphaDengeV1,Davranış yönü,bahcivan,standart,100,HA · almayan eş,46,,,2031,657,778,93,25,478,767,544,413,231,76,46483,171565,1,46483,1,18439,11208,3403,151321,93105,34812,288563,126,9,330.46,2,2.197,0.567,2.198,12,0.45,3.083,114,10.16,1,1,1.04,1.05,1.11,100,100,90,83,75,0,0,0.07,0.43,0.45,31,121,0.31,0.157,1.933,4068,1,213,0,keskin_bicakx1 hizli_bilekx2 bereketli_toprakx1 yikim_gucux3 kivilcimx1 cifte_akimx1 genis_savurusx1 firtina_bilegix1 canavar_kesimix1 agir_darbex1,178,0,65,125,375,121,186,59,2,0,4,cifte_akim@R23,251,251,0,255,236,0,0,0,0,0,0.289,715.123,31.246,1138,0,4994,0,0,40558,0,0,3,48,48,9055,13,6,2.816,0.28,110000,0,12,65,65.167,1.225,1.51,1.063,,,1.206,1543,0,0,0,0,,0.783,0,0,0,0,0,0,0,0,0,0,0,0,0,0,0,0,0,0,0,1.231,2.61,5.575,0.112,0,kalabalik
13,Run50_AlphaDengeV1,Davranış yönü,bahcivan,standart,100,HA · almayan eş,47,,,2784,770,1161,116,50,687,1024,738,577,350,95,66134,66134,1,0,0,24954,14652,4971,176275,107757,39493,451371,130,12,330.46,2,2.197,0.482,2.198,12,0.45,3.194,134,11.01,1,1,1.05,1.06,1.12,100,98,88,86,83,0,0.01,0.15,0.16,0.23,31,121,0.363,0.149,1.933,4068,1,214,0,keskin_bicakx1 hizli_bilekx3 bereketli_toprakx1 yikim_gucux3 kivilcimx1 cifte_akimx1 genis_savurusx1 firtina_bilegix1 canavar_kesimix1 agir_darbex1,245,0.001,65,129,387,121,195,59,2,0,4,cifte_akim@R23,291,291,0,323,299,0,0,0,0,0,0.388,1017.446,42.831,1715,0,5187,0,0,31929,0,0,3,48,48,9055,13,6,2.816,0.28,120000,0,9,65,65.167,1.005,1.325,0.895,,,0.809,2337,0,0,0,0,,0.767,0,0,0,0,0,0,0,0,0,0,0,0,0,0,0,0,0,0,0,1.451,3.362,6.298,0.138,0,kalabalik
13,Run50_AlphaDengeV1,Davranış yönü,bahcivan,standart,100,HA · almayan eş,48,,,2722,763,1110,104,44,701,1025,695,579,312,111,66040,132174,1,0,0,24669,15324,5036,200944,123081,44529,442933,133,9,330.46,2,2.197,0.482,2.198,12,0.45,3.194,134,11.01,1,1.03,1.11,1.06,1.12,100,97,86,88,86,0,0.07,0.24,0.16,0.28,31,121,0.374,0.165,1.933,4068,0,214,0,keskin_bicakx1 hizli_bilekx3 bereketli_toprakx1 yikim_gucux3 kivilcimx1 cifte_akimx1 genis_savurusx1 firtina_bilegix1 canavar_kesimix1 agir_darbex1,244,0,65,132,396,121,207,59,2,0,4,cifte_akim@R23,318,318,0,336,294,0,0,2,0,0,0.545,1016,41.877,1665,0,5187,0,0,104862,0,0,3,48,48,9055,13,6,2.816,0.28,130000,0,12,65,65.167,1.038,1.316,0.961,,,0.753,2286,0,0,0,0,,0.769,0,0,0,0,0,0,0,0,0,0,0,0,0,0,0,0,0,0,0,1.433,3.199,5.956,0.135,0,kalabalik
13,Run50_AlphaDengeV1,Davranış yönü,bahcivan,standart,100,HA · almayan eş,49,,,2805,738,1156,144,46,721,1023,727,613,359,83,63701,195875,1,0,0,22851,14868,5356,223795,137949,49555,490078,137,12,330.46,2,2.197,0.482,2.198,12,0.45,3.306,134,10.93,1,1.01,1.07,1.07,1.03,100,96,88,85,88,0,0.03,0.17,0.25,0.08,31,121,0.364,0.19,1.908,4122,1,215,0,keskin_bicakx1 hizli_bilekx3 bereketli_toprakx1 yikim_gucux3 kivilcimx1 cifte_akimx1 genis_savurusx1 firtina_bilegix1 canavar_kesimix1 agir_darbex1,250,0,65,136,408,121,216,59,2,0,4,cifte_akim@R23,315,315,0,368,318,0,0,0,0,0,0.488,980.015,43.154,1749,0,5381,0,0,64940,0,0,3,48,48,9055,13,6,2.816,0.28,140000,0,9,65,65.167,1,1.268,0.917,,,0.833,2411,0,0,0,0,,0.762,0,0,0,0,0,0,0,0,0,0,0,0,0,0,0,0,0,0,0,1.442,3.242,5.94,0.135,0,kalabalik
13,Run50_AlphaDengeV1,Davranış yönü,bahcivan,standart,100,HA · almayan eş,50,,,2421,614,989,128,32,658,869,661,512,280,99,59111,254986,1,59111,1,22350,13350,4300,246145,151299,53855,383582,140,9,330.46,2,2.197,0.482,2.198,12,0.45,3.306,134,8.81,1,1.02,1.07,1.04,1.14,100,92,82,87,76,0,0.08,0.19,0.09,0.84,31,121,0.449,0.256,1.908,4122,0,215,0,keskin_bicakx1 hizli_bilekx3 bereketli_toprakx1 yikim_gucux3 kivilcimx1 cifte_akimx1 genis_savurusx1 firtina_bilegix1 canavar_kesimix1 agir_darbex1,222,0,65,139,417,121,228,59,2,0,4,cifte_akim@R23,285,285,0,329,281,0,0,0,0,0,0.397,909.4,37.246,1526,0,5368,0,0,18522,0,0,3,48,48,9055,13,6,2.816,0.28,150000,0,12,65,65.167,1.432,1.795,1.354,,,1.058,2173,0,0,0,0,,0.754,0,0,0,0,0,0,0,0,0,0,0,0,0,0,0,0,0,0,0,1.342,2.905,6.043,0.122,0,kalabalik
13,Run50_AlphaDengeV1,Davranış yönü,bahcivan,standart,100,HA · almayan eş,50,KAZANDI
13,Run50_AlphaDengeV1,Davranış yönü,bahcivan,standart,100,LAB R30 A ödülsüz #1,30,,,630,186,222,46,4,172,247,179,133,60,11,9909,9909,1,9909,1,3451,1570,330,3531,1570,330,74883,40,117,94.04,1.25,1.69,1.377,2,9,0.333,2,47,8.62,1.04,1.19,1.2,1.47,1.33,86,71,58,41,38,0.25,1.45,0.83,3.64,1.38,24,81,0.559,0.284,4.206,1252,0,0,0,keskin_bicakx1 hizli_bilekx1 bereketli_toprakx1 yikim_gucux2 kivilcimx1 cifte_akimx1 genis_savurusx1,70,0,65,39,117,0,0,0,0,0,30,,68,68,0,104,74,0,0,0,0,0,0.346,152.446,9.692,370,0,440,0,0,253,0,0,30,32,32,0,0,0,1.8667,0,5600,0,0,65,65.167,4.392,5.341,4.114,,,3.396,631,0,0,0,0,,0.585,0,0,0,0,0,0,0,0,0,0,0,0,0,0,0,0,0,0,0,0.769,1.14,8.882,0.049,0,kalabalik
13,Run50_AlphaDengeV1,Davranış yönü,bahcivan,standart,100,LAB R30 B +zincir_hasat [mevcut] #1,30,,,736,189,301,59,2,185,311,212,137,59,17,11569,11569,1,11569,1,4014,1738,386,4094,1738,386,66496,38,111,94.04,1.25,1.69,1.377,2,9,0.333,2,47,8.34,1.06,1.13,1.16,1.48,2.2,85,65,67,37,0,0.24,1.08,0.62,4.33,14.05,24,81,0.489,0.173,4.206,1252,0,0,0,keskin_bicakx1 hizli_bilekx1 bereketli_toprakx1 yikim_gucux2 kivilcimx1 cifte_akimx1 genis_savurusx1 zincir_hasatx1,84,0,65,37,111,0,0,0,0,0,30,,80,80,0,71,52,0,0,1,0,0,0.346,177.985,11.323,325,170,469,0,0,2166,0,0,30,32,32,0,0,0,1.8667,0,5000,0,0,65,65.167,3.312,4.448,2.412,4.043,4.613,2.084,520,455,393,140,30,0.394,0.564,303,95,156,29,156,29,317,30,0,0,0,52,1,4,193,170,165,20,17,0.891,1.42,21.847,0.045,0,kalabalik
13,Run50_AlphaDengeV1,Davranış yönü,bahcivan,standart,100,LAB R30 B +zincir_hasat [şans üst] #1,30,,,753,173,355,67,7,151,341,208,121,58,25,12679,12679,1,12679,1,4682,1522,438,4762,1522,438,70917,39,114,94.04,1.25,1.69,1.377,2,9,0.333,2,47,8.55,1.01,1.05,1.19,1.33,1.25,81,64,47,35,30,0.11,0.31,1.43,0.92,0.69,24,81,0.473,0.185,4.206,1252,0,0,0,keskin_bicakx1 hizli_bilekx1 bereketli_toprakx1 yikim_gucux2 kivilcimx1 cifte_akimx1 genis_savurusx1 zincir_hasatx1,83,0,65,38,114,0,0,0,0,0,30,,65,65,0,49,34,0,0,1,0,0,0.457,195.062,11.585,321,225,544,0,0,1587,0,0,30,32,32,0,0,0,1.8667,0,5300,0,0,65,65.167,3.077,3.665,2.327,3.605,3.59,3.693,492,557,480,180,45,0.432,0.533,272,127,167,52,167,52,364,45,0,0,0,34,0,0,220,225,220,21,14,0.924,1.49,22.05,0.047,0,kalabalik
13,Run50_AlphaDengeV1,Davranış yönü,bahcivan,standart,100,LAB R30 B +zincir_hasat [hasar üst] #1,30,,,758,156,366,66,3,167,319,200,151,74,14,11453,11453,1,11453,1,3933,1923,416,4013,1923,416,73505,39,114,94.04,1.25,1.69,1.377,2,9,0.333,2,47,8.28,1.07,1.08,1.27,1.42,1.75,85,69,51,37,0,0.59,0.32,1.34,2.68,3.44,24,81,0.468,0.16,4.206,1252,0,0,0,keskin_bicakx1 hizli_bilekx1 bereketli_toprakx1 yikim_gucux2 kivilcimx1 cifte_akimx1 genis_savurusx1 zincir_hasatx1,86,0,65,38,114,0,0,0,0,0,30,,64,64,0,59,40,0,0,0,0,0,0.432,176.2,11.662,327,235,557,0,0,4175,0,0,30,32,32,0,0,0,1.8667,0,5300,0,0,65,65.167,3.022,4.459,2.101,3.191,4.448,2.692,483,434,369,195,40,0.548,0.619,297,152,143,51,143,51,353,40,0,0,0,40,0,0,197,235,234,24,16,0.887,1.487,21.688,0.044,0,kalabalik
13,Run50_AlphaDengeV1,Davranış yönü,bahcivan,standart,100,LAB R30 B +zincir_hasat [ikisi üst] #1,30,,,815,183,370,68,7,187,368,210,143,76,18,12329,12329,1,12329,1,4704,1800,436,4784,1800,436,79705,40,117,94.04,1.25,1.69,1.377,2,9,0.333,2,47,8.23,1.05,1.05,1.14,1.24,1.5,84,73,62,37,20,0.22,0.12,0.67,1.14,2.75,24,81,0.436,0.185,4.206,1252,0,0,0,keskin_bicakx1 hizli_bilekx1 bereketli_toprakx1 yikim_gucux2 kivilcimx1 cifte_akimx1 genis_savurusx1 zincir_hasatx1,83,0,65,39,117,0,0,0,0,0,30,,73,73,0,64,47,0,0,0,0,0,0.284,189.677,12.538,324,261,552,0,0,5075,0,0,30,32,32,0,0,0,1.8667,0,5600,0,0,65,65.167,2.618,3.419,1.77,3.114,3.126,2.584,498,548,487,199,62,0.513,0.599,284,150,190,64,190,64,340,62,0,0,0,47,0,0,259,261,256,31,22,0.944,1.569,22.288,0.047,0,kalabalik
13,Run50_AlphaDengeV1,Davranış yönü,bahcivan,standart,100,LAB R30 A ödülsüz #2,30,,,624,169,242,40,3,170,275,147,113,65,24,12422,12422,1,12422,1,3722,1476,396,3802,1476,396,59139,36,105,94.04,1.25,1.69,1.377,2,9,0.333,2,47,8.51,1.1,1.21,1.26,1.48,2,78,69,56,36,58,0.74,1.89,0.94,2.1,8.07,24,81,0.553,0.198,4.206,1252,0,0,0,keskin_bicakx1 hizli_bilekx1 bereketli_toprakx1 yikim_gucux2 kivilcimx1 cifte_akimx1 genis_savurusx1,73,0,65,35,105,0,0,0,0,0,30,,73,73,0,101,69,0,0,0,0,0,0.531,191.108,9.6,386,0,395,0,0,3909,0,0,30,32,32,0,0,0,1.8667,0,4400,0,0,65,65.167,3.934,5.247,3.408,,,3.658,625,0,0,0,0,,0.609,0,0,0,0,0,0,0,0,0,0,0,0,0,0,0,0,0,0,0,0.768,1.103,12.494,0.051,0,kalabalik
13,Run50_AlphaDengeV1,Davranış yönü,bahcivan,standart,100,LAB R30 B +zincir_hasat [mevcut] #2,30,,,750,190,316,57,8,179,335,204,108,80,23,12663,12663,1,12663,1,4679,1343,502,4759,1343,502,71735,39,114,94.04,1.25,1.69,1.377,2,9,0.333,2,47,8.34,1.02,1.16,1.28,1.27,1.5,87,63,50,29,25,0.17,0.75,1.13,1.84,4.82,24,81,0.485,0.148,4.206,1252,0,0,0,keskin_bicakx1 hizli_bilekx1 bereketli_toprakx1 yikim_gucux2 kivilcimx1 cifte_akimx1 genis_savurusx1 zincir_hasatx1,84,0.001,65,38,114,0,0,0,0,0,30,,67,67,0,64,44,0,0,0,0,0,0.383,194.815,11.538,323,193,503,0,0,2405,0,0,30,32,32,0,0,0,1.8667,0,5300,0,0,65,65.167,3.205,3.847,2.479,3.991,3.307,2.882,482,546,466,156,37,0.366,0.573,305,141,167,41,167,41,297,37,0,0,0,44,3,111,322,193,190,33,24,0.908,1.444,24.91,0.045,0,kalabalik
13,Run50_AlphaDengeV1,Davranış yönü,bahcivan,standart,100,LAB R30 B +zincir_hasat [şans üst] #2,30,,,785,183,358,60,6,178,332,227,126,74,26,13980,13980,1,13980,1,4993,1742,468,5073,1742,468,76920,40,117,94.04,1.25,1.69,1.377,2,9,0.333,2,47,8.36,1.01,1.08,1.33,1.09,1.14,91,69,41,53,56,0.07,0.54,1.53,0.5,0.79,24,81,0.458,0.21,4.206,1252,0,0,0,keskin_bicakx1 hizli_bilekx1 bereketli_toprakx1 yikim_gucux2 kivilcimx1 cifte_akimx1 genis_savurusx1 zincir_hasatx1,81,0,65,39,117,0,0,0,0,0,30,,75,75,0,52,36,0,0,1,0,0,0.259,215.077,12.077,331,235,557,0,0,2290,0,0,30,32,32,0,0,0,1.8667,0,5600,0,0,65,65.167,2.868,3.488,1.991,3.758,3.519,2.284,508,615,527,187,48,0.38,0.589,305,132,203,57,203,57,351,48,0,0,0,36,0,0,266,235,228,29,23,0.944,1.548,23.671,0.046,0,kalabalik
13,Run50_AlphaDengeV1,Davranış yönü,bahcivan,standart,100,LAB R30 B +zincir_hasat [hasar üst] #2,30,,,744,190,312,51,4,187,335,179,125,79,26,14112,14112,1,14112,1,4025,1839,542,4105,1839,542,75867,40,117,94.04,1.25,1.69,1.377,2,9,0.333,2,47,8.26,1.01,1.07,1.24,1.5,1.5,88,74,53,29,36,0.07,0.38,1.04,3.14,4.82,24,81,0.48,0.136,4.206,1252,0,0,0,keskin_bicakx1 hizli_bilekx1 bereketli_toprakx1 yikim_gucux2 kivilcimx1 cifte_akimx1 genis_savurusx1 zincir_hasatx1,86,0.004,65,39,117,0,0,0,0,0,30,,79,79,0,73,49,0,0,0,0,0,0.444,217.108,11.446,291,214,465,0,0,1237,0,0,30,32,32,0,0,0,1.8667,0,5600,0,0,65,65.167,3.128,4.05,2.622,3,3.37,2.812,474,453,375,173,41,0.484,0.609,274,148,144,49,144,49,290,41,0,0,0,49,1,19,213,214,209,33,19,0.889,1.398,25.118,0.047,0,kalabalik
13,Run50_AlphaDengeV1,Davranış yönü,bahcivan,standart,100,LAB R30 B +zincir_hasat [ikisi üst] #2,30,,,797,187,376,53,6,175,338,204,152,84,19,13582,13582,1,13582,1,4595,1820,478,4675,1820,478,74691,40,117,94.04,1.25,1.69,1.377,2,9,0.333,2,47,7.98,1.03,1.06,1.29,1.4,1,86,81,52,35,25,0.04,0.32,1.41,3.03,0,24,81,0.442,0.16,4.206,1252,0,0,0,keskin_bicakx1 hizli_bilekx1 bereketli_toprakx1 yikim_gucux2 kivilcimx1 cifte_akimx1 genis_savurusx1 zincir_hasatx1,84,0,65,39,117,0,0,0,0,0,30,,66,66,0,59,43,0,0,0,0,0,0.383,208.954,12.262,287,280,557,0,0,61,0,0,30,32,32,0,0,0,1.8667,0,5600,0,0,65,65.167,2.698,3.847,2,2.457,3.482,2.24,478,566,491,209,71,0.548,0.575,258,153,178,79,178,79,331,71,0,0,0,43,0,0,265,280,276,48,22,0.945,1.626,23.887,0.047,0,kalabalik
13,Run50_AlphaDengeV1,Davranış yönü,bahcivan,standart,100,LAB R30 A ödülsüz #3,30,,,617,163,257,32,4,161,270,169,96,64,18,10641,10641,1,10641,1,3275,1190,470,3355,1190,470,62599,37,108,94.04,1.25,1.69,1.377,2,9,0.333,2,47,8.51,1.11,1.25,1.2,1.5,1.8,85,64,55,43,40,0.48,1.31,1.65,4.13,9.91,24,81,0.561,0.235,4.206,1252,0,0,0,keskin_bicakx1 hizli_bilekx1 bereketli_toprakx1 yikim_gucux2 kivilcimx1 cifte_akimx1 genis_savurusx1,70,0,65,36,108,0,0,0,0,0,30,,65,65,0,88,67,0,0,0,0,0,0.457,163.708,9.492,387,0,548,0,0,2969,0,0,30,32,32,0,0,0,1.8667,0,4700,0,0,65,65.167,4.351,5.594,3.983,,,3.454,620,0,0,0,0,,0.621,0,0,0,0,0,0,0,0,0,0,0,0,0,0,0,0,0,0,0,0.761,1.138,11.905,0.05,0,kalabalik
13,Run50_AlphaDengeV1,Davranış yönü,bahcivan,standart,100,LAB R30 B +zincir_hasat [mevcut] #3,30,,,714,174,315,50,3,172,302,176,139,76,21,12835,12835,1,12835,1,4023,1630,524,4103,1630,524,68605,38,111,94.04,1.25,1.69,1.377,2,9,0.333,2,47,8.36,1.08,1.14,1.25,1.52,1.2,87,77,40,33,60,0.19,1.16,0.8,1.84,1.11,24,81,0.496,0.222,4.206,1252,0,0,0,keskin_bicakx1 hizli_bilekx1 bereketli_toprakx1 yikim_gucux2 kivilcimx1 cifte_akimx1 genis_savurusx1 zincir_hasatx1,75,0,65,37,111,0,0,0,0,0,30,,62,62,0,72,50,0,0,0,0,0,0.506,197.462,10.985,321,169,552,0,0,4275,0,0,30,32,32,0,0,0,1.8667,0,5000,0,0,65,65.167,3.304,4.123,2.341,4.438,4.991,2.321,504,429,368,126,43,0.416,0.585,283,111,135,45,135,45,281,43,0,0,0,50,0,0,182,169,169,17,16,0.89,1.446,22.184,0.047,0,kalabalik
13,Run50_AlphaDengeV1,Davranış yönü,bahcivan,standart,100,LAB R30 B +zincir_hasat [şans üst] #3,30,,,749,177,335,75,6,156,318,187,153,68,23,12746,12746,1,12746,1,3871,1898,568,3951,1898,568,70855,39,114,94.04,1.25,1.69,1.377,2,9,0.333,2,47,8.26,1.05,1.04,1.18,1.4,1,83,70,52,44,14,0.16,0.19,0.79,1.92,0,24,81,0.469,0.222,4.206,1252,0,0,0,keskin_bicakx1 hizli_bilekx1 bereketli_toprakx1 yikim_gucux2 kivilcimx1 cifte_akimx1 genis_savurusx1 zincir_hasatx1,80,0,65,38,114,0,0,0,0,0,30,,55,55,0,61,39,0,0,0,0,0,0.457,196.092,11.523,308,225,557,0,0,1525,0,0,30,32,32,0,0,0,1.8667,0,5300,0,0,65,65.167,3.004,3.793,2.206,2.853,5.596,3.582,498,615,517,182,43,0.354,0.562,300,128,195,61,195,61,316,43,0,0,0,39,0,0,261,225,223,26,22,0.945,1.528,22.128,0.046,0,kalabalik
13,Run50_AlphaDengeV1,Davranış yönü,bahcivan,standart,100,LAB R30 B +zincir_hasat [hasar üst] #3,30,,,779,179,340,56,10,194,310,220,137,85,27,15000,15000,1,15000,1,4741,1595,618,4821,1595,618,76418,40,117,94.04,1.25,1.69,1.377,2,9,0.333,2,47,8.26,1.05,1.13,1.23,1.32,1.33,85,70,47,34,57,0.17,0.69,1.89,1.59,1.38,24,81,0.458,0.21,4.206,1252,0,0,0,keskin_bicakx1 hizli_bilekx1 bereketli_toprakx1 yikim_gucux2 kivilcimx1 cifte_akimx1 genis_savurusx1 zincir_hasatx1,77,0,65,39,117,0,0,0,0,0,30,,78,78,0,77,57,0,0,0,0,0,0.37,230.769,11.985,341,202,544,0,0,1788,0,0,30,32,32,0,0,0,1.8667,0,5600,0,0,65,65.167,2.834,3.558,2.076,3.349,4.977,2.106,583,408,362,161,41,0.539,0.558,287,129,134,38,134,38,329,41,0,0,0,57,0,0,173,202,202,30,14,0.909,1.513,22.738,0.048,0,kalabalik
13,Run50_AlphaDengeV1,Davranış yönü,bahcivan,standart,100,LAB R30 B +zincir_hasat [ikisi üst] #3,30,,,811,184,347,70,5,205,365,203,133,81,29,14422,14422,1,14422,1,4588,1824,664,4668,1824,664,81715,41,120,94.04,1.25,1.69,1.377,2,9,0.333,2,47,7.91,1.02,1.08,1.19,1.38,1.33,84,72,61,39,29,0.1,0.52,0.84,1.06,1.6,24,81,0.434,0.148,4.206,1252,0,0,0,keskin_bicakx1 hizli_bilekx1 bereketli_toprakx1 yikim_gucux2 kivilcimx1 cifte_akimx1 genis_savurusx1 zincir_hasatx1,86,0.003,65,40,120,0,0,0,0,0,30,,85,85,0,75,52,0,0,0,0,0,0.321,221.877,12.477,321,254,536,0,0,1485,0,0,30,32,32,0,0,0,1.8667,0,5900,0,0,65,65.167,2.585,3.168,1.876,3.269,2.619,2.254,524,522,436,199,55,0.505,0.633,309,134,198,56,198,56,359,55,0,0,0,52,2,70,359,254,253,49,27,0.939,1.567,21.594,0.046,0,kalabalik
13,Run50_AlphaDengeV1,Davranış yönü,bahcivan,standart,100,LAB R40 A ödülsüz #1,40,,,1367,471,514,114,11,257,540,364,252,151,60,33627,33627,1,33627,1,11425,5531,1911,11505,5531,1911,172999,52,153,254.02,1.25,2.197,0.59,2.198,12,0.417,2,110,7.75,1,1.04,1.18,1.28,1.32,100,89,79,66,55,0,0.11,0.57,0.75,0.88,24,81,0.363,0.148,2.86,1841,0,0,0,keskin_bicakx1 hizli_bilekx2 bereketli_toprakx1 yikim_gucux3 kivilcimx1 cifte_akimx1 genis_savurusx1 firtina_bilegix1,136,0.001,65,51,153,0,0,0,0,0,40,,165,164,1,97,89,0,0,0,0,0,0.272,517.338,21.031,807,0,1566,0,0,6469,0,0,40,32,32,0,0,0,2.53,0,10000,0,0,65,65.167,1.315,1.747,1.095,,,1.026,919,0,0,0,0,,0.83,0,0,0,0,0,0,0,0,0,0,0,0,0,0,0,0,0,0,0,0.973,1.783,12.768,0.081,0,kalabalik
13,Run50_AlphaDengeV1,Davranış yönü,bahcivan,standart,100,LAB R40 B +zincir_hasat [mevcut] #1,40,,,1533,494,644,115,17,263,624,378,310,168,53,33683,33683,1,33683,1,11291,6776,2079,11371,6776,2079,182904,53,156,254.02,1.25,2.197,0.59,2.198,12,0.417,2,110,7.66,1,1.05,1.2,1.17,1.32,100,91,76,67,43,0,0.17,0.49,0.59,0.77,24,81,0.292,0.062,2.86,1841,0,0,0,keskin_bicakx1 hizli_bilekx2 bereketli_toprakx1 yikim_gucux3 kivilcimx1 cifte_akimx1 genis_savurusx1 firtina_bilegix1 zincir_hasatx1,145,0.049,65,52,156,0,0,0,0,0,40,,160,159,1,72,70,0,0,0,0,0,0.136,518.2,23.585,667,302,1561,0,0,6374,0,0,40,32,32,0,0,0,2.53,0,11000,0,0,65,65.167,0.956,1.231,0.674,1.115,1.551,0.682,755,489,420,250,52,0.723,0.84,620,189,314,63,314,63,574,52,0,0,0,70,24,391,768,302,299,42,29,1.131,1.996,21.011,0.079,0,kalabalik
13,Run50_AlphaDengeV1,Davranış yönü,bahcivan,standart,100,LAB R40 B +zincir_hasat [şans üst] #1,40,,,1556,469,668,130,9,280,627,401,322,165,41,31738,31738,1,31738,1,11056,6347,2100,11136,6347,2100,192401,54,159,254.02,1.25,2.197,0.59,2.198,12,0.417,2,110,7.24,1,1.02,1.11,1.24,1.29,100,89,80,64,60,0,0.02,0.44,0.63,0.85,24,81,0.285,0.086,2.86,1841,0,0,0,keskin_bicakx1 hizli_bilekx2 bereketli_toprakx1 yikim_gucux3 kivilcimx1 cifte_akimx1 genis_savurusx1 firtina_bilegix1 zincir_hasatx1,149,0.063,65,53,159,0,0,0,0,0,40,,156,155,1,63,62,0,0,0,0,0,0.148,488.277,23.938,617,408,1561,0,0,4871,0,0,40,32,32,0,0,0,2.53,0,12000,0,0,65,65.167,0.908,1.193,0.674,0.947,1.007,0.755,680,653,574,331,77,0.736,0.818,610,238,405,113,405,113,593,77,0,0,0,62,85,1273,1793,408,408,63,48,1.178,2.109,21.732,0.072,0,kalabalik
13,Run50_AlphaDengeV1,Davranış yönü,bahcivan,standart,100,LAB R40 B +zincir_hasat [hasar üst] #1,40,,,1572,453,634,172,19,294,616,427,305,157,67,37644,37644,1,37644,1,13118,6865,2079,13198,6865,2079,190928,54,159,254.02,1.25,2.197,0.59,2.198,12,0.417,2,110,6.82,1,1.06,1.08,1.16,1.3,100,89,77,74,58,0,0.34,0.18,0.38,0.79,24,81,0.274,0.074,2.86,1841,0,0,0,keskin_bicakx1 hizli_bilekx2 bereketli_toprakx1 yikim_gucux3 kivilcimx1 cifte_akimx1 genis_savurusx1 firtina_bilegix1 zincir_hasatx1,146,0.091,65,53,159,0,0,0,0,0,40,,159,159,0,77,75,0,0,2,0,0,0.111,579.138,24.185,621,423,1553,0,0,3398,0,0,40,32,32,0,0,0,2.53,0,12000,0,0,65,65.167,0.877,1.216,0.722,0.76,0.987,0.512,718,535,464,338,85,0.841,0.849,602,241,310,94,310,94,600,85,0,0,0,75,37,780,1186,423,423,104,68,1.141,1.928,19.858,0.076,0,kalabalik
13,Run50_AlphaDengeV1,Davranış yönü,bahcivan,standart,100,LAB R40 B +zincir_hasat [ikisi üst] #1,40,,,1558,427,674,148,20,289,616,423,290,172,57,35878,35878,1,35878,1,12488,6312,2177,12568,6312,2177,193346,54,159,254.02,1.25,2.197,0.59,2.198,12,0.417,2,110,6.65,1,1.04,1.16,1.11,1.29,100,85,74,74,55,0,0.07,0.31,0.23,0.84,24,81,0.286,0.049,2.86,1841,0,0,0,keskin_bicakx1 hizli_bilekx2 bereketli_toprakx1 yikim_gucux3 kivilcimx1 cifte_akimx1 genis_savurusx1 firtina_bilegix1 zincir_hasatx1,155,0.071,65,53,159,0,0,0,0,0,40,,139,138,1,58,57,0,0,0,0,0,0.198,551.969,23.969,542,532,1561,0,0,5816,0,0,40,32,32,0,0,0,2.53,0,12000,0,0,65,65.167,0.917,1.254,0.744,0.883,0.778,0.6,609,662,585,397,135,0.828,0.87,499,244,343,121,343,121,669,135,0,0,0,57,48,703,1187,532,529,114,64,1.156,1.974,22.863,0.07,0,kalabalik
13,Run50_AlphaDengeV1,Davranış yönü,bahcivan,standart,100,LAB R40 A ödülsüz #2,40,,,1357,498,515,104,10,230,539,355,288,133,42,29180,29180,1,29180,1,10411,5430,1666,10491,5430,1666,168735,52,153,254.02,1.25,2.197,0.59,2.198,12,0.417,2,110,7.76,1,1.06,1.19,1.24,1.5,100,91,79,71,57,0,0.25,0.55,0.72,1.89,24,81,0.366,0.148,2.86,1841,0,0,0,keskin_bicakx1 hizli_bilekx2 bereketli_toprakx1 yikim_gucux3 kivilcimx1 cifte_akimx1 genis_savurusx1 firtina_bilegix1,126,0.002,65,51,153,0,0,0,0,0,40,,189,185,4,96,88,0,0,0,0,0,0.173,448.923,20.877,771,0,1570,0,0,2205,0,0,40,32,32,0,0,0,2.53,0,10000,0,0,65,65.167,1.341,1.811,1.087,,,0.903,883,0,0,0,0,,0.857,0,0,0,0,0,0,0,0,0,0,0,0,0,0,0,0,0,0,0,0.986,1.845,11.106,0.082,0,kalabalik
13,Run50_AlphaDengeV1,Davranış yönü,bahcivan,standart,100,LAB R40 B +zincir_hasat [mevcut] #2,40,,,1516,469,604,126,23,294,616,390,286,172,52,34757,34757,1,34757,1,11333,5932,2247,11413,5932,2247,201472,55,162,254.02,1.25,2.197,0.59,2.198,12,0.417,2,110,7.22,1,1.03,1.12,1.21,1.25,100,90,81,68,50,0,0.07,0.39,0.71,1.03,24,81,0.301,0.062,2.86,1841,0,0,0,keskin_bicakx1 hizli_bilekx2 bereketli_toprakx1 yikim_gucux3 kivilcimx1 cifte_akimx1 genis_savurusx1 firtina_bilegix1 zincir_hasatx1,148,0.06,65,54,162,0,0,0,0,0,40,,173,168,5,81,78,0,0,0,0,0,0.235,534.723,23.323,621,348,1561,0,0,1942,0,0,40,32,32,0,0,0,2.53,0,12000,0,0,65,65.167,0.987,1.255,0.723,1.215,0.909,0.731,697,542,484,278,70,0.721,0.848,598,228,299,72,299,72,542,70,0,0,0,78,15,264,636,348,347,77,55,1.148,2.031,18.503,0.078,0,kalabalik
13,Run50_AlphaDengeV1,Davranış yönü,bahcivan,standart,100,LAB R40 B +zincir_hasat [şans üst] #2,40,,,1567,484,634,131,16,302,641,380,332,172,42,31988,31988,1,31988,1,11999,6512,1988,12079,6512,1988,201439,55,162,254.02,1.25,2.197,0.59,2.198,12,0.417,2,110,7,1,1.02,1.08,1.11,1.08,100,91,80,71,65,0,0.04,0.25,0.45,0.14,24,81,0.285,0.049,2.86,1841,0,0,0,keskin_bicakx1 hizli_bilekx2 bereketli_toprakx1 yikim_gucux3 kivilcimx1 cifte_akimx1 genis_savurusx1 firtina_bilegix1 zincir_hasatx1,154,0.065,65,54,162,0,0,0,0,0,40,,174,172,2,93,86,0,0,3,0,0,0.235,492.123,24.108,560,437,1561,0,0,1909,0,0,40,32,32,0,0,0,2.53,0,12000,0,0,65,65.167,0.902,1.165,0.727,0.822,1.003,0.722,616,680,592,322,115,0.742,0.821,502,231,347,122,347,122,572,115,0,0,0,86,51,953,1431,437,437,110,75,1.184,2.073,20.156,0.072,0,kalabalik
13,Run50_AlphaDengeV1,Davranış yönü,bahcivan,standart,100,LAB R40 B +zincir_hasat [hasar üst] #2,40,,,1553,476,607,149,22,299,671,375,316,143,48,31547,31547,1,31547,1,11490,6671,2009,11570,6671,2009,182933,53,156,254.02,1.25,2.197,0.59,2.198,12,0.417,2,110,7.27,1,1.04,1.12,1.21,1.07,100,87,81,64,79,0,0.14,0.26,0.85,0.25,24,81,0.281,0.099,2.86,1841,0,0,0,keskin_bicakx1 hizli_bilekx2 bereketli_toprakx1 yikim_gucux3 kivilcimx1 cifte_akimx1 genis_savurusx1 firtina_bilegix1 zincir_hasatx1,154,0.084,65,52,156,0,0,0,0,0,40,,168,168,0,74,72,0,0,0,0,0,0.272,485.338,23.892,610,395,1561,0,0,6403,0,0,40,32,32,0,0,0,2.53,0,11000,0,0,65,65.167,0.902,1.14,0.686,1.029,0.791,0.678,669,512,444,333,62,0.833,0.882,571,218,313,83,313,83,644,62,0,0,0,72,41,802,1199,395,395,60,43,1.132,1.941,19.362,0.074,0,kalabalik
13,Run50_AlphaDengeV1,Davranış yönü,bahcivan,standart,100,LAB R40 B +zincir_hasat [ikisi üst] #2,40,,,1595,456,653,170,15,301,630,418,318,171,58,37100,37100,1,37100,1,12408,6389,2261,12488,6389,2261,207979,55,162,254.02,1.25,2.197,0.59,2.198,12,0.417,2,110,6.52,1,1.05,1.08,1.15,1.29,100,85,80,63,50,0,0.22,0.13,0.33,0.7,24,81,0.272,0.062,2.86,1841,0,0,0,keskin_bicakx1 hizli_bilekx2 bereketli_toprakx1 yikim_gucux3 kivilcimx1 cifte_akimx1 genis_savurusx1 firtina_bilegix1 zincir_hasatx1,156,0.1,65,54,162,0,0,0,0,0,40,,159,156,3,74,70,0,0,2,0,0,0.148,570.769,24.538,488,581,1536,0,0,8449,0,0,40,32,32,0,0,0,2.53,0,12000,0,0,65,65.167,0.847,1.15,0.735,0.692,0.884,0.542,548,726,645,433,148,0.832,0.851,490,270,344,146,344,146,634,148,0,0,0,70,43,594,1088,581,580,127,74,1.19,2.074,21.531,0.073,0,kalabalik
13,Run50_AlphaDengeV1,Davranış yönü,bahcivan,standart,100,LAB R40 A ödülsüz #3,40,,,1370,483,541,83,17,246,535,398,271,134,32,26101,26101,1,26101,1,10726,4982,1582,10806,4982,1582,182010,53,156,254.02,1.25,2.197,0.59,2.198,12,0.417,2,110,7.71,1,1.09,1.18,1.1,1.2,100,89,76,80,65,0,0.44,0.6,0.31,0.71,24,81,0.357,0.123,2.86,1841,0,0,0,keskin_bicakx1 hizli_bilekx2 bereketli_toprakx1 yikim_gucux3 kivilcimx1 cifte_akimx1 genis_savurusx1 firtina_bilegix1,129,0.009,65,52,156,0,0,0,0,0,40,,151,151,0,82,80,0,0,0,0,0,0.296,401.554,21.077,807,0,1570,0,0,5480,0,0,40,32,32,0,0,0,2.53,0,11000,0,0,65,65.167,1.286,1.646,1.096,,,1.029,906,0,0,0,0,,0.858,0,0,0,0,0,0,0,0,0,0,0,0,0,0,0,0,0,0,0,0.973,1.784,11.433,0.087,0,kalabalik
13,Run50_AlphaDengeV1,Davranış yönü,bahcivan,standart,100,LAB R40 B +zincir_hasat [mevcut] #3,40,,,1529,481,631,113,14,290,606,400,319,162,42,31687,31687,1,31687,1,11622,6484,1925,11702,6484,1925,181130,53,156,254.02,1.25,2.197,0.59,2.198,12,0.417,2,110,7.25,1,1.02,1.08,1.14,1.15,100,89,77,66,52,0,0.07,0.25,0.43,0.32,24,81,0.297,0.074,2.86,1841,0,0,0,keskin_bicakx1 hizli_bilekx2 bereketli_toprakx1 yikim_gucux3 kivilcimx1 cifte_akimx1 genis_savurusx1 firtina_bilegix1 zincir_hasatx1,147,0.051,65,52,156,0,0,0,0,0,40,,140,140,0,76,74,0,0,3,0,0,0.099,487.492,23.523,657,317,1544,0,0,4600,0,0,40,32,32,0,0,0,2.53,0,11000,0,0,65,65.167,0.985,1.278,0.73,1.092,1.126,0.864,724,521,450,259,58,0.782,0.807,612,204,316,58,316,58,570,58,0,0,0,74,21,270,644,317,317,66,34,1.13,1.92,23.88,0.078,0,kalabalik
13,Run50_AlphaDengeV1,Davranış yönü,bahcivan,standart,100,LAB R40 B +zincir_hasat [şans üst] #3,40,,,1547,467,651,133,10,286,651,405,294,155,42,30322,30322,1,30322,1,12184,5935,1792,12264,5935,1792,190642,54,159,254.02,1.25,2.197,0.59,2.198,12,0.417,2,110,6.97,1,1.05,1.1,1.14,1.24,100,85,78,73,38,0,0.13,0.3,0.37,0.56,24,81,0.292,0.086,2.86,1841,0,0,0,keskin_bicakx1 hizli_bilekx2 bereketli_toprakx1 yikim_gucux3 kivilcimx1 cifte_akimx1 genis_savurusx1 firtina_bilegix1 zincir_hasatx1,157,0.049,65,53,159,0,0,0,0,0,40,,152,152,0,66,66,0,0,0,0,0,0.198,466.492,23.8,578,436,1548,0,0,3112,0,0,40,32,32,0,0,0,2.53,0,12000,0,0,65,65.167,0.934,1.222,0.738,0.853,1.09,0.873,634,653,559,357,79,0.798,0.844,523,233,354,115,352,115,669,79,0,0,2,66,37,631,1092,436,434,79,55,1.157,2.016,22.101,0.073,0,kalabalik
13,Run50_AlphaDengeV1,Davranış yönü,bahcivan,standart,100,LAB R40 B +zincir_hasat [hasar üst] #3,40,,,1553,469,614,148,19,303,626,417,298,160,52,33031,33031,1,33031,1,12312,6295,1792,12392,6295,1792,194640,54,159,254.02,1.25,2.197,0.59,2.198,12,0.417,2,110,6.92,1,1.05,1.14,1.14,1.67,100,91,72,69,39,0,0.13,0.31,0.19,2.01,24,81,0.288,0.099,2.86,1841,0,0,0,keskin_bicakx1 hizli_bilekx2 bereketli_toprakx1 yikim_gucux3 kivilcimx1 cifte_akimx1 genis_savurusx1 firtina_bilegix1 zincir_hasatx1,145,0.057,65,53,159,0,0,0,0,0,40,,145,145,0,77,75,0,0,1,0,0,0.16,508.169,23.892,601,408,1536,0,0,7110,0,0,40,32,32,0,0,0,2.53,0,12000,0,0,65,65.167,0.927,1.254,0.733,0.858,1.049,0.619,665,522,440,331,77,0.868,0.843,593,253,312,84,312,83,561,77,0,0,1,75,19,226,619,408,401,76,53,1.126,1.934,21.995,0.075,0,kalabalik
13,Run50_AlphaDengeV1,Davranış yönü,bahcivan,standart,100,LAB R40 B +zincir_hasat [ikisi üst] #3,40,,,1595,476,666,147,21,285,679,406,295,168,47,32097,32097,1,32097,1,12917,5832,1897,12997,5832,1897,205025,55,162,254.02,1.25,2.197,0.59,2.198,12,0.417,2,110,7.35,1,1.06,1.11,1.17,1.25,100,86,78,63,58,0,0.15,0.28,0.38,0.74,24,81,0.262,0.086,2.86,1841,0,0,0,keskin_bicakx1 hizli_bilekx2 bereketli_toprakx1 yikim_gucux3 kivilcimx1 cifte_akimx1 genis_savurusx1 firtina_bilegix1 zincir_hasatx1,159,0.104,65,54,162,0,0,0,0,0,40,,151,149,2,65,63,0,0,0,0,0,0.235,493.8,24.538,611,445,1557,0,0,5495,0,0,40,32,32,0,0,0,2.53,0,12000,0,0,65,65.167,0.818,1.028,0.673,0.781,0.802,0.879,683,535,446,363,82,0.859,0.859,534,221,374,103,374,103,735,82,0,0,0,63,38,509,989,445,445,67,42,1.155,1.933,23.826,0.075,0,kalabalik
14,Run50_AlphaDengeV1,Davranış yönü,bahcivan,standart,101,HA · almayan eş,1,,,13,13,0,0,0,0,12,1,0,0,0,15,15,1,0,0,28,0,0,28,0,0,270,1,0,10,1,1,3,0.9,4,0.3,2,12,2.25,2,3,,,,17,0,,,,3,6,,,,2,4,0.339,0,8,23,0,0,2,,4,0.351,45,0,0,0,0,0,0,0,0,,0,0,0,0,0,0,0,0,0,0,0.75,0.333,0.289,0,0,22,0,0,270,0,0,0,0,0,0,0,0,1,0,390,0,0,45,45.133,4.426,4.426,,,,,0,0,0,0,0,,,0,0,0,0,0,0,0,0,0,0,0,0,0,0,0,0,0,0,0,0.326,0.41,2.162,0.014,0,kalabalik
14,Run50_AlphaDengeV1,Davranış yönü,bahcivan,standart,101,HA · almayan eş,2,,,15,15,0,0,0,0,11,3,1,0,0,30,45,1,0,0,34,4,0,37,4,0,350,2,3,10.67,1,1,3,0.9,4,0.3,2,13,2.85,2.09,2,3,,,0,0,0,,,3.27,3,12,,,3,5,0.479,0,8,28,1,1,1,,5,0.111,45,1,3,0,0,0,0,0,0,,0,0,0,0,0,0,0,0,0,0,0.6,0.667,0.333,0,0,24,0,0,230,0,0,0,0,0,0,0,0,1,0,410,0,0,45,45.133,5.562,5.562,,,,,0,0,0,0,0,,,0,0,0,0,0,0,0,0,0,0,0,0,0,0,0,0,0,0,0,0.332,0.428,1.743,0.013,0,kalabalik
14,Run50_AlphaDengeV1,Davranış yönü,bahcivan,standart,101,HA · almayan eş,3,,,9,9,0,0,0,0,8,1,0,0,0,11,56,1,11,1,20,0,0,23,4,0,204,3,3,11.33,1,1,3,0.9,4,0.3,2,9,2,2,1,,,,0,,,,,4.5,0,,,,4,6,0.221,0,8,34,2,3,1,,4,0.421,45,2,6,3,0,0,2,0,0,,0,0,0,0,0,0,0,0,0,0,0.333,0.244,0.2,0,0,22,0,0,24,0,0,3,1,1,0,1,0,1,0,420,0,3,45,45.133,9.052,9.052,,,,,0,0,0,0,0,,,0,0,0,0,0,0,0,0,0,0,0,0,0,0,0,0,0,0,0,0.338,0.427,1.418,0.012,0,kalabalik
14,Run50_AlphaDengeV1,Davranış yönü,bahcivan,standart,101,HA · almayan eş,4,,,23,23,0,0,0,0,15,4,4,0,0,67,67,1,0,0,46,16,0,49,20,0,644,4,3,11.33,1,1,2.55,0.9,4,0.3,2,17,2.76,1.6,2.5,3,,,43,0,0,,,2.38,3.83,5.1,,,5,7,0.535,0.143,7.252,43,0,3,1,hizli_bilekx1,4,0.048,45,3,9,6,0,0,2,0,4,,0,0,0,0,0,0,0,0,0,0,0.286,1.489,0.511,0,0,28,0,0,248,0,0,3,2,2,0,1,0,1,0,440,0,3,45,45.133,6.445,6.445,,,,,5,0,0,0,0,,,0,0,0,0,0,0,0,0,0,0,0,0,0,0,0,0,0,0,0,0.361,0.491,2.333,0.014,0,kalabalik
14,Run50_AlphaDengeV1,Davranış yönü,bahcivan,standart,101,HA · almayan eş,5,,,22,22,0,0,0,0,19,2,1,0,0,35,102,1,0,0,46,4,0,49,24,0,564,5,3,11.33,1,1,2.55,0.9,4,0.3,2,17,3.12,2.11,2.5,4,,,11,0,0,,,5.64,10.2,10.2,,,6,9,0.614,0.222,6.781,60,1,4,1,hizli_bilekx1,5,0,45,4,12,9,0,0,2,0,4,,0,0,0,0,0,0,0,0,0,0,0.444,0.778,0.489,0,0,28,0,0,372,0,0,3,3,3,0,2,0,1,0,470,0,3,45,45.133,10.673,10.673,,,,,6,0,0,0,0,,,0,0,0,0,0,0,0,0,0,0,0,0,0,0,0,0,0,0,0,0.373,0.49,2.167,0.013,0,kalabalik
14,Run50_AlphaDengeV1,Davranış yönü,bahcivan,standart,101,HA · almayan eş,6,,,24,23,1,0,0,0,18,6,0,0,0,36,138,1,36,1,60,0,0,64,24,0,646,7,6,12,1,1,2.459,0.9,4,0.3,2,22,3.09,2.65,2.5,,,,5,0,,,,9.25,4.92,,,,6,9,0.644,0.333,6.781,73,3,7,0,hizli_bilekx1,6,0,55,6,18,9,3,0,2,0,4,,0,0,0,0,0,0,0,0,0,0,0.667,0.655,0.436,1,0,28,0,0,58,0,0,3,3,3,0,2,0,1,0,520,0,3,55,55.133,12.322,12.771,2,,,,4,0,0,0,0,,0.148,0,0,0,0,0,0,0,0,0,0,0,0,0,0,0,0,0,0,0,0.374,0.501,1.649,0.013,0,kalabalik
14,Run50_AlphaDengeV1,Davranış yönü,bahcivan,standart,101,HA · almayan eş,7,,,29,28,1,0,0,0,19,4,6,0,0,91,91,1,0,0,54,24,0,56,48,0,910,8,3,12.67,1,1,2.37,0.9,4,0.3,2,23,3.39,2.06,3,3.67,,,10,0,0,,,5.93,7.7,14.62,,,7,10,0.711,0.4,5.744,96,5,12,1,hizli_bilekx1 bereketli_toprakx1,6,0,55,7,21,15,3,0,2,0,4,,0,0,0,0,0,0,0,0,0,0,0.5,1.655,0.527,1,0,32,0,0,448,0,0,3,5,3,6,3,0,1.0667,0,560,0,6,55,55.133,12.916,13.101,7.733,,,,4,0,0,0,0,,0.071,0,0,0,0,0,0,0,0,0,0,0,0,0,0,0,0,0,0,0,0.372,0.494,3.134,0.013,0,kalabalik
14,Run50_AlphaDengeV1,Davranış yönü,bahcivan,standart,101,HA · almayan eş,8,,,34,33,1,0,0,0,27,7,0,0,0,48,139,1,0,0,89,0,0,103,48,0,924,10,6,13.33,1,1,2.37,0.9,4,0.3,2,23,3.35,2.08,2.14,,,,12,0,,,,5.47,6.09,,,,8,11,0.648,0.364,5.835,104,2,14,1,hizli_bilekx1 bereketli_toprakx1,7,0,55,9,27,18,3,0,2,0,4,,0,0,0,0,0,0,0,0,0,0,0.636,0.873,0.618,1,0,32,0,0,212,0,0,3,6,4,6,4,0,1.0667,0,640,0,3,55,55.133,11.315,11.481,5.833,,,,14,0,0,0,0,,0.172,0,0,0,0,0,0,0,0,0,0,0,0,0,0,0,0,0,0,0,0.392,0.52,3.025,0.013,0,kalabalik
14,Run50_AlphaDengeV1,Davranış yönü,bahcivan,standart,101,HA · almayan eş,9,,,36,32,4,0,0,0,29,4,3,0,0,71,210,1,0,0,78,12,0,80,30,0,1053,11,3,14,1,1,2.37,0.9,4,0.3,2,23,3.61,2,2.75,3.5,,,10,0,0,,,6.84,7.13,14.23,,,9,13,0.713,0.538,5.761,124,5,19,1,hizli_bilekx1 bereketli_toprakx1,7,0,55,10,30,24,3,0,2,0,4,,0,0,0,0,0,0,0,0,0,0,0.538,1.291,0.655,4,0,34,0,0,625,0,0,3,9,6,14,4,0,1.1333,0,700,0,6,55,55.133,12.342,12.441,11.55,,,,11,0,0,0,0,,0.246,0,0,0,0,0,0,0,0,0,0,0,0,0,0,0,0,0,0,0,0.379,0.507,3.225,0.014,0,kalabalik
14,Run50_AlphaDengeV1,Davranış yönü,bahcivan,standart,101,HA · almayan eş,10,,,39,29,10,0,0,0,34,4,1,0,0,56,266,1,56,1,88,4,0,90,34,0,1056,13,6,14.67,1,1,2.286,0.9,4,0.3,2,24,3.46,1.76,3,4,,,31,0,0,,,5.12,22.1,9.13,,,10,15,0.604,0.333,5.39,153,3,22,1,hizli_bilekx1 bereketli_toprakx1,8,0,55,12,36,25,5,0,2,0,4,,0,0,0,0,0,0,0,0,0,0,0.667,1.018,0.709,10,0,36,0,0,231,0,0,3,9,6,14,4,0,1.1333,0,810,0,3,55,55.133,14.029,15.298,10.35,,,,13,0,0,0,0,,0.327,0,0,0,0,0,0,0,0,0,0,0,0,0,0,0,0,0,0,0,0.389,0.507,3.023,0.014,0,kalabalik
14,Run50_AlphaDengeV1,Davranış yönü,bahcivan,standart,101,HA · almayan eş,11,,,75,55,20,0,0,0,53,19,3,0,0,140,140,1,0,0,201,12,0,204,46,0,2300,15,6,15.64,1.25,1,2.204,0.9,4,0.3,2,29,3.83,1.3,2,3,,,59,7,0,,,1.95,4.4,11,,,11,17,0.655,0.294,5.428,204,3,25,1,hizli_bilekx1 bereketli_toprakx1 keskin_bicakx1,13,0,65,14,42,25,11,0,2,0,4,,0,0,0,0,0,0,0,0,0,0,0.647,2.154,1.154,20,0,47,0,0,841,0,0,3,9,7,24,4,0,1.2,0,950,0,6,65,65.167,6.965,6.27,8.875,,,,42,0,0,0,0,,0.278,0,0,0,0,0,0,0,0,0,0,0,0,0,0,0,0,0,0,0,0.403,0.558,3.617,0.015,0,kalabalik
14,Run50_AlphaDengeV1,Davranış yönü,bahcivan,standart,101,HA · almayan eş,12,,,63,49,9,0,0,5,41,16,5,0,1,239,379,1,0,0,203,35,0,206,41,0,2123,17,6,17.38,1.25,1,2.125,0.9,4,0.3,2,30,3.97,1.61,2.17,2.2,,3,30,0,0,0,0,3.63,10.63,14.87,,17,13,21,0.754,0.524,5.269,259,7,32,2,hizli_bilekx1 bereketli_toprakx1 keskin_bicakx1,10,0,65,16,48,25,17,0,2,0,4,,0,0,0,0,0,0,0,0,0,0,0.762,3.677,0.969,14,0,48,0,0,1014,0,0,3,9,9,24,4,0,1.2,0,1100,0,6,65,65.167,15.504,16.956,10.419,,,,31,0,0,0,0,,0.335,0,0,0,0,0,0,0,0,0,0,0,0,0,0,0,0,0,0,0,0.397,0.533,3.741,0.015,0,kalabalik
14,Run50_AlphaDengeV1,Davranış yönü,bahcivan,standart,101,HA · almayan eş,13,,,61,50,11,0,0,0,40,13,6,1,1,269,648,1,269,1,240,24,2,248,40,2,2226,19,6,18.13,1.25,1,2.048,0.9,4,0.3,2,31,4,1.77,2.09,2.5,2,3,30,0,0,0,0,5.95,13.22,18.78,4.1,28.67,14,23,0.791,0.609,5.112,292,7,39,1,hizli_bilekx1 bereketli_toprakx1 keskin_bicakx1,11,0,65,18,54,25,23,0,2,0,4,,0,0,0,0,0,0,0,0,0,0,0.783,4.138,0.938,11,0,52,0,0,940,0,0,3,9,9,36,4,0,1.2667,0,1300,0,6,65,65.167,18.77,19.29,16.409,,,,41,0,0,0,0,,0.341,0,0,0,0,0,0,0,0,0,0,0,0,0,0,0,0,0,0,0,0.401,0.546,2.95,0.016,0,kalabalik
14,Run50_AlphaDengeV1,Davranış yönü,bahcivan,standart,101,HA · almayan eş,14,,,86,64,22,0,0,0,67,15,2,1,1,262,262,1,0,0,291,8,10,328,18,12,3099,21,6,19.2,1.25,1,1.975,0.935,4,0.3,2,32,4,1.44,1.4,,1,3,39,13,0,,0,3.95,1.18,,0,31.6,16,25,0.753,0.48,5.033,323,9,48,2,hizli_bilekx1 bereketli_toprakx1 keskin_bicakx1 kivilcimx1,13,0,65,20,60,25,29,0,2,0,4,,0,0,0,0,0,0,0,0,0,0,0.68,4.031,1.323,22,0,55,0,0,1339,0,0,3,9,9,66,4,0,1.4,0,1500,0,6,65,65.167,15.942,17.117,12.526,,,,66,0,0,0,0,,0.299,0,0,0,0,0,0,0,0,0,0,0,0,0,0,0,0,0,0,0,0.406,0.569,3.744,0.017,0,kalabalik
14,Run50_AlphaDengeV1,Davranış yönü,bahcivan,standart,101,HA · almayan eş,15,,,98,69,23,0,0,6,64,25,7,2,0,269,531,1,0,0,342,35,4,357,53,16,4067,24,9,20.27,1.25,1,1.836,0.97,4,0.3,2,35,4,1.33,1.5,2.8,,,49,17,0,,,2.98,5.62,17.99,,,18,28,0.764,0.5,4.877,373,10,58,2,hizli_bilekx1 bereketli_toprakx1 keskin_bicakx1 kivilcimx1,15,0,65,23,69,31,29,0,2,0,4,,0,0,0,0,0,0,0,0,0,0,0.571,4.138,1.508,29,0,62,0,0,406,0,0,3,11,11,104,4,0,1.5333,0,1900,0,6,65,65.167,13.188,14.005,11.243,,,,85,0,0,0,0,,0.251,0,0,0,0,0,0,0,0,0,0,0,0,0,0,0,0,0,0,0,0.427,0.59,3.671,0.018,0,kalabalik
14,Run50_AlphaDengeV1,Davranış yönü,bahcivan,standart,101,HA · almayan eş,16,,,115,88,22,0,0,5,68,31,8,8,0,482,1013,1,482,1,390,40,16,405,68,32,5790,26,6,24.3,1.25,1,1.836,1.005,6,0.3,2,35,5.77,1.58,1.82,2.63,2,,34,7,0,0,,3.99,3.51,11.47,7.34,,19,33,0.6,0.333,4.691,457,6,64,2,hizli_bilekx1 bereketli_toprakx1 keskin_bicakx1 kivilcimx1,14,0,65,25,75,40,29,0,2,0,4,,0,0,0,0,0,0,0,0,0,0,0.636,7.415,1.769,27,0,70,0,0,2196,0,0,3,14,11,125,8,0,1.6,0,2200,0,9,65,65.167,11.839,12.161,10.788,,,,75,0,0,0,0,,0.24,0,0,0,0,0,0,0,0,0,0,0,0,0,0,0,0,0,0,0,0.466,0.63,3.775,0.02,0,kalabalik
14,Run50_AlphaDengeV1,Davranış yönü,bahcivan,standart,101,HA · almayan eş,17,,,142,93,44,0,1,4,87,36,12,5,2,782,782,1,0,0,477,60,28,512,68,60,7643,29,9,24.3,1.25,1,1.836,1.005,6,0.3,2,35,6,1.32,1.82,2.4,3,2,53,17,0,0,0,1.73,4.32,9.91,5.5,11.03,22,43,0.764,0.488,4.793,583,2,66,5,hizli_bilekx1 bereketli_toprakx1 keskin_bicakx1 kivilcimx2,17,0,65,28,84,46,29,0,2,0,4,,0,0,0,0,0,0,0,0,0,0,0.814,12.031,2.185,49,0,72,0,0,2639,0,0,3,14,13,125,9,0,1.6,0,2800,0,6,65,65.167,11.409,9.961,14.159,,,,165,0,0,0,0,,0.215,0,0,0,0,0,0,0,0,0,0,0,0,0,0,0,0,0,0,0,0.515,0.72,4.137,0.023,0,kalabalik
14,Run50_AlphaDengeV1,Davranış yönü,bahcivan,standart,101,HA · almayan eş,18,,,177,80,85,2,2,8,92,40,31,12,2,1502,2284,1,0,0,582,155,34,679,165,54,13917,34,15,25.51,1.25,1,1.836,1.04,6,0.3,2,35,6,1.25,1.61,2.45,2.75,1.5,63,14,5,0,0,1.84,3.75,10.67,12.61,4.58,18,48,0.755,0.5,4.585,680,5,71,5,hizli_bilekx1 bereketli_toprakx1 keskin_bicakx1 kivilcimx2,24,0,65,33,99,49,35,0,2,0,4,,0,0,0,0,0,0,0,0,0,0,0.896,23.108,2.723,97,0,77,0,0,556,0,0,3,16,16,125,9,0,1.6,0,3900,0,9,65,65.167,12.264,13.195,11.497,,,,314,0,0,0,0,,0.218,0,0,0,0,0,0,0,0,0,0,0,0,0,0,0,0,0,0,0,0.653,1,10.576,0.031,0,kalabalik
14,Run50_AlphaDengeV1,Davranış yönü,bahcivan,standart,101,HA · almayan eş,19,,,206,93,101,1,0,11,96,55,31,16,8,2961,5245,1,0,0,708,252,62,752,417,96,18126,38,12,33.24,1.25,1,1.778,1.075,6,0.3,2,36,6,1.21,1.5,1.95,1.57,3,64,46,0,13,0,1.6,3.15,5.5,2.54,11.56,17,49,0.768,0.551,4.483,710,6,77,2,hizli_bilekx1 bereketli_toprakx1 keskin_bicakx1 kivilcimx2,31,0,65,37,111,49,50,0,2,0,4,,0,0,0,0,0,0,0,0,0,0,0.816,45.554,3.169,113,0,107,0,0,1582,0,0,3,16,16,125,9,0,1.6,0,5000,0,15,65,65.167,11.461,14.234,9.179,,,,296,0,0,0,0,,0.259,0,0,0,0,0,0,0,0,0,0,0,0,0,0,0,0,0,0,0,0.643,0.933,4.461,0.028,0,kalabalik
14,Run50_AlphaDengeV1,Davranış yönü,bahcivan,standart,101,HA · almayan eş,20,,,199,90,103,0,0,6,86,55,34,20,4,2670,7915,1,2670,1,639,268,74,751,430,170,17992,41,9,34.76,1.25,1,1.722,1.11,6,0.3,2,37,6,1.26,1.68,1.68,2.14,3,58,10,11,10,0,2.32,2.96,5.4,9.6,8.6,17,49,0.787,0.551,4.35,732,7,84,0,hizli_bilekx1 bereketli_toprakx1 keskin_bicakx1 kivilcimx2,25,0,65,40,120,49,62,0,2,0,4,,0,0,0,0,0,0,0,0,0,0,0.673,41.077,3.062,109,0,112,0,0,3674,0,0,3,16,16,125,9,0,1.6,0,5900,0,12,65,65.167,10.848,14.184,8.094,,,,336,0,0,0,0,,0.229,0,0,0,0,0,0,0,0,0,0,0,0,0,0,0,0,0,0,0,0.695,1.103,3.824,0.029,0,kalabalik
14,Run50_AlphaDengeV1,Davranış yönü,bahcivan,standart,101,HA · almayan eş,21,,,249,103,119,1,1,25,113,69,37,23,7,3257,3257,1,0,0,762,341,113,868,503,163,21077,44,9,39.82,1.25,1,1.722,1.18,6,0.3,2,37,6,1.23,1.36,1.69,1.91,2.25,69,39,20,10,0,1.17,3.38,6.35,5.32,6.03,16,55,0.747,0.382,4.239,843,8,92,3,hizli_bilekx1 bereketli_toprakx1 keskin_bicakx1 kivilcimx3,30,0,65,43,129,49,71,0,2,0,4,,0,0,0,0,0,0,0,0,0,0,0.655,50.108,3.831,146,0,123,0,0,5951,0,0,3,16,16,125,9,0,1.6,0,7000,0,9,65,65.167,10.773,13.35,8.954,,,,412,0,0,0,0,,0.225,0,0,0,0,0,0,0,0,0,0,0,0,0,0,0,0,0,0,0,0.563,0.894,4.293,0.03,0,kalabalik
14,Run50_AlphaDengeV1,Davranış yönü,bahcivan,standart,101,HA · almayan eş,22,,,230,90,102,1,5,32,104,61,39,17,9,4241,7498,1,0,0,837,355,111,1060,545,194,28060,48,12,39.82,1.25,1,1.668,1.18,6,0.3,2,38,6,1.23,1.67,1.89,1.6,2.67,65,24,18,0,0,1.41,4.17,7.28,9.01,11.13,20,75,0.812,0.347,4.344,1122,4,96,8,hizli_bilekx1 bereketli_toprakx1 keskin_bicakx1 kivilcimx3,40,0,65,47,141,58,71,0,2,0,4,,0,0,0,0,0,0,0,0,0,0,0.92,65.246,3.538,140,0,125,0,0,3611,0,0,3,17,17,125,10,0,1.6,0,8600,0,9,65,65.167,11.479,11.771,11.292,,,,426,0,0,0,0,,0.236,0,0,0,0,0,0,0,0,0,0,0,0,0,0,0,0,0,0,0,0.591,0.899,4.087,0.031,0,kalabalik
14,Run50_AlphaDengeV1,Davranış yönü,bahcivan,standart,101,HA · almayan eş,23,,,237,101,99,6,7,24,125,48,40,20,4,3082,10580,1,3082,1,822,340,99,942,585,293,22591,50,6,43.38,1.25,1,1.616,1.18,6,0.3,2,40,6,1.14,1.5,1.63,2.67,2,64,25,13,0,,1.39,2.65,7.06,15.09,16.97,25,81,0.74,0.519,4.461,1180,4,100,5,hizli_bilekx1 bereketli_toprakx1 keskin_bicakx1 kivilcimx3,36,0,65,49,147,70,71,0,2,0,4,,0,0,0,0,0,0,0,0,0,0,0.79,47.415,3.646,136,0,138,0,0,8602,0,0,3,21,21,125,10,0,1.6,0,9500,0,12,65,65.167,13.596,14.824,12.684,,,,396,0,0,0,0,,0.257,0,0,0,0,0,0,0,0,0,0,0,0,0,0,0,0,0,0,0,0.624,0.871,3.638,0.032,0,kalabalik
14,Run50_AlphaDengeV1,Davranış yönü,bahcivan,standart,101,HA · almayan eş,24,,,404,106,250,17,7,24,168,114,64,48,10,7154,7154,1,0,0,1668,557,210,1720,582,503,34156,54,12,49.54,1.25,1,1.616,1.265,6,0.3,2,40,6,1.19,1.21,1.35,1.5,2,56,35,13,0,40,1.62,1.57,4.44,3,8.07,25,81,0.718,0.42,4.461,1180,6,106,0,hizli_bilekx1 bereketli_toprakx1 keskin_bicakx1 kivilcimx3 artci_patlamax1,49,0,65,53,159,76,71,0,2,0,4,artci_patlama@R23,54,54,0,388,161,0,0,0,0,0,0.667,110.062,6.215,137,0,156,0,0,2258,0,0,3,23,23,125,11,0,1.6,0,12000,0,6,65,65.167,8.717,13.624,8.092,,,6.018,450,0,0,0,0,,0.214,0,0,0,0,0,0,0,0,0,0,0,0,0,0,0,0,0,0,0,0.876,1.526,22.306,0.036,0,kalabalik
14,Run50_AlphaDengeV1,Davranış yönü,bahcivan,standart,101,HA · almayan eş,25,,,459,85,329,7,11,27,192,125,91,37,14,7908,15062,1,0,0,2014,872,182,2024,1054,635,48097,58,12,49.54,1.25,1,1.565,1.365,6,0.3,2,41,6,1.11,1.29,1.47,1.71,1,61,25,13,9,0,0.57,1.11,3.59,4.03,0,25,81,0.69,0.432,4.293,1226,9,115,0,hizli_bilekx1 bereketli_toprakx1 keskin_bicakx1 kivilcimx3 artci_patlamax1,65,0,65,57,171,81,78,0,2,0,4,artci_patlama@R23,61,61,0,507,232,0,0,0,0,0,0.667,121.662,7.062,142,0,156,0,0,355,0,0,3,24,24,575,11,0,1.6667,0,14000,0,12,65,65.167,7.617,5.601,10.054,,,6.863,515,0,0,0,0,,0.224,0,0,0,0,0,0,0,0,0,0,0,0,0,0,0,0,0,0,0,0.816,1.473,6.459,0.036,0,kalabalik
14,Run50_AlphaDengeV1,Davranış yönü,bahcivan,standart,101,HA · almayan eş,26,,,318,56,228,8,6,20,146,81,50,36,5,4465,19527,1,4465,1,1496,416,166,1755,660,801,29092,60,6,56.1,1.25,1,1.516,1.365,6,0.3,2,42,4,1.06,1.12,1.5,1.55,1,51,30,6,8,0,0.35,0.45,2.42,2.75,0,25,81,0.77,0.383,4.293,1226,7,122,0,hizli_bilekx1 bereketli_toprakx1 keskin_bicakx1 kivilcimx3 artci_patlamax1,66,0,65,59,177,81,90,0,2,0,4,artci_patlama@R23,36,36,0,368,158,0,0,0,0,0,0.741,68.692,4.892,104,0,179,0,0,1447,0,0,3,24,24,1165,11,0,1.7333,0,15000,0,12,65,65.167,12.455,7.316,15.779,,,12.088,345,0,0,0,0,,0.237,0,0,0,0,0,0,0,0,0,0,0,0,0,0,0,0,0,0,0,0.739,1.288,5.977,0.03,0,kalabalik
14,Run50_AlphaDengeV1,Davranış yönü,bahcivan,standart,101,HA · almayan eş,27,,,479,116,313,10,10,30,212,124,80,44,19,10202,10202,1,0,0,2374,888,264,2499,1188,1065,47505,63,9,60.05,1.25,1,1.468,1.365,6,0.3,2,44,6,1.16,1.13,1.05,1.41,1.5,61,49,40,15,17,0.85,0.5,0.07,2.07,2.2,25,81,0.67,0.407,4.293,1226,5,127,0,hizli_bilekx1 bereketli_toprakx1 keskin_bicakx1 kivilcimx3 artci_patlamax1 altin_hedefx1,62,0,65,62,186,81,96,0,2,0,4,artci_patlama@R23,75,75,0,471,196,0,0,0,0,0,0.593,156.954,7.369,167,0,263,0,0,1952,0,0,3,24,24,1165,11,0,1.7333,0,17000,0,6,65,65.167,8.701,7.354,9.594,,,8.737,528,0,0,0,0,,0.224,0,0,0,0,0,0,0,0,0,0,0,0,0,0,0,0,0,0,0,0.79,1.372,4.647,0.037,0,kalabalik
14,Run50_AlphaDengeV1,Davranış yönü,bahcivan,standart,101,HA · almayan eş,28,,,689,176,419,21,7,66,282,193,132,61,21,13146,23348,1,0,0,3312,1440,400,3441,1448,1400,66182,66,9,65.98,1.25,1,1.468,1.415,9,0.317,2,44,8.86,1.06,1.1,1.12,1.06,1.25,74,42,57,48,0,0.94,0.62,0.69,0.28,1.47,25,81,0.521,0.222,4.188,1257,7,134,0,hizli_bilekx1 bereketli_toprakx1 keskin_bicakx1 kivilcimx3 artci_patlamax1 altin_hedefx1,81,0,65,65,195,81,105,0,2,0,4,artci_patlama@R23,102,102,0,618,266,0,0,0,0,0,0.494,202.246,10.6,247,0,299,0,0,15134,0,0,3,24,24,1165,11,0,1.7333,0,19000,0,9,65,65.167,6.986,14.373,5.058,,,3.888,864,0,0,0,0,,0.235,0,0,0,0,0,0,0,0,0,0,0,0,0,0,0,0,0,0,0,0.909,1.726,6.118,0.053,0,kalabalik
14,Run50_AlphaDengeV1,Davranış yönü,bahcivan,standart,101,HA · almayan eş,29,,,704,166,423,30,15,70,292,186,132,73,21,12934,36282,1,0,0,3359,1500,460,3610,1528,1860,70073,70,12,79.64,1.25,1,1.468,1.415,9,0.317,2,44,8.84,1.05,1.08,1.03,1.08,1.13,73,69,54,37,20,0.27,0.73,0.12,0.59,0.55,25,81,0.509,0.247,4.188,1257,7,141,0,hizli_bilekx1 bereketli_toprakx1 keskin_bicakx1 kivilcimx3 artci_patlamax1 altin_hedefx1,79,0,65,69,207,81,114,0,2,0,4,artci_patlama@R23,107,107,0,544,248,0,0,0,0,0,0.407,198.985,10.831,290,0,361,0,0,3207,0,0,3,24,24,1895,11,0,1.8,0,22000,0,9,65,65.167,3.943,5.202,4.139,,,2.873,871,0,0,0,0,,0.279,0,0,0,0,0,0,0,0,0,0,0,0,0,0,0,0,0,0,0,0.898,1.628,6.357,0.051,0,kalabalik
14,Run50_AlphaDengeV1,Davranış yönü,bahcivan,standart,101,HA · almayan eş,30,,,624,165,382,16,7,54,263,152,117,68,24,14518,50800,1,14518,1,3324,1431,454,3334,1509,2234,66668,73,9,79.64,1.25,1,1.422,1.465,9,0.317,2,45,8.82,1.09,1.18,1.15,1.24,1.43,63,51,43,26,0,0.38,0.88,0.87,1.5,2.03,25,81,0.59,0.296,3.974,1325,10,151,0,hizli_bilekx1 bereketli_toprakx1 keskin_bicakx1 kivilcimx3 artci_patlamax1 altin_hedefx1,72,0,65,72,216,81,126,0,2,0,4,artci_patlama@R23,99,99,0,617,226,0,0,0,0,0,0.543,223.354,9.6,233,0,346,0,0,875,0,0,3,24,24,2755,11,0,1.8667,0,25000,0,12,65,65.167,4.5,5.287,4.485,,,3.941,828,0,0,0,0,,0.219,0,0,0,0,0,0,0,0,0,0,0,0,0,0,0,0,0,0,0,0.897,1.657,11.61,0.049,0,kalabalik
14,Run50_AlphaDengeV1,Davranış yönü,bahcivan,standart,101,HA · almayan eş,31,,,804,242,442,33,11,76,337,187,175,85,20,19184,19184,1,0,0,4118,2026,436,4407,2325,2670,83346,76,9,89.96,1.25,1,1.377,1.515,9,0.333,2,47,9.77,1.02,1.09,1.06,1.07,1,88,68,67,44,55,0.1,0.2,0.2,0.18,0,25,81,0.47,0.185,3.954,1332,6,157,0,hizli_bilekx1 bereketli_toprakx1 keskin_bicakx1 kivilcimx3 artci_patlamax1 altin_hedefx1 hasat_ritmix1,92,0,65,75,225,81,135,0,2,0,4,artci_patlama@R23 hasat_ritmi@R30,142,142,0,523,232,18,18,0,0,0,0.457,295.138,12.369,330,0,672,0,0,6221,0,0,3,24,24,2755,11,0,1.8667,0,28000,0,9,65,65.167,3.337,3.754,3.819,,,2.215,1039,0,0,0,0,,0.304,0,0,0,0,0,0,0,0,0,0,0,0,0,0,0,0,0,0,0,0.978,1.742,5.701,0.062,0,kalabalik
14,Run50_AlphaDengeV1,Davranış yönü,bahcivan,standart,101,HA · almayan eş,32,,,796,243,436,23,15,79,336,216,136,85,23,17072,36256,1,0,0,5068,1578,585,5615,2013,3160,90281,79,9,94.04,1.25,1,1.377,1.565,9,0.35,2,47,9.91,1.03,1.05,1.05,1.22,1.2,80,72,65,50,25,0.07,0.63,0.21,1.12,0.27,25,81,0.519,0.222,3.843,1370,10,167,0,hizli_bilekx1 bereketli_toprakx1 keskin_bicakx1 kivilcimx3 artci_patlamax1 altin_hedefx1 hasat_ritmix1,88,0,65,78,234,81,144,0,2,0,4,artci_patlama@R23 hasat_ritmi@R30,136,136,0,601,259,17,17,0,0,0,0.284,262.646,12.246,294,0,788,0,0,9502,0,0,3,24,24,3755,11,0,1.9333,0,31000,0,9,65,65.167,3.477,4.069,3.274,,,3.145,958,0,0,0,0,,0.206,0,0,0,0,0,0,0,0,0,0,0,0,0,0,0,0,0,0,0,0.944,1.787,5.217,0.057,0,kalabalik
14,Run50_AlphaDengeV1,Davranış yönü,bahcivan,standart,101,HA · almayan eş,33,,,644,231,331,25,9,48,254,169,133,70,18,20617,56873,1,20617,1,3785,1628,520,5380,1671,3680,75956,81,6,105.24,1.25,1,1.377,1.565,9,0.35,2,47,8.79,1.02,1.02,1.05,1.13,1.14,86,78,84,41,78,0.06,0.11,0.11,0.48,0.79,25,81,0.355,0.062,3.843,1370,5,172,0,hizli_bilekx1 bereketli_toprakx1 keskin_bicakx1 kivilcimx3 artci_patlamax1 altin_hedefx1 hasat_ritmix1,72,0.038,65,80,240,81,153,0,2,0,4,artci_patlama@R23 hasat_ritmi@R30,139,139,0,391,181,18,17,0,0,0,0.346,317.185,9.908,232,0,768,0,0,22458,0,0,3,24,24,4855,11,0,2,0,33000,0,9,65,65.167,3.019,3.106,3.261,,,2.592,751,0,0,0,0,,0.278,0,0,0,0,0,0,0,0,0,0,0,0,0,0,0,0,0,0,0,0.899,1.61,5.591,0.055,0,kalabalik
14,Run50_AlphaDengeV1,Davranış yönü,bahcivan,standart,101,HA · almayan eş,34,,,1006,342,500,31,23,110,428,241,190,111,36,25901,25901,1,0,0,5555,2864,905,5585,3265,4475,122245,85,12,112.36,1.25,1,0.964,1.615,9,0.367,2,67,9.36,1.02,1.08,1.05,1.12,1.12,86,81,72,47,37,0.02,0.37,0.21,0.26,1.02,25,81,0.388,0.148,3.743,1407,8,180,0,hizli_bilekx1 bereketli_toprakx1 keskin_bicakx1 kivilcimx3 artci_patlamax1 altin_hedefx1 hasat_ritmix1 firtina_bilegix1,104,0.003,65,84,252,81,159,0,2,0,4,artci_patlama@R23 hasat_ritmi@R30,205,205,0,633,273,24,24,0,0,0,0.593,398.477,15.477,391,0,944,0,0,6703,0,0,3,24,24,4855,11,0,2,0,38000,0,6,65,65.167,1.945,2.196,1.98,,,1.578,1190,0,0,0,0,,0.282,0,0,0,0,0,0,0,0,0,0,0,0,0,0,0,0,0,0,0,1.084,1.925,7.472,0.074,0,kalabalik
14,Run50_AlphaDengeV1,Davranış yönü,bahcivan,standart,101,HA · almayan eş,35,,,1051,369,515,30,21,116,423,230,217,131,50,30476,56377,1,0,0,6309,3327,1129,10594,4302,5604,127684,88,9,117.04,1.25,1,0.964,1.615,9,0.367,2,67,9.63,1.02,1.04,1.05,1.07,1.13,84,74,70,63,35,0.12,0.13,0.18,0.34,0.42,25,81,0.404,0.16,3.594,1465,3,183,0,hizli_bilekx1 bereketli_toprakx1 keskin_bicakx1 kivilcimx3 artci_patlamax1 altin_hedefx1 hasat_ritmix1 firtina_bilegix1,107,0,65,87,261,81,170,1,2,0,4,artci_patlama@R23 hasat_ritmi@R30,187,187,0,661,292,26,27,0,0,0,0.247,468.862,16.169,390,0,882,0,0,17387,0,0,3,24,24,6155,11,0,2.0667,0,41000,0,12,65,65.167,2.077,2.376,2.06,,,1.71,1340,0,0,0,0,,0.251,0,0,0,0,0,0,0,0,0,0,0,0,0,0,0,0,0,0,0,1.132,1.989,7.574,0.079,0,kalabalik
14,Run50_AlphaDengeV1,Davranış yönü,bahcivan,standart,101,HA · almayan eş,36,,,1019,334,534,25,22,104,414,247,218,111,29,26286,82663,1,26286,1,6393,3291,933,14507,7593,6412,125153,91,9,130.38,1.25,1,0.964,1.665,9,0.383,2,67,7.72,1,1.08,1.05,1.13,1,85,83,79,51,55,0,0.41,0.26,0.54,0,25,81,0.452,0.21,3.302,1594,4,187,0,hizli_bilekx1 bereketli_toprakx1 keskin_bicakx1 kivilcimx3 artci_patlamax1 altin_hedefx1 hasat_ritmix1 firtina_bilegix1,107,0,65,90,270,81,172,8,2,0,4,artci_patlama@R23 hasat_ritmi@R30,163,163,0,747,339,22,22,0,0,0,0.42,404.4,15.677,346,0,1051,0,0,15540,0,0,3,24,24,6155,11,1,2.17,0.05,45000,0,9,65,65.167,2.314,2.913,2.205,,,1.825,1197,0,0,0,0,,0.29,0,0,0,0,0,0,0,0,0,0,0,0,0,0,0,0,0,0,0,1.085,1.842,5.661,0.071,0,kalabalik
14,Run50_AlphaDengeV1,Davranış yönü,bahcivan,standart,101,HA · almayan eş,37,,,1256,383,677,28,21,147,515,348,220,137,36,32736,32736,1,0,0,9155,4096,1107,18642,10989,7519,188470,95,12,155.93,1.25,1,0.964,1.665,9,0.383,2,67,9.9,1,1.08,1.03,1.07,1.27,89,78,84,78,40,0,0.5,0.28,0.2,0.97,25,81,0.456,0.148,2.723,1934,4,191,0,hizli_bilekx1 bereketli_toprakx2 keskin_bicakx1 kivilcimx3 artci_patlamax1 altin_hedefx1 hasat_ritmix1 firtina_bilegix1,135,0.004,65,94,282,81,172,17,2,0,4,artci_patlama@R23 hasat_ritmi@R30,205,205,0,697,343,28,27,0,0,0,0.358,503.631,19.323,530,0,1290,0,0,16010,0,0,3,24,24,7555,11,4,2.4533,0.15,51000,0,9,65,65.167,1.866,2.452,1.643,,,1.555,1454,0,0,0,0,,0.344,0,0,0,0,0,0,0,0,0,0,0,0,0,0,0,0,0,0,0,1.143,2.042,5.286,0.079,0,kalabalik
14,Run50_AlphaDengeV1,Davranış yönü,bahcivan,standart,101,HA · almayan eş,38,,,1479,436,818,37,20,168,609,382,277,157,54,41469,74205,1,0,0,12534,6076,2042,30796,15365,9421,226892,99,12,168.66,1.25,1,0.888,1.665,9,0.4,2,73,9.88,1.02,1.03,1.02,1.07,1.13,93,84,88,71,58,0.06,0.18,0.09,0.16,0.42,25,81,0.461,0.198,2.288,2301,3,194,0,hizli_bilekx1 bereketli_toprakx2 keskin_bicakx1 kivilcimx3 artci_patlamax1 altin_hedefx1 hasat_ritmix1 firtina_bilegix1,142,0,65,98,294,81,172,29,2,0,4,artci_patlama@R23 hasat_ritmi@R30,258,255,3,980,450,29,30,0,0,0,0.42,637.985,22.754,593,0,1379,0,0,30902,0,0,3,24,24,7555,11,5,2.56,0.2,57000,0,12,65,65.167,1.579,1.909,1.603,,,1.222,1655,0,0,0,0,,0.332,0,0,0,0,0,0,0,0,0,0,0,0,0,0,0,0,0,0,0,1.252,2.212,6.042,0.086,0,kalabalik
14,Run50_AlphaDengeV1,Davranış yönü,bahcivan,standart,101,HA · almayan eş,39,,,1726,542,916,39,25,204,703,425,346,197,55,47802,122007,1,0,0,14176,7652,2296,38272,22247,11717,283688,104,15,185.84,1.25,1,0.739,1.665,9,0.4,2,87,9.85,1.01,1.03,1.04,1.06,1.15,95,84,86,78,57,0.03,0.02,0.1,0.15,0.74,25,81,0.455,0.16,1.985,2653,4,198,0,hizli_bilekx1 bereketli_toprakx2 keskin_bicakx1 kivilcimx3 artci_patlamax1 altin_hedefx1 hasat_ritmix1 firtina_bilegix1,158,0,65,103,309,81,172,41,2,0,4,artci_patlama@R23 hasat_ritmi@R30,309,309,0,1053,498,36,35,0,0,0,0.494,735.415,26.554,686,0,1537,0,0,14590,0,0,3,24,24,9055,11,7,2.816,0.28,65000,0,12,65,65.167,1.41,1.68,1.36,,,1.172,1948,0,0,0,0,,0.321,0,0,0,0,0,0,0,0,0,0,0,0,0,0,0,0,0,0,0,1.355,2.582,5.806,0.096,0,kalabalik
14,Run50_AlphaDengeV1,Davranış yönü,bahcivan,standart,101,HA · almayan eş,40,,,1815,521,983,51,30,230,725,473,359,197,61,53939,175946,1,53939,1,16534,8732,2898,54386,29079,14460,334511,109,15,239.34,1.25,1,0.739,1.665,9,0.417,2,87,10.02,1,1.02,1.01,1.04,1.17,93,84,87,76,58,0,0.1,0.04,0.07,0.45,25,81,0.51,0.185,1.673,3146,3,201,0,hizli_bilekx1 bereketli_toprakx2 keskin_bicakx1 kivilcimx3 artci_patlamax1 altin_hedefx1 hasat_ritmix1 firtina_bilegix1,175,0,65,108,324,81,172,56,2,0,4,artci_patlama@R23 hasat_ritmi@R30,306,306,0,1230,558,36,36,0,0,0,0.593,829.831,27.923,736,0,1990,0,0,6101,0,0,3,24,24,9055,11,11,3.234,0.47,74000,0,15,65,65.167,1.471,1.519,1.595,,,1.263,2167,0,0,0,0,,0.228,0,0,0,0,0,0,0,0,0,0,0,0,0,0,0,0,0,0,0,1.424,2.681,6.806,0.101,0,kalabalik
14,Run50_AlphaDengeV1,Davranış yönü,bahcivan,standart,101,HA · almayan eş,41,,,2350,660,1317,37,39,297,940,622,503,219,66,61051,61051,1,0,0,21418,12096,3267,70004,41175,17577,494834,115,18,313.5,2,1,0.654,1.665,9,0.417,2.111,99,10.19,1,1,1,1,1,100,100,100,100,100,0,0,0,0,0,25,81,0.434,0.148,1.442,3650,3,204,0,hizli_bilekx1 bereketli_toprakx2 keskin_bicakx1 kivilcimx3 artci_patlamax1 altin_hedefx1 hasat_ritmix1 firtina_bilegix1 canavar_kesimix1,220,0.004,65,114,342,81,172,71,2,0,4,artci_patlama@R23 hasat_ritmi@R30,433,433,0,1044,643,46,46,0,0,0,0.358,939.246,36.154,1047,0,4061,0,0,26935,0,0,3,24,24,9055,11,14,3.52,0.6,86000,0,15,65,65.167,0.958,1.171,0.926,,,0.789,2040,0,0,0,0,,0.597,0,0,0,0,0,0,0,0,0,0,0,0,0,0,0,0,0,0,0,1.462,2.696,5.441,0.108,0,kalabalik
14,Run50_AlphaDengeV1,Davranış yönü,bahcivan,standart,101,HA · almayan eş,42,,,3040,862,1626,54,72,426,1120,777,662,368,113,91517,152568,1,0,0,33408,19590,6336,102602,60764,21823,736608,123,24,385.09,2,1,0.572,1.665,9,0.433,2.111,113,10.45,1,1,1,1,1,100,100,100,100,100,0,0,0,0,0,31,121,0.549,0.198,1.231,6392,3,207,15,hizli_bilekx1 bereketli_toprakx2 keskin_bicakx1 kivilcimx3 artci_patlamax1 altin_hedefx1 hasat_ritmix1 firtina_bilegix1 canavar_kesimix1,284,0,65,122,366,81,172,89,2,0,4,artci_patlama@R23 hasat_ritmi@R30,480,480,0,1231,834,54,55,0,0,7,0.554,1407.954,46.769,1344,0,5457,0,0,17543,0,0,3,24,24,9055,11,16,3.74,0.7,100000,0,18,65,65.167,1.284,1.444,1.429,,,0.886,2636,0,0,0,0,,0.551,0,0,0,0,0,0,0,0,0,0,0,0,0,0,0,0,0,0,0,1.754,3.337,6.201,0.135,0,kalabalik
14,Run50_AlphaDengeV1,Davranış yönü,bahcivan,standart,101,HA · almayan eş,43,,,2888,675,1688,71,74,380,1044,844,547,349,104,82760,235328,1,82760,1,32941,16303,6281,131443,77067,27909,669194,129,18,405.57,2,1,0.572,1.665,9,0.433,2.222,113,8.49,1,1,1,1,1,100,100,100,100,100,0,0,0,0,0,31,121,0.59,0.264,1.195,6580,2,209,0,hizli_bilekx1 bereketli_toprakx2 keskin_bicakx1 kivilcimx3 artci_patlamax1 altin_hedefx1 hasat_ritmix1 firtina_bilegix1 canavar_kesimix1,266,0,65,128,384,105,172,89,2,0,4,artci_patlama@R23 hasat_ritmi@R30,419,419,0,1274,880,47,47,0,0,0,0.562,1273.231,44.431,1333,0,6710,0,0,26737,0,0,3,31,31,9055,13,16,3.74,0.7,120000,0,24,65,65.167,1.519,1.26,1.819,,,1.263,2553,0,0,0,0,,0.58,0,0,0,0,0,0,0,0,0,0,0,0,0,0,0,0,0,0,0,1.769,3.257,7.791,0.133,0,kalabalik
14,Run50_AlphaDengeV1,Davranış yönü,bahcivan,standart,101,HA · almayan eş,44,,,3967,1140,2000,48,89,690,1380,1057,892,482,156,115612,115612,1,0,0,44020,27019,8767,172743,104086,36676,901355,136,21,405.57,2,1,0.572,2.198,12,0.45,2.222,113,16.18,1,1,1,1,1,100,100,100,100,100,0,0,0,0,0,31,121,0.442,0.19,1.188,6622,2,211,0,hizli_bilekx1 bereketli_toprakx2 keskin_bicakx1 kivilcimx3 artci_patlamax1 altin_hedefx1 hasat_ritmix1 firtina_bilegix1 canavar_kesimix1 genis_savurusx1,351,0,65,135,405,121,174,89,2,0,4,artci_patlama@R23 hasat_ritmi@R30,617,617,0,1357,894,57,56,0,0,22,0.446,1778.646,61.031,1933,0,6821,0,0,48092,0,0,3,36,36,9055,14,16,3.74,0.7,140000,0,18,65,65.167,0.955,0.952,0.993,,,0.875,3705,0,0,0,0,,0.582,0,0,0,0,0,0,0,0,0,0,0,0,0,0,0,0,0,0,0,2.124,4.103,16.446,0.19,0,kalabalik
14,Run50_AlphaDengeV1,Davranış yönü,bahcivan,standart,101,HA · almayan eş,45,,,3930,1099,2013,56,87,675,1440,1019,825,519,127,117682,233294,1,0,0,42836,24419,8239,215579,128505,44675,901129,142,18,405.57,2,1,0.572,2.198,12,0.45,2.333,113,16.11,1,1,1,1,1,100,100,100,100,100,0,0,0,0,0,31,121,0.453,0.19,1.188,6622,1,212,0,hizli_bilekx1 bereketli_toprakx2 keskin_bicakx1 kivilcimx3 artci_patlamax1 altin_hedefx1 hasat_ritmix1 firtina_bilegix1 canavar_kesimix1 genis_savurusx1,342,0,65,141,423,121,195,89,2,0,4,artci_patlama@R23 hasat_ritmi@R30,681,681,0,1454,900,56,57,0,0,31,0.438,1810.492,60.462,1931,0,8279,0,0,71721,0,0,3,36,36,9055,14,16,3.74,0.7,165000,0,21,65,65.167,0.87,0.867,0.904,,,0.803,3874,0,0,0,0,,0.572,0,0,0,0,0,0,0,0,0,0,0,0,0,0,0,0,0,0,0,2.123,4.309,9.983,0.183,0,kalabalik
14,Run50_AlphaDengeV1,Davranış yönü,bahcivan,standart,101,HA · almayan eş,46,,,3810,1167,1934,40,69,600,1337,1009,808,521,135,119238,352532,1,119238,1,41256,23894,8987,254435,152399,53662,846066,147,15,405.57,2,1,0.572,2.198,12,0.45,2.333,113,16.16,1,1,1,1,1,100,99,99,99,100,0,0,0,0,0,31,121,0.464,0.223,1.187,6628,1,213,0,hizli_bilekx1 bereketli_toprakx2 keskin_bicakx1 kivilcimx3 artci_patlamax1 altin_hedefx1 hasat_ritmix1 firtina_bilegix1 canavar_kesimix1 genis_savurusx1,335,0,65,146,438,121,213,89,2,0,4,artci_patlama@R23 hasat_ritmi@R30,682,682,0,1614,893,57,56,3,0,46,0.562,1834.431,58.615,1750,0,7853,0,0,17787,0,0,3,36,36,9055,14,16,3.74,0.7,202500,0,18,65,65.167,0.924,0.88,0.959,,,0.912,4126,0,0,0,0,,0.521,0,0,0,0,0,0,0,0,0,0,0,0,0,0,0,0,0,0,0,2.183,4.332,16.605,0.185,0,kalabalik
14,Run50_AlphaDengeV1,Davranış yönü,bahcivan,standart,101,HA · almayan eş,47,,,4153,1188,1770,40,55,1100,1468,1134,885,513,153,124266,124266,1,0,0,47362,28371,9554,301797,180770,62926,1021835,151,12,405.57,2,1,0.572,2.198,12,0.45,2.444,113,16.11,1,1,1,1,1,100,100,100,100,96,0,0,0,0,0,31,121,0.415,0.14,1.176,6688,1,214,0,hizli_bilekx1 bereketli_toprakx2 keskin_bicakx1 kivilcimx3 artci_patlamax1 altin_hedefx1 hasat_ritmix1 firtina_bilegix1 canavar_kesimix1 genis_savurusx1 cifte_akimx1,370,0.002,65,150,450,121,226,91,2,0,4,artci_patlama@R23 hasat_ritmi@R30 cifte_akim@R46,1324,1324,0,2098,1265,56,57,294,0,57,0.446,1911.785,63.892,1700,0,8487,0,0,184622,0,0,3,36,36,9055,14,17,3.85,0.75,232500,0,15,65,65.167,0.772,0.779,0.803,,,0.722,3509,0,0,0,0,,0.631,0,0,0,0,0,0,0,0,0,0,0,0,0,0,0,0,0,0,0,2.124,4.266,7.042,0.175,0,kalabalik
14,Run50_AlphaDengeV1,Davranış yönü,bahcivan,standart,101,HA · almayan eş,48,,,4384,1256,1890,42,73,1123,1562,1088,947,632,155,131980,256246,1,0,0,56071,34161,13720,357868,214931,76646,1143537,156,15,507.81,2,1,0.549,2.198,12,0.45,2.444,118,16.18,1,1,1,1,1,100,100,100,100,100,0,0,0,0,0,31,121,0.381,0.149,1.176,6688,0,214,0,hizli_bilekx1 bereketli_toprakx2 keskin_bicakx1 kivilcimx3 artci_patlamax1 altin_hedefx1 hasat_ritmix1 firtina_bilegix1 canavar_kesimix1 genis_savurusx1 cifte_akimx1,385,0.002,65,155,465,121,226,103,2,0,4,artci_patlama@R23 hasat_ritmi@R30 cifte_akim@R46,1368,1351,17,2234,1343,59,59,298,0,34,0.256,2030.462,67.446,1785,0,10690,0,0,90659,0,0,3,36,36,9055,14,20,4.158,0.89,270000,0,12,65,65.167,0.67,0.528,0.727,,,0.73,3580,0,0,0,0,,0.582,0,0,0,0,0,0,0,0,0,0,0,0,0,0,0,0,0,0,0,2.221,4.567,14.863,0.187,1,kalabalik
14,Run50_AlphaDengeV1,Davranış yönü,bahcivan,standart,101,HA · almayan eş,49,,,4835,1300,1941,78,101,1415,1695,1298,1054,609,179,154186,410432,1,0,0,68415,41030,13296,426283,255961,89612,1315588,160,12,635.82,2,1,0.496,2.198,12,0.45,2.556,131,15.4,1,1,1,1,1,100,100,100,100,100,0,0,0,0,0,31,121,0.458,0.223,0.925,8506,1,215,0,hizli_bilekx1 bereketli_toprakx2 keskin_bicakx1 kivilcimx3 artci_patlamax1 altin_hedefx1 hasat_ritmix1 firtina_bilegix1 canavar_kesimix1 genis_savurusx1 cifte_akimx1,419,0,65,159,477,121,226,118,2,0,4,artci_patlama@R23 hasat_ritmi@R30 cifte_akim@R46,1439,1431,8,2423,1594,66,65,284,0,85,0.273,2372.092,74.385,1941,0,14181,0,0,281247,0,0,3,36,36,9055,14,22,4.378,0.99,300000,0,15,65,65.167,0.739,0.826,0.769,,,0.619,3687,0,0,0,0,,0.565,0,0,0,0,0,0,0,0,0,0,0,0,0,0,0,0,0,0,0,2.28,4.161,9.607,0.187,0,kalabalik
14,Run50_AlphaDengeV1,Davranış yönü,bahcivan,standart,101,HA · almayan eş,50,,,5523,1188,2318,76,228,1713,1957,1452,1254,651,209,168461,578893,1,168461,1,86174,53315,15765,512457,309276,105377,1539973,165,15,781.01,2,1,0.476,2.198,12,0.45,2.556,136,14.15,1,1,1,1,1,100,100,100,100,100,0,0,0,0,0,31,121,0.462,0.24,0.777,10118,0,215,0,hizli_bilekx1 bereketli_toprakx2 keskin_bicakx1 kivilcimx3 artci_patlamax1 altin_hedefx1 hasat_ritmix1 firtina_bilegix1 canavar_kesimix1 genis_savurusx1 cifte_akimx1,519,0,65,164,492,121,226,130,2,0,4,artci_patlama@R23 hasat_ritmi@R30 cifte_akim@R46,1395,1395,0,2515,1940,65,65,296,0,17,0.496,2591.708,84.969,2395,0,17174,0,0,246220,0,0,3,36,36,9055,14,22,4.378,0.99,337500,0,12,65,65.167,0.688,0.868,0.659,,,0.588,3783,0,0,0,0,,0.737,0,0,0,0,0,0,0,0,0,0,0,0,0,0,0,0,0,0,0,2.306,4.195,8.17,0.188,0,kalabalik
14,Run50_AlphaDengeV1,Davranış yönü,bahcivan,standart,101,HA · almayan eş,50,KAZANDI
14,Run50_AlphaDengeV1,Davranış yönü,bahcivan,standart,101,LAB R30 A ödülsüz #1,30,,,643,169,383,24,10,57,281,161,104,74,23,16437,16437,1,16437,1,3775,1219,447,3855,1219,447,73638,39,114,79.64,1.25,1,1.422,1.465,9,0.317,2,45,8.84,1,1.14,1.15,1.67,1.56,71,46,56,29,30,0,0.46,0.97,4.26,3.01,25,81,0.59,0.185,3.974,1325,0,0,0,hizli_bilekx1 bereketli_toprakx1 keskin_bicakx1 kivilcimx3 artci_patlamax1 altin_hedefx1,76,0,65,38,114,0,0,0,0,0,30,,98,98,0,583,234,0,0,0,0,0,0.691,252.877,9.892,240,0,336,0,0,4308,0,0,30,24,24,0,0,0,1.8667,0,5300,0,0,65,65.167,4.145,4.867,4.419,,,3.342,838,0,0,0,0,,0.332,0,0,0,0,0,0,0,0,0,0,0,0,0,0,0,0,0,0,0,0.948,1.76,23.563,0.051,0,kalabalik
14,Run50_AlphaDengeV1,Davranış yönü,bahcivan,standart,101,LAB R30 B +zincir_hasat [mevcut] #1,30,,,677,160,368,41,25,83,300,157,107,86,27,17957,17957,1,17957,1,4060,1193,554,4140,1193,554,80834,41,120,79.64,1.25,1,1.422,1.465,9,0.317,2,45,8.69,1.06,1.11,1.12,1.19,1,62,46,51,35,22,0.51,0.6,0.91,1.21,0,25,81,0.559,0.222,3.974,1325,0,0,0,hizli_bilekx1 bereketli_toprakx1 keskin_bicakx1 kivilcimx3 artci_patlamax1 altin_hedefx1 zincir_hasatx1,88,0,65,40,120,0,0,0,0,0,30,,85,85,0,438,165,0,0,0,0,0,0.667,276.262,10.415,228,124,382,0,0,604,0,0,30,24,24,0,0,0,1.8667,0,5900,0,0,65,65.167,4.011,4.833,3.798,3.635,4.142,3.723,767,542,427,102,22,0.376,0.274,208,89,146,45,146,45,220,22,0,0,0,165,5,215,408,124,106,24,24,1.055,1.857,27.085,0.052,0,kalabalik
14,Run50_AlphaDengeV1,Davranış yönü,bahcivan,standart,101,LAB R30 B +zincir_hasat [şans üst] #1,30,,,716,163,423,33,20,77,301,199,121,70,25,19740,19740,1,19740,1,4007,1503,470,4087,1503,470,78990,40,117,79.64,1.25,1,1.422,1.465,9,0.317,2,45,8.62,1.05,1.09,1.15,1.38,1,63,41,51,33,29,0.55,0.97,0.68,1.86,0,25,81,0.545,0.148,3.974,1325,0,0,0,hizli_bilekx1 bereketli_toprakx1 keskin_bicakx1 kivilcimx3 artci_patlamax1 altin_hedefx1 zincir_hasatx1,94,0.001,65,39,117,0,0,0,0,0,30,,106,106,0,477,201,0,0,0,0,0,0.617,303.692,11.015,224,128,382,0,0,4360,0,0,30,24,24,0,0,0,1.8667,0,5600,0,0,65,65.167,3.714,4.93,3.291,3.398,4.161,3.292,793,610,469,99,29,0.366,0.269,180,83,158,58,158,58,229,29,0,0,0,201,3,82,301,128,109,21,21,1.101,2.095,25.425,0.05,0,kalabalik
14,Run50_AlphaDengeV1,Davranış yönü,bahcivan,standart,101,LAB R30 B +zincir_hasat [hasar üst] #1,30,,,707,164,401,40,6,96,314,174,120,81,18,15019,15019,1,15019,1,3764,1563,424,3844,1563,424,77944,40,117,79.64,1.25,1,1.422,1.465,9,0.317,2,45,8.73,1.06,1.07,1.19,1.24,1.2,66,54,43,17,38,0.24,0.19,2.42,1.17,1.14,25,81,0.552,0.21,3.974,1325,0,0,0,hizli_bilekx1 bereketli_toprakx1 keskin_bicakx1 kivilcimx3 artci_patlamax1 altin_hedefx1 zincir_hasatx1,90,0,65,39,117,0,0,0,0,0,30,,87,87,0,476,198,0,0,0,0,0,0.568,231.062,10.877,191,154,342,0,0,3314,0,0,30,24,24,0,0,0,1.8667,0,5600,0,0,65,65.167,3.717,4.635,3.722,4.059,3.861,2.725,751,480,363,114,40,0.379,0.269,174,84,119,49,119,49,214,40,0,0,0,198,3,79,248,154,127,17,17,1.064,1.995,23.433,0.05,0,kalabalik
14,Run50_AlphaDengeV1,Davranış yönü,bahcivan,standart,101,LAB R30 B +zincir_hasat [ikisi üst] #1,30,,,750,174,414,43,26,93,323,210,132,65,20,14481,14481,1,14481,1,4396,1534,399,4476,1534,399,84893,41,120,79.64,1.25,1,1.422,1.465,9,0.317,2,45,8.8,1.05,1.1,1.05,1.33,1.43,64,61,60,41,40,0.2,0.45,0.22,1.49,1.62,25,81,0.517,0.185,3.974,1325,0,0,0,hizli_bilekx1 bereketli_toprakx1 keskin_bicakx1 kivilcimx3 artci_patlamax1 altin_hedefx1 zincir_hasatx1,87,0,65,40,120,0,0,0,0,0,30,,105,105,0,466,189,0,0,0,0,0,0.691,222.785,11.538,225,162,382,0,0,4663,0,0,30,24,24,0,0,0,1.8667,0,5900,0,0,65,65.167,3.279,4.107,3.052,3.534,3.12,2.662,814,603,438,120,42,0.35,0.271,195,92,169,56,169,56,250,42,0,0,0,189,2,71,299,162,138,19,19,1.129,2.063,26.713,0.053,0,kalabalik
14,Run50_AlphaDengeV1,Davranış yönü,bahcivan,standart,101,LAB R30 A ödülsüz #2,30,,,614,166,354,26,13,55,254,163,117,64,16,13207,13207,1,13207,1,3263,1361,387,3343,1361,387,66860,38,111,79.64,1.25,1,1.422,1.465,9,0.317,2,45,8.89,1.02,1.29,1.19,1.21,1.75,71,45,43,53,17,0.21,1.9,0.8,1.52,3.92,25,81,0.602,0.222,3.974,1325,0,0,0,hizli_bilekx1 bereketli_toprakx1 keskin_bicakx1 kivilcimx3 artci_patlamax1 altin_hedefx1,78,0,65,37,111,0,0,0,0,0,30,,90,90,0,537,225,0,0,0,0,0,0.79,203.185,9.446,223,0,340,0,0,2530,0,0,30,24,24,0,0,0,1.8667,0,5000,0,0,65,65.167,4.314,5.091,4.429,,,3.628,827,0,0,0,0,,0.32,0,0,0,0,0,0,0,0,0,0,0,0,0,0,0,0,0,0,0,0.948,1.765,46.741,0.052,0,kalabalik
14,Run50_AlphaDengeV1,Davranış yönü,bahcivan,standart,101,LAB R30 B +zincir_hasat [mevcut] #2,30,,,698,160,400,36,10,92,296,179,113,88,22,16466,16466,1,16466,1,3741,1281,562,3821,1281,562,80513,41,120,79.64,1.25,1,1.422,1.465,9,0.317,2,45,8.6,1.06,1.18,1.21,1.22,1.38,63,39,44,46,17,0.11,0.59,0.76,1.58,1.25,25,81,0.551,0.16,3.974,1325,0,0,0,hizli_bilekx1 bereketli_toprakx1 keskin_bicakx1 kivilcimx3 artci_patlamax1 altin_hedefx1 zincir_hasatx1,87,0,65,40,120,0,0,0,0,0,30,,97,97,0,503,198,0,0,0,0,0,0.593,253.323,10.738,215,125,384,0,0,283,0,0,30,24,24,0,0,0,1.8667,0,5900,0,0,65,65.167,3.867,5.058,3.707,3.68,3.64,3.202,763,542,412,97,28,0.343,0.281,214,84,143,43,143,43,194,28,0,0,0,198,0,0,191,125,102,20,20,1.067,1.995,30.918,0.05,0,kalabalik
14,Run50_AlphaDengeV1,Davranış yönü,bahcivan,standart,101,LAB R30 B +zincir_hasat [şans üst] #2,30,,,722,170,413,41,13,85,299,170,142,84,27,16467,16467,1,16467,1,3450,1631,674,3530,1631,674,81218,41,120,79.64,1.25,1,1.422,1.465,9,0.317,2,45,8.73,1.05,1.03,1.05,1.22,1.17,70,57,47,47,44,0.33,0.04,0.3,2.72,1.18,25,81,0.54,0.136,3.974,1325,0,0,0,hizli_bilekx1 bereketli_toprakx1 keskin_bicakx1 kivilcimx3 artci_patlamax1 altin_hedefx1 zincir_hasatx1,92,0.004,65,40,120,0,0,0,0,0,30,,91,91,0,482,184,0,0,0,0,0,0.457,253.338,11.108,217,151,377,0,0,988,0,0,30,24,24,0,0,0,1.8667,0,5900,0,0,65,65.167,3.631,4.492,3.371,3.586,2.585,3.354,718,703,547,119,32,0.331,0.272,218,95,194,63,194,63,252,32,0,0,0,184,7,181,453,151,122,17,17,1.114,2.096,26.743,0.049,0,kalabalik
14,Run50_AlphaDengeV1,Davranış yönü,bahcivan,standart,101,LAB R30 B +zincir_hasat [hasar üst] #2,30,,,749,171,419,51,22,86,318,195,123,84,29,18210,18210,1,18210,1,4183,1450,565,4263,1450,565,84018,41,120,79.64,1.25,1,1.422,1.465,9,0.317,2,45,8.78,1.04,1.04,1.14,1.17,1.33,64,68,52,51,33,0.14,0.29,0.46,2.25,4.11,25,81,0.512,0.198,3.974,1325,0,0,0,hizli_bilekx1 bereketli_toprakx1 keskin_bicakx1 kivilcimx3 artci_patlamax1 altin_hedefx1 zincir_hasatx1,84,0,65,40,120,0,0,0,0,0,30,,107,107,0,477,184,0,0,0,0,0,0.58,280.154,11.523,236,158,342,0,0,3788,0,0,30,24,24,0,0,0,1.8667,0,5900,0,0,65,65.167,3.285,3.846,2.821,4.128,3.011,2.834,881,503,362,125,33,0.373,0.259,196,87,142,40,142,40,260,33,0,0,0,184,3,73,255,158,132,16,15,1.1,2.013,21.345,0.055,0,kalabalik
14,Run50_AlphaDengeV1,Davranış yönü,bahcivan,standart,101,LAB R30 B +zincir_hasat [ikisi üst] #2,30,,,735,150,400,62,21,102,316,193,129,73,24,16215,16215,1,16215,1,4012,1548,456,4092,1548,456,85561,41,120,79.64,1.25,1,1.422,1.465,9,0.317,2,45,8.78,1.05,1.09,1.11,1.27,1,74,39,51,31,14,0.2,1.07,0.54,1.61,0,25,81,0.525,0.222,3.974,1325,0,0,0,hizli_bilekx1 bereketli_toprakx1 keskin_bicakx1 kivilcimx3 artci_patlamax1 altin_hedefx1 zincir_hasatx1,89,0,65,40,120,0,0,0,0,0,30,,83,83,0,414,161,0,0,0,0,0,0.667,249.462,11.308,225,199,379,0,0,5331,0,0,30,24,24,0,0,0,1.8667,0,5900,0,0,65,65.167,3.435,4.259,3.003,3.931,2.765,3.014,774,684,479,150,49,0.333,0.252,201,85,177,61,177,61,315,49,0,0,0,161,5,106,345,199,164,22,21,1.096,1.982,25.725,0.048,0,kalabalik
14,Run50_AlphaDengeV1,Davranış yönü,bahcivan,standart,101,LAB R30 A ödülsüz #3,30,,,677,185,404,23,11,54,287,173,123,76,18,14058,14058,1,14058,1,3466,1477,410,3546,1477,410,72315,39,114,79.64,1.25,1,1.422,1.465,9,0.317,2,45,8.82,1.01,1.16,1.07,1.13,1.67,72,47,55,48,0,0.1,1.06,0.34,1.42,6.63,25,81,0.562,0.235,3.974,1325,0,0,0,hizli_bilekx1 bereketli_toprakx1 keskin_bicakx1 kivilcimx3 artci_patlamax1 altin_hedefx1,75,0,65,38,114,0,0,0,0,0,30,,109,109,0,643,243,0,0,0,0,0,0.84,216.277,10.415,249,0,370,0,0,2985,0,0,30,24,24,0,0,0,1.8667,0,5300,0,0,65,65.167,3.818,4.691,3.691,,,3.284,866,0,0,0,0,,0.326,0,0,0,0,0,0,0,0,0,0,0,0,0,0,0,0,0,0,0,0.979,1.817,21.021,0.053,0,kalabalik
14,Run50_AlphaDengeV1,Davranış yönü,bahcivan,standart,101,LAB R30 B +zincir_hasat [mevcut] #3,30,,,701,166,398,44,18,75,304,171,129,73,24,17894,17894,1,17894,1,3551,1600,465,3631,1600,465,77740,40,117,79.64,1.25,1,1.422,1.465,9,0.317,2,45,8.64,1.06,1.18,1.11,1.12,1.5,62,48,50,32,33,0.26,0.95,0.55,0.75,2.67,25,81,0.543,0.222,3.974,1325,0,0,0,hizli_bilekx1 bereketli_toprakx1 keskin_bicakx1 kivilcimx3 artci_patlamax1 altin_hedefx1 zincir_hasatx1,87,0,65,39,117,0,0,0,0,0,30,,101,101,0,498,204,0,0,0,0,0,0.753,275.292,10.785,218,113,377,0,0,3110,0,0,30,24,24,0,0,0,1.8667,0,5600,0,0,65,65.167,3.649,3.889,3.928,3.496,4.202,3.178,788,474,343,95,18,0.382,0.27,197,73,139,34,139,34,218,18,0,0,0,204,2,69,242,113,100,19,19,1.053,1.956,21.27,0.049,0,kalabalik
14,Run50_AlphaDengeV1,Davranış yönü,bahcivan,standart,101,LAB R30 B +zincir_hasat [şans üst] #3,30,,,735,161,457,32,14,71,332,181,128,79,15,13365,13365,1,13365,1,3775,1468,433,3855,1468,433,74885,40,117,79.64,1.25,1,1.422,1.465,9,0.317,2,45,8.8,1.03,1.12,1.2,1.19,1,63,51,42,45,33,0.1,0.34,0.85,0.68,0,25,81,0.523,0.222,3.974,1325,0,0,0,hizli_bilekx1 bereketli_toprakx1 keskin_bicakx1 kivilcimx3 artci_patlamax1 altin_hedefx1 zincir_hasatx1,86,0,65,39,117,0,0,0,0,0,30,,99,99,0,525,227,0,0,0,0,0,0.79,205.615,11.308,217,130,344,0,0,255,0,0,30,24,24,0,0,0,1.8667,0,5600,0,0,65,65.167,3.219,3.532,3.101,3.27,2.854,3.116,768,586,428,111,19,0.367,0.274,200,61,178,41,178,41,258,19,0,0,0,227,2,39,262,130,101,11,11,1.09,1.998,24.167,0.049,0,kalabalik
14,Run50_AlphaDengeV1,Davranış yönü,bahcivan,standart,101,LAB R30 B +zincir_hasat [hasar üst] #3,30,,,744,171,424,42,12,95,326,185,138,72,23,15610,15610,1,15610,1,4136,1648,440,4216,1648,440,87473,42,123,79.64,1.25,1,1.422,1.465,9,0.317,2,45,8.78,1.07,1.04,1.11,1.08,1,65,53,51,32,14,0.24,0.09,0.6,0.11,0,25,81,0.528,0.198,3.974,1325,0,0,0,hizli_bilekx1 bereketli_toprakx1 keskin_bicakx1 kivilcimx3 artci_patlamax1 altin_hedefx1 zincir_hasatx1,86,0,65,41,123,0,0,0,0,0,30,,108,108,0,489,196,0,0,0,0,0,0.42,240.154,11.446,225,152,377,0,0,1343,0,0,30,24,24,0,0,0,1.8667,0,6300,0,0,65,65.167,3.526,3.566,3.628,3.659,4.688,3.151,802,565,430,129,23,0.34,0.293,205,93,155,49,155,49,237,23,0,0,0,196,2,12,219,152,123,15,15,1.089,1.938,21.417,0.051,0,kalabalik
14,Run50_AlphaDengeV1,Davranış yönü,bahcivan,standart,101,LAB R30 B +zincir_hasat [ikisi üst] #3,30,,,756,159,436,53,18,90,327,184,138,85,22,15167,15167,1,15167,1,4176,1587,492,4256,1587,492,86219,42,123,79.64,1.25,1,1.422,1.465,9,0.317,2,45,8.67,1.05,1.05,1.19,1.4,1.17,72,42,48,25,17,0.09,0.17,0.71,1.89,0.47,25,81,0.518,0.185,3.974,1325,0,0,0,hizli_bilekx1 bereketli_toprakx1 keskin_bicakx1 kivilcimx3 artci_patlamax1 altin_hedefx1 zincir_hasatx1,86,0,65,41,123,0,0,0,0,0,30,,111,111,0,537,197,0,0,0,0,0,0.42,233.338,11.631,224,176,344,0,0,89,0,0,30,24,24,0,0,0,1.8667,0,6300,0,0,65,65.167,3.33,3.643,3.254,3.467,4.694,2.738,765,587,440,127,49,0.337,0.268,188,77,169,48,169,48,265,49,0,0,0,197,3,106,331,176,149,24,24,1.108,2.073,24.464,0.049,0,kalabalik
14,Run50_AlphaDengeV1,Davranış yönü,bahcivan,standart,101,LAB R40 A ödülsüz #1,40,,,1903,530,1060,51,31,231,777,466,388,209,63,52973,52973,1,52973,1,17774,9218,2979,17854,9218,2979,365796,66,195,239.34,1.25,1,0.739,1.665,9,0.417,2,87,10.16,1,1.03,1.02,1.07,1.05,94,80,86,75,60,0,0.06,0.07,0.27,0.04,25,81,0.502,0.21,1.673,3146,0,0,0,hizli_bilekx1 bereketli_toprakx2 keskin_bicakx1 kivilcimx3 artci_patlamax1 altin_hedefx1 hasat_ritmix1 firtina_bilegix1,178,0,65,65,195,0,0,0,0,0,40,,315,315,0,1254,601,35,35,0,0,0,0.704,814.969,29.277,772,0,1961,0,0,266,0,0,40,24,24,0,0,0,3.234,0,19000,0,0,65,65.167,1.275,1.271,1.357,,,1.174,2243,0,0,0,0,,0.277,0,0,0,0,0,0,0,0,0,0,0,0,0,0,0,0,0,0,0,1.606,2.944,22.867,0.118,0,kalabalik
14,Run50_AlphaDengeV1,Davranış yönü,bahcivan,standart,101,LAB R40 B +zincir_hasat [mevcut] #1,40,,,2090,526,1167,63,31,303,813,567,404,231,75,62205,62205,1,62205,1,21454,9936,2970,21534,9936,2970,404535,68,201,239.34,1.25,1,0.739,1.665,9,0.417,2,87,10.09,1.01,1.01,1.02,1.03,1,95,83,81,69,76,0.09,0.02,0.01,0.18,0,25,81,0.451,0.185,1.673,3146,0,0,0,hizli_bilekx1 bereketli_toprakx2 keskin_bicakx1 kivilcimx3 artci_patlamax1 altin_hedefx1 hasat_ritmix1 firtina_bilegix1 zincir_hasatx1,192,0,65,67,201,0,0,0,0,0,40,,312,312,0,1089,560,37,36,3,0,0,0.728,957,32.154,682,322,2001,0,0,5,0,0,40,24,24,0,0,0,3.234,0,21000,0,0,65,65.167,1.061,1.091,0.856,1.345,2.17,1.051,1858,1320,982,276,46,0.313,0.292,626,183,434,84,434,84,722,46,0,0,0,560,110,2875,3403,322,238,39,39,1.819,3.295,22.141,0.094,0,kalabalik
14,Run50_AlphaDengeV1,Davranış yönü,bahcivan,standart,101,LAB R40 B +zincir_hasat [şans üst] #1,40,,,2151,504,1175,73,51,348,843,572,423,229,84,58363,58363,1,58363,1,22064,10336,3393,22144,10336,3393,411147,68,201,239.34,1.25,1,0.739,1.665,9,0.417,2,87,10.03,1.01,1.01,1.02,1.06,1.06,96,79,80,70,66,0.04,0.02,0.04,0.15,0.28,25,81,0.443,0.148,1.673,3146,0,0,0,hizli_bilekx1 bereketli_toprakx2 keskin_bicakx1 kivilcimx3 artci_patlamax1 altin_hedefx1 hasat_ritmix1 firtina_bilegix1 zincir_hasatx1,198,0.004,65,67,201,0,0,0,0,0,40,,310,310,0,984,502,35,34,1,0,0,0.543,897.892,33.092,702,443,2015,0,0,6617,0,0,40,24,24,0,0,0,3.234,0,21000,0,0,65,65.167,1.018,1.002,0.813,1.406,1.715,0.927,1806,1793,1357,359,84,0.288,0.286,636,257,587,181,561,176,789,84,0,0,31,502,179,30817,26356,443,318,37,37,1.891,3.342,24.817,0.092,0,kalabalik
14,Run50_AlphaDengeV1,Davranış yönü,bahcivan,standart,101,LAB R40 B +zincir_hasat [hasar üst] #1,40,,,2068,484,1098,88,41,357,813,538,417,224,76,56643,56643,1,56643,1,19918,10754,3123,19998,10754,3123,417024,68,201,239.34,1.25,1,0.739,1.665,9,0.417,2,87,10.06,1.01,1.06,1.02,1.1,1.08,91,72,81,69,55,0.01,0.09,0.04,0.3,0.12,25,81,0.452,0.16,1.673,3146,0,0,0,hizli_bilekx1 bereketli_toprakx2 keskin_bicakx1 kivilcimx3 artci_patlamax1 altin_hedefx1 hasat_ritmix1 firtina_bilegix1 zincir_hasatx1,195,0,65,67,201,0,0,0,0,0,40,,293,293,0,953,473,34,33,3,0,0,0.691,871.431,31.815,701,410,2001,0,0,12494,0,0,40,24,24,0,0,0,3.234,0,21000,0,0,65,65.167,1.074,1.145,0.949,1.328,1.359,0.96,1862,1371,1035,319,91,0.276,0.257,592,251,421,118,420,118,718,91,0,0,1,473,105,2402,2930,410,305,49,49,1.803,3.254,23.637,0.092,0,kalabalik
14,Run50_AlphaDengeV1,Davranış yönü,bahcivan,standart,101,LAB R40 B +zincir_hasat [ikisi üst] #1,40,,,2194,520,1151,97,48,378,889,577,419,229,80,59659,59659,1,59659,1,20424,10700,3663,20504,10700,3663,427769,69,204,239.34,1.25,1,0.739,1.665,9,0.417,2,87,10.11,1.01,1.01,1,1.03,1.13,94,85,86,79,73,0.03,0.02,0,0.07,0.25,25,81,0.425,0.148,1.673,3146,0,0,0,hizli_bilekx1 bereketli_toprakx2 keskin_bicakx1 kivilcimx3 artci_patlamax1 altin_hedefx1 hasat_ritmix1 firtina_bilegix1 zincir_hasatx1,194,0.004,65,68,204,0,0,0,0,0,40,,340,340,0,884,459,36,36,3,0,1,0.679,917.831,33.754,702,513,1899,0,0,2239,0,0,40,24,24,0,0,0,3.234,0,22000,0,0,65,65.167,0.948,0.931,0.629,1.497,1.539,0.828,1856,1685,1335,380,133,0.287,0.239,603,255,557,174,540,166,839,133,0,0,25,459,172,25096,21926,513,376,47,46,1.867,3.35,26.993,0.093,0,kalabalik
14,Run50_AlphaDengeV1,Davranış yönü,bahcivan,standart,101,LAB R40 A ödülsüz #2,40,,,1925,545,1095,46,24,215,768,488,376,218,75,56379,56379,1,56379,1,18120,9066,3438,18200,9066,3438,364784,65,192,239.34,1.25,1,0.739,1.665,9,0.417,2,87,10.25,1,1.03,1.01,1.01,1.05,95,78,86,79,63,0,0.09,0.03,0.05,0.1,25,81,0.491,0.16,1.673,3146,0,0,0,hizli_bilekx1 bereketli_toprakx2 keskin_bicakx1 kivilcimx3 artci_patlamax1 altin_hedefx1 hasat_ritmix1 firtina_bilegix1,178,0,65,64,192,0,0,0,0,0,40,,327,327,0,1300,639,38,37,0,0,0,0.593,867.369,29.615,741,0,2004,0,0,17254,0,0,40,24,24,0,0,0,3.234,0,18000,0,0,65,65.167,1.282,1.503,1.319,,,1.052,2234,0,0,0,0,,0.272,0,0,0,0,0,0,0,0,0,0,0,0,0,0,0,0,0,0,0,1.653,3.072,19.541,0.12,0,kalabalik
14,Run50_AlphaDengeV1,Davranış yönü,bahcivan,standart,101,LAB R40 B +zincir_hasat [mevcut] #2,40,,,2039,509,1110,70,35,315,853,503,390,231,62,52431,52431,1,52431,1,18914,9194,3249,18994,9194,3249,404515,67,198,239.34,1.25,1,0.739,1.665,9,0.417,2,87,10.07,1.01,1,1.01,1.01,1.06,90,79,81,68,60,0.02,0,0.04,0.03,0.65,25,81,0.46,0.148,1.673,3146,0,0,0,hizli_bilekx1 bereketli_toprakx2 keskin_bicakx1 kivilcimx3 artci_patlamax1 altin_hedefx1 hasat_ritmix1 firtina_bilegix1 zincir_hasatx1,195,0.004,65,66,198,0,0,0,0,0,40,,301,301,0,966,498,36,35,0,0,0,0.802,806.631,31.369,694,338,1972,0,0,19985,0,0,40,24,24,0,0,0,3.234,0,20000,0,0,65,65.167,1.108,1.237,0.964,1.305,1.651,1.008,1862,1310,1008,287,51,0.319,0.277,604,225,415,100,413,100,701,51,0,0,2,498,86,2288,2740,338,241,26,26,1.8,3.286,25.547,0.093,0,kalabalik
14,Run50_AlphaDengeV1,Davranış yönü,bahcivan,standart,101,LAB R40 B +zincir_hasat [şans üst] #2,40,,,2187,531,1154,82,39,381,881,568,416,240,82,61993,61993,1,61993,1,21164,10814,3303,21244,10814,3303,439711,69,204,239.34,1.25,1,0.739,1.665,9,0.417,2,87,10.18,1,1.04,1.02,1.04,1.08,93,84,87,82,85,0,0.08,0.03,0.08,0.06,25,81,0.429,0.148,1.673,3146,0,0,0,hizli_bilekx1 bereketli_toprakx2 keskin_bicakx1 kivilcimx3 artci_patlamax1 altin_hedefx1 hasat_ritmix1 firtina_bilegix1 zincir_hasatx1,196,0.001,65,68,204,0,0,0,0,0,40,,347,347,0,929,446,38,38,4,0,0,0.519,953.738,33.646,771,439,1821,0,0,14181,0,0,40,24,24,0,0,0,3.234,0,22000,0,0,65,65.167,0.963,0.935,0.7,1.383,2.124,0.895,2005,1734,1320,353,86,0.297,0.274,679,224,626,166,596,153,851,86,0,0,43,446,193,35790,27870,439,318,48,48,1.933,3.482,27.121,0.095,0,kalabalik
14,Run50_AlphaDengeV1,Davranış yönü,bahcivan,standart,101,LAB R40 B +zincir_hasat [hasar üst] #2,40,,,2185,517,1190,84,59,335,860,567,423,261,74,62777,62777,1,62777,1,20174,9984,3852,20254,9984,3852,436258,69,204,239.34,1.25,1,0.739,1.665,9,0.417,2,87,10.14,1,1.01,1,1,1.05,98,83,87,68,67,0,0.02,0,0,0.11,25,81,0.423,0.148,1.673,3146,0,0,0,hizli_bilekx1 bereketli_toprakx2 keskin_bicakx1 kivilcimx3 artci_patlamax1 altin_hedefx1 hasat_ritmix1 firtina_bilegix1 zincir_hasatx1,200,0.004,65,68,204,0,0,0,0,0,40,,334,334,0,1001,507,37,36,0,0,0,0.58,965.8,33.615,755,406,1948,0,0,10728,0,0,40,24,24,0,0,0,3.234,0,22000,0,0,65,65.167,0.948,0.87,0.771,1.466,1.722,0.829,2093,1337,990,316,90,0.289,0.252,631,214,438,95,438,95,838,90,0,0,0,507,118,3180,3720,406,292,35,35,1.883,3.34,24.855,0.095,0,kalabalik
14,Run50_AlphaDengeV1,Davranış yönü,bahcivan,standart,101,LAB R40 B +zincir_hasat [ikisi üst] #2,40,,,2193,528,1139,98,52,376,882,571,419,251,70,59742,59742,1,59742,1,20466,10686,3294,20546,10686,3294,456878,70,207,239.34,1.25,1,0.739,1.665,9,0.417,2,87,9.98,1,1,1.04,1.04,1.1,94,84,81,70,79,0,0,0.05,0.05,0.15,25,81,0.43,0.173,1.673,3146,0,0,0,hizli_bilekx1 bereketli_toprakx2 keskin_bicakx1 kivilcimx3 artci_patlamax1 altin_hedefx1 hasat_ritmix1 firtina_bilegix1 zincir_hasatx1,208,0,65,69,207,0,0,0,0,0,40,,305,305,0,880,471,35,35,7,0,0,0.679,919.108,33.738,665,529,1981,0,0,9348,0,0,40,24,24,0,0,0,3.234,0,22000,0,0,65,65.167,0.961,0.971,0.761,1.172,1.464,0.913,1716,1812,1427,400,129,0.247,0.264,609,277,565,185,546,183,842,129,0,0,21,471,162,12687,11101,529,401,55,55,1.866,3.384,25.755,0.091,0,kalabalik
14,Run50_AlphaDengeV1,Davranış yönü,bahcivan,standart,101,LAB R40 A ödülsüz #3,40,,,1896,531,1091,42,18,214,783,480,367,210,56,49103,49103,1,49103,1,17672,8936,2547,17752,8936,2547,357276,65,192,239.34,1.25,1,0.739,1.665,9,0.417,2,87,10.24,1,1.02,1.02,1.09,1,95,76,86,69,78,0,0.05,0.04,0.15,0,25,81,0.493,0.198,1.673,3146,0,0,0,hizli_bilekx1 bereketli_toprakx2 keskin_bicakx1 kivilcimx3 artci_patlamax1 altin_hedefx1 hasat_ritmix1 firtina_bilegix1,181,0,65,64,192,0,0,0,0,0,40,,341,341,0,1239,610,37,37,0,0,0,0.815,755.431,29.169,755,0,1986,0,0,9746,0,0,40,24,24,0,0,0,3.234,0,18000,0,0,65,65.167,1.27,1.446,1.248,,,1.143,2222,0,0,0,0,,0.268,0,0,0,0,0,0,0,0,0,0,0,0,0,0,0,0,0,0,0,1.66,3.202,34.098,0.115,0,kalabalik
14,Run50_AlphaDengeV1,Davranış yönü,bahcivan,standart,101,LAB R40 B +zincir_hasat [mevcut] #3,40,,,2131,524,1170,68,45,324,850,625,366,231,59,57440,57440,1,57440,1,20354,9198,3114,20434,9198,3114,406161,68,201,239.34,1.25,1,0.739,1.665,9,0.417,2,87,10.09,1.01,1.01,1.01,1,1.07,95,84,84,76,71,0.07,0.11,0.02,0,0.16,25,81,0.438,0.148,1.673,3146,0,0,0,hizli_bilekx1 bereketli_toprakx2 keskin_bicakx1 kivilcimx3 artci_patlamax1 altin_hedefx1 hasat_ritmix1 firtina_bilegix1 zincir_hasatx1,193,0.008,65,67,201,0,0,0,0,0,40,,342,342,0,1040,529,36,35,3,0,0,0.642,883.692,32.785,759,319,1917,0,0,1631,0,0,40,24,24,0,0,0,3.234,0,21000,0,0,65,65.167,1.023,1.072,0.766,1.553,2.173,0.967,1973,1315,940,269,50,0.307,0.268,659,169,455,84,452,84,811,50,0,0,3,529,148,6837,7269,319,227,24,24,1.85,3.38,23.255,0.095,0,kalabalik
14,Run50_AlphaDengeV1,Davranış yönü,bahcivan,standart,101,LAB R40 B +zincir_hasat [şans üst] #3,40,,,2105,523,1122,78,42,340,813,584,397,244,67,57358,57358,1,57358,1,20000,9742,3483,20080,9742,3483,404169,67,198,239.34,1.25,1,0.739,1.665,9,0.417,2,87,10.1,1.01,1.02,1,1.01,1.05,93,79,88,72,45,0.01,0.07,0,0.02,0.1,25,81,0.45,0.136,1.673,3146,0,0,0,hizli_bilekx1 bereketli_toprakx2 keskin_bicakx1 kivilcimx3 artci_patlamax1 altin_hedefx1 hasat_ritmix1 firtina_bilegix1 zincir_hasatx1,203,0.004,65,66,198,0,0,0,0,0,40,,308,308,0,949,465,38,37,3,0,0,0.704,882.431,32.385,680,437,1935,0,0,19639,0,0,40,24,24,0,0,0,3.234,0,20000,0,0,65,65.167,1.053,1.077,0.792,1.359,1.851,1.022,1755,1741,1314,345,92,0.278,0.301,612,220,564,160,547,153,785,92,0,0,24,465,174,20112,16828,437,328,46,46,1.876,3.36,29.351,0.093,0,kalabalik
14,Run50_AlphaDengeV1,Davranış yönü,bahcivan,standart,101,LAB R40 B +zincir_hasat [hasar üst] #3,40,,,2157,547,1170,85,41,314,879,532,439,229,78,59890,59890,1,59890,1,20256,10606,3474,20336,10606,3474,415996,68,201,239.34,1.25,1,0.739,1.665,9,0.417,2,87,10.18,1,1.02,1,1,1,92,83,88,71,82,0,0.04,0,0,0,25,81,0.431,0.136,1.673,3146,0,0,0,hizli_bilekx1 bereketli_toprakx2 keskin_bicakx1 kivilcimx3 artci_patlamax1 altin_hedefx1 hasat_ritmix1 firtina_bilegix1 zincir_hasatx1,195,0.005,65,67,201,0,0,0,0,0,40,,335,335,0,1006,501,37,37,1,0,0,0.642,921.385,33.185,711,398,1930,0,0,11466,0,0,40,24,24,0,0,0,3.234,0,21000,0,0,65,65.167,0.963,0.917,0.801,1.385,1.42,0.902,1927,1338,1045,318,80,0.297,0.251,612,226,443,98,443,98,817,80,0,0,0,501,107,2650,3196,398,312,44,44,1.865,3.391,35.833,0.096,0,kalabalik
14,Run50_AlphaDengeV1,Davranış yönü,bahcivan,standart,101,LAB R40 B +zincir_hasat [ikisi üst] #3,40,,,2202,507,1188,98,52,357,881,576,423,260,62,59076,59076,1,59076,1,20758,10332,3420,20838,10332,3420,428928,69,204,239.34,1.25,1,0.739,1.665,9,0.417,2,87,9.99,1,1.01,1.02,1.04,1,91,73,85,66,64,0,0.01,0.1,0.1,0,25,81,0.428,0.173,1.673,3146,0,0,0,hizli_bilekx1 bereketli_toprakx2 keskin_bicakx1 kivilcimx3 artci_patlamax1 altin_hedefx1 hasat_ritmix1 firtina_bilegix1 zincir_hasatx1,196,0,65,68,204,0,0,0,0,0,40,,296,296,0,910,490,35,34,4,0,0,0.568,908.862,33.877,678,527,1972,0,0,3398,0,0,40,24,24,0,0,0,3.234,0,22000,0,0,65,65.167,0.968,0.999,0.699,1.249,1.763,0.854,1735,1751,1366,385,142,0.28,0.267,607,287,559,199,528,189,829,142,0,0,41,490,189,44514,37169,527,375,58,58,1.876,3.449,26.222,0.095,0,kalabalik
15,Run50_AlphaDengeV1,Davranış yönü,bahcivan,standart,102,HA · almayan eş,1,,,13,13,0,0,0,0,10,3,0,0,0,19,19,1,0,0,32,0,0,32,0,0,290,1,0,10,1,1,3,0.9,4,0.3,2,13,2.08,1.8,2.67,,,,36,0,,,,2.4,5,,,,2,4,0.346,0,8,23,0,0,2,,4,0.203,45,0,0,0,0,0,0,0,0,,0,0,0,0,0,0,0,0,0,0,1,0.422,0.289,0,0,22,0,0,290,0,0,0,0,0,0,0,0,1,0,390,0,0,45,45.133,4.215,4.215,,,,,0,0,0,0,0,,,0,0,0,0,0,0,0,0,0,0,0,0,0,0,0,0,0,0,0,0.336,0.425,2.24,0.014,0,kalabalik
15,Run50_AlphaDengeV1,Davranış yönü,bahcivan,standart,102,HA · almayan eş,2,,,18,18,0,0,0,0,14,3,1,0,0,33,52,1,0,0,40,4,0,40,4,0,410,2,3,11.33,1,1,3,0.9,4,0.3,2,14,2.36,1.57,2.67,3,,,38,0,0,,,1.93,5,9,,,3,5,0.391,0,8,28,2,2,1,,4,0.11,45,1,3,0,0,0,0,0,0,,0,0,0,0,0,0,0,0,0,0,0.2,0.733,0.4,0,0,26,0,0,310,0,0,0,0,0,0,0,0,1,0,410,0,0,45,45.133,4.88,4.88,,,,,0,0,0,0,0,,,0,0,0,0,0,0,0,0,0,0,0,0,0,0,0,0,0,0,0,0.338,0.428,1.762,0.013,0,kalabalik
15,Run50_AlphaDengeV1,Davranış yönü,bahcivan,standart,102,HA · almayan eş,3,,,18,16,2,0,0,0,15,1,2,0,0,38,90,1,38,1,34,8,0,34,12,0,410,3,3,11.33,1,1,3,0.9,4,0.3,2,14,2.79,1.77,2,3,,,22,,0,,,2.31,12,9,,,4,7,0.494,0.143,8,39,0,2,1,,4,0.052,45,2,6,3,0,0,2,0,3,,0,0,0,0,0,0,0,0,0,0,0.857,0.844,0.4,2,0,24,0,0,310,0,0,3,3,3,0,0,0,1,0,420,0,3,45,45.133,6.659,6.808,5.467,,,,10,0,0,0,0,,0.269,0,0,0,0,0,0,0,0,0,0,0,0,0,0,0,0,0,0,0,0.356,0.46,1.471,0.013,0,kalabalik
15,Run50_AlphaDengeV1,Davranış yönü,bahcivan,standart,102,HA · almayan eş,4,,,27,15,12,0,0,0,22,3,1,1,0,84,84,1,0,0,56,4,2,57,16,2,620,5,6,11.33,1.25,1,3,0.9,4,0.3,2,14,2.86,1.5,2.5,3,,,42,33,,,,2.25,4.5,9,,,5,8,0.413,0.125,7.804,46,2,4,1,keskin_bicakx1,7,0.226,45,4,12,6,0,0,2,0,3,,0,0,0,0,0,0,0,0,0,0,0.375,1.867,0.6,12,0,32,0,0,70,0,0,3,4,4,0,0,0,1,0,470,0,3,45,45.133,6.585,7.133,5.9,,,,17,0,0,0,0,,0.3,0,0,0,0,0,0,0,0,0,0,0,0,0,0,0,0,0,0,0,0.377,0.496,2.018,0.013,0,kalabalik
15,Run50_AlphaDengeV1,Davranış yönü,bahcivan,standart,102,HA · almayan eş,5,,,29,22,7,0,0,0,25,3,1,0,0,52,136,1,0,0,62,4,0,78,20,2,713,6,3,12,1.25,1,2.892,0.9,4,0.3,2,15,3.13,1.53,1.5,2,,,43,0,0,0,,2.59,4.33,8.7,,,6,9,0.457,0.111,7.804,52,3,7,1,keskin_bicakx1,6,0.179,45,5,15,9,3,0,2,0,3,,0,0,0,0,0,0,0,0,0,0,0.556,1.156,0.644,7,0,34,0,0,313,0,0,3,5,5,6,1,0,1.0667,0,490,0,6,45,45.133,5.656,6.232,3.848,,,,16,0,0,0,0,,0.385,0,0,0,0,0,0,0,0,0,0,0,0,0,0,0,0,0,0,0,0.375,0.489,1.97,0.013,0,kalabalik
15,Run50_AlphaDengeV1,Davranış yönü,bahcivan,standart,102,HA · almayan eş,6,,,27,21,6,0,0,0,19,5,2,1,0,93,229,1,93,1,58,8,2,59,28,4,726,8,6,13.33,1.25,1,2.789,0.9,4,0.3,2,18,2.39,1.47,2,2,,,44,0,0,,,1.3,5.59,5.57,,,6,9,0.238,0,7.613,65,6,13,0,keskin_bicakx1,5,0.473,55,7,21,9,6,0,2,0,3,,0,0,0,0,0,0,0,0,0,0,0.111,1.691,0.491,6,0,38,0,0,29,0,0,3,5,5,6,1,0,1.0667,0,560,0,3,55,55.133,5.472,5.263,6.2,,,,12,0,0,0,0,,0.326,0,0,0,0,0,0,0,0,0,0,0,0,0,0,0,0,0,0,0,0.371,0.497,1.701,0.013,0,kalabalik
15,Run50_AlphaDengeV1,Davranış yönü,bahcivan,standart,102,HA · almayan eş,7,,,43,31,11,0,0,1,34,6,2,1,0,122,122,1,0,0,98,8,2,106,36,6,1118,9,3,13.33,1.25,1,2.789,0.9,4,0.3,2,19,3.37,1.36,2,2,,,53,17,0,0,,1.68,8.93,2.8,,,7,11,0.553,0.091,6.3,96,1,14,1,keskin_bicakx1 bereketli_toprakx1,8,0.001,55,8,24,15,6,0,2,0,3,,0,0,0,0,0,0,0,0,0,0,0.636,2.218,0.782,12,0,38,0,0,587,0,0,3,5,5,6,2,0,1.0667,0,600,0,6,55,55.133,6.527,6.862,5.661,,,,34,0,0,0,0,,0.316,0,0,0,0,0,0,0,0,0,0,0,0,0,0,0,0,0,0,0,0.388,0.531,3.237,0.014,0,kalabalik
15,Run50_AlphaDengeV1,Davranış yönü,bahcivan,standart,102,HA · almayan eş,8,,,37,26,9,0,0,2,27,8,1,1,0,105,227,1,0,0,94,4,2,99,10,8,1050,11,6,14,1.25,1,2.789,0.9,4,0.3,2,19,3.37,1.47,1.83,,4,,41,11,0,0,,3.08,4.65,,16.73,,8,13,0.69,0.385,5.743,124,5,19,1,keskin_bicakx1 bereketli_toprakx1,6,0,55,10,30,18,6,0,2,0,3,,0,0,0,0,0,0,0,0,0,0,0.615,1.909,0.673,11,0,40,0,0,397,0,0,3,6,6,14,2,0,1.1333,0,700,0,3,55,55.133,10.237,10.785,8.942,,,,22,0,0,0,0,,0.3,0,0,0,0,0,0,0,0,0,0,0,0,0,0,0,0,0,0,0,0.379,0.505,2.962,0.014,0,kalabalik
15,Run50_AlphaDengeV1,Davranış yönü,bahcivan,standart,102,HA · almayan eş,9,,,42,31,10,0,0,1,32,7,3,0,0,114,341,1,0,0,99,12,0,120,22,8,1161,13,6,14.67,1.25,1,2.689,0.9,4,0.3,2,20,3.65,1.41,2,1.67,,,41,0,33,,,2.32,7.16,7.17,,,9,15,0.687,0.4,5.807,142,3,22,1,keskin_bicakx1 bereketli_toprakx1,7,0,55,12,36,24,6,0,2,0,3,,0,0,0,0,0,0,0,0,0,0,0.8,2.073,0.764,11,0,42,0,0,108,0,0,3,6,6,14,3,0,1.1333,0,810,0,6,55,55.133,13.557,14.639,10.509,,,,24,0,0,0,0,,0.395,0,0,0,0,0,0,0,0,0,0,0,0,0,0,0,0,0,0,0,0.402,0.558,3.228,0.014,0,kalabalik
15,Run50_AlphaDengeV1,Davranış yönü,bahcivan,standart,102,HA · almayan eş,10,,,53,36,16,0,0,1,33,16,4,0,0,222,563,1,222,1,146,16,0,159,38,8,1615,15,6,15.64,1.25,1,2.592,0.9,4,0.3,2,21,3.95,1.56,1.88,1.33,,,28,0,0,,,5.7,7.13,3.46,,,11,18,0.698,0.278,5.899,168,3,25,2,keskin_bicakx1 bereketli_toprakx1,10,0,55,14,42,25,11,0,2,0,3,,0,0,0,0,0,0,0,0,0,0,0.611,4.036,0.964,17,0,44,0,0,33,0,0,3,6,6,24,3,0,1.2,0,950,0,6,55,55.133,13.662,16.19,8.31,,,,38,0,0,0,0,,0.272,0,0,0,0,0,0,0,0,0,0,0,0,0,0,0,0,0,0,0,0.428,0.576,2.836,0.015,0,kalabalik
15,Run50_AlphaDengeV1,Davranış yönü,bahcivan,standart,102,HA · almayan eş,11,,,76,54,18,1,0,3,47,22,7,0,0,329,329,1,0,0,251,28,0,282,66,8,2406,17,6,16.36,1.25,1,2.125,0.9,4,0.3,2,30,3.97,1.28,2,3,,,45,11,0,0,,2.71,7.68,19.11,,,12,21,0.649,0.381,5.764,237,4,29,1,keskin_bicakx1 bereketli_toprakx1 hizli_bilekx1,13,0,65,16,48,25,17,0,2,0,3,,0,0,0,0,0,0,0,0,0,0,0.667,5.062,1.169,22,0,51,0,0,489,0,0,3,6,6,24,3,0,1.2,0,1100,0,6,65,65.167,10.929,11.938,8.45,,,,59,0,0,0,0,,0.291,0,0,0,0,0,0,0,0,0,0,0,0,0,0,0,0,0,0,0,0.446,0.605,3.778,0.016,0,kalabalik
15,Run50_AlphaDengeV1,Davranış yönü,bahcivan,standart,102,HA · almayan eş,12,,,85,61,24,0,0,0,61,18,5,1,0,318,647,1,0,0,273,20,2,274,21,10,2912,19,6,18.13,1.25,1,2.048,0.9,4,0.3,2,31,3.97,1.44,1.5,1.6,3,,43,33,0,0,,3.32,6.55,9.01,28.67,,14,25,0.697,0.44,5.615,289,9,38,2,keskin_bicakx1 bereketli_toprakx1 hizli_bilekx1,14,0,65,18,54,25,23,0,2,0,3,,0,0,0,0,0,0,0,0,0,0,0.72,4.892,1.308,24,0,54,0,0,1101,0,0,3,6,6,36,3,0,1.2667,0,1300,0,6,65,65.167,11.908,14.277,5.889,,,,75,0,0,0,0,,0.312,0,0,0,0,0,0,0,0,0,0,0,0,0,0,0,0,0,0,0,0.5,0.691,8.467,0.02,0,kalabalik
15,Run50_AlphaDengeV1,Davranış yönü,bahcivan,standart,102,HA · almayan eş,13,,,76,65,7,2,0,2,48,20,6,2,0,320,967,1,320,1,264,24,4,277,45,14,3119,22,9,20.27,1.25,1,1.904,0.935,4,0.3,2,34,3.71,1.39,1.93,1.5,2.5,,46,6,0,0,,2.9,6.6,5.24,23.8,,14,25,0.547,0.28,5.477,297,11,49,0,keskin_bicakx1 bereketli_toprakx1 hizli_bilekx1,13,0,65,21,63,25,29,0,2,0,3,,0,0,0,0,0,0,0,0,0,0,0.4,4.923,1.169,11,0,61,0,0,20,0,0,3,6,6,66,3,0,1.4,0,1700,0,6,65,65.167,13.6,13.711,12.945,,,,40,0,0,0,0,,0.234,0,0,0,0,0,0,0,0,0,0,0,0,0,0,0,0,0,0,0,0.518,0.674,4.091,0.016,0,kalabalik
15,Run50_AlphaDengeV1,Davranış yönü,bahcivan,standart,102,HA · almayan eş,14,,,97,64,24,1,0,8,64,22,8,2,1,504,504,1,0,0,324,40,12,337,55,26,4062,24,6,23.08,1.25,1,1.836,0.97,4,0.3,2,35,3.97,1.38,1.53,2.4,2.5,,41,20,0,0,0,1.79,4,12.85,9.18,,14,25,0.677,0.28,5.343,304,8,57,0,keskin_bicakx1 bereketli_toprakx1 hizli_bilekx1 kivilcimx1,14,0,65,23,69,25,38,0,2,0,3,,0,0,0,0,0,0,0,0,0,0,0.84,7.754,1.492,33,0,72,0,0,582,0,0,3,6,6,84,3,0,1.4667,0,1900,0,9,65,65.167,10.771,12.327,7.755,,,,69,0,0,0,0,,0.261,0,0,0,0,0,0,0,0,0,0,0,0,0,0,0,0,0,0,0,0.47,0.64,4.578,0.018,0,kalabalik
15,Run50_AlphaDengeV1,Davranış yönü,bahcivan,standart,102,HA · almayan eş,15,,,152,100,31,2,2,17,90,39,18,3,2,946,1450,1,0,0,549,90,14,555,120,40,7230,27,9,24.3,1.25,1,1.836,1.005,6,0.3,2,35,5.89,1.29,1.59,2.33,3,2,57,35,0,0,0,1.96,4.83,9.33,7.33,9.18,16,32,0.646,0.375,5.129,406,7,64,4,keskin_bicakx1 bereketli_toprakx1 hizli_bilekx1 kivilcimx1,20,0,65,26,78,31,38,0,2,0,3,,0,0,0,0,0,0,0,0,0,0,0.5,14.554,2.338,52,0,76,0,0,1612,0,0,3,7,7,125,3,0,1.6,0,2400,0,6,65,65.167,8.933,9.425,7.985,,,,162,0,0,0,0,,0.288,0,0,0,0,0,0,0,0,0,0,0,0,0,0,0,0,0,0,0,0.476,0.668,4.056,0.022,0,kalabalik
15,Run50_AlphaDengeV1,Davranış yönü,bahcivan,standart,102,HA · almayan eş,16,,,137,88,18,5,3,23,74,37,17,6,3,3422,4872,1,3422,1,489,125,12,634,160,32,7663,30,9,24.3,1.25,1,1.836,1.005,6,0.3,2,35,5.97,1.49,1.93,1.89,1.4,3.33,39,19,0,0,0,3.71,6.1,4.28,5.14,10.4,19,49,0.769,0.184,5.036,632,2,66,11,keskin_bicakx1 bereketli_toprakx1 hizli_bilekx1 kivilcimx1,20,0,65,29,87,40,38,0,2,0,3,,0,0,0,0,0,0,0,0,0,0,0.755,52.646,2.108,49,0,81,0,0,1475,0,0,3,8,8,125,4,0,1.6,0,3000,0,9,65,65.167,12.626,13.414,11.21,,,,210,0,0,0,0,,0.272,0,0,0,0,0,0,0,0,0,0,0,0,0,0,0,0,0,0,0,0.522,0.754,3.44,0.023,0,kalabalik
15,Run50_AlphaDengeV1,Davranış yönü,bahcivan,standart,102,HA · almayan eş,17,,,185,98,26,21,18,22,74,62,29,17,3,4600,4600,1,0,0,639,185,34,718,320,66,11128,33,9,28.62,1.25,1,1.836,1.04,6,0.3,2,35,6,1.13,1.4,1.38,1.88,2.5,57,28,0,0,0,0.49,2.62,5.28,8.26,13.77,17,49,0.73,0.551,4.988,639,5,71,1,keskin_bicakx1 bereketli_toprakx1 hizli_bilekx1 kivilcimx2,23,0,65,32,96,49,38,0,2,0,3,,0,0,0,0,0,0,0,0,0,0,0.796,70.769,2.846,87,0,93,0,0,3003,0,0,3,10,10,125,4,0,1.6,0,3600,0,9,65,65.167,12.593,14.295,10.676,,,,328,0,0,0,0,,0.187,0,0,0,0,0,0,0,0,0,0,0,0,0,0,0,0,0,0,0,0.6,0.815,4.044,0.027,0,kalabalik
15,Run50_AlphaDengeV1,Davranış yönü,bahcivan,standart,102,HA · almayan eş,18,,,212,102,36,31,7,36,90,61,44,9,8,7282,11882,1,0,0,771,310,48,779,385,114,12528,36,9,34.76,1.25,1,1.778,1.11,6,0.3,2,36,6,1.23,1.27,1.52,2,2.25,40,39,16,13,0,1.47,2.07,3.56,6.05,9.78,17,49,0.709,0.429,4.818,661,10,81,0,keskin_bicakx1 bereketli_toprakx1 hizli_bilekx1 kivilcimx2,28,0,65,35,105,49,47,0,2,0,3,,0,0,0,0,0,0,0,0,0,0,0.755,112.031,3.262,110,0,121,0,0,3931,0,0,3,10,10,125,4,0,1.6,0,4400,0,9,65,65.167,11.263,11.923,10.652,,,,310,0,0,0,0,,0.216,0,0,0,0,0,0,0,0,0,0,0,0,0,0,0,0,0,0,0,0.706,1.131,4.085,0.028,0,kalabalik
15,Run50_AlphaDengeV1,Davranış yönü,bahcivan,standart,102,HA · almayan eş,19,,,226,117,44,17,9,39,114,44,49,13,6,8297,20179,1,0,0,651,386,36,705,466,50,13170,39,9,39.82,1.25,1,1.722,1.11,6,0.3,2,37,6,1.2,1.23,1.58,1.5,1.33,56,58,21,0,0,1.14,1.32,3.23,6.25,1.72,17,57,0.721,0.456,4.818,769,6,87,3,keskin_bicakx1 bereketli_toprakx1 hizli_bilekx1 kivilcimx2,27,0,65,38,114,49,56,0,2,0,3,,0,0,0,0,0,0,0,0,0,0,0.667,127.646,3.477,109,0,145,0,0,3001,0,0,3,10,10,125,4,0,1.6,0,5300,0,9,65,65.167,11.629,13.209,9.934,,,,304,0,0,0,0,,0.268,0,0,0,0,0,0,0,0,0,0,0,0,0,0,0,0,0,0,0,0.654,0.913,4.198,0.029,0,kalabalik
15,Run50_AlphaDengeV1,Davranış yönü,bahcivan,standart,102,HA · almayan eş,20,,,181,103,19,28,9,22,69,57,34,18,3,4814,24993,1,4814,1,597,288,54,597,451,84,10434,41,6,39.82,1.25,1,1.668,1.145,6,0.3,2,38,6,1.27,1.58,1.77,1.91,1.5,53,19,7,0,0,1.62,3.82,7.35,4.7,5.83,19,65,0.682,0.523,4.639,911,6,93,3,keskin_bicakx1 bereketli_toprakx1 hizli_bilekx1 kivilcimx2,26,0,65,40,120,58,56,0,2,0,3,,0,0,0,0,0,0,0,0,0,0,0.692,74.062,2.785,78,0,139,0,0,2535,0,0,3,11,11,125,4,0,1.6,0,5900,0,9,65,65.167,13.828,13.092,14.799,,,,254,0,0,0,0,,0.165,0,0,0,0,0,0,0,0,0,0,0,0,0,0,0,0,0,0,0,0.577,0.78,3.734,0.029,0,kalabalik
15,Run50_AlphaDengeV1,Davranış yönü,bahcivan,standart,102,HA · almayan eş,21,,,234,111,33,30,21,39,106,63,38,21,6,8409,8409,1,0,0,783,293,116,825,456,140,12965,43,6,39.82,1.25,1,1.668,1.18,6,0.3,2,38,6,1.26,1.35,1.63,1.63,2,37,42,9,0,0,1.01,2.04,2.98,5,41.7,22,81,0.796,0.494,4.678,1125,4,97,7,keskin_bicakx1 bereketli_toprakx1 hizli_bilekx1 kivilcimx3,38,0,65,42,126,64,56,0,2,0,3,,0,0,0,0,0,0,0,0,0,0,0.79,129.369,3.6,123,0,136,0,0,3300,0,0,3,12,12,125,5,0,1.6,0,6600,0,6,65,65.167,12.359,9.702,14.756,,,,424,0,0,0,0,,0.222,0,0,0,0,0,0,0,0,0,0,0,0,0,0,0,0,0,0,0,0.648,0.904,3.932,0.033,0,kalabalik
15,Run50_AlphaDengeV1,Davranış yönü,bahcivan,standart,102,HA · almayan eş,22,,,280,113,61,40,22,44,113,70,60,30,7,9260,17669,1,0,0,1099,455,132,1154,526,212,16728,45,6,43.38,1.25,1,1.616,1.23,6,0.3,2,40,6,1.15,1.33,1.5,1.88,1.5,48,38,18,8,0,0.86,1.08,2.34,8.47,3.23,19,81,0.778,0.617,4.487,1173,6,103,3,keskin_bicakx1 bereketli_toprakx1 hizli_bilekx1 kivilcimx3,34,0,65,44,132,70,56,0,2,0,3,,0,0,0,0,0,0,0,0,0,0,0.728,142.462,4.308,167,0,148,0,0,6428,0,0,3,14,14,125,5,0,1.6,0,7400,0,6,65,65.167,12.055,10.114,13.369,,,,556,0,0,0,0,,0.211,0,0,0,0,0,0,0,0,0,0,0,0,0,0,0,0,0,0,0,0.765,1.113,5.634,0.038,0,kalabalik
15,Run50_AlphaDengeV1,Davranış yönü,bahcivan,standart,102,HA · almayan eş,23,,,173,72,25,28,8,40,71,45,30,22,5,7819,25488,1,7819,1,758,276,111,822,802,323,10538,47,6,46.93,1.25,1,1.616,1.265,6,0.3,2,40,4,1.15,1.32,1.85,1.56,1,32,18,0,0,0,0.48,1.61,3.61,2.51,0,19,81,0.861,0.728,4.409,1194,5,108,0,keskin_bicakx1 bereketli_toprakx1 hizli_bilekx1 kivilcimx3,25,0,65,46,138,76,56,0,2,0,3,,0,0,0,0,0,0,0,0,0,0,0.815,120.292,2.662,101,0,157,0,0,1766,0,0,3,15,15,125,6,0,1.6,0,8200,0,6,65,65.167,16.576,12.086,19.776,,,,401,0,0,0,0,,0.191,0,0,0,0,0,0,0,0,0,0,0,0,0,0,0,0,0,0,0,0.738,1.026,4.717,0.03,0,kalabalik
15,Run50_AlphaDengeV1,Davranış yönü,bahcivan,standart,102,HA · almayan eş,24,,,344,105,119,41,36,43,131,101,55,47,10,12487,12487,1,0,0,1318,628,222,1570,790,545,20825,49,6,49.54,1.25,1,1.565,1.315,6,0.3,2,41,6,1.15,1.25,1.44,1.27,1.67,29,32,13,6,0,0.44,1.76,2.55,1.88,4.18,19,81,0.754,0.58,4.264,1235,4,112,0,keskin_bicakx1 bereketli_toprakx1 hizli_bilekx1 kivilcimx3 artci_patlamax1,45,0,65,48,144,81,57,0,2,0,3,artci_patlama@R23,32,32,0,229,81,0,0,0,0,0,0.691,192.108,5.292,158,0,168,0,0,5791,0,0,3,17,17,125,6,0,1.6,0,9000,0,6,65,65.167,14.694,15.657,15.329,,,12.205,516,0,0,0,0,,0.209,0,0,0,0,0,0,0,0,0,0,0,0,0,0,0,0,0,0,0,0.817,1.314,22.228,0.038,0,kalabalik
15,Run50_AlphaDengeV1,Davranış yönü,bahcivan,standart,102,HA · almayan eş,25,,,367,122,140,30,24,51,143,104,77,29,14,10173,22660,1,0,0,1832,878,187,1862,948,682,22800,52,9,56.1,1.25,1,1.516,1.315,6,0.3,2,42,6,1.14,1.16,1.37,1.3,1.25,56,38,27,0,0,0.79,1.02,2.08,1.66,0.38,19,81,0.733,0.543,4.264,1235,6,118,0,keskin_bicakx1 bereketli_toprakx1 hizli_bilekx1 kivilcimx3 artci_patlamax1,48,0,65,51,153,81,63,0,2,0,3,artci_patlama@R23,35,35,0,223,90,0,0,0,0,0,0.778,156.508,5.646,155,0,195,0,0,91,0,0,3,17,17,575,6,0,1.6667,0,10000,0,6,65,65.167,12.257,11.14,12.74,,,12.939,572,0,0,0,0,,0.211,0,0,0,0,0,0,0,0,0,0,0,0,0,0,0,0,0,0,0,0.853,1.375,4.532,0.041,0,kalabalik
15,Run50_AlphaDengeV1,Davranış yönü,bahcivan,standart,102,HA · almayan eş,26,,,297,109,108,27,21,32,113,93,61,19,11,14903,37563,1,14903,1,1512,696,150,1659,1194,832,20075,53,3,60.05,1.25,1,1.516,1.365,6,0.3,2,42,5.98,1.23,1.24,1.43,1.63,,38,38,6,0,0,1.14,0.76,3.95,6.45,,19,81,0.592,0.284,4.264,1235,7,125,0,keskin_bicakx1 bereketli_toprakx1 hizli_bilekx1 kivilcimx3 artci_patlamax1,48,0,65,52,156,81,72,0,2,0,3,artci_patlama@R23,28,28,0,145,73,0,0,0,0,0,0.63,229.277,4.569,115,0,207,0,0,10166,0,0,3,17,17,1165,6,0,1.7333,0,11000,0,9,65,65.167,13.663,19.197,10.162,,,10.917,381,0,0,0,0,,0.219,0,0,0,0,0,0,0,0,0,0,0,0,0,0,0,0,0,0,0,0.688,1.098,5.322,0.034,0,kalabalik
15,Run50_AlphaDengeV1,Davranış yönü,bahcivan,standart,102,HA · almayan eş,27,,,474,175,186,44,29,40,181,122,109,51,11,15468,15468,1,0,0,2152,1032,296,2211,1046,1128,32179,56,9,65.98,1.25,1,1.516,1.802,9,0.3,2,42,8.98,1.06,1.08,1.28,1.65,1.5,61,48,23,8,14,0.75,0.61,2.02,5.8,3.03,19,81,0.656,0.395,4.15,1269,4,129,0,keskin_bicakx1 bereketli_toprakx1 hizli_bilekx1 kivilcimx3 artci_patlamax1 genis_savurusx1,56,0,65,55,165,81,75,0,2,0,3,artci_patlama@R23,46,46,0,261,111,0,0,0,0,0,0.765,237.969,7.292,188,0,238,0,0,7345,0,0,3,17,17,1165,6,0,1.7333,0,13000,0,3,65,65.167,8.693,12.806,6.905,,,5.238,655,0,0,0,0,,0.191,0,0,0,0,0,0,0,0,0,0,0,0,0,0,0,0,0,0,0,0.805,1.329,5.285,0.044,0,kalabalik
15,Run50_AlphaDengeV1,Davranış yönü,bahcivan,standart,102,HA · almayan eş,28,,,512,163,201,65,24,59,207,130,103,51,21,20326,35794,1,0,0,2846,1113,344,2857,1169,1407,35969,59,9,69.27,1.25,1,1.468,1.868,9,0.3,2,44,8.95,1.1,1.2,1.32,1.5,2,49,46,24,11,0,0.36,0.92,2.57,2.84,5.38,19,81,0.636,0.321,4.15,1269,7,136,0,keskin_bicakx1 bereketli_toprakx1 hizli_bilekx1 kivilcimx3 artci_patlamax1 genis_savurusx1,61,0,65,58,174,81,84,0,2,0,3,artci_patlama@R23,54,54,0,262,126,0,0,0,0,0,0.469,312.708,7.877,223,0,257,0,0,3314,0,0,3,17,17,1895,6,0,1.8,0,14000,0,9,65,65.167,6.724,8.857,6.154,,,4.972,723,0,0,0,0,,0.215,0,0,0,0,0,0,0,0,0,0,0,0,0,0,0,0,0,0,0,0.815,1.297,5.554,0.047,0,kalabalik
15,Run50_AlphaDengeV1,Davranış yönü,bahcivan,standart,102,HA · almayan eş,29,,,513,174,177,66,33,63,188,144,110,56,15,18643,54437,1,0,0,2608,1263,348,2855,1562,1755,36536,61,6,79.64,1.25,1,1.468,1.868,9,0.317,2,44,8.93,1.07,1.17,1.27,1.5,1.33,63,48,26,7,25,0.16,0.86,1.56,3.74,1.47,19,81,0.627,0.321,4.04,1303,6,142,0,keskin_bicakx1 bereketli_toprakx1 hizli_bilekx1 kivilcimx3 artci_patlamax1 genis_savurusx1,64,0,65,60,180,81,93,0,2,0,3,artci_patlama@R23,40,40,0,230,115,0,0,0,0,0,0.58,286.815,7.892,224,0,306,0,0,10850,0,0,3,17,17,1895,6,0,1.8,0,16000,0,9,65,65.167,6.36,7.326,6.556,,,4.502,712,0,0,0,0,,0.271,0,0,0,0,0,0,0,0,0,0,0,0,0,0,0,0,0,0,0,0.817,1.309,4.489,0.045,0,kalabalik
15,Run50_AlphaDengeV1,Davranış yönü,bahcivan,standart,102,HA · almayan eş,30,,,473,158,199,46,27,43,197,125,79,52,20,19638,74075,1,19638,1,3027,1019,376,3202,1371,2051,34662,63,6,83.44,1.25,1,1.422,1.934,9,0.317,2,45,8.96,1.09,1.26,1.41,1.58,2.1,62,32,13,7,0,0.4,1.31,2.91,5.57,11.81,19,81,0.65,0.358,4.04,1303,8,150,0,keskin_bicakx1 bereketli_toprakx1 hizli_bilekx1 kivilcimx3 artci_patlamax1 genis_savurusx1,61,0,65,62,186,81,99,0,2,0,3,artci_patlama@R23,52,52,0,329,126,0,0,0,0,0,0.728,302.123,7.277,189,0,302,0,0,13512,0,0,3,17,17,2755,6,0,1.8667,0,17000,0,6,65,65.167,6.8,9.098,6.378,,,4.552,747,0,0,0,0,,0.182,0,0,0,0,0,0,0,0,0,0,0,0,0,0,0,0,0,0,0,0.829,1.353,4.494,0.045,0,kalabalik
15,Run50_AlphaDengeV1,Davranış yönü,bahcivan,standart,102,HA · almayan eş,31,,,599,178,197,59,24,141,237,176,101,66,19,23267,23267,1,0,0,3629,1130,428,3816,1491,2479,42250,66,9,89.96,1.25,1,1.422,1.934,9,0.333,2,45,8.78,1.04,1.11,1.22,1.45,1.33,67,49,14,8,0,0.1,0.56,1.16,2.7,3.08,19,81,0.596,0.37,3.913,1345,5,155,0,keskin_bicakx1 bereketli_toprakx1 hizli_bilekx1 kivilcimx3 artci_patlamax1 genis_savurusx1 cifte_akimx1,65,0,65,65,195,81,105,0,2,0,3,artci_patlama@R23 cifte_akim@R30,106,106,0,372,186,0,0,0,0,0,0.741,357.954,9.215,235,0,335,0,0,2762,0,0,3,17,17,2755,6,0,1.8667,0,19000,0,6,65,65.167,5.523,6.175,5.31,,,5.166,713,0,0,0,0,,0.308,0,0,0,0,0,0,0,0,0,0,0,0,0,0,0,0,0,0,0,0.852,1.355,5.469,0.048,0,kalabalik
15,Run50_AlphaDengeV1,Davranış yönü,bahcivan,standart,102,HA · almayan eş,32,,,700,235,228,47,25,165,249,188,143,93,27,35371,58638,1,0,0,4264,1698,800,4370,1869,3184,53428,68,6,94.04,1.25,1,1.377,2.066,12,0.35,2,47,10.96,1.06,1.11,1.35,1.65,1,72,52,27,14,29,0.32,0.52,1.79,3.97,0,19,81,0.544,0.247,3.859,1364,10,165,0,keskin_bicakx1 bereketli_toprakx1 hizli_bilekx1 kivilcimx3 artci_patlamax1 genis_savurusx1 cifte_akimx1,73,0,65,67,201,81,114,0,2,0,3,artci_patlama@R23 cifte_akim@R30,152,152,0,519,233,0,0,0,0,0,0.284,544.169,10.769,232,0,359,0,0,17190,0,0,3,17,17,3755,6,0,1.9333,0,21000,0,9,65,65.167,4.466,5.61,4.318,,,3.456,836,0,0,0,0,,0.194,0,0,0,0,0,0,0,0,0,0,0,0,0,0,0,0,0,0,0,0.904,1.431,4.986,0.055,0,kalabalik
15,Run50_AlphaDengeV1,Davranış yönü,bahcivan,standart,102,HA · almayan eş,33,,,583,232,186,57,25,83,235,167,103,62,16,22755,81393,1,22755,1,3570,1342,395,3920,1441,3579,41199,70,6,100.86,1.25,1,1.377,2.066,12,0.35,2,47,10.23,1.03,1.13,1.24,1.72,2.29,66,54,31,15,0,0.17,0.78,0.88,3.6,5.31,19,81,0.426,0.222,3.655,1441,6,171,0,keskin_bicakx1 bereketli_toprakx1 hizli_bilekx1 kivilcimx3 artci_patlamax1 genis_savurusx1 cifte_akimx1,63,0,65,69,207,81,120,0,2,0,3,artci_patlama@R23 cifte_akim@R30,129,129,0,316,163,0,0,4,0,0,0.432,350.077,8.969,188,0,386,0,0,15389,0,0,3,17,17,3755,6,0,1.9333,0,22000,0,6,65,65.167,3.579,3.831,3.793,,,2.973,698,0,0,0,0,,0.188,0,0,0,0,0,0,0,0,0,0,0,0,0,0,0,0,0,0,0,0.879,1.365,4.304,0.052,0,kalabalik
15,Run50_AlphaDengeV1,Davranış yönü,bahcivan,standart,102,HA · almayan eş,34,,,821,279,258,64,46,174,312,238,148,87,36,42174,42174,1,0,0,5295,2218,710,5465,2259,4179,62947,73,9,105.24,1.25,1,1.17,2.132,12,0.367,2,55,10.85,1.06,1.11,1.19,1.5,1.6,63,59,34,16,0,0.27,0.54,0.74,2.87,3.98,19,81,0.493,0.284,3.633,1449,7,178,0,keskin_bicakx1 bereketli_toprakx1 hizli_bilekx2 kivilcimx3 artci_patlamax1 genis_savurusx1 cifte_akimx1,94,0,65,72,216,81,126,0,2,0,3,artci_patlama@R23 cifte_akim@R30,171,171,0,584,256,0,0,2,0,0,0.407,648.831,12.631,286,0,391,0,0,9336,0,0,3,17,17,4855,6,0,2,0,25000,0,6,65,65.167,3.221,3.624,3.441,,,2.536,1006,0,0,0,0,,0.204,0,0,0,0,0,0,0,0,0,0,0,0,0,0,0,0,0,0,0,0.979,1.555,5.527,0.062,0,kalabalik
15,Run50_AlphaDengeV1,Davranış yönü,bahcivan,standart,102,HA · almayan eş,35,,,798,295,232,53,39,179,312,202,164,98,22,35361,77535,1,0,0,4795,1894,785,6260,1913,4964,63256,75,6,117.04,1.25,1,1.17,2.132,12,0.367,2,55,10.78,1.1,1.2,1.17,1.48,1.25,72,49,35,15,20,0.3,0.74,1.11,2.06,1.76,19,81,0.492,0.259,3.633,1449,4,182,0,keskin_bicakx1 bereketli_toprakx1 hizli_bilekx2 kivilcimx3 artci_patlamax1 genis_savurusx1 cifte_akimx1,99,0,65,74,222,81,135,0,2,0,3,artci_patlama@R23 cifte_akim@R30,175,175,0,514,236,0,0,2,0,0,0.432,544.015,12.277,267,0,447,0,0,21592,0,0,3,17,17,6155,6,0,2.0667,0,27000,0,9,65,65.167,3.257,3.955,3.009,,,2.664,967,0,0,0,0,,0.279,0,0,0,0,0,0,0,0,0,0,0,0,0,0,0,0,0,0,0,0.97,1.546,4.617,0.061,0,kalabalik
15,Run50_AlphaDengeV1,Davranış yönü,bahcivan,standart,102,HA · almayan eş,36,,,762,265,232,46,44,175,279,226,162,78,17,31402,108937,1,31402,1,4495,2253,623,8275,3476,5462,60655,77,6,117.04,1.25,1,1.17,2.198,12,0.383,2,55,11.29,1.21,1.3,1.51,1.57,1.75,56,41,20,9,8,0.69,1.2,2.39,2.97,4.69,19,81,0.561,0.284,3.466,1519,5,187,0,keskin_bicakx1 bereketli_toprakx1 hizli_bilekx2 kivilcimx3 artci_patlamax1 genis_savurusx1 cifte_akimx1,89,0,65,76,228,81,141,0,2,0,3,artci_patlama@R23 cifte_akim@R30,176,176,0,646,259,0,0,0,0,0,0.543,483.108,11.723,238,0,450,0,0,27247,0,0,3,17,17,6155,6,0,2.0667,0,29000,0,6,65,65.167,3.753,4.529,3.708,,,2.997,1070,0,0,0,0,,0.17,0,0,0,0,0,0,0,0,0,0,0,0,0,0,0,0,0,0,0,0.985,1.612,5.744,0.061,0,kalabalik
15,Run50_AlphaDengeV1,Davranış yönü,bahcivan,standart,102,HA · almayan eş,37,,,978,377,278,72,72,179,340,271,203,123,41,48896,48896,1,0,0,5895,3068,1026,9150,5844,6488,80195,80,9,124.44,1.25,1,0.819,2.198,12,0.383,2,79,10.11,1.1,1.19,1.38,1.72,1.73,64,53,22,15,7,0.28,0.53,1.59,2.93,2.57,19,81,0.496,0.247,3.38,1558,4,191,0,keskin_bicakx1 bereketli_toprakx1 hizli_bilekx2 kivilcimx3 artci_patlamax1 genis_savurusx1 cifte_akimx1 firtina_bilegix1,97,0,65,79,237,81,147,0,2,0,3,artci_patlama@R23 cifte_akim@R30,238,238,0,564,259,0,0,8,0,0,0.444,752.246,15.046,342,0,477,0,0,17442,0,0,3,17,17,7555,6,0,2.1333,0,32000,0,6,65,65.167,2.761,3.532,2.411,,,2.097,1272,0,0,0,0,,0.206,0,0,0,0,0,0,0,0,0,0,0,0,0,0,0,0,0,0,0,1.101,1.717,4.841,0.071,0,kalabalik
15,Run50_AlphaDengeV1,Davranış yönü,bahcivan,standart,102,HA · almayan eş,38,,,1027,381,262,69,82,233,359,296,210,125,37,43834,92730,1,0,0,6100,3142,1192,14870,7286,7540,82071,83,9,129.42,1.25,1,0.819,2.198,12,0.4,2,79,10.46,1.11,1.18,1.3,1.7,1.9,60,45,21,18,22,0.26,0.28,0.81,1.78,1.39,19,81,0.51,0.21,3.293,1599,3,194,0,keskin_bicakx1 bereketli_toprakx1 hizli_bilekx2 kivilcimx3 artci_patlamax1 genis_savurusx1 cifte_akimx1 firtina_bilegix1,100,0,65,82,246,81,156,0,2,0,3,artci_patlama@R23 cifte_akim@R30,281,281,0,674,287,0,0,4,0,0,0.407,674.369,15.8,359,0,488,0,0,513,0,0,3,17,17,7555,6,0,2.1333,0,35000,0,9,65,65.167,2.595,2.553,3.014,,,2.123,1372,0,0,0,0,,0.191,0,0,0,0,0,0,0,0,0,0,0,0,0,0,0,0,0,0,0,1.12,1.73,4.673,0.072,0,kalabalik
15,Run50_AlphaDengeV1,Davranış yönü,bahcivan,standart,102,HA · almayan eş,39,,,1041,365,280,56,77,263,364,299,207,129,42,47272,140002,1,0,0,6185,3483,1056,14355,9999,8596,87458,85,6,137.13,1.25,1,0.819,2.198,12,0.4,2,79,10.42,1.09,1.23,1.42,1.67,1.69,64,43,18,16,7,0.24,0.7,1.12,1.82,1.58,19,81,0.501,0.296,3.285,1603,4,198,0,keskin_bicakx1 bereketli_toprakx1 hizli_bilekx2 kivilcimx3 artci_patlamax1 genis_savurusx1 cifte_akimx1 firtina_bilegix1,101,0,65,84,252,81,165,0,2,0,3,artci_patlama@R23 cifte_akim@R30,265,265,0,749,335,0,0,0,0,0,0.481,727.262,16.015,341,0,506,0,0,16971,0,0,3,17,17,9055,6,0,2.2,0,38000,0,9,65,65.167,2.479,3.121,2.19,,,2.069,1395,0,0,0,0,,0.2,0,0,0,0,0,0,0,0,0,0,0,0,0,0,0,0,0,0,0,1.133,1.88,4.493,0.074,0,kalabalik
15,Run50_AlphaDengeV1,Davranış yönü,bahcivan,standart,102,HA · almayan eş,40,,,912,314,241,70,90,197,303,248,203,114,44,41603,181605,1,41603,1,5830,3479,1102,19765,11578,9543,79841,87,6,149.52,1.25,1,0.819,2.198,12,0.417,2,79,8.68,1.11,1.18,1.45,1.33,1.85,56,49,21,17,0,0.37,0.53,1.82,1.96,2.52,19,81,0.573,0.321,3.063,1719,3,201,0,keskin_bicakx1 bereketli_toprakx1 hizli_bilekx2 kivilcimx3 artci_patlamax1 genis_savurusx1 cifte_akimx1 firtina_bilegix1,100,0,65,86,258,81,168,3,2,0,3,artci_patlama@R23 cifte_akim@R30,211,211,0,632,256,0,0,2,0,0,0.556,640.046,14.031,342,0,576,0,0,19812,0,0,3,17,17,9055,6,0,2.2,0,40000,0,6,65,65.167,3.375,3.856,3.338,,,2.828,1205,0,0,0,0,,0.193,0,0,0,0,0,0,0,0,0,0,0,0,0,0,0,0,0,0,0,1.054,1.681,5.675,0.063,0,kalabalik
15,Run50_AlphaDengeV1,Davranış yönü,bahcivan,standart,102,HA · almayan eş,41,,,1318,606,276,62,93,281,439,359,287,195,38,52621,52621,1,0,0,7345,4599,1668,21310,16177,11061,113460,90,9,177.64,2,1,0.819,2.198,12,0.417,2.111,79,10.66,1,1.01,1.06,1.14,1.18,100,86,56,53,38,0,0.01,0.08,0.46,0.14,19,81,0.441,0.111,2.942,1790,3,204,0,keskin_bicakx1 bereketli_toprakx1 hizli_bilekx2 kivilcimx3 artci_patlamax1 genis_savurusx1 cifte_akimx1 firtina_bilegix1 canavar_kesimix1,122,0.005,65,89,267,81,169,8,2,0,3,artci_patlama@R23 cifte_akim@R30,412,412,0,645,291,0,0,58,0,0,0.383,809.554,20.277,421,0,1155,0,0,10272,0,0,3,17,17,9055,6,0,2.2,0,44000,0,6,65,65.167,1.768,1.807,1.677,,,1.82,1693,0,0,0,0,,0.295,0,0,0,0,0,0,0,0,0,0,0,0,0,0,0,0,0,0,0,1.256,2.082,14.749,0.087,1,kalabalik
15,Run50_AlphaDengeV1,Davranış yönü,bahcivan,standart,102,HA · almayan eş,42,,,1848,689,647,50,117,345,572,525,404,268,79,75088,127709,1,0,0,10533,7150,2505,30808,23363,11496,156218,93,9,213.86,2,1,0.755,2.198,12,0.433,2.111,86,11.41,1,1,1.05,1.1,1.11,100,90,65,70,54,0,0.15,0.3,0.29,0.17,29,121,0.461,0.19,2.837,2772,3,207,15,keskin_bicakx1 bereketli_toprakx1 hizli_bilekx2 kivilcimx3 artci_patlamax1 genis_savurusx1 cifte_akimx1 firtina_bilegix1 canavar_kesimix1,169,0,65,92,276,81,169,17,2,0,3,artci_patlama@R23 cifte_akim@R30,398,395,3,1058,518,0,0,32,0,0,0.471,1155.2,28.431,641,0,1381,0,0,31490,0,0,3,17,17,9055,6,0,2.2,0,48000,0,9,65,65.167,1.827,2.193,1.751,,,1.431,2113,0,0,0,0,,0.327,0,0,0,0,0,0,0,0,0,0,0,0,0,0,0,0,0,0,0,1.489,2.514,16.936,0.101,0,kalabalik
15,Run50_AlphaDengeV1,Davranış yönü,bahcivan,standart,102,HA · almayan eş,43,,,1721,674,551,66,111,319,560,470,395,227,69,74222,201931,1,74222,1,10117,6642,2175,36825,30005,13476,144387,96,9,225.24,2,1,0.755,2.198,12,0.433,2.222,86,11.56,1,1.05,1.11,1.18,1.28,95,82,63,48,48,0.02,0.18,0.37,0.7,1.7,29,121,0.492,0.281,2.794,2815,2,209,0,keskin_bicakx1 bereketli_toprakx1 hizli_bilekx2 kivilcimx3 artci_patlamax1 genis_savurusx1 cifte_akimx1 firtina_bilegix1 canavar_kesimix1,166,0,65,95,285,90,169,17,2,0,3,artci_patlama@R23 cifte_akim@R30,377,370,7,1147,454,0,0,30,0,11,0.57,1141.877,26.477,593,0,1539,0,0,27877,0,0,3,18,18,9055,6,0,2.2,0,52000,0,9,65,65.167,2.212,2.699,2.122,,,1.602,2215,0,0,0,0,,0.265,0,0,0,0,0,0,0,0,0,0,0,0,0,0,0,0,0,0,0,1.603,2.732,30.737,0.107,0,kalabalik
15,Run50_AlphaDengeV1,Davranış yönü,bahcivan,standart,102,HA · almayan eş,44,,,1925,708,633,60,127,397,598,542,434,260,91,97291,97291,1,0,0,12036,7630,2465,46141,37635,15941,165165,99,9,225.24,2,1,0.755,2.198,12,0.45,2.222,86,11.57,1,1.01,1.05,1.15,1.13,100,86,76,68,69,0,0.05,0.14,0.64,0.55,29,121,0.522,0.314,2.331,3374,2,211,0,keskin_bicakx1 bereketli_toprakx2 hizli_bilekx2 kivilcimx3 artci_patlamax1 genis_savurusx1 cifte_akimx1 firtina_bilegix1 canavar_kesimix1,185,0,65,98,294,99,169,17,2,0,3,artci_patlama@R23 cifte_akim@R30,406,401,5,1335,571,0,0,28,0,6,0.521,1496.785,29.615,646,0,1527,0,0,32042,0,0,3,18,18,9055,7,0,2.2,0,57000,0,9,65,65.167,2.119,2.473,2.344,,,1.425,2194,0,0,0,0,,0.32,0,0,0,0,0,0,0,0,0,0,0,0,0,0,0,0,0,0,0,1.58,2.767,6.028,0.105,0,kalabalik
15,Run50_AlphaDengeV1,Davranış yönü,bahcivan,standart,102,HA · almayan eş,45,,,1801,729,568,53,115,336,541,509,426,257,68,92364,189655,1,0,0,10359,6932,2328,56500,44567,18029,154759,102,9,225.24,2,1,0.755,2.198,12,0.45,2.333,86,11.79,1,1.06,1.07,1.09,1.13,100,77,66,58,50,0,0.23,0.22,0.26,0.4,29,121,0.556,0.314,2.301,3418,1,212,0,keskin_bicakx1 bereketli_toprakx2 hizli_bilekx2 kivilcimx3 artci_patlamax1 genis_savurusx1 cifte_akimx1 firtina_bilegix1 canavar_kesimix1,170,0,65,101,303,108,169,17,2,0,3,artci_patlama@R23 cifte_akim@R30,393,390,3,1276,483,0,0,24,0,12,0.529,1420.985,27.708,589,0,2771,0,0,11801,0,0,3,20,20,9055,7,0,2.2,0,62000,0,9,65,65.167,2.442,2.622,2.775,,,1.768,2306,0,0,0,0,,0.184,0,0,0,0,0,0,0,0,0,0,0,0,0,0,0,0,0,0,0,1.678,2.858,6.614,0.108,0,kalabalik
15,Run50_AlphaDengeV1,Davranış yönü,bahcivan,standart,102,HA · almayan eş,46,,,1589,669,449,47,132,292,513,439,369,199,69,69631,259286,1,69631,1,9347,6128,1865,63447,50695,19894,130015,104,6,225.24,2,1,0.755,2.198,12,0.45,2.333,86,11.26,1,1.06,1.09,1.15,1.18,100,71,66,46,46,0,0.19,0.44,0.54,1.24,29,121,0.462,0.306,2.24,3510,1,213,0,keskin_bicakx1 bereketli_toprakx2 hizli_bilekx2 kivilcimx3 artci_patlamax1 genis_savurusx1 cifte_akimx1 firtina_bilegix1 canavar_kesimix1,151,0,65,103,309,117,169,17,2,0,3,artci_patlama@R23 cifte_akim@R30,419,416,3,1002,391,0,0,24,0,5,0.479,1071.246,24.446,529,0,2755,0,0,16816,0,0,3,22,22,9055,8,0,2.2,0,65000,0,9,65,65.167,2.226,2.693,2.083,,,1.618,2066,0,0,0,0,,0.215,0,0,0,0,0,0,0,0,0,0,0,0,0,0,0,0,0,0,0,1.509,2.575,5.846,0.101,0,kalabalik
15,Run50_AlphaDengeV1,Davranış yönü,bahcivan,standart,102,HA · almayan eş,47,,,2163,772,817,46,124,404,715,616,490,252,90,97930,97930,1,0,0,13501,7937,2486,76948,58632,22090,182504,106,6,225.24,2,1,0.642,2.198,12,0.45,2.444,101,11.53,1,1.03,1.05,1.09,1.26,99,83,69,57,34,0,0.05,0.11,0.28,0.74,29,121,0.484,0.281,2.24,3510,1,214,0,keskin_bicakx1 bereketli_toprakx2 hizli_bilekx3 kivilcimx3 artci_patlamax1 genis_savurusx1 cifte_akimx1 firtina_bilegix1 canavar_kesimix1,198,0,65,105,315,121,171,17,2,0,3,artci_patlama@R23 cifte_akim@R30,561,560,1,1741,671,0,0,32,0,23,0.421,1506.615,33.277,720,0,2875,0,0,67320,0,0,3,24,24,9055,9,0,2.2,0,69000,0,6,65,65.167,1.777,1.808,1.899,,,1.608,2965,0,0,0,0,,0.234,0,0,0,0,0,0,0,0,0,0,0,0,0,0,0,0,0,0,0,1.833,3.2,8.564,0.129,0,kalabalik
15,Run50_AlphaDengeV1,Davranış yönü,bahcivan,standart,102,HA · almayan eş,48,,,2070,748,810,32,116,364,658,548,457,324,83,114777,212707,1,0,0,12415,7822,2790,89363,66454,24880,180580,109,9,225.24,2,1,0.642,2.198,12,0.45,2.444,101,11.59,1.01,1.03,1.06,1.1,1.16,96,80,73,60,37,0.02,0.07,0.14,0.34,0.39,29,121,0.495,0.298,2.24,3510,0,214,0,keskin_bicakx1 bereketli_toprakx2 hizli_bilekx3 kivilcimx3 artci_patlamax1 genis_savurusx1 cifte_akimx1 firtina_bilegix1 canavar_kesimix1,191,0,65,108,324,121,177,17,2,0,3,artci_patlama@R23 cifte_akim@R30,534,531,3,1730,608,0,0,10,0,6,0.479,1765.8,31.846,714,0,2868,0,0,36900,0,0,3,24,24,9055,9,0,2.2,0,74000,0,6,65,65.167,1.867,1.929,1.999,,,1.633,2879,0,0,0,0,,0.25,0,0,0,0,0,0,0,0,0,0,0,0,0,0,0,0,0,0,0,1.798,3.262,21.318,0.132,0,kalabalik
15,Run50_AlphaDengeV1,Davranış yönü,bahcivan,standart,102,HA · almayan eş,49,,,2007,741,761,29,98,378,630,555,449,274,99,118467,331174,1,0,0,12884,7881,2505,102247,74335,27055,176565,111,6,225.24,2,1,0.642,2.198,12,0.45,2.556,101,11.62,1.01,1.06,1.07,1.13,1.18,93,69,68,51,47,0.03,0.14,0.24,0.56,0.68,29,121,0.514,0.298,2.208,3562,1,215,0,keskin_bicakx1 bereketli_toprakx2 hizli_bilekx3 kivilcimx3 artci_patlamax1 genis_savurusx1 cifte_akimx1 firtina_bilegix1 canavar_kesimix1,187,0,65,110,330,121,186,17,2,0,3,artci_patlama@R23 cifte_akim@R30,517,513,4,1741,647,0,0,14,0,25,0.488,1822.569,30.877,619,0,3004,0,0,63465,0,0,3,24,24,9055,9,0,2.2,0,78000,0,9,65,65.167,1.962,2.136,2.07,,,1.656,2849,0,0,0,0,,0.252,0,0,0,0,0,0,0,0,0,0,0,0,0,0,0,0,0,0,0,1.76,3.31,6.446,0.124,0,kalabalik
15,Run50_AlphaDengeV1,Davranış yönü,bahcivan,standart,102,HA · almayan eş,50,,,1686,593,639,75,86,293,531,473,404,215,63,79072,410246,1,79072,1,10314,6019,2059,112561,80354,29114,146137,113,6,225.24,2,1,0.642,2.198,12,0.45,2.556,101,8.99,1.01,1.03,1.03,1.09,1.1,89,66,66,46,45,0.05,0.06,0.09,0.51,0.92,29,121,0.597,0.347,2.167,3629,0,215,0,keskin_bicakx1 bereketli_toprakx2 hizli_bilekx3 kivilcimx3 artci_patlamax1 genis_savurusx1 cifte_akimx1 firtina_bilegix1 canavar_kesimix1,154,0,65,112,336,121,192,17,2,0,3,artci_patlama@R23 cifte_akim@R30,410,408,2,1862,563,0,0,0,0,0,0.62,1216.492,25.938,530,0,3328,0,0,51602,0,0,3,24,24,9055,9,0,2.2,0,82000,0,6,65,65.167,2.745,3.102,2.695,,,2.415,2738,0,0,0,0,,0.148,0,0,0,0,0,0,0,0,0,0,0,0,0,0,0,0,0,0,0,1.704,3.144,6.171,0.112,0,kalabalik
15,Run50_AlphaDengeV1,Davranış yönü,bahcivan,standart,102,HA · almayan eş,50,KAZANDI
15,Run50_AlphaDengeV1,Davranış yönü,bahcivan,standart,102,LAB R30 A ödülsüz #1,30,,,474,164,187,58,21,44,195,116,96,55,12,21469,21469,1,21469,1,2565,1041,382,2645,1041,382,34629,30,87,83.44,1.25,1,1.422,1.934,9,0.317,2,45,8.93,1.13,1.29,1.55,1.71,1.5,57,41,27,17,0,0.6,1.71,3.82,4.43,8.88,19,81,0.675,0.383,4.04,1303,0,0,0,keskin_bicakx1 bereketli_toprakx1 hizli_bilekx1 kivilcimx3 artci_patlamax1 genis_savurusx1,66,0,65,29,87,0,0,0,0,0,30,,50,50,0,282,108,0,0,0,0,0,0.617,330.292,7.292,202,0,305,0,0,599,0,0,30,17,17,0,0,0,1.8667,0,3000,0,0,65,65.167,6.546,7.801,6.377,,,4.959,684,0,0,0,0,,0.329,0,0,0,0,0,0,0,0,0,0,0,0,0,0,0,0,0,0,0,0.868,1.427,39.634,0.047,0,kalabalik
15,Run50_AlphaDengeV1,Davranış yönü,bahcivan,standart,102,LAB R30 B +zincir_hasat [mevcut] #1,30,,,520,169,191,65,32,63,209,139,114,47,11,18721,18721,1,18721,1,2867,1186,296,2947,1186,296,37666,31,90,83.44,1.25,1,1.422,1.934,9,0.317,2,45,8.93,1.07,1.33,1.32,1.69,1,66,25,36,13,17,0.41,1.68,1.92,3.72,0,19,81,0.634,0.296,4.04,1303,0,0,0,keskin_bicakx1 bereketli_toprakx1 hizli_bilekx1 kivilcimx3 artci_patlamax1 genis_savurusx1 zincir_hasatx1,69,0,65,30,90,0,0,0,0,0,30,,47,47,0,260,96,0,0,0,0,0,0.63,288.015,8,189,66,317,0,0,636,0,0,30,17,17,0,0,0,1.8667,0,3200,0,0,65,65.167,5.868,6.747,5.884,6.592,2.456,4.435,645,277,187,51,15,0.372,0.273,126,20,76,11,76,11,186,15,0,0,0,96,2,70,157,66,66,10,10,0.912,1.485,17.616,0.045,0,kalabalik
15,Run50_AlphaDengeV1,Davranış yönü,bahcivan,standart,102,LAB R30 B +zincir_hasat [şans üst] #1,30,,,534,157,225,57,27,68,214,137,123,47,13,20053,20053,1,20053,1,3059,1355,258,3139,1355,258,38386,31,90,83.44,1.25,1,1.422,1.934,9,0.317,2,45,8.93,1.11,1.22,1.43,1.4,1.6,52,42,35,13,25,0.36,1.15,2.23,2.18,5.11,19,81,0.627,0.333,4.04,1303,0,0,0,keskin_bicakx1 bereketli_toprakx1 hizli_bilekx1 kivilcimx3 artci_patlamax1 genis_savurusx1 zincir_hasatx1,68,0,65,30,90,0,0,0,0,0,30,,58,58,0,294,123,0,0,0,0,0,0.654,308.508,8.215,193,61,310,0,0,1356,0,0,30,17,17,0,0,0,1.8667,0,3200,0,0,65,65.167,5.287,6.387,4.88,5.454,5.373,4.44,663,336,249,56,5,0.352,0.292,126,31,106,17,106,17,162,5,0,0,0,123,0,0,124,61,61,7,7,0.943,1.515,12.762,0.047,0,kalabalik
15,Run50_AlphaDengeV1,Davranış yönü,bahcivan,standart,102,LAB R30 B +zincir_hasat [hasar üst] #1,30,,,538,168,212,65,29,64,235,135,105,49,14,17379,17379,1,17379,1,3167,1149,310,3247,1149,310,38215,31,90,83.44,1.25,1,1.422,1.934,9,0.317,2,45,8.87,1.08,1.17,1.52,1.91,1.5,66,32,20,5,18,0.43,1.15,4.13,7.63,4.98,19,81,0.623,0.321,4.04,1303,0,0,0,keskin_bicakx1 bereketli_toprakx1 hizli_bilekx1 kivilcimx3 artci_patlamax1 genis_savurusx1 zincir_hasatx1,77,0,65,30,90,0,0,0,0,0,30,,57,57,0,300,115,0,0,0,0,0,0.642,267.369,8.277,182,73,305,0,0,1185,0,0,30,17,17,0,0,0,1.8667,0,3200,0,0,65,65.167,5.291,6.05,5.669,4.956,2.425,4.237,665,237,186,53,20,0.451,0.262,117,29,65,15,65,15,165,20,0,0,0,115,1,35,115,73,73,9,9,0.926,1.496,22.481,0.047,0,kalabalik
15,Run50_AlphaDengeV1,Davranış yönü,bahcivan,standart,102,LAB R30 B +zincir_hasat [ikisi üst] #1,30,,,531,169,183,59,49,71,200,143,113,60,15,26809,26809,1,26809,1,2832,1265,428,2912,1265,428,39589,31,90,83.44,1.25,1,1.422,1.934,9,0.317,2,45,8.89,1.14,1.22,1.39,1.47,1.75,57,28,23,15,17,0.39,1.36,2.94,2.18,5.33,19,81,0.635,0.272,4.04,1303,0,0,0,keskin_bicakx1 bereketli_toprakx1 hizli_bilekx1 kivilcimx3 artci_patlamax1 genis_savurusx1 zincir_hasatx1,76,0,65,30,90,0,0,0,0,0,30,,41,41,0,251,94,0,0,0,0,0,0.556,412.446,8.169,170,98,308,0,0,2559,0,0,30,17,17,0,0,0,1.8667,0,3200,0,0,65,65.167,5.437,6.3,5.469,4.461,5.051,4.685,653,366,299,73,25,0.383,0.274,123,43,100,27,100,27,175,25,0,0,0,94,1,50,177,98,96,25,24,0.934,1.495,13.347,0.044,0,kalabalik
15,Run50_AlphaDengeV1,Davranış yönü,bahcivan,standart,102,LAB R30 A ödülsüz #2,30,,,474,171,199,49,20,35,177,136,92,53,16,23747,23747,1,23747,1,2471,1110,366,2551,1110,366,34874,30,87,83.44,1.25,1,1.422,1.934,9,0.317,2,45,9,1.12,1.19,1.33,1.5,2,63,41,29,24,0,0.8,1.33,2.01,2.14,5.92,19,81,0.67,0.407,4.04,1303,0,0,0,keskin_bicakx1 bereketli_toprakx1 hizli_bilekx1 kivilcimx3 artci_patlamax1 genis_savurusx1,62,0,65,29,87,0,0,0,0,0,30,,54,54,0,321,128,0,0,0,0,0,0.728,365.338,7.292,175,0,298,0,0,844,0,0,30,17,17,0,0,0,1.8667,0,3000,0,0,65,65.167,6.389,6.903,6.559,,,5.47,683,0,0,0,0,,0.341,0,0,0,0,0,0,0,0,0,0,0,0,0,0,0,0,0,0,0,0.861,1.387,17.598,0.047,0,kalabalik
15,Run50_AlphaDengeV1,Davranış yönü,bahcivan,standart,102,LAB R30 B +zincir_hasat [mevcut] #2,30,,,532,175,191,56,41,69,217,165,84,50,16,19915,19915,1,19915,1,3331,915,314,3411,915,314,37973,31,90,83.44,1.25,1,1.422,1.934,9,0.317,2,45,8.89,1.04,1.2,1.32,1.64,1.57,65,35,31,15,14,0.21,0.96,1.59,2.44,4.06,19,81,0.623,0.284,4.04,1303,0,0,0,keskin_bicakx1 bereketli_toprakx1 hizli_bilekx1 kivilcimx3 artci_patlamax1 genis_savurusx1 zincir_hasatx1,75,0,65,30,90,0,0,0,0,0,30,,52,52,0,255,111,0,0,0,0,0,0.827,306.385,8.185,191,55,308,0,0,943,0,0,30,17,17,0,0,0,1.8667,0,3200,0,0,65,65.167,5.267,6.034,5.347,4.963,2.498,4.379,765,256,198,41,14,0.446,0.265,116,27,74,16,74,16,166,14,0,0,0,111,0,0,90,55,55,9,8,0.924,1.505,16.007,0.047,0,kalabalik
15,Run50_AlphaDengeV1,Davranış yönü,bahcivan,standart,102,LAB R30 B +zincir_hasat [şans üst] #2,30,,,542,181,178,69,44,70,229,134,110,52,17,23248,23248,1,23248,1,3128,1308,316,3208,1308,316,39113,31,90,83.44,1.25,1,1.422,1.934,9,0.317,2,45,8.91,1.04,1.4,1.36,1.73,1.57,57,27,31,22,29,0.05,2.06,2.15,2.71,2.03,19,81,0.623,0.346,4.04,1303,0,0,0,keskin_bicakx1 bereketli_toprakx1 hizli_bilekx1 kivilcimx3 artci_patlamax1 genis_savurusx1 zincir_hasatx1,65,0,65,30,90,0,0,0,0,0,30,,45,45,0,245,86,0,0,0,0,0,0.506,357.662,8.338,179,96,308,0,0,2083,0,0,30,17,17,0,0,0,1.8667,0,3200,0,0,65,65.167,5.474,6.159,5.663,5.146,5.384,3.963,655,417,338,81,15,0.313,0.286,123,50,104,28,104,28,181,15,0,0,0,86,3,94,226,96,96,13,13,0.944,1.526,12.426,0.045,0,kalabalik
15,Run50_AlphaDengeV1,Davranış yönü,bahcivan,standart,102,LAB R30 B +zincir_hasat [hasar üst] #2,30,,,552,167,209,56,40,80,255,146,90,49,12,17354,17354,1,17354,1,3100,1014,302,3180,1014,302,37821,31,90,83.44,1.25,1,1.422,1.934,9,0.317,2,45,8.87,1.12,1.24,1.5,1.36,1.5,57,32,30,23,20,0.33,1.23,2.17,3.05,7.82,19,81,0.622,0.296,4.04,1303,0,0,0,keskin_bicakx1 bereketli_toprakx1 hizli_bilekx1 kivilcimx3 artci_patlamax1 genis_savurusx1 zincir_hasatx1,72,0,65,30,90,0,0,0,0,0,30,,53,53,0,248,110,0,0,0,0,0,0.605,266.985,8.492,201,74,303,0,0,791,0,0,30,17,17,0,0,0,1.8667,0,3200,0,0,65,65.167,5.113,5.792,5.297,5.29,3.707,3.97,659,279,225,50,24,0.42,0.3,135,34,75,21,75,21,167,24,0,0,0,110,3,103,200,74,74,11,11,0.915,1.571,18.159,0.046,0,kalabalik
15,Run50_AlphaDengeV1,Davranış yönü,bahcivan,standart,102,LAB R30 B +zincir_hasat [ikisi üst] #2,30,,,551,161,219,64,39,68,216,156,104,56,19,23518,23518,1,23518,1,3517,1235,316,3597,1235,316,40086,31,90,83.44,1.25,1,1.422,1.934,9,0.317,2,45,8.84,1.04,1.24,1.41,1.43,1.8,64,36,22,26,14,0.08,0.87,2.22,2.64,7.96,19,81,0.618,0.272,4.04,1303,0,0,0,keskin_bicakx1 bereketli_toprakx1 hizli_bilekx1 kivilcimx3 artci_patlamax1 genis_savurusx1 zincir_hasatx1,73,0,65,30,90,0,0,0,0,0,30,,54,54,0,270,103,0,0,0,0,0,0.617,361.815,8.477,177,110,302,0,0,3056,0,0,30,17,17,0,0,0,1.8667,0,3200,0,0,65,65.167,5.442,6.392,5.385,5.808,5.604,3.735,573,396,317,74,36,0.372,0.281,116,50,99,34,99,34,175,36,0,0,0,103,3,89,222,110,101,16,16,0.933,1.534,15.29,0.045,0,kalabalik
15,Run50_AlphaDengeV1,Davranış yönü,bahcivan,standart,102,LAB R30 A ödülsüz #3,30,,,482,171,188,56,21,46,193,152,86,34,17,18536,18536,1,18536,1,2895,942,310,2975,942,310,33660,29,84,83.44,1.25,1,1.422,1.934,9,0.317,2,45,8.96,1.18,1.27,1.42,1.22,2,59,42,38,19,25,0.81,1.45,2.72,1.74,7.32,19,81,0.667,0.37,4.04,1303,0,0,0,keskin_bicakx1 bereketli_toprakx1 hizli_bilekx1 kivilcimx3 artci_patlamax1 genis_savurusx1,66,0,65,28,84,0,0,0,0,0,30,,53,53,0,294,116,0,0,0,0,0,0.704,285.169,7.415,195,0,298,0,0,2430,0,0,30,17,17,0,0,0,1.8667,0,2800,0,0,65,65.167,6.445,7.41,6.304,,,5.258,709,0,0,0,0,,0.329,0,0,0,0,0,0,0,0,0,0,0,0,0,0,0,0,0,0,0,0.858,1.449,17.762,0.047,0,kalabalik
15,Run50_AlphaDengeV1,Davranış yönü,bahcivan,standart,102,LAB R30 B +zincir_hasat [mevcut] #3,30,,,546,178,225,61,40,42,230,148,95,59,14,22800,22800,1,22800,1,2807,1225,346,2887,1225,346,38983,31,90,83.44,1.25,1,1.422,1.934,9,0.317,2,45,8.84,1.1,1.12,1.42,1.67,1.5,60,52,19,7,14,0.54,0.55,2.25,5.92,2.49,19,81,0.624,0.296,4.04,1303,0,0,0,keskin_bicakx1 bereketli_toprakx1 hizli_bilekx1 kivilcimx3 artci_patlamax1 genis_savurusx1 zincir_hasatx1,70,0,65,30,90,0,0,0,0,0,30,,59,59,0,350,132,0,0,0,0,0,0.679,350.769,8.4,180,56,305,0,0,1953,0,0,30,17,17,0,0,0,1.8667,0,3200,0,0,65,65.167,4.97,6.133,4.393,6.034,1.754,4.157,671,218,174,43,13,0.503,0.295,115,28,65,8,65,8,143,13,0,0,0,132,1,35,108,56,56,6,6,0.925,1.489,10.36,0.045,0,kalabalik
15,Run50_AlphaDengeV1,Davranış yönü,bahcivan,standart,102,LAB R30 B +zincir_hasat [şans üst] #3,30,,,550,178,209,62,39,62,223,145,100,64,18,25243,25243,1,25243,1,3173,1139,442,3253,1139,442,40540,32,93,83.44,1.25,1,1.422,1.934,9,0.317,2,45,8.8,1.08,1.16,1.38,1.78,1.33,65,54,29,20,0,0.22,0.86,2.52,3.39,2.37,19,81,0.623,0.259,4.04,1303,0,0,0,keskin_bicakx1 bereketli_toprakx1 hizli_bilekx1 kivilcimx3 artci_patlamax1 genis_savurusx1 zincir_hasatx1,77,0,65,31,93,0,0,0,0,0,30,,52,52,0,273,101,0,0,0,0,0,0.58,388.354,8.462,186,85,308,0,0,310,0,0,30,17,17,0,0,0,1.8667,0,3400,0,0,65,65.167,5.269,5.917,5.295,5.162,5.235,4.151,706,364,271,63,22,0.292,0.303,115,45,96,28,96,28,167,22,0,0,0,101,2,26,150,85,81,18,18,0.961,1.599,13.708,0.047,0,kalabalik
15,Run50_AlphaDengeV1,Davranış yönü,bahcivan,standart,102,LAB R30 B +zincir_hasat [hasar üst] #3,30,,,521,161,207,61,33,59,207,136,113,51,14,24339,24339,1,24339,1,3032,1230,286,3112,1230,286,38006,31,90,83.44,1.25,1,1.422,1.934,9,0.317,2,45,8.91,1.08,1.16,1.37,1.56,1.67,65,45,16,25,20,0.3,1.09,1.16,3.32,7.58,19,81,0.634,0.259,4.04,1303,0,0,0,keskin_bicakx1 bereketli_toprakx1 hizli_bilekx1 kivilcimx3 artci_patlamax1 genis_savurusx1 zincir_hasatx1,81,0,65,30,90,0,0,0,0,0,30,,51,51,0,274,102,0,0,0,0,0,0.704,374.446,8.015,181,77,307,0,0,976,0,0,30,17,17,0,0,0,1.8667,0,3200,0,0,65,65.167,5.502,6.058,5.427,6.627,5.721,4.095,621,263,216,56,21,0.41,0.306,120,29,73,18,73,18,168,21,0,0,0,102,0,0,91,77,77,7,7,0.912,1.531,12.13,0.044,0,kalabalik
15,Run50_AlphaDengeV1,Davranış yönü,bahcivan,standart,102,LAB R30 B +zincir_hasat [ikisi üst] #3,30,,,558,182,193,52,50,81,234,136,112,60,16,20728,20728,1,20728,1,3089,1300,372,3169,1300,372,40476,32,93,83.44,1.25,1,1.422,1.934,9,0.317,2,45,8.91,1.07,1.15,1.26,1.19,1.5,63,42,21,31,0,0.27,0.89,2.68,1.95,5.68,19,81,0.611,0.284,4.04,1303,0,0,0,keskin_bicakx1 bereketli_toprakx1 hizli_bilekx1 kivilcimx3 artci_patlamax1 genis_savurusx1 zincir_hasatx1,70,0,65,31,93,0,0,0,0,0,30,,44,44,0,226,91,0,0,0,0,0,0.63,318.892,8.585,179,106,305,0,0,246,0,0,30,17,17,0,0,0,1.8667,0,3400,0,0,65,65.167,5.394,6.137,5.219,4.921,6.527,4.451,664,420,306,86,20,0.304,0.277,134,44,117,26,117,26,173,20,0,0,0,91,3,90,237,106,103,18,18,0.949,1.599,12.878,0.045,0,kalabalik
15,Run50_AlphaDengeV1,Davranış yönü,bahcivan,standart,102,LAB R40 A ödülsüz #1,40,,,952,326,280,65,93,188,337,267,201,111,36,45630,45630,1,45630,1,5645,3503,1016,5725,3503,1016,81203,41,120,149.52,1.25,1,0.819,2.198,12,0.417,2,79,8.81,1.1,1.18,1.24,1.42,1.7,63,46,26,13,15,0.39,0.44,0.71,1.8,1.47,19,81,0.564,0.321,3.063,1719,0,0,0,keskin_bicakx1 bereketli_toprakx1 hizli_bilekx2 kivilcimx3 artci_patlamax1 genis_savurusx1 cifte_akimx1 firtina_bilegix1,100,0,65,40,120,0,0,0,0,0,40,,207,207,0,676,280,0,0,0,0,0,0.568,702,14.646,346,0,572,0,0,973,0,0,40,17,17,0,0,0,2.2,0,5900,0,0,65,65.167,2.851,3.318,2.848,,,2.311,1194,0,0,0,0,,0.284,0,0,0,0,0,0,0,0,0,0,0,0,0,0,0,0,0,0,0,1.103,1.773,12.478,0.064,0,kalabalik
15,Run50_AlphaDengeV1,Davranış yönü,bahcivan,standart,102,LAB R40 B +zincir_hasat [mevcut] #1,40,,,1046,342,332,73,85,214,378,305,221,110,32,44330,44330,1,44330,1,6205,3530,1036,6285,3530,1036,87936,42,123,149.52,1.25,1,0.819,2.198,12,0.417,2,79,8.61,1.06,1.07,1.16,1.48,1.5,63,60,28,15,11,0.17,0.15,0.59,1.52,2.05,19,81,0.529,0.259,3.063,1719,0,0,0,keskin_bicakx1 bereketli_toprakx1 hizli_bilekx2 kivilcimx3 artci_patlamax1 genis_savurusx1 cifte_akimx1 firtina_bilegix1 zincir_hasatx1,121,0,65,41,123,0,0,0,0,0,40,,223,223,0,620,281,0,0,0,0,0,0.457,682,16.092,324,99,573,0,0,1806,0,0,40,17,17,0,0,0,2.2,0,6300,0,0,65,65.167,2.528,2.946,2.412,3.012,2.35,2.038,1151,476,345,75,24,0.376,0.276,219,42,149,26,149,26,334,24,0,0,0,281,5,125,300,99,75,12,12,1.224,1.985,15.387,0.067,0,kalabalik
15,Run50_AlphaDengeV1,Davranış yönü,bahcivan,standart,102,LAB R40 B +zincir_hasat [şans üst] #1,40,,,1066,332,319,84,97,234,386,305,232,112,31,43245,43245,1,43245,1,6155,3980,900,6235,3980,900,88330,42,123,149.52,1.25,1,0.819,2.198,12,0.417,2,79,8.57,1.05,1.1,1.24,1.24,1.55,67,46,34,21,27,0.11,0.15,0.53,0.72,1.79,19,81,0.532,0.222,3.063,1719,0,0,0,keskin_bicakx1 bereketli_toprakx1 hizli_bilekx2 kivilcimx3 artci_patlamax1 genis_savurusx1 cifte_akimx1 firtina_bilegix1 zincir_hasatx1,122,0,65,41,123,0,0,0,0,0,40,,228,228,0,600,281,0,0,4,0,0,0.432,665.308,16.4,316,137,575,0,0,2200,0,0,40,17,17,0,0,0,2.2,0,6300,0,0,65,65.167,2.386,2.649,2.206,3.081,2.094,2.013,1104,660,495,116,21,0.323,0.266,230,66,206,50,205,50,353,21,0,0,1,281,26,653,897,137,111,10,10,1.229,1.909,11.385,0.064,0,kalabalik
15,Run50_AlphaDengeV1,Davranış yönü,bahcivan,standart,102,LAB R40 B +zincir_hasat [hasar üst] #1,40,,,1069,342,291,91,110,235,374,311,222,126,36,46089,46089,1,46089,1,7000,3351,1164,7080,3351,1164,90311,42,123,149.52,1.25,1,0.819,2.198,12,0.417,2,79,8.66,1.05,1.2,1.15,1.45,1.83,65,43,33,22,9,0.09,0.46,0.47,2.22,6.97,19,81,0.529,0.222,3.063,1719,0,0,0,keskin_bicakx1 bereketli_toprakx1 hizli_bilekx2 kivilcimx3 artci_patlamax1 genis_savurusx1 cifte_akimx1 firtina_bilegix1 zincir_hasatx1,107,0,65,41,123,0,0,0,0,0,40,,239,239,0,607,269,0,0,1,0,0,0.58,709.062,16.446,316,142,568,0,0,4181,0,0,40,17,17,0,0,0,2.2,0,6300,0,0,65,65.167,2.426,2.799,2.201,2.753,2.012,2.105,1200,472,329,120,22,0.352,0.264,242,43,159,18,158,18,375,22,0,0,1,269,7,187,363,142,112,18,17,1.211,1.915,15.456,0.071,0,kalabalik
15,Run50_AlphaDengeV1,Davranış yönü,bahcivan,standart,102,LAB R40 B +zincir_hasat [ikisi üst] #1,40,,,1051,339,273,101,98,240,349,294,248,117,43,56840,56840,1,56840,1,6275,3902,1317,6355,3902,1317,91175,42,123,149.52,1.25,1,0.819,2.198,12,0.417,2,79,8.62,1.03,1.15,1.22,1.33,1.7,65,46,28,16,12,0.1,0.34,0.82,1.19,2.21,19,81,0.53,0.272,3.063,1719,0,0,0,keskin_bicakx1 bereketli_toprakx1 hizli_bilekx2 kivilcimx3 artci_patlamax1 genis_savurusx1 cifte_akimx1 firtina_bilegix1 zincir_hasatx1,127,0,65,41,123,0,0,0,0,0,40,,221,221,0,542,238,0,0,7,0,0,0.543,874.462,16.169,306,168,568,0,0,5045,0,0,40,17,17,0,0,0,2.2,0,6300,0,0,65,65.167,2.501,3.044,2.413,2.078,2.943,2.011,1086,649,466,132,36,0.328,0.256,217,57,201,44,201,44,372,36,0,0,0,238,18,474,719,168,133,13,12,1.226,1.9,11.167,0.066,0,kalabalik
15,Run50_AlphaDengeV1,Davranış yönü,bahcivan,standart,102,LAB R40 A ödülsüz #2,40,,,974,328,305,76,61,204,351,256,207,128,32,48413,48413,1,48413,1,5385,3475,1134,5465,3475,1134,83136,41,120,149.52,1.25,1,0.819,2.198,12,0.417,2,79,8.71,1.06,1.17,1.36,1.31,1.53,69,53,27,19,31,0.11,0.41,1.92,1.31,1.8,19,81,0.56,0.309,3.063,1719,0,0,0,keskin_bicakx1 bereketli_toprakx1 hizli_bilekx2 kivilcimx3 artci_patlamax1 genis_savurusx1 cifte_akimx1 firtina_bilegix1,106,0,65,40,120,0,0,0,0,0,40,,213,213,0,670,305,0,0,0,0,0,0.457,744.815,14.985,341,0,567,0,0,2906,0,0,40,17,17,0,0,0,2.2,0,5900,0,0,65,65.167,2.888,3.422,2.809,,,2.403,1259,0,0,0,0,,0.28,0,0,0,0,0,0,0,0,0,0,0,0,0,0,0,0,0,0,0,1.113,1.823,14.687,0.069,0,kalabalik
15,Run50_AlphaDengeV1,Davranış yönü,bahcivan,standart,102,LAB R40 B +zincir_hasat [mevcut] #2,40,,,1072,327,363,84,70,228,368,300,228,139,37,50997,50997,1,50997,1,6320,3698,1247,6400,3698,1247,91393,42,123,149.52,1.25,1,0.819,2.198,12,0.417,2,79,8.56,1.05,1.15,1.25,1.32,1.13,68,53,38,37,10,0.15,0.72,0.71,1.23,0.41,19,81,0.522,0.247,3.063,1719,0,0,0,keskin_bicakx1 bereketli_toprakx1 hizli_bilekx2 kivilcimx3 artci_patlamax1 genis_savurusx1 cifte_akimx1 firtina_bilegix1 zincir_hasatx1,117,0,65,41,123,0,0,0,0,0,40,,245,245,0,739,306,0,0,1,0,0,0.42,784.569,16.492,327,112,573,0,0,5263,0,0,40,17,17,0,0,0,2.2,0,6300,0,0,65,65.167,2.376,2.967,1.91,2.934,2.51,2.076,1214,490,342,83,29,0.314,0.256,225,55,144,33,144,33,329,29,0,0,0,306,16,408,585,112,83,8,8,1.25,2.01,15.356,0.069,0,kalabalik
15,Run50_AlphaDengeV1,Davranış yönü,bahcivan,standart,102,LAB R40 B +zincir_hasat [şans üst] #2,40,,,1063,345,272,85,110,251,370,300,222,134,37,39680,39680,1,39680,1,6205,3693,1316,6285,3693,1316,89533,42,123,149.52,1.25,1,0.819,2.198,12,0.417,2,79,8.71,1.04,1.12,1.35,1.55,1.5,69,56,25,21,15,0.12,0.38,0.7,1.8,1.47,19,81,0.532,0.259,3.063,1719,0,0,0,keskin_bicakx1 bereketli_toprakx1 hizli_bilekx2 kivilcimx3 artci_patlamax1 genis_savurusx1 cifte_akimx1 firtina_bilegix1 zincir_hasatx1,122,0,65,41,123,0,0,0,0,0,40,,244,244,0,542,233,0,0,5,0,0,0.654,610.462,16.354,330,155,571,0,0,3403,0,0,40,17,17,0,0,0,2.2,0,6300,0,0,65,65.167,2.458,2.617,2.289,3.179,2.327,2.044,1171,732,538,138,17,0.298,0.257,239,55,221,36,221,36,400,17,0,0,0,233,28,626,886,155,128,24,24,1.251,1.974,10.32,0.064,0,kalabalik
15,Run50_AlphaDengeV1,Davranış yönü,bahcivan,standart,102,LAB R40 B +zincir_hasat [hasar üst] #2,40,,,1072,319,320,107,94,232,393,282,226,127,44,49371,49371,1,49371,1,6795,3791,1169,6875,3791,1169,91072,42,123,149.52,1.25,1,0.819,2.198,12,0.417,2,79,8.54,1.01,1.18,1.16,1.42,1.78,72,49,25,27,8,0.04,0.49,0.35,1.24,3.09,19,81,0.517,0.235,3.063,1719,0,0,0,keskin_bicakx1 bereketli_toprakx1 hizli_bilekx2 kivilcimx3 artci_patlamax1 genis_savurusx1 cifte_akimx1 firtina_bilegix1 zincir_hasatx1,123,0,65,41,123,0,0,0,0,0,40,,222,222,0,652,274,0,0,8,0,0,0.309,759.554,16.492,349,130,576,0,0,4942,0,0,40,17,17,0,0,0,2.2,0,6300,0,0,65,65.167,2.422,2.651,2.29,2.947,1.6,2.212,1174,477,333,102,28,0.333,0.248,258,57,170,26,170,26,352,28,0,0,0,274,16,428,624,130,100,13,13,1.216,1.905,12.153,0.066,0,kalabalik
15,Run50_AlphaDengeV1,Davranış yönü,bahcivan,standart,102,LAB R40 B +zincir_hasat [ikisi üst] #2,40,,,1073,317,338,102,107,209,370,300,220,144,39,51706,51706,1,51706,1,6200,3623,1392,6280,3623,1392,91109,42,123,149.52,1.25,1,0.819,2.198,12,0.417,2,79,8.66,1.05,1.12,1.25,1.25,1.89,59,46,25,32,8,0.1,0.49,0.73,1.06,2.27,19,81,0.526,0.259,3.063,1719,0,0,0,keskin_bicakx1 bereketli_toprakx1 hizli_bilekx2 kivilcimx3 artci_patlamax1 genis_savurusx1 cifte_akimx1 firtina_bilegix1 zincir_hasatx1,122,0,65,41,123,0,0,0,0,0,40,,225,225,0,560,234,0,0,4,0,0,0.531,795.477,16.508,333,189,573,0,0,4979,0,0,40,17,17,0,0,0,2.2,0,6300,0,0,65,65.167,2.438,2.804,2.276,2.52,2.892,2.06,1108,693,489,159,30,0.308,0.255,241,70,218,46,217,46,419,30,0,0,1,234,26,656,908,189,151,14,13,1.255,2.055,13.967,0.064,0,kalabalik
15,Run50_AlphaDengeV1,Davranış yönü,bahcivan,standart,102,LAB R40 A ödülsüz #3,40,,,931,337,260,69,62,203,326,256,201,118,30,42921,42921,1,42921,1,5590,3151,1011,5670,3151,1011,79105,40,117,149.52,1.25,1,0.819,2.198,12,0.417,2,79,8.75,1.05,1.17,1.39,1.48,1.82,69,50,30,18,11,0.17,0.38,1.35,2.19,4.02,19,81,0.577,0.309,3.063,1719,0,0,0,keskin_bicakx1 bereketli_toprakx1 hizli_bilekx2 kivilcimx3 artci_patlamax1 genis_savurusx1 cifte_akimx1 firtina_bilegix1,105,0,65,39,117,0,0,0,0,0,40,,206,206,0,610,256,0,0,2,0,0,0.593,660.323,14.323,338,0,573,0,0,4475,0,0,40,17,17,0,0,0,2.2,0,5600,0,0,65,65.167,3.044,3.777,2.848,,,2.338,1233,0,0,0,0,,0.289,0,0,0,0,0,0,0,0,0,0,0,0,0,0,0,0,0,0,0,1.097,1.753,11.353,0.07,0,kalabalik
15,Run50_AlphaDengeV1,Davranış yönü,bahcivan,standart,102,LAB R40 B +zincir_hasat [mevcut] #3,40,,,1043,338,312,84,91,218,366,290,225,122,40,41504,41504,1,41504,1,5680,3913,1244,5760,3913,1244,87747,42,123,149.52,1.25,1,0.819,2.198,12,0.417,2,79,8.7,1.05,1.13,1.28,1.31,1.73,63,53,31,11,0,0.22,0.42,0.95,1.33,3.65,19,81,0.543,0.222,3.063,1719,0,0,0,keskin_bicakx1 bereketli_toprakx1 hizli_bilekx2 kivilcimx3 artci_patlamax1 genis_savurusx1 cifte_akimx1 firtina_bilegix1 zincir_hasatx1,116,0,65,41,123,0,0,0,0,0,40,,223,223,0,630,273,0,0,3,0,0,0.519,638.523,16.046,327,105,571,0,0,1617,0,0,40,17,17,0,0,0,2.2,0,6300,0,0,65,65.167,2.58,3.125,2.267,2.888,1.696,2.27,1225,473,302,80,25,0.357,0.264,228,48,146,28,146,28,336,25,0,0,0,273,12,377,551,105,78,10,10,1.225,1.954,14.32,0.068,0,kalabalik
15,Run50_AlphaDengeV1,Davranış yönü,bahcivan,standart,102,LAB R40 B +zincir_hasat [şans üst] #3,40,,,1050,344,272,84,104,246,378,280,223,131,38,49748,49748,1,49748,1,6595,3762,1077,6675,3762,1077,88868,42,123,149.52,1.25,1,0.819,2.198,12,0.417,2,79,8.68,1.05,1.09,1.18,1.46,1.75,63,62,27,25,17,0.18,0.3,0.61,1.58,1.22,19,81,0.531,0.247,3.063,1719,0,0,0,keskin_bicakx1 bereketli_toprakx1 hizli_bilekx2 kivilcimx3 artci_patlamax1 genis_savurusx1 cifte_akimx1 firtina_bilegix1 zincir_hasatx1,126,0,65,41,123,0,0,0,0,0,40,,224,224,0,573,247,0,0,5,0,0,0.519,765.354,16.154,305,154,567,0,0,2738,0,0,40,17,17,0,0,0,2.2,0,6300,0,0,65,65.167,2.463,2.806,2.371,2.808,2.518,1.928,1137,704,499,116,38,0.304,0.265,231,71,213,53,213,53,356,38,0,0,0,247,32,848,1116,154,124,17,17,1.249,1.961,11.45,0.066,0,kalabalik
15,Run50_AlphaDengeV1,Davranış yönü,bahcivan,standart,102,LAB R40 B +zincir_hasat [hasar üst] #3,40,,,1078,324,329,103,86,236,370,301,250,121,36,49938,49938,1,49938,1,6755,3694,1156,6835,3694,1156,92256,42,123,149.52,1.25,1,0.819,2.198,12,0.417,2,79,8.62,1.02,1.11,1.26,1.27,1.36,66,54,26,20,17,0.07,0.32,0.87,2.3,1.12,19,81,0.516,0.222,3.063,1719,0,0,0,keskin_bicakx1 bereketli_toprakx1 hizli_bilekx2 kivilcimx3 artci_patlamax1 genis_savurusx1 cifte_akimx1 firtina_bilegix1 zincir_hasatx1,117,0,65,41,123,0,0,0,0,0,40,,218,218,0,633,276,0,0,1,0,0,0.481,768.277,16.585,340,138,567,0,0,6126,0,0,40,17,17,0,0,0,2.2,0,6300,0,0,65,65.167,2.398,2.89,2.213,2.348,1.483,2.159,1199,513,357,110,28,0.353,0.249,255,61,159,29,159,29,327,28,0,0,0,276,17,433,621,138,111,16,14,1.222,1.91,10.313,0.068,0,kalabalik
15,Run50_AlphaDengeV1,Davranış yönü,bahcivan,standart,102,LAB R40 B +zincir_hasat [ikisi üst] #3,40,,,1078,354,277,96,105,246,385,306,231,117,39,41834,41834,1,41834,1,6400,3939,1073,6480,3939,1073,89541,42,123,149.52,1.25,1,0.819,2.198,12,0.417,2,79,8.56,1.06,1.14,1.29,1.5,1.17,71,49,31,20,18,0.17,0.41,0.78,1.7,0.96,19,81,0.539,0.247,3.063,1719,0,0,0,keskin_bicakx1 bereketli_toprakx1 hizli_bilekx2 kivilcimx3 artci_patlamax1 genis_savurusx1 cifte_akimx1 firtina_bilegix1 zincir_hasatx1,127,0,65,41,123,0,0,0,0,0,40,,259,259,0,540,244,0,0,3,0,0,0.617,643.6,16.585,320,160,573,0,0,3411,0,0,40,17,17,0,0,0,2.2,0,6300,0,0,65,65.167,2.421,2.734,2.167,2.641,1.799,2.245,1143,665,463,134,26,0.341,0.243,234,57,216,41,216,41,397,26,0,0,0,244,30,688,945,160,116,19,19,1.246,1.943,11.58,0.065,0,kalabalik
