run,policy,farmer,scythe,seed,label,round,node,level,cost,currency
1,Patlama yolu,bahcivan,standart,100,1 seçim,1,Keskin Başlangıç - 1,1,5,Gold
1,Patlama yolu,bahcivan,standart,100,1 seçim,2,Keskin Başlangıç - 1,2,7,Gold
1,Patlama yolu,bahcivan,standart,100,1 seçim,2,Altın Hasat I - 1,1,7,Gold
1,Patlama yolu,bahcivan,standart,100,1 seçim,3,Düzenli Üretim - 1,1,6,Gold
1,Patlama yolu,bahcivan,standart,100,1 seçim,3,Keskin Başlangıç - 1,3,8,Gold
1,Patlama yolu,bahcivan,standart,100,1 seçim,3,Hızlı Eller - 1,1,7,Gold
1,Patlama yolu,bahcivan,standart,100,1 seçim,3,Hasat Deneyimi I - 1,1,6,Gold
1,Patlama yolu,bahcivan,standart,100,1 seçim,5,Grid Genişleme I,1,30,Gold
1,Patlama yolu,bahcivan,standart,100,1 seçim,5,Altın Hasat I - 1,2,9,Gold
1,Patlama yolu,bahcivan,standart,100,1 seçim,6,Keskin Başlangıç - 2,1,10,Gold
1,Patlama yolu,bahcivan,standart,100,1 seçim,6,Düzenli Üretim - 1,2,8,Gold
1,Patlama yolu,bahcivan,standart,100,1 seçim,6,Hızlı Eller - 1,2,9,Gold
1,Patlama yolu,bahcivan,standart,100,1 seçim,7,Keskin Başlangıç - 2,2,11,Gold
1,Patlama yolu,bahcivan,standart,100,1 seçim,7,Altın Hasat I - 1,3,11,Gold
1,Patlama yolu,bahcivan,standart,100,1 seçim,8,1×3 Saksı,1,30,Gold
1,Patlama yolu,bahcivan,standart,100,1 seçim,8,Keskin Başlangıç - 3,1,13,Gold
1,Patlama yolu,bahcivan,standart,100,1 seçim,9,Düzenli Üretim - 1,3,10,Gold
1,Patlama yolu,bahcivan,standart,100,1 seçim,9,Hızlı Eller - 1,3,11,Gold
1,Patlama yolu,bahcivan,standart,100,1 seçim,9,Altın Hasat I - 2,1,13,Gold
1,Patlama yolu,bahcivan,standart,100,1 seçim,10,Keskin Başlangıç - 3,2,14,Gold
1,Patlama yolu,bahcivan,standart,100,1 seçim,11,Kesim Tekniği - 1,1,25,Gold
1,Patlama yolu,bahcivan,standart,100,1 seçim,11,Hızlı Eller - 2,1,12,Gold
1,Patlama yolu,bahcivan,standart,100,1 seçim,11,Grid Genişleme I,2,30,Iron
1,Patlama yolu,bahcivan,standart,100,1 seçim,12,Altın Hasat I - 2,2,16,Gold
1,Patlama yolu,bahcivan,standart,100,1 seçim,12,Düzenli Üretim - 2,1,12,Gold
1,Patlama yolu,bahcivan,standart,100,1 seçim,12,Hasat Deneyimi I - 1,2,8,Gold
1,Patlama yolu,bahcivan,standart,100,1 seçim,12,Keskin Başlangıç - 4,1,16,Gold
1,Patlama yolu,bahcivan,standart,100,1 seçim,13,Hızlı Eller - 2,2,14,Gold
1,Patlama yolu,bahcivan,standart,100,1 seçim,13,Kesim Tekniği - 1,2,35,Gold
1,Patlama yolu,bahcivan,standart,100,1 seçim,14,Altın Hasat I - 3,1,18,Gold
1,Patlama yolu,bahcivan,standart,100,1 seçim,14,Keskin Başlangıç - 4,2,17,Gold
1,Patlama yolu,bahcivan,standart,100,1 seçim,14,Hasat Deneyimi I - 1,3,10,Gold
1,Patlama yolu,bahcivan,standart,100,1 seçim,14,Düzenli Üretim - 2,2,13,Gold
1,Patlama yolu,bahcivan,standart,100,1 seçim,14,Hızlı Eller - 3,1,16,Gold
1,Patlama yolu,bahcivan,standart,100,1 seçim,15,2×2 Saksı,1,80,Gold
1,Patlama yolu,bahcivan,standart,100,1 seçim,15,Çifte Hasat Kartları,1,25,Iron
1,Patlama yolu,bahcivan,standart,100,1 seçim,16,Altın Hasat I - 3,2,20,Gold
1,Patlama yolu,bahcivan,standart,100,1 seçim,16,Kesim Tekniği - 1,3,40,Gold
1,Patlama yolu,bahcivan,standart,100,1 seçim,16,Hasat Deneyimi I - 2,1,12,Gold
1,Patlama yolu,bahcivan,standart,100,1 seçim,17,Demir Hasat - 1,1,25,Gold
1,Patlama yolu,bahcivan,standart,100,1 seçim,17,Hızlı Eller - 3,2,18,Gold
1,Patlama yolu,bahcivan,standart,100,1 seçim,17,Düzenli Üretim - 3,1,15,Gold
1,Patlama yolu,bahcivan,standart,100,1 seçim,17,Altın Hasat I - 4,1,22,Gold
1,Patlama yolu,bahcivan,standart,100,1 seçim,18,Geniş Süpürüş - 1,1,21,Gold
1,Patlama yolu,bahcivan,standart,100,1 seçim,18,Kesim Tekniği - 2,1,50,Gold
1,Patlama yolu,bahcivan,standart,100,1 seçim,18,Hasat Deneyimi I - 2,2,14,Gold
1,Patlama yolu,bahcivan,standart,100,1 seçim,19,Hızlı Eller - 4,1,20,Gold
1,Patlama yolu,bahcivan,standart,100,1 seçim,19,Altın Hasat I - 4,2,24,Gold
1,Patlama yolu,bahcivan,standart,100,1 seçim,19,Demir Hasat - 1,2,35,Gold
2,Patlama yolu,bahcivan,standart,101,1 seçim,1,Keskin Başlangıç - 1,1,5,Gold
2,Patlama yolu,bahcivan,standart,101,1 seçim,2,Keskin Başlangıç - 1,2,7,Gold
2,Patlama yolu,bahcivan,standart,101,1 seçim,2,Altın Hasat I - 1,1,7,Gold
2,Patlama yolu,bahcivan,standart,101,1 seçim,3,Düzenli Üretim - 1,1,6,Gold
2,Patlama yolu,bahcivan,standart,101,1 seçim,4,Keskin Başlangıç - 1,3,8,Gold
2,Patlama yolu,bahcivan,standart,101,1 seçim,4,Grid Genişleme I,1,30,Gold
2,Patlama yolu,bahcivan,standart,101,1 seçim,5,Hızlı Eller - 1,1,7,Gold
2,Patlama yolu,bahcivan,standart,101,1 seçim,6,Altın Hasat I - 1,2,9,Gold
2,Patlama yolu,bahcivan,standart,101,1 seçim,6,Keskin Başlangıç - 2,1,10,Gold
2,Patlama yolu,bahcivan,standart,101,1 seçim,6,Düzenli Üretim - 1,2,8,Gold
2,Patlama yolu,bahcivan,standart,101,1 seçim,7,Hızlı Eller - 1,2,9,Gold
2,Patlama yolu,bahcivan,standart,101,1 seçim,7,Keskin Başlangıç - 2,2,11,Gold
2,Patlama yolu,bahcivan,standart,101,1 seçim,8,Altın Hasat I - 1,3,11,Gold
2,Patlama yolu,bahcivan,standart,101,1 seçim,8,Hasat Deneyimi I - 1,1,6,Gold
2,Patlama yolu,bahcivan,standart,101,1 seçim,9,1×3 Saksı,1,30,Gold
2,Patlama yolu,bahcivan,standart,101,1 seçim,9,Keskin Başlangıç - 3,1,13,Gold
2,Patlama yolu,bahcivan,standart,101,1 seçim,10,Düzenli Üretim - 1,3,10,Gold
2,Patlama yolu,bahcivan,standart,101,1 seçim,10,Hızlı Eller - 1,3,11,Gold
2,Patlama yolu,bahcivan,standart,101,1 seçim,10,Altın Hasat I - 2,1,13,Gold
2,Patlama yolu,bahcivan,standart,101,1 seçim,11,Keskin Başlangıç - 3,2,14,Gold
2,Patlama yolu,bahcivan,standart,101,1 seçim,11,Kesim Tekniği - 1,1,25,Gold
2,Patlama yolu,bahcivan,standart,101,1 seçim,11,Hızlı Eller - 2,1,12,Gold
2,Patlama yolu,bahcivan,standart,101,1 seçim,11,Grid Genişleme I,2,30,Iron
2,Patlama yolu,bahcivan,standart,101,1 seçim,12,Altın Hasat I - 2,2,16,Gold
2,Patlama yolu,bahcivan,standart,101,1 seçim,12,Düzenli Üretim - 2,1,12,Gold
2,Patlama yolu,bahcivan,standart,101,1 seçim,12,Hasat Deneyimi I - 1,2,8,Gold
2,Patlama yolu,bahcivan,standart,101,1 seçim,13,Keskin Başlangıç - 4,1,16,Gold
2,Patlama yolu,bahcivan,standart,101,1 seçim,13,Hızlı Eller - 2,2,14,Gold
2,Patlama yolu,bahcivan,standart,101,1 seçim,13,Kesim Tekniği - 1,2,35,Gold
2,Patlama yolu,bahcivan,standart,101,1 seçim,13,Altın Hasat I - 3,1,18,Gold
2,Patlama yolu,bahcivan,standart,101,1 seçim,14,Keskin Başlangıç - 4,2,17,Gold
2,Patlama yolu,bahcivan,standart,101,1 seçim,14,Hasat Deneyimi I - 1,3,10,Gold
2,Patlama yolu,bahcivan,standart,101,1 seçim,14,Düzenli Üretim - 2,2,13,Gold
2,Patlama yolu,bahcivan,standart,101,1 seçim,14,Hızlı Eller - 3,1,16,Gold
2,Patlama yolu,bahcivan,standart,101,1 seçim,15,Altın Hasat I - 3,2,20,Gold
2,Patlama yolu,bahcivan,standart,101,1 seçim,15,Hasat Deneyimi I - 2,1,12,Gold
2,Patlama yolu,bahcivan,standart,101,1 seçim,16,2×2 Saksı,1,80,Gold
2,Patlama yolu,bahcivan,standart,101,1 seçim,16,Çifte Hasat Kartları,1,25,Iron
2,Patlama yolu,bahcivan,standart,101,1 seçim,17,Kesim Tekniği - 1,3,40,Gold
2,Patlama yolu,bahcivan,standart,101,1 seçim,17,Demir Hasat - 1,1,25,Gold
2,Patlama yolu,bahcivan,standart,101,1 seçim,17,Hızlı Eller - 3,2,18,Gold
2,Patlama yolu,bahcivan,standart,101,1 seçim,17,Düzenli Üretim - 3,1,15,Gold
2,Patlama yolu,bahcivan,standart,101,1 seçim,18,Altın Hasat I - 4,1,22,Gold
2,Patlama yolu,bahcivan,standart,101,1 seçim,18,Geniş Süpürüş - 1,1,21,Gold
2,Patlama yolu,bahcivan,standart,101,1 seçim,19,Kesim Tekniği - 2,1,50,Gold
2,Patlama yolu,bahcivan,standart,101,1 seçim,19,Hasat Deneyimi I - 2,2,14,Gold
2,Patlama yolu,bahcivan,standart,101,1 seçim,19,Hızlı Eller - 4,1,20,Gold
2,Patlama yolu,bahcivan,standart,101,1 seçim,19,Altın Hasat I - 4,2,24,Gold
2,Patlama yolu,bahcivan,standart,101,1 seçim,20,Demir Hasat - 1,2,35,Gold
2,Patlama yolu,bahcivan,standart,101,1 seçim,20,Düzenli Üretim - 3,2,17,Gold
2,Patlama yolu,bahcivan,standart,101,1 seçim,21,Geniş Süpürüş - 1,2,28,Gold
2,Patlama yolu,bahcivan,standart,101,1 seçim,21,Hızlı Eller - 4,2,22,Gold
2,Patlama yolu,bahcivan,standart,101,1 seçim,21,Hasat Deneyimi I - 3,1,16,Gold
2,Patlama yolu,bahcivan,standart,101,1 seçim,21,Düzenli Üretim - 4,1,19,Gold
2,Patlama yolu,bahcivan,standart,101,1 seçim,21,Hasat Deneyimi I - 3,2,18,Gold
2,Patlama yolu,bahcivan,standart,101,1 seçim,22,Düzenli Üretim - 4,2,21,Gold
2,Patlama yolu,bahcivan,standart,101,1 seçim,22,Hasat Deneyimi I - 4,1,20,Gold
2,Patlama yolu,bahcivan,standart,101,1 seçim,22,Hasat Deneyimi I - 4,2,21,Gold
2,Patlama yolu,bahcivan,standart,101,1 seçim,23,Güçlü Kesim - 1,1,120,Gold
2,Patlama yolu,bahcivan,standart,101,1 seçim,24,Kesim Tekniği - 2,2,55,Gold
2,Patlama yolu,bahcivan,standart,101,1 seçim,24,Demir Hasat - 1,3,40,Gold
2,Patlama yolu,bahcivan,standart,101,1 seçim,25,Geniş Süpürüş - 1,3,35,Gold
2,Patlama yolu,bahcivan,standart,101,1 seçim,25,Geniş Süpürüş - 2,1,40,Gold
2,Patlama yolu,bahcivan,standart,101,1 seçim,25,Demir Hasat - 2,1,50,Gold
2,Patlama yolu,bahcivan,standart,101,1 seçim,26,Geniş Süpürüş - 2,2,45,Gold
2,Patlama yolu,bahcivan,standart,101,1 seçim,27,2×3 Saksı,1,200,Gold
2,Patlama yolu,bahcivan,standart,101,1 seçim,27,Taş Hasat - 1,1,35,Iron
2,Patlama yolu,bahcivan,standart,101,1 seçim,28,İlk Vazgeçiş,1,150,Gold
2,Patlama yolu,bahcivan,standart,101,1 seçim,28,Kesim Tekniği - 3,1,65,Gold
2,Patlama yolu,bahcivan,standart,101,1 seçim,29,Taş Hasat - 1,2,45,Iron
2,Patlama yolu,bahcivan,standart,101,1 seçim,30,Hasat Rekoru - 1,1,180,Gold
2,Patlama yolu,bahcivan,standart,101,1 seçim,30,Taş Hasat - 1,3,55,Iron
2,Patlama yolu,bahcivan,standart,101,1 seçim,31,Güçlü Kesim - 1,2,160,Gold
2,Patlama yolu,bahcivan,standart,101,1 seçim,31,Akıcı Kesim - 1,1,160,Gold
2,Patlama yolu,bahcivan,standart,101,1 seçim,32,Kesim Tekniği - 3,2,70,Gold
2,Patlama yolu,bahcivan,standart,101,1 seçim,32,Verimli Üretim - 1,1,200,Iron
2,Patlama yolu,bahcivan,standart,101,1 seçim,33,Güçlü Kesim - 1,3,195,Gold
2,Patlama yolu,bahcivan,standart,101,1 seçim,33,Akıcı Kesim - 1,2,210,Gold
2,Patlama yolu,bahcivan,standart,101,1 seçim,33,Demir Hasat - 2,2,55,Gold
2,Patlama yolu,bahcivan,standart,101,1 seçim,33,Geniş Süpürüş - 3,1,55,Gold
2,Patlama yolu,bahcivan,standart,101,1 seçim,34,Hasat Rekoru - 1,2,240,Gold
2,Patlama yolu,bahcivan,standart,101,1 seçim,34,Kesim Tekniği - 4,1,80,Gold
2,Patlama yolu,bahcivan,standart,101,1 seçim,35,Güçlü Kesim - 2,1,230,Gold
2,Patlama yolu,bahcivan,standart,101,1 seçim,35,Altın Hasat II - 1,1,180,Gold
2,Patlama yolu,bahcivan,standart,101,1 seçim,35,Nadir Filizler - 1,1,230,Iron
2,Patlama yolu,bahcivan,standart,101,1 seçim,36,Kesim Tekniği - 4,2,85,Gold
2,Patlama yolu,bahcivan,standart,101,1 seçim,36,Akıcı Kesim - 1,3,260,Gold
2,Patlama yolu,bahcivan,standart,101,1 seçim,36,Taş Hasat - 2,1,65,Iron
2,Patlama yolu,bahcivan,standart,101,1 seçim,37,Demir Hasat - 3,1,65,Gold
2,Patlama yolu,bahcivan,standart,101,1 seçim,37,Geniş Süpürüş - 3,2,60,Gold
2,Patlama yolu,bahcivan,standart,101,1 seçim,37,Grid Genişleme II,1,100,Stone
2,Patlama yolu,bahcivan,standart,101,1 seçim,37,Verimli Üretim - 1,2,260,Iron
2,Patlama yolu,bahcivan,standart,101,1 seçim,37,Geniş Süpürüş - 4,1,65,Gold
2,Patlama yolu,bahcivan,standart,101,1 seçim,37,Demir Hasat - 3,2,70,Gold
2,Patlama yolu,bahcivan,standart,101,1 seçim,38,Hasat Rekoru - 1,3,290,Gold
2,Patlama yolu,bahcivan,standart,101,1 seçim,39,Güçlü Kesim - 2,2,270,Gold
2,Patlama yolu,bahcivan,standart,101,1 seçim,39,Nadir Filizler - 1,2,300,Iron
2,Patlama yolu,bahcivan,standart,101,1 seçim,39,Taş Hasat - 2,2,80,Iron
2,Patlama yolu,bahcivan,standart,101,1 seçim,40,Altın Hasat II - 1,2,240,Gold
2,Patlama yolu,bahcivan,standart,101,1 seçim,40,Taş Hasat - 3,1,90,Iron
2,Patlama yolu,bahcivan,standart,101,1 seçim,40,Taş Hasat - 3,2,100,Iron
2,Patlama yolu,bahcivan,standart,101,1 seçim,41,Geniş Süpürüş - 4,2,70,Gold
2,Patlama yolu,bahcivan,standart,101,1 seçim,41,Zengin Cevher - 1,1,50,Stone
2,Patlama yolu,bahcivan,standart,101,1 seçim,41,Taş Hasat - 4,1,110,Iron
2,Patlama yolu,bahcivan,standart,101,1 seçim,42,Akıcı Kesim - 2,1,310,Gold
2,Patlama yolu,bahcivan,standart,101,1 seçim,42,Zengin Cevher - 1,2,65,Stone
2,Patlama yolu,bahcivan,standart,101,1 seçim,42,Taş Hasat - 4,2,120,Iron
2,Patlama yolu,bahcivan,standart,101,1 seçim,43,Geniş Tarama - 1,1,160,Gold
2,Patlama yolu,bahcivan,standart,101,1 seçim,44,Güçlü Kesim - 3,1,300,Gold
2,Patlama yolu,bahcivan,standart,101,1 seçim,44,Zengin Cevher - 1,3,80,Stone
3,Patlama yolu,bahcivan,standart,102,1 seçim,1,Keskin Başlangıç - 1,1,5,Gold
3,Patlama yolu,bahcivan,standart,102,1 seçim,1,Keskin Başlangıç - 1,2,7,Gold
3,Patlama yolu,bahcivan,standart,102,1 seçim,3,Altın Hasat I - 1,1,7,Gold
3,Patlama yolu,bahcivan,standart,102,1 seçim,3,Düzenli Üretim - 1,1,6,Gold
3,Patlama yolu,bahcivan,standart,102,1 seçim,4,Keskin Başlangıç - 1,3,8,Gold
3,Patlama yolu,bahcivan,standart,102,1 seçim,4,Hızlı Eller - 1,1,7,Gold
3,Patlama yolu,bahcivan,standart,102,1 seçim,4,Hasat Deneyimi I - 1,1,6,Gold
3,Patlama yolu,bahcivan,standart,102,1 seçim,5,Grid Genişleme I,1,30,Gold
3,Patlama yolu,bahcivan,standart,102,1 seçim,5,Altın Hasat I - 1,2,9,Gold
3,Patlama yolu,bahcivan,standart,102,1 seçim,5,Keskin Başlangıç - 2,1,10,Gold
3,Patlama yolu,bahcivan,standart,102,1 seçim,5,Düzenli Üretim - 1,2,8,Gold
3,Patlama yolu,bahcivan,standart,102,1 seçim,5,Hızlı Eller - 1,2,9,Gold
3,Patlama yolu,bahcivan,standart,102,1 seçim,5,Keskin Başlangıç - 2,2,11,Gold
3,Patlama yolu,bahcivan,standart,102,1 seçim,6,Altın Hasat I - 1,3,11,Gold
3,Patlama yolu,bahcivan,standart,102,1 seçim,7,1×3 Saksı,1,30,Gold
3,Patlama yolu,bahcivan,standart,102,1 seçim,8,Keskin Başlangıç - 3,1,13,Gold
3,Patlama yolu,bahcivan,standart,102,1 seçim,8,Düzenli Üretim - 1,3,10,Gold
3,Patlama yolu,bahcivan,standart,102,1 seçim,8,Hızlı Eller - 1,3,11,Gold
3,Patlama yolu,bahcivan,standart,102,1 seçim,8,Altın Hasat I - 2,1,13,Gold
3,Patlama yolu,bahcivan,standart,102,1 seçim,9,Keskin Başlangıç - 3,2,14,Gold
3,Patlama yolu,bahcivan,standart,102,1 seçim,9,Kesim Tekniği - 1,1,25,Gold
3,Patlama yolu,bahcivan,standart,102,1 seçim,10,Hızlı Eller - 2,1,12,Gold
3,Patlama yolu,bahcivan,standart,102,1 seçim,10,Altın Hasat I - 2,2,16,Gold
3,Patlama yolu,bahcivan,standart,102,1 seçim,10,Düzenli Üretim - 2,1,12,Gold
3,Patlama yolu,bahcivan,standart,102,1 seçim,11,Hasat Deneyimi I - 1,2,8,Gold
3,Patlama yolu,bahcivan,standart,102,1 seçim,11,Keskin Başlangıç - 4,1,16,Gold
3,Patlama yolu,bahcivan,standart,102,1 seçim,11,Hızlı Eller - 2,2,14,Gold
3,Patlama yolu,bahcivan,standart,102,1 seçim,11,Kesim Tekniği - 1,2,35,Gold
3,Patlama yolu,bahcivan,standart,102,1 seçim,11,Grid Genişleme I,2,30,Iron
3,Patlama yolu,bahcivan,standart,102,1 seçim,12,Altın Hasat I - 3,1,18,Gold
3,Patlama yolu,bahcivan,standart,102,1 seçim,12,2×2 Saksı,1,80,Gold
3,Patlama yolu,bahcivan,standart,102,1 seçim,12,Keskin Başlangıç - 4,2,17,Gold
3,Patlama yolu,bahcivan,standart,102,1 seçim,13,Hasat Deneyimi I - 1,3,10,Gold
3,Patlama yolu,bahcivan,standart,102,1 seçim,13,Düzenli Üretim - 2,2,13,Gold
3,Patlama yolu,bahcivan,standart,102,1 seçim,13,Hızlı Eller - 3,1,16,Gold
3,Patlama yolu,bahcivan,standart,102,1 seçim,13,Altın Hasat I - 3,2,20,Gold
3,Patlama yolu,bahcivan,standart,102,1 seçim,13,Kesim Tekniği - 1,3,40,Gold
3,Patlama yolu,bahcivan,standart,102,1 seçim,13,Hasat Deneyimi I - 2,1,12,Gold
3,Patlama yolu,bahcivan,standart,102,1 seçim,14,Demir Hasat - 1,1,25,Gold
3,Patlama yolu,bahcivan,standart,102,1 seçim,14,Çifte Hasat Kartları,1,25,Iron
3,Patlama yolu,bahcivan,standart,102,1 seçim,14,Hızlı Eller - 3,2,18,Gold
3,Patlama yolu,bahcivan,standart,102,1 seçim,14,Düzenli Üretim - 3,1,15,Gold
3,Patlama yolu,bahcivan,standart,102,1 seçim,14,Altın Hasat I - 4,1,22,Gold
3,Patlama yolu,bahcivan,standart,102,1 seçim,14,Geniş Süpürüş - 1,1,21,Gold
3,Patlama yolu,bahcivan,standart,102,1 seçim,14,Kesim Tekniği - 2,1,50,Gold
3,Patlama yolu,bahcivan,standart,102,1 seçim,14,Hasat Deneyimi I - 2,2,14,Gold
3,Patlama yolu,bahcivan,standart,102,1 seçim,15,Hızlı Eller - 4,1,20,Gold
3,Patlama yolu,bahcivan,standart,102,1 seçim,15,Altın Hasat I - 4,2,24,Gold
3,Patlama yolu,bahcivan,standart,102,1 seçim,15,Demir Hasat - 1,2,35,Gold
3,Patlama yolu,bahcivan,standart,102,1 seçim,15,Düzenli Üretim - 3,2,17,Gold
3,Patlama yolu,bahcivan,standart,102,1 seçim,15,Geniş Süpürüş - 1,2,28,Gold
3,Patlama yolu,bahcivan,standart,102,1 seçim,16,Güçlü Kesim - 1,1,120,Gold
3,Patlama yolu,bahcivan,standart,102,1 seçim,17,Hızlı Eller - 4,2,22,Gold
3,Patlama yolu,bahcivan,standart,102,1 seçim,17,Kesim Tekniği - 2,2,55,Gold
3,Patlama yolu,bahcivan,standart,102,1 seçim,17,Hasat Deneyimi I - 3,1,16,Gold
3,Patlama yolu,bahcivan,standart,102,1 seçim,17,Düzenli Üretim - 4,1,19,Gold
3,Patlama yolu,bahcivan,standart,102,1 seçim,17,Demir Hasat - 1,3,40,Gold
3,Patlama yolu,bahcivan,standart,102,1 seçim,17,Geniş Süpürüş - 1,3,35,Gold
3,Patlama yolu,bahcivan,standart,102,1 seçim,17,Taş Hasat - 1,1,35,Iron
3,Patlama yolu,bahcivan,standart,102,1 seçim,18,2×3 Saksı,1,200,Gold
3,Patlama yolu,bahcivan,standart,102,1 seçim,18,Hasat Deneyimi I - 3,2,18,Gold
3,Patlama yolu,bahcivan,standart,102,1 seçim,19,İlk Vazgeçiş,1,150,Gold
3,Patlama yolu,bahcivan,standart,102,1 seçim,19,Kesim Tekniği - 3,1,65,Gold
3,Patlama yolu,bahcivan,standart,102,1 seçim,19,Düzenli Üretim - 4,2,21,Gold
3,Patlama yolu,bahcivan,standart,102,1 seçim,19,Geniş Süpürüş - 2,1,40,Gold
3,Patlama yolu,bahcivan,standart,102,1 seçim,19,Hasat Deneyimi I - 4,1,20,Gold
3,Patlama yolu,bahcivan,standart,102,1 seçim,19,Taş Hasat - 1,2,45,Iron
3,Patlama yolu,bahcivan,standart,102,1 seçim,20,Hasat Rekoru - 1,1,180,Gold
3,Patlama yolu,bahcivan,standart,102,1 seçim,20,Hasat Deneyimi I - 4,2,21,Gold
3,Patlama yolu,bahcivan,standart,102,1 seçim,21,Güçlü Kesim - 1,2,160,Gold
3,Patlama yolu,bahcivan,standart,102,1 seçim,21,Akıcı Kesim - 1,1,160,Gold
3,Patlama yolu,bahcivan,standart,102,1 seçim,21,Kesim Tekniği - 3,2,70,Gold
3,Patlama yolu,bahcivan,standart,102,1 seçim,21,Taş Hasat - 1,3,55,Iron
3,Patlama yolu,bahcivan,standart,102,1 seçim,22,Demir Hasat - 2,1,50,Gold
3,Patlama yolu,bahcivan,standart,102,1 seçim,22,Güçlü Kesim - 1,3,195,Gold
3,Patlama yolu,bahcivan,standart,102,1 seçim,22,Geniş Süpürüş - 2,2,45,Gold
3,Patlama yolu,bahcivan,standart,102,1 seçim,23,Akıcı Kesim - 1,2,210,Gold
3,Patlama yolu,bahcivan,standart,102,1 seçim,23,Hasat Rekoru - 1,2,240,Gold
3,Patlama yolu,bahcivan,standart,102,1 seçim,23,Kesim Tekniği - 4,1,80,Gold
3,Patlama yolu,bahcivan,standart,102,1 seçim,23,Demir Hasat - 2,2,55,Gold
3,Patlama yolu,bahcivan,standart,102,1 seçim,23,Geniş Süpürüş - 3,1,55,Gold
3,Patlama yolu,bahcivan,standart,102,1 seçim,24,Güçlü Kesim - 2,1,230,Gold
3,Patlama yolu,bahcivan,standart,102,1 seçim,24,Altın Hasat II - 1,1,180,Gold
3,Patlama yolu,bahcivan,standart,102,1 seçim,24,Kesim Tekniği - 4,2,85,Gold
3,Patlama yolu,bahcivan,standart,102,1 seçim,24,Verimli Üretim - 1,1,200,Iron
3,Patlama yolu,bahcivan,standart,102,1 seçim,24,Demir Hasat - 3,1,65,Gold
3,Patlama yolu,bahcivan,standart,102,1 seçim,25,Nadir Filizler - 1,1,230,Iron
3,Patlama yolu,bahcivan,standart,102,1 seçim,25,Akıcı Kesim - 1,3,260,Gold
3,Patlama yolu,bahcivan,standart,102,1 seçim,25,Geniş Süpürüş - 3,2,60,Gold
3,Patlama yolu,bahcivan,standart,102,1 seçim,25,Geniş Süpürüş - 4,1,65,Gold
3,Patlama yolu,bahcivan,standart,102,1 seçim,25,Taş Hasat - 2,1,65,Iron
3,Patlama yolu,bahcivan,standart,102,1 seçim,26,Hasat Rekoru - 1,3,290,Gold
3,Patlama yolu,bahcivan,standart,102,1 seçim,26,Güçlü Kesim - 2,2,270,Gold
3,Patlama yolu,bahcivan,standart,102,1 seçim,26,Grid Genişleme II,1,100,Stone
3,Patlama yolu,bahcivan,standart,102,1 seçim,26,Verimli Üretim - 1,2,260,Iron
3,Patlama yolu,bahcivan,standart,102,1 seçim,26,Zengin Cevher - 1,1,50,Stone
3,Patlama yolu,bahcivan,standart,102,1 seçim,27,Altın Hasat II - 1,2,240,Gold
3,Patlama yolu,bahcivan,standart,102,1 seçim,27,Akıcı Kesim - 2,1,310,Gold
3,Patlama yolu,bahcivan,standart,102,1 seçim,27,Nadir Filizler - 1,2,300,Iron
3,Patlama yolu,bahcivan,standart,102,1 seçim,27,Taş Hasat - 2,2,80,Iron
3,Patlama yolu,bahcivan,standart,102,1 seçim,27,Zengin Cevher - 1,2,65,Stone
3,Patlama yolu,bahcivan,standart,102,1 seçim,28,Geniş Tarama - 1,1,160,Gold
3,Patlama yolu,bahcivan,standart,102,1 seçim,28,Demir Hasat - 3,2,70,Gold
3,Patlama yolu,bahcivan,standart,102,1 seçim,28,Güçlü Kesim - 3,1,300,Gold
3,Patlama yolu,bahcivan,standart,102,1 seçim,28,Altın Hasat II - 1,3,290,Gold
3,Patlama yolu,bahcivan,standart,102,1 seçim,28,Geniş Süpürüş - 4,2,70,Gold
3,Patlama yolu,bahcivan,standart,102,1 seçim,28,Demir Hasat - 4,1,80,Gold
3,Patlama yolu,bahcivan,standart,102,1 seçim,28,Taş Hasat - 3,1,90,Iron
3,Patlama yolu,bahcivan,standart,102,1 seçim,28,Taş Hasat - 3,2,100,Iron
3,Patlama yolu,bahcivan,standart,102,1 seçim,29,Kesim Ustalığı - 1,1,560,Iron
3,Patlama yolu,bahcivan,standart,102,1 seçim,29,Hasat Rekoru - 2,1,350,Gold
3,Patlama yolu,bahcivan,standart,102,1 seçim,29,Akıcı Kesim - 2,2,360,Gold
3,Patlama yolu,bahcivan,standart,102,1 seçim,29,Verimli Üretim - 1,3,320,Iron
3,Patlama yolu,bahcivan,standart,102,1 seçim,29,Geniş Tarama - 1,2,210,Gold
3,Patlama yolu,bahcivan,standart,102,1 seçim,29,Demir Hasat - 4,2,85,Gold
3,Patlama yolu,bahcivan,standart,102,1 seçim,29,Zengin Cevher - 1,3,80,Stone
3,Patlama yolu,bahcivan,standart,102,1 seçim,30,Güçlü Kesim - 3,2,340,Gold
3,Patlama yolu,bahcivan,standart,102,1 seçim,30,Altın Hasat II - 2,1,350,Gold
3,Patlama yolu,bahcivan,standart,102,1 seçim,30,Taş Hasat - 4,1,110,Iron
3,Patlama yolu,bahcivan,standart,102,1 seçim,31,Kesim Ustalığı - 1,2,720,Iron
3,Patlama yolu,bahcivan,standart,102,1 seçim,31,Akıcı Kesim - 3,1,400,Gold
3,Patlama yolu,bahcivan,standart,102,1 seçim,31,Geniş Tarama - 1,3,260,Gold
3,Patlama yolu,bahcivan,standart,102,1 seçim,31,Hasat Deneyimi II - 1,1,450,Gold
3,Patlama yolu,bahcivan,standart,102,1 seçim,31,Hasat Rekoru - 2,2,400,Gold
3,Patlama yolu,bahcivan,standart,102,1 seçim,31,Zengin Cevher - 2,1,95,Stone
3,Patlama yolu,bahcivan,standart,102,1 seçim,32,Nadir Filizler - 1,3,360,Iron
3,Patlama yolu,bahcivan,standart,102,1 seçim,32,Güçlü Kesim - 4,1,380,Gold
3,Patlama yolu,bahcivan,standart,102,1 seçim,32,Altın Hasat II - 2,2,400,Gold
3,Patlama yolu,bahcivan,standart,102,1 seçim,32,Kritik Odak - 1,1,150,Gold
3,Patlama yolu,bahcivan,standart,102,1 seçim,32,Kritik Odak - 1,2,195,Gold
3,Patlama yolu,bahcivan,standart,102,1 seçim,32,Kritik Odak - 1,3,240,Gold
3,Patlama yolu,bahcivan,standart,102,1 seçim,32,Taş Hasat - 4,2,120,Iron
3,Patlama yolu,bahcivan,standart,102,1 seçim,33,İkinci Vazgeçiş,1,800,Iron
3,Patlama yolu,bahcivan,standart,102,1 seçim,33,Verimli Üretim - 2,1,380,Iron
3,Patlama yolu,bahcivan,standart,102,1 seçim,33,Ağır Kesim - 1,1,1200,Gold
3,Patlama yolu,bahcivan,standart,102,1 seçim,33,Akıcı Kesim - 3,2,450,Gold
3,Patlama yolu,bahcivan,standart,102,1 seçim,33,Zengin Cevher - 2,2,110,Stone
3,Patlama yolu,bahcivan,standart,102,1 seçim,34,Kesim Ustalığı - 1,3,890,Iron
3,Patlama yolu,bahcivan,standart,102,1 seçim,34,Geniş Tarama - 2,1,310,Gold
3,Patlama yolu,bahcivan,standart,102,1 seçim,34,Kart Sezgisi - 1,1,710,Gold
3,Patlama yolu,bahcivan,standart,102,1 seçim,34,Hasat Deneyimi II - 1,2,590,Gold
3,Patlama yolu,bahcivan,standart,102,1 seçim,35,Nadir Filizler - 2,1,430,Iron
3,Patlama yolu,bahcivan,standart,102,1 seçim,35,Verimli Üretim - 2,2,440,Iron
3,Patlama yolu,bahcivan,standart,102,1 seçim,35,Altın Hasat II - 3,1,450,Gold
3,Patlama yolu,bahcivan,standart,102,1 seçim,35,Güçlü Kesim - 4,2,410,Gold
3,Patlama yolu,bahcivan,standart,102,1 seçim,35,Kritik Odak - 2,1,290,Gold
3,Patlama yolu,bahcivan,standart,102,1 seçim,35,Zengin Cevher - 3,1,125,Stone
3,Patlama yolu,bahcivan,standart,102,1 seçim,36,Ağır Kesim - 1,2,1600,Gold
3,Patlama yolu,bahcivan,standart,102,1 seçim,36,Kesim Ustalığı - 2,1,1100,Iron
3,Patlama yolu,bahcivan,standart,102,1 seçim,36,Hasat Rekoru - 3,1,450,Gold
3,Patlama yolu,bahcivan,standart,102,1 seçim,37,Akıcı Kesim - 4,1,500,Gold
3,Patlama yolu,bahcivan,standart,102,1 seçim,37,Geniş Tarama - 2,2,360,Gold
3,Patlama yolu,bahcivan,standart,102,1 seçim,37,Nadir Filizler - 2,2,500,Iron
3,Patlama yolu,bahcivan,standart,102,1 seçim,37,Hasat Deneyimi II - 1,3,730,Gold
3,Patlama yolu,bahcivan,standart,102,1 seçim,37,Verimli Üretim - 3,1,510,Iron
3,Patlama yolu,bahcivan,standart,102,1 seçim,37,Zengin Cevher - 3,2,140,Stone
3,Patlama yolu,bahcivan,standart,102,1 seçim,38,Kart Sezgisi - 1,2,920,Gold
3,Patlama yolu,bahcivan,standart,102,1 seçim,38,Altın Hasat II - 3,2,510,Gold
3,Patlama yolu,bahcivan,standart,102,1 seçim,38,Geniş Tarama - 3,1,400,Gold
3,Patlama yolu,bahcivan,standart,102,1 seçim,38,Kesim Ustalığı - 2,2,1200,Iron
3,Patlama yolu,bahcivan,standart,102,1 seçim,38,Verimli Üretim - 3,2,570,Iron
3,Patlama yolu,bahcivan,standart,102,1 seçim,38,Geniş Tarama - 3,2,450,Gold
3,Patlama yolu,bahcivan,standart,102,1 seçim,38,Kritik Odak - 2,2,330,Gold
3,Patlama yolu,bahcivan,standart,102,1 seçim,39,Ağır Kesim - 1,3,1900,Gold
3,Patlama yolu,bahcivan,standart,102,1 seçim,39,Akıcı Kesim - 4,2,550,Gold
3,Patlama yolu,bahcivan,standart,102,1 seçim,39,Hasat Deneyimi II - 2,1,860,Gold
3,Patlama yolu,bahcivan,standart,102,1 seçim,39,Nadir Filizler - 3,1,570,Iron
3,Patlama yolu,bahcivan,standart,102,1 seçim,39,Zengin Cevher - 4,1,155,Stone
3,Patlama yolu,bahcivan,standart,102,1 seçim,40,Hasat Rekoru - 3,2,510,Gold
3,Patlama yolu,bahcivan,standart,102,1 seçim,40,Altın Hasat II - 4,1,560,Gold
3,Patlama yolu,bahcivan,standart,102,1 seçim,40,Kart Sezgisi - 1,3,1100,Gold
3,Patlama yolu,bahcivan,standart,102,1 seçim,40,Kesim Ustalığı - 3,1,1400,Iron
3,Patlama yolu,bahcivan,standart,102,1 seçim,40,Verimli Üretim - 4,1,630,Iron
3,Patlama yolu,bahcivan,standart,102,1 seçim,40,Kritik Güç - 1,1,150,Stone
3,Patlama yolu,bahcivan,standart,102,1 seçim,41,Ağır Kesim - 2,1,2300,Gold
3,Patlama yolu,bahcivan,standart,102,1 seçim,41,Hasat Deneyimi II - 2,2,1000,Gold
3,Patlama yolu,bahcivan,standart,102,1 seçim,41,Nadir Filizler - 3,2,640,Iron
3,Patlama yolu,bahcivan,standart,102,1 seçim,41,Kesim Ustalığı - 3,2,1600,Iron
3,Patlama yolu,bahcivan,standart,102,1 seçim,41,Grid Genişleme II,2,1800,Stone
3,Patlama yolu,bahcivan,standart,102,1 seçim,41,Zengin Cevher - 4,2,170,Stone
3,Patlama yolu,bahcivan,standart,102,1 seçim,42,Altın Hasat II - 4,2,620,Gold
3,Patlama yolu,bahcivan,standart,102,1 seçim,42,Kart Sezgisi - 2,1,1300,Gold
3,Patlama yolu,bahcivan,standart,102,1 seçim,42,Hasat Rekoru - 4,1,560,Gold
3,Patlama yolu,bahcivan,standart,102,1 seçim,42,Verimli Üretim - 4,2,690,Iron
3,Patlama yolu,bahcivan,standart,102,1 seçim,42,Nadir Filizler - 4,1,700,Iron
3,Patlama yolu,bahcivan,standart,102,1 seçim,42,Kritik Güç - 1,2,195,Stone
3,Patlama yolu,bahcivan,standart,102,1 seçim,43,Ağır Kesim - 2,2,2700,Gold
3,Patlama yolu,bahcivan,standart,102,1 seçim,43,Geniş Tarama - 4,1,500,Gold
3,Patlama yolu,bahcivan,standart,102,1 seçim,43,Hasat Deneyimi II - 3,1,1100,Gold
3,Patlama yolu,bahcivan,standart,102,1 seçim,43,Kesim Ustalığı - 4,1,1700,Iron
3,Patlama yolu,bahcivan,standart,102,1 seçim,43,Nadir Filizler - 4,2,770,Iron
3,Patlama yolu,bahcivan,standart,102,1 seçim,44,Geniş Tarama - 4,2,550,Gold
3,Patlama yolu,bahcivan,standart,102,1 seçim,44,Kart Sezgisi - 2,2,1600,Gold
3,Patlama yolu,bahcivan,standart,102,1 seçim,44,Hasat Rekoru - 4,2,620,Gold
3,Patlama yolu,bahcivan,standart,102,1 seçim,44,Kritik Odak - 3,1,380,Gold
3,Patlama yolu,bahcivan,standart,102,1 seçim,44,Kritik Odak - 3,2,420,Gold
3,Patlama yolu,bahcivan,standart,102,1 seçim,44,Kesim Ustalığı - 4,2,1900,Iron
3,Patlama yolu,bahcivan,standart,102,1 seçim,44,Kritik Güç - 1,3,240,Stone
3,Patlama yolu,bahcivan,standart,102,1 seçim,45,Ağır Kesim - 3,1,3000,Gold
3,Patlama yolu,bahcivan,standart,102,1 seçim,46,Hasat Deneyimi II - 3,2,1300,Gold
3,Patlama yolu,bahcivan,standart,102,1 seçim,46,Ağır Kesim - 3,2,3400,Gold
3,Patlama yolu,bahcivan,standart,102,1 seçim,46,Kritik Güç - 2,1,290,Stone
3,Patlama yolu,bahcivan,standart,102,1 seçim,47,Kart Sezgisi - 3,1,1800,Gold
3,Patlama yolu,bahcivan,standart,102,1 seçim,47,Hasat Deneyimi II - 4,1,1400,Gold
3,Patlama yolu,bahcivan,standart,102,1 seçim,47,Kritik Odak - 4,1,470,Gold
3,Patlama yolu,bahcivan,standart,102,1 seçim,47,Kritik Odak - 4,2,520,Gold
3,Patlama yolu,bahcivan,standart,102,1 seçim,48,Ağır Kesim - 4,1,3800,Gold
3,Patlama yolu,bahcivan,standart,102,1 seçim,48,Kritik Güç - 2,2,330,Stone
3,Patlama yolu,bahcivan,standart,102,1 seçim,49,Hasat Deneyimi II - 4,2,1500,Gold
3,Patlama yolu,bahcivan,standart,102,1 seçim,49,Kart Sezgisi - 3,2,2000,Gold
4,Patlama yolu,bahcivan,standart,103,1 seçim,2,Keskin Başlangıç - 1,1,5,Gold
4,Patlama yolu,bahcivan,standart,103,1 seçim,2,Keskin Başlangıç - 1,2,7,Gold
4,Patlama yolu,bahcivan,standart,103,1 seçim,2,Altın Hasat I - 1,1,7,Gold
4,Patlama yolu,bahcivan,standart,103,1 seçim,2,Düzenli Üretim - 1,1,6,Gold
4,Patlama yolu,bahcivan,standart,103,1 seçim,3,Keskin Başlangıç - 1,3,8,Gold
4,Patlama yolu,bahcivan,standart,103,1 seçim,3,Hızlı Eller - 1,1,7,Gold
4,Patlama yolu,bahcivan,standart,103,1 seçim,5,Grid Genişleme I,1,30,Gold
4,Patlama yolu,bahcivan,standart,103,1 seçim,6,Altın Hasat I - 1,2,9,Gold
4,Patlama yolu,bahcivan,standart,103,1 seçim,6,Keskin Başlangıç - 2,1,10,Gold
4,Patlama yolu,bahcivan,standart,103,1 seçim,6,Düzenli Üretim - 1,2,8,Gold
4,Patlama yolu,bahcivan,standart,103,1 seçim,7,Hızlı Eller - 1,2,9,Gold
4,Patlama yolu,bahcivan,standart,103,1 seçim,7,Keskin Başlangıç - 2,2,11,Gold
4,Patlama yolu,bahcivan,standart,103,1 seçim,8,Altın Hasat I - 1,3,11,Gold
4,Patlama yolu,bahcivan,standart,103,1 seçim,8,Hasat Deneyimi I - 1,1,6,Gold
4,Patlama yolu,bahcivan,standart,103,1 seçim,9,1×3 Saksı,1,30,Gold
4,Patlama yolu,bahcivan,standart,103,1 seçim,9,Keskin Başlangıç - 3,1,13,Gold
4,Patlama yolu,bahcivan,standart,103,1 seçim,9,Düzenli Üretim - 1,3,10,Gold
4,Patlama yolu,bahcivan,standart,103,1 seçim,10,Hızlı Eller - 1,3,11,Gold
4,Patlama yolu,bahcivan,standart,103,1 seçim,11,Altın Hasat I - 2,1,13,Gold
4,Patlama yolu,bahcivan,standart,103,1 seçim,11,Keskin Başlangıç - 3,2,14,Gold
4,Patlama yolu,bahcivan,standart,103,1 seçim,11,Grid Genişleme I,2,30,Iron
4,Patlama yolu,bahcivan,standart,103,1 seçim,12,Kesim Tekniği - 1,1,25,Gold
4,Patlama yolu,bahcivan,standart,103,1 seçim,12,Hızlı Eller - 2,1,12,Gold
4,Patlama yolu,bahcivan,standart,103,1 seçim,12,Altın Hasat I - 2,2,16,Gold
4,Patlama yolu,bahcivan,standart,103,1 seçim,12,Düzenli Üretim - 2,1,12,Gold
4,Patlama yolu,bahcivan,standart,103,1 seçim,12,Hasat Deneyimi I - 1,2,8,Gold
4,Patlama yolu,bahcivan,standart,103,1 seçim,13,Keskin Başlangıç - 4,1,16,Gold
4,Patlama yolu,bahcivan,standart,103,1 seçim,13,Hızlı Eller - 2,2,14,Gold
4,Patlama yolu,bahcivan,standart,103,1 seçim,13,Kesim Tekniği - 1,2,35,Gold
4,Patlama yolu,bahcivan,standart,103,1 seçim,14,Altın Hasat I - 3,1,18,Gold
4,Patlama yolu,bahcivan,standart,103,1 seçim,14,Keskin Başlangıç - 4,2,17,Gold
4,Patlama yolu,bahcivan,standart,103,1 seçim,14,Hasat Deneyimi I - 1,3,10,Gold
4,Patlama yolu,bahcivan,standart,103,1 seçim,14,Düzenli Üretim - 2,2,13,Gold
4,Patlama yolu,bahcivan,standart,103,1 seçim,15,2×2 Saksı,1,80,Gold
4,Patlama yolu,bahcivan,standart,103,1 seçim,15,Çifte Hasat Kartları,1,25,Iron
4,Patlama yolu,bahcivan,standart,103,1 seçim,16,Hızlı Eller - 3,1,16,Gold
4,Patlama yolu,bahcivan,standart,103,1 seçim,16,Altın Hasat I - 3,2,20,Gold
4,Patlama yolu,bahcivan,standart,103,1 seçim,16,Kesim Tekniği - 1,3,40,Gold
4,Patlama yolu,bahcivan,standart,103,1 seçim,16,Hasat Deneyimi I - 2,1,12,Gold
4,Patlama yolu,bahcivan,standart,103,1 seçim,17,Demir Hasat - 1,1,25,Gold
4,Patlama yolu,bahcivan,standart,103,1 seçim,17,Hızlı Eller - 3,2,18,Gold
4,Patlama yolu,bahcivan,standart,103,1 seçim,17,Düzenli Üretim - 3,1,15,Gold
4,Patlama yolu,bahcivan,standart,103,1 seçim,17,Altın Hasat I - 4,1,22,Gold
4,Patlama yolu,bahcivan,standart,103,1 seçim,18,Geniş Süpürüş - 1,1,21,Gold
4,Patlama yolu,bahcivan,standart,103,1 seçim,18,Kesim Tekniği - 2,1,50,Gold
4,Patlama yolu,bahcivan,standart,103,1 seçim,18,Hasat Deneyimi I - 2,2,14,Gold
4,Patlama yolu,bahcivan,standart,103,1 seçim,19,Hızlı Eller - 4,1,20,Gold
4,Patlama yolu,bahcivan,standart,103,1 seçim,19,Altın Hasat I - 4,2,24,Gold
4,Patlama yolu,bahcivan,standart,103,1 seçim,19,Demir Hasat - 1,2,35,Gold
4,Patlama yolu,bahcivan,standart,103,1 seçim,20,Düzenli Üretim - 3,2,17,Gold
4,Patlama yolu,bahcivan,standart,103,1 seçim,20,Geniş Süpürüş - 1,2,28,Gold
4,Patlama yolu,bahcivan,standart,103,1 seçim,21,Hızlı Eller - 4,2,22,Gold
4,Patlama yolu,bahcivan,standart,103,1 seçim,21,Hasat Deneyimi I - 3,1,16,Gold
4,Patlama yolu,bahcivan,standart,103,1 seçim,21,Düzenli Üretim - 4,1,19,Gold
4,Patlama yolu,bahcivan,standart,103,1 seçim,21,Hasat Deneyimi I - 3,2,18,Gold
4,Patlama yolu,bahcivan,standart,103,1 seçim,21,Düzenli Üretim - 4,2,21,Gold
4,Patlama yolu,bahcivan,standart,103,1 seçim,22,Hasat Deneyimi I - 4,1,20,Gold
4,Patlama yolu,bahcivan,standart,103,1 seçim,22,Hasat Deneyimi I - 4,2,21,Gold
4,Patlama yolu,bahcivan,standart,103,1 seçim,23,Güçlü Kesim - 1,1,120,Gold
4,Patlama yolu,bahcivan,standart,103,1 seçim,24,Kesim Tekniği - 2,2,55,Gold
4,Patlama yolu,bahcivan,standart,103,1 seçim,24,Demir Hasat - 1,3,40,Gold
4,Patlama yolu,bahcivan,standart,103,1 seçim,24,Geniş Süpürüş - 1,3,35,Gold
4,Patlama yolu,bahcivan,standart,103,1 seçim,25,Geniş Süpürüş - 2,1,40,Gold
4,Patlama yolu,bahcivan,standart,103,1 seçim,25,Demir Hasat - 2,1,50,Gold
4,Patlama yolu,bahcivan,standart,103,1 seçim,25,Geniş Süpürüş - 2,2,45,Gold
4,Patlama yolu,bahcivan,standart,103,1 seçim,25,Taş Hasat - 1,1,35,Iron
4,Patlama yolu,bahcivan,standart,103,1 seçim,26,Taş Hasat - 1,2,45,Iron
4,Patlama yolu,bahcivan,standart,103,1 seçim,27,2×3 Saksı,1,200,Gold
4,Patlama yolu,bahcivan,standart,103,1 seçim,28,İlk Vazgeçiş,1,150,Gold
4,Patlama yolu,bahcivan,standart,103,1 seçim,28,Kesim Tekniği - 3,1,65,Gold
4,Patlama yolu,bahcivan,standart,103,1 seçim,29,Hasat Rekoru - 1,1,180,Gold
4,Patlama yolu,bahcivan,standart,103,1 seçim,29,Taş Hasat - 1,3,55,Iron
4,Patlama yolu,bahcivan,standart,103,1 seçim,30,Güçlü Kesim - 1,2,160,Gold
4,Patlama yolu,bahcivan,standart,103,1 seçim,30,Akıcı Kesim - 1,1,160,Gold
4,Patlama yolu,bahcivan,standart,103,1 seçim,31,Kesim Tekniği - 3,2,70,Gold
4,Patlama yolu,bahcivan,standart,103,1 seçim,31,Güçlü Kesim - 1,3,195,Gold
4,Patlama yolu,bahcivan,standart,103,1 seçim,32,Akıcı Kesim - 1,2,210,Gold
4,Patlama yolu,bahcivan,standart,103,1 seçim,32,Demir Hasat - 2,2,55,Gold
4,Patlama yolu,bahcivan,standart,103,1 seçim,32,Geniş Süpürüş - 3,1,55,Gold
4,Patlama yolu,bahcivan,standart,103,1 seçim,32,Verimli Üretim - 1,1,200,Iron
4,Patlama yolu,bahcivan,standart,103,1 seçim,33,Hasat Rekoru - 1,2,240,Gold
4,Patlama yolu,bahcivan,standart,103,1 seçim,33,Taş Hasat - 2,1,65,Iron
4,Patlama yolu,bahcivan,standart,103,1 seçim,34,Kesim Tekniği - 4,1,80,Gold
4,Patlama yolu,bahcivan,standart,103,1 seçim,35,Güçlü Kesim - 2,1,230,Gold
4,Patlama yolu,bahcivan,standart,103,1 seçim,36,Altın Hasat II - 1,1,180,Gold
4,Patlama yolu,bahcivan,standart,103,1 seçim,36,Kesim Tekniği - 4,2,85,Gold
4,Patlama yolu,bahcivan,standart,103,1 seçim,36,Nadir Filizler - 1,1,230,Iron
4,Patlama yolu,bahcivan,standart,103,1 seçim,36,Demir Hasat - 3,1,65,Gold
4,Patlama yolu,bahcivan,standart,103,1 seçim,37,Akıcı Kesim - 1,3,260,Gold
4,Patlama yolu,bahcivan,standart,103,1 seçim,38,Hasat Rekoru - 1,3,290,Gold
4,Patlama yolu,bahcivan,standart,103,1 seçim,38,Verimli Üretim - 1,2,260,Iron
4,Patlama yolu,bahcivan,standart,103,1 seçim,39,Geniş Süpürüş - 3,2,60,Gold
4,Patlama yolu,bahcivan,standart,103,1 seçim,39,Geniş Süpürüş - 4,1,65,Gold
4,Patlama yolu,bahcivan,standart,103,1 seçim,39,Zengin Cevher - 1,1,50,Stone
4,Patlama yolu,bahcivan,standart,103,1 seçim,41,Güçlü Kesim - 2,2,270,Gold
4,Patlama yolu,bahcivan,standart,103,1 seçim,42,Altın Hasat II - 1,2,240,Gold
4,Patlama yolu,bahcivan,standart,103,1 seçim,42,Nadir Filizler - 1,2,300,Iron
4,Patlama yolu,bahcivan,standart,103,1 seçim,42,Demir Hasat - 3,2,70,Gold
4,Patlama yolu,bahcivan,standart,103,1 seçim,42,Geniş Süpürüş - 4,2,70,Gold
4,Patlama yolu,bahcivan,standart,103,1 seçim,42,Taş Hasat - 2,2,80,Iron
4,Patlama yolu,bahcivan,standart,103,1 seçim,43,Grid Genişleme II,1,100,Stone
4,Patlama yolu,bahcivan,standart,103,1 seçim,43,Akıcı Kesim - 2,1,310,Gold
4,Patlama yolu,bahcivan,standart,103,1 seçim,44,Geniş Tarama - 1,1,160,Gold
5,Patlama yolu,bahcivan,standart,104,1 seçim,1,Keskin Başlangıç - 1,1,5,Gold
5,Patlama yolu,bahcivan,standart,104,1 seçim,2,Keskin Başlangıç - 1,2,7,Gold
5,Patlama yolu,bahcivan,standart,104,1 seçim,3,Altın Hasat I - 1,1,7,Gold
5,Patlama yolu,bahcivan,standart,104,1 seçim,3,Düzenli Üretim - 1,1,6,Gold
5,Patlama yolu,bahcivan,standart,104,1 seçim,4,Keskin Başlangıç - 1,3,8,Gold
5,Patlama yolu,bahcivan,standart,104,1 seçim,4,Hızlı Eller - 1,1,7,Gold
5,Patlama yolu,bahcivan,standart,104,1 seçim,4,Hasat Deneyimi I - 1,1,6,Gold
5,Patlama yolu,bahcivan,standart,104,1 seçim,5,Grid Genişleme I,1,30,Gold
5,Patlama yolu,bahcivan,standart,104,1 seçim,6,Altın Hasat I - 1,2,9,Gold
5,Patlama yolu,bahcivan,standart,104,1 seçim,6,Keskin Başlangıç - 2,1,10,Gold
5,Patlama yolu,bahcivan,standart,104,1 seçim,6,Düzenli Üretim - 1,2,8,Gold
5,Patlama yolu,bahcivan,standart,104,1 seçim,7,Hızlı Eller - 1,2,9,Gold
5,Patlama yolu,bahcivan,standart,104,1 seçim,7,Keskin Başlangıç - 2,2,11,Gold
5,Patlama yolu,bahcivan,standart,104,1 seçim,8,Altın Hasat I - 1,3,11,Gold
5,Patlama yolu,bahcivan,standart,104,1 seçim,8,1×3 Saksı,1,30,Gold
5,Patlama yolu,bahcivan,standart,104,1 seçim,9,Keskin Başlangıç - 3,1,13,Gold
5,Patlama yolu,bahcivan,standart,104,1 seçim,9,Düzenli Üretim - 1,3,10,Gold
5,Patlama yolu,bahcivan,standart,104,1 seçim,9,Hızlı Eller - 1,3,11,Gold
5,Patlama yolu,bahcivan,standart,104,1 seçim,11,Altın Hasat I - 2,1,13,Gold
5,Patlama yolu,bahcivan,standart,104,1 seçim,11,Keskin Başlangıç - 3,2,14,Gold
5,Patlama yolu,bahcivan,standart,104,1 seçim,11,Kesim Tekniği - 1,1,25,Gold
5,Patlama yolu,bahcivan,standart,104,1 seçim,11,Hızlı Eller - 2,1,12,Gold
5,Patlama yolu,bahcivan,standart,104,1 seçim,11,Grid Genişleme I,2,30,Iron
5,Patlama yolu,bahcivan,standart,104,1 seçim,12,Altın Hasat I - 2,2,16,Gold
5,Patlama yolu,bahcivan,standart,104,1 seçim,12,Düzenli Üretim - 2,1,12,Gold
5,Patlama yolu,bahcivan,standart,104,1 seçim,12,Hasat Deneyimi I - 1,2,8,Gold
5,Patlama yolu,bahcivan,standart,104,1 seçim,13,Keskin Başlangıç - 4,1,16,Gold
5,Patlama yolu,bahcivan,standart,104,1 seçim,13,Hızlı Eller - 2,2,14,Gold
5,Patlama yolu,bahcivan,standart,104,1 seçim,14,Kesim Tekniği - 1,2,35,Gold
5,Patlama yolu,bahcivan,standart,104,1 seçim,14,Altın Hasat I - 3,1,18,Gold
5,Patlama yolu,bahcivan,standart,104,1 seçim,14,Keskin Başlangıç - 4,2,17,Gold
5,Patlama yolu,bahcivan,standart,104,1 seçim,14,Hasat Deneyimi I - 1,3,10,Gold
5,Patlama yolu,bahcivan,standart,104,1 seçim,15,Düzenli Üretim - 2,2,13,Gold
5,Patlama yolu,bahcivan,standart,104,1 seçim,15,Hızlı Eller - 3,1,16,Gold
5,Patlama yolu,bahcivan,standart,104,1 seçim,15,Altın Hasat I - 3,2,20,Gold
5,Patlama yolu,bahcivan,standart,104,1 seçim,15,Hasat Deneyimi I - 2,1,12,Gold
5,Patlama yolu,bahcivan,standart,104,1 seçim,16,2×2 Saksı,1,80,Gold
5,Patlama yolu,bahcivan,standart,104,1 seçim,16,Çifte Hasat Kartları,1,25,Iron
5,Patlama yolu,bahcivan,standart,104,1 seçim,17,Kesim Tekniği - 1,3,40,Gold
5,Patlama yolu,bahcivan,standart,104,1 seçim,17,Demir Hasat - 1,1,25,Gold
5,Patlama yolu,bahcivan,standart,104,1 seçim,17,Hızlı Eller - 3,2,18,Gold
5,Patlama yolu,bahcivan,standart,104,1 seçim,18,Düzenli Üretim - 3,1,15,Gold
5,Patlama yolu,bahcivan,standart,104,1 seçim,18,Altın Hasat I - 4,1,22,Gold
5,Patlama yolu,bahcivan,standart,104,1 seçim,18,Geniş Süpürüş - 1,1,21,Gold
5,Patlama yolu,bahcivan,standart,104,1 seçim,18,Kesim Tekniği - 2,1,50,Gold
5,Patlama yolu,bahcivan,standart,104,1 seçim,19,Hasat Deneyimi I - 2,2,14,Gold
5,Patlama yolu,bahcivan,standart,104,1 seçim,19,Hızlı Eller - 4,1,20,Gold
5,Patlama yolu,bahcivan,standart,104,1 seçim,19,Altın Hasat I - 4,2,24,Gold
5,Patlama yolu,bahcivan,standart,104,1 seçim,20,Demir Hasat - 1,2,35,Gold
5,Patlama yolu,bahcivan,standart,104,1 seçim,20,Düzenli Üretim - 3,2,17,Gold
5,Patlama yolu,bahcivan,standart,104,1 seçim,20,Geniş Süpürüş - 1,2,28,Gold
5,Patlama yolu,bahcivan,standart,104,1 seçim,20,Hızlı Eller - 4,2,22,Gold
5,Patlama yolu,bahcivan,standart,104,1 seçim,20,Hasat Deneyimi I - 3,1,16,Gold
5,Patlama yolu,bahcivan,standart,104,1 seçim,21,Güçlü Kesim - 1,1,120,Gold
5,Patlama yolu,bahcivan,standart,104,1 seçim,22,Kesim Tekniği - 2,2,55,Gold
5,Patlama yolu,bahcivan,standart,104,1 seçim,22,Düzenli Üretim - 4,1,19,Gold
5,Patlama yolu,bahcivan,standart,104,1 seçim,22,Demir Hasat - 1,3,40,Gold
5,Patlama yolu,bahcivan,standart,104,1 seçim,22,Geniş Süpürüş - 1,3,35,Gold
5,Patlama yolu,bahcivan,standart,104,1 seçim,22,Hasat Deneyimi I - 3,2,18,Gold
5,Patlama yolu,bahcivan,standart,104,1 seçim,22,Düzenli Üretim - 4,2,21,Gold
5,Patlama yolu,bahcivan,standart,104,1 seçim,22,Taş Hasat - 1,1,35,Iron
5,Patlama yolu,bahcivan,standart,104,1 seçim,23,2×3 Saksı,1,200,Gold
5,Patlama yolu,bahcivan,standart,104,1 seçim,24,İlk Vazgeçiş,1,150,Gold
5,Patlama yolu,bahcivan,standart,104,1 seçim,24,Kesim Tekniği - 3,1,65,Gold
5,Patlama yolu,bahcivan,standart,104,1 seçim,24,Geniş Süpürüş - 2,1,40,Gold
5,Patlama yolu,bahcivan,standart,104,1 seçim,24,Taş Hasat - 1,2,45,Iron
5,Patlama yolu,bahcivan,standart,104,1 seçim,25,Hasat Rekoru - 1,1,180,Gold
5,Patlama yolu,bahcivan,standart,104,1 seçim,25,Hasat Deneyimi I - 4,1,20,Gold
5,Patlama yolu,bahcivan,standart,104,1 seçim,26,Güçlü Kesim - 1,2,160,Gold
5,Patlama yolu,bahcivan,standart,104,1 seçim,26,Hasat Deneyimi I - 4,2,21,Gold
5,Patlama yolu,bahcivan,standart,104,1 seçim,27,Akıcı Kesim - 1,1,160,Gold
5,Patlama yolu,bahcivan,standart,104,1 seçim,27,Kesim Tekniği - 3,2,70,Gold
5,Patlama yolu,bahcivan,standart,104,1 seçim,27,Demir Hasat - 2,1,50,Gold
5,Patlama yolu,bahcivan,standart,104,1 seçim,27,Geniş Süpürüş - 2,2,45,Gold
5,Patlama yolu,bahcivan,standart,104,1 seçim,28,Güçlü Kesim - 1,3,195,Gold
5,Patlama yolu,bahcivan,standart,104,1 seçim,29,Akıcı Kesim - 1,2,210,Gold
5,Patlama yolu,bahcivan,standart,104,1 seçim,29,Hasat Rekoru - 1,2,240,Gold
5,Patlama yolu,bahcivan,standart,104,1 seçim,29,Kesim Tekniği - 4,1,80,Gold
5,Patlama yolu,bahcivan,standart,104,1 seçim,30,Demir Hasat - 2,2,55,Gold
5,Patlama yolu,bahcivan,standart,104,1 seçim,30,Güçlü Kesim - 2,1,230,Gold
5,Patlama yolu,bahcivan,standart,104,1 seçim,30,Geniş Süpürüş - 3,1,55,Gold
5,Patlama yolu,bahcivan,standart,104,1 seçim,30,Verimli Üretim - 1,1,200,Iron
5,Patlama yolu,bahcivan,standart,104,1 seçim,30,Taş Hasat - 1,3,55,Iron
5,Patlama yolu,bahcivan,standart,104,1 seçim,31,Altın Hasat II - 1,1,180,Gold
5,Patlama yolu,bahcivan,standart,104,1 seçim,31,Kesim Tekniği - 4,2,85,Gold
5,Patlama yolu,bahcivan,standart,104,1 seçim,31,Demir Hasat - 3,1,65,Gold
5,Patlama yolu,bahcivan,standart,104,1 seçim,31,Geniş Süpürüş - 3,2,60,Gold
5,Patlama yolu,bahcivan,standart,104,1 seçim,32,Nadir Filizler - 1,1,230,Iron
5,Patlama yolu,bahcivan,standart,104,1 seçim,32,Akıcı Kesim - 1,3,260,Gold
5,Patlama yolu,bahcivan,standart,104,1 seçim,32,Geniş Süpürüş - 4,1,65,Gold
5,Patlama yolu,bahcivan,standart,104,1 seçim,32,Demir Hasat - 3,2,70,Gold
5,Patlama yolu,bahcivan,standart,104,1 seçim,32,Geniş Süpürüş - 4,2,70,Gold
5,Patlama yolu,bahcivan,standart,104,1 seçim,32,Zengin Cevher - 1,1,50,Stone
5,Patlama yolu,bahcivan,standart,104,1 seçim,33,Hasat Rekoru - 1,3,290,Gold
5,Patlama yolu,bahcivan,standart,104,1 seçim,33,Taş Hasat - 2,1,65,Iron
5,Patlama yolu,bahcivan,standart,104,1 seçim,34,Güçlü Kesim - 2,2,270,Gold
5,Patlama yolu,bahcivan,standart,104,1 seçim,34,Altın Hasat II - 1,2,240,Gold
5,Patlama yolu,bahcivan,standart,104,1 seçim,35,Verimli Üretim - 1,2,260,Iron
5,Patlama yolu,bahcivan,standart,104,1 seçim,35,Akıcı Kesim - 2,1,310,Gold
5,Patlama yolu,bahcivan,standart,104,1 seçim,36,Nadir Filizler - 1,2,300,Iron
5,Patlama yolu,bahcivan,standart,104,1 seçim,36,Geniş Tarama - 1,1,160,Gold
5,Patlama yolu,bahcivan,standart,104,1 seçim,36,Güçlü Kesim - 3,1,300,Gold
5,Patlama yolu,bahcivan,standart,104,1 seçim,37,Grid Genişleme II,1,100,Stone
5,Patlama yolu,bahcivan,standart,104,1 seçim,37,Altın Hasat II - 1,3,290,Gold
5,Patlama yolu,bahcivan,standart,104,1 seçim,37,Hasat Rekoru - 2,1,350,Gold
5,Patlama yolu,bahcivan,standart,104,1 seçim,37,Taş Hasat - 2,2,80,Iron
5,Patlama yolu,bahcivan,standart,104,1 seçim,38,Akıcı Kesim - 2,2,360,Gold
5,Patlama yolu,bahcivan,standart,104,1 seçim,39,Geniş Tarama - 1,2,210,Gold
5,Patlama yolu,bahcivan,standart,104,1 seçim,39,Demir Hasat - 4,1,80,Gold
5,Patlama yolu,bahcivan,standart,104,1 seçim,39,Demir Hasat - 4,2,85,Gold
5,Patlama yolu,bahcivan,standart,104,1 seçim,39,Taş Hasat - 3,1,90,Iron
5,Patlama yolu,bahcivan,standart,104,1 seçim,39,Taş Hasat - 3,2,100,Iron
5,Patlama yolu,bahcivan,standart,104,1 seçim,40,Güçlü Kesim - 3,2,340,Gold
5,Patlama yolu,bahcivan,standart,104,1 seçim,40,Zengin Cevher - 1,2,65,Stone
5,Patlama yolu,bahcivan,standart,104,1 seçim,40,Taş Hasat - 4,1,110,Iron
5,Patlama yolu,bahcivan,standart,104,1 seçim,40,Taş Hasat - 4,2,120,Iron
5,Patlama yolu,bahcivan,standart,104,1 seçim,41,Altın Hasat II - 2,1,350,Gold
5,Patlama yolu,bahcivan,standart,104,1 seçim,42,Akıcı Kesim - 3,1,400,Gold
5,Patlama yolu,bahcivan,standart,104,1 seçim,42,Geniş Tarama - 1,3,260,Gold
5,Patlama yolu,bahcivan,standart,104,1 seçim,42,Zengin Cevher - 1,3,80,Stone
5,Patlama yolu,bahcivan,standart,104,1 seçim,43,Hasat Deneyimi II - 1,1,450,Gold
5,Patlama yolu,bahcivan,standart,104,1 seçim,43,Zengin Cevher - 2,1,95,Stone
5,Patlama yolu,bahcivan,standart,104,1 seçim,44,Kesim Ustalığı - 1,1,560,Iron
5,Patlama yolu,bahcivan,standart,104,1 seçim,44,Hasat Rekoru - 2,2,400,Gold
5,Patlama yolu,bahcivan,standart,104,1 seçim,45,Güçlü Kesim - 4,1,380,Gold
5,Patlama yolu,bahcivan,standart,104,1 seçim,45,Zengin Cevher - 2,2,110,Stone
5,Patlama yolu,bahcivan,standart,104,1 seçim,46,Verimli Üretim - 1,3,320,Iron
5,Patlama yolu,bahcivan,standart,104,1 seçim,46,Altın Hasat II - 2,2,400,Gold
5,Patlama yolu,bahcivan,standart,104,1 seçim,46,Zengin Cevher - 3,1,125,Stone
5,Patlama yolu,bahcivan,standart,104,1 seçim,47,Kritik Odak - 1,1,150,Gold
5,Patlama yolu,bahcivan,standart,104,1 seçim,47,Kritik Odak - 1,2,195,Gold
5,Patlama yolu,bahcivan,standart,104,1 seçim,48,Kesim Ustalığı - 1,2,720,Iron
5,Patlama yolu,bahcivan,standart,104,1 seçim,48,Zengin Cevher - 3,2,140,Stone
5,Patlama yolu,bahcivan,standart,104,1 seçim,49,Kritik Odak - 1,3,240,Gold
5,Patlama yolu,bahcivan,standart,104,1 seçim,49,Kritik Odak - 2,1,290,Gold
6,Elektrik yolu,bahcivan,standart,100,1 seçim,1,Keskin Başlangıç - 1,1,5,Gold
6,Elektrik yolu,bahcivan,standart,100,1 seçim,2,Keskin Başlangıç - 1,2,7,Gold
6,Elektrik yolu,bahcivan,standart,100,1 seçim,2,Altın Hasat I - 1,1,7,Gold
6,Elektrik yolu,bahcivan,standart,100,1 seçim,3,Düzenli Üretim - 1,1,6,Gold
6,Elektrik yolu,bahcivan,standart,100,1 seçim,3,Keskin Başlangıç - 1,3,8,Gold
6,Elektrik yolu,bahcivan,standart,100,1 seçim,3,Hızlı Eller - 1,1,7,Gold
6,Elektrik yolu,bahcivan,standart,100,1 seçim,3,Hasat Deneyimi I - 1,1,6,Gold
6,Elektrik yolu,bahcivan,standart,100,1 seçim,5,Grid Genişleme I,1,30,Gold
6,Elektrik yolu,bahcivan,standart,100,1 seçim,5,Altın Hasat I - 1,2,9,Gold
6,Elektrik yolu,bahcivan,standart,100,1 seçim,6,Keskin Başlangıç - 2,1,10,Gold
6,Elektrik yolu,bahcivan,standart,100,1 seçim,6,Düzenli Üretim - 1,2,8,Gold
6,Elektrik yolu,bahcivan,standart,100,1 seçim,6,Hızlı Eller - 1,2,9,Gold
6,Elektrik yolu,bahcivan,standart,100,1 seçim,7,Keskin Başlangıç - 2,2,11,Gold
6,Elektrik yolu,bahcivan,standart,100,1 seçim,7,Altın Hasat I - 1,3,11,Gold
6,Elektrik yolu,bahcivan,standart,100,1 seçim,8,1×3 Saksı,1,30,Gold
6,Elektrik yolu,bahcivan,standart,100,1 seçim,8,Keskin Başlangıç - 3,1,13,Gold
6,Elektrik yolu,bahcivan,standart,100,1 seçim,9,Düzenli Üretim - 1,3,10,Gold
6,Elektrik yolu,bahcivan,standart,100,1 seçim,9,Hızlı Eller - 1,3,11,Gold
6,Elektrik yolu,bahcivan,standart,100,1 seçim,9,Altın Hasat I - 2,1,13,Gold
6,Elektrik yolu,bahcivan,standart,100,1 seçim,10,Keskin Başlangıç - 3,2,14,Gold
6,Elektrik yolu,bahcivan,standart,100,1 seçim,11,Kesim Tekniği - 1,1,25,Gold
6,Elektrik yolu,bahcivan,standart,100,1 seçim,11,Hızlı Eller - 2,1,12,Gold
6,Elektrik yolu,bahcivan,standart,100,1 seçim,11,Grid Genişleme I,2,30,Iron
6,Elektrik yolu,bahcivan,standart,100,1 seçim,12,Altın Hasat I - 2,2,16,Gold
6,Elektrik yolu,bahcivan,standart,100,1 seçim,12,Düzenli Üretim - 2,1,12,Gold
6,Elektrik yolu,bahcivan,standart,100,1 seçim,13,Hasat Deneyimi I - 1,2,8,Gold
6,Elektrik yolu,bahcivan,standart,100,1 seçim,13,Keskin Başlangıç - 4,1,16,Gold
6,Elektrik yolu,bahcivan,standart,100,1 seçim,13,Hızlı Eller - 2,2,14,Gold
6,Elektrik yolu,bahcivan,standart,100,1 seçim,14,Kesim Tekniği - 1,2,35,Gold
6,Elektrik yolu,bahcivan,standart,100,1 seçim,14,Altın Hasat I - 3,1,18,Gold
6,Elektrik yolu,bahcivan,standart,100,1 seçim,14,Hasat Deneyimi I - 1,3,10,Gold
6,Elektrik yolu,bahcivan,standart,100,1 seçim,15,Keskin Başlangıç - 4,2,17,Gold
6,Elektrik yolu,bahcivan,standart,100,1 seçim,15,Düzenli Üretim - 2,2,13,Gold
6,Elektrik yolu,bahcivan,standart,100,1 seçim,15,Hızlı Eller - 3,1,16,Gold
6,Elektrik yolu,bahcivan,standart,100,1 seçim,15,Hasat Deneyimi I - 2,1,12,Gold
6,Elektrik yolu,bahcivan,standart,100,1 seçim,16,2×2 Saksı,1,80,Gold
6,Elektrik yolu,bahcivan,standart,100,1 seçim,16,Çifte Hasat Kartları,1,25,Iron
6,Elektrik yolu,bahcivan,standart,100,1 seçim,17,Altın Hasat I - 3,2,20,Gold
6,Elektrik yolu,bahcivan,standart,100,1 seçim,17,Kesim Tekniği - 1,3,40,Gold
6,Elektrik yolu,bahcivan,standart,100,1 seçim,17,Demir Hasat - 1,1,25,Gold
6,Elektrik yolu,bahcivan,standart,100,1 seçim,18,Hızlı Eller - 3,2,18,Gold
6,Elektrik yolu,bahcivan,standart,100,1 seçim,18,Düzenli Üretim - 3,1,15,Gold
6,Elektrik yolu,bahcivan,standart,100,1 seçim,18,Altın Hasat I - 4,1,22,Gold
6,Elektrik yolu,bahcivan,standart,100,1 seçim,18,Geniş Süpürüş - 1,1,21,Gold
6,Elektrik yolu,bahcivan,standart,100,1 seçim,19,Kesim Tekniği - 2,1,50,Gold
6,Elektrik yolu,bahcivan,standart,100,1 seçim,19,Hasat Deneyimi I - 2,2,14,Gold
6,Elektrik yolu,bahcivan,standart,100,1 seçim,19,Hızlı Eller - 4,1,20,Gold
6,Elektrik yolu,bahcivan,standart,100,1 seçim,20,Altın Hasat I - 4,2,24,Gold
6,Elektrik yolu,bahcivan,standart,100,1 seçim,21,Demir Hasat - 1,2,35,Gold
6,Elektrik yolu,bahcivan,standart,100,1 seçim,21,Düzenli Üretim - 3,2,17,Gold
6,Elektrik yolu,bahcivan,standart,100,1 seçim,21,Geniş Süpürüş - 1,2,28,Gold
6,Elektrik yolu,bahcivan,standart,100,1 seçim,21,Hasat Deneyimi I - 3,1,16,Gold
6,Elektrik yolu,bahcivan,standart,100,1 seçim,22,Hızlı Eller - 4,2,22,Gold
6,Elektrik yolu,bahcivan,standart,100,1 seçim,22,Düzenli Üretim - 4,1,19,Gold
6,Elektrik yolu,bahcivan,standart,100,1 seçim,22,Hasat Deneyimi I - 3,2,18,Gold
6,Elektrik yolu,bahcivan,standart,100,1 seçim,22,Düzenli Üretim - 4,2,21,Gold
6,Elektrik yolu,bahcivan,standart,100,1 seçim,23,Hasat Deneyimi I - 4,1,20,Gold
6,Elektrik yolu,bahcivan,standart,100,1 seçim,23,Hasat Deneyimi I - 4,2,21,Gold
6,Elektrik yolu,bahcivan,standart,100,1 seçim,24,Güçlü Kesim - 1,1,120,Gold
7,Elektrik yolu,bahcivan,standart,101,1 seçim,1,Keskin Başlangıç - 1,1,5,Gold
7,Elektrik yolu,bahcivan,standart,101,1 seçim,2,Keskin Başlangıç - 1,2,7,Gold
7,Elektrik yolu,bahcivan,standart,101,1 seçim,2,Altın Hasat I - 1,1,7,Gold
7,Elektrik yolu,bahcivan,standart,101,1 seçim,3,Düzenli Üretim - 1,1,6,Gold
7,Elektrik yolu,bahcivan,standart,101,1 seçim,4,Keskin Başlangıç - 1,3,8,Gold
7,Elektrik yolu,bahcivan,standart,101,1 seçim,4,Grid Genişleme I,1,30,Gold
7,Elektrik yolu,bahcivan,standart,101,1 seçim,5,Hızlı Eller - 1,1,7,Gold
7,Elektrik yolu,bahcivan,standart,101,1 seçim,6,Altın Hasat I - 1,2,9,Gold
7,Elektrik yolu,bahcivan,standart,101,1 seçim,6,Keskin Başlangıç - 2,1,10,Gold
7,Elektrik yolu,bahcivan,standart,101,1 seçim,6,Düzenli Üretim - 1,2,8,Gold
7,Elektrik yolu,bahcivan,standart,101,1 seçim,6,Hızlı Eller - 1,2,9,Gold
7,Elektrik yolu,bahcivan,standart,101,1 seçim,7,Keskin Başlangıç - 2,2,11,Gold
7,Elektrik yolu,bahcivan,standart,101,1 seçim,7,Altın Hasat I - 1,3,11,Gold
7,Elektrik yolu,bahcivan,standart,101,1 seçim,8,1×3 Saksı,1,30,Gold
7,Elektrik yolu,bahcivan,standart,101,1 seçim,9,Keskin Başlangıç - 3,1,13,Gold
7,Elektrik yolu,bahcivan,standart,101,1 seçim,9,Düzenli Üretim - 1,3,10,Gold
7,Elektrik yolu,bahcivan,standart,101,1 seçim,9,Hızlı Eller - 1,3,11,Gold
7,Elektrik yolu,bahcivan,standart,101,1 seçim,9,Hasat Deneyimi I - 1,1,6,Gold
7,Elektrik yolu,bahcivan,standart,101,1 seçim,10,Altın Hasat I - 2,1,13,Gold
7,Elektrik yolu,bahcivan,standart,101,1 seçim,11,Keskin Başlangıç - 3,2,14,Gold
7,Elektrik yolu,bahcivan,standart,101,1 seçim,11,Kesim Tekniği - 1,1,25,Gold
7,Elektrik yolu,bahcivan,standart,101,1 seçim,11,Hızlı Eller - 2,1,12,Gold
7,Elektrik yolu,bahcivan,standart,101,1 seçim,11,Grid Genişleme I,2,30,Iron
7,Elektrik yolu,bahcivan,standart,101,1 seçim,12,Altın Hasat I - 2,2,16,Gold
7,Elektrik yolu,bahcivan,standart,101,1 seçim,12,Düzenli Üretim - 2,1,12,Gold
7,Elektrik yolu,bahcivan,standart,101,1 seçim,12,Hasat Deneyimi I - 1,2,8,Gold
7,Elektrik yolu,bahcivan,standart,101,1 seçim,12,Keskin Başlangıç - 4,1,16,Gold
7,Elektrik yolu,bahcivan,standart,101,1 seçim,13,Hızlı Eller - 2,2,14,Gold
7,Elektrik yolu,bahcivan,standart,101,1 seçim,13,Kesim Tekniği - 1,2,35,Gold
7,Elektrik yolu,bahcivan,standart,101,1 seçim,14,Altın Hasat I - 3,1,18,Gold
7,Elektrik yolu,bahcivan,standart,101,1 seçim,14,Keskin Başlangıç - 4,2,17,Gold
7,Elektrik yolu,bahcivan,standart,101,1 seçim,14,Hasat Deneyimi I - 1,3,10,Gold
7,Elektrik yolu,bahcivan,standart,101,1 seçim,14,Düzenli Üretim - 2,2,13,Gold
7,Elektrik yolu,bahcivan,standart,101,1 seçim,14,Hızlı Eller - 3,1,16,Gold
7,Elektrik yolu,bahcivan,standart,101,1 seçim,14,Hasat Deneyimi I - 2,1,12,Gold
7,Elektrik yolu,bahcivan,standart,101,1 seçim,15,Altın Hasat I - 3,2,20,Gold
7,Elektrik yolu,bahcivan,standart,101,1 seçim,15,Hızlı Eller - 3,2,18,Gold
7,Elektrik yolu,bahcivan,standart,101,1 seçim,15,Düzenli Üretim - 3,1,15,Gold
7,Elektrik yolu,bahcivan,standart,101,1 seçim,16,2×2 Saksı,1,80,Gold
7,Elektrik yolu,bahcivan,standart,101,1 seçim,16,Çifte Hasat Kartları,1,25,Iron
7,Elektrik yolu,bahcivan,standart,101,1 seçim,17,Kesim Tekniği - 1,3,40,Gold
7,Elektrik yolu,bahcivan,standart,101,1 seçim,17,Demir Hasat - 1,1,25,Gold
7,Elektrik yolu,bahcivan,standart,101,1 seçim,18,Altın Hasat I - 4,1,22,Gold
7,Elektrik yolu,bahcivan,standart,101,1 seçim,18,Geniş Süpürüş - 1,1,21,Gold
7,Elektrik yolu,bahcivan,standart,101,1 seçim,18,Kesim Tekniği - 2,1,50,Gold
7,Elektrik yolu,bahcivan,standart,101,1 seçim,19,Hasat Deneyimi I - 2,2,14,Gold
7,Elektrik yolu,bahcivan,standart,101,1 seçim,19,Hızlı Eller - 4,1,20,Gold
7,Elektrik yolu,bahcivan,standart,101,1 seçim,19,Altın Hasat I - 4,2,24,Gold
7,Elektrik yolu,bahcivan,standart,101,1 seçim,20,Demir Hasat - 1,2,35,Gold
7,Elektrik yolu,bahcivan,standart,101,1 seçim,20,Düzenli Üretim - 3,2,17,Gold
7,Elektrik yolu,bahcivan,standart,101,1 seçim,20,Geniş Süpürüş - 1,2,28,Gold
7,Elektrik yolu,bahcivan,standart,101,1 seçim,21,Hızlı Eller - 4,2,22,Gold
7,Elektrik yolu,bahcivan,standart,101,1 seçim,21,Hasat Deneyimi I - 3,1,16,Gold
7,Elektrik yolu,bahcivan,standart,101,1 seçim,21,Düzenli Üretim - 4,1,19,Gold
7,Elektrik yolu,bahcivan,standart,101,1 seçim,21,Hasat Deneyimi I - 3,2,18,Gold
7,Elektrik yolu,bahcivan,standart,101,1 seçim,21,Düzenli Üretim - 4,2,21,Gold
7,Elektrik yolu,bahcivan,standart,101,1 seçim,22,Hasat Deneyimi I - 4,1,20,Gold
7,Elektrik yolu,bahcivan,standart,101,1 seçim,22,Hasat Deneyimi I - 4,2,21,Gold
7,Elektrik yolu,bahcivan,standart,101,1 seçim,24,Güçlü Kesim - 1,1,120,Gold
7,Elektrik yolu,bahcivan,standart,101,1 seçim,25,Kesim Tekniği - 2,2,55,Gold
7,Elektrik yolu,bahcivan,standart,101,1 seçim,25,Demir Hasat - 1,3,40,Gold
7,Elektrik yolu,bahcivan,standart,101,1 seçim,26,Geniş Süpürüş - 1,3,35,Gold
7,Elektrik yolu,bahcivan,standart,101,1 seçim,26,Geniş Süpürüş - 2,1,40,Gold
7,Elektrik yolu,bahcivan,standart,101,1 seçim,26,Demir Hasat - 2,1,50,Gold
7,Elektrik yolu,bahcivan,standart,101,1 seçim,26,Taş Hasat - 1,1,35,Iron
7,Elektrik yolu,bahcivan,standart,101,1 seçim,27,2×3 Saksı,1,200,Gold
7,Elektrik yolu,bahcivan,standart,101,1 seçim,28,İlk Vazgeçiş,1,150,Gold
7,Elektrik yolu,bahcivan,standart,101,1 seçim,29,Kesim Tekniği - 3,1,65,Gold
7,Elektrik yolu,bahcivan,standart,101,1 seçim,29,Geniş Süpürüş - 2,2,45,Gold
7,Elektrik yolu,bahcivan,standart,101,1 seçim,29,Taş Hasat - 1,2,45,Iron
7,Elektrik yolu,bahcivan,standart,101,1 seçim,30,Hasat Rekoru - 1,1,180,Gold
7,Elektrik yolu,bahcivan,standart,101,1 seçim,31,Güçlü Kesim - 1,2,160,Gold
7,Elektrik yolu,bahcivan,standart,101,1 seçim,32,Akıcı Kesim - 1,1,160,Gold
7,Elektrik yolu,bahcivan,standart,101,1 seçim,32,Kesim Tekniği - 3,2,70,Gold
7,Elektrik yolu,bahcivan,standart,101,1 seçim,32,Verimli Üretim - 1,1,200,Iron
7,Elektrik yolu,bahcivan,standart,101,1 seçim,33,Güçlü Kesim - 1,3,195,Gold
7,Elektrik yolu,bahcivan,standart,101,1 seçim,33,Taş Hasat - 1,3,55,Iron
7,Elektrik yolu,bahcivan,standart,101,1 seçim,34,Akıcı Kesim - 1,2,210,Gold
7,Elektrik yolu,bahcivan,standart,101,1 seçim,34,Hasat Rekoru - 1,2,240,Gold
7,Elektrik yolu,bahcivan,standart,101,1 seçim,34,Kesim Tekniği - 4,1,80,Gold
7,Elektrik yolu,bahcivan,standart,101,1 seçim,35,Demir Hasat - 2,2,55,Gold
7,Elektrik yolu,bahcivan,standart,101,1 seçim,35,Geniş Süpürüş - 3,1,55,Gold
7,Elektrik yolu,bahcivan,standart,101,1 seçim,35,Nadir Filizler - 1,1,230,Iron
7,Elektrik yolu,bahcivan,standart,101,1 seçim,35,Taş Hasat - 2,1,65,Iron
7,Elektrik yolu,bahcivan,standart,101,1 seçim,36,Güçlü Kesim - 2,1,230,Gold
7,Elektrik yolu,bahcivan,standart,101,1 seçim,37,Altın Hasat II - 1,1,180,Gold
7,Elektrik yolu,bahcivan,standart,101,1 seçim,37,Kesim Tekniği - 4,2,85,Gold
7,Elektrik yolu,bahcivan,standart,101,1 seçim,37,Demir Hasat - 3,1,65,Gold
7,Elektrik yolu,bahcivan,standart,101,1 seçim,37,Geniş Süpürüş - 3,2,60,Gold
7,Elektrik yolu,bahcivan,standart,101,1 seçim,37,Grid Genişleme II,1,100,Stone
7,Elektrik yolu,bahcivan,standart,101,1 seçim,37,Verimli Üretim - 1,2,260,Iron
7,Elektrik yolu,bahcivan,standart,101,1 seçim,37,Geniş Süpürüş - 4,1,65,Gold
7,Elektrik yolu,bahcivan,standart,101,1 seçim,38,Akıcı Kesim - 1,3,260,Gold
7,Elektrik yolu,bahcivan,standart,101,1 seçim,38,Zengin Cevher - 1,1,50,Stone
7,Elektrik yolu,bahcivan,standart,101,1 seçim,39,Nadir Filizler - 1,2,300,Iron
7,Elektrik yolu,bahcivan,standart,101,1 seçim,39,Demir Hasat - 3,2,70,Gold
7,Elektrik yolu,bahcivan,standart,101,1 seçim,39,Geniş Süpürüş - 4,2,70,Gold
7,Elektrik yolu,bahcivan,standart,101,1 seçim,40,Taş Hasat - 2,2,80,Iron
7,Elektrik yolu,bahcivan,standart,101,1 seçim,40,Zengin Cevher - 1,2,65,Stone
7,Elektrik yolu,bahcivan,standart,101,1 seçim,41,Hasat Rekoru - 1,3,290,Gold
7,Elektrik yolu,bahcivan,standart,101,1 seçim,42,Güçlü Kesim - 2,2,270,Gold
7,Elektrik yolu,bahcivan,standart,101,1 seçim,42,Taş Hasat - 3,1,90,Iron
7,Elektrik yolu,bahcivan,standart,101,1 seçim,42,Taş Hasat - 3,2,100,Iron
7,Elektrik yolu,bahcivan,standart,101,1 seçim,42,Zengin Cevher - 1,3,80,Stone
7,Elektrik yolu,bahcivan,standart,101,1 seçim,42,Taş Hasat - 4,1,110,Iron
7,Elektrik yolu,bahcivan,standart,101,1 seçim,43,Zengin Cevher - 2,1,95,Stone
7,Elektrik yolu,bahcivan,standart,101,1 seçim,44,Altın Hasat II - 1,2,240,Gold
7,Elektrik yolu,bahcivan,standart,101,1 seçim,44,Taş Hasat - 4,2,120,Iron
7,Elektrik yolu,bahcivan,standart,101,1 seçim,45,Akıcı Kesim - 2,1,310,Gold
7,Elektrik yolu,bahcivan,standart,101,1 seçim,45,Geniş Tarama - 1,1,160,Gold
7,Elektrik yolu,bahcivan,standart,101,1 seçim,45,Zengin Cevher - 2,2,110,Stone
7,Elektrik yolu,bahcivan,standart,101,1 seçim,46,Kesim Ustalığı - 1,1,560,Iron
7,Elektrik yolu,bahcivan,standart,101,1 seçim,46,Güçlü Kesim - 3,1,300,Gold
7,Elektrik yolu,bahcivan,standart,101,1 seçim,47,Altın Hasat II - 1,3,290,Gold
7,Elektrik yolu,bahcivan,standart,101,1 seçim,47,Hasat Rekoru - 2,1,350,Gold
7,Elektrik yolu,bahcivan,standart,101,1 seçim,47,Verimli Üretim - 1,3,320,Iron
7,Elektrik yolu,bahcivan,standart,101,1 seçim,47,Zengin Cevher - 3,1,125,Stone
7,Elektrik yolu,bahcivan,standart,101,1 seçim,48,Akıcı Kesim - 2,2,360,Gold
7,Elektrik yolu,bahcivan,standart,101,1 seçim,48,Zengin Cevher - 3,2,140,Stone
7,Elektrik yolu,bahcivan,standart,101,1 seçim,49,Geniş Tarama - 1,2,210,Gold
7,Elektrik yolu,bahcivan,standart,101,1 seçim,49,Demir Hasat - 4,1,80,Gold
7,Elektrik yolu,bahcivan,standart,101,1 seçim,49,Demir Hasat - 4,2,85,Gold
7,Elektrik yolu,bahcivan,standart,101,1 seçim,49,Zengin Cevher - 4,1,155,Stone
8,Elektrik yolu,bahcivan,standart,102,1 seçim,1,Keskin Başlangıç - 1,1,5,Gold
8,Elektrik yolu,bahcivan,standart,102,1 seçim,1,Keskin Başlangıç - 1,2,7,Gold
8,Elektrik yolu,bahcivan,standart,102,1 seçim,3,Altın Hasat I - 1,1,7,Gold
8,Elektrik yolu,bahcivan,standart,102,1 seçim,3,Düzenli Üretim - 1,1,6,Gold
8,Elektrik yolu,bahcivan,standart,102,1 seçim,4,Keskin Başlangıç - 1,3,8,Gold
8,Elektrik yolu,bahcivan,standart,102,1 seçim,4,Hızlı Eller - 1,1,7,Gold
8,Elektrik yolu,bahcivan,standart,102,1 seçim,4,Hasat Deneyimi I - 1,1,6,Gold
8,Elektrik yolu,bahcivan,standart,102,1 seçim,5,Grid Genişleme I,1,30,Gold
8,Elektrik yolu,bahcivan,standart,102,1 seçim,5,Altın Hasat I - 1,2,9,Gold
8,Elektrik yolu,bahcivan,standart,102,1 seçim,5,Keskin Başlangıç - 2,1,10,Gold
8,Elektrik yolu,bahcivan,standart,102,1 seçim,5,Düzenli Üretim - 1,2,8,Gold
8,Elektrik yolu,bahcivan,standart,102,1 seçim,5,Hızlı Eller - 1,2,9,Gold
8,Elektrik yolu,bahcivan,standart,102,1 seçim,7,Keskin Başlangıç - 2,2,11,Gold
8,Elektrik yolu,bahcivan,standart,102,1 seçim,7,Altın Hasat I - 1,3,11,Gold
8,Elektrik yolu,bahcivan,standart,102,1 seçim,8,1×3 Saksı,1,30,Gold
8,Elektrik yolu,bahcivan,standart,102,1 seçim,8,Keskin Başlangıç - 3,1,13,Gold
8,Elektrik yolu,bahcivan,standart,102,1 seçim,8,Düzenli Üretim - 1,3,10,Gold
8,Elektrik yolu,bahcivan,standart,102,1 seçim,9,Hızlı Eller - 1,3,11,Gold
8,Elektrik yolu,bahcivan,standart,102,1 seçim,9,Altın Hasat I - 2,1,13,Gold
8,Elektrik yolu,bahcivan,standart,102,1 seçim,9,Keskin Başlangıç - 3,2,14,Gold
8,Elektrik yolu,bahcivan,standart,102,1 seçim,10,Kesim Tekniği - 1,1,25,Gold
8,Elektrik yolu,bahcivan,standart,102,1 seçim,10,Hızlı Eller - 2,1,12,Gold
8,Elektrik yolu,bahcivan,standart,102,1 seçim,11,Altın Hasat I - 2,2,16,Gold
8,Elektrik yolu,bahcivan,standart,102,1 seçim,11,Düzenli Üretim - 2,1,12,Gold
8,Elektrik yolu,bahcivan,standart,102,1 seçim,11,Hasat Deneyimi I - 1,2,8,Gold
8,Elektrik yolu,bahcivan,standart,102,1 seçim,11,Keskin Başlangıç - 4,1,16,Gold
8,Elektrik yolu,bahcivan,standart,102,1 seçim,11,Hızlı Eller - 2,2,14,Gold
8,Elektrik yolu,bahcivan,standart,102,1 seçim,11,Grid Genişleme I,2,30,Iron
8,Elektrik yolu,bahcivan,standart,102,1 seçim,12,Kesim Tekniği - 1,2,35,Gold
8,Elektrik yolu,bahcivan,standart,102,1 seçim,12,Altın Hasat I - 3,1,18,Gold
8,Elektrik yolu,bahcivan,standart,102,1 seçim,12,Keskin Başlangıç - 4,2,17,Gold
8,Elektrik yolu,bahcivan,standart,102,1 seçim,12,Hasat Deneyimi I - 1,3,10,Gold
8,Elektrik yolu,bahcivan,standart,102,1 seçim,13,2×2 Saksı,1,80,Gold
8,Elektrik yolu,bahcivan,standart,102,1 seçim,13,Düzenli Üretim - 2,2,13,Gold
8,Elektrik yolu,bahcivan,standart,102,1 seçim,13,Çifte Hasat Kartları,1,25,Iron
8,Elektrik yolu,bahcivan,standart,102,1 seçim,14,Hızlı Eller - 3,1,16,Gold
8,Elektrik yolu,bahcivan,standart,102,1 seçim,14,Altın Hasat I - 3,2,20,Gold
8,Elektrik yolu,bahcivan,standart,102,1 seçim,14,Kesim Tekniği - 1,3,40,Gold
8,Elektrik yolu,bahcivan,standart,102,1 seçim,14,Hasat Deneyimi I - 2,1,12,Gold
8,Elektrik yolu,bahcivan,standart,102,1 seçim,15,Demir Hasat - 1,1,25,Gold
8,Elektrik yolu,bahcivan,standart,102,1 seçim,15,Hızlı Eller - 3,2,18,Gold
8,Elektrik yolu,bahcivan,standart,102,1 seçim,15,Düzenli Üretim - 3,1,15,Gold
8,Elektrik yolu,bahcivan,standart,102,1 seçim,15,Altın Hasat I - 4,1,22,Gold
8,Elektrik yolu,bahcivan,standart,102,1 seçim,15,Geniş Süpürüş - 1,1,21,Gold
8,Elektrik yolu,bahcivan,standart,102,1 seçim,16,Kesim Tekniği - 2,1,50,Gold
8,Elektrik yolu,bahcivan,standart,102,1 seçim,16,Hasat Deneyimi I - 2,2,14,Gold
8,Elektrik yolu,bahcivan,standart,102,1 seçim,16,Hızlı Eller - 4,1,20,Gold
8,Elektrik yolu,bahcivan,standart,102,1 seçim,17,Altın Hasat I - 4,2,24,Gold
8,Elektrik yolu,bahcivan,standart,102,1 seçim,17,Demir Hasat - 1,2,35,Gold
8,Elektrik yolu,bahcivan,standart,102,1 seçim,17,Düzenli Üretim - 3,2,17,Gold
8,Elektrik yolu,bahcivan,standart,102,1 seçim,17,Geniş Süpürüş - 1,2,28,Gold
8,Elektrik yolu,bahcivan,standart,102,1 seçim,17,Hızlı Eller - 4,2,22,Gold
8,Elektrik yolu,bahcivan,standart,102,1 seçim,17,Hasat Deneyimi I - 3,1,16,Gold
8,Elektrik yolu,bahcivan,standart,102,1 seçim,17,Düzenli Üretim - 4,1,19,Gold
8,Elektrik yolu,bahcivan,standart,102,1 seçim,17,Hasat Deneyimi I - 3,2,18,Gold
8,Elektrik yolu,bahcivan,standart,102,1 seçim,17,Düzenli Üretim - 4,2,21,Gold
8,Elektrik yolu,bahcivan,standart,102,1 seçim,18,Güçlü Kesim - 1,1,120,Gold
8,Elektrik yolu,bahcivan,standart,102,1 seçim,18,Kesim Tekniği - 2,2,55,Gold
8,Elektrik yolu,bahcivan,standart,102,1 seçim,18,Hasat Deneyimi I - 4,1,20,Gold
8,Elektrik yolu,bahcivan,standart,102,1 seçim,19,Demir Hasat - 1,3,40,Gold
8,Elektrik yolu,bahcivan,standart,102,1 seçim,19,Geniş Süpürüş - 1,3,35,Gold
8,Elektrik yolu,bahcivan,standart,102,1 seçim,19,Geniş Süpürüş - 2,1,40,Gold
8,Elektrik yolu,bahcivan,standart,102,1 seçim,19,Hasat Deneyimi I - 4,2,21,Gold
8,Elektrik yolu,bahcivan,standart,102,1 seçim,19,Taş Hasat - 1,1,35,Iron
8,Elektrik yolu,bahcivan,standart,102,1 seçim,20,Demir Hasat - 2,1,50,Gold
8,Elektrik yolu,bahcivan,standart,102,1 seçim,20,Geniş Süpürüş - 2,2,45,Gold
8,Elektrik yolu,bahcivan,standart,102,1 seçim,21,2×3 Saksı,1,200,Gold
8,Elektrik yolu,bahcivan,standart,102,1 seçim,21,İlk Vazgeçiş,1,150,Gold
8,Elektrik yolu,bahcivan,standart,102,1 seçim,21,Kesim Tekniği - 3,1,65,Gold
8,Elektrik yolu,bahcivan,standart,102,1 seçim,21,Taş Hasat - 1,2,45,Iron
8,Elektrik yolu,bahcivan,standart,102,1 seçim,22,Hasat Rekoru - 1,1,180,Gold
8,Elektrik yolu,bahcivan,standart,102,1 seçim,22,Güçlü Kesim - 1,2,160,Gold
8,Elektrik yolu,bahcivan,standart,102,1 seçim,23,Akıcı Kesim - 1,1,160,Gold
8,Elektrik yolu,bahcivan,standart,102,1 seçim,23,Kesim Tekniği - 3,2,70,Gold
8,Elektrik yolu,bahcivan,standart,102,1 seçim,23,Güçlü Kesim - 1,3,195,Gold
8,Elektrik yolu,bahcivan,standart,102,1 seçim,23,Verimli Üretim - 1,1,200,Iron
8,Elektrik yolu,bahcivan,standart,102,1 seçim,23,Taş Hasat - 1,3,55,Iron
8,Elektrik yolu,bahcivan,standart,102,1 seçim,24,Akıcı Kesim - 1,2,210,Gold
8,Elektrik yolu,bahcivan,standart,102,1 seçim,24,Hasat Rekoru - 1,2,240,Gold
8,Elektrik yolu,bahcivan,standart,102,1 seçim,24,Kesim Tekniği - 4,1,80,Gold
8,Elektrik yolu,bahcivan,standart,102,1 seçim,24,Demir Hasat - 2,2,55,Gold
8,Elektrik yolu,bahcivan,standart,102,1 seçim,24,Geniş Süpürüş - 3,1,55,Gold
8,Elektrik yolu,bahcivan,standart,102,1 seçim,24,Nadir Filizler - 1,1,230,Iron
8,Elektrik yolu,bahcivan,standart,102,1 seçim,25,Güçlü Kesim - 2,1,230,Gold
8,Elektrik yolu,bahcivan,standart,102,1 seçim,25,Altın Hasat II - 1,1,180,Gold
8,Elektrik yolu,bahcivan,standart,102,1 seçim,25,Taş Hasat - 2,1,65,Iron
8,Elektrik yolu,bahcivan,standart,102,1 seçim,26,Kesim Tekniği - 4,2,85,Gold
8,Elektrik yolu,bahcivan,standart,102,1 seçim,26,Akıcı Kesim - 1,3,260,Gold
8,Elektrik yolu,bahcivan,standart,102,1 seçim,26,Demir Hasat - 3,1,65,Gold
8,Elektrik yolu,bahcivan,standart,102,1 seçim,26,Geniş Süpürüş - 3,2,60,Gold
8,Elektrik yolu,bahcivan,standart,102,1 seçim,26,Grid Genişleme II,1,100,Stone
8,Elektrik yolu,bahcivan,standart,102,1 seçim,26,Verimli Üretim - 1,2,260,Iron
8,Elektrik yolu,bahcivan,standart,102,1 seçim,26,Geniş Süpürüş - 4,1,65,Gold
8,Elektrik yolu,bahcivan,standart,102,1 seçim,26,Demir Hasat - 3,2,70,Gold
8,Elektrik yolu,bahcivan,standart,102,1 seçim,26,Zengin Cevher - 1,1,50,Stone
8,Elektrik yolu,bahcivan,standart,102,1 seçim,27,Hasat Rekoru - 1,3,290,Gold
8,Elektrik yolu,bahcivan,standart,102,1 seçim,27,Nadir Filizler - 1,2,300,Iron
8,Elektrik yolu,bahcivan,standart,102,1 seçim,27,Taş Hasat - 2,2,80,Iron
8,Elektrik yolu,bahcivan,standart,102,1 seçim,27,Taş Hasat - 3,1,90,Iron
8,Elektrik yolu,bahcivan,standart,102,1 seçim,27,Zengin Cevher - 1,2,65,Stone
8,Elektrik yolu,bahcivan,standart,102,1 seçim,28,Güçlü Kesim - 2,2,270,Gold
8,Elektrik yolu,bahcivan,standart,102,1 seçim,28,Altın Hasat II - 1,2,240,Gold
8,Elektrik yolu,bahcivan,standart,102,1 seçim,28,Taş Hasat - 3,2,100,Iron
8,Elektrik yolu,bahcivan,standart,102,1 seçim,29,Akıcı Kesim - 2,1,310,Gold
8,Elektrik yolu,bahcivan,standart,102,1 seçim,29,Geniş Tarama - 1,1,160,Gold
8,Elektrik yolu,bahcivan,standart,102,1 seçim,29,Kesim Ustalığı - 1,1,560,Iron
8,Elektrik yolu,bahcivan,standart,102,1 seçim,29,Geniş Süpürüş - 4,2,70,Gold
8,Elektrik yolu,bahcivan,standart,102,1 seçim,29,Zengin Cevher - 1,3,80,Stone
8,Elektrik yolu,bahcivan,standart,102,1 seçim,30,Güçlü Kesim - 3,1,300,Gold
8,Elektrik yolu,bahcivan,standart,102,1 seçim,30,Altın Hasat II - 1,3,290,Gold
8,Elektrik yolu,bahcivan,standart,102,1 seçim,30,Hasat Rekoru - 2,1,350,Gold
8,Elektrik yolu,bahcivan,standart,102,1 seçim,30,Verimli Üretim - 1,3,320,Iron
8,Elektrik yolu,bahcivan,standart,102,1 seçim,30,Demir Hasat - 4,1,80,Gold
8,Elektrik yolu,bahcivan,standart,102,1 seçim,30,Demir Hasat - 4,2,85,Gold
8,Elektrik yolu,bahcivan,standart,102,1 seçim,30,Taş Hasat - 4,1,110,Iron
8,Elektrik yolu,bahcivan,standart,102,1 seçim,31,Akıcı Kesim - 2,2,360,Gold
8,Elektrik yolu,bahcivan,standart,102,1 seçim,31,Geniş Tarama - 1,2,210,Gold
8,Elektrik yolu,bahcivan,standart,102,1 seçim,31,Güçlü Kesim - 3,2,340,Gold
8,Elektrik yolu,bahcivan,standart,102,1 seçim,31,Altın Hasat II - 2,1,350,Gold
8,Elektrik yolu,bahcivan,standart,102,1 seçim,31,Zengin Cevher - 2,1,95,Stone
8,Elektrik yolu,bahcivan,standart,102,1 seçim,31,Taş Hasat - 4,2,120,Iron
8,Elektrik yolu,bahcivan,standart,102,1 seçim,32,Kesim Ustalığı - 1,2,720,Iron
8,Elektrik yolu,bahcivan,standart,102,1 seçim,32,Nadir Filizler - 1,3,360,Iron
8,Elektrik yolu,bahcivan,standart,102,1 seçim,32,Akıcı Kesim - 3,1,400,Gold
8,Elektrik yolu,bahcivan,standart,102,1 seçim,32,Geniş Tarama - 1,3,260,Gold
8,Elektrik yolu,bahcivan,standart,102,1 seçim,32,Hasat Deneyimi II - 1,1,450,Gold
8,Elektrik yolu,bahcivan,standart,102,1 seçim,33,Hasat Rekoru - 2,2,400,Gold
8,Elektrik yolu,bahcivan,standart,102,1 seçim,33,Güçlü Kesim - 4,1,380,Gold
8,Elektrik yolu,bahcivan,standart,102,1 seçim,33,Altın Hasat II - 2,2,400,Gold
8,Elektrik yolu,bahcivan,standart,102,1 seçim,33,Kritik Odak - 1,1,150,Gold
8,Elektrik yolu,bahcivan,standart,102,1 seçim,33,Zengin Cevher - 2,2,110,Stone
8,Elektrik yolu,bahcivan,standart,102,1 seçim,34,İkinci Vazgeçiş,1,800,Iron
8,Elektrik yolu,bahcivan,standart,102,1 seçim,34,Verimli Üretim - 2,1,380,Iron
8,Elektrik yolu,bahcivan,standart,102,1 seçim,34,Ağır Kesim - 1,1,1200,Gold
8,Elektrik yolu,bahcivan,standart,102,1 seçim,35,Akıcı Kesim - 3,2,450,Gold
8,Elektrik yolu,bahcivan,standart,102,1 seçim,35,Geniş Tarama - 2,1,310,Gold
8,Elektrik yolu,bahcivan,standart,102,1 seçim,35,Zengin Cevher - 3,1,125,Stone
8,Elektrik yolu,bahcivan,standart,102,1 seçim,36,Kesim Ustalığı - 1,3,890,Iron
8,Elektrik yolu,bahcivan,standart,102,1 seçim,36,Nadir Filizler - 2,1,430,Iron
8,Elektrik yolu,bahcivan,standart,102,1 seçim,36,Kart Sezgisi - 1,1,710,Gold
8,Elektrik yolu,bahcivan,standart,102,1 seçim,36,Verimli Üretim - 2,2,440,Iron
8,Elektrik yolu,bahcivan,standart,102,1 seçim,36,Hasat Deneyimi II - 1,2,590,Gold
8,Elektrik yolu,bahcivan,standart,102,1 seçim,36,Altın Hasat II - 3,1,450,Gold
8,Elektrik yolu,bahcivan,standart,102,1 seçim,37,Güçlü Kesim - 4,2,410,Gold
8,Elektrik yolu,bahcivan,standart,102,1 seçim,37,Ağır Kesim - 1,2,1600,Gold
8,Elektrik yolu,bahcivan,standart,102,1 seçim,37,Zengin Cevher - 3,2,140,Stone
8,Elektrik yolu,bahcivan,standart,102,1 seçim,38,Kesim Ustalığı - 2,1,1100,Iron
8,Elektrik yolu,bahcivan,standart,102,1 seçim,38,Hasat Rekoru - 3,1,450,Gold
8,Elektrik yolu,bahcivan,standart,102,1 seçim,38,Akıcı Kesim - 4,1,500,Gold
8,Elektrik yolu,bahcivan,standart,102,1 seçim,38,Geniş Tarama - 2,2,360,Gold
8,Elektrik yolu,bahcivan,standart,102,1 seçim,38,Nadir Filizler - 2,2,500,Iron
8,Elektrik yolu,bahcivan,standart,102,1 seçim,38,Verimli Üretim - 3,1,510,Iron
8,Elektrik yolu,bahcivan,standart,102,1 seçim,39,Hasat Deneyimi II - 1,3,730,Gold
8,Elektrik yolu,bahcivan,standart,102,1 seçim,39,Kart Sezgisi - 1,2,920,Gold
8,Elektrik yolu,bahcivan,standart,102,1 seçim,39,Altın Hasat II - 3,2,510,Gold
8,Elektrik yolu,bahcivan,standart,102,1 seçim,39,Zengin Cevher - 4,1,155,Stone
8,Elektrik yolu,bahcivan,standart,102,1 seçim,40,Kritik Odak - 1,2,195,Gold
8,Elektrik yolu,bahcivan,standart,102,1 seçim,40,Geniş Tarama - 3,1,400,Gold
8,Elektrik yolu,bahcivan,standart,102,1 seçim,40,Kesim Ustalığı - 2,2,1200,Iron
8,Elektrik yolu,bahcivan,standart,102,1 seçim,40,Verimli Üretim - 3,2,570,Iron
8,Elektrik yolu,bahcivan,standart,102,1 seçim,40,Nadir Filizler - 3,1,570,Iron
8,Elektrik yolu,bahcivan,standart,102,1 seçim,40,Kritik Odak - 1,3,240,Gold
8,Elektrik yolu,bahcivan,standart,102,1 seçim,40,Geniş Tarama - 3,2,450,Gold
8,Elektrik yolu,bahcivan,standart,102,1 seçim,40,Kritik Odak - 2,1,290,Gold
8,Elektrik yolu,bahcivan,standart,102,1 seçim,40,Kritik Güç - 1,1,150,Stone
8,Elektrik yolu,bahcivan,standart,102,1 seçim,41,Ağır Kesim - 1,3,1900,Gold
8,Elektrik yolu,bahcivan,standart,102,1 seçim,41,Akıcı Kesim - 4,2,550,Gold
8,Elektrik yolu,bahcivan,standart,102,1 seçim,41,Kesim Ustalığı - 3,1,1400,Iron
8,Elektrik yolu,bahcivan,standart,102,1 seçim,41,Grid Genişleme II,2,1800,Stone
8,Elektrik yolu,bahcivan,standart,102,1 seçim,41,Zengin Cevher - 4,2,170,Stone
8,Elektrik yolu,bahcivan,standart,102,1 seçim,42,Hasat Deneyimi II - 2,1,860,Gold
8,Elektrik yolu,bahcivan,standart,102,1 seçim,42,Hasat Rekoru - 3,2,510,Gold
8,Elektrik yolu,bahcivan,standart,102,1 seçim,42,Altın Hasat II - 4,1,560,Gold
8,Elektrik yolu,bahcivan,standart,102,1 seçim,42,Verimli Üretim - 4,1,630,Iron
8,Elektrik yolu,bahcivan,standart,102,1 seçim,42,Nadir Filizler - 3,2,640,Iron
8,Elektrik yolu,bahcivan,standart,102,1 seçim,42,Kritik Güç - 1,2,195,Stone
8,Elektrik yolu,bahcivan,standart,102,1 seçim,43,Kart Sezgisi - 1,3,1100,Gold
8,Elektrik yolu,bahcivan,standart,102,1 seçim,43,Ağır Kesim - 2,1,2300,Gold
8,Elektrik yolu,bahcivan,standart,102,1 seçim,43,Kesim Ustalığı - 3,2,1600,Iron
8,Elektrik yolu,bahcivan,standart,102,1 seçim,43,Verimli Üretim - 4,2,690,Iron
8,Elektrik yolu,bahcivan,standart,102,1 seçim,44,Hasat Deneyimi II - 2,2,1000,Gold
8,Elektrik yolu,bahcivan,standart,102,1 seçim,44,Altın Hasat II - 4,2,620,Gold
8,Elektrik yolu,bahcivan,standart,102,1 seçim,44,Kart Sezgisi - 2,1,1300,Gold
8,Elektrik yolu,bahcivan,standart,102,1 seçim,44,Hasat Rekoru - 4,1,560,Gold
8,Elektrik yolu,bahcivan,standart,102,1 seçim,44,Nadir Filizler - 4,1,700,Iron
8,Elektrik yolu,bahcivan,standart,102,1 seçim,44,Kritik Güç - 1,3,240,Stone
8,Elektrik yolu,bahcivan,standart,102,1 seçim,45,Ağır Kesim - 2,2,2700,Gold
8,Elektrik yolu,bahcivan,standart,102,1 seçim,45,Geniş Tarama - 4,1,500,Gold
8,Elektrik yolu,bahcivan,standart,102,1 seçim,45,Kesim Ustalığı - 4,1,1700,Iron
8,Elektrik yolu,bahcivan,standart,102,1 seçim,46,Hasat Deneyimi II - 3,1,1100,Gold
8,Elektrik yolu,bahcivan,standart,102,1 seçim,46,Kritik Odak - 2,2,330,Gold
8,Elektrik yolu,bahcivan,standart,102,1 seçim,46,Geniş Tarama - 4,2,550,Gold
8,Elektrik yolu,bahcivan,standart,102,1 seçim,46,Kart Sezgisi - 2,2,1600,Gold
8,Elektrik yolu,bahcivan,standart,102,1 seçim,46,Nadir Filizler - 4,2,770,Iron
8,Elektrik yolu,bahcivan,standart,102,1 seçim,46,Kritik Güç - 2,1,290,Stone
8,Elektrik yolu,bahcivan,standart,102,1 seçim,47,Ağır Kesim - 3,1,3000,Gold
8,Elektrik yolu,bahcivan,standart,102,1 seçim,47,Kesim Ustalığı - 4,2,1900,Iron
8,Elektrik yolu,bahcivan,standart,102,1 seçim,48,Hasat Deneyimi II - 3,2,1300,Gold
8,Elektrik yolu,bahcivan,standart,102,1 seçim,48,Hasat Rekoru - 4,2,620,Gold
8,Elektrik yolu,bahcivan,standart,102,1 seçim,48,Kritik Odak - 3,1,380,Gold
8,Elektrik yolu,bahcivan,standart,102,1 seçim,48,Kritik Odak - 3,2,420,Gold
8,Elektrik yolu,bahcivan,standart,102,1 seçim,48,Kritik Odak - 4,1,470,Gold
8,Elektrik yolu,bahcivan,standart,102,1 seçim,48,Kritik Odak - 4,2,520,Gold
8,Elektrik yolu,bahcivan,standart,102,1 seçim,48,Kritik Güç - 2,2,330,Stone
8,Elektrik yolu,bahcivan,standart,102,1 seçim,49,Ağır Kesim - 3,2,3400,Gold
9,Elektrik yolu,bahcivan,standart,103,1 seçim,2,Keskin Başlangıç - 1,1,5,Gold
9,Elektrik yolu,bahcivan,standart,103,1 seçim,2,Keskin Başlangıç - 1,2,7,Gold
9,Elektrik yolu,bahcivan,standart,103,1 seçim,2,Altın Hasat I - 1,1,7,Gold
9,Elektrik yolu,bahcivan,standart,103,1 seçim,2,Düzenli Üretim - 1,1,6,Gold
9,Elektrik yolu,bahcivan,standart,103,1 seçim,3,Keskin Başlangıç - 1,3,8,Gold
9,Elektrik yolu,bahcivan,standart,103,1 seçim,3,Hızlı Eller - 1,1,7,Gold
9,Elektrik yolu,bahcivan,standart,103,1 seçim,5,Hasat Deneyimi I - 1,1,6,Gold
9,Elektrik yolu,bahcivan,standart,103,1 seçim,6,Grid Genişleme I,1,30,Gold
9,Elektrik yolu,bahcivan,standart,103,1 seçim,6,Altın Hasat I - 1,2,9,Gold
9,Elektrik yolu,bahcivan,standart,103,1 seçim,6,Keskin Başlangıç - 2,1,10,Gold
9,Elektrik yolu,bahcivan,standart,103,1 seçim,6,Düzenli Üretim - 1,2,8,Gold
9,Elektrik yolu,bahcivan,standart,103,1 seçim,6,Hızlı Eller - 1,2,9,Gold
9,Elektrik yolu,bahcivan,standart,103,1 seçim,7,Keskin Başlangıç - 2,2,11,Gold
9,Elektrik yolu,bahcivan,standart,103,1 seçim,7,Altın Hasat I - 1,3,11,Gold
9,Elektrik yolu,bahcivan,standart,103,1 seçim,8,1×3 Saksı,1,30,Gold
9,Elektrik yolu,bahcivan,standart,103,1 seçim,8,Keskin Başlangıç - 3,1,13,Gold
9,Elektrik yolu,bahcivan,standart,103,1 seçim,9,Düzenli Üretim - 1,3,10,Gold
9,Elektrik yolu,bahcivan,standart,103,1 seçim,9,Hızlı Eller - 1,3,11,Gold
9,Elektrik yolu,bahcivan,standart,103,1 seçim,9,Altın Hasat I - 2,1,13,Gold
9,Elektrik yolu,bahcivan,standart,103,1 seçim,9,Keskin Başlangıç - 3,2,14,Gold
9,Elektrik yolu,bahcivan,standart,103,1 seçim,10,Kesim Tekniği - 1,1,25,Gold
9,Elektrik yolu,bahcivan,standart,103,1 seçim,11,Hızlı Eller - 2,1,12,Gold
9,Elektrik yolu,bahcivan,standart,103,1 seçim,11,Altın Hasat I - 2,2,16,Gold
9,Elektrik yolu,bahcivan,standart,103,1 seçim,11,Düzenli Üretim - 2,1,12,Gold
9,Elektrik yolu,bahcivan,standart,103,1 seçim,11,Grid Genişleme I,2,30,Iron
9,Elektrik yolu,bahcivan,standart,103,1 seçim,12,Hasat Deneyimi I - 1,2,8,Gold
9,Elektrik yolu,bahcivan,standart,103,1 seçim,12,Keskin Başlangıç - 4,1,16,Gold
9,Elektrik yolu,bahcivan,standart,103,1 seçim,12,Hızlı Eller - 2,2,14,Gold
9,Elektrik yolu,bahcivan,standart,103,1 seçim,12,Kesim Tekniği - 1,2,35,Gold
9,Elektrik yolu,bahcivan,standart,103,1 seçim,13,Altın Hasat I - 3,1,18,Gold
9,Elektrik yolu,bahcivan,standart,103,1 seçim,13,Keskin Başlangıç - 4,2,17,Gold
9,Elektrik yolu,bahcivan,standart,103,1 seçim,13,Hasat Deneyimi I - 1,3,10,Gold
9,Elektrik yolu,bahcivan,standart,103,1 seçim,13,Düzenli Üretim - 2,2,13,Gold
9,Elektrik yolu,bahcivan,standart,103,1 seçim,13,Hızlı Eller - 3,1,16,Gold
9,Elektrik yolu,bahcivan,standart,103,1 seçim,14,Altın Hasat I - 3,2,20,Gold
9,Elektrik yolu,bahcivan,standart,103,1 seçim,14,Hasat Deneyimi I - 2,1,12,Gold
9,Elektrik yolu,bahcivan,standart,103,1 seçim,14,Hızlı Eller - 3,2,18,Gold
9,Elektrik yolu,bahcivan,standart,103,1 seçim,14,Düzenli Üretim - 3,1,15,Gold
9,Elektrik yolu,bahcivan,standart,103,1 seçim,15,2×2 Saksı,1,80,Gold
9,Elektrik yolu,bahcivan,standart,103,1 seçim,15,Çifte Hasat Kartları,1,25,Iron
9,Elektrik yolu,bahcivan,standart,103,1 seçim,16,Kesim Tekniği - 1,3,40,Gold
9,Elektrik yolu,bahcivan,standart,103,1 seçim,16,Demir Hasat - 1,1,25,Gold
9,Elektrik yolu,bahcivan,standart,103,1 seçim,16,Altın Hasat I - 4,1,22,Gold
9,Elektrik yolu,bahcivan,standart,103,1 seçim,16,Geniş Süpürüş - 1,1,21,Gold
9,Elektrik yolu,bahcivan,standart,103,1 seçim,17,Kesim Tekniği - 2,1,50,Gold
9,Elektrik yolu,bahcivan,standart,103,1 seçim,17,Hasat Deneyimi I - 2,2,14,Gold
9,Elektrik yolu,bahcivan,standart,103,1 seçim,17,Hızlı Eller - 4,1,20,Gold
9,Elektrik yolu,bahcivan,standart,103,1 seçim,17,Altın Hasat I - 4,2,24,Gold
9,Elektrik yolu,bahcivan,standart,103,1 seçim,18,Demir Hasat - 1,2,35,Gold
9,Elektrik yolu,bahcivan,standart,103,1 seçim,18,Düzenli Üretim - 3,2,17,Gold
9,Elektrik yolu,bahcivan,standart,103,1 seçim,18,Geniş Süpürüş - 1,2,28,Gold
9,Elektrik yolu,bahcivan,standart,103,1 seçim,18,Hızlı Eller - 4,2,22,Gold
9,Elektrik yolu,bahcivan,standart,103,1 seçim,18,Hasat Deneyimi I - 3,1,16,Gold
9,Elektrik yolu,bahcivan,standart,103,1 seçim,19,Güçlü Kesim - 1,1,120,Gold
9,Elektrik yolu,bahcivan,standart,103,1 seçim,20,Kesim Tekniği - 2,2,55,Gold
9,Elektrik yolu,bahcivan,standart,103,1 seçim,20,Düzenli Üretim - 4,1,19,Gold
9,Elektrik yolu,bahcivan,standart,103,1 seçim,20,Hasat Deneyimi I - 3,2,18,Gold
9,Elektrik yolu,bahcivan,standart,103,1 seçim,21,Demir Hasat - 1,3,40,Gold
9,Elektrik yolu,bahcivan,standart,103,1 seçim,21,Geniş Süpürüş - 1,3,35,Gold
9,Elektrik yolu,bahcivan,standart,103,1 seçim,21,Düzenli Üretim - 4,2,21,Gold
9,Elektrik yolu,bahcivan,standart,103,1 seçim,21,Geniş Süpürüş - 2,1,40,Gold
9,Elektrik yolu,bahcivan,standart,103,1 seçim,22,Hasat Deneyimi I - 4,1,20,Gold
9,Elektrik yolu,bahcivan,standart,103,1 seçim,22,Demir Hasat - 2,1,50,Gold
9,Elektrik yolu,bahcivan,standart,103,1 seçim,22,Geniş Süpürüş - 2,2,45,Gold
9,Elektrik yolu,bahcivan,standart,103,1 seçim,22,Hasat Deneyimi I - 4,2,21,Gold
9,Elektrik yolu,bahcivan,standart,103,1 seçim,22,Taş Hasat - 1,1,35,Iron
9,Elektrik yolu,bahcivan,standart,103,1 seçim,23,2×3 Saksı,1,200,Gold
9,Elektrik yolu,bahcivan,standart,103,1 seçim,23,Taş Hasat - 1,2,45,Iron
9,Elektrik yolu,bahcivan,standart,103,1 seçim,24,İlk Vazgeçiş,1,150,Gold
9,Elektrik yolu,bahcivan,standart,103,1 seçim,24,Kesim Tekniği - 3,1,65,Gold
9,Elektrik yolu,bahcivan,standart,103,1 seçim,25,Hasat Rekoru - 1,1,180,Gold
9,Elektrik yolu,bahcivan,standart,103,1 seçim,25,Taş Hasat - 1,3,55,Iron
9,Elektrik yolu,bahcivan,standart,103,1 seçim,26,Güçlü Kesim - 1,2,160,Gold
9,Elektrik yolu,bahcivan,standart,103,1 seçim,26,Akıcı Kesim - 1,1,160,Gold
9,Elektrik yolu,bahcivan,standart,103,1 seçim,27,Kesim Tekniği - 3,2,70,Gold
9,Elektrik yolu,bahcivan,standart,103,1 seçim,28,Güçlü Kesim - 1,3,195,Gold
9,Elektrik yolu,bahcivan,standart,103,1 seçim,28,Akıcı Kesim - 1,2,210,Gold
9,Elektrik yolu,bahcivan,standart,103,1 seçim,28,Demir Hasat - 2,2,55,Gold
9,Elektrik yolu,bahcivan,standart,103,1 seçim,28,Verimli Üretim - 1,1,200,Iron
9,Elektrik yolu,bahcivan,standart,103,1 seçim,29,Hasat Rekoru - 1,2,240,Gold
9,Elektrik yolu,bahcivan,standart,103,1 seçim,30,Kesim Tekniği - 4,1,80,Gold
9,Elektrik yolu,bahcivan,standart,103,1 seçim,30,Geniş Süpürüş - 3,1,55,Gold
9,Elektrik yolu,bahcivan,standart,103,1 seçim,31,Güçlü Kesim - 2,1,230,Gold
9,Elektrik yolu,bahcivan,standart,103,1 seçim,31,Nadir Filizler - 1,1,230,Iron
9,Elektrik yolu,bahcivan,standart,103,1 seçim,31,Grid Genişleme II,1,100,Stone
9,Elektrik yolu,bahcivan,standart,103,1 seçim,32,Altın Hasat II - 1,1,180,Gold
9,Elektrik yolu,bahcivan,standart,103,1 seçim,32,Kesim Tekniği - 4,2,85,Gold
9,Elektrik yolu,bahcivan,standart,103,1 seçim,32,Taş Hasat - 2,1,65,Iron
9,Elektrik yolu,bahcivan,standart,103,1 seçim,33,Demir Hasat - 3,1,65,Gold
9,Elektrik yolu,bahcivan,standart,103,1 seçim,33,Geniş Süpürüş - 3,2,60,Gold
9,Elektrik yolu,bahcivan,standart,103,1 seçim,33,Geniş Süpürüş - 4,1,65,Gold
9,Elektrik yolu,bahcivan,standart,103,1 seçim,33,Zengin Cevher - 1,1,50,Stone
9,Elektrik yolu,bahcivan,standart,103,1 seçim,34,Verimli Üretim - 1,2,260,Iron
9,Elektrik yolu,bahcivan,standart,103,1 seçim,35,Akıcı Kesim - 1,3,260,Gold
9,Elektrik yolu,bahcivan,standart,103,1 seçim,35,Demir Hasat - 3,2,70,Gold
9,Elektrik yolu,bahcivan,standart,103,1 seçim,35,Geniş Süpürüş - 4,2,70,Gold
9,Elektrik yolu,bahcivan,standart,103,1 seçim,37,Hasat Rekoru - 1,3,290,Gold
9,Elektrik yolu,bahcivan,standart,103,1 seçim,37,Nadir Filizler - 1,2,300,Iron
9,Elektrik yolu,bahcivan,standart,103,1 seçim,37,Zengin Cevher - 1,2,65,Stone
9,Elektrik yolu,bahcivan,standart,103,1 seçim,38,Taş Hasat - 2,2,80,Iron
9,Elektrik yolu,bahcivan,standart,103,1 seçim,39,Güçlü Kesim - 2,2,270,Gold
9,Elektrik yolu,bahcivan,standart,103,1 seçim,39,Taş Hasat - 3,1,90,Iron
9,Elektrik yolu,bahcivan,standart,103,1 seçim,41,Altın Hasat II - 1,2,240,Gold
9,Elektrik yolu,bahcivan,standart,103,1 seçim,41,Zengin Cevher - 1,3,80,Stone
9,Elektrik yolu,bahcivan,standart,103,1 seçim,42,Akıcı Kesim - 2,1,310,Gold
9,Elektrik yolu,bahcivan,standart,103,1 seçim,42,Verimli Üretim - 1,3,320,Iron
9,Elektrik yolu,bahcivan,standart,103,1 seçim,42,Zengin Cevher - 2,1,95,Stone
9,Elektrik yolu,bahcivan,standart,103,1 seçim,43,Geniş Tarama - 1,1,160,Gold
9,Elektrik yolu,bahcivan,standart,103,1 seçim,44,Taş Hasat - 3,2,100,Iron
10,Elektrik yolu,bahcivan,standart,104,1 seçim,1,Keskin Başlangıç - 1,1,5,Gold
10,Elektrik yolu,bahcivan,standart,104,1 seçim,2,Keskin Başlangıç - 1,2,7,Gold
10,Elektrik yolu,bahcivan,standart,104,1 seçim,3,Altın Hasat I - 1,1,7,Gold
10,Elektrik yolu,bahcivan,standart,104,1 seçim,3,Düzenli Üretim - 1,1,6,Gold
10,Elektrik yolu,bahcivan,standart,104,1 seçim,4,Keskin Başlangıç - 1,3,8,Gold
10,Elektrik yolu,bahcivan,standart,104,1 seçim,4,Hızlı Eller - 1,1,7,Gold
10,Elektrik yolu,bahcivan,standart,104,1 seçim,4,Hasat Deneyimi I - 1,1,6,Gold
10,Elektrik yolu,bahcivan,standart,104,1 seçim,5,Grid Genişleme I,1,30,Gold
10,Elektrik yolu,bahcivan,standart,104,1 seçim,6,Altın Hasat I - 1,2,9,Gold
10,Elektrik yolu,bahcivan,standart,104,1 seçim,6,Keskin Başlangıç - 2,1,10,Gold
10,Elektrik yolu,bahcivan,standart,104,1 seçim,6,Düzenli Üretim - 1,2,8,Gold
10,Elektrik yolu,bahcivan,standart,104,1 seçim,7,Hızlı Eller - 1,2,9,Gold
10,Elektrik yolu,bahcivan,standart,104,1 seçim,7,Keskin Başlangıç - 2,2,11,Gold
10,Elektrik yolu,bahcivan,standart,104,1 seçim,8,Altın Hasat I - 1,3,11,Gold
10,Elektrik yolu,bahcivan,standart,104,1 seçim,8,1×3 Saksı,1,30,Gold
10,Elektrik yolu,bahcivan,standart,104,1 seçim,9,Keskin Başlangıç - 3,1,13,Gold
10,Elektrik yolu,bahcivan,standart,104,1 seçim,9,Düzenli Üretim - 1,3,10,Gold
10,Elektrik yolu,bahcivan,standart,104,1 seçim,10,Hızlı Eller - 1,3,11,Gold
10,Elektrik yolu,bahcivan,standart,104,1 seçim,11,Altın Hasat I - 2,1,13,Gold
10,Elektrik yolu,bahcivan,standart,104,1 seçim,11,Keskin Başlangıç - 3,2,14,Gold
10,Elektrik yolu,bahcivan,standart,104,1 seçim,11,Kesim Tekniği - 1,1,25,Gold
10,Elektrik yolu,bahcivan,standart,104,1 seçim,11,Hızlı Eller - 2,1,12,Gold
10,Elektrik yolu,bahcivan,standart,104,1 seçim,11,Grid Genişleme I,2,30,Iron
10,Elektrik yolu,bahcivan,standart,104,1 seçim,12,Altın Hasat I - 2,2,16,Gold
10,Elektrik yolu,bahcivan,standart,104,1 seçim,12,Düzenli Üretim - 2,1,12,Gold
10,Elektrik yolu,bahcivan,standart,104,1 seçim,12,Hasat Deneyimi I - 1,2,8,Gold
10,Elektrik yolu,bahcivan,standart,104,1 seçim,13,Keskin Başlangıç - 4,1,16,Gold
10,Elektrik yolu,bahcivan,standart,104,1 seçim,13,Hızlı Eller - 2,2,14,Gold
10,Elektrik yolu,bahcivan,standart,104,1 seçim,13,Kesim Tekniği - 1,2,35,Gold
10,Elektrik yolu,bahcivan,standart,104,1 seçim,14,Altın Hasat I - 3,1,18,Gold
10,Elektrik yolu,bahcivan,standart,104,1 seçim,14,Keskin Başlangıç - 4,2,17,Gold
10,Elektrik yolu,bahcivan,standart,104,1 seçim,14,Hasat Deneyimi I - 1,3,10,Gold
10,Elektrik yolu,bahcivan,standart,104,1 seçim,14,Düzenli Üretim - 2,2,13,Gold
10,Elektrik yolu,bahcivan,standart,104,1 seçim,15,Hızlı Eller - 3,1,16,Gold
10,Elektrik yolu,bahcivan,standart,104,1 seçim,15,Altın Hasat I - 3,2,20,Gold
10,Elektrik yolu,bahcivan,standart,104,1 seçim,15,Hasat Deneyimi I - 2,1,12,Gold
10,Elektrik yolu,bahcivan,standart,104,1 seçim,15,Hızlı Eller - 3,2,18,Gold
10,Elektrik yolu,bahcivan,standart,104,1 seçim,16,2×2 Saksı,1,80,Gold
10,Elektrik yolu,bahcivan,standart,104,1 seçim,16,Çifte Hasat Kartları,1,25,Iron
10,Elektrik yolu,bahcivan,standart,104,1 seçim,17,Kesim Tekniği - 1,3,40,Gold
10,Elektrik yolu,bahcivan,standart,104,1 seçim,17,Demir Hasat - 1,1,25,Gold
10,Elektrik yolu,bahcivan,standart,104,1 seçim,17,Düzenli Üretim - 3,1,15,Gold
10,Elektrik yolu,bahcivan,standart,104,1 seçim,18,Altın Hasat I - 4,1,22,Gold
10,Elektrik yolu,bahcivan,standart,104,1 seçim,18,Geniş Süpürüş - 1,1,21,Gold
10,Elektrik yolu,bahcivan,standart,104,1 seçim,19,Kesim Tekniği - 2,1,50,Gold
10,Elektrik yolu,bahcivan,standart,104,1 seçim,19,Hasat Deneyimi I - 2,2,14,Gold
10,Elektrik yolu,bahcivan,standart,104,1 seçim,19,Hızlı Eller - 4,1,20,Gold
10,Elektrik yolu,bahcivan,standart,104,1 seçim,19,Altın Hasat I - 4,2,24,Gold
10,Elektrik yolu,bahcivan,standart,104,1 seçim,20,Demir Hasat - 1,2,35,Gold
10,Elektrik yolu,bahcivan,standart,104,1 seçim,20,Düzenli Üretim - 3,2,17,Gold
10,Elektrik yolu,bahcivan,standart,104,1 seçim,21,Geniş Süpürüş - 1,2,28,Gold
10,Elektrik yolu,bahcivan,standart,104,1 seçim,21,Hızlı Eller - 4,2,22,Gold
10,Elektrik yolu,bahcivan,standart,104,1 seçim,21,Hasat Deneyimi I - 3,1,16,Gold
10,Elektrik yolu,bahcivan,standart,104,1 seçim,22,Güçlü Kesim - 1,1,120,Gold
10,Elektrik yolu,bahcivan,standart,104,1 seçim,23,Kesim Tekniği - 2,2,55,Gold
10,Elektrik yolu,bahcivan,standart,104,1 seçim,23,Düzenli Üretim - 4,1,19,Gold
10,Elektrik yolu,bahcivan,standart,104,1 seçim,23,Demir Hasat - 1,3,40,Gold
10,Elektrik yolu,bahcivan,standart,104,1 seçim,23,Geniş Süpürüş - 1,3,35,Gold
10,Elektrik yolu,bahcivan,standart,104,1 seçim,23,Hasat Deneyimi I - 3,2,18,Gold
10,Elektrik yolu,bahcivan,standart,104,1 seçim,23,Taş Hasat - 1,1,35,Iron
10,Elektrik yolu,bahcivan,standart,104,1 seçim,24,Düzenli Üretim - 4,2,21,Gold
10,Elektrik yolu,bahcivan,standart,104,1 seçim,24,Geniş Süpürüş - 2,1,40,Gold
10,Elektrik yolu,bahcivan,standart,104,1 seçim,24,Hasat Deneyimi I - 4,1,20,Gold
10,Elektrik yolu,bahcivan,standart,104,1 seçim,24,Demir Hasat - 2,1,50,Gold
10,Elektrik yolu,bahcivan,standart,104,1 seçim,24,Hasat Deneyimi I - 4,2,21,Gold
10,Elektrik yolu,bahcivan,standart,104,1 seçim,25,Geniş Süpürüş - 2,2,45,Gold
10,Elektrik yolu,bahcivan,standart,104,1 seçim,26,2×3 Saksı,1,200,Gold
10,Elektrik yolu,bahcivan,standart,104,1 seçim,26,Taş Hasat - 1,2,45,Iron
10,Elektrik yolu,bahcivan,standart,104,1 seçim,27,İlk Vazgeçiş,1,150,Gold
10,Elektrik yolu,bahcivan,standart,104,1 seçim,27,Kesim Tekniği - 3,1,65,Gold
10,Elektrik yolu,bahcivan,standart,104,1 seçim,28,Hasat Rekoru - 1,1,180,Gold
10,Elektrik yolu,bahcivan,standart,104,1 seçim,28,Verimli Üretim - 1,1,200,Iron
10,Elektrik yolu,bahcivan,standart,104,1 seçim,29,Güçlü Kesim - 1,2,160,Gold
10,Elektrik yolu,bahcivan,standart,104,1 seçim,29,Taş Hasat - 1,3,55,Iron
10,Elektrik yolu,bahcivan,standart,104,1 seçim,30,Akıcı Kesim - 1,1,160,Gold
10,Elektrik yolu,bahcivan,standart,104,1 seçim,30,Kesim Tekniği - 3,2,70,Gold
10,Elektrik yolu,bahcivan,standart,104,1 seçim,30,Taş Hasat - 2,1,65,Iron
10,Elektrik yolu,bahcivan,standart,104,1 seçim,31,Güçlü Kesim - 1,3,195,Gold
10,Elektrik yolu,bahcivan,standart,104,1 seçim,32,Akıcı Kesim - 1,2,210,Gold
10,Elektrik yolu,bahcivan,standart,104,1 seçim,32,Hasat Rekoru - 1,2,240,Gold
10,Elektrik yolu,bahcivan,standart,104,1 seçim,32,Nadir Filizler - 1,1,230,Iron
10,Elektrik yolu,bahcivan,standart,104,1 seçim,33,Kesim Tekniği - 4,1,80,Gold
10,Elektrik yolu,bahcivan,standart,104,1 seçim,33,Demir Hasat - 2,2,55,Gold
10,Elektrik yolu,bahcivan,standart,104,1 seçim,33,Geniş Süpürüş - 3,1,55,Gold
10,Elektrik yolu,bahcivan,standart,104,1 seçim,34,Güçlü Kesim - 2,1,230,Gold
10,Elektrik yolu,bahcivan,standart,104,1 seçim,34,Altın Hasat II - 1,1,180,Gold
10,Elektrik yolu,bahcivan,standart,104,1 seçim,34,Verimli Üretim - 1,2,260,Iron
10,Elektrik yolu,bahcivan,standart,104,1 seçim,35,Kesim Tekniği - 4,2,85,Gold
10,Elektrik yolu,bahcivan,standart,104,1 seçim,35,Demir Hasat - 3,1,65,Gold
10,Elektrik yolu,bahcivan,standart,104,1 seçim,35,Geniş Süpürüş - 3,2,60,Gold
10,Elektrik yolu,bahcivan,standart,104,1 seçim,35,Grid Genişleme II,1,100,Stone
10,Elektrik yolu,bahcivan,standart,104,1 seçim,35,Geniş Süpürüş - 4,1,65,Gold
10,Elektrik yolu,bahcivan,standart,104,1 seçim,36,Akıcı Kesim - 1,3,260,Gold
10,Elektrik yolu,bahcivan,standart,104,1 seçim,36,Nadir Filizler - 1,2,300,Iron
10,Elektrik yolu,bahcivan,standart,104,1 seçim,36,Demir Hasat - 3,2,70,Gold
10,Elektrik yolu,bahcivan,standart,104,1 seçim,36,Geniş Süpürüş - 4,2,70,Gold
10,Elektrik yolu,bahcivan,standart,104,1 seçim,36,Taş Hasat - 2,2,80,Iron
10,Elektrik yolu,bahcivan,standart,104,1 seçim,37,Hasat Rekoru - 1,3,290,Gold
10,Elektrik yolu,bahcivan,standart,104,1 seçim,37,Zengin Cevher - 1,1,50,Stone
10,Elektrik yolu,bahcivan,standart,104,1 seçim,37,Taş Hasat - 3,1,90,Iron
10,Elektrik yolu,bahcivan,standart,104,1 seçim,37,Taş Hasat - 3,2,100,Iron
10,Elektrik yolu,bahcivan,standart,104,1 seçim,37,Taş Hasat - 4,1,110,Iron
10,Elektrik yolu,bahcivan,standart,104,1 seçim,38,Güçlü Kesim - 2,2,270,Gold
10,Elektrik yolu,bahcivan,standart,104,1 seçim,38,Altın Hasat II - 1,2,240,Gold
10,Elektrik yolu,bahcivan,standart,104,1 seçim,38,Zengin Cevher - 1,2,65,Stone
10,Elektrik yolu,bahcivan,standart,104,1 seçim,38,Taş Hasat - 4,2,120,Iron
10,Elektrik yolu,bahcivan,standart,104,1 seçim,39,Akıcı Kesim - 2,1,310,Gold
10,Elektrik yolu,bahcivan,standart,104,1 seçim,39,Zengin Cevher - 1,3,80,Stone
10,Elektrik yolu,bahcivan,standart,104,1 seçim,40,Geniş Tarama - 1,1,160,Gold
10,Elektrik yolu,bahcivan,standart,104,1 seçim,40,Kesim Ustalığı - 1,1,560,Iron
10,Elektrik yolu,bahcivan,standart,104,1 seçim,40,Güçlü Kesim - 3,1,300,Gold
10,Elektrik yolu,bahcivan,standart,104,1 seçim,40,Zengin Cevher - 2,1,95,Stone
10,Elektrik yolu,bahcivan,standart,104,1 seçim,40,Zengin Cevher - 2,2,110,Stone
10,Elektrik yolu,bahcivan,standart,104,1 seçim,41,Altın Hasat II - 1,3,290,Gold
10,Elektrik yolu,bahcivan,standart,104,1 seçim,41,Hasat Rekoru - 2,1,350,Gold
10,Elektrik yolu,bahcivan,standart,104,1 seçim,41,Verimli Üretim - 1,3,320,Iron
10,Elektrik yolu,bahcivan,standart,104,1 seçim,41,Demir Hasat - 4,1,80,Gold
10,Elektrik yolu,bahcivan,standart,104,1 seçim,41,Demir Hasat - 4,2,85,Gold
10,Elektrik yolu,bahcivan,standart,104,1 seçim,41,Zengin Cevher - 3,1,125,Stone
10,Elektrik yolu,bahcivan,standart,104,1 seçim,41,Zengin Cevher - 3,2,140,Stone
10,Elektrik yolu,bahcivan,standart,104,1 seçim,42,Akıcı Kesim - 2,2,360,Gold
10,Elektrik yolu,bahcivan,standart,104,1 seçim,42,Geniş Tarama - 1,2,210,Gold
10,Elektrik yolu,bahcivan,standart,104,1 seçim,42,Zengin Cevher - 4,1,155,Stone
10,Elektrik yolu,bahcivan,standart,104,1 seçim,43,Kesim Ustalığı - 1,2,720,Iron
10,Elektrik yolu,bahcivan,standart,104,1 seçim,43,Nadir Filizler - 1,3,360,Iron
10,Elektrik yolu,bahcivan,standart,104,1 seçim,43,Güçlü Kesim - 3,2,340,Gold
10,Elektrik yolu,bahcivan,standart,104,1 seçim,43,Altın Hasat II - 2,1,350,Gold
10,Elektrik yolu,bahcivan,standart,104,1 seçim,43,Zengin Cevher - 4,2,170,Stone
10,Elektrik yolu,bahcivan,standart,104,1 seçim,44,Akıcı Kesim - 3,1,400,Gold
10,Elektrik yolu,bahcivan,standart,104,1 seçim,44,Geniş Tarama - 1,3,260,Gold
10,Elektrik yolu,bahcivan,standart,104,1 seçim,45,İkinci Vazgeçiş,1,800,Iron
10,Elektrik yolu,bahcivan,standart,104,1 seçim,45,Hasat Deneyimi II - 1,1,450,Gold
10,Elektrik yolu,bahcivan,standart,104,1 seçim,45,Hasat Rekoru - 2,2,400,Gold
10,Elektrik yolu,bahcivan,standart,104,1 seçim,46,Verimli Üretim - 2,1,380,Iron
10,Elektrik yolu,bahcivan,standart,104,1 seçim,46,Güçlü Kesim - 4,1,380,Gold
10,Elektrik yolu,bahcivan,standart,104,1 seçim,46,Altın Hasat II - 2,2,400,Gold
10,Elektrik yolu,bahcivan,standart,104,1 seçim,47,Kesim Ustalığı - 1,3,890,Iron
10,Elektrik yolu,bahcivan,standart,104,1 seçim,47,Kritik Odak - 1,1,150,Gold
10,Elektrik yolu,bahcivan,standart,104,1 seçim,47,Kritik Odak - 1,2,195,Gold
10,Elektrik yolu,bahcivan,standart,104,1 seçim,47,Kritik Odak - 1,3,240,Gold
10,Elektrik yolu,bahcivan,standart,104,1 seçim,47,Kritik Odak - 2,1,290,Gold
10,Elektrik yolu,bahcivan,standart,104,1 seçim,47,Kritik Güç - 1,1,150,Stone
10,Elektrik yolu,bahcivan,standart,104,1 seçim,47,Kritik Güç - 1,2,195,Stone
10,Elektrik yolu,bahcivan,standart,104,1 seçim,47,Kritik Güç - 1,3,240,Stone
10,Elektrik yolu,bahcivan,standart,104,1 seçim,47,Kritik Güç - 2,1,290,Stone
10,Elektrik yolu,bahcivan,standart,104,1 seçim,48,Ağır Kesim - 1,1,1200,Gold
10,Elektrik yolu,bahcivan,standart,104,1 seçim,48,Nadir Filizler - 2,1,430,Iron
10,Elektrik yolu,bahcivan,standart,104,1 seçim,48,Verimli Üretim - 2,2,440,Iron
10,Elektrik yolu,bahcivan,standart,104,1 seçim,49,Akıcı Kesim - 3,2,450,Gold
10,Elektrik yolu,bahcivan,standart,104,1 seçim,49,Geniş Tarama - 2,1,310,Gold
10,Elektrik yolu,bahcivan,standart,104,1 seçim,49,Kritik Güç - 2,2,330,Stone
11,Hız-alan + Ritim,bahcivan,standart,100,1 seçim,1,Hızlı Eller - 1,1,7,Gold
11,Hız-alan + Ritim,bahcivan,standart,100,1 seçim,2,Hızlı Eller - 1,2,9,Gold
11,Hız-alan + Ritim,bahcivan,standart,100,1 seçim,3,Hızlı Eller - 1,3,11,Gold
11,Hız-alan + Ritim,bahcivan,standart,100,1 seçim,3,Altın Hasat I - 1,1,7,Gold
11,Hız-alan + Ritim,bahcivan,standart,100,1 seçim,5,Hızlı Eller - 2,1,12,Gold
11,Hız-alan + Ritim,bahcivan,standart,100,1 seçim,5,Grid Genişleme I,1,30,Gold
11,Hız-alan + Ritim,bahcivan,standart,100,1 seçim,6,Altın Hasat I - 1,2,9,Gold
11,Hız-alan + Ritim,bahcivan,standart,100,1 seçim,6,Hızlı Eller - 2,2,14,Gold
11,Hız-alan + Ritim,bahcivan,standart,100,1 seçim,7,Düzenli Üretim - 1,1,6,Gold
11,Hız-alan + Ritim,bahcivan,standart,100,1 seçim,7,Keskin Başlangıç - 1,1,5,Gold
11,Hız-alan + Ritim,bahcivan,standart,100,1 seçim,7,Altın Hasat I - 1,3,11,Gold
11,Hız-alan + Ritim,bahcivan,standart,100,1 seçim,8,Hızlı Eller - 3,1,16,Gold
11,Hız-alan + Ritim,bahcivan,standart,100,1 seçim,8,1×3 Saksı,1,30,Gold
11,Hız-alan + Ritim,bahcivan,standart,100,1 seçim,9,Geniş Süpürüş - 1,1,21,Gold
11,Hız-alan + Ritim,bahcivan,standart,100,1 seçim,9,Keskin Başlangıç - 1,2,7,Gold
11,Hız-alan + Ritim,bahcivan,standart,100,1 seçim,9,Düzenli Üretim - 1,2,8,Gold
11,Hız-alan + Ritim,bahcivan,standart,100,1 seçim,10,Altın Hasat I - 2,1,13,Gold
11,Hız-alan + Ritim,bahcivan,standart,100,1 seçim,10,Hızlı Eller - 3,2,18,Gold
11,Hız-alan + Ritim,bahcivan,standart,100,1 seçim,10,Keskin Başlangıç - 1,3,8,Gold
11,Hız-alan + Ritim,bahcivan,standart,100,1 seçim,11,Geniş Süpürüş - 1,2,28,Gold
11,Hız-alan + Ritim,bahcivan,standart,100,1 seçim,11,Keskin Başlangıç - 2,1,10,Gold
11,Hız-alan + Ritim,bahcivan,standart,100,1 seçim,11,Grid Genişleme I,2,30,Iron
11,Hız-alan + Ritim,bahcivan,standart,100,1 seçim,12,Altın Hasat I - 2,2,16,Gold
11,Hız-alan + Ritim,bahcivan,standart,100,1 seçim,12,Hızlı Eller - 4,1,20,Gold
11,Hız-alan + Ritim,bahcivan,standart,100,1 seçim,12,Düzenli Üretim - 1,3,10,Gold
11,Hız-alan + Ritim,bahcivan,standart,100,1 seçim,12,Hasat Deneyimi I - 1,1,6,Gold
11,Hız-alan + Ritim,bahcivan,standart,100,1 seçim,12,Tornado Kartları,1,30,Iron
11,Hız-alan + Ritim,bahcivan,standart,100,1 seçim,13,Geniş Süpürüş - 1,3,35,Gold
11,Hız-alan + Ritim,bahcivan,standart,100,1 seçim,13,Keskin Başlangıç - 2,2,11,Gold
11,Hız-alan + Ritim,bahcivan,standart,100,1 seçim,13,Altın Hasat I - 3,1,18,Gold
11,Hız-alan + Ritim,bahcivan,standart,100,1 seçim,13,Hasat Deneyimi I - 1,2,8,Gold
11,Hız-alan + Ritim,bahcivan,standart,100,1 seçim,14,Düzenli Üretim - 2,1,12,Gold
11,Hız-alan + Ritim,bahcivan,standart,100,1 seçim,14,Keskin Başlangıç - 3,1,13,Gold
11,Hız-alan + Ritim,bahcivan,standart,100,1 seçim,14,Altın Hasat I - 3,2,20,Gold
11,Hız-alan + Ritim,bahcivan,standart,100,1 seçim,14,Keskin Başlangıç - 3,2,14,Gold
11,Hız-alan + Ritim,bahcivan,standart,100,1 seçim,14,Hasat Deneyimi I - 1,3,10,Gold
11,Hız-alan + Ritim,bahcivan,standart,100,1 seçim,15,Düzenli Üretim - 2,2,13,Gold
11,Hız-alan + Ritim,bahcivan,standart,100,1 seçim,15,Keskin Başlangıç - 4,1,16,Gold
11,Hız-alan + Ritim,bahcivan,standart,100,1 seçim,15,Hasat Deneyimi I - 2,1,12,Gold
11,Hız-alan + Ritim,bahcivan,standart,100,1 seçim,15,Keskin Başlangıç - 4,2,17,Gold
11,Hız-alan + Ritim,bahcivan,standart,100,1 seçim,15,Düzenli Üretim - 3,1,15,Gold
11,Hız-alan + Ritim,bahcivan,standart,100,1 seçim,16,2×2 Saksı,1,80,Gold
11,Hız-alan + Ritim,bahcivan,standart,100,1 seçim,16,Hızlı Eller - 4,2,22,Gold
11,Hız-alan + Ritim,bahcivan,standart,100,1 seçim,16,Çifte Hasat Kartları,1,25,Iron
11,Hız-alan + Ritim,bahcivan,standart,100,1 seçim,17,Geniş Süpürüş - 2,1,40,Gold
11,Hız-alan + Ritim,bahcivan,standart,100,1 seçim,17,Demir Hasat - 1,1,25,Gold
11,Hız-alan + Ritim,bahcivan,standart,100,1 seçim,17,Kesim Tekniği - 1,1,25,Gold
11,Hız-alan + Ritim,bahcivan,standart,100,1 seçim,17,Altın Hasat I - 4,1,22,Gold
11,Hız-alan + Ritim,bahcivan,standart,100,1 seçim,17,Altın Hasat I - 4,2,24,Gold
11,Hız-alan + Ritim,bahcivan,standart,100,1 seçim,18,Akıcı Kesim - 1,1,160,Gold
11,Hız-alan + Ritim,bahcivan,standart,100,1 seçim,18,Geniş Süpürüş - 2,2,45,Gold
11,Hız-alan + Ritim,bahcivan,standart,100,1 seçim,18,Kesim Tekniği - 1,2,35,Gold
11,Hız-alan + Ritim,bahcivan,standart,100,1 seçim,19,Demir Hasat - 1,2,35,Gold
11,Hız-alan + Ritim,bahcivan,standart,100,1 seçim,19,Geniş Süpürüş - 3,1,55,Gold
11,Hız-alan + Ritim,bahcivan,standart,100,1 seçim,19,Hasat Deneyimi I - 2,2,14,Gold
11,Hız-alan + Ritim,bahcivan,standart,100,1 seçim,19,Kesim Tekniği - 1,3,40,Gold
11,Hız-alan + Ritim,bahcivan,standart,100,1 seçim,19,Düzenli Üretim - 3,2,17,Gold
11,Hız-alan + Ritim,bahcivan,standart,100,1 seçim,19,Hasat Deneyimi I - 3,1,16,Gold
11,Hız-alan + Ritim,bahcivan,standart,100,1 seçim,19,Hasat Deneyimi I - 3,2,18,Gold
11,Hız-alan + Ritim,bahcivan,standart,100,1 seçim,19,Bumerang Orak Kartları,1,40,Iron
11,Hız-alan + Ritim,bahcivan,standart,100,1 seçim,20,Demir Hasat - 1,3,40,Gold
11,Hız-alan + Ritim,bahcivan,standart,100,1 seçim,20,Kesim Tekniği - 2,1,50,Gold
11,Hız-alan + Ritim,bahcivan,standart,100,1 seçim,20,Düzenli Üretim - 4,1,19,Gold
11,Hız-alan + Ritim,bahcivan,standart,100,1 seçim,20,Taş Hasat - 1,1,35,Iron
11,Hız-alan + Ritim,bahcivan,standart,100,1 seçim,21,Akıcı Kesim - 1,2,210,Gold
11,Hız-alan + Ritim,bahcivan,standart,100,1 seçim,21,Demir Hasat - 2,1,50,Gold
11,Hız-alan + Ritim,bahcivan,standart,100,1 seçim,22,2×3 Saksı,1,200,Gold
11,Hız-alan + Ritim,bahcivan,standart,100,1 seçim,22,Geniş Süpürüş - 3,2,60,Gold
11,Hız-alan + Ritim,bahcivan,standart,100,1 seçim,22,Düzenli Üretim - 4,2,21,Gold
11,Hız-alan + Ritim,bahcivan,standart,100,1 seçim,22,Hasat Deneyimi I - 4,1,20,Gold
11,Hız-alan + Ritim,bahcivan,standart,100,1 seçim,22,Taş Hasat - 1,2,45,Iron
11,Hız-alan + Ritim,bahcivan,standart,100,1 seçim,23,Akıcı Kesim - 1,3,260,Gold
11,Hız-alan + Ritim,bahcivan,standart,100,1 seçim,23,Hasat Deneyimi I - 4,2,21,Gold
11,Hız-alan + Ritim,bahcivan,standart,100,1 seçim,24,Geniş Tarama - 1,1,160,Gold
11,Hız-alan + Ritim,bahcivan,standart,100,1 seçim,24,Geniş Süpürüş - 4,1,65,Gold
11,Hız-alan + Ritim,bahcivan,standart,100,1 seçim,25,Güçlü Kesim - 1,1,120,Gold
11,Hız-alan + Ritim,bahcivan,standart,100,1 seçim,25,Hasat Rekoru - 1,1,180,Gold
11,Hız-alan + Ritim,bahcivan,standart,100,1 seçim,25,Kesim Tekniği - 2,2,55,Gold
11,Hız-alan + Ritim,bahcivan,standart,100,1 seçim,25,Demir Hasat - 2,2,55,Gold
11,Hız-alan + Ritim,bahcivan,standart,100,1 seçim,25,Verimli Üretim - 1,1,200,Iron
11,Hız-alan + Ritim,bahcivan,standart,100,1 seçim,25,Taş Hasat - 1,3,55,Iron
11,Hız-alan + Ritim,bahcivan,standart,100,1 seçim,26,Akıcı Kesim - 2,1,310,Gold
11,Hız-alan + Ritim,bahcivan,standart,100,1 seçim,26,Geniş Süpürüş - 4,2,70,Gold
11,Hız-alan + Ritim,bahcivan,standart,100,1 seçim,26,Taş Hasat - 2,1,65,Iron
11,Hız-alan + Ritim,bahcivan,standart,100,1 seçim,27,Geniş Tarama - 1,2,210,Gold
11,Hız-alan + Ritim,bahcivan,standart,100,1 seçim,28,İlk Vazgeçiş,1,150,Gold
11,Hız-alan + Ritim,bahcivan,standart,100,1 seçim,28,Kesim Tekniği - 3,1,65,Gold
11,Hız-alan + Ritim,bahcivan,standart,100,1 seçim,28,Güçlü Kesim - 1,2,160,Gold
11,Hız-alan + Ritim,bahcivan,standart,100,1 seçim,28,Kesim Tekniği - 3,2,70,Gold
11,Hız-alan + Ritim,bahcivan,standart,100,1 seçim,28,Grid Genişleme II,1,100,Stone
11,Hız-alan + Ritim,bahcivan,standart,100,1 seçim,28,Verimli Üretim - 1,2,260,Iron
11,Hız-alan + Ritim,bahcivan,standart,100,1 seçim,29,Demir Hasat - 3,1,65,Gold
11,Hız-alan + Ritim,bahcivan,standart,100,1 seçim,29,Kesim Tekniği - 4,1,80,Gold
11,Hız-alan + Ritim,bahcivan,standart,100,1 seçim,29,Demir Hasat - 3,2,70,Gold
11,Hız-alan + Ritim,bahcivan,standart,100,1 seçim,29,Nadir Filizler - 1,1,230,Iron
11,Hız-alan + Ritim,bahcivan,standart,100,1 seçim,29,Taş Hasat - 2,2,80,Iron
11,Hız-alan + Ritim,bahcivan,standart,100,1 seçim,30,Kesim Tekniği - 4,2,85,Gold
11,Hız-alan + Ritim,bahcivan,standart,100,1 seçim,30,Demir Hasat - 4,1,80,Gold
11,Hız-alan + Ritim,bahcivan,standart,100,1 seçim,30,Demir Hasat - 4,2,85,Gold
11,Hız-alan + Ritim,bahcivan,standart,100,1 seçim,30,Zengin Cevher - 1,1,50,Stone
11,Hız-alan + Ritim,bahcivan,standart,100,1 seçim,30,Zengin Cevher - 1,2,65,Stone
11,Hız-alan + Ritim,bahcivan,standart,100,1 seçim,31,Akıcı Kesim - 2,2,360,Gold
11,Hız-alan + Ritim,bahcivan,standart,100,1 seçim,31,Verimli Üretim - 1,3,320,Iron
11,Hız-alan + Ritim,bahcivan,standart,100,1 seçim,32,Altın Hasat II - 1,1,180,Gold
11,Hız-alan + Ritim,bahcivan,standart,100,1 seçim,32,Zengin Cevher - 1,3,80,Stone
11,Hız-alan + Ritim,bahcivan,standart,100,1 seçim,33,Geniş Tarama - 1,3,260,Gold
11,Hız-alan + Ritim,bahcivan,standart,100,1 seçim,33,Nadir Filizler - 1,2,300,Iron
11,Hız-alan + Ritim,bahcivan,standart,100,1 seçim,33,Taş Hasat - 3,1,90,Iron
11,Hız-alan + Ritim,bahcivan,standart,100,1 seçim,33,Zengin Cevher - 2,1,95,Stone
11,Hız-alan + Ritim,bahcivan,standart,100,1 seçim,34,Hasat Rekoru - 1,2,240,Gold
11,Hız-alan + Ritim,bahcivan,standart,100,1 seçim,34,Güçlü Kesim - 1,3,195,Gold
11,Hız-alan + Ritim,bahcivan,standart,100,1 seçim,34,Taş Hasat - 3,2,100,Iron
11,Hız-alan + Ritim,bahcivan,standart,100,1 seçim,34,Taş Hasat - 4,1,110,Iron
11,Hız-alan + Ritim,bahcivan,standart,100,1 seçim,34,Taş Hasat - 4,2,120,Iron
11,Hız-alan + Ritim,bahcivan,standart,100,1 seçim,34,Zengin Cevher - 2,2,110,Stone
11,Hız-alan + Ritim,bahcivan,standart,100,1 seçim,35,Akıcı Kesim - 3,1,400,Gold
11,Hız-alan + Ritim,bahcivan,standart,100,1 seçim,35,Zengin Cevher - 3,1,125,Stone
11,Hız-alan + Ritim,bahcivan,standart,100,1 seçim,36,Altın Hasat II - 1,2,240,Gold
11,Hız-alan + Ritim,bahcivan,standart,100,1 seçim,36,Geniş Tarama - 2,1,310,Gold
11,Hız-alan + Ritim,bahcivan,standart,100,1 seçim,36,Hasat Rekoru - 1,3,290,Gold
11,Hız-alan + Ritim,bahcivan,standart,100,1 seçim,36,Kesim Ustalığı - 1,1,560,Iron
11,Hız-alan + Ritim,bahcivan,standart,100,1 seçim,37,Güçlü Kesim - 2,1,230,Gold
11,Hız-alan + Ritim,bahcivan,standart,100,1 seçim,37,Akıcı Kesim - 3,2,450,Gold
11,Hız-alan + Ritim,bahcivan,standart,100,1 seçim,37,Verimli Üretim - 2,1,380,Iron
11,Hız-alan + Ritim,bahcivan,standart,100,1 seçim,37,Zengin Cevher - 3,2,140,Stone
11,Hız-alan + Ritim,bahcivan,standart,100,1 seçim,38,Altın Hasat II - 1,3,290,Gold
11,Hız-alan + Ritim,bahcivan,standart,100,1 seçim,38,Geniş Tarama - 2,2,360,Gold
11,Hız-alan + Ritim,bahcivan,standart,100,1 seçim,38,Güçlü Kesim - 2,2,270,Gold
11,Hız-alan + Ritim,bahcivan,standart,100,1 seçim,38,Kesim Ustalığı - 1,2,720,Iron
11,Hız-alan + Ritim,bahcivan,standart,100,1 seçim,39,Akıcı Kesim - 4,1,500,Gold
11,Hız-alan + Ritim,bahcivan,standart,100,1 seçim,39,Altın Hasat II - 2,1,350,Gold
11,Hız-alan + Ritim,bahcivan,standart,100,1 seçim,39,Geniş Tarama - 3,1,400,Gold
11,Hız-alan + Ritim,bahcivan,standart,100,1 seçim,39,Kritik Odak - 1,1,150,Gold
11,Hız-alan + Ritim,bahcivan,standart,100,1 seçim,39,İkinci Vazgeçiş,1,800,Iron
11,Hız-alan + Ritim,bahcivan,standart,100,1 seçim,39,Zengin Cevher - 4,1,155,Stone
11,Hız-alan + Ritim,bahcivan,standart,100,1 seçim,40,Hasat Rekoru - 2,1,350,Gold
11,Hız-alan + Ritim,bahcivan,standart,100,1 seçim,40,Güçlü Kesim - 3,1,300,Gold
11,Hız-alan + Ritim,bahcivan,standart,100,1 seçim,40,Nadir Filizler - 1,3,360,Iron
11,Hız-alan + Ritim,bahcivan,standart,100,1 seçim,40,Verimli Üretim - 2,2,440,Iron
11,Hız-alan + Ritim,bahcivan,standart,100,1 seçim,41,Akıcı Kesim - 4,2,550,Gold
11,Hız-alan + Ritim,bahcivan,standart,100,1 seçim,41,Altın Hasat II - 2,2,400,Gold
11,Hız-alan + Ritim,bahcivan,standart,100,1 seçim,41,Geniş Tarama - 3,2,450,Gold
11,Hız-alan + Ritim,bahcivan,standart,100,1 seçim,41,Kritik Odak - 1,2,195,Gold
11,Hız-alan + Ritim,bahcivan,standart,100,1 seçim,41,Kesim Ustalığı - 1,3,890,Iron
11,Hız-alan + Ritim,bahcivan,standart,100,1 seçim,41,Zengin Cevher - 4,2,170,Stone
11,Hız-alan + Ritim,bahcivan,standart,100,1 seçim,42,Hasat Deneyimi II - 1,1,450,Gold
11,Hız-alan + Ritim,bahcivan,standart,100,1 seçim,42,Hasat Rekoru - 2,2,400,Gold
11,Hız-alan + Ritim,bahcivan,standart,100,1 seçim,42,Güçlü Kesim - 3,2,340,Gold
11,Hız-alan + Ritim,bahcivan,standart,100,1 seçim,42,Nadir Filizler - 2,1,430,Iron
11,Hız-alan + Ritim,bahcivan,standart,100,1 seçim,42,Verimli Üretim - 3,1,510,Iron
11,Hız-alan + Ritim,bahcivan,standart,100,1 seçim,43,Altın Hasat II - 3,1,450,Gold
11,Hız-alan + Ritim,bahcivan,standart,100,1 seçim,43,Geniş Tarama - 4,1,500,Gold
11,Hız-alan + Ritim,bahcivan,standart,100,1 seçim,43,Kritik Odak - 1,3,240,Gold
11,Hız-alan + Ritim,bahcivan,standart,100,1 seçim,43,Kesim Ustalığı - 2,1,1100,Iron
11,Hız-alan + Ritim,bahcivan,standart,100,1 seçim,43,Kritik Güç - 1,1,150,Stone
11,Hız-alan + Ritim,bahcivan,standart,100,1 seçim,43,Kritik Güç - 1,2,195,Stone
11,Hız-alan + Ritim,bahcivan,standart,100,1 seçim,43,Kritik Güç - 1,3,240,Stone
11,Hız-alan + Ritim,bahcivan,standart,100,1 seçim,43,Kritik Güç - 2,1,290,Stone
11,Hız-alan + Ritim,bahcivan,standart,100,1 seçim,44,Hasat Deneyimi II - 1,2,590,Gold
11,Hız-alan + Ritim,bahcivan,standart,100,1 seçim,44,Güçlü Kesim - 4,1,380,Gold
11,Hız-alan + Ritim,bahcivan,standart,100,1 seçim,44,Altın Hasat II - 3,2,510,Gold
11,Hız-alan + Ritim,bahcivan,standart,100,1 seçim,44,Kritik Odak - 2,1,290,Gold
11,Hız-alan + Ritim,bahcivan,standart,100,1 seçim,44,Verimli Üretim - 3,2,570,Iron
11,Hız-alan + Ritim,bahcivan,standart,100,1 seçim,44,Nadir Filizler - 2,2,500,Iron
11,Hız-alan + Ritim,bahcivan,standart,100,1 seçim,44,Kritik Güç - 2,2,330,Stone
11,Hız-alan + Ritim,bahcivan,standart,100,1 seçim,45,Ağır Kesim - 1,1,1200,Gold
11,Hız-alan + Ritim,bahcivan,standart,100,1 seçim,45,Geniş Tarama - 4,2,550,Gold
11,Hız-alan + Ritim,bahcivan,standart,100,1 seçim,45,Kesim Ustalığı - 2,2,1200,Iron
11,Hız-alan + Ritim,bahcivan,standart,100,1 seçim,46,Hasat Rekoru - 3,1,450,Gold
11,Hız-alan + Ritim,bahcivan,standart,100,1 seçim,46,Kart Sezgisi - 1,1,710,Gold
11,Hız-alan + Ritim,bahcivan,standart,100,1 seçim,46,Hasat Deneyimi II - 1,3,730,Gold
11,Hız-alan + Ritim,bahcivan,standart,100,1 seçim,46,Verimli Üretim - 4,1,630,Iron
11,Hız-alan + Ritim,bahcivan,standart,100,1 seçim,46,Nadir Filizler - 3,1,570,Iron
11,Hız-alan + Ritim,bahcivan,standart,100,1 seçim,46,Kritik Güç - 3,1,380,Stone
11,Hız-alan + Ritim,bahcivan,standart,100,1 seçim,47,Altın Hasat II - 4,1,560,Gold
11,Hız-alan + Ritim,bahcivan,standart,100,1 seçim,47,Güçlü Kesim - 4,2,410,Gold
11,Hız-alan + Ritim,bahcivan,standart,100,1 seçim,47,Kritik Odak - 2,2,330,Gold
11,Hız-alan + Ritim,bahcivan,standart,100,1 seçim,47,Kritik Odak - 3,1,380,Gold
11,Hız-alan + Ritim,bahcivan,standart,100,1 seçim,47,Kesim Ustalığı - 3,1,1400,Iron
11,Hız-alan + Ritim,bahcivan,standart,100,1 seçim,48,Ağır Kesim - 1,2,1600,Gold
11,Hız-alan + Ritim,bahcivan,standart,100,1 seçim,48,Hasat Deneyimi II - 2,1,860,Gold
11,Hız-alan + Ritim,bahcivan,standart,100,1 seçim,48,Verimli Üretim - 4,2,690,Iron
11,Hız-alan + Ritim,bahcivan,standart,100,1 seçim,48,Grid Genişleme II,2,1800,Stone
11,Hız-alan + Ritim,bahcivan,standart,100,1 seçim,49,Kart Sezgisi - 1,2,920,Gold
11,Hız-alan + Ritim,bahcivan,standart,100,1 seçim,49,Hasat Rekoru - 3,2,510,Gold
11,Hız-alan + Ritim,bahcivan,standart,100,1 seçim,49,Altın Hasat II - 4,2,620,Gold
11,Hız-alan + Ritim,bahcivan,standart,100,1 seçim,49,Kritik Odak - 3,2,420,Gold
11,Hız-alan + Ritim,bahcivan,standart,100,1 seçim,49,Nadir Filizler - 3,2,640,Iron
11,Hız-alan + Ritim,bahcivan,standart,100,1 seçim,49,Kritik Güç - 3,2,420,Stone
12,Hız-alan + Ritim,bahcivan,standart,101,1 seçim,1,Hızlı Eller - 1,1,7,Gold
12,Hız-alan + Ritim,bahcivan,standart,101,1 seçim,2,Hızlı Eller - 1,2,9,Gold
12,Hız-alan + Ritim,bahcivan,standart,101,1 seçim,2,Hızlı Eller - 1,3,11,Gold
12,Hız-alan + Ritim,bahcivan,standart,101,1 seçim,2,Altın Hasat I - 1,1,7,Gold
12,Hız-alan + Ritim,bahcivan,standart,101,1 seçim,3,Hızlı Eller - 2,1,12,Gold
12,Hız-alan + Ritim,bahcivan,standart,101,1 seçim,4,Düzenli Üretim - 1,1,6,Gold
12,Hız-alan + Ritim,bahcivan,standart,101,1 seçim,4,Keskin Başlangıç - 1,1,5,Gold
12,Hız-alan + Ritim,bahcivan,standart,101,1 seçim,5,Keskin Başlangıç - 1,2,7,Gold
12,Hız-alan + Ritim,bahcivan,standart,101,1 seçim,5,Hasat Deneyimi I - 1,1,6,Gold
12,Hız-alan + Ritim,bahcivan,standart,101,1 seçim,6,Grid Genişleme I,1,30,Gold
12,Hız-alan + Ritim,bahcivan,standart,101,1 seçim,6,Altın Hasat I - 1,2,9,Gold
12,Hız-alan + Ritim,bahcivan,standart,101,1 seçim,6,Hızlı Eller - 2,2,14,Gold
12,Hız-alan + Ritim,bahcivan,standart,101,1 seçim,6,Altın Hasat I - 1,3,11,Gold
12,Hız-alan + Ritim,bahcivan,standart,101,1 seçim,7,Hızlı Eller - 3,1,16,Gold
12,Hız-alan + Ritim,bahcivan,standart,101,1 seçim,8,1×3 Saksı,1,30,Gold
12,Hız-alan + Ritim,bahcivan,standart,101,1 seçim,8,Geniş Süpürüş - 1,1,21,Gold
12,Hız-alan + Ritim,bahcivan,standart,101,1 seçim,9,Düzenli Üretim - 1,2,8,Gold
12,Hız-alan + Ritim,bahcivan,standart,101,1 seçim,9,Altın Hasat I - 2,1,13,Gold
12,Hız-alan + Ritim,bahcivan,standart,101,1 seçim,9,Hızlı Eller - 3,2,18,Gold
12,Hız-alan + Ritim,bahcivan,standart,101,1 seçim,9,Keskin Başlangıç - 1,3,8,Gold
12,Hız-alan + Ritim,bahcivan,standart,101,1 seçim,10,Geniş Süpürüş - 1,2,28,Gold
12,Hız-alan + Ritim,bahcivan,standart,101,1 seçim,10,Keskin Başlangıç - 2,1,10,Gold
12,Hız-alan + Ritim,bahcivan,standart,101,1 seçim,10,Altın Hasat I - 2,2,16,Gold
12,Hız-alan + Ritim,bahcivan,standart,101,1 seçim,11,Hızlı Eller - 4,1,20,Gold
12,Hız-alan + Ritim,bahcivan,standart,101,1 seçim,11,Düzenli Üretim - 1,3,10,Gold
12,Hız-alan + Ritim,bahcivan,standart,101,1 seçim,11,Geniş Süpürüş - 1,3,35,Gold
12,Hız-alan + Ritim,bahcivan,standart,101,1 seçim,11,Keskin Başlangıç - 2,2,11,Gold
12,Hız-alan + Ritim,bahcivan,standart,101,1 seçim,11,Grid Genişleme I,2,30,Iron
12,Hız-alan + Ritim,bahcivan,standart,101,1 seçim,12,Altın Hasat I - 3,1,18,Gold
12,Hız-alan + Ritim,bahcivan,standart,101,1 seçim,12,Düzenli Üretim - 2,1,12,Gold
12,Hız-alan + Ritim,bahcivan,standart,101,1 seçim,12,Hasat Deneyimi I - 1,2,8,Gold
12,Hız-alan + Ritim,bahcivan,standart,101,1 seçim,12,Keskin Başlangıç - 3,1,13,Gold
12,Hız-alan + Ritim,bahcivan,standart,101,1 seçim,12,Hasat Deneyimi I - 1,3,10,Gold
12,Hız-alan + Ritim,bahcivan,standart,101,1 seçim,12,Tornado Kartları,1,30,Iron
12,Hız-alan + Ritim,bahcivan,standart,101,1 seçim,13,2×2 Saksı,1,80,Gold
12,Hız-alan + Ritim,bahcivan,standart,101,1 seçim,14,Hızlı Eller - 4,2,22,Gold
12,Hız-alan + Ritim,bahcivan,standart,101,1 seçim,14,Altın Hasat I - 3,2,20,Gold
12,Hız-alan + Ritim,bahcivan,standart,101,1 seçim,14,Geniş Süpürüş - 2,1,40,Gold
12,Hız-alan + Ritim,bahcivan,standart,101,1 seçim,14,Keskin Başlangıç - 3,2,14,Gold
12,Hız-alan + Ritim,bahcivan,standart,101,1 seçim,15,Demir Hasat - 1,1,25,Gold
12,Hız-alan + Ritim,bahcivan,standart,101,1 seçim,15,Kesim Tekniği - 1,1,25,Gold
12,Hız-alan + Ritim,bahcivan,standart,101,1 seçim,15,Çifte Hasat Kartları,1,25,Iron
12,Hız-alan + Ritim,bahcivan,standart,101,1 seçim,15,Düzenli Üretim - 2,2,13,Gold
12,Hız-alan + Ritim,bahcivan,standart,101,1 seçim,15,Altın Hasat I - 4,1,22,Gold
12,Hız-alan + Ritim,bahcivan,standart,101,1 seçim,16,Keskin Başlangıç - 4,1,16,Gold
12,Hız-alan + Ritim,bahcivan,standart,101,1 seçim,16,Kesim Tekniği - 1,2,35,Gold
12,Hız-alan + Ritim,bahcivan,standart,101,1 seçim,16,Hasat Deneyimi I - 2,1,12,Gold
12,Hız-alan + Ritim,bahcivan,standart,101,1 seçim,16,Altın Hasat I - 4,2,24,Gold
12,Hız-alan + Ritim,bahcivan,standart,101,1 seçim,16,Keskin Başlangıç - 4,2,17,Gold
12,Hız-alan + Ritim,bahcivan,standart,101,1 seçim,16,Düzenli Üretim - 3,1,15,Gold
12,Hız-alan + Ritim,bahcivan,standart,101,1 seçim,17,Akıcı Kesim - 1,1,160,Gold
12,Hız-alan + Ritim,bahcivan,standart,101,1 seçim,18,Geniş Süpürüş - 2,2,45,Gold
12,Hız-alan + Ritim,bahcivan,standart,101,1 seçim,18,Demir Hasat - 1,2,35,Gold
12,Hız-alan + Ritim,bahcivan,standart,101,1 seçim,18,Geniş Süpürüş - 3,1,55,Gold
12,Hız-alan + Ritim,bahcivan,standart,101,1 seçim,18,Hasat Deneyimi I - 2,2,14,Gold
12,Hız-alan + Ritim,bahcivan,standart,101,1 seçim,18,Kesim Tekniği - 1,3,40,Gold
12,Hız-alan + Ritim,bahcivan,standart,101,1 seçim,18,Düzenli Üretim - 3,2,17,Gold
12,Hız-alan + Ritim,bahcivan,standart,101,1 seçim,19,Demir Hasat - 1,3,40,Gold
12,Hız-alan + Ritim,bahcivan,standart,101,1 seçim,19,Hasat Deneyimi I - 3,1,16,Gold
12,Hız-alan + Ritim,bahcivan,standart,101,1 seçim,19,Kesim Tekniği - 2,1,50,Gold
12,Hız-alan + Ritim,bahcivan,standart,101,1 seçim,19,Düzenli Üretim - 4,1,19,Gold
12,Hız-alan + Ritim,bahcivan,standart,101,1 seçim,19,Demir Hasat - 2,1,50,Gold
12,Hız-alan + Ritim,bahcivan,standart,101,1 seçim,19,Hasat Deneyimi I - 3,2,18,Gold
12,Hız-alan + Ritim,bahcivan,standart,101,1 seçim,19,Taş Hasat - 1,1,35,Iron
12,Hız-alan + Ritim,bahcivan,standart,101,1 seçim,20,Düzenli Üretim - 4,2,21,Gold
12,Hız-alan + Ritim,bahcivan,standart,101,1 seçim,20,Hasat Deneyimi I - 4,1,20,Gold
12,Hız-alan + Ritim,bahcivan,standart,101,1 seçim,20,Hasat Deneyimi I - 4,2,21,Gold
12,Hız-alan + Ritim,bahcivan,standart,101,1 seçim,21,Akıcı Kesim - 1,2,210,Gold
12,Hız-alan + Ritim,bahcivan,standart,101,1 seçim,21,2×3 Saksı,1,200,Gold
12,Hız-alan + Ritim,bahcivan,standart,101,1 seçim,21,Geniş Süpürüş - 3,2,60,Gold
12,Hız-alan + Ritim,bahcivan,standart,101,1 seçim,21,Bumerang Orak Kartları,1,40,Iron
12,Hız-alan + Ritim,bahcivan,standart,101,1 seçim,22,Akıcı Kesim - 1,3,260,Gold
12,Hız-alan + Ritim,bahcivan,standart,101,1 seçim,22,Taş Hasat - 1,2,45,Iron
12,Hız-alan + Ritim,bahcivan,standart,101,1 seçim,23,Geniş Tarama - 1,1,160,Gold
12,Hız-alan + Ritim,bahcivan,standart,101,1 seçim,23,Geniş Süpürüş - 4,1,65,Gold
12,Hız-alan + Ritim,bahcivan,standart,101,1 seçim,23,Güçlü Kesim - 1,1,120,Gold
12,Hız-alan + Ritim,bahcivan,standart,101,1 seçim,24,Hasat Rekoru - 1,1,180,Gold
12,Hız-alan + Ritim,bahcivan,standart,101,1 seçim,24,Kesim Tekniği - 2,2,55,Gold
12,Hız-alan + Ritim,bahcivan,standart,101,1 seçim,24,Geniş Süpürüş - 4,2,70,Gold
12,Hız-alan + Ritim,bahcivan,standart,101,1 seçim,24,Kesim Tekniği - 3,1,65,Gold
12,Hız-alan + Ritim,bahcivan,standart,101,1 seçim,24,Demir Hasat - 2,2,55,Gold
12,Hız-alan + Ritim,bahcivan,standart,101,1 seçim,24,Verimli Üretim - 1,1,200,Iron
12,Hız-alan + Ritim,bahcivan,standart,101,1 seçim,24,Taş Hasat - 1,3,55,Iron
12,Hız-alan + Ritim,bahcivan,standart,101,1 seçim,24,Taş Hasat - 2,1,65,Iron
12,Hız-alan + Ritim,bahcivan,standart,101,1 seçim,25,Akıcı Kesim - 2,1,310,Gold
12,Hız-alan + Ritim,bahcivan,standart,101,1 seçim,26,Geniş Tarama - 1,2,210,Gold
12,Hız-alan + Ritim,bahcivan,standart,101,1 seçim,26,İlk Vazgeçiş,1,150,Gold
12,Hız-alan + Ritim,bahcivan,standart,101,1 seçim,26,Güçlü Kesim - 1,2,160,Gold
12,Hız-alan + Ritim,bahcivan,standart,101,1 seçim,26,Grid Genişleme II,1,100,Stone
12,Hız-alan + Ritim,bahcivan,standart,101,1 seçim,26,Verimli Üretim - 1,2,260,Iron
12,Hız-alan + Ritim,bahcivan,standart,101,1 seçim,27,Kesim Tekniği - 3,2,70,Gold
12,Hız-alan + Ritim,bahcivan,standart,101,1 seçim,27,Demir Hasat - 3,1,65,Gold
12,Hız-alan + Ritim,bahcivan,standart,101,1 seçim,27,Kesim Tekniği - 4,1,80,Gold
12,Hız-alan + Ritim,bahcivan,standart,101,1 seçim,27,Demir Hasat - 3,2,70,Gold
12,Hız-alan + Ritim,bahcivan,standart,101,1 seçim,27,Zengin Cevher - 1,1,50,Stone
12,Hız-alan + Ritim,bahcivan,standart,101,1 seçim,28,Kesim Tekniği - 4,2,85,Gold
12,Hız-alan + Ritim,bahcivan,standart,101,1 seçim,28,Nadir Filizler - 1,1,230,Iron
12,Hız-alan + Ritim,bahcivan,standart,101,1 seçim,28,Demir Hasat - 4,1,80,Gold
12,Hız-alan + Ritim,bahcivan,standart,101,1 seçim,28,Taş Hasat - 2,2,80,Iron
12,Hız-alan + Ritim,bahcivan,standart,101,1 seçim,28,Demir Hasat - 4,2,85,Gold
12,Hız-alan + Ritim,bahcivan,standart,101,1 seçim,29,Akıcı Kesim - 2,2,360,Gold
12,Hız-alan + Ritim,bahcivan,standart,101,1 seçim,29,Verimli Üretim - 1,3,320,Iron
12,Hız-alan + Ritim,bahcivan,standart,101,1 seçim,29,Zengin Cevher - 1,2,65,Stone
12,Hız-alan + Ritim,bahcivan,standart,101,1 seçim,30,Altın Hasat II - 1,1,180,Gold
12,Hız-alan + Ritim,bahcivan,standart,101,1 seçim,30,Geniş Tarama - 1,3,260,Gold
12,Hız-alan + Ritim,bahcivan,standart,101,1 seçim,30,Nadir Filizler - 1,2,300,Iron
12,Hız-alan + Ritim,bahcivan,standart,101,1 seçim,30,Taş Hasat - 3,1,90,Iron
12,Hız-alan + Ritim,bahcivan,standart,101,1 seçim,30,Zengin Cevher - 1,3,80,Stone
12,Hız-alan + Ritim,bahcivan,standart,101,1 seçim,31,Hasat Rekoru - 1,2,240,Gold
12,Hız-alan + Ritim,bahcivan,standart,101,1 seçim,31,Güçlü Kesim - 1,3,195,Gold
12,Hız-alan + Ritim,bahcivan,standart,101,1 seçim,31,Akıcı Kesim - 3,1,400,Gold
12,Hız-alan + Ritim,bahcivan,standart,101,1 seçim,31,Kesim Ustalığı - 1,1,560,Iron
12,Hız-alan + Ritim,bahcivan,standart,101,1 seçim,31,Zengin Cevher - 2,1,95,Stone
12,Hız-alan + Ritim,bahcivan,standart,101,1 seçim,32,Altın Hasat II - 1,2,240,Gold
12,Hız-alan + Ritim,bahcivan,standart,101,1 seçim,32,Geniş Tarama - 2,1,310,Gold
12,Hız-alan + Ritim,bahcivan,standart,101,1 seçim,32,Hasat Rekoru - 1,3,290,Gold
12,Hız-alan + Ritim,bahcivan,standart,101,1 seçim,32,Verimli Üretim - 2,1,380,Iron
12,Hız-alan + Ritim,bahcivan,standart,101,1 seçim,32,Taş Hasat - 3,2,100,Iron
12,Hız-alan + Ritim,bahcivan,standart,101,1 seçim,32,Taş Hasat - 4,1,110,Iron
12,Hız-alan + Ritim,bahcivan,standart,101,1 seçim,32,Taş Hasat - 4,2,120,Iron
12,Hız-alan + Ritim,bahcivan,standart,101,1 seçim,33,Güçlü Kesim - 2,1,230,Gold
12,Hız-alan + Ritim,bahcivan,standart,101,1 seçim,33,Akıcı Kesim - 3,2,450,Gold
12,Hız-alan + Ritim,bahcivan,standart,101,1 seçim,33,Altın Hasat II - 1,3,290,Gold
12,Hız-alan + Ritim,bahcivan,standart,101,1 seçim,33,Kesim Ustalığı - 1,2,720,Iron
12,Hız-alan + Ritim,bahcivan,standart,101,1 seçim,33,Zengin Cevher - 2,2,110,Stone
12,Hız-alan + Ritim,bahcivan,standart,101,1 seçim,34,Geniş Tarama - 2,2,360,Gold
12,Hız-alan + Ritim,bahcivan,standart,101,1 seçim,34,Güçlü Kesim - 2,2,270,Gold
12,Hız-alan + Ritim,bahcivan,standart,101,1 seçim,34,Akıcı Kesim - 4,1,500,Gold
12,Hız-alan + Ritim,bahcivan,standart,101,1 seçim,34,Altın Hasat II - 2,1,350,Gold
12,Hız-alan + Ritim,bahcivan,standart,101,1 seçim,35,Geniş Tarama - 3,1,400,Gold
12,Hız-alan + Ritim,bahcivan,standart,101,1 seçim,35,Kritik Odak - 1,1,150,Gold
12,Hız-alan + Ritim,bahcivan,standart,101,1 seçim,35,Hasat Rekoru - 2,1,350,Gold
12,Hız-alan + Ritim,bahcivan,standart,101,1 seçim,35,İkinci Vazgeçiş,1,800,Iron
12,Hız-alan + Ritim,bahcivan,standart,101,1 seçim,35,Nadir Filizler - 1,3,360,Iron
12,Hız-alan + Ritim,bahcivan,standart,101,1 seçim,35,Zengin Cevher - 3,1,125,Stone
12,Hız-alan + Ritim,bahcivan,standart,101,1 seçim,36,Güçlü Kesim - 3,1,300,Gold
12,Hız-alan + Ritim,bahcivan,standart,101,1 seçim,36,Akıcı Kesim - 4,2,550,Gold
12,Hız-alan + Ritim,bahcivan,standart,101,1 seçim,36,Altın Hasat II - 2,2,400,Gold
12,Hız-alan + Ritim,bahcivan,standart,101,1 seçim,36,Verimli Üretim - 2,2,440,Iron
12,Hız-alan + Ritim,bahcivan,standart,101,1 seçim,37,Geniş Tarama - 3,2,450,Gold
12,Hız-alan + Ritim,bahcivan,standart,101,1 seçim,37,Kritik Odak - 1,2,195,Gold
12,Hız-alan + Ritim,bahcivan,standart,101,1 seçim,37,Hasat Deneyimi II - 1,1,450,Gold
12,Hız-alan + Ritim,bahcivan,standart,101,1 seçim,37,Hasat Rekoru - 2,2,400,Gold
12,Hız-alan + Ritim,bahcivan,standart,101,1 seçim,37,Kesim Ustalığı - 1,3,890,Iron
12,Hız-alan + Ritim,bahcivan,standart,101,1 seçim,37,Nadir Filizler - 2,1,430,Iron
12,Hız-alan + Ritim,bahcivan,standart,101,1 seçim,37,Verimli Üretim - 3,1,510,Iron
12,Hız-alan + Ritim,bahcivan,standart,101,1 seçim,37,Zengin Cevher - 3,2,140,Stone
12,Hız-alan + Ritim,bahcivan,standart,101,1 seçim,38,Güçlü Kesim - 3,2,340,Gold
12,Hız-alan + Ritim,bahcivan,standart,101,1 seçim,38,Altın Hasat II - 3,1,450,Gold
12,Hız-alan + Ritim,bahcivan,standart,101,1 seçim,38,Geniş Tarama - 4,1,500,Gold
12,Hız-alan + Ritim,bahcivan,standart,101,1 seçim,38,Kritik Odak - 1,3,240,Gold
12,Hız-alan + Ritim,bahcivan,standart,101,1 seçim,38,Kesim Ustalığı - 2,1,1100,Iron
12,Hız-alan + Ritim,bahcivan,standart,101,1 seçim,38,Kritik Güç - 1,1,150,Stone
12,Hız-alan + Ritim,bahcivan,standart,101,1 seçim,38,Kritik Güç - 1,2,195,Stone
12,Hız-alan + Ritim,bahcivan,standart,101,1 seçim,39,Hasat Deneyimi II - 1,2,590,Gold
12,Hız-alan + Ritim,bahcivan,standart,101,1 seçim,39,Güçlü Kesim - 4,1,380,Gold
12,Hız-alan + Ritim,bahcivan,standart,101,1 seçim,39,Altın Hasat II - 3,2,510,Gold
12,Hız-alan + Ritim,bahcivan,standart,101,1 seçim,39,Kritik Odak - 2,1,290,Gold
12,Hız-alan + Ritim,bahcivan,standart,101,1 seçim,39,Verimli Üretim - 3,2,570,Iron
12,Hız-alan + Ritim,bahcivan,standart,101,1 seçim,39,Nadir Filizler - 2,2,500,Iron
12,Hız-alan + Ritim,bahcivan,standart,101,1 seçim,39,Zengin Cevher - 4,1,155,Stone
12,Hız-alan + Ritim,bahcivan,standart,101,1 seçim,40,Ağır Kesim - 1,1,1200,Gold
12,Hız-alan + Ritim,bahcivan,standart,101,1 seçim,40,Geniş Tarama - 4,2,550,Gold
12,Hız-alan + Ritim,bahcivan,standart,101,1 seçim,40,Hasat Rekoru - 3,1,450,Gold
12,Hız-alan + Ritim,bahcivan,standart,101,1 seçim,40,Kesim Ustalığı - 2,2,1200,Iron
12,Hız-alan + Ritim,bahcivan,standart,101,1 seçim,40,Kritik Güç - 1,3,240,Stone
12,Hız-alan + Ritim,bahcivan,standart,101,1 seçim,41,Kart Sezgisi - 1,1,710,Gold
12,Hız-alan + Ritim,bahcivan,standart,101,1 seçim,41,Hasat Deneyimi II - 1,3,730,Gold
12,Hız-alan + Ritim,bahcivan,standart,101,1 seçim,41,Altın Hasat II - 4,1,560,Gold
12,Hız-alan + Ritim,bahcivan,standart,101,1 seçim,41,Güçlü Kesim - 4,2,410,Gold
12,Hız-alan + Ritim,bahcivan,standart,101,1 seçim,41,Kritik Odak - 2,2,330,Gold
12,Hız-alan + Ritim,bahcivan,standart,101,1 seçim,41,Verimli Üretim - 4,1,630,Iron
12,Hız-alan + Ritim,bahcivan,standart,101,1 seçim,41,Nadir Filizler - 3,1,570,Iron
12,Hız-alan + Ritim,bahcivan,standart,101,1 seçim,41,Grid Genişleme II,2,1800,Stone
12,Hız-alan + Ritim,bahcivan,standart,101,1 seçim,41,Zengin Cevher - 4,2,170,Stone
12,Hız-alan + Ritim,bahcivan,standart,101,1 seçim,42,Ağır Kesim - 1,2,1600,Gold
12,Hız-alan + Ritim,bahcivan,standart,101,1 seçim,42,Hasat Deneyimi II - 2,1,860,Gold
12,Hız-alan + Ritim,bahcivan,standart,101,1 seçim,42,Kesim Ustalığı - 3,1,1400,Iron
12,Hız-alan + Ritim,bahcivan,standart,101,1 seçim,42,Verimli Üretim - 4,2,690,Iron
12,Hız-alan + Ritim,bahcivan,standart,101,1 seçim,42,Kritik Güç - 2,1,290,Stone
12,Hız-alan + Ritim,bahcivan,standart,101,1 seçim,43,Kart Sezgisi - 1,2,920,Gold
12,Hız-alan + Ritim,bahcivan,standart,101,1 seçim,43,Hasat Rekoru - 3,2,510,Gold
12,Hız-alan + Ritim,bahcivan,standart,101,1 seçim,43,Altın Hasat II - 4,2,620,Gold
12,Hız-alan + Ritim,bahcivan,standart,101,1 seçim,43,Kritik Odak - 3,1,380,Gold
12,Hız-alan + Ritim,bahcivan,standart,101,1 seçim,43,Kritik Odak - 3,2,420,Gold
12,Hız-alan + Ritim,bahcivan,standart,101,1 seçim,43,Kritik Odak - 4,1,470,Gold
12,Hız-alan + Ritim,bahcivan,standart,101,1 seçim,43,Nadir Filizler - 3,2,640,Iron
12,Hız-alan + Ritim,bahcivan,standart,101,1 seçim,43,Kesim Ustalığı - 3,2,1600,Iron
12,Hız-alan + Ritim,bahcivan,standart,101,1 seçim,44,Ağır Kesim - 1,3,1900,Gold
12,Hız-alan + Ritim,bahcivan,standart,101,1 seçim,44,Hasat Deneyimi II - 2,2,1000,Gold
12,Hız-alan + Ritim,bahcivan,standart,101,1 seçim,44,Kart Sezgisi - 1,3,1100,Gold
12,Hız-alan + Ritim,bahcivan,standart,101,1 seçim,44,Nadir Filizler - 4,1,700,Iron
12,Hız-alan + Ritim,bahcivan,standart,101,1 seçim,44,Kritik Güç - 2,2,330,Stone
12,Hız-alan + Ritim,bahcivan,standart,101,1 seçim,45,Ağır Kesim - 2,1,2300,Gold
12,Hız-alan + Ritim,bahcivan,standart,101,1 seçim,45,Kesim Ustalığı - 4,1,1700,Iron
12,Hız-alan + Ritim,bahcivan,standart,101,1 seçim,45,Nadir Filizler - 4,2,770,Iron
12,Hız-alan + Ritim,bahcivan,standart,101,1 seçim,46,Hasat Rekoru - 4,1,560,Gold
12,Hız-alan + Ritim,bahcivan,standart,101,1 seçim,46,Hasat Deneyimi II - 3,1,1100,Gold
12,Hız-alan + Ritim,bahcivan,standart,101,1 seçim,46,Kart Sezgisi - 2,1,1300,Gold
12,Hız-alan + Ritim,bahcivan,standart,101,1 seçim,46,Hasat Rekoru - 4,2,620,Gold
12,Hız-alan + Ritim,bahcivan,standart,101,1 seçim,46,Kritik Odak - 4,2,520,Gold
12,Hız-alan + Ritim,bahcivan,standart,101,1 seçim,46,Kesim Ustalığı - 4,2,1900,Iron
12,Hız-alan + Ritim,bahcivan,standart,101,1 seçim,46,Kritik Güç - 3,1,380,Stone
12,Hız-alan + Ritim,bahcivan,standart,101,1 seçim,47,Ağır Kesim - 2,2,2700,Gold
12,Hız-alan + Ritim,bahcivan,standart,101,1 seçim,47,Hasat Deneyimi II - 3,2,1300,Gold
12,Hız-alan + Ritim,bahcivan,standart,101,1 seçim,48,Kart Sezgisi - 2,2,1600,Gold
12,Hız-alan + Ritim,bahcivan,standart,101,1 seçim,48,Kritik Güç - 3,2,420,Stone
12,Hız-alan + Ritim,bahcivan,standart,101,1 seçim,49,Ağır Kesim - 3,1,3000,Gold
12,Hız-alan + Ritim,bahcivan,standart,101,1 seçim,49,Hasat Deneyimi II - 4,1,1400,Gold
13,Hız-alan + Ritim,bahcivan,standart,102,1 seçim,1,Hızlı Eller - 1,1,7,Gold
13,Hız-alan + Ritim,bahcivan,standart,102,1 seçim,2,Hızlı Eller - 1,2,9,Gold
13,Hız-alan + Ritim,bahcivan,standart,102,1 seçim,3,Hızlı Eller - 1,3,11,Gold
13,Hız-alan + Ritim,bahcivan,standart,102,1 seçim,4,Altın Hasat I - 1,1,7,Gold
13,Hız-alan + Ritim,bahcivan,standart,102,1 seçim,4,Hızlı Eller - 2,1,12,Gold
13,Hız-alan + Ritim,bahcivan,standart,102,1 seçim,4,Düzenli Üretim - 1,1,6,Gold
13,Hız-alan + Ritim,bahcivan,standart,102,1 seçim,4,Keskin Başlangıç - 1,1,5,Gold
13,Hız-alan + Ritim,bahcivan,standart,102,1 seçim,4,Keskin Başlangıç - 1,2,7,Gold
13,Hız-alan + Ritim,bahcivan,standart,102,1 seçim,5,Hasat Deneyimi I - 1,1,6,Gold
13,Hız-alan + Ritim,bahcivan,standart,102,1 seçim,6,Grid Genişleme I,1,30,Gold
13,Hız-alan + Ritim,bahcivan,standart,102,1 seçim,6,Altın Hasat I - 1,2,9,Gold
13,Hız-alan + Ritim,bahcivan,standart,102,1 seçim,7,Hızlı Eller - 2,2,14,Gold
13,Hız-alan + Ritim,bahcivan,standart,102,1 seçim,7,Altın Hasat I - 1,3,11,Gold
13,Hız-alan + Ritim,bahcivan,standart,102,1 seçim,8,Hızlı Eller - 3,1,16,Gold
13,Hız-alan + Ritim,bahcivan,standart,102,1 seçim,9,1×3 Saksı,1,30,Gold
13,Hız-alan + Ritim,bahcivan,standart,102,1 seçim,9,Geniş Süpürüş - 1,1,21,Gold
13,Hız-alan + Ritim,bahcivan,standart,102,1 seçim,11,Düzenli Üretim - 1,2,8,Gold
13,Hız-alan + Ritim,bahcivan,standart,102,1 seçim,11,Altın Hasat I - 2,1,13,Gold
13,Hız-alan + Ritim,bahcivan,standart,102,1 seçim,11,Hızlı Eller - 3,2,18,Gold
13,Hız-alan + Ritim,bahcivan,standart,102,1 seçim,11,Keskin Başlangıç - 1,3,8,Gold
13,Hız-alan + Ritim,bahcivan,standart,102,1 seçim,11,Grid Genişleme I,2,30,Iron
13,Hız-alan + Ritim,bahcivan,standart,102,1 seçim,12,Geniş Süpürüş - 1,2,28,Gold
13,Hız-alan + Ritim,bahcivan,standart,102,1 seçim,12,Keskin Başlangıç - 2,1,10,Gold
13,Hız-alan + Ritim,bahcivan,standart,102,1 seçim,12,Tornado Kartları,1,30,Iron
13,Hız-alan + Ritim,bahcivan,standart,102,1 seçim,13,Altın Hasat I - 2,2,16,Gold
13,Hız-alan + Ritim,bahcivan,standart,102,1 seçim,13,Hızlı Eller - 4,1,20,Gold
13,Hız-alan + Ritim,bahcivan,standart,102,1 seçim,13,Düzenli Üretim - 1,3,10,Gold
13,Hız-alan + Ritim,bahcivan,standart,102,1 seçim,13,Hasat Deneyimi I - 1,2,8,Gold
13,Hız-alan + Ritim,bahcivan,standart,102,1 seçim,14,Geniş Süpürüş - 1,3,35,Gold
13,Hız-alan + Ritim,bahcivan,standart,102,1 seçim,14,Keskin Başlangıç - 2,2,11,Gold
13,Hız-alan + Ritim,bahcivan,standart,102,1 seçim,14,Altın Hasat I - 3,1,18,Gold
13,Hız-alan + Ritim,bahcivan,standart,102,1 seçim,15,Düzenli Üretim - 2,1,12,Gold
13,Hız-alan + Ritim,bahcivan,standart,102,1 seçim,15,Keskin Başlangıç - 3,1,13,Gold
13,Hız-alan + Ritim,bahcivan,standart,102,1 seçim,15,Altın Hasat I - 3,2,20,Gold
13,Hız-alan + Ritim,bahcivan,standart,102,1 seçim,15,Keskin Başlangıç - 3,2,14,Gold
13,Hız-alan + Ritim,bahcivan,standart,102,1 seçim,15,Hasat Deneyimi I - 1,3,10,Gold
13,Hız-alan + Ritim,bahcivan,standart,102,1 seçim,16,2×2 Saksı,1,80,Gold
13,Hız-alan + Ritim,bahcivan,standart,102,1 seçim,16,Hızlı Eller - 4,2,22,Gold
13,Hız-alan + Ritim,bahcivan,standart,102,1 seçim,16,Çifte Hasat Kartları,1,25,Iron
13,Hız-alan + Ritim,bahcivan,standart,102,1 seçim,17,Geniş Süpürüş - 2,1,40,Gold
13,Hız-alan + Ritim,bahcivan,standart,102,1 seçim,17,Demir Hasat - 1,1,25,Gold
13,Hız-alan + Ritim,bahcivan,standart,102,1 seçim,17,Kesim Tekniği - 1,1,25,Gold
13,Hız-alan + Ritim,bahcivan,standart,102,1 seçim,17,Düzenli Üretim - 2,2,13,Gold
13,Hız-alan + Ritim,bahcivan,standart,102,1 seçim,18,Altın Hasat I - 4,1,22,Gold
13,Hız-alan + Ritim,bahcivan,standart,102,1 seçim,18,Keskin Başlangıç - 4,1,16,Gold
13,Hız-alan + Ritim,bahcivan,standart,102,1 seçim,18,Akıcı Kesim - 1,1,160,Gold
13,Hız-alan + Ritim,bahcivan,standart,102,1 seçim,19,Geniş Süpürüş - 2,2,45,Gold
13,Hız-alan + Ritim,bahcivan,standart,102,1 seçim,19,Kesim Tekniği - 1,2,35,Gold
13,Hız-alan + Ritim,bahcivan,standart,102,1 seçim,19,Hasat Deneyimi I - 2,1,12,Gold
13,Hız-alan + Ritim,bahcivan,standart,102,1 seçim,19,Altın Hasat I - 4,2,24,Gold
13,Hız-alan + Ritim,bahcivan,standart,102,1 seçim,19,Keskin Başlangıç - 4,2,17,Gold
13,Hız-alan + Ritim,bahcivan,standart,102,1 seçim,19,Demir Hasat - 1,2,35,Gold
13,Hız-alan + Ritim,bahcivan,standart,102,1 seçim,19,Düzenli Üretim - 3,1,15,Gold
13,Hız-alan + Ritim,bahcivan,standart,102,1 seçim,19,Geniş Süpürüş - 3,1,55,Gold
13,Hız-alan + Ritim,bahcivan,standart,102,1 seçim,19,Hasat Deneyimi I - 2,2,14,Gold
13,Hız-alan + Ritim,bahcivan,standart,102,1 seçim,19,Düzenli Üretim - 3,2,17,Gold
13,Hız-alan + Ritim,bahcivan,standart,102,1 seçim,20,Kesim Tekniği - 1,3,40,Gold
13,Hız-alan + Ritim,bahcivan,standart,102,1 seçim,20,Demir Hasat - 1,3,40,Gold
13,Hız-alan + Ritim,bahcivan,standart,102,1 seçim,20,Hasat Deneyimi I - 3,1,16,Gold
13,Hız-alan + Ritim,bahcivan,standart,102,1 seçim,20,Kesim Tekniği - 2,1,50,Gold
13,Hız-alan + Ritim,bahcivan,standart,102,1 seçim,20,Düzenli Üretim - 4,1,19,Gold
13,Hız-alan + Ritim,bahcivan,standart,102,1 seçim,20,Taş Hasat - 1,1,35,Iron
13,Hız-alan + Ritim,bahcivan,standart,102,1 seçim,21,Akıcı Kesim - 1,2,210,Gold
13,Hız-alan + Ritim,bahcivan,standart,102,1 seçim,21,Demir Hasat - 2,1,50,Gold
13,Hız-alan + Ritim,bahcivan,standart,102,1 seçim,21,Hasat Deneyimi I - 3,2,18,Gold
13,Hız-alan + Ritim,bahcivan,standart,102,1 seçim,21,Düzenli Üretim - 4,2,21,Gold
13,Hız-alan + Ritim,bahcivan,standart,102,1 seçim,21,Hasat Deneyimi I - 4,1,20,Gold
13,Hız-alan + Ritim,bahcivan,standart,102,1 seçim,21,Bumerang Orak Kartları,1,40,Iron
13,Hız-alan + Ritim,bahcivan,standart,102,1 seçim,22,2×3 Saksı,1,200,Gold
13,Hız-alan + Ritim,bahcivan,standart,102,1 seçim,22,Geniş Süpürüş - 3,2,60,Gold
13,Hız-alan + Ritim,bahcivan,standart,102,1 seçim,22,Kesim Tekniği - 2,2,55,Gold
13,Hız-alan + Ritim,bahcivan,standart,102,1 seçim,22,Taş Hasat - 1,2,45,Iron
13,Hız-alan + Ritim,bahcivan,standart,102,1 seçim,23,Akıcı Kesim - 1,3,260,Gold
13,Hız-alan + Ritim,bahcivan,standart,102,1 seçim,23,Geniş Tarama - 1,1,160,Gold
13,Hız-alan + Ritim,bahcivan,standart,102,1 seçim,24,Geniş Süpürüş - 4,1,65,Gold
13,Hız-alan + Ritim,bahcivan,standart,102,1 seçim,24,Güçlü Kesim - 1,1,120,Gold
13,Hız-alan + Ritim,bahcivan,standart,102,1 seçim,24,Hasat Rekoru - 1,1,180,Gold
13,Hız-alan + Ritim,bahcivan,standart,102,1 seçim,24,Hasat Deneyimi I - 4,2,21,Gold
13,Hız-alan + Ritim,bahcivan,standart,102,1 seçim,24,Verimli Üretim - 1,1,200,Iron
13,Hız-alan + Ritim,bahcivan,standart,102,1 seçim,25,Akıcı Kesim - 2,1,310,Gold
13,Hız-alan + Ritim,bahcivan,standart,102,1 seçim,25,Geniş Süpürüş - 4,2,70,Gold
13,Hız-alan + Ritim,bahcivan,standart,102,1 seçim,25,Taş Hasat - 1,3,55,Iron
13,Hız-alan + Ritim,bahcivan,standart,102,1 seçim,26,Geniş Tarama - 1,2,210,Gold
13,Hız-alan + Ritim,bahcivan,standart,102,1 seçim,26,İlk Vazgeçiş,1,150,Gold
13,Hız-alan + Ritim,bahcivan,standart,102,1 seçim,26,Kesim Tekniği - 3,1,65,Gold
13,Hız-alan + Ritim,bahcivan,standart,102,1 seçim,26,Demir Hasat - 2,2,55,Gold
13,Hız-alan + Ritim,bahcivan,standart,102,1 seçim,26,Güçlü Kesim - 1,2,160,Gold
13,Hız-alan + Ritim,bahcivan,standart,102,1 seçim,26,Kesim Tekniği - 3,2,70,Gold
13,Hız-alan + Ritim,bahcivan,standart,102,1 seçim,26,Taş Hasat - 2,1,65,Iron
13,Hız-alan + Ritim,bahcivan,standart,102,1 seçim,27,Akıcı Kesim - 2,2,360,Gold
13,Hız-alan + Ritim,bahcivan,standart,102,1 seçim,27,Altın Hasat II - 1,1,180,Gold
13,Hız-alan + Ritim,bahcivan,standart,102,1 seçim,27,Verimli Üretim - 1,2,260,Iron
13,Hız-alan + Ritim,bahcivan,standart,102,1 seçim,28,Geniş Tarama - 1,3,260,Gold
13,Hız-alan + Ritim,bahcivan,standart,102,1 seçim,28,Hasat Rekoru - 1,2,240,Gold
13,Hız-alan + Ritim,bahcivan,standart,102,1 seçim,28,Demir Hasat - 3,1,65,Gold
13,Hız-alan + Ritim,bahcivan,standart,102,1 seçim,28,Grid Genişleme II,1,100,Stone
13,Hız-alan + Ritim,bahcivan,standart,102,1 seçim,28,Nadir Filizler - 1,1,230,Iron
13,Hız-alan + Ritim,bahcivan,standart,102,1 seçim,28,Taş Hasat - 2,2,80,Iron
13,Hız-alan + Ritim,bahcivan,standart,102,1 seçim,29,Güçlü Kesim - 1,3,195,Gold
13,Hız-alan + Ritim,bahcivan,standart,102,1 seçim,29,Kesim Tekniği - 4,1,80,Gold
13,Hız-alan + Ritim,bahcivan,standart,102,1 seçim,29,Demir Hasat - 3,2,70,Gold
13,Hız-alan + Ritim,bahcivan,standart,102,1 seçim,29,Kesim Tekniği - 4,2,85,Gold
13,Hız-alan + Ritim,bahcivan,standart,102,1 seçim,30,Demir Hasat - 4,1,80,Gold
13,Hız-alan + Ritim,bahcivan,standart,102,1 seçim,30,Verimli Üretim - 1,3,320,Iron
13,Hız-alan + Ritim,bahcivan,standart,102,1 seçim,30,Demir Hasat - 4,2,85,Gold
13,Hız-alan + Ritim,bahcivan,standart,102,1 seçim,30,Zengin Cevher - 1,1,50,Stone
13,Hız-alan + Ritim,bahcivan,standart,102,1 seçim,31,Akıcı Kesim - 3,1,400,Gold
13,Hız-alan + Ritim,bahcivan,standart,102,1 seçim,31,Altın Hasat II - 1,2,240,Gold
13,Hız-alan + Ritim,bahcivan,standart,102,1 seçim,31,Geniş Tarama - 2,1,310,Gold
13,Hız-alan + Ritim,bahcivan,standart,102,1 seçim,31,Taş Hasat - 3,1,90,Iron
13,Hız-alan + Ritim,bahcivan,standart,102,1 seçim,31,Zengin Cevher - 1,2,65,Stone
13,Hız-alan + Ritim,bahcivan,standart,102,1 seçim,31,Taş Hasat - 3,2,100,Iron
13,Hız-alan + Ritim,bahcivan,standart,102,1 seçim,31,Zengin Cevher - 1,3,80,Stone
13,Hız-alan + Ritim,bahcivan,standart,102,1 seçim,31,Taş Hasat - 4,1,110,Iron
13,Hız-alan + Ritim,bahcivan,standart,102,1 seçim,31,Taş Hasat - 4,2,120,Iron
13,Hız-alan + Ritim,bahcivan,standart,102,1 seçim,32,Hasat Rekoru - 1,3,290,Gold
13,Hız-alan + Ritim,bahcivan,standart,102,1 seçim,32,Güçlü Kesim - 2,1,230,Gold
13,Hız-alan + Ritim,bahcivan,standart,102,1 seçim,32,Akıcı Kesim - 3,2,450,Gold
13,Hız-alan + Ritim,bahcivan,standart,102,1 seçim,32,Altın Hasat II - 1,3,290,Gold
13,Hız-alan + Ritim,bahcivan,standart,102,1 seçim,32,Kesim Ustalığı - 1,1,560,Iron
13,Hız-alan + Ritim,bahcivan,standart,102,1 seçim,32,Zengin Cevher - 2,1,95,Stone
13,Hız-alan + Ritim,bahcivan,standart,102,1 seçim,33,Geniş Tarama - 2,2,360,Gold
13,Hız-alan + Ritim,bahcivan,standart,102,1 seçim,33,Güçlü Kesim - 2,2,270,Gold
13,Hız-alan + Ritim,bahcivan,standart,102,1 seçim,33,Akıcı Kesim - 4,1,500,Gold
13,Hız-alan + Ritim,bahcivan,standart,102,1 seçim,33,Nadir Filizler - 1,2,300,Iron
13,Hız-alan + Ritim,bahcivan,standart,102,1 seçim,33,Verimli Üretim - 2,1,380,Iron
13,Hız-alan + Ritim,bahcivan,standart,102,1 seçim,33,Zengin Cevher - 2,2,110,Stone
13,Hız-alan + Ritim,bahcivan,standart,102,1 seçim,34,Altın Hasat II - 2,1,350,Gold
13,Hız-alan + Ritim,bahcivan,standart,102,1 seçim,34,Geniş Tarama - 3,1,400,Gold
13,Hız-alan + Ritim,bahcivan,standart,102,1 seçim,34,Kritik Odak - 1,1,150,Gold
13,Hız-alan + Ritim,bahcivan,standart,102,1 seçim,34,Hasat Rekoru - 2,1,350,Gold
13,Hız-alan + Ritim,bahcivan,standart,102,1 seçim,35,Güçlü Kesim - 3,1,300,Gold
13,Hız-alan + Ritim,bahcivan,standart,102,1 seçim,35,Akıcı Kesim - 4,2,550,Gold
13,Hız-alan + Ritim,bahcivan,standart,102,1 seçim,35,Kesim Ustalığı - 1,2,720,Iron
13,Hız-alan + Ritim,bahcivan,standart,102,1 seçim,35,Zengin Cevher - 3,1,125,Stone
13,Hız-alan + Ritim,bahcivan,standart,102,1 seçim,36,Altın Hasat II - 2,2,400,Gold
13,Hız-alan + Ritim,bahcivan,standart,102,1 seçim,36,Geniş Tarama - 3,2,450,Gold
13,Hız-alan + Ritim,bahcivan,standart,102,1 seçim,36,Kritik Odak - 1,2,195,Gold
13,Hız-alan + Ritim,bahcivan,standart,102,1 seçim,36,Hasat Deneyimi II - 1,1,450,Gold
13,Hız-alan + Ritim,bahcivan,standart,102,1 seçim,36,Hasat Rekoru - 2,2,400,Gold
13,Hız-alan + Ritim,bahcivan,standart,102,1 seçim,36,İkinci Vazgeçiş,1,800,Iron
13,Hız-alan + Ritim,bahcivan,standart,102,1 seçim,37,Güçlü Kesim - 3,2,340,Gold
13,Hız-alan + Ritim,bahcivan,standart,102,1 seçim,37,Altın Hasat II - 3,1,450,Gold
13,Hız-alan + Ritim,bahcivan,standart,102,1 seçim,37,Geniş Tarama - 4,1,500,Gold
13,Hız-alan + Ritim,bahcivan,standart,102,1 seçim,37,Kritik Odak - 1,3,240,Gold
13,Hız-alan + Ritim,bahcivan,standart,102,1 seçim,37,Nadir Filizler - 1,3,360,Iron
13,Hız-alan + Ritim,bahcivan,standart,102,1 seçim,37,Verimli Üretim - 2,2,440,Iron
13,Hız-alan + Ritim,bahcivan,standart,102,1 seçim,37,Kritik Güç - 1,1,150,Stone
13,Hız-alan + Ritim,bahcivan,standart,102,1 seçim,37,Zengin Cevher - 3,2,140,Stone
13,Hız-alan + Ritim,bahcivan,standart,102,1 seçim,38,Hasat Deneyimi II - 1,2,590,Gold
13,Hız-alan + Ritim,bahcivan,standart,102,1 seçim,38,Güçlü Kesim - 4,1,380,Gold
13,Hız-alan + Ritim,bahcivan,standart,102,1 seçim,38,Altın Hasat II - 3,2,510,Gold
13,Hız-alan + Ritim,bahcivan,standart,102,1 seçim,38,Kesim Ustalığı - 1,3,890,Iron
13,Hız-alan + Ritim,bahcivan,standart,102,1 seçim,38,Kritik Odak - 2,1,290,Gold
13,Hız-alan + Ritim,bahcivan,standart,102,1 seçim,38,Nadir Filizler - 2,1,430,Iron
13,Hız-alan + Ritim,bahcivan,standart,102,1 seçim,38,Kritik Güç - 1,2,195,Stone
13,Hız-alan + Ritim,bahcivan,standart,102,1 seçim,39,Ağır Kesim - 1,1,1200,Gold
13,Hız-alan + Ritim,bahcivan,standart,102,1 seçim,39,Geniş Tarama - 4,2,550,Gold
13,Hız-alan + Ritim,bahcivan,standart,102,1 seçim,39,Hasat Rekoru - 3,1,450,Gold
13,Hız-alan + Ritim,bahcivan,standart,102,1 seçim,39,Kart Sezgisi - 1,1,710,Gold
13,Hız-alan + Ritim,bahcivan,standart,102,1 seçim,39,Verimli Üretim - 3,1,510,Iron
13,Hız-alan + Ritim,bahcivan,standart,102,1 seçim,39,Zengin Cevher - 4,1,155,Stone
13,Hız-alan + Ritim,bahcivan,standart,102,1 seçim,40,Hasat Deneyimi II - 1,3,730,Gold
13,Hız-alan + Ritim,bahcivan,standart,102,1 seçim,40,Altın Hasat II - 4,1,560,Gold
13,Hız-alan + Ritim,bahcivan,standart,102,1 seçim,40,Güçlü Kesim - 4,2,410,Gold
13,Hız-alan + Ritim,bahcivan,standart,102,1 seçim,40,Kesim Ustalığı - 2,1,1100,Iron
13,Hız-alan + Ritim,bahcivan,standart,102,1 seçim,40,Verimli Üretim - 3,2,570,Iron
13,Hız-alan + Ritim,bahcivan,standart,102,1 seçim,40,Kritik Güç - 1,3,240,Stone
13,Hız-alan + Ritim,bahcivan,standart,102,1 seçim,41,Ağır Kesim - 1,2,1600,Gold
13,Hız-alan + Ritim,bahcivan,standart,102,1 seçim,41,Kritik Odak - 2,2,330,Gold
13,Hız-alan + Ritim,bahcivan,standart,102,1 seçim,41,Hasat Deneyimi II - 2,1,860,Gold
13,Hız-alan + Ritim,bahcivan,standart,102,1 seçim,41,Nadir Filizler - 2,2,500,Iron
13,Hız-alan + Ritim,bahcivan,standart,102,1 seçim,41,Kesim Ustalığı - 2,2,1200,Iron
13,Hız-alan + Ritim,bahcivan,standart,102,1 seçim,41,Zengin Cevher - 4,2,170,Stone
13,Hız-alan + Ritim,bahcivan,standart,102,1 seçim,42,Kart Sezgisi - 1,2,920,Gold
13,Hız-alan + Ritim,bahcivan,standart,102,1 seçim,42,Hasat Rekoru - 3,2,510,Gold
13,Hız-alan + Ritim,bahcivan,standart,102,1 seçim,42,Altın Hasat II - 4,2,620,Gold
13,Hız-alan + Ritim,bahcivan,standart,102,1 seçim,42,Kritik Odak - 3,1,380,Gold
13,Hız-alan + Ritim,bahcivan,standart,102,1 seçim,42,Verimli Üretim - 4,1,630,Iron
13,Hız-alan + Ritim,bahcivan,standart,102,1 seçim,42,Kritik Odak - 3,2,420,Gold
13,Hız-alan + Ritim,bahcivan,standart,102,1 seçim,42,Nadir Filizler - 3,1,570,Iron
13,Hız-alan + Ritim,bahcivan,standart,102,1 seçim,42,Kritik Güç - 2,1,290,Stone
13,Hız-alan + Ritim,bahcivan,standart,102,1 seçim,43,Ağır Kesim - 1,3,1900,Gold
13,Hız-alan + Ritim,bahcivan,standart,102,1 seçim,43,Hasat Deneyimi II - 2,2,1000,Gold
13,Hız-alan + Ritim,bahcivan,standart,102,1 seçim,43,Kesim Ustalığı - 3,1,1400,Iron
13,Hız-alan + Ritim,bahcivan,standart,102,1 seçim,43,Grid Genişleme II,2,1800,Stone
13,Hız-alan + Ritim,bahcivan,standart,102,1 seçim,44,Kart Sezgisi - 1,3,1100,Gold
13,Hız-alan + Ritim,bahcivan,standart,102,1 seçim,44,Hasat Rekoru - 4,1,560,Gold
13,Hız-alan + Ritim,bahcivan,standart,102,1 seçim,44,Verimli Üretim - 4,2,690,Iron
13,Hız-alan + Ritim,bahcivan,standart,102,1 seçim,44,Kritik Odak - 4,1,470,Gold
13,Hız-alan + Ritim,bahcivan,standart,102,1 seçim,44,Nadir Filizler - 3,2,640,Iron
13,Hız-alan + Ritim,bahcivan,standart,102,1 seçim,44,Kritik Odak - 4,2,520,Gold
13,Hız-alan + Ritim,bahcivan,standart,102,1 seçim,44,Kritik Güç - 2,2,330,Stone
13,Hız-alan + Ritim,bahcivan,standart,102,1 seçim,45,Ağır Kesim - 2,1,2300,Gold
13,Hız-alan + Ritim,bahcivan,standart,102,1 seçim,45,Hasat Deneyimi II - 3,1,1100,Gold
13,Hız-alan + Ritim,bahcivan,standart,102,1 seçim,45,Kesim Ustalığı - 3,2,1600,Iron
13,Hız-alan + Ritim,bahcivan,standart,102,1 seçim,45,Nadir Filizler - 4,1,700,Iron
13,Hız-alan + Ritim,bahcivan,standart,102,1 seçim,46,Kart Sezgisi - 2,1,1300,Gold
13,Hız-alan + Ritim,bahcivan,standart,102,1 seçim,46,Ağır Kesim - 2,2,2700,Gold
13,Hız-alan + Ritim,bahcivan,standart,102,1 seçim,46,Kesim Ustalığı - 4,1,1700,Iron
13,Hız-alan + Ritim,bahcivan,standart,102,1 seçim,46,Kritik Güç - 3,1,380,Stone
13,Hız-alan + Ritim,bahcivan,standart,102,1 seçim,47,Hasat Deneyimi II - 3,2,1300,Gold
13,Hız-alan + Ritim,bahcivan,standart,102,1 seçim,47,Hasat Rekoru - 4,2,620,Gold
13,Hız-alan + Ritim,bahcivan,standart,102,1 seçim,47,Kart Sezgisi - 2,2,1600,Gold
13,Hız-alan + Ritim,bahcivan,standart,102,1 seçim,47,Kesim Ustalığı - 4,2,1900,Iron
13,Hız-alan + Ritim,bahcivan,standart,102,1 seçim,47,Nadir Filizler - 4,2,770,Iron
13,Hız-alan + Ritim,bahcivan,standart,102,1 seçim,48,Ağır Kesim - 3,1,3000,Gold
13,Hız-alan + Ritim,bahcivan,standart,102,1 seçim,48,Hasat Deneyimi II - 4,1,1400,Gold
13,Hız-alan + Ritim,bahcivan,standart,102,1 seçim,48,Kritik Güç - 3,2,420,Stone
13,Hız-alan + Ritim,bahcivan,standart,102,1 seçim,49,Ağır Kesim - 3,2,3400,Gold
14,Hız-alan + Ritim,bahcivan,standart,103,1 seçim,2,Hızlı Eller - 1,1,7,Gold
14,Hız-alan + Ritim,bahcivan,standart,103,1 seçim,2,Hızlı Eller - 1,2,9,Gold
14,Hız-alan + Ritim,bahcivan,standart,103,1 seçim,2,Hızlı Eller - 1,3,11,Gold
14,Hız-alan + Ritim,bahcivan,standart,103,1 seçim,3,Altın Hasat I - 1,1,7,Gold
14,Hız-alan + Ritim,bahcivan,standart,103,1 seçim,3,Hızlı Eller - 2,1,12,Gold
14,Hız-alan + Ritim,bahcivan,standart,103,1 seçim,4,Düzenli Üretim - 1,1,6,Gold
14,Hız-alan + Ritim,bahcivan,standart,103,1 seçim,4,Keskin Başlangıç - 1,1,5,Gold
14,Hız-alan + Ritim,bahcivan,standart,103,1 seçim,4,Keskin Başlangıç - 1,2,7,Gold
14,Hız-alan + Ritim,bahcivan,standart,103,1 seçim,5,Hasat Deneyimi I - 1,1,6,Gold
14,Hız-alan + Ritim,bahcivan,standart,103,1 seçim,6,Grid Genişleme I,1,30,Gold
14,Hız-alan + Ritim,bahcivan,standart,103,1 seçim,6,Altın Hasat I - 1,2,9,Gold
14,Hız-alan + Ritim,bahcivan,standart,103,1 seçim,7,Hızlı Eller - 2,2,14,Gold
14,Hız-alan + Ritim,bahcivan,standart,103,1 seçim,7,Altın Hasat I - 1,3,11,Gold
14,Hız-alan + Ritim,bahcivan,standart,103,1 seçim,8,Hızlı Eller - 3,1,16,Gold
14,Hız-alan + Ritim,bahcivan,standart,103,1 seçim,8,1×3 Saksı,1,30,Gold
14,Hız-alan + Ritim,bahcivan,standart,103,1 seçim,9,Geniş Süpürüş - 1,1,21,Gold
14,Hız-alan + Ritim,bahcivan,standart,103,1 seçim,10,Düzenli Üretim - 1,2,8,Gold
14,Hız-alan + Ritim,bahcivan,standart,103,1 seçim,10,Altın Hasat I - 2,1,13,Gold
14,Hız-alan + Ritim,bahcivan,standart,103,1 seçim,11,Hızlı Eller - 3,2,18,Gold
14,Hız-alan + Ritim,bahcivan,standart,103,1 seçim,11,Keskin Başlangıç - 1,3,8,Gold
14,Hız-alan + Ritim,bahcivan,standart,103,1 seçim,11,Grid Genişleme I,2,30,Iron
14,Hız-alan + Ritim,bahcivan,standart,103,1 seçim,12,Geniş Süpürüş - 1,2,28,Gold
14,Hız-alan + Ritim,bahcivan,standart,103,1 seçim,12,Keskin Başlangıç - 2,1,10,Gold
14,Hız-alan + Ritim,bahcivan,standart,103,1 seçim,12,Tornado Kartları,1,30,Iron
14,Hız-alan + Ritim,bahcivan,standart,103,1 seçim,13,Altın Hasat I - 2,2,16,Gold
14,Hız-alan + Ritim,bahcivan,standart,103,1 seçim,13,Hızlı Eller - 4,1,20,Gold
14,Hız-alan + Ritim,bahcivan,standart,103,1 seçim,13,Düzenli Üretim - 1,3,10,Gold
14,Hız-alan + Ritim,bahcivan,standart,103,1 seçim,14,Geniş Süpürüş - 1,3,35,Gold
14,Hız-alan + Ritim,bahcivan,standart,103,1 seçim,14,Keskin Başlangıç - 2,2,11,Gold
14,Hız-alan + Ritim,bahcivan,standart,103,1 seçim,14,Altın Hasat I - 3,1,18,Gold
14,Hız-alan + Ritim,bahcivan,standart,103,1 seçim,15,2×2 Saksı,1,80,Gold
14,Hız-alan + Ritim,bahcivan,standart,103,1 seçim,15,Çifte Hasat Kartları,1,25,Iron
14,Hız-alan + Ritim,bahcivan,standart,103,1 seçim,16,Hızlı Eller - 4,2,22,Gold
14,Hız-alan + Ritim,bahcivan,standart,103,1 seçim,16,Düzenli Üretim - 2,1,12,Gold
14,Hız-alan + Ritim,bahcivan,standart,103,1 seçim,16,Hasat Deneyimi I - 1,2,8,Gold
14,Hız-alan + Ritim,bahcivan,standart,103,1 seçim,16,Keskin Başlangıç - 3,1,13,Gold
14,Hız-alan + Ritim,bahcivan,standart,103,1 seçim,16,Altın Hasat I - 3,2,20,Gold
14,Hız-alan + Ritim,bahcivan,standart,103,1 seçim,16,Hasat Deneyimi I - 1,3,10,Gold
14,Hız-alan + Ritim,bahcivan,standart,103,1 seçim,17,Geniş Süpürüş - 2,1,40,Gold
14,Hız-alan + Ritim,bahcivan,standart,103,1 seçim,17,Keskin Başlangıç - 3,2,14,Gold
14,Hız-alan + Ritim,bahcivan,standart,103,1 seçim,17,Demir Hasat - 1,1,25,Gold
14,Hız-alan + Ritim,bahcivan,standart,103,1 seçim,17,Kesim Tekniği - 1,1,25,Gold
14,Hız-alan + Ritim,bahcivan,standart,103,1 seçim,17,Düzenli Üretim - 2,2,13,Gold
14,Hız-alan + Ritim,bahcivan,standart,103,1 seçim,17,Altın Hasat I - 4,1,22,Gold
14,Hız-alan + Ritim,bahcivan,standart,103,1 seçim,17,Bumerang Orak Kartları,1,40,Iron
14,Hız-alan + Ritim,bahcivan,standart,103,1 seçim,18,Keskin Başlangıç - 4,1,16,Gold
14,Hız-alan + Ritim,bahcivan,standart,103,1 seçim,18,Kesim Tekniği - 1,2,35,Gold
14,Hız-alan + Ritim,bahcivan,standart,103,1 seçim,18,Hasat Deneyimi I - 2,1,12,Gold
14,Hız-alan + Ritim,bahcivan,standart,103,1 seçim,18,Altın Hasat I - 4,2,24,Gold
14,Hız-alan + Ritim,bahcivan,standart,103,1 seçim,18,Keskin Başlangıç - 4,2,17,Gold
14,Hız-alan + Ritim,bahcivan,standart,103,1 seçim,18,Demir Hasat - 1,2,35,Gold
14,Hız-alan + Ritim,bahcivan,standart,103,1 seçim,19,Akıcı Kesim - 1,1,160,Gold
14,Hız-alan + Ritim,bahcivan,standart,103,1 seçim,20,Geniş Süpürüş - 2,2,45,Gold
14,Hız-alan + Ritim,bahcivan,standart,103,1 seçim,20,Düzenli Üretim - 3,1,15,Gold
14,Hız-alan + Ritim,bahcivan,standart,103,1 seçim,20,Geniş Süpürüş - 3,1,55,Gold
14,Hız-alan + Ritim,bahcivan,standart,103,1 seçim,20,Hasat Deneyimi I - 2,2,14,Gold
14,Hız-alan + Ritim,bahcivan,standart,103,1 seçim,21,Akıcı Kesim - 1,2,210,Gold
14,Hız-alan + Ritim,bahcivan,standart,103,1 seçim,22,Kesim Tekniği - 1,3,40,Gold
14,Hız-alan + Ritim,bahcivan,standart,103,1 seçim,22,2×3 Saksı,1,200,Gold
14,Hız-alan + Ritim,bahcivan,standart,103,1 seçim,22,Düzenli Üretim - 3,2,17,Gold
14,Hız-alan + Ritim,bahcivan,standart,103,1 seçim,23,Demir Hasat - 1,3,40,Gold
14,Hız-alan + Ritim,bahcivan,standart,103,1 seçim,23,Geniş Süpürüş - 3,2,60,Gold
14,Hız-alan + Ritim,bahcivan,standart,103,1 seçim,23,Hasat Deneyimi I - 3,1,16,Gold
14,Hız-alan + Ritim,bahcivan,standart,103,1 seçim,23,Kesim Tekniği - 2,1,50,Gold
14,Hız-alan + Ritim,bahcivan,standart,103,1 seçim,23,Düzenli Üretim - 4,1,19,Gold
14,Hız-alan + Ritim,bahcivan,standart,103,1 seçim,23,Geniş Süpürüş - 4,1,65,Gold
14,Hız-alan + Ritim,bahcivan,standart,103,1 seçim,23,Demir Hasat - 2,1,50,Gold
14,Hız-alan + Ritim,bahcivan,standart,103,1 seçim,23,Hasat Deneyimi I - 3,2,18,Gold
14,Hız-alan + Ritim,bahcivan,standart,103,1 seçim,23,Taş Hasat - 1,1,35,Iron
14,Hız-alan + Ritim,bahcivan,standart,103,1 seçim,24,Akıcı Kesim - 1,3,260,Gold
14,Hız-alan + Ritim,bahcivan,standart,103,1 seçim,24,Düzenli Üretim - 4,2,21,Gold
14,Hız-alan + Ritim,bahcivan,standart,103,1 seçim,24,Hasat Deneyimi I - 4,1,20,Gold
14,Hız-alan + Ritim,bahcivan,standart,103,1 seçim,24,Taş Hasat - 1,2,45,Iron
14,Hız-alan + Ritim,bahcivan,standart,103,1 seçim,25,Geniş Tarama - 1,1,160,Gold
14,Hız-alan + Ritim,bahcivan,standart,103,1 seçim,25,Hasat Deneyimi I - 4,2,21,Gold
14,Hız-alan + Ritim,bahcivan,standart,103,1 seçim,26,Güçlü Kesim - 1,1,120,Gold
14,Hız-alan + Ritim,bahcivan,standart,103,1 seçim,26,Hasat Rekoru - 1,1,180,Gold
14,Hız-alan + Ritim,bahcivan,standart,103,1 seçim,26,Verimli Üretim - 1,1,200,Iron
14,Hız-alan + Ritim,bahcivan,standart,103,1 seçim,27,Kesim Tekniği - 2,2,55,Gold
14,Hız-alan + Ritim,bahcivan,standart,103,1 seçim,27,Akıcı Kesim - 2,1,310,Gold
14,Hız-alan + Ritim,bahcivan,standart,103,1 seçim,27,Taş Hasat - 1,3,55,Iron
14,Hız-alan + Ritim,bahcivan,standart,103,1 seçim,27,Taş Hasat - 2,1,65,Iron
14,Hız-alan + Ritim,bahcivan,standart,103,1 seçim,28,Geniş Süpürüş - 4,2,70,Gold
14,Hız-alan + Ritim,bahcivan,standart,103,1 seçim,28,Geniş Tarama - 1,2,210,Gold
14,Hız-alan + Ritim,bahcivan,standart,103,1 seçim,29,İlk Vazgeçiş,1,150,Gold
14,Hız-alan + Ritim,bahcivan,standart,103,1 seçim,29,Kesim Tekniği - 3,1,65,Gold
14,Hız-alan + Ritim,bahcivan,standart,103,1 seçim,29,Demir Hasat - 2,2,55,Gold
14,Hız-alan + Ritim,bahcivan,standart,103,1 seçim,29,Verimli Üretim - 1,2,260,Iron
14,Hız-alan + Ritim,bahcivan,standart,103,1 seçim,30,Güçlü Kesim - 1,2,160,Gold
14,Hız-alan + Ritim,bahcivan,standart,103,1 seçim,30,Kesim Tekniği - 3,2,70,Gold
14,Hız-alan + Ritim,bahcivan,standart,103,1 seçim,30,Grid Genişleme II,1,100,Stone
14,Hız-alan + Ritim,bahcivan,standart,103,1 seçim,31,Demir Hasat - 3,1,65,Gold
14,Hız-alan + Ritim,bahcivan,standart,103,1 seçim,31,Kesim Tekniği - 4,1,80,Gold
14,Hız-alan + Ritim,bahcivan,standart,103,1 seçim,31,Demir Hasat - 3,2,70,Gold
14,Hız-alan + Ritim,bahcivan,standart,103,1 seçim,31,Nadir Filizler - 1,1,230,Iron
14,Hız-alan + Ritim,bahcivan,standart,103,1 seçim,32,Kesim Tekniği - 4,2,85,Gold
14,Hız-alan + Ritim,bahcivan,standart,103,1 seçim,32,Demir Hasat - 4,1,80,Gold
14,Hız-alan + Ritim,bahcivan,standart,103,1 seçim,32,Taş Hasat - 2,2,80,Iron
14,Hız-alan + Ritim,bahcivan,standart,103,1 seçim,32,Demir Hasat - 4,2,85,Gold
14,Hız-alan + Ritim,bahcivan,standart,103,1 seçim,32,Zengin Cevher - 1,1,50,Stone
14,Hız-alan + Ritim,bahcivan,standart,103,1 seçim,33,Verimli Üretim - 1,3,320,Iron
14,Hız-alan + Ritim,bahcivan,standart,103,1 seçim,34,Akıcı Kesim - 2,2,360,Gold
14,Hız-alan + Ritim,bahcivan,standart,103,1 seçim,35,Altın Hasat II - 1,1,180,Gold
14,Hız-alan + Ritim,bahcivan,standart,103,1 seçim,35,Nadir Filizler - 1,2,300,Iron
14,Hız-alan + Ritim,bahcivan,standart,103,1 seçim,35,Taş Hasat - 3,1,90,Iron
14,Hız-alan + Ritim,bahcivan,standart,103,1 seçim,35,Zengin Cevher - 1,2,65,Stone
14,Hız-alan + Ritim,bahcivan,standart,103,1 seçim,36,Geniş Tarama - 1,3,260,Gold
14,Hız-alan + Ritim,bahcivan,standart,103,1 seçim,36,Hasat Rekoru - 1,2,240,Gold
14,Hız-alan + Ritim,bahcivan,standart,103,1 seçim,36,Zengin Cevher - 1,3,80,Stone
14,Hız-alan + Ritim,bahcivan,standart,103,1 seçim,37,Güçlü Kesim - 1,3,195,Gold
14,Hız-alan + Ritim,bahcivan,standart,103,1 seçim,37,Taş Hasat - 3,2,100,Iron
14,Hız-alan + Ritim,bahcivan,standart,103,1 seçim,37,Taş Hasat - 4,1,110,Iron
14,Hız-alan + Ritim,bahcivan,standart,103,1 seçim,37,Zengin Cevher - 2,1,95,Stone
14,Hız-alan + Ritim,bahcivan,standart,103,1 seçim,37,Taş Hasat - 4,2,120,Iron
14,Hız-alan + Ritim,bahcivan,standart,103,1 seçim,38,Akıcı Kesim - 3,1,400,Gold
14,Hız-alan + Ritim,bahcivan,standart,103,1 seçim,38,Altın Hasat II - 1,2,240,Gold
14,Hız-alan + Ritim,bahcivan,standart,103,1 seçim,38,Zengin Cevher - 2,2,110,Stone
14,Hız-alan + Ritim,bahcivan,standart,103,1 seçim,39,Geniş Tarama - 2,1,310,Gold
14,Hız-alan + Ritim,bahcivan,standart,103,1 seçim,39,Kesim Ustalığı - 1,1,560,Iron
14,Hız-alan + Ritim,bahcivan,standart,103,1 seçim,40,Hasat Rekoru - 1,3,290,Gold
14,Hız-alan + Ritim,bahcivan,standart,103,1 seçim,40,Verimli Üretim - 2,1,380,Iron
14,Hız-alan + Ritim,bahcivan,standart,103,1 seçim,40,Zengin Cevher - 3,1,125,Stone
14,Hız-alan + Ritim,bahcivan,standart,103,1 seçim,41,Güçlü Kesim - 2,1,230,Gold
14,Hız-alan + Ritim,bahcivan,standart,103,1 seçim,41,Zengin Cevher - 3,2,140,Stone
14,Hız-alan + Ritim,bahcivan,standart,103,1 seçim,42,Akıcı Kesim - 3,2,450,Gold
14,Hız-alan + Ritim,bahcivan,standart,103,1 seçim,42,Altın Hasat II - 1,3,290,Gold
14,Hız-alan + Ritim,bahcivan,standart,103,1 seçim,42,Kesim Ustalığı - 1,2,720,Iron
14,Hız-alan + Ritim,bahcivan,standart,103,1 seçim,43,Geniş Tarama - 2,2,360,Gold
14,Hız-alan + Ritim,bahcivan,standart,103,1 seçim,43,Güçlü Kesim - 2,2,270,Gold
14,Hız-alan + Ritim,bahcivan,standart,103,1 seçim,43,Zengin Cevher - 4,1,155,Stone
14,Hız-alan + Ritim,bahcivan,standart,103,1 seçim,44,Akıcı Kesim - 4,1,500,Gold
14,Hız-alan + Ritim,bahcivan,standart,103,1 seçim,44,İkinci Vazgeçiş,1,800,Iron
14,Hız-alan + Ritim,bahcivan,standart,103,1 seçim,44,Zengin Cevher - 4,2,170,Stone
14,Hız-alan + Ritim,bahcivan,standart,103,1 seçim,45,Altın Hasat II - 2,1,350,Gold
14,Hız-alan + Ritim,bahcivan,standart,103,1 seçim,45,Nadir Filizler - 1,3,360,Iron
14,Hız-alan + Ritim,bahcivan,standart,103,1 seçim,46,Geniş Tarama - 3,1,400,Gold
14,Hız-alan + Ritim,bahcivan,standart,103,1 seçim,46,Kritik Odak - 1,1,150,Gold
14,Hız-alan + Ritim,bahcivan,standart,103,1 seçim,46,Hasat Rekoru - 2,1,350,Gold
14,Hız-alan + Ritim,bahcivan,standart,103,1 seçim,46,Verimli Üretim - 2,2,440,Iron
14,Hız-alan + Ritim,bahcivan,standart,103,1 seçim,47,Güçlü Kesim - 3,1,300,Gold
14,Hız-alan + Ritim,bahcivan,standart,103,1 seçim,48,Akıcı Kesim - 4,2,550,Gold
14,Hız-alan + Ritim,bahcivan,standart,103,1 seçim,48,Altın Hasat II - 2,2,400,Gold
14,Hız-alan + Ritim,bahcivan,standart,103,1 seçim,48,Kesim Ustalığı - 1,3,890,Iron
14,Hız-alan + Ritim,bahcivan,standart,103,1 seçim,48,Nadir Filizler - 2,1,430,Iron
14,Hız-alan + Ritim,bahcivan,standart,103,1 seçim,49,Geniş Tarama - 3,2,450,Gold
14,Hız-alan + Ritim,bahcivan,standart,103,1 seçim,49,Kritik Odak - 1,2,195,Gold
14,Hız-alan + Ritim,bahcivan,standart,103,1 seçim,49,Verimli Üretim - 3,1,510,Iron
15,Hız-alan + Ritim,bahcivan,standart,104,1 seçim,1,Hızlı Eller - 1,1,7,Gold
15,Hız-alan + Ritim,bahcivan,standart,104,1 seçim,2,Hızlı Eller - 1,2,9,Gold
15,Hız-alan + Ritim,bahcivan,standart,104,1 seçim,2,Hızlı Eller - 1,3,11,Gold
15,Hız-alan + Ritim,bahcivan,standart,104,1 seçim,3,Altın Hasat I - 1,1,7,Gold
15,Hız-alan + Ritim,bahcivan,standart,104,1 seçim,5,Hızlı Eller - 2,1,12,Gold
15,Hız-alan + Ritim,bahcivan,standart,104,1 seçim,5,Grid Genişleme I,1,30,Gold
15,Hız-alan + Ritim,bahcivan,standart,104,1 seçim,6,Altın Hasat I - 1,2,9,Gold
15,Hız-alan + Ritim,bahcivan,standart,104,1 seçim,7,Hızlı Eller - 2,2,14,Gold
15,Hız-alan + Ritim,bahcivan,standart,104,1 seçim,7,Düzenli Üretim - 1,1,6,Gold
15,Hız-alan + Ritim,bahcivan,standart,104,1 seçim,7,Keskin Başlangıç - 1,1,5,Gold
15,Hız-alan + Ritim,bahcivan,standart,104,1 seçim,7,Altın Hasat I - 1,3,11,Gold
15,Hız-alan + Ritim,bahcivan,standart,104,1 seçim,8,Hızlı Eller - 3,1,16,Gold
15,Hız-alan + Ritim,bahcivan,standart,104,1 seçim,8,1×3 Saksı,1,30,Gold
15,Hız-alan + Ritim,bahcivan,standart,104,1 seçim,9,Geniş Süpürüş - 1,1,21,Gold
15,Hız-alan + Ritim,bahcivan,standart,104,1 seçim,9,Keskin Başlangıç - 1,2,7,Gold
15,Hız-alan + Ritim,bahcivan,standart,104,1 seçim,9,Düzenli Üretim - 1,2,8,Gold
15,Hız-alan + Ritim,bahcivan,standart,104,1 seçim,11,Altın Hasat I - 2,1,13,Gold
15,Hız-alan + Ritim,bahcivan,standart,104,1 seçim,11,Hızlı Eller - 3,2,18,Gold
15,Hız-alan + Ritim,bahcivan,standart,104,1 seçim,11,Keskin Başlangıç - 1,3,8,Gold
15,Hız-alan + Ritim,bahcivan,standart,104,1 seçim,11,Grid Genişleme I,2,30,Iron
15,Hız-alan + Ritim,bahcivan,standart,104,1 seçim,12,Geniş Süpürüş - 1,2,28,Gold
15,Hız-alan + Ritim,bahcivan,standart,104,1 seçim,12,Keskin Başlangıç - 2,1,10,Gold
15,Hız-alan + Ritim,bahcivan,standart,104,1 seçim,12,Altın Hasat I - 2,2,16,Gold
15,Hız-alan + Ritim,bahcivan,standart,104,1 seçim,12,Hızlı Eller - 4,1,20,Gold
15,Hız-alan + Ritim,bahcivan,standart,104,1 seçim,12,Tornado Kartları,1,30,Iron
15,Hız-alan + Ritim,bahcivan,standart,104,1 seçim,13,Düzenli Üretim - 1,3,10,Gold
15,Hız-alan + Ritim,bahcivan,standart,104,1 seçim,13,Hasat Deneyimi I - 1,1,6,Gold
15,Hız-alan + Ritim,bahcivan,standart,104,1 seçim,13,Geniş Süpürüş - 1,3,35,Gold
15,Hız-alan + Ritim,bahcivan,standart,104,1 seçim,13,Keskin Başlangıç - 2,2,11,Gold
15,Hız-alan + Ritim,bahcivan,standart,104,1 seçim,14,Altın Hasat I - 3,1,18,Gold
15,Hız-alan + Ritim,bahcivan,standart,104,1 seçim,14,2×2 Saksı,1,80,Gold
15,Hız-alan + Ritim,bahcivan,standart,104,1 seçim,14,Çifte Hasat Kartları,1,25,Iron
15,Hız-alan + Ritim,bahcivan,standart,104,1 seçim,15,Hızlı Eller - 4,2,22,Gold
15,Hız-alan + Ritim,bahcivan,standart,104,1 seçim,15,Düzenli Üretim - 2,1,12,Gold
15,Hız-alan + Ritim,bahcivan,standart,104,1 seçim,15,Hasat Deneyimi I - 1,2,8,Gold
15,Hız-alan + Ritim,bahcivan,standart,104,1 seçim,15,Keskin Başlangıç - 3,1,13,Gold
15,Hız-alan + Ritim,bahcivan,standart,104,1 seçim,15,Altın Hasat I - 3,2,20,Gold
15,Hız-alan + Ritim,bahcivan,standart,104,1 seçim,15,Hasat Deneyimi I - 1,3,10,Gold
15,Hız-alan + Ritim,bahcivan,standart,104,1 seçim,16,Geniş Süpürüş - 2,1,40,Gold
15,Hız-alan + Ritim,bahcivan,standart,104,1 seçim,16,Keskin Başlangıç - 3,2,14,Gold
15,Hız-alan + Ritim,bahcivan,standart,104,1 seçim,16,Demir Hasat - 1,1,25,Gold
15,Hız-alan + Ritim,bahcivan,standart,104,1 seçim,16,Kesim Tekniği - 1,1,25,Gold
15,Hız-alan + Ritim,bahcivan,standart,104,1 seçim,17,Düzenli Üretim - 2,2,13,Gold
15,Hız-alan + Ritim,bahcivan,standart,104,1 seçim,17,Altın Hasat I - 4,1,22,Gold
15,Hız-alan + Ritim,bahcivan,standart,104,1 seçim,17,Keskin Başlangıç - 4,1,16,Gold
15,Hız-alan + Ritim,bahcivan,standart,104,1 seçim,17,Kesim Tekniği - 1,2,35,Gold
15,Hız-alan + Ritim,bahcivan,standart,104,1 seçim,17,Hasat Deneyimi I - 2,1,12,Gold
15,Hız-alan + Ritim,bahcivan,standart,104,1 seçim,17,Altın Hasat I - 4,2,24,Gold
15,Hız-alan + Ritim,bahcivan,standart,104,1 seçim,17,Bumerang Orak Kartları,1,40,Iron
15,Hız-alan + Ritim,bahcivan,standart,104,1 seçim,18,Keskin Başlangıç - 4,2,17,Gold
15,Hız-alan + Ritim,bahcivan,standart,104,1 seçim,18,Demir Hasat - 1,2,35,Gold
15,Hız-alan + Ritim,bahcivan,standart,104,1 seçim,18,Düzenli Üretim - 3,1,15,Gold
15,Hız-alan + Ritim,bahcivan,standart,104,1 seçim,18,Hasat Deneyimi I - 2,2,14,Gold
15,Hız-alan + Ritim,bahcivan,standart,104,1 seçim,18,Düzenli Üretim - 3,2,17,Gold
15,Hız-alan + Ritim,bahcivan,standart,104,1 seçim,19,Kesim Tekniği - 1,3,40,Gold
15,Hız-alan + Ritim,bahcivan,standart,104,1 seçim,19,Demir Hasat - 1,3,40,Gold
15,Hız-alan + Ritim,bahcivan,standart,104,1 seçim,19,Hasat Deneyimi I - 3,1,16,Gold
15,Hız-alan + Ritim,bahcivan,standart,104,1 seçim,19,Düzenli Üretim - 4,1,19,Gold
15,Hız-alan + Ritim,bahcivan,standart,104,1 seçim,19,Taş Hasat - 1,1,35,Iron
15,Hız-alan + Ritim,bahcivan,standart,104,1 seçim,20,Hasat Deneyimi I - 3,2,18,Gold
15,Hız-alan + Ritim,bahcivan,standart,104,1 seçim,20,Düzenli Üretim - 4,2,21,Gold
15,Hız-alan + Ritim,bahcivan,standart,104,1 seçim,20,Hasat Deneyimi I - 4,1,20,Gold
15,Hız-alan + Ritim,bahcivan,standart,104,1 seçim,20,Hasat Deneyimi I - 4,2,21,Gold
15,Hız-alan + Ritim,bahcivan,standart,104,1 seçim,21,Akıcı Kesim - 1,1,160,Gold
15,Hız-alan + Ritim,bahcivan,standart,104,1 seçim,21,Geniş Süpürüş - 2,2,45,Gold
15,Hız-alan + Ritim,bahcivan,standart,104,1 seçim,22,Geniş Süpürüş - 3,1,55,Gold
15,Hız-alan + Ritim,bahcivan,standart,104,1 seçim,22,Kesim Tekniği - 2,1,50,Gold
15,Hız-alan + Ritim,bahcivan,standart,104,1 seçim,22,Demir Hasat - 2,1,50,Gold
15,Hız-alan + Ritim,bahcivan,standart,104,1 seçim,22,Taş Hasat - 1,2,45,Iron
15,Hız-alan + Ritim,bahcivan,standart,104,1 seçim,23,Akıcı Kesim - 1,2,210,Gold
15,Hız-alan + Ritim,bahcivan,standart,104,1 seçim,24,2×3 Saksı,1,200,Gold
15,Hız-alan + Ritim,bahcivan,standart,104,1 seçim,24,Geniş Süpürüş - 3,2,60,Gold
15,Hız-alan + Ritim,bahcivan,standart,104,1 seçim,25,Geniş Süpürüş - 4,1,65,Gold
15,Hız-alan + Ritim,bahcivan,standart,104,1 seçim,25,Kesim Tekniği - 2,2,55,Gold
15,Hız-alan + Ritim,bahcivan,standart,104,1 seçim,25,Kesim Tekniği - 3,1,65,Gold
15,Hız-alan + Ritim,bahcivan,standart,104,1 seçim,25,Taş Hasat - 1,3,55,Iron
15,Hız-alan + Ritim,bahcivan,standart,104,1 seçim,25,Taş Hasat - 2,1,65,Iron
15,Hız-alan + Ritim,bahcivan,standart,104,1 seçim,26,Akıcı Kesim - 1,3,260,Gold
15,Hız-alan + Ritim,bahcivan,standart,104,1 seçim,27,Geniş Tarama - 1,1,160,Gold
15,Hız-alan + Ritim,bahcivan,standart,104,1 seçim,27,Güçlü Kesim - 1,1,120,Gold
15,Hız-alan + Ritim,bahcivan,standart,104,1 seçim,28,Hasat Rekoru - 1,1,180,Gold
15,Hız-alan + Ritim,bahcivan,standart,104,1 seçim,28,Geniş Süpürüş - 4,2,70,Gold
15,Hız-alan + Ritim,bahcivan,standart,104,1 seçim,28,Demir Hasat - 2,2,55,Gold
15,Hız-alan + Ritim,bahcivan,standart,104,1 seçim,28,Kesim Tekniği - 3,2,70,Gold
15,Hız-alan + Ritim,bahcivan,standart,104,1 seçim,28,Demir Hasat - 3,1,65,Gold
15,Hız-alan + Ritim,bahcivan,standart,104,1 seçim,28,Verimli Üretim - 1,1,200,Iron
15,Hız-alan + Ritim,bahcivan,standart,104,1 seçim,29,Akıcı Kesim - 2,1,310,Gold
15,Hız-alan + Ritim,bahcivan,standart,104,1 seçim,30,Grid Genişleme II,1,100,Stone
15,Hız-alan + Ritim,bahcivan,standart,104,1 seçim,31,Geniş Tarama - 1,2,210,Gold
15,Hız-alan + Ritim,bahcivan,standart,104,1 seçim,31,İlk Vazgeçiş,1,150,Gold
15,Hız-alan + Ritim,bahcivan,standart,104,1 seçim,31,Verimli Üretim - 1,2,260,Iron
15,Hız-alan + Ritim,bahcivan,standart,104,1 seçim,32,Güçlü Kesim - 1,2,160,Gold
15,Hız-alan + Ritim,bahcivan,standart,104,1 seçim,32,Kesim Tekniği - 4,1,80,Gold
15,Hız-alan + Ritim,bahcivan,standart,104,1 seçim,32,Nadir Filizler - 1,1,230,Iron
15,Hız-alan + Ritim,bahcivan,standart,104,1 seçim,33,Akıcı Kesim - 2,2,360,Gold
15,Hız-alan + Ritim,bahcivan,standart,104,1 seçim,33,Taş Hasat - 2,2,80,Iron
15,Hız-alan + Ritim,bahcivan,standart,104,1 seçim,33,Zengin Cevher - 1,1,50,Stone
15,Hız-alan + Ritim,bahcivan,standart,104,1 seçim,34,Altın Hasat II - 1,1,180,Gold
15,Hız-alan + Ritim,bahcivan,standart,104,1 seçim,34,Zengin Cevher - 1,2,65,Stone
15,Hız-alan + Ritim,bahcivan,standart,104,1 seçim,35,Geniş Tarama - 1,3,260,Gold
15,Hız-alan + Ritim,bahcivan,standart,104,1 seçim,35,Verimli Üretim - 1,3,320,Iron
15,Hız-alan + Ritim,bahcivan,standart,104,1 seçim,35,Zengin Cevher - 1,3,80,Stone
15,Hız-alan + Ritim,bahcivan,standart,104,1 seçim,36,Hasat Rekoru - 1,2,240,Gold
15,Hız-alan + Ritim,bahcivan,standart,104,1 seçim,36,Güçlü Kesim - 1,3,195,Gold
15,Hız-alan + Ritim,bahcivan,standart,104,1 seçim,36,Demir Hasat - 3,2,70,Gold
15,Hız-alan + Ritim,bahcivan,standart,104,1 seçim,36,Kesim Tekniği - 4,2,85,Gold
15,Hız-alan + Ritim,bahcivan,standart,104,1 seçim,36,Taş Hasat - 3,1,90,Iron
15,Hız-alan + Ritim,bahcivan,standart,104,1 seçim,36,Taş Hasat - 3,2,100,Iron
15,Hız-alan + Ritim,bahcivan,standart,104,1 seçim,36,Taş Hasat - 4,1,110,Iron
15,Hız-alan + Ritim,bahcivan,standart,104,1 seçim,36,Zengin Cevher - 2,1,95,Stone
15,Hız-alan + Ritim,bahcivan,standart,104,1 seçim,37,Akıcı Kesim - 3,1,400,Gold
15,Hız-alan + Ritim,bahcivan,standart,104,1 seçim,37,Taş Hasat - 4,2,120,Iron
15,Hız-alan + Ritim,bahcivan,standart,104,1 seçim,37,Zengin Cevher - 2,2,110,Stone
15,Hız-alan + Ritim,bahcivan,standart,104,1 seçim,38,Altın Hasat II - 1,2,240,Gold
15,Hız-alan + Ritim,bahcivan,standart,104,1 seçim,38,Geniş Tarama - 2,1,310,Gold
15,Hız-alan + Ritim,bahcivan,standart,104,1 seçim,38,Kesim Ustalığı - 1,1,560,Iron
15,Hız-alan + Ritim,bahcivan,standart,104,1 seçim,38,Zengin Cevher - 3,1,125,Stone
15,Hız-alan + Ritim,bahcivan,standart,104,1 seçim,39,Hasat Rekoru - 1,3,290,Gold
15,Hız-alan + Ritim,bahcivan,standart,104,1 seçim,39,Güçlü Kesim - 2,1,230,Gold
15,Hız-alan + Ritim,bahcivan,standart,104,1 seçim,39,Nadir Filizler - 1,2,300,Iron
15,Hız-alan + Ritim,bahcivan,standart,104,1 seçim,39,Zengin Cevher - 3,2,140,Stone
15,Hız-alan + Ritim,bahcivan,standart,104,1 seçim,40,Akıcı Kesim - 3,2,450,Gold
15,Hız-alan + Ritim,bahcivan,standart,104,1 seçim,40,Verimli Üretim - 2,1,380,Iron
15,Hız-alan + Ritim,bahcivan,standart,104,1 seçim,40,Zengin Cevher - 4,1,155,Stone
15,Hız-alan + Ritim,bahcivan,standart,104,1 seçim,41,Altın Hasat II - 1,3,290,Gold
15,Hız-alan + Ritim,bahcivan,standart,104,1 seçim,41,Geniş Tarama - 2,2,360,Gold
15,Hız-alan + Ritim,bahcivan,standart,104,1 seçim,41,Kesim Ustalığı - 1,2,720,Iron
15,Hız-alan + Ritim,bahcivan,standart,104,1 seçim,42,Güçlü Kesim - 2,2,270,Gold
15,Hız-alan + Ritim,bahcivan,standart,104,1 seçim,42,Demir Hasat - 4,1,80,Gold
15,Hız-alan + Ritim,bahcivan,standart,104,1 seçim,42,Akıcı Kesim - 4,1,500,Gold
15,Hız-alan + Ritim,bahcivan,standart,104,1 seçim,42,Zengin Cevher - 4,2,170,Stone
15,Hız-alan + Ritim,bahcivan,standart,104,1 seçim,43,Altın Hasat II - 2,1,350,Gold
15,Hız-alan + Ritim,bahcivan,standart,104,1 seçim,43,Geniş Tarama - 3,1,400,Gold
15,Hız-alan + Ritim,bahcivan,standart,104,1 seçim,43,İkinci Vazgeçiş,1,800,Iron
15,Hız-alan + Ritim,bahcivan,standart,104,1 seçim,43,Nadir Filizler - 1,3,360,Iron
15,Hız-alan + Ritim,bahcivan,standart,104,1 seçim,44,Kritik Odak - 1,1,150,Gold
15,Hız-alan + Ritim,bahcivan,standart,104,1 seçim,44,Hasat Rekoru - 2,1,350,Gold
15,Hız-alan + Ritim,bahcivan,standart,104,1 seçim,44,Güçlü Kesim - 3,1,300,Gold
15,Hız-alan + Ritim,bahcivan,standart,104,1 seçim,44,Verimli Üretim - 2,2,440,Iron
15,Hız-alan + Ritim,bahcivan,standart,104,1 seçim,45,Akıcı Kesim - 4,2,550,Gold
15,Hız-alan + Ritim,bahcivan,standart,104,1 seçim,46,Altın Hasat II - 2,2,400,Gold
15,Hız-alan + Ritim,bahcivan,standart,104,1 seçim,46,Demir Hasat - 4,2,85,Gold
15,Hız-alan + Ritim,bahcivan,standart,104,1 seçim,46,Kesim Ustalığı - 1,3,890,Iron
15,Hız-alan + Ritim,bahcivan,standart,104,1 seçim,46,Nadir Filizler - 2,1,430,Iron
15,Hız-alan + Ritim,bahcivan,standart,104,1 seçim,47,Geniş Tarama - 3,2,450,Gold
15,Hız-alan + Ritim,bahcivan,standart,104,1 seçim,47,Kritik Odak - 1,2,195,Gold
15,Hız-alan + Ritim,bahcivan,standart,104,1 seçim,47,Hasat Deneyimi II - 1,1,450,Gold
15,Hız-alan + Ritim,bahcivan,standart,104,1 seçim,47,Hasat Rekoru - 2,2,400,Gold
15,Hız-alan + Ritim,bahcivan,standart,104,1 seçim,47,Verimli Üretim - 3,1,510,Iron
15,Hız-alan + Ritim,bahcivan,standart,104,1 seçim,48,Güçlü Kesim - 3,2,340,Gold
15,Hız-alan + Ritim,bahcivan,standart,104,1 seçim,48,Altın Hasat II - 3,1,450,Gold
15,Hız-alan + Ritim,bahcivan,standart,104,1 seçim,49,Geniş Tarama - 4,1,500,Gold
15,Hız-alan + Ritim,bahcivan,standart,104,1 seçim,49,Kritik Odak - 1,3,240,Gold
15,Hız-alan + Ritim,bahcivan,standart,104,1 seçim,49,Kesim Ustalığı - 2,1,1100,Iron
15,Hız-alan + Ritim,bahcivan,standart,104,1 seçim,49,Kritik Güç - 1,1,150,Stone
15,Hız-alan + Ritim,bahcivan,standart,104,1 seçim,49,Kritik Güç - 1,2,195,Stone
15,Hız-alan + Ritim,bahcivan,standart,104,1 seçim,49,Kritik Güç - 1,3,240,Stone
15,Hız-alan + Ritim,bahcivan,standart,104,1 seçim,49,Kritik Güç - 2,1,290,Stone
15,Hız-alan + Ritim,bahcivan,standart,104,1 seçim,49,Kritik Güç - 2,2,330,Stone
16,Patlama yolu,bahcivan,standart,100,3 seçim · boss ödülü yok,1,Keskin Başlangıç - 1,1,5,Gold
16,Patlama yolu,bahcivan,standart,100,3 seçim · boss ödülü yok,2,Keskin Başlangıç - 1,2,7,Gold
16,Patlama yolu,bahcivan,standart,100,3 seçim · boss ödülü yok,2,Altın Hasat I - 1,1,7,Gold
16,Patlama yolu,bahcivan,standart,100,3 seçim · boss ödülü yok,3,Düzenli Üretim - 1,1,6,Gold
16,Patlama yolu,bahcivan,standart,100,3 seçim · boss ödülü yok,3,Keskin Başlangıç - 1,3,8,Gold
16,Patlama yolu,bahcivan,standart,100,3 seçim · boss ödülü yok,3,Hızlı Eller - 1,1,7,Gold
16,Patlama yolu,bahcivan,standart,100,3 seçim · boss ödülü yok,3,Hasat Deneyimi I - 1,1,6,Gold
16,Patlama yolu,bahcivan,standart,100,3 seçim · boss ödülü yok,5,Grid Genişleme I,1,30,Gold
16,Patlama yolu,bahcivan,standart,100,3 seçim · boss ödülü yok,6,Altın Hasat I - 1,2,9,Gold
16,Patlama yolu,bahcivan,standart,100,3 seçim · boss ödülü yok,6,Keskin Başlangıç - 2,1,10,Gold
16,Patlama yolu,bahcivan,standart,100,3 seçim · boss ödülü yok,6,Düzenli Üretim - 1,2,8,Gold
16,Patlama yolu,bahcivan,standart,100,3 seçim · boss ödülü yok,6,Hızlı Eller - 1,2,9,Gold
16,Patlama yolu,bahcivan,standart,100,3 seçim · boss ödülü yok,7,Keskin Başlangıç - 2,2,11,Gold
16,Patlama yolu,bahcivan,standart,100,3 seçim · boss ödülü yok,7,Altın Hasat I - 1,3,11,Gold
16,Patlama yolu,bahcivan,standart,100,3 seçim · boss ödülü yok,7,1×3 Saksı,1,30,Gold
16,Patlama yolu,bahcivan,standart,100,3 seçim · boss ödülü yok,8,Keskin Başlangıç - 3,1,13,Gold
16,Patlama yolu,bahcivan,standart,100,3 seçim · boss ödülü yok,8,Düzenli Üretim - 1,3,10,Gold
16,Patlama yolu,bahcivan,standart,100,3 seçim · boss ödülü yok,8,Hızlı Eller - 1,3,11,Gold
16,Patlama yolu,bahcivan,standart,100,3 seçim · boss ödülü yok,9,Altın Hasat I - 2,1,13,Gold
16,Patlama yolu,bahcivan,standart,100,3 seçim · boss ödülü yok,9,Keskin Başlangıç - 3,2,14,Gold
16,Patlama yolu,bahcivan,standart,100,3 seçim · boss ödülü yok,10,Kesim Tekniği - 1,1,25,Gold
16,Patlama yolu,bahcivan,standart,100,3 seçim · boss ödülü yok,10,Hızlı Eller - 2,1,12,Gold
16,Patlama yolu,bahcivan,standart,100,3 seçim · boss ödülü yok,11,Altın Hasat I - 2,2,16,Gold
16,Patlama yolu,bahcivan,standart,100,3 seçim · boss ödülü yok,11,Düzenli Üretim - 2,1,12,Gold
16,Patlama yolu,bahcivan,standart,100,3 seçim · boss ödülü yok,11,Hasat Deneyimi I - 1,2,8,Gold
16,Patlama yolu,bahcivan,standart,100,3 seçim · boss ödülü yok,11,Keskin Başlangıç - 4,1,16,Gold
16,Patlama yolu,bahcivan,standart,100,3 seçim · boss ödülü yok,11,Hızlı Eller - 2,2,14,Gold
16,Patlama yolu,bahcivan,standart,100,3 seçim · boss ödülü yok,11,Grid Genişleme I,2,30,Iron
16,Patlama yolu,bahcivan,standart,100,3 seçim · boss ödülü yok,12,Kesim Tekniği - 1,2,35,Gold
16,Patlama yolu,bahcivan,standart,100,3 seçim · boss ödülü yok,12,Altın Hasat I - 3,1,18,Gold
16,Patlama yolu,bahcivan,standart,100,3 seçim · boss ödülü yok,12,Keskin Başlangıç - 4,2,17,Gold
16,Patlama yolu,bahcivan,standart,100,3 seçim · boss ödülü yok,12,Hasat Deneyimi I - 1,3,10,Gold
16,Patlama yolu,bahcivan,standart,100,3 seçim · boss ödülü yok,12,Düzenli Üretim - 2,2,13,Gold
16,Patlama yolu,bahcivan,standart,100,3 seçim · boss ödülü yok,13,Hızlı Eller - 3,1,16,Gold
16,Patlama yolu,bahcivan,standart,100,3 seçim · boss ödülü yok,13,Altın Hasat I - 3,2,20,Gold
16,Patlama yolu,bahcivan,standart,100,3 seçim · boss ödülü yok,13,Hasat Deneyimi I - 2,1,12,Gold
16,Patlama yolu,bahcivan,standart,100,3 seçim · boss ödülü yok,13,Hızlı Eller - 3,2,18,Gold
16,Patlama yolu,bahcivan,standart,100,3 seçim · boss ödülü yok,14,2×2 Saksı,1,80,Gold
16,Patlama yolu,bahcivan,standart,100,3 seçim · boss ödülü yok,14,Çifte Hasat Kartları,1,25,Iron
16,Patlama yolu,bahcivan,standart,100,3 seçim · boss ödülü yok,15,Kesim Tekniği - 1,3,40,Gold
16,Patlama yolu,bahcivan,standart,100,3 seçim · boss ödülü yok,15,Demir Hasat - 1,1,25,Gold
16,Patlama yolu,bahcivan,standart,100,3 seçim · boss ödülü yok,15,Düzenli Üretim - 3,1,15,Gold
16,Patlama yolu,bahcivan,standart,100,3 seçim · boss ödülü yok,16,Altın Hasat I - 4,1,22,Gold
16,Patlama yolu,bahcivan,standart,100,3 seçim · boss ödülü yok,16,Geniş Süpürüş - 1,1,21,Gold
16,Patlama yolu,bahcivan,standart,100,3 seçim · boss ödülü yok,16,Kesim Tekniği - 2,1,50,Gold
16,Patlama yolu,bahcivan,standart,100,3 seçim · boss ödülü yok,16,Hasat Deneyimi I - 2,2,14,Gold
16,Patlama yolu,bahcivan,standart,100,3 seçim · boss ödülü yok,17,Hızlı Eller - 4,1,20,Gold
16,Patlama yolu,bahcivan,standart,100,3 seçim · boss ödülü yok,17,Altın Hasat I - 4,2,24,Gold
16,Patlama yolu,bahcivan,standart,100,3 seçim · boss ödülü yok,17,Demir Hasat - 1,2,35,Gold
16,Patlama yolu,bahcivan,standart,100,3 seçim · boss ödülü yok,17,Düzenli Üretim - 3,2,17,Gold
16,Patlama yolu,bahcivan,standart,100,3 seçim · boss ödülü yok,18,Geniş Süpürüş - 1,2,28,Gold
16,Patlama yolu,bahcivan,standart,100,3 seçim · boss ödülü yok,18,Hızlı Eller - 4,2,22,Gold
16,Patlama yolu,bahcivan,standart,100,3 seçim · boss ödülü yok,18,Hasat Deneyimi I - 3,1,16,Gold
16,Patlama yolu,bahcivan,standart,100,3 seçim · boss ödülü yok,18,Düzenli Üretim - 4,1,19,Gold
16,Patlama yolu,bahcivan,standart,100,3 seçim · boss ödülü yok,18,Hasat Deneyimi I - 3,2,18,Gold
16,Patlama yolu,bahcivan,standart,100,3 seçim · boss ödülü yok,19,Düzenli Üretim - 4,2,21,Gold
16,Patlama yolu,bahcivan,standart,100,3 seçim · boss ödülü yok,19,Hasat Deneyimi I - 4,1,20,Gold
16,Patlama yolu,bahcivan,standart,100,3 seçim · boss ödülü yok,19,Hasat Deneyimi I - 4,2,21,Gold
16,Patlama yolu,bahcivan,standart,100,3 seçim · boss ödülü yok,20,Güçlü Kesim - 1,1,120,Gold
16,Patlama yolu,bahcivan,standart,100,3 seçim · boss ödülü yok,21,Kesim Tekniği - 2,2,55,Gold
16,Patlama yolu,bahcivan,standart,100,3 seçim · boss ödülü yok,21,Demir Hasat - 1,3,40,Gold
16,Patlama yolu,bahcivan,standart,100,3 seçim · boss ödülü yok,21,Geniş Süpürüş - 1,3,35,Gold
16,Patlama yolu,bahcivan,standart,100,3 seçim · boss ödülü yok,21,Taş Hasat - 1,1,35,Iron
16,Patlama yolu,bahcivan,standart,100,3 seçim · boss ödülü yok,22,2×3 Saksı,1,200,Gold
16,Patlama yolu,bahcivan,standart,100,3 seçim · boss ödülü yok,23,İlk Vazgeçiş,1,150,Gold
16,Patlama yolu,bahcivan,standart,100,3 seçim · boss ödülü yok,23,Kesim Tekniği - 3,1,65,Gold
16,Patlama yolu,bahcivan,standart,100,3 seçim · boss ödülü yok,23,Taş Hasat - 1,2,45,Iron
16,Patlama yolu,bahcivan,standart,100,3 seçim · boss ödülü yok,24,Hasat Rekoru - 1,1,180,Gold
16,Patlama yolu,bahcivan,standart,100,3 seçim · boss ödülü yok,24,Geniş Süpürüş - 2,1,40,Gold
16,Patlama yolu,bahcivan,standart,100,3 seçim · boss ödülü yok,25,Güçlü Kesim - 1,2,160,Gold
16,Patlama yolu,bahcivan,standart,100,3 seçim · boss ödülü yok,26,Akıcı Kesim - 1,1,160,Gold
16,Patlama yolu,bahcivan,standart,100,3 seçim · boss ödülü yok,26,Kesim Tekniği - 3,2,70,Gold
16,Patlama yolu,bahcivan,standart,100,3 seçim · boss ödülü yok,26,Demir Hasat - 2,1,50,Gold
16,Patlama yolu,bahcivan,standart,100,3 seçim · boss ödülü yok,26,Taş Hasat - 1,3,55,Iron
16,Patlama yolu,bahcivan,standart,100,3 seçim · boss ödülü yok,27,Güçlü Kesim - 1,3,195,Gold
16,Patlama yolu,bahcivan,standart,100,3 seçim · boss ödülü yok,27,Geniş Süpürüş - 2,2,45,Gold
16,Patlama yolu,bahcivan,standart,100,3 seçim · boss ödülü yok,28,Akıcı Kesim - 1,2,210,Gold
16,Patlama yolu,bahcivan,standart,100,3 seçim · boss ödülü yok,28,Demir Hasat - 2,2,55,Gold
16,Patlama yolu,bahcivan,standart,100,3 seçim · boss ödülü yok,28,Geniş Süpürüş - 3,1,55,Gold
16,Patlama yolu,bahcivan,standart,100,3 seçim · boss ödülü yok,28,Geniş Süpürüş - 3,2,60,Gold
16,Patlama yolu,bahcivan,standart,100,3 seçim · boss ödülü yok,29,Hasat Rekoru - 1,2,240,Gold
16,Patlama yolu,bahcivan,standart,100,3 seçim · boss ödülü yok,29,Kesim Tekniği - 4,1,80,Gold
16,Patlama yolu,bahcivan,standart,100,3 seçim · boss ödülü yok,30,Güçlü Kesim - 2,1,230,Gold
16,Patlama yolu,bahcivan,standart,100,3 seçim · boss ödülü yok,31,Altın Hasat II - 1,1,180,Gold
16,Patlama yolu,bahcivan,standart,100,3 seçim · boss ödülü yok,31,Kesim Tekniği - 4,2,85,Gold
16,Patlama yolu,bahcivan,standart,100,3 seçim · boss ödülü yok,31,Verimli Üretim - 1,1,200,Iron
16,Patlama yolu,bahcivan,standart,100,3 seçim · boss ödülü yok,31,Demir Hasat - 3,1,65,Gold
16,Patlama yolu,bahcivan,standart,100,3 seçim · boss ödülü yok,31,Geniş Süpürüş - 4,1,65,Gold
16,Patlama yolu,bahcivan,standart,100,3 seçim · boss ödülü yok,32,Akıcı Kesim - 1,3,260,Gold
16,Patlama yolu,bahcivan,standart,100,3 seçim · boss ödülü yok,32,Demir Hasat - 3,2,70,Gold
16,Patlama yolu,bahcivan,standart,100,3 seçim · boss ödülü yok,32,Geniş Süpürüş - 4,2,70,Gold
16,Patlama yolu,bahcivan,standart,100,3 seçim · boss ödülü yok,33,Nadir Filizler - 1,1,230,Iron
16,Patlama yolu,bahcivan,standart,100,3 seçim · boss ödülü yok,33,Hasat Rekoru - 1,3,290,Gold
16,Patlama yolu,bahcivan,standart,100,3 seçim · boss ödülü yok,34,Güçlü Kesim - 2,2,270,Gold
16,Patlama yolu,bahcivan,standart,100,3 seçim · boss ödülü yok,34,Taş Hasat - 2,1,65,Iron
16,Patlama yolu,bahcivan,standart,100,3 seçim · boss ödülü yok,35,Altın Hasat II - 1,2,240,Gold
16,Patlama yolu,bahcivan,standart,100,3 seçim · boss ödülü yok,35,Grid Genişleme II,1,100,Stone
16,Patlama yolu,bahcivan,standart,100,3 seçim · boss ödülü yok,36,Verimli Üretim - 1,2,260,Iron
16,Patlama yolu,bahcivan,standart,100,3 seçim · boss ödülü yok,36,Akıcı Kesim - 2,1,310,Gold
16,Patlama yolu,bahcivan,standart,100,3 seçim · boss ödülü yok,36,Geniş Tarama - 1,1,160,Gold
16,Patlama yolu,bahcivan,standart,100,3 seçim · boss ödülü yok,37,Nadir Filizler - 1,2,300,Iron
16,Patlama yolu,bahcivan,standart,100,3 seçim · boss ödülü yok,37,Güçlü Kesim - 3,1,300,Gold
16,Patlama yolu,bahcivan,standart,100,3 seçim · boss ödülü yok,38,Altın Hasat II - 1,3,290,Gold
16,Patlama yolu,bahcivan,standart,100,3 seçim · boss ödülü yok,38,Taş Hasat - 2,2,80,Iron
16,Patlama yolu,bahcivan,standart,100,3 seçim · boss ödülü yok,38,Zengin Cevher - 1,1,50,Stone
16,Patlama yolu,bahcivan,standart,100,3 seçim · boss ödülü yok,38,Taş Hasat - 3,1,90,Iron
16,Patlama yolu,bahcivan,standart,100,3 seçim · boss ödülü yok,38,Taş Hasat - 3,2,100,Iron
16,Patlama yolu,bahcivan,standart,100,3 seçim · boss ödülü yok,39,Hasat Rekoru - 2,1,350,Gold
16,Patlama yolu,bahcivan,standart,100,3 seçim · boss ödülü yok,39,Demir Hasat - 4,1,80,Gold
16,Patlama yolu,bahcivan,standart,100,3 seçim · boss ödülü yok,39,Zengin Cevher - 1,2,65,Stone
16,Patlama yolu,bahcivan,standart,100,3 seçim · boss ödülü yok,39,Taş Hasat - 4,1,110,Iron
16,Patlama yolu,bahcivan,standart,100,3 seçim · boss ödülü yok,40,Demir Hasat - 4,2,85,Gold
16,Patlama yolu,bahcivan,standart,100,3 seçim · boss ödülü yok,40,Zengin Cevher - 1,3,80,Stone
16,Patlama yolu,bahcivan,standart,100,3 seçim · boss ödülü yok,40,Taş Hasat - 4,2,120,Iron
16,Patlama yolu,bahcivan,standart,100,3 seçim · boss ödülü yok,41,Akıcı Kesim - 2,2,360,Gold
16,Patlama yolu,bahcivan,standart,100,3 seçim · boss ödülü yok,41,Zengin Cevher - 2,1,95,Stone
16,Patlama yolu,bahcivan,standart,100,3 seçim · boss ödülü yok,42,Kesim Ustalığı - 1,1,560,Iron
16,Patlama yolu,bahcivan,standart,100,3 seçim · boss ödülü yok,42,Geniş Tarama - 1,2,210,Gold
16,Patlama yolu,bahcivan,standart,100,3 seçim · boss ödülü yok,42,Güçlü Kesim - 3,2,340,Gold
16,Patlama yolu,bahcivan,standart,100,3 seçim · boss ödülü yok,43,Verimli Üretim - 1,3,320,Iron
16,Patlama yolu,bahcivan,standart,100,3 seçim · boss ödülü yok,43,Altın Hasat II - 2,1,350,Gold
16,Patlama yolu,bahcivan,standart,100,3 seçim · boss ödülü yok,43,Zengin Cevher - 2,2,110,Stone
16,Patlama yolu,bahcivan,standart,100,3 seçim · boss ödülü yok,44,Akıcı Kesim - 3,1,400,Gold
16,Patlama yolu,bahcivan,standart,100,3 seçim · boss ödülü yok,44,Geniş Tarama - 1,3,260,Gold
16,Patlama yolu,bahcivan,standart,100,3 seçim · boss ödülü yok,45,Hasat Deneyimi II - 1,1,450,Gold
16,Patlama yolu,bahcivan,standart,100,3 seçim · boss ödülü yok,45,Zengin Cevher - 3,1,125,Stone
16,Patlama yolu,bahcivan,standart,100,3 seçim · boss ödülü yok,46,Hasat Rekoru - 2,2,400,Gold
16,Patlama yolu,bahcivan,standart,100,3 seçim · boss ödülü yok,46,Zengin Cevher - 3,2,140,Stone
16,Patlama yolu,bahcivan,standart,100,3 seçim · boss ödülü yok,47,Kesim Ustalığı - 1,2,720,Iron
16,Patlama yolu,bahcivan,standart,100,3 seçim · boss ödülü yok,47,Güçlü Kesim - 4,1,380,Gold
16,Patlama yolu,bahcivan,standart,100,3 seçim · boss ödülü yok,48,Nadir Filizler - 1,3,360,Iron
16,Patlama yolu,bahcivan,standart,100,3 seçim · boss ödülü yok,48,Altın Hasat II - 2,2,400,Gold
16,Patlama yolu,bahcivan,standart,100,3 seçim · boss ödülü yok,48,Kritik Odak - 1,1,150,Gold
16,Patlama yolu,bahcivan,standart,100,3 seçim · boss ödülü yok,49,Kritik Odak - 1,2,195,Gold
16,Patlama yolu,bahcivan,standart,100,3 seçim · boss ödülü yok,49,Kritik Odak - 1,3,240,Gold
16,Patlama yolu,bahcivan,standart,100,3 seçim · boss ödülü yok,49,Zengin Cevher - 4,1,155,Stone
17,Patlama yolu,bahcivan,standart,101,3 seçim · boss ödülü yok,1,Keskin Başlangıç - 1,1,5,Gold
17,Patlama yolu,bahcivan,standart,101,3 seçim · boss ödülü yok,2,Keskin Başlangıç - 1,2,7,Gold
17,Patlama yolu,bahcivan,standart,101,3 seçim · boss ödülü yok,2,Altın Hasat I - 1,1,7,Gold
17,Patlama yolu,bahcivan,standart,101,3 seçim · boss ödülü yok,4,Düzenli Üretim - 1,1,6,Gold
17,Patlama yolu,bahcivan,standart,101,3 seçim · boss ödülü yok,4,Keskin Başlangıç - 1,3,8,Gold
17,Patlama yolu,bahcivan,standart,101,3 seçim · boss ödülü yok,4,Hızlı Eller - 1,1,7,Gold
17,Patlama yolu,bahcivan,standart,101,3 seçim · boss ödülü yok,5,Grid Genişleme I,1,30,Gold
17,Patlama yolu,bahcivan,standart,101,3 seçim · boss ödülü yok,6,Altın Hasat I - 1,2,9,Gold
17,Patlama yolu,bahcivan,standart,101,3 seçim · boss ödülü yok,6,Keskin Başlangıç - 2,1,10,Gold
17,Patlama yolu,bahcivan,standart,101,3 seçim · boss ödülü yok,6,Düzenli Üretim - 1,2,8,Gold
17,Patlama yolu,bahcivan,standart,101,3 seçim · boss ödülü yok,7,Hızlı Eller - 1,2,9,Gold
17,Patlama yolu,bahcivan,standart,101,3 seçim · boss ödülü yok,7,Keskin Başlangıç - 2,2,11,Gold
17,Patlama yolu,bahcivan,standart,101,3 seçim · boss ödülü yok,7,Altın Hasat I - 1,3,11,Gold
17,Patlama yolu,bahcivan,standart,101,3 seçim · boss ödülü yok,8,1×3 Saksı,1,30,Gold
17,Patlama yolu,bahcivan,standart,101,3 seçim · boss ödülü yok,9,Keskin Başlangıç - 3,1,13,Gold
17,Patlama yolu,bahcivan,standart,101,3 seçim · boss ödülü yok,9,Düzenli Üretim - 1,3,10,Gold
17,Patlama yolu,bahcivan,standart,101,3 seçim · boss ödülü yok,9,Hızlı Eller - 1,3,11,Gold
17,Patlama yolu,bahcivan,standart,101,3 seçim · boss ödülü yok,9,Hasat Deneyimi I - 1,1,6,Gold
17,Patlama yolu,bahcivan,standart,101,3 seçim · boss ödülü yok,10,Altın Hasat I - 2,1,13,Gold
17,Patlama yolu,bahcivan,standart,101,3 seçim · boss ödülü yok,10,Keskin Başlangıç - 3,2,14,Gold
17,Patlama yolu,bahcivan,standart,101,3 seçim · boss ödülü yok,11,Kesim Tekniği - 1,1,25,Gold
17,Patlama yolu,bahcivan,standart,101,3 seçim · boss ödülü yok,11,Hızlı Eller - 2,1,12,Gold
17,Patlama yolu,bahcivan,standart,101,3 seçim · boss ödülü yok,11,Altın Hasat I - 2,2,16,Gold
17,Patlama yolu,bahcivan,standart,101,3 seçim · boss ödülü yok,11,Düzenli Üretim - 2,1,12,Gold
17,Patlama yolu,bahcivan,standart,101,3 seçim · boss ödülü yok,11,Hasat Deneyimi I - 1,2,8,Gold
17,Patlama yolu,bahcivan,standart,101,3 seçim · boss ödülü yok,11,Grid Genişleme I,2,30,Iron
17,Patlama yolu,bahcivan,standart,101,3 seçim · boss ödülü yok,12,Keskin Başlangıç - 4,1,16,Gold
17,Patlama yolu,bahcivan,standart,101,3 seçim · boss ödülü yok,12,Hızlı Eller - 2,2,14,Gold
17,Patlama yolu,bahcivan,standart,101,3 seçim · boss ödülü yok,12,Kesim Tekniği - 1,2,35,Gold
17,Patlama yolu,bahcivan,standart,101,3 seçim · boss ödülü yok,12,Altın Hasat I - 3,1,18,Gold
17,Patlama yolu,bahcivan,standart,101,3 seçim · boss ödülü yok,13,Keskin Başlangıç - 4,2,17,Gold
17,Patlama yolu,bahcivan,standart,101,3 seçim · boss ödülü yok,13,Hasat Deneyimi I - 1,3,10,Gold
17,Patlama yolu,bahcivan,standart,101,3 seçim · boss ödülü yok,13,Düzenli Üretim - 2,2,13,Gold
17,Patlama yolu,bahcivan,standart,101,3 seçim · boss ödülü yok,13,Hızlı Eller - 3,1,16,Gold
17,Patlama yolu,bahcivan,standart,101,3 seçim · boss ödülü yok,14,Altın Hasat I - 3,2,20,Gold
17,Patlama yolu,bahcivan,standart,101,3 seçim · boss ödülü yok,14,Hasat Deneyimi I - 2,1,12,Gold
17,Patlama yolu,bahcivan,standart,101,3 seçim · boss ödülü yok,14,Hızlı Eller - 3,2,18,Gold
17,Patlama yolu,bahcivan,standart,101,3 seçim · boss ödülü yok,14,Düzenli Üretim - 3,1,15,Gold
17,Patlama yolu,bahcivan,standart,101,3 seçim · boss ödülü yok,15,Hasat Deneyimi I - 2,2,14,Gold
17,Patlama yolu,bahcivan,standart,101,3 seçim · boss ödülü yok,15,Hızlı Eller - 4,1,20,Gold
17,Patlama yolu,bahcivan,standart,101,3 seçim · boss ödülü yok,15,Düzenli Üretim - 3,2,17,Gold
17,Patlama yolu,bahcivan,standart,101,3 seçim · boss ödülü yok,16,2×2 Saksı,1,80,Gold
17,Patlama yolu,bahcivan,standart,101,3 seçim · boss ödülü yok,16,Çifte Hasat Kartları,1,25,Iron
17,Patlama yolu,bahcivan,standart,101,3 seçim · boss ödülü yok,17,Kesim Tekniği - 1,3,40,Gold
17,Patlama yolu,bahcivan,standart,101,3 seçim · boss ödülü yok,17,Demir Hasat - 1,1,25,Gold
17,Patlama yolu,bahcivan,standart,101,3 seçim · boss ödülü yok,17,Altın Hasat I - 4,1,22,Gold
17,Patlama yolu,bahcivan,standart,101,3 seçim · boss ödülü yok,18,Geniş Süpürüş - 1,1,21,Gold
17,Patlama yolu,bahcivan,standart,101,3 seçim · boss ödülü yok,18,Kesim Tekniği - 2,1,50,Gold
17,Patlama yolu,bahcivan,standart,101,3 seçim · boss ödülü yok,18,Altın Hasat I - 4,2,24,Gold
17,Patlama yolu,bahcivan,standart,101,3 seçim · boss ödülü yok,19,Demir Hasat - 1,2,35,Gold
17,Patlama yolu,bahcivan,standart,101,3 seçim · boss ödülü yok,19,Geniş Süpürüş - 1,2,28,Gold
17,Patlama yolu,bahcivan,standart,101,3 seçim · boss ödülü yok,19,Hızlı Eller - 4,2,22,Gold
17,Patlama yolu,bahcivan,standart,101,3 seçim · boss ödülü yok,20,Hasat Deneyimi I - 3,1,16,Gold
17,Patlama yolu,bahcivan,standart,101,3 seçim · boss ödülü yok,20,Düzenli Üretim - 4,1,19,Gold
17,Patlama yolu,bahcivan,standart,101,3 seçim · boss ödülü yok,20,Hasat Deneyimi I - 3,2,18,Gold
17,Patlama yolu,bahcivan,standart,101,3 seçim · boss ödülü yok,20,Düzenli Üretim - 4,2,21,Gold
17,Patlama yolu,bahcivan,standart,101,3 seçim · boss ödülü yok,20,Hasat Deneyimi I - 4,1,20,Gold
17,Patlama yolu,bahcivan,standart,101,3 seçim · boss ödülü yok,21,Hasat Deneyimi I - 4,2,21,Gold
17,Patlama yolu,bahcivan,standart,101,3 seçim · boss ödülü yok,22,Güçlü Kesim - 1,1,120,Gold
17,Patlama yolu,bahcivan,standart,101,3 seçim · boss ödülü yok,23,Kesim Tekniği - 2,2,55,Gold
17,Patlama yolu,bahcivan,standart,101,3 seçim · boss ödülü yok,23,Demir Hasat - 1,3,40,Gold
17,Patlama yolu,bahcivan,standart,101,3 seçim · boss ödülü yok,23,Taş Hasat - 1,1,35,Iron
17,Patlama yolu,bahcivan,standart,101,3 seçim · boss ödülü yok,24,Geniş Süpürüş - 1,3,35,Gold
17,Patlama yolu,bahcivan,standart,101,3 seçim · boss ödülü yok,24,Geniş Süpürüş - 2,1,40,Gold
17,Patlama yolu,bahcivan,standart,101,3 seçim · boss ödülü yok,25,Demir Hasat - 2,1,50,Gold
17,Patlama yolu,bahcivan,standart,101,3 seçim · boss ödülü yok,25,Geniş Süpürüş - 2,2,45,Gold
17,Patlama yolu,bahcivan,standart,101,3 seçim · boss ödülü yok,26,Taş Hasat - 1,2,45,Iron
17,Patlama yolu,bahcivan,standart,101,3 seçim · boss ödülü yok,27,2×3 Saksı,1,200,Gold
17,Patlama yolu,bahcivan,standart,101,3 seçim · boss ödülü yok,28,İlk Vazgeçiş,1,150,Gold
17,Patlama yolu,bahcivan,standart,101,3 seçim · boss ödülü yok,28,Kesim Tekniği - 3,1,65,Gold
17,Patlama yolu,bahcivan,standart,101,3 seçim · boss ödülü yok,29,Hasat Rekoru - 1,1,180,Gold
17,Patlama yolu,bahcivan,standart,101,3 seçim · boss ödülü yok,30,Güçlü Kesim - 1,2,160,Gold
17,Patlama yolu,bahcivan,standart,101,3 seçim · boss ödülü yok,31,Akıcı Kesim - 1,1,160,Gold
17,Patlama yolu,bahcivan,standart,101,3 seçim · boss ödülü yok,31,Kesim Tekniği - 3,2,70,Gold
17,Patlama yolu,bahcivan,standart,101,3 seçim · boss ödülü yok,32,Güçlü Kesim - 1,3,195,Gold
17,Patlama yolu,bahcivan,standart,101,3 seçim · boss ödülü yok,33,Akıcı Kesim - 1,2,210,Gold
17,Patlama yolu,bahcivan,standart,101,3 seçim · boss ödülü yok,33,Demir Hasat - 2,2,55,Gold
17,Patlama yolu,bahcivan,standart,101,3 seçim · boss ödülü yok,33,Geniş Süpürüş - 3,1,55,Gold
17,Patlama yolu,bahcivan,standart,101,3 seçim · boss ödülü yok,34,Verimli Üretim - 1,1,200,Iron
17,Patlama yolu,bahcivan,standart,101,3 seçim · boss ödülü yok,34,Geniş Süpürüş - 3,2,60,Gold
17,Patlama yolu,bahcivan,standart,101,3 seçim · boss ödülü yok,35,Hasat Rekoru - 1,2,240,Gold
17,Patlama yolu,bahcivan,standart,101,3 seçim · boss ödülü yok,35,Kesim Tekniği - 4,1,80,Gold
17,Patlama yolu,bahcivan,standart,101,3 seçim · boss ödülü yok,35,Taş Hasat - 1,3,55,Iron
17,Patlama yolu,bahcivan,standart,101,3 seçim · boss ödülü yok,36,Güçlü Kesim - 2,1,230,Gold
17,Patlama yolu,bahcivan,standart,101,3 seçim · boss ödülü yok,37,Altın Hasat II - 1,1,180,Gold
17,Patlama yolu,bahcivan,standart,101,3 seçim · boss ödülü yok,37,Kesim Tekniği - 4,2,85,Gold
17,Patlama yolu,bahcivan,standart,101,3 seçim · boss ödülü yok,37,Taş Hasat - 2,1,65,Iron
17,Patlama yolu,bahcivan,standart,101,3 seçim · boss ödülü yok,38,Demir Hasat - 3,1,65,Gold
17,Patlama yolu,bahcivan,standart,101,3 seçim · boss ödülü yok,38,Geniş Süpürüş - 4,1,65,Gold
18,Patlama yolu,bahcivan,standart,102,3 seçim · boss ödülü yok,1,Keskin Başlangıç - 1,1,5,Gold
18,Patlama yolu,bahcivan,standart,102,3 seçim · boss ödülü yok,1,Keskin Başlangıç - 1,2,7,Gold
18,Patlama yolu,bahcivan,standart,102,3 seçim · boss ödülü yok,3,Altın Hasat I - 1,1,7,Gold
18,Patlama yolu,bahcivan,standart,102,3 seçim · boss ödülü yok,3,Düzenli Üretim - 1,1,6,Gold
18,Patlama yolu,bahcivan,standart,102,3 seçim · boss ödülü yok,4,Keskin Başlangıç - 1,3,8,Gold
18,Patlama yolu,bahcivan,standart,102,3 seçim · boss ödülü yok,4,Hızlı Eller - 1,1,7,Gold
18,Patlama yolu,bahcivan,standart,102,3 seçim · boss ödülü yok,4,Hasat Deneyimi I - 1,1,6,Gold
18,Patlama yolu,bahcivan,standart,102,3 seçim · boss ödülü yok,5,Grid Genişleme I,1,30,Gold
18,Patlama yolu,bahcivan,standart,102,3 seçim · boss ödülü yok,5,Altın Hasat I - 1,2,9,Gold
18,Patlama yolu,bahcivan,standart,102,3 seçim · boss ödülü yok,5,Keskin Başlangıç - 2,1,10,Gold
18,Patlama yolu,bahcivan,standart,102,3 seçim · boss ödülü yok,5,Düzenli Üretim - 1,2,8,Gold
18,Patlama yolu,bahcivan,standart,102,3 seçim · boss ödülü yok,5,Hızlı Eller - 1,2,9,Gold
18,Patlama yolu,bahcivan,standart,102,3 seçim · boss ödülü yok,7,Keskin Başlangıç - 2,2,11,Gold
18,Patlama yolu,bahcivan,standart,102,3 seçim · boss ödülü yok,7,Altın Hasat I - 1,3,11,Gold
18,Patlama yolu,bahcivan,standart,102,3 seçim · boss ödülü yok,7,1×3 Saksı,1,30,Gold
18,Patlama yolu,bahcivan,standart,102,3 seçim · boss ödülü yok,8,Keskin Başlangıç - 3,1,13,Gold
18,Patlama yolu,bahcivan,standart,102,3 seçim · boss ödülü yok,8,Düzenli Üretim - 1,3,10,Gold
18,Patlama yolu,bahcivan,standart,102,3 seçim · boss ödülü yok,8,Hızlı Eller - 1,3,11,Gold
18,Patlama yolu,bahcivan,standart,102,3 seçim · boss ödülü yok,8,Altın Hasat I - 2,1,13,Gold
18,Patlama yolu,bahcivan,standart,102,3 seçim · boss ödülü yok,9,Keskin Başlangıç - 3,2,14,Gold
18,Patlama yolu,bahcivan,standart,102,3 seçim · boss ödülü yok,9,Kesim Tekniği - 1,1,25,Gold
18,Patlama yolu,bahcivan,standart,102,3 seçim · boss ödülü yok,11,Hızlı Eller - 2,1,12,Gold
18,Patlama yolu,bahcivan,standart,102,3 seçim · boss ödülü yok,11,Altın Hasat I - 2,2,16,Gold
18,Patlama yolu,bahcivan,standart,102,3 seçim · boss ödülü yok,11,Düzenli Üretim - 2,1,12,Gold
18,Patlama yolu,bahcivan,standart,102,3 seçim · boss ödülü yok,11,Grid Genişleme I,2,30,Iron
18,Patlama yolu,bahcivan,standart,102,3 seçim · boss ödülü yok,12,Hasat Deneyimi I - 1,2,8,Gold
18,Patlama yolu,bahcivan,standart,102,3 seçim · boss ödülü yok,12,Keskin Başlangıç - 4,1,16,Gold
18,Patlama yolu,bahcivan,standart,102,3 seçim · boss ödülü yok,12,Hızlı Eller - 2,2,14,Gold
18,Patlama yolu,bahcivan,standart,102,3 seçim · boss ödülü yok,13,Kesim Tekniği - 1,2,35,Gold
18,Patlama yolu,bahcivan,standart,102,3 seçim · boss ödülü yok,13,Altın Hasat I - 3,1,18,Gold
18,Patlama yolu,bahcivan,standart,102,3 seçim · boss ödülü yok,13,Keskin Başlangıç - 4,2,17,Gold
18,Patlama yolu,bahcivan,standart,102,3 seçim · boss ödülü yok,13,Hasat Deneyimi I - 1,3,10,Gold
18,Patlama yolu,bahcivan,standart,102,3 seçim · boss ödülü yok,13,Düzenli Üretim - 2,2,13,Gold
18,Patlama yolu,bahcivan,standart,102,3 seçim · boss ödülü yok,14,2×2 Saksı,1,80,Gold
18,Patlama yolu,bahcivan,standart,102,3 seçim · boss ödülü yok,14,Çifte Hasat Kartları,1,25,Iron
18,Patlama yolu,bahcivan,standart,102,3 seçim · boss ödülü yok,15,Hızlı Eller - 3,1,16,Gold
18,Patlama yolu,bahcivan,standart,102,3 seçim · boss ödülü yok,15,Altın Hasat I - 3,2,20,Gold
18,Patlama yolu,bahcivan,standart,102,3 seçim · boss ödülü yok,15,Kesim Tekniği - 1,3,40,Gold
18,Patlama yolu,bahcivan,standart,102,3 seçim · boss ödülü yok,15,Hasat Deneyimi I - 2,1,12,Gold
18,Patlama yolu,bahcivan,standart,102,3 seçim · boss ödülü yok,15,Demir Hasat - 1,1,25,Gold
18,Patlama yolu,bahcivan,standart,102,3 seçim · boss ödülü yok,15,Hızlı Eller - 3,2,18,Gold
18,Patlama yolu,bahcivan,standart,102,3 seçim · boss ödülü yok,15,Düzenli Üretim - 3,1,15,Gold
18,Patlama yolu,bahcivan,standart,102,3 seçim · boss ödülü yok,15,Altın Hasat I - 4,1,22,Gold
18,Patlama yolu,bahcivan,standart,102,3 seçim · boss ödülü yok,16,Geniş Süpürüş - 1,1,21,Gold
18,Patlama yolu,bahcivan,standart,102,3 seçim · boss ödülü yok,16,Kesim Tekniği - 2,1,50,Gold
18,Patlama yolu,bahcivan,standart,102,3 seçim · boss ödülü yok,16,Hasat Deneyimi I - 2,2,14,Gold
18,Patlama yolu,bahcivan,standart,102,3 seçim · boss ödülü yok,16,Hızlı Eller - 4,1,20,Gold
18,Patlama yolu,bahcivan,standart,102,3 seçim · boss ödülü yok,16,Altın Hasat I - 4,2,24,Gold
18,Patlama yolu,bahcivan,standart,102,3 seçim · boss ödülü yok,17,Demir Hasat - 1,2,35,Gold
18,Patlama yolu,bahcivan,standart,102,3 seçim · boss ödülü yok,17,Düzenli Üretim - 3,2,17,Gold
18,Patlama yolu,bahcivan,standart,102,3 seçim · boss ödülü yok,17,Geniş Süpürüş - 1,2,28,Gold
18,Patlama yolu,bahcivan,standart,102,3 seçim · boss ödülü yok,17,Güçlü Kesim - 1,1,120,Gold
18,Patlama yolu,bahcivan,standart,102,3 seçim · boss ödülü yok,18,Hızlı Eller - 4,2,22,Gold
18,Patlama yolu,bahcivan,standart,102,3 seçim · boss ödülü yok,18,Kesim Tekniği - 2,2,55,Gold
18,Patlama yolu,bahcivan,standart,102,3 seçim · boss ödülü yok,18,Hasat Deneyimi I - 3,1,16,Gold
18,Patlama yolu,bahcivan,standart,102,3 seçim · boss ödülü yok,18,Düzenli Üretim - 4,1,19,Gold
18,Patlama yolu,bahcivan,standart,102,3 seçim · boss ödülü yok,18,Demir Hasat - 1,3,40,Gold
18,Patlama yolu,bahcivan,standart,102,3 seçim · boss ödülü yok,18,Hasat Deneyimi I - 3,2,18,Gold
18,Patlama yolu,bahcivan,standart,102,3 seçim · boss ödülü yok,18,Taş Hasat - 1,1,35,Iron
18,Patlama yolu,bahcivan,standart,102,3 seçim · boss ödülü yok,19,2×3 Saksı,1,200,Gold
18,Patlama yolu,bahcivan,standart,102,3 seçim · boss ödülü yok,19,Geniş Süpürüş - 1,3,35,Gold
18,Patlama yolu,bahcivan,standart,102,3 seçim · boss ödülü yok,19,Düzenli Üretim - 4,2,21,Gold
18,Patlama yolu,bahcivan,standart,102,3 seçim · boss ödülü yok,19,Hasat Deneyimi I - 4,1,20,Gold
18,Patlama yolu,bahcivan,standart,102,3 seçim · boss ödülü yok,20,İlk Vazgeçiş,1,150,Gold
18,Patlama yolu,bahcivan,standart,102,3 seçim · boss ödülü yok,20,Kesim Tekniği - 3,1,65,Gold
18,Patlama yolu,bahcivan,standart,102,3 seçim · boss ödülü yok,20,Geniş Süpürüş - 2,1,40,Gold
18,Patlama yolu,bahcivan,standart,102,3 seçim · boss ödülü yok,20,Hasat Deneyimi I - 4,2,21,Gold
18,Patlama yolu,bahcivan,standart,102,3 seçim · boss ödülü yok,20,Taş Hasat - 1,2,45,Iron
18,Patlama yolu,bahcivan,standart,102,3 seçim · boss ödülü yok,21,Hasat Rekoru - 1,1,180,Gold
18,Patlama yolu,bahcivan,standart,102,3 seçim · boss ödülü yok,21,Güçlü Kesim - 1,2,160,Gold
18,Patlama yolu,bahcivan,standart,102,3 seçim · boss ödülü yok,22,Akıcı Kesim - 1,1,160,Gold
18,Patlama yolu,bahcivan,standart,102,3 seçim · boss ödülü yok,22,Kesim Tekniği - 3,2,70,Gold
18,Patlama yolu,bahcivan,standart,102,3 seçim · boss ödülü yok,22,Demir Hasat - 2,1,50,Gold
18,Patlama yolu,bahcivan,standart,102,3 seçim · boss ödülü yok,22,Geniş Süpürüş - 2,2,45,Gold
18,Patlama yolu,bahcivan,standart,102,3 seçim · boss ödülü yok,22,Verimli Üretim - 1,1,200,Iron
18,Patlama yolu,bahcivan,standart,102,3 seçim · boss ödülü yok,22,Taş Hasat - 1,3,55,Iron
18,Patlama yolu,bahcivan,standart,102,3 seçim · boss ödülü yok,23,Güçlü Kesim - 1,3,195,Gold
18,Patlama yolu,bahcivan,standart,102,3 seçim · boss ödülü yok,23,Akıcı Kesim - 1,2,210,Gold
18,Patlama yolu,bahcivan,standart,102,3 seçim · boss ödülü yok,23,Demir Hasat - 2,2,55,Gold
18,Patlama yolu,bahcivan,standart,102,3 seçim · boss ödülü yok,23,Geniş Süpürüş - 3,1,55,Gold
18,Patlama yolu,bahcivan,standart,102,3 seçim · boss ödülü yok,23,Geniş Süpürüş - 3,2,60,Gold
18,Patlama yolu,bahcivan,standart,102,3 seçim · boss ödülü yok,24,Hasat Rekoru - 1,2,240,Gold
18,Patlama yolu,bahcivan,standart,102,3 seçim · boss ödülü yok,24,Kesim Tekniği - 4,1,80,Gold
18,Patlama yolu,bahcivan,standart,102,3 seçim · boss ödülü yok,24,Güçlü Kesim - 2,1,230,Gold
18,Patlama yolu,bahcivan,standart,102,3 seçim · boss ödülü yok,24,Nadir Filizler - 1,1,230,Iron
18,Patlama yolu,bahcivan,standart,102,3 seçim · boss ödülü yok,25,Altın Hasat II - 1,1,180,Gold
18,Patlama yolu,bahcivan,standart,102,3 seçim · boss ödülü yok,25,Kesim Tekniği - 4,2,85,Gold
18,Patlama yolu,bahcivan,standart,102,3 seçim · boss ödülü yok,25,Akıcı Kesim - 1,3,260,Gold
18,Patlama yolu,bahcivan,standart,102,3 seçim · boss ödülü yok,25,Demir Hasat - 3,1,65,Gold
18,Patlama yolu,bahcivan,standart,102,3 seçim · boss ödülü yok,25,Geniş Süpürüş - 4,1,65,Gold
18,Patlama yolu,bahcivan,standart,102,3 seçim · boss ödülü yok,25,Taş Hasat - 2,1,65,Iron
18,Patlama yolu,bahcivan,standart,102,3 seçim · boss ödülü yok,26,Hasat Rekoru - 1,3,290,Gold
18,Patlama yolu,bahcivan,standart,102,3 seçim · boss ödülü yok,26,Grid Genişleme II,1,100,Stone
18,Patlama yolu,bahcivan,standart,102,3 seçim · boss ödülü yok,26,Verimli Üretim - 1,2,260,Iron
18,Patlama yolu,bahcivan,standart,102,3 seçim · boss ödülü yok,26,Zengin Cevher - 1,1,50,Stone
18,Patlama yolu,bahcivan,standart,102,3 seçim · boss ödülü yok,27,Güçlü Kesim - 2,2,270,Gold
18,Patlama yolu,bahcivan,standart,102,3 seçim · boss ödülü yok,27,Nadir Filizler - 1,2,300,Iron
18,Patlama yolu,bahcivan,standart,102,3 seçim · boss ödülü yok,27,Taş Hasat - 2,2,80,Iron
18,Patlama yolu,bahcivan,standart,102,3 seçim · boss ödülü yok,27,Taş Hasat - 3,1,90,Iron
18,Patlama yolu,bahcivan,standart,102,3 seçim · boss ödülü yok,28,Altın Hasat II - 1,2,240,Gold
18,Patlama yolu,bahcivan,standart,102,3 seçim · boss ödülü yok,28,Akıcı Kesim - 2,1,310,Gold
18,Patlama yolu,bahcivan,standart,102,3 seçim · boss ödülü yok,28,Taş Hasat - 3,2,100,Iron
18,Patlama yolu,bahcivan,standart,102,3 seçim · boss ödülü yok,29,Geniş Tarama - 1,1,160,Gold
18,Patlama yolu,bahcivan,standart,102,3 seçim · boss ödülü yok,29,Demir Hasat - 3,2,70,Gold
18,Patlama yolu,bahcivan,standart,102,3 seçim · boss ödülü yok,29,Geniş Süpürüş - 4,2,70,Gold
18,Patlama yolu,bahcivan,standart,102,3 seçim · boss ödülü yok,29,Zengin Cevher - 1,2,65,Stone
18,Patlama yolu,bahcivan,standart,102,3 seçim · boss ödülü yok,29,Zengin Cevher - 1,3,80,Stone
18,Patlama yolu,bahcivan,standart,102,3 seçim · boss ödülü yok,29,Taş Hasat - 4,1,110,Iron
18,Patlama yolu,bahcivan,standart,102,3 seçim · boss ödülü yok,30,Güçlü Kesim - 3,1,300,Gold
18,Patlama yolu,bahcivan,standart,102,3 seçim · boss ödülü yok,31,Kesim Ustalığı - 1,1,560,Iron
18,Patlama yolu,bahcivan,standart,102,3 seçim · boss ödülü yok,31,Altın Hasat II - 1,3,290,Gold
18,Patlama yolu,bahcivan,standart,102,3 seçim · boss ödülü yok,31,Hasat Rekoru - 2,1,350,Gold
18,Patlama yolu,bahcivan,standart,102,3 seçim · boss ödülü yok,31,Demir Hasat - 4,1,80,Gold
18,Patlama yolu,bahcivan,standart,102,3 seçim · boss ödülü yok,31,Zengin Cevher - 2,1,95,Stone
18,Patlama yolu,bahcivan,standart,102,3 seçim · boss ödülü yok,32,Akıcı Kesim - 2,2,360,Gold
18,Patlama yolu,bahcivan,standart,102,3 seçim · boss ödülü yok,32,Verimli Üretim - 1,3,320,Iron
18,Patlama yolu,bahcivan,standart,102,3 seçim · boss ödülü yok,33,Geniş Tarama - 1,2,210,Gold
18,Patlama yolu,bahcivan,standart,102,3 seçim · boss ödülü yok,33,Güçlü Kesim - 3,2,340,Gold
18,Patlama yolu,bahcivan,standart,102,3 seçim · boss ödülü yok,33,Demir Hasat - 4,2,85,Gold
18,Patlama yolu,bahcivan,standart,102,3 seçim · boss ödülü yok,33,Taş Hasat - 4,2,120,Iron
18,Patlama yolu,bahcivan,standart,102,3 seçim · boss ödülü yok,33,Zengin Cevher - 2,2,110,Stone
18,Patlama yolu,bahcivan,standart,102,3 seçim · boss ödülü yok,34,Kesim Ustalığı - 1,2,720,Iron
18,Patlama yolu,bahcivan,standart,102,3 seçim · boss ödülü yok,34,Altın Hasat II - 2,1,350,Gold
18,Patlama yolu,bahcivan,standart,102,3 seçim · boss ödülü yok,35,Nadir Filizler - 1,3,360,Iron
18,Patlama yolu,bahcivan,standart,102,3 seçim · boss ödülü yok,35,Akıcı Kesim - 3,1,400,Gold
18,Patlama yolu,bahcivan,standart,102,3 seçim · boss ödülü yok,35,Geniş Tarama - 1,3,260,Gold
18,Patlama yolu,bahcivan,standart,102,3 seçim · boss ödülü yok,35,Zengin Cevher - 3,1,125,Stone
18,Patlama yolu,bahcivan,standart,102,3 seçim · boss ödülü yok,36,Hasat Deneyimi II - 1,1,450,Gold
18,Patlama yolu,bahcivan,standart,102,3 seçim · boss ödülü yok,36,Hasat Rekoru - 2,2,400,Gold
18,Patlama yolu,bahcivan,standart,102,3 seçim · boss ödülü yok,37,İkinci Vazgeçiş,1,800,Iron
18,Patlama yolu,bahcivan,standart,102,3 seçim · boss ödülü yok,37,Güçlü Kesim - 4,1,380,Gold
18,Patlama yolu,bahcivan,standart,102,3 seçim · boss ödülü yok,37,Zengin Cevher - 3,2,140,Stone
18,Patlama yolu,bahcivan,standart,102,3 seçim · boss ödülü yok,38,Verimli Üretim - 2,1,380,Iron
18,Patlama yolu,bahcivan,standart,102,3 seçim · boss ödülü yok,38,Altın Hasat II - 2,2,400,Gold
18,Patlama yolu,bahcivan,standart,102,3 seçim · boss ödülü yok,38,Kritik Odak - 1,1,150,Gold
18,Patlama yolu,bahcivan,standart,102,3 seçim · boss ödülü yok,38,Kritik Odak - 1,2,195,Gold
18,Patlama yolu,bahcivan,standart,102,3 seçim · boss ödülü yok,39,Kritik Odak - 1,3,240,Gold
18,Patlama yolu,bahcivan,standart,102,3 seçim · boss ödülü yok,39,Kritik Odak - 2,1,290,Gold
18,Patlama yolu,bahcivan,standart,102,3 seçim · boss ödülü yok,39,Zengin Cevher - 4,1,155,Stone
18,Patlama yolu,bahcivan,standart,102,3 seçim · boss ödülü yok,40,Kritik Güç - 1,1,150,Stone
18,Patlama yolu,bahcivan,standart,102,3 seçim · boss ödülü yok,41,Ağır Kesim - 1,1,1200,Gold
18,Patlama yolu,bahcivan,standart,102,3 seçim · boss ödülü yok,41,Kesim Ustalığı - 1,3,890,Iron
18,Patlama yolu,bahcivan,standart,102,3 seçim · boss ödülü yok,41,Nadir Filizler - 2,1,430,Iron
18,Patlama yolu,bahcivan,standart,102,3 seçim · boss ödülü yok,41,Zengin Cevher - 4,2,170,Stone
18,Patlama yolu,bahcivan,standart,102,3 seçim · boss ödülü yok,42,Akıcı Kesim - 3,2,450,Gold
18,Patlama yolu,bahcivan,standart,102,3 seçim · boss ödülü yok,42,Kritik Güç - 1,2,195,Stone
18,Patlama yolu,bahcivan,standart,102,3 seçim · boss ödülü yok,43,Geniş Tarama - 2,1,310,Gold
18,Patlama yolu,bahcivan,standart,102,3 seçim · boss ödülü yok,43,Verimli Üretim - 2,2,440,Iron
18,Patlama yolu,bahcivan,standart,102,3 seçim · boss ödülü yok,44,Kart Sezgisi - 1,1,710,Gold
18,Patlama yolu,bahcivan,standart,102,3 seçim · boss ödülü yok,44,Hasat Deneyimi II - 1,2,590,Gold
18,Patlama yolu,bahcivan,standart,102,3 seçim · boss ödülü yok,44,Kritik Güç - 1,3,240,Stone
18,Patlama yolu,bahcivan,standart,102,3 seçim · boss ödülü yok,45,Altın Hasat II - 3,1,450,Gold
18,Patlama yolu,bahcivan,standart,102,3 seçim · boss ödülü yok,45,Güçlü Kesim - 4,2,410,Gold
18,Patlama yolu,bahcivan,standart,102,3 seçim · boss ödülü yok,45,Kesim Ustalığı - 2,1,1100,Iron
18,Patlama yolu,bahcivan,standart,102,3 seçim · boss ödülü yok,46,Ağır Kesim - 1,2,1600,Gold
18,Patlama yolu,bahcivan,standart,102,3 seçim · boss ödülü yok,46,Nadir Filizler - 2,2,500,Iron
18,Patlama yolu,bahcivan,standart,102,3 seçim · boss ödülü yok,46,Kritik Güç - 2,1,290,Stone
18,Patlama yolu,bahcivan,standart,102,3 seçim · boss ödülü yok,47,Hasat Rekoru - 3,1,450,Gold
18,Patlama yolu,bahcivan,standart,102,3 seçim · boss ödülü yok,47,Akıcı Kesim - 4,1,500,Gold
18,Patlama yolu,bahcivan,standart,102,3 seçim · boss ödülü yok,47,Geniş Tarama - 2,2,360,Gold
18,Patlama yolu,bahcivan,standart,102,3 seçim · boss ödülü yok,47,Verimli Üretim - 3,1,510,Iron
18,Patlama yolu,bahcivan,standart,102,3 seçim · boss ödülü yok,48,Hasat Deneyimi II - 1,3,730,Gold
18,Patlama yolu,bahcivan,standart,102,3 seçim · boss ödülü yok,48,Kesim Ustalığı - 2,2,1200,Iron
18,Patlama yolu,bahcivan,standart,102,3 seçim · boss ödülü yok,48,Kritik Güç - 2,2,330,Stone
18,Patlama yolu,bahcivan,standart,102,3 seçim · boss ödülü yok,49,Kart Sezgisi - 1,2,920,Gold
18,Patlama yolu,bahcivan,standart,102,3 seçim · boss ödülü yok,49,Altın Hasat II - 3,2,510,Gold
18,Patlama yolu,bahcivan,standart,102,3 seçim · boss ödülü yok,49,Verimli Üretim - 3,2,570,Iron
19,Patlama yolu,bahcivan,standart,103,3 seçim · boss ödülü yok,2,Keskin Başlangıç - 1,1,5,Gold
19,Patlama yolu,bahcivan,standart,103,3 seçim · boss ödülü yok,2,Keskin Başlangıç - 1,2,7,Gold
19,Patlama yolu,bahcivan,standart,103,3 seçim · boss ödülü yok,2,Altın Hasat I - 1,1,7,Gold
19,Patlama yolu,bahcivan,standart,103,3 seçim · boss ödülü yok,2,Düzenli Üretim - 1,1,6,Gold
19,Patlama yolu,bahcivan,standart,103,3 seçim · boss ödülü yok,4,Keskin Başlangıç - 1,3,8,Gold
19,Patlama yolu,bahcivan,standart,103,3 seçim · boss ödülü yok,4,Hızlı Eller - 1,1,7,Gold
19,Patlama yolu,bahcivan,standart,103,3 seçim · boss ödülü yok,4,Hasat Deneyimi I - 1,1,6,Gold
19,Patlama yolu,bahcivan,standart,103,3 seçim · boss ödülü yok,5,Grid Genişleme I,1,30,Gold
19,Patlama yolu,bahcivan,standart,103,3 seçim · boss ödülü yok,6,Altın Hasat I - 1,2,9,Gold
19,Patlama yolu,bahcivan,standart,103,3 seçim · boss ödülü yok,6,Keskin Başlangıç - 2,1,10,Gold
19,Patlama yolu,bahcivan,standart,103,3 seçim · boss ödülü yok,6,Düzenli Üretim - 1,2,8,Gold
19,Patlama yolu,bahcivan,standart,103,3 seçim · boss ödülü yok,7,Hızlı Eller - 1,2,9,Gold
19,Patlama yolu,bahcivan,standart,103,3 seçim · boss ödülü yok,7,Keskin Başlangıç - 2,2,11,Gold
19,Patlama yolu,bahcivan,standart,103,3 seçim · boss ödülü yok,7,Altın Hasat I - 1,3,11,Gold
19,Patlama yolu,bahcivan,standart,103,3 seçim · boss ödülü yok,8,1×3 Saksı,1,30,Gold
19,Patlama yolu,bahcivan,standart,103,3 seçim · boss ödülü yok,8,Keskin Başlangıç - 3,1,13,Gold
19,Patlama yolu,bahcivan,standart,103,3 seçim · boss ödülü yok,9,Düzenli Üretim - 1,3,10,Gold
19,Patlama yolu,bahcivan,standart,103,3 seçim · boss ödülü yok,9,Hızlı Eller - 1,3,11,Gold
19,Patlama yolu,bahcivan,standart,103,3 seçim · boss ödülü yok,9,Altın Hasat I - 2,1,13,Gold
19,Patlama yolu,bahcivan,standart,103,3 seçim · boss ödülü yok,10,Keskin Başlangıç - 3,2,14,Gold
19,Patlama yolu,bahcivan,standart,103,3 seçim · boss ödülü yok,10,Kesim Tekniği - 1,1,25,Gold
19,Patlama yolu,bahcivan,standart,103,3 seçim · boss ödülü yok,10,Hızlı Eller - 2,1,12,Gold
19,Patlama yolu,bahcivan,standart,103,3 seçim · boss ödülü yok,11,Altın Hasat I - 2,2,16,Gold
19,Patlama yolu,bahcivan,standart,103,3 seçim · boss ödülü yok,11,Düzenli Üretim - 2,1,12,Gold
19,Patlama yolu,bahcivan,standart,103,3 seçim · boss ödülü yok,11,Hasat Deneyimi I - 1,2,8,Gold
19,Patlama yolu,bahcivan,standart,103,3 seçim · boss ödülü yok,11,Grid Genişleme I,2,30,Iron
19,Patlama yolu,bahcivan,standart,103,3 seçim · boss ödülü yok,12,Keskin Başlangıç - 4,1,16,Gold
19,Patlama yolu,bahcivan,standart,103,3 seçim · boss ödülü yok,12,Hızlı Eller - 2,2,14,Gold
19,Patlama yolu,bahcivan,standart,103,3 seçim · boss ödülü yok,12,Kesim Tekniği - 1,2,35,Gold
19,Patlama yolu,bahcivan,standart,103,3 seçim · boss ödülü yok,13,Altın Hasat I - 3,1,18,Gold
19,Patlama yolu,bahcivan,standart,103,3 seçim · boss ödülü yok,13,Keskin Başlangıç - 4,2,17,Gold
19,Patlama yolu,bahcivan,standart,103,3 seçim · boss ödülü yok,13,Hasat Deneyimi I - 1,3,10,Gold
19,Patlama yolu,bahcivan,standart,103,3 seçim · boss ödülü yok,13,Düzenli Üretim - 2,2,13,Gold
19,Patlama yolu,bahcivan,standart,103,3 seçim · boss ödülü yok,13,Hızlı Eller - 3,1,16,Gold
19,Patlama yolu,bahcivan,standart,103,3 seçim · boss ödülü yok,13,Hasat Deneyimi I - 2,1,12,Gold
19,Patlama yolu,bahcivan,standart,103,3 seçim · boss ödülü yok,14,2×2 Saksı,1,80,Gold
19,Patlama yolu,bahcivan,standart,103,3 seçim · boss ödülü yok,14,Altın Hasat I - 3,2,20,Gold
19,Patlama yolu,bahcivan,standart,103,3 seçim · boss ödülü yok,14,Çifte Hasat Kartları,1,25,Iron
19,Patlama yolu,bahcivan,standart,103,3 seçim · boss ödülü yok,15,Kesim Tekniği - 1,3,40,Gold
19,Patlama yolu,bahcivan,standart,103,3 seçim · boss ödülü yok,15,Demir Hasat - 1,1,25,Gold
19,Patlama yolu,bahcivan,standart,103,3 seçim · boss ödülü yok,16,Hızlı Eller - 3,2,18,Gold
19,Patlama yolu,bahcivan,standart,103,3 seçim · boss ödülü yok,16,Düzenli Üretim - 3,1,15,Gold
19,Patlama yolu,bahcivan,standart,103,3 seçim · boss ödülü yok,16,Altın Hasat I - 4,1,22,Gold
19,Patlama yolu,bahcivan,standart,103,3 seçim · boss ödülü yok,16,Geniş Süpürüş - 1,1,21,Gold
19,Patlama yolu,bahcivan,standart,103,3 seçim · boss ödülü yok,17,Kesim Tekniği - 2,1,50,Gold
19,Patlama yolu,bahcivan,standart,103,3 seçim · boss ödülü yok,17,Hasat Deneyimi I - 2,2,14,Gold
19,Patlama yolu,bahcivan,standart,103,3 seçim · boss ödülü yok,17,Hızlı Eller - 4,1,20,Gold
19,Patlama yolu,bahcivan,standart,103,3 seçim · boss ödülü yok,17,Altın Hasat I - 4,2,24,Gold
19,Patlama yolu,bahcivan,standart,103,3 seçim · boss ödülü yok,17,Demir Hasat - 1,2,35,Gold
19,Patlama yolu,bahcivan,standart,103,3 seçim · boss ödülü yok,17,Düzenli Üretim - 3,2,17,Gold
19,Patlama yolu,bahcivan,standart,103,3 seçim · boss ödülü yok,18,Geniş Süpürüş - 1,2,28,Gold
19,Patlama yolu,bahcivan,standart,103,3 seçim · boss ödülü yok,18,Hızlı Eller - 4,2,22,Gold
19,Patlama yolu,bahcivan,standart,103,3 seçim · boss ödülü yok,18,Hasat Deneyimi I - 3,1,16,Gold
19,Patlama yolu,bahcivan,standart,103,3 seçim · boss ödülü yok,18,Düzenli Üretim - 4,1,19,Gold
19,Patlama yolu,bahcivan,standart,103,3 seçim · boss ödülü yok,18,Hasat Deneyimi I - 3,2,18,Gold
19,Patlama yolu,bahcivan,standart,103,3 seçim · boss ödülü yok,19,Düzenli Üretim - 4,2,21,Gold
19,Patlama yolu,bahcivan,standart,103,3 seçim · boss ödülü yok,19,Hasat Deneyimi I - 4,1,20,Gold
19,Patlama yolu,bahcivan,standart,103,3 seçim · boss ödülü yok,19,Hasat Deneyimi I - 4,2,21,Gold
19,Patlama yolu,bahcivan,standart,103,3 seçim · boss ödülü yok,20,Güçlü Kesim - 1,1,120,Gold
19,Patlama yolu,bahcivan,standart,103,3 seçim · boss ödülü yok,21,Kesim Tekniği - 2,2,55,Gold
19,Patlama yolu,bahcivan,standart,103,3 seçim · boss ödülü yok,21,Demir Hasat - 1,3,40,Gold
19,Patlama yolu,bahcivan,standart,103,3 seçim · boss ödülü yok,21,Geniş Süpürüş - 1,3,35,Gold
19,Patlama yolu,bahcivan,standart,103,3 seçim · boss ödülü yok,21,Taş Hasat - 1,1,35,Iron
19,Patlama yolu,bahcivan,standart,103,3 seçim · boss ödülü yok,22,Geniş Süpürüş - 2,1,40,Gold
19,Patlama yolu,bahcivan,standart,103,3 seçim · boss ödülü yok,22,Demir Hasat - 2,1,50,Gold
19,Patlama yolu,bahcivan,standart,103,3 seçim · boss ödülü yok,22,Geniş Süpürüş - 2,2,45,Gold
19,Patlama yolu,bahcivan,standart,103,3 seçim · boss ödülü yok,23,2×3 Saksı,1,200,Gold
19,Patlama yolu,bahcivan,standart,103,3 seçim · boss ödülü yok,23,Taş Hasat - 1,2,45,Iron
19,Patlama yolu,bahcivan,standart,103,3 seçim · boss ödülü yok,24,İlk Vazgeçiş,1,150,Gold
19,Patlama yolu,bahcivan,standart,103,3 seçim · boss ödülü yok,25,Kesim Tekniği - 3,1,65,Gold
19,Patlama yolu,bahcivan,standart,103,3 seçim · boss ödülü yok,26,Hasat Rekoru - 1,1,180,Gold
19,Patlama yolu,bahcivan,standart,103,3 seçim · boss ödülü yok,26,Güçlü Kesim - 1,2,160,Gold
19,Patlama yolu,bahcivan,standart,103,3 seçim · boss ödülü yok,27,Akıcı Kesim - 1,1,160,Gold
19,Patlama yolu,bahcivan,standart,103,3 seçim · boss ödülü yok,27,Kesim Tekniği - 3,2,70,Gold
19,Patlama yolu,bahcivan,standart,103,3 seçim · boss ödülü yok,28,Güçlü Kesim - 1,3,195,Gold
19,Patlama yolu,bahcivan,standart,103,3 seçim · boss ödülü yok,29,Akıcı Kesim - 1,2,210,Gold
19,Patlama yolu,bahcivan,standart,103,3 seçim · boss ödülü yok,29,Demir Hasat - 2,2,55,Gold
19,Patlama yolu,bahcivan,standart,103,3 seçim · boss ödülü yok,30,Geniş Süpürüş - 3,1,55,Gold
19,Patlama yolu,bahcivan,standart,103,3 seçim · boss ödülü yok,30,Verimli Üretim - 1,1,200,Iron
19,Patlama yolu,bahcivan,standart,103,3 seçim · boss ödülü yok,30,Geniş Süpürüş - 3,2,60,Gold
19,Patlama yolu,bahcivan,standart,103,3 seçim · boss ödülü yok,30,Taş Hasat - 1,3,55,Iron
19,Patlama yolu,bahcivan,standart,103,3 seçim · boss ödülü yok,31,Hasat Rekoru - 1,2,240,Gold
19,Patlama yolu,bahcivan,standart,103,3 seçim · boss ödülü yok,31,Kesim Tekniği - 4,1,80,Gold
19,Patlama yolu,bahcivan,standart,103,3 seçim · boss ödülü yok,32,Güçlü Kesim - 2,1,230,Gold
19,Patlama yolu,bahcivan,standart,103,3 seçim · boss ödülü yok,33,Altın Hasat II - 1,1,180,Gold
19,Patlama yolu,bahcivan,standart,103,3 seçim · boss ödülü yok,33,Kesim Tekniği - 4,2,85,Gold
19,Patlama yolu,bahcivan,standart,103,3 seçim · boss ödülü yok,33,Demir Hasat - 3,1,65,Gold
19,Patlama yolu,bahcivan,standart,103,3 seçim · boss ödülü yok,33,Geniş Süpürüş - 4,1,65,Gold
19,Patlama yolu,bahcivan,standart,103,3 seçim · boss ödülü yok,34,Nadir Filizler - 1,1,230,Iron
19,Patlama yolu,bahcivan,standart,103,3 seçim · boss ödülü yok,35,Akıcı Kesim - 1,3,260,Gold
19,Patlama yolu,bahcivan,standart,103,3 seçim · boss ödülü yok,35,Demir Hasat - 3,2,70,Gold
19,Patlama yolu,bahcivan,standart,103,3 seçim · boss ödülü yok,35,Geniş Süpürüş - 4,2,70,Gold
19,Patlama yolu,bahcivan,standart,103,3 seçim · boss ödülü yok,35,Zengin Cevher - 1,1,50,Stone
19,Patlama yolu,bahcivan,standart,103,3 seçim · boss ödülü yok,36,Taş Hasat - 2,1,65,Iron
19,Patlama yolu,bahcivan,standart,103,3 seçim · boss ödülü yok,37,Hasat Rekoru - 1,3,290,Gold
19,Patlama yolu,bahcivan,standart,103,3 seçim · boss ödülü yok,38,Güçlü Kesim - 2,2,270,Gold
19,Patlama yolu,bahcivan,standart,103,3 seçim · boss ödülü yok,38,Altın Hasat II - 1,2,240,Gold
19,Patlama yolu,bahcivan,standart,103,3 seçim · boss ödülü yok,39,Verimli Üretim - 1,2,260,Iron
20,Patlama yolu,bahcivan,standart,104,3 seçim · boss ödülü yok,1,Keskin Başlangıç - 1,1,5,Gold
20,Patlama yolu,bahcivan,standart,104,3 seçim · boss ödülü yok,2,Keskin Başlangıç - 1,2,7,Gold
20,Patlama yolu,bahcivan,standart,104,3 seçim · boss ödülü yok,3,Altın Hasat I - 1,1,7,Gold
20,Patlama yolu,bahcivan,standart,104,3 seçim · boss ödülü yok,4,Düzenli Üretim - 1,1,6,Gold
20,Patlama yolu,bahcivan,standart,104,3 seçim · boss ödülü yok,4,Keskin Başlangıç - 1,3,8,Gold
20,Patlama yolu,bahcivan,standart,104,3 seçim · boss ödülü yok,4,Hızlı Eller - 1,1,7,Gold
20,Patlama yolu,bahcivan,standart,104,3 seçim · boss ödülü yok,4,Hasat Deneyimi I - 1,1,6,Gold
20,Patlama yolu,bahcivan,standart,104,3 seçim · boss ödülü yok,5,Grid Genişleme I,1,30,Gold
20,Patlama yolu,bahcivan,standart,104,3 seçim · boss ödülü yok,5,Altın Hasat I - 1,2,9,Gold
20,Patlama yolu,bahcivan,standart,104,3 seçim · boss ödülü yok,5,Keskin Başlangıç - 2,1,10,Gold
20,Patlama yolu,bahcivan,standart,104,3 seçim · boss ödülü yok,6,Düzenli Üretim - 1,2,8,Gold
20,Patlama yolu,bahcivan,standart,104,3 seçim · boss ödülü yok,7,Hızlı Eller - 1,2,9,Gold
20,Patlama yolu,bahcivan,standart,104,3 seçim · boss ödülü yok,7,Keskin Başlangıç - 2,2,11,Gold
20,Patlama yolu,bahcivan,standart,104,3 seçim · boss ödülü yok,7,Altın Hasat I - 1,3,11,Gold
20,Patlama yolu,bahcivan,standart,104,3 seçim · boss ödülü yok,8,1×3 Saksı,1,30,Gold
20,Patlama yolu,bahcivan,standart,104,3 seçim · boss ödülü yok,8,Keskin Başlangıç - 3,1,13,Gold
20,Patlama yolu,bahcivan,standart,104,3 seçim · boss ödülü yok,9,Düzenli Üretim - 1,3,10,Gold
20,Patlama yolu,bahcivan,standart,104,3 seçim · boss ödülü yok,9,Hızlı Eller - 1,3,11,Gold
20,Patlama yolu,bahcivan,standart,104,3 seçim · boss ödülü yok,9,Altın Hasat I - 2,1,13,Gold
20,Patlama yolu,bahcivan,standart,104,3 seçim · boss ödülü yok,10,Keskin Başlangıç - 3,2,14,Gold
20,Patlama yolu,bahcivan,standart,104,3 seçim · boss ödülü yok,10,Kesim Tekniği - 1,1,25,Gold
20,Patlama yolu,bahcivan,standart,104,3 seçim · boss ödülü yok,11,Hızlı Eller - 2,1,12,Gold
20,Patlama yolu,bahcivan,standart,104,3 seçim · boss ödülü yok,11,Altın Hasat I - 2,2,16,Gold
20,Patlama yolu,bahcivan,standart,104,3 seçim · boss ödülü yok,11,Düzenli Üretim - 2,1,12,Gold
20,Patlama yolu,bahcivan,standart,104,3 seçim · boss ödülü yok,11,Hasat Deneyimi I - 1,2,8,Gold
20,Patlama yolu,bahcivan,standart,104,3 seçim · boss ödülü yok,11,Grid Genişleme I,2,30,Iron
20,Patlama yolu,bahcivan,standart,104,3 seçim · boss ödülü yok,12,Keskin Başlangıç - 4,1,16,Gold
20,Patlama yolu,bahcivan,standart,104,3 seçim · boss ödülü yok,12,Hızlı Eller - 2,2,14,Gold
20,Patlama yolu,bahcivan,standart,104,3 seçim · boss ödülü yok,12,Kesim Tekniği - 1,2,35,Gold
20,Patlama yolu,bahcivan,standart,104,3 seçim · boss ödülü yok,12,Altın Hasat I - 3,1,18,Gold
20,Patlama yolu,bahcivan,standart,104,3 seçim · boss ödülü yok,13,Keskin Başlangıç - 4,2,17,Gold
20,Patlama yolu,bahcivan,standart,104,3 seçim · boss ödülü yok,13,Hasat Deneyimi I - 1,3,10,Gold
20,Patlama yolu,bahcivan,standart,104,3 seçim · boss ödülü yok,13,Düzenli Üretim - 2,2,13,Gold
20,Patlama yolu,bahcivan,standart,104,3 seçim · boss ödülü yok,13,Hızlı Eller - 3,1,16,Gold
20,Patlama yolu,bahcivan,standart,104,3 seçim · boss ödülü yok,13,Hasat Deneyimi I - 2,1,12,Gold
20,Patlama yolu,bahcivan,standart,104,3 seçim · boss ödülü yok,14,Altın Hasat I - 3,2,20,Gold
20,Patlama yolu,bahcivan,standart,104,3 seçim · boss ödülü yok,14,Hızlı Eller - 3,2,18,Gold
20,Patlama yolu,bahcivan,standart,104,3 seçim · boss ödülü yok,14,Düzenli Üretim - 3,1,15,Gold
20,Patlama yolu,bahcivan,standart,104,3 seçim · boss ödülü yok,14,Hasat Deneyimi I - 2,2,14,Gold
20,Patlama yolu,bahcivan,standart,104,3 seçim · boss ödülü yok,15,2×2 Saksı,1,80,Gold
20,Patlama yolu,bahcivan,standart,104,3 seçim · boss ödülü yok,15,Çifte Hasat Kartları,1,25,Iron
20,Patlama yolu,bahcivan,standart,104,3 seçim · boss ödülü yok,16,Kesim Tekniği - 1,3,40,Gold
20,Patlama yolu,bahcivan,standart,104,3 seçim · boss ödülü yok,16,Demir Hasat - 1,1,25,Gold
20,Patlama yolu,bahcivan,standart,104,3 seçim · boss ödülü yok,16,Altın Hasat I - 4,1,22,Gold
20,Patlama yolu,bahcivan,standart,104,3 seçim · boss ödülü yok,16,Geniş Süpürüş - 1,1,21,Gold
20,Patlama yolu,bahcivan,standart,104,3 seçim · boss ödülü yok,17,Kesim Tekniği - 2,1,50,Gold
20,Patlama yolu,bahcivan,standart,104,3 seçim · boss ödülü yok,17,Hızlı Eller - 4,1,20,Gold
20,Patlama yolu,bahcivan,standart,104,3 seçim · boss ödülü yok,17,Altın Hasat I - 4,2,24,Gold
20,Patlama yolu,bahcivan,standart,104,3 seçim · boss ödülü yok,17,Demir Hasat - 1,2,35,Gold
20,Patlama yolu,bahcivan,standart,104,3 seçim · boss ödülü yok,18,Düzenli Üretim - 3,2,17,Gold
20,Patlama yolu,bahcivan,standart,104,3 seçim · boss ödülü yok,18,Geniş Süpürüş - 1,2,28,Gold
20,Patlama yolu,bahcivan,standart,104,3 seçim · boss ödülü yok,18,Hızlı Eller - 4,2,22,Gold
20,Patlama yolu,bahcivan,standart,104,3 seçim · boss ödülü yok,18,Hasat Deneyimi I - 3,1,16,Gold
20,Patlama yolu,bahcivan,standart,104,3 seçim · boss ödülü yok,18,Düzenli Üretim - 4,1,19,Gold
20,Patlama yolu,bahcivan,standart,104,3 seçim · boss ödülü yok,18,Hasat Deneyimi I - 3,2,18,Gold
20,Patlama yolu,bahcivan,standart,104,3 seçim · boss ödülü yok,19,Düzenli Üretim - 4,2,21,Gold
20,Patlama yolu,bahcivan,standart,104,3 seçim · boss ödülü yok,19,Hasat Deneyimi I - 4,1,20,Gold
20,Patlama yolu,bahcivan,standart,104,3 seçim · boss ödülü yok,19,Hasat Deneyimi I - 4,2,21,Gold
20,Patlama yolu,bahcivan,standart,104,3 seçim · boss ödülü yok,20,Güçlü Kesim - 1,1,120,Gold
20,Patlama yolu,bahcivan,standart,104,3 seçim · boss ödülü yok,21,Kesim Tekniği - 2,2,55,Gold
20,Patlama yolu,bahcivan,standart,104,3 seçim · boss ödülü yok,21,Demir Hasat - 1,3,40,Gold
20,Patlama yolu,bahcivan,standart,104,3 seçim · boss ödülü yok,21,Geniş Süpürüş - 1,3,35,Gold
20,Patlama yolu,bahcivan,standart,104,3 seçim · boss ödülü yok,21,Taş Hasat - 1,1,35,Iron
20,Patlama yolu,bahcivan,standart,104,3 seçim · boss ödülü yok,22,2×3 Saksı,1,200,Gold
20,Patlama yolu,bahcivan,standart,104,3 seçim · boss ödülü yok,23,İlk Vazgeçiş,1,150,Gold
20,Patlama yolu,bahcivan,standart,104,3 seçim · boss ödülü yok,23,Kesim Tekniği - 3,1,65,Gold
20,Patlama yolu,bahcivan,standart,104,3 seçim · boss ödülü yok,23,Taş Hasat - 1,2,45,Iron
20,Patlama yolu,bahcivan,standart,104,3 seçim · boss ödülü yok,24,Hasat Rekoru - 1,1,180,Gold
20,Patlama yolu,bahcivan,standart,104,3 seçim · boss ödülü yok,25,Güçlü Kesim - 1,2,160,Gold
20,Patlama yolu,bahcivan,standart,104,3 seçim · boss ödülü yok,25,Geniş Süpürüş - 2,1,40,Gold
20,Patlama yolu,bahcivan,standart,104,3 seçim · boss ödülü yok,26,Akıcı Kesim - 1,1,160,Gold
20,Patlama yolu,bahcivan,standart,104,3 seçim · boss ödülü yok,26,Kesim Tekniği - 3,2,70,Gold
20,Patlama yolu,bahcivan,standart,104,3 seçim · boss ödülü yok,27,Demir Hasat - 2,1,50,Gold
20,Patlama yolu,bahcivan,standart,104,3 seçim · boss ödülü yok,27,Güçlü Kesim - 1,3,195,Gold
20,Patlama yolu,bahcivan,standart,104,3 seçim · boss ödülü yok,27,Geniş Süpürüş - 2,2,45,Gold
20,Patlama yolu,bahcivan,standart,104,3 seçim · boss ödülü yok,27,Taş Hasat - 1,3,55,Iron
20,Patlama yolu,bahcivan,standart,104,3 seçim · boss ödülü yok,28,Akıcı Kesim - 1,2,210,Gold
20,Patlama yolu,bahcivan,standart,104,3 seçim · boss ödülü yok,28,Demir Hasat - 2,2,55,Gold
20,Patlama yolu,bahcivan,standart,104,3 seçim · boss ödülü yok,29,Hasat Rekoru - 1,2,240,Gold
20,Patlama yolu,bahcivan,standart,104,3 seçim · boss ödülü yok,29,Kesim Tekniği - 4,1,80,Gold
20,Patlama yolu,bahcivan,standart,104,3 seçim · boss ödülü yok,30,Güçlü Kesim - 2,1,230,Gold
20,Patlama yolu,bahcivan,standart,104,3 seçim · boss ödülü yok,31,Geniş Süpürüş - 3,1,55,Gold
20,Patlama yolu,bahcivan,standart,104,3 seçim · boss ödülü yok,31,Altın Hasat II - 1,1,180,Gold
20,Patlama yolu,bahcivan,standart,104,3 seçim · boss ödülü yok,31,Kesim Tekniği - 4,2,85,Gold
20,Patlama yolu,bahcivan,standart,104,3 seçim · boss ödülü yok,31,Verimli Üretim - 1,1,200,Iron
20,Patlama yolu,bahcivan,standart,104,3 seçim · boss ödülü yok,32,Demir Hasat - 3,1,65,Gold
20,Patlama yolu,bahcivan,standart,104,3 seçim · boss ödülü yok,32,Geniş Süpürüş - 3,2,60,Gold
20,Patlama yolu,bahcivan,standart,104,3 seçim · boss ödülü yok,32,Geniş Süpürüş - 4,1,65,Gold
20,Patlama yolu,bahcivan,standart,104,3 seçim · boss ödülü yok,33,Nadir Filizler - 1,1,230,Iron
20,Patlama yolu,bahcivan,standart,104,3 seçim · boss ödülü yok,33,Akıcı Kesim - 1,3,260,Gold
20,Patlama yolu,bahcivan,standart,104,3 seçim · boss ödülü yok,33,Demir Hasat - 3,2,70,Gold
20,Patlama yolu,bahcivan,standart,104,3 seçim · boss ödülü yok,33,Geniş Süpürüş - 4,2,70,Gold
20,Patlama yolu,bahcivan,standart,104,3 seçim · boss ödülü yok,33,Zengin Cevher - 1,1,50,Stone
20,Patlama yolu,bahcivan,standart,104,3 seçim · boss ödülü yok,34,Hasat Rekoru - 1,3,290,Gold
20,Patlama yolu,bahcivan,standart,104,3 seçim · boss ödülü yok,34,Taş Hasat - 2,1,65,Iron
20,Patlama yolu,bahcivan,standart,104,3 seçim · boss ödülü yok,36,Güçlü Kesim - 2,2,270,Gold
20,Patlama yolu,bahcivan,standart,104,3 seçim · boss ödülü yok,37,Altın Hasat II - 1,2,240,Gold
20,Patlama yolu,bahcivan,standart,104,3 seçim · boss ödülü yok,37,Grid Genişleme II,1,100,Stone
20,Patlama yolu,bahcivan,standart,104,3 seçim · boss ödülü yok,37,Verimli Üretim - 1,2,260,Iron
20,Patlama yolu,bahcivan,standart,104,3 seçim · boss ödülü yok,38,Akıcı Kesim - 2,1,310,Gold
20,Patlama yolu,bahcivan,standart,104,3 seçim · boss ödülü yok,39,Geniş Tarama - 1,1,160,Gold
20,Patlama yolu,bahcivan,standart,104,3 seçim · boss ödülü yok,40,Nadir Filizler - 1,2,300,Iron
20,Patlama yolu,bahcivan,standart,104,3 seçim · boss ödülü yok,41,Güçlü Kesim - 3,1,300,Gold
20,Patlama yolu,bahcivan,standart,104,3 seçim · boss ödülü yok,41,Taş Hasat - 2,2,80,Iron
20,Patlama yolu,bahcivan,standart,104,3 seçim · boss ödülü yok,43,Altın Hasat II - 1,3,290,Gold
20,Patlama yolu,bahcivan,standart,104,3 seçim · boss ödülü yok,43,Demir Hasat - 4,1,80,Gold
20,Patlama yolu,bahcivan,standart,104,3 seçim · boss ödülü yok,43,Demir Hasat - 4,2,85,Gold
20,Patlama yolu,bahcivan,standart,104,3 seçim · boss ödülü yok,44,Zengin Cevher - 1,2,65,Stone
21,Elektrik yolu,bahcivan,standart,100,3 seçim · boss ödülü yok,1,Keskin Başlangıç - 1,1,5,Gold
21,Elektrik yolu,bahcivan,standart,100,3 seçim · boss ödülü yok,2,Keskin Başlangıç - 1,2,7,Gold
21,Elektrik yolu,bahcivan,standart,100,3 seçim · boss ödülü yok,2,Altın Hasat I - 1,1,7,Gold
21,Elektrik yolu,bahcivan,standart,100,3 seçim · boss ödülü yok,3,Düzenli Üretim - 1,1,6,Gold
21,Elektrik yolu,bahcivan,standart,100,3 seçim · boss ödülü yok,3,Keskin Başlangıç - 1,3,8,Gold
21,Elektrik yolu,bahcivan,standart,100,3 seçim · boss ödülü yok,3,Hızlı Eller - 1,1,7,Gold
21,Elektrik yolu,bahcivan,standart,100,3 seçim · boss ödülü yok,3,Hasat Deneyimi I - 1,1,6,Gold
21,Elektrik yolu,bahcivan,standart,100,3 seçim · boss ödülü yok,5,Grid Genişleme I,1,30,Gold
21,Elektrik yolu,bahcivan,standart,100,3 seçim · boss ödülü yok,6,Altın Hasat I - 1,2,9,Gold
21,Elektrik yolu,bahcivan,standart,100,3 seçim · boss ödülü yok,6,Keskin Başlangıç - 2,1,10,Gold
21,Elektrik yolu,bahcivan,standart,100,3 seçim · boss ödülü yok,7,Düzenli Üretim - 1,2,8,Gold
21,Elektrik yolu,bahcivan,standart,100,3 seçim · boss ödülü yok,7,Hızlı Eller - 1,2,9,Gold
21,Elektrik yolu,bahcivan,standart,100,3 seçim · boss ödülü yok,7,Keskin Başlangıç - 2,2,11,Gold
21,Elektrik yolu,bahcivan,standart,100,3 seçim · boss ödülü yok,7,Altın Hasat I - 1,3,11,Gold
21,Elektrik yolu,bahcivan,standart,100,3 seçim · boss ödülü yok,8,1×3 Saksı,1,30,Gold
21,Elektrik yolu,bahcivan,standart,100,3 seçim · boss ödülü yok,8,Keskin Başlangıç - 3,1,13,Gold
21,Elektrik yolu,bahcivan,standart,100,3 seçim · boss ödülü yok,9,Düzenli Üretim - 1,3,10,Gold
21,Elektrik yolu,bahcivan,standart,100,3 seçim · boss ödülü yok,9,Hızlı Eller - 1,3,11,Gold
21,Elektrik yolu,bahcivan,standart,100,3 seçim · boss ödülü yok,9,Altın Hasat I - 2,1,13,Gold
21,Elektrik yolu,bahcivan,standart,100,3 seçim · boss ödülü yok,10,Keskin Başlangıç - 3,2,14,Gold
21,Elektrik yolu,bahcivan,standart,100,3 seçim · boss ödülü yok,11,Kesim Tekniği - 1,1,25,Gold
21,Elektrik yolu,bahcivan,standart,100,3 seçim · boss ödülü yok,11,Hızlı Eller - 2,1,12,Gold
21,Elektrik yolu,bahcivan,standart,100,3 seçim · boss ödülü yok,11,Altın Hasat I - 2,2,16,Gold
21,Elektrik yolu,bahcivan,standart,100,3 seçim · boss ödülü yok,11,Grid Genişleme I,2,30,Iron
21,Elektrik yolu,bahcivan,standart,100,3 seçim · boss ödülü yok,12,Düzenli Üretim - 2,1,12,Gold
21,Elektrik yolu,bahcivan,standart,100,3 seçim · boss ödülü yok,12,Hasat Deneyimi I - 1,2,8,Gold
21,Elektrik yolu,bahcivan,standart,100,3 seçim · boss ödülü yok,12,Keskin Başlangıç - 4,1,16,Gold
21,Elektrik yolu,bahcivan,standart,100,3 seçim · boss ödülü yok,12,Hızlı Eller - 2,2,14,Gold
21,Elektrik yolu,bahcivan,standart,100,3 seçim · boss ödülü yok,13,Kesim Tekniği - 1,2,35,Gold
21,Elektrik yolu,bahcivan,standart,100,3 seçim · boss ödülü yok,13,Altın Hasat I - 3,1,18,Gold
21,Elektrik yolu,bahcivan,standart,100,3 seçim · boss ödülü yok,13,Hasat Deneyimi I - 1,3,10,Gold
21,Elektrik yolu,bahcivan,standart,100,3 seçim · boss ödülü yok,14,2×2 Saksı,1,80,Gold
21,Elektrik yolu,bahcivan,standart,100,3 seçim · boss ödülü yok,14,Çifte Hasat Kartları,1,25,Iron
21,Elektrik yolu,bahcivan,standart,100,3 seçim · boss ödülü yok,15,Keskin Başlangıç - 4,2,17,Gold
21,Elektrik yolu,bahcivan,standart,100,3 seçim · boss ödülü yok,15,Düzenli Üretim - 2,2,13,Gold
21,Elektrik yolu,bahcivan,standart,100,3 seçim · boss ödülü yok,15,Hızlı Eller - 3,1,16,Gold
21,Elektrik yolu,bahcivan,standart,100,3 seçim · boss ödülü yok,15,Altın Hasat I - 3,2,20,Gold
21,Elektrik yolu,bahcivan,standart,100,3 seçim · boss ödülü yok,15,Kesim Tekniği - 1,3,40,Gold
21,Elektrik yolu,bahcivan,standart,100,3 seçim · boss ödülü yok,15,Hasat Deneyimi I - 2,1,12,Gold
21,Elektrik yolu,bahcivan,standart,100,3 seçim · boss ödülü yok,16,Demir Hasat - 1,1,25,Gold
21,Elektrik yolu,bahcivan,standart,100,3 seçim · boss ödülü yok,16,Hızlı Eller - 3,2,18,Gold
21,Elektrik yolu,bahcivan,standart,100,3 seçim · boss ödülü yok,16,Düzenli Üretim - 3,1,15,Gold
21,Elektrik yolu,bahcivan,standart,100,3 seçim · boss ödülü yok,16,Altın Hasat I - 4,1,22,Gold
21,Elektrik yolu,bahcivan,standart,100,3 seçim · boss ödülü yok,16,Geniş Süpürüş - 1,1,21,Gold
21,Elektrik yolu,bahcivan,standart,100,3 seçim · boss ödülü yok,17,Kesim Tekniği - 2,1,50,Gold
21,Elektrik yolu,bahcivan,standart,100,3 seçim · boss ödülü yok,17,Hasat Deneyimi I - 2,2,14,Gold
21,Elektrik yolu,bahcivan,standart,100,3 seçim · boss ödülü yok,17,Hızlı Eller - 4,1,20,Gold
21,Elektrik yolu,bahcivan,standart,100,3 seçim · boss ödülü yok,17,Altın Hasat I - 4,2,24,Gold
21,Elektrik yolu,bahcivan,standart,100,3 seçim · boss ödülü yok,17,Demir Hasat - 1,2,35,Gold
21,Elektrik yolu,bahcivan,standart,100,3 seçim · boss ödülü yok,17,Düzenli Üretim - 3,2,17,Gold
21,Elektrik yolu,bahcivan,standart,100,3 seçim · boss ödülü yok,18,Geniş Süpürüş - 1,2,28,Gold
21,Elektrik yolu,bahcivan,standart,100,3 seçim · boss ödülü yok,18,Güçlü Kesim - 1,1,120,Gold
21,Elektrik yolu,bahcivan,standart,100,3 seçim · boss ödülü yok,18,Hızlı Eller - 4,2,22,Gold
21,Elektrik yolu,bahcivan,standart,100,3 seçim · boss ödülü yok,19,Kesim Tekniği - 2,2,55,Gold
21,Elektrik yolu,bahcivan,standart,100,3 seçim · boss ödülü yok,19,Hasat Deneyimi I - 3,1,16,Gold
21,Elektrik yolu,bahcivan,standart,100,3 seçim · boss ödülü yok,19,Düzenli Üretim - 4,1,19,Gold
21,Elektrik yolu,bahcivan,standart,100,3 seçim · boss ödülü yok,19,Demir Hasat - 1,3,40,Gold
21,Elektrik yolu,bahcivan,standart,100,3 seçim · boss ödülü yok,19,Hasat Deneyimi I - 3,2,18,Gold
21,Elektrik yolu,bahcivan,standart,100,3 seçim · boss ödülü yok,19,Taş Hasat - 1,1,35,Iron
21,Elektrik yolu,bahcivan,standart,100,3 seçim · boss ödülü yok,20,Geniş Süpürüş - 1,3,35,Gold
21,Elektrik yolu,bahcivan,standart,100,3 seçim · boss ödülü yok,20,Düzenli Üretim - 4,2,21,Gold
21,Elektrik yolu,bahcivan,standart,100,3 seçim · boss ödülü yok,20,Geniş Süpürüş - 2,1,40,Gold
21,Elektrik yolu,bahcivan,standart,100,3 seçim · boss ödülü yok,20,Hasat Deneyimi I - 4,1,20,Gold
21,Elektrik yolu,bahcivan,standart,100,3 seçim · boss ödülü yok,20,Geniş Süpürüş - 2,2,45,Gold
21,Elektrik yolu,bahcivan,standart,100,3 seçim · boss ödülü yok,21,2×3 Saksı,1,200,Gold
21,Elektrik yolu,bahcivan,standart,100,3 seçim · boss ödülü yok,21,Hasat Deneyimi I - 4,2,21,Gold
21,Elektrik yolu,bahcivan,standart,100,3 seçim · boss ödülü yok,21,Taş Hasat - 1,2,45,Iron
21,Elektrik yolu,bahcivan,standart,100,3 seçim · boss ödülü yok,22,İlk Vazgeçiş,1,150,Gold
21,Elektrik yolu,bahcivan,standart,100,3 seçim · boss ödülü yok,22,Kesim Tekniği - 3,1,65,Gold
21,Elektrik yolu,bahcivan,standart,100,3 seçim · boss ödülü yok,22,Hasat Rekoru - 1,1,180,Gold
21,Elektrik yolu,bahcivan,standart,100,3 seçim · boss ödülü yok,23,Güçlü Kesim - 1,2,160,Gold
21,Elektrik yolu,bahcivan,standart,100,3 seçim · boss ödülü yok,24,Akıcı Kesim - 1,1,160,Gold
21,Elektrik yolu,bahcivan,standart,100,3 seçim · boss ödülü yok,24,Kesim Tekniği - 3,2,70,Gold
21,Elektrik yolu,bahcivan,standart,100,3 seçim · boss ödülü yok,24,Demir Hasat - 2,1,50,Gold
21,Elektrik yolu,bahcivan,standart,100,3 seçim · boss ödülü yok,25,Güçlü Kesim - 1,3,195,Gold
21,Elektrik yolu,bahcivan,standart,100,3 seçim · boss ödülü yok,25,Akıcı Kesim - 1,2,210,Gold
21,Elektrik yolu,bahcivan,standart,100,3 seçim · boss ödülü yok,25,Demir Hasat - 2,2,55,Gold
21,Elektrik yolu,bahcivan,standart,100,3 seçim · boss ödülü yok,25,Verimli Üretim - 1,1,200,Iron
21,Elektrik yolu,bahcivan,standart,100,3 seçim · boss ödülü yok,25,Taş Hasat - 1,3,55,Iron
21,Elektrik yolu,bahcivan,standart,100,3 seçim · boss ödülü yok,26,Hasat Rekoru - 1,2,240,Gold
21,Elektrik yolu,bahcivan,standart,100,3 seçim · boss ödülü yok,26,Kesim Tekniği - 4,1,80,Gold
21,Elektrik yolu,bahcivan,standart,100,3 seçim · boss ödülü yok,26,Geniş Süpürüş - 3,1,55,Gold
21,Elektrik yolu,bahcivan,standart,100,3 seçim · boss ödülü yok,27,Güçlü Kesim - 2,1,230,Gold
21,Elektrik yolu,bahcivan,standart,100,3 seçim · boss ödülü yok,27,Altın Hasat II - 1,1,180,Gold
21,Elektrik yolu,bahcivan,standart,100,3 seçim · boss ödülü yok,27,Nadir Filizler - 1,1,230,Iron
21,Elektrik yolu,bahcivan,standart,100,3 seçim · boss ödülü yok,28,Kesim Tekniği - 4,2,85,Gold
21,Elektrik yolu,bahcivan,standart,100,3 seçim · boss ödülü yok,28,Akıcı Kesim - 1,3,260,Gold
21,Elektrik yolu,bahcivan,standart,100,3 seçim · boss ödülü yok,28,Taş Hasat - 2,1,65,Iron
21,Elektrik yolu,bahcivan,standart,100,3 seçim · boss ödülü yok,29,Demir Hasat - 3,1,65,Gold
21,Elektrik yolu,bahcivan,standart,100,3 seçim · boss ödülü yok,29,Hasat Rekoru - 1,3,290,Gold
21,Elektrik yolu,bahcivan,standart,100,3 seçim · boss ödülü yok,29,Grid Genişleme II,1,100,Stone
21,Elektrik yolu,bahcivan,standart,100,3 seçim · boss ödülü yok,29,Zengin Cevher - 1,1,50,Stone
21,Elektrik yolu,bahcivan,standart,100,3 seçim · boss ödülü yok,30,Geniş Süpürüş - 3,2,60,Gold
21,Elektrik yolu,bahcivan,standart,100,3 seçim · boss ödülü yok,30,Verimli Üretim - 1,2,260,Iron
21,Elektrik yolu,bahcivan,standart,100,3 seçim · boss ödülü yok,30,Geniş Süpürüş - 4,1,65,Gold
21,Elektrik yolu,bahcivan,standart,100,3 seçim · boss ödülü yok,31,Güçlü Kesim - 2,2,270,Gold
21,Elektrik yolu,bahcivan,standart,100,3 seçim · boss ödülü yok,32,Altın Hasat II - 1,2,240,Gold
21,Elektrik yolu,bahcivan,standart,100,3 seçim · boss ödülü yok,32,Nadir Filizler - 1,2,300,Iron
21,Elektrik yolu,bahcivan,standart,100,3 seçim · boss ödülü yok,32,Demir Hasat - 3,2,70,Gold
21,Elektrik yolu,bahcivan,standart,100,3 seçim · boss ödülü yok,32,Geniş Süpürüş - 4,2,70,Gold
21,Elektrik yolu,bahcivan,standart,100,3 seçim · boss ödülü yok,32,Taş Hasat - 2,2,80,Iron
21,Elektrik yolu,bahcivan,standart,100,3 seçim · boss ödülü yok,33,Zengin Cevher - 1,2,65,Stone
21,Elektrik yolu,bahcivan,standart,100,3 seçim · boss ödülü yok,34,Akıcı Kesim - 2,1,310,Gold
21,Elektrik yolu,bahcivan,standart,100,3 seçim · boss ödülü yok,34,Geniş Tarama - 1,1,160,Gold
21,Elektrik yolu,bahcivan,standart,100,3 seçim · boss ödülü yok,34,Taş Hasat - 3,1,90,Iron
21,Elektrik yolu,bahcivan,standart,100,3 seçim · boss ödülü yok,34,Taş Hasat - 3,2,100,Iron
21,Elektrik yolu,bahcivan,standart,100,3 seçim · boss ödülü yok,34,Taş Hasat - 4,1,110,Iron
21,Elektrik yolu,bahcivan,standart,100,3 seçim · boss ödülü yok,35,Zengin Cevher - 1,3,80,Stone
21,Elektrik yolu,bahcivan,standart,100,3 seçim · boss ödülü yok,35,Taş Hasat - 4,2,120,Iron
21,Elektrik yolu,bahcivan,standart,100,3 seçim · boss ödülü yok,36,Güçlü Kesim - 3,1,300,Gold
21,Elektrik yolu,bahcivan,standart,100,3 seçim · boss ödülü yok,37,Altın Hasat II - 1,3,290,Gold
21,Elektrik yolu,bahcivan,standart,100,3 seçim · boss ödülü yok,37,Demir Hasat - 4,1,80,Gold
21,Elektrik yolu,bahcivan,standart,100,3 seçim · boss ödülü yok,37,Demir Hasat - 4,2,85,Gold
21,Elektrik yolu,bahcivan,standart,100,3 seçim · boss ödülü yok,37,Zengin Cevher - 2,1,95,Stone
21,Elektrik yolu,bahcivan,standart,100,3 seçim · boss ödülü yok,39,Kesim Ustalığı - 1,1,560,Iron
21,Elektrik yolu,bahcivan,standart,100,3 seçim · boss ödülü yok,39,Hasat Rekoru - 2,1,350,Gold
21,Elektrik yolu,bahcivan,standart,100,3 seçim · boss ödülü yok,39,Zengin Cevher - 2,2,110,Stone
21,Elektrik yolu,bahcivan,standart,100,3 seçim · boss ödülü yok,40,Akıcı Kesim - 2,2,360,Gold
21,Elektrik yolu,bahcivan,standart,100,3 seçim · boss ödülü yok,41,Verimli Üretim - 1,3,320,Iron
21,Elektrik yolu,bahcivan,standart,100,3 seçim · boss ödülü yok,41,Geniş Tarama - 1,2,210,Gold
21,Elektrik yolu,bahcivan,standart,100,3 seçim · boss ödülü yok,42,Güçlü Kesim - 3,2,340,Gold
21,Elektrik yolu,bahcivan,standart,100,3 seçim · boss ödülü yok,42,Zengin Cevher - 3,1,125,Stone
21,Elektrik yolu,bahcivan,standart,100,3 seçim · boss ödülü yok,43,Altın Hasat II - 2,1,350,Gold
22,Elektrik yolu,bahcivan,standart,101,3 seçim · boss ödülü yok,1,Keskin Başlangıç - 1,1,5,Gold
22,Elektrik yolu,bahcivan,standart,101,3 seçim · boss ödülü yok,2,Keskin Başlangıç - 1,2,7,Gold
22,Elektrik yolu,bahcivan,standart,101,3 seçim · boss ödülü yok,2,Altın Hasat I - 1,1,7,Gold
22,Elektrik yolu,bahcivan,standart,101,3 seçim · boss ödülü yok,4,Düzenli Üretim - 1,1,6,Gold
22,Elektrik yolu,bahcivan,standart,101,3 seçim · boss ödülü yok,4,Keskin Başlangıç - 1,3,8,Gold
22,Elektrik yolu,bahcivan,standart,101,3 seçim · boss ödülü yok,4,Hızlı Eller - 1,1,7,Gold
22,Elektrik yolu,bahcivan,standart,101,3 seçim · boss ödülü yok,4,Hasat Deneyimi I - 1,1,6,Gold
22,Elektrik yolu,bahcivan,standart,101,3 seçim · boss ödülü yok,6,Grid Genişleme I,1,30,Gold
22,Elektrik yolu,bahcivan,standart,101,3 seçim · boss ödülü yok,6,Altın Hasat I - 1,2,9,Gold
22,Elektrik yolu,bahcivan,standart,101,3 seçim · boss ödülü yok,6,Keskin Başlangıç - 2,1,10,Gold
22,Elektrik yolu,bahcivan,standart,101,3 seçim · boss ödülü yok,6,Düzenli Üretim - 1,2,8,Gold
22,Elektrik yolu,bahcivan,standart,101,3 seçim · boss ödülü yok,6,Hızlı Eller - 1,2,9,Gold
22,Elektrik yolu,bahcivan,standart,101,3 seçim · boss ödülü yok,7,Keskin Başlangıç - 2,2,11,Gold
22,Elektrik yolu,bahcivan,standart,101,3 seçim · boss ödülü yok,7,Altın Hasat I - 1,3,11,Gold
22,Elektrik yolu,bahcivan,standart,101,3 seçim · boss ödülü yok,8,1×3 Saksı,1,30,Gold
22,Elektrik yolu,bahcivan,standart,101,3 seçim · boss ödülü yok,9,Keskin Başlangıç - 3,1,13,Gold
22,Elektrik yolu,bahcivan,standart,101,3 seçim · boss ödülü yok,9,Düzenli Üretim - 1,3,10,Gold
22,Elektrik yolu,bahcivan,standart,101,3 seçim · boss ödülü yok,9,Hızlı Eller - 1,3,11,Gold
22,Elektrik yolu,bahcivan,standart,101,3 seçim · boss ödülü yok,9,Altın Hasat I - 2,1,13,Gold
22,Elektrik yolu,bahcivan,standart,101,3 seçim · boss ödülü yok,10,Keskin Başlangıç - 3,2,14,Gold
22,Elektrik yolu,bahcivan,standart,101,3 seçim · boss ödülü yok,10,Kesim Tekniği - 1,1,25,Gold
22,Elektrik yolu,bahcivan,standart,101,3 seçim · boss ödülü yok,11,Hızlı Eller - 2,1,12,Gold
22,Elektrik yolu,bahcivan,standart,101,3 seçim · boss ödülü yok,11,Altın Hasat I - 2,2,16,Gold
22,Elektrik yolu,bahcivan,standart,101,3 seçim · boss ödülü yok,11,Düzenli Üretim - 2,1,12,Gold
22,Elektrik yolu,bahcivan,standart,101,3 seçim · boss ödülü yok,11,Grid Genişleme I,2,30,Iron
22,Elektrik yolu,bahcivan,standart,101,3 seçim · boss ödülü yok,12,Hasat Deneyimi I - 1,2,8,Gold
22,Elektrik yolu,bahcivan,standart,101,3 seçim · boss ödülü yok,12,Keskin Başlangıç - 4,1,16,Gold
22,Elektrik yolu,bahcivan,standart,101,3 seçim · boss ödülü yok,12,Hızlı Eller - 2,2,14,Gold
22,Elektrik yolu,bahcivan,standart,101,3 seçim · boss ödülü yok,12,Kesim Tekniği - 1,2,35,Gold
22,Elektrik yolu,bahcivan,standart,101,3 seçim · boss ödülü yok,12,Altın Hasat I - 3,1,18,Gold
22,Elektrik yolu,bahcivan,standart,101,3 seçim · boss ödülü yok,13,Keskin Başlangıç - 4,2,17,Gold
22,Elektrik yolu,bahcivan,standart,101,3 seçim · boss ödülü yok,13,Hasat Deneyimi I - 1,3,10,Gold
22,Elektrik yolu,bahcivan,standart,101,3 seçim · boss ödülü yok,13,Düzenli Üretim - 2,2,13,Gold
22,Elektrik yolu,bahcivan,standart,101,3 seçim · boss ödülü yok,13,Hızlı Eller - 3,1,16,Gold
22,Elektrik yolu,bahcivan,standart,101,3 seçim · boss ödülü yok,14,2×2 Saksı,1,80,Gold
22,Elektrik yolu,bahcivan,standart,101,3 seçim · boss ödülü yok,15,Altın Hasat I - 3,2,20,Gold
22,Elektrik yolu,bahcivan,standart,101,3 seçim · boss ödülü yok,16,Kesim Tekniği - 1,3,40,Gold
22,Elektrik yolu,bahcivan,standart,101,3 seçim · boss ödülü yok,16,Hasat Deneyimi I - 2,1,12,Gold
22,Elektrik yolu,bahcivan,standart,101,3 seçim · boss ödülü yok,16,Demir Hasat - 1,1,25,Gold
22,Elektrik yolu,bahcivan,standart,101,3 seçim · boss ödülü yok,16,Çifte Hasat Kartları,1,25,Iron
22,Elektrik yolu,bahcivan,standart,101,3 seçim · boss ödülü yok,17,Hızlı Eller - 3,2,18,Gold
22,Elektrik yolu,bahcivan,standart,101,3 seçim · boss ödülü yok,17,Düzenli Üretim - 3,1,15,Gold
22,Elektrik yolu,bahcivan,standart,101,3 seçim · boss ödülü yok,17,Altın Hasat I - 4,1,22,Gold
22,Elektrik yolu,bahcivan,standart,101,3 seçim · boss ödülü yok,17,Geniş Süpürüş - 1,1,21,Gold
22,Elektrik yolu,bahcivan,standart,101,3 seçim · boss ödülü yok,18,Kesim Tekniği - 2,1,50,Gold
22,Elektrik yolu,bahcivan,standart,101,3 seçim · boss ödülü yok,18,Hasat Deneyimi I - 2,2,14,Gold
22,Elektrik yolu,bahcivan,standart,101,3 seçim · boss ödülü yok,18,Hızlı Eller - 4,1,20,Gold
22,Elektrik yolu,bahcivan,standart,101,3 seçim · boss ödülü yok,19,Altın Hasat I - 4,2,24,Gold
22,Elektrik yolu,bahcivan,standart,101,3 seçim · boss ödülü yok,19,Demir Hasat - 1,2,35,Gold
22,Elektrik yolu,bahcivan,standart,101,3 seçim · boss ödülü yok,19,Düzenli Üretim - 3,2,17,Gold
22,Elektrik yolu,bahcivan,standart,101,3 seçim · boss ödülü yok,20,Geniş Süpürüş - 1,2,28,Gold
22,Elektrik yolu,bahcivan,standart,101,3 seçim · boss ödülü yok,20,Hızlı Eller - 4,2,22,Gold
22,Elektrik yolu,bahcivan,standart,101,3 seçim · boss ödülü yok,20,Hasat Deneyimi I - 3,1,16,Gold
22,Elektrik yolu,bahcivan,standart,101,3 seçim · boss ödülü yok,20,Düzenli Üretim - 4,1,19,Gold
22,Elektrik yolu,bahcivan,standart,101,3 seçim · boss ödülü yok,21,Hasat Deneyimi I - 3,2,18,Gold
22,Elektrik yolu,bahcivan,standart,101,3 seçim · boss ödülü yok,21,Düzenli Üretim - 4,2,21,Gold
22,Elektrik yolu,bahcivan,standart,101,3 seçim · boss ödülü yok,21,Hasat Deneyimi I - 4,1,20,Gold
22,Elektrik yolu,bahcivan,standart,101,3 seçim · boss ödülü yok,21,Hasat Deneyimi I - 4,2,21,Gold
22,Elektrik yolu,bahcivan,standart,101,3 seçim · boss ödülü yok,23,Güçlü Kesim - 1,1,120,Gold
22,Elektrik yolu,bahcivan,standart,101,3 seçim · boss ödülü yok,24,Kesim Tekniği - 2,2,55,Gold
22,Elektrik yolu,bahcivan,standart,101,3 seçim · boss ödülü yok,24,Demir Hasat - 1,3,40,Gold
22,Elektrik yolu,bahcivan,standart,101,3 seçim · boss ödülü yok,24,Geniş Süpürüş - 1,3,35,Gold
22,Elektrik yolu,bahcivan,standart,101,3 seçim · boss ödülü yok,24,Taş Hasat - 1,1,35,Iron
22,Elektrik yolu,bahcivan,standart,101,3 seçim · boss ödülü yok,25,Geniş Süpürüş - 2,1,40,Gold
22,Elektrik yolu,bahcivan,standart,101,3 seçim · boss ödülü yok,26,Demir Hasat - 2,1,50,Gold
22,Elektrik yolu,bahcivan,standart,101,3 seçim · boss ödülü yok,26,Geniş Süpürüş - 2,2,45,Gold
22,Elektrik yolu,bahcivan,standart,101,3 seçim · boss ödülü yok,27,2×3 Saksı,1,200,Gold
22,Elektrik yolu,bahcivan,standart,101,3 seçim · boss ödülü yok,28,İlk Vazgeçiş,1,150,Gold
22,Elektrik yolu,bahcivan,standart,101,3 seçim · boss ödülü yok,29,Kesim Tekniği - 3,1,65,Gold
22,Elektrik yolu,bahcivan,standart,101,3 seçim · boss ödülü yok,30,Hasat Rekoru - 1,1,180,Gold
22,Elektrik yolu,bahcivan,standart,101,3 seçim · boss ödülü yok,31,Güçlü Kesim - 1,2,160,Gold
22,Elektrik yolu,bahcivan,standart,101,3 seçim · boss ödülü yok,31,Taş Hasat - 1,2,45,Iron
22,Elektrik yolu,bahcivan,standart,101,3 seçim · boss ödülü yok,32,Akıcı Kesim - 1,1,160,Gold
22,Elektrik yolu,bahcivan,standart,101,3 seçim · boss ödülü yok,32,Kesim Tekniği - 3,2,70,Gold
22,Elektrik yolu,bahcivan,standart,101,3 seçim · boss ödülü yok,33,Güçlü Kesim - 1,3,195,Gold
22,Elektrik yolu,bahcivan,standart,101,3 seçim · boss ödülü yok,33,Taş Hasat - 1,3,55,Iron
22,Elektrik yolu,bahcivan,standart,101,3 seçim · boss ödülü yok,34,Akıcı Kesim - 1,2,210,Gold
22,Elektrik yolu,bahcivan,standart,101,3 seçim · boss ödülü yok,34,Demir Hasat - 2,2,55,Gold
22,Elektrik yolu,bahcivan,standart,101,3 seçim · boss ödülü yok,34,Geniş Süpürüş - 3,1,55,Gold
22,Elektrik yolu,bahcivan,standart,101,3 seçim · boss ödülü yok,35,Geniş Süpürüş - 3,2,60,Gold
22,Elektrik yolu,bahcivan,standart,101,3 seçim · boss ödülü yok,36,Hasat Rekoru - 1,2,240,Gold
22,Elektrik yolu,bahcivan,standart,101,3 seçim · boss ödülü yok,36,Kesim Tekniği - 4,1,80,Gold
22,Elektrik yolu,bahcivan,standart,101,3 seçim · boss ödülü yok,37,Güçlü Kesim - 2,1,230,Gold
22,Elektrik yolu,bahcivan,standart,101,3 seçim · boss ödülü yok,37,Verimli Üretim - 1,1,200,Iron
22,Elektrik yolu,bahcivan,standart,101,3 seçim · boss ödülü yok,38,Altın Hasat II - 1,1,180,Gold
22,Elektrik yolu,bahcivan,standart,101,3 seçim · boss ödülü yok,39,Kesim Tekniği - 4,2,85,Gold
22,Elektrik yolu,bahcivan,standart,101,3 seçim · boss ödülü yok,39,Demir Hasat - 3,1,65,Gold
22,Elektrik yolu,bahcivan,standart,101,3 seçim · boss ödülü yok,39,Geniş Süpürüş - 4,1,65,Gold
23,Elektrik yolu,bahcivan,standart,102,3 seçim · boss ödülü yok,1,Keskin Başlangıç - 1,1,5,Gold
23,Elektrik yolu,bahcivan,standart,102,3 seçim · boss ödülü yok,1,Keskin Başlangıç - 1,2,7,Gold
23,Elektrik yolu,bahcivan,standart,102,3 seçim · boss ödülü yok,3,Altın Hasat I - 1,1,7,Gold
23,Elektrik yolu,bahcivan,standart,102,3 seçim · boss ödülü yok,3,Düzenli Üretim - 1,1,6,Gold
23,Elektrik yolu,bahcivan,standart,102,3 seçim · boss ödülü yok,3,Keskin Başlangıç - 1,3,8,Gold
23,Elektrik yolu,bahcivan,standart,102,3 seçim · boss ödülü yok,3,Hızlı Eller - 1,1,7,Gold
23,Elektrik yolu,bahcivan,standart,102,3 seçim · boss ödülü yok,3,Hasat Deneyimi I - 1,1,6,Gold
23,Elektrik yolu,bahcivan,standart,102,3 seçim · boss ödülü yok,5,Grid Genişleme I,1,30,Gold
23,Elektrik yolu,bahcivan,standart,102,3 seçim · boss ödülü yok,5,Altın Hasat I - 1,2,9,Gold
23,Elektrik yolu,bahcivan,standart,102,3 seçim · boss ödülü yok,5,Keskin Başlangıç - 2,1,10,Gold
23,Elektrik yolu,bahcivan,standart,102,3 seçim · boss ödülü yok,5,Düzenli Üretim - 1,2,8,Gold
23,Elektrik yolu,bahcivan,standart,102,3 seçim · boss ödülü yok,5,Hızlı Eller - 1,2,9,Gold
23,Elektrik yolu,bahcivan,standart,102,3 seçim · boss ödülü yok,6,Keskin Başlangıç - 2,2,11,Gold
23,Elektrik yolu,bahcivan,standart,102,3 seçim · boss ödülü yok,6,Altın Hasat I - 1,3,11,Gold
23,Elektrik yolu,bahcivan,standart,102,3 seçim · boss ödülü yok,7,1×3 Saksı,1,30,Gold
23,Elektrik yolu,bahcivan,standart,102,3 seçim · boss ödülü yok,7,Keskin Başlangıç - 3,1,13,Gold
23,Elektrik yolu,bahcivan,standart,102,3 seçim · boss ödülü yok,8,Düzenli Üretim - 1,3,10,Gold
23,Elektrik yolu,bahcivan,standart,102,3 seçim · boss ödülü yok,8,Hızlı Eller - 1,3,11,Gold
23,Elektrik yolu,bahcivan,standart,102,3 seçim · boss ödülü yok,8,Altın Hasat I - 2,1,13,Gold
23,Elektrik yolu,bahcivan,standart,102,3 seçim · boss ödülü yok,8,Keskin Başlangıç - 3,2,14,Gold
23,Elektrik yolu,bahcivan,standart,102,3 seçim · boss ödülü yok,9,Kesim Tekniği - 1,1,25,Gold
23,Elektrik yolu,bahcivan,standart,102,3 seçim · boss ödülü yok,9,Hızlı Eller - 2,1,12,Gold
23,Elektrik yolu,bahcivan,standart,102,3 seçim · boss ödülü yok,9,Altın Hasat I - 2,2,16,Gold
23,Elektrik yolu,bahcivan,standart,102,3 seçim · boss ödülü yok,11,Düzenli Üretim - 2,1,12,Gold
23,Elektrik yolu,bahcivan,standart,102,3 seçim · boss ödülü yok,11,Hasat Deneyimi I - 1,2,8,Gold
23,Elektrik yolu,bahcivan,standart,102,3 seçim · boss ödülü yok,11,Keskin Başlangıç - 4,1,16,Gold
23,Elektrik yolu,bahcivan,standart,102,3 seçim · boss ödülü yok,11,Hızlı Eller - 2,2,14,Gold
23,Elektrik yolu,bahcivan,standart,102,3 seçim · boss ödülü yok,11,Grid Genişleme I,2,30,Iron
23,Elektrik yolu,bahcivan,standart,102,3 seçim · boss ödülü yok,12,Kesim Tekniği - 1,2,35,Gold
23,Elektrik yolu,bahcivan,standart,102,3 seçim · boss ödülü yok,12,Altın Hasat I - 3,1,18,Gold
23,Elektrik yolu,bahcivan,standart,102,3 seçim · boss ödülü yok,12,Keskin Başlangıç - 4,2,17,Gold
23,Elektrik yolu,bahcivan,standart,102,3 seçim · boss ödülü yok,12,Hasat Deneyimi I - 1,3,10,Gold
23,Elektrik yolu,bahcivan,standart,102,3 seçim · boss ödülü yok,13,2×2 Saksı,1,80,Gold
23,Elektrik yolu,bahcivan,standart,102,3 seçim · boss ödülü yok,13,Düzenli Üretim - 2,2,13,Gold
23,Elektrik yolu,bahcivan,standart,102,3 seçim · boss ödülü yok,13,Hızlı Eller - 3,1,16,Gold
23,Elektrik yolu,bahcivan,standart,102,3 seçim · boss ödülü yok,13,Çifte Hasat Kartları,1,25,Iron
23,Elektrik yolu,bahcivan,standart,102,3 seçim · boss ödülü yok,14,Altın Hasat I - 3,2,20,Gold
23,Elektrik yolu,bahcivan,standart,102,3 seçim · boss ödülü yok,14,Kesim Tekniği - 1,3,40,Gold
23,Elektrik yolu,bahcivan,standart,102,3 seçim · boss ödülü yok,14,Hasat Deneyimi I - 2,1,12,Gold
23,Elektrik yolu,bahcivan,standart,102,3 seçim · boss ödülü yok,14,Demir Hasat - 1,1,25,Gold
23,Elektrik yolu,bahcivan,standart,102,3 seçim · boss ödülü yok,15,Hızlı Eller - 3,2,18,Gold
23,Elektrik yolu,bahcivan,standart,102,3 seçim · boss ödülü yok,15,Düzenli Üretim - 3,1,15,Gold
23,Elektrik yolu,bahcivan,standart,102,3 seçim · boss ödülü yok,15,Altın Hasat I - 4,1,22,Gold
23,Elektrik yolu,bahcivan,standart,102,3 seçim · boss ödülü yok,15,Geniş Süpürüş - 1,1,21,Gold
23,Elektrik yolu,bahcivan,standart,102,3 seçim · boss ödülü yok,15,Kesim Tekniği - 2,1,50,Gold
23,Elektrik yolu,bahcivan,standart,102,3 seçim · boss ödülü yok,16,Hasat Deneyimi I - 2,2,14,Gold
23,Elektrik yolu,bahcivan,standart,102,3 seçim · boss ödülü yok,16,Hızlı Eller - 4,1,20,Gold
23,Elektrik yolu,bahcivan,standart,102,3 seçim · boss ödülü yok,16,Altın Hasat I - 4,2,24,Gold
23,Elektrik yolu,bahcivan,standart,102,3 seçim · boss ödülü yok,16,Demir Hasat - 1,2,35,Gold
23,Elektrik yolu,bahcivan,standart,102,3 seçim · boss ödülü yok,16,Düzenli Üretim - 3,2,17,Gold
23,Elektrik yolu,bahcivan,standart,102,3 seçim · boss ödülü yok,16,Geniş Süpürüş - 1,2,28,Gold
23,Elektrik yolu,bahcivan,standart,102,3 seçim · boss ödülü yok,16,Hızlı Eller - 4,2,22,Gold
23,Elektrik yolu,bahcivan,standart,102,3 seçim · boss ödülü yok,16,Hasat Deneyimi I - 3,1,16,Gold
23,Elektrik yolu,bahcivan,standart,102,3 seçim · boss ödülü yok,17,Güçlü Kesim - 1,1,120,Gold
23,Elektrik yolu,bahcivan,standart,102,3 seçim · boss ödülü yok,17,Kesim Tekniği - 2,2,55,Gold
23,Elektrik yolu,bahcivan,standart,102,3 seçim · boss ödülü yok,18,2×3 Saksı,1,200,Gold
23,Elektrik yolu,bahcivan,standart,102,3 seçim · boss ödülü yok,19,Düzenli Üretim - 4,1,19,Gold
23,Elektrik yolu,bahcivan,standart,102,3 seçim · boss ödülü yok,19,Demir Hasat - 1,3,40,Gold
23,Elektrik yolu,bahcivan,standart,102,3 seçim · boss ödülü yok,19,Geniş Süpürüş - 1,3,35,Gold
23,Elektrik yolu,bahcivan,standart,102,3 seçim · boss ödülü yok,19,Hasat Deneyimi I - 3,2,18,Gold
23,Elektrik yolu,bahcivan,standart,102,3 seçim · boss ödülü yok,19,Düzenli Üretim - 4,2,21,Gold
23,Elektrik yolu,bahcivan,standart,102,3 seçim · boss ödülü yok,19,Hasat Deneyimi I - 4,1,20,Gold
23,Elektrik yolu,bahcivan,standart,102,3 seçim · boss ödülü yok,19,Hasat Deneyimi I - 4,2,21,Gold
23,Elektrik yolu,bahcivan,standart,102,3 seçim · boss ödülü yok,19,Taş Hasat - 1,1,35,Iron
23,Elektrik yolu,bahcivan,standart,102,3 seçim · boss ödülü yok,19,Taş Hasat - 1,2,45,Iron
23,Elektrik yolu,bahcivan,standart,102,3 seçim · boss ödülü yok,21,İlk Vazgeçiş,1,150,Gold
23,Elektrik yolu,bahcivan,standart,102,3 seçim · boss ödülü yok,21,Kesim Tekniği - 3,1,65,Gold
23,Elektrik yolu,bahcivan,standart,102,3 seçim · boss ödülü yok,21,Hasat Rekoru - 1,1,180,Gold
23,Elektrik yolu,bahcivan,standart,102,3 seçim · boss ödülü yok,22,Güçlü Kesim - 1,2,160,Gold
23,Elektrik yolu,bahcivan,standart,102,3 seçim · boss ödülü yok,22,Akıcı Kesim - 1,1,160,Gold
23,Elektrik yolu,bahcivan,standart,102,3 seçim · boss ödülü yok,22,Verimli Üretim - 1,1,200,Iron
23,Elektrik yolu,bahcivan,standart,102,3 seçim · boss ödülü yok,23,Geniş Süpürüş - 2,1,40,Gold
23,Elektrik yolu,bahcivan,standart,102,3 seçim · boss ödülü yok,23,Kesim Tekniği - 3,2,70,Gold
23,Elektrik yolu,bahcivan,standart,102,3 seçim · boss ödülü yok,23,Demir Hasat - 2,1,50,Gold
23,Elektrik yolu,bahcivan,standart,102,3 seçim · boss ödülü yok,23,Güçlü Kesim - 1,3,195,Gold
23,Elektrik yolu,bahcivan,standart,102,3 seçim · boss ödülü yok,23,Geniş Süpürüş - 2,2,45,Gold
23,Elektrik yolu,bahcivan,standart,102,3 seçim · boss ödülü yok,23,Taş Hasat - 1,3,55,Iron
23,Elektrik yolu,bahcivan,standart,102,3 seçim · boss ödülü yok,24,Akıcı Kesim - 1,2,210,Gold
23,Elektrik yolu,bahcivan,standart,102,3 seçim · boss ödülü yok,24,Hasat Rekoru - 1,2,240,Gold
23,Elektrik yolu,bahcivan,standart,102,3 seçim · boss ödülü yok,24,Nadir Filizler - 1,1,230,Iron
23,Elektrik yolu,bahcivan,standart,102,3 seçim · boss ödülü yok,25,Kesim Tekniği - 4,1,80,Gold
23,Elektrik yolu,bahcivan,standart,102,3 seçim · boss ödülü yok,25,Demir Hasat - 2,2,55,Gold
23,Elektrik yolu,bahcivan,standart,102,3 seçim · boss ödülü yok,25,Geniş Süpürüş - 3,1,55,Gold
23,Elektrik yolu,bahcivan,standart,102,3 seçim · boss ödülü yok,25,Grid Genişleme II,1,100,Stone
23,Elektrik yolu,bahcivan,standart,102,3 seçim · boss ödülü yok,25,Taş Hasat - 2,1,65,Iron
23,Elektrik yolu,bahcivan,standart,102,3 seçim · boss ödülü yok,26,Güçlü Kesim - 2,1,230,Gold
23,Elektrik yolu,bahcivan,standart,102,3 seçim · boss ödülü yok,26,Altın Hasat II - 1,1,180,Gold
23,Elektrik yolu,bahcivan,standart,102,3 seçim · boss ödülü yok,26,Kesim Tekniği - 4,2,85,Gold
23,Elektrik yolu,bahcivan,standart,102,3 seçim · boss ödülü yok,26,Demir Hasat - 3,1,65,Gold
23,Elektrik yolu,bahcivan,standart,102,3 seçim · boss ödülü yok,27,Akıcı Kesim - 1,3,260,Gold
23,Elektrik yolu,bahcivan,standart,102,3 seçim · boss ödülü yok,27,Verimli Üretim - 1,2,260,Iron
23,Elektrik yolu,bahcivan,standart,102,3 seçim · boss ödülü yok,28,Geniş Süpürüş - 3,2,60,Gold
23,Elektrik yolu,bahcivan,standart,102,3 seçim · boss ödülü yok,28,Nadir Filizler - 1,2,300,Iron
23,Elektrik yolu,bahcivan,standart,102,3 seçim · boss ödülü yok,28,Geniş Süpürüş - 4,1,65,Gold
23,Elektrik yolu,bahcivan,standart,102,3 seçim · boss ödülü yok,28,Demir Hasat - 3,2,70,Gold
23,Elektrik yolu,bahcivan,standart,102,3 seçim · boss ödülü yok,28,Geniş Süpürüş - 4,2,70,Gold
23,Elektrik yolu,bahcivan,standart,102,3 seçim · boss ödülü yok,28,Zengin Cevher - 1,1,50,Stone
23,Elektrik yolu,bahcivan,standart,102,3 seçim · boss ödülü yok,29,Hasat Rekoru - 1,3,290,Gold
23,Elektrik yolu,bahcivan,standart,102,3 seçim · boss ödülü yok,29,Taş Hasat - 2,2,80,Iron
23,Elektrik yolu,bahcivan,standart,102,3 seçim · boss ödülü yok,29,Taş Hasat - 3,1,90,Iron
23,Elektrik yolu,bahcivan,standart,102,3 seçim · boss ödülü yok,29,Zengin Cevher - 1,2,65,Stone
23,Elektrik yolu,bahcivan,standart,102,3 seçim · boss ödülü yok,30,Güçlü Kesim - 2,2,270,Gold
23,Elektrik yolu,bahcivan,standart,102,3 seçim · boss ödülü yok,30,Taş Hasat - 3,2,100,Iron
23,Elektrik yolu,bahcivan,standart,102,3 seçim · boss ödülü yok,30,Taş Hasat - 4,1,110,Iron
23,Elektrik yolu,bahcivan,standart,102,3 seçim · boss ödülü yok,31,Altın Hasat II - 1,2,240,Gold
23,Elektrik yolu,bahcivan,standart,102,3 seçim · boss ödülü yok,31,Zengin Cevher - 1,3,80,Stone
23,Elektrik yolu,bahcivan,standart,102,3 seçim · boss ödülü yok,31,Taş Hasat - 4,2,120,Iron
23,Elektrik yolu,bahcivan,standart,102,3 seçim · boss ödülü yok,32,Zengin Cevher - 2,1,95,Stone
23,Elektrik yolu,bahcivan,standart,102,3 seçim · boss ödülü yok,33,Akıcı Kesim - 2,1,310,Gold
23,Elektrik yolu,bahcivan,standart,102,3 seçim · boss ödülü yok,33,Geniş Tarama - 1,1,160,Gold
23,Elektrik yolu,bahcivan,standart,102,3 seçim · boss ödülü yok,33,Zengin Cevher - 2,2,110,Stone
23,Elektrik yolu,bahcivan,standart,102,3 seçim · boss ödülü yok,34,Kesim Ustalığı - 1,1,560,Iron
23,Elektrik yolu,bahcivan,standart,102,3 seçim · boss ödülü yok,34,Güçlü Kesim - 3,1,300,Gold
23,Elektrik yolu,bahcivan,standart,102,3 seçim · boss ödülü yok,35,Altın Hasat II - 1,3,290,Gold
23,Elektrik yolu,bahcivan,standart,102,3 seçim · boss ödülü yok,35,Demir Hasat - 4,1,80,Gold
23,Elektrik yolu,bahcivan,standart,102,3 seçim · boss ödülü yok,35,Zengin Cevher - 3,1,125,Stone
23,Elektrik yolu,bahcivan,standart,102,3 seçim · boss ödülü yok,36,Hasat Rekoru - 2,1,350,Gold
23,Elektrik yolu,bahcivan,standart,102,3 seçim · boss ödülü yok,36,Verimli Üretim - 1,3,320,Iron
23,Elektrik yolu,bahcivan,standart,102,3 seçim · boss ödülü yok,36,Demir Hasat - 4,2,85,Gold
23,Elektrik yolu,bahcivan,standart,102,3 seçim · boss ödülü yok,37,Zengin Cevher - 3,2,140,Stone
23,Elektrik yolu,bahcivan,standart,102,3 seçim · boss ödülü yok,38,Akıcı Kesim - 2,2,360,Gold
23,Elektrik yolu,bahcivan,standart,102,3 seçim · boss ödülü yok,38,Geniş Tarama - 1,2,210,Gold
23,Elektrik yolu,bahcivan,standart,102,3 seçim · boss ödülü yok,39,Zengin Cevher - 4,1,155,Stone
23,Elektrik yolu,bahcivan,standart,102,3 seçim · boss ödülü yok,40,Kesim Ustalığı - 1,2,720,Iron
23,Elektrik yolu,bahcivan,standart,102,3 seçim · boss ödülü yok,40,Güçlü Kesim - 3,2,340,Gold
23,Elektrik yolu,bahcivan,standart,102,3 seçim · boss ödülü yok,41,Nadir Filizler - 1,3,360,Iron
23,Elektrik yolu,bahcivan,standart,102,3 seçim · boss ödülü yok,41,Altın Hasat II - 2,1,350,Gold
23,Elektrik yolu,bahcivan,standart,102,3 seçim · boss ödülü yok,41,Zengin Cevher - 4,2,170,Stone
23,Elektrik yolu,bahcivan,standart,102,3 seçim · boss ödülü yok,42,Akıcı Kesim - 3,1,400,Gold
23,Elektrik yolu,bahcivan,standart,102,3 seçim · boss ödülü yok,43,Geniş Tarama - 1,3,260,Gold
23,Elektrik yolu,bahcivan,standart,102,3 seçim · boss ödülü yok,44,İkinci Vazgeçiş,1,800,Iron
23,Elektrik yolu,bahcivan,standart,102,3 seçim · boss ödülü yok,45,Hasat Deneyimi II - 1,1,450,Gold
23,Elektrik yolu,bahcivan,standart,102,3 seçim · boss ödülü yok,47,Verimli Üretim - 2,1,380,Iron
23,Elektrik yolu,bahcivan,standart,102,3 seçim · boss ödülü yok,47,Hasat Rekoru - 2,2,400,Gold
23,Elektrik yolu,bahcivan,standart,102,3 seçim · boss ödülü yok,48,Güçlü Kesim - 4,1,380,Gold
23,Elektrik yolu,bahcivan,standart,102,3 seçim · boss ödülü yok,49,Altın Hasat II - 2,2,400,Gold
23,Elektrik yolu,bahcivan,standart,102,3 seçim · boss ödülü yok,49,Nadir Filizler - 2,1,430,Iron
24,Elektrik yolu,bahcivan,standart,103,3 seçim · boss ödülü yok,2,Keskin Başlangıç - 1,1,5,Gold
24,Elektrik yolu,bahcivan,standart,103,3 seçim · boss ödülü yok,2,Keskin Başlangıç - 1,2,7,Gold
24,Elektrik yolu,bahcivan,standart,103,3 seçim · boss ödülü yok,2,Altın Hasat I - 1,1,7,Gold
24,Elektrik yolu,bahcivan,standart,103,3 seçim · boss ödülü yok,2,Düzenli Üretim - 1,1,6,Gold
24,Elektrik yolu,bahcivan,standart,103,3 seçim · boss ödülü yok,4,Keskin Başlangıç - 1,3,8,Gold
24,Elektrik yolu,bahcivan,standart,103,3 seçim · boss ödülü yok,4,Hızlı Eller - 1,1,7,Gold
24,Elektrik yolu,bahcivan,standart,103,3 seçim · boss ödülü yok,4,Hasat Deneyimi I - 1,1,6,Gold
24,Elektrik yolu,bahcivan,standart,103,3 seçim · boss ödülü yok,5,Grid Genişleme I,1,30,Gold
24,Elektrik yolu,bahcivan,standart,103,3 seçim · boss ödülü yok,6,Altın Hasat I - 1,2,9,Gold
24,Elektrik yolu,bahcivan,standart,103,3 seçim · boss ödülü yok,6,Keskin Başlangıç - 2,1,10,Gold
24,Elektrik yolu,bahcivan,standart,103,3 seçim · boss ödülü yok,6,Düzenli Üretim - 1,2,8,Gold
24,Elektrik yolu,bahcivan,standart,103,3 seçim · boss ödülü yok,6,Hızlı Eller - 1,2,9,Gold
24,Elektrik yolu,bahcivan,standart,103,3 seçim · boss ödülü yok,7,Keskin Başlangıç - 2,2,11,Gold
24,Elektrik yolu,bahcivan,standart,103,3 seçim · boss ödülü yok,7,Altın Hasat I - 1,3,11,Gold
24,Elektrik yolu,bahcivan,standart,103,3 seçim · boss ödülü yok,8,1×3 Saksı,1,30,Gold
24,Elektrik yolu,bahcivan,standart,103,3 seçim · boss ödülü yok,8,Keskin Başlangıç - 3,1,13,Gold
24,Elektrik yolu,bahcivan,standart,103,3 seçim · boss ödülü yok,9,Düzenli Üretim - 1,3,10,Gold
24,Elektrik yolu,bahcivan,standart,103,3 seçim · boss ödülü yok,9,Hızlı Eller - 1,3,11,Gold
24,Elektrik yolu,bahcivan,standart,103,3 seçim · boss ödülü yok,9,Altın Hasat I - 2,1,13,Gold
24,Elektrik yolu,bahcivan,standart,103,3 seçim · boss ödülü yok,10,Keskin Başlangıç - 3,2,14,Gold
24,Elektrik yolu,bahcivan,standart,103,3 seçim · boss ödülü yok,10,Kesim Tekniği - 1,1,25,Gold
24,Elektrik yolu,bahcivan,standart,103,3 seçim · boss ödülü yok,10,Hızlı Eller - 2,1,12,Gold
24,Elektrik yolu,bahcivan,standart,103,3 seçim · boss ödülü yok,11,Altın Hasat I - 2,2,16,Gold
24,Elektrik yolu,bahcivan,standart,103,3 seçim · boss ödülü yok,11,Düzenli Üretim - 2,1,12,Gold
24,Elektrik yolu,bahcivan,standart,103,3 seçim · boss ödülü yok,11,Hasat Deneyimi I - 1,2,8,Gold
24,Elektrik yolu,bahcivan,standart,103,3 seçim · boss ödülü yok,11,Grid Genişleme I,2,30,Iron
24,Elektrik yolu,bahcivan,standart,103,3 seçim · boss ödülü yok,12,Keskin Başlangıç - 4,1,16,Gold
24,Elektrik yolu,bahcivan,standart,103,3 seçim · boss ödülü yok,12,Hızlı Eller - 2,2,14,Gold
24,Elektrik yolu,bahcivan,standart,103,3 seçim · boss ödülü yok,12,Kesim Tekniği - 1,2,35,Gold
24,Elektrik yolu,bahcivan,standart,103,3 seçim · boss ödülü yok,13,Altın Hasat I - 3,1,18,Gold
24,Elektrik yolu,bahcivan,standart,103,3 seçim · boss ödülü yok,13,2×2 Saksı,1,80,Gold
24,Elektrik yolu,bahcivan,standart,103,3 seçim · boss ödülü yok,13,Çifte Hasat Kartları,1,25,Iron
24,Elektrik yolu,bahcivan,standart,103,3 seçim · boss ödülü yok,14,Keskin Başlangıç - 4,2,17,Gold
24,Elektrik yolu,bahcivan,standart,103,3 seçim · boss ödülü yok,14,Hasat Deneyimi I - 1,3,10,Gold
24,Elektrik yolu,bahcivan,standart,103,3 seçim · boss ödülü yok,14,Düzenli Üretim - 2,2,13,Gold
24,Elektrik yolu,bahcivan,standart,103,3 seçim · boss ödülü yok,14,Hızlı Eller - 3,1,16,Gold
24,Elektrik yolu,bahcivan,standart,103,3 seçim · boss ödülü yok,14,Altın Hasat I - 3,2,20,Gold
24,Elektrik yolu,bahcivan,standart,103,3 seçim · boss ödülü yok,15,Kesim Tekniği - 1,3,40,Gold
24,Elektrik yolu,bahcivan,standart,103,3 seçim · boss ödülü yok,15,Hasat Deneyimi I - 2,1,12,Gold
24,Elektrik yolu,bahcivan,standart,103,3 seçim · boss ödülü yok,15,Demir Hasat - 1,1,25,Gold
24,Elektrik yolu,bahcivan,standart,103,3 seçim · boss ödülü yok,15,Hızlı Eller - 3,2,18,Gold
24,Elektrik yolu,bahcivan,standart,103,3 seçim · boss ödülü yok,16,Düzenli Üretim - 3,1,15,Gold
24,Elektrik yolu,bahcivan,standart,103,3 seçim · boss ödülü yok,16,Altın Hasat I - 4,1,22,Gold
24,Elektrik yolu,bahcivan,standart,103,3 seçim · boss ödülü yok,16,Geniş Süpürüş - 1,1,21,Gold
24,Elektrik yolu,bahcivan,standart,103,3 seçim · boss ödülü yok,16,Kesim Tekniği - 2,1,50,Gold
24,Elektrik yolu,bahcivan,standart,103,3 seçim · boss ödülü yok,17,Hasat Deneyimi I - 2,2,14,Gold
24,Elektrik yolu,bahcivan,standart,103,3 seçim · boss ödülü yok,17,Hızlı Eller - 4,1,20,Gold
24,Elektrik yolu,bahcivan,standart,103,3 seçim · boss ödülü yok,17,Altın Hasat I - 4,2,24,Gold
24,Elektrik yolu,bahcivan,standart,103,3 seçim · boss ödülü yok,18,Demir Hasat - 1,2,35,Gold
24,Elektrik yolu,bahcivan,standart,103,3 seçim · boss ödülü yok,18,Düzenli Üretim - 3,2,17,Gold
24,Elektrik yolu,bahcivan,standart,103,3 seçim · boss ödülü yok,18,Geniş Süpürüş - 1,2,28,Gold
24,Elektrik yolu,bahcivan,standart,103,3 seçim · boss ödülü yok,18,Hızlı Eller - 4,2,22,Gold
24,Elektrik yolu,bahcivan,standart,103,3 seçim · boss ödülü yok,18,Hasat Deneyimi I - 3,1,16,Gold
24,Elektrik yolu,bahcivan,standart,103,3 seçim · boss ödülü yok,19,Güçlü Kesim - 1,1,120,Gold
24,Elektrik yolu,bahcivan,standart,103,3 seçim · boss ödülü yok,20,Kesim Tekniği - 2,2,55,Gold
24,Elektrik yolu,bahcivan,standart,103,3 seçim · boss ödülü yok,20,Düzenli Üretim - 4,1,19,Gold
24,Elektrik yolu,bahcivan,standart,103,3 seçim · boss ödülü yok,20,Hasat Deneyimi I - 3,2,18,Gold
24,Elektrik yolu,bahcivan,standart,103,3 seçim · boss ödülü yok,21,Demir Hasat - 1,3,40,Gold
24,Elektrik yolu,bahcivan,standart,103,3 seçim · boss ödülü yok,21,Geniş Süpürüş - 1,3,35,Gold
24,Elektrik yolu,bahcivan,standart,103,3 seçim · boss ödülü yok,21,Düzenli Üretim - 4,2,21,Gold
24,Elektrik yolu,bahcivan,standart,103,3 seçim · boss ödülü yok,21,Geniş Süpürüş - 2,1,40,Gold
24,Elektrik yolu,bahcivan,standart,103,3 seçim · boss ödülü yok,21,Taş Hasat - 1,1,35,Iron
24,Elektrik yolu,bahcivan,standart,103,3 seçim · boss ödülü yok,22,2×3 Saksı,1,200,Gold
24,Elektrik yolu,bahcivan,standart,103,3 seçim · boss ödülü yok,22,Hasat Deneyimi I - 4,1,20,Gold
24,Elektrik yolu,bahcivan,standart,103,3 seçim · boss ödülü yok,23,İlk Vazgeçiş,1,150,Gold
24,Elektrik yolu,bahcivan,standart,103,3 seçim · boss ödülü yok,23,Kesim Tekniği - 3,1,65,Gold
24,Elektrik yolu,bahcivan,standart,103,3 seçim · boss ödülü yok,23,Geniş Süpürüş - 2,2,45,Gold
24,Elektrik yolu,bahcivan,standart,103,3 seçim · boss ödülü yok,23,Taş Hasat - 1,2,45,Iron
24,Elektrik yolu,bahcivan,standart,103,3 seçim · boss ödülü yok,24,Hasat Rekoru - 1,1,180,Gold
24,Elektrik yolu,bahcivan,standart,103,3 seçim · boss ödülü yok,24,Hasat Deneyimi I - 4,2,21,Gold
24,Elektrik yolu,bahcivan,standart,103,3 seçim · boss ödülü yok,25,Güçlü Kesim - 1,2,160,Gold
24,Elektrik yolu,bahcivan,standart,103,3 seçim · boss ödülü yok,25,Verimli Üretim - 1,1,200,Iron
24,Elektrik yolu,bahcivan,standart,103,3 seçim · boss ödülü yok,26,Akıcı Kesim - 1,1,160,Gold
24,Elektrik yolu,bahcivan,standart,103,3 seçim · boss ödülü yok,26,Kesim Tekniği - 3,2,70,Gold
24,Elektrik yolu,bahcivan,standart,103,3 seçim · boss ödülü yok,26,Demir Hasat - 2,1,50,Gold
24,Elektrik yolu,bahcivan,standart,103,3 seçim · boss ödülü yok,26,Taş Hasat - 1,3,55,Iron
24,Elektrik yolu,bahcivan,standart,103,3 seçim · boss ödülü yok,27,Güçlü Kesim - 1,3,195,Gold
24,Elektrik yolu,bahcivan,standart,103,3 seçim · boss ödülü yok,27,Akıcı Kesim - 1,2,210,Gold
24,Elektrik yolu,bahcivan,standart,103,3 seçim · boss ödülü yok,28,Hasat Rekoru - 1,2,240,Gold
24,Elektrik yolu,bahcivan,standart,103,3 seçim · boss ödülü yok,28,Kesim Tekniği - 4,1,80,Gold
24,Elektrik yolu,bahcivan,standart,103,3 seçim · boss ödülü yok,28,Demir Hasat - 2,2,55,Gold
24,Elektrik yolu,bahcivan,standart,103,3 seçim · boss ödülü yok,28,Nadir Filizler - 1,1,230,Iron
24,Elektrik yolu,bahcivan,standart,103,3 seçim · boss ödülü yok,28,Taş Hasat - 2,1,65,Iron
24,Elektrik yolu,bahcivan,standart,103,3 seçim · boss ödülü yok,29,Güçlü Kesim - 2,1,230,Gold
24,Elektrik yolu,bahcivan,standart,103,3 seçim · boss ödülü yok,29,Geniş Süpürüş - 3,1,55,Gold
24,Elektrik yolu,bahcivan,standart,103,3 seçim · boss ödülü yok,30,Altın Hasat II - 1,1,180,Gold
24,Elektrik yolu,bahcivan,standart,103,3 seçim · boss ödülü yok,30,Kesim Tekniği - 4,2,85,Gold
24,Elektrik yolu,bahcivan,standart,103,3 seçim · boss ödülü yok,30,Akıcı Kesim - 1,3,260,Gold
24,Elektrik yolu,bahcivan,standart,103,3 seçim · boss ödülü yok,30,Demir Hasat - 3,1,65,Gold
24,Elektrik yolu,bahcivan,standart,103,3 seçim · boss ödülü yok,30,Verimli Üretim - 1,2,260,Iron
24,Elektrik yolu,bahcivan,standart,103,3 seçim · boss ödülü yok,31,Hasat Rekoru - 1,3,290,Gold
24,Elektrik yolu,bahcivan,standart,103,3 seçim · boss ödülü yok,32,Geniş Süpürüş - 3,2,60,Gold
24,Elektrik yolu,bahcivan,standart,103,3 seçim · boss ödülü yok,32,Güçlü Kesim - 2,2,270,Gold
24,Elektrik yolu,bahcivan,standart,103,3 seçim · boss ödülü yok,32,Grid Genişleme II,1,100,Stone
24,Elektrik yolu,bahcivan,standart,103,3 seçim · boss ödülü yok,32,Nadir Filizler - 1,2,300,Iron
24,Elektrik yolu,bahcivan,standart,103,3 seçim · boss ödülü yok,33,Altın Hasat II - 1,2,240,Gold
24,Elektrik yolu,bahcivan,standart,103,3 seçim · boss ödülü yok,33,Geniş Süpürüş - 4,1,65,Gold
24,Elektrik yolu,bahcivan,standart,103,3 seçim · boss ödülü yok,33,Demir Hasat - 3,2,70,Gold
24,Elektrik yolu,bahcivan,standart,103,3 seçim · boss ödülü yok,33,Taş Hasat - 2,2,80,Iron
24,Elektrik yolu,bahcivan,standart,103,3 seçim · boss ödülü yok,34,Akıcı Kesim - 2,1,310,Gold
24,Elektrik yolu,bahcivan,standart,103,3 seçim · boss ödülü yok,34,Zengin Cevher - 1,1,50,Stone
24,Elektrik yolu,bahcivan,standart,103,3 seçim · boss ödülü yok,35,Geniş Tarama - 1,1,160,Gold
24,Elektrik yolu,bahcivan,standart,103,3 seçim · boss ödülü yok,35,Geniş Süpürüş - 4,2,70,Gold
24,Elektrik yolu,bahcivan,standart,103,3 seçim · boss ödülü yok,35,Taş Hasat - 3,1,90,Iron
24,Elektrik yolu,bahcivan,standart,103,3 seçim · boss ödülü yok,35,Zengin Cevher - 1,2,65,Stone
24,Elektrik yolu,bahcivan,standart,103,3 seçim · boss ödülü yok,35,Taş Hasat - 3,2,100,Iron
24,Elektrik yolu,bahcivan,standart,103,3 seçim · boss ödülü yok,35,Taş Hasat - 4,1,110,Iron
24,Elektrik yolu,bahcivan,standart,103,3 seçim · boss ödülü yok,36,Zengin Cevher - 1,3,80,Stone
24,Elektrik yolu,bahcivan,standart,103,3 seçim · boss ödülü yok,36,Taş Hasat - 4,2,120,Iron
24,Elektrik yolu,bahcivan,standart,103,3 seçim · boss ödülü yok,37,Güçlü Kesim - 3,1,300,Gold
24,Elektrik yolu,bahcivan,standart,103,3 seçim · boss ödülü yok,37,Zengin Cevher - 2,1,95,Stone
24,Elektrik yolu,bahcivan,standart,103,3 seçim · boss ödülü yok,38,Altın Hasat II - 1,3,290,Gold
24,Elektrik yolu,bahcivan,standart,103,3 seçim · boss ödülü yok,38,Demir Hasat - 4,1,80,Gold
24,Elektrik yolu,bahcivan,standart,103,3 seçim · boss ödülü yok,38,Demir Hasat - 4,2,85,Gold
24,Elektrik yolu,bahcivan,standart,103,3 seçim · boss ödülü yok,39,Kesim Ustalığı - 1,1,560,Iron
24,Elektrik yolu,bahcivan,standart,103,3 seçim · boss ödülü yok,39,Hasat Rekoru - 2,1,350,Gold
24,Elektrik yolu,bahcivan,standart,103,3 seçim · boss ödülü yok,39,Zengin Cevher - 2,2,110,Stone
24,Elektrik yolu,bahcivan,standart,103,3 seçim · boss ödülü yok,40,Akıcı Kesim - 2,2,360,Gold
24,Elektrik yolu,bahcivan,standart,103,3 seçim · boss ödülü yok,40,Verimli Üretim - 1,3,320,Iron
24,Elektrik yolu,bahcivan,standart,103,3 seçim · boss ödülü yok,40,Geniş Tarama - 1,2,210,Gold
24,Elektrik yolu,bahcivan,standart,103,3 seçim · boss ödülü yok,41,Güçlü Kesim - 3,2,340,Gold
24,Elektrik yolu,bahcivan,standart,103,3 seçim · boss ödülü yok,41,Zengin Cevher - 3,1,125,Stone
24,Elektrik yolu,bahcivan,standart,103,3 seçim · boss ödülü yok,42,Altın Hasat II - 2,1,350,Gold
24,Elektrik yolu,bahcivan,standart,103,3 seçim · boss ödülü yok,43,Akıcı Kesim - 3,1,400,Gold
24,Elektrik yolu,bahcivan,standart,103,3 seçim · boss ödülü yok,43,Zengin Cevher - 3,2,140,Stone
24,Elektrik yolu,bahcivan,standart,103,3 seçim · boss ödülü yok,44,Kesim Ustalığı - 1,2,720,Iron
24,Elektrik yolu,bahcivan,standart,103,3 seçim · boss ödülü yok,44,Geniş Tarama - 1,3,260,Gold
24,Elektrik yolu,bahcivan,standart,103,3 seçim · boss ödülü yok,44,Zengin Cevher - 4,1,155,Stone
24,Elektrik yolu,bahcivan,standart,103,3 seçim · boss ödülü yok,45,Hasat Deneyimi II - 1,1,450,Gold
24,Elektrik yolu,bahcivan,standart,103,3 seçim · boss ödülü yok,45,Hasat Rekoru - 2,2,400,Gold
24,Elektrik yolu,bahcivan,standart,103,3 seçim · boss ödülü yok,46,Nadir Filizler - 1,3,360,Iron
24,Elektrik yolu,bahcivan,standart,103,3 seçim · boss ödülü yok,46,Güçlü Kesim - 4,1,380,Gold
24,Elektrik yolu,bahcivan,standart,103,3 seçim · boss ödülü yok,46,Zengin Cevher - 4,2,170,Stone
24,Elektrik yolu,bahcivan,standart,103,3 seçim · boss ödülü yok,47,Altın Hasat II - 2,2,400,Gold
24,Elektrik yolu,bahcivan,standart,103,3 seçim · boss ödülü yok,48,Kritik Odak - 1,1,150,Gold
24,Elektrik yolu,bahcivan,standart,103,3 seçim · boss ödülü yok,48,Kritik Odak - 1,2,195,Gold
24,Elektrik yolu,bahcivan,standart,103,3 seçim · boss ödülü yok,49,İkinci Vazgeçiş,1,800,Iron
24,Elektrik yolu,bahcivan,standart,103,3 seçim · boss ödülü yok,49,Kritik Odak - 1,3,240,Gold
24,Elektrik yolu,bahcivan,standart,103,3 seçim · boss ödülü yok,49,Kritik Odak - 2,1,290,Gold
24,Elektrik yolu,bahcivan,standart,103,3 seçim · boss ödülü yok,49,Kritik Güç - 1,1,150,Stone
25,Elektrik yolu,bahcivan,standart,104,3 seçim · boss ödülü yok,1,Keskin Başlangıç - 1,1,5,Gold
25,Elektrik yolu,bahcivan,standart,104,3 seçim · boss ödülü yok,2,Keskin Başlangıç - 1,2,7,Gold
25,Elektrik yolu,bahcivan,standart,104,3 seçim · boss ödülü yok,4,Altın Hasat I - 1,1,7,Gold
25,Elektrik yolu,bahcivan,standart,104,3 seçim · boss ödülü yok,4,Düzenli Üretim - 1,1,6,Gold
25,Elektrik yolu,bahcivan,standart,104,3 seçim · boss ödülü yok,4,Keskin Başlangıç - 1,3,8,Gold
25,Elektrik yolu,bahcivan,standart,104,3 seçim · boss ödülü yok,4,Hızlı Eller - 1,1,7,Gold
25,Elektrik yolu,bahcivan,standart,104,3 seçim · boss ödülü yok,5,Grid Genişleme I,1,30,Gold
25,Elektrik yolu,bahcivan,standart,104,3 seçim · boss ödülü yok,5,Altın Hasat I - 1,2,9,Gold
25,Elektrik yolu,bahcivan,standart,104,3 seçim · boss ödülü yok,6,Keskin Başlangıç - 2,1,10,Gold
25,Elektrik yolu,bahcivan,standart,104,3 seçim · boss ödülü yok,6,Düzenli Üretim - 1,2,8,Gold
25,Elektrik yolu,bahcivan,standart,104,3 seçim · boss ödülü yok,6,Hızlı Eller - 1,2,9,Gold
25,Elektrik yolu,bahcivan,standart,104,3 seçim · boss ödülü yok,7,Keskin Başlangıç - 2,2,11,Gold
25,Elektrik yolu,bahcivan,standart,104,3 seçim · boss ödülü yok,7,Altın Hasat I - 1,3,11,Gold
25,Elektrik yolu,bahcivan,standart,104,3 seçim · boss ödülü yok,7,Hasat Deneyimi I - 1,1,6,Gold
25,Elektrik yolu,bahcivan,standart,104,3 seçim · boss ödülü yok,8,1×3 Saksı,1,30,Gold
25,Elektrik yolu,bahcivan,standart,104,3 seçim · boss ödülü yok,8,Keskin Başlangıç - 3,1,13,Gold
25,Elektrik yolu,bahcivan,standart,104,3 seçim · boss ödülü yok,8,Düzenli Üretim - 1,3,10,Gold
25,Elektrik yolu,bahcivan,standart,104,3 seçim · boss ödülü yok,9,Hızlı Eller - 1,3,11,Gold
25,Elektrik yolu,bahcivan,standart,104,3 seçim · boss ödülü yok,9,Altın Hasat I - 2,1,13,Gold
25,Elektrik yolu,bahcivan,standart,104,3 seçim · boss ödülü yok,9,Keskin Başlangıç - 3,2,14,Gold
25,Elektrik yolu,bahcivan,standart,104,3 seçim · boss ödülü yok,10,Kesim Tekniği - 1,1,25,Gold
25,Elektrik yolu,bahcivan,standart,104,3 seçim · boss ödülü yok,11,Hızlı Eller - 2,1,12,Gold
25,Elektrik yolu,bahcivan,standart,104,3 seçim · boss ödülü yok,11,Altın Hasat I - 2,2,16,Gold
25,Elektrik yolu,bahcivan,standart,104,3 seçim · boss ödülü yok,11,Düzenli Üretim - 2,1,12,Gold
25,Elektrik yolu,bahcivan,standart,104,3 seçim · boss ödülü yok,11,Hasat Deneyimi I - 1,2,8,Gold
25,Elektrik yolu,bahcivan,standart,104,3 seçim · boss ödülü yok,11,Keskin Başlangıç - 4,1,16,Gold
25,Elektrik yolu,bahcivan,standart,104,3 seçim · boss ödülü yok,11,Grid Genişleme I,2,30,Iron
25,Elektrik yolu,bahcivan,standart,104,3 seçim · boss ödülü yok,12,Hızlı Eller - 2,2,14,Gold
25,Elektrik yolu,bahcivan,standart,104,3 seçim · boss ödülü yok,12,Kesim Tekniği - 1,2,35,Gold
25,Elektrik yolu,bahcivan,standart,104,3 seçim · boss ödülü yok,12,Altın Hasat I - 3,1,18,Gold
25,Elektrik yolu,bahcivan,standart,104,3 seçim · boss ödülü yok,12,Hasat Deneyimi I - 1,3,10,Gold
25,Elektrik yolu,bahcivan,standart,104,3 seçim · boss ödülü yok,13,Keskin Başlangıç - 4,2,17,Gold
25,Elektrik yolu,bahcivan,standart,104,3 seçim · boss ödülü yok,13,Düzenli Üretim - 2,2,13,Gold
25,Elektrik yolu,bahcivan,standart,104,3 seçim · boss ödülü yok,13,Hızlı Eller - 3,1,16,Gold
25,Elektrik yolu,bahcivan,standart,104,3 seçim · boss ödülü yok,13,Altın Hasat I - 3,2,20,Gold
25,Elektrik yolu,bahcivan,standart,104,3 seçim · boss ödülü yok,13,Hasat Deneyimi I - 2,1,12,Gold
25,Elektrik yolu,bahcivan,standart,104,3 seçim · boss ödülü yok,14,Hızlı Eller - 3,2,18,Gold
25,Elektrik yolu,bahcivan,standart,104,3 seçim · boss ödülü yok,14,Düzenli Üretim - 3,1,15,Gold
25,Elektrik yolu,bahcivan,standart,104,3 seçim · boss ödülü yok,14,Hasat Deneyimi I - 2,2,14,Gold
25,Elektrik yolu,bahcivan,standart,104,3 seçim · boss ödülü yok,15,2×2 Saksı,1,80,Gold
25,Elektrik yolu,bahcivan,standart,104,3 seçim · boss ödülü yok,15,Çifte Hasat Kartları,1,25,Iron
25,Elektrik yolu,bahcivan,standart,104,3 seçim · boss ödülü yok,16,Kesim Tekniği - 1,3,40,Gold
25,Elektrik yolu,bahcivan,standart,104,3 seçim · boss ödülü yok,16,Demir Hasat - 1,1,25,Gold
25,Elektrik yolu,bahcivan,standart,104,3 seçim · boss ödülü yok,17,Altın Hasat I - 4,1,22,Gold
25,Elektrik yolu,bahcivan,standart,104,3 seçim · boss ödülü yok,17,Geniş Süpürüş - 1,1,21,Gold
25,Elektrik yolu,bahcivan,standart,104,3 seçim · boss ödülü yok,17,Kesim Tekniği - 2,1,50,Gold
25,Elektrik yolu,bahcivan,standart,104,3 seçim · boss ödülü yok,18,Hızlı Eller - 4,1,20,Gold
25,Elektrik yolu,bahcivan,standart,104,3 seçim · boss ödülü yok,18,Altın Hasat I - 4,2,24,Gold
25,Elektrik yolu,bahcivan,standart,104,3 seçim · boss ödülü yok,18,Demir Hasat - 1,2,35,Gold
25,Elektrik yolu,bahcivan,standart,104,3 seçim · boss ödülü yok,19,Düzenli Üretim - 3,2,17,Gold
25,Elektrik yolu,bahcivan,standart,104,3 seçim · boss ödülü yok,19,Geniş Süpürüş - 1,2,28,Gold
25,Elektrik yolu,bahcivan,standart,104,3 seçim · boss ödülü yok,19,Hızlı Eller - 4,2,22,Gold
25,Elektrik yolu,bahcivan,standart,104,3 seçim · boss ödülü yok,19,Hasat Deneyimi I - 3,1,16,Gold
25,Elektrik yolu,bahcivan,standart,104,3 seçim · boss ödülü yok,20,Düzenli Üretim - 4,1,19,Gold
25,Elektrik yolu,bahcivan,standart,104,3 seçim · boss ödülü yok,20,Hasat Deneyimi I - 3,2,18,Gold
25,Elektrik yolu,bahcivan,standart,104,3 seçim · boss ödülü yok,20,Düzenli Üretim - 4,2,21,Gold
25,Elektrik yolu,bahcivan,standart,104,3 seçim · boss ödülü yok,20,Hasat Deneyimi I - 4,1,20,Gold
25,Elektrik yolu,bahcivan,standart,104,3 seçim · boss ödülü yok,20,Hasat Deneyimi I - 4,2,21,Gold
25,Elektrik yolu,bahcivan,standart,104,3 seçim · boss ödülü yok,22,Güçlü Kesim - 1,1,120,Gold
25,Elektrik yolu,bahcivan,standart,104,3 seçim · boss ödülü yok,23,Kesim Tekniği - 2,2,55,Gold
25,Elektrik yolu,bahcivan,standart,104,3 seçim · boss ödülü yok,23,Demir Hasat - 1,3,40,Gold
25,Elektrik yolu,bahcivan,standart,104,3 seçim · boss ödülü yok,23,Geniş Süpürüş - 1,3,35,Gold
25,Elektrik yolu,bahcivan,standart,104,3 seçim · boss ödülü yok,23,Taş Hasat - 1,1,35,Iron
25,Elektrik yolu,bahcivan,standart,104,3 seçim · boss ödülü yok,24,Geniş Süpürüş - 2,1,40,Gold
25,Elektrik yolu,bahcivan,standart,104,3 seçim · boss ödülü yok,24,Demir Hasat - 2,1,50,Gold
25,Elektrik yolu,bahcivan,standart,104,3 seçim · boss ödülü yok,24,Geniş Süpürüş - 2,2,45,Gold
25,Elektrik yolu,bahcivan,standart,104,3 seçim · boss ödülü yok,25,Taş Hasat - 1,2,45,Iron
25,Elektrik yolu,bahcivan,standart,104,3 seçim · boss ödülü yok,26,2×3 Saksı,1,200,Gold
25,Elektrik yolu,bahcivan,standart,104,3 seçim · boss ödülü yok,27,İlk Vazgeçiş,1,150,Gold
25,Elektrik yolu,bahcivan,standart,104,3 seçim · boss ödülü yok,28,Kesim Tekniği - 3,1,65,Gold
25,Elektrik yolu,bahcivan,standart,104,3 seçim · boss ödülü yok,29,Hasat Rekoru - 1,1,180,Gold
25,Elektrik yolu,bahcivan,standart,104,3 seçim · boss ödülü yok,30,Güçlü Kesim - 1,2,160,Gold
25,Elektrik yolu,bahcivan,standart,104,3 seçim · boss ödülü yok,31,Akıcı Kesim - 1,1,160,Gold
25,Elektrik yolu,bahcivan,standart,104,3 seçim · boss ödülü yok,31,Kesim Tekniği - 3,2,70,Gold
25,Elektrik yolu,bahcivan,standart,104,3 seçim · boss ödülü yok,31,Taş Hasat - 1,3,55,Iron
25,Elektrik yolu,bahcivan,standart,104,3 seçim · boss ödülü yok,32,Güçlü Kesim - 1,3,195,Gold
25,Elektrik yolu,bahcivan,standart,104,3 seçim · boss ödülü yok,32,Taş Hasat - 2,1,65,Iron
25,Elektrik yolu,bahcivan,standart,104,3 seçim · boss ödülü yok,34,Akıcı Kesim - 1,2,210,Gold
25,Elektrik yolu,bahcivan,standart,104,3 seçim · boss ödülü yok,34,Demir Hasat - 2,2,55,Gold
25,Elektrik yolu,bahcivan,standart,104,3 seçim · boss ödülü yok,35,Geniş Süpürüş - 3,1,55,Gold
25,Elektrik yolu,bahcivan,standart,104,3 seçim · boss ödülü yok,35,Geniş Süpürüş - 3,2,60,Gold
25,Elektrik yolu,bahcivan,standart,104,3 seçim · boss ödülü yok,36,Verimli Üretim - 1,1,200,Iron
25,Elektrik yolu,bahcivan,standart,104,3 seçim · boss ödülü yok,37,Hasat Rekoru - 1,2,240,Gold
25,Elektrik yolu,bahcivan,standart,104,3 seçim · boss ödülü yok,37,Kesim Tekniği - 4,1,80,Gold
25,Elektrik yolu,bahcivan,standart,104,3 seçim · boss ödülü yok,37,Taş Hasat - 2,2,80,Iron
25,Elektrik yolu,bahcivan,standart,104,3 seçim · boss ödülü yok,38,Güçlü Kesim - 2,1,230,Gold
25,Elektrik yolu,bahcivan,standart,104,3 seçim · boss ödülü yok,39,Altın Hasat II - 1,1,180,Gold
26,Hız-alan + Ritim,bahcivan,standart,100,3 seçim · boss ödülü yok,1,Hızlı Eller - 1,1,7,Gold
26,Hız-alan + Ritim,bahcivan,standart,100,3 seçim · boss ödülü yok,2,Hızlı Eller - 1,2,9,Gold
26,Hız-alan + Ritim,bahcivan,standart,100,3 seçim · boss ödülü yok,3,Hızlı Eller - 1,3,11,Gold
26,Hız-alan + Ritim,bahcivan,standart,100,3 seçim · boss ödülü yok,3,Altın Hasat I - 1,1,7,Gold
26,Hız-alan + Ritim,bahcivan,standart,100,3 seçim · boss ödülü yok,3,Hızlı Eller - 2,1,12,Gold
26,Hız-alan + Ritim,bahcivan,standart,100,3 seçim · boss ödülü yok,4,Grid Genişleme I,1,30,Gold
26,Hız-alan + Ritim,bahcivan,standart,100,3 seçim · boss ödülü yok,5,Altın Hasat I - 1,2,9,Gold
26,Hız-alan + Ritim,bahcivan,standart,100,3 seçim · boss ödülü yok,5,Hızlı Eller - 2,2,14,Gold
26,Hız-alan + Ritim,bahcivan,standart,100,3 seçim · boss ödülü yok,5,Düzenli Üretim - 1,1,6,Gold
26,Hız-alan + Ritim,bahcivan,standart,100,3 seçim · boss ödülü yok,5,Keskin Başlangıç - 1,1,5,Gold
26,Hız-alan + Ritim,bahcivan,standart,100,3 seçim · boss ödülü yok,6,Altın Hasat I - 1,3,11,Gold
26,Hız-alan + Ritim,bahcivan,standart,100,3 seçim · boss ödülü yok,6,Hızlı Eller - 3,1,16,Gold
26,Hız-alan + Ritim,bahcivan,standart,100,3 seçim · boss ödülü yok,6,Keskin Başlangıç - 1,2,7,Gold
26,Hız-alan + Ritim,bahcivan,standart,100,3 seçim · boss ödülü yok,7,1×3 Saksı,1,30,Gold
26,Hız-alan + Ritim,bahcivan,standart,100,3 seçim · boss ödülü yok,8,Geniş Süpürüş - 1,1,21,Gold
26,Hız-alan + Ritim,bahcivan,standart,100,3 seçim · boss ödülü yok,8,Düzenli Üretim - 1,2,8,Gold
26,Hız-alan + Ritim,bahcivan,standart,100,3 seçim · boss ödülü yok,9,Altın Hasat I - 2,1,13,Gold
26,Hız-alan + Ritim,bahcivan,standart,100,3 seçim · boss ödülü yok,9,Hızlı Eller - 3,2,18,Gold
26,Hız-alan + Ritim,bahcivan,standart,100,3 seçim · boss ödülü yok,9,Keskin Başlangıç - 1,3,8,Gold
26,Hız-alan + Ritim,bahcivan,standart,100,3 seçim · boss ödülü yok,9,Hasat Deneyimi I - 1,1,6,Gold
26,Hız-alan + Ritim,bahcivan,standart,100,3 seçim · boss ödülü yok,10,Geniş Süpürüş - 1,2,28,Gold
26,Hız-alan + Ritim,bahcivan,standart,100,3 seçim · boss ödülü yok,11,Keskin Başlangıç - 2,1,10,Gold
26,Hız-alan + Ritim,bahcivan,standart,100,3 seçim · boss ödülü yok,11,Altın Hasat I - 2,2,16,Gold
26,Hız-alan + Ritim,bahcivan,standart,100,3 seçim · boss ödülü yok,11,Hızlı Eller - 4,1,20,Gold
26,Hız-alan + Ritim,bahcivan,standart,100,3 seçim · boss ödülü yok,11,Grid Genişleme I,2,30,Iron
26,Hız-alan + Ritim,bahcivan,standart,100,3 seçim · boss ödülü yok,12,Düzenli Üretim - 1,3,10,Gold
26,Hız-alan + Ritim,bahcivan,standart,100,3 seçim · boss ödülü yok,12,Hasat Deneyimi I - 1,2,8,Gold
26,Hız-alan + Ritim,bahcivan,standart,100,3 seçim · boss ödülü yok,13,Geniş Süpürüş - 1,3,35,Gold
26,Hız-alan + Ritim,bahcivan,standart,100,3 seçim · boss ödülü yok,13,Keskin Başlangıç - 2,2,11,Gold
26,Hız-alan + Ritim,bahcivan,standart,100,3 seçim · boss ödülü yok,13,Altın Hasat I - 3,1,18,Gold
26,Hız-alan + Ritim,bahcivan,standart,100,3 seçim · boss ödülü yok,13,Düzenli Üretim - 2,1,12,Gold
26,Hız-alan + Ritim,bahcivan,standart,100,3 seçim · boss ödülü yok,14,Keskin Başlangıç - 3,1,13,Gold
26,Hız-alan + Ritim,bahcivan,standart,100,3 seçim · boss ödülü yok,14,Altın Hasat I - 3,2,20,Gold
26,Hız-alan + Ritim,bahcivan,standart,100,3 seçim · boss ödülü yok,14,Keskin Başlangıç - 3,2,14,Gold
26,Hız-alan + Ritim,bahcivan,standart,100,3 seçim · boss ödülü yok,14,Hasat Deneyimi I - 1,3,10,Gold
26,Hız-alan + Ritim,bahcivan,standart,100,3 seçim · boss ödülü yok,14,Tornado Kartları,1,30,Iron
26,Hız-alan + Ritim,bahcivan,standart,100,3 seçim · boss ödülü yok,15,2×2 Saksı,1,80,Gold
26,Hız-alan + Ritim,bahcivan,standart,100,3 seçim · boss ödülü yok,16,Hızlı Eller - 4,2,22,Gold
26,Hız-alan + Ritim,bahcivan,standart,100,3 seçim · boss ödülü yok,16,Geniş Süpürüş - 2,1,40,Gold
26,Hız-alan + Ritim,bahcivan,standart,100,3 seçim · boss ödülü yok,16,Demir Hasat - 1,1,25,Gold
26,Hız-alan + Ritim,bahcivan,standart,100,3 seçim · boss ödülü yok,17,Kesim Tekniği - 1,1,25,Gold
26,Hız-alan + Ritim,bahcivan,standart,100,3 seçim · boss ödülü yok,17,Çifte Hasat Kartları,1,25,Iron
26,Hız-alan + Ritim,bahcivan,standart,100,3 seçim · boss ödülü yok,17,Düzenli Üretim - 2,2,13,Gold
26,Hız-alan + Ritim,bahcivan,standart,100,3 seçim · boss ödülü yok,17,Altın Hasat I - 4,1,22,Gold
26,Hız-alan + Ritim,bahcivan,standart,100,3 seçim · boss ödülü yok,17,Keskin Başlangıç - 4,1,16,Gold
26,Hız-alan + Ritim,bahcivan,standart,100,3 seçim · boss ödülü yok,18,Kesim Tekniği - 1,2,35,Gold
26,Hız-alan + Ritim,bahcivan,standart,100,3 seçim · boss ödülü yok,18,Hasat Deneyimi I - 2,1,12,Gold
26,Hız-alan + Ritim,bahcivan,standart,100,3 seçim · boss ödülü yok,18,Altın Hasat I - 4,2,24,Gold
26,Hız-alan + Ritim,bahcivan,standart,100,3 seçim · boss ödülü yok,18,Keskin Başlangıç - 4,2,17,Gold
26,Hız-alan + Ritim,bahcivan,standart,100,3 seçim · boss ödülü yok,18,Düzenli Üretim - 3,1,15,Gold
26,Hız-alan + Ritim,bahcivan,standart,100,3 seçim · boss ödülü yok,19,Demir Hasat - 1,2,35,Gold
26,Hız-alan + Ritim,bahcivan,standart,100,3 seçim · boss ödülü yok,19,Hasat Deneyimi I - 2,2,14,Gold
26,Hız-alan + Ritim,bahcivan,standart,100,3 seçim · boss ödülü yok,19,Kesim Tekniği - 1,3,40,Gold
26,Hız-alan + Ritim,bahcivan,standart,100,3 seçim · boss ödülü yok,19,Düzenli Üretim - 3,2,17,Gold
26,Hız-alan + Ritim,bahcivan,standart,100,3 seçim · boss ödülü yok,20,Demir Hasat - 1,3,40,Gold
26,Hız-alan + Ritim,bahcivan,standart,100,3 seçim · boss ödülü yok,21,Hasat Deneyimi I - 3,1,16,Gold
26,Hız-alan + Ritim,bahcivan,standart,100,3 seçim · boss ödülü yok,21,Düzenli Üretim - 4,1,19,Gold
26,Hız-alan + Ritim,bahcivan,standart,100,3 seçim · boss ödülü yok,21,Hasat Deneyimi I - 3,2,18,Gold
26,Hız-alan + Ritim,bahcivan,standart,100,3 seçim · boss ödülü yok,21,Düzenli Üretim - 4,2,21,Gold
26,Hız-alan + Ritim,bahcivan,standart,100,3 seçim · boss ödülü yok,21,Taş Hasat - 1,1,35,Iron
26,Hız-alan + Ritim,bahcivan,standart,100,3 seçim · boss ödülü yok,22,Hasat Deneyimi I - 4,1,20,Gold
26,Hız-alan + Ritim,bahcivan,standart,100,3 seçim · boss ödülü yok,22,Bumerang Orak Kartları,1,40,Iron
26,Hız-alan + Ritim,bahcivan,standart,100,3 seçim · boss ödülü yok,22,Hasat Deneyimi I - 4,2,21,Gold
26,Hız-alan + Ritim,bahcivan,standart,100,3 seçim · boss ödülü yok,24,Akıcı Kesim - 1,1,160,Gold
26,Hız-alan + Ritim,bahcivan,standart,100,3 seçim · boss ödülü yok,25,Geniş Süpürüş - 2,2,45,Gold
26,Hız-alan + Ritim,bahcivan,standart,100,3 seçim · boss ödülü yok,25,Geniş Süpürüş - 3,1,55,Gold
26,Hız-alan + Ritim,bahcivan,standart,100,3 seçim · boss ödülü yok,25,Taş Hasat - 1,2,45,Iron
26,Hız-alan + Ritim,bahcivan,standart,100,3 seçim · boss ödülü yok,26,Kesim Tekniği - 2,1,50,Gold
26,Hız-alan + Ritim,bahcivan,standart,100,3 seçim · boss ödülü yok,26,Demir Hasat - 2,1,50,Gold
26,Hız-alan + Ritim,bahcivan,standart,100,3 seçim · boss ödülü yok,29,Akıcı Kesim - 1,2,210,Gold
27,Hız-alan + Ritim,bahcivan,standart,101,3 seçim · boss ödülü yok,1,Hızlı Eller - 1,1,7,Gold
27,Hız-alan + Ritim,bahcivan,standart,101,3 seçim · boss ödülü yok,2,Hızlı Eller - 1,2,9,Gold
27,Hız-alan + Ritim,bahcivan,standart,101,3 seçim · boss ödülü yok,2,Hızlı Eller - 1,3,11,Gold
27,Hız-alan + Ritim,bahcivan,standart,101,3 seçim · boss ödülü yok,2,Altın Hasat I - 1,1,7,Gold
27,Hız-alan + Ritim,bahcivan,standart,101,3 seçim · boss ödülü yok,4,Hızlı Eller - 2,1,12,Gold
27,Hız-alan + Ritim,bahcivan,standart,101,3 seçim · boss ödülü yok,4,Düzenli Üretim - 1,1,6,Gold
27,Hız-alan + Ritim,bahcivan,standart,101,3 seçim · boss ödülü yok,4,Keskin Başlangıç - 1,1,5,Gold
27,Hız-alan + Ritim,bahcivan,standart,101,3 seçim · boss ödülü yok,4,Keskin Başlangıç - 1,2,7,Gold
27,Hız-alan + Ritim,bahcivan,standart,101,3 seçim · boss ödülü yok,4,Hasat Deneyimi I - 1,1,6,Gold
27,Hız-alan + Ritim,bahcivan,standart,101,3 seçim · boss ödülü yok,6,Grid Genişleme I,1,30,Gold
27,Hız-alan + Ritim,bahcivan,standart,101,3 seçim · boss ödülü yok,6,Altın Hasat I - 1,2,9,Gold
27,Hız-alan + Ritim,bahcivan,standart,101,3 seçim · boss ödülü yok,7,Hızlı Eller - 2,2,14,Gold
27,Hız-alan + Ritim,bahcivan,standart,101,3 seçim · boss ödülü yok,7,Altın Hasat I - 1,3,11,Gold
27,Hız-alan + Ritim,bahcivan,standart,101,3 seçim · boss ödülü yok,8,Hızlı Eller - 3,1,16,Gold
27,Hız-alan + Ritim,bahcivan,standart,101,3 seçim · boss ödülü yok,9,1×3 Saksı,1,30,Gold
27,Hız-alan + Ritim,bahcivan,standart,101,3 seçim · boss ödülü yok,10,Geniş Süpürüş - 1,1,21,Gold
27,Hız-alan + Ritim,bahcivan,standart,101,3 seçim · boss ödülü yok,10,Düzenli Üretim - 1,2,8,Gold
27,Hız-alan + Ritim,bahcivan,standart,101,3 seçim · boss ödülü yok,10,Altın Hasat I - 2,1,13,Gold
27,Hız-alan + Ritim,bahcivan,standart,101,3 seçim · boss ödülü yok,11,Hızlı Eller - 3,2,18,Gold
27,Hız-alan + Ritim,bahcivan,standart,101,3 seçim · boss ödülü yok,11,Keskin Başlangıç - 1,3,8,Gold
27,Hız-alan + Ritim,bahcivan,standart,101,3 seçim · boss ödülü yok,11,Geniş Süpürüş - 1,2,28,Gold
27,Hız-alan + Ritim,bahcivan,standart,101,3 seçim · boss ödülü yok,11,Keskin Başlangıç - 2,1,10,Gold
27,Hız-alan + Ritim,bahcivan,standart,101,3 seçim · boss ödülü yok,11,Grid Genişleme I,2,30,Iron
27,Hız-alan + Ritim,bahcivan,standart,101,3 seçim · boss ödülü yok,12,Altın Hasat I - 2,2,16,Gold
27,Hız-alan + Ritim,bahcivan,standart,101,3 seçim · boss ödülü yok,12,Hızlı Eller - 4,1,20,Gold
27,Hız-alan + Ritim,bahcivan,standart,101,3 seçim · boss ödülü yok,12,Düzenli Üretim - 1,3,10,Gold
27,Hız-alan + Ritim,bahcivan,standart,101,3 seçim · boss ödülü yok,12,Hasat Deneyimi I - 1,2,8,Gold
27,Hız-alan + Ritim,bahcivan,standart,101,3 seçim · boss ödülü yok,12,Tornado Kartları,1,30,Iron
27,Hız-alan + Ritim,bahcivan,standart,101,3 seçim · boss ödülü yok,13,Geniş Süpürüş - 1,3,35,Gold
27,Hız-alan + Ritim,bahcivan,standart,101,3 seçim · boss ödülü yok,13,Keskin Başlangıç - 2,2,11,Gold
27,Hız-alan + Ritim,bahcivan,standart,101,3 seçim · boss ödülü yok,13,Altın Hasat I - 3,1,18,Gold
27,Hız-alan + Ritim,bahcivan,standart,101,3 seçim · boss ödülü yok,14,Düzenli Üretim - 2,1,12,Gold
27,Hız-alan + Ritim,bahcivan,standart,101,3 seçim · boss ödülü yok,14,Keskin Başlangıç - 3,1,13,Gold
27,Hız-alan + Ritim,bahcivan,standart,101,3 seçim · boss ödülü yok,14,Altın Hasat I - 3,2,20,Gold
27,Hız-alan + Ritim,bahcivan,standart,101,3 seçim · boss ödülü yok,14,Keskin Başlangıç - 3,2,14,Gold
27,Hız-alan + Ritim,bahcivan,standart,101,3 seçim · boss ödülü yok,16,2×2 Saksı,1,80,Gold
27,Hız-alan + Ritim,bahcivan,standart,101,3 seçim · boss ödülü yok,16,Çifte Hasat Kartları,1,25,Iron
27,Hız-alan + Ritim,bahcivan,standart,101,3 seçim · boss ödülü yok,17,Hızlı Eller - 4,2,22,Gold
27,Hız-alan + Ritim,bahcivan,standart,101,3 seçim · boss ödülü yok,17,Geniş Süpürüş - 2,1,40,Gold
27,Hız-alan + Ritim,bahcivan,standart,101,3 seçim · boss ödülü yok,17,Demir Hasat - 1,1,25,Gold
27,Hız-alan + Ritim,bahcivan,standart,101,3 seçim · boss ödülü yok,17,Kesim Tekniği - 1,1,25,Gold
27,Hız-alan + Ritim,bahcivan,standart,101,3 seçim · boss ödülü yok,18,Hasat Deneyimi I - 1,3,10,Gold
27,Hız-alan + Ritim,bahcivan,standart,101,3 seçim · boss ödülü yok,18,Düzenli Üretim - 2,2,13,Gold
27,Hız-alan + Ritim,bahcivan,standart,101,3 seçim · boss ödülü yok,18,Altın Hasat I - 4,1,22,Gold
27,Hız-alan + Ritim,bahcivan,standart,101,3 seçim · boss ödülü yok,18,Keskin Başlangıç - 4,1,16,Gold
27,Hız-alan + Ritim,bahcivan,standart,101,3 seçim · boss ödülü yok,18,Kesim Tekniği - 1,2,35,Gold
27,Hız-alan + Ritim,bahcivan,standart,101,3 seçim · boss ödülü yok,18,Hasat Deneyimi I - 2,1,12,Gold
27,Hız-alan + Ritim,bahcivan,standart,101,3 seçim · boss ödülü yok,19,Altın Hasat I - 4,2,24,Gold
27,Hız-alan + Ritim,bahcivan,standart,101,3 seçim · boss ödülü yok,19,Keskin Başlangıç - 4,2,17,Gold
27,Hız-alan + Ritim,bahcivan,standart,101,3 seçim · boss ödülü yok,19,Demir Hasat - 1,2,35,Gold
27,Hız-alan + Ritim,bahcivan,standart,101,3 seçim · boss ödülü yok,19,Düzenli Üretim - 3,1,15,Gold
27,Hız-alan + Ritim,bahcivan,standart,101,3 seçim · boss ödülü yok,19,Hasat Deneyimi I - 2,2,14,Gold
27,Hız-alan + Ritim,bahcivan,standart,101,3 seçim · boss ödülü yok,19,Düzenli Üretim - 3,2,17,Gold
27,Hız-alan + Ritim,bahcivan,standart,101,3 seçim · boss ödülü yok,19,Bumerang Orak Kartları,1,40,Iron
27,Hız-alan + Ritim,bahcivan,standart,101,3 seçim · boss ödülü yok,20,Kesim Tekniği - 1,3,40,Gold
27,Hız-alan + Ritim,bahcivan,standart,101,3 seçim · boss ödülü yok,20,Demir Hasat - 1,3,40,Gold
27,Hız-alan + Ritim,bahcivan,standart,101,3 seçim · boss ödülü yok,20,Hasat Deneyimi I - 3,1,16,Gold
27,Hız-alan + Ritim,bahcivan,standart,101,3 seçim · boss ödülü yok,21,Düzenli Üretim - 4,1,19,Gold
27,Hız-alan + Ritim,bahcivan,standart,101,3 seçim · boss ödülü yok,21,Hasat Deneyimi I - 3,2,18,Gold
27,Hız-alan + Ritim,bahcivan,standart,101,3 seçim · boss ödülü yok,21,Düzenli Üretim - 4,2,21,Gold
27,Hız-alan + Ritim,bahcivan,standart,101,3 seçim · boss ödülü yok,21,Taş Hasat - 1,1,35,Iron
27,Hız-alan + Ritim,bahcivan,standart,101,3 seçim · boss ödülü yok,21,Hasat Deneyimi I - 4,1,20,Gold
27,Hız-alan + Ritim,bahcivan,standart,101,3 seçim · boss ödülü yok,21,Hasat Deneyimi I - 4,2,21,Gold
27,Hız-alan + Ritim,bahcivan,standart,101,3 seçim · boss ödülü yok,23,Akıcı Kesim - 1,1,160,Gold
27,Hız-alan + Ritim,bahcivan,standart,101,3 seçim · boss ödülü yok,24,Geniş Süpürüş - 2,2,45,Gold
27,Hız-alan + Ritim,bahcivan,standart,101,3 seçim · boss ödülü yok,24,Geniş Süpürüş - 3,1,55,Gold
27,Hız-alan + Ritim,bahcivan,standart,101,3 seçim · boss ödülü yok,24,Kesim Tekniği - 2,1,50,Gold
27,Hız-alan + Ritim,bahcivan,standart,101,3 seçim · boss ödülü yok,25,Demir Hasat - 2,1,50,Gold
27,Hız-alan + Ritim,bahcivan,standart,101,3 seçim · boss ödülü yok,26,Akıcı Kesim - 1,2,210,Gold
27,Hız-alan + Ritim,bahcivan,standart,101,3 seçim · boss ödülü yok,27,Taş Hasat - 1,2,45,Iron
27,Hız-alan + Ritim,bahcivan,standart,101,3 seçim · boss ödülü yok,28,2×3 Saksı,1,200,Gold
27,Hız-alan + Ritim,bahcivan,standart,101,3 seçim · boss ödülü yok,28,Geniş Süpürüş - 3,2,60,Gold
27,Hız-alan + Ritim,bahcivan,standart,101,3 seçim · boss ödülü yok,29,Geniş Süpürüş - 4,1,65,Gold
27,Hız-alan + Ritim,bahcivan,standart,101,3 seçim · boss ödülü yok,30,Kesim Tekniği - 2,2,55,Gold
27,Hız-alan + Ritim,bahcivan,standart,101,3 seçim · boss ödülü yok,30,Kesim Tekniği - 3,1,65,Gold
27,Hız-alan + Ritim,bahcivan,standart,101,3 seçim · boss ödülü yok,30,Taş Hasat - 1,3,55,Iron
27,Hız-alan + Ritim,bahcivan,standart,101,3 seçim · boss ödülü yok,31,Demir Hasat - 2,2,55,Gold
27,Hız-alan + Ritim,bahcivan,standart,101,3 seçim · boss ödülü yok,31,Demir Hasat - 3,1,65,Gold
27,Hız-alan + Ritim,bahcivan,standart,101,3 seçim · boss ödülü yok,33,Akıcı Kesim - 1,3,260,Gold
28,Hız-alan + Ritim,bahcivan,standart,102,3 seçim · boss ödülü yok,1,Hızlı Eller - 1,1,7,Gold
28,Hız-alan + Ritim,bahcivan,standart,102,3 seçim · boss ödülü yok,2,Hızlı Eller - 1,2,9,Gold
28,Hız-alan + Ritim,bahcivan,standart,102,3 seçim · boss ödülü yok,4,Hızlı Eller - 1,3,11,Gold
28,Hız-alan + Ritim,bahcivan,standart,102,3 seçim · boss ödülü yok,4,Altın Hasat I - 1,1,7,Gold
28,Hız-alan + Ritim,bahcivan,standart,102,3 seçim · boss ödülü yok,4,Hızlı Eller - 2,1,12,Gold
28,Hız-alan + Ritim,bahcivan,standart,102,3 seçim · boss ödülü yok,5,Grid Genişleme I,1,30,Gold
28,Hız-alan + Ritim,bahcivan,standart,102,3 seçim · boss ödülü yok,5,Altın Hasat I - 1,2,9,Gold
28,Hız-alan + Ritim,bahcivan,standart,102,3 seçim · boss ödülü yok,5,Hızlı Eller - 2,2,14,Gold
28,Hız-alan + Ritim,bahcivan,standart,102,3 seçim · boss ödülü yok,6,Düzenli Üretim - 1,1,6,Gold
28,Hız-alan + Ritim,bahcivan,standart,102,3 seçim · boss ödülü yok,6,Keskin Başlangıç - 1,1,5,Gold
28,Hız-alan + Ritim,bahcivan,standart,102,3 seçim · boss ödülü yok,6,Altın Hasat I - 1,3,11,Gold
28,Hız-alan + Ritim,bahcivan,standart,102,3 seçim · boss ödülü yok,7,Hızlı Eller - 3,1,16,Gold
28,Hız-alan + Ritim,bahcivan,standart,102,3 seçim · boss ödülü yok,7,1×3 Saksı,1,30,Gold
28,Hız-alan + Ritim,bahcivan,standart,102,3 seçim · boss ödülü yok,8,Geniş Süpürüş - 1,1,21,Gold
28,Hız-alan + Ritim,bahcivan,standart,102,3 seçim · boss ödülü yok,8,Keskin Başlangıç - 1,2,7,Gold
28,Hız-alan + Ritim,bahcivan,standart,102,3 seçim · boss ödülü yok,8,Düzenli Üretim - 1,2,8,Gold
28,Hız-alan + Ritim,bahcivan,standart,102,3 seçim · boss ödülü yok,8,Altın Hasat I - 2,1,13,Gold
28,Hız-alan + Ritim,bahcivan,standart,102,3 seçim · boss ödülü yok,9,Hızlı Eller - 3,2,18,Gold
28,Hız-alan + Ritim,bahcivan,standart,102,3 seçim · boss ödülü yok,9,Keskin Başlangıç - 1,3,8,Gold
28,Hız-alan + Ritim,bahcivan,standart,102,3 seçim · boss ödülü yok,9,Geniş Süpürüş - 1,2,28,Gold
28,Hız-alan + Ritim,bahcivan,standart,102,3 seçim · boss ödülü yok,10,Keskin Başlangıç - 2,1,10,Gold
28,Hız-alan + Ritim,bahcivan,standart,102,3 seçim · boss ödülü yok,11,Altın Hasat I - 2,2,16,Gold
28,Hız-alan + Ritim,bahcivan,standart,102,3 seçim · boss ödülü yok,11,Hızlı Eller - 4,1,20,Gold
28,Hız-alan + Ritim,bahcivan,standart,102,3 seçim · boss ödülü yok,11,Düzenli Üretim - 1,3,10,Gold
28,Hız-alan + Ritim,bahcivan,standart,102,3 seçim · boss ödülü yok,11,Grid Genişleme I,2,30,Iron
28,Hız-alan + Ritim,bahcivan,standart,102,3 seçim · boss ödülü yok,12,Hasat Deneyimi I - 1,1,6,Gold
28,Hız-alan + Ritim,bahcivan,standart,102,3 seçim · boss ödülü yok,12,Geniş Süpürüş - 1,3,35,Gold
28,Hız-alan + Ritim,bahcivan,standart,102,3 seçim · boss ödülü yok,12,Keskin Başlangıç - 2,2,11,Gold
28,Hız-alan + Ritim,bahcivan,standart,102,3 seçim · boss ödülü yok,12,Altın Hasat I - 3,1,18,Gold
28,Hız-alan + Ritim,bahcivan,standart,102,3 seçim · boss ödülü yok,12,Düzenli Üretim - 2,1,12,Gold
28,Hız-alan + Ritim,bahcivan,standart,102,3 seçim · boss ödülü yok,12,Tornado Kartları,1,30,Iron
28,Hız-alan + Ritim,bahcivan,standart,102,3 seçim · boss ödülü yok,13,Hasat Deneyimi I - 1,2,8,Gold
28,Hız-alan + Ritim,bahcivan,standart,102,3 seçim · boss ödülü yok,13,Keskin Başlangıç - 3,1,13,Gold
28,Hız-alan + Ritim,bahcivan,standart,102,3 seçim · boss ödülü yok,13,Altın Hasat I - 3,2,20,Gold
28,Hız-alan + Ritim,bahcivan,standart,102,3 seçim · boss ödülü yok,13,Keskin Başlangıç - 3,2,14,Gold
28,Hız-alan + Ritim,bahcivan,standart,102,3 seçim · boss ödülü yok,13,Hasat Deneyimi I - 1,3,10,Gold
28,Hız-alan + Ritim,bahcivan,standart,102,3 seçim · boss ödülü yok,13,Düzenli Üretim - 2,2,13,Gold
28,Hız-alan + Ritim,bahcivan,standart,102,3 seçim · boss ödülü yok,14,Keskin Başlangıç - 4,1,16,Gold
28,Hız-alan + Ritim,bahcivan,standart,102,3 seçim · boss ödülü yok,14,Hasat Deneyimi I - 2,1,12,Gold
28,Hız-alan + Ritim,bahcivan,standart,102,3 seçim · boss ödülü yok,14,Keskin Başlangıç - 4,2,17,Gold
28,Hız-alan + Ritim,bahcivan,standart,102,3 seçim · boss ödülü yok,14,Düzenli Üretim - 3,1,15,Gold
28,Hız-alan + Ritim,bahcivan,standart,102,3 seçim · boss ödülü yok,15,2×2 Saksı,1,80,Gold
28,Hız-alan + Ritim,bahcivan,standart,102,3 seçim · boss ödülü yok,15,Hızlı Eller - 4,2,22,Gold
28,Hız-alan + Ritim,bahcivan,standart,102,3 seçim · boss ödülü yok,15,Çifte Hasat Kartları,1,25,Iron
28,Hız-alan + Ritim,bahcivan,standart,102,3 seçim · boss ödülü yok,16,Geniş Süpürüş - 2,1,40,Gold
28,Hız-alan + Ritim,bahcivan,standart,102,3 seçim · boss ödülü yok,16,Demir Hasat - 1,1,25,Gold
28,Hız-alan + Ritim,bahcivan,standart,102,3 seçim · boss ödülü yok,16,Kesim Tekniği - 1,1,25,Gold
28,Hız-alan + Ritim,bahcivan,standart,102,3 seçim · boss ödülü yok,16,Altın Hasat I - 4,1,22,Gold
28,Hız-alan + Ritim,bahcivan,standart,102,3 seçim · boss ödülü yok,16,Kesim Tekniği - 1,2,35,Gold
28,Hız-alan + Ritim,bahcivan,standart,102,3 seçim · boss ödülü yok,17,Altın Hasat I - 4,2,24,Gold
28,Hız-alan + Ritim,bahcivan,standart,102,3 seçim · boss ödülü yok,17,Demir Hasat - 1,2,35,Gold
28,Hız-alan + Ritim,bahcivan,standart,102,3 seçim · boss ödülü yok,17,Hasat Deneyimi I - 2,2,14,Gold
28,Hız-alan + Ritim,bahcivan,standart,102,3 seçim · boss ödülü yok,17,Kesim Tekniği - 1,3,40,Gold
28,Hız-alan + Ritim,bahcivan,standart,102,3 seçim · boss ödülü yok,18,Düzenli Üretim - 3,2,17,Gold
28,Hız-alan + Ritim,bahcivan,standart,102,3 seçim · boss ödülü yok,18,Demir Hasat - 1,3,40,Gold
28,Hız-alan + Ritim,bahcivan,standart,102,3 seçim · boss ödülü yok,18,Hasat Deneyimi I - 3,1,16,Gold
28,Hız-alan + Ritim,bahcivan,standart,102,3 seçim · boss ödülü yok,18,Düzenli Üretim - 4,1,19,Gold
28,Hız-alan + Ritim,bahcivan,standart,102,3 seçim · boss ödülü yok,18,Hasat Deneyimi I - 3,2,18,Gold
28,Hız-alan + Ritim,bahcivan,standart,102,3 seçim · boss ödülü yok,18,Düzenli Üretim - 4,2,21,Gold
28,Hız-alan + Ritim,bahcivan,standart,102,3 seçim · boss ödülü yok,18,Taş Hasat - 1,1,35,Iron
28,Hız-alan + Ritim,bahcivan,standart,102,3 seçim · boss ödülü yok,19,Hasat Deneyimi I - 4,1,20,Gold
28,Hız-alan + Ritim,bahcivan,standart,102,3 seçim · boss ödülü yok,19,Hasat Deneyimi I - 4,2,21,Gold
28,Hız-alan + Ritim,bahcivan,standart,102,3 seçim · boss ödülü yok,20,Bumerang Orak Kartları,1,40,Iron
28,Hız-alan + Ritim,bahcivan,standart,102,3 seçim · boss ödülü yok,21,Akıcı Kesim - 1,1,160,Gold
28,Hız-alan + Ritim,bahcivan,standart,102,3 seçim · boss ödülü yok,21,Taş Hasat - 1,2,45,Iron
28,Hız-alan + Ritim,bahcivan,standart,102,3 seçim · boss ödülü yok,22,Geniş Süpürüş - 2,2,45,Gold
28,Hız-alan + Ritim,bahcivan,standart,102,3 seçim · boss ödülü yok,22,Geniş Süpürüş - 3,1,55,Gold
28,Hız-alan + Ritim,bahcivan,standart,102,3 seçim · boss ödülü yok,22,Kesim Tekniği - 2,1,50,Gold
28,Hız-alan + Ritim,bahcivan,standart,102,3 seçim · boss ödülü yok,23,Demir Hasat - 2,1,50,Gold
28,Hız-alan + Ritim,bahcivan,standart,102,3 seçim · boss ödülü yok,24,Akıcı Kesim - 1,2,210,Gold
28,Hız-alan + Ritim,bahcivan,standart,102,3 seçim · boss ödülü yok,25,2×3 Saksı,1,200,Gold
28,Hız-alan + Ritim,bahcivan,standart,102,3 seçim · boss ödülü yok,26,Geniş Süpürüş - 3,2,60,Gold
28,Hız-alan + Ritim,bahcivan,standart,102,3 seçim · boss ödülü yok,26,Geniş Süpürüş - 4,1,65,Gold
28,Hız-alan + Ritim,bahcivan,standart,102,3 seçim · boss ödülü yok,26,Kesim Tekniği - 2,2,55,Gold
28,Hız-alan + Ritim,bahcivan,standart,102,3 seçim · boss ödülü yok,27,Akıcı Kesim - 1,3,260,Gold
28,Hız-alan + Ritim,bahcivan,standart,102,3 seçim · boss ödülü yok,28,Geniş Tarama - 1,1,160,Gold
28,Hız-alan + Ritim,bahcivan,standart,102,3 seçim · boss ödülü yok,29,Güçlü Kesim - 1,1,120,Gold
28,Hız-alan + Ritim,bahcivan,standart,102,3 seçim · boss ödülü yok,30,Hasat Rekoru - 1,1,180,Gold
28,Hız-alan + Ritim,bahcivan,standart,102,3 seçim · boss ödülü yok,30,Geniş Süpürüş - 4,2,70,Gold
28,Hız-alan + Ritim,bahcivan,standart,102,3 seçim · boss ödülü yok,30,Kesim Tekniği - 3,1,65,Gold
28,Hız-alan + Ritim,bahcivan,standart,102,3 seçim · boss ödülü yok,30,Verimli Üretim - 1,1,200,Iron
28,Hız-alan + Ritim,bahcivan,standart,102,3 seçim · boss ödülü yok,31,Demir Hasat - 2,2,55,Gold
28,Hız-alan + Ritim,bahcivan,standart,102,3 seçim · boss ödülü yok,31,Kesim Tekniği - 3,2,70,Gold
28,Hız-alan + Ritim,bahcivan,standart,102,3 seçim · boss ödülü yok,31,Demir Hasat - 3,1,65,Gold
28,Hız-alan + Ritim,bahcivan,standart,102,3 seçim · boss ödülü yok,31,Taş Hasat - 1,3,55,Iron
28,Hız-alan + Ritim,bahcivan,standart,102,3 seçim · boss ödülü yok,32,Demir Hasat - 3,2,70,Gold
28,Hız-alan + Ritim,bahcivan,standart,102,3 seçim · boss ödülü yok,33,Akıcı Kesim - 2,1,310,Gold
28,Hız-alan + Ritim,bahcivan,standart,102,3 seçim · boss ödülü yok,33,Taş Hasat - 2,1,65,Iron
28,Hız-alan + Ritim,bahcivan,standart,102,3 seçim · boss ödülü yok,34,Geniş Tarama - 1,2,210,Gold
28,Hız-alan + Ritim,bahcivan,standart,102,3 seçim · boss ödülü yok,35,İlk Vazgeçiş,1,150,Gold
28,Hız-alan + Ritim,bahcivan,standart,102,3 seçim · boss ödülü yok,35,Güçlü Kesim - 1,2,160,Gold
28,Hız-alan + Ritim,bahcivan,standart,102,3 seçim · boss ödülü yok,35,Verimli Üretim - 1,2,260,Iron
28,Hız-alan + Ritim,bahcivan,standart,102,3 seçim · boss ödülü yok,35,Zengin Cevher - 1,1,50,Stone
28,Hız-alan + Ritim,bahcivan,standart,102,3 seçim · boss ödülü yok,36,Kesim Tekniği - 4,1,80,Gold
28,Hız-alan + Ritim,bahcivan,standart,102,3 seçim · boss ödülü yok,36,Kesim Tekniği - 4,2,85,Gold
28,Hız-alan + Ritim,bahcivan,standart,102,3 seçim · boss ödülü yok,36,Nadir Filizler - 1,1,230,Iron
28,Hız-alan + Ritim,bahcivan,standart,102,3 seçim · boss ödülü yok,36,Demir Hasat - 4,1,80,Gold
28,Hız-alan + Ritim,bahcivan,standart,102,3 seçim · boss ödülü yok,37,Taş Hasat - 2,2,80,Iron
28,Hız-alan + Ritim,bahcivan,standart,102,3 seçim · boss ödülü yok,37,Demir Hasat - 4,2,85,Gold
28,Hız-alan + Ritim,bahcivan,standart,102,3 seçim · boss ödülü yok,38,Akıcı Kesim - 2,2,360,Gold
28,Hız-alan + Ritim,bahcivan,standart,102,3 seçim · boss ödülü yok,38,Grid Genişleme II,1,100,Stone
28,Hız-alan + Ritim,bahcivan,standart,102,3 seçim · boss ödülü yok,39,Altın Hasat II - 1,1,180,Gold
28,Hız-alan + Ritim,bahcivan,standart,102,3 seçim · boss ödülü yok,39,Verimli Üretim - 1,3,320,Iron
28,Hız-alan + Ritim,bahcivan,standart,102,3 seçim · boss ödülü yok,41,Geniş Tarama - 1,3,260,Gold
28,Hız-alan + Ritim,bahcivan,standart,102,3 seçim · boss ödülü yok,42,Hasat Rekoru - 1,2,240,Gold
28,Hız-alan + Ritim,bahcivan,standart,102,3 seçim · boss ödülü yok,42,Nadir Filizler - 1,2,300,Iron
28,Hız-alan + Ritim,bahcivan,standart,102,3 seçim · boss ödülü yok,42,Taş Hasat - 3,1,90,Iron
28,Hız-alan + Ritim,bahcivan,standart,102,3 seçim · boss ödülü yok,43,Zengin Cevher - 1,2,65,Stone
28,Hız-alan + Ritim,bahcivan,standart,102,3 seçim · boss ödülü yok,44,Güçlü Kesim - 1,3,195,Gold
29,Hız-alan + Ritim,bahcivan,standart,103,3 seçim · boss ödülü yok,2,Hızlı Eller - 1,1,7,Gold
29,Hız-alan + Ritim,bahcivan,standart,103,3 seçim · boss ödülü yok,2,Hızlı Eller - 1,2,9,Gold
29,Hız-alan + Ritim,bahcivan,standart,103,3 seçim · boss ödülü yok,2,Hızlı Eller - 1,3,11,Gold
29,Hız-alan + Ritim,bahcivan,standart,103,3 seçim · boss ödülü yok,3,Altın Hasat I - 1,1,7,Gold
29,Hız-alan + Ritim,bahcivan,standart,103,3 seçim · boss ödülü yok,4,Hızlı Eller - 2,1,12,Gold
29,Hız-alan + Ritim,bahcivan,standart,103,3 seçim · boss ödülü yok,4,Düzenli Üretim - 1,1,6,Gold
29,Hız-alan + Ritim,bahcivan,standart,103,3 seçim · boss ödülü yok,4,Keskin Başlangıç - 1,1,5,Gold
29,Hız-alan + Ritim,bahcivan,standart,103,3 seçim · boss ödülü yok,5,Grid Genişleme I,1,30,Gold
29,Hız-alan + Ritim,bahcivan,standart,103,3 seçim · boss ödülü yok,6,Altın Hasat I - 1,2,9,Gold
29,Hız-alan + Ritim,bahcivan,standart,103,3 seçim · boss ödülü yok,6,Hızlı Eller - 2,2,14,Gold
29,Hız-alan + Ritim,bahcivan,standart,103,3 seçim · boss ödülü yok,7,Altın Hasat I - 1,3,11,Gold
29,Hız-alan + Ritim,bahcivan,standart,103,3 seçim · boss ödülü yok,7,Hızlı Eller - 3,1,16,Gold
29,Hız-alan + Ritim,bahcivan,standart,103,3 seçim · boss ödülü yok,8,1×3 Saksı,1,30,Gold
29,Hız-alan + Ritim,bahcivan,standart,103,3 seçim · boss ödülü yok,9,Geniş Süpürüş - 1,1,21,Gold
29,Hız-alan + Ritim,bahcivan,standart,103,3 seçim · boss ödülü yok,9,Keskin Başlangıç - 1,2,7,Gold
29,Hız-alan + Ritim,bahcivan,standart,103,3 seçim · boss ödülü yok,9,Düzenli Üretim - 1,2,8,Gold
29,Hız-alan + Ritim,bahcivan,standart,103,3 seçim · boss ödülü yok,9,Altın Hasat I - 2,1,13,Gold
29,Hız-alan + Ritim,bahcivan,standart,103,3 seçim · boss ödülü yok,11,Hızlı Eller - 3,2,18,Gold
29,Hız-alan + Ritim,bahcivan,standart,103,3 seçim · boss ödülü yok,11,Keskin Başlangıç - 1,3,8,Gold
29,Hız-alan + Ritim,bahcivan,standart,103,3 seçim · boss ödülü yok,11,Hasat Deneyimi I - 1,1,6,Gold
29,Hız-alan + Ritim,bahcivan,standart,103,3 seçim · boss ödülü yok,11,Grid Genişleme I,2,30,Iron
29,Hız-alan + Ritim,bahcivan,standart,103,3 seçim · boss ödülü yok,12,Geniş Süpürüş - 1,2,28,Gold
29,Hız-alan + Ritim,bahcivan,standart,103,3 seçim · boss ödülü yok,12,Keskin Başlangıç - 2,1,10,Gold
29,Hız-alan + Ritim,bahcivan,standart,103,3 seçim · boss ödülü yok,12,Altın Hasat I - 2,2,16,Gold
29,Hız-alan + Ritim,bahcivan,standart,103,3 seçim · boss ödülü yok,13,Hızlı Eller - 4,1,20,Gold
29,Hız-alan + Ritim,bahcivan,standart,103,3 seçim · boss ödülü yok,13,Düzenli Üretim - 1,3,10,Gold
29,Hız-alan + Ritim,bahcivan,standart,103,3 seçim · boss ödülü yok,13,Geniş Süpürüş - 1,3,35,Gold
29,Hız-alan + Ritim,bahcivan,standart,103,3 seçim · boss ödülü yok,13,Keskin Başlangıç - 2,2,11,Gold
29,Hız-alan + Ritim,bahcivan,standart,103,3 seçim · boss ödülü yok,14,Altın Hasat I - 3,1,18,Gold
29,Hız-alan + Ritim,bahcivan,standart,103,3 seçim · boss ödülü yok,14,2×2 Saksı,1,80,Gold
29,Hız-alan + Ritim,bahcivan,standart,103,3 seçim · boss ödülü yok,14,Çifte Hasat Kartları,1,25,Iron
29,Hız-alan + Ritim,bahcivan,standart,103,3 seçim · boss ödülü yok,15,Hızlı Eller - 4,2,22,Gold
29,Hız-alan + Ritim,bahcivan,standart,103,3 seçim · boss ödülü yok,15,Düzenli Üretim - 2,1,12,Gold
29,Hız-alan + Ritim,bahcivan,standart,103,3 seçim · boss ödülü yok,15,Hasat Deneyimi I - 1,2,8,Gold
29,Hız-alan + Ritim,bahcivan,standart,103,3 seçim · boss ödülü yok,15,Keskin Başlangıç - 3,1,13,Gold
29,Hız-alan + Ritim,bahcivan,standart,103,3 seçim · boss ödülü yok,15,Altın Hasat I - 3,2,20,Gold
29,Hız-alan + Ritim,bahcivan,standart,103,3 seçim · boss ödülü yok,16,Geniş Süpürüş - 2,1,40,Gold
29,Hız-alan + Ritim,bahcivan,standart,103,3 seçim · boss ödülü yok,16,Keskin Başlangıç - 3,2,14,Gold
29,Hız-alan + Ritim,bahcivan,standart,103,3 seçim · boss ödülü yok,17,Demir Hasat - 1,1,25,Gold
29,Hız-alan + Ritim,bahcivan,standart,103,3 seçim · boss ödülü yok,17,Kesim Tekniği - 1,1,25,Gold
29,Hız-alan + Ritim,bahcivan,standart,103,3 seçim · boss ödülü yok,17,Hasat Deneyimi I - 1,3,10,Gold
29,Hız-alan + Ritim,bahcivan,standart,103,3 seçim · boss ödülü yok,17,Düzenli Üretim - 2,2,13,Gold
29,Hız-alan + Ritim,bahcivan,standart,103,3 seçim · boss ödülü yok,17,Tornado Kartları,1,30,Iron
29,Hız-alan + Ritim,bahcivan,standart,103,3 seçim · boss ödülü yok,18,Altın Hasat I - 4,1,22,Gold
29,Hız-alan + Ritim,bahcivan,standart,103,3 seçim · boss ödülü yok,18,Keskin Başlangıç - 4,1,16,Gold
29,Hız-alan + Ritim,bahcivan,standart,103,3 seçim · boss ödülü yok,18,Kesim Tekniği - 1,2,35,Gold
29,Hız-alan + Ritim,bahcivan,standart,103,3 seçim · boss ödülü yok,18,Hasat Deneyimi I - 2,1,12,Gold
29,Hız-alan + Ritim,bahcivan,standart,103,3 seçim · boss ödülü yok,18,Düzenli Üretim - 3,1,15,Gold
29,Hız-alan + Ritim,bahcivan,standart,103,3 seçim · boss ödülü yok,19,Altın Hasat I - 4,2,24,Gold
29,Hız-alan + Ritim,bahcivan,standart,103,3 seçim · boss ödülü yok,19,Keskin Başlangıç - 4,2,17,Gold
29,Hız-alan + Ritim,bahcivan,standart,103,3 seçim · boss ödülü yok,19,Demir Hasat - 1,2,35,Gold
29,Hız-alan + Ritim,bahcivan,standart,103,3 seçim · boss ödülü yok,19,Hasat Deneyimi I - 2,2,14,Gold
29,Hız-alan + Ritim,bahcivan,standart,103,3 seçim · boss ödülü yok,19,Düzenli Üretim - 3,2,17,Gold
29,Hız-alan + Ritim,bahcivan,standart,103,3 seçim · boss ödülü yok,20,Kesim Tekniği - 1,3,40,Gold
29,Hız-alan + Ritim,bahcivan,standart,103,3 seçim · boss ödülü yok,20,Hasat Deneyimi I - 3,1,16,Gold
29,Hız-alan + Ritim,bahcivan,standart,103,3 seçim · boss ödülü yok,21,Demir Hasat - 1,3,40,Gold
29,Hız-alan + Ritim,bahcivan,standart,103,3 seçim · boss ödülü yok,21,Düzenli Üretim - 4,1,19,Gold
29,Hız-alan + Ritim,bahcivan,standart,103,3 seçim · boss ödülü yok,21,Hasat Deneyimi I - 3,2,18,Gold
29,Hız-alan + Ritim,bahcivan,standart,103,3 seçim · boss ödülü yok,21,Düzenli Üretim - 4,2,21,Gold
29,Hız-alan + Ritim,bahcivan,standart,103,3 seçim · boss ödülü yok,21,Hasat Deneyimi I - 4,1,20,Gold
29,Hız-alan + Ritim,bahcivan,standart,103,3 seçim · boss ödülü yok,22,Taş Hasat - 1,1,35,Iron
29,Hız-alan + Ritim,bahcivan,standart,103,3 seçim · boss ödülü yok,22,Hasat Deneyimi I - 4,2,21,Gold
29,Hız-alan + Ritim,bahcivan,standart,103,3 seçim · boss ödülü yok,23,Akıcı Kesim - 1,1,160,Gold
29,Hız-alan + Ritim,bahcivan,standart,103,3 seçim · boss ödülü yok,24,Geniş Süpürüş - 2,2,45,Gold
29,Hız-alan + Ritim,bahcivan,standart,103,3 seçim · boss ödülü yok,24,Geniş Süpürüş - 3,1,55,Gold
29,Hız-alan + Ritim,bahcivan,standart,103,3 seçim · boss ödülü yok,25,Kesim Tekniği - 2,1,50,Gold
29,Hız-alan + Ritim,bahcivan,standart,103,3 seçim · boss ödülü yok,25,Demir Hasat - 2,1,50,Gold
29,Hız-alan + Ritim,bahcivan,standart,103,3 seçim · boss ödülü yok,28,Akıcı Kesim - 1,2,210,Gold
30,Hız-alan + Ritim,bahcivan,standart,104,3 seçim · boss ödülü yok,1,Hızlı Eller - 1,1,7,Gold
30,Hız-alan + Ritim,bahcivan,standart,104,3 seçim · boss ödülü yok,2,Hızlı Eller - 1,2,9,Gold
30,Hız-alan + Ritim,bahcivan,standart,104,3 seçim · boss ödülü yok,2,Hızlı Eller - 1,3,11,Gold
30,Hız-alan + Ritim,bahcivan,standart,104,3 seçim · boss ödülü yok,5,Altın Hasat I - 1,1,7,Gold
30,Hız-alan + Ritim,bahcivan,standart,104,3 seçim · boss ödülü yok,5,Hızlı Eller - 2,1,12,Gold
30,Hız-alan + Ritim,bahcivan,standart,104,3 seçim · boss ödülü yok,5,Düzenli Üretim - 1,1,6,Gold
30,Hız-alan + Ritim,bahcivan,standart,104,3 seçim · boss ödülü yok,5,Keskin Başlangıç - 1,1,5,Gold
30,Hız-alan + Ritim,bahcivan,standart,104,3 seçim · boss ödülü yok,5,Keskin Başlangıç - 1,2,7,Gold
30,Hız-alan + Ritim,bahcivan,standart,104,3 seçim · boss ödülü yok,5,Hasat Deneyimi I - 1,1,6,Gold
30,Hız-alan + Ritim,bahcivan,standart,104,3 seçim · boss ödülü yok,6,Grid Genişleme I,1,30,Gold
30,Hız-alan + Ritim,bahcivan,standart,104,3 seçim · boss ödülü yok,6,Altın Hasat I - 1,2,9,Gold
30,Hız-alan + Ritim,bahcivan,standart,104,3 seçim · boss ödülü yok,7,Hızlı Eller - 2,2,14,Gold
30,Hız-alan + Ritim,bahcivan,standart,104,3 seçim · boss ödülü yok,7,Altın Hasat I - 1,3,11,Gold
30,Hız-alan + Ritim,bahcivan,standart,104,3 seçim · boss ödülü yok,8,Hızlı Eller - 3,1,16,Gold
30,Hız-alan + Ritim,bahcivan,standart,104,3 seçim · boss ödülü yok,9,1×3 Saksı,1,30,Gold
30,Hız-alan + Ritim,bahcivan,standart,104,3 seçim · boss ödülü yok,9,Geniş Süpürüş - 1,1,21,Gold
30,Hız-alan + Ritim,bahcivan,standart,104,3 seçim · boss ödülü yok,10,Düzenli Üretim - 1,2,8,Gold
30,Hız-alan + Ritim,bahcivan,standart,104,3 seçim · boss ödülü yok,11,Altın Hasat I - 2,1,13,Gold
30,Hız-alan + Ritim,bahcivan,standart,104,3 seçim · boss ödülü yok,11,Grid Genişleme I,2,30,Iron
30,Hız-alan + Ritim,bahcivan,standart,104,3 seçim · boss ödülü yok,12,Hızlı Eller - 3,2,18,Gold
30,Hız-alan + Ritim,bahcivan,standart,104,3 seçim · boss ödülü yok,12,Keskin Başlangıç - 1,3,8,Gold
30,Hız-alan + Ritim,bahcivan,standart,104,3 seçim · boss ödülü yok,12,Geniş Süpürüş - 1,2,28,Gold
30,Hız-alan + Ritim,bahcivan,standart,104,3 seçim · boss ödülü yok,12,Keskin Başlangıç - 2,1,10,Gold
30,Hız-alan + Ritim,bahcivan,standart,104,3 seçim · boss ödülü yok,12,Altın Hasat I - 2,2,16,Gold
30,Hız-alan + Ritim,bahcivan,standart,104,3 seçim · boss ödülü yok,12,Tornado Kartları,1,30,Iron
30,Hız-alan + Ritim,bahcivan,standart,104,3 seçim · boss ödülü yok,13,Hızlı Eller - 4,1,20,Gold
30,Hız-alan + Ritim,bahcivan,standart,104,3 seçim · boss ödülü yok,13,Düzenli Üretim - 1,3,10,Gold
30,Hız-alan + Ritim,bahcivan,standart,104,3 seçim · boss ödülü yok,13,Hasat Deneyimi I - 1,2,8,Gold
30,Hız-alan + Ritim,bahcivan,standart,104,3 seçim · boss ödülü yok,14,Geniş Süpürüş - 1,3,35,Gold
30,Hız-alan + Ritim,bahcivan,standart,104,3 seçim · boss ödülü yok,14,Keskin Başlangıç - 2,2,11,Gold
30,Hız-alan + Ritim,bahcivan,standart,104,3 seçim · boss ödülü yok,14,Altın Hasat I - 3,1,18,Gold
30,Hız-alan + Ritim,bahcivan,standart,104,3 seçim · boss ödülü yok,14,Düzenli Üretim - 2,1,12,Gold
30,Hız-alan + Ritim,bahcivan,standart,104,3 seçim · boss ödülü yok,14,Keskin Başlangıç - 3,1,13,Gold
30,Hız-alan + Ritim,bahcivan,standart,104,3 seçim · boss ödülü yok,15,Altın Hasat I - 3,2,20,Gold
30,Hız-alan + Ritim,bahcivan,standart,104,3 seçim · boss ödülü yok,15,Keskin Başlangıç - 3,2,14,Gold
30,Hız-alan + Ritim,bahcivan,standart,104,3 seçim · boss ödülü yok,15,Hasat Deneyimi I - 1,3,10,Gold
30,Hız-alan + Ritim,bahcivan,standart,104,3 seçim · boss ödülü yok,15,Düzenli Üretim - 2,2,13,Gold
30,Hız-alan + Ritim,bahcivan,standart,104,3 seçim · boss ödülü yok,15,Hasat Deneyimi I - 2,1,12,Gold
30,Hız-alan + Ritim,bahcivan,standart,104,3 seçim · boss ödülü yok,16,Keskin Başlangıç - 4,1,16,Gold
30,Hız-alan + Ritim,bahcivan,standart,104,3 seçim · boss ödülü yok,16,Keskin Başlangıç - 4,2,17,Gold
30,Hız-alan + Ritim,bahcivan,standart,104,3 seçim · boss ödülü yok,16,Düzenli Üretim - 3,1,15,Gold
30,Hız-alan + Ritim,bahcivan,standart,104,3 seçim · boss ödülü yok,16,Hasat Deneyimi I - 2,2,14,Gold
30,Hız-alan + Ritim,bahcivan,standart,104,3 seçim · boss ödülü yok,16,Bumerang Orak Kartları,1,40,Iron
30,Hız-alan + Ritim,bahcivan,standart,104,3 seçim · boss ödülü yok,17,2×2 Saksı,1,80,Gold
30,Hız-alan + Ritim,bahcivan,standart,104,3 seçim · boss ödülü yok,17,Hızlı Eller - 4,2,22,Gold
30,Hız-alan + Ritim,bahcivan,standart,104,3 seçim · boss ödülü yok,18,Geniş Süpürüş - 2,1,40,Gold
30,Hız-alan + Ritim,bahcivan,standart,104,3 seçim · boss ödülü yok,18,Demir Hasat - 1,1,25,Gold
30,Hız-alan + Ritim,bahcivan,standart,104,3 seçim · boss ödülü yok,18,Kesim Tekniği - 1,1,25,Gold
30,Hız-alan + Ritim,bahcivan,standart,104,3 seçim · boss ödülü yok,18,Çifte Hasat Kartları,1,25,Iron
30,Hız-alan + Ritim,bahcivan,standart,104,3 seçim · boss ödülü yok,18,Altın Hasat I - 4,1,22,Gold
30,Hız-alan + Ritim,bahcivan,standart,104,3 seçim · boss ödülü yok,18,Düzenli Üretim - 3,2,17,Gold
30,Hız-alan + Ritim,bahcivan,standart,104,3 seçim · boss ödülü yok,19,Kesim Tekniği - 1,2,35,Gold
30,Hız-alan + Ritim,bahcivan,standart,104,3 seçim · boss ödülü yok,19,Altın Hasat I - 4,2,24,Gold
30,Hız-alan + Ritim,bahcivan,standart,104,3 seçim · boss ödülü yok,19,Demir Hasat - 1,2,35,Gold
30,Hız-alan + Ritim,bahcivan,standart,104,3 seçim · boss ödülü yok,19,Hasat Deneyimi I - 3,1,16,Gold
30,Hız-alan + Ritim,bahcivan,standart,104,3 seçim · boss ödülü yok,20,Kesim Tekniği - 1,3,40,Gold
30,Hız-alan + Ritim,bahcivan,standart,104,3 seçim · boss ödülü yok,20,Düzenli Üretim - 4,1,19,Gold
30,Hız-alan + Ritim,bahcivan,standart,104,3 seçim · boss ödülü yok,20,Hasat Deneyimi I - 3,2,18,Gold
30,Hız-alan + Ritim,bahcivan,standart,104,3 seçim · boss ödülü yok,21,Akıcı Kesim - 1,1,160,Gold
30,Hız-alan + Ritim,bahcivan,standart,104,3 seçim · boss ödülü yok,22,Geniş Süpürüş - 2,2,45,Gold
30,Hız-alan + Ritim,bahcivan,standart,104,3 seçim · boss ödülü yok,22,Geniş Süpürüş - 3,1,55,Gold
30,Hız-alan + Ritim,bahcivan,standart,104,3 seçim · boss ödülü yok,22,Düzenli Üretim - 4,2,21,Gold
30,Hız-alan + Ritim,bahcivan,standart,104,3 seçim · boss ödülü yok,23,Demir Hasat - 1,3,40,Gold
30,Hız-alan + Ritim,bahcivan,standart,104,3 seçim · boss ödülü yok,23,Kesim Tekniği - 2,1,50,Gold
30,Hız-alan + Ritim,bahcivan,standart,104,3 seçim · boss ödülü yok,23,Demir Hasat - 2,1,50,Gold
30,Hız-alan + Ritim,bahcivan,standart,104,3 seçim · boss ödülü yok,23,Hasat Deneyimi I - 4,1,20,Gold
30,Hız-alan + Ritim,bahcivan,standart,104,3 seçim · boss ödülü yok,24,Hasat Deneyimi I - 4,2,21,Gold
30,Hız-alan + Ritim,bahcivan,standart,104,3 seçim · boss ödülü yok,25,Akıcı Kesim - 1,2,210,Gold
30,Hız-alan + Ritim,bahcivan,standart,104,3 seçim · boss ödülü yok,26,Taş Hasat - 1,1,35,Iron
30,Hız-alan + Ritim,bahcivan,standart,104,3 seçim · boss ödülü yok,27,2×3 Saksı,1,200,Gold
30,Hız-alan + Ritim,bahcivan,standart,104,3 seçim · boss ödülü yok,27,Geniş Süpürüş - 3,2,60,Gold
30,Hız-alan + Ritim,bahcivan,standart,104,3 seçim · boss ödülü yok,28,Geniş Süpürüş - 4,1,65,Gold
30,Hız-alan + Ritim,bahcivan,standart,104,3 seçim · boss ödülü yok,28,Kesim Tekniği - 2,2,55,Gold
30,Hız-alan + Ritim,bahcivan,standart,104,3 seçim · boss ödülü yok,28,Taş Hasat - 1,2,45,Iron
30,Hız-alan + Ritim,bahcivan,standart,104,3 seçim · boss ödülü yok,29,Kesim Tekniği - 3,1,65,Gold
30,Hız-alan + Ritim,bahcivan,standart,104,3 seçim · boss ödülü yok,29,Demir Hasat - 2,2,55,Gold
30,Hız-alan + Ritim,bahcivan,standart,104,3 seçim · boss ödülü yok,30,Demir Hasat - 3,1,65,Gold
30,Hız-alan + Ritim,bahcivan,standart,104,3 seçim · boss ödülü yok,31,Akıcı Kesim - 1,3,260,Gold
30,Hız-alan + Ritim,bahcivan,standart,104,3 seçim · boss ödülü yok,32,Geniş Tarama - 1,1,160,Gold
30,Hız-alan + Ritim,bahcivan,standart,104,3 seçim · boss ödülü yok,32,Güçlü Kesim - 1,1,120,Gold
30,Hız-alan + Ritim,bahcivan,standart,104,3 seçim · boss ödülü yok,32,Taş Hasat - 1,3,55,Iron
30,Hız-alan + Ritim,bahcivan,standart,104,3 seçim · boss ödülü yok,34,Hasat Rekoru - 1,1,180,Gold
30,Hız-alan + Ritim,bahcivan,standart,104,3 seçim · boss ödülü yok,34,Geniş Süpürüş - 4,2,70,Gold
30,Hız-alan + Ritim,bahcivan,standart,104,3 seçim · boss ödülü yok,34,Verimli Üretim - 1,1,200,Iron
31,Patlama yolu,bahcivan,standart,100,1 seçim · boss ödülü yok,1,Keskin Başlangıç - 1,1,5,Gold
31,Patlama yolu,bahcivan,standart,100,1 seçim · boss ödülü yok,2,Keskin Başlangıç - 1,2,7,Gold
31,Patlama yolu,bahcivan,standart,100,1 seçim · boss ödülü yok,2,Altın Hasat I - 1,1,7,Gold
31,Patlama yolu,bahcivan,standart,100,1 seçim · boss ödülü yok,3,Düzenli Üretim - 1,1,6,Gold
31,Patlama yolu,bahcivan,standart,100,1 seçim · boss ödülü yok,3,Keskin Başlangıç - 1,3,8,Gold
31,Patlama yolu,bahcivan,standart,100,1 seçim · boss ödülü yok,3,Hızlı Eller - 1,1,7,Gold
31,Patlama yolu,bahcivan,standart,100,1 seçim · boss ödülü yok,3,Hasat Deneyimi I - 1,1,6,Gold
31,Patlama yolu,bahcivan,standart,100,1 seçim · boss ödülü yok,5,Grid Genişleme I,1,30,Gold
31,Patlama yolu,bahcivan,standart,100,1 seçim · boss ödülü yok,5,Altın Hasat I - 1,2,9,Gold
31,Patlama yolu,bahcivan,standart,100,1 seçim · boss ödülü yok,6,Keskin Başlangıç - 2,1,10,Gold
31,Patlama yolu,bahcivan,standart,100,1 seçim · boss ödülü yok,6,Düzenli Üretim - 1,2,8,Gold
31,Patlama yolu,bahcivan,standart,100,1 seçim · boss ödülü yok,6,Hızlı Eller - 1,2,9,Gold
31,Patlama yolu,bahcivan,standart,100,1 seçim · boss ödülü yok,7,Keskin Başlangıç - 2,2,11,Gold
31,Patlama yolu,bahcivan,standart,100,1 seçim · boss ödülü yok,7,Altın Hasat I - 1,3,11,Gold
31,Patlama yolu,bahcivan,standart,100,1 seçim · boss ödülü yok,8,1×3 Saksı,1,30,Gold
31,Patlama yolu,bahcivan,standart,100,1 seçim · boss ödülü yok,9,Keskin Başlangıç - 3,1,13,Gold
31,Patlama yolu,bahcivan,standart,100,1 seçim · boss ödülü yok,9,Düzenli Üretim - 1,3,10,Gold
31,Patlama yolu,bahcivan,standart,100,1 seçim · boss ödülü yok,10,Hızlı Eller - 1,3,11,Gold
31,Patlama yolu,bahcivan,standart,100,1 seçim · boss ödülü yok,10,Altın Hasat I - 2,1,13,Gold
31,Patlama yolu,bahcivan,standart,100,1 seçim · boss ödülü yok,11,Keskin Başlangıç - 3,2,14,Gold
31,Patlama yolu,bahcivan,standart,100,1 seçim · boss ödülü yok,11,Grid Genişleme I,2,30,Iron
31,Patlama yolu,bahcivan,standart,100,1 seçim · boss ödülü yok,12,Kesim Tekniği - 1,1,25,Gold
31,Patlama yolu,bahcivan,standart,100,1 seçim · boss ödülü yok,12,Hızlı Eller - 2,1,12,Gold
31,Patlama yolu,bahcivan,standart,100,1 seçim · boss ödülü yok,12,Altın Hasat I - 2,2,16,Gold
31,Patlama yolu,bahcivan,standart,100,1 seçim · boss ödülü yok,12,Düzenli Üretim - 2,1,12,Gold
31,Patlama yolu,bahcivan,standart,100,1 seçim · boss ödülü yok,13,Hasat Deneyimi I - 1,2,8,Gold
31,Patlama yolu,bahcivan,standart,100,1 seçim · boss ödülü yok,13,Keskin Başlangıç - 4,1,16,Gold
31,Patlama yolu,bahcivan,standart,100,1 seçim · boss ödülü yok,13,Hızlı Eller - 2,2,14,Gold
31,Patlama yolu,bahcivan,standart,100,1 seçim · boss ödülü yok,14,Kesim Tekniği - 1,2,35,Gold
31,Patlama yolu,bahcivan,standart,100,1 seçim · boss ödülü yok,14,Altın Hasat I - 3,1,18,Gold
31,Patlama yolu,bahcivan,standart,100,1 seçim · boss ödülü yok,14,Keskin Başlangıç - 4,2,17,Gold
31,Patlama yolu,bahcivan,standart,100,1 seçim · boss ödülü yok,14,Hasat Deneyimi I - 1,3,10,Gold
31,Patlama yolu,bahcivan,standart,100,1 seçim · boss ödülü yok,15,Düzenli Üretim - 2,2,13,Gold
31,Patlama yolu,bahcivan,standart,100,1 seçim · boss ödülü yok,15,Hızlı Eller - 3,1,16,Gold
31,Patlama yolu,bahcivan,standart,100,1 seçim · boss ödülü yok,15,Altın Hasat I - 3,2,20,Gold
31,Patlama yolu,bahcivan,standart,100,1 seçim · boss ödülü yok,15,Hasat Deneyimi I - 2,1,12,Gold
31,Patlama yolu,bahcivan,standart,100,1 seçim · boss ödülü yok,16,2×2 Saksı,1,80,Gold
31,Patlama yolu,bahcivan,standart,100,1 seçim · boss ödülü yok,16,Çifte Hasat Kartları,1,25,Iron
31,Patlama yolu,bahcivan,standart,100,1 seçim · boss ödülü yok,17,Kesim Tekniği - 1,3,40,Gold
31,Patlama yolu,bahcivan,standart,100,1 seçim · boss ödülü yok,17,Demir Hasat - 1,1,25,Gold
31,Patlama yolu,bahcivan,standart,100,1 seçim · boss ödülü yok,17,Hızlı Eller - 3,2,18,Gold
31,Patlama yolu,bahcivan,standart,100,1 seçim · boss ödülü yok,18,Düzenli Üretim - 3,1,15,Gold
31,Patlama yolu,bahcivan,standart,100,1 seçim · boss ödülü yok,18,Altın Hasat I - 4,1,22,Gold
31,Patlama yolu,bahcivan,standart,100,1 seçim · boss ödülü yok,18,Geniş Süpürüş - 1,1,21,Gold
31,Patlama yolu,bahcivan,standart,100,1 seçim · boss ödülü yok,19,Kesim Tekniği - 2,1,50,Gold
31,Patlama yolu,bahcivan,standart,100,1 seçim · boss ödülü yok,19,Hasat Deneyimi I - 2,2,14,Gold
31,Patlama yolu,bahcivan,standart,100,1 seçim · boss ödülü yok,19,Hızlı Eller - 4,1,20,Gold
31,Patlama yolu,bahcivan,standart,100,1 seçim · boss ödülü yok,19,Altın Hasat I - 4,2,24,Gold
31,Patlama yolu,bahcivan,standart,100,1 seçim · boss ödülü yok,20,Demir Hasat - 1,2,35,Gold
31,Patlama yolu,bahcivan,standart,100,1 seçim · boss ödülü yok,20,Düzenli Üretim - 3,2,17,Gold
31,Patlama yolu,bahcivan,standart,100,1 seçim · boss ödülü yok,21,Geniş Süpürüş - 1,2,28,Gold
31,Patlama yolu,bahcivan,standart,100,1 seçim · boss ödülü yok,21,Hızlı Eller - 4,2,22,Gold
31,Patlama yolu,bahcivan,standart,100,1 seçim · boss ödülü yok,21,Hasat Deneyimi I - 3,1,16,Gold
31,Patlama yolu,bahcivan,standart,100,1 seçim · boss ödülü yok,21,Düzenli Üretim - 4,1,19,Gold
31,Patlama yolu,bahcivan,standart,100,1 seçim · boss ödülü yok,22,Hasat Deneyimi I - 3,2,18,Gold
31,Patlama yolu,bahcivan,standart,100,1 seçim · boss ödülü yok,22,Düzenli Üretim - 4,2,21,Gold
31,Patlama yolu,bahcivan,standart,100,1 seçim · boss ödülü yok,22,Hasat Deneyimi I - 4,1,20,Gold
31,Patlama yolu,bahcivan,standart,100,1 seçim · boss ödülü yok,22,Hasat Deneyimi I - 4,2,21,Gold
31,Patlama yolu,bahcivan,standart,100,1 seçim · boss ödülü yok,24,Güçlü Kesim - 1,1,120,Gold
31,Patlama yolu,bahcivan,standart,100,1 seçim · boss ödülü yok,25,Kesim Tekniği - 2,2,55,Gold
31,Patlama yolu,bahcivan,standart,100,1 seçim · boss ödülü yok,25,Demir Hasat - 1,3,40,Gold
31,Patlama yolu,bahcivan,standart,100,1 seçim · boss ödülü yok,25,Geniş Süpürüş - 1,3,35,Gold
31,Patlama yolu,bahcivan,standart,100,1 seçim · boss ödülü yok,25,Taş Hasat - 1,1,35,Iron
31,Patlama yolu,bahcivan,standart,100,1 seçim · boss ödülü yok,26,Geniş Süpürüş - 2,1,40,Gold
31,Patlama yolu,bahcivan,standart,100,1 seçim · boss ödülü yok,26,Demir Hasat - 2,1,50,Gold
31,Patlama yolu,bahcivan,standart,100,1 seçim · boss ödülü yok,26,Taş Hasat - 1,2,45,Iron
31,Patlama yolu,bahcivan,standart,100,1 seçim · boss ödülü yok,27,Geniş Süpürüş - 2,2,45,Gold
31,Patlama yolu,bahcivan,standart,100,1 seçim · boss ödülü yok,28,2×3 Saksı,1,200,Gold
31,Patlama yolu,bahcivan,standart,100,1 seçim · boss ödülü yok,29,İlk Vazgeçiş,1,150,Gold
31,Patlama yolu,bahcivan,standart,100,1 seçim · boss ödülü yok,30,Kesim Tekniği - 3,1,65,Gold
31,Patlama yolu,bahcivan,standart,100,1 seçim · boss ödülü yok,30,Taş Hasat - 1,3,55,Iron
31,Patlama yolu,bahcivan,standart,100,1 seçim · boss ödülü yok,31,Hasat Rekoru - 1,1,180,Gold
31,Patlama yolu,bahcivan,standart,100,1 seçim · boss ödülü yok,33,Güçlü Kesim - 1,2,160,Gold
31,Patlama yolu,bahcivan,standart,100,1 seçim · boss ödülü yok,34,Akıcı Kesim - 1,1,160,Gold
32,Patlama yolu,bahcivan,standart,101,1 seçim · boss ödülü yok,1,Keskin Başlangıç - 1,1,5,Gold
32,Patlama yolu,bahcivan,standart,101,1 seçim · boss ödülü yok,2,Keskin Başlangıç - 1,2,7,Gold
32,Patlama yolu,bahcivan,standart,101,1 seçim · boss ödülü yok,2,Altın Hasat I - 1,1,7,Gold
32,Patlama yolu,bahcivan,standart,101,1 seçim · boss ödülü yok,3,Düzenli Üretim - 1,1,6,Gold
32,Patlama yolu,bahcivan,standart,101,1 seçim · boss ödülü yok,4,Keskin Başlangıç - 1,3,8,Gold
32,Patlama yolu,bahcivan,standart,101,1 seçim · boss ödülü yok,4,Grid Genişleme I,1,30,Gold
32,Patlama yolu,bahcivan,standart,101,1 seçim · boss ödülü yok,5,Hızlı Eller - 1,1,7,Gold
32,Patlama yolu,bahcivan,standart,101,1 seçim · boss ödülü yok,6,Altın Hasat I - 1,2,9,Gold
32,Patlama yolu,bahcivan,standart,101,1 seçim · boss ödülü yok,6,Keskin Başlangıç - 2,1,10,Gold
32,Patlama yolu,bahcivan,standart,101,1 seçim · boss ödülü yok,6,Düzenli Üretim - 1,2,8,Gold
32,Patlama yolu,bahcivan,standart,101,1 seçim · boss ödülü yok,7,Hızlı Eller - 1,2,9,Gold
32,Patlama yolu,bahcivan,standart,101,1 seçim · boss ödülü yok,7,Keskin Başlangıç - 2,2,11,Gold
32,Patlama yolu,bahcivan,standart,101,1 seçim · boss ödülü yok,8,Altın Hasat I - 1,3,11,Gold
32,Patlama yolu,bahcivan,standart,101,1 seçim · boss ödülü yok,8,Hasat Deneyimi I - 1,1,6,Gold
32,Patlama yolu,bahcivan,standart,101,1 seçim · boss ödülü yok,9,1×3 Saksı,1,30,Gold
32,Patlama yolu,bahcivan,standart,101,1 seçim · boss ödülü yok,9,Keskin Başlangıç - 3,1,13,Gold
32,Patlama yolu,bahcivan,standart,101,1 seçim · boss ödülü yok,9,Düzenli Üretim - 1,3,10,Gold
32,Patlama yolu,bahcivan,standart,101,1 seçim · boss ödülü yok,10,Hızlı Eller - 1,3,11,Gold
32,Patlama yolu,bahcivan,standart,101,1 seçim · boss ödülü yok,10,Altın Hasat I - 2,1,13,Gold
32,Patlama yolu,bahcivan,standart,101,1 seçim · boss ödülü yok,10,Keskin Başlangıç - 3,2,14,Gold
32,Patlama yolu,bahcivan,standart,101,1 seçim · boss ödülü yok,11,Kesim Tekniği - 1,1,25,Gold
32,Patlama yolu,bahcivan,standart,101,1 seçim · boss ödülü yok,11,Hızlı Eller - 2,1,12,Gold
32,Patlama yolu,bahcivan,standart,101,1 seçim · boss ödülü yok,11,Grid Genişleme I,2,30,Iron
32,Patlama yolu,bahcivan,standart,101,1 seçim · boss ödülü yok,12,Altın Hasat I - 2,2,16,Gold
32,Patlama yolu,bahcivan,standart,101,1 seçim · boss ödülü yok,12,Düzenli Üretim - 2,1,12,Gold
32,Patlama yolu,bahcivan,standart,101,1 seçim · boss ödülü yok,12,Hasat Deneyimi I - 1,2,8,Gold
32,Patlama yolu,bahcivan,standart,101,1 seçim · boss ödülü yok,13,Keskin Başlangıç - 4,1,16,Gold
32,Patlama yolu,bahcivan,standart,101,1 seçim · boss ödülü yok,13,Hızlı Eller - 2,2,14,Gold
32,Patlama yolu,bahcivan,standart,101,1 seçim · boss ödülü yok,13,Kesim Tekniği - 1,2,35,Gold
32,Patlama yolu,bahcivan,standart,101,1 seçim · boss ödülü yok,13,Altın Hasat I - 3,1,18,Gold
32,Patlama yolu,bahcivan,standart,101,1 seçim · boss ödülü yok,13,Hasat Deneyimi I - 1,3,10,Gold
32,Patlama yolu,bahcivan,standart,101,1 seçim · boss ödülü yok,14,2×2 Saksı,1,80,Gold
32,Patlama yolu,bahcivan,standart,101,1 seçim · boss ödülü yok,14,Çifte Hasat Kartları,1,25,Iron
32,Patlama yolu,bahcivan,standart,101,1 seçim · boss ödülü yok,15,Keskin Başlangıç - 4,2,17,Gold
32,Patlama yolu,bahcivan,standart,101,1 seçim · boss ödülü yok,15,Düzenli Üretim - 2,2,13,Gold
32,Patlama yolu,bahcivan,standart,101,1 seçim · boss ödülü yok,16,Hızlı Eller - 3,1,16,Gold
32,Patlama yolu,bahcivan,standart,101,1 seçim · boss ödülü yok,16,Altın Hasat I - 3,2,20,Gold
32,Patlama yolu,bahcivan,standart,101,1 seçim · boss ödülü yok,16,Kesim Tekniği - 1,3,40,Gold
32,Patlama yolu,bahcivan,standart,101,1 seçim · boss ödülü yok,16,Hasat Deneyimi I - 2,1,12,Gold
32,Patlama yolu,bahcivan,standart,101,1 seçim · boss ödülü yok,17,Demir Hasat - 1,1,25,Gold
32,Patlama yolu,bahcivan,standart,101,1 seçim · boss ödülü yok,17,Hızlı Eller - 3,2,18,Gold
32,Patlama yolu,bahcivan,standart,101,1 seçim · boss ödülü yok,17,Düzenli Üretim - 3,1,15,Gold
32,Patlama yolu,bahcivan,standart,101,1 seçim · boss ödülü yok,17,Altın Hasat I - 4,1,22,Gold
32,Patlama yolu,bahcivan,standart,101,1 seçim · boss ödülü yok,18,Geniş Süpürüş - 1,1,21,Gold
32,Patlama yolu,bahcivan,standart,101,1 seçim · boss ödülü yok,18,Kesim Tekniği - 2,1,50,Gold
32,Patlama yolu,bahcivan,standart,101,1 seçim · boss ödülü yok,18,Hasat Deneyimi I - 2,2,14,Gold
32,Patlama yolu,bahcivan,standart,101,1 seçim · boss ödülü yok,19,Hızlı Eller - 4,1,20,Gold
32,Patlama yolu,bahcivan,standart,101,1 seçim · boss ödülü yok,19,Altın Hasat I - 4,2,24,Gold
32,Patlama yolu,bahcivan,standart,101,1 seçim · boss ödülü yok,19,Demir Hasat - 1,2,35,Gold
32,Patlama yolu,bahcivan,standart,101,1 seçim · boss ödülü yok,19,Düzenli Üretim - 3,2,17,Gold
32,Patlama yolu,bahcivan,standart,101,1 seçim · boss ödülü yok,20,Geniş Süpürüş - 1,2,28,Gold
32,Patlama yolu,bahcivan,standart,101,1 seçim · boss ödülü yok,20,Hızlı Eller - 4,2,22,Gold
32,Patlama yolu,bahcivan,standart,101,1 seçim · boss ödülü yok,20,Hasat Deneyimi I - 3,1,16,Gold
32,Patlama yolu,bahcivan,standart,101,1 seçim · boss ödülü yok,21,Düzenli Üretim - 4,1,19,Gold
32,Patlama yolu,bahcivan,standart,101,1 seçim · boss ödülü yok,21,Hasat Deneyimi I - 3,2,18,Gold
32,Patlama yolu,bahcivan,standart,101,1 seçim · boss ödülü yok,21,Düzenli Üretim - 4,2,21,Gold
32,Patlama yolu,bahcivan,standart,101,1 seçim · boss ödülü yok,21,Hasat Deneyimi I - 4,1,20,Gold
32,Patlama yolu,bahcivan,standart,101,1 seçim · boss ödülü yok,21,Hasat Deneyimi I - 4,2,21,Gold
32,Patlama yolu,bahcivan,standart,101,1 seçim · boss ödülü yok,23,Güçlü Kesim - 1,1,120,Gold
32,Patlama yolu,bahcivan,standart,101,1 seçim · boss ödülü yok,23,Kesim Tekniği - 2,2,55,Gold
32,Patlama yolu,bahcivan,standart,101,1 seçim · boss ödülü yok,24,Demir Hasat - 1,3,40,Gold
32,Patlama yolu,bahcivan,standart,101,1 seçim · boss ödülü yok,24,Geniş Süpürüş - 1,3,35,Gold
32,Patlama yolu,bahcivan,standart,101,1 seçim · boss ödülü yok,24,Geniş Süpürüş - 2,1,40,Gold
32,Patlama yolu,bahcivan,standart,101,1 seçim · boss ödülü yok,25,Demir Hasat - 2,1,50,Gold
32,Patlama yolu,bahcivan,standart,101,1 seçim · boss ödülü yok,25,Taş Hasat - 1,1,35,Iron
32,Patlama yolu,bahcivan,standart,101,1 seçim · boss ödülü yok,26,Geniş Süpürüş - 2,2,45,Gold
32,Patlama yolu,bahcivan,standart,101,1 seçim · boss ödülü yok,27,2×3 Saksı,1,200,Gold
32,Patlama yolu,bahcivan,standart,101,1 seçim · boss ödülü yok,28,İlk Vazgeçiş,1,150,Gold
32,Patlama yolu,bahcivan,standart,101,1 seçim · boss ödülü yok,28,Kesim Tekniği - 3,1,65,Gold
32,Patlama yolu,bahcivan,standart,101,1 seçim · boss ödülü yok,29,Hasat Rekoru - 1,1,180,Gold
32,Patlama yolu,bahcivan,standart,101,1 seçim · boss ödülü yok,29,Taş Hasat - 1,2,45,Iron
32,Patlama yolu,bahcivan,standart,101,1 seçim · boss ödülü yok,30,Güçlü Kesim - 1,2,160,Gold
32,Patlama yolu,bahcivan,standart,101,1 seçim · boss ödülü yok,31,Akıcı Kesim - 1,1,160,Gold
32,Patlama yolu,bahcivan,standart,101,1 seçim · boss ödülü yok,31,Taş Hasat - 1,3,55,Iron
32,Patlama yolu,bahcivan,standart,101,1 seçim · boss ödülü yok,32,Kesim Tekniği - 3,2,70,Gold
32,Patlama yolu,bahcivan,standart,101,1 seçim · boss ödülü yok,33,Güçlü Kesim - 1,3,195,Gold
32,Patlama yolu,bahcivan,standart,101,1 seçim · boss ödülü yok,34,Akıcı Kesim - 1,2,210,Gold
32,Patlama yolu,bahcivan,standart,101,1 seçim · boss ödülü yok,34,Demir Hasat - 2,2,55,Gold
32,Patlama yolu,bahcivan,standart,101,1 seçim · boss ödülü yok,34,Geniş Süpürüş - 3,1,55,Gold
32,Patlama yolu,bahcivan,standart,101,1 seçim · boss ödülü yok,34,Verimli Üretim - 1,1,200,Iron
32,Patlama yolu,bahcivan,standart,101,1 seçim · boss ödülü yok,35,Geniş Süpürüş - 3,2,60,Gold
32,Patlama yolu,bahcivan,standart,101,1 seçim · boss ödülü yok,36,Hasat Rekoru - 1,2,240,Gold
32,Patlama yolu,bahcivan,standart,101,1 seçim · boss ödülü yok,36,Nadir Filizler - 1,1,230,Iron
32,Patlama yolu,bahcivan,standart,101,1 seçim · boss ödülü yok,37,Kesim Tekniği - 4,1,80,Gold
32,Patlama yolu,bahcivan,standart,101,1 seçim · boss ödülü yok,37,Taş Hasat - 2,1,65,Iron
32,Patlama yolu,bahcivan,standart,101,1 seçim · boss ödülü yok,39,Güçlü Kesim - 2,1,230,Gold
32,Patlama yolu,bahcivan,standart,101,1 seçim · boss ödülü yok,39,Grid Genişleme II,1,100,Stone
33,Patlama yolu,bahcivan,standart,102,1 seçim · boss ödülü yok,1,Keskin Başlangıç - 1,1,5,Gold
33,Patlama yolu,bahcivan,standart,102,1 seçim · boss ödülü yok,1,Keskin Başlangıç - 1,2,7,Gold
33,Patlama yolu,bahcivan,standart,102,1 seçim · boss ödülü yok,3,Altın Hasat I - 1,1,7,Gold
33,Patlama yolu,bahcivan,standart,102,1 seçim · boss ödülü yok,3,Düzenli Üretim - 1,1,6,Gold
33,Patlama yolu,bahcivan,standart,102,1 seçim · boss ödülü yok,4,Keskin Başlangıç - 1,3,8,Gold
33,Patlama yolu,bahcivan,standart,102,1 seçim · boss ödülü yok,4,Hızlı Eller - 1,1,7,Gold
33,Patlama yolu,bahcivan,standart,102,1 seçim · boss ödülü yok,4,Hasat Deneyimi I - 1,1,6,Gold
33,Patlama yolu,bahcivan,standart,102,1 seçim · boss ödülü yok,5,Grid Genişleme I,1,30,Gold
33,Patlama yolu,bahcivan,standart,102,1 seçim · boss ödülü yok,5,Altın Hasat I - 1,2,9,Gold
33,Patlama yolu,bahcivan,standart,102,1 seçim · boss ödülü yok,5,Keskin Başlangıç - 2,1,10,Gold
33,Patlama yolu,bahcivan,standart,102,1 seçim · boss ödülü yok,5,Düzenli Üretim - 1,2,8,Gold
33,Patlama yolu,bahcivan,standart,102,1 seçim · boss ödülü yok,5,Hızlı Eller - 1,2,9,Gold
33,Patlama yolu,bahcivan,standart,102,1 seçim · boss ödülü yok,5,Keskin Başlangıç - 2,2,11,Gold
33,Patlama yolu,bahcivan,standart,102,1 seçim · boss ödülü yok,7,Altın Hasat I - 1,3,11,Gold
33,Patlama yolu,bahcivan,standart,102,1 seçim · boss ödülü yok,8,1×3 Saksı,1,30,Gold
33,Patlama yolu,bahcivan,standart,102,1 seçim · boss ödülü yok,8,Keskin Başlangıç - 3,1,13,Gold
33,Patlama yolu,bahcivan,standart,102,1 seçim · boss ödülü yok,8,Düzenli Üretim - 1,3,10,Gold
33,Patlama yolu,bahcivan,standart,102,1 seçim · boss ödülü yok,9,Hızlı Eller - 1,3,11,Gold
33,Patlama yolu,bahcivan,standart,102,1 seçim · boss ödülü yok,9,Altın Hasat I - 2,1,13,Gold
33,Patlama yolu,bahcivan,standart,102,1 seçim · boss ödülü yok,9,Keskin Başlangıç - 3,2,14,Gold
33,Patlama yolu,bahcivan,standart,102,1 seçim · boss ödülü yok,10,Kesim Tekniği - 1,1,25,Gold
33,Patlama yolu,bahcivan,standart,102,1 seçim · boss ödülü yok,10,Hızlı Eller - 2,1,12,Gold
33,Patlama yolu,bahcivan,standart,102,1 seçim · boss ödülü yok,11,Altın Hasat I - 2,2,16,Gold
33,Patlama yolu,bahcivan,standart,102,1 seçim · boss ödülü yok,11,Düzenli Üretim - 2,1,12,Gold
33,Patlama yolu,bahcivan,standart,102,1 seçim · boss ödülü yok,11,Hasat Deneyimi I - 1,2,8,Gold
33,Patlama yolu,bahcivan,standart,102,1 seçim · boss ödülü yok,11,Grid Genişleme I,2,30,Iron
33,Patlama yolu,bahcivan,standart,102,1 seçim · boss ödülü yok,12,Keskin Başlangıç - 4,1,16,Gold
33,Patlama yolu,bahcivan,standart,102,1 seçim · boss ödülü yok,12,Hızlı Eller - 2,2,14,Gold
33,Patlama yolu,bahcivan,standart,102,1 seçim · boss ödülü yok,13,Kesim Tekniği - 1,2,35,Gold
33,Patlama yolu,bahcivan,standart,102,1 seçim · boss ödülü yok,13,Altın Hasat I - 3,1,18,Gold
33,Patlama yolu,bahcivan,standart,102,1 seçim · boss ödülü yok,13,Keskin Başlangıç - 4,2,17,Gold
33,Patlama yolu,bahcivan,standart,102,1 seçim · boss ödülü yok,13,Hasat Deneyimi I - 1,3,10,Gold
33,Patlama yolu,bahcivan,standart,102,1 seçim · boss ödülü yok,13,Düzenli Üretim - 2,2,13,Gold
33,Patlama yolu,bahcivan,standart,102,1 seçim · boss ödülü yok,13,Hızlı Eller - 3,1,16,Gold
33,Patlama yolu,bahcivan,standart,102,1 seçim · boss ödülü yok,14,2×2 Saksı,1,80,Gold
33,Patlama yolu,bahcivan,standart,102,1 seçim · boss ödülü yok,14,Altın Hasat I - 3,2,20,Gold
33,Patlama yolu,bahcivan,standart,102,1 seçim · boss ödülü yok,14,Çifte Hasat Kartları,1,25,Iron
33,Patlama yolu,bahcivan,standart,102,1 seçim · boss ödülü yok,15,Kesim Tekniği - 1,3,40,Gold
33,Patlama yolu,bahcivan,standart,102,1 seçim · boss ödülü yok,15,Hasat Deneyimi I - 2,1,12,Gold
33,Patlama yolu,bahcivan,standart,102,1 seçim · boss ödülü yok,15,Demir Hasat - 1,1,25,Gold
33,Patlama yolu,bahcivan,standart,102,1 seçim · boss ödülü yok,15,Hızlı Eller - 3,2,18,Gold
33,Patlama yolu,bahcivan,standart,102,1 seçim · boss ödülü yok,16,Düzenli Üretim - 3,1,15,Gold
33,Patlama yolu,bahcivan,standart,102,1 seçim · boss ödülü yok,16,Altın Hasat I - 4,1,22,Gold
33,Patlama yolu,bahcivan,standart,102,1 seçim · boss ödülü yok,16,Geniş Süpürüş - 1,1,21,Gold
33,Patlama yolu,bahcivan,standart,102,1 seçim · boss ödülü yok,17,Kesim Tekniği - 2,1,50,Gold
33,Patlama yolu,bahcivan,standart,102,1 seçim · boss ödülü yok,17,Hasat Deneyimi I - 2,2,14,Gold
33,Patlama yolu,bahcivan,standart,102,1 seçim · boss ödülü yok,17,Hızlı Eller - 4,1,20,Gold
33,Patlama yolu,bahcivan,standart,102,1 seçim · boss ödülü yok,17,Altın Hasat I - 4,2,24,Gold
33,Patlama yolu,bahcivan,standart,102,1 seçim · boss ödülü yok,17,Demir Hasat - 1,2,35,Gold
33,Patlama yolu,bahcivan,standart,102,1 seçim · boss ödülü yok,18,Düzenli Üretim - 3,2,17,Gold
33,Patlama yolu,bahcivan,standart,102,1 seçim · boss ödülü yok,18,Geniş Süpürüş - 1,2,28,Gold
33,Patlama yolu,bahcivan,standart,102,1 seçim · boss ödülü yok,18,Hızlı Eller - 4,2,22,Gold
33,Patlama yolu,bahcivan,standart,102,1 seçim · boss ödülü yok,19,Güçlü Kesim - 1,1,120,Gold
33,Patlama yolu,bahcivan,standart,102,1 seçim · boss ödülü yok,20,Kesim Tekniği - 2,2,55,Gold
33,Patlama yolu,bahcivan,standart,102,1 seçim · boss ödülü yok,20,Hasat Deneyimi I - 3,1,16,Gold
33,Patlama yolu,bahcivan,standart,102,1 seçim · boss ödülü yok,20,Düzenli Üretim - 4,1,19,Gold
33,Patlama yolu,bahcivan,standart,102,1 seçim · boss ödülü yok,20,Demir Hasat - 1,3,40,Gold
33,Patlama yolu,bahcivan,standart,102,1 seçim · boss ödülü yok,20,Geniş Süpürüş - 1,3,35,Gold
33,Patlama yolu,bahcivan,standart,102,1 seçim · boss ödülü yok,20,Taş Hasat - 1,1,35,Iron
33,Patlama yolu,bahcivan,standart,102,1 seçim · boss ödülü yok,21,Hasat Deneyimi I - 3,2,18,Gold
33,Patlama yolu,bahcivan,standart,102,1 seçim · boss ödülü yok,21,Düzenli Üretim - 4,2,21,Gold
33,Patlama yolu,bahcivan,standart,102,1 seçim · boss ödülü yok,21,Geniş Süpürüş - 2,1,40,Gold
33,Patlama yolu,bahcivan,standart,102,1 seçim · boss ödülü yok,21,Hasat Deneyimi I - 4,1,20,Gold
33,Patlama yolu,bahcivan,standart,102,1 seçim · boss ödülü yok,21,Demir Hasat - 2,1,50,Gold
33,Patlama yolu,bahcivan,standart,102,1 seçim · boss ödülü yok,21,Hasat Deneyimi I - 4,2,21,Gold
33,Patlama yolu,bahcivan,standart,102,1 seçim · boss ödülü yok,21,Taş Hasat - 1,2,45,Iron
33,Patlama yolu,bahcivan,standart,102,1 seçim · boss ödülü yok,22,Geniş Süpürüş - 2,2,45,Gold
33,Patlama yolu,bahcivan,standart,102,1 seçim · boss ödülü yok,23,2×3 Saksı,1,200,Gold
33,Patlama yolu,bahcivan,standart,102,1 seçim · boss ödülü yok,23,Taş Hasat - 1,3,55,Iron
33,Patlama yolu,bahcivan,standart,102,1 seçim · boss ödülü yok,24,İlk Vazgeçiş,1,150,Gold
33,Patlama yolu,bahcivan,standart,102,1 seçim · boss ödülü yok,24,Kesim Tekniği - 3,1,65,Gold
33,Patlama yolu,bahcivan,standart,102,1 seçim · boss ödülü yok,25,Hasat Rekoru - 1,1,180,Gold
33,Patlama yolu,bahcivan,standart,102,1 seçim · boss ödülü yok,26,Güçlü Kesim - 1,2,160,Gold
33,Patlama yolu,bahcivan,standart,102,1 seçim · boss ödülü yok,27,Akıcı Kesim - 1,1,160,Gold
33,Patlama yolu,bahcivan,standart,102,1 seçim · boss ödülü yok,27,Kesim Tekniği - 3,2,70,Gold
33,Patlama yolu,bahcivan,standart,102,1 seçim · boss ödülü yok,28,Güçlü Kesim - 1,3,195,Gold
33,Patlama yolu,bahcivan,standart,102,1 seçim · boss ödülü yok,28,Akıcı Kesim - 1,2,210,Gold
33,Patlama yolu,bahcivan,standart,102,1 seçim · boss ödülü yok,28,Verimli Üretim - 1,1,200,Iron
33,Patlama yolu,bahcivan,standart,102,1 seçim · boss ödülü yok,29,Hasat Rekoru - 1,2,240,Gold
33,Patlama yolu,bahcivan,standart,102,1 seçim · boss ödülü yok,30,Kesim Tekniği - 4,1,80,Gold
33,Patlama yolu,bahcivan,standart,102,1 seçim · boss ödülü yok,30,Demir Hasat - 2,2,55,Gold
33,Patlama yolu,bahcivan,standart,102,1 seçim · boss ödülü yok,30,Geniş Süpürüş - 3,1,55,Gold
33,Patlama yolu,bahcivan,standart,102,1 seçim · boss ödülü yok,31,Güçlü Kesim - 2,1,230,Gold
33,Patlama yolu,bahcivan,standart,102,1 seçim · boss ödülü yok,31,Altın Hasat II - 1,1,180,Gold
33,Patlama yolu,bahcivan,standart,102,1 seçim · boss ödülü yok,32,Kesim Tekniği - 4,2,85,Gold
33,Patlama yolu,bahcivan,standart,102,1 seçim · boss ödülü yok,32,Nadir Filizler - 1,1,230,Iron
33,Patlama yolu,bahcivan,standart,102,1 seçim · boss ödülü yok,32,Demir Hasat - 3,1,65,Gold
33,Patlama yolu,bahcivan,standart,102,1 seçim · boss ödülü yok,32,Geniş Süpürüş - 3,2,60,Gold
33,Patlama yolu,bahcivan,standart,102,1 seçim · boss ödülü yok,33,Geniş Süpürüş - 4,1,65,Gold
33,Patlama yolu,bahcivan,standart,102,1 seçim · boss ödülü yok,33,Taş Hasat - 2,1,65,Iron
33,Patlama yolu,bahcivan,standart,102,1 seçim · boss ödülü yok,34,Akıcı Kesim - 1,3,260,Gold
33,Patlama yolu,bahcivan,standart,102,1 seçim · boss ödülü yok,34,Demir Hasat - 3,2,70,Gold
33,Patlama yolu,bahcivan,standart,102,1 seçim · boss ödülü yok,35,Geniş Süpürüş - 4,2,70,Gold
33,Patlama yolu,bahcivan,standart,102,1 seçim · boss ödülü yok,35,Taş Hasat - 2,2,80,Iron
33,Patlama yolu,bahcivan,standart,102,1 seçim · boss ödülü yok,36,Hasat Rekoru - 1,3,290,Gold
33,Patlama yolu,bahcivan,standart,102,1 seçim · boss ödülü yok,36,Taş Hasat - 3,1,90,Iron
33,Patlama yolu,bahcivan,standart,102,1 seçim · boss ödülü yok,37,Grid Genişleme II,1,100,Stone
33,Patlama yolu,bahcivan,standart,102,1 seçim · boss ödülü yok,38,Güçlü Kesim - 2,2,270,Gold
33,Patlama yolu,bahcivan,standart,102,1 seçim · boss ödülü yok,39,Verimli Üretim - 1,2,260,Iron
33,Patlama yolu,bahcivan,standart,102,1 seçim · boss ödülü yok,40,Altın Hasat II - 1,2,240,Gold
33,Patlama yolu,bahcivan,standart,102,1 seçim · boss ödülü yok,41,Taş Hasat - 3,2,100,Iron
33,Patlama yolu,bahcivan,standart,102,1 seçim · boss ödülü yok,42,Zengin Cevher - 1,1,50,Stone
33,Patlama yolu,bahcivan,standart,102,1 seçim · boss ödülü yok,44,Akıcı Kesim - 2,1,310,Gold
33,Patlama yolu,bahcivan,standart,102,1 seçim · boss ödülü yok,44,Geniş Tarama - 1,1,160,Gold
33,Patlama yolu,bahcivan,standart,102,1 seçim · boss ödülü yok,44,Zengin Cevher - 1,2,65,Stone
33,Patlama yolu,bahcivan,standart,102,1 seçim · boss ödülü yok,44,Taş Hasat - 4,1,110,Iron
34,Patlama yolu,bahcivan,standart,103,1 seçim · boss ödülü yok,2,Keskin Başlangıç - 1,1,5,Gold
34,Patlama yolu,bahcivan,standart,103,1 seçim · boss ödülü yok,2,Keskin Başlangıç - 1,2,7,Gold
34,Patlama yolu,bahcivan,standart,103,1 seçim · boss ödülü yok,2,Altın Hasat I - 1,1,7,Gold
34,Patlama yolu,bahcivan,standart,103,1 seçim · boss ödülü yok,2,Düzenli Üretim - 1,1,6,Gold
34,Patlama yolu,bahcivan,standart,103,1 seçim · boss ödülü yok,3,Keskin Başlangıç - 1,3,8,Gold
34,Patlama yolu,bahcivan,standart,103,1 seçim · boss ödülü yok,3,Hızlı Eller - 1,1,7,Gold
34,Patlama yolu,bahcivan,standart,103,1 seçim · boss ödülü yok,5,Grid Genişleme I,1,30,Gold
34,Patlama yolu,bahcivan,standart,103,1 seçim · boss ödülü yok,6,Altın Hasat I - 1,2,9,Gold
34,Patlama yolu,bahcivan,standart,103,1 seçim · boss ödülü yok,6,Keskin Başlangıç - 2,1,10,Gold
34,Patlama yolu,bahcivan,standart,103,1 seçim · boss ödülü yok,6,Düzenli Üretim - 1,2,8,Gold
34,Patlama yolu,bahcivan,standart,103,1 seçim · boss ödülü yok,7,Hızlı Eller - 1,2,9,Gold
34,Patlama yolu,bahcivan,standart,103,1 seçim · boss ödülü yok,7,Keskin Başlangıç - 2,2,11,Gold
34,Patlama yolu,bahcivan,standart,103,1 seçim · boss ödülü yok,8,Altın Hasat I - 1,3,11,Gold
34,Patlama yolu,bahcivan,standart,103,1 seçim · boss ödülü yok,8,Hasat Deneyimi I - 1,1,6,Gold
34,Patlama yolu,bahcivan,standart,103,1 seçim · boss ödülü yok,9,1×3 Saksı,1,30,Gold
34,Patlama yolu,bahcivan,standart,103,1 seçim · boss ödülü yok,9,Keskin Başlangıç - 3,1,13,Gold
34,Patlama yolu,bahcivan,standart,103,1 seçim · boss ödülü yok,9,Düzenli Üretim - 1,3,10,Gold
35,Patlama yolu,bahcivan,standart,104,1 seçim · boss ödülü yok,1,Keskin Başlangıç - 1,1,5,Gold
35,Patlama yolu,bahcivan,standart,104,1 seçim · boss ödülü yok,2,Keskin Başlangıç - 1,2,7,Gold
35,Patlama yolu,bahcivan,standart,104,1 seçim · boss ödülü yok,3,Altın Hasat I - 1,1,7,Gold
35,Patlama yolu,bahcivan,standart,104,1 seçim · boss ödülü yok,3,Düzenli Üretim - 1,1,6,Gold
35,Patlama yolu,bahcivan,standart,104,1 seçim · boss ödülü yok,4,Keskin Başlangıç - 1,3,8,Gold
35,Patlama yolu,bahcivan,standart,104,1 seçim · boss ödülü yok,4,Hızlı Eller - 1,1,7,Gold
35,Patlama yolu,bahcivan,standart,104,1 seçim · boss ödülü yok,4,Hasat Deneyimi I - 1,1,6,Gold
35,Patlama yolu,bahcivan,standart,104,1 seçim · boss ödülü yok,5,Grid Genişleme I,1,30,Gold
35,Patlama yolu,bahcivan,standart,104,1 seçim · boss ödülü yok,6,Altın Hasat I - 1,2,9,Gold
35,Patlama yolu,bahcivan,standart,104,1 seçim · boss ödülü yok,6,Keskin Başlangıç - 2,1,10,Gold
35,Patlama yolu,bahcivan,standart,104,1 seçim · boss ödülü yok,6,Düzenli Üretim - 1,2,8,Gold
35,Patlama yolu,bahcivan,standart,104,1 seçim · boss ödülü yok,7,Hızlı Eller - 1,2,9,Gold
35,Patlama yolu,bahcivan,standart,104,1 seçim · boss ödülü yok,7,Keskin Başlangıç - 2,2,11,Gold
35,Patlama yolu,bahcivan,standart,104,1 seçim · boss ödülü yok,7,Altın Hasat I - 1,3,11,Gold
35,Patlama yolu,bahcivan,standart,104,1 seçim · boss ödülü yok,8,1×3 Saksı,1,30,Gold
35,Patlama yolu,bahcivan,standart,104,1 seçim · boss ödülü yok,8,Keskin Başlangıç - 3,1,13,Gold
35,Patlama yolu,bahcivan,standart,104,1 seçim · boss ödülü yok,9,Düzenli Üretim - 1,3,10,Gold
35,Patlama yolu,bahcivan,standart,104,1 seçim · boss ödülü yok,9,Hızlı Eller - 1,3,11,Gold
35,Patlama yolu,bahcivan,standart,104,1 seçim · boss ödülü yok,9,Altın Hasat I - 2,1,13,Gold
35,Patlama yolu,bahcivan,standart,104,1 seçim · boss ödülü yok,11,Keskin Başlangıç - 3,2,14,Gold
35,Patlama yolu,bahcivan,standart,104,1 seçim · boss ödülü yok,11,Kesim Tekniği - 1,1,25,Gold
35,Patlama yolu,bahcivan,standart,104,1 seçim · boss ödülü yok,11,Hızlı Eller - 2,1,12,Gold
35,Patlama yolu,bahcivan,standart,104,1 seçim · boss ödülü yok,11,Grid Genişleme I,2,30,Iron
35,Patlama yolu,bahcivan,standart,104,1 seçim · boss ödülü yok,12,Altın Hasat I - 2,2,16,Gold
35,Patlama yolu,bahcivan,standart,104,1 seçim · boss ödülü yok,12,Düzenli Üretim - 2,1,12,Gold
35,Patlama yolu,bahcivan,standart,104,1 seçim · boss ödülü yok,12,Hasat Deneyimi I - 1,2,8,Gold
35,Patlama yolu,bahcivan,standart,104,1 seçim · boss ödülü yok,12,Keskin Başlangıç - 4,1,16,Gold
35,Patlama yolu,bahcivan,standart,104,1 seçim · boss ödülü yok,12,Hızlı Eller - 2,2,14,Gold
35,Patlama yolu,bahcivan,standart,104,1 seçim · boss ödülü yok,13,Kesim Tekniği - 1,2,35,Gold
35,Patlama yolu,bahcivan,standart,104,1 seçim · boss ödülü yok,13,Altın Hasat I - 3,1,18,Gold
35,Patlama yolu,bahcivan,standart,104,1 seçim · boss ödülü yok,13,Keskin Başlangıç - 4,2,17,Gold
35,Patlama yolu,bahcivan,standart,104,1 seçim · boss ödülü yok,13,Hasat Deneyimi I - 1,3,10,Gold
35,Patlama yolu,bahcivan,standart,104,1 seçim · boss ödülü yok,14,Düzenli Üretim - 2,2,13,Gold
35,Patlama yolu,bahcivan,standart,104,1 seçim · boss ödülü yok,14,Hızlı Eller - 3,1,16,Gold
35,Patlama yolu,bahcivan,standart,104,1 seçim · boss ödülü yok,14,Altın Hasat I - 3,2,20,Gold
35,Patlama yolu,bahcivan,standart,104,1 seçim · boss ödülü yok,14,Hasat Deneyimi I - 2,1,12,Gold
35,Patlama yolu,bahcivan,standart,104,1 seçim · boss ödülü yok,15,2×2 Saksı,1,80,Gold
35,Patlama yolu,bahcivan,standart,104,1 seçim · boss ödülü yok,16,Kesim Tekniği - 1,3,40,Gold
35,Patlama yolu,bahcivan,standart,104,1 seçim · boss ödülü yok,16,Demir Hasat - 1,1,25,Gold
35,Patlama yolu,bahcivan,standart,104,1 seçim · boss ödülü yok,16,Çifte Hasat Kartları,1,25,Iron
35,Patlama yolu,bahcivan,standart,104,1 seçim · boss ödülü yok,16,Hızlı Eller - 3,2,18,Gold
35,Patlama yolu,bahcivan,standart,104,1 seçim · boss ödülü yok,17,Düzenli Üretim - 3,1,15,Gold
35,Patlama yolu,bahcivan,standart,104,1 seçim · boss ödülü yok,17,Altın Hasat I - 4,1,22,Gold
35,Patlama yolu,bahcivan,standart,104,1 seçim · boss ödülü yok,17,Geniş Süpürüş - 1,1,21,Gold
35,Patlama yolu,bahcivan,standart,104,1 seçim · boss ödülü yok,18,Kesim Tekniği - 2,1,50,Gold
35,Patlama yolu,bahcivan,standart,104,1 seçim · boss ödülü yok,18,Hasat Deneyimi I - 2,2,14,Gold
35,Patlama yolu,bahcivan,standart,104,1 seçim · boss ödülü yok,18,Hızlı Eller - 4,1,20,Gold
35,Patlama yolu,bahcivan,standart,104,1 seçim · boss ödülü yok,19,Altın Hasat I - 4,2,24,Gold
35,Patlama yolu,bahcivan,standart,104,1 seçim · boss ödülü yok,19,Demir Hasat - 1,2,35,Gold
35,Patlama yolu,bahcivan,standart,104,1 seçim · boss ödülü yok,19,Düzenli Üretim - 3,2,17,Gold
35,Patlama yolu,bahcivan,standart,104,1 seçim · boss ödülü yok,20,Geniş Süpürüş - 1,2,28,Gold
35,Patlama yolu,bahcivan,standart,104,1 seçim · boss ödülü yok,20,Hızlı Eller - 4,2,22,Gold
35,Patlama yolu,bahcivan,standart,104,1 seçim · boss ödülü yok,20,Hasat Deneyimi I - 3,1,16,Gold
35,Patlama yolu,bahcivan,standart,104,1 seçim · boss ödülü yok,21,Düzenli Üretim - 4,1,19,Gold
35,Patlama yolu,bahcivan,standart,104,1 seçim · boss ödülü yok,21,Hasat Deneyimi I - 3,2,18,Gold
35,Patlama yolu,bahcivan,standart,104,1 seçim · boss ödülü yok,21,Düzenli Üretim - 4,2,21,Gold
35,Patlama yolu,bahcivan,standart,104,1 seçim · boss ödülü yok,21,Hasat Deneyimi I - 4,1,20,Gold
35,Patlama yolu,bahcivan,standart,104,1 seçim · boss ödülü yok,22,Hasat Deneyimi I - 4,2,21,Gold
35,Patlama yolu,bahcivan,standart,104,1 seçim · boss ödülü yok,23,Güçlü Kesim - 1,1,120,Gold
35,Patlama yolu,bahcivan,standart,104,1 seçim · boss ödülü yok,24,Kesim Tekniği - 2,2,55,Gold
35,Patlama yolu,bahcivan,standart,104,1 seçim · boss ödülü yok,24,Demir Hasat - 1,3,40,Gold
35,Patlama yolu,bahcivan,standart,104,1 seçim · boss ödülü yok,24,Taş Hasat - 1,1,35,Iron
36,Elektrik yolu,bahcivan,standart,100,1 seçim · boss ödülü yok,1,Keskin Başlangıç - 1,1,5,Gold
36,Elektrik yolu,bahcivan,standart,100,1 seçim · boss ödülü yok,2,Keskin Başlangıç - 1,2,7,Gold
36,Elektrik yolu,bahcivan,standart,100,1 seçim · boss ödülü yok,2,Altın Hasat I - 1,1,7,Gold
36,Elektrik yolu,bahcivan,standart,100,1 seçim · boss ödülü yok,3,Düzenli Üretim - 1,1,6,Gold
36,Elektrik yolu,bahcivan,standart,100,1 seçim · boss ödülü yok,3,Keskin Başlangıç - 1,3,8,Gold
36,Elektrik yolu,bahcivan,standart,100,1 seçim · boss ödülü yok,3,Hızlı Eller - 1,1,7,Gold
36,Elektrik yolu,bahcivan,standart,100,1 seçim · boss ödülü yok,3,Hasat Deneyimi I - 1,1,6,Gold
36,Elektrik yolu,bahcivan,standart,100,1 seçim · boss ödülü yok,5,Grid Genişleme I,1,30,Gold
36,Elektrik yolu,bahcivan,standart,100,1 seçim · boss ödülü yok,5,Altın Hasat I - 1,2,9,Gold
36,Elektrik yolu,bahcivan,standart,100,1 seçim · boss ödülü yok,6,Keskin Başlangıç - 2,1,10,Gold
36,Elektrik yolu,bahcivan,standart,100,1 seçim · boss ödülü yok,6,Düzenli Üretim - 1,2,8,Gold
36,Elektrik yolu,bahcivan,standart,100,1 seçim · boss ödülü yok,6,Hızlı Eller - 1,2,9,Gold
36,Elektrik yolu,bahcivan,standart,100,1 seçim · boss ödülü yok,7,Keskin Başlangıç - 2,2,11,Gold
36,Elektrik yolu,bahcivan,standart,100,1 seçim · boss ödülü yok,7,Altın Hasat I - 1,3,11,Gold
36,Elektrik yolu,bahcivan,standart,100,1 seçim · boss ödülü yok,9,1×3 Saksı,1,30,Gold
36,Elektrik yolu,bahcivan,standart,100,1 seçim · boss ödülü yok,9,Keskin Başlangıç - 3,1,13,Gold
36,Elektrik yolu,bahcivan,standart,100,1 seçim · boss ödülü yok,10,Düzenli Üretim - 1,3,10,Gold
36,Elektrik yolu,bahcivan,standart,100,1 seçim · boss ödülü yok,11,Hızlı Eller - 1,3,11,Gold
36,Elektrik yolu,bahcivan,standart,100,1 seçim · boss ödülü yok,11,Altın Hasat I - 2,1,13,Gold
36,Elektrik yolu,bahcivan,standart,100,1 seçim · boss ödülü yok,11,Keskin Başlangıç - 3,2,14,Gold
36,Elektrik yolu,bahcivan,standart,100,1 seçim · boss ödülü yok,11,Grid Genişleme I,2,30,Iron
36,Elektrik yolu,bahcivan,standart,100,1 seçim · boss ödülü yok,12,Kesim Tekniği - 1,1,25,Gold
36,Elektrik yolu,bahcivan,standart,100,1 seçim · boss ödülü yok,12,Hızlı Eller - 2,1,12,Gold
36,Elektrik yolu,bahcivan,standart,100,1 seçim · boss ödülü yok,12,Altın Hasat I - 2,2,16,Gold
36,Elektrik yolu,bahcivan,standart,100,1 seçim · boss ödülü yok,13,Düzenli Üretim - 2,1,12,Gold
36,Elektrik yolu,bahcivan,standart,100,1 seçim · boss ödülü yok,13,Hasat Deneyimi I - 1,2,8,Gold
36,Elektrik yolu,bahcivan,standart,100,1 seçim · boss ödülü yok,13,Keskin Başlangıç - 4,1,16,Gold
36,Elektrik yolu,bahcivan,standart,100,1 seçim · boss ödülü yok,13,Hızlı Eller - 2,2,14,Gold
36,Elektrik yolu,bahcivan,standart,100,1 seçim · boss ödülü yok,14,Kesim Tekniği - 1,2,35,Gold
36,Elektrik yolu,bahcivan,standart,100,1 seçim · boss ödülü yok,14,Altın Hasat I - 3,1,18,Gold
36,Elektrik yolu,bahcivan,standart,100,1 seçim · boss ödülü yok,14,Keskin Başlangıç - 4,2,17,Gold
36,Elektrik yolu,bahcivan,standart,100,1 seçim · boss ödülü yok,14,Hasat Deneyimi I - 1,3,10,Gold
36,Elektrik yolu,bahcivan,standart,100,1 seçim · boss ödülü yok,14,Düzenli Üretim - 2,2,13,Gold
36,Elektrik yolu,bahcivan,standart,100,1 seçim · boss ödülü yok,15,Hızlı Eller - 3,1,16,Gold
36,Elektrik yolu,bahcivan,standart,100,1 seçim · boss ödülü yok,15,Altın Hasat I - 3,2,20,Gold
36,Elektrik yolu,bahcivan,standart,100,1 seçim · boss ödülü yok,15,Hasat Deneyimi I - 2,1,12,Gold
36,Elektrik yolu,bahcivan,standart,100,1 seçim · boss ödülü yok,15,Hızlı Eller - 3,2,18,Gold
36,Elektrik yolu,bahcivan,standart,100,1 seçim · boss ödülü yok,16,2×2 Saksı,1,80,Gold
36,Elektrik yolu,bahcivan,standart,100,1 seçim · boss ödülü yok,16,Çifte Hasat Kartları,1,25,Iron
36,Elektrik yolu,bahcivan,standart,100,1 seçim · boss ödülü yok,17,Kesim Tekniği - 1,3,40,Gold
36,Elektrik yolu,bahcivan,standart,100,1 seçim · boss ödülü yok,17,Demir Hasat - 1,1,25,Gold
36,Elektrik yolu,bahcivan,standart,100,1 seçim · boss ödülü yok,17,Düzenli Üretim - 3,1,15,Gold
36,Elektrik yolu,bahcivan,standart,100,1 seçim · boss ödülü yok,18,Altın Hasat I - 4,1,22,Gold
36,Elektrik yolu,bahcivan,standart,100,1 seçim · boss ödülü yok,18,Geniş Süpürüş - 1,1,21,Gold
36,Elektrik yolu,bahcivan,standart,100,1 seçim · boss ödülü yok,19,Kesim Tekniği - 2,1,50,Gold
36,Elektrik yolu,bahcivan,standart,100,1 seçim · boss ödülü yok,19,Hasat Deneyimi I - 2,2,14,Gold
36,Elektrik yolu,bahcivan,standart,100,1 seçim · boss ödülü yok,19,Hızlı Eller - 4,1,20,Gold
36,Elektrik yolu,bahcivan,standart,100,1 seçim · boss ödülü yok,20,Altın Hasat I - 4,2,24,Gold
36,Elektrik yolu,bahcivan,standart,100,1 seçim · boss ödülü yok,20,Demir Hasat - 1,2,35,Gold
36,Elektrik yolu,bahcivan,standart,100,1 seçim · boss ödülü yok,21,Düzenli Üretim - 3,2,17,Gold
36,Elektrik yolu,bahcivan,standart,100,1 seçim · boss ödülü yok,21,Geniş Süpürüş - 1,2,28,Gold
36,Elektrik yolu,bahcivan,standart,100,1 seçim · boss ödülü yok,21,Hızlı Eller - 4,2,22,Gold
36,Elektrik yolu,bahcivan,standart,100,1 seçim · boss ödülü yok,21,Hasat Deneyimi I - 3,1,16,Gold
36,Elektrik yolu,bahcivan,standart,100,1 seçim · boss ödülü yok,22,Düzenli Üretim - 4,1,19,Gold
36,Elektrik yolu,bahcivan,standart,100,1 seçim · boss ödülü yok,22,Hasat Deneyimi I - 3,2,18,Gold
36,Elektrik yolu,bahcivan,standart,100,1 seçim · boss ödülü yok,22,Düzenli Üretim - 4,2,21,Gold
36,Elektrik yolu,bahcivan,standart,100,1 seçim · boss ödülü yok,22,Hasat Deneyimi I - 4,1,20,Gold
36,Elektrik yolu,bahcivan,standart,100,1 seçim · boss ödülü yok,23,Hasat Deneyimi I - 4,2,21,Gold
36,Elektrik yolu,bahcivan,standart,100,1 seçim · boss ödülü yok,24,Güçlü Kesim - 1,1,120,Gold
36,Elektrik yolu,bahcivan,standart,100,1 seçim · boss ödülü yok,25,Kesim Tekniği - 2,2,55,Gold
36,Elektrik yolu,bahcivan,standart,100,1 seçim · boss ödülü yok,25,Demir Hasat - 1,3,40,Gold
36,Elektrik yolu,bahcivan,standart,100,1 seçim · boss ödülü yok,25,Taş Hasat - 1,1,35,Iron
36,Elektrik yolu,bahcivan,standart,100,1 seçim · boss ödülü yok,26,Geniş Süpürüş - 1,3,35,Gold
36,Elektrik yolu,bahcivan,standart,100,1 seçim · boss ödülü yok,26,Geniş Süpürüş - 2,1,40,Gold
36,Elektrik yolu,bahcivan,standart,100,1 seçim · boss ödülü yok,27,Demir Hasat - 2,1,50,Gold
36,Elektrik yolu,bahcivan,standart,100,1 seçim · boss ödülü yok,27,Geniş Süpürüş - 2,2,45,Gold
36,Elektrik yolu,bahcivan,standart,100,1 seçim · boss ödülü yok,27,Taş Hasat - 1,2,45,Iron
36,Elektrik yolu,bahcivan,standart,100,1 seçim · boss ödülü yok,29,2×3 Saksı,1,200,Gold
36,Elektrik yolu,bahcivan,standart,100,1 seçim · boss ödülü yok,30,İlk Vazgeçiş,1,150,Gold
36,Elektrik yolu,bahcivan,standart,100,1 seçim · boss ödülü yok,30,Kesim Tekniği - 3,1,65,Gold
36,Elektrik yolu,bahcivan,standart,100,1 seçim · boss ödülü yok,32,Hasat Rekoru - 1,1,180,Gold
36,Elektrik yolu,bahcivan,standart,100,1 seçim · boss ödülü yok,33,Güçlü Kesim - 1,2,160,Gold
36,Elektrik yolu,bahcivan,standart,100,1 seçim · boss ödülü yok,33,Taş Hasat - 1,3,55,Iron
36,Elektrik yolu,bahcivan,standart,100,1 seçim · boss ödülü yok,34,Akıcı Kesim - 1,1,160,Gold
37,Elektrik yolu,bahcivan,standart,101,1 seçim · boss ödülü yok,1,Keskin Başlangıç - 1,1,5,Gold
37,Elektrik yolu,bahcivan,standart,101,1 seçim · boss ödülü yok,2,Keskin Başlangıç - 1,2,7,Gold
37,Elektrik yolu,bahcivan,standart,101,1 seçim · boss ödülü yok,2,Altın Hasat I - 1,1,7,Gold
37,Elektrik yolu,bahcivan,standart,101,1 seçim · boss ödülü yok,3,Düzenli Üretim - 1,1,6,Gold
37,Elektrik yolu,bahcivan,standart,101,1 seçim · boss ödülü yok,4,Keskin Başlangıç - 1,3,8,Gold
37,Elektrik yolu,bahcivan,standart,101,1 seçim · boss ödülü yok,4,Grid Genişleme I,1,30,Gold
37,Elektrik yolu,bahcivan,standart,101,1 seçim · boss ödülü yok,5,Hızlı Eller - 1,1,7,Gold
37,Elektrik yolu,bahcivan,standart,101,1 seçim · boss ödülü yok,6,Altın Hasat I - 1,2,9,Gold
37,Elektrik yolu,bahcivan,standart,101,1 seçim · boss ödülü yok,6,Keskin Başlangıç - 2,1,10,Gold
37,Elektrik yolu,bahcivan,standart,101,1 seçim · boss ödülü yok,7,Düzenli Üretim - 1,2,8,Gold
37,Elektrik yolu,bahcivan,standart,101,1 seçim · boss ödülü yok,7,Hızlı Eller - 1,2,9,Gold
37,Elektrik yolu,bahcivan,standart,101,1 seçim · boss ödülü yok,8,Keskin Başlangıç - 2,2,11,Gold
37,Elektrik yolu,bahcivan,standart,101,1 seçim · boss ödülü yok,8,Altın Hasat I - 1,3,11,Gold
37,Elektrik yolu,bahcivan,standart,101,1 seçim · boss ödülü yok,8,Hasat Deneyimi I - 1,1,6,Gold
37,Elektrik yolu,bahcivan,standart,101,1 seçim · boss ödülü yok,9,1×3 Saksı,1,30,Gold
37,Elektrik yolu,bahcivan,standart,101,1 seçim · boss ödülü yok,9,Keskin Başlangıç - 3,1,13,Gold
37,Elektrik yolu,bahcivan,standart,101,1 seçim · boss ödülü yok,10,Düzenli Üretim - 1,3,10,Gold
37,Elektrik yolu,bahcivan,standart,101,1 seçim · boss ödülü yok,10,Hızlı Eller - 1,3,11,Gold
37,Elektrik yolu,bahcivan,standart,101,1 seçim · boss ödülü yok,10,Altın Hasat I - 2,1,13,Gold
37,Elektrik yolu,bahcivan,standart,101,1 seçim · boss ödülü yok,11,Keskin Başlangıç - 3,2,14,Gold
37,Elektrik yolu,bahcivan,standart,101,1 seçim · boss ödülü yok,11,Kesim Tekniği - 1,1,25,Gold
37,Elektrik yolu,bahcivan,standart,101,1 seçim · boss ödülü yok,11,Grid Genişleme I,2,30,Iron
37,Elektrik yolu,bahcivan,standart,101,1 seçim · boss ödülü yok,12,Hızlı Eller - 2,1,12,Gold
37,Elektrik yolu,bahcivan,standart,101,1 seçim · boss ödülü yok,12,Altın Hasat I - 2,2,16,Gold
37,Elektrik yolu,bahcivan,standart,101,1 seçim · boss ödülü yok,12,Düzenli Üretim - 2,1,12,Gold
37,Elektrik yolu,bahcivan,standart,101,1 seçim · boss ödülü yok,12,Hasat Deneyimi I - 1,2,8,Gold
37,Elektrik yolu,bahcivan,standart,101,1 seçim · boss ödülü yok,13,Keskin Başlangıç - 4,1,16,Gold
37,Elektrik yolu,bahcivan,standart,101,1 seçim · boss ödülü yok,13,Hızlı Eller - 2,2,14,Gold
37,Elektrik yolu,bahcivan,standart,101,1 seçim · boss ödülü yok,13,Kesim Tekniği - 1,2,35,Gold
37,Elektrik yolu,bahcivan,standart,101,1 seçim · boss ödülü yok,13,Altın Hasat I - 3,1,18,Gold
37,Elektrik yolu,bahcivan,standart,101,1 seçim · boss ödülü yok,14,Keskin Başlangıç - 4,2,17,Gold
37,Elektrik yolu,bahcivan,standart,101,1 seçim · boss ödülü yok,14,Hasat Deneyimi I - 1,3,10,Gold
37,Elektrik yolu,bahcivan,standart,101,1 seçim · boss ödülü yok,14,Düzenli Üretim - 2,2,13,Gold
37,Elektrik yolu,bahcivan,standart,101,1 seçim · boss ödülü yok,14,Hızlı Eller - 3,1,16,Gold
37,Elektrik yolu,bahcivan,standart,101,1 seçim · boss ödülü yok,14,Hasat Deneyimi I - 2,1,12,Gold
37,Elektrik yolu,bahcivan,standart,101,1 seçim · boss ödülü yok,15,Altın Hasat I - 3,2,20,Gold
37,Elektrik yolu,bahcivan,standart,101,1 seçim · boss ödülü yok,15,Hızlı Eller - 3,2,18,Gold
37,Elektrik yolu,bahcivan,standart,101,1 seçim · boss ödülü yok,16,2×2 Saksı,1,80,Gold
37,Elektrik yolu,bahcivan,standart,101,1 seçim · boss ödülü yok,16,Çifte Hasat Kartları,1,25,Iron
37,Elektrik yolu,bahcivan,standart,101,1 seçim · boss ödülü yok,17,Kesim Tekniği - 1,3,40,Gold
37,Elektrik yolu,bahcivan,standart,101,1 seçim · boss ödülü yok,17,Demir Hasat - 1,1,25,Gold
37,Elektrik yolu,bahcivan,standart,101,1 seçim · boss ödülü yok,18,Düzenli Üretim - 3,1,15,Gold
37,Elektrik yolu,bahcivan,standart,101,1 seçim · boss ödülü yok,18,Altın Hasat I - 4,1,22,Gold
37,Elektrik yolu,bahcivan,standart,101,1 seçim · boss ödülü yok,18,Geniş Süpürüş - 1,1,21,Gold
37,Elektrik yolu,bahcivan,standart,101,1 seçim · boss ödülü yok,19,Kesim Tekniği - 2,1,50,Gold
37,Elektrik yolu,bahcivan,standart,101,1 seçim · boss ödülü yok,19,Hasat Deneyimi I - 2,2,14,Gold
37,Elektrik yolu,bahcivan,standart,101,1 seçim · boss ödülü yok,19,Hızlı Eller - 4,1,20,Gold
37,Elektrik yolu,bahcivan,standart,101,1 seçim · boss ödülü yok,20,Altın Hasat I - 4,2,24,Gold
37,Elektrik yolu,bahcivan,standart,101,1 seçim · boss ödülü yok,20,Demir Hasat - 1,2,35,Gold
37,Elektrik yolu,bahcivan,standart,101,1 seçim · boss ödülü yok,20,Düzenli Üretim - 3,2,17,Gold
37,Elektrik yolu,bahcivan,standart,101,1 seçim · boss ödülü yok,21,Geniş Süpürüş - 1,2,28,Gold
37,Elektrik yolu,bahcivan,standart,101,1 seçim · boss ödülü yok,21,Hızlı Eller - 4,2,22,Gold
37,Elektrik yolu,bahcivan,standart,101,1 seçim · boss ödülü yok,21,Hasat Deneyimi I - 3,1,16,Gold
37,Elektrik yolu,bahcivan,standart,101,1 seçim · boss ödülü yok,21,Düzenli Üretim - 4,1,19,Gold
37,Elektrik yolu,bahcivan,standart,101,1 seçim · boss ödülü yok,22,Hasat Deneyimi I - 3,2,18,Gold
37,Elektrik yolu,bahcivan,standart,101,1 seçim · boss ödülü yok,22,Düzenli Üretim - 4,2,21,Gold
37,Elektrik yolu,bahcivan,standart,101,1 seçim · boss ödülü yok,22,Hasat Deneyimi I - 4,1,20,Gold
37,Elektrik yolu,bahcivan,standart,101,1 seçim · boss ödülü yok,22,Hasat Deneyimi I - 4,2,21,Gold
37,Elektrik yolu,bahcivan,standart,101,1 seçim · boss ödülü yok,24,Güçlü Kesim - 1,1,120,Gold
37,Elektrik yolu,bahcivan,standart,101,1 seçim · boss ödülü yok,25,Kesim Tekniği - 2,2,55,Gold
37,Elektrik yolu,bahcivan,standart,101,1 seçim · boss ödülü yok,25,Demir Hasat - 1,3,40,Gold
37,Elektrik yolu,bahcivan,standart,101,1 seçim · boss ödülü yok,25,Taş Hasat - 1,1,35,Iron
37,Elektrik yolu,bahcivan,standart,101,1 seçim · boss ödülü yok,26,Geniş Süpürüş - 1,3,35,Gold
37,Elektrik yolu,bahcivan,standart,101,1 seçim · boss ödülü yok,26,Geniş Süpürüş - 2,1,40,Gold
37,Elektrik yolu,bahcivan,standart,101,1 seçim · boss ödülü yok,27,Demir Hasat - 2,1,50,Gold
37,Elektrik yolu,bahcivan,standart,101,1 seçim · boss ödülü yok,27,Geniş Süpürüş - 2,2,45,Gold
37,Elektrik yolu,bahcivan,standart,101,1 seçim · boss ödülü yok,29,2×3 Saksı,1,200,Gold
38,Elektrik yolu,bahcivan,standart,102,1 seçim · boss ödülü yok,1,Keskin Başlangıç - 1,1,5,Gold
38,Elektrik yolu,bahcivan,standart,102,1 seçim · boss ödülü yok,1,Keskin Başlangıç - 1,2,7,Gold
38,Elektrik yolu,bahcivan,standart,102,1 seçim · boss ödülü yok,3,Altın Hasat I - 1,1,7,Gold
38,Elektrik yolu,bahcivan,standart,102,1 seçim · boss ödülü yok,3,Düzenli Üretim - 1,1,6,Gold
38,Elektrik yolu,bahcivan,standart,102,1 seçim · boss ödülü yok,4,Keskin Başlangıç - 1,3,8,Gold
38,Elektrik yolu,bahcivan,standart,102,1 seçim · boss ödülü yok,4,Hızlı Eller - 1,1,7,Gold
38,Elektrik yolu,bahcivan,standart,102,1 seçim · boss ödülü yok,4,Hasat Deneyimi I - 1,1,6,Gold
38,Elektrik yolu,bahcivan,standart,102,1 seçim · boss ödülü yok,5,Grid Genişleme I,1,30,Gold
38,Elektrik yolu,bahcivan,standart,102,1 seçim · boss ödülü yok,5,Altın Hasat I - 1,2,9,Gold
38,Elektrik yolu,bahcivan,standart,102,1 seçim · boss ödülü yok,5,Keskin Başlangıç - 2,1,10,Gold
38,Elektrik yolu,bahcivan,standart,102,1 seçim · boss ödülü yok,5,Düzenli Üretim - 1,2,8,Gold
38,Elektrik yolu,bahcivan,standart,102,1 seçim · boss ödülü yok,5,Hızlı Eller - 1,2,9,Gold
38,Elektrik yolu,bahcivan,standart,102,1 seçim · boss ödülü yok,6,Keskin Başlangıç - 2,2,11,Gold
38,Elektrik yolu,bahcivan,standart,102,1 seçim · boss ödülü yok,6,Altın Hasat I - 1,3,11,Gold
38,Elektrik yolu,bahcivan,standart,102,1 seçim · boss ödülü yok,7,1×3 Saksı,1,30,Gold
38,Elektrik yolu,bahcivan,standart,102,1 seçim · boss ödülü yok,7,Keskin Başlangıç - 3,1,13,Gold
38,Elektrik yolu,bahcivan,standart,102,1 seçim · boss ödülü yok,8,Düzenli Üretim - 1,3,10,Gold
38,Elektrik yolu,bahcivan,standart,102,1 seçim · boss ödülü yok,8,Hızlı Eller - 1,3,11,Gold
38,Elektrik yolu,bahcivan,standart,102,1 seçim · boss ödülü yok,8,Altın Hasat I - 2,1,13,Gold
38,Elektrik yolu,bahcivan,standart,102,1 seçim · boss ödülü yok,9,Keskin Başlangıç - 3,2,14,Gold
38,Elektrik yolu,bahcivan,standart,102,1 seçim · boss ödülü yok,9,Kesim Tekniği - 1,1,25,Gold
38,Elektrik yolu,bahcivan,standart,102,1 seçim · boss ödülü yok,11,Hızlı Eller - 2,1,12,Gold
38,Elektrik yolu,bahcivan,standart,102,1 seçim · boss ödülü yok,11,Altın Hasat I - 2,2,16,Gold
38,Elektrik yolu,bahcivan,standart,102,1 seçim · boss ödülü yok,11,Düzenli Üretim - 2,1,12,Gold
38,Elektrik yolu,bahcivan,standart,102,1 seçim · boss ödülü yok,11,Hasat Deneyimi I - 1,2,8,Gold
38,Elektrik yolu,bahcivan,standart,102,1 seçim · boss ödülü yok,11,Keskin Başlangıç - 4,1,16,Gold
38,Elektrik yolu,bahcivan,standart,102,1 seçim · boss ödülü yok,11,Grid Genişleme I,2,30,Iron
38,Elektrik yolu,bahcivan,standart,102,1 seçim · boss ödülü yok,12,Hızlı Eller - 2,2,14,Gold
38,Elektrik yolu,bahcivan,standart,102,1 seçim · boss ödülü yok,12,Kesim Tekniği - 1,2,35,Gold
38,Elektrik yolu,bahcivan,standart,102,1 seçim · boss ödülü yok,12,Altın Hasat I - 3,1,18,Gold
38,Elektrik yolu,bahcivan,standart,102,1 seçim · boss ödülü yok,12,Keskin Başlangıç - 4,2,17,Gold
38,Elektrik yolu,bahcivan,standart,102,1 seçim · boss ödülü yok,12,Hasat Deneyimi I - 1,3,10,Gold
38,Elektrik yolu,bahcivan,standart,102,1 seçim · boss ödülü yok,13,Düzenli Üretim - 2,2,13,Gold
38,Elektrik yolu,bahcivan,standart,102,1 seçim · boss ödülü yok,13,Hızlı Eller - 3,1,16,Gold
38,Elektrik yolu,bahcivan,standart,102,1 seçim · boss ödülü yok,13,Altın Hasat I - 3,2,20,Gold
38,Elektrik yolu,bahcivan,standart,102,1 seçim · boss ödülü yok,13,Hasat Deneyimi I - 2,1,12,Gold
38,Elektrik yolu,bahcivan,standart,102,1 seçim · boss ödülü yok,13,Hızlı Eller - 3,2,18,Gold
38,Elektrik yolu,bahcivan,standart,102,1 seçim · boss ödülü yok,14,2×2 Saksı,1,80,Gold
38,Elektrik yolu,bahcivan,standart,102,1 seçim · boss ödülü yok,14,Çifte Hasat Kartları,1,25,Iron
38,Elektrik yolu,bahcivan,standart,102,1 seçim · boss ödülü yok,15,Kesim Tekniği - 1,3,40,Gold
38,Elektrik yolu,bahcivan,standart,102,1 seçim · boss ödülü yok,15,Demir Hasat - 1,1,25,Gold
38,Elektrik yolu,bahcivan,standart,102,1 seçim · boss ödülü yok,15,Düzenli Üretim - 3,1,15,Gold
38,Elektrik yolu,bahcivan,standart,102,1 seçim · boss ödülü yok,15,Altın Hasat I - 4,1,22,Gold
38,Elektrik yolu,bahcivan,standart,102,1 seçim · boss ödülü yok,16,Geniş Süpürüş - 1,1,21,Gold
38,Elektrik yolu,bahcivan,standart,102,1 seçim · boss ödülü yok,16,Kesim Tekniği - 2,1,50,Gold
38,Elektrik yolu,bahcivan,standart,102,1 seçim · boss ödülü yok,17,Hasat Deneyimi I - 2,2,14,Gold
38,Elektrik yolu,bahcivan,standart,102,1 seçim · boss ödülü yok,17,Hızlı Eller - 4,1,20,Gold
38,Elektrik yolu,bahcivan,standart,102,1 seçim · boss ödülü yok,17,Altın Hasat I - 4,2,24,Gold
38,Elektrik yolu,bahcivan,standart,102,1 seçim · boss ödülü yok,17,Demir Hasat - 1,2,35,Gold
38,Elektrik yolu,bahcivan,standart,102,1 seçim · boss ödülü yok,17,Düzenli Üretim - 3,2,17,Gold
38,Elektrik yolu,bahcivan,standart,102,1 seçim · boss ödülü yok,18,Geniş Süpürüş - 1,2,28,Gold
38,Elektrik yolu,bahcivan,standart,102,1 seçim · boss ödülü yok,18,Hızlı Eller - 4,2,22,Gold
38,Elektrik yolu,bahcivan,standart,102,1 seçim · boss ödülü yok,18,Hasat Deneyimi I - 3,1,16,Gold
38,Elektrik yolu,bahcivan,standart,102,1 seçim · boss ödülü yok,18,Düzenli Üretim - 4,1,19,Gold
38,Elektrik yolu,bahcivan,standart,102,1 seçim · boss ödülü yok,19,Hasat Deneyimi I - 3,2,18,Gold
38,Elektrik yolu,bahcivan,standart,102,1 seçim · boss ödülü yok,19,Düzenli Üretim - 4,2,21,Gold
38,Elektrik yolu,bahcivan,standart,102,1 seçim · boss ödülü yok,19,Hasat Deneyimi I - 4,1,20,Gold
38,Elektrik yolu,bahcivan,standart,102,1 seçim · boss ödülü yok,19,Hasat Deneyimi I - 4,2,21,Gold
38,Elektrik yolu,bahcivan,standart,102,1 seçim · boss ödülü yok,20,Güçlü Kesim - 1,1,120,Gold
38,Elektrik yolu,bahcivan,standart,102,1 seçim · boss ödülü yok,21,Kesim Tekniği - 2,2,55,Gold
38,Elektrik yolu,bahcivan,standart,102,1 seçim · boss ödülü yok,21,Geniş Süpürüş - 1,3,35,Gold
38,Elektrik yolu,bahcivan,standart,102,1 seçim · boss ödülü yok,22,Demir Hasat - 1,3,40,Gold
38,Elektrik yolu,bahcivan,standart,102,1 seçim · boss ödülü yok,22,Geniş Süpürüş - 2,1,40,Gold
38,Elektrik yolu,bahcivan,standart,102,1 seçim · boss ödülü yok,22,Demir Hasat - 2,1,50,Gold
38,Elektrik yolu,bahcivan,standart,102,1 seçim · boss ödülü yok,22,Taş Hasat - 1,1,35,Iron
38,Elektrik yolu,bahcivan,standart,102,1 seçim · boss ödülü yok,23,Geniş Süpürüş - 2,2,45,Gold
38,Elektrik yolu,bahcivan,standart,102,1 seçim · boss ödülü yok,24,2×3 Saksı,1,200,Gold
38,Elektrik yolu,bahcivan,standart,102,1 seçim · boss ödülü yok,24,Taş Hasat - 1,2,45,Iron
38,Elektrik yolu,bahcivan,standart,102,1 seçim · boss ödülü yok,25,İlk Vazgeçiş,1,150,Gold
38,Elektrik yolu,bahcivan,standart,102,1 seçim · boss ödülü yok,26,Kesim Tekniği - 3,1,65,Gold
38,Elektrik yolu,bahcivan,standart,102,1 seçim · boss ödülü yok,27,Hasat Rekoru - 1,1,180,Gold
38,Elektrik yolu,bahcivan,standart,102,1 seçim · boss ödülü yok,27,Güçlü Kesim - 1,2,160,Gold
38,Elektrik yolu,bahcivan,standart,102,1 seçim · boss ödülü yok,28,Akıcı Kesim - 1,1,160,Gold
38,Elektrik yolu,bahcivan,standart,102,1 seçim · boss ödülü yok,28,Kesim Tekniği - 3,2,70,Gold
38,Elektrik yolu,bahcivan,standart,102,1 seçim · boss ödülü yok,30,Güçlü Kesim - 1,3,195,Gold
38,Elektrik yolu,bahcivan,standart,102,1 seçim · boss ödülü yok,30,Taş Hasat - 1,3,55,Iron
38,Elektrik yolu,bahcivan,standart,102,1 seçim · boss ödülü yok,31,Akıcı Kesim - 1,2,210,Gold
38,Elektrik yolu,bahcivan,standart,102,1 seçim · boss ödülü yok,31,Demir Hasat - 2,2,55,Gold
38,Elektrik yolu,bahcivan,standart,102,1 seçim · boss ödülü yok,32,Geniş Süpürüş - 3,1,55,Gold
38,Elektrik yolu,bahcivan,standart,102,1 seçim · boss ödülü yok,32,Geniş Süpürüş - 3,2,60,Gold
38,Elektrik yolu,bahcivan,standart,102,1 seçim · boss ödülü yok,32,Taş Hasat - 2,1,65,Iron
38,Elektrik yolu,bahcivan,standart,102,1 seçim · boss ödülü yok,33,Hasat Rekoru - 1,2,240,Gold
38,Elektrik yolu,bahcivan,standart,102,1 seçim · boss ödülü yok,34,Kesim Tekniği - 4,1,80,Gold
39,Elektrik yolu,bahcivan,standart,103,1 seçim · boss ödülü yok,2,Keskin Başlangıç - 1,1,5,Gold
39,Elektrik yolu,bahcivan,standart,103,1 seçim · boss ödülü yok,2,Keskin Başlangıç - 1,2,7,Gold
39,Elektrik yolu,bahcivan,standart,103,1 seçim · boss ödülü yok,2,Altın Hasat I - 1,1,7,Gold
39,Elektrik yolu,bahcivan,standart,103,1 seçim · boss ödülü yok,2,Düzenli Üretim - 1,1,6,Gold
39,Elektrik yolu,bahcivan,standart,103,1 seçim · boss ödülü yok,3,Keskin Başlangıç - 1,3,8,Gold
39,Elektrik yolu,bahcivan,standart,103,1 seçim · boss ödülü yok,3,Hızlı Eller - 1,1,7,Gold
39,Elektrik yolu,bahcivan,standart,103,1 seçim · boss ödülü yok,5,Hasat Deneyimi I - 1,1,6,Gold
39,Elektrik yolu,bahcivan,standart,103,1 seçim · boss ödülü yok,6,Grid Genişleme I,1,30,Gold
39,Elektrik yolu,bahcivan,standart,103,1 seçim · boss ödülü yok,6,Altın Hasat I - 1,2,9,Gold
39,Elektrik yolu,bahcivan,standart,103,1 seçim · boss ödülü yok,6,Keskin Başlangıç - 2,1,10,Gold
39,Elektrik yolu,bahcivan,standart,103,1 seçim · boss ödülü yok,6,Düzenli Üretim - 1,2,8,Gold
39,Elektrik yolu,bahcivan,standart,103,1 seçim · boss ödülü yok,7,Hızlı Eller - 1,2,9,Gold
39,Elektrik yolu,bahcivan,standart,103,1 seçim · boss ödülü yok,7,Keskin Başlangıç - 2,2,11,Gold
39,Elektrik yolu,bahcivan,standart,103,1 seçim · boss ödülü yok,7,Altın Hasat I - 1,3,11,Gold
39,Elektrik yolu,bahcivan,standart,103,1 seçim · boss ödülü yok,8,1×3 Saksı,1,30,Gold
39,Elektrik yolu,bahcivan,standart,103,1 seçim · boss ödülü yok,9,Keskin Başlangıç - 3,1,13,Gold
39,Elektrik yolu,bahcivan,standart,103,1 seçim · boss ödülü yok,9,Düzenli Üretim - 1,3,10,Gold
39,Elektrik yolu,bahcivan,standart,103,1 seçim · boss ödülü yok,9,Hızlı Eller - 1,3,11,Gold
39,Elektrik yolu,bahcivan,standart,103,1 seçim · boss ödülü yok,10,Altın Hasat I - 2,1,13,Gold
39,Elektrik yolu,bahcivan,standart,103,1 seçim · boss ödülü yok,10,Keskin Başlangıç - 3,2,14,Gold
39,Elektrik yolu,bahcivan,standart,103,1 seçim · boss ödülü yok,11,Kesim Tekniği - 1,1,25,Gold
39,Elektrik yolu,bahcivan,standart,103,1 seçim · boss ödülü yok,11,Hızlı Eller - 2,1,12,Gold
39,Elektrik yolu,bahcivan,standart,103,1 seçim · boss ödülü yok,11,Grid Genişleme I,2,30,Iron
39,Elektrik yolu,bahcivan,standart,103,1 seçim · boss ödülü yok,12,Altın Hasat I - 2,2,16,Gold
39,Elektrik yolu,bahcivan,standart,103,1 seçim · boss ödülü yok,12,Düzenli Üretim - 2,1,12,Gold
39,Elektrik yolu,bahcivan,standart,103,1 seçim · boss ödülü yok,12,Hasat Deneyimi I - 1,2,8,Gold
39,Elektrik yolu,bahcivan,standart,103,1 seçim · boss ödülü yok,12,Keskin Başlangıç - 4,1,16,Gold
39,Elektrik yolu,bahcivan,standart,103,1 seçim · boss ödülü yok,13,Hızlı Eller - 2,2,14,Gold
39,Elektrik yolu,bahcivan,standart,103,1 seçim · boss ödülü yok,13,Kesim Tekniği - 1,2,35,Gold
39,Elektrik yolu,bahcivan,standart,103,1 seçim · boss ödülü yok,13,Altın Hasat I - 3,1,18,Gold
39,Elektrik yolu,bahcivan,standart,103,1 seçim · boss ödülü yok,13,Keskin Başlangıç - 4,2,17,Gold
39,Elektrik yolu,bahcivan,standart,103,1 seçim · boss ödülü yok,14,Hasat Deneyimi I - 1,3,10,Gold
39,Elektrik yolu,bahcivan,standart,103,1 seçim · boss ödülü yok,14,Düzenli Üretim - 2,2,13,Gold
39,Elektrik yolu,bahcivan,standart,103,1 seçim · boss ödülü yok,14,Hızlı Eller - 3,1,16,Gold
39,Elektrik yolu,bahcivan,standart,103,1 seçim · boss ödülü yok,14,Altın Hasat I - 3,2,20,Gold
39,Elektrik yolu,bahcivan,standart,103,1 seçim · boss ödülü yok,14,Hasat Deneyimi I - 2,1,12,Gold
39,Elektrik yolu,bahcivan,standart,103,1 seçim · boss ödülü yok,15,2×2 Saksı,1,80,Gold
39,Elektrik yolu,bahcivan,standart,103,1 seçim · boss ödülü yok,15,Çifte Hasat Kartları,1,25,Iron
39,Elektrik yolu,bahcivan,standart,103,1 seçim · boss ödülü yok,16,Kesim Tekniği - 1,3,40,Gold
39,Elektrik yolu,bahcivan,standart,103,1 seçim · boss ödülü yok,16,Demir Hasat - 1,1,25,Gold
39,Elektrik yolu,bahcivan,standart,103,1 seçim · boss ödülü yok,16,Hızlı Eller - 3,2,18,Gold
39,Elektrik yolu,bahcivan,standart,103,1 seçim · boss ödülü yok,16,Düzenli Üretim - 3,1,15,Gold
39,Elektrik yolu,bahcivan,standart,103,1 seçim · boss ödülü yok,17,Altın Hasat I - 4,1,22,Gold
39,Elektrik yolu,bahcivan,standart,103,1 seçim · boss ödülü yok,17,Geniş Süpürüş - 1,1,21,Gold
39,Elektrik yolu,bahcivan,standart,103,1 seçim · boss ödülü yok,18,Kesim Tekniği - 2,1,50,Gold
39,Elektrik yolu,bahcivan,standart,103,1 seçim · boss ödülü yok,18,Hasat Deneyimi I - 2,2,14,Gold
39,Elektrik yolu,bahcivan,standart,103,1 seçim · boss ödülü yok,18,Hızlı Eller - 4,1,20,Gold
39,Elektrik yolu,bahcivan,standart,103,1 seçim · boss ödülü yok,19,Altın Hasat I - 4,2,24,Gold
39,Elektrik yolu,bahcivan,standart,103,1 seçim · boss ödülü yok,19,Demir Hasat - 1,2,35,Gold
39,Elektrik yolu,bahcivan,standart,103,1 seçim · boss ödülü yok,19,Düzenli Üretim - 3,2,17,Gold
39,Elektrik yolu,bahcivan,standart,103,1 seçim · boss ödülü yok,20,Geniş Süpürüş - 1,2,28,Gold
39,Elektrik yolu,bahcivan,standart,103,1 seçim · boss ödülü yok,20,Hasat Deneyimi I - 3,1,16,Gold
39,Elektrik yolu,bahcivan,standart,103,1 seçim · boss ödülü yok,21,Hızlı Eller - 4,2,22,Gold
39,Elektrik yolu,bahcivan,standart,103,1 seçim · boss ödülü yok,21,Düzenli Üretim - 4,1,19,Gold
39,Elektrik yolu,bahcivan,standart,103,1 seçim · boss ödülü yok,21,Hasat Deneyimi I - 3,2,18,Gold
39,Elektrik yolu,bahcivan,standart,103,1 seçim · boss ödülü yok,21,Düzenli Üretim - 4,2,21,Gold
39,Elektrik yolu,bahcivan,standart,103,1 seçim · boss ödülü yok,22,Hasat Deneyimi I - 4,1,20,Gold
39,Elektrik yolu,bahcivan,standart,103,1 seçim · boss ödülü yok,22,Hasat Deneyimi I - 4,2,21,Gold
39,Elektrik yolu,bahcivan,standart,103,1 seçim · boss ödülü yok,23,Güçlü Kesim - 1,1,120,Gold
39,Elektrik yolu,bahcivan,standart,103,1 seçim · boss ödülü yok,24,Kesim Tekniği - 2,2,55,Gold
39,Elektrik yolu,bahcivan,standart,103,1 seçim · boss ödülü yok,24,Demir Hasat - 1,3,40,Gold
39,Elektrik yolu,bahcivan,standart,103,1 seçim · boss ödülü yok,24,Geniş Süpürüş - 1,3,35,Gold
39,Elektrik yolu,bahcivan,standart,103,1 seçim · boss ödülü yok,24,Taş Hasat - 1,1,35,Iron
39,Elektrik yolu,bahcivan,standart,103,1 seçim · boss ödülü yok,25,Geniş Süpürüş - 2,1,40,Gold
39,Elektrik yolu,bahcivan,standart,103,1 seçim · boss ödülü yok,25,Demir Hasat - 2,1,50,Gold
39,Elektrik yolu,bahcivan,standart,103,1 seçim · boss ödülü yok,25,Geniş Süpürüş - 2,2,45,Gold
39,Elektrik yolu,bahcivan,standart,103,1 seçim · boss ödülü yok,27,2×3 Saksı,1,200,Gold
39,Elektrik yolu,bahcivan,standart,103,1 seçim · boss ödülü yok,27,Taş Hasat - 1,2,45,Iron
39,Elektrik yolu,bahcivan,standart,103,1 seçim · boss ödülü yok,28,İlk Vazgeçiş,1,150,Gold
39,Elektrik yolu,bahcivan,standart,103,1 seçim · boss ödülü yok,29,Kesim Tekniği - 3,1,65,Gold
39,Elektrik yolu,bahcivan,standart,103,1 seçim · boss ödülü yok,30,Hasat Rekoru - 1,1,180,Gold
39,Elektrik yolu,bahcivan,standart,103,1 seçim · boss ödülü yok,31,Güçlü Kesim - 1,2,160,Gold
39,Elektrik yolu,bahcivan,standart,103,1 seçim · boss ödülü yok,31,Taş Hasat - 1,3,55,Iron
39,Elektrik yolu,bahcivan,standart,103,1 seçim · boss ödülü yok,32,Akıcı Kesim - 1,1,160,Gold
39,Elektrik yolu,bahcivan,standart,103,1 seçim · boss ödülü yok,33,Kesim Tekniği - 3,2,70,Gold
39,Elektrik yolu,bahcivan,standart,103,1 seçim · boss ödülü yok,33,Taş Hasat - 2,1,65,Iron
39,Elektrik yolu,bahcivan,standart,103,1 seçim · boss ödülü yok,34,Güçlü Kesim - 1,3,195,Gold
40,Elektrik yolu,bahcivan,standart,104,1 seçim · boss ödülü yok,1,Keskin Başlangıç - 1,1,5,Gold
40,Elektrik yolu,bahcivan,standart,104,1 seçim · boss ödülü yok,2,Keskin Başlangıç - 1,2,7,Gold
40,Elektrik yolu,bahcivan,standart,104,1 seçim · boss ödülü yok,3,Altın Hasat I - 1,1,7,Gold
40,Elektrik yolu,bahcivan,standart,104,1 seçim · boss ödülü yok,3,Düzenli Üretim - 1,1,6,Gold
40,Elektrik yolu,bahcivan,standart,104,1 seçim · boss ödülü yok,4,Keskin Başlangıç - 1,3,8,Gold
40,Elektrik yolu,bahcivan,standart,104,1 seçim · boss ödülü yok,4,Hızlı Eller - 1,1,7,Gold
40,Elektrik yolu,bahcivan,standart,104,1 seçim · boss ödülü yok,4,Hasat Deneyimi I - 1,1,6,Gold
40,Elektrik yolu,bahcivan,standart,104,1 seçim · boss ödülü yok,5,Grid Genişleme I,1,30,Gold
40,Elektrik yolu,bahcivan,standart,104,1 seçim · boss ödülü yok,6,Altın Hasat I - 1,2,9,Gold
40,Elektrik yolu,bahcivan,standart,104,1 seçim · boss ödülü yok,6,Keskin Başlangıç - 2,1,10,Gold
40,Elektrik yolu,bahcivan,standart,104,1 seçim · boss ödülü yok,6,Düzenli Üretim - 1,2,8,Gold
40,Elektrik yolu,bahcivan,standart,104,1 seçim · boss ödülü yok,7,Hızlı Eller - 1,2,9,Gold
40,Elektrik yolu,bahcivan,standart,104,1 seçim · boss ödülü yok,7,Keskin Başlangıç - 2,2,11,Gold
40,Elektrik yolu,bahcivan,standart,104,1 seçim · boss ödülü yok,7,Altın Hasat I - 1,3,11,Gold
40,Elektrik yolu,bahcivan,standart,104,1 seçim · boss ödülü yok,8,1×3 Saksı,1,30,Gold
40,Elektrik yolu,bahcivan,standart,104,1 seçim · boss ödülü yok,8,Keskin Başlangıç - 3,1,13,Gold
40,Elektrik yolu,bahcivan,standart,104,1 seçim · boss ödülü yok,9,Düzenli Üretim - 1,3,10,Gold
40,Elektrik yolu,bahcivan,standart,104,1 seçim · boss ödülü yok,9,Hızlı Eller - 1,3,11,Gold
40,Elektrik yolu,bahcivan,standart,104,1 seçim · boss ödülü yok,9,Altın Hasat I - 2,1,13,Gold
40,Elektrik yolu,bahcivan,standart,104,1 seçim · boss ödülü yok,11,Keskin Başlangıç - 3,2,14,Gold
40,Elektrik yolu,bahcivan,standart,104,1 seçim · boss ödülü yok,11,Kesim Tekniği - 1,1,25,Gold
40,Elektrik yolu,bahcivan,standart,104,1 seçim · boss ödülü yok,11,Hızlı Eller - 2,1,12,Gold
40,Elektrik yolu,bahcivan,standart,104,1 seçim · boss ödülü yok,11,Grid Genişleme I,2,30,Iron
40,Elektrik yolu,bahcivan,standart,104,1 seçim · boss ödülü yok,12,Altın Hasat I - 2,2,16,Gold
40,Elektrik yolu,bahcivan,standart,104,1 seçim · boss ödülü yok,12,Düzenli Üretim - 2,1,12,Gold
40,Elektrik yolu,bahcivan,standart,104,1 seçim · boss ödülü yok,12,Hasat Deneyimi I - 1,2,8,Gold
40,Elektrik yolu,bahcivan,standart,104,1 seçim · boss ödülü yok,12,Keskin Başlangıç - 4,1,16,Gold
40,Elektrik yolu,bahcivan,standart,104,1 seçim · boss ödülü yok,13,Hızlı Eller - 2,2,14,Gold
40,Elektrik yolu,bahcivan,standart,104,1 seçim · boss ödülü yok,13,Kesim Tekniği - 1,2,35,Gold
40,Elektrik yolu,bahcivan,standart,104,1 seçim · boss ödülü yok,13,Altın Hasat I - 3,1,18,Gold
40,Elektrik yolu,bahcivan,standart,104,1 seçim · boss ödülü yok,13,Keskin Başlangıç - 4,2,17,Gold
40,Elektrik yolu,bahcivan,standart,104,1 seçim · boss ödülü yok,14,Hasat Deneyimi I - 1,3,10,Gold
40,Elektrik yolu,bahcivan,standart,104,1 seçim · boss ödülü yok,14,Düzenli Üretim - 2,2,13,Gold
40,Elektrik yolu,bahcivan,standart,104,1 seçim · boss ödülü yok,14,Hızlı Eller - 3,1,16,Gold
40,Elektrik yolu,bahcivan,standart,104,1 seçim · boss ödülü yok,14,Altın Hasat I - 3,2,20,Gold
40,Elektrik yolu,bahcivan,standart,104,1 seçim · boss ödülü yok,14,Hasat Deneyimi I - 2,1,12,Gold
40,Elektrik yolu,bahcivan,standart,104,1 seçim · boss ödülü yok,15,2×2 Saksı,1,80,Gold
40,Elektrik yolu,bahcivan,standart,104,1 seçim · boss ödülü yok,15,Çifte Hasat Kartları,1,25,Iron
40,Elektrik yolu,bahcivan,standart,104,1 seçim · boss ödülü yok,16,Kesim Tekniği - 1,3,40,Gold
40,Elektrik yolu,bahcivan,standart,104,1 seçim · boss ödülü yok,16,Demir Hasat - 1,1,25,Gold
40,Elektrik yolu,bahcivan,standart,104,1 seçim · boss ödülü yok,16,Hızlı Eller - 3,2,18,Gold
40,Elektrik yolu,bahcivan,standart,104,1 seçim · boss ödülü yok,17,Düzenli Üretim - 3,1,15,Gold
40,Elektrik yolu,bahcivan,standart,104,1 seçim · boss ödülü yok,17,Altın Hasat I - 4,1,22,Gold
40,Elektrik yolu,bahcivan,standart,104,1 seçim · boss ödülü yok,17,Geniş Süpürüş - 1,1,21,Gold
40,Elektrik yolu,bahcivan,standart,104,1 seçim · boss ödülü yok,18,Kesim Tekniği - 2,1,50,Gold
40,Elektrik yolu,bahcivan,standart,104,1 seçim · boss ödülü yok,18,Hasat Deneyimi I - 2,2,14,Gold
40,Elektrik yolu,bahcivan,standart,104,1 seçim · boss ödülü yok,18,Hızlı Eller - 4,1,20,Gold
40,Elektrik yolu,bahcivan,standart,104,1 seçim · boss ödülü yok,18,Altın Hasat I - 4,2,24,Gold
40,Elektrik yolu,bahcivan,standart,104,1 seçim · boss ödülü yok,18,Demir Hasat - 1,2,35,Gold
40,Elektrik yolu,bahcivan,standart,104,1 seçim · boss ödülü yok,19,Düzenli Üretim - 3,2,17,Gold
40,Elektrik yolu,bahcivan,standart,104,1 seçim · boss ödülü yok,19,Geniş Süpürüş - 1,2,28,Gold
40,Elektrik yolu,bahcivan,standart,104,1 seçim · boss ödülü yok,19,Hızlı Eller - 4,2,22,Gold
40,Elektrik yolu,bahcivan,standart,104,1 seçim · boss ödülü yok,19,Hasat Deneyimi I - 3,1,16,Gold
40,Elektrik yolu,bahcivan,standart,104,1 seçim · boss ödülü yok,20,Düzenli Üretim - 4,1,19,Gold
40,Elektrik yolu,bahcivan,standart,104,1 seçim · boss ödülü yok,20,Hasat Deneyimi I - 3,2,18,Gold
40,Elektrik yolu,bahcivan,standart,104,1 seçim · boss ödülü yok,21,Güçlü Kesim - 1,1,120,Gold
40,Elektrik yolu,bahcivan,standart,104,1 seçim · boss ödülü yok,22,Kesim Tekniği - 2,2,55,Gold
40,Elektrik yolu,bahcivan,standart,104,1 seçim · boss ödülü yok,22,Demir Hasat - 1,3,40,Gold
40,Elektrik yolu,bahcivan,standart,104,1 seçim · boss ödülü yok,22,Taş Hasat - 1,1,35,Iron
40,Elektrik yolu,bahcivan,standart,104,1 seçim · boss ödülü yok,23,Geniş Süpürüş - 1,3,35,Gold
40,Elektrik yolu,bahcivan,standart,104,1 seçim · boss ödülü yok,23,Düzenli Üretim - 4,2,21,Gold
40,Elektrik yolu,bahcivan,standart,104,1 seçim · boss ödülü yok,23,Geniş Süpürüş - 2,1,40,Gold
40,Elektrik yolu,bahcivan,standart,104,1 seçim · boss ödülü yok,24,Hasat Deneyimi I - 4,1,20,Gold
40,Elektrik yolu,bahcivan,standart,104,1 seçim · boss ödülü yok,24,Demir Hasat - 2,1,50,Gold
40,Elektrik yolu,bahcivan,standart,104,1 seçim · boss ödülü yok,24,Geniş Süpürüş - 2,2,45,Gold
40,Elektrik yolu,bahcivan,standart,104,1 seçim · boss ödülü yok,24,Hasat Deneyimi I - 4,2,21,Gold
40,Elektrik yolu,bahcivan,standart,104,1 seçim · boss ödülü yok,26,2×3 Saksı,1,200,Gold
40,Elektrik yolu,bahcivan,standart,104,1 seçim · boss ödülü yok,26,Taş Hasat - 1,2,45,Iron
40,Elektrik yolu,bahcivan,standart,104,1 seçim · boss ödülü yok,27,İlk Vazgeçiş,1,150,Gold
40,Elektrik yolu,bahcivan,standart,104,1 seçim · boss ödülü yok,28,Kesim Tekniği - 3,1,65,Gold
40,Elektrik yolu,bahcivan,standart,104,1 seçim · boss ödülü yok,29,Hasat Rekoru - 1,1,180,Gold
40,Elektrik yolu,bahcivan,standart,104,1 seçim · boss ödülü yok,30,Güçlü Kesim - 1,2,160,Gold
40,Elektrik yolu,bahcivan,standart,104,1 seçim · boss ödülü yok,31,Akıcı Kesim - 1,1,160,Gold
40,Elektrik yolu,bahcivan,standart,104,1 seçim · boss ödülü yok,32,Kesim Tekniği - 3,2,70,Gold
40,Elektrik yolu,bahcivan,standart,104,1 seçim · boss ödülü yok,33,Güçlü Kesim - 1,3,195,Gold
40,Elektrik yolu,bahcivan,standart,104,1 seçim · boss ödülü yok,33,Taş Hasat - 1,3,55,Iron
40,Elektrik yolu,bahcivan,standart,104,1 seçim · boss ödülü yok,33,Taş Hasat - 2,1,65,Iron
40,Elektrik yolu,bahcivan,standart,104,1 seçim · boss ödülü yok,34,Akıcı Kesim - 1,2,210,Gold
40,Elektrik yolu,bahcivan,standart,104,1 seçim · boss ödülü yok,34,Demir Hasat - 2,2,55,Gold
40,Elektrik yolu,bahcivan,standart,104,1 seçim · boss ödülü yok,34,Geniş Süpürüş - 3,1,55,Gold
40,Elektrik yolu,bahcivan,standart,104,1 seçim · boss ödülü yok,34,Taş Hasat - 2,2,80,Iron
41,Hız-alan + Ritim,bahcivan,standart,100,1 seçim · boss ödülü yok,1,Hızlı Eller - 1,1,7,Gold
41,Hız-alan + Ritim,bahcivan,standart,100,1 seçim · boss ödülü yok,2,Hızlı Eller - 1,2,9,Gold
41,Hız-alan + Ritim,bahcivan,standart,100,1 seçim · boss ödülü yok,3,Hızlı Eller - 1,3,11,Gold
41,Hız-alan + Ritim,bahcivan,standart,100,1 seçim · boss ödülü yok,3,Altın Hasat I - 1,1,7,Gold
41,Hız-alan + Ritim,bahcivan,standart,100,1 seçim · boss ödülü yok,5,Hızlı Eller - 2,1,12,Gold
41,Hız-alan + Ritim,bahcivan,standart,100,1 seçim · boss ödülü yok,5,Grid Genişleme I,1,30,Gold
41,Hız-alan + Ritim,bahcivan,standart,100,1 seçim · boss ödülü yok,6,Altın Hasat I - 1,2,9,Gold
41,Hız-alan + Ritim,bahcivan,standart,100,1 seçim · boss ödülü yok,6,Hızlı Eller - 2,2,14,Gold
41,Hız-alan + Ritim,bahcivan,standart,100,1 seçim · boss ödülü yok,7,Düzenli Üretim - 1,1,6,Gold
41,Hız-alan + Ritim,bahcivan,standart,100,1 seçim · boss ödülü yok,7,Keskin Başlangıç - 1,1,5,Gold
41,Hız-alan + Ritim,bahcivan,standart,100,1 seçim · boss ödülü yok,7,Altın Hasat I - 1,3,11,Gold
41,Hız-alan + Ritim,bahcivan,standart,100,1 seçim · boss ödülü yok,8,Hızlı Eller - 3,1,16,Gold
41,Hız-alan + Ritim,bahcivan,standart,100,1 seçim · boss ödülü yok,8,Keskin Başlangıç - 1,2,7,Gold
41,Hız-alan + Ritim,bahcivan,standart,100,1 seçim · boss ödülü yok,9,1×3 Saksı,1,30,Gold
41,Hız-alan + Ritim,bahcivan,standart,100,1 seçim · boss ödülü yok,10,Geniş Süpürüş - 1,1,21,Gold
41,Hız-alan + Ritim,bahcivan,standart,100,1 seçim · boss ödülü yok,10,Düzenli Üretim - 1,2,8,Gold
41,Hız-alan + Ritim,bahcivan,standart,100,1 seçim · boss ödülü yok,10,Altın Hasat I - 2,1,13,Gold
41,Hız-alan + Ritim,bahcivan,standart,100,1 seçim · boss ödülü yok,11,Hızlı Eller - 3,2,18,Gold
41,Hız-alan + Ritim,bahcivan,standart,100,1 seçim · boss ödülü yok,11,Keskin Başlangıç - 1,3,8,Gold
41,Hız-alan + Ritim,bahcivan,standart,100,1 seçim · boss ödülü yok,11,Hasat Deneyimi I - 1,1,6,Gold
41,Hız-alan + Ritim,bahcivan,standart,100,1 seçim · boss ödülü yok,11,Grid Genişleme I,2,30,Iron
41,Hız-alan + Ritim,bahcivan,standart,100,1 seçim · boss ödülü yok,12,Geniş Süpürüş - 1,2,28,Gold
41,Hız-alan + Ritim,bahcivan,standart,100,1 seçim · boss ödülü yok,12,Keskin Başlangıç - 2,1,10,Gold
41,Hız-alan + Ritim,bahcivan,standart,100,1 seçim · boss ödülü yok,12,Altın Hasat I - 2,2,16,Gold
41,Hız-alan + Ritim,bahcivan,standart,100,1 seçim · boss ödülü yok,12,Tornado Kartları,1,30,Iron
41,Hız-alan + Ritim,bahcivan,standart,100,1 seçim · boss ödülü yok,13,Hızlı Eller - 4,1,20,Gold
41,Hız-alan + Ritim,bahcivan,standart,100,1 seçim · boss ödülü yok,13,Düzenli Üretim - 1,3,10,Gold
41,Hız-alan + Ritim,bahcivan,standart,100,1 seçim · boss ödülü yok,13,Geniş Süpürüş - 1,3,35,Gold
41,Hız-alan + Ritim,bahcivan,standart,100,1 seçim · boss ödülü yok,13,Keskin Başlangıç - 2,2,11,Gold
41,Hız-alan + Ritim,bahcivan,standart,100,1 seçim · boss ödülü yok,14,Altın Hasat I - 3,1,18,Gold
41,Hız-alan + Ritim,bahcivan,standart,100,1 seçim · boss ödülü yok,14,Düzenli Üretim - 2,1,12,Gold
41,Hız-alan + Ritim,bahcivan,standart,100,1 seçim · boss ödülü yok,14,Hasat Deneyimi I - 1,2,8,Gold
41,Hız-alan + Ritim,bahcivan,standart,100,1 seçim · boss ödülü yok,14,Keskin Başlangıç - 3,1,13,Gold
41,Hız-alan + Ritim,bahcivan,standart,100,1 seçim · boss ödülü yok,14,Hasat Deneyimi I - 1,3,10,Gold
41,Hız-alan + Ritim,bahcivan,standart,100,1 seçim · boss ödülü yok,15,Altın Hasat I - 3,2,20,Gold
41,Hız-alan + Ritim,bahcivan,standart,100,1 seçim · boss ödülü yok,15,Keskin Başlangıç - 3,2,14,Gold
41,Hız-alan + Ritim,bahcivan,standart,100,1 seçim · boss ödülü yok,15,Düzenli Üretim - 2,2,13,Gold
41,Hız-alan + Ritim,bahcivan,standart,100,1 seçim · boss ödülü yok,15,Keskin Başlangıç - 4,1,16,Gold
41,Hız-alan + Ritim,bahcivan,standart,100,1 seçim · boss ödülü yok,16,2×2 Saksı,1,80,Gold
41,Hız-alan + Ritim,bahcivan,standart,100,1 seçim · boss ödülü yok,16,Hızlı Eller - 4,2,22,Gold
41,Hız-alan + Ritim,bahcivan,standart,100,1 seçim · boss ödülü yok,16,Çifte Hasat Kartları,1,25,Iron
41,Hız-alan + Ritim,bahcivan,standart,100,1 seçim · boss ödülü yok,17,Geniş Süpürüş - 2,1,40,Gold
41,Hız-alan + Ritim,bahcivan,standart,100,1 seçim · boss ödülü yok,17,Demir Hasat - 1,1,25,Gold
41,Hız-alan + Ritim,bahcivan,standart,100,1 seçim · boss ödülü yok,17,Kesim Tekniği - 1,1,25,Gold
41,Hız-alan + Ritim,bahcivan,standart,100,1 seçim · boss ödülü yok,17,Altın Hasat I - 4,1,22,Gold
41,Hız-alan + Ritim,bahcivan,standart,100,1 seçim · boss ödülü yok,18,Kesim Tekniği - 1,2,35,Gold
41,Hız-alan + Ritim,bahcivan,standart,100,1 seçim · boss ödülü yok,18,Hasat Deneyimi I - 2,1,12,Gold
41,Hız-alan + Ritim,bahcivan,standart,100,1 seçim · boss ödülü yok,18,Altın Hasat I - 4,2,24,Gold
41,Hız-alan + Ritim,bahcivan,standart,100,1 seçim · boss ödülü yok,18,Keskin Başlangıç - 4,2,17,Gold
41,Hız-alan + Ritim,bahcivan,standart,100,1 seçim · boss ödülü yok,19,Demir Hasat - 1,2,35,Gold
41,Hız-alan + Ritim,bahcivan,standart,100,1 seçim · boss ödülü yok,19,Düzenli Üretim - 3,1,15,Gold
41,Hız-alan + Ritim,bahcivan,standart,100,1 seçim · boss ödülü yok,19,Hasat Deneyimi I - 2,2,14,Gold
41,Hız-alan + Ritim,bahcivan,standart,100,1 seçim · boss ödülü yok,19,Kesim Tekniği - 1,3,40,Gold
41,Hız-alan + Ritim,bahcivan,standart,100,1 seçim · boss ödülü yok,19,Bumerang Orak Kartları,1,40,Iron
41,Hız-alan + Ritim,bahcivan,standart,100,1 seçim · boss ödülü yok,20,Düzenli Üretim - 3,2,17,Gold
41,Hız-alan + Ritim,bahcivan,standart,100,1 seçim · boss ödülü yok,20,Demir Hasat - 1,3,40,Gold
41,Hız-alan + Ritim,bahcivan,standart,100,1 seçim · boss ödülü yok,21,Hasat Deneyimi I - 3,1,16,Gold
41,Hız-alan + Ritim,bahcivan,standart,100,1 seçim · boss ödülü yok,21,Düzenli Üretim - 4,1,19,Gold
41,Hız-alan + Ritim,bahcivan,standart,100,1 seçim · boss ödülü yok,21,Hasat Deneyimi I - 3,2,18,Gold
41,Hız-alan + Ritim,bahcivan,standart,100,1 seçim · boss ödülü yok,21,Düzenli Üretim - 4,2,21,Gold
41,Hız-alan + Ritim,bahcivan,standart,100,1 seçim · boss ödülü yok,21,Hasat Deneyimi I - 4,1,20,Gold
41,Hız-alan + Ritim,bahcivan,standart,100,1 seçim · boss ödülü yok,22,Taş Hasat - 1,1,35,Iron
41,Hız-alan + Ritim,bahcivan,standart,100,1 seçim · boss ödülü yok,22,Hasat Deneyimi I - 4,2,21,Gold
41,Hız-alan + Ritim,bahcivan,standart,100,1 seçim · boss ödülü yok,23,Akıcı Kesim - 1,1,160,Gold
41,Hız-alan + Ritim,bahcivan,standart,100,1 seçim · boss ödülü yok,24,Geniş Süpürüş - 2,2,45,Gold
41,Hız-alan + Ritim,bahcivan,standart,100,1 seçim · boss ödülü yok,24,Geniş Süpürüş - 3,1,55,Gold
42,Hız-alan + Ritim,bahcivan,standart,101,1 seçim · boss ödülü yok,1,Hızlı Eller - 1,1,7,Gold
42,Hız-alan + Ritim,bahcivan,standart,101,1 seçim · boss ödülü yok,2,Hızlı Eller - 1,2,9,Gold
42,Hız-alan + Ritim,bahcivan,standart,101,1 seçim · boss ödülü yok,2,Hızlı Eller - 1,3,11,Gold
42,Hız-alan + Ritim,bahcivan,standart,101,1 seçim · boss ödülü yok,2,Altın Hasat I - 1,1,7,Gold
42,Hız-alan + Ritim,bahcivan,standart,101,1 seçim · boss ödülü yok,3,Hızlı Eller - 2,1,12,Gold
42,Hız-alan + Ritim,bahcivan,standart,101,1 seçim · boss ödülü yok,4,Düzenli Üretim - 1,1,6,Gold
42,Hız-alan + Ritim,bahcivan,standart,101,1 seçim · boss ödülü yok,4,Keskin Başlangıç - 1,1,5,Gold
42,Hız-alan + Ritim,bahcivan,standart,101,1 seçim · boss ödülü yok,5,Keskin Başlangıç - 1,2,7,Gold
42,Hız-alan + Ritim,bahcivan,standart,101,1 seçim · boss ödülü yok,5,Hasat Deneyimi I - 1,1,6,Gold
42,Hız-alan + Ritim,bahcivan,standart,101,1 seçim · boss ödülü yok,6,Grid Genişleme I,1,30,Gold
42,Hız-alan + Ritim,bahcivan,standart,101,1 seçim · boss ödülü yok,6,Altın Hasat I - 1,2,9,Gold
42,Hız-alan + Ritim,bahcivan,standart,101,1 seçim · boss ödülü yok,7,Hızlı Eller - 2,2,14,Gold
42,Hız-alan + Ritim,bahcivan,standart,101,1 seçim · boss ödülü yok,7,Altın Hasat I - 1,3,11,Gold
42,Hız-alan + Ritim,bahcivan,standart,101,1 seçim · boss ödülü yok,8,Hızlı Eller - 3,1,16,Gold
42,Hız-alan + Ritim,bahcivan,standart,101,1 seçim · boss ödülü yok,9,1×3 Saksı,1,30,Gold
42,Hız-alan + Ritim,bahcivan,standart,101,1 seçim · boss ödülü yok,9,Geniş Süpürüş - 1,1,21,Gold
42,Hız-alan + Ritim,bahcivan,standart,101,1 seçim · boss ödülü yok,9,Düzenli Üretim - 1,2,8,Gold
42,Hız-alan + Ritim,bahcivan,standart,101,1 seçim · boss ödülü yok,10,Altın Hasat I - 2,1,13,Gold
42,Hız-alan + Ritim,bahcivan,standart,101,1 seçim · boss ödülü yok,10,Hızlı Eller - 3,2,18,Gold
42,Hız-alan + Ritim,bahcivan,standart,101,1 seçim · boss ödülü yok,10,Keskin Başlangıç - 1,3,8,Gold
42,Hız-alan + Ritim,bahcivan,standart,101,1 seçim · boss ödülü yok,11,Geniş Süpürüş - 1,2,28,Gold
42,Hız-alan + Ritim,bahcivan,standart,101,1 seçim · boss ödülü yok,11,Keskin Başlangıç - 2,1,10,Gold
42,Hız-alan + Ritim,bahcivan,standart,101,1 seçim · boss ödülü yok,11,Grid Genişleme I,2,30,Iron
42,Hız-alan + Ritim,bahcivan,standart,101,1 seçim · boss ödülü yok,12,Altın Hasat I - 2,2,16,Gold
42,Hız-alan + Ritim,bahcivan,standart,101,1 seçim · boss ödülü yok,12,Hızlı Eller - 4,1,20,Gold
42,Hız-alan + Ritim,bahcivan,standart,101,1 seçim · boss ödülü yok,12,Düzenli Üretim - 1,3,10,Gold
42,Hız-alan + Ritim,bahcivan,standart,101,1 seçim · boss ödülü yok,12,Hasat Deneyimi I - 1,2,8,Gold
42,Hız-alan + Ritim,bahcivan,standart,101,1 seçim · boss ödülü yok,13,Geniş Süpürüş - 1,3,35,Gold
42,Hız-alan + Ritim,bahcivan,standart,101,1 seçim · boss ödülü yok,13,Keskin Başlangıç - 2,2,11,Gold
42,Hız-alan + Ritim,bahcivan,standart,101,1 seçim · boss ödülü yok,13,Altın Hasat I - 3,1,18,Gold
42,Hız-alan + Ritim,bahcivan,standart,101,1 seçim · boss ödülü yok,13,Düzenli Üretim - 2,1,12,Gold
42,Hız-alan + Ritim,bahcivan,standart,101,1 seçim · boss ödülü yok,13,Keskin Başlangıç - 3,1,13,Gold
42,Hız-alan + Ritim,bahcivan,standart,101,1 seçim · boss ödülü yok,14,Altın Hasat I - 3,2,20,Gold
42,Hız-alan + Ritim,bahcivan,standart,101,1 seçim · boss ödülü yok,14,Keskin Başlangıç - 3,2,14,Gold
42,Hız-alan + Ritim,bahcivan,standart,101,1 seçim · boss ödülü yok,14,Hasat Deneyimi I - 1,3,10,Gold
42,Hız-alan + Ritim,bahcivan,standart,101,1 seçim · boss ödülü yok,14,Düzenli Üretim - 2,2,13,Gold
42,Hız-alan + Ritim,bahcivan,standart,101,1 seçim · boss ödülü yok,14,Keskin Başlangıç - 4,1,16,Gold
42,Hız-alan + Ritim,bahcivan,standart,101,1 seçim · boss ödülü yok,15,Hasat Deneyimi I - 2,1,12,Gold
42,Hız-alan + Ritim,bahcivan,standart,101,1 seçim · boss ödülü yok,15,Keskin Başlangıç - 4,2,17,Gold
42,Hız-alan + Ritim,bahcivan,standart,101,1 seçim · boss ödülü yok,15,Düzenli Üretim - 3,1,15,Gold
42,Hız-alan + Ritim,bahcivan,standart,101,1 seçim · boss ödülü yok,15,Hasat Deneyimi I - 2,2,14,Gold
42,Hız-alan + Ritim,bahcivan,standart,101,1 seçim · boss ödülü yok,15,Tornado Kartları,1,30,Iron
42,Hız-alan + Ritim,bahcivan,standart,101,1 seçim · boss ödülü yok,16,2×2 Saksı,1,80,Gold
42,Hız-alan + Ritim,bahcivan,standart,101,1 seçim · boss ödülü yok,16,Hızlı Eller - 4,2,22,Gold
42,Hız-alan + Ritim,bahcivan,standart,101,1 seçim · boss ödülü yok,17,Geniş Süpürüş - 2,1,40,Gold
42,Hız-alan + Ritim,bahcivan,standart,101,1 seçim · boss ödülü yok,17,Demir Hasat - 1,1,25,Gold
42,Hız-alan + Ritim,bahcivan,standart,101,1 seçim · boss ödülü yok,17,Kesim Tekniği - 1,1,25,Gold
42,Hız-alan + Ritim,bahcivan,standart,101,1 seçim · boss ödülü yok,17,Altın Hasat I - 4,1,22,Gold
42,Hız-alan + Ritim,bahcivan,standart,101,1 seçim · boss ödülü yok,18,Çifte Hasat Kartları,1,25,Iron
42,Hız-alan + Ritim,bahcivan,standart,101,1 seçim · boss ödülü yok,18,Kesim Tekniği - 1,2,35,Gold
42,Hız-alan + Ritim,bahcivan,standart,101,1 seçim · boss ödülü yok,18,Altın Hasat I - 4,2,24,Gold
42,Hız-alan + Ritim,bahcivan,standart,101,1 seçim · boss ödülü yok,18,Demir Hasat - 1,2,35,Gold
42,Hız-alan + Ritim,bahcivan,standart,101,1 seçim · boss ödülü yok,18,Düzenli Üretim - 3,2,17,Gold
42,Hız-alan + Ritim,bahcivan,standart,101,1 seçim · boss ödülü yok,19,Kesim Tekniği - 1,3,40,Gold
42,Hız-alan + Ritim,bahcivan,standart,101,1 seçim · boss ödülü yok,19,Demir Hasat - 1,3,40,Gold
42,Hız-alan + Ritim,bahcivan,standart,101,1 seçim · boss ödülü yok,19,Hasat Deneyimi I - 3,1,16,Gold
42,Hız-alan + Ritim,bahcivan,standart,101,1 seçim · boss ödülü yok,19,Düzenli Üretim - 4,1,19,Gold
42,Hız-alan + Ritim,bahcivan,standart,101,1 seçim · boss ödülü yok,20,Hasat Deneyimi I - 3,2,18,Gold
42,Hız-alan + Ritim,bahcivan,standart,101,1 seçim · boss ödülü yok,20,Düzenli Üretim - 4,2,21,Gold
42,Hız-alan + Ritim,bahcivan,standart,101,1 seçim · boss ödülü yok,20,Hasat Deneyimi I - 4,1,20,Gold
42,Hız-alan + Ritim,bahcivan,standart,101,1 seçim · boss ödülü yok,20,Hasat Deneyimi I - 4,2,21,Gold
42,Hız-alan + Ritim,bahcivan,standart,101,1 seçim · boss ödülü yok,22,Akıcı Kesim - 1,1,160,Gold
42,Hız-alan + Ritim,bahcivan,standart,101,1 seçim · boss ödülü yok,22,Geniş Süpürüş - 2,2,45,Gold
42,Hız-alan + Ritim,bahcivan,standart,101,1 seçim · boss ödülü yok,22,Taş Hasat - 1,1,35,Iron
42,Hız-alan + Ritim,bahcivan,standart,101,1 seçim · boss ödülü yok,23,Geniş Süpürüş - 3,1,55,Gold
42,Hız-alan + Ritim,bahcivan,standart,101,1 seçim · boss ödülü yok,23,Kesim Tekniği - 2,1,50,Gold
42,Hız-alan + Ritim,bahcivan,standart,101,1 seçim · boss ödülü yok,23,Demir Hasat - 2,1,50,Gold
42,Hız-alan + Ritim,bahcivan,standart,101,1 seçim · boss ödülü yok,26,Akıcı Kesim - 1,2,210,Gold
42,Hız-alan + Ritim,bahcivan,standart,101,1 seçim · boss ödülü yok,27,Bumerang Orak Kartları,1,40,Iron
42,Hız-alan + Ritim,bahcivan,standart,101,1 seçim · boss ödülü yok,28,2×3 Saksı,1,200,Gold
42,Hız-alan + Ritim,bahcivan,standart,101,1 seçim · boss ödülü yok,28,Geniş Süpürüş - 3,2,60,Gold
42,Hız-alan + Ritim,bahcivan,standart,101,1 seçim · boss ödülü yok,29,Geniş Süpürüş - 4,1,65,Gold
43,Hız-alan + Ritim,bahcivan,standart,102,1 seçim · boss ödülü yok,1,Hızlı Eller - 1,1,7,Gold
43,Hız-alan + Ritim,bahcivan,standart,102,1 seçim · boss ödülü yok,2,Hızlı Eller - 1,2,9,Gold
43,Hız-alan + Ritim,bahcivan,standart,102,1 seçim · boss ödülü yok,3,Hızlı Eller - 1,3,11,Gold
43,Hız-alan + Ritim,bahcivan,standart,102,1 seçim · boss ödülü yok,4,Altın Hasat I - 1,1,7,Gold
43,Hız-alan + Ritim,bahcivan,standart,102,1 seçim · boss ödülü yok,4,Hızlı Eller - 2,1,12,Gold
43,Hız-alan + Ritim,bahcivan,standart,102,1 seçim · boss ödülü yok,4,Düzenli Üretim - 1,1,6,Gold
43,Hız-alan + Ritim,bahcivan,standart,102,1 seçim · boss ödülü yok,4,Keskin Başlangıç - 1,1,5,Gold
43,Hız-alan + Ritim,bahcivan,standart,102,1 seçim · boss ödülü yok,4,Keskin Başlangıç - 1,2,7,Gold
43,Hız-alan + Ritim,bahcivan,standart,102,1 seçim · boss ödülü yok,5,Hasat Deneyimi I - 1,1,6,Gold
43,Hız-alan + Ritim,bahcivan,standart,102,1 seçim · boss ödülü yok,6,Grid Genişleme I,1,30,Gold
43,Hız-alan + Ritim,bahcivan,standart,102,1 seçim · boss ödülü yok,6,Altın Hasat I - 1,2,9,Gold
43,Hız-alan + Ritim,bahcivan,standart,102,1 seçim · boss ödülü yok,7,Hızlı Eller - 2,2,14,Gold
43,Hız-alan + Ritim,bahcivan,standart,102,1 seçim · boss ödülü yok,7,Altın Hasat I - 1,3,11,Gold
43,Hız-alan + Ritim,bahcivan,standart,102,1 seçim · boss ödülü yok,8,Hızlı Eller - 3,1,16,Gold
43,Hız-alan + Ritim,bahcivan,standart,102,1 seçim · boss ödülü yok,9,1×3 Saksı,1,30,Gold
43,Hız-alan + Ritim,bahcivan,standart,102,1 seçim · boss ödülü yok,10,Geniş Süpürüş - 1,1,21,Gold
43,Hız-alan + Ritim,bahcivan,standart,102,1 seçim · boss ödülü yok,10,Düzenli Üretim - 1,2,8,Gold
43,Hız-alan + Ritim,bahcivan,standart,102,1 seçim · boss ödülü yok,10,Altın Hasat I - 2,1,13,Gold
43,Hız-alan + Ritim,bahcivan,standart,102,1 seçim · boss ödülü yok,11,Hızlı Eller - 3,2,18,Gold
43,Hız-alan + Ritim,bahcivan,standart,102,1 seçim · boss ödülü yok,11,Keskin Başlangıç - 1,3,8,Gold
43,Hız-alan + Ritim,bahcivan,standart,102,1 seçim · boss ödülü yok,11,Grid Genişleme I,2,30,Iron
43,Hız-alan + Ritim,bahcivan,standart,102,1 seçim · boss ödülü yok,12,Geniş Süpürüş - 1,2,28,Gold
43,Hız-alan + Ritim,bahcivan,standart,102,1 seçim · boss ödülü yok,12,Keskin Başlangıç - 2,1,10,Gold
43,Hız-alan + Ritim,bahcivan,standart,102,1 seçim · boss ödülü yok,12,Altın Hasat I - 2,2,16,Gold
43,Hız-alan + Ritim,bahcivan,standart,102,1 seçim · boss ödülü yok,12,Tornado Kartları,1,30,Iron
43,Hız-alan + Ritim,bahcivan,standart,102,1 seçim · boss ödülü yok,13,Hızlı Eller - 4,1,20,Gold
43,Hız-alan + Ritim,bahcivan,standart,102,1 seçim · boss ödülü yok,13,Düzenli Üretim - 1,3,10,Gold
43,Hız-alan + Ritim,bahcivan,standart,102,1 seçim · boss ödülü yok,13,Geniş Süpürüş - 1,3,35,Gold
43,Hız-alan + Ritim,bahcivan,standart,102,1 seçim · boss ödülü yok,13,Keskin Başlangıç - 2,2,11,Gold
43,Hız-alan + Ritim,bahcivan,standart,102,1 seçim · boss ödülü yok,14,Altın Hasat I - 3,1,18,Gold
43,Hız-alan + Ritim,bahcivan,standart,102,1 seçim · boss ödülü yok,14,Düzenli Üretim - 2,1,12,Gold
43,Hız-alan + Ritim,bahcivan,standart,102,1 seçim · boss ödülü yok,14,Hasat Deneyimi I - 1,2,8,Gold
43,Hız-alan + Ritim,bahcivan,standart,102,1 seçim · boss ödülü yok,14,Keskin Başlangıç - 3,1,13,Gold
43,Hız-alan + Ritim,bahcivan,standart,102,1 seçim · boss ödülü yok,14,Altın Hasat I - 3,2,20,Gold
43,Hız-alan + Ritim,bahcivan,standart,102,1 seçim · boss ödülü yok,15,Keskin Başlangıç - 3,2,14,Gold
43,Hız-alan + Ritim,bahcivan,standart,102,1 seçim · boss ödülü yok,15,Hasat Deneyimi I - 1,3,10,Gold
43,Hız-alan + Ritim,bahcivan,standart,102,1 seçim · boss ödülü yok,15,Düzenli Üretim - 2,2,13,Gold
43,Hız-alan + Ritim,bahcivan,standart,102,1 seçim · boss ödülü yok,15,Keskin Başlangıç - 4,1,16,Gold
43,Hız-alan + Ritim,bahcivan,standart,102,1 seçim · boss ödülü yok,16,2×2 Saksı,1,80,Gold
43,Hız-alan + Ritim,bahcivan,standart,102,1 seçim · boss ödülü yok,16,Hızlı Eller - 4,2,22,Gold
43,Hız-alan + Ritim,bahcivan,standart,102,1 seçim · boss ödülü yok,16,Çifte Hasat Kartları,1,25,Iron
43,Hız-alan + Ritim,bahcivan,standart,102,1 seçim · boss ödülü yok,17,Geniş Süpürüş - 2,1,40,Gold
43,Hız-alan + Ritim,bahcivan,standart,102,1 seçim · boss ödülü yok,17,Demir Hasat - 1,1,25,Gold
43,Hız-alan + Ritim,bahcivan,standart,102,1 seçim · boss ödülü yok,17,Kesim Tekniği - 1,1,25,Gold
43,Hız-alan + Ritim,bahcivan,standart,102,1 seçim · boss ödülü yok,18,Altın Hasat I - 4,1,22,Gold
43,Hız-alan + Ritim,bahcivan,standart,102,1 seçim · boss ödülü yok,18,Kesim Tekniği - 1,2,35,Gold
43,Hız-alan + Ritim,bahcivan,standart,102,1 seçim · boss ödülü yok,18,Hasat Deneyimi I - 2,1,12,Gold
43,Hız-alan + Ritim,bahcivan,standart,102,1 seçim · boss ödülü yok,18,Altın Hasat I - 4,2,24,Gold
43,Hız-alan + Ritim,bahcivan,standart,102,1 seçim · boss ödülü yok,19,Keskin Başlangıç - 4,2,17,Gold
43,Hız-alan + Ritim,bahcivan,standart,102,1 seçim · boss ödülü yok,19,Demir Hasat - 1,2,35,Gold
43,Hız-alan + Ritim,bahcivan,standart,102,1 seçim · boss ödülü yok,19,Düzenli Üretim - 3,1,15,Gold
43,Hız-alan + Ritim,bahcivan,standart,102,1 seçim · boss ödülü yok,20,Hasat Deneyimi I - 2,2,14,Gold
43,Hız-alan + Ritim,bahcivan,standart,102,1 seçim · boss ödülü yok,20,Kesim Tekniği - 1,3,40,Gold
43,Hız-alan + Ritim,bahcivan,standart,102,1 seçim · boss ödülü yok,20,Bumerang Orak Kartları,1,40,Iron
43,Hız-alan + Ritim,bahcivan,standart,102,1 seçim · boss ödülü yok,21,Düzenli Üretim - 3,2,17,Gold
43,Hız-alan + Ritim,bahcivan,standart,102,1 seçim · boss ödülü yok,21,Demir Hasat - 1,3,40,Gold
43,Hız-alan + Ritim,bahcivan,standart,102,1 seçim · boss ödülü yok,21,Hasat Deneyimi I - 3,1,16,Gold
43,Hız-alan + Ritim,bahcivan,standart,102,1 seçim · boss ödülü yok,21,Taş Hasat - 1,1,35,Iron
43,Hız-alan + Ritim,bahcivan,standart,102,1 seçim · boss ödülü yok,22,Düzenli Üretim - 4,1,19,Gold
43,Hız-alan + Ritim,bahcivan,standart,102,1 seçim · boss ödülü yok,22,Hasat Deneyimi I - 3,2,18,Gold
43,Hız-alan + Ritim,bahcivan,standart,102,1 seçim · boss ödülü yok,22,Düzenli Üretim - 4,2,21,Gold
43,Hız-alan + Ritim,bahcivan,standart,102,1 seçim · boss ödülü yok,22,Hasat Deneyimi I - 4,1,20,Gold
43,Hız-alan + Ritim,bahcivan,standart,102,1 seçim · boss ödülü yok,23,Hasat Deneyimi I - 4,2,21,Gold
43,Hız-alan + Ritim,bahcivan,standart,102,1 seçim · boss ödülü yok,23,Taş Hasat - 1,2,45,Iron
43,Hız-alan + Ritim,bahcivan,standart,102,1 seçim · boss ödülü yok,24,Akıcı Kesim - 1,1,160,Gold
43,Hız-alan + Ritim,bahcivan,standart,102,1 seçim · boss ödülü yok,25,Geniş Süpürüş - 2,2,45,Gold
43,Hız-alan + Ritim,bahcivan,standart,102,1 seçim · boss ödülü yok,25,Geniş Süpürüş - 3,1,55,Gold
43,Hız-alan + Ritim,bahcivan,standart,102,1 seçim · boss ödülü yok,25,Kesim Tekniği - 2,1,50,Gold
43,Hız-alan + Ritim,bahcivan,standart,102,1 seçim · boss ödülü yok,26,Demir Hasat - 2,1,50,Gold
43,Hız-alan + Ritim,bahcivan,standart,102,1 seçim · boss ödülü yok,28,Akıcı Kesim - 1,2,210,Gold
44,Hız-alan + Ritim,bahcivan,standart,103,1 seçim · boss ödülü yok,2,Hızlı Eller - 1,1,7,Gold
44,Hız-alan + Ritim,bahcivan,standart,103,1 seçim · boss ödülü yok,2,Hızlı Eller - 1,2,9,Gold
44,Hız-alan + Ritim,bahcivan,standart,103,1 seçim · boss ödülü yok,2,Hızlı Eller - 1,3,11,Gold
44,Hız-alan + Ritim,bahcivan,standart,103,1 seçim · boss ödülü yok,3,Altın Hasat I - 1,1,7,Gold
44,Hız-alan + Ritim,bahcivan,standart,103,1 seçim · boss ödülü yok,3,Hızlı Eller - 2,1,12,Gold
44,Hız-alan + Ritim,bahcivan,standart,103,1 seçim · boss ödülü yok,4,Düzenli Üretim - 1,1,6,Gold
44,Hız-alan + Ritim,bahcivan,standart,103,1 seçim · boss ödülü yok,4,Keskin Başlangıç - 1,1,5,Gold
44,Hız-alan + Ritim,bahcivan,standart,103,1 seçim · boss ödülü yok,4,Keskin Başlangıç - 1,2,7,Gold
44,Hız-alan + Ritim,bahcivan,standart,103,1 seçim · boss ödülü yok,5,Hasat Deneyimi I - 1,1,6,Gold
44,Hız-alan + Ritim,bahcivan,standart,103,1 seçim · boss ödülü yok,6,Grid Genişleme I,1,30,Gold
44,Hız-alan + Ritim,bahcivan,standart,103,1 seçim · boss ödülü yok,6,Altın Hasat I - 1,2,9,Gold
44,Hız-alan + Ritim,bahcivan,standart,103,1 seçim · boss ödülü yok,7,Hızlı Eller - 2,2,14,Gold
44,Hız-alan + Ritim,bahcivan,standart,103,1 seçim · boss ödülü yok,7,Altın Hasat I - 1,3,11,Gold
44,Hız-alan + Ritim,bahcivan,standart,103,1 seçim · boss ödülü yok,8,Hızlı Eller - 3,1,16,Gold
44,Hız-alan + Ritim,bahcivan,standart,103,1 seçim · boss ödülü yok,9,1×3 Saksı,1,30,Gold
44,Hız-alan + Ritim,bahcivan,standart,103,1 seçim · boss ödülü yok,10,Geniş Süpürüş - 1,1,21,Gold
44,Hız-alan + Ritim,bahcivan,standart,103,1 seçim · boss ödülü yok,10,Düzenli Üretim - 1,2,8,Gold
44,Hız-alan + Ritim,bahcivan,standart,103,1 seçim · boss ödülü yok,10,Altın Hasat I - 2,1,13,Gold
44,Hız-alan + Ritim,bahcivan,standart,103,1 seçim · boss ödülü yok,11,Hızlı Eller - 3,2,18,Gold
44,Hız-alan + Ritim,bahcivan,standart,103,1 seçim · boss ödülü yok,11,Keskin Başlangıç - 1,3,8,Gold
44,Hız-alan + Ritim,bahcivan,standart,103,1 seçim · boss ödülü yok,11,Geniş Süpürüş - 1,2,28,Gold
44,Hız-alan + Ritim,bahcivan,standart,103,1 seçim · boss ödülü yok,11,Grid Genişleme I,2,30,Iron
44,Hız-alan + Ritim,bahcivan,standart,103,1 seçim · boss ödülü yok,12,Keskin Başlangıç - 2,1,10,Gold
44,Hız-alan + Ritim,bahcivan,standart,103,1 seçim · boss ödülü yok,12,Altın Hasat I - 2,2,16,Gold
44,Hız-alan + Ritim,bahcivan,standart,103,1 seçim · boss ödülü yok,12,Hızlı Eller - 4,1,20,Gold
44,Hız-alan + Ritim,bahcivan,standart,103,1 seçim · boss ödülü yok,12,Düzenli Üretim - 1,3,10,Gold
44,Hız-alan + Ritim,bahcivan,standart,103,1 seçim · boss ödülü yok,13,Geniş Süpürüş - 1,3,35,Gold
44,Hız-alan + Ritim,bahcivan,standart,103,1 seçim · boss ödülü yok,13,Keskin Başlangıç - 2,2,11,Gold
44,Hız-alan + Ritim,bahcivan,standart,103,1 seçim · boss ödülü yok,13,Altın Hasat I - 3,1,18,Gold
44,Hız-alan + Ritim,bahcivan,standart,103,1 seçim · boss ödülü yok,13,Düzenli Üretim - 2,1,12,Gold
44,Hız-alan + Ritim,bahcivan,standart,103,1 seçim · boss ödülü yok,13,Hasat Deneyimi I - 1,2,8,Gold
44,Hız-alan + Ritim,bahcivan,standart,103,1 seçim · boss ödülü yok,14,Keskin Başlangıç - 3,1,13,Gold
44,Hız-alan + Ritim,bahcivan,standart,103,1 seçim · boss ödülü yok,14,Altın Hasat I - 3,2,20,Gold
44,Hız-alan + Ritim,bahcivan,standart,103,1 seçim · boss ödülü yok,14,Keskin Başlangıç - 3,2,14,Gold
44,Hız-alan + Ritim,bahcivan,standart,103,1 seçim · boss ödülü yok,14,Hasat Deneyimi I - 1,3,10,Gold
44,Hız-alan + Ritim,bahcivan,standart,103,1 seçim · boss ödülü yok,14,Tornado Kartları,1,30,Iron
44,Hız-alan + Ritim,bahcivan,standart,103,1 seçim · boss ödülü yok,15,2×2 Saksı,1,80,Gold
44,Hız-alan + Ritim,bahcivan,standart,103,1 seçim · boss ödülü yok,16,Hızlı Eller - 4,2,22,Gold
44,Hız-alan + Ritim,bahcivan,standart,103,1 seçim · boss ödülü yok,16,Geniş Süpürüş - 2,1,40,Gold
44,Hız-alan + Ritim,bahcivan,standart,103,1 seçim · boss ödülü yok,16,Demir Hasat - 1,1,25,Gold
44,Hız-alan + Ritim,bahcivan,standart,103,1 seçim · boss ödülü yok,16,Çifte Hasat Kartları,1,25,Iron
44,Hız-alan + Ritim,bahcivan,standart,103,1 seçim · boss ödülü yok,17,Kesim Tekniği - 1,1,25,Gold
44,Hız-alan + Ritim,bahcivan,standart,103,1 seçim · boss ödülü yok,17,Düzenli Üretim - 2,2,13,Gold
44,Hız-alan + Ritim,bahcivan,standart,103,1 seçim · boss ödülü yok,17,Altın Hasat I - 4,1,22,Gold
44,Hız-alan + Ritim,bahcivan,standart,103,1 seçim · boss ödülü yok,17,Keskin Başlangıç - 4,1,16,Gold
44,Hız-alan + Ritim,bahcivan,standart,103,1 seçim · boss ödülü yok,17,Hasat Deneyimi I - 2,1,12,Gold
44,Hız-alan + Ritim,bahcivan,standart,103,1 seçim · boss ödülü yok,17,Keskin Başlangıç - 4,2,17,Gold
44,Hız-alan + Ritim,bahcivan,standart,103,1 seçim · boss ödülü yok,18,Kesim Tekniği - 1,2,35,Gold
44,Hız-alan + Ritim,bahcivan,standart,103,1 seçim · boss ödülü yok,18,Altın Hasat I - 4,2,24,Gold
44,Hız-alan + Ritim,bahcivan,standart,103,1 seçim · boss ödülü yok,18,Demir Hasat - 1,2,35,Gold
44,Hız-alan + Ritim,bahcivan,standart,103,1 seçim · boss ödülü yok,19,Düzenli Üretim - 3,1,15,Gold
44,Hız-alan + Ritim,bahcivan,standart,103,1 seçim · boss ödülü yok,19,Hasat Deneyimi I - 2,2,14,Gold
44,Hız-alan + Ritim,bahcivan,standart,103,1 seçim · boss ödülü yok,19,Kesim Tekniği - 1,3,40,Gold
44,Hız-alan + Ritim,bahcivan,standart,103,1 seçim · boss ödülü yok,19,Bumerang Orak Kartları,1,40,Iron
44,Hız-alan + Ritim,bahcivan,standart,103,1 seçim · boss ödülü yok,20,Düzenli Üretim - 3,2,17,Gold
44,Hız-alan + Ritim,bahcivan,standart,103,1 seçim · boss ödülü yok,20,Demir Hasat - 1,3,40,Gold
44,Hız-alan + Ritim,bahcivan,standart,103,1 seçim · boss ödülü yok,21,Hasat Deneyimi I - 3,1,16,Gold
44,Hız-alan + Ritim,bahcivan,standart,103,1 seçim · boss ödülü yok,21,Düzenli Üretim - 4,1,19,Gold
44,Hız-alan + Ritim,bahcivan,standart,103,1 seçim · boss ödülü yok,21,Hasat Deneyimi I - 3,2,18,Gold
44,Hız-alan + Ritim,bahcivan,standart,103,1 seçim · boss ödülü yok,21,Düzenli Üretim - 4,2,21,Gold
44,Hız-alan + Ritim,bahcivan,standart,103,1 seçim · boss ödülü yok,21,Taş Hasat - 1,1,35,Iron
44,Hız-alan + Ritim,bahcivan,standart,103,1 seçim · boss ödülü yok,21,Hasat Deneyimi I - 4,1,20,Gold
44,Hız-alan + Ritim,bahcivan,standart,103,1 seçim · boss ödülü yok,22,Hasat Deneyimi I - 4,2,21,Gold
44,Hız-alan + Ritim,bahcivan,standart,103,1 seçim · boss ödülü yok,23,Akıcı Kesim - 1,1,160,Gold
44,Hız-alan + Ritim,bahcivan,standart,103,1 seçim · boss ödülü yok,24,Geniş Süpürüş - 2,2,45,Gold
44,Hız-alan + Ritim,bahcivan,standart,103,1 seçim · boss ödülü yok,24,Geniş Süpürüş - 3,1,55,Gold
44,Hız-alan + Ritim,bahcivan,standart,103,1 seçim · boss ödülü yok,25,Kesim Tekniği - 2,1,50,Gold
44,Hız-alan + Ritim,bahcivan,standart,103,1 seçim · boss ödülü yok,25,Demir Hasat - 2,1,50,Gold
44,Hız-alan + Ritim,bahcivan,standart,103,1 seçim · boss ödülü yok,28,Akıcı Kesim - 1,2,210,Gold
44,Hız-alan + Ritim,bahcivan,standart,103,1 seçim · boss ödülü yok,28,Taş Hasat - 1,2,45,Iron
45,Hız-alan + Ritim,bahcivan,standart,104,1 seçim · boss ödülü yok,1,Hızlı Eller - 1,1,7,Gold
45,Hız-alan + Ritim,bahcivan,standart,104,1 seçim · boss ödülü yok,2,Hızlı Eller - 1,2,9,Gold
45,Hız-alan + Ritim,bahcivan,standart,104,1 seçim · boss ödülü yok,2,Hızlı Eller - 1,3,11,Gold
45,Hız-alan + Ritim,bahcivan,standart,104,1 seçim · boss ödülü yok,3,Altın Hasat I - 1,1,7,Gold
45,Hız-alan + Ritim,bahcivan,standart,104,1 seçim · boss ödülü yok,5,Hızlı Eller - 2,1,12,Gold
45,Hız-alan + Ritim,bahcivan,standart,104,1 seçim · boss ödülü yok,5,Grid Genişleme I,1,30,Gold
45,Hız-alan + Ritim,bahcivan,standart,104,1 seçim · boss ödülü yok,6,Altın Hasat I - 1,2,9,Gold
45,Hız-alan + Ritim,bahcivan,standart,104,1 seçim · boss ödülü yok,6,Hızlı Eller - 2,2,14,Gold
45,Hız-alan + Ritim,bahcivan,standart,104,1 seçim · boss ödülü yok,6,Düzenli Üretim - 1,1,6,Gold
45,Hız-alan + Ritim,bahcivan,standart,104,1 seçim · boss ödülü yok,6,Keskin Başlangıç - 1,1,5,Gold
45,Hız-alan + Ritim,bahcivan,standart,104,1 seçim · boss ödülü yok,7,Altın Hasat I - 1,3,11,Gold
45,Hız-alan + Ritim,bahcivan,standart,104,1 seçim · boss ödülü yok,7,Hızlı Eller - 3,1,16,Gold
45,Hız-alan + Ritim,bahcivan,standart,104,1 seçim · boss ödülü yok,8,1×3 Saksı,1,30,Gold
45,Hız-alan + Ritim,bahcivan,standart,104,1 seçim · boss ödülü yok,9,Geniş Süpürüş - 1,1,21,Gold
45,Hız-alan + Ritim,bahcivan,standart,104,1 seçim · boss ödülü yok,9,Keskin Başlangıç - 1,2,7,Gold
45,Hız-alan + Ritim,bahcivan,standart,104,1 seçim · boss ödülü yok,9,Düzenli Üretim - 1,2,8,Gold
45,Hız-alan + Ritim,bahcivan,standart,104,1 seçim · boss ödülü yok,9,Altın Hasat I - 2,1,13,Gold
45,Hız-alan + Ritim,bahcivan,standart,104,1 seçim · boss ödülü yok,11,Hızlı Eller - 3,2,18,Gold
45,Hız-alan + Ritim,bahcivan,standart,104,1 seçim · boss ödülü yok,11,Keskin Başlangıç - 1,3,8,Gold
45,Hız-alan + Ritim,bahcivan,standart,104,1 seçim · boss ödülü yok,11,Geniş Süpürüş - 1,2,28,Gold
45,Hız-alan + Ritim,bahcivan,standart,104,1 seçim · boss ödülü yok,11,Grid Genişleme I,2,30,Iron
45,Hız-alan + Ritim,bahcivan,standart,104,1 seçim · boss ödülü yok,12,Keskin Başlangıç - 2,1,10,Gold
45,Hız-alan + Ritim,bahcivan,standart,104,1 seçim · boss ödülü yok,12,Altın Hasat I - 2,2,16,Gold
45,Hız-alan + Ritim,bahcivan,standart,104,1 seçim · boss ödülü yok,12,Hızlı Eller - 4,1,20,Gold
45,Hız-alan + Ritim,bahcivan,standart,104,1 seçim · boss ödülü yok,12,Düzenli Üretim - 1,3,10,Gold
45,Hız-alan + Ritim,bahcivan,standart,104,1 seçim · boss ödülü yok,12,Tornado Kartları,1,30,Iron
45,Hız-alan + Ritim,bahcivan,standart,104,1 seçim · boss ödülü yok,13,Hasat Deneyimi I - 1,1,6,Gold
45,Hız-alan + Ritim,bahcivan,standart,104,1 seçim · boss ödülü yok,13,Geniş Süpürüş - 1,3,35,Gold
45,Hız-alan + Ritim,bahcivan,standart,104,1 seçim · boss ödülü yok,13,Keskin Başlangıç - 2,2,11,Gold
45,Hız-alan + Ritim,bahcivan,standart,104,1 seçim · boss ödülü yok,13,Altın Hasat I - 3,1,18,Gold
45,Hız-alan + Ritim,bahcivan,standart,104,1 seçim · boss ödülü yok,13,Düzenli Üretim - 2,1,12,Gold
45,Hız-alan + Ritim,bahcivan,standart,104,1 seçim · boss ödülü yok,14,Hasat Deneyimi I - 1,2,8,Gold
45,Hız-alan + Ritim,bahcivan,standart,104,1 seçim · boss ödülü yok,14,Keskin Başlangıç - 3,1,13,Gold
45,Hız-alan + Ritim,bahcivan,standart,104,1 seçim · boss ödülü yok,14,Altın Hasat I - 3,2,20,Gold
45,Hız-alan + Ritim,bahcivan,standart,104,1 seçim · boss ödülü yok,14,Keskin Başlangıç - 3,2,14,Gold
45,Hız-alan + Ritim,bahcivan,standart,104,1 seçim · boss ödülü yok,15,2×2 Saksı,1,80,Gold
45,Hız-alan + Ritim,bahcivan,standart,104,1 seçim · boss ödülü yok,16,Hızlı Eller - 4,2,22,Gold
45,Hız-alan + Ritim,bahcivan,standart,104,1 seçim · boss ödülü yok,16,Geniş Süpürüş - 2,1,40,Gold
45,Hız-alan + Ritim,bahcivan,standart,104,1 seçim · boss ödülü yok,16,Demir Hasat - 1,1,25,Gold
45,Hız-alan + Ritim,bahcivan,standart,104,1 seçim · boss ödülü yok,16,Kesim Tekniği - 1,1,25,Gold
45,Hız-alan + Ritim,bahcivan,standart,104,1 seçim · boss ödülü yok,16,Çifte Hasat Kartları,1,25,Iron
45,Hız-alan + Ritim,bahcivan,standart,104,1 seçim · boss ödülü yok,17,Hasat Deneyimi I - 1,3,10,Gold
45,Hız-alan + Ritim,bahcivan,standart,104,1 seçim · boss ödülü yok,17,Düzenli Üretim - 2,2,13,Gold
45,Hız-alan + Ritim,bahcivan,standart,104,1 seçim · boss ödülü yok,17,Altın Hasat I - 4,1,22,Gold
45,Hız-alan + Ritim,bahcivan,standart,104,1 seçim · boss ödülü yok,17,Keskin Başlangıç - 4,1,16,Gold
45,Hız-alan + Ritim,bahcivan,standart,104,1 seçim · boss ödülü yok,17,Kesim Tekniği - 1,2,35,Gold
45,Hız-alan + Ritim,bahcivan,standart,104,1 seçim · boss ödülü yok,17,Hasat Deneyimi I - 2,1,12,Gold
45,Hız-alan + Ritim,bahcivan,standart,104,1 seçim · boss ödülü yok,18,Altın Hasat I - 4,2,24,Gold
45,Hız-alan + Ritim,bahcivan,standart,104,1 seçim · boss ödülü yok,18,Keskin Başlangıç - 4,2,17,Gold
45,Hız-alan + Ritim,bahcivan,standart,104,1 seçim · boss ödülü yok,18,Demir Hasat - 1,2,35,Gold
45,Hız-alan + Ritim,bahcivan,standart,104,1 seçim · boss ödülü yok,18,Düzenli Üretim - 3,1,15,Gold
45,Hız-alan + Ritim,bahcivan,standart,104,1 seçim · boss ödülü yok,18,Hasat Deneyimi I - 2,2,14,Gold
45,Hız-alan + Ritim,bahcivan,standart,104,1 seçim · boss ödülü yok,19,Kesim Tekniği - 1,3,40,Gold
45,Hız-alan + Ritim,bahcivan,standart,104,1 seçim · boss ödülü yok,19,Düzenli Üretim - 3,2,17,Gold
45,Hız-alan + Ritim,bahcivan,standart,104,1 seçim · boss ödülü yok,19,Demir Hasat - 1,3,40,Gold
45,Hız-alan + Ritim,bahcivan,standart,104,1 seçim · boss ödülü yok,19,Hasat Deneyimi I - 3,1,16,Gold
45,Hız-alan + Ritim,bahcivan,standart,104,1 seçim · boss ödülü yok,20,Düzenli Üretim - 4,1,19,Gold
45,Hız-alan + Ritim,bahcivan,standart,104,1 seçim · boss ödülü yok,20,Hasat Deneyimi I - 3,2,18,Gold
45,Hız-alan + Ritim,bahcivan,standart,104,1 seçim · boss ödülü yok,20,Düzenli Üretim - 4,2,21,Gold
45,Hız-alan + Ritim,bahcivan,standart,104,1 seçim · boss ödülü yok,20,Hasat Deneyimi I - 4,1,20,Gold
45,Hız-alan + Ritim,bahcivan,standart,104,1 seçim · boss ödülü yok,21,Taş Hasat - 1,1,35,Iron
45,Hız-alan + Ritim,bahcivan,standart,104,1 seçim · boss ödülü yok,21,Hasat Deneyimi I - 4,2,21,Gold
45,Hız-alan + Ritim,bahcivan,standart,104,1 seçim · boss ödülü yok,22,Akıcı Kesim - 1,1,160,Gold
45,Hız-alan + Ritim,bahcivan,standart,104,1 seçim · boss ödülü yok,23,Geniş Süpürüş - 2,2,45,Gold
45,Hız-alan + Ritim,bahcivan,standart,104,1 seçim · boss ödülü yok,23,Geniş Süpürüş - 3,1,55,Gold
45,Hız-alan + Ritim,bahcivan,standart,104,1 seçim · boss ödülü yok,23,Kesim Tekniği - 2,1,50,Gold
45,Hız-alan + Ritim,bahcivan,standart,104,1 seçim · boss ödülü yok,24,Demir Hasat - 2,1,50,Gold
45,Hız-alan + Ritim,bahcivan,standart,104,1 seçim · boss ödülü yok,25,Bumerang Orak Kartları,1,40,Iron
45,Hız-alan + Ritim,bahcivan,standart,104,1 seçim · boss ödülü yok,26,Akıcı Kesim - 1,2,210,Gold
45,Hız-alan + Ritim,bahcivan,standart,104,1 seçim · boss ödülü yok,28,2×3 Saksı,1,200,Gold
45,Hız-alan + Ritim,bahcivan,standart,104,1 seçim · boss ödülü yok,28,Taş Hasat - 1,2,45,Iron
45,Hız-alan + Ritim,bahcivan,standart,104,1 seçim · boss ödülü yok,29,Geniş Süpürüş - 3,2,60,Gold
45,Hız-alan + Ritim,bahcivan,standart,104,1 seçim · boss ödülü yok,29,Geniş Süpürüş - 4,1,65,Gold
45,Hız-alan + Ritim,bahcivan,standart,104,1 seçim · boss ödülü yok,30,Kesim Tekniği - 2,2,55,Gold
45,Hız-alan + Ritim,bahcivan,standart,104,1 seçim · boss ödülü yok,30,Kesim Tekniği - 3,1,65,Gold
45,Hız-alan + Ritim,bahcivan,standart,104,1 seçim · boss ödülü yok,30,Demir Hasat - 2,2,55,Gold
45,Hız-alan + Ritim,bahcivan,standart,104,1 seçim · boss ödülü yok,31,Demir Hasat - 3,1,65,Gold
45,Hız-alan + Ritim,bahcivan,standart,104,1 seçim · boss ödülü yok,33,Akıcı Kesim - 1,3,260,Gold
45,Hız-alan + Ritim,bahcivan,standart,104,1 seçim · boss ödülü yok,33,Taş Hasat - 1,3,55,Iron
45,Hız-alan + Ritim,bahcivan,standart,104,1 seçim · boss ödülü yok,34,Geniş Tarama - 1,1,160,Gold
