run,profile,policy,farmer,scythe,seed,label,round,outcome,boss,kills,direct,explosion,tornado,boomerang,electric,kCommon,kUncommon,kRare,kEpic,kLegendary,score,segScore,segTarget,bossScore,bossTarget,gold,iron,stone,bankGold,bankIron,bankStone,xp,level,cards,damage,directMult,behaviorMult,interval,radius,reachCells,crit,critMult,attacks,hitsPerAttack,htkCommon,htkUncommon,htkRare,htkEpic,htkLegendary,osCommon,osUncommon,osRare,osEpic,osLegendary,ttkCommon,ttkUncommon,ttkRare,ttkEpic,ttkLegendary,planters,points,fill,minFill,spawnInterval,capacity,tiersBought,treeTiers,plantersBought,rewards,best5s,emptyShare,duration
1,Run50_DengeV1,Dengeli,bahcivan,standart,100,boss=none,1,,,13,13,0,0,0,0,12,1,0,0,0,15,15,45,0,0,28,0,0,28,0,0,270,1,0,10,1,1,3,1,5,0.3,2,13,2.08,1.83,3,,,,21,0,,,,2.5,6,,,,2,4,0.346,0,8,23,0,0,2,,3,0.205,45
1,Run50_DengeV1,Dengeli,bahcivan,standart,100,boss=none,2,,,13,13,0,0,0,0,10,3,0,0,0,19,34,45,0,0,32,0,0,33,0,0,290,2,1,10,1,1,3,1,5,0.3,2,14,2.86,2.3,4,,,,0,0,,0,,4.5,9,,,,3,5,0.527,0,8,28,1,1,1,,3,0.044,45
1,Run50_DengeV1,Dengeli,bahcivan,standart,100,boss=none,3,,,18,18,0,0,0,0,14,2,1,1,0,60,94,45,0,0,36,4,2,37,4,2,465,3,1,10.67,1,1,2.892,1,5,0.3,2,14,3.07,1.93,3.5,4,1,,20,0,0,,,3.73,10.13,11.57,0,,4,6,0.462,0,8,34,2,3,1,,6,0.113,45
1,Run50_DengeV1,Dengeli,bahcivan,standart,100,boss=none,4,,,18,18,0,0,0,0,12,5,1,0,0,37,131,45,0,0,44,4,0,48,8,2,462,4,1,11.33,1,1,2.892,1,5,0.3,2,15,3,1.75,2.8,2,,,23,0,0,,,2.89,7.52,2.9,,,5,7,0.539,0.143,7.637,41,2,5,1,,5,0.026,45
1,Run50_DengeV1,Dengeli,bahcivan,standart,100,boss=none,5,,,21,21,0,0,0,0,14,5,2,0,0,49,180,45,49,8,48,8,0,50,16,2,567,5,1,11.33,1,1,2.892,1,5,0.3,2,15,3.6,2.14,2.2,3.5,,,14,0,0,,,5.79,4.63,7.25,,,6,9,0.595,0.222,7.665,53,1,6,1,,5,0,45
1,Run50_DengeV1,Dengeli,bahcivan,standart,100,boss=none,6,,,26,26,0,0,0,0,18,5,2,1,0,83,83,110,0,0,56,8,2,58,24,4,707,7,2,11.33,1.25,1,2.789,1,5,0.3,2,16,3.56,1.67,2.2,3,3,,25,0,0,0,,2.79,4.47,9.75,11.13,,6,9,0.567,0.222,7.263,56,3,9,0,keskin_bicakx1,5,0,45
1,Run50_DengeV1,Dengeli,bahcivan,standart,100,boss=none,7,,,32,32,0,0,0,0,21,9,2,0,0,68,151,110,0,0,87,8,0,95,32,4,859,8,1,12,1.25,1,2.689,1,5,0.3,2,16,3.88,1.62,2.11,2.5,,,20,0,0,,,2.69,4.47,5.37,,,7,10,0.482,0.1,7.175,63,3,12,1,keskin_bicakx1,6,0.028,45
1,Run50_DengeV1,Dengeli,bahcivan,standart,100,boss=none,8,,,34,34,0,0,0,0,23,9,1,1,0,90,241,110,0,0,91,4,2,106,36,6,911,10,2,12,1.25,1,2.689,1,5,0.3,2,16,4.25,1.7,2.11,3,4,,32,0,0,0,,3.51,6.57,24.2,18.8,,9,14,0.616,0.429,7.315,86,0,12,2,keskin_bicakx1,6,0,45
1,Run50_DengeV1,Dengeli,bahcivan,standart,100,boss=none,9,,,28,28,0,0,0,0,20,6,1,1,0,78,319,110,0,0,70,4,2,80,25,8,802,11,1,12.67,1.25,1,2.689,1,5,0.3,2,16,4.19,1.75,2.17,3,3,,16,0,0,0,,4.3,5.37,5.37,8.07,,10,16,0.711,0.5,6.957,103,5,17,1,keskin_bicakx1,6,0,45
1,Run50_DengeV1,Dengeli,bahcivan,standart,100,boss=none,10,,,42,42,0,0,0,0,36,5,1,0,0,65,384,110,65,20,97,4,0,101,29,8,1112,13,2,13.33,1.25,1,2.592,1,5,0.3,2,17,4.29,1.53,1.6,3,,,30,0,0,,,3.96,3.63,7.77,,,11,18,0.644,0.444,7.017,115,3,20,1,keskin_bicakx1,8,0,45
1,Run50_DengeV1,Dengeli,bahcivan,standart,100,boss=none,11,,,45,45,0,0,0,0,38,7,0,0,0,64,64,150,0,0,149,0,0,157,29,8,1238,14,1,14,1.25,1,2.5,1.32,6,0.3,2,17,5.24,1.61,2.43,,,,30,0,0,,,3.68,6.43,,,,12,20,0.626,0.35,6.932,130,4,24,1,keskin_bicakx1 genis_savurusx1,11,0,45
1,Run50_DengeV1,Dengeli,bahcivan,standart,100,boss=none,12,,,45,45,0,0,0,0,31,12,2,0,0,113,177,150,0,0,153,8,0,158,37,8,1410,16,2,14.67,1.25,1,2.41,1.32,6,0.3,2,18,5.39,1.77,2.25,1,,,14,0,0,,,5.44,10.65,0,,,13,23,0.72,0.565,6.646,156,6,30,1,keskin_bicakx1 genis_savurusx1,10,0,45
1,Run50_DengeV1,Dengeli,bahcivan,standart,100,boss=none,13,,,53,53,0,0,0,0,39,8,5,1,0,155,332,150,0,0,157,20,2,174,27,10,1666,17,1,14.67,1.25,1,2.41,1.371,6,0.3,2,18,5.78,1.46,2.5,3.2,4,,41,0,0,0,,3.27,9.64,10.61,24.1,,15,25,0.692,0.48,6.726,167,3,33,2,keskin_bicakx1 genis_savurusx1,13,0,45
1,Run50_DengeV1,Dengeli,bahcivan,standart,100,boss=none,14,,,51,51,0,0,0,0,42,8,1,0,0,91,423,150,0,0,174,4,0,192,6,10,1573,19,2,17.38,1.25,1,2.324,1.423,6,0.3,2,19,5.89,1.64,2.38,3,,,24,0,0,,0,4.59,8.42,20.9,,,15,25,0.696,0.48,6.726,167,8,41,0,keskin_bicakx1 genis_savurusx1,12,0,45
1,Run50_DengeV1,Dengeli,bahcivan,standart,100,boss=none,15,,,55,55,0,0,0,0,34,10,9,1,1,335,758,150,335,30,207,36,2,212,42,12,2111,20,1,18.13,1.25,1,2.24,1.474,6,0.3,2,20,5.95,1.65,2.1,2.33,3,1,23,0,0,0,,4.15,9.85,7.47,17.9,0,15,25,0.703,0.52,6.304,178,9,50,0,keskin_bicakx1 genis_savurusx1,10,0,45
1,Run50_DengeV1,Dengeli,bahcivan,standart,100,boss=none,16,,,71,71,0,0,0,0,47,18,4,2,0,243,243,220,0,0,249,16,4,249,58,16,2547,22,2,19.2,1.25,1,1.836,1.474,6,0.3,2,24,5.79,1.62,1.83,3,3.5,,27,8,0,0,,3.01,5.09,8.26,17.42,,15,25,0.618,0.48,6.304,178,3,53,0,keskin_bicakx1 genis_savurusx1 hizli_bilekx1,11,0,45
1,Run50_DengeV1,Dengeli,bahcivan,standart,100,boss=none,17,,,72,72,0,0,0,0,48,18,6,0,0,186,429,220,0,0,252,30,0,260,63,16,2957,23,1,20.27,1.25,1,1.836,1.525,6,0.3,2,24,5.75,1.54,2.06,3.17,,,36,6,0,0,,4.28,5.2,8.87,,,14,25,0.654,0.44,5.824,193,10,63,1,keskin_bicakx1 genis_savurusx1 hizli_bilekx1,13,0,45
1,Run50_DengeV1,Dengeli,bahcivan,standart,100,boss=none,18,,,65,61,0,4,0,0,38,15,6,4,2,481,910,220,0,0,249,30,16,344,68,32,3001,25,2,20.27,1.25,1,1.778,1.577,6,0.3,2,25,5.88,1.69,2.43,3,2.75,4,21,0,0,0,0,3.96,6.48,9.48,11.11,16.9,12,25,0.658,0.4,5.728,196,2,65,1,keskin_bicakx1 genis_savurusx1 hizli_bilekx1,12,0,45
1,Run50_DengeV1,Dengeli,bahcivan,standart,100,boss=none,19,,,68,68,0,0,0,0,41,13,10,3,1,455,1365,220,0,0,201,70,6,245,88,38,3150,26,1,23.08,1.25,1,1.778,1.577,6,0.3,2,25,5.92,1.63,1.85,2.5,3.67,2,22,0,0,0,0,3.6,3.96,8.18,20.14,7.13,12,25,0.68,0.4,5.728,196,3,68,0,keskin_bicakx1 genis_savurusx1 hizli_bilekx1,13,0,45
1,Run50_DengeV1,Dengeli,bahcivan,standart,100,boss=none,20,,,66,66,0,0,0,0,37,14,11,1,3,597,1962,220,597,45,195,95,10,220,113,48,3372,28,2,23.08,1.25,1,1.778,1.577,6,0.3,2,25,5.84,1.65,2.07,2.55,3,2,26,7,0,0,0,3.41,5.33,7.43,12.47,8.29,13,26,0.686,0.462,5.779,202,3,71,1,keskin_bicakx1 genis_savurusx1 hizli_bilekx1,12,0,45
1,Run50_DengeV1,Dengeli,bahcivan,standart,100,boss=none,21,,,72,70,0,2,0,0,37,16,15,2,2,2076,2076,300,0,0,252,112,4,262,152,32,3953,29,1,24.3,1.563,1,1.778,1.628,6,0.3,2,25,5.92,1.51,1.88,2.23,3,3.5,33,13,0,0,0,4.28,8,7.93,8.88,12.43,14,35,0.725,0.314,5.824,270,4,75,5,keskin_bicakx2 genis_savurusx1 hizli_bilekx1,12,0,45
1,Run50_DengeV1,Dengeli,bahcivan,standart,100,boss=none,22,,,77,74,0,3,0,0,39,22,12,3,1,959,3035,300,0,0,249,94,6,406,176,38,3856,31,2,25.51,1.563,1,1.778,1.628,6,0.3,2,25,6,1.51,1.77,2.09,2.33,2,31,13,0,0,0,3.22,8.65,5.82,8.29,1.77,16,40,0.752,0.575,5.896,305,2,77,3,keskin_bicakx2 genis_savurusx1 hizli_bilekx1,13,0,45
1,Run50_DengeV1,Dengeli,bahcivan,standart,100,boss=none,23,,,75,73,0,2,0,0,32,23,14,3,3,2273,5308,300,0,0,324,84,16,430,260,54,4017,32,1,25.51,1.563,1,1.722,1.628,6,0.3,2,26,6,1.56,1.67,2.07,3,2.33,25,23,0,0,0,3.55,4.43,6.4,10.32,8.04,18,44,0.792,0.636,5.952,333,1,78,2,keskin_bicakx2 genis_savurusx1 hizli_bilekx1,15,0,45
1,Run50_DengeV1,Dengeli,bahcivan,standart,100,boss=none,24,,,79,76,0,2,0,1,40,20,8,9,2,3386,8694,300,0,0,240,70,38,240,87,72,4197,33,1,28.62,1.563,1,1.722,1.679,6,0.317,2,26,6,1.43,1.6,2.25,2.44,3,41,16,0,0,0,3.86,3.36,10.11,10.9,9.47,19,48,0.786,0.646,5.829,371,5,83,3,keskin_bicakx2 genis_savurusx1 hizli_bilekx1,13,0,45
1,Run50_DengeV1,Dengeli,bahcivan,standart,100,boss=none,25,,,81,77,0,2,0,2,31,24,15,8,3,3219,11913,300,3219,65,282,112,35,352,211,67,4894,34,1,28.62,1.563,1,1.722,1.679,6,0.317,2,26,6,1.42,1.5,2.14,2.14,1.67,26,44,12,9,0,2.22,3.76,5.41,3.69,2.3,18,49,0.793,0.571,5.806,380,1,84,3,keskin_bicakx2 genis_savurusx1 hizli_bilekx1,16,0,45
1,Run50_DengeV1,Dengeli,bahcivan,standart,100,boss=none,26,,,98,93,0,3,0,2,44,17,19,16,2,4330,4330,500,0,0,234,183,48,371,418,75,6035,36,2,29.99,1.953,1,1.722,1.731,6,0.317,2,26,6,1.24,1.25,1.53,1.73,3,60,50,38,21,0,1.64,1.61,4.53,4.02,12.07,15,49,0.744,0.592,5.719,386,4,88,2,keskin_bicakx3 genis_savurusx1 hizli_bilekx1,16,0,45
1,Run50_DengeV1,Dengeli,bahcivan,standart,100,boss=none,27,,,101,91,0,4,2,4,46,21,15,13,6,4118,8448,500,0,0,399,130,63,510,253,138,6260,37,1,29.99,1.953,1,1.668,1.731,6,0.317,2,26,6,1.4,1.28,1.64,1.5,2.33,49,41,33,0,20,1.71,1.85,5.72,2.17,7.23,15,49,0.752,0.612,5.719,386,3,91,0,keskin_bicakx3 genis_savurusx1 hizli_bilekx1,20,0,45
1,Run50_DengeV1,Dengeli,bahcivan,standart,100,boss=none,28,,,98,93,0,2,0,3,33,26,23,13,3,2634,11082,500,0,0,351,161,51,486,389,89,6137,38,1,33.24,1.953,1,1.668,1.731,6,0.317,2,26,6,1.26,1.4,1.64,2,1,59,38,25,25,50,1.35,2.53,4.62,6.39,0,16,52,0.763,0.654,5.751,407,3,94,2,keskin_bicakx3 genis_savurusx1 hizli_bilekx1,18,0,45
1,Run50_DengeV1,Dengeli,bahcivan,standart,100,boss=none,29,,,95,82,0,6,3,4,41,24,16,10,4,4243,15325,500,0,0,267,166,54,343,255,73,5506,39,1,33.24,1.953,1,1.668,1.804,6,0.333,2,26,6,1.29,1.58,1.6,2.1,2.67,59,29,17,8,0,2.19,3.08,3.78,5.17,11.11,18,59,0.792,0.695,5.806,457,4,98,3,keskin_bicakx3 genis_savurusx1 hizli_bilekx1,17,0,45
1,Run50_DengeV1,Dengeli,bahcivan,standart,100,boss=none,30,,,150,135,0,9,2,4,53,39,30,23,5,4529,19854,500,4529,100,498,278,98,561,533,106,9888,41,2,34.76,1.953,1,1.668,1.855,9,0.333,2,26,8.96,1.25,1.44,1.56,1.73,2,57,45,28,14,25,1.74,3.47,3.47,5.38,8.75,20,62,0.709,0.581,5.85,477,4,102,2,keskin_bicakx3 genis_savurusx1 hizli_bilekx1,27,0,45
1,Run50_DengeV1,Dengeli,bahcivan,standart,100,boss=none,31,,,157,145,0,4,2,6,56,42,35,19,5,3957,3957,1200,0,0,525,328,116,676,481,142,10088,43,2,34.76,1.953,1,1.418,1.855,9,0.333,2,31,9,1.3,1.51,1.94,1.83,2.33,46,35,17,8,0,2.86,4.12,5.29,3.71,9.44,27,80,0.749,0.55,5.882,612,5,107,7,keskin_bicakx3 genis_savurusx1 hizli_bilekx2,30,0,45
1,Run50_DengeV1,Dengeli,bahcivan,standart,100,boss=none,32,,,201,162,26,6,4,3,83,55,38,22,3,2754,6711,1200,0,0,591,459,130,647,820,177,12735,45,2,34.76,1.953,1,1.373,1.855,9,0.333,2,32,9,1.31,1.4,1.52,1.75,2.67,53,41,33,8,0,2.34,3.32,4.55,5.32,11.44,28,81,0.703,0.556,5.895,618,4,111,1,keskin_bicakx3 genis_savurusx1 hizli_bilekx2,34,0,45
1,Run50_DengeV1,Dengeli,bahcivan,standart,100,boss=none,33,,,204,152,38,10,2,2,80,53,36,27,8,5076,11787,1200,0,0,624,366,330,801,386,507,14018,46,1,38.16,1.953,1,1.373,1.855,9,0.333,2,32,9,1.27,1.32,1.81,1.73,1.67,51,48,28,15,0,1.81,2.41,4.93,4.62,4.12,28,81,0.682,0.494,5.895,618,3,114,0,keskin_bicakx3 genis_savurusx1 hizli_bilekx2,34,0,45
1,Run50_DengeV1,Dengeli,bahcivan,standart,100,boss=none,34,,,196,157,28,6,1,4,80,54,29,25,8,5464,17251,1200,0,0,950,414,130,1051,540,182,13411,48,2,39.82,1.953,1,1.373,1.929,9,0.35,2.222,32,8.94,1.28,1.41,1.61,1.84,1.5,52,49,34,6,0,1.92,2.71,5.54,4.92,3.89,28,81,0.715,0.531,5.751,634,9,123,0,keskin_bicakx3 genis_savurusx1 hizli_bilekx2,37,0,45
1,Run50_DengeV1,Dengeli,bahcivan,standart,100,boss=none,35,,,197,168,11,9,3,6,77,43,47,26,4,4453,21704,1200,4453,220,679,566,160,810,1106,342,13454,50,2,43.38,1.953,1,1.33,1.929,9,0.35,2.222,33,8.97,1.33,1.38,1.44,2.11,1,50,42,36,10,20,2.56,2.9,1.98,6.23,0,28,81,0.724,0.531,5.751,634,3,126,0,keskin_bicakx3 genis_savurusx1 hizli_bilekx2,36,0,45
1,Run50_DengeV1,Dengeli,bahcivan,standart,100,boss=none,36,,,261,206,38,9,2,6,98,65,57,32,9,6135,6135,2800,0,0,1224,666,185,1424,852,287,17902,51,1,45.79,1.953,1,1.33,2.643,12,0.35,2.333,33,11.67,1.35,1.3,1.85,2.04,2,56,55,23,10,40,2.1,1.78,5.15,5.38,6.66,28,81,0.616,0.407,5.751,634,5,131,0,keskin_bicakx3 genis_savurusx2 hizli_bilekx2,44,0,45
1,Run50_DengeV1,Dengeli,bahcivan,standart,100,boss=none,37,,,286,221,38,7,9,11,109,84,58,23,12,5699,11834,2800,0,0,1332,904,157,2016,1436,319,19756,53,2,45.79,1.953,1,1.33,2.643,12,0.367,2.333,33,11.79,1.19,1.3,1.63,1.94,2,63,57,40,5,10,1.23,1.83,3.44,5.15,4.29,28,81,0.583,0.42,5.61,650,4,135,0,keskin_bicakx3 genis_savurusx2 hizli_bilekx2,43,0,45
1,Run50_DengeV1,Dengeli,bahcivan,standart,100,boss=none,38,,,278,219,39,2,10,8,116,73,51,26,12,4810,16644,2800,0,0,1266,725,266,1522,1011,295,19152,55,2,52.15,1.953,1,1.288,2.643,12,0.367,2.444,34,11.59,1.33,1.33,1.59,1.76,2,58,53,38,12,9,2.27,2.18,3.98,3.87,8,28,81,0.594,0.444,5.61,650,7,142,0,keskin_bicakx3 genis_savurusx2 hizli_bilekx2,39,0,45
1,Run50_DengeV1,Dengeli,bahcivan,standart,100,boss=none,39,,,282,222,40,4,9,7,115,68,60,29,10,5311,21955,2800,0,0,1218,808,290,1510,1439,445,20554,57,2,52.15,1.953,1,1.288,2.739,12,0.383,2.444,34,11.56,1.26,1.29,1.57,2.05,2,63,57,43,8,11,1.41,1.58,3.26,6.05,5.96,28,81,0.607,0.432,5.435,671,5,147,0,keskin_bicakx3 genis_savurusx2 hizli_bilekx2,44,0,45
1,Run50_DengeV1,Dengeli,bahcivan,standart,100,boss=none,40,,,302,218,60,8,3,13,125,78,60,27,12,8359,30314,2800,8359,500,1388,894,278,1578,943,393,21016,58,1,54.76,1.953,1,1.288,2.739,12,0.383,2.556,34,11.71,1.28,1.42,1.64,1.8,1.88,66,47,34,24,22,1.98,2.44,3.25,4.51,5.8,28,81,0.584,0.407,5.435,671,5,152,0,keskin_bicakx3 genis_savurusx2 hizli_bilekx2,42,0,45
1,Run50_DengeV1,Dengeli,bahcivan,standart,100,boss=none,41,,,337,256,45,12,10,14,126,91,72,34,14,9584,9584,4500,0,0,1590,1077,298,1618,1580,311,23551,60,2,58.9,1.953,1,1.248,2.836,12,0.383,2.667,36,11.97,1.3,1.32,1.45,1.65,2.3,61,56,50,33,0,1.75,1.87,2.45,3.12,5.62,28,81,0.625,0.469,4.507,809,6,158,0,keskin_bicakx3 genis_savurusx2 hizli_bilekx2 bereketli_toprakx1,56,0,45
1,Run50_DengeV1,Dengeli,bahcivan,standart,100,boss=none,42,,,343,250,58,8,6,21,131,88,72,38,14,7562,17146,4500,0,0,1590,1115,349,1598,1595,505,25973,61,1,61.71,1.953,1,1.208,2.836,12,0.4,2.667,37,11.89,1.26,1.35,1.71,1.93,1.92,64,54,35,21,9,1.37,2.97,3.72,4.34,5.54,28,81,0.594,0.383,4.507,809,5,163,0,keskin_bicakx3 genis_savurusx2 hizli_bilekx2 bereketli_toprakx1,64,0,45
1,Run50_DengeV1,Dengeli,bahcivan,standart,100,boss=none,43,,,336,254,40,7,14,21,129,86,68,38,15,9209,26355,4500,0,0,1811,957,355,2579,1472,440,25727,63,2,66.05,1.953,1,1.208,2.836,12,0.4,2.778,37,11.95,1.24,1.43,1.52,1.61,2.2,63,44,49,39,11,1.33,2.45,3.22,2.81,10.38,28,81,0.621,0.494,4.396,829,5,168,0,keskin_bicakx3 genis_savurusx2 hizli_bilekx2 bereketli_toprakx1,54,0,45
1,Run50_DengeV1,Dengeli,bahcivan,standart,100,boss=none,44,,,389,286,66,6,10,21,148,108,71,52,10,9802,36157,4500,0,0,2028,978,402,3007,1250,672,30369,65,2,75.87,1.953,1,1.208,2.933,12,0.4,2.778,37,11.92,1.1,1.3,1.35,1.54,2,79,58,49,44,29,0.52,1.84,1.95,3.1,5.24,28,81,0.568,0.42,4.396,829,4,172,0,keskin_bicakx3 genis_savurusx2 hizli_bilekx2 bereketli_toprakx1,61,0,45
1,Run50_DengeV1,Dengeli,bahcivan,standart,100,boss=none,45,,,317,254,33,7,10,13,111,92,66,39,9,9100,45257,4500,9100,800,1689,966,318,1866,1006,520,24377,66,1,75.87,1.953,1,1.208,2.933,12,0.417,2.889,37,11.97,1.32,1.43,1.6,1.54,1.75,54,38,43,32,29,1.71,1.93,3.34,2.63,3.92,28,81,0.649,0.469,4.289,850,7,179,0,keskin_bicakx3 genis_savurusx2 hizli_bilekx2 bereketli_toprakx1,52,0,45
1,Run50_DengeV1,Dengeli,bahcivan,standart,100,boss=none,46,,,387,275,72,7,4,29,150,106,81,45,5,8379,8379,6000,0,0,1926,1101,384,2282,2107,384,29169,68,2,75.87,1.953,1,1.17,3.03,13,0.417,3,38,12.24,1.25,1.33,1.52,1.57,1.33,69,59,46,31,33,1.26,1.41,2.3,3.28,0.79,28,81,0.578,0.432,4.289,850,4,183,0,keskin_bicakx3 genis_savurusx2 hizli_bilekx2 bereketli_toprakx1 nadir_tohumx1,58,0,45
1,Run50_DengeV1,Dengeli,bahcivan,standart,100,boss=none,47,,,414,316,59,14,10,15,155,88,110,44,17,11345,19724,6000,0,0,2161,1698,444,2433,1775,828,33570,69,1,91.02,1.953,1,1.17,3.03,13,0.417,3,38,12.37,1.13,1.3,1.37,1.48,1.8,82,58,56,53,15,0.85,1.32,1.88,2.34,3.75,28,81,0.555,0.395,4.184,871,4,187,0,keskin_bicakx3 genis_savurusx2 hizli_bilekx2 bereketli_toprakx1 nadir_tohumx1,68,0,45
1,Run50_DengeV1,Dengeli,bahcivan,standart,100,boss=none,48,,,420,295,74,11,12,28,170,99,86,45,20,12144,31868,6000,0,0,2145,1509,510,2808,2584,1338,33017,71,2,91.02,1.953,1,1.17,3.03,13,0.433,3,38,12.24,1.19,1.42,1.3,1.49,1.86,77,51,62,51,20,1.08,2.11,1.3,2.07,4.43,28,81,0.544,0.358,4.138,881,3,190,0,keskin_bicakx3 genis_savurusx2 hizli_bilekx2 bereketli_toprakx1 nadir_tohumx1,65,0,45
1,Run50_DengeV1,Dengeli,bahcivan,standart,100,boss=none,49,,,465,347,72,13,14,19,158,132,88,70,17,14241,46109,6000,0,0,2784,1398,624,3022,1692,1962,38547,72,1,94.81,1.953,1,1.17,3.127,16,0.433,3,38,14.74,1.18,1.22,1.45,1.62,2,78,67,61,48,18,0.92,0.9,2.15,2.43,4.05,28,81,0.533,0.321,4.037,903,6,196,0,keskin_bicakx3 genis_savurusx2 hizli_bilekx2 bereketli_toprakx1 nadir_tohumx1,74,0,45
1,Run50_DengeV1,Dengeli,bahcivan,standart,100,boss=none,50,,,527,387,69,17,17,37,192,136,107,71,21,12117,58226,6000,0,0,2932,2013,600,3849,2822,682,41945,74,2,102.22,1.953,1,1.17,3.127,16,0.433,3,38,15.87,1.12,1.32,1.38,1.35,2.13,78,57,59,56,29,0.76,1.67,2.38,2.2,5.92,33,121,0.602,0.149,4.085,1333,3,199,15,keskin_bicakx3 genis_savurusx2 hizli_bilekx2 bereketli_toprakx1 nadir_tohumx1,89,0.004,45
1,Run50_DengeV1,Dengeli,bahcivan,standart,100,boss=none,50,KAZANDI
2,Run50_DengeV1,Dengeli,bahcivan,standart,101,boss=none,1,,,13,13,0,0,0,0,12,1,0,0,0,15,15,45,0,0,28,0,0,28,0,0,270,1,0,10,1,1,3,1,5,0.3,2,12,2.25,2,3,,,,17,0,,,,3,6,,,,2,4,0.339,0,8,23,0,0,2,,4,0.351,45
2,Run50_DengeV1,Dengeli,bahcivan,standart,101,boss=none,2,,,14,14,0,0,0,0,11,2,1,0,0,27,42,45,0,0,30,4,0,31,4,0,320,2,1,10,1,1,3,1,5,0.3,2,14,2.71,2.36,2,5,,,0,0,0,,,4.64,3,21,,,3,5,0.501,0.2,8,28,1,1,1,,4,0,45
2,Run50_DengeV1,Dengeli,bahcivan,standart,101,boss=none,3,,,16,16,0,0,0,0,10,4,2,0,0,42,84,45,0,0,36,8,0,40,12,0,400,3,1,10,1,1,2.892,1,5,0.3,2,15,3.07,2.6,2.75,3.5,,,0,0,0,,,6.07,6.51,7.23,,,4,6,0.546,0,8,34,1,2,1,,5,0.05,45
2,Run50_DengeV1,Dengeli,bahcivan,standart,101,boss=none,4,,,20,20,0,0,0,0,18,1,1,0,0,31,115,45,0,0,40,4,0,40,16,0,430,4,1,10,1,1,2.892,1,5,0.3,2,15,3.4,2.11,3,4,,,0,0,0,,,4.99,8.7,8.7,,,5,8,0.549,0.25,8,45,0,2,1,,5,0,45
2,Run50_DengeV1,Dengeli,bahcivan,standart,101,boss=none,5,,,20,20,0,0,0,0,12,6,2,0,0,50,165,45,50,8,48,8,0,50,24,0,500,5,1,11.33,1,1,2.892,1,5,0.3,2,15,3.8,2.25,2.17,3.5,,,0,0,0,,,5.06,5.31,7.23,,,6,9,0.643,0.444,7.347,55,3,5,1,,4,0,45
2,Run50_DengeV1,Dengeli,bahcivan,standart,101,boss=none,6,,,21,21,0,0,0,0,11,8,2,0,0,55,55,110,0,0,54,8,0,56,32,0,573,6,1,11.33,1,1,2.37,1,5,0.3,2,18,3.56,2.09,3.13,3,,,0,0,0,0,,3.01,10.07,5.92,,,6,9,0.621,0.222,7.347,55,3,8,0,hizli_bilekx1,6,0,45
2,Run50_DengeV1,Dengeli,bahcivan,standart,101,boss=none,7,,,25,25,0,0,0,0,16,6,2,1,0,84,139,110,0,0,62,8,2,62,40,2,723,8,2,12,1,1,2.286,1,5,0.3,2,19,3.74,2.13,3.17,4,4,,0,0,0,,,5.14,5.71,11.43,9.13,,7,10,0.624,0.3,7.413,61,4,12,1,hizli_bilekx1,5,0,45
2,Run50_DengeV1,Dengeli,bahcivan,standart,101,boss=none,8,,,24,24,0,0,0,0,18,4,2,0,0,50,189,110,0,0,56,8,0,58,33,2,619,9,1,12.67,1,1,2.286,1,5,0.3,2,19,3.53,2.44,2.5,2.5,,,0,0,0,,,5.97,13.15,8,,,8,11,0.649,0.364,7.462,66,3,15,1,hizli_bilekx1,7,0,45
2,Run50_DengeV1,Dengeli,bahcivan,standart,101,boss=none,9,,,27,27,0,0,0,0,20,7,0,0,0,41,230,110,0,0,75,0,0,84,3,2,749,10,1,12.67,1,1,2.286,1,5,0.3,2,19,3.74,2.25,2.71,,,,4,0,0,0,,6.29,5.55,,,,9,12,0.639,0.333,7.316,74,4,19,1,hizli_bilekx1,7,0,45
2,Run50_DengeV1,Dengeli,bahcivan,standart,101,boss=none,10,,,27,27,0,0,0,0,18,6,2,1,0,86,316,110,86,20,66,8,2,77,11,4,855,11,1,13.33,1,1,2.204,1,5,0.3,2,20,4.1,2.28,3.33,3,4,,0,0,0,,,4.28,14.32,12.12,17.6,,10,14,0.725,0.429,7.204,87,3,22,1,hizli_bilekx1,7,0,45
2,Run50_DengeV1,Dengeli,bahcivan,standart,101,boss=none,11,,,34,34,0,0,0,0,23,8,3,0,0,77,77,150,0,0,109,12,0,119,23,4,1049,13,2,14.67,1,1,1.806,1,5,0.3,2,24,3.83,2.04,2.63,3.67,,,9,0,0,0,,4.79,6.55,9.03,,,10,14,0.627,0.286,7.027,90,5,27,0,hizli_bilekx2,9,0,45
2,Run50_DengeV1,Dengeli,bahcivan,standart,101,boss=none,12,,,38,38,0,0,0,0,25,10,1,2,0,125,202,150,0,0,125,4,4,130,27,8,1253,14,1,15.33,1,1,1.741,1,5,0.3,2,25,4,2.12,2.7,4,3,,11,0,0,0,,5.29,5.93,12.2,9.57,,11,16,0.656,0.375,6.644,108,5,32,1,hizli_bilekx2,7,0,45
2,Run50_DengeV1,Dengeli,bahcivan,standart,101,boss=none,13,,,40,40,0,0,0,0,30,7,2,1,0,101,303,150,0,0,132,8,2,133,35,10,1309,16,2,16,1,1,1.679,1,5,0.3,2,26,4.19,1.97,3.14,3,6,,9,0,0,0,,4.42,9.59,8.38,21.83,,13,19,0.69,0.474,6.603,129,4,36,2,hizli_bilekx2,7,0,45
2,Run50_DengeV1,Dengeli,bahcivan,standart,101,boss=none,14,,,45,45,0,0,0,0,35,7,3,0,0,86,389,150,0,0,147,12,0,156,47,10,1568,17,1,16,1,1,1.619,1,5,0.3,2,27,4.59,2.23,3,2.33,,,0,0,0,0,,4.58,9.49,4.86,,,15,22,0.728,0.455,6.365,156,4,40,2,hizli_bilekx2,10,0,45
2,Run50_DengeV1,Dengeli,bahcivan,standart,101,boss=none,15,,,44,43,0,1,0,0,27,9,6,2,0,175,564,150,175,30,135,24,4,145,46,14,1716,19,2,17.07,1,1,1.619,1.039,5,0.3,2,27,4.63,2.08,2.89,3.83,4,,0,0,0,0,,5.79,9.7,10.52,7.3,,16,23,0.734,0.522,6.398,162,4,44,1,hizli_bilekx2,10,0,45
2,Run50_DengeV1,Dengeli,bahcivan,standart,101,boss=none,16,,,46,46,0,0,0,0,31,11,4,0,0,105,105,220,0,0,165,16,0,180,62,14,1667,20,1,18.13,1,1,1.619,1.078,5,0.3,2,27,4.7,2.29,2.55,3.75,,,0,0,0,,,6.68,10.45,12.14,,,17,24,0.738,0.583,6.358,170,4,48,1,hizli_bilekx2 nadir_tohumx1,11,0,45
2,Run50_DengeV1,Dengeli,bahcivan,standart,101,boss=none,17,,,46,46,0,0,0,0,31,11,4,0,0,128,233,220,0,0,162,16,0,177,53,14,1679,21,1,18.13,1,1,1.619,1.117,5,0.3,2,27,4.59,2.1,2.82,3,,,0,0,0,0,,6.11,8.38,9.7,,,17,25,0.734,0.48,6.358,177,2,50,2,hizli_bilekx2 nadir_tohumx1,13,0,45
2,Run50_DengeV1,Dengeli,bahcivan,standart,101,boss=none,18,,,45,45,0,0,0,0,30,11,3,1,0,264,497,220,0,0,159,15,2,197,43,16,2056,22,1,19.2,1,1,1.561,1.156,5,0.3,2,28,4.68,2.2,3.18,3,2,,0,0,0,0,,5.67,10.08,14.56,9.37,,14,25,0.74,0.52,6.136,183,6,56,1,hizli_bilekx2 nadir_tohumx1,10,0,45
2,Run50_DengeV1,Dengeli,bahcivan,standart,101,boss=none,19,,,50,48,2,0,0,0,32,13,4,1,0,330,827,220,0,0,174,20,2,183,63,18,2343,24,2,20.27,1,1,1.561,1.156,5,0.3,2,28,4.75,2.31,2.75,2.67,1,,0,0,0,0,,5.41,8.07,6.77,0,,14,25,0.764,0.56,5.696,198,7,63,0,hizli_bilekx2 nadir_tohumx1,12,0,45
2,Run50_DengeV1,Dengeli,bahcivan,standart,101,boss=none,20,,,54,44,10,0,0,0,39,10,3,2,0,210,1037,220,210,45,180,15,4,198,53,22,2958,25,1,20.27,1,1,1.512,1.194,5,0.3,2,29,4.83,1.97,2.88,5,4.5,,3,0,0,0,,4.44,6.04,12.1,34.77,,12,25,0.734,0.44,5.579,202,2,65,1,hizli_bilekx2 nadir_tohumx1,14,0,45
2,Run50_DengeV1,Dengeli,bahcivan,standart,101,boss=none,21,,,69,56,11,2,0,0,49,10,8,1,1,364,364,300,0,0,216,65,2,334,93,24,3628,27,2,23.08,1,1,1.285,1.194,5,0.3,2,35,4.6,1.91,2.5,3.17,3,,10,0,0,0,0,3.28,9.42,6.42,18,,10,25,0.679,0.48,5.414,208,1,66,1,hizli_bilekx3 nadir_tohumx1,12,0,45
2,Run50_DengeV1,Dengeli,bahcivan,standart,101,boss=none,22,,,59,46,11,2,0,0,34,13,8,1,3,982,1346,300,0,0,282,70,2,331,73,26,3723,28,1,24.3,1,1,1.285,1.194,5,0.3,2,35,4.63,2.04,2.27,2.86,4,4.67,14,0,0,0,0,4.12,4.32,10.46,5.13,17.99,10,25,0.718,0.44,5.414,208,5,71,0,hizli_bilekx3 nadir_tohumx1,14,0,45
2,Run50_DengeV1,Dengeli,bahcivan,standart,101,boss=none,23,,,64,50,14,0,0,0,36,15,9,3,1,748,2094,300,0,0,258,54,6,269,62,32,4333,30,2,25.51,1,1,1.285,1.233,5,0.3,2,35,4.57,2.19,2.42,2.71,3.67,3,6,9,0,0,,6.04,4.29,9.92,6.86,12.87,10,25,0.723,0.36,5.391,209,5,76,0,hizli_bilekx3 nadir_tohumx1,14,0,45
2,Run50_DengeV1,Dengeli,bahcivan,standart,101,boss=none,24,,,67,58,8,1,0,0,39,18,5,5,0,464,2558,300,0,0,240,30,10,279,67,42,4158,31,1,25.51,1,1,1.244,1.233,5,0.3,2,36,4.75,2.06,2.53,3.5,3.4,,6,0,0,0,,6.11,7.22,10.58,7.72,,11,29,0.724,0.414,5.482,238,1,77,2,hizli_bilekx3 nadir_tohumx1,12,0,45
2,Run50_DengeV1,Dengeli,bahcivan,standart,101,boss=none,25,,,67,56,10,1,0,0,44,10,9,2,2,519,3077,300,519,65,240,82,4,329,91,26,4305,32,1,28.62,1,1,1.244,1.233,5,0.3,2,36,4.89,1.92,2.5,2.56,4,6,8,0,0,0,0,6.06,8.09,9.26,10.57,17.43,12,35,0.759,0.371,5.559,283,2,79,4,hizli_bilekx3 nadir_tohumx1,18,0,45
2,Run50_DengeV1,Dengeli,bahcivan,standart,101,boss=none,26,,,119,90,25,4,0,0,54,34,22,6,3,1042,1042,500,0,0,525,138,24,549,204,50,8654,35,3,28.62,1,1,0.871,1.272,6,0.317,2,51,5.73,2.03,2.74,3.24,3,3.5,2,0,0,0,0,3.02,6.46,8.05,8.36,6.97,14,40,0.672,0.475,5.679,317,3,82,3,hizli_bilekx3 nadir_tohumx1 firtina_bilegix1,22,0,45
2,Run50_DengeV1,Dengeli,bahcivan,standart,101,boss=none,27,,,102,81,19,2,0,0,49,23,18,9,3,1089,2131,500,0,0,330,143,32,354,159,62,7747,36,1,29.99,1,1,0.871,1.311,6,0.317,2,51,6,2.03,2.84,3.14,3.67,4.5,6,0,0,0,0,5.3,8.29,11.01,12.19,16.53,18,49,0.748,0.429,5.657,390,4,86,5,hizli_bilekx3 nadir_tohumx1 firtina_bilegix1,22,0,45
2,Run50_DengeV1,Dengeli,bahcivan,standart,101,boss=none,28,,,121,90,31,0,0,0,60,29,15,13,4,2141,4272,500,0,0,507,90,56,621,206,98,8365,38,2,29.99,1,1,0.844,1.311,6,0.317,2,53,5.98,1.96,2.73,2.89,3.9,3.75,4,0,0,0,0,5.65,8.29,9.66,11.73,12.24,17,49,0.736,0.531,5.622,392,2,88,1,hizli_bilekx3 nadir_tohumx1 firtina_bilegix1,18,0,45
2,Run50_DengeV1,Dengeli,bahcivan,standart,101,boss=none,29,,,113,95,18,0,0,0,44,30,23,13,3,1683,5955,500,0,0,420,167,45,506,373,143,8084,40,2,33.24,1,1,0.844,1.367,6,0.317,2,53,5.98,1.95,2.67,2.94,3.62,3.5,6,0,0,0,0,4.44,7.31,7.31,12.53,19.4,17,49,0.738,0.551,5.545,398,3,91,0,hizli_bilekx3 nadir_tohumx1 firtina_bilegix1,20,0,45
2,Run50_DengeV1,Dengeli,bahcivan,standart,101,boss=none,30,,,126,101,18,6,0,1,56,30,23,14,3,1415,7370,500,1415,100,408,202,66,454,267,89,9437,41,1,34.76,1,1,0.844,1.406,6,0.333,2,53,6,2.05,2.3,2.55,4,2.67,4,0,0,0,0,6.62,5.75,7.6,10.55,4.79,17,53,0.74,0.528,5.545,430,8,99,2,hizli_bilekx3 nadir_tohumx1 firtina_bilegix1,23,0,45
2,Run50_DengeV1,Dengeli,bahcivan,standart,101,boss=none,31,,,163,128,29,3,2,1,62,51,32,15,3,1997,1997,1200,0,0,624,285,48,783,514,77,11617,43,2,34.76,1.6,1,0.844,1.406,6,0.333,2,53,6,1.43,2.05,2.19,2.42,1,37,0,0,0,,2.22,6.38,5.87,8.65,0,18,70,0.714,0.343,5.584,564,1,100,8,hizli_bilekx3 nadir_tohumx1 firtina_bilegix1 canavar_kesimix1,24,0,45
2,Run50_DengeV1,Dengeli,bahcivan,standart,101,boss=none,32,,,165,138,26,0,0,1,61,45,33,21,5,2335,4332,1200,0,0,516,356,126,569,382,133,10863,45,2,38.16,1.6,1,0.817,1.406,6,0.333,2,55,6,1.36,1.89,2.31,2.61,3,43,5,0,0,0,2,4.39,5.63,7.76,7.34,22,81,0.767,0.531,5.704,639,8,108,5,hizli_bilekx3 nadir_tohumx1 firtina_bilegix1 canavar_kesimix1,27,0,45
2,Run50_DengeV1,Dengeli,bahcivan,standart,101,boss=none,33,,,168,136,29,2,0,1,57,45,32,25,9,3358,7690,1200,0,0,776,294,176,850,700,204,11527,46,1,39.82,1.6,1,0.817,1.461,6,0.333,2,55,6,1.56,1.81,1.93,2.28,3.22,33,9,4,0,0,2.49,3.99,5.04,6.86,9.17,19,81,0.761,0.63,5.619,649,4,112,2,hizli_bilekx3 nadir_tohumx1 firtina_bilegix1 canavar_kesimix1,27,0,45
2,Run50_DengeV1,Dengeli,bahcivan,standart,101,boss=none,34,,,171,148,21,2,0,0,65,51,37,12,6,2356,10046,1200,0,0,675,394,66,925,1094,120,11142,48,2,39.82,1.6,1,0.791,1.461,6,0.35,2.111,56,6,1.32,2,2.32,2.25,3.6,46,7,7,0,0,1.72,5.47,6.51,5.53,12.5,19,81,0.761,0.679,5.619,649,3,115,0,hizli_bilekx3 nadir_tohumx1 firtina_bilegix1 canavar_kesimix1,28,0,45
2,Run50_DengeV1,Dengeli,bahcivan,standart,101,boss=none,35,,,172,144,25,3,0,0,60,38,43,21,10,3597,13643,1200,3597,220,690,546,191,715,840,231,12209,49,1,43.38,1.6,1,0.791,1.517,6,0.35,2.111,56,6,1.49,1.78,2.12,2.4,2.71,31,15,8,0,0,2.7,4.43,6.29,6.89,7.12,19,81,0.772,0.617,5.596,651,6,121,0,hizli_bilekx3 nadir_tohumx1 firtina_bilegix1 canavar_kesimix1,32,0,45
2,Run50_DengeV1,Dengeli,bahcivan,standart,101,boss=none,36,,,246,210,28,1,1,6,90,73,52,23,8,4155,4155,2800,0,0,941,654,177,1016,934,213,17782,51,2,43.38,1.6,1,0.791,2.002,9,0.367,2.222,56,8.77,1.37,1.92,2.35,2.27,2.57,46,13,0,4,0,2.85,5.15,6.51,7.33,7.8,19,81,0.672,0.556,5.459,668,5,126,0,hizli_bilekx3 nadir_tohumx1 firtina_bilegix1 canavar_kesimix1 genis_savurusx1,38,0,45
2,Run50_DengeV1,Dengeli,bahcivan,standart,101,boss=none,37,,,253,216,30,3,1,3,81,69,61,31,11,5055,9210,2800,0,0,1100,768,195,1581,782,313,20501,53,2,45.79,1.6,1,0.791,2.002,9,0.367,2.222,56,8.66,1.34,1.87,2.15,2.34,3.2,55,14,2,0,0,2.07,5.04,6.74,7.07,13.93,19,81,0.663,0.506,5.459,668,5,131,0,hizli_bilekx3 nadir_tohumx1 firtina_bilegix1 canavar_kesimix1 genis_savurusx1,39,0,45
2,Run50_DengeV1,Dengeli,bahcivan,standart,101,boss=none,38,,,268,230,30,1,5,2,100,73,54,38,3,4009,13219,2800,0,0,993,577,220,1164,1039,293,20955,55,2,49.54,1.6,1,0.767,2.002,9,0.367,2.333,58,8.64,1.4,1.68,2.15,2.49,2.67,49,32,0,3,0,2.33,4.03,6.04,6.66,12.27,19,81,0.643,0.519,5.284,690,5,136,0,hizli_bilekx3 nadir_tohumx1 firtina_bilegix1 canavar_kesimix1 genis_savurusx1,42,0,45
2,Run50_DengeV1,Dengeli,bahcivan,standart,101,boss=none,39,,,269,233,29,0,4,3,93,67,54,44,11,5868,19087,2800,0,0,1068,826,270,1242,1145,453,23155,57,2,52.15,1.6,1,0.767,2.075,9,0.383,2.333,58,8.83,1.49,1.66,2.04,2.44,2.3,40,37,4,0,0,2.43,3.7,4.78,9.53,7.59,19,81,0.647,0.519,5.247,695,5,141,0,hizli_bilekx3 nadir_tohumx1 firtina_bilegix1 canavar_kesimix1 genis_savurusx1,40,0,45
2,Run50_DengeV1,Dengeli,bahcivan,standart,101,boss=none,40,,,259,213,29,9,5,3,99,68,46,39,7,5134,24221,2800,5134,500,1092,641,263,1344,976,301,21357,58,1,52.15,1.6,1,0.767,2.075,9,0.383,2.444,58,8.72,1.44,1.79,2.08,2.45,2.33,44,20,8,0,0,2.16,4.58,5.98,7.76,5.37,19,81,0.672,0.519,5.118,712,6,147,0,hizli_bilekx3 nadir_tohumx1 firtina_bilegix1 canavar_kesimix1 genis_savurusx1,43,0,45
2,Run50_DengeV1,Dengeli,bahcivan,standart,101,boss=none,41,,,276,226,40,6,3,1,86,79,59,38,14,6441,6441,4500,0,0,1402,744,337,1826,830,638,23587,60,2,54.76,1.6,1,0.767,2.075,9,0.383,2.444,58,8.83,1.36,1.59,2.02,2.42,2.4,51,30,9,3,0,1.52,3.07,5.35,7.72,10.2,19,81,0.648,0.531,5.118,712,2,149,0,hizli_bilekx3 nadir_tohumx2 firtina_bilegix1 canavar_kesimix1 genis_savurusx1,47,0,45
2,Run50_DengeV1,Dengeli,bahcivan,standart,101,boss=none,42,,,288,238,39,4,4,3,101,73,50,47,17,7622,14063,4500,0,0,1372,782,420,1648,1112,588,25004,61,1,58.9,1.6,1,0.742,2.149,9,0.383,2.556,60,8.8,1.41,1.47,2.03,2.49,2.73,46,41,16,0,0,2.03,2.16,4.78,8.38,8.46,19,81,0.666,0.531,4.962,735,7,156,0,hizli_bilekx3 nadir_tohumx2 firtina_bilegix1 canavar_kesimix1 genis_savurusx1,43,0,45
2,Run50_DengeV1,Dengeli,bahcivan,standart,101,boss=none,43,,,306,250,41,6,7,2,100,83,70,39,14,7084,21147,4500,0,0,1340,1153,309,1378,1825,362,26613,63,2,58.9,1.6,1,0.719,2.149,9,0.4,2.667,62,8.84,1.42,1.54,2.11,2.32,2.45,46,46,10,3,0,2.37,2.72,5.12,7.31,8.17,19,81,0.653,0.481,4.841,753,6,162,0,hizli_bilekx3 nadir_tohumx2 firtina_bilegix1 canavar_kesimix1 genis_savurusx1,46,0,45
2,Run50_DengeV1,Dengeli,bahcivan,standart,101,boss=none,44,,,296,244,38,8,3,3,99,74,59,51,13,7245,28392,4500,0,0,1422,904,427,1970,1119,789,26413,65,2,66.05,1.6,1,0.719,2.149,9,0.4,2.667,62,8.77,1.39,1.61,1.88,2.25,2.55,46,39,13,0,0,1.77,2.98,3.86,7.08,8.69,19,81,0.661,0.543,4.722,772,4,166,0,hizli_bilekx3 nadir_tohumx2 firtina_bilegix1 canavar_kesimix1 genis_savurusx1,40,0,45
2,Run50_DengeV1,Dengeli,bahcivan,standart,101,boss=none,45,,,373,317,43,7,4,2,115,106,86,55,11,7834,36226,4500,7834,800,1665,1227,486,2035,1776,685,32914,66,1,72.57,1.6,1,0.719,2.222,12,0.4,2.778,62,10.56,1.45,1.54,1.83,2.37,2,46,47,28,0,0,1.59,1.96,2.94,5.08,4,19,81,0.587,0.432,4.722,772,5,171,0,hizli_bilekx3 nadir_tohumx2 firtina_bilegix1 canavar_kesimix1 genis_savurusx1,51,0,45
2,Run50_DengeV1,Dengeli,bahcivan,standart,101,boss=none,46,,,393,327,37,16,9,4,115,96,100,61,21,10549,10549,6000,0,0,1662,1710,558,1727,1716,1243,36233,68,2,75.87,1.6,1,0.719,2.222,12,0.417,2.778,62,10.84,1.37,1.59,1.86,2.16,2.5,51,43,23,2,0,1.06,2.56,3.2,4.57,4.49,19,81,0.64,0.494,3.915,931,5,176,0,hizli_bilekx3 nadir_tohumx2 firtina_bilegix1 canavar_kesimix1 genis_savurusx1 bereketli_toprakx1,54,0,45
2,Run50_DengeV1,Dengeli,bahcivan,standart,101,boss=none,47,,,408,354,37,11,4,2,132,125,89,40,22,9042,19591,6000,0,0,2308,1749,312,2625,2825,1555,35706,70,2,75.87,1.6,1,0.696,2.222,12,0.417,2.778,64,10.94,1.39,1.58,1.85,2.11,2.6,49,44,19,0,0,1.17,2.54,2.39,3.58,5.02,19,81,0.625,0.395,3.87,942,3,179,0,hizli_bilekx3 nadir_tohumx2 firtina_bilegix1 canavar_kesimix1 genis_savurusx1 bereketli_toprakx1,61,0,45
2,Run50_DengeV1,Dengeli,bahcivan,standart,101,boss=none,48,,,438,345,56,19,16,2,143,126,97,58,14,9305,28896,6000,0,0,2420,1563,420,3675,1658,1975,40187,72,2,83.91,1.6,1,0.696,2.295,12,0.417,2.778,64,10.84,1.41,1.5,1.73,1.95,2.78,51,44,22,7,0,1.65,2.22,2.16,3.11,6.97,19,81,0.607,0.432,3.775,966,6,185,0,hizli_bilekx3 nadir_tohumx2 firtina_bilegix1 canavar_kesimix1 genis_savurusx1 bereketli_toprakx1,65,0,45
2,Run50_DengeV1,Dengeli,bahcivan,standart,101,boss=none,49,,,477,363,69,25,18,2,149,132,108,67,21,11139,40035,6000,0,0,2691,1695,582,2976,1728,697,43036,73,1,94.81,1.6,1,0.696,2.295,12,0.433,2.778,64,11.13,1.28,1.36,1.59,2.02,2.67,56,51,45,5,0,1.33,1.5,2.54,4.15,7.66,20,98,0.626,0.459,3.809,1158,5,190,6,hizli_bilekx3 nadir_tohumx2 firtina_bilegix1 canavar_kesimix1 genis_savurusx1 bereketli_toprakx1,69,0,45
2,Run50_DengeV1,Dengeli,bahcivan,standart,101,boss=none,50,,,494,380,66,29,17,2,163,130,102,77,22,12473,52508,6000,0,0,2895,1395,714,3281,1663,941,45422,75,2,94.81,1.6,1,0.696,2.295,12,0.433,2.889,64,11.81,1.3,1.39,1.62,2.02,2.4,44,47,34,5,0,1.54,2.28,2.93,4.33,7.46,29,121,0.68,0.488,3.913,1391,6,196,9,hizli_bilekx3 nadir_tohumx2 firtina_bilegix1 canavar_kesimix1 genis_savurusx1 bereketli_toprakx1,76,0,45
2,Run50_DengeV1,Dengeli,bahcivan,standart,101,boss=none,50,KAZANDI
3,Run50_DengeV1,Dengeli,bahcivan,standart,100,boss=don,1,,,13,13,0,0,0,0,12,1,0,0,0,15,15,45,0,0,28,0,0,28,0,0,270,1,0,10,1,1,3,1,5,0.3,2,13,2.08,1.83,3,,,,21,0,,,,2.5,6,,,,2,4,0.346,0,8,23,0,0,2,,3,0.205,45
3,Run50_DengeV1,Dengeli,bahcivan,standart,100,boss=don,2,,,13,13,0,0,0,0,10,3,0,0,0,19,34,45,0,0,32,0,0,33,0,0,290,2,1,10,1,1,3,1,5,0.3,2,14,2.86,2.3,4,,,,0,0,,0,,4.5,9,,,,3,5,0.527,0,8,28,1,1,1,,3,0.044,45
3,Run50_DengeV1,Dengeli,bahcivan,standart,100,boss=don,3,,,18,18,0,0,0,0,14,2,1,1,0,60,94,45,0,0,36,4,2,37,4,2,465,3,1,10.67,1,1,2.892,1,5,0.3,2,14,3.07,1.93,3.5,4,1,,20,0,0,,,3.73,10.13,11.57,0,,4,6,0.462,0,8,34,2,3,1,,6,0.113,45
3,Run50_DengeV1,Dengeli,bahcivan,standart,100,boss=don,4,,,18,18,0,0,0,0,12,5,1,0,0,37,131,45,0,0,44,4,0,48,8,2,462,4,1,11.33,1,1,2.892,1,5,0.3,2,15,3,1.75,2.8,2,,,23,0,0,,,2.89,7.52,2.9,,,5,7,0.539,0.143,7.637,41,2,5,1,,5,0.026,45
3,Run50_DengeV1,Dengeli,bahcivan,standart,100,boss=don,5,,,15,15,0,0,0,0,11,2,2,0,0,37,168,45,37,8,30,8,0,32,16,2,403,5,1,11.33,1,1,2.892,1,5,0.3,2,15,2.8,2.55,1,3,,,0,0,0,,,7.63,0,8.68,,,6,9,0.467,0.222,7.665,53,1,6,1,,4,0,45
3,Run50_DengeV1,Dengeli,bahcivan,standart,100,boss=don,6,,,22,22,0,0,0,0,14,3,5,0,0,73,73,110,0,0,40,20,0,42,36,2,639,6,1,11.33,1.25,1,2.892,1,5,0.3,2,15,3.53,1.93,2.33,2.8,,,13,0,0,,,3.52,6.76,12.15,,,6,9,0.598,0.111,7.49,54,1,7,0,keskin_bicakx1,6,0.026,45
3,Run50_DengeV1,Dengeli,bahcivan,standart,100,boss=don,7,,,27,27,0,0,0,0,21,5,1,0,0,46,119,110,0,0,62,4,0,66,40,2,669,8,2,11.33,1.25,1,2.789,1,5,0.3,2,16,3.75,1.81,2.2,3,,,18,0,0,,,3.59,4.47,5.57,,,7,10,0.581,0.3,7.535,60,2,9,1,keskin_bicakx1,5,0,45
3,Run50_DengeV1,Dengeli,bahcivan,standart,100,boss=don,8,,,29,29,0,0,0,0,22,5,2,0,0,57,176,110,0,0,69,8,0,85,48,2,752,9,1,12,1.25,1,2.689,1,5,0.3,2,16,3.75,1.64,1.8,3,,,29,0,0,0,,2.2,2.15,10.75,,,8,11,0.548,0.364,7.231,68,3,12,1,keskin_bicakx1,6,0,45
3,Run50_DengeV1,Dengeli,bahcivan,standart,100,boss=don,9,,,29,29,0,0,0,0,18,7,3,1,0,103,279,110,0,0,71,12,2,76,60,4,820,10,1,12,1.25,1,2.689,1,5,0.3,2,16,4.25,1.78,2.57,3,1,,18,0,0,,,5.67,10.76,12.56,0,,10,15,0.66,0.467,7.345,92,0,12,2,keskin_bicakx1,7,0,45
3,Run50_DengeV1,Dengeli,bahcivan,standart,100,boss=don,10,,,24,24,0,0,0,0,19,4,1,0,0,41,320,110,41,20,58,4,0,58,19,4,638,11,1,12.67,1.25,1,2.689,1,5,0.3,2,16,3.38,1.79,2.5,2,,,6,0,0,,,5.38,14.12,8.07,,,11,16,0.618,0.313,7.206,100,6,18,1,keskin_bicakx1,5,0,45
3,Run50_DengeV1,Dengeli,bahcivan,standart,100,boss=don,11,,,39,39,0,0,0,0,30,8,1,0,0,65,65,150,0,0,100,4,0,102,23,4,1042,13,2,13.33,1.25,1,2.592,1.32,6,0.3,2,17,5.12,1.83,2.13,4,,,20,0,0,,,3.72,8.75,7.77,,,12,17,0.635,0.412,7.24,106,3,21,1,keskin_bicakx1 genis_savurusx1,7,0,45
3,Run50_DengeV1,Dengeli,bahcivan,standart,100,boss=don,12,,,41,41,0,0,0,0,26,12,3,0,0,93,158,150,0,0,138,12,0,147,35,4,1232,14,1,14,1.25,1,2.5,1.32,6,0.3,2,17,5.29,1.69,2.25,2.33,,,19,0,0,0,,4.23,6.67,4.17,,,13,19,0.64,0.368,7.102,120,4,25,1,keskin_bicakx1 genis_savurusx1,11,0,45
3,Run50_DengeV1,Dengeli,bahcivan,standart,100,boss=don,13,,,42,42,0,0,0,0,30,11,0,1,0,95,253,150,0,0,145,0,2,152,35,6,1255,15,1,14.67,1.25,1,2.41,1.32,6,0.3,2,18,5.33,1.73,2.27,,2,,12,0,0,0,,4.98,7.02,,9.67,,14,22,0.708,0.409,6.964,142,5,30,1,keskin_bicakx1 genis_savurusx1,11,0,45
3,Run50_DengeV1,Dengeli,bahcivan,standart,100,boss=don,14,,,43,43,0,0,0,0,31,7,4,1,0,127,380,150,0,0,128,16,2,140,26,8,1333,17,2,14.67,1.25,1,2.41,1.32,6,0.3,2,18,5.94,1.74,2.14,3.25,1,,10,0,0,,,5.68,9.98,16.27,0,,17,25,0.721,0.52,7.046,160,2,32,3,keskin_bicakx1 genis_savurusx1,10,0,45
3,Run50_DengeV1,Dengeli,bahcivan,standart,100,boss=don,15,,,46,46,0,0,0,0,30,10,5,1,0,153,533,150,153,30,150,20,2,164,46,10,1565,18,1,16.36,1.25,1,2.324,1.371,6,0.3,2,19,5.21,1.67,2.2,2,3,,25,0,0,0,,4.49,9.99,6.5,16.27,,17,25,0.55,0.36,6.873,164,7,39,0,keskin_bicakx1 genis_savurusx1,10,0,45
3,Run50_DengeV1,Dengeli,bahcivan,standart,100,boss=don,16,,,57,57,0,0,0,0,32,16,7,2,0,225,225,220,0,0,192,28,4,196,74,14,2045,20,2,18.13,1.563,1,2.24,1.423,6,0.3,2,20,5.85,1.44,2.06,2.29,3.5,,42,0,0,0,0,3.29,8.12,10.56,20.15,,17,25,0.677,0.44,6.705,168,7,46,0,keskin_bicakx2 genis_savurusx1,11,0,45
3,Run50_DengeV1,Dengeli,bahcivan,standart,100,boss=don,17,,,59,56,0,3,0,0,34,16,6,2,1,354,579,220,0,0,198,24,12,233,73,26,2294,21,1,18.13,1.563,1,2.24,1.474,6,0.3,2,20,5.8,1.63,1.87,2.33,4,3,19,15,0,0,0,3.71,5.97,8.21,24.63,35.83,16,25,0.649,0.44,6.682,168,3,49,1,keskin_bicakx2 genis_savurusx1,12,0,45
3,Run50_DengeV1,Dengeli,bahcivan,standart,100,boss=don,18,,,55,52,0,3,0,0,31,17,5,1,1,606,1185,220,0,0,240,25,2,252,73,28,2301,23,2,20.27,1.563,1,2.16,1.525,6,0.3,2,20,5.8,1.62,2,2.6,2,4,25,13,0,0,,3.58,6.34,9.93,2.17,12.97,14,25,0.676,0.4,6.306,178,9,58,1,keskin_bicakx2 genis_savurusx1,10,0,45
3,Run50_DengeV1,Dengeli,bahcivan,standart,100,boss=don,19,,,61,61,0,0,0,0,31,21,7,2,0,359,1544,220,0,0,219,35,4,251,58,32,2682,24,1,20.27,1.563,1,2.092,1.525,6,0.3,2,21,5.9,1.52,2.14,2.29,1.5,,33,5,0,0,,2.76,7.27,8.07,2.08,,14,25,0.669,0.44,6.306,178,4,62,0,keskin_bicakx2 genis_savurusx1,11,0,45
3,Run50_DengeV1,Dengeli,bahcivan,standart,100,boss=don,20,,,59,56,0,3,0,0,32,15,7,3,2,796,2340,220,796,45,231,35,14,256,53,46,2817,25,1,23.08,1.563,1,2.092,1.577,6,0.3,2,21,4.86,1.52,1.71,1.57,1.5,3,39,13,0,0,0,3.31,3.29,3.29,1.05,10.45,14,25,0.448,0.24,6.001,187,6,68,0,keskin_bicakx2 genis_savurusx1,11,0,45
3,Run50_DengeV1,Dengeli,bahcivan,standart,100,boss=don,21,,,71,67,0,1,0,3,44,13,7,7,0,929,929,300,0,0,210,35,14,246,70,40,3359,27,2,23.08,1.953,1,2.092,1.577,6,0.3,2,21,5.95,1.41,1.69,2,2.43,,45,29,11,0,,2.76,3.37,10.46,7.17,,13,27,0.681,0.37,5.989,203,2,70,2,keskin_bicakx3 genis_savurusx1,15,0,45
3,Run50_DengeV1,Dengeli,bahcivan,standart,100,boss=don,22,,,65,64,0,1,0,0,33,16,13,3,0,697,1626,300,0,0,213,70,6,299,92,26,3235,28,1,23.08,1.953,1,2.092,1.577,6,0.3,2,21,5.95,1.41,1.63,2,2.33,,43,24,0,0,0,2.81,3.01,6.28,8.37,,15,39,0.76,0.359,6.044,290,1,71,5,keskin_bicakx3 genis_savurusx1,12,0,45
3,Run50_DengeV1,Dengeli,bahcivan,standart,100,boss=don,23,,,73,69,0,3,0,1,33,22,14,3,1,801,2427,300,0,0,249,110,6,293,132,32,3731,30,2,24.3,1.953,1,2.092,1.577,6,0.3,2,21,6,1.38,1.5,1.86,2,1,39,28,9,0,0,2.67,4.37,6.58,6.27,0,16,43,0.786,0.651,6.066,319,3,74,2,keskin_bicakx3 genis_savurusx1,13,0,45
3,Run50_DengeV1,Dengeli,bahcivan,standart,100,boss=don,24,,,76,69,0,4,0,3,44,17,11,1,3,996,3423,300,0,0,249,72,34,332,204,66,3959,31,1,25.51,1.953,1,2.092,1.628,6,0.3,2,21,6,1.39,1.5,1.91,1,3,33,27,0,0,0,3.19,3.92,7.22,0,13.24,17,45,0.794,0.644,6.086,333,3,77,1,keskin_bicakx3 genis_savurusx1,13,0,45
3,Run50_DengeV1,Dengeli,bahcivan,standart,100,boss=don,25,,,73,68,0,5,0,0,37,21,6,8,1,862,4285,300,862,65,300,36,20,382,52,66,3951,32,1,25.51,1.953,1,2.026,1.628,6,0.3,2,22,6,1.45,1.55,2.33,1.88,1,28,29,0,0,,3.5,4.36,7.1,5.32,0,19,49,0.731,0.551,5.969,369,2,79,3,keskin_bicakx3 genis_savurusx1,12,0,45
3,Run50_DengeV1,Dengeli,bahcivan,standart,100,boss=don,26,,,75,66,0,7,0,2,34,24,13,1,3,1402,1402,500,0,0,261,134,12,273,186,78,4162,33,1,28.62,1.953,1,2.026,1.679,6,0.317,2,22,6,1.56,1.67,1.73,3,1.67,25,20,0,0,0,3.83,5.91,3.12,10.13,3.37,19,49,0.811,0.694,5.969,369,3,82,0,keskin_bicakx3 genis_savurusx1 nadir_tohumx1,13,0,45
3,Run50_DengeV1,Dengeli,bahcivan,standart,100,boss=don,27,,,77,71,0,1,0,5,39,16,13,8,1,975,2377,500,0,0,225,102,38,258,233,116,4437,34,1,28.62,1.953,1,2.026,1.679,6,0.317,2,22,6,1.54,1.56,2,2,3,38,33,10,0,0,3.71,3.04,6.08,7.81,14.17,19,49,0.807,0.633,5.969,369,2,84,0,keskin_bicakx3 genis_savurusx1 nadir_tohumx1,14,0,45
3,Run50_DengeV1,Dengeli,bahcivan,standart,100,boss=don,28,,,64,63,0,0,0,1,28,15,14,6,1,1099,3476,500,0,0,231,105,18,234,108,34,3767,35,1,29.99,1.953,1,2.026,1.731,6,0.317,2,22,6,1.61,1.64,2.07,2.67,2,24,18,0,0,0,3.91,3.76,6.8,10.13,8.1,19,49,0.837,0.673,5.969,369,6,90,0,keskin_bicakx3 genis_savurusx1 nadir_tohumx1,13,0,45
3,Run50_DengeV1,Dengeli,bahcivan,standart,100,boss=don,29,,,72,71,0,1,0,0,37,18,10,5,2,1100,4576,500,0,0,234,70,51,448,103,85,4057,36,1,29.99,1.953,1,2.026,1.731,6,0.317,2,22,6,1.41,1.39,2.4,2,3,44,45,0,0,0,4.33,2.7,10.54,7.71,8.1,21,59,0.837,0.593,5.995,443,0,90,5,keskin_bicakx3 genis_savurusx1 nadir_tohumx1,13,0,45
3,Run50_DengeV1,Dengeli,bahcivan,standart,100,boss=don,30,,,64,63,0,0,0,1,28,23,8,5,0,529,5105,500,529,100,231,63,18,374,125,43,3721,37,1,29.99,1.953,1,1.962,1.731,6,0.317,2,22,6,1.48,1.7,2.63,2,,33,13,0,0,0,4.65,6.06,12.99,7.46,,22,69,0.824,0.609,6.006,517,2,92,5,keskin_bicakx3 genis_savurusx1 nadir_tohumx1,15,0,45
3,Run50_DengeV1,Dengeli,bahcivan,standart,100,boss=don,31,,,81,75,0,4,0,2,44,19,9,5,4,1145,1145,1200,0,0,351,95,27,490,220,50,4398,38,1,33.24,1.953,1,1.668,1.731,6,0.317,2,26,6,1.66,1.74,1.89,2.8,2.25,17,16,0,0,0,3.38,5.79,4.08,11.33,4.58,22,74,0.847,0.77,6.006,554,1,93,3,keskin_bicakx3 genis_savurusx1 nadir_tohumx1 hizli_bilekx1,17,0,45
3,Run50_DengeV1,Dengeli,bahcivan,standart,100,boss=don,32,,,78,75,0,1,0,2,32,21,14,9,2,1182,2327,1200,0,0,240,159,30,300,379,30,4679,39,1,33.24,1.953,1,1.668,1.804,6,0.317,2,26,6,1.53,1.68,2.31,2.44,2.5,32,17,0,0,0,2.14,5.09,9.23,7.96,6.68,24,78,0.869,0.808,5.975,587,3,96,2,keskin_bicakx3 genis_savurusx1 nadir_tohumx1 hizli_bilekx1,15,0,45
3,Run50_DengeV1,Dengeli,bahcivan,standart,100,boss=don,33,,,77,71,0,3,0,3,40,19,12,5,1,691,3018,1200,0,0,294,98,15,339,177,45,4190,40,1,33.24,1.953,1,1.668,1.804,6,0.333,2,26,6,1.59,1.69,2.25,3,1,26,16,0,0,0,3.42,5.01,9.73,17.35,0,26,81,0.874,0.815,5.996,608,2,98,2,keskin_bicakx3 genis_savurusx1 nadir_tohumx1 hizli_bilekx1,15,0,45
3,Run50_DengeV1,Dengeli,bahcivan,standart,100,boss=don,34,,,116,112,0,2,0,2,52,27,18,16,3,1742,4760,1200,0,0,384,216,54,503,393,99,7005,41,1,34.76,1.953,1,1.668,1.855,9,0.333,2,26,9,1.37,1.84,2.17,2.4,2.33,41,4,0,7,0,2.81,6.2,9.08,7.45,10.01,26,81,0.824,0.728,5.996,608,3,101,0,keskin_bicakx3 genis_savurusx1 nadir_tohumx1 hizli_bilekx1,22,0,45
3,Run50_DengeV1,Dengeli,bahcivan,standart,100,boss=don,35,,,112,105,3,1,0,3,49,32,19,11,1,1234,5994,1200,1234,220,354,152,61,567,165,95,6183,42,1,34.76,1.953,1,1.668,1.855,9,0.333,2,26,8.92,1.38,1.67,1.94,2.18,2,43,9,0,0,0,3.04,6.89,6.86,12.13,33.33,26,81,0.724,0.568,5.996,608,6,107,0,keskin_bicakx3 genis_savurusx1 nadir_tohumx1 hizli_bilekx1,26,0,45
3,Run50_DengeV1,Dengeli,bahcivan,standart,100,boss=don,36,,,169,156,4,0,0,9,70,47,35,12,5,2417,2417,2800,0,0,546,400,66,573,565,81,10017,43,1,38.16,1.953,1,1.616,2.449,12,0.333,2,27,11.93,1.46,1.7,2.13,2,2.4,39,15,0,0,0,3.35,5.7,7.92,9.1,12.61,26,81,0.745,0.593,5.996,608,3,110,0,keskin_bicakx3 genis_savurusx2 nadir_tohumx1 hizli_bilekx1,36,0,45
3,Run50_DengeV1,Dengeli,bahcivan,standart,100,boss=don,37,,,149,137,3,0,0,9,51,37,38,18,5,2991,5408,2800,0,0,478,376,133,516,821,214,9469,45,2,39.82,1.953,1,1.616,2.546,12,0.333,2,27,11.89,1.5,1.71,2.24,2.53,2,28,12,0,0,0,3.67,5.51,8.47,10.17,6.47,26,81,0.763,0.667,5.996,608,4,114,0,keskin_bicakx3 genis_savurusx2 nadir_tohumx1 hizli_bilekx1,28,0,45
3,Run50_DengeV1,Dengeli,bahcivan,standart,100,boss=don,38,,,151,143,4,0,2,2,59,41,29,14,8,2967,8375,2800,0,0,533,410,127,644,431,191,9947,46,1,39.82,1.953,1,1.616,2.546,12,0.35,2.111,27,11.93,1.46,1.76,2.26,2.29,2.38,39,14,4,0,0,3.46,5.42,9.1,8.42,12.32,26,81,0.768,0.593,5.996,608,5,119,0,keskin_bicakx3 genis_savurusx2 nadir_tohumx1 hizli_bilekx1,33,0,45
3,Run50_DengeV1,Dengeli,bahcivan,standart,100,boss=don,39,,,167,156,8,1,1,1,64,53,29,18,3,2219,10594,2800,0,0,586,305,133,600,476,324,10898,47,1,43.38,1.953,1,1.565,2.546,12,0.35,2.111,28,11.82,1.37,1.66,2.1,2.18,1.67,43,15,0,0,0,2.8,4.57,6.69,7.92,4.69,26,81,0.747,0.642,5.849,623,3,122,0,keskin_bicakx3 genis_savurusx2 nadir_tohumx1 hizli_bilekx1,30,0,45
3,Run50_DengeV1,Dengeli,bahcivan,standart,100,boss=don,40,,,157,150,4,1,0,2,66,43,22,17,9,3105,13699,2800,3105,500,620,331,185,670,807,219,10873,49,2,43.38,1.953,1,1.565,2.643,12,0.35,2.222,28,11.61,1.52,1.65,2.18,2.41,2,36,21,0,0,0,3.73,4.66,8.82,7.64,7.24,26,81,0.637,0.506,5.849,623,4,126,0,keskin_bicakx3 genis_savurusx2 nadir_tohumx1 hizli_bilekx1,29,0,45
3,Run50_DengeV1,Dengeli,bahcivan,standart,100,boss=don,41,,,169,155,2,1,2,9,65,39,37,24,4,3351,3351,4500,0,0,610,501,125,640,748,344,11779,50,1,45.79,1.953,1,1.565,2.643,12,0.367,2.222,28,12,1.39,1.67,2.03,2.1,3.25,50,24,0,0,0,2.76,5.22,6.84,7.01,13.31,26,81,0.783,0.605,4.972,733,3,129,0,keskin_bicakx3 genis_savurusx2 nadir_tohumx1 hizli_bilekx1 bereketli_toprakx1,28,0,45
3,Run50_DengeV1,Dengeli,bahcivan,standart,100,boss=don,42,,,171,151,2,4,2,12,67,45,34,17,8,3741,7092,4500,0,0,657,525,150,847,593,254,11941,51,1,45.79,1.953,1,1.565,2.643,12,0.367,2.333,28,12,1.38,1.85,2.03,2.43,1.8,47,14,0,0,0,2.49,5.05,7.22,8.05,5.32,26,81,0.789,0.654,4.809,758,4,133,0,keskin_bicakx3 genis_savurusx2 nadir_tohumx1 hizli_bilekx1 bereketli_toprakx1,30,0,45
3,Run50_DengeV1,Dengeli,bahcivan,standart,100,boss=don,43,,,160,147,7,2,1,3,64,33,38,20,5,3024,10116,4500,0,0,560,496,150,697,1089,294,11741,52,1,45.79,1.953,1,1.565,2.643,12,0.367,2.333,28,12,1.53,1.83,1.94,2.24,2.25,29,14,3,0,0,3.46,5.34,6.53,8.38,14.48,26,81,0.805,0.691,4.809,758,2,135,0,keskin_bicakx3 genis_savurusx2 nadir_tohumx1 hizli_bilekx1 bereketli_toprakx1,28,0,45
3,Run50_DengeV1,Dengeli,bahcivan,standart,100,boss=don,44,,,190,178,3,0,2,7,84,48,36,15,7,3277,13393,4500,0,0,881,570,95,1178,939,99,12662,54,2,48.2,1.953,1,1.516,2.643,12,0.367,2.444,29,12,1.32,1.72,2,2.2,2.5,52,26,4,0,0,2.41,4.58,6.06,8.79,8.58,26,81,0.772,0.617,4.809,758,3,138,0,keskin_bicakx3 genis_savurusx2 nadir_tohumx1 hizli_bilekx1 bereketli_toprakx1,33,0,45
3,Run50_DengeV1,Dengeli,bahcivan,standart,100,boss=don,45,,,153,143,6,0,1,3,56,42,32,16,7,3256,16649,4500,3256,800,680,434,130,898,563,229,10984,54,0,52.15,1.953,1,1.516,2.739,12,0.367,2.444,29,11.69,1.55,1.75,2.33,2.31,3,27,26,3,0,0,4.12,5.27,10.89,9.47,12.77,26,81,0.708,0.605,4.646,785,5,143,0,keskin_bicakx3 genis_savurusx2 nadir_tohumx1 hizli_bilekx1 bereketli_toprakx1,26,0,45
3,Run50_DengeV1,Dengeli,bahcivan,standart,100,boss=don,46,,,168,154,9,1,0,4,70,39,36,19,4,3403,3403,6000,0,0,678,436,147,1246,999,251,11514,55,1,52.15,1.953,1,1.516,2.739,12,0.383,2.444,29,12,1.51,1.95,2.22,2.18,3.5,37,22,3,0,0,3.08,6.54,7.39,6.96,14.4,26,81,0.81,0.654,4.646,785,2,145,0,keskin_bicakx3 genis_savurusx2 nadir_tohumx2 hizli_bilekx1 bereketli_toprakx1,31,0,45
3,Run50_DengeV1,Dengeli,bahcivan,standart,100,boss=don,47,,,171,157,5,3,3,3,62,48,43,12,6,3343,6746,6000,0,0,660,666,123,916,775,374,11961,56,1,54.76,1.953,1,1.516,2.739,12,0.383,2.444,29,12,1.41,1.78,2.13,2.33,2.2,47,22,3,0,0,2.81,4.19,6.74,6.19,6.66,26,81,0.795,0.642,4.646,785,3,148,0,keskin_bicakx3 genis_savurusx2 nadir_tohumx2 hizli_bilekx1 bereketli_toprakx1,34,0,45
3,Run50_DengeV1,Dengeli,bahcivan,standart,100,boss=don,48,,,165,151,3,1,3,7,62,44,36,21,2,2921,9667,6000,0,0,714,429,131,1630,704,175,11659,57,1,54.76,1.953,1,1.516,2.739,12,0.383,2.556,29,11.97,1.52,1.53,2.15,2.5,3,32,37,0,0,0,3.01,2.92,6.98,7.51,25.75,26,81,0.814,0.679,4.61,791,2,150,0,keskin_bicakx3 genis_savurusx2 nadir_tohumx2 hizli_bilekx1 bereketli_toprakx1,31,0,45
3,Run50_DengeV1,Dengeli,bahcivan,standart,100,boss=don,49,,,173,161,0,1,3,8,70,43,35,20,5,3243,12910,6000,0,0,698,449,214,958,713,249,12739,58,1,54.76,1.953,1,1.468,2.739,12,0.383,2.556,30,12,1.38,1.9,2.03,2.37,2.5,49,11,0,0,0,2.69,4.61,4.92,6.34,8.8,26,81,0.796,0.667,4.497,811,4,154,0,keskin_bicakx3 genis_savurusx2 nadir_tohumx2 hizli_bilekx1 bereketli_toprakx1,29,0,45
3,Run50_DengeV1,Dengeli,bahcivan,standart,100,boss=don,50,,,165,153,3,2,0,7,58,44,43,15,5,3262,16172,6000,0,0,752,568,112,970,1281,361,12223,59,1,58.9,1.953,1,1.468,2.739,12,0.383,2.556,30,12,1.54,1.76,2.1,2.71,2.2,40,19,0,0,0,3.01,4.72,5.4,9.64,6.46,26,81,0.817,0.679,4.432,822,2,156,0,keskin_bicakx3 genis_savurusx2 nadir_tohumx2 hizli_bilekx1 bereketli_toprakx1,28,0,45
3,Run50_DengeV1,Dengeli,bahcivan,standart,100,boss=don,50,KAZANDI
4,Run50_DengeV1,Dengeli,bahcivan,standart,101,boss=don,1,,,13,13,0,0,0,0,12,1,0,0,0,15,15,45,0,0,28,0,0,28,0,0,270,1,0,10,1,1,3,1,5,0.3,2,12,2.25,2,3,,,,17,0,,,,3,6,,,,2,4,0.339,0,8,23,0,0,2,,4,0.351,45
4,Run50_DengeV1,Dengeli,bahcivan,standart,101,boss=don,2,,,14,14,0,0,0,0,11,2,1,0,0,27,42,45,0,0,30,4,0,31,4,0,320,2,1,10,1,1,3,1,5,0.3,2,14,2.71,2.36,2,5,,,0,0,0,,,4.64,3,21,,,3,5,0.501,0.2,8,28,1,1,1,,4,0,45
4,Run50_DengeV1,Dengeli,bahcivan,standart,101,boss=don,3,,,16,16,0,0,0,0,10,4,2,0,0,42,84,45,0,0,36,8,0,40,12,0,400,3,1,10,1,1,2.892,1,5,0.3,2,15,3.07,2.6,2.75,3.5,,,0,0,0,,,6.07,6.51,7.23,,,4,6,0.546,0,8,34,1,2,1,,5,0.05,45
4,Run50_DengeV1,Dengeli,bahcivan,standart,101,boss=don,4,,,20,20,0,0,0,0,18,1,1,0,0,31,115,45,0,0,40,4,0,40,16,0,430,4,1,10,1,1,2.892,1,5,0.3,2,15,3.4,2.11,3,4,,,0,0,0,,,4.99,8.7,8.7,,,5,8,0.549,0.25,8,45,0,2,1,,5,0,45
4,Run50_DengeV1,Dengeli,bahcivan,standart,101,boss=don,5,,,15,15,0,0,0,0,6,7,1,1,0,67,182,45,67,8,40,4,2,42,20,2,420,5,1,11.33,1,1,2.892,1,5,0.3,2,15,3,2.33,2.43,3,5,,14,0,0,0,,5.3,7.03,5.8,26.03,,6,9,0.471,0.222,7.347,55,3,5,1,,4,0,45
4,Run50_DengeV1,Dengeli,bahcivan,standart,101,boss=don,6,,,22,22,0,0,0,0,13,7,2,0,0,54,54,110,0,0,54,8,0,57,28,2,550,6,1,11.33,1,1,2.459,1,5,0.3,2,18,3.72,2.31,3.43,3,,,0,0,0,,,5.29,8.43,9.83,,,6,9,0.671,0.333,7.032,58,2,7,0,hizli_bilekx1,5,0,45
4,Run50_DengeV1,Dengeli,bahcivan,standart,101,boss=don,7,,,23,23,0,0,0,0,15,7,1,0,0,46,100,110,0,0,65,4,0,68,32,2,582,7,1,12,1,1,2.37,1,5,0.3,2,18,3.61,2.27,3.14,1,,,0,0,,,,3.79,8.47,0,,,7,10,0.643,0.3,7.142,63,4,11,1,hizli_bilekx1,7,0,45
4,Run50_DengeV1,Dengeli,bahcivan,standart,101,boss=don,8,,,24,24,0,0,0,0,16,7,1,0,0,47,147,110,0,0,67,4,0,74,21,2,603,8,1,12,1,1,2.286,1,5,0.3,2,19,3.74,2.25,3,5,,,0,0,0,,,5.14,9.15,22.87,,,8,11,0.668,0.455,7.225,69,3,14,1,hizli_bilekx1,6,0,45
4,Run50_DengeV1,Dengeli,bahcivan,standart,101,boss=don,9,,,29,29,0,0,0,0,20,8,1,0,0,54,201,110,0,0,80,4,0,83,25,2,777,10,2,12.67,1,1,2.204,1,5,0.3,2,20,3.8,2.4,2.63,5,,,6,0,0,,,5.62,7.71,33.03,,,9,12,0.697,0.333,6.992,77,5,19,1,hizli_bilekx1,7,0,45
4,Run50_DengeV1,Dengeli,bahcivan,standart,101,boss=don,10,,,25,24,1,0,0,0,21,4,0,0,0,33,234,110,33,20,83,0,0,89,25,2,648,11,1,13.33,1,1,2.204,1,5,0.3,2,20,3.45,2.55,2.75,,,,5,0,0,,,6.72,14.87,,,,10,14,0.546,0.286,7.054,89,3,22,1,hizli_bilekx1,8,0,45
4,Run50_DengeV1,Dengeli,bahcivan,standart,101,boss=don,11,,,28,28,0,0,0,0,14,13,1,0,0,66,66,150,0,0,107,4,0,112,29,2,852,12,1,13.33,1,1,2.125,1,5,0.3,2,21,4.38,2.43,3.38,1,,,0,0,0,,,6.68,15.2,0,,,11,17,0.757,0.235,7.105,108,1,23,1,hizli_bilekx1 nadir_tohumx1,8,0,45
4,Run50_DengeV1,Dengeli,bahcivan,standart,101,boss=don,12,,,32,30,2,0,0,0,20,10,2,0,0,73,139,150,0,0,110,8,0,119,37,2,982,13,1,14.67,1,1,2.048,1,5,0.3,2,21,4.29,2.16,3.11,2.5,,,11,0,0,0,,5.06,7.97,6.15,,,12,18,0.705,0.5,6.972,116,6,29,1,hizli_bilekx1 nadir_tohumx1,8,0,45
4,Run50_DengeV1,Dengeli,bahcivan,standart,101,boss=don,13,,,38,38,0,0,0,0,24,7,5,2,0,158,297,150,0,0,114,20,4,114,27,6,1247,15,2,15.33,1,1,1.975,1,5,0.3,2,22,4.68,2.17,3,3.2,3,,0,0,0,0,,5.84,10.16,8.69,9.87,,13,20,0.749,0.5,6.668,135,6,35,1,hizli_bilekx1 nadir_tohumx1,10,0,45
4,Run50_DengeV1,Dengeli,bahcivan,standart,101,boss=don,14,,,37,35,2,0,0,0,28,8,0,1,0,84,381,150,0,0,132,0,2,146,2,8,1067,16,1,15.33,1,1,1.975,1,5,0.3,2,22,4.77,2.21,3.14,,,,0,0,0,,,6.14,12.7,,,,14,21,0.751,0.571,6.58,144,2,37,1,hizli_bilekx1 nadir_tohumx1,8,0,45
4,Run50_DengeV1,Dengeli,bahcivan,standart,101,boss=don,15,,,36,34,2,0,0,0,21,7,7,1,0,164,545,150,164,30,105,28,2,108,30,10,1285,17,1,17.38,1,1,1.975,1.078,5,0.3,2,22,4.45,2,2.29,2.86,,,4,0,0,,,3.85,4.51,7.06,,,15,22,0.602,0.273,6.613,150,5,42,1,hizli_bilekx1 nadir_tohumx1,11,0,45
4,Run50_DengeV1,Dengeli,bahcivan,standart,101,boss=don,16,,,40,38,0,2,0,0,29,8,3,0,0,89,89,220,0,0,135,12,0,139,42,10,1262,18,1,18.13,1,1,1.975,1.078,5,0.3,2,22,4.68,1.93,2.38,4,,,7,0,0,,,6.15,6.66,17.77,,,16,24,0.775,0.583,6.641,163,3,45,1,hizli_bilekx1 nadir_tohumx2,8,0,45
4,Run50_DengeV1,Dengeli,bahcivan,standart,101,boss=don,17,,,48,43,1,4,0,0,35,7,6,0,0,130,219,220,0,0,147,24,0,149,66,10,1610,19,1,18.13,1,1,1.836,1.117,5,0.3,2,24,4.83,2.06,2.5,2.8,,,6,0,0,0,,5.56,7.03,7.71,,,17,25,0.739,0.6,6.666,169,5,50,1,hizli_bilekx1 nadir_tohumx2,10,0,45
4,Run50_DengeV1,Dengeli,bahcivan,standart,101,boss=don,18,,,41,38,0,3,0,0,26,10,3,1,1,220,439,220,0,0,183,12,2,222,53,12,1470,20,1,18.13,1,1,1.836,1.117,5,0.3,2,24,4.83,2.19,2.56,3.33,,,4,0,0,,0,6.92,8.77,16.52,,,16,25,0.781,0.64,6.679,168,1,51,1,hizli_bilekx1 nadir_tohumx2,9,0,45
4,Run50_DengeV1,Dengeli,bahcivan,standart,101,boss=don,19,,,41,40,1,0,0,0,24,11,6,0,0,122,561,220,0,0,138,30,0,145,33,12,1553,21,1,20.27,1,1,1.836,1.156,5,0.3,2,24,4.92,2.08,2.8,3.33,,,0,0,0,,,7.34,7.15,9.18,,,16,25,0.812,0.64,6.356,177,8,59,0,hizli_bilekx1 nadir_tohumx2,8,0,45
4,Run50_DengeV1,Dengeli,bahcivan,standart,101,boss=don,20,,,44,41,0,3,0,0,29,12,2,1,0,119,680,220,119,45,159,10,2,183,43,14,1736,22,1,20.27,1,1,1.836,1.156,5,0.3,2,24,4.33,2.04,2.08,4,6,,0,0,0,0,,5.57,6.11,11,16.53,,16,25,0.611,0.32,6.048,186,5,64,0,hizli_bilekx1 nadir_tohumx2,10,0,45
4,Run50_DengeV1,Dengeli,bahcivan,standart,101,boss=don,21,,,40,38,0,2,0,0,17,17,4,2,0,184,184,300,0,0,153,20,4,176,23,18,1790,23,1,20.27,1,1,1.512,1.156,5,0.3,2,29,4.79,2.44,3,4.25,4.5,,5,0,0,0,,5.85,8.98,19.28,9.07,,16,25,0.799,0.52,6.048,186,2,66,0,hizli_bilekx2 nadir_tohumx2,9,0,45
4,Run50_DengeV1,Dengeli,bahcivan,standart,101,boss=don,22,,,53,48,0,5,0,0,32,13,6,2,0,203,387,300,0,0,174,30,4,185,53,22,2281,25,2,23.08,1,1,1.512,1.194,5,0.3,2,29,4.66,2.07,2.45,2.8,3.5,,0,0,0,0,,5.29,5.36,9.67,10.58,,16,25,0.758,0.6,6.048,186,2,68,0,hizli_bilekx2 nadir_tohumx2,10,0,45
4,Run50_DengeV1,Dengeli,bahcivan,standart,101,boss=don,23,,,51,48,0,3,0,0,25,18,3,4,1,335,722,300,0,0,183,40,8,298,63,30,2449,26,1,23.08,1,1,1.512,1.194,5,0.3,2,29,4.86,2.29,2.56,2.67,2.5,6,0,0,0,0,0,5.1,8.21,6.04,6.43,10.57,17,26,0.785,0.5,5.867,199,2,70,1,hizli_bilekx2 nadir_tohumx2,13,0,45
4,Run50_DengeV1,Dengeli,bahcivan,standart,101,boss=don,24,,,42,42,0,0,0,0,19,15,6,1,1,269,991,300,0,0,192,36,2,270,39,32,2041,27,1,23.08,1,1,1.512,1.194,5,0.3,2,29,4.93,2,3,4,4,5,6,0,0,0,0,2.86,9.36,12.34,22.67,19.63,18,30,0.826,0.6,5.896,229,2,72,2,hizli_bilekx2 nadir_tohumx2,9,0,45
4,Run50_DengeV1,Dengeli,bahcivan,standart,101,boss=don,25,,,44,38,4,2,0,0,25,8,8,3,0,267,1258,300,267,65,123,48,6,173,87,38,2012,28,1,23.08,1,1,1.512,1.194,5,0.3,2,29,4.66,2,2.63,2.71,3.5,,4,0,0,0,0,5.76,9.26,9.07,17.38,,19,32,0.708,0.563,5.923,243,1,73,1,hizli_bilekx2 nadir_tohumx2,11,0,45
4,Run50_DengeV1,Dengeli,bahcivan,standart,101,boss=don,26,,,53,52,1,0,0,0,25,13,10,2,3,595,595,500,0,0,153,104,14,166,121,52,2672,29,1,24.3,1,1,1.285,1.233,5,0.3,2,35,4.97,2.08,3.15,3.2,3.5,4.67,0,0,0,,0,7.44,8.49,7.83,21.2,20.99,20,37,0.839,0.649,5.841,285,3,76,2,hizli_bilekx3 nadir_tohumx2,12,0,45
4,Run50_DengeV1,Dengeli,bahcivan,standart,101,boss=don,27,,,57,53,4,0,0,0,28,14,9,6,0,396,991,500,0,0,168,54,12,329,112,44,2740,30,1,25.51,1,1,1.285,1.233,5,0.3,2,35,4.97,2,2.69,2.78,3,,13,0,0,0,0,5.24,7.71,7.42,12.85,,16,43,0.84,0.372,5.672,341,1,77,6,hizli_bilekx3 nadir_tohumx2,11,0,45
4,Run50_DengeV1,Dengeli,bahcivan,standart,101,boss=don,28,,,63,52,9,2,0,0,22,20,13,5,3,798,1789,500,0,0,231,100,20,300,224,44,3306,31,1,25.51,1,1,1.244,1.233,5,0.3,2,36,5,1.76,1.94,2.75,2.75,3,6,14,0,0,0,8.93,4.75,11.2,5.91,10.78,17,47,0.839,0.681,5.715,370,1,78,3,hizli_bilekx3 nadir_tohumx2,12,0,45
4,Run50_DengeV1,Dengeli,bahcivan,standart,101,boss=don,29,,,66,56,9,1,0,0,17,21,17,11,0,859,2648,500,0,0,177,102,22,297,138,46,3674,32,1,28.62,1,1,1.244,1.233,5,0.3,2,36,5,1.87,2.42,2,2.1,,14,6,0,0,,6.22,7.4,5.7,9.71,,17,49,0.871,0.755,5.536,398,2,80,3,hizli_bilekx3 nadir_tohumx2,15,0,45
4,Run50_DengeV1,Dengeli,bahcivan,standart,101,boss=don,30,,,78,64,5,9,0,0,36,20,11,10,1,758,3406,500,758,100,273,66,30,370,149,56,3782,33,1,28.62,1,1,1.244,1.272,6,0.317,2,36,6,1.83,2.33,3.1,3,3,7,6,0,0,0,3.28,6.3,9.08,8.86,3.73,15,49,0.767,0.51,5.442,405,4,84,1,hizli_bilekx3 nadir_tohumx2,17,0,45
4,Run50_DengeV1,Dengeli,bahcivan,standart,101,boss=don,31,,,115,99,11,5,0,0,49,33,20,10,3,1402,1402,1200,0,0,390,120,52,450,269,108,5728,34,1,29.99,1.6,1,1.244,1.272,6,0.317,2,36,6,1.43,1.78,2.18,2.29,1,42,23,18,0,0,2.27,2.81,4.83,6.94,0,15,49,0.792,0.653,5.357,412,2,86,0,hizli_bilekx3 nadir_tohumx2 canavar_kesimix1,21,0,45
4,Run50_DengeV1,Dengeli,bahcivan,standart,101,boss=don,32,,,116,97,14,5,0,0,56,25,16,12,7,1819,3221,1200,0,0,408,119,80,578,158,88,5812,36,2,29.99,1.6,1,1.205,1.272,6,0.317,2,37,6,1.47,1.76,2.29,2,2.4,42,18,6,0,0,1.82,3.79,5.51,3.62,7.23,16,50,0.779,0.62,5.412,416,3,89,1,hizli_bilekx3 nadir_tohumx2 canavar_kesimix1,21,0,45
4,Run50_DengeV1,Dengeli,bahcivan,standart,101,boss=don,33,,,99,84,11,4,0,0,37,27,14,15,6,1959,5180,1200,0,0,423,107,69,516,211,97,5308,37,1,33.24,1.6,1,1.205,1.272,6,0.317,2,37,6,1.43,1.95,2.73,2.54,2.75,39,8,0,0,0,1.86,4.25,6.24,10.56,19.27,19,64,0.836,0.484,5.543,520,3,92,7,hizli_bilekx3 nadir_tohumx2 canavar_kesimix1,18,0,45
4,Run50_DengeV1,Dengeli,bahcivan,standart,101,boss=don,34,,,99,80,14,5,0,0,29,29,19,18,4,1819,6999,1200,0,0,315,140,90,376,363,97,5460,38,1,33.24,1.6,1,1.205,1.367,6,0.333,2,37,6,1.32,2.09,2.19,2.63,3,35,4,0,0,0,1.04,4.43,5.8,8.29,10.86,20,71,0.852,0.606,5.578,573,4,96,4,hizli_bilekx3 nadir_tohumx2 canavar_kesimix1,19,0,45
4,Run50_DengeV1,Dengeli,bahcivan,standart,101,boss=don,35,,,113,90,16,7,0,0,42,23,33,10,5,1946,8945,1200,1946,220,363,340,43,384,403,75,6015,39,1,34.76,1.6,1,1.205,1.406,6,0.333,2,37,6,1.31,2.22,2.28,2.5,1.8,52,6,0,0,0,3.13,6.03,6.22,7.84,1.69,21,74,0.766,0.662,5.61,594,6,102,1,hizli_bilekx3 nadir_tohumx2 canavar_kesimix1,21,0,45
4,Run50_DengeV1,Dengeli,bahcivan,standart,101,boss=don,36,,,136,122,6,7,0,1,47,28,27,28,6,3105,3105,2800,0,0,315,284,180,339,307,255,7631,41,2,34.76,1.6,1,1.205,1.855,9,0.333,2,37,9,1.37,1.91,2.04,2.8,4,33,13,0,0,0,1.99,5.97,5.83,9.35,21.09,22,77,0.819,0.675,5.639,614,5,107,1,hizli_bilekx3 nadir_tohumx2 canavar_kesimix1 genis_savurusx1,23,0,45
4,Run50_DengeV1,Dengeli,bahcivan,standart,101,boss=don,37,,,146,114,25,5,0,2,48,52,24,20,2,2142,5247,2800,0,0,558,225,100,817,412,180,7649,42,1,34.76,1.6,1,1.205,1.855,9,0.333,2,37,9,1.55,1.93,2.31,2.63,2.5,19,10,8,0,0,3.59,5.37,10.24,11.6,6.63,25,81,0.807,0.704,5.711,638,3,110,3,hizli_bilekx3 nadir_tohumx2 canavar_kesimix1 genis_savurusx1,28,0,45
4,Run50_DengeV1,Dengeli,bahcivan,standart,101,boss=don,38,,,153,134,12,5,1,1,57,28,35,26,7,2998,8245,2800,0,0,370,464,210,407,876,280,8465,43,1,38.16,1.6,1,1.167,1.855,9,0.333,2,38,9,1.57,1.88,1.97,2.83,2.43,20,4,5,0,0,4.52,7.92,6.22,10.4,6.5,25,81,0.797,0.667,5.711,638,4,114,0,hizli_bilekx3 nadir_tohumx2 canavar_kesimix1 genis_savurusx1,28,0,45
4,Run50_DengeV1,Dengeli,bahcivan,standart,101,boss=don,39,,,147,132,5,9,0,1,48,39,29,23,8,3081,11326,2800,0,0,716,348,238,828,424,253,8182,44,1,39.82,1.6,1,1.167,1.929,9,0.333,2,38,9,1.48,1.91,2.22,2.35,3.5,34,3,8,0,0,3.34,4.57,7.69,6.77,17.11,25,81,0.81,0.679,5.711,638,5,119,0,hizli_bilekx3 nadir_tohumx2 canavar_kesimix1 genis_savurusx1,25,0,45
4,Run50_DengeV1,Dengeli,bahcivan,standart,101,boss=don,40,,,146,120,19,5,1,1,50,38,31,18,9,2967,14293,2800,2967,500,591,406,214,819,570,317,7996,45,1,39.82,1.6,1,1.131,1.929,9,0.35,2.111,39,8.64,1.62,2.09,2.31,2.14,2,29,6,4,0,0,3.74,4.73,10.01,8.65,5.08,25,81,0.699,0.58,5.572,654,4,123,0,hizli_bilekx3 nadir_tohumx2 canavar_kesimix1 genis_savurusx1,24,0,45
4,Run50_DengeV1,Dengeli,bahcivan,standart,101,boss=don,41,,,164,141,9,9,2,3,57,45,35,20,7,3062,3062,4500,0,0,658,484,236,917,494,358,8826,47,2,45.79,1.6,1,1.131,1.929,9,0.35,2.222,39,9,1.48,1.84,1.89,2.38,2.71,33,10,10,0,0,2.74,6.63,6.02,9.54,8.88,25,81,0.797,0.654,5.572,654,4,127,0,hizli_bilekx3 nadir_tohumx3 canavar_kesimix1 genis_savurusx1,29,0,45
4,Run50_DengeV1,Dengeli,bahcivan,standart,101,boss=don,42,,,173,152,11,6,1,3,58,50,31,29,5,3114,6176,4500,0,0,710,426,246,727,560,364,9373,48,1,45.79,1.6,1,1.131,2.002,9,0.367,2.333,39,9,1.44,1.89,2.19,2.08,3,45,11,4,12,0,3.54,5.58,5.52,6.65,5.37,25,81,0.782,0.642,5.572,654,5,132,0,hizli_bilekx3 nadir_tohumx3 canavar_kesimix1 genis_savurusx1,28,0,45
4,Run50_DengeV1,Dengeli,bahcivan,standart,101,boss=don,43,,,150,132,8,4,1,5,47,41,42,15,5,2709,8885,4500,0,0,570,568,152,682,808,226,8426,49,1,45.79,1.6,1,1.131,2.002,9,0.367,2.444,39,9,1.43,1.97,2,2.57,3.2,42,9,15,0,0,2.54,5.25,7.61,9.13,12.9,25,81,0.815,0.716,5.435,671,5,137,0,hizli_bilekx3 nadir_tohumx3 canavar_kesimix1 genis_savurusx1,27,0,45
4,Run50_DengeV1,Dengeli,bahcivan,standart,101,boss=don,44,,,164,139,17,4,2,2,49,43,41,25,6,3313,12198,4500,0,0,657,621,200,1339,709,426,9569,50,1,48.2,1.6,1,1.131,2.002,9,0.367,2.444,39,8.97,1.48,1.83,1.88,2.43,2,42,6,0,8,0,3.39,4.1,6.42,8.08,4.53,25,81,0.792,0.617,5.435,671,1,138,0,hizli_bilekx3 nadir_tohumx3 canavar_kesimix1 genis_savurusx1,33,0,45
4,Run50_DengeV1,Dengeli,bahcivan,standart,101,boss=don,45,,,165,136,15,10,1,3,44,50,39,24,8,4050,16248,4500,4050,800,795,685,206,1024,964,302,9762,51,1,48.2,1.6,1,1.095,2.002,9,0.367,2.556,41,8.8,1.53,1.82,2.17,2.07,3.67,40,11,4,0,0,3.53,4.16,7.27,6.94,12.78,25,81,0.708,0.568,5.435,671,4,142,0,hizli_bilekx3 nadir_tohumx3 canavar_kesimix1 genis_savurusx1,27,0,45
4,Run50_DengeV1,Dengeli,bahcivan,standart,101,boss=don,46,,,198,171,9,12,2,4,61,44,48,33,12,5084,5084,6000,0,0,648,793,370,712,1377,672,11942,52,1,52.15,1.6,1,1.095,2.739,12,0.367,2.556,41,11.93,1.56,2.11,2.51,3.12,2.58,40,8,6,0,0,3.43,6.48,7.64,9.51,6.03,25,81,0.761,0.593,5.255,694,4,146,0,hizli_bilekx3 nadir_tohumx3 canavar_kesimix1 genis_savurusx2,34,0,45
4,Run50_DengeV1,Dengeli,bahcivan,standart,101,boss=don,47,,,217,192,9,7,2,7,62,52,66,26,11,5721,10805,6000,0,0,1064,938,261,1446,1425,398,12901,53,1,54.76,1.6,1,1.095,2.739,12,0.383,2.667,41,11.88,1.57,1.9,2.09,2.39,3.6,33,18,9,5,0,2.87,3.63,5.13,7,12.92,25,81,0.74,0.605,5.255,694,4,150,0,hizli_bilekx3 nadir_tohumx3 canavar_kesimix1 genis_savurusx2,34,0,45
4,Run50_DengeV1,Dengeli,bahcivan,standart,101,boss=don,48,,,213,188,15,5,0,5,74,61,43,29,6,4129,14934,6000,0,0,864,571,370,1320,1056,768,12467,54,1,54.76,1.6,1,1.095,2.739,12,0.383,2.667,41,11.88,1.62,1.98,2.29,3.08,2.8,38,11,3,0,0,3.45,4.81,6.88,12.01,10.73,25,81,0.753,0.556,5.104,714,4,154,0,hizli_bilekx3 nadir_tohumx3 canavar_kesimix1 genis_savurusx2,36,0,45
4,Run50_DengeV1,Dengeli,bahcivan,standart,101,boss=don,49,,,208,173,24,6,3,2,78,48,43,30,9,4877,19811,6000,0,0,934,756,234,1334,1812,412,12275,55,1,54.76,1.6,1,1.095,2.739,12,0.383,2.778,41,11.78,1.55,2.29,2.35,2.48,2.25,41,2,3,0,0,2.49,7.53,8.41,7.32,3.83,25,81,0.754,0.63,5.104,714,3,157,0,hizli_bilekx3 nadir_tohumx3 canavar_kesimix1 genis_savurusx2,36,0,45
4,Run50_DengeV1,Dengeli,bahcivan,standart,101,boss=don,50,,,229,195,19,4,3,8,74,60,55,34,6,5300,25111,6000,0,0,964,810,276,1108,1012,688,13752,56,1,61.71,1.6,1,1.061,2.739,12,0.383,2.778,42,11.86,1.59,1.98,2.14,2.85,2.67,48,10,7,0,0,3.48,6.11,5.98,8.24,5.13,25,81,0.733,0.58,4.979,732,5,162,0,hizli_bilekx3 nadir_tohumx3 canavar_kesimix1 genis_savurusx2,35,0,45
4,Run50_DengeV1,Dengeli,bahcivan,standart,101,boss=don,50,KAZANDI
5,Run50_DengeV1,Dengeli,bahcivan,standart,100,boss=shell,1,,,13,13,0,0,0,0,12,1,0,0,0,15,15,45,0,0,28,0,0,28,0,0,270,1,0,10,1,1,3,1,5,0.3,2,13,2.08,1.83,3,,,,21,0,,,,2.5,6,,,,2,4,0.346,0,8,23,0,0,2,,3,0.205,45
5,Run50_DengeV1,Dengeli,bahcivan,standart,100,boss=shell,2,,,13,13,0,0,0,0,10,3,0,0,0,19,34,45,0,0,32,0,0,33,0,0,290,2,1,10,1,1,3,1,5,0.3,2,14,2.86,2.3,4,,,,0,0,,0,,4.5,9,,,,3,5,0.527,0,8,28,1,1,1,,3,0.044,45
5,Run50_DengeV1,Dengeli,bahcivan,standart,100,boss=shell,3,,,18,18,0,0,0,0,14,2,1,1,0,60,94,45,0,0,36,4,2,37,4,2,465,3,1,10.67,1,1,2.892,1,5,0.3,2,14,3.07,1.93,3.5,4,1,,20,0,0,,,3.73,10.13,11.57,0,,4,6,0.462,0,8,34,2,3,1,,6,0.113,45
5,Run50_DengeV1,Dengeli,bahcivan,standart,100,boss=shell,4,,,18,18,0,0,0,0,12,5,1,0,0,37,131,45,0,0,44,4,0,48,8,2,462,4,1,11.33,1,1,2.892,1,5,0.3,2,15,3,1.75,2.8,2,,,23,0,0,,,2.89,7.52,2.9,,,5,7,0.539,0.143,7.637,41,2,5,1,,5,0.026,45
5,Run50_DengeV1,Dengeli,bahcivan,standart,100,boss=shell,5,,,21,21,0,0,0,0,16,4,1,0,0,38,169,45,38,8,48,4,0,50,12,2,534,5,1,11.33,1,1,2.892,1,5,0.3,2,15,3.73,2.31,2,4,,,6,0,,,,6.15,5.07,8.7,,,6,9,0.625,0.333,7.665,53,1,6,1,,4,0,45
5,Run50_DengeV1,Dengeli,bahcivan,standart,100,boss=shell,6,,,24,24,0,0,0,0,17,5,2,0,0,52,52,110,0,0,54,8,0,56,20,2,691,7,2,11.33,1.25,1,2.789,1,5,0.3,2,16,3.44,1.88,2,3,,,29,0,0,,,2.95,3.91,11.15,,,6,9,0.558,0.333,7.665,53,3,9,0,keskin_bicakx1,5,0,45
5,Run50_DengeV1,Dengeli,bahcivan,standart,100,boss=shell,7,,,28,28,0,0,0,0,21,6,1,0,0,49,101,110,0,0,72,4,0,78,24,2,770,8,1,12,1.25,1,2.689,1,5,0.3,2,16,3.56,1.86,1.83,2,,,15,0,,,,4.48,2.25,16.13,,,7,10,0.516,0.2,7.303,62,3,12,1,keskin_bicakx1,6,0,45
5,Run50_DengeV1,Dengeli,bahcivan,standart,100,boss=shell,8,,,35,35,0,0,0,0,30,4,1,0,0,52,153,110,0,0,80,4,0,98,28,2,938,10,2,12,1.25,1,2.689,1,5,0.3,2,16,3.81,1.53,2,3,,,36,0,0,,,2.6,8.74,21.5,,,9,13,0.551,0.231,7.223,81,0,12,2,keskin_bicakx1,7,0,45
5,Run50_DengeV1,Dengeli,bahcivan,standart,100,boss=shell,9,,,29,29,0,0,0,0,23,4,2,0,0,55,208,110,0,0,66,8,0,68,21,2,847,11,1,12.67,1.25,1,2.689,1,5,0.3,2,16,4.06,1.65,2.5,4,,,22,0,0,,,3.86,6.06,12.1,,,10,15,0.707,0.467,7.103,95,5,17,1,keskin_bicakx1,5,0,45
5,Run50_DengeV1,Dengeli,bahcivan,standart,100,boss=shell,10,,,33,33,0,0,0,0,26,2,4,1,0,102,310,110,102,20,62,16,2,64,37,4,1099,12,1,13.33,1.25,1,2.592,1,5,0.3,2,17,4.29,1.77,2,3,3,,22,0,0,0,,4.69,6.48,12.31,5.2,,11,16,0.671,0.5,7.006,103,4,21,1,keskin_bicakx1,7,0,45
5,Run50_DengeV1,Dengeli,bahcivan,standart,100,boss=shell,11,,,41,41,0,0,0,0,35,4,2,0,0,67,67,150,0,0,125,8,0,126,15,4,1181,14,2,14,1.25,1,2.125,1,5,0.3,2,21,3.95,1.83,1.75,2.5,,,18,0,0,0,,4.13,4.25,5.3,,,12,17,0.651,0.471,7.057,108,4,25,1,keskin_bicakx1 hizli_bilekx1,8,0,45
5,Run50_DengeV1,Dengeli,bahcivan,standart,100,boss=shell,12,,,42,42,0,0,0,0,31,7,3,1,0,117,184,150,0,0,128,12,2,140,27,6,1466,15,1,14.67,1.25,1,2.125,1,5,0.3,2,21,4.33,1.58,2.43,3.67,2,,35,0,0,0,,4.18,4.24,9.21,6.37,,14,20,0.665,0.45,6.961,129,4,29,2,keskin_bicakx1 hizli_bilekx1,8,0,45
5,Run50_DengeV1,Dengeli,bahcivan,standart,100,boss=shell,13,,,41,41,0,0,0,0,27,9,4,1,0,129,313,150,0,0,135,16,2,137,43,8,1554,17,2,15.33,1.25,1,2.048,1,5,0.3,2,21,4.62,1.59,2.67,2,2,,21,0,0,,,3.49,10.47,5.12,10.23,,16,23,0.72,0.522,6.848,151,5,34,2,keskin_bicakx1 hizli_bilekx1,10,0,45
5,Run50_DengeV1,Dengeli,bahcivan,standart,100,boss=shell,14,,,50,50,0,0,0,0,33,10,7,0,0,145,458,150,0,0,159,28,0,176,46,8,1943,19,2,15.33,1.25,1,2.048,1,5,0.3,2,21,4.76,1.58,2.1,2.29,,,28,0,0,,,2.79,4.3,10.24,,,17,25,0.699,0.52,6.871,164,2,36,1,keskin_bicakx1 hizli_bilekx1,10,0,45
5,Run50_DengeV1,Dengeli,bahcivan,standart,100,boss=shell,15,,,44,44,0,0,0,0,32,10,2,0,0,90,548,150,90,30,156,8,0,163,54,8,1576,20,1,18.13,1.25,1,1.975,1.078,5,0.3,2,22,4.68,1.84,2.4,3,,,9,0,0,0,,5.19,5.93,18.77,,,17,25,0.722,0.52,6.871,164,7,43,0,keskin_bicakx1 hizli_bilekx1,9,0,45
5,Run50_DengeV1,Dengeli,bahcivan,standart,100,boss=shell,16,,,66,66,0,0,0,0,49,14,2,1,0,193,193,220,0,0,231,10,2,232,39,10,2557,22,2,18.13,1.25,1,1.561,1.117,5,0.3,2,28,4.39,1.63,1.79,2,3,,29,8,0,,,3.44,4.57,5.47,39,,15,25,0.629,0.44,6.491,173,9,52,1,keskin_bicakx1 hizli_bilekx2,12,0,45
5,Run50_DengeV1,Dengeli,bahcivan,standart,100,boss=shell,17,,,63,60,3,0,0,0,42,15,5,1,0,227,420,220,0,0,216,25,2,240,64,12,2620,23,1,19.2,1.25,1,1.561,1.117,5,0.3,2,28,4.5,1.53,2.07,2.6,4,,33,0,0,0,,1.6,4.8,9.05,32.77,,15,25,0.634,0.44,6.491,173,3,55,0,keskin_bicakx1 hizli_bilekx2,12,0,45
5,Run50_DengeV1,Dengeli,bahcivan,standart,100,boss=shell,18,,,65,65,0,0,0,0,43,14,6,2,0,262,682,220,0,0,213,30,4,265,69,16,3775,25,2,20.27,1.25,1,1.561,1.156,5,0.3,2,28,4.54,1.58,1.86,3,3,,30,9,0,0,,3.12,4.68,7.81,10.15,,14,25,0.652,0.32,5.999,188,8,63,1,keskin_bicakx1 hizli_bilekx2,16,0,45
5,Run50_DengeV1,Dengeli,bahcivan,standart,100,boss=shell,19,,,57,56,1,0,0,0,38,11,6,2,0,270,952,220,0,0,180,30,4,240,49,20,3298,27,2,20.27,1.25,1,1.512,1.194,5,0.3,2,29,4.48,1.63,2.55,2.8,3.5,,27,0,0,0,,3.14,10.16,12.39,8.3,,14,25,0.699,0.52,5.91,190,3,66,0,keskin_bicakx1 hizli_bilekx2,12,0,45
5,Run50_DengeV1,Dengeli,bahcivan,standart,100,boss=shell,20,,,55,53,2,0,0,0,27,18,8,2,0,374,1326,220,374,45,189,40,4,309,49,24,3588,28,1,23.08,1.25,1,1.512,1.194,5,0.3,2,29,4.59,1.92,2.18,1.88,3.5,,17,0,0,0,0,4.07,6.67,3.21,9.07,,14,25,0.722,0.52,5.91,190,2,68,0,keskin_bicakx1 hizli_bilekx2,11,0,45
5,Run50_DengeV1,Dengeli,bahcivan,standart,100,boss=shell,21,,,66,62,4,0,0,0,40,11,12,1,2,534,534,300,0,0,231,60,10,320,79,34,4459,30,2,23.08,1.563,1,1.512,1.194,5,0.3,2,29,4.45,1.54,1.64,2.36,3,3.5,27,20,13,0,0,2.74,2.2,6.05,12.07,9.05,15,26,0.669,0.462,5.942,197,2,70,1,keskin_bicakx2 hizli_bilekx2,13,0,45
5,Run50_DengeV1,Dengeli,bahcivan,standart,100,boss=shell,22,,,67,63,3,0,1,0,46,16,4,1,0,230,764,300,0,0,234,20,2,234,39,36,3436,31,1,23.08,1.563,1,1.512,1.194,5,0.3,2,29,4.83,1.57,2.31,2.25,3,,25,0,0,0,,3.24,7.56,6.79,15.13,,18,35,0.72,0.457,5.938,265,2,72,4,keskin_bicakx2 hizli_bilekx2,14,0,45
5,Run50_DengeV1,Dengeli,bahcivan,standart,100,boss=shell,23,,,75,73,1,0,1,0,42,19,10,4,0,396,1160,300,0,0,240,60,8,259,99,44,4456,32,1,24.3,1.563,1,1.512,1.194,5,0.3,2,29,4.93,1.4,2,2,2.5,,35,11,0,0,,2.31,5.09,6.8,17.38,,20,40,0.752,0.625,5.909,305,2,74,2,keskin_bicakx2 hizli_bilekx2,14,0,45
5,Run50_DengeV1,Dengeli,bahcivan,standart,100,boss=shell,24,,,68,64,4,0,0,0,36,18,9,3,2,844,2004,300,0,0,216,76,16,335,117,40,4514,33,1,25.51,1.563,1,1.512,1.233,5,0.3,2,29,5,1.41,1.94,2.13,3.33,3,42,20,0,0,0,3.2,5.16,7.37,17.14,9.08,19,45,0.805,0.578,5.772,351,3,77,4,keskin_bicakx2 hizli_bilekx2,14,0,45
5,Run50_DengeV1,Dengeli,bahcivan,standart,100,boss=shell,25,,,69,62,5,0,2,0,35,13,12,9,0,750,2754,300,750,65,183,72,18,268,201,38,4921,35,2,25.51,1.563,1,1.464,1.233,5,0.3,2,30,5,1.66,2,2.27,2.33,,20,0,0,0,0,5.22,12,7.06,10.41,,20,49,0.812,0.592,5.804,380,1,78,2,keskin_bicakx2 hizli_bilekx2,14,0,45
5,Run50_DengeV1,Dengeli,bahcivan,standart,100,boss=shell,26,,,86,78,5,0,2,1,44,20,14,5,3,1217,1217,500,0,0,252,106,30,360,107,68,5840,36,1,28.62,1.953,1,1.464,1.233,5,0.3,2,30,5,1.4,1.53,1.64,2.2,2.67,38,20,0,0,0,2.27,5.39,3.46,10.83,9.27,20,49,0.789,0.633,5.594,394,2,80,0,keskin_bicakx3 hizli_bilekx2,18,0,45
5,Run50_DengeV1,Dengeli,bahcivan,standart,100,boss=shell,27,,,100,94,3,0,3,0,39,31,16,9,5,1814,3031,500,0,0,348,142,49,528,206,77,7251,38,2,28.62,1.953,1,1.464,1.272,6,0.317,2,30,6,1.38,1.55,2,1.89,2.8,48,29,0,0,0,1.78,2.22,4.39,2.6,14.07,16,49,0.755,0.592,5.449,405,4,84,2,keskin_bicakx3 hizli_bilekx2,19,0,45
5,Run50_DengeV1,Dengeli,bahcivan,standart,100,boss=shell,28,,,95,91,4,0,0,0,41,19,24,9,2,2131,5162,500,0,0,282,193,27,370,399,104,6695,39,1,29.99,1.953,1,1.464,1.311,6,0.317,2,30,6,1.38,1.65,2.04,2,3.5,41,16,0,0,0,2.12,4.57,6.43,5.85,8.05,16,49,0.776,0.633,5.449,405,4,88,0,keskin_bicakx3 hizli_bilekx2,16,0,45
5,Run50_DengeV1,Dengeli,bahcivan,standart,100,boss=shell,29,,,96,84,7,0,3,2,41,25,20,10,0,1809,6971,500,0,0,279,140,30,399,194,34,6631,40,1,29.99,1.953,1,1.418,1.311,6,0.317,2,31,6,1.34,1.65,2.12,2.33,,35,13,0,0,0,1.82,4.99,5.43,7.57,,17,55,0.788,0.655,5.496,450,4,92,3,keskin_bicakx3 hizli_bilekx2,18,0,45
5,Run50_DengeV1,Dengeli,bahcivan,standart,100,boss=shell,30,,,97,85,5,0,2,5,32,26,23,13,3,3015,9986,500,3015,100,252,161,75,406,305,109,6682,41,1,33.24,1.953,1,1.418,1.311,6,0.317,2,31,6,1.45,1.76,1.95,2.15,2.5,17,14,6,0,0,2.83,6.21,5.46,6.98,13.48,19,63,0.816,0.683,5.575,509,1,93,4,keskin_bicakx3 hizli_bilekx2,17,0,45
5,Run50_DengeV1,Dengeli,bahcivan,standart,100,boss=shell,31,,,117,107,7,0,1,2,47,31,20,12,7,3083,3083,1200,0,0,375,221,72,511,250,91,8134,43,2,33.24,1.953,1,1.205,1.311,6,0.317,2,37,6,1.41,1.67,2.05,2,2.57,31,28,9,0,0,2.56,4.22,5.36,8.55,6.2,21,71,0.8,0.62,5.529,578,3,96,4,keskin_bicakx3 hizli_bilekx3,22,0,45
5,Run50_DengeV1,Dengeli,bahcivan,standart,100,boss=shell,32,,,129,105,14,0,3,7,53,27,24,18,7,3523,6606,1200,0,0,369,304,102,435,384,128,8868,44,1,33.24,1.953,1,1.205,1.367,6,0.333,2,37,6,1.34,1.63,1.8,2.41,2.8,44,22,13,0,0,2.03,3.42,5.06,8.79,7.47,23,75,0.805,0.667,5.591,604,5,101,2,keskin_bicakx3 hizli_bilekx3,27,0,45
5,Run50_DengeV1,Dengeli,bahcivan,standart,100,boss=shell,33,,,115,95,16,0,3,1,47,28,25,12,3,1945,8551,1200,0,0,357,264,60,472,318,108,7205,45,1,34.76,1.953,1,1.205,1.406,6,0.333,2,37,6,1.35,1.88,2,2.67,2,44,14,5,0,0,2.02,3.62,4.88,7.77,8.03,26,80,0.812,0.638,5.667,635,7,108,3,keskin_bicakx3 hizli_bilekx3,22,0,45
5,Run50_DengeV1,Dengeli,bahcivan,standart,100,boss=shell,34,,,122,101,11,0,2,8,49,29,26,12,6,4200,12751,1200,0,0,465,300,80,627,618,93,8040,46,1,34.76,1.953,1,1.205,1.406,6,0.333,2,37,6,1.27,1.75,1.96,2.14,2.6,47,19,4,0,0,1.53,3.52,4.52,4.48,9.65,27,81,0.821,0.704,5.688,641,2,110,1,keskin_bicakx3 hizli_bilekx3,24,0,45
5,Run50_DengeV1,Dengeli,bahcivan,standart,100,boss=shell,35,,,95,78,13,0,1,3,30,30,21,10,4,1896,14647,1200,1896,220,270,288,70,357,906,163,6350,47,1,38.16,1.953,1,1.167,1.406,6,0.333,2,38,6,1.68,2.17,2.68,2.67,4,19,0,0,0,0,3.5,6.59,7.18,8.69,8.17,27,81,0.855,0.728,5.688,641,2,112,0,keskin_bicakx3 hizli_bilekx3,22,0,45
5,Run50_DengeV1,Dengeli,bahcivan,standart,100,boss=shell,36,,,171,147,17,0,1,6,61,50,32,24,4,4959,4959,2800,0,0,585,323,160,702,429,213,11097,48,1,38.16,3.125,1,1.167,1.406,6,0.333,2,38,6,1.04,1.29,1.43,1.65,2.33,93,38,46,0,0,0.13,1.64,2.71,4.49,12.06,27,81,0.76,0.63,5.688,641,3,115,0,keskin_bicakx3 hizli_bilekx3 canavar_kesimix1,30,0,45
5,Run50_DengeV1,Dengeli,bahcivan,standart,100,boss=shell,37,,,170,148,15,0,3,4,72,50,21,24,3,2918,7877,2800,0,0,618,248,140,620,417,203,10488,49,1,39.82,3.125,1,1.167,1.461,6,0.35,2.111,38,6,1.03,1.39,1.42,1.76,2,91,36,37,22,0,0.18,3.7,2.46,5.39,3.89,27,81,0.754,0.63,5.549,657,7,122,0,keskin_bicakx3 hizli_bilekx3 canavar_kesimix1,28,0,45
5,Run50_DengeV1,Dengeli,bahcivan,standart,100,boss=shell,38,,,181,152,23,0,3,3,74,46,38,17,6,3910,11787,2800,0,0,703,418,125,963,835,133,11590,51,2,39.82,3.125,1,1.131,1.461,6,0.35,2.222,39,6,1.02,1.43,1.46,1.7,2.17,92,34,41,15,0,0.35,2.66,3.59,4.97,3.95,27,81,0.741,0.593,5.549,657,2,124,0,keskin_bicakx3 hizli_bilekx3 canavar_kesimix1,29,0,45
5,Run50_DengeV1,Dengeli,bahcivan,standart,100,boss=shell,39,,,193,155,32,0,2,4,85,38,39,20,11,5180,16967,2800,0,0,833,476,200,976,751,333,12475,52,1,45.79,3.125,1,1.131,1.517,6,0.35,2.222,39,6,1.01,1.32,1.38,1.6,1.89,90,52,34,13,0,0.12,1.75,2.4,5.2,5.91,27,81,0.723,0.58,5.466,667,4,128,0,keskin_bicakx3 hizli_bilekx3 canavar_kesimix1,33,0,45
5,Run50_DengeV1,Dengeli,bahcivan,standart,100,boss=shell,40,,,145,132,11,0,0,2,55,32,32,22,4,3190,20157,2800,3190,500,499,358,150,835,429,243,9614,53,1,45.79,3.125,1,1.131,1.517,6,0.367,2.333,39,6,1.23,1.54,1.52,2.1,3,72,36,30,11,0,1.2,3.07,2.84,5.93,8.29,27,81,0.796,0.691,5.332,684,5,133,0,keskin_bicakx3 hizli_bilekx3 canavar_kesimix1,25,0,45
5,Run50_DengeV1,Dengeli,bahcivan,standart,100,boss=shell,41,,,192,162,25,0,2,3,73,42,45,23,9,4927,4927,4500,0,0,755,526,195,1140,955,438,13501,54,1,45.79,3.125,1,1.131,1.517,6,0.487,2.333,39,6,1.03,1.28,1.24,1.65,1.75,94,57,62,25,0,0.17,1.26,1.64,4.72,4.67,27,81,0.739,0.617,5.332,684,1,134,0,keskin_bicakx3 hizli_bilekx3 canavar_kesimix1 kritik_gozx1,29,0,45
5,Run50_DengeV1,Dengeli,bahcivan,standart,100,boss=shell,42,,,187,169,14,0,2,2,72,48,38,20,9,5870,10797,4500,0,0,734,538,184,764,773,207,12910,55,1,48.2,3.125,1,1.095,1.517,6,0.487,2.444,41,6,1.09,1.26,1.49,1.28,2.43,85,55,48,53,13,0.51,1.25,2.99,1.89,8.45,27,81,0.743,0.605,5.332,684,5,139,0,keskin_bicakx3 hizli_bilekx3 canavar_kesimix1 kritik_gozx1,32,0,45
5,Run50_DengeV1,Dengeli,bahcivan,standart,100,boss=shell,43,,,212,180,27,0,2,3,92,59,33,21,7,4007,14804,4500,0,0,964,443,168,1078,786,375,13564,56,1,52.15,3.125,1,1.095,1.517,6,0.487,2.444,41,6,1.03,1.25,1.48,1.26,1.71,92,56,36,54,0,0.24,1.48,2.8,0.86,3.75,27,81,0.71,0.593,5.332,684,3,142,0,keskin_bicakx3 hizli_bilekx3 canavar_kesimix1 kritik_gozx1,31,0,45
5,Run50_DengeV1,Dengeli,bahcivan,standart,100,boss=shell,44,,,190,163,22,0,2,3,90,41,36,18,5,3589,18393,4500,0,0,688,516,132,1126,922,177,12405,57,1,52.15,3.125,1,1.095,1.572,6,0.503,2.556,41,6,1.1,1.32,1.43,1.58,2.4,84,45,41,21,0,0.66,1.62,2.6,4.57,7.43,27,81,0.736,0.617,5.202,701,4,146,0,keskin_bicakx3 hizli_bilekx3 canavar_kesimix1 kritik_gozx1,30,0,45
5,Run50_DengeV1,Dengeli,bahcivan,standart,100,boss=shell,45,,,178,155,19,0,1,3,72,39,42,22,3,3661,22054,4500,3661,800,658,504,154,794,536,191,12683,58,1,54.76,3.125,1,1.095,1.572,6,0.503,2.556,41,6,1.05,1.41,1.42,1.74,2.5,83,43,43,6,0,0.39,3.19,1.87,3.81,15.88,27,81,0.76,0.642,5.202,701,4,150,0,keskin_bicakx3 hizli_bilekx3 canavar_kesimix1 kritik_gozx1,28,0,45
5,Run50_DengeV1,Dengeli,bahcivan,standart,100,boss=shell,46,,,192,159,28,0,2,3,65,48,51,22,6,5177,5177,6000,0,0,702,656,198,1496,692,389,13828,59,1,54.76,3.125,1,1.095,1.572,6,0.503,2.556,41,6,1.04,1.45,1.32,1.44,1.75,88,42,58,33,0,0.25,2.68,1.52,2.37,2.46,27,81,0.733,0.556,5.202,701,1,151,0,keskin_bicakx3 hizli_bilekx3 canavar_kesimix1 kritik_gozx1 nadir_tohumx1,32,0,45
5,Run50_DengeV1,Dengeli,bahcivan,standart,100,boss=shell,47,,,203,168,24,0,2,9,73,54,47,18,11,7524,12701,6000,0,0,840,727,196,966,979,205,14770,60,1,54.76,3.125,1,1.061,1.572,6,0.503,2.667,42,6,1.1,1.33,1.28,1.53,1.8,71,48,61,42,0,0.51,2.57,2.89,3.32,3.81,27,81,0.733,0.556,5.074,718,4,155,0,keskin_bicakx3 hizli_bilekx3 canavar_kesimix1 kritik_gozx1 nadir_tohumx1,33,0,45
5,Run50_DengeV1,Dengeli,bahcivan,standart,100,boss=shell,48,,,195,167,20,0,4,4,74,53,40,23,5,4531,17232,6000,0,0,848,535,184,1074,1514,234,13468,61,1,58.9,3.125,1,1.061,1.572,6,0.503,2.667,42,6,1.06,1.3,1.25,1.84,2.25,84,50,56,23,0,0.31,1.92,1.5,4.24,7.97,27,81,0.741,0.556,5.004,728,3,158,0,keskin_bicakx3 hizli_bilekx3 canavar_kesimix1 kritik_gozx1 nadir_tohumx1,34,0,45
5,Run50_DengeV1,Dengeli,bahcivan,standart,100,boss=shell,49,,,195,169,21,0,2,3,67,53,48,21,6,5989,23221,6000,0,0,816,576,218,1150,990,452,13862,62,1,61.71,3.125,1,1.061,1.628,6,0.52,2.667,42,6,1.15,1.28,1.36,1.58,1.5,67,45,63,40,0,0.89,1.33,2.12,3.52,8.48,27,81,0.745,0.593,5.004,728,3,161,0,keskin_bicakx3 hizli_bilekx3 canavar_kesimix1 kritik_gozx1 nadir_tohumx1,30,0,45
5,Run50_DengeV1,Dengeli,bahcivan,standart,100,boss=shell,50,,,198,166,29,0,2,1,90,41,37,24,6,5026,28247,6000,0,0,750,530,213,1170,1010,245,14010,63,1,61.71,3.125,1,1.061,1.628,6,0.52,2.778,42,6,1.14,1.32,1.39,1.57,2,70,50,56,40,0,0.59,2.07,3.6,3.68,5.31,27,81,0.754,0.617,4.882,747,3,164,0,keskin_bicakx3 hizli_bilekx3 canavar_kesimix1 kritik_gozx1 nadir_tohumx1,31,0,45
5,Run50_DengeV1,Dengeli,bahcivan,standart,100,boss=shell,50,KAZANDI
6,Run50_DengeV1,Dengeli,bahcivan,standart,101,boss=shell,1,,,13,13,0,0,0,0,12,1,0,0,0,15,15,45,0,0,28,0,0,28,0,0,270,1,0,10,1,1,3,1,5,0.3,2,12,2.25,2,3,,,,17,0,,,,3,6,,,,2,4,0.339,0,8,23,0,0,2,,4,0.351,45
6,Run50_DengeV1,Dengeli,bahcivan,standart,101,boss=shell,2,,,14,14,0,0,0,0,11,2,1,0,0,27,42,45,0,0,30,4,0,31,4,0,320,2,1,10,1,1,3,1,5,0.3,2,14,2.71,2.36,2,5,,,0,0,0,,,4.64,3,21,,,3,5,0.501,0.2,8,28,1,1,1,,4,0,45
6,Run50_DengeV1,Dengeli,bahcivan,standart,101,boss=shell,3,,,16,16,0,0,0,0,10,4,2,0,0,42,84,45,0,0,36,8,0,40,12,0,400,3,1,10,1,1,2.892,1,5,0.3,2,15,3.07,2.6,2.75,3.5,,,0,0,0,,,6.07,6.51,7.23,,,4,6,0.546,0,8,34,1,2,1,,5,0.05,45
6,Run50_DengeV1,Dengeli,bahcivan,standart,101,boss=shell,4,,,20,20,0,0,0,0,18,1,1,0,0,31,115,45,0,0,40,4,0,40,16,0,430,4,1,10,1,1,2.892,1,5,0.3,2,15,3.4,2.11,3,4,,,0,0,0,,,4.99,8.7,8.7,,,5,8,0.549,0.25,8,45,0,2,1,,5,0,45
6,Run50_DengeV1,Dengeli,bahcivan,standart,101,boss=shell,5,,,18,18,0,0,0,0,11,5,2,0,0,46,161,45,46,8,42,8,0,44,24,0,450,5,1,11.33,1,1,2.892,1,5,0.3,2,15,3.87,2.55,2.4,3,,,0,0,0,,,5.26,8.1,5.78,,,6,9,0.688,0.333,7.347,55,3,5,1,,4,0,45
6,Run50_DengeV1,Dengeli,bahcivan,standart,101,boss=shell,6,,,25,25,0,0,0,0,14,9,2,0,0,61,61,110,0,0,64,8,0,69,32,0,661,6,1,11.33,1,1,2.892,1.32,6,0.3,2,15,4.8,2.43,3,2.5,,,0,0,0,,,5.37,8.03,4.33,,,6,9,0.575,0.111,7.347,55,2,7,0,genis_savurusx1,6,0.009,45
6,Run50_DengeV1,Dengeli,bahcivan,standart,101,boss=shell,7,,,27,27,0,0,0,0,21,2,4,0,0,67,128,110,0,0,52,16,0,56,48,0,728,8,2,12,1,1,2.689,1.32,6,0.3,2,16,4.81,2.29,3,3.75,,,0,0,0,,,4.61,5.37,12.09,,,7,10,0.575,0.3,7.413,61,5,12,1,genis_savurusx1,6,0,45
6,Run50_DengeV1,Dengeli,bahcivan,standart,101,boss=shell,8,,,31,31,0,0,0,0,26,5,0,0,0,41,169,110,0,0,77,0,0,83,3,0,758,9,1,12,1,1,2.689,1.32,6,0.3,2,16,4.81,2.23,2.8,,,,0,0,,0,,4.45,5.92,,,,8,11,0.577,0.364,7.462,66,3,15,1,genis_savurusx1,6,0,45
6,Run50_DengeV1,Dengeli,bahcivan,standart,101,boss=shell,9,,,30,30,0,0,0,0,22,7,0,1,0,73,242,110,0,0,79,0,2,83,3,2,865,10,1,12.67,1,1,2.689,1.32,6,0.3,2,16,5.06,2.09,3.43,,3,,9,0,0,,,3.67,9.61,,37.63,,9,13,0.62,0.308,7.316,80,4,19,1,genis_savurusx1,7,0,45
6,Run50_DengeV1,Dengeli,bahcivan,standart,101,boss=shell,10,,,30,30,0,0,0,0,20,9,1,0,0,57,299,110,57,20,85,4,0,95,7,2,930,12,2,13.33,1,1,2.592,1.32,6,0.3,2,17,5.18,2.35,3,2,,,0,0,,,,9.46,8.35,2.6,,,10,15,0.684,0.333,7.241,93,3,22,1,genis_savurusx1,7,0,45
6,Run50_DengeV1,Dengeli,bahcivan,standart,101,boss=shell,11,,,34,34,0,0,0,0,25,8,1,0,0,59,59,150,0,0,115,4,0,117,11,2,1017,13,1,14,1,1,2.5,1.742,6,0.3,2,17,5.65,2.2,3,3,,,8,0,0,0,,5.8,9.06,5,,,11,17,0.696,0.412,6.953,110,4,26,1,genis_savurusx2,11,0,45
6,Run50_DengeV1,Dengeli,bahcivan,standart,101,boss=shell,12,,,38,38,0,0,0,0,27,7,2,2,0,128,187,150,0,0,116,8,4,121,19,6,1254,15,2,14.67,1,1,2.41,1.742,6,0.3,2,18,5.33,2.07,2.71,4,3,,4,0,0,0,,5.53,6.55,15.67,12.05,,12,19,0.694,0.474,6.695,128,5,31,1,genis_savurusx2,11,0,45
6,Run50_DengeV1,Dengeli,bahcivan,standart,101,boss=shell,13,,,40,39,1,0,0,0,30,9,1,0,0,67,254,150,0,0,144,4,0,151,23,6,1221,16,1,15.33,1,1,2.324,1.742,6,0.3,2,19,5.63,2.07,2.88,3,,,7,0,,0,,7.75,8.71,13.93,,,14,22,0.736,0.455,6.627,149,3,34,2,genis_savurusx2,11,0,45
6,Run50_DengeV1,Dengeli,bahcivan,standart,101,boss=shell,14,,,41,39,0,2,0,0,28,10,1,2,0,128,382,150,0,0,144,4,4,149,27,10,1329,17,1,16.36,1,1,2.324,1.81,6,0.3,2,19,5.79,2.15,2.33,3,3,,6,0,0,,,7.32,6.46,16.27,11.6,,15,23,0.728,0.435,6.668,155,3,37,1,genis_savurusx2,11,0,45
6,Run50_DengeV1,Dengeli,bahcivan,standart,101,boss=shell,15,,,53,50,2,1,0,0,41,10,2,0,0,91,473,150,91,30,183,8,0,193,10,10,1693,18,1,18.13,1,1,2.324,1.878,9,0.3,2,19,7.47,1.92,3,1.5,,,22,0,0,,,4.34,9.76,1.17,,,16,24,0.689,0.458,6.621,163,6,43,1,genis_savurusx2,12,0,45
6,Run50_DengeV1,Dengeli,bahcivan,standart,101,boss=shell,16,,,61,54,2,5,0,0,40,16,4,1,0,158,158,220,0,0,219,16,2,225,26,12,2175,20,2,18.13,1,1,2.16,1.946,9,0.3,2,20,7.55,2.03,2.71,2.67,5,,5,0,0,0,,5.46,8.95,9.37,19.43,,17,25,0.67,0.4,6.335,178,8,51,1,genis_savurusx2 nadir_tohumx1,13,0,45
6,Run50_DengeV1,Dengeli,bahcivan,standart,101,boss=shell,17,,,60,56,2,2,0,0,44,13,3,0,0,113,271,220,0,0,216,15,0,216,41,12,2026,21,1,19.2,1,1,2.16,1.946,9,0.3,2,20,7.55,2.05,2.54,3.33,,,3,0,0,,,4.75,7.48,15.84,,,17,25,0.675,0.4,6.335,178,3,54,0,genis_savurusx2 nadir_tohumx1,14,0,45
6,Run50_DengeV1,Dengeli,bahcivan,standart,101,boss=shell,18,,,60,59,1,0,0,0,38,14,7,1,0,194,465,220,0,0,198,35,2,208,76,14,2506,23,2,20.27,1,1,2.16,2.013,9,0.3,2,20,7.9,2.19,2.79,2.29,3,,5,0,0,0,,6.19,8.02,6.79,10.8,,17,25,0.693,0.52,6.18,182,7,61,0,genis_savurusx2 nadir_tohumx1,11,0,45
6,Run50_DengeV1,Dengeli,bahcivan,standart,101,boss=shell,19,,,61,60,1,0,0,0,41,14,5,1,0,267,732,220,0,0,210,25,2,213,26,16,2506,24,1,20.27,1,1,2.092,2.081,9,0.3,2,21,8.05,2.1,2.86,3.8,4,,8,0,0,0,,5.6,8.07,11.71,12.53,,16,25,0.71,0.48,5.81,194,5,66,1,genis_savurusx2 nadir_tohumx1,11,0,45
6,Run50_DengeV1,Dengeli,bahcivan,standart,101,boss=shell,20,,,58,55,3,0,0,0,35,16,4,3,0,337,1069,220,337,45,207,20,6,300,46,22,2529,26,2,23.08,1,1,2.092,2.081,9,0.3,2,21,8.24,2.21,3.14,3,4.67,,7,0,0,0,,6.89,9.71,14.12,12.56,,16,25,0.722,0.48,5.81,194,1,67,0,genis_savurusx2 nadir_tohumx1,12,0,45
6,Run50_DengeV1,Dengeli,bahcivan,standart,101,boss=shell,21,,,80,74,0,6,0,0,54,15,10,1,0,433,433,300,0,0,264,60,2,279,66,24,3395,27,1,24.3,1,1,1.778,2.081,9,0.3,2,25,7.88,1.94,2.53,3.5,4,,14,0,0,0,,3.63,5.92,8.18,5.33,,16,25,0.638,0.48,5.81,194,4,71,0,genis_savurusx2 nadir_tohumx1 hizli_bilekx1,13,0,45
6,Run50_DengeV1,Dengeli,bahcivan,standart,101,boss=shell,22,,,79,76,1,2,0,0,45,25,8,1,0,366,799,300,0,0,294,48,2,338,59,26,3983,29,2,24.3,1,1,1.778,2.149,9,0.3,2,25,8.12,1.98,2.78,3.75,4,,16,0,0,0,,4.04,5.8,10.44,17.77,,15,26,0.646,0.462,5.771,203,3,74,2,genis_savurusx2 nadir_tohumx1 hizli_bilekx1,14,0,45
6,Run50_DengeV1,Dengeli,bahcivan,standart,101,boss=shell,23,,,79,75,2,2,0,0,50,17,8,4,0,523,1322,300,0,0,288,48,8,361,82,34,4100,30,1,25.51,1,1,1.778,2.149,9,0.3,2,25,8.52,1.92,2.8,3.29,4.25,,15,0,0,0,,4.9,6.52,12.44,13.78,,20,38,0.731,0.316,5.829,293,1,75,6,genis_savurusx2 nadir_tohumx1 hizli_bilekx1,16,0,45
6,Run50_DengeV1,Dengeli,bahcivan,standart,101,boss=shell,24,,,82,77,4,1,0,0,49,18,12,3,0,490,1812,300,0,0,282,72,6,363,94,40,4221,31,1,25.51,1,1,1.722,2.149,9,0.3,2,26,8.73,1.98,2.59,3.09,5,,16,0,0,0,,6.25,8.82,11.74,17.79,,22,44,0.771,0.636,5.881,337,2,77,3,genis_savurusx2 nadir_tohumx1 hizli_bilekx1,13,0,45
6,Run50_DengeV1,Dengeli,bahcivan,standart,101,boss=shell,25,,,69,64,5,0,0,0,39,13,11,6,0,556,2368,300,556,65,222,66,20,255,102,40,3975,33,2,28.62,1,1,1.722,2.149,9,0.317,2,26,8.96,1.97,2.38,3.55,3.67,,8,0,0,0,,7.09,11.53,11.75,17.51,,20,48,0.81,0.542,5.829,371,3,80,3,genis_savurusx2 nadir_tohumx1 hizli_bilekx1,13,0,45
6,Run50_DengeV1,Dengeli,bahcivan,standart,101,boss=shell,26,,,91,84,2,2,0,3,36,29,17,8,1,1270,1270,500,0,0,336,142,16,351,256,36,7155,34,1,28.62,1,1,1.464,2.149,9,0.317,2,30,8.93,2.28,2.14,2.88,3.14,5,3,5,0,0,0,8.05,6.75,9.88,13.39,17.57,19,49,0.766,0.531,5.799,380,1,81,2,genis_savurusx2 nadir_tohumx1 hizli_bilekx2,20,0,45
6,Run50_DengeV1,Dengeli,bahcivan,standart,101,boss=shell,27,,,102,92,0,8,0,2,34,30,18,15,5,2589,3859,500,0,0,435,201,56,471,202,92,8743,37,3,29.99,1,1,1.464,2.284,12,0.317,2,30,10.93,1.9,2.85,3.56,3.4,4,11,0,0,0,0,4.19,8.57,12.9,9.28,13.77,19,49,0.769,0.653,5.556,397,7,88,0,genis_savurusx2 nadir_tohumx1 hizli_bilekx2,17,0,45
6,Run50_DengeV1,Dengeli,bahcivan,standart,101,boss=shell,28,,,128,114,8,3,0,3,50,39,27,9,3,2038,5897,500,0,0,573,258,34,609,472,106,9789,39,2,33.24,1,1,1.418,2.284,12,0.317,2,31,10.74,1.8,2.34,3.12,4,3,23,0,0,0,0,3.93,6.44,8.39,11.95,5.2,17,49,0.715,0.531,5.432,406,2,90,1,genis_savurusx2 nadir_tohumx1 hizli_bilekx2,22,0,45
6,Run50_DengeV1,Dengeli,bahcivan,standart,101,boss=shell,29,,,118,108,6,1,3,0,48,30,23,14,3,2090,7987,500,0,0,459,161,68,513,168,74,9213,40,1,33.24,1,1,1.418,2.381,12,0.333,2,31,10.97,2.07,2.58,3.1,3.29,3.33,8,4,0,0,0,4.96,8.89,8.58,8.4,7.57,18,50,0.751,0.58,5.426,415,8,98,1,genis_savurusx2 nadir_tohumx1 hizli_bilekx2,21,0,45
6,Run50_DengeV1,Dengeli,bahcivan,standart,101,boss=shell,30,,,104,100,1,1,1,1,45,23,25,9,2,1628,9615,500,1628,100,342,217,64,365,347,68,8136,42,2,34.76,1,1,1.418,2.449,12,0.333,2,31,11.39,2.29,2.91,3.32,3.11,3,7,0,0,0,0,6.95,11.59,9.36,8.51,6.38,19,60,0.795,0.483,5.469,494,4,102,5,genis_savurusx2 nadir_tohumx1 hizli_bilekx2,20,0,45
6,Run50_DengeV1,Dengeli,bahcivan,standart,101,boss=shell,31,,,170,154,9,3,3,1,66,48,28,19,9,3340,3340,1200,0,0,927,246,168,1147,395,196,12333,44,2,34.76,1.6,1,1.418,2.449,12,0.333,2,31,11.68,1.61,1.97,2.19,2.33,3,29,5,0,0,0,3.07,5.42,8.14,6.31,13.54,21,70,0.724,0.571,5.505,572,3,105,4,genis_savurusx2 nadir_tohumx1 hizli_bilekx2 canavar_kesimix1,28,0,45
6,Run50_DengeV1,Dengeli,bahcivan,standart,101,boss=shell,32,,,183,169,8,0,0,6,71,59,25,24,4,2855,6195,1200,0,0,856,284,142,988,571,193,12935,45,1,39.82,1.6,1,1.373,2.546,12,0.333,2,32,11.72,1.5,1.75,2.12,2.61,3,43,23,0,0,0,3.01,5.79,5.27,8.89,12.36,21,81,0.735,0.506,5.418,673,7,112,7,genis_savurusx2 nadir_tohumx1 hizli_bilekx2 canavar_kesimix1,32,0,45
6,Run50_DengeV1,Dengeli,bahcivan,standart,101,boss=shell,33,,,195,176,11,1,3,4,68,54,42,24,7,3378,9573,1200,0,0,1034,384,210,1152,955,253,13938,47,2,43.38,1.6,1,1.33,2.546,12,0.35,2.111,33,11.67,1.49,1.46,2.13,2.32,2.67,35,37,2,0,0,3.33,3.35,7.09,8.52,7.1,21,81,0.737,0.58,5.387,677,4,116,0,genis_savurusx2 nadir_tohumx1 hizli_bilekx2 canavar_kesimix1,34,0,45
6,Run50_DengeV1,Dengeli,bahcivan,standart,101,boss=shell,34,,,201,182,16,0,1,2,72,51,40,30,8,3993,13566,1200,0,0,883,518,219,1135,673,392,14345,49,2,43.38,1.6,1,1.33,2.643,12,0.35,2.111,33,11.97,1.47,1.56,1.94,2.59,3,35,28,3,0,0,2.64,3.58,6.17,9.07,13.97,21,81,0.728,0.556,5.387,677,5,121,0,genis_savurusx2 nadir_tohumx1 hizli_bilekx2 canavar_kesimix1,35,0,45
6,Run50_DengeV1,Dengeli,bahcivan,standart,101,boss=shell,35,,,180,171,3,1,5,0,69,47,37,22,5,3237,16803,1200,3237,220,798,467,150,1028,580,252,12966,50,1,43.38,1.6,1,1.33,2.643,12,0.367,2.222,33,12,1.53,2,2.16,2.45,3.2,35,13,0,0,0,4.03,5.63,7.05,7.78,13.3,21,81,0.763,0.617,5.193,702,8,129,0,genis_savurusx2 nadir_tohumx1 hizli_bilekx2 canavar_kesimix1,32,0,45
6,Run50_DengeV1,Dengeli,bahcivan,standart,101,boss=shell,36,,,284,264,13,3,3,1,105,71,62,35,11,5560,5560,2800,0,0,1270,888,280,1588,908,292,19633,52,2,45.79,1.6,1,0.931,2.643,12,0.367,2.333,48,11.58,1.41,1.65,2.21,2.41,2.5,40,33,2,0,0,2.34,3.31,6.29,7.64,6.89,21,81,0.644,0.494,5.193,702,3,132,0,genis_savurusx2 nadir_tohumx1 hizli_bilekx2 canavar_kesimix1 firtina_bilegix1,44,0,45
6,Run50_DengeV1,Dengeli,bahcivan,standart,101,boss=shell,37,,,301,270,11,0,13,7,116,68,60,47,10,5861,11421,2800,0,0,1504,897,384,1732,1125,441,21199,54,2,49.54,1.6,1,0.902,2.739,12,0.367,2.333,49,11.31,1.36,1.66,2.08,2.45,2.6,49,37,9,0,0,1.9,2.74,5.72,6.25,6.22,21,81,0.63,0.457,5.066,720,8,140,0,genis_savurusx2 nadir_tohumx1 hizli_bilekx2 canavar_kesimix1 firtina_bilegix1,49,0,45
6,Run50_DengeV1,Dengeli,bahcivan,standart,101,boss=shell,38,,,306,275,18,0,10,3,106,84,56,48,12,7610,19031,2800,0,0,1522,969,456,1934,1374,467,23002,56,2,52.15,1.6,1,0.902,2.739,12,0.383,2.444,49,11.47,1.46,1.55,1.85,2.42,2.36,48,35,15,0,0,2.4,3.11,3.75,5.71,6.15,21,81,0.621,0.481,5.066,720,6,146,0,genis_savurusx2 nadir_tohumx1 hizli_bilekx2 canavar_kesimix1 firtina_bilegix1,42,0,45
6,Run50_DengeV1,Dengeli,bahcivan,standart,101,boss=shell,39,,,312,281,26,0,4,1,113,87,56,48,8,6411,25442,2800,0,0,1690,1006,304,1914,1570,441,22601,58,2,56.1,1.6,1,0.873,2.739,12,0.383,2.556,51,11.55,1.42,1.51,2.09,2.54,3.38,49,44,8,0,0,2.05,2.4,5.27,6.65,13.52,21,81,0.625,0.469,4.888,746,6,152,0,genis_savurusx2 nadir_tohumx1 hizli_bilekx2 canavar_kesimix1 firtina_bilegix1,46,0,45
6,Run50_DengeV1,Dengeli,bahcivan,standart,101,boss=shell,40,,,275,257,9,0,7,2,91,60,64,46,14,7920,33362,2800,7920,500,1432,1013,422,1476,1193,483,21925,59,1,58.9,1.6,1,0.873,2.836,12,0.4,2.667,51,11.57,1.38,1.98,2.15,2.63,2.92,51,21,7,0,0,1.5,4.85,4.93,8.53,7.53,21,81,0.675,0.519,4.888,746,7,159,0,genis_savurusx2 nadir_tohumx1 hizli_bilekx2 canavar_kesimix1 firtina_bilegix1,38,0,45
6,Run50_DengeV1,Dengeli,bahcivan,standart,101,boss=shell,41,,,338,312,18,1,7,0,119,86,78,38,17,8051,8051,4500,0,0,2198,1272,472,2344,2025,800,26743,61,2,63.05,1.6,1,0.846,2.836,12,0.4,2.667,53,11.42,1.41,1.65,1.78,2.19,2.5,46,38,29,10,0,1.75,2.45,3.64,5.41,7.51,21,81,0.601,0.395,4.769,764,5,164,0,genis_savurusx2 nadir_tohumx2 hizli_bilekx2 canavar_kesimix1 firtina_bilegix1,49,0,45
6,Run50_DengeV1,Dengeli,bahcivan,standart,101,boss=shell,42,,,362,331,15,2,11,3,126,94,80,50,12,7864,15915,4500,0,0,2162,1347,538,2906,1762,748,27098,63,2,72.57,1.6,1,0.846,2.933,12,0.4,2.778,53,11.47,1.46,1.45,1.76,2.24,1.83,45,43,34,8,0,2.31,1.58,3.44,5.21,3.81,21,81,0.595,0.444,4.652,784,6,170,0,genis_savurusx2 nadir_tohumx2 hizli_bilekx2 canavar_kesimix1 firtina_bilegix1,51,0,45
6,Run50_DengeV1,Dengeli,bahcivan,standart,101,boss=shell,43,,,365,317,14,4,13,17,106,115,71,55,18,9216,25131,4500,0,0,2096,1503,598,2172,2695,876,28876,64,1,72.57,1.6,1,0.846,2.933,12,0.417,2.889,53,11.3,1.39,1.45,1.84,1.88,2.35,49,47,31,11,0,1.78,2.14,3.54,4.65,6.22,21,81,0.59,0.457,4.652,784,6,176,0,genis_savurusx2 nadir_tohumx2 hizli_bilekx2 canavar_kesimix1 firtina_bilegix1,47,0,45
6,Run50_DengeV1,Dengeli,bahcivan,standart,101,boss=shell,44,,,374,338,10,3,15,8,118,95,87,48,26,11352,36483,4500,0,0,2615,1662,594,2867,1947,1470,31480,66,2,80.41,1.6,1,0.819,3.03,13,0.417,2.889,54,11.33,1.34,1.47,1.77,1.89,1.96,55,39,35,21,13,1.39,2.05,2.62,3.29,3.48,21,81,0.576,0.37,4.538,803,7,183,0,genis_savurusx2 nadir_tohumx2 hizli_bilekx2 canavar_kesimix1 firtina_bilegix1,55,0,45
6,Run50_DengeV1,Dengeli,bahcivan,standart,101,boss=shell,45,,,391,335,31,1,14,10,124,112,84,59,12,8990,45473,4500,8990,800,2315,1476,586,3582,2023,2056,31495,68,2,91.02,1.6,1,0.819,3.03,13,0.417,2.889,54,11.43,1.3,1.33,1.64,2.04,2.09,58,58,37,25,8,1.27,1.39,3,3.74,5.44,21,81,0.566,0.407,4.538,803,2,185,0,genis_savurusx2 nadir_tohumx2 hizli_bilekx2 canavar_kesimix1 firtina_bilegix1,61,0,45
6,Run50_DengeV1,Dengeli,bahcivan,standart,101,boss=shell,46,,,467,365,56,2,10,34,145,131,106,60,25,12792,12792,6000,0,0,3070,2205,824,3327,2910,980,37707,69,1,91.02,1.6,1,0.819,3.03,13,0.433,2.889,54,12.15,1.27,1.46,1.41,1.74,1.95,65,47,53,22,15,1.3,2.17,2.28,4.19,3.54,23,104,0.638,0.423,3.823,1224,7,192,7,genis_savurusx2 nadir_tohumx2 hizli_bilekx2 canavar_kesimix1 firtina_bilegix1 bereketli_toprakx1,80,0,45
6,Run50_DengeV1,Dengeli,bahcivan,standart,101,boss=shell,47,,,577,450,58,2,17,50,169,150,141,90,27,15652,28444,6000,0,0,3463,2890,890,5350,3510,1350,46398,71,2,94.81,1.6,1,0.819,3.127,16,0.433,3,54,15.15,1.34,1.31,1.42,1.68,2.23,59,59,53,28,11,1.48,1.16,2.13,2.79,6.19,30,121,0.626,0.471,3.875,1405,5,197,7,genis_savurusx2 nadir_tohumx2 hizli_bilekx2 canavar_kesimix1 firtina_bilegix1 bereketli_toprakx1,87,0,45
6,Run50_DengeV1,Dengeli,bahcivan,standart,101,boss=shell,48,,,599,455,64,7,32,41,192,158,122,86,41,18605,47049,6000,0,0,4359,2505,1098,4589,3545,2448,50231,74,3,106.31,1.6,1,0.819,3.127,16,0.45,3,54,15.04,1.24,1.39,1.43,1.69,1.94,65,39,49,28,6,1.16,1.99,2.02,2.63,3.35,30,121,0.62,0.463,3.875,1405,6,203,0,genis_savurusx2 nadir_tohumx2 hizli_bilekx2 canavar_kesimix1 firtina_bilegix1 bereketli_toprakx1,91,0,45
6,Run50_DengeV1,Dengeli,bahcivan,standart,101,boss=shell,49,,,605,499,36,9,16,45,185,143,154,102,21,16461,63510,6000,0,0,3944,2703,986,4503,4348,3434,51625,75,1,118.4,1.6,1,0.819,3.223,16,0.45,3,54,15.07,1.21,1.34,1.44,1.57,1.63,69,52,49,45,21,0.86,1.61,2.05,2.79,2.56,30,121,0.62,0.471,3.765,1446,5,208,0,genis_savurusx2 nadir_tohumx2 hizli_bilekx2 canavar_kesimix1 firtina_bilegix1 bereketli_toprakx1,87,0,45
6,Run50_DengeV1,Dengeli,bahcivan,standart,101,boss=shell,50,,,597,487,49,5,23,33,195,142,139,84,37,18823,82333,6000,0,0,3602,3240,1252,4385,7588,4686,51864,77,2,118.4,1.6,1,0.819,3.223,16,0.45,3,54,15.07,1.17,1.29,1.49,1.7,1.77,72,58,42,33,17,0.7,1.05,2.65,3.32,4.07,30,121,0.618,0.488,3.765,1446,3,211,0,genis_savurusx2 nadir_tohumx2 hizli_bilekx2 canavar_kesimix1 firtina_bilegix1 bereketli_toprakx1,86,0,45
6,Run50_DengeV1,Dengeli,bahcivan,standart,101,boss=shell,50,KAZANDI
7,Run50_DengeV1,Dengeli,bahcivan,standart,100,boss=fog,1,,,13,13,0,0,0,0,12,1,0,0,0,15,15,45,0,0,28,0,0,28,0,0,270,1,0,10,1,1,3,1,5,0.3,2,13,2.08,1.83,3,,,,21,0,,,,2.5,6,,,,2,4,0.346,0,8,23,0,0,2,,3,0.205,45
7,Run50_DengeV1,Dengeli,bahcivan,standart,100,boss=fog,2,,,13,13,0,0,0,0,10,3,0,0,0,19,34,45,0,0,32,0,0,33,0,0,290,2,1,10,1,1,3,1,5,0.3,2,14,2.86,2.3,4,,,,0,0,,0,,4.5,9,,,,3,5,0.527,0,8,28,1,1,1,,3,0.044,45
7,Run50_DengeV1,Dengeli,bahcivan,standart,100,boss=fog,3,,,18,18,0,0,0,0,14,2,1,1,0,60,94,45,0,0,36,4,2,37,4,2,465,3,1,10.67,1,1,2.892,1,5,0.3,2,14,3.07,1.93,3.5,4,1,,20,0,0,,,3.73,10.13,11.57,0,,4,6,0.462,0,8,34,2,3,1,,6,0.113,45
7,Run50_DengeV1,Dengeli,bahcivan,standart,100,boss=fog,4,,,18,18,0,0,0,0,12,5,1,0,0,37,131,45,0,0,44,4,0,48,8,2,462,4,1,11.33,1,1,2.892,1,5,0.3,2,15,3,1.75,2.8,2,,,23,0,0,,,2.89,7.52,2.9,,,5,7,0.539,0.143,7.637,41,2,5,1,,5,0.026,45
7,Run50_DengeV1,Dengeli,bahcivan,standart,100,boss=fog,5,,,21,21,0,0,0,0,14,5,2,0,0,49,180,45,49,8,48,8,0,50,16,2,567,5,1,11.33,1,1,2.892,1,5,0.3,2,15,3.6,2.14,2.2,3.5,,,14,0,0,,,5.79,4.63,7.25,,,6,9,0.595,0.222,7.665,53,1,6,1,,5,0,45
7,Run50_DengeV1,Dengeli,bahcivan,standart,100,boss=fog,6,,,26,26,0,0,0,0,18,5,2,1,0,83,83,110,0,0,56,8,2,58,24,4,707,7,2,11.33,1.25,1,2.789,1,5,0.3,2,16,3.56,1.67,2.2,3,3,,25,0,0,0,,2.79,4.47,9.75,11.13,,6,9,0.567,0.222,7.263,56,3,9,0,keskin_bicakx1,5,0,45
7,Run50_DengeV1,Dengeli,bahcivan,standart,100,boss=fog,7,,,32,32,0,0,0,0,21,9,2,0,0,68,151,110,0,0,87,8,0,95,32,4,859,8,1,12,1.25,1,2.689,1,5,0.3,2,16,3.88,1.62,2.11,2.5,,,20,0,0,,,2.69,4.47,5.37,,,7,10,0.482,0.1,7.175,63,3,12,1,keskin_bicakx1,6,0.028,45
7,Run50_DengeV1,Dengeli,bahcivan,standart,100,boss=fog,8,,,34,34,0,0,0,0,23,9,1,1,0,90,241,110,0,0,91,4,2,106,36,6,911,10,2,12,1.25,1,2.689,1,5,0.3,2,16,4.25,1.7,2.11,3,4,,32,0,0,0,,3.51,6.57,24.2,18.8,,9,14,0.616,0.429,7.315,86,0,12,2,keskin_bicakx1,6,0,45
7,Run50_DengeV1,Dengeli,bahcivan,standart,100,boss=fog,9,,,28,28,0,0,0,0,20,6,1,1,0,78,319,110,0,0,70,4,2,80,25,8,802,11,1,12.67,1.25,1,2.689,1,5,0.3,2,16,4.19,1.75,2.17,3,3,,16,0,0,0,,4.3,5.37,5.37,8.07,,10,16,0.711,0.5,6.957,103,5,17,1,keskin_bicakx1,6,0,45
7,Run50_DengeV1,Dengeli,bahcivan,standart,100,boss=fog,10,,,42,42,0,0,0,0,36,5,1,0,0,65,384,110,65,20,97,4,0,101,29,8,1112,13,2,13.33,1.25,1,2.592,1,5,0.3,2,17,4.29,1.53,1.6,3,,,30,0,0,,,3.96,3.63,7.77,,,11,18,0.644,0.444,7.017,115,3,20,1,keskin_bicakx1,8,0,45
7,Run50_DengeV1,Dengeli,bahcivan,standart,100,boss=fog,11,,,45,45,0,0,0,0,38,7,0,0,0,64,64,150,0,0,149,0,0,157,29,8,1238,14,1,14,1.25,1,2.5,1.32,6,0.3,2,17,5.24,1.61,2.43,,,,30,0,0,,,3.68,6.43,,,,12,20,0.626,0.35,6.932,130,4,24,1,keskin_bicakx1 genis_savurusx1,11,0,45
7,Run50_DengeV1,Dengeli,bahcivan,standart,100,boss=fog,12,,,45,45,0,0,0,0,31,12,2,0,0,113,177,150,0,0,153,8,0,158,37,8,1410,16,2,14.67,1.25,1,2.41,1.32,6,0.3,2,18,5.39,1.77,2.25,1,,,14,0,0,,,5.44,10.65,0,,,13,23,0.72,0.565,6.646,156,6,30,1,keskin_bicakx1 genis_savurusx1,10,0,45
7,Run50_DengeV1,Dengeli,bahcivan,standart,100,boss=fog,13,,,53,53,0,0,0,0,39,8,5,1,0,155,332,150,0,0,157,20,2,174,27,10,1666,17,1,14.67,1.25,1,2.41,1.371,6,0.3,2,18,5.78,1.46,2.5,3.2,4,,41,0,0,0,,3.27,9.64,10.61,24.1,,15,25,0.692,0.48,6.726,167,3,33,2,keskin_bicakx1 genis_savurusx1,13,0,45
7,Run50_DengeV1,Dengeli,bahcivan,standart,100,boss=fog,14,,,51,51,0,0,0,0,42,8,1,0,0,91,423,150,0,0,174,4,0,192,6,10,1573,19,2,17.38,1.25,1,2.324,1.423,6,0.3,2,19,5.89,1.64,2.38,3,,,24,0,0,,0,4.59,8.42,20.9,,,15,25,0.696,0.48,6.726,167,8,41,0,keskin_bicakx1 genis_savurusx1,12,0,45
7,Run50_DengeV1,Dengeli,bahcivan,standart,100,boss=fog,15,,,55,55,0,0,0,0,34,10,9,1,1,335,758,150,335,30,207,36,2,212,42,12,2111,20,1,18.13,1.25,1,2.24,1.474,6,0.3,2,20,5.95,1.65,2.1,2.33,3,1,23,0,0,0,,4.15,9.85,7.47,17.9,0,15,25,0.703,0.52,6.304,178,9,50,0,keskin_bicakx1 genis_savurusx1,10,0,45
7,Run50_DengeV1,Dengeli,bahcivan,standart,100,boss=fog,16,,,71,71,0,0,0,0,47,18,4,2,0,243,243,220,0,0,249,16,4,249,58,16,2547,22,2,19.2,1.25,1,1.836,1.474,6,0.3,2,24,5.79,1.62,1.83,3,3.5,,27,8,0,0,,3.01,5.09,8.26,17.42,,15,25,0.618,0.48,6.304,178,3,53,0,keskin_bicakx1 genis_savurusx1 hizli_bilekx1,11,0,45
7,Run50_DengeV1,Dengeli,bahcivan,standart,100,boss=fog,17,,,72,72,0,0,0,0,48,18,6,0,0,186,429,220,0,0,252,30,0,260,63,16,2957,23,1,20.27,1.25,1,1.836,1.525,6,0.3,2,24,5.75,1.54,2.06,3.17,,,36,6,0,0,,4.28,5.2,8.87,,,14,25,0.654,0.44,5.824,193,10,63,1,keskin_bicakx1 genis_savurusx1 hizli_bilekx1,13,0,45
7,Run50_DengeV1,Dengeli,bahcivan,standart,100,boss=fog,18,,,65,61,0,4,0,0,38,15,6,4,2,481,910,220,0,0,249,30,16,344,68,32,3001,25,2,20.27,1.25,1,1.778,1.577,6,0.3,2,25,5.88,1.69,2.43,3,2.75,4,21,0,0,0,0,3.96,6.48,9.48,11.11,16.9,12,25,0.658,0.4,5.728,196,2,65,1,keskin_bicakx1 genis_savurusx1 hizli_bilekx1,12,0,45
7,Run50_DengeV1,Dengeli,bahcivan,standart,100,boss=fog,19,,,68,68,0,0,0,0,41,13,10,3,1,455,1365,220,0,0,201,70,6,245,88,38,3150,26,1,23.08,1.25,1,1.778,1.577,6,0.3,2,25,5.92,1.63,1.85,2.5,3.67,2,22,0,0,0,0,3.6,3.96,8.18,20.14,7.13,12,25,0.68,0.4,5.728,196,3,68,0,keskin_bicakx1 genis_savurusx1 hizli_bilekx1,13,0,45
7,Run50_DengeV1,Dengeli,bahcivan,standart,100,boss=fog,20,,,58,58,0,0,0,0,31,17,5,3,2,478,1843,220,478,45,195,45,14,220,63,52,2892,28,2,23.08,1.25,1,1.778,1.577,6,0.3,2,25,4.76,1.58,2,2.2,3.33,1,34,5,0,0,,3.61,3.76,5.69,11.87,0,13,26,0.723,0.5,5.779,202,3,71,1,keskin_bicakx1 genis_savurusx1 hizli_bilekx1,11,0,45
7,Run50_DengeV1,Dengeli,bahcivan,standart,100,boss=fog,21,,,82,82,0,0,0,0,41,28,8,5,0,1073,1073,300,0,0,291,48,10,351,63,42,4130,29,1,24.3,1.563,1,1.778,1.628,6,0.3,2,25,5.96,1.46,1.79,2.25,2.2,,45,20,0,0,,2.26,4.38,11.34,6.4,,13,30,0.665,0.4,5.779,234,4,75,3,keskin_bicakx2 genis_savurusx1 hizli_bilekx1,16,0,45
7,Run50_DengeV1,Dengeli,bahcivan,standart,100,boss=fog,22,,,66,66,0,0,0,0,28,22,13,3,0,1316,2389,300,0,0,222,78,6,298,83,28,3475,30,1,25.51,1.563,1,1.778,1.628,6,0.3,2,25,6,1.57,1.91,2.38,4,,31,19,0,0,,4.76,6.06,10.8,16.01,,17,44,0.791,0.295,5.925,334,2,77,6,keskin_bicakx2 genis_savurusx1 hizli_bilekx1,12,0,45
7,Run50_DengeV1,Dengeli,bahcivan,standart,100,boss=fog,23,,,74,70,0,4,0,0,32,25,9,5,3,1388,3777,300,0,0,291,54,30,339,137,58,3839,32,2,25.51,1.563,1,1.722,1.628,6,0.3,2,26,6,1.57,1.96,2.22,3,3.67,30,15,0,0,0,2.53,7.34,10.91,6.89,12.62,18,46,0.801,0.674,5.952,348,1,78,1,keskin_bicakx2 genis_savurusx1 hizli_bilekx1,12,0,45
7,Run50_DengeV1,Dengeli,bahcivan,standart,100,boss=fog,24,,,79,74,4,1,0,0,33,28,12,4,2,1959,5736,300,0,0,324,106,8,463,255,46,4139,33,1,28.62,1.563,1,1.722,1.628,6,0.3,2,26,6,1.62,1.63,1.92,2,4,24,28,0,0,0,4.16,4.78,5.88,16.8,16.37,19,49,0.802,0.653,5.975,369,1,79,3,keskin_bicakx2 genis_savurusx1 hizli_bilekx1,12,0,45
7,Run50_DengeV1,Dengeli,bahcivan,standart,100,boss=fog,25,,,64,61,2,1,0,0,34,18,5,5,2,2096,7832,300,2096,65,261,36,26,269,36,52,3450,34,1,29.99,1.563,1,1.722,1.679,6,0.317,2,26,5,1.47,1.5,1.4,3,4,29,33,13,0,0,3.71,3.06,2.07,16.19,6.9,17,49,0.834,0.673,5.78,381,6,85,1,keskin_bicakx2 genis_savurusx1 hizli_bilekx1,11,0,45
7,Run50_DengeV1,Dengeli,bahcivan,standart,100,boss=fog,26,,,92,85,2,4,1,0,44,20,12,14,2,3205,3205,500,0,0,405,84,48,509,132,80,5042,35,1,29.99,1.953,1,1.722,1.731,6,0.317,2,26,6,1.28,1.47,2.4,1.93,1.5,58,37,0,0,0,1.98,2.35,12.05,7.14,13.78,15,49,0.781,0.673,5.511,400,3,88,1,keskin_bicakx3 genis_savurusx1 hizli_bilekx1,15,0,45
7,Run50_DengeV1,Dengeli,bahcivan,standart,100,boss=fog,27,,,97,94,2,1,0,0,37,24,20,12,4,5159,8364,500,0,0,414,165,36,468,297,116,5753,36,1,33.24,1.953,1,1.668,1.731,6,0.317,2,26,6,1.22,1.63,1.74,2,2,69,21,25,0,0,1.48,3.48,5.53,5.76,4.17,15,49,0.779,0.673,5.511,400,2,90,0,keskin_bicakx3 genis_savurusx1 hizli_bilekx1,18,0,45
7,Run50_DengeV1,Dengeli,bahcivan,standart,100,boss=fog,28,,,98,86,11,1,0,0,41,31,19,6,1,2232,10596,500,0,0,330,172,24,438,174,40,5148,37,1,33.24,1.953,1,1.668,1.804,6,0.317,2,26,6,1.28,1.5,2,2.2,2,63,41,16,0,,2.18,2.26,5.53,6.67,5,16,50,0.774,0.62,5.557,405,5,95,1,keskin_bicakx3 genis_savurusx1 hizli_bilekx1,20,0,45
7,Run50_DengeV1,Dengeli,bahcivan,standart,100,boss=fog,29,,,134,116,15,3,0,0,55,31,28,16,4,3953,14549,500,0,0,471,230,63,529,304,83,7911,39,2,34.76,1.953,1,1.668,1.855,9,0.333,2,26,8.96,1.33,1.47,1.88,2.09,3.25,54,38,18,0,0,2.17,3.39,7.87,6.07,14.17,16,65,0.742,0.477,5.557,526,4,99,6,keskin_bicakx3 genis_savurusx1 hizli_bilekx1,26,0,45
7,Run50_DengeV1,Dengeli,bahcivan,standart,100,boss=fog,30,,,83,82,0,0,1,0,28,27,11,15,2,1895,16444,500,1895,100,279,96,94,443,130,107,4571,40,1,34.76,1.953,1,1.668,1.855,9,0.333,2,26,6,1.21,1.54,2,2.33,3.5,64,31,0,0,0,1.07,3.91,5.15,6.56,18.35,19,73,0.847,0.603,5.665,580,5,104,4,keskin_bicakx3 genis_savurusx1 hizli_bilekx1,15,0,45
7,Run50_DengeV1,Dengeli,bahcivan,standart,100,boss=fog,31,,,161,143,14,4,0,0,69,44,27,17,4,3121,3121,1200,0,0,582,232,136,645,362,178,8872,41,1,34.76,1.953,1,1.373,1.855,9,0.333,2,32,9,1.36,1.51,1.92,2,2,44,30,11,0,0,2.44,3.52,6.18,5.58,6.86,20,76,0.745,0.618,5.694,601,2,106,1,keskin_bicakx3 genis_savurusx1 hizli_bilekx2,25,0,45
7,Run50_DengeV1,Dengeli,bahcivan,standart,100,boss=fog,32,,,184,151,23,10,0,0,76,41,41,19,7,5037,8158,1200,0,0,763,396,165,828,528,168,10570,43,2,38.16,1.953,1,1.373,1.855,9,0.333,2,32,9,1.32,1.41,1.76,1.94,1.33,43,30,11,0,0,2,3.39,6.43,7.86,0.69,23,81,0.737,0.556,5.706,639,6,112,3,keskin_bicakx3 genis_savurusx1 hizli_bilekx2,33,0,45
7,Run50_DengeV1,Dengeli,bahcivan,standart,100,boss=fog,33,,,179,153,15,9,2,0,71,49,30,24,5,4462,12620,1200,0,0,807,367,160,935,895,178,10220,45,2,39.82,1.953,1,1.373,1.929,9,0.35,2.111,32,8.97,1.28,1.43,1.86,2,3,51,37,10,5,0,2.52,3.79,5.99,7.74,9.6,23,81,0.727,0.58,5.706,639,6,118,0,keskin_bicakx3 genis_savurusx1 hizli_bilekx2,33,0,45
7,Run50_DengeV1,Dengeli,bahcivan,standart,100,boss=fog,34,,,194,167,18,5,4,0,75,53,38,21,7,4833,17453,1200,0,0,851,504,185,866,599,363,11046,46,1,43.38,1.953,1,1.33,1.929,9,0.35,2.111,33,8.97,1.25,1.44,1.41,2.11,2,60,40,30,5,0,2.21,4.02,2.89,9.03,5.09,23,81,0.718,0.556,5.706,639,4,122,0,keskin_bicakx3 genis_savurusx1 hizli_bilekx2,32,0,45
7,Run50_DengeV1,Dengeli,bahcivan,standart,100,boss=fog,35,,,113,101,9,2,1,0,47,29,19,16,2,3107,20560,1200,3107,220,488,220,105,744,259,163,5975,47,1,43.38,1.953,1,1.33,2.002,9,0.35,2.222,33,6,1.37,1.44,2,1.93,3,47,34,6,0,0,2.66,4.31,7.73,6.02,8.65,23,81,0.829,0.691,5.566,655,6,128,0,keskin_bicakx3 genis_savurusx1 hizli_bilekx2,22,0,45
7,Run50_DengeV1,Dengeli,bahcivan,standart,100,boss=fog,36,,,231,198,20,10,3,0,91,53,44,35,8,7679,7679,2800,0,0,978,574,240,982,833,403,13885,48,1,43.38,1.953,1,1.33,2.643,12,0.367,2.222,33,11.94,1.46,1.47,1.79,2.13,2.29,38,24,13,6,0,2.91,3.28,4.41,6.11,8.93,23,81,0.682,0.506,5.566,655,2,130,0,keskin_bicakx3 genis_savurusx2 hizli_bilekx2,35,0,45
7,Run50_DengeV1,Dengeli,bahcivan,standart,100,boss=fog,37,,,243,213,18,6,6,0,88,70,45,31,9,6558,14237,2800,0,0,1083,546,327,1355,819,365,14593,50,2,45.79,1.953,1,1.33,2.643,12,0.367,2.333,33,11.82,1.42,1.39,1.66,2.1,1.86,42,54,22,7,0,2.54,2.18,4.29,8.03,5.13,23,81,0.652,0.506,5.566,655,4,134,0,keskin_bicakx3 genis_savurusx2 hizli_bilekx2,36,0,45
7,Run50_DengeV1,Dengeli,bahcivan,standart,100,boss=fog,38,,,250,210,30,7,3,0,97,69,46,29,9,7047,21284,2800,0,0,1442,557,186,1747,696,261,14698,51,1,49.54,1.953,1,1.288,2.643,12,0.367,2.444,34,11.85,1.35,1.56,1.75,1.83,2.25,42,29,38,0,0,1.96,3.64,4.41,4.51,4.51,23,81,0.65,0.556,5.392,676,6,140,0,keskin_bicakx3 genis_savurusx2 hizli_bilekx2,34,0,45
7,Run50_DengeV1,Dengeli,bahcivan,standart,100,boss=fog,39,,,252,211,27,11,3,0,100,74,42,27,9,5940,27224,2800,0,0,1246,610,258,1363,1306,379,15284,53,2,49.54,1.953,1,1.288,2.739,12,0.383,2.444,34,11.68,1.24,1.47,1.97,2.09,2.25,59,44,23,5,0,1.35,3.71,6.04,6.83,8.05,23,81,0.647,0.469,5.392,676,5,145,0,keskin_bicakx3 genis_savurusx2 hizli_bilekx2,40,0,45
7,Run50_DengeV1,Dengeli,bahcivan,standart,100,boss=fog,40,,,213,171,29,7,6,0,92,52,43,21,5,4999,32223,2800,4999,500,980,612,216,1423,768,265,12899,54,1,52.15,1.953,1,1.288,2.739,12,0.383,2.556,34,8.97,1.27,1.39,1.54,1.87,2.6,58,43,48,8,0,1.89,2.81,3.65,6.44,12.63,23,81,0.71,0.58,5.362,680,4,149,0,keskin_bicakx3 genis_savurusx2 hizli_bilekx2,32,0,45
7,Run50_DengeV1,Dengeli,bahcivan,standart,100,boss=fog,41,,,345,299,35,7,4,0,125,87,84,41,8,8332,8332,4500,0,0,1354,1202,420,1587,1590,530,22418,56,2,56.1,3.125,1,1.248,2.739,12,0.383,2.556,36,11.78,1,1.33,1.45,1.53,1.5,100,56,41,38,40,0,2.23,2.65,4.01,2.71,23,81,0.549,0.383,5.23,697,5,154,0,keskin_bicakx3 genis_savurusx2 hizli_bilekx2 canavar_kesimix1,53,0,45
7,Run50_DengeV1,Dengeli,bahcivan,standart,100,boss=fog,42,,,348,306,27,11,4,0,142,82,60,47,17,10603,18935,4500,0,0,1898,964,444,2015,1164,594,23301,58,2,58.9,3.125,1,1.248,2.836,12,0.4,2.667,36,11.81,1,1.23,1.45,1.53,1.64,100,62,40,38,29,0,1.55,2.71,3.22,3.2,23,81,0.528,0.358,5.208,700,6,160,0,keskin_bicakx3 genis_savurusx2 hizli_bilekx2 canavar_kesimix1,56,0,45
7,Run50_DengeV1,Dengeli,bahcivan,standart,100,boss=fog,43,,,350,314,27,7,2,0,123,106,72,35,14,8701,27636,4500,0,0,1962,1038,360,2647,1762,364,23590,59,1,63.05,3.125,1,1.208,2.836,12,0.4,2.778,37,11.73,1,1.32,1.37,1.47,1.18,100,47,48,52,63,0,1.83,2.17,2.7,0.88,23,81,0.537,0.383,5.08,717,6,166,0,keskin_bicakx3 genis_savurusx2 hizli_bilekx2 canavar_kesimix1,55,0,45
7,Run50_DengeV1,Dengeli,bahcivan,standart,100,boss=fog,44,,,361,326,17,8,10,0,148,92,65,43,13,9097,36733,4500,0,0,2061,966,468,3108,1118,832,23630,61,2,72.57,3.125,1,1.208,2.933,12,0.4,2.778,37,11.76,1,1.16,1.43,1.49,2,100,69,37,34,11,0,1.12,3.18,3.37,4.39,23,81,0.535,0.395,4.956,735,4,170,0,keskin_bicakx3 genis_savurusx2 hizli_bilekx2 canavar_kesimix1,54,0,45
7,Run50_DengeV1,Dengeli,bahcivan,standart,100,boss=fog,45,,,306,255,31,9,11,0,131,69,60,34,12,8136,44869,4500,8136,800,1353,1086,390,1631,1634,1222,21977,62,1,72.57,3.125,1,1.208,2.933,12,0.417,2.778,37,8.97,1,1.16,1.25,1.33,1.67,100,63,63,52,30,0,1.1,2.23,2.74,3.76,23,81,0.615,0.42,4.956,735,5,175,0,keskin_bicakx3 genis_savurusx2 hizli_bilekx2 canavar_kesimix1,50,0,45
7,Run50_DengeV1,Dengeli,bahcivan,standart,100,boss=fog,46,,,369,327,30,8,4,0,137,96,77,49,10,10448,10448,6000,0,0,1892,1179,480,2013,1613,1702,26794,64,2,75.87,3.125,1,1.17,3.03,13,0.417,2.778,38,11.95,1,1.27,1.46,1.46,1.8,100,54,48,40,50,0,1.67,2.17,3.09,4.33,23,81,0.525,0.346,4.956,735,4,179,0,keskin_bicakx3 genis_savurusx2 hizli_bilekx2 canavar_kesimix1 nadir_tohumx1,60,0,45
7,Run50_DengeV1,Dengeli,bahcivan,standart,100,boss=fog,47,,,419,341,58,8,12,0,151,101,95,59,13,14356,24804,6000,0,0,2007,1659,540,2010,2062,2242,30684,66,2,87.23,3.125,1,1.17,3.03,13,0.417,2.778,38,11.76,1,1.05,1.34,1.48,1.36,100,82,53,47,67,0,0.66,1.94,2.78,2.23,23,81,0.492,0.321,4.835,754,4,183,0,keskin_bicakx3 genis_savurusx2 hizli_bilekx2 canavar_kesimix1 nadir_tohumx1,60,0,45
7,Run50_DengeV1,Dengeli,bahcivan,standart,100,boss=fog,48,,,423,362,44,10,7,0,142,111,101,52,17,10262,35066,6000,0,0,2529,1872,426,2709,1952,688,31423,67,1,91.02,3.125,1,1.17,3.03,13,0.433,2.778,38,12.63,1,1.09,1.36,1.5,1.5,100,81,53,42,36,0,0.61,2.18,3.42,2.42,25,114,0.608,0.211,4.759,1078,5,188,13,keskin_bicakx3 genis_savurusx2 hizli_bilekx2 canavar_kesimix1 nadir_tohumx1,63,0,45
7,Run50_DengeV1,Dengeli,bahcivan,standart,100,boss=fog,49,,,465,356,92,8,9,0,167,120,97,68,13,11375,46441,6000,0,0,2496,1680,642,2985,2932,860,34512,69,2,91.02,3.125,1,1.17,3.03,13,0.433,2.889,38,12.79,1,1.08,1.26,1.42,1.56,100,83,58,51,27,0,0.55,1.77,2.81,2.86,29,121,0.606,0.496,4.826,1128,5,193,4,keskin_bicakx3 genis_savurusx2 hizli_bilekx2 canavar_kesimix1 nadir_tohumx1,68,0,45
7,Run50_DengeV1,Dengeli,bahcivan,standart,100,boss=fog,50,,,531,431,77,12,11,0,183,146,101,78,23,14623,61064,6000,0,0,3199,1833,798,3784,2475,1138,39326,71,2,102.22,3.125,1,1.17,3.127,16,0.433,3,38,15.42,1,1.04,1.31,1.39,1.47,100,85,46,47,43,0,0.28,2.26,2.65,4.25,29,121,0.573,0.405,4.646,1172,5,198,0,keskin_bicakx3 genis_savurusx2 hizli_bilekx2 canavar_kesimix1 nadir_tohumx1,80,0,45
7,Run50_DengeV1,Dengeli,bahcivan,standart,100,boss=fog,50,KAZANDI
8,Run50_DengeV1,Dengeli,bahcivan,standart,101,boss=fog,1,,,13,13,0,0,0,0,12,1,0,0,0,15,15,45,0,0,28,0,0,28,0,0,270,1,0,10,1,1,3,1,5,0.3,2,12,2.25,2,3,,,,17,0,,,,3,6,,,,2,4,0.339,0,8,23,0,0,2,,4,0.351,45
8,Run50_DengeV1,Dengeli,bahcivan,standart,101,boss=fog,2,,,14,14,0,0,0,0,11,2,1,0,0,27,42,45,0,0,30,4,0,31,4,0,320,2,1,10,1,1,3,1,5,0.3,2,14,2.71,2.36,2,5,,,0,0,0,,,4.64,3,21,,,3,5,0.501,0.2,8,28,1,1,1,,4,0,45
8,Run50_DengeV1,Dengeli,bahcivan,standart,101,boss=fog,3,,,16,16,0,0,0,0,10,4,2,0,0,42,84,45,0,0,36,8,0,40,12,0,400,3,1,10,1,1,2.892,1,5,0.3,2,15,3.07,2.6,2.75,3.5,,,0,0,0,,,6.07,6.51,7.23,,,4,6,0.546,0,8,34,1,2,1,,5,0.05,45
8,Run50_DengeV1,Dengeli,bahcivan,standart,101,boss=fog,4,,,20,20,0,0,0,0,18,1,1,0,0,31,115,45,0,0,40,4,0,40,16,0,430,4,1,10,1,1,2.892,1,5,0.3,2,15,3.4,2.11,3,4,,,0,0,0,,,4.99,8.7,8.7,,,5,8,0.549,0.25,8,45,0,2,1,,5,0,45
8,Run50_DengeV1,Dengeli,bahcivan,standart,101,boss=fog,5,,,20,20,0,0,0,0,12,6,2,0,0,50,165,45,50,8,48,8,0,50,24,0,500,5,1,11.33,1,1,2.892,1,5,0.3,2,15,3.8,2.25,2.17,3.5,,,0,0,0,,,5.06,5.31,7.23,,,6,9,0.643,0.444,7.347,55,3,5,1,,4,0,45
8,Run50_DengeV1,Dengeli,bahcivan,standart,101,boss=fog,6,,,21,21,0,0,0,0,11,8,2,0,0,55,55,110,0,0,54,8,0,56,32,0,573,6,1,11.33,1,1,2.37,1,5,0.3,2,18,3.56,2.09,3.13,3,,,0,0,0,0,,3.01,10.07,5.92,,,6,9,0.621,0.222,7.347,55,3,8,0,hizli_bilekx1,6,0,45
8,Run50_DengeV1,Dengeli,bahcivan,standart,101,boss=fog,7,,,25,25,0,0,0,0,16,6,2,1,0,84,139,110,0,0,62,8,2,62,40,2,723,8,2,12,1,1,2.286,1,5,0.3,2,19,3.74,2.13,3.17,4,4,,0,0,0,,,5.14,5.71,11.43,9.13,,7,10,0.624,0.3,7.413,61,4,12,1,hizli_bilekx1,5,0,45
8,Run50_DengeV1,Dengeli,bahcivan,standart,101,boss=fog,8,,,24,24,0,0,0,0,18,4,2,0,0,50,189,110,0,0,56,8,0,58,33,2,619,9,1,12.67,1,1,2.286,1,5,0.3,2,19,3.53,2.44,2.5,2.5,,,0,0,0,,,5.97,13.15,8,,,8,11,0.649,0.364,7.462,66,3,15,1,hizli_bilekx1,7,0,45
8,Run50_DengeV1,Dengeli,bahcivan,standart,101,boss=fog,9,,,27,27,0,0,0,0,20,7,0,0,0,41,230,110,0,0,75,0,0,84,3,2,749,10,1,12.67,1,1,2.286,1,5,0.3,2,19,3.74,2.25,2.71,,,,4,0,0,0,,6.29,5.55,,,,9,12,0.639,0.333,7.316,74,4,19,1,hizli_bilekx1,7,0,45
8,Run50_DengeV1,Dengeli,bahcivan,standart,101,boss=fog,10,,,27,27,0,0,0,0,18,6,2,1,0,86,316,110,86,20,66,8,2,77,11,4,855,11,1,13.33,1,1,2.204,1,5,0.3,2,20,4.1,2.28,3.33,3,4,,0,0,0,,,4.28,14.32,12.12,17.6,,10,14,0.725,0.429,7.204,87,3,22,1,hizli_bilekx1,7,0,45
8,Run50_DengeV1,Dengeli,bahcivan,standart,101,boss=fog,11,,,34,34,0,0,0,0,23,8,3,0,0,77,77,150,0,0,109,12,0,119,23,4,1049,13,2,14.67,1,1,1.806,1,5,0.3,2,24,3.83,2.04,2.63,3.67,,,9,0,0,0,,4.79,6.55,9.03,,,10,14,0.627,0.286,7.027,90,5,27,0,hizli_bilekx2,9,0,45
8,Run50_DengeV1,Dengeli,bahcivan,standart,101,boss=fog,12,,,38,38,0,0,0,0,25,10,1,2,0,125,202,150,0,0,125,4,4,130,27,8,1253,14,1,15.33,1,1,1.741,1,5,0.3,2,25,4,2.12,2.7,4,3,,11,0,0,0,,5.29,5.93,12.2,9.57,,11,16,0.656,0.375,6.644,108,5,32,1,hizli_bilekx2,7,0,45
8,Run50_DengeV1,Dengeli,bahcivan,standart,101,boss=fog,13,,,40,40,0,0,0,0,30,7,2,1,0,101,303,150,0,0,132,8,2,133,35,10,1309,16,2,16,1,1,1.679,1,5,0.3,2,26,4.19,1.97,3.14,3,6,,9,0,0,0,,4.42,9.59,8.38,21.83,,13,19,0.69,0.474,6.603,129,4,36,2,hizli_bilekx2,7,0,45
8,Run50_DengeV1,Dengeli,bahcivan,standart,101,boss=fog,14,,,45,45,0,0,0,0,35,7,3,0,0,86,389,150,0,0,147,12,0,156,47,10,1568,17,1,16,1,1,1.619,1,5,0.3,2,27,4.59,2.23,3,2.33,,,0,0,0,0,,4.58,9.49,4.86,,,15,22,0.728,0.455,6.365,156,4,40,2,hizli_bilekx2,10,0,45
8,Run50_DengeV1,Dengeli,bahcivan,standart,101,boss=fog,15,,,44,43,0,1,0,0,27,9,6,2,0,175,564,150,175,30,135,24,4,145,46,14,1716,19,2,17.07,1,1,1.619,1.039,5,0.3,2,27,4.63,2.08,2.89,3.83,4,,0,0,0,0,,5.79,9.7,10.52,7.3,,16,23,0.734,0.522,6.398,162,4,44,1,hizli_bilekx2,10,0,45
8,Run50_DengeV1,Dengeli,bahcivan,standart,101,boss=fog,16,,,46,46,0,0,0,0,31,11,4,0,0,105,105,220,0,0,165,16,0,180,62,14,1667,20,1,18.13,1,1,1.619,1.078,5,0.3,2,27,4.7,2.29,2.55,3.75,,,0,0,0,,,6.68,10.45,12.14,,,17,24,0.738,0.583,6.358,170,4,48,1,hizli_bilekx2 nadir_tohumx1,11,0,45
8,Run50_DengeV1,Dengeli,bahcivan,standart,101,boss=fog,17,,,46,46,0,0,0,0,31,11,4,0,0,128,233,220,0,0,162,16,0,177,53,14,1679,21,1,18.13,1,1,1.619,1.117,5,0.3,2,27,4.59,2.1,2.82,3,,,0,0,0,0,,6.11,8.38,9.7,,,17,25,0.734,0.48,6.358,177,2,50,2,hizli_bilekx2 nadir_tohumx1,13,0,45
8,Run50_DengeV1,Dengeli,bahcivan,standart,101,boss=fog,18,,,45,45,0,0,0,0,30,11,3,1,0,264,497,220,0,0,159,15,2,197,43,16,2056,22,1,19.2,1,1,1.561,1.156,5,0.3,2,28,4.68,2.2,3.18,3,2,,0,0,0,0,,5.67,10.08,14.56,9.37,,14,25,0.74,0.52,6.136,183,6,56,1,hizli_bilekx2 nadir_tohumx1,10,0,45
8,Run50_DengeV1,Dengeli,bahcivan,standart,101,boss=fog,19,,,50,48,2,0,0,0,32,13,4,1,0,330,827,220,0,0,174,20,2,183,63,18,2343,24,2,20.27,1,1,1.561,1.156,5,0.3,2,28,4.75,2.31,2.75,2.67,1,,0,0,0,0,,5.41,8.07,6.77,0,,14,25,0.764,0.56,5.696,198,7,63,0,hizli_bilekx2 nadir_tohumx1,12,0,45
8,Run50_DengeV1,Dengeli,bahcivan,standart,101,boss=fog,20,,,54,44,10,0,0,0,39,10,3,2,0,210,1037,220,210,45,180,15,4,198,53,22,2958,25,1,20.27,1,1,1.512,1.194,5,0.3,2,29,4.83,1.97,2.88,5,4.5,,3,0,0,0,,4.44,6.04,12.1,34.77,,12,25,0.734,0.44,5.579,202,2,65,1,hizli_bilekx2 nadir_tohumx1,14,0,45
8,Run50_DengeV1,Dengeli,bahcivan,standart,101,boss=fog,21,,,69,56,11,2,0,0,49,10,8,1,1,364,364,300,0,0,216,65,2,334,93,24,3628,27,2,23.08,1,1,1.285,1.194,5,0.3,2,35,4.6,1.91,2.5,3.17,3,,10,0,0,0,0,3.28,9.42,6.42,18,,10,25,0.679,0.48,5.414,208,1,66,1,hizli_bilekx3 nadir_tohumx1,12,0,45
8,Run50_DengeV1,Dengeli,bahcivan,standart,101,boss=fog,22,,,59,46,11,2,0,0,34,13,8,1,3,982,1346,300,0,0,282,70,2,331,73,26,3723,28,1,24.3,1,1,1.285,1.194,5,0.3,2,35,4.63,2.04,2.27,2.86,4,4.67,14,0,0,0,0,4.12,4.32,10.46,5.13,17.99,10,25,0.718,0.44,5.414,208,5,71,0,hizli_bilekx3 nadir_tohumx1,14,0,45
8,Run50_DengeV1,Dengeli,bahcivan,standart,101,boss=fog,23,,,64,50,14,0,0,0,36,15,9,3,1,748,2094,300,0,0,258,54,6,269,62,32,4333,30,2,25.51,1,1,1.285,1.233,5,0.3,2,35,4.57,2.19,2.42,2.71,3.67,3,6,9,0,0,,6.04,4.29,9.92,6.86,12.87,10,25,0.723,0.36,5.391,209,5,76,0,hizli_bilekx3 nadir_tohumx1,14,0,45
8,Run50_DengeV1,Dengeli,bahcivan,standart,101,boss=fog,24,,,67,58,8,1,0,0,39,18,5,5,0,464,2558,300,0,0,240,30,10,279,67,42,4158,31,1,25.51,1,1,1.244,1.233,5,0.3,2,36,4.75,2.06,2.53,3.5,3.4,,6,0,0,0,,6.11,7.22,10.58,7.72,,11,29,0.724,0.414,5.482,238,1,77,2,hizli_bilekx3 nadir_tohumx1,12,0,45
8,Run50_DengeV1,Dengeli,bahcivan,standart,101,boss=fog,25,,,67,56,10,1,0,0,44,10,9,2,2,519,3077,300,519,65,240,82,4,329,91,26,4305,32,1,28.62,1,1,1.244,1.233,5,0.3,2,36,4.89,1.92,2.5,2.56,4,6,8,0,0,0,0,6.06,8.09,9.26,10.57,17.43,12,35,0.759,0.371,5.559,283,2,79,4,hizli_bilekx3 nadir_tohumx1,18,0,45
8,Run50_DengeV1,Dengeli,bahcivan,standart,101,boss=fog,26,,,119,90,25,4,0,0,54,34,22,6,3,1042,1042,500,0,0,525,138,24,549,204,50,8654,35,3,28.62,1,1,0.871,1.272,6,0.317,2,51,5.73,2.03,2.74,3.24,3,3.5,2,0,0,0,0,3.02,6.46,8.05,8.36,6.97,14,40,0.672,0.475,5.679,317,3,82,3,hizli_bilekx3 nadir_tohumx1 firtina_bilegix1,22,0,45
8,Run50_DengeV1,Dengeli,bahcivan,standart,101,boss=fog,27,,,102,81,19,2,0,0,49,23,18,9,3,1089,2131,500,0,0,330,143,32,354,159,62,7747,36,1,29.99,1,1,0.871,1.311,6,0.317,2,51,6,2.03,2.84,3.14,3.67,4.5,6,0,0,0,0,5.3,8.29,11.01,12.19,16.53,18,49,0.748,0.429,5.657,390,4,86,5,hizli_bilekx3 nadir_tohumx1 firtina_bilegix1,22,0,45
8,Run50_DengeV1,Dengeli,bahcivan,standart,101,boss=fog,28,,,121,90,31,0,0,0,60,29,15,13,4,2141,4272,500,0,0,507,90,56,621,206,98,8365,38,2,29.99,1,1,0.844,1.311,6,0.317,2,53,5.98,1.96,2.73,2.89,3.9,3.75,4,0,0,0,0,5.65,8.29,9.66,11.73,12.24,17,49,0.736,0.531,5.622,392,2,88,1,hizli_bilekx3 nadir_tohumx1 firtina_bilegix1,18,0,45
8,Run50_DengeV1,Dengeli,bahcivan,standart,101,boss=fog,29,,,113,95,18,0,0,0,44,30,23,13,3,1683,5955,500,0,0,420,167,45,506,373,143,8084,40,2,33.24,1,1,0.844,1.367,6,0.317,2,53,5.98,1.95,2.67,2.94,3.62,3.5,6,0,0,0,0,4.44,7.31,7.31,12.53,19.4,17,49,0.738,0.551,5.545,398,3,91,0,hizli_bilekx3 nadir_tohumx1 firtina_bilegix1,20,0,45
8,Run50_DengeV1,Dengeli,bahcivan,standart,101,boss=fog,30,,,126,101,18,6,0,1,56,30,23,14,3,1415,7370,500,1415,100,408,202,66,454,267,89,9437,41,1,34.76,1,1,0.844,1.406,6,0.333,2,53,6,2.05,2.3,2.55,4,2.67,4,0,0,0,0,6.62,5.75,7.6,10.55,4.79,17,53,0.74,0.528,5.545,430,8,99,2,hizli_bilekx3 nadir_tohumx1 firtina_bilegix1,23,0,45
8,Run50_DengeV1,Dengeli,bahcivan,standart,101,boss=fog,31,,,163,128,29,3,2,1,62,51,32,15,3,1997,1997,1200,0,0,624,285,48,783,514,77,11617,43,2,34.76,1.6,1,0.844,1.406,6,0.333,2,53,6,1.43,2.05,2.19,2.42,1,37,0,0,0,,2.22,6.38,5.87,8.65,0,18,70,0.714,0.343,5.584,564,1,100,8,hizli_bilekx3 nadir_tohumx1 firtina_bilegix1 canavar_kesimix1,24,0,45
8,Run50_DengeV1,Dengeli,bahcivan,standart,101,boss=fog,32,,,165,138,26,0,0,1,61,45,33,21,5,2335,4332,1200,0,0,516,356,126,569,382,133,10863,45,2,38.16,1.6,1,0.817,1.406,6,0.333,2,55,6,1.36,1.89,2.31,2.61,3,43,5,0,0,0,2,4.39,5.63,7.76,7.34,22,81,0.767,0.531,5.704,639,8,108,5,hizli_bilekx3 nadir_tohumx1 firtina_bilegix1 canavar_kesimix1,27,0,45
8,Run50_DengeV1,Dengeli,bahcivan,standart,101,boss=fog,33,,,168,136,29,2,0,1,57,45,32,25,9,3358,7690,1200,0,0,776,294,176,850,700,204,11527,46,1,39.82,1.6,1,0.817,1.461,6,0.333,2,55,6,1.56,1.81,1.93,2.28,3.22,33,9,4,0,0,2.49,3.99,5.04,6.86,9.17,19,81,0.761,0.63,5.619,649,4,112,2,hizli_bilekx3 nadir_tohumx1 firtina_bilegix1 canavar_kesimix1,27,0,45
8,Run50_DengeV1,Dengeli,bahcivan,standart,101,boss=fog,34,,,171,148,21,2,0,0,65,51,37,12,6,2356,10046,1200,0,0,675,394,66,925,1094,120,11142,48,2,39.82,1.6,1,0.791,1.461,6,0.35,2.111,56,6,1.32,2,2.32,2.25,3.6,46,7,7,0,0,1.72,5.47,6.51,5.53,12.5,19,81,0.761,0.679,5.619,649,3,115,0,hizli_bilekx3 nadir_tohumx1 firtina_bilegix1 canavar_kesimix1,28,0,45
8,Run50_DengeV1,Dengeli,bahcivan,standart,101,boss=fog,35,,,152,121,27,0,4,0,54,46,24,23,5,2542,12588,1200,2542,220,618,291,158,643,585,198,11629,49,1,43.38,1.6,1,0.791,1.517,6,0.35,2.111,56,5,1.32,1.47,2.16,2.13,1.75,43,37,0,0,0,3.22,2.42,7.54,7.27,2.77,19,81,0.789,0.654,5.596,651,6,121,0,hizli_bilekx3 nadir_tohumx1 firtina_bilegix1 canavar_kesimix1,29,0,45
8,Run50_DengeV1,Dengeli,bahcivan,standart,101,boss=fog,36,,,244,206,30,1,1,6,78,69,45,43,9,5066,5066,2800,0,0,871,579,301,874,604,304,19036,51,2,43.38,1.6,1,0.791,2.002,9,0.367,2.222,56,8.71,1.46,1.76,2.05,2.56,2.78,44,18,0,2,0,2.42,3.65,5.17,8.66,12.75,19,81,0.674,0.494,5.459,668,5,126,0,hizli_bilekx3 nadir_tohumx1 firtina_bilegix1 canavar_kesimix1 genis_savurusx1,41,0,45
8,Run50_DengeV1,Dengeli,bahcivan,standart,101,boss=fog,37,,,245,223,17,1,1,3,96,69,48,27,5,4177,9243,2800,0,0,1120,527,140,1459,571,349,18189,53,2,45.79,1.6,1,0.791,2.002,9,0.367,2.222,56,8.75,1.37,1.75,2.2,2.5,3,47,17,2,0,0,1.75,3.81,6.01,9.86,15.82,19,81,0.668,0.494,5.459,668,4,130,0,hizli_bilekx3 nadir_tohumx1 firtina_bilegix1 canavar_kesimix1 genis_savurusx1,39,0,45
8,Run50_DengeV1,Dengeli,bahcivan,standart,101,boss=fog,38,,,268,227,26,2,5,8,121,62,40,32,13,5438,14681,2800,0,0,1223,484,305,1272,695,414,19785,54,1,49.54,1.6,1,0.767,2.002,9,0.367,2.333,58,8.72,1.54,1.89,2.06,2.26,2.58,33,23,6,0,0,3.31,5.1,5.83,8.26,6.33,19,81,0.649,0.395,5.379,678,5,135,0,hizli_bilekx3 nadir_tohumx1 firtina_bilegix1 canavar_kesimix1 genis_savurusx1,48,0,45
8,Run50_DengeV1,Dengeli,bahcivan,standart,101,boss=fog,39,,,256,229,17,1,5,4,85,76,56,28,11,4898,19579,2800,0,0,1076,712,260,1358,1087,274,20246,56,2,49.54,1.6,1,0.767,2.075,9,0.383,2.444,58,8.79,1.46,1.86,2.04,2.42,2.3,40,23,2,0,0,2.01,5.18,5.74,7.43,8.36,19,81,0.658,0.506,5.21,700,6,141,0,hizli_bilekx3 nadir_tohumx1 firtina_bilegix1 canavar_kesimix1 genis_savurusx1,38,0,45
8,Run50_DengeV1,Dengeli,bahcivan,standart,101,boss=fog,40,,,194,156,30,1,1,6,68,50,37,30,9,4934,24513,2800,4934,500,932,418,265,1300,785,414,14566,57,1,52.15,1.6,1,0.767,2.075,9,0.383,2.444,58,6,1.41,1.83,1.75,2.28,2.56,46,18,0,0,0,2.08,4.05,4.49,6.01,10.05,19,81,0.755,0.617,5.21,700,4,145,0,hizli_bilekx3 nadir_tohumx1 firtina_bilegix1 canavar_kesimix1 genis_savurusx1,29,0,45
8,Run50_DengeV1,Dengeli,bahcivan,standart,101,boss=fog,41,,,244,217,21,1,2,3,72,56,60,41,15,7073,7073,4500,0,0,1220,842,336,1600,1197,420,20478,59,2,52.15,1.6,1,0.767,2.075,9,0.383,2.556,58,8.72,1.56,1.82,1.96,2.54,2.64,35,25,9,0,0,3.34,4.89,4.99,7.25,7.72,19,81,0.69,0.506,5.21,700,3,148,0,hizli_bilekx3 nadir_tohumx2 firtina_bilegix1 canavar_kesimix1 genis_savurusx1,41,0,45
8,Run50_DengeV1,Dengeli,bahcivan,standart,101,boss=fog,42,,,266,226,28,2,2,8,101,67,54,33,11,8496,15569,4500,0,0,1500,775,254,1550,1592,534,20690,60,1,56.1,1.6,1,0.742,2.149,9,0.383,2.556,60,8.58,1.55,1.7,2.12,2.17,2.33,35,35,0,0,0,2.65,3.01,6.4,6.17,7.26,19,81,0.656,0.519,5.082,717,6,154,0,hizli_bilekx3 nadir_tohumx2 firtina_bilegix1 canavar_kesimix1 genis_savurusx1,42,0,45
8,Run50_DengeV1,Dengeli,bahcivan,standart,101,boss=fog,43,,,275,246,24,1,1,3,92,76,46,48,13,8470,24039,4500,0,0,1342,780,356,1782,982,510,23001,62,2,58.9,1.6,1,0.742,2.149,9,0.4,2.667,60,8.68,1.41,1.54,1.98,2.5,2.73,45,33,10,5,0,2.27,3.23,5.18,7.3,8.09,19,81,0.654,0.432,5.082,717,5,159,0,hizli_bilekx3 nadir_tohumx2 firtina_bilegix1 canavar_kesimix1 genis_savurusx1,44,0,45
8,Run50_DengeV1,Dengeli,bahcivan,standart,101,boss=fog,44,,,293,266,19,1,2,5,88,76,80,36,13,7888,31927,4500,0,0,1500,1247,355,1952,1789,710,25524,63,1,63.05,1.6,1,0.719,2.149,9,0.4,2.667,62,8.81,1.49,1.71,2.06,2.06,1.73,41,32,13,0,0,2.69,3.44,5.09,6.08,4.91,19,81,0.642,0.506,4.829,755,5,164,0,hizli_bilekx3 nadir_tohumx2 firtina_bilegix1 canavar_kesimix1 genis_savurusx1,42,0,45
8,Run50_DengeV1,Dengeli,bahcivan,standart,101,boss=fog,45,,,312,268,28,2,9,5,99,96,70,40,7,7513,39440,4500,7513,800,1597,969,330,1949,1148,450,26463,65,2,72.57,1.6,1,0.719,2.222,12,0.4,2.778,62,8.6,1.36,1.59,1.8,2.1,2.17,51,35,22,3,20,1.65,2.88,4.48,6.61,6.59,19,81,0.626,0.432,4.71,774,6,170,0,hizli_bilekx3 nadir_tohumx2 firtina_bilegix1 canavar_kesimix1 genis_savurusx1,49,0,45
8,Run50_DengeV1,Dengeli,bahcivan,standart,101,boss=fog,46,,,371,323,33,1,5,9,110,101,90,54,16,10570,10570,6000,0,0,1822,1377,462,2221,1955,912,34440,67,2,72.57,1.6,1,0.719,2.222,12,0.4,2.778,62,10.66,1.4,1.57,1.79,2.35,2.53,48,50,21,0,0,1.41,2.35,3.16,6.53,6.52,19,81,0.622,0.469,3.947,924,3,173,0,hizli_bilekx3 nadir_tohumx2 firtina_bilegix1 canavar_kesimix1 genis_savurusx1 bereketli_toprakx1,52,0,45
8,Run50_DengeV1,Dengeli,bahcivan,standart,101,boss=fog,47,,,366,312,35,2,9,8,102,108,81,57,18,11642,22212,6000,0,0,1823,1416,468,2214,1601,1380,35060,68,1,75.87,1.6,1,0.696,2.222,12,0.417,2.778,64,10.78,1.48,1.67,1.97,2.37,2.57,47,41,14,0,0,1.73,2.54,3.76,4.82,6.87,19,81,0.64,0.469,3.85,947,5,178,0,hizli_bilekx3 nadir_tohumx2 firtina_bilegix1 canavar_kesimix1 genis_savurusx1 bereketli_toprakx1,55,0,45
8,Run50_DengeV1,Dengeli,bahcivan,standart,101,boss=fog,48,,,389,341,24,3,9,12,113,113,80,56,27,13564,35776,6000,0,0,2173,1494,594,3017,2455,1974,39558,70,2,80.41,1.6,1,0.696,2.295,12,0.417,2.778,64,10.8,1.38,1.56,1.75,2.38,2.52,49,50,18,2,0,2.11,2.5,2.36,4.05,6.6,19,81,0.62,0.457,3.85,947,4,182,0,hizli_bilekx3 nadir_tohumx2 firtina_bilegix1 canavar_kesimix1 genis_savurusx1 bereketli_toprakx1,56,0,45
8,Run50_DengeV1,Dengeli,bahcivan,standart,101,boss=fog,49,,,446,381,32,12,7,14,141,108,103,67,27,14814,50590,6000,0,0,2356,1590,744,2553,1990,858,43928,72,2,91.02,1.6,1,0.696,2.295,12,0.417,2.778,64,11.13,1.23,1.36,1.64,2.08,2.52,64,57,32,7,4,0.98,1.57,2.58,4.24,6.6,19,94,0.627,0.457,3.756,1126,5,187,5,hizli_bilekx3 nadir_tohumx2 firtina_bilegix1 canavar_kesimix1 genis_savurusx1 bereketli_toprakx1,63,0,45
8,Run50_DengeV1,Dengeli,bahcivan,standart,101,boss=fog,50,,,448,383,28,7,9,21,134,120,114,56,24,14823,65413,6000,0,0,2736,1653,510,3209,2943,898,43490,74,2,91.02,1.6,1,0.696,2.295,12,0.433,2.889,64,11.67,1.27,1.54,1.74,2,2.43,56,43,27,14,0,1.5,3.16,3.78,4.67,7.43,30,121,0.683,0.446,4.014,1356,4,191,11,hizli_bilekx3 nadir_tohumx2 firtina_bilegix1 canavar_kesimix1 genis_savurusx1 bereketli_toprakx1,67,0,45
8,Run50_DengeV1,Dengeli,bahcivan,standart,101,boss=fog,50,KAZANDI
9,Run50_DengeV1,Hasar-değerli hedef,bahcivan,standart,100,boss=none,1,,,13,13,0,0,0,0,12,1,0,0,0,15,15,45,0,0,28,0,0,28,0,0,270,1,0,10,1,1,3,1,5,0.3,2,13,2.08,1.83,3,,,,21,0,,,,2.5,6,,,,2,4,0.346,0,8,23,0,0,2,,3,0.205,45
9,Run50_DengeV1,Hasar-değerli hedef,bahcivan,standart,100,boss=none,2,,,14,14,0,0,0,0,11,1,1,1,0,54,69,45,0,0,26,4,2,29,4,2,340,2,1,10.67,1,1,3,1,5,0.3,2,14,2.71,2.18,3,4,5,,0,0,0,0,,3.55,6,9,12,,3,5,0.483,0,8,28,1,1,1,,3,0.044,45
9,Run50_DengeV1,Hasar-değerli hedef,bahcivan,standart,100,boss=none,3,,,20,20,0,0,0,0,16,2,2,0,0,42,111,45,0,0,40,8,0,42,12,2,460,3,1,11.33,1,1,3,1,5,0.3,2,14,2.93,1.81,2.5,3,,,20,0,0,,,3.56,4.5,6,,,4,6,0.413,0,8,34,1,2,1,,5,0.089,45
9,Run50_DengeV1,Hasar-değerli hedef,bahcivan,standart,100,boss=none,4,,,19,19,0,0,0,0,16,3,0,0,0,25,136,45,0,0,44,0,0,46,12,2,410,4,1,11.33,1,1,3,1,5,0.3,2,14,3.21,1.81,2.67,,,,18,0,,,,3.94,5,,,,5,8,0.518,0.125,8,45,0,2,1,,4,0.008,45
9,Run50_DengeV1,Hasar-değerli hedef,bahcivan,standart,100,boss=none,5,,,21,21,0,0,0,0,17,2,1,1,0,63,199,45,63,8,42,4,2,43,16,4,490,5,1,12.67,1,1,3,1,5,0.3,2,14,3.36,1.59,4,3,3,,18,0,0,0,,4.59,9,6,6,,6,9,0.604,0.222,8,51,3,5,1,,5,0,45
9,Run50_DengeV1,Hasar-değerli hedef,bahcivan,standart,100,boss=none,6,,,22,22,0,0,0,0,14,6,2,0,0,52,52,110,0,0,52,8,0,54,24,4,697,7,2,13.33,1.25,1,3,1,5,0.3,2,14,3.36,1.5,2.17,3,,,35,0,0,,,2.14,5,6,,,6,9,0.536,0.222,8,51,2,7,0,keskin_bicakx1,6,0,45
9,Run50_DengeV1,Hasar-değerli hedef,bahcivan,standart,100,boss=none,7,,,23,23,0,0,0,0,17,5,1,0,0,42,94,110,0,0,54,4,0,59,28,4,670,8,1,13.33,1.25,1,3,1,5,0.3,2,14,3.64,1.65,2.6,1,,,12,0,0,0,,3,6.6,0,,,7,11,0.626,0.364,8,62,1,8,1,keskin_bicakx1,6,0,45
9,Run50_DengeV1,Hasar-değerli hedef,bahcivan,standart,100,boss=none,8,,,26,26,0,0,0,0,18,2,5,1,0,104,198,110,0,0,46,20,2,54,48,6,809,9,1,14,1.25,1,2.892,1,5,0.3,2,15,3.47,1.56,1.5,2.8,3,,25,0,0,0,,3.21,1.45,6.94,5.8,,8,12,0.609,0.417,8,68,3,11,1,keskin_bicakx1,5,0,45
9,Run50_DengeV1,Hasar-değerli hedef,bahcivan,standart,100,boss=none,9,,,21,21,0,0,0,0,13,3,3,2,0,112,310,110,0,0,41,12,4,49,60,10,733,10,1,14.67,1.25,1,2.892,1,5,0.3,2,15,3.2,1.38,2.67,3.33,3.5,,50,0,0,0,,3.33,7.72,6.76,7.23,,9,13,0.718,0.538,7.804,75,3,14,1,keskin_bicakx1,5,0,45
9,Run50_DengeV1,Hasar-değerli hedef,bahcivan,standart,100,boss=none,10,,,33,33,0,0,0,0,22,9,2,0,0,70,380,110,70,20,89,8,0,118,68,10,1013,12,2,14.67,1.25,1,2.892,1,5,0.3,2,15,4.07,1.55,2.22,2,,,39,13,0,,,4.07,5.13,2.9,,,10,14,0.613,0.357,7.804,81,0,14,1,keskin_bicakx1,7,0,45
9,Run50_DengeV1,Hasar-değerli hedef,bahcivan,standart,100,boss=none,11,,,37,37,0,0,0,0,25,9,3,0,0,84,84,150,0,0,95,12,0,109,65,10,1051,13,1,15.64,1.25,1,2.789,1,5,0.3,2.75,16,3.88,1.52,1.56,2,,,38,44,0,,,4.69,2.17,2.78,,,11,16,0.585,0.375,7.804,92,4,18,1,keskin_bicakx1 agir_darbex1,7,0,45
9,Run50_DengeV1,Hasar-değerli hedef,bahcivan,standart,100,boss=none,12,,,34,34,0,0,0,0,27,4,3,0,0,69,153,150,0,0,74,12,0,87,47,10,1045,14,1,16.36,1.25,1,2.689,1,5,0.3,2.75,16,4.13,1.63,1.5,2.67,,,23,50,0,,,3.49,1.34,4.49,,,12,18,0.669,0.5,7.613,106,6,24,1,keskin_bicakx1 agir_darbex1,6,0,45
9,Run50_DengeV1,Hasar-değerli hedef,bahcivan,standart,100,boss=none,13,,,37,37,0,0,0,0,24,12,1,0,0,70,223,150,0,0,108,4,0,120,21,10,1148,16,2,17.38,1.25,1,2.689,1,5,0.3,2.75,16,4.25,1.5,2,2,,,40,29,0,,,3.14,5.6,2.7,,,13,20,0.676,0.5,7.613,118,2,26,1,keskin_bicakx1 agir_darbex1,8,0,45
9,Run50_DengeV1,Hasar-değerli hedef,bahcivan,standart,100,boss=none,14,,,31,31,0,0,0,0,18,8,5,0,0,92,315,150,0,0,94,20,0,99,41,10,977,17,1,18.13,1.25,1,2.592,1,5,0.3,2.75,17,3.76,1.61,1.75,2.6,,,24,20,0,,,3.6,4.86,5.19,,,15,23,0.758,0.565,7.225,143,4,30,2,keskin_bicakx1 agir_darbex1,6,0,45
9,Run50_DengeV1,Hasar-değerli hedef,bahcivan,standart,100,boss=none,15,,,38,38,0,0,0,0,23,11,4,0,0,98,413,150,98,30,135,16,0,142,57,10,1217,18,1,19.2,1.25,1,2.5,1,5,0.3,2.75,17,4.12,1.3,2.18,2.75,,,45,25,0,,,1.74,5.91,4.38,,,15,23,0.748,0.609,7.225,143,4,34,0,keskin_bicakx1 agir_darbex1,9,0,45
9,Run50_DengeV1,Hasar-değerli hedef,bahcivan,standart,100,boss=none,16,,,48,47,1,0,0,0,40,5,3,0,0,90,90,220,0,0,150,12,0,158,44,10,1512,19,1,19.2,1.563,1,2.5,1,5,0.3,2.75,17,4.41,1.38,1.4,2,,,50,40,33,,,1.73,1.5,2.5,,,16,24,0.694,0.583,7.06,153,5,39,1,keskin_bicakx2 agir_darbex1,10,0,45
9,Run50_DengeV1,Hasar-değerli hedef,bahcivan,standart,100,boss=none,17,,,40,36,1,3,0,0,26,8,4,1,1,220,310,220,0,0,126,31,2,148,35,12,1357,20,1,20.27,1.563,1,2.41,1,5,0.3,2.75,18,3.83,1.43,1.86,1.75,2,3,33,0,50,0,0,3.46,5.85,1.81,2.4,4.8,17,27,0.772,0.63,7.071,172,3,42,1,keskin_bicakx2 agir_darbex1,10,0,45
9,Run50_DengeV1,Hasar-değerli hedef,bahcivan,standart,100,boss=none,18,,,45,38,0,7,0,0,30,10,4,0,1,200,510,220,0,0,150,16,8,155,51,20,1537,21,1,20.27,1.563,1,2.324,1.039,5,0.3,2.75,19,3.63,1.35,1.7,2.25,,3,41,36,25,,0,2.32,1.63,2.9,,4.63,18,28,0.759,0.571,6.907,182,6,48,1,keskin_bicakx2 agir_darbex1,11,0,45
9,Run50_DengeV1,Hasar-değerli hedef,bahcivan,standart,100,boss=none,19,,,41,40,1,0,0,0,25,12,2,2,0,142,652,220,0,0,147,8,4,162,34,24,1387,22,1,23.08,1.563,1,2.324,1.039,5,0.3,2.75,19,3.53,1.29,1.42,2.5,2.5,,54,50,0,0,,2.23,1.16,6.97,3.5,,20,33,0.8,0.606,6.923,214,1,49,2,keskin_bicakx2 agir_darbex1,11,0,45
9,Run50_DengeV1,Hasar-değerli hedef,bahcivan,standart,100,boss=none,20,,,45,42,1,2,0,0,30,9,3,2,1,248,900,220,248,45,144,33,4,148,67,28,1529,23,1,24.3,1.563,1,2.24,1.078,5,0.3,2.75,20,3.5,1.25,1.67,1.5,2.5,4,41,22,33,0,0,3.12,2.24,1.12,3.37,6.73,21,34,0.799,0.618,6.93,221,4,53,1,keskin_bicakx2 agir_darbex1,11,0,45
9,Run50_DengeV1,Hasar-değerli hedef,bahcivan,standart,100,boss=none,21,,,55,51,0,4,0,0,34,14,7,0,0,148,148,300,0,0,186,35,0,188,42,28,1935,24,1,25.51,1.953,1,2.16,1.078,5,0.3,2.75,20,3.65,1.23,1.36,1.86,,,61,62,50,,,2.09,1.55,2.16,,,21,36,0.757,0.583,6.76,240,6,59,2,keskin_bicakx3 agir_darbex1,12,0,45
9,Run50_DengeV1,Hasar-değerli hedef,bahcivan,standart,100,boss=none,22,,,60,58,0,2,0,0,36,16,8,0,0,181,329,300,0,0,204,40,0,212,82,28,2136,25,1,28.62,1.953,1,2.16,1.078,5,0.3,2.75,20,3.95,1.09,1.5,2,,,88,44,13,,,1.14,1.49,3.78,,,22,37,0.76,0.595,6.694,249,1,60,1,keskin_bicakx3 agir_darbex1,12,0,45
9,Run50_DengeV1,Hasar-değerli hedef,bahcivan,standart,100,boss=none,23,,,65,61,1,3,0,0,41,14,9,0,1,278,607,300,0,0,207,45,9,219,52,37,2504,26,1,28.62,1.953,1,2.16,1.078,5,0.3,2.75,20,3.9,1.03,1.31,1.63,,1,88,56,33,,100,0.22,2.33,1.35,,0,22,39,0.748,0.59,6.589,266,2,62,2,keskin_bicakx3 agir_darbex1,13,0,45
9,Run50_DengeV1,Hasar-değerli hedef,bahcivan,standart,100,boss=none,24,,,57,49,6,2,0,0,37,9,4,3,4,598,1205,300,0,0,300,40,6,313,67,43,2557,27,1,29.99,1.953,1,2.16,1.156,5,0.3,2.75,20,3.7,1.1,1.57,1.5,1.67,2.5,70,44,67,67,25,0.49,4.94,1.62,1.44,3.78,22,42,0.803,0.571,6.428,294,6,68,2,keskin_bicakx3 agir_darbex1,16,0,45
9,Run50_DengeV1,Hasar-değerli hedef,bahcivan,standart,100,boss=none,25,,,61,54,3,3,1,0,29,15,7,9,1,563,1768,300,563,65,177,55,18,219,64,41,3083,28,1,29.99,1.953,1,2.16,1.156,5,0.3,2.75,20,4.2,1.04,1.46,1.29,1.78,2,75,40,57,44,0,0.09,2.16,2.47,1.92,2.17,22,46,0.813,0.391,6.117,338,6,74,4,keskin_bicakx3 agir_darbex1,12,0,45
9,Run50_DengeV1,Hasar-değerli hedef,bahcivan,standart,100,boss=none,26,,,71,64,0,0,7,0,29,14,13,9,6,1349,1349,500,0,0,171,185,18,215,236,39,5101,30,2,29.99,3.125,1,2.16,1.194,5,0.317,2.75,20,4.45,1,1.09,1.54,1.78,1.83,100,82,43,18,14,0,0.59,3.32,1.68,1.8,20,48,0.844,0.604,6.088,355,2,76,3,keskin_bicakx3 agir_darbex1 canavar_kesimix1,14,0,45
9,Run50_DengeV1,Hasar-değerli hedef,bahcivan,standart,100,boss=none,27,,,72,65,1,5,1,0,31,16,16,6,3,887,2236,500,0,0,234,100,30,234,136,69,4467,32,2,33.24,3.125,1,2.16,1.194,5,0.317,2.75,20,4.3,1,1.13,1.56,1.67,2,100,77,31,0,0,0,0.72,2.03,1.44,2.17,21,49,0.821,0.714,6.103,361,4,80,1,keskin_bicakx3 agir_darbex1 canavar_kesimix1,14,0,45
9,Run50_DengeV1,Hasar-değerli hedef,bahcivan,standart,100,boss=none,28,,,90,77,5,0,8,0,38,19,26,4,3,1009,3245,500,0,0,273,178,24,417,338,53,5243,33,1,34.76,3.125,1,2.16,1.194,5,0.317,2.75,20,4.75,1,1.11,1.36,1.25,1.33,100,88,52,75,50,0,0.72,2.77,0.54,0.72,17,49,0.831,0.653,5.769,382,2,82,2,keskin_bicakx3 agir_darbex1 canavar_kesimix1,18,0,45
9,Run50_DengeV1,Hasar-değerli hedef,bahcivan,standart,100,boss=none,29,,,83,72,6,0,5,0,33,18,16,8,8,1654,4899,500,0,0,432,142,46,459,302,79,5325,34,1,34.76,3.125,1,2.092,1.194,5,0.333,2.75,21,4.33,1,1.24,1.27,1.38,1.5,100,75,50,50,50,0,0.49,0.84,0.78,1.57,15,49,0.825,0.633,5.685,388,5,87,1,keskin_bicakx3 agir_darbex1 canavar_kesimix1,18,0,45
9,Run50_DengeV1,Hasar-değerli hedef,bahcivan,standart,100,boss=none,30,,,88,74,5,0,9,0,38,18,22,7,3,1006,5905,500,1006,100,312,132,43,326,336,102,5638,36,2,39.82,3.125,1,2.092,1.194,5,0.333,2.75,21,4.38,1,1.12,1.38,1.29,1.33,100,88,45,57,67,0,0.37,1.3,0.6,0.7,13,49,0.809,0.653,5.575,396,4,91,1,keskin_bicakx3 agir_darbex1 canavar_kesimix1,16,0,45
9,Run50_DengeV1,Hasar-değerli hedef,bahcivan,standart,100,boss=none,31,,,101,86,2,7,6,0,44,26,23,7,1,864,864,1200,0,0,288,138,43,394,449,45,5512,37,1,39.82,3.125,1,2.092,1.194,5,0.453,2.75,21,4.48,1,1.04,1.19,1,1,100,88,79,100,100,0,0.26,0.9,0,0,13,51,0.779,0.549,5.405,425,2,93,1,keskin_bicakx3 agir_darbex1 canavar_kesimix1 kritik_gozx1,19,0,45
9,Run50_DengeV1,Hasar-değerli hedef,bahcivan,standart,100,boss=none,32,,,114,112,0,0,2,0,38,27,29,14,6,1915,2779,1200,0,0,366,197,104,400,526,129,7415,39,2,39.82,3.125,1,2.026,1.272,6,0.453,2.75,22,5.55,1,1,1.03,1.43,1.33,100,100,96,53,67,0,0,0.07,1.3,0.68,14,57,0.78,0.614,5.476,468,4,97,2,keskin_bicakx3 agir_darbex1 canavar_kesimix1 kritik_gozx1,18,0,45
9,Run50_DengeV1,Hasar-değerli hedef,bahcivan,standart,100,boss=none,33,,,105,97,0,6,2,0,39,23,26,13,4,1508,4287,1200,0,0,396,209,52,421,747,111,6388,40,1,39.82,3.125,1,2.026,1.272,6,0.47,2.75,22,5.36,1,1.13,1.13,1.42,1.5,100,86,71,47,50,0,0.97,0.71,1.69,1.02,15,62,0.796,0.661,5.537,504,3,100,2,keskin_bicakx3 agir_darbex1 canavar_kesimix1 kritik_gozx1,18,0,45
9,Run50_DengeV1,Hasar-değerli hedef,bahcivan,standart,100,boss=none,34,,,116,99,0,14,3,0,45,29,24,14,4,1528,5815,1200,0,0,363,222,73,444,409,184,5943,41,1,45.79,3.125,1,2.026,1.272,6,0.47,2.75,22,5.36,1,1.07,1.1,1.36,1.5,100,87,71,43,50,0,0.36,0.38,1.88,1.01,16,65,0.778,0.6,5.591,523,2,102,1,keskin_bicakx3 agir_darbex1 canavar_kesimix1 kritik_gozx1,22,0,45
9,Run50_DengeV1,Hasar-değerli hedef,bahcivan,standart,100,boss=none,35,,,114,101,2,8,3,0,34,35,21,20,4,1831,7646,1200,1831,220,414,174,97,523,583,131,6837,42,1,45.79,3.125,1,2.026,1.311,6,0.47,2.861,22,5.23,1,1.09,1.05,1.16,1.75,100,84,89,75,25,0,0.31,0.1,0.53,1.51,18,69,0.82,0.71,5.681,547,3,105,2,keskin_bicakx3 agir_darbex1 canavar_kesimix1 kritik_gozx1,20,0,45
9,Run50_DengeV1,Hasar-değerli hedef,bahcivan,standart,100,boss=none,36,,,122,98,11,12,1,0,43,31,32,10,6,1912,1912,2800,0,0,471,294,94,504,877,160,7161,43,1,45.79,3.125,1,1.962,1.35,6,0.59,2.861,22,5.36,1,1.04,1.09,1.6,1.5,100,89,86,42,43,0,0.26,0.55,1.77,0.97,20,73,0.808,0.658,5.753,571,4,109,2,keskin_bicakx3 agir_darbex1 canavar_kesimix1 kritik_gozx2,24,0,45
9,Run50_DengeV1,Hasar-değerli hedef,bahcivan,standart,100,boss=none,37,,,122,101,12,6,3,0,46,36,24,12,4,1674,3586,2800,0,0,531,222,66,635,379,226,7076,44,1,48.2,3.125,1,1.962,1.35,6,0.59,2.861,22,5.45,1,1.03,1.18,1.5,1.33,100,92,71,44,33,0,0.17,1.25,1.47,0.66,23,78,0.816,0.679,5.837,601,2,111,3,keskin_bicakx3 agir_darbex1 canavar_kesimix1 kritik_gozx2,23,0,45
9,Run50_DengeV1,Hasar-değerli hedef,bahcivan,standart,100,boss=none,38,,,129,113,9,0,7,0,38,37,36,13,5,2145,5731,2800,0,0,537,334,52,822,513,83,8678,45,1,48.2,3.125,1,1.962,1.35,6,0.607,2.972,22,5.68,1,1,1.06,1.38,1,100,93,91,62,100,0,0,1.2,1.35,0,25,81,0.838,0.728,5.738,635,3,114,2,keskin_bicakx3 agir_darbex1 canavar_kesimix1 kritik_gozx2,22,0,45
9,Run50_DengeV1,Hasar-değerli hedef,bahcivan,standart,100,boss=none,39,,,127,113,5,0,9,0,50,27,32,13,5,1891,7622,2800,0,0,413,384,118,535,667,121,8149,46,1,52.15,3.125,1,1.962,1.406,6,0.607,2.972,22,5.64,1,1.07,1.06,1.15,1.4,100,88,90,77,60,0,0.51,0.61,0.6,1.57,25,81,0.836,0.704,5.652,645,5,119,0,keskin_bicakx3 agir_darbex1 canavar_kesimix1 kritik_gozx2,20,0,45
9,Run50_DengeV1,Hasar-değerli hedef,bahcivan,standart,100,boss=none,40,,,135,111,16,0,8,0,50,40,23,17,5,2023,9645,2800,2023,500,502,300,152,647,307,273,8261,47,1,52.15,3.125,1,1.901,1.406,6,0.607,2.972,23,5.57,1,1.11,1.17,1.18,1.2,100,80,73,76,80,0,1.03,0.91,0.45,0.38,25,81,0.823,0.679,5.652,645,4,123,0,keskin_bicakx3 agir_darbex1 canavar_kesimix1 kritik_gozx2,26,0,45
9,Run50_DengeV1,Hasar-değerli hedef,bahcivan,standart,100,boss=none,41,,,129,118,5,1,5,0,35,41,31,17,5,2061,2061,4500,0,0,444,349,123,676,656,156,7507,48,1,52.15,3.125,1,1.901,1.406,6,0.743,3.083,23,5.39,1,1.06,1.07,1,1,100,90,88,100,100,0,0.48,0.25,0,0,25,81,0.839,0.704,5.652,645,3,126,0,keskin_bicakx3 agir_darbex1 canavar_kesimix1 kritik_gozx3,21,0,45
9,Run50_DengeV1,Hasar-değerli hedef,bahcivan,standart,100,boss=none,42,,,139,118,19,1,1,0,41,42,35,14,7,2594,4655,4500,0,0,520,498,110,566,724,171,7770,49,1,56.1,3.125,1,1.901,1.406,6,0.743,3.083,23,5.7,1,1.06,1,1.21,1,100,84,96,85,100,0,0.34,0,0.41,0,25,81,0.824,0.642,5.652,645,4,130,0,keskin_bicakx3 agir_darbex1 canavar_kesimix1 kritik_gozx3,25,0,45
9,Run50_DengeV1,Hasar-değerli hedef,bahcivan,standart,100,boss=none,43,,,136,115,10,6,5,0,46,38,35,12,5,2028,6683,4500,0,0,653,454,90,659,1178,261,8585,50,1,56.1,3.125,1,1.901,1.461,6,0.743,3.083,23,5.43,1,1.03,1.09,1.08,1.4,100,95,83,92,80,0,0.23,0.75,0.32,0.76,25,81,0.815,0.605,5.652,645,2,132,0,keskin_bicakx3 agir_darbex1 canavar_kesimix1 kritik_gozx3,29,0,45
9,Run50_DengeV1,Hasar-değerli hedef,bahcivan,standart,100,boss=none,44,,,150,124,12,9,5,0,63,39,24,18,6,2400,9083,4500,0,0,761,297,115,1060,325,376,9532,51,1,58.9,3.125,1,1.841,1.461,6,0.743,3.083,24,5.58,1,1.03,1.13,1.22,1,100,96,85,72,100,0,0.21,0.61,0.41,0,25,81,0.805,0.63,5.513,661,3,135,0,keskin_bicakx3 agir_darbex1 canavar_kesimix1 kritik_gozx3,27,0,45
9,Run50_DengeV1,Hasar-değerli hedef,bahcivan,standart,100,boss=none,45,,,161,111,30,18,2,0,67,40,29,22,3,2193,11276,4500,2193,800,622,384,115,922,709,201,9599,52,1,63.05,3.125,1,1.841,1.461,6,0.76,3.194,24,5.63,1,1.03,1.22,1.25,1,100,88,74,65,100,0,0.77,2.93,1.29,0,25,81,0.772,0.617,5.513,661,3,138,0,keskin_bicakx3 agir_darbex1 canavar_kesimix1 kritik_gozx3,30,0,45
9,Run50_DengeV1,Hasar-değerli hedef,bahcivan,standart,100,boss=none,46,,,163,128,32,0,3,0,57,46,37,18,5,2523,2523,6000,0,0,712,484,90,1024,693,181,10071,53,1,63.05,3.125,1,1.841,1.517,6,0.76,3.194,24,5.88,1,1.06,1,1.06,1,100,91,97,94,83,0,0.46,0,0.41,0,25,81,0.801,0.605,5.513,661,4,142,0,keskin_bicakx3 agir_darbex1 canavar_kesimix1 kritik_gozx3 altin_hedefx1,28,0,45
9,Run50_DengeV1,Hasar-değerli hedef,bahcivan,standart,100,boss=none,47,,,137,116,21,0,0,0,44,36,33,17,7,2816,5339,6000,0,0,522,482,125,1546,1175,306,8837,54,1,63.05,3.125,1,1.841,1.517,6,0.76,3.194,24,5.42,1.03,1,1.07,1.12,1.29,97,96,88,82,67,0.68,0,0.43,0.54,0.53,25,81,0.831,0.667,5.513,661,0,142,0,keskin_bicakx3 agir_darbex1 canavar_kesimix1 kritik_gozx3 altin_hedefx1,26,0,45
9,Run50_DengeV1,Hasar-değerli hedef,bahcivan,standart,100,boss=none,48,,,143,131,8,0,4,0,38,44,38,20,3,2255,7594,6000,0,0,562,456,100,908,531,406,9085,54,0,72.57,3.125,1,1.841,1.517,6,0.76,3.194,24,5.63,1,1.03,1.03,1,1,100,94,97,100,100,0,0.18,0.1,0,0,25,81,0.836,0.704,5.513,661,2,144,0,keskin_bicakx3 agir_darbex1 canavar_kesimix1 kritik_gozx3 altin_hedefx1,24,0,45
9,Run50_DengeV1,Hasar-değerli hedef,bahcivan,standart,100,boss=none,49,,,150,133,13,0,4,0,48,47,27,23,5,2761,10355,6000,0,0,746,346,115,854,557,191,9715,55,1,72.57,3.125,1,1.783,1.517,6,0.76,3.306,25,5.64,1,1.02,1.04,1.05,1,100,97,91,95,100,0,0.34,0.27,0.08,0,25,81,0.824,0.716,5.378,678,4,148,0,keskin_bicakx3 agir_darbex1 canavar_kesimix1 kritik_gozx3 altin_hedefx1,23,0,45
9,Run50_DengeV1,Hasar-değerli hedef,bahcivan,standart,100,boss=none,50,,,162,127,29,3,0,3,66,39,30,17,10,3530,13885,6000,0,0,712,570,127,746,1127,193,10095,56,1,72.57,3.125,1,1.783,1.517,6,0.777,3.306,25,5.36,1,1.03,1.07,1.12,1,100,93,93,88,100,0,0.1,0.12,0.31,0,25,81,0.818,0.654,5.335,683,3,151,0,keskin_bicakx3 agir_darbex1 canavar_kesimix1 kritik_gozx3 altin_hedefx1,26,0,45
9,Run50_DengeV1,Hasar-değerli hedef,bahcivan,standart,100,boss=none,50,KAZANDI
10,Run50_DengeV1,Hasar-değerli hedef,bahcivan,standart,101,boss=none,1,,,13,13,0,0,0,0,12,1,0,0,0,15,15,45,0,0,28,0,0,28,0,0,270,1,0,10,1,1,3,1,5,0.3,2,12,2.25,2,3,,,,17,0,,,,3,6,,,,2,4,0.339,0,8,23,0,0,2,,4,0.351,45
10,Run50_DengeV1,Hasar-değerli hedef,bahcivan,standart,101,boss=none,2,,,12,12,0,0,0,0,6,3,3,0,0,45,60,45,0,0,24,12,0,27,12,0,330,2,1,10.67,1,1,3,1,5,0.3,2,14,2.64,2.33,2.33,3.33,,,0,0,0,,,6,4,7,,,3,5,0.541,0,8,28,1,1,1,,4,0.044,45
10,Run50_DengeV1,Hasar-değerli hedef,bahcivan,standart,101,boss=none,3,,,17,17,0,0,0,0,12,4,1,0,0,34,94,45,0,0,40,4,0,40,16,0,400,3,1,11.33,1,1,3,1,5,0.3,2,14,2.79,1.58,2.5,4,,,15,0,0,,,2.5,6,9,,,4,6,0.496,0.167,8,34,1,2,1,,5,0,45
10,Run50_DengeV1,Hasar-değerli hedef,bahcivan,standart,101,boss=none,4,,,17,17,0,0,0,0,14,3,0,0,0,23,117,45,0,0,40,0,0,40,16,0,370,4,1,11.33,1,1,3,1,5,0.3,2,14,2.86,1.71,3,,,,23,0,,,,4.5,6,,,,5,8,0.601,0.25,8,45,0,2,1,,5,0,45
10,Run50_DengeV1,Hasar-değerli hedef,bahcivan,standart,101,boss=none,5,,,21,21,0,0,0,0,14,6,1,0,0,42,159,45,42,8,52,4,0,54,20,0,500,5,1,12.67,1,1,3,1,5,0.3,2,14,3.5,1.71,3,3,,,8,0,0,,,4.5,9,6,,,6,9,0.591,0.333,8,51,2,4,1,,4,0,45
10,Run50_DengeV1,Hasar-değerli hedef,bahcivan,standart,101,boss=none,6,,,26,26,0,0,0,0,17,7,2,0,0,58,58,110,0,0,62,8,0,68,28,0,630,6,1,13.33,1,1,3,1,5,0.3,2.75,14,3.36,1.53,1.57,3.5,,,44,29,0,,,2.12,2.14,15,,,6,9,0.524,0.222,7.686,53,3,7,0,agir_darbex1,6,0,45
10,Run50_DengeV1,Hasar-değerli hedef,bahcivan,standart,101,boss=none,7,,,19,19,0,0,0,0,13,4,2,0,0,45,103,110,0,0,42,8,0,50,36,0,460,7,1,13.33,1,1,3,1,5,0.3,2.75,14,2.93,1.69,2,2.5,,,31,0,0,,,6,5.25,4.5,,,8,12,0.723,0.417,7.764,70,0,7,2,agir_darbex1,4,0,45
10,Run50_DengeV1,Hasar-değerli hedef,bahcivan,standart,101,boss=none,8,,,22,22,0,0,0,0,14,6,2,0,0,52,155,110,0,0,58,8,0,68,44,0,540,8,1,14,1,1,2.892,1,5,0.3,2.75,15,3.53,1.71,2.83,3.5,,,27,0,0,,,2.9,6.28,7.23,,,8,12,0.714,0.5,7.483,72,4,11,0,agir_darbex1,4,0,45
10,Run50_DengeV1,Hasar-değerli hedef,bahcivan,standart,101,boss=none,9,,,25,25,0,0,0,0,19,3,3,0,0,58,213,110,0,0,53,12,0,57,41,0,590,9,1,14.67,1,1,2.892,1,5,0.3,2.75,15,3.67,1.47,2.67,2.67,,,44,0,0,,,2.44,10.62,4.82,,,9,13,0.671,0.462,7.54,78,3,14,1,agir_darbex1,6,0,45
10,Run50_DengeV1,Hasar-değerli hedef,bahcivan,standart,101,boss=none,10,,,27,27,0,0,0,0,17,10,0,0,0,47,260,110,47,20,84,0,0,87,41,0,640,10,1,15.64,1,1,2.789,1,5,0.3,2.75,16,3.63,1.65,2.2,,,,21,11,,,,3.28,8.92,,,,10,14,0.704,0.5,7.586,83,2,16,1,agir_darbex1,6,0,45
10,Run50_DengeV1,Hasar-değerli hedef,bahcivan,standart,101,boss=none,11,,,29,29,0,0,0,0,21,6,2,0,0,59,59,150,0,0,72,8,0,73,49,0,680,11,1,16.36,1,1,2.689,1,5,0.3,2.75,16,4,1.67,2.67,3,,,19,0,0,,,3.84,7.17,5.37,,,11,16,0.701,0.5,7.288,99,4,20,1,agir_darbex1 nadir_tohumx1,6,0,45
10,Run50_DengeV1,Hasar-değerli hedef,bahcivan,standart,101,boss=none,12,,,36,36,0,0,0,0,28,6,2,0,0,66,125,150,0,0,86,8,0,87,27,0,820,12,1,18.13,1,1,2.689,1,5,0.3,2.75,16,4.06,1.71,1.67,2.5,,,22,33,0,0,,4.99,2.69,4.03,,,12,17,0.68,0.412,7.331,104,3,23,1,agir_darbex1 nadir_tohumx1,8,0,45
10,Run50_DengeV1,Hasar-değerli hedef,bahcivan,standart,101,boss=none,13,,,27,26,1,0,0,0,20,4,2,1,0,82,207,150,0,0,80,8,2,85,35,2,687,13,1,18.13,1,1,2.592,1,5,0.3,2.75,17,3.47,1.79,2.5,3.5,2,,29,20,0,,,4.23,4.54,6.47,2.6,,13,19,0.771,0.526,7.187,119,4,27,1,agir_darbex1 nadir_tohumx1,6,0,45
10,Run50_DengeV1,Hasar-değerli hedef,bahcivan,standart,101,boss=none,14,,,31,31,0,0,0,0,25,5,1,0,0,50,257,150,0,0,100,4,0,105,9,2,790,14,1,19.2,1,1,2.5,1,5,0.3,2.75,17,3.82,1.68,2.4,4,,,19,0,0,,,3.8,6.5,7.5,,,13,19,0.724,0.474,7.187,119,5,32,0,agir_darbex1 nadir_tohumx1,9,0,45
10,Run50_DengeV1,Hasar-değerli hedef,bahcivan,standart,101,boss=none,15,,,33,32,0,1,0,0,26,6,1,0,0,54,311,150,54,30,108,4,0,113,13,2,847,15,1,19.2,1,1,2.5,1,5,0.3,2.75,17,3.82,1.6,2,3,,,31,17,0,,,3.3,2.5,5,,,14,20,0.751,0.5,7.218,125,1,33,1,agir_darbex1 nadir_tohumx1,8,0,45
10,Run50_DengeV1,Hasar-değerli hedef,bahcivan,standart,101,boss=none,16,,,31,30,1,0,0,0,20,5,6,0,0,95,95,220,0,0,90,24,0,103,37,2,900,16,1,20.27,1,1,2.5,1,5,0.42,2.75,17,4,1.55,2.6,2.8,,,21,0,0,,,4.25,8,8.5,,,15,21,0.764,0.667,6.952,136,3,36,1,agir_darbex1 nadir_tohumx1 kritik_gozx1,7,0,45
10,Run50_DengeV1,Hasar-değerli hedef,bahcivan,standart,101,boss=none,17,,,35,35,0,0,0,0,25,7,1,2,0,118,213,220,0,0,117,4,4,127,16,6,1020,17,1,20.27,1,1,2.41,1,5,0.42,2.75,18,3.78,1.56,1.71,5,4.5,,48,20,0,0,,3.08,8.61,16.87,8.42,,16,22,0.775,0.545,6.982,142,5,41,1,agir_darbex1 nadir_tohumx1 kritik_gozx1,9,0,45
10,Run50_DengeV1,Hasar-değerli hedef,bahcivan,standart,101,boss=none,18,,,28,26,0,2,0,0,18,10,0,0,0,50,263,220,0,0,117,0,0,124,16,6,830,18,1,20.27,1,1,2.324,1.039,5,0.42,2.75,19,3.79,1.83,2.88,,,,10,0,,,,6.71,10.75,,,,17,23,0.808,0.565,6.669,155,6,47,1,agir_darbex1 nadir_tohumx1 kritik_gozx1,7,0,45
10,Run50_DengeV1,Hasar-değerli hedef,bahcivan,standart,101,boss=none,19,,,35,35,0,0,0,0,24,8,3,0,0,78,341,220,0,0,123,12,0,128,28,6,1127,19,1,20.27,1,1,2.16,1.078,5,0.42,2.75,20,4,1.83,2.25,3,,,19,0,0,,,6.12,5.94,6.49,,,18,24,0.813,0.625,6.443,168,5,52,1,agir_darbex1 nadir_tohumx1 kritik_gozx1,8,0,45
10,Run50_DengeV1,Hasar-değerli hedef,bahcivan,standart,101,boss=none,20,,,35,34,0,1,0,0,21,10,3,1,0,112,453,220,112,45,126,12,2,144,40,8,1371,20,1,20.27,1,1,2.16,1.078,5,0.42,2.75,20,3.7,1.48,1.67,2.67,6,,43,0,0,0,,2.57,2.88,3.6,10.8,,19,25,0.813,0.6,6.154,183,5,57,1,agir_darbex1 nadir_tohumx1 kritik_gozx1,9,0,45
10,Run50_DengeV1,Hasar-değerli hedef,bahcivan,standart,101,boss=none,21,,,46,46,0,0,0,0,34,7,3,2,0,145,145,300,0,0,150,12,4,154,52,12,1718,21,1,23.08,1,1,1.836,1.078,5,0.42,2.75,24,3.71,1.44,2.29,2.67,3.5,,52,0,0,0,,3.4,2.88,3.07,4.58,,20,26,0.78,0.5,6.174,190,1,58,1,agir_darbex1 nadir_tohumx1 kritik_gozx1 hizli_bilekx1,11,0,45
10,Run50_DengeV1,Hasar-değerli hedef,bahcivan,standart,101,boss=none,22,,,54,53,0,1,0,0,37,16,1,0,0,96,241,300,0,0,216,5,0,260,32,12,1944,22,1,24.3,1,1,1.836,1.078,5,0.42,2.75,24,4.42,1.38,2.47,3,,,55,0,0,,,3.72,7.96,3.67,,,22,31,0.773,0.645,6.137,227,2,60,2,agir_darbex1 nadir_tohumx1 kritik_gozx1 hizli_bilekx1,9,0,45
10,Run50_DengeV1,Hasar-değerli hedef,bahcivan,standart,101,boss=none,23,,,50,50,0,0,0,0,34,12,3,1,0,138,379,300,0,0,180,15,2,199,47,14,1866,23,1,25.51,1,1,1.836,1.156,5,0.42,2.75,24,4.33,1.47,2.08,3.33,3,,42,7,0,0,,3.83,3.36,8.56,3.67,,23,33,0.808,0.636,5.951,250,5,65,1,agir_darbex1 nadir_tohumx1 kritik_gozx1 hizli_bilekx1,10,0,45
10,Run50_DengeV1,Hasar-değerli hedef,bahcivan,standart,101,boss=none,24,,,47,46,0,1,0,0,28,11,7,1,0,161,540,300,0,0,156,40,2,175,52,16,1878,24,1,28.62,1,1,1.836,1.156,5,0.42,2.75,24,4.13,1.46,2,2.86,4,,50,0,0,0,,3.6,6.24,8.39,5.53,,24,34,0.828,0.676,5.97,256,2,67,1,agir_darbex1 nadir_tohumx1 kritik_gozx1 hizli_bilekx1,10,0,45
10,Run50_DengeV1,Hasar-değerli hedef,bahcivan,standart,101,boss=none,25,,,43,42,0,1,0,0,23,14,6,0,0,134,674,300,134,65,159,42,0,198,69,16,1792,25,1,28.62,1,1,1.836,1.194,5,0.42,2.75,24,4.21,1.45,2.5,2.5,,,27,0,0,0,,1.84,7.34,4.29,,,26,39,0.833,0.692,6.003,292,3,70,2,agir_darbex1 nadir_tohumx1 kritik_gozx1 hizli_bilekx1,9,0,45
10,Run50_DengeV1,Hasar-değerli hedef,bahcivan,standart,101,boss=none,26,,,47,47,0,0,0,0,21,12,10,3,1,355,355,500,0,0,135,60,15,143,104,31,2224,26,1,28.62,1,1,1.561,1.194,5,0.42,2.75,28,4.14,1.57,1.92,2.5,3,5,43,0,0,0,0,5.28,6.11,9.99,5.72,6.23,26,41,0.851,0.732,6.003,307,1,71,2,agir_darbex1 nadir_tohumx1 kritik_gozx1 hizli_bilekx2,10,0,45
10,Run50_DengeV1,Hasar-değerli hedef,bahcivan,standart,101,boss=none,27,,,53,53,0,0,0,0,27,17,7,2,0,208,563,500,0,0,192,42,4,285,46,35,2297,27,1,29.99,1,1,1.561,1.194,5,0.42,2.75,28,4.64,1.7,2.18,3.14,3.5,,33,0,0,0,,4.28,3.67,5.12,3.9,,27,45,0.864,0.644,6.038,335,2,73,4,agir_darbex1 nadir_tohumx1 kritik_gozx1 hizli_bilekx2,11,0,45
10,Run50_DengeV1,Hasar-değerli hedef,bahcivan,standart,101,boss=none,28,,,51,50,1,0,0,0,30,11,7,3,0,241,804,500,0,0,162,42,6,227,48,41,2202,28,1,29.99,1,1,1.561,1.194,5,0.42,2.75,28,4.46,1.48,2.55,2.86,3.67,,48,0,0,0,,3.07,4.69,4,4.18,,29,47,0.874,0.745,6.063,349,2,75,2,agir_darbex1 nadir_tohumx1 kritik_gozx1 hizli_bilekx2,12,0,45
10,Run50_DengeV1,Hasar-değerli hedef,bahcivan,standart,101,boss=none,29,,,35,35,0,0,0,0,13,7,5,7,3,653,1457,500,0,0,81,74,24,148,89,45,1932,29,1,29.99,1,1,1.561,1.194,5,0.437,2.75,28,4.18,1.46,2.43,4,4.43,5.33,38,0,0,0,0,1.56,6.02,7.51,6.24,6.76,29,49,0.925,0.837,6.04,365,2,77,2,agir_darbex1 nadir_tohumx1 kritik_gozx1 hizli_bilekx2,8,0,45
10,Run50_DengeV1,Hasar-değerli hedef,bahcivan,standart,101,boss=none,30,,,41,41,0,0,0,0,13,7,12,5,4,778,2235,500,778,100,87,106,48,100,127,73,2316,29,0,33.24,1,1,1.561,1.194,5,0.437,2.75,28,4.39,1.77,1.71,2.75,4.4,3.75,18,10,13,0,0,6.48,5.35,6.37,5.29,6.25,25,49,0.912,0.714,5.982,369,2,79,2,agir_darbex1 nadir_tohumx1 kritik_gozx1 hizli_bilekx2,8,0,45
10,Run50_DengeV1,Hasar-değerli hedef,bahcivan,standart,101,boss=none,31,,,66,63,3,0,0,0,20,16,14,11,5,1156,1156,1200,0,0,306,134,47,446,235,80,3962,31,2,34.76,1.6,1,1.561,1.194,5,0.437,2.75,28,4.43,1.18,1.44,2,2.18,3,71,61,14,7,0,1.01,1.56,4.46,2.28,5.61,16,49,0.855,0.551,5.747,384,1,80,4,agir_darbex1 nadir_tohumx1 kritik_gozx1 hizli_bilekx2 canavar_kesimix1,13,0,45
10,Run50_DengeV1,Hasar-değerli hedef,bahcivan,standart,101,boss=none,32,,,54,54,0,0,0,0,11,12,16,11,4,1161,2317,1200,0,0,156,125,62,177,149,102,3319,32,1,34.76,1.6,1,1.512,1.233,5,0.453,2.75,29,4.07,1.45,1.5,2.06,2.18,3,40,36,10,22,0,3.71,0.88,4.35,2.34,3.02,12,49,0.863,0.612,5.529,399,7,87,2,agir_darbex1 nadir_tohumx1 kritik_gozx1 hizli_bilekx2 canavar_kesimix1,10,0,45
10,Run50_DengeV1,Hasar-değerli hedef,bahcivan,standart,101,boss=none,33,,,66,65,0,1,0,0,21,17,16,8,4,1846,4163,1200,0,0,312,108,53,499,207,55,3618,33,1,34.76,1.6,1,1.512,1.233,5,0.453,2.75,29,4.31,1.19,1.76,1.53,2.75,3,60,38,8,0,0,0.65,4,2.32,5.1,4.53,13,55,0.861,0.727,5.596,442,1,88,3,agir_darbex1 nadir_tohumx1 kritik_gozx1 hizli_bilekx2 canavar_kesimix1,13,0,45
10,Run50_DengeV1,Hasar-değerli hedef,bahcivan,standart,101,boss=none,34,,,68,63,4,1,0,0,21,21,15,6,5,1177,5340,1200,0,0,243,165,47,337,184,82,3914,34,1,39.82,1.6,1,1.512,1.233,5,0.453,2.75,29,4.24,1.11,1.74,1.93,2.33,3,75,25,15,0,0,0.17,3.1,3.12,2.02,3.03,15,61,0.868,0.738,5.564,493,3,91,3,agir_darbex1 nadir_tohumx1 kritik_gozx1 hizli_bilekx2 canavar_kesimix1,14,0,45
10,Run50_DengeV1,Hasar-değerli hedef,bahcivan,standart,101,boss=none,35,,,79,75,4,0,0,0,24,21,21,12,1,886,6226,1200,886,220,201,161,36,288,381,58,4530,35,1,39.82,1.6,1,1.512,1.272,6,0.453,2.75,29,5.41,1.29,1.83,2.05,2.75,3,67,29,17,0,0,2.71,6.13,6.04,4.29,3,15,68,0.853,0.559,5.564,550,2,93,5,agir_darbex1 nadir_tohumx1 kritik_gozx1 hizli_bilekx2 canavar_kesimix1,15,0,45
10,Run50_DengeV1,Hasar-değerli hedef,bahcivan,standart,101,boss=none,36,,,121,107,14,0,0,0,37,36,24,17,7,2813,2813,2800,0,0,477,193,114,485,344,122,6877,37,2,39.82,1.6,1,1.058,1.272,6,0.453,2.75,42,5.45,1.26,1.75,2.05,2.47,2.67,58,25,10,13,0,1.23,3.97,3.52,3.12,2.11,16,70,0.808,0.729,5.606,562,3,96,1,agir_darbex1 nadir_tohumx1 kritik_gozx1 hizli_bilekx2 canavar_kesimix1 firtina_bilegix1,20,0,45
10,Run50_DengeV1,Hasar-değerli hedef,bahcivan,standart,101,boss=none,37,,,105,99,0,6,0,0,30,32,23,17,3,2160,4973,2800,0,0,294,304,80,459,348,137,5723,38,1,39.82,1.6,1,1.025,1.272,6,0.453,2.75,43,4.93,1.21,1.41,2.36,2.94,4,52,39,0,0,0,1.9,1.62,6.84,3.01,3.07,19,75,0.831,0.707,5.587,604,3,99,3,agir_darbex1 nadir_tohumx1 kritik_gozx1 hizli_bilekx2 canavar_kesimix1 firtina_bilegix1,16,0,45
10,Run50_DengeV1,Hasar-değerli hedef,bahcivan,standart,101,boss=none,38,,,85,79,1,4,1,0,19,18,23,18,7,3458,8431,2800,0,0,270,256,134,334,274,271,5268,39,1,39.82,1.6,1,1.025,1.272,6,0.47,2.75,43,4.72,1.2,1.83,1.95,3.11,3.67,53,17,0,0,0,1.29,2.96,3.58,6.27,3.41,21,79,0.865,0.797,5.649,629,5,104,2,agir_darbex1 nadir_tohumx1 kritik_gozx1 hizli_bilekx2 canavar_kesimix1 firtina_bilegix1,13,0,45
10,Run50_DengeV1,Hasar-değerli hedef,bahcivan,standart,101,boss=none,39,,,124,115,5,4,0,0,44,31,27,19,3,2887,11318,2800,0,0,375,260,98,399,534,219,7242,40,1,43.38,1.6,1,1.025,1.272,6,0.47,2.861,43,5.26,1.28,1.54,1.96,2.63,2.67,51,42,10,13,0,1.79,3.26,3.35,2.97,1.71,23,81,0.827,0.716,5.701,639,2,106,2,agir_darbex1 nadir_tohumx1 kritik_gozx1 hizli_bilekx2 canavar_kesimix1 firtina_bilegix1,20,0,45
10,Run50_DengeV1,Hasar-değerli hedef,bahcivan,standart,101,boss=none,40,,,107,99,2,6,0,0,38,30,19,16,4,2926,14244,2800,2926,500,393,196,122,547,730,146,5784,41,1,43.38,1.6,1,1.025,1.311,6,0.47,2.972,43,5.02,1.47,1.57,1.84,3.31,2.75,46,30,19,0,0,3.4,1.47,2.91,4.87,1.79,23,81,0.842,0.778,5.701,639,3,109,0,agir_darbex1 nadir_tohumx1 kritik_gozx1 hizli_bilekx2 canavar_kesimix1 firtina_bilegix1,16,0,45
10,Run50_DengeV1,Hasar-değerli hedef,bahcivan,standart,101,boss=none,41,,,131,119,6,6,0,0,40,28,40,17,6,2507,2507,4500,0,0,366,472,143,513,642,209,7403,42,1,45.79,1.6,1,0.993,1.35,6,0.59,2.972,45,4.93,1.19,1.42,1.92,2.13,2.5,67,43,23,18,14,1.19,1.99,3.65,1.49,2.66,23,81,0.828,0.716,5.701,639,5,114,0,agir_darbex1 nadir_tohumx1 kritik_gozx2 hizli_bilekx2 canavar_kesimix1 firtina_bilegix1,22,0,45
10,Run50_DengeV1,Hasar-değerli hedef,bahcivan,standart,101,boss=none,42,,,130,121,1,8,0,0,32,37,32,16,13,4826,7333,4500,0,0,588,440,166,811,722,375,7929,44,2,45.79,1.6,1,0.993,1.35,6,0.59,2.972,45,5.02,1.26,1.41,1.9,2.06,2.62,64,37,18,13,0,2.35,1.02,3.55,1.86,2.22,23,81,0.831,0.716,5.701,639,2,116,0,agir_darbex1 nadir_tohumx1 kritik_gozx2 hizli_bilekx2 canavar_kesimix1 firtina_bilegix1,23,0,45
10,Run50_DengeV1,Hasar-değerli hedef,bahcivan,standart,101,boss=none,43,,,135,123,8,4,0,0,49,37,22,20,7,3878,11211,4500,0,0,477,258,200,698,260,240,8237,45,1,52.15,1.6,1,0.993,1.35,6,0.607,3.083,45,4.78,1.13,1.51,1.95,2.15,3.57,82,48,0,11,0,0.43,2.52,3.34,3.97,3.68,23,81,0.808,0.728,5.661,644,5,121,0,agir_darbex1 nadir_tohumx1 kritik_gozx2 hizli_bilekx2 canavar_kesimix1 firtina_bilegix1,23,0,45
10,Run50_DengeV1,Hasar-değerli hedef,bahcivan,standart,101,boss=none,44,,,133,123,7,3,0,0,40,32,38,17,6,2224,13435,4500,0,0,412,426,150,710,686,390,7728,46,1,52.15,1.6,1,0.993,1.406,6,0.607,3.083,45,5,1.13,1.65,1.72,2.35,2.67,75,42,34,21,0,0.55,4.77,2.98,2.57,2.15,23,81,0.83,0.728,5.661,644,2,123,0,agir_darbex1 nadir_tohumx1 kritik_gozx2 hizli_bilekx2 canavar_kesimix1 firtina_bilegix1,22,0,45
10,Run50_DengeV1,Hasar-değerli hedef,bahcivan,standart,101,boss=none,45,,,132,122,2,5,3,0,43,39,24,19,7,2359,15794,4500,2359,800,512,300,155,582,556,255,7207,47,1,52.15,1.6,1,0.961,1.406,6,0.623,3.194,46,5.04,1.23,1.37,2.17,2.28,3,59,47,12,7,0,2.02,1.84,3.89,2.61,2.89,23,81,0.821,0.728,5.661,644,4,127,0,agir_darbex1 nadir_tohumx1 kritik_gozx2 hizli_bilekx2 canavar_kesimix1 firtina_bilegix1,21,0,45
10,Run50_DengeV1,Hasar-değerli hedef,bahcivan,standart,101,boss=none,46,,,149,128,11,10,0,0,50,32,41,20,6,4351,4351,6000,0,0,393,527,140,635,1083,285,8472,48,1,56.1,1.6,1,0.961,1.406,6,0.623,3.194,46,5.02,1.17,1.24,1.9,2.42,2.5,67,59,14,10,0,1.15,0.7,3.8,2.79,1.43,23,81,0.785,0.667,5.661,644,2,129,0,agir_darbex1 nadir_tohumx2 kritik_gozx2 hizli_bilekx2 canavar_kesimix1 firtina_bilegix1,28,0,45
10,Run50_DengeV1,Hasar-değerli hedef,bahcivan,standart,101,boss=none,47,,,152,138,5,8,1,0,59,37,32,18,6,4682,9033,6000,0,0,642,340,175,822,533,460,8296,49,1,58.9,1.6,1,0.961,1.406,6,0.623,3.194,46,5.17,1.22,1.29,1.9,2.17,2.5,64,48,17,10,20,0.88,1.3,3.81,1.55,1.44,23,81,0.788,0.63,5.661,644,4,133,0,agir_darbex1 nadir_tohumx2 kritik_gozx2 hizli_bilekx2 canavar_kesimix1 firtina_bilegix1,30,0,45
10,Run50_DengeV1,Hasar-değerli hedef,bahcivan,standart,101,boss=none,48,,,156,129,22,5,0,0,44,42,28,31,11,4721,13754,6000,0,0,613,519,244,875,792,249,10508,50,1,58.9,1.6,1,0.961,1.461,6,0.623,3.306,46,5.17,1.19,1.41,1.75,1.83,2.5,50,42,27,33,9,0.93,2.26,2.72,2.12,2.12,23,81,0.797,0.667,5.522,660,5,138,0,agir_darbex1 nadir_tohumx2 kritik_gozx2 hizli_bilekx2 canavar_kesimix1 firtina_bilegix1,29,0,45
10,Run50_DengeV1,Hasar-değerli hedef,bahcivan,standart,101,boss=none,49,,,157,131,11,10,5,0,48,45,35,25,4,3005,16759,6000,0,0,584,447,172,719,739,421,9924,51,1,58.9,1.6,1,0.931,1.461,6,0.64,3.306,48,5.29,1.19,1.31,2,2.48,2.5,71,55,12,0,0,0.5,1.14,4.25,3.05,1.39,23,81,0.792,0.642,5.522,660,3,141,0,agir_darbex1 nadir_tohumx2 kritik_gozx2 hizli_bilekx2 canavar_kesimix1 firtina_bilegix1,33,0,45
10,Run50_DengeV1,Hasar-değerli hedef,bahcivan,standart,101,boss=none,50,,,158,147,2,8,1,0,55,34,36,24,9,3478,20237,6000,0,0,656,520,256,995,1259,297,9317,52,1,63.05,1.6,1,0.931,1.461,6,0.64,3.417,48,5.13,1.17,1.26,1.78,2,2.22,69,70,16,13,13,0.75,1.2,2.82,2.52,1.45,23,81,0.786,0.617,5.522,660,2,143,0,agir_darbex1 nadir_tohumx2 kritik_gozx2 hizli_bilekx2 canavar_kesimix1 firtina_bilegix1,28,0,45
10,Run50_DengeV1,Hasar-değerli hedef,bahcivan,standart,101,boss=none,50,KAZANDI
11,Run50_DengeV1,Hasar-değerli hedef,bahcivan,standart,100,boss=don,1,,,13,13,0,0,0,0,12,1,0,0,0,15,15,45,0,0,28,0,0,28,0,0,270,1,0,10,1,1,3,1,5,0.3,2,13,2.08,1.83,3,,,,21,0,,,,2.5,6,,,,2,4,0.346,0,8,23,0,0,2,,3,0.205,45
11,Run50_DengeV1,Hasar-değerli hedef,bahcivan,standart,100,boss=don,2,,,14,14,0,0,0,0,11,1,1,1,0,54,69,45,0,0,26,4,2,29,4,2,340,2,1,10.67,1,1,3,1,5,0.3,2,14,2.71,2.18,3,4,5,,0,0,0,0,,3.55,6,9,12,,3,5,0.483,0,8,28,1,1,1,,3,0.044,45
11,Run50_DengeV1,Hasar-değerli hedef,bahcivan,standart,100,boss=don,3,,,20,20,0,0,0,0,16,2,2,0,0,42,111,45,0,0,40,8,0,42,12,2,460,3,1,11.33,1,1,3,1,5,0.3,2,14,2.93,1.81,2.5,3,,,20,0,0,,,3.56,4.5,6,,,4,6,0.413,0,8,34,1,2,1,,5,0.089,45
11,Run50_DengeV1,Hasar-değerli hedef,bahcivan,standart,100,boss=don,4,,,19,19,0,0,0,0,16,3,0,0,0,25,136,45,0,0,44,0,0,46,12,2,410,4,1,11.33,1,1,3,1,5,0.3,2,14,3.21,1.81,2.67,,,,18,0,,,,3.94,5,,,,5,8,0.518,0.125,8,45,0,2,1,,4,0.008,45
11,Run50_DengeV1,Hasar-değerli hedef,bahcivan,standart,100,boss=don,5,,,18,18,0,0,0,0,15,2,1,0,0,31,167,45,31,8,38,4,0,39,16,2,400,5,1,12.67,1,1,3,1,5,0.3,2,14,2.5,1.67,3,3,,,13,0,0,,,4,10.5,6,,,6,9,0.363,0.111,8,51,3,5,1,,5,0.132,45
11,Run50_DengeV1,Hasar-değerli hedef,bahcivan,standart,100,boss=don,6,,,25,25,0,0,0,0,15,5,5,0,0,80,80,110,0,0,50,20,0,59,36,2,690,6,1,13.33,1.25,1,2.892,1,5,0.3,2,15,3.33,1.53,2.2,2.8,,,41,0,0,,,2.51,3.47,8.68,,,6,9,0.551,0.222,7.804,52,4,9,0,keskin_bicakx1,5,0,45
11,Run50_DengeV1,Hasar-değerli hedef,bahcivan,standart,100,boss=don,7,,,24,24,0,0,0,0,19,4,0,1,0,61,141,110,0,0,54,0,2,61,36,4,628,8,2,14,1.25,1,2.892,1,5,0.3,2,15,3.4,1.74,3,,3,,17,0,,0,,3.65,9.4,,5.77,,6,9,0.525,0.222,7.804,52,3,12,0,keskin_bicakx1,5,0,45
11,Run50_DengeV1,Hasar-değerli hedef,bahcivan,standart,100,boss=don,8,,,24,24,0,0,0,0,13,9,2,0,0,68,209,110,0,0,62,8,0,63,44,4,681,9,1,14,1.25,1,2.892,1,5,0.3,2,15,3.33,1.38,2.11,3.5,,,47,0,0,,,1.11,4.82,7.22,,,8,12,0.629,0.25,7.804,69,0,12,2,keskin_bicakx1,5,0,45
11,Run50_DengeV1,Hasar-değerli hedef,bahcivan,standart,100,boss=don,9,,,27,27,0,0,0,0,16,8,3,0,0,75,284,110,0,0,72,12,0,90,56,4,792,10,1,14.67,1.25,1,2.892,1,5,0.3,2,15,3.6,1.63,2,2.33,,,20,0,0,,,3.25,3.98,3.86,,,9,13,0.642,0.462,7.804,75,2,14,1,keskin_bicakx1,6,0,45
11,Run50_DengeV1,Hasar-değerli hedef,bahcivan,standart,100,boss=don,10,,,25,25,0,0,0,0,19,3,3,0,0,62,346,110,62,20,53,12,0,73,53,4,695,11,1,14.67,1.25,1,2.892,1,5,0.3,2,15,3.13,1.63,1.67,2.67,,,26,0,0,0,,4.11,1.93,6.74,,,10,15,0.564,0.4,7.804,86,2,16,1,keskin_bicakx1,5,0,45
11,Run50_DengeV1,Hasar-değerli hedef,bahcivan,standart,100,boss=don,11,,,25,25,0,0,0,0,16,7,1,1,0,77,77,150,0,0,67,4,2,70,57,6,753,12,1,16.36,1.25,1,2.789,1,5,0.3,2.75,16,3.44,1.56,2.57,3,2,,30,13,0,,,4.36,4.39,5.57,2.8,,11,16,0.71,0.438,7.804,92,3,19,1,keskin_bicakx1 agir_darbex1,6,0,45
11,Run50_DengeV1,Hasar-değerli hedef,bahcivan,standart,100,boss=don,12,,,34,34,0,0,0,0,28,6,0,0,0,48,125,150,0,0,86,0,0,96,27,6,966,13,1,16.36,1.25,1,2.689,1,5,0.3,2.75,16,4,1.54,2,,,,26,14,,,,4.13,3.13,,,,12,17,0.662,0.471,7.613,100,5,24,1,keskin_bicakx1 agir_darbex1,8,0,45
11,Run50_DengeV1,Hasar-değerli hedef,bahcivan,standart,100,boss=don,13,,,34,34,0,0,0,0,23,7,3,1,0,104,229,150,0,0,81,12,2,85,39,8,1126,15,2,18.13,1.25,1,2.689,1,5,0.3,2.75,16,4,1.57,1.29,3,4,,26,57,0,0,,4.79,0.77,5.38,8.07,,13,19,0.693,0.526,7.613,112,2,26,1,keskin_bicakx1 agir_darbex1,6,0,45
11,Run50_DengeV1,Hasar-değerli hedef,bahcivan,standart,100,boss=don,14,,,34,34,0,0,0,0,20,10,4,0,0,95,324,150,0,0,110,16,0,117,25,8,1089,16,1,18.13,1.25,1,2.592,1,5,0.3,2.75,17,4.24,1.5,1.7,3.5,,,35,33,0,,,5.18,3.12,6.48,,,14,21,0.739,0.571,7.161,132,4,30,1,keskin_bicakx1 agir_darbex1,7,0,45
11,Run50_DengeV1,Hasar-değerli hedef,bahcivan,standart,100,boss=don,15,,,26,26,0,0,0,0,13,8,5,0,0,88,412,150,88,30,87,20,0,92,45,8,869,17,1,19.2,1.25,1,2.5,1,5,0.3,2.75,17,3.12,1.54,1.38,2.2,,,11,60,0,,,1.92,0.94,4,,,15,22,0.588,0.364,7.021,141,4,34,1,keskin_bicakx1 agir_darbex1,8,0,45
11,Run50_DengeV1,Hasar-değerli hedef,bahcivan,standart,100,boss=don,16,,,40,40,0,0,0,0,23,12,4,1,0,130,130,220,0,0,141,16,2,143,61,10,1431,18,1,19.2,1.563,1,2.41,1,5,0.3,2.75,18,3.94,1.35,1.92,1.75,3,,35,14,25,0,,3.25,4.22,1.81,4.83,,16,24,0.739,0.542,6.874,157,4,38,1,keskin_bicakx2 agir_darbex1,11,0,45
11,Run50_DengeV1,Hasar-değerli hedef,bahcivan,standart,100,boss=don,17,,,39,39,0,0,0,0,28,7,3,1,0,115,245,220,0,0,126,12,2,169,48,12,1349,19,1,19.2,1.563,1,2.41,1,5,0.3,2.75,18,4.06,1.46,2,2.33,2,,32,29,33,0,,3.96,6.54,3.2,2.43,,17,25,0.758,0.6,6.896,163,2,40,1,keskin_bicakx2 agir_darbex1,10,0,45
11,Run50_DengeV1,Hasar-değerli hedef,bahcivan,standart,100,boss=don,18,,,43,43,0,0,0,0,26,11,5,1,0,139,384,220,0,0,144,20,2,144,68,14,1616,20,1,20.27,1.563,1,2.324,1.039,5,0.3,2.75,19,4.26,1.5,2,2,2,,25,10,33,0,,3.93,4.01,2.78,2.33,,18,26,0.742,0.5,6.746,173,6,46,1,keskin_bicakx2 agir_darbex1,9,0,45
11,Run50_DengeV1,Hasar-değerli hedef,bahcivan,standart,100,boss=don,19,,,48,48,0,0,0,0,33,10,5,0,0,114,498,220,0,0,159,20,0,163,63,14,1574,21,1,23.08,1.563,1,2.324,1.039,5,0.3,2.75,19,4.26,1.39,1.6,1.8,,,39,25,25,,,3.1,3.03,1.87,,,20,31,0.758,0.581,6.778,206,1,47,2,keskin_bicakx2 agir_darbex1,10,0,45
11,Run50_DengeV1,Hasar-değerli hedef,bahcivan,standart,100,boss=don,20,,,41,41,0,0,0,0,29,7,2,3,0,167,665,220,167,45,129,10,6,136,48,20,1885,22,1,24.3,1.563,1,2.24,1.078,5,0.3,2.75,20,3.9,1.34,2.43,2,3.33,,36,0,50,0,,1.7,5.13,2.23,5.21,,20,32,0.681,0.438,6.778,212,6,53,2,keskin_bicakx2 agir_darbex1,9,0,45
11,Run50_DengeV1,Hasar-değerli hedef,bahcivan,standart,100,boss=don,21,,,47,47,0,0,0,0,26,13,8,0,0,150,150,300,0,0,156,40,0,167,88,20,2280,24,2,25.51,1.953,1,2.24,1.078,5,0.3,2.75,20,4.1,1.19,1.77,2.25,,,61,8,11,,,1.29,7.75,5.04,,,22,35,0.782,0.629,6.804,231,1,54,2,keskin_bicakx3 agir_darbex1,9,0,45
11,Run50_DengeV1,Hasar-değerli hedef,bahcivan,standart,100,boss=don,22,,,63,62,1,0,0,0,40,15,6,1,1,275,425,300,0,0,255,30,2,262,43,22,2601,25,1,28.62,1.953,1,2.24,1.078,5,0.3,2.75,20,4.15,1.08,1.5,1.67,1,3,89,40,33,100,0,0.84,3.04,1.49,0,4.47,23,38,0.733,0.579,6.784,252,2,56,2,keskin_bicakx3 agir_darbex1,12,0,45
11,Run50_DengeV1,Hasar-değerli hedef,bahcivan,standart,100,boss=don,23,,,63,63,0,0,0,0,43,13,5,2,0,192,617,300,0,0,207,25,4,207,28,26,3045,26,1,28.62,1.953,1,2.16,1.078,5,0.3,2.75,20,4.4,1.14,1.62,1.8,2,,77,33,25,50,,1.26,2.49,2.17,2.15,,24,40,0.75,0.625,6.796,265,3,59,1,keskin_bicakx3 agir_darbex1,11,0,45
11,Run50_DengeV1,Hasar-değerli hedef,bahcivan,standart,100,boss=don,24,,,59,59,0,0,0,0,41,8,5,4,1,336,953,300,0,0,216,25,8,223,53,34,2767,28,2,29.99,1.953,1,2.16,1.117,5,0.3,2.75,20,4.55,1.24,1.75,2,2.25,1,68,20,17,25,100,1.74,2.43,3.46,4.33,0,25,42,0.787,0.667,6.64,285,4,63,1,keskin_bicakx3 agir_darbex1,10,0,45
11,Run50_DengeV1,Hasar-değerli hedef,bahcivan,standart,100,boss=don,25,,,50,50,0,0,0,0,27,15,6,1,1,344,1297,300,344,65,171,30,10,171,58,44,2413,28,0,29.99,1.953,1,2.16,1.117,5,0.3,2.75,20,4.15,1.15,1.73,1.83,3,2,65,7,20,0,0,1.84,5.19,2.52,4.33,2.17,25,45,0.71,0.622,6.341,319,3,66,2,keskin_bicakx3 agir_darbex1,9,0,45
11,Run50_DengeV1,Hasar-değerli hedef,bahcivan,standart,100,boss=don,26,,,62,61,1,0,0,0,27,13,9,10,3,848,848,500,0,0,159,85,29,160,95,53,4784,30,2,29.99,3.125,1,2.16,1.117,5,0.317,2.75,20,4.15,1,1.15,1.67,1.8,2,100,79,30,18,33,0,0.5,1.68,2.81,3.6,25,49,0.813,0.449,6.341,348,2,68,5,keskin_bicakx3 agir_darbex1 canavar_kesimix1,12,0,45
11,Run50_DengeV1,Hasar-değerli hedef,bahcivan,standart,100,boss=don,27,,,83,68,3,8,0,4,30,25,17,8,3,904,1752,500,0,0,285,105,26,310,142,59,5410,32,2,33.24,3.125,1,2.16,1.117,5,0.317,2.75,20,4.45,1,1.1,1.43,1.63,2,100,80,40,17,0,0,0.2,1.39,2.7,2.15,22,49,0.797,0.653,6.338,348,2,70,2,keskin_bicakx3 agir_darbex1 canavar_kesimix1,15,0,45
11,Run50_DengeV1,Hasar-değerli hedef,bahcivan,standart,100,boss=don,28,,,87,73,0,14,0,0,37,23,14,11,2,980,2732,500,0,0,249,84,55,252,158,94,6364,34,2,34.76,3.125,1,2.092,1.156,5,0.317,2.75,21,4.33,1,1.1,1.36,1.64,2,100,75,50,22,0,0,1.05,1.65,2.09,2.08,18,49,0.785,0.571,6.099,362,7,77,2,keskin_bicakx3 agir_darbex1 canavar_kesimix1,17,0,45
11,Run50_DengeV1,Hasar-değerli hedef,bahcivan,standart,100,boss=don,29,,,82,68,3,9,0,2,35,19,16,10,2,1065,3797,500,0,0,309,96,30,326,266,84,6416,35,1,34.76,3.125,1,2.092,1.194,5,0.333,2.75,21,4.52,1,1.13,1.55,1.6,2.5,100,75,19,38,0,0,1.31,3.05,1.46,3.13,13,49,0.773,0.592,5.654,390,4,81,2,keskin_bicakx3 agir_darbex1 canavar_kesimix1,16,0,45
11,Run50_DengeV1,Hasar-değerli hedef,bahcivan,standart,100,boss=don,30,,,79,61,3,14,0,1,34,21,17,5,2,737,4534,500,737,100,228,125,26,239,191,110,5650,37,2,39.82,3.125,1,2.092,1.194,5,0.333,2.75,21,3.76,1,1,1.38,1.5,2,100,100,18,14,0,0,0,1.45,1.57,2.08,13,49,0.688,0.531,5.478,403,3,84,0,keskin_bicakx3 agir_darbex1 canavar_kesimix1,15,0,45
11,Run50_DengeV1,Hasar-değerli hedef,bahcivan,standart,100,boss=don,31,,,90,78,0,9,0,3,31,30,13,12,4,1249,1249,1200,0,0,318,101,58,381,217,68,7404,38,1,39.82,3.125,1,2.092,1.233,5,0.453,2.75,21,4.52,1,1.03,1.11,1.75,1.5,100,95,55,0,50,0,1.15,0.23,2.62,1.03,13,56,0.823,0.571,5.344,472,4,88,3,keskin_bicakx3 agir_darbex1 canavar_kesimix1 kritik_gozx1,15,0,45
11,Run50_DengeV1,Hasar-değerli hedef,bahcivan,standart,100,boss=don,32,,,95,64,3,23,0,5,35,22,15,15,8,1879,3128,1200,0,0,327,205,56,377,446,84,7414,39,1,39.82,3.125,1,2.092,1.233,5,0.453,2.75,21,4.29,1,1.07,1.36,1.5,1.5,100,55,50,38,67,0,1.35,1.94,2.24,1.3,14,63,0.84,0.571,5.408,524,2,90,3,keskin_bicakx3 agir_darbex1 canavar_kesimix1 kritik_gozx1,21,0,45
11,Run50_DengeV1,Hasar-değerli hedef,bahcivan,standart,100,boss=don,33,,,122,93,0,13,0,16,44,29,30,13,6,1815,4943,1200,0,0,351,180,99,398,355,143,8410,41,2,39.82,3.125,1,2.026,1.272,6,0.453,2.75,22,5.77,1,1,1.44,1.42,1,100,56,33,38,100,0,0,3.23,0.85,0,14,69,0.809,0.609,5.408,574,4,94,3,keskin_bicakx3 agir_darbex1 canavar_kesimix1 kritik_gozx1,24,0,45
11,Run50_DengeV1,Hasar-değerli hedef,bahcivan,standart,100,boss=don,34,,,120,81,8,22,0,9,49,36,13,18,4,1760,6703,1200,0,0,453,118,66,476,173,159,9043,42,1,39.82,3.125,1,2.026,1.272,6,0.47,2.75,22,4.95,1,1.05,1.4,1.5,1.25,100,67,25,62,50,0,0.28,1.21,1.58,0.51,15,72,0.815,0.708,5.464,593,4,98,1,keskin_bicakx3 agir_darbex1 canavar_kesimix1 kritik_gozx1,24,0,45
11,Run50_DengeV1,Hasar-değerli hedef,bahcivan,standart,100,boss=don,35,,,112,85,8,10,0,9,33,40,29,8,2,1116,7819,1200,1116,220,339,257,32,435,260,41,7167,44,2,43.38,3.125,1,2.026,1.272,6,0.47,2.861,22,5.36,1,1.28,1.27,1.75,2,100,45,59,0,0,0,1.75,1.71,1.52,2.03,18,77,0.756,0.61,5.594,619,4,102,3,keskin_bicakx3 agir_darbex1 canavar_kesimix1 kritik_gozx1,25,0,45
11,Run50_DengeV1,Hasar-değerli hedef,bahcivan,standart,100,boss=don,36,,,123,92,13,8,0,10,48,25,31,13,6,2675,2675,2800,0,0,342,271,100,442,321,141,7705,45,1,43.38,3.125,1,2.026,1.311,6,0.59,2.861,22,5.09,1,1,1.21,1.38,1.5,100,80,69,50,75,0,0,0.65,0.78,1.02,20,81,0.833,0.605,5.615,649,4,106,2,keskin_bicakx3 agir_darbex1 canavar_kesimix1 kritik_gozx2,24,0,45
11,Run50_DengeV1,Hasar-değerli hedef,bahcivan,standart,100,boss=don,37,,,132,101,11,12,0,8,46,33,34,16,3,1649,4324,2800,0,0,384,302,82,426,503,158,8865,46,1,43.38,3.125,1,1.962,1.35,6,0.59,2.861,22,5.55,1,1.04,1.27,1.13,1.33,100,100,61,90,67,0,0.26,1.66,0.25,0.64,20,81,0.822,0.741,5.615,649,5,111,0,keskin_bicakx3 agir_darbex1 canavar_kesimix1 kritik_gozx2,26,0,45
11,Run50_DengeV1,Hasar-değerli hedef,bahcivan,standart,100,boss=don,38,,,111,91,13,2,0,5,33,37,20,13,8,3185,7509,2800,0,0,420,220,124,556,723,282,8362,47,1,43.38,3.125,1,1.962,1.35,6,0.59,2.861,22,5.14,1.04,1.06,1.25,1.31,1.5,90,90,38,75,63,0.09,0.44,2.09,1.06,0.98,20,81,0.822,0.667,5.615,649,1,112,0,keskin_bicakx3 agir_darbex1 canavar_kesimix1 kritik_gozx2,24,0,45
11,Run50_DengeV1,Hasar-değerli hedef,bahcivan,standart,100,boss=don,39,,,130,90,19,15,0,6,45,42,28,12,3,1760,9269,2800,0,0,483,256,60,749,419,67,10093,48,1,45.79,3.125,1,1.962,1.35,6,0.607,2.972,22,5.45,1,1.09,1.28,1.33,1.67,100,65,62,64,67,0,0.43,1.1,0.82,1.31,20,81,0.822,0.63,5.527,659,4,116,0,keskin_bicakx3 agir_darbex1 canavar_kesimix1 kritik_gozx2,25,0,45
11,Run50_DengeV1,Hasar-değerli hedef,bahcivan,standart,100,boss=don,40,,,119,94,12,13,0,0,49,24,27,11,8,3909,13178,2800,3909,500,335,312,169,384,371,236,8603,49,1,49.54,3.125,1,1.962,1.406,6,0.607,2.972,22,5.09,1,1.06,1.2,1.27,1.5,100,76,65,80,63,0,0.11,1.26,1.25,0.98,20,81,0.766,0.642,5.527,659,4,120,0,keskin_bicakx3 agir_darbex1 canavar_kesimix1 kritik_gozx2,22,0,45
11,Run50_DengeV1,Hasar-değerli hedef,bahcivan,standart,100,boss=don,41,,,127,104,6,11,0,6,42,43,23,17,2,2315,2315,4500,0,0,479,184,104,553,555,340,9045,50,1,49.54,3.125,1,1.901,1.406,6,0.727,2.972,23,5.35,1,1.09,1.18,1.29,1,100,69,75,69,100,0,0.38,0.6,1.01,0,20,81,0.826,0.728,5.527,659,1,121,0,keskin_bicakx3 agir_darbex1 canavar_kesimix1 kritik_gozx3,22,0,45
11,Run50_DengeV1,Hasar-değerli hedef,bahcivan,standart,100,boss=don,42,,,150,110,10,16,0,14,53,38,31,21,7,2790,5105,4500,0,0,487,421,165,545,976,170,11985,51,1,49.54,3.125,1,1.901,1.406,6,0.743,3.083,23,5.43,1,1.08,1.07,1.14,1.29,100,67,87,86,63,0,0.38,0.13,0.54,0.54,20,81,0.81,0.691,5.527,659,5,126,0,keskin_bicakx3 agir_darbex1 canavar_kesimix1 kritik_gozx3,26,0,45
11,Run50_DengeV1,Hasar-değerli hedef,bahcivan,standart,100,boss=don,43,,,143,104,14,12,0,13,53,37,30,18,5,3759,8864,4500,0,0,484,337,150,689,593,320,9882,52,1,56.1,3.125,1,1.901,1.406,6,0.743,3.083,23,5.61,1,1.13,1.2,1.33,1.4,100,73,67,69,60,0,1.03,1.14,1.16,0.76,20,81,0.802,0.642,5.45,669,2,128,0,keskin_bicakx3 agir_darbex1 canavar_kesimix1 kritik_gozx3,27,0,45
11,Run50_DengeV1,Hasar-değerli hedef,bahcivan,standart,100,boss=don,44,,,117,104,2,5,0,6,39,29,26,14,9,2985,11849,4500,0,0,648,408,75,697,571,105,9404,53,1,56.1,3.125,1,1.901,1.406,6,0.743,3.194,23,5.39,1,1.07,1.16,1.08,1.78,100,88,75,90,33,0,0.33,0.68,1.32,1.48,20,81,0.839,0.679,5.45,669,4,132,0,keskin_bicakx3 agir_darbex1 canavar_kesimix1 kritik_gozx3,21,0,45
11,Run50_DengeV1,Hasar-değerli hedef,bahcivan,standart,100,boss=don,45,,,125,100,12,5,0,8,44,34,22,19,6,4899,16748,4500,4899,800,531,331,115,658,902,220,9326,54,1,56.1,3.125,1,1.841,1.461,6,0.743,3.194,24,5.08,1,1.12,1.22,1.21,1.5,100,71,71,81,67,0,1.55,1.13,0.87,1.53,20,81,0.736,0.58,5.45,669,2,134,0,keskin_bicakx3 agir_darbex1 canavar_kesimix1 kritik_gozx3,23,0,45
11,Run50_DengeV1,Hasar-değerli hedef,bahcivan,standart,100,boss=don,46,,,134,106,7,7,0,14,40,35,31,20,8,3001,3001,6000,0,0,515,424,160,793,436,270,11187,55,1,58.9,3.125,1,1.841,1.461,6,0.76,3.194,24,5.33,1,1.13,1.14,1.15,1.5,100,70,77,76,50,0,0.84,1.46,0.46,0.92,20,81,0.814,0.642,5.45,669,3,137,0,keskin_bicakx3 agir_darbex1 canavar_kesimix1 kritik_gozx3 altin_hedefx1,22,0,45
11,Run50_DengeV1,Hasar-değerli hedef,bahcivan,standart,100,boss=don,47,,,143,120,10,3,0,10,56,35,25,19,8,3895,6896,6000,0,0,628,374,155,691,550,425,11430,56,1,63.05,3.125,1,1.841,1.461,6,0.76,3.194,24,5.54,1,1.04,1.08,1.21,1.25,100,94,86,73,67,0,0.53,0.38,0.78,0.46,20,81,0.799,0.63,5.317,686,3,140,0,keskin_bicakx3 agir_darbex1 canavar_kesimix1 kritik_gozx3 altin_hedefx1,25,0,45
11,Run50_DengeV1,Hasar-değerli hedef,bahcivan,standart,100,boss=don,48,,,130,116,10,1,0,3,40,32,32,19,7,5823,12719,6000,0,0,536,396,160,967,446,255,9994,57,1,63.05,3.125,1,1.841,1.517,6,0.76,3.306,24,5.75,1,1.04,1.34,1.21,1.14,96,86,56,83,80,0,0.49,2.02,0.96,0.27,20,81,0.818,0.691,5.317,686,3,143,0,keskin_bicakx3 agir_darbex1 canavar_kesimix1 kritik_gozx3 altin_hedefx1,23,0,45
11,Run50_DengeV1,Hasar-değerli hedef,bahcivan,standart,100,boss=don,49,,,155,121,10,15,2,7,57,39,35,22,2,2597,15316,6000,0,0,540,425,131,1507,871,261,10791,57,0,63.05,3.125,1,1.841,1.517,6,0.76,3.306,24,5.75,1.03,1.07,1.13,1.19,1,88,84,79,79,100,0.05,0.37,0.69,0.44,0,20,81,0.806,0.704,5.317,686,1,144,0,keskin_bicakx3 agir_darbex1 canavar_kesimix1 kritik_gozx3 altin_hedefx1,22,0,45
11,Run50_DengeV1,Hasar-değerli hedef,bahcivan,standart,100,boss=don,50,,,122,112,8,0,1,1,25,35,35,19,8,3877,19193,6000,0,0,562,476,158,869,1347,419,13789,58,1,69.27,3.125,1,1.841,1.517,6,0.76,3.306,24,5.33,1,1.1,1.24,1.11,1,100,94,72,82,100,0,0.86,1.41,0.48,0,20,81,0.813,0.691,5.317,686,1,145,0,keskin_bicakx3 agir_darbex1 canavar_kesimix1 kritik_gozx3 altin_hedefx1,21,0,45
11,Run50_DengeV1,Hasar-değerli hedef,bahcivan,standart,100,boss=don,50,KAZANDI
12,Run50_DengeV1,Hasar-değerli hedef,bahcivan,standart,101,boss=don,1,,,13,13,0,0,0,0,12,1,0,0,0,15,15,45,0,0,28,0,0,28,0,0,270,1,0,10,1,1,3,1,5,0.3,2,12,2.25,2,3,,,,17,0,,,,3,6,,,,2,4,0.339,0,8,23,0,0,2,,4,0.351,45
12,Run50_DengeV1,Hasar-değerli hedef,bahcivan,standart,101,boss=don,2,,,12,12,0,0,0,0,6,3,3,0,0,45,60,45,0,0,24,12,0,27,12,0,330,2,1,10.67,1,1,3,1,5,0.3,2,14,2.64,2.33,2.33,3.33,,,0,0,0,,,6,4,7,,,3,5,0.541,0,8,28,1,1,1,,4,0.044,45
12,Run50_DengeV1,Hasar-değerli hedef,bahcivan,standart,101,boss=don,3,,,17,17,0,0,0,0,12,4,1,0,0,34,94,45,0,0,40,4,0,40,16,0,400,3,1,11.33,1,1,3,1,5,0.3,2,14,2.79,1.58,2.5,4,,,15,0,0,,,2.5,6,9,,,4,6,0.496,0.167,8,34,1,2,1,,5,0,45
12,Run50_DengeV1,Hasar-değerli hedef,bahcivan,standart,101,boss=don,4,,,17,17,0,0,0,0,14,3,0,0,0,23,117,45,0,0,40,0,0,40,16,0,370,4,1,11.33,1,1,3,1,5,0.3,2,14,2.86,1.71,3,,,,23,0,,,,4.5,6,,,,5,8,0.601,0.25,8,45,0,2,1,,5,0,45
12,Run50_DengeV1,Hasar-değerli hedef,bahcivan,standart,101,boss=don,5,,,19,19,0,0,0,0,14,3,2,0,0,43,160,45,43,8,40,8,0,42,24,0,450,5,1,12.67,1,1,3,1,5,0.3,2,14,2.71,1.71,2.33,3,,,27,0,0,,,2.79,4,6,,,6,9,0.379,0.111,8,51,2,4,1,,4,0.088,45
12,Run50_DengeV1,Hasar-değerli hedef,bahcivan,standart,101,boss=don,6,,,23,23,0,0,0,0,16,7,0,0,0,37,37,110,0,0,60,0,0,65,24,0,560,6,1,13.33,1,1,2.892,1,5,0.3,2.75,15,3.53,2,2.43,,,,16,0,,,,4.88,4.96,,,,6,9,0.576,0.222,7.804,52,5,9,0,agir_darbex1,5,0,45
12,Run50_DengeV1,Hasar-değerli hedef,bahcivan,standart,101,boss=don,7,,,26,26,0,0,0,0,20,6,0,0,0,38,75,110,0,0,70,0,0,72,24,0,612,7,1,14,1,1,2.892,1,5,0.3,2.75,15,3.47,1.8,2.17,,,,25,0,,,,3.91,3.37,,,,6,9,0.562,0.222,7.184,56,4,13,0,agir_darbex1,5,0,45
12,Run50_DengeV1,Hasar-değerli hedef,bahcivan,standart,101,boss=don,8,,,23,23,0,0,0,0,20,2,1,0,0,36,111,110,0,0,50,4,0,58,28,0,527,8,1,14.67,1,1,2.892,1,5,0.3,2.75,15,3.4,1.75,4,3,,,26,0,0,,,3.91,8.68,5.77,,,7,10,0.623,0.3,7.273,62,2,15,1,agir_darbex1,5,0,45
12,Run50_DengeV1,Hasar-değerli hedef,bahcivan,standart,101,boss=don,9,,,26,26,0,0,0,0,18,4,4,0,0,70,181,110,0,0,56,16,0,60,29,0,689,9,1,15.64,1,1,2.789,1,5,0.3,2.75,16,3.56,1.67,2.75,2.75,,,33,0,0,,,3.26,6.97,4.88,,,8,11,0.676,0.273,7.12,70,3,18,1,agir_darbex1,6,0,45
12,Run50_DengeV1,Hasar-değerli hedef,bahcivan,standart,101,boss=don,10,,,21,21,0,0,0,0,14,6,1,0,0,42,223,110,42,20,58,4,0,58,33,0,562,10,1,16.36,1,1,2.689,1,5,0.3,2.75,16,2.94,1.93,2,4,,,13,0,0,,,7.1,2.7,8.07,,,9,12,0.608,0.417,6.996,77,3,21,1,agir_darbex1,5,0,45
12,Run50_DengeV1,Hasar-değerli hedef,bahcivan,standart,101,boss=don,11,,,34,34,0,0,0,0,25,9,0,0,0,52,52,150,0,0,95,0,0,98,33,0,824,11,1,17.38,1,1,2.689,1,5,0.3,2.75,16,3.81,1.6,1.89,,,,31,38,,,,3.12,4.18,,,,10,13,0.639,0.308,7.077,83,1,22,1,agir_darbex1 nadir_tohumx1,7,0,45
12,Run50_DengeV1,Hasar-değerli hedef,bahcivan,standart,101,boss=don,12,,,26,26,0,0,0,0,15,4,6,1,0,126,178,150,0,0,65,24,2,70,27,2,793,12,1,18.13,1,1,2.592,1,5,0.3,2.75,17,3.59,1.6,1.75,2.83,5,,20,13,0,0,,4.84,3.23,6.91,10.4,,11,15,0.7,0.333,6.968,97,5,27,1,agir_darbex1 nadir_tohumx1,5,0,45
12,Run50_DengeV1,Hasar-değerli hedef,bahcivan,standart,101,boss=don,13,,,34,34,0,0,0,0,20,12,1,1,0,99,277,150,0,0,120,4,2,130,31,4,917,14,2,19.2,1,1,2.592,1,5,0.3,2.75,17,4,1.5,2.17,2,5,,36,13,,0,,2.99,4.76,2.6,10.37,,12,16,0.7,0.5,7.022,103,1,28,1,agir_darbex1 nadir_tohumx1,6,0,45
12,Run50_DengeV1,Hasar-değerli hedef,bahcivan,standart,101,boss=don,14,,,33,33,0,0,0,0,26,5,1,1,0,105,382,150,0,0,108,4,2,108,5,6,892,15,1,19.2,1,1,2.5,1,5,0.3,2.75,17,4.06,1.62,3,2,3,,26,0,0,0,,4.81,6,2.5,5,,14,19,0.728,0.474,6.932,123,6,34,2,agir_darbex1 nadir_tohumx1,8,0,45
12,Run50_DengeV1,Hasar-değerli hedef,bahcivan,standart,101,boss=don,15,,,34,34,0,0,0,0,28,6,0,0,0,53,435,150,53,30,120,0,0,128,5,6,870,16,1,19.2,1,1,2.5,1,5,0.3,2.75,17,3.94,1.57,2.33,,,,43,0,,,,3.57,6.67,,,,15,20,0.625,0.4,6.965,129,1,35,1,agir_darbex1 nadir_tohumx1,8,0,45
12,Run50_DengeV1,Hasar-değerli hedef,bahcivan,standart,101,boss=don,16,,,37,37,0,0,0,0,28,6,3,0,0,80,80,220,0,0,120,12,0,122,17,6,1005,17,1,20.27,1,1,2.41,1,5,0.42,2.75,18,3.78,1.43,2.17,3,,,54,0,0,,,2.75,4.02,4.81,,,17,23,0.769,0.522,7.02,147,2,37,2,agir_darbex1 nadir_tohumx1 kritik_gozx1,11,0,45
12,Run50_DengeV1,Hasar-değerli hedef,bahcivan,standart,101,boss=don,17,,,29,29,0,0,0,0,17,9,3,0,0,87,167,220,0,0,105,12,0,105,29,6,953,17,0,20.27,1,1,2.41,1.039,5,0.42,2.75,18,3.94,1.71,2.56,3.33,,,30,0,0,,,4.54,4.55,5.62,,,18,24,0.834,0.75,6.757,160,6,43,1,agir_darbex1 nadir_tohumx1 kritik_gozx1,7,0,45
12,Run50_DengeV1,Hasar-değerli hedef,bahcivan,standart,101,boss=don,18,,,34,34,0,0,0,0,22,9,2,1,0,104,271,220,0,0,120,8,2,130,12,8,1090,18,1,20.27,1,1,2.24,1.039,5,0.42,2.75,20,4,1.73,2.33,2.5,5,,32,0,0,0,,4.48,3.23,3.37,8.97,,19,25,0.802,0.64,6.616,170,5,48,1,agir_darbex1 nadir_tohumx1 kritik_gozx1,7,0,45
12,Run50_DengeV1,Hasar-değerli hedef,bahcivan,standart,101,boss=don,19,,,34,34,0,0,0,0,21,5,7,1,0,143,414,220,0,0,93,28,2,108,40,10,1288,19,1,20.27,1,1,2.16,1.078,5,0.42,2.75,20,3.7,1.43,2.4,2.71,3,,45,0,0,0,,1.85,3.89,3.71,4.33,,20,26,0.809,0.654,6.476,181,5,53,1,agir_darbex1 nadir_tohumx1 kritik_gozx1,7,0,45
12,Run50_DengeV1,Hasar-değerli hedef,bahcivan,standart,101,boss=don,20,,,35,35,0,0,0,0,22,10,3,0,0,99,513,220,99,45,126,12,0,140,52,10,1375,20,1,20.27,1,1,2.16,1.078,5,0.42,2.75,20,3.55,1.5,2.2,2.67,,,43,0,0,,,2.26,4.55,3.61,,,21,27,0.705,0.519,6.182,197,4,57,1,agir_darbex1 nadir_tohumx1 kritik_gozx1,8,0,45
12,Run50_DengeV1,Hasar-değerli hedef,bahcivan,standart,101,boss=don,21,,,40,36,0,4,0,0,25,3,12,0,0,159,159,300,0,0,93,48,0,121,75,10,1745,21,1,20.27,1,1,2.16,1.078,5,0.42,2.75,20,4.45,1.71,2.33,2.42,,,24,0,0,,,7.92,4.32,5.94,,,23,34,0.821,0.471,6.063,252,2,59,2,agir_darbex1 nadir_tohumx1 kritik_gozx1 altin_hedefx1,10,0,45
12,Run50_DengeV1,Hasar-değerli hedef,bahcivan,standart,101,boss=don,22,,,38,38,0,0,0,0,20,14,2,2,0,149,308,300,0,0,144,8,4,225,8,14,1695,22,1,20.27,1,1,2.16,1.078,5,0.42,2.75,20,4.2,1.45,2.43,2,3,,41,0,0,0,,3.89,6.95,2.17,4.33,,26,40,0.86,0.675,6.101,295,1,60,3,agir_darbex1 nadir_tohumx1 kritik_gozx1 altin_hedefx1,9,0,45
12,Run50_DengeV1,Hasar-değerli hedef,bahcivan,standart,101,boss=don,23,,,40,40,0,0,0,0,27,5,5,2,1,253,561,300,0,0,111,20,12,121,28,26,1708,23,1,24.3,1,1,2.16,1.078,5,0.42,2.75,20,4.25,1.44,2.6,2,3,3,48,0,20,0,0,3.6,3.89,2.15,4.33,4.33,27,42,0.864,0.762,6.066,312,2,62,1,agir_darbex1 nadir_tohumx1 kritik_gozx1 altin_hedefx1,9,0,45
12,Run50_DengeV1,Hasar-değerli hedef,bahcivan,standart,101,boss=don,24,,,42,42,0,0,0,0,21,13,7,1,0,164,725,300,0,0,141,35,2,142,63,28,1852,24,1,25.51,1,1,2.16,1.078,5,0.42,2.75,20,4.4,1.67,2.08,2.43,2,,45,0,14,0,,4.11,8.81,4.62,2.17,,28,43,0.874,0.767,6.078,318,2,64,1,agir_darbex1 nadir_tohumx1 kritik_gozx1 altin_hedefx1,10,0,45
12,Run50_DengeV1,Hasar-değerli hedef,bahcivan,standart,101,boss=don,25,,,35,35,0,0,0,0,17,6,7,5,0,257,982,300,257,65,87,35,10,89,73,38,1691,25,1,28.62,1,1,2.16,1.078,5,0.42,2.75,20,4.25,1.53,2,2.43,3,,44,0,0,0,,5.97,7.56,4.62,4.31,,28,44,0.792,0.636,6.051,327,1,65,2,agir_darbex1 nadir_tohumx1 kritik_gozx1 altin_hedefx1,9,0,45
12,Run50_DengeV1,Hasar-değerli hedef,bahcivan,standart,101,boss=don,26,,,55,53,1,1,0,0,26,21,5,1,2,383,383,500,0,0,249,25,11,263,38,49,2652,26,1,28.62,1,1,1.836,1.156,5,0.42,2.75,24,4.46,1.29,2.24,1.8,3,3.5,50,0,25,0,0,2.22,6.82,2.2,9.17,4.58,27,44,0.839,0.705,6.038,328,4,69,1,agir_darbex1 nadir_tohumx1 kritik_gozx1 altin_hedefx1 hizli_bilekx1,10,0,45
12,Run50_DengeV1,Hasar-değerli hedef,bahcivan,standart,101,boss=don,27,,,45,45,0,0,0,0,19,9,11,5,1,414,797,500,0,0,156,55,10,199,105,39,2287,27,1,28.62,1,1,1.836,1.156,5,0.42,2.75,24,4.33,1.37,2.22,2.45,3,4,56,0,0,0,0,3.28,3.87,3.83,5.15,5.5,27,46,0.897,0.696,6.02,344,1,70,2,agir_darbex1 nadir_tohumx1 kritik_gozx1 altin_hedefx1 hizli_bilekx1,9,0,45
12,Run50_DengeV1,Hasar-değerli hedef,bahcivan,standart,101,boss=don,28,,,46,43,2,1,0,0,18,14,12,1,1,417,1214,500,0,0,138,60,11,147,75,50,2301,28,1,29.99,1,1,1.836,1.156,5,0.42,2.75,24,4.5,1.27,2.21,2.25,2,4,31,0,0,0,0,2.69,7.87,5.81,3.67,5.5,23,47,0.887,0.702,5.887,359,3,73,3,agir_darbex1 nadir_tohumx1 kritik_gozx1 altin_hedefx1 hizli_bilekx1,12,0,45
12,Run50_DengeV1,Hasar-değerli hedef,bahcivan,standart,101,boss=don,29,,,50,50,0,0,0,0,20,12,9,7,2,674,1888,500,0,0,132,65,24,169,82,54,2627,29,1,29.99,1,1,1.836,1.156,5,0.437,2.75,24,4.67,1.55,1.92,2,2.43,3,40,0,11,0,0,3.67,6.58,4.9,6.55,3.67,19,48,0.889,0.729,5.67,381,2,75,3,agir_darbex1 nadir_tohumx1 kritik_gozx1 altin_hedefx1 hizli_bilekx1,10,0,45
12,Run50_DengeV1,Hasar-değerli hedef,bahcivan,standart,101,boss=don,30,,,50,45,4,1,0,0,14,17,12,6,1,551,2439,500,551,100,144,80,18,158,94,52,2728,30,1,33.24,1,1,1.836,1.156,5,0.437,2.75,24,4.46,1.54,2,1.92,2.6,3,27,0,14,0,0,3.53,9.05,4.43,6.62,3.67,15,49,0.798,0.653,5.476,403,2,77,3,agir_darbex1 nadir_tohumx1 kritik_gozx1 altin_hedefx1 hizli_bilekx1,10,0,45
12,Run50_DengeV1,Hasar-değerli hedef,bahcivan,standart,101,boss=don,31,,,73,70,3,0,0,0,19,18,20,10,6,1381,1381,1200,0,0,210,186,52,258,292,84,4236,32,2,34.76,1.6,1,1.836,1.156,5,0.437,2.75,24,4.63,1.31,1.72,1.3,1.4,1.5,33,37,67,67,40,2.75,3.77,2.11,1.1,0.92,13,49,0.855,0.735,5.334,413,2,79,1,agir_darbex1 nadir_tohumx1 kritik_gozx1 altin_hedefx1 hizli_bilekx1 canavar_kesimix1,13,0,45
12,Run50_DengeV1,Hasar-değerli hedef,bahcivan,standart,101,boss=don,32,,,78,75,3,0,0,0,29,20,13,12,4,1109,2490,1200,0,0,252,100,62,305,157,146,5481,33,1,34.76,1.6,1,1.778,1.194,5,0.437,2.75,25,4.44,1.3,1.26,1.23,1.75,2.25,55,72,77,50,0,3.88,1.59,0.41,2.37,2.23,13,49,0.853,0.755,5.334,413,5,84,0,agir_darbex1 nadir_tohumx1 kritik_gozx1 altin_hedefx1 hizli_bilekx1 canavar_kesimix1,12,0,45
12,Run50_DengeV1,Hasar-değerli hedef,bahcivan,standart,101,boss=don,33,,,78,62,12,4,0,0,32,20,14,11,1,772,3262,1200,0,0,216,84,46,271,216,72,4795,34,1,34.76,1.6,1,1.778,1.233,5,0.453,2.75,25,4.24,1.16,1.65,1.5,1.73,3,62,41,47,45,,2.06,3.24,2.29,1.61,3.57,13,54,0.845,0.667,5.334,456,4,88,2,agir_darbex1 nadir_tohumx1 kritik_gozx1 altin_hedefx1 hizli_bilekx1 canavar_kesimix1,19,0,45
12,Run50_DengeV1,Hasar-değerli hedef,bahcivan,standart,101,boss=don,34,,,84,72,5,7,0,0,28,23,19,10,4,1199,4461,1200,0,0,312,133,68,313,161,70,5492,36,2,38.16,1.6,1,1.778,1.233,5,0.453,2.75,25,4.44,1.05,1.21,1.35,1.5,2.5,81,56,41,55,0,0.4,2.34,1.05,1.24,4,14,58,0.822,0.586,5.277,495,3,91,2,agir_darbex1 nadir_tohumx1 kritik_gozx1 altin_hedefx1 hizli_bilekx1 canavar_kesimix1,18,0,45
12,Run50_DengeV1,Hasar-değerli hedef,bahcivan,standart,101,boss=don,35,,,69,62,5,2,0,0,23,21,16,8,1,773,5234,1200,773,220,240,112,32,268,297,62,3898,37,1,39.82,1.6,1,1.778,1.233,5,0.453,2.75,25,4.16,1.2,1.56,1.69,1.86,2,69,29,21,50,0,2.05,4.44,4.67,2.03,1.77,15,64,0.798,0.688,5.342,539,2,93,4,agir_darbex1 nadir_tohumx1 kritik_gozx1 altin_hedefx1 hizli_bilekx1 canavar_kesimix1,12,0,45
12,Run50_DengeV1,Hasar-değerli hedef,bahcivan,standart,101,boss=don,36,,,104,104,0,0,0,0,39,24,27,11,3,1354,1354,2800,0,0,351,189,58,499,268,100,5800,38,1,39.82,1.6,1,1.245,1.272,6,0.453,2.75,36,5.25,1.46,1.54,1.44,2.18,3.33,38,43,58,25,0,2.94,3.32,1.61,1.81,2.9,17,69,0.829,0.609,5.448,570,2,95,3,agir_darbex1 nadir_tohumx1 kritik_gozx1 altin_hedefx1 hizli_bilekx1 canavar_kesimix1 firtina_bilegix1,19,0,45
12,Run50_DengeV1,Hasar-değerli hedef,bahcivan,standart,101,boss=don,37,,,113,111,2,0,0,0,37,39,23,14,0,1147,2501,2800,0,0,345,161,56,494,429,91,7892,39,1,39.82,1.6,1,1.245,1.272,6,0.453,2.75,36,5.36,1.37,1.56,1.7,1.57,,50,35,36,36,,3.77,2.2,1.41,0.71,,20,74,0.837,0.757,5.567,598,2,97,3,agir_darbex1 nadir_tohumx1 kritik_gozx1 altin_hedefx1 hizli_bilekx1 canavar_kesimix1 firtina_bilegix1,20,0,45
12,Run50_DengeV1,Hasar-değerli hedef,bahcivan,standart,101,boss=don,38,,,118,106,11,1,0,0,43,30,28,13,4,1732,4233,2800,0,0,354,252,84,528,381,95,7262,41,2,39.82,1.6,1,1.206,1.272,6,0.453,2.75,37,5.19,1.09,1.61,1.67,2.58,3.25,68,24,46,8,0,0.55,3.62,2.72,2.71,2.71,23,79,0.853,0.759,5.572,638,3,100,3,agir_darbex1 nadir_tohumx1 kritik_gozx1 altin_hedefx1 hizli_bilekx1 canavar_kesimix1 firtina_bilegix1,21,0,45
12,Run50_DengeV1,Hasar-değerli hedef,bahcivan,standart,101,boss=don,39,,,129,113,11,5,0,0,38,35,36,15,5,2185,6418,2800,0,0,414,348,94,532,399,189,8597,42,1,39.82,1.6,1,1.206,1.311,6,0.47,2.75,37,5.65,1.14,1.7,1.54,2.2,2,60,23,45,0,20,1.25,3.17,1.66,2.16,1.21,24,81,0.828,0.691,5.542,658,6,106,1,agir_darbex1 nadir_tohumx1 kritik_gozx1 altin_hedefx1 hizli_bilekx1 canavar_kesimix1 firtina_bilegix1,26,0,45
12,Run50_DengeV1,Hasar-değerli hedef,bahcivan,standart,101,boss=don,40,,,99,92,5,2,0,0,26,27,27,18,1,1427,7845,2800,1427,500,240,216,109,322,615,148,5849,43,1,43.38,1.6,1,1.206,1.311,6,0.47,2.861,37,4.81,1.33,1.5,1.73,2.22,4,36,35,32,13,0,2.81,2.22,1.95,2.34,3.6,24,81,0.8,0.716,5.508,662,3,109,0,agir_darbex1 nadir_tohumx1 kritik_gozx1 altin_hedefx1 hizli_bilekx1 canavar_kesimix1 firtina_bilegix1,17,0,45
12,Run50_DengeV1,Hasar-değerli hedef,bahcivan,standart,101,boss=don,41,,,143,114,20,9,0,0,53,29,38,17,6,2252,2252,4500,0,0,477,364,104,539,419,252,8447,44,1,45.79,1.6,1,1.168,1.311,6,0.59,2.861,38,5.13,1.15,1.43,1.49,2,2.33,70,39,62,11,0,0.48,2,1.89,2.04,1.56,24,81,0.818,0.679,5.508,662,2,111,0,agir_darbex1 nadir_tohumx1 kritik_gozx2 altin_hedefx1 hizli_bilekx1 canavar_kesimix1 firtina_bilegix1,29,0,45
12,Run50_DengeV1,Hasar-değerli hedef,bahcivan,standart,101,boss=don,42,,,127,121,6,0,0,0,48,31,24,19,5,2163,4415,4500,0,0,336,256,152,445,315,209,7587,45,1,45.79,1.6,1,1.168,1.35,6,0.59,2.972,38,5.37,1.21,1.7,1.42,1.95,2.6,60,33,55,14,0,1.74,5.13,1.75,2.09,2.8,24,81,0.842,0.741,5.508,662,5,116,0,agir_darbex1 nadir_tohumx1 kritik_gozx2 altin_hedefx1 hizli_bilekx1 canavar_kesimix1 firtina_bilegix1,23,0,45
12,Run50_DengeV1,Hasar-değerli hedef,bahcivan,standart,101,boss=don,43,,,130,115,14,1,0,0,46,33,23,21,7,2491,6906,4500,0,0,672,184,105,827,499,314,8541,46,1,45.79,1.6,1,1.168,1.35,6,0.607,2.972,38,5.21,1.33,1.27,1.43,1.65,2.14,47,60,50,18,11,2.48,0.94,1.47,1.34,1.67,24,81,0.841,0.716,5.508,662,1,117,0,agir_darbex1 nadir_tohumx1 kritik_gozx2 altin_hedefx1 hizli_bilekx1 canavar_kesimix1 firtina_bilegix1,23,0,45
12,Run50_DengeV1,Hasar-değerli hedef,bahcivan,standart,101,boss=don,44,,,119,107,9,3,0,0,37,27,23,25,7,2703,9609,4500,0,0,404,248,182,531,747,256,7407,47,1,49.54,1.6,1,1.168,1.406,6,0.607,3.083,38,4.76,1.17,1.46,1.24,1.96,2.14,47,41,71,5,0,0.89,1.35,0.39,1.6,1.33,24,81,0.864,0.728,5.478,665,4,121,0,agir_darbex1 nadir_tohumx1 kritik_gozx2 altin_hedefx1 hizli_bilekx1 canavar_kesimix1 firtina_bilegix1,25,0,45
12,Run50_DengeV1,Hasar-değerli hedef,bahcivan,standart,101,boss=don,45,,,114,100,7,7,0,0,36,27,24,22,5,2605,12214,4500,2605,800,453,251,130,594,278,291,6696,48,1,52.15,1.6,1,1.131,1.406,6,0.607,3.083,39,4.59,1.46,1.54,1.43,2.09,2.4,55,47,50,14,0,2.48,2.17,1.18,2.21,2.27,24,81,0.788,0.58,5.478,665,4,125,0,agir_darbex1 nadir_tohumx1 kritik_gozx2 altin_hedefx1 hizli_bilekx1 canavar_kesimix1 firtina_bilegix1,22,0,45
12,Run50_DengeV1,Hasar-değerli hedef,bahcivan,standart,101,boss=don,46,,,134,121,7,6,0,0,38,41,32,20,3,3040,3040,6000,0,0,401,320,160,580,598,161,8115,49,1,52.15,1.6,1,1.131,1.406,6,0.623,3.194,39,5.18,1.06,1.49,1.7,1.89,2.33,88,41,50,5,0,0.17,2.72,3.05,1.38,1.51,24,81,0.832,0.593,5.478,665,3,128,0,agir_darbex1 nadir_tohumx2 kritik_gozx2 altin_hedefx1 hizli_bilekx1 canavar_kesimix1 firtina_bilegix1,21,0,45
12,Run50_DengeV1,Hasar-değerli hedef,bahcivan,standart,101,boss=don,47,,,142,132,9,1,0,0,40,39,42,17,4,2328,5368,6000,0,0,393,572,85,633,740,136,9207,50,1,56.1,1.6,1,1.131,1.406,6,0.623,3.194,39,5.21,1.15,1.4,1.4,1.47,2.25,64,46,59,53,25,1.06,1.49,1.08,0.8,1.41,24,81,0.832,0.704,5.434,671,3,131,0,agir_darbex1 nadir_tohumx2 kritik_gozx2 altin_hedefx1 hizli_bilekx1 canavar_kesimix1 firtina_bilegix1,27,0,45
12,Run50_DengeV1,Hasar-değerli hedef,bahcivan,standart,101,boss=don,48,,,133,126,2,5,0,0,39,37,31,21,5,2517,7885,6000,0,0,525,386,125,868,1126,261,7909,51,1,56.1,1.6,1,1.131,1.406,6,0.623,3.194,39,5.28,1.18,1.33,1.27,2.05,3,58,52,71,13,0,1.33,1.16,1.21,2.37,2.72,24,81,0.843,0.691,5.434,671,1,132,0,agir_darbex1 nadir_tohumx2 kritik_gozx2 altin_hedefx1 hizli_bilekx1 canavar_kesimix1 firtina_bilegix1,24,0,45
12,Run50_DengeV1,Hasar-değerli hedef,bahcivan,standart,101,boss=don,49,,,116,105,9,2,0,0,34,30,28,15,9,5687,13572,6000,0,0,456,432,135,764,668,396,6854,51,0,58.9,1.6,1,1.131,1.461,6,0.623,3.194,39,5.05,1.3,1.57,1.63,2,2.44,50,35,39,9,0,1.59,2.38,1.88,2.02,2.01,24,81,0.862,0.765,5.434,671,3,135,0,agir_darbex1 nadir_tohumx2 kritik_gozx2 altin_hedefx1 hizli_bilekx1 canavar_kesimix1 firtina_bilegix1,22,0,45
12,Run50_DengeV1,Hasar-değerli hedef,bahcivan,standart,101,boss=don,50,,,141,137,4,0,0,0,46,23,44,21,7,4504,18076,6000,0,0,565,554,105,589,962,171,9003,52,1,58.9,1.6,1,1.095,1.461,6,0.64,3.306,41,5.34,1.2,1.41,1.47,1.76,2.43,65,50,53,18,0,1.57,1.15,1.7,1.56,1.88,24,81,0.845,0.716,5.301,688,4,139,0,agir_darbex1 nadir_tohumx2 kritik_gozx2 altin_hedefx1 hizli_bilekx1 canavar_kesimix1 firtina_bilegix1,25,0,45
12,Run50_DengeV1,Hasar-değerli hedef,bahcivan,standart,101,boss=don,50,KAZANDI
13,Run50_DengeV1,Hasar-değerli hedef,bahcivan,standart,100,boss=shell,1,,,13,13,0,0,0,0,12,1,0,0,0,15,15,45,0,0,28,0,0,28,0,0,270,1,0,10,1,1,3,1,5,0.3,2,13,2.08,1.83,3,,,,21,0,,,,2.5,6,,,,2,4,0.346,0,8,23,0,0,2,,3,0.205,45
13,Run50_DengeV1,Hasar-değerli hedef,bahcivan,standart,100,boss=shell,2,,,14,14,0,0,0,0,11,1,1,1,0,54,69,45,0,0,26,4,2,29,4,2,340,2,1,10.67,1,1,3,1,5,0.3,2,14,2.71,2.18,3,4,5,,0,0,0,0,,3.55,6,9,12,,3,5,0.483,0,8,28,1,1,1,,3,0.044,45
13,Run50_DengeV1,Hasar-değerli hedef,bahcivan,standart,100,boss=shell,3,,,20,20,0,0,0,0,16,2,2,0,0,42,111,45,0,0,40,8,0,42,12,2,460,3,1,11.33,1,1,3,1,5,0.3,2,14,2.93,1.81,2.5,3,,,20,0,0,,,3.56,4.5,6,,,4,6,0.413,0,8,34,1,2,1,,5,0.089,45
13,Run50_DengeV1,Hasar-değerli hedef,bahcivan,standart,100,boss=shell,4,,,19,19,0,0,0,0,16,3,0,0,0,25,136,45,0,0,44,0,0,46,12,2,410,4,1,11.33,1,1,3,1,5,0.3,2,14,3.21,1.81,2.67,,,,18,0,,,,3.94,5,,,,5,8,0.518,0.125,8,45,0,2,1,,4,0.008,45
13,Run50_DengeV1,Hasar-değerli hedef,bahcivan,standart,100,boss=shell,5,,,17,17,0,0,0,0,14,2,0,1,0,50,186,45,50,8,36,0,2,37,12,4,390,5,1,12.67,1,1,3,1,5,0.3,2,14,3.29,1.57,4,,4,,8,0,0,0,,4.5,9,,9,,6,9,0.666,0.333,8,51,3,5,1,,5,0,45
13,Run50_DengeV1,Hasar-değerli hedef,bahcivan,standart,100,boss=shell,6,,,28,28,0,0,0,0,20,6,2,0,0,58,58,110,0,0,64,8,0,71,20,4,698,6,1,13.33,1.25,1,2.892,1,5,0.3,2,15,3.27,1.5,2,2,,,27,14,0,,,2.46,4.34,2.9,,,6,9,0.464,0,7.804,52,4,9,0,keskin_bicakx1,7,0.133,45
13,Run50_DengeV1,Hasar-değerli hedef,bahcivan,standart,100,boss=shell,7,,,27,27,0,0,0,0,21,6,0,0,0,39,97,110,0,0,72,0,0,80,20,4,633,8,2,14,1.25,1,2.892,1,5,0.3,2,15,3.33,1.52,2.33,,,,39,0,,,,3.31,3.85,,,,6,9,0.501,0.222,7.804,52,4,13,0,keskin_bicakx1,5,0,45
13,Run50_DengeV1,Hasar-değerli hedef,bahcivan,standart,100,boss=shell,8,,,27,27,0,0,0,0,19,4,3,1,0,92,189,110,0,0,58,12,2,58,32,6,709,9,1,14,1.25,1,2.892,1,5,0.3,2,15,3.67,1.58,1.75,2.67,4,,26,0,0,0,,3.96,7.96,4.82,8.67,,8,13,0.586,0.231,7.804,75,0,13,2,keskin_bicakx1,6,0,45
13,Run50_DengeV1,Hasar-değerli hedef,bahcivan,standart,100,boss=shell,9,,,28,28,0,0,0,0,18,7,3,0,0,69,258,110,0,0,71,12,0,95,44,6,731,10,1,14.67,1.25,1,2.892,1,5,0.3,2,15,4,1.39,2.43,3,,,38,0,0,,,1.93,8.26,5.8,,,9,14,0.665,0.357,7.804,81,1,14,1,keskin_bicakx1,6,0,45
13,Run50_DengeV1,Hasar-değerli hedef,bahcivan,standart,100,boss=shell,10,,,23,23,0,0,0,0,13,7,2,1,0,84,342,110,84,20,61,8,2,61,37,8,636,11,1,15.64,1.25,1,2.892,1,5,0.3,2,15,3.6,1.54,2.14,2.5,4,,18,0,0,0,,5.12,5.78,4.33,8.67,,10,16,0.744,0.5,7.804,92,3,17,1,keskin_bicakx1,6,0,45
13,Run50_DengeV1,Hasar-değerli hedef,bahcivan,standart,100,boss=shell,11,,,35,35,0,0,0,0,22,5,6,2,0,157,157,150,0,0,69,24,4,73,61,12,986,12,1,16.36,1.25,1,2.689,1,5,0.3,2.75,16,3.94,1.41,1.8,1.83,2.5,,41,50,0,0,,2.45,3.23,2.24,4.02,,10,16,0.626,0.313,7.613,95,5,22,0,keskin_bicakx1 agir_darbex1,7,0,45
13,Run50_DengeV1,Hasar-değerli hedef,bahcivan,standart,100,boss=shell,12,,,32,32,0,0,0,0,21,8,3,0,0,75,232,150,0,0,82,12,0,83,43,12,867,13,1,18.13,1.25,1,2.689,1,5,0.3,2.75,16,3.81,1.57,2.13,2,,,24,22,0,,,3.46,3.35,2.69,,,11,17,0.687,0.471,7.613,100,3,25,1,keskin_bicakx1 agir_darbex1,7,0,45
13,Run50_DengeV1,Hasar-değerli hedef,bahcivan,standart,100,boss=shell,13,,,37,37,0,0,0,0,28,8,1,0,0,65,297,150,0,0,124,4,0,131,17,12,1055,15,2,18.13,1.25,1,2.592,1,5,0.3,2.75,17,4.06,1.57,1.75,4,,,29,33,0,,,2.78,2.93,7.8,,,12,19,0.664,0.421,7.613,112,4,29,1,keskin_bicakx1 agir_darbex1,7,0,45
13,Run50_DengeV1,Hasar-değerli hedef,bahcivan,standart,100,boss=shell,14,,,33,33,0,0,0,0,22,10,1,0,0,66,363,150,0,0,116,4,0,119,21,12,964,16,1,19.2,1.25,1,2.592,1,5,0.3,2.75,17,3.94,1.55,2.2,3,,,26,10,0,,,4,4.14,5.2,,,14,22,0.725,0.5,7.427,133,3,32,2,keskin_bicakx1 agir_darbex1,6,0,45
13,Run50_DengeV1,Hasar-değerli hedef,bahcivan,standart,100,boss=shell,15,,,30,30,0,0,0,0,19,8,3,0,0,78,441,150,78,30,97,12,0,102,33,12,870,16,0,19.2,1.25,1,2.5,1,5,0.3,2.75,17,4.29,1.58,3.25,3,,,23,0,0,,,4.21,10.63,5,,,15,23,0.78,0.652,7.427,139,2,34,1,keskin_bicakx1 agir_darbex1,8,0,45
13,Run50_DengeV1,Hasar-değerli hedef,bahcivan,standart,100,boss=shell,16,,,45,45,0,0,0,0,32,10,1,2,0,137,137,220,0,0,156,4,4,168,12,16,1308,18,2,20.27,1.563,1,2.5,1,5,0.3,2.75,17,4.35,1.44,1.5,1,3,,33,44,100,0,,3.52,1.75,0,5,,16,24,0.696,0.583,7.427,145,3,37,1,keskin_bicakx2 agir_darbex1,10,0,45
13,Run50_DengeV1,Hasar-değerli hedef,bahcivan,standart,100,boss=shell,17,,,28,28,0,0,0,0,13,5,9,0,1,220,357,220,0,0,112,36,0,125,48,16,1047,19,1,20.27,1.563,1,2.41,1,5,0.3,2.75,18,3.67,1.69,2,1.89,,5,5,29,40,,0,8.34,7.71,5.09,,9.63,17,27,0.826,0.704,7.245,168,5,42,1,keskin_bicakx2 agir_darbex1,7,0,45
13,Run50_DengeV1,Hasar-değerli hedef,bahcivan,standart,100,boss=shell,18,,,41,41,0,0,0,0,26,9,5,1,0,137,494,220,0,0,132,20,2,135,68,18,1510,20,1,20.27,1.563,1,2.324,1.039,5,0.3,2.75,19,3.84,1.38,1.67,2.4,3,,32,25,0,0,,2.86,5.68,5.11,4.67,,18,28,0.773,0.571,7.067,178,6,48,1,keskin_bicakx2 agir_darbex1,9,0,45
13,Run50_DengeV1,Hasar-değerli hedef,bahcivan,standart,100,boss=shell,19,,,49,49,0,0,0,0,35,7,6,1,0,154,648,220,0,0,147,24,2,182,67,20,1908,21,1,23.08,1.563,1,2.324,1.039,5,0.3,2.75,19,4.16,1.4,1.71,1.67,2,,42,25,40,0,,2.79,4.32,1.56,2.3,,18,29,0.735,0.586,7.067,185,1,49,2,keskin_bicakx2 agir_darbex1,9,0,45
13,Run50_DengeV1,Hasar-değerli hedef,bahcivan,standart,100,boss=shell,20,,,40,40,0,0,0,0,18,14,6,1,1,268,916,220,268,45,162,35,10,195,77,30,1861,22,1,24.3,1.563,1,2.24,1.078,5,0.3,2.75,20,3.8,1.44,1.86,2.17,2,2,44,42,33,0,0,2.49,5.6,2.62,2.23,2.23,17,30,0.777,0.567,6.894,196,6,55,2,keskin_bicakx2 agir_darbex1,9,0,45
13,Run50_DengeV1,Hasar-değerli hedef,bahcivan,standart,100,boss=shell,21,,,49,49,0,0,0,0,26,12,9,2,0,252,252,300,0,0,162,50,6,178,67,36,2134,23,1,25.51,1.953,1,2.16,1.117,5,0.3,2.75,20,4,1.15,1.58,2.44,1.5,,63,42,11,33,,0.91,2.52,5.76,2.15,,17,33,0.766,0.636,6.725,221,6,61,2,keskin_bicakx3 agir_darbex1,9,0,45
13,Run50_DengeV1,Hasar-değerli hedef,bahcivan,standart,100,boss=shell,22,,,64,55,8,1,0,0,42,11,4,6,1,411,663,300,0,0,222,25,21,222,67,57,2775,25,2,28.62,1.953,1,2.16,1.117,5,0.3,2.75,20,4,1.06,1.73,1.75,2.17,1,88,20,25,0,100,0.59,6.09,3.78,2.52,0,17,36,0.74,0.5,6.725,241,2,63,2,keskin_bicakx3 agir_darbex1,15,0,45
13,Run50_DengeV1,Hasar-değerli hedef,bahcivan,standart,100,boss=shell,23,,,53,53,0,0,0,0,18,17,14,4,0,343,1006,300,0,0,168,75,8,190,129,45,2990,26,1,28.62,1.953,1,2.16,1.117,5,0.3,2.75,20,4,1.11,1.47,1.86,1.5,,87,40,33,100,,1.08,3.56,6.02,1.08,,17,40,0.767,0.35,6.725,268,1,64,3,keskin_bicakx3 agir_darbex1,10,0,45
13,Run50_DengeV1,Hasar-değerli hedef,bahcivan,standart,100,boss=shell,24,,,53,50,0,3,0,0,20,13,13,5,2,556,1562,300,0,0,144,70,28,149,71,53,3316,28,2,29.99,1.953,1,2.16,1.194,5,0.3,2.75,20,4.25,1.05,1.54,1.82,2.2,3,87,42,21,20,0,1.02,3.49,2.15,2.6,4.33,17,46,0.808,0.522,6.4,323,8,72,4,keskin_bicakx3 agir_darbex1,10,0,45
13,Run50_DengeV1,Hasar-değerli hedef,bahcivan,standart,100,boss=shell,25,,,50,48,0,1,0,1,17,13,7,9,4,911,2473,300,911,65,270,35,32,368,73,65,3445,29,1,29.99,1.953,1,2.16,1.194,5,0.3,2.75,20,4.45,1.13,1.46,1.71,2.44,2,62,43,25,13,0,0.72,2.33,2.16,5.04,3.24,18,49,0.84,0.694,6.4,345,2,74,3,keskin_bicakx3 agir_darbex1,10,0,45
13,Run50_DengeV1,Hasar-değerli hedef,bahcivan,standart,100,boss=shell,26,,,69,68,0,1,0,0,25,22,16,4,2,703,703,500,0,0,318,95,12,396,137,37,4010,30,1,29.99,3.125,1,2.16,1.194,5,0.317,2.75,20,4.1,1,1.14,1.31,1,1,100,61,65,75,100,0,0.78,1.62,0,0,14,49,0.781,0.653,6.4,345,3,77,2,keskin_bicakx3 agir_darbex1 canavar_kesimix1,13,0,45
13,Run50_DengeV1,Hasar-değerli hedef,bahcivan,standart,100,boss=shell,27,,,77,72,0,5,0,0,34,19,14,5,5,2438,3141,500,0,0,369,96,48,440,233,85,4860,32,2,34.76,3.125,1,2.16,1.194,5,0.317,2.75,20,4.35,1,1.06,1.43,1.2,1.8,100,83,50,75,20,0,1.14,3.39,0.43,1.73,14,49,0.784,0.694,6.4,345,3,80,0,keskin_bicakx3 agir_darbex1 canavar_kesimix1,15,0,45
13,Run50_DengeV1,Hasar-değerli hedef,bahcivan,standart,100,boss=shell,28,,,86,77,2,3,0,4,36,24,13,12,1,1663,4804,500,0,0,276,84,50,306,117,135,5155,33,1,34.76,3.125,1,2.092,1.194,5,0.333,2.75,21,4.62,1,1.18,1.54,1.42,1,100,71,38,50,100,0,0.95,3.54,1.23,0,14,49,0.767,0.714,6.076,363,4,84,0,keskin_bicakx3 agir_darbex1 canavar_kesimix1,15,0,45
13,Run50_DengeV1,Hasar-değerli hedef,bahcivan,standart,100,boss=shell,29,,,87,74,13,0,0,0,40,22,12,10,3,1584,6388,500,0,0,357,107,33,453,199,68,4855,35,2,38.16,3.125,1,2.092,1.194,5,0.333,2.75,21,4.43,1,1.05,1.58,1.4,1.67,100,95,42,44,33,0,0.52,3.66,0.84,1.4,13,51,0.789,0.706,6.063,378,2,86,1,keskin_bicakx3 agir_darbex1 canavar_kesimix1,17,0,45
13,Run50_DengeV1,Hasar-değerli hedef,bahcivan,standart,100,boss=shell,30,,,93,90,3,0,0,0,30,26,19,12,6,2094,8482,500,2094,100,303,229,47,316,452,75,6045,36,1,39.82,3.125,1,2.092,1.272,6,0.333,2.75,21,5.29,1,1.04,1.26,1.27,1.5,100,84,59,64,67,0,0.09,1.32,0.95,1.04,15,59,0.77,0.525,6.087,436,4,90,4,keskin_bicakx3 agir_darbex1 canavar_kesimix1,17,0,45
13,Run50_DengeV1,Hasar-değerli hedef,bahcivan,standart,100,boss=shell,31,,,97,91,4,0,0,2,30,22,27,13,5,1862,1862,1200,0,0,270,253,63,286,422,68,6552,37,1,39.82,3.125,1,2.092,1.272,6,0.453,2.75,21,5.48,1,1.24,1.3,1.38,1.2,100,70,56,62,80,0,1.29,2.17,1.12,0.42,17,64,0.803,0.719,6.106,472,4,94,3,keskin_bicakx3 agir_darbex1 canavar_kesimix1 kritik_gozx1,18,0,45
13,Run50_DengeV1,Hasar-değerli hedef,bahcivan,standart,100,boss=shell,32,,,114,103,10,1,0,0,44,27,23,16,4,2878,4740,1200,0,0,333,263,108,369,305,111,7202,39,2,39.82,3.125,1,2.026,1.272,6,0.453,2.75,22,5.64,1,1.12,1.39,1.25,1,100,83,43,69,100,0,0.97,3.26,0.63,0,18,66,0.774,0.591,6.113,486,4,98,1,keskin_bicakx3 agir_darbex1 canavar_kesimix1 kritik_gozx1,23,0,45
13,Run50_DengeV1,Hasar-değerli hedef,bahcivan,standart,100,boss=shell,33,,,105,87,18,0,0,0,40,28,16,17,4,2908,7648,1200,0,0,411,126,118,470,131,229,6304,40,1,39.82,3.125,1,2.026,1.272,6,0.47,2.75,22,5.14,1,1.25,1.38,1.53,1.25,100,70,47,41,75,0,1.01,1.77,2.98,0.51,19,69,0.79,0.623,6.12,507,4,102,1,keskin_bicakx3 agir_darbex1 canavar_kesimix1 kritik_gozx1,23,0,45
13,Run50_DengeV1,Hasar-değerli hedef,bahcivan,standart,100,boss=shell,34,,,98,87,5,2,0,4,47,19,18,11,3,1382,9030,1200,0,0,411,133,44,501,264,123,5968,41,1,43.38,3.125,1,2.026,1.272,6,0.47,2.861,22,5.45,1,1.28,1.44,1.64,2.33,100,48,31,36,0,0,2.93,4.28,1.85,2.71,22,74,0.817,0.716,6.137,543,2,104,3,keskin_bicakx3 agir_darbex1 canavar_kesimix1 kritik_gozx1,17,0,45
13,Run50_DengeV1,Hasar-değerli hedef,bahcivan,standart,100,boss=shell,35,,,85,78,7,0,0,0,26,20,26,11,2,1617,10647,1200,1617,220,267,232,74,348,376,197,5792,42,1,43.38,3.125,1,2.026,1.311,6,0.47,2.861,22,5.59,1.32,1.16,1.4,2.3,1,58,50,61,10,100,2.76,1.07,4.05,6.69,0,25,79,0.843,0.734,6.15,578,4,108,3,keskin_bicakx3 agir_darbex1 canavar_kesimix1 kritik_gozx1,17,0,45
13,Run50_DengeV1,Hasar-değerli hedef,bahcivan,standart,100,boss=shell,36,,,109,97,12,0,0,0,42,33,17,14,3,2211,2211,2800,0,0,411,208,64,459,584,66,7127,43,1,43.38,3.125,1,1.962,1.311,6,0.59,2.972,22,5.23,1,1.13,1.24,1.29,1.33,100,75,71,69,67,0,1.23,1.5,0.98,0.66,27,81,0.824,0.679,6.033,604,2,110,2,keskin_bicakx3 agir_darbex1 canavar_kesimix1 kritik_gozx2,23,0,45
13,Run50_DengeV1,Hasar-değerli hedef,bahcivan,standart,100,boss=shell,37,,,107,99,8,0,0,0,39,31,22,12,3,2625,4836,2800,0,0,336,266,82,365,290,148,6951,44,1,45.79,3.125,1,1.962,1.35,6,0.59,2.972,22,5.64,1,1.28,1.33,1.33,1,100,59,62,67,100,0,1.96,1.59,0.66,0,27,81,0.839,0.679,6.033,604,4,114,0,keskin_bicakx3 agir_darbex1 canavar_kesimix1 kritik_gozx2,20,0,45
13,Run50_DengeV1,Hasar-değerli hedef,bahcivan,standart,100,boss=shell,38,,,112,101,5,6,0,0,47,27,23,9,6,1807,6643,2800,0,0,405,280,88,480,570,156,7893,45,1,45.79,3.125,1,1.962,1.35,6,0.607,2.972,22,5.64,1,1.19,1.22,1.33,1.5,100,68,68,67,60,0,1.03,1.45,1.53,1.63,27,81,0.821,0.741,5.99,609,2,116,0,keskin_bicakx3 agir_darbex1 canavar_kesimix1 kritik_gozx2,18,0,45
13,Run50_DengeV1,Hasar-değerli hedef,bahcivan,standart,100,boss=shell,39,,,100,96,3,1,0,0,37,23,23,14,3,2047,8690,2800,0,0,276,296,80,456,506,236,6959,46,1,49.54,3.125,1,1.962,1.35,6,0.607,2.972,22,5.27,1,1.05,1.22,1.57,1,100,87,70,53,100,0,0.19,1.54,1.55,0,27,81,0.852,0.753,5.99,609,2,118,0,keskin_bicakx3 agir_darbex1 canavar_kesimix1 kritik_gozx2,17,0,45
13,Run50_DengeV1,Hasar-değerli hedef,bahcivan,standart,100,boss=shell,40,,,116,104,12,0,0,0,43,27,27,14,5,2470,11160,2800,2470,500,478,352,80,534,858,316,7766,47,1,49.54,3.125,1,1.962,1.406,6,0.607,2.972,22,5.73,1.03,1.08,1.07,1.57,1,82,83,96,62,100,0.06,0.53,0.73,3.08,0,27,81,0.816,0.704,5.865,622,2,120,0,keskin_bicakx3 agir_darbex1 canavar_kesimix1 kritik_gozx2,22,0,45
13,Run50_DengeV1,Hasar-değerli hedef,bahcivan,standart,100,boss=shell,41,,,123,123,0,0,0,0,45,29,32,14,3,2201,2201,4500,0,0,417,372,80,561,510,156,8333,48,1,52.15,3.125,1,1.901,1.406,6,0.727,3.083,23,5.74,1,1.07,1.09,1,1,100,88,85,93,100,0,0.59,0.42,0,0,27,81,0.813,0.716,5.865,622,4,124,0,keskin_bicakx3 agir_darbex1 canavar_kesimix1 kritik_gozx3,18,0,45
13,Run50_DengeV1,Hasar-değerli hedef,bahcivan,standart,100,boss=shell,42,,,136,117,16,1,0,2,64,28,31,10,3,1755,3956,4500,0,0,446,330,100,592,410,161,8401,49,1,52.15,3.125,1,1.901,1.406,6,0.743,3.083,23,5.78,1,1.13,1.19,1.2,1,100,82,70,78,100,0,0.74,1.59,0.76,0,27,81,0.801,0.642,5.865,622,4,128,0,keskin_bicakx3 agir_darbex1 canavar_kesimix1 kritik_gozx3,26,0,45
13,Run50_DengeV1,Hasar-değerli hedef,bahcivan,standart,100,boss=shell,43,,,144,117,27,0,0,0,63,31,27,19,4,1871,5827,4500,0,0,475,364,120,727,774,281,9542,50,1,56.1,3.125,1,1.901,1.406,6,0.743,3.083,23,5.57,1.03,1,1.07,1.26,1,97,92,92,84,100,0.1,0,0.28,0.5,0,27,81,0.787,0.667,5.865,622,1,129,0,keskin_bicakx3 agir_darbex1 canavar_kesimix1 kritik_gozx3,23,0,45
13,Run50_DengeV1,Hasar-değerli hedef,bahcivan,standart,100,boss=shell,44,,,119,108,11,0,0,0,39,29,29,18,4,2052,7879,4500,0,0,435,431,100,522,1205,381,8389,51,1,56.1,3.125,1,1.901,1.406,6,0.743,3.083,23,5.61,1,1.21,1.21,1.17,1.75,100,75,74,83,40,0,1.97,1.9,0.32,1.42,27,81,0.816,0.704,5.865,622,2,131,0,keskin_bicakx3 agir_darbex1 canavar_kesimix1 kritik_gozx3,19,0,45
13,Run50_DengeV1,Hasar-değerli hedef,bahcivan,standart,100,boss=shell,45,,,94,93,0,1,0,0,25,23,27,12,7,2297,10176,4500,2297,800,445,438,60,757,493,151,7269,52,1,58.9,3.125,1,1.901,1.461,6,0.743,3.194,23,5.3,1.13,1.13,1.26,1.58,1.43,81,80,80,42,43,1.27,0.99,1.69,2.37,0.81,27,81,0.851,0.765,5.721,637,4,135,0,keskin_bicakx3 agir_darbex1 canavar_kesimix1 kritik_gozx3,17,0,45
13,Run50_DengeV1,Hasar-değerli hedef,bahcivan,standart,100,boss=shell,46,,,112,110,0,2,0,0,37,28,25,15,7,3609,3609,6000,0,0,587,412,95,604,905,136,7659,52,0,58.9,3.125,1,1.841,1.461,6,0.76,3.194,24,5.33,1,1.04,1.2,1.33,1.43,100,84,71,67,67,0,0.26,1.4,0.86,0.79,27,81,0.828,0.741,5.721,637,3,138,0,keskin_bicakx3 agir_darbex1 canavar_kesimix1 kritik_gozx3 altin_hedefx1,17,0,45
13,Run50_DengeV1,Hasar-değerli hedef,bahcivan,standart,100,boss=shell,47,,,121,110,7,1,0,3,48,27,29,13,4,3315,6924,6000,0,0,489,404,85,713,809,221,8057,53,1,63.05,3.125,1,1.841,1.461,6,0.76,3.194,24,5.42,1.05,1.15,1.11,1.38,1.5,94,78,76,62,75,0.42,1.23,0.55,1.28,1.38,27,81,0.838,0.716,5.721,637,2,140,0,keskin_bicakx3 agir_darbex1 canavar_kesimix1 kritik_gozx3 altin_hedefx1,19,0,45
13,Run50_DengeV1,Hasar-değerli hedef,bahcivan,standart,100,boss=shell,48,,,127,117,4,6,0,0,50,36,25,15,1,3245,10169,6000,0,0,540,308,90,643,1117,311,8211,54,1,63.05,3.125,1,1.841,1.517,6,0.76,3.194,24,5.5,1.03,1.11,1.12,1.2,1,91,84,87,80,100,0.18,1.38,0.59,0.86,0,27,81,0.816,0.679,5.721,637,2,142,0,keskin_bicakx3 agir_darbex1 canavar_kesimix1 kritik_gozx3 altin_hedefx1,21,0,45
13,Run50_DengeV1,Hasar-değerli hedef,bahcivan,standart,100,boss=shell,49,,,130,118,8,2,0,2,44,36,21,25,4,2667,12836,6000,0,0,508,296,165,1151,313,476,9465,55,1,66.05,3.125,1,1.841,1.517,6,0.76,3.194,24,5.5,1,1.03,1.33,1.16,1,100,94,67,84,100,0,0.2,1.84,0.29,0,27,81,0.802,0.691,5.666,643,1,143,0,keskin_bicakx3 agir_darbex1 canavar_kesimix1 kritik_gozx3 altin_hedefx1,22,0,45
13,Run50_DengeV1,Hasar-değerli hedef,bahcivan,standart,100,boss=shell,50,,,115,110,2,0,0,3,32,31,33,15,4,2014,14850,6000,0,0,508,414,96,1659,727,117,8335,55,0,66.05,3.125,1,1.841,1.517,6,0.76,3.306,24,5.42,1.07,1.17,1.12,1.13,1.25,92,69,81,87,75,0.33,1.59,0.56,0.25,0.46,27,81,0.847,0.741,5.645,646,2,145,0,keskin_bicakx3 agir_darbex1 canavar_kesimix1 kritik_gozx3 altin_hedefx1,17,0,45
13,Run50_DengeV1,Hasar-değerli hedef,bahcivan,standart,100,boss=shell,50,KAZANDI
14,Run50_DengeV1,Hasar-değerli hedef,bahcivan,standart,101,boss=shell,1,,,13,13,0,0,0,0,12,1,0,0,0,15,15,45,0,0,28,0,0,28,0,0,270,1,0,10,1,1,3,1,5,0.3,2,12,2.25,2,3,,,,17,0,,,,3,6,,,,2,4,0.339,0,8,23,0,0,2,,4,0.351,45
14,Run50_DengeV1,Hasar-değerli hedef,bahcivan,standart,101,boss=shell,2,,,12,12,0,0,0,0,6,3,3,0,0,45,60,45,0,0,24,12,0,27,12,0,330,2,1,10.67,1,1,3,1,5,0.3,2,14,2.64,2.33,2.33,3.33,,,0,0,0,,,6,4,7,,,3,5,0.541,0,8,28,1,1,1,,4,0.044,45
14,Run50_DengeV1,Hasar-değerli hedef,bahcivan,standart,101,boss=shell,3,,,17,17,0,0,0,0,12,4,1,0,0,34,94,45,0,0,40,4,0,40,16,0,400,3,1,11.33,1,1,3,1,5,0.3,2,14,2.79,1.58,2.5,4,,,15,0,0,,,2.5,6,9,,,4,6,0.496,0.167,8,34,1,2,1,,5,0,45
14,Run50_DengeV1,Hasar-değerli hedef,bahcivan,standart,101,boss=shell,4,,,17,17,0,0,0,0,14,3,0,0,0,23,117,45,0,0,40,0,0,40,16,0,370,4,1,11.33,1,1,3,1,5,0.3,2,14,2.86,1.71,3,,,,23,0,,,,4.5,6,,,,5,8,0.601,0.25,8,45,0,2,1,,5,0,45
14,Run50_DengeV1,Hasar-değerli hedef,bahcivan,standart,101,boss=shell,5,,,20,20,0,0,0,0,13,6,1,0,0,41,158,45,41,8,50,4,0,52,20,0,480,5,1,12.67,1,1,3,1,5,0.3,2,14,3.5,1.62,3.17,3,,,15,0,0,,,3.69,9.5,6,,,6,9,0.614,0.333,8,51,2,4,1,,4,0,45
14,Run50_DengeV1,Hasar-değerli hedef,bahcivan,standart,101,boss=shell,6,,,26,26,0,0,0,0,21,3,1,1,0,70,70,110,0,0,54,4,2,58,24,2,600,6,1,13.33,1,1,3,1,5,0.3,2.75,14,3.5,1.52,1.67,2,4,,37,25,0,0,,2.14,2,3,9,,6,9,0.515,0.111,7.686,53,3,7,0,agir_darbex1,5,0.044,45
14,Run50_DengeV1,Hasar-değerli hedef,bahcivan,standart,101,boss=shell,7,,,19,19,0,0,0,0,13,6,0,0,0,31,101,110,0,0,50,0,0,59,24,2,440,7,1,13.33,1,1,3,1,5,0.3,2.75,14,3.64,1.77,2,,,,22,0,0,,,3.23,4,,,,7,11,0.683,0.455,7.731,64,1,8,1,agir_darbex1,4,0,45
14,Run50_DengeV1,Hasar-değerli hedef,bahcivan,standart,101,boss=shell,8,,,26,26,0,0,0,0,19,3,4,0,0,68,169,110,0,0,53,16,0,61,40,2,630,8,1,14,1,1,2.892,1,5,0.3,2.75,15,3.87,2.05,2.67,2,,,14,0,0,,,7.31,7.72,2.9,,,8,12,0.668,0.333,7.764,70,3,11,1,agir_darbex1,5,0,45
14,Run50_DengeV1,Hasar-değerli hedef,bahcivan,standart,101,boss=shell,9,,,25,25,0,0,0,0,15,8,2,0,0,59,228,110,0,0,70,8,0,85,48,2,657,9,1,14.67,1,1,2.892,1,5,0.3,2.75,15,3.67,1.67,2.25,2.5,,,29,13,0,,,3.66,4.34,4.33,,,9,13,0.671,0.385,7.6,77,3,14,1,agir_darbex1,4,0,45
14,Run50_DengeV1,Hasar-değerli hedef,bahcivan,standart,101,boss=shell,10,,,21,21,0,0,0,0,12,7,2,0,0,53,281,110,53,20,59,8,0,74,41,2,562,10,1,14.67,1,1,2.892,1,5,0.3,2.75,15,4.2,1.83,2.57,3,,,6,0,0,,,5.06,9.09,5.78,,,10,15,0.762,0.467,7.62,89,2,16,1,agir_darbex1,7,0,45
14,Run50_DengeV1,Hasar-değerli hedef,bahcivan,standart,101,boss=shell,11,,,33,33,0,0,0,0,22,8,3,0,0,76,76,150,0,0,84,12,0,84,53,2,973,12,2,16.36,1,1,2.689,1,5,0.3,2.75,16,4.06,1.45,2.25,3,,,28,0,0,,,4.4,5.05,8.97,,,10,15,0.653,0.467,7.62,89,5,21,0,agir_darbex1 nadir_tohumx1,7,0,45
14,Run50_DengeV1,Hasar-değerli hedef,bahcivan,standart,101,boss=shell,12,,,33,33,0,0,0,0,22,6,5,0,0,90,166,150,0,0,74,20,0,83,43,2,964,13,1,17.38,1,1,2.689,1,5,0.3,2.75,16,4.25,1.64,1.83,2.8,,,24,20,0,,,5.25,3.59,6.99,,,11,17,0.659,0.471,7.637,100,2,23,1,agir_darbex1 nadir_tohumx1,7,0,45
14,Run50_DengeV1,Hasar-değerli hedef,bahcivan,standart,101,boss=shell,13,,,30,30,0,0,0,0,25,4,1,0,0,47,213,150,0,0,95,4,0,97,17,2,768,14,1,18.13,1,1,2.689,1,5,0.3,2.75,16,4.25,1.72,3,3,,,13,0,0,,,6.24,5.38,5.4,,,12,19,0.738,0.526,7.464,115,4,27,1,agir_darbex1 nadir_tohumx1,7,0,45
14,Run50_DengeV1,Hasar-değerli hedef,bahcivan,standart,101,boss=shell,14,,,31,26,5,0,0,0,18,9,2,2,0,125,338,150,0,0,99,8,4,104,25,6,1011,15,1,19.2,1,1,2.5,1,5,0.3,2.75,17,3.47,1.4,2.14,3,2.5,,33,17,0,0,,2.5,2.86,5,3.75,,12,19,0.725,0.421,7.464,115,5,32,0,agir_darbex1 nadir_tohumx1,9,0,45
14,Run50_DengeV1,Hasar-değerli hedef,bahcivan,standart,101,boss=shell,15,,,29,26,3,0,0,0,21,4,4,0,0,73,411,150,73,30,83,16,0,87,16,6,867,16,1,19.2,1,1,2.5,1,5,0.3,2.75,17,3.88,1.74,2.67,3.5,,,33,0,0,,,3.82,4.17,6.88,,,13,20,0.761,0.55,7.475,120,2,34,1,agir_darbex1 nadir_tohumx1,7,0,45
14,Run50_DengeV1,Hasar-değerli hedef,bahcivan,standart,101,boss=shell,16,,,41,39,2,0,0,0,30,6,5,0,0,98,98,220,0,0,126,20,0,133,36,6,1192,17,1,20.27,1,1,2.5,1,5,0.42,2.75,17,4.18,1.38,2.2,2,,,40,17,0,0,,3.28,9.5,3.5,,,13,20,0.674,0.55,7.292,123,3,37,0,agir_darbex1 nadir_tohumx1 kritik_gozx1,9,0,45
14,Run50_DengeV1,Hasar-değerli hedef,bahcivan,standart,101,boss=shell,17,,,40,32,8,0,0,0,31,5,3,1,0,112,210,220,0,0,123,12,2,123,48,8,1176,18,1,20.27,1,1,2.41,1,5,0.42,2.75,18,4.11,1.63,1.8,2.67,,,32,20,0,,,5.12,1.93,6.42,,,15,23,0.732,0.435,7.31,142,4,41,2,agir_darbex1 nadir_tohumx1 kritik_gozx1,12,0,45
14,Run50_DengeV1,Hasar-değerli hedef,bahcivan,standart,101,boss=shell,18,,,41,36,5,0,0,0,33,7,1,0,0,76,286,220,0,0,141,4,0,144,52,8,1202,19,1,20.27,1,1,2.324,1.039,5,0.42,2.75,19,4.05,1.46,2,3,,,40,0,0,,,4.73,3.33,4.63,,,16,24,0.723,0.458,6.963,155,6,47,1,agir_darbex1 nadir_tohumx1 kritik_gozx1,10,0,45
14,Run50_DengeV1,Hasar-değerli hedef,bahcivan,standart,101,boss=shell,19,,,35,34,1,0,0,0,20,10,4,1,0,120,406,220,0,0,120,16,2,124,43,10,1237,20,1,23.08,1,1,2.324,1.039,5,0.42,2.75,19,3.89,1.42,1.7,3,4,,39,25,0,0,,2.08,3.48,8.72,6.97,,18,29,0.809,0.655,6.975,187,1,48,2,agir_darbex1 nadir_tohumx1 kritik_gozx1,9,0,45
14,Run50_DengeV1,Hasar-değerli hedef,bahcivan,standart,101,boss=shell,20,,,33,29,4,0,0,0,23,6,2,1,1,191,597,220,191,45,153,10,2,167,53,12,1056,21,1,24.3,1,1,2.324,1.039,5,0.42,2.75,19,3.84,1.68,2.5,2,2,8,22,11,,,0,3.67,5.8,2.32,2.33,16.27,19,30,0.82,0.667,6.98,193,2,50,1,agir_darbex1 nadir_tohumx1 kritik_gozx1,8,0,45
14,Run50_DengeV1,Hasar-değerli hedef,bahcivan,standart,101,boss=shell,21,,,56,52,4,0,0,0,38,14,3,1,0,143,143,300,0,0,198,15,2,203,43,14,1863,22,1,25.51,1,1,1.904,1.078,5,0.42,2.75,23,3.87,1.31,1.54,3.67,3,,60,30,0,0,,2.99,2.34,6.34,3.8,,21,35,0.773,0.571,6.817,231,5,55,2,agir_darbex1 nadir_tohumx1 kritik_gozx1 hizli_bilekx1,12,0,45
14,Run50_DengeV1,Hasar-değerli hedef,bahcivan,standart,101,boss=shell,22,,,60,54,6,0,0,0,39,15,6,0,0,149,292,300,0,0,210,35,0,213,78,14,2024,23,1,28.62,1,1,1.904,1.078,5,0.42,2.75,23,4.13,1.18,2.07,2.33,,,58,13,0,,,0.75,4.44,2.53,,,22,37,0.737,0.541,6.82,244,1,56,1,agir_darbex1 nadir_tohumx1 kritik_gozx1 hizli_bilekx1,14,0,45
14,Run50_DengeV1,Hasar-değerli hedef,bahcivan,standart,101,boss=shell,23,,,65,47,18,0,0,0,36,14,13,2,0,290,582,300,0,0,192,65,4,205,68,18,2406,24,1,28.62,1,1,1.904,1.078,5,0.42,2.75,23,4.26,1.5,1.67,2.45,4,,44,45,0,0,,3.59,3.38,4.16,7.63,,22,39,0.743,0.513,6.82,257,2,58,2,agir_darbex1 nadir_tohumx1 kritik_gozx1 hizli_bilekx1,16,0,45
14,Run50_DengeV1,Hasar-değerli hedef,bahcivan,standart,101,boss=shell,24,,,59,46,13,0,0,0,36,12,8,3,0,277,859,300,0,0,180,40,6,185,48,24,2341,25,1,29.99,1,1,1.836,1.117,5,0.42,2.75,24,4.17,1.37,1.44,2.86,3,,46,36,0,0,,3.13,1.02,6.02,5.51,,22,41,0.772,0.585,6.653,277,7,65,2,agir_darbex1 nadir_tohumx1 kritik_gozx1 hizli_bilekx1,14,0,45
14,Run50_DengeV1,Hasar-değerli hedef,bahcivan,standart,101,boss=shell,25,,,37,29,8,0,0,0,19,9,6,1,2,442,1301,300,442,65,162,35,11,164,43,35,1712,26,1,29.99,1,1,1.836,1.194,5,0.42,2.75,24,3.63,1.31,2.38,3.5,,5,20,0,0,0,0,0.71,3.44,6.73,,7.33,23,42,0.873,0.738,6.334,298,7,72,1,agir_darbex1 nadir_tohumx1 kritik_gozx1 hizli_bilekx1,9,0,45
14,Run50_DengeV1,Hasar-değerli hedef,bahcivan,standart,101,boss=shell,26,,,58,47,11,0,0,0,34,12,9,2,1,420,420,500,0,0,222,45,4,325,88,39,2508,27,1,29.99,1,1,1.561,1.194,5,0.42,2.75,28,3.68,1.42,1.89,2.44,3.5,3,53,7,0,0,0,1.14,2.6,3.64,3.9,3.13,25,44,0.824,0.682,6.34,312,1,73,2,agir_darbex1 nadir_tohumx1 kritik_gozx1 hizli_bilekx2,12,0,45
14,Run50_DengeV1,Hasar-değerli hedef,bahcivan,standart,101,boss=shell,27,,,59,43,13,3,0,0,34,15,3,7,0,375,795,500,0,0,198,20,14,293,38,53,2584,28,1,29.99,1,1,1.561,1.194,5,0.42,2.75,28,3.82,1.5,1.78,2.5,3.33,,45,8,0,0,,3.18,1.22,2.35,4.94,,26,49,0.816,0.612,6.342,348,2,75,4,agir_darbex1 nadir_tohumx1 kritik_gozx1 hizli_bilekx2,14,0,45
14,Run50_DengeV1,Hasar-değerli hedef,bahcivan,standart,101,boss=shell,28,,,62,34,28,0,0,0,26,16,14,2,4,1048,1843,500,0,0,225,90,24,428,115,57,3093,29,1,29.99,1,1,1.561,1.194,5,0.437,2.75,28,3.79,1,2.83,2.73,2,3.75,85,0,0,0,0,0,7.02,5.82,5.47,4.28,23,49,0.82,0.673,6.334,348,1,76,2,agir_darbex1 nadir_tohumx1 kritik_gozx1 hizli_bilekx2,14,0,45
14,Run50_DengeV1,Hasar-değerli hedef,bahcivan,standart,101,boss=shell,29,,,94,43,41,8,0,2,42,25,17,8,2,969,2812,500,0,0,291,124,35,294,171,72,4618,31,2,34.76,1,1,1.512,1.194,5,0.437,2.75,29,3.72,1.4,1.57,1.75,3.8,3,42,20,36,0,0,1.21,2.37,2.9,6.07,3.02,19,49,0.742,0.551,6.321,349,5,81,2,agir_darbex1 nadir_tohumx1 kritik_gozx1 hizli_bilekx2,21,0,45
14,Run50_DengeV1,Hasar-değerli hedef,bahcivan,standart,101,boss=shell,30,,,63,37,25,1,0,0,20,23,6,9,5,1234,4046,500,1234,100,336,65,38,405,248,70,3488,32,1,34.76,1,1,1.512,1.233,5,0.453,2.75,29,4.03,1.18,2.07,3,3.29,3.33,45,6,0,0,0,0.82,2.7,3.02,4.74,6.03,15,49,0.804,0.469,6.3,350,3,84,2,agir_darbex1 nadir_tohumx1 kritik_gozx1 hizli_bilekx2,13,0,45
14,Run50_DengeV1,Hasar-değerli hedef,bahcivan,standart,101,boss=shell,31,,,102,63,34,2,0,3,41,33,14,13,1,1130,1130,1200,0,0,342,90,50,452,150,100,5094,33,1,39.82,1.6,1,1.512,1.233,5,0.453,2.75,29,3.9,1.3,1.43,1.38,2.18,1,61,45,44,15,50,1.74,1.65,1.32,2.47,0,13,49,0.72,0.551,6.13,360,3,87,1,agir_darbex1 nadir_tohumx1 kritik_gozx1 hizli_bilekx2 canavar_kesimix1,19,0,45
14,Run50_DengeV1,Hasar-değerli hedef,bahcivan,standart,101,boss=shell,32,,,117,71,41,5,0,0,42,28,29,15,3,1787,2917,1200,0,0,393,180,56,485,255,56,6186,35,2,39.82,1.6,1,1.512,1.233,5,0.453,2.75,29,3.9,1.14,1.21,1.3,1.92,2.67,71,60,67,21,0,1.37,1.73,0.75,2.32,2.51,14,57,0.714,0.526,6.138,418,3,90,4,agir_darbex1 nadir_tohumx1 kritik_gozx1 hizli_bilekx2 canavar_kesimix1,22,0,45
14,Run50_DengeV1,Hasar-değerli hedef,bahcivan,standart,101,boss=shell,33,,,117,60,49,6,0,2,25,38,24,22,8,2668,5585,1200,0,0,360,248,102,385,285,138,6906,37,2,39.82,1.6,1,1.464,1.233,5,0.453,2.75,30,4.1,1.25,1.25,1.5,1.72,2.17,50,65,56,24,0,1.1,0.64,3.17,2.76,2.2,19,70,0.76,0.529,6.166,511,2,92,6,agir_darbex1 nadir_tohumx1 kritik_gozx1 hizli_bilekx2 canavar_kesimix1,23,0,45
14,Run50_DengeV1,Hasar-değerli hedef,bahcivan,standart,101,boss=shell,34,,,120,62,52,5,0,1,31,36,28,20,5,2101,7686,1200,0,0,402,250,72,442,271,100,6808,38,1,39.82,1.6,1,1.464,1.233,5,0.47,2.75,30,4.17,1,1.19,1.44,1.81,2.6,33,67,29,25,20,0,0.55,1.38,2.66,2.33,17,76,0.787,0.632,6.157,555,4,96,4,agir_darbex1 nadir_tohumx1 kritik_gozx1 hizli_bilekx2 canavar_kesimix1,23,0,45
14,Run50_DengeV1,Hasar-değerli hedef,bahcivan,standart,101,boss=shell,35,,,91,50,35,4,0,2,27,20,26,17,1,1420,9106,1200,1420,220,210,216,72,292,252,172,5157,39,1,43.38,1.6,1,1.464,1.233,5,0.47,2.75,30,4.37,1.13,1.5,1.94,2.54,,50,54,11,18,0,0.18,1.59,7.49,6.53,,19,80,0.827,0.688,6.166,584,4,100,2,agir_darbex1 nadir_tohumx1 kritik_gozx1 hizli_bilekx2 canavar_kesimix1,23,0,45
14,Run50_DengeV1,Hasar-değerli hedef,bahcivan,standart,101,boss=shell,36,,,176,104,39,25,0,8,51,56,39,24,6,2861,2861,2800,0,0,501,327,168,533,369,190,9589,41,2,43.38,1.6,1,1.025,1.272,6,0.47,2.861,43,4.81,1,1.25,1.55,2.29,2,61,56,25,19,17,0,1.83,2.37,4.59,1.19,20,81,0.719,0.543,6.17,591,5,105,1,agir_darbex1 nadir_tohumx1 kritik_gozx1 hizli_bilekx2 canavar_kesimix1 firtina_bilegix1,33,0,45
14,Run50_DengeV1,Hasar-değerli hedef,bahcivan,standart,101,boss=shell,37,,,165,112,37,8,2,6,47,36,42,36,4,2844,5705,2800,0,0,510,344,162,578,593,287,9454,42,1,43.38,1.6,1,0.993,1.35,6,0.47,2.861,45,5,1.19,1.46,1.57,2.11,2,58,37,33,8,0,1.45,2.77,2.41,3.33,0.99,20,81,0.746,0.593,6.062,601,6,111,0,agir_darbex1 nadir_tohumx1 kritik_gozx1 hizli_bilekx2 canavar_kesimix1 firtina_bilegix1,34,0,45
14,Run50_DengeV1,Hasar-değerli hedef,bahcivan,standart,101,boss=shell,38,,,173,124,33,9,0,7,57,44,37,28,7,3805,9510,2800,0,0,585,328,197,873,361,209,9410,44,2,45.79,1.6,1,0.993,1.35,6,0.47,2.972,45,4.96,1.14,1.24,1.73,2,2.86,65,67,13,21,13,1.2,1.05,4.37,2.54,1.84,20,81,0.727,0.519,6.062,601,4,115,0,agir_darbex1 nadir_tohumx1 kritik_gozx1 hizli_bilekx2 canavar_kesimix1 firtina_bilegix1,38,0,45
14,Run50_DengeV1,Hasar-değerli hedef,bahcivan,standart,101,boss=shell,39,,,179,114,39,10,0,16,60,50,39,19,11,4060,13570,2800,0,0,810,424,152,853,425,361,9759,45,1,49.54,1.6,1,0.993,1.35,6,0.487,2.972,45,4.71,1.07,1.25,1.46,2.19,2.4,79,44,36,11,40,0.07,0.62,2.56,3.23,2.08,20,81,0.718,0.556,6.062,601,4,119,0,agir_darbex1 nadir_tohumx1 kritik_gozx1 hizli_bilekx2 canavar_kesimix1 firtina_bilegix1,31,0,45
14,Run50_DengeV1,Hasar-değerli hedef,bahcivan,standart,101,boss=shell,40,,,153,108,39,3,1,2,41,51,33,17,11,5688,19258,2800,5688,500,791,447,140,844,872,166,8487,46,1,49.54,1.6,1,0.961,1.406,6,0.503,3.083,46,5.13,1.23,1.5,1.89,2.15,2.86,50,38,24,0,9,1.89,1.5,1.68,4.44,2.2,20,81,0.743,0.63,6.062,601,5,124,0,agir_darbex1 nadir_tohumx1 kritik_gozx1 hizli_bilekx2 canavar_kesimix1 firtina_bilegix1,27,0,45
14,Run50_DengeV1,Hasar-değerli hedef,bahcivan,standart,101,boss=shell,41,,,193,132,54,0,0,7,66,44,41,28,14,6557,6557,4500,0,0,998,494,280,1047,646,446,10597,47,1,56.1,1.6,1,0.961,1.406,6,0.623,3.083,46,5.13,1.13,1.39,1.4,1.7,2.38,56,59,42,20,7,1.34,2.47,3.33,2.05,1.7,20,81,0.679,0.58,6.017,606,5,129,0,agir_darbex1 nadir_tohumx1 kritik_gozx2 hizli_bilekx2 canavar_kesimix1 firtina_bilegix1,35,0,45
14,Run50_DengeV1,Hasar-değerli hedef,bahcivan,standart,101,boss=shell,42,,,207,144,50,6,3,4,62,68,38,26,13,5204,11761,4500,0,0,1023,590,215,1150,806,261,11300,49,2,56.1,1.6,1,0.931,1.461,6,0.623,3.194,48,4.9,1.19,1.07,1.28,1.94,2.54,71,71,55,18,9,1.15,1.15,1.89,3.21,2.79,20,81,0.683,0.568,6.017,606,6,135,0,agir_darbex1 nadir_tohumx1 kritik_gozx2 hizli_bilekx2 canavar_kesimix1 firtina_bilegix1,30,0,45
14,Run50_DengeV1,Hasar-değerli hedef,bahcivan,standart,101,boss=shell,43,,,203,140,46,8,1,8,58,58,51,23,13,5113,16874,4500,0,0,1030,626,240,1070,1432,501,11261,50,1,60.05,1.6,1,0.931,1.461,6,0.64,3.194,48,4.98,1.14,1.22,1.48,1.78,2.75,58,73,47,30,0,1.08,0.55,2.13,2.27,2.64,20,81,0.678,0.519,5.957,612,3,138,0,agir_darbex1 nadir_tohumx1 kritik_gozx2 hizli_bilekx2 canavar_kesimix1 firtina_bilegix1,35,0,45
14,Run50_DengeV1,Hasar-değerli hedef,bahcivan,standart,101,boss=shell,44,,,222,146,50,13,2,11,71,53,54,30,14,6205,23079,4500,0,0,1236,718,270,2046,1000,316,12349,51,1,63.05,1.6,1,0.931,1.517,6,0.64,3.306,48,4.85,1.11,1.13,1.25,1.86,2,65,73,67,25,8,0.24,1.33,0.95,3.17,1.24,20,81,0.669,0.568,5.812,627,5,143,0,agir_darbex1 nadir_tohumx1 kritik_gozx2 hizli_bilekx2 canavar_kesimix1 firtina_bilegix1,34,0,45
14,Run50_DengeV1,Hasar-değerli hedef,bahcivan,standart,101,boss=shell,45,,,217,135,63,11,2,6,69,57,52,34,5,4751,27830,4500,4751,800,950,605,227,996,1105,543,11807,52,1,69.27,1.6,1,0.902,1.517,6,0.64,3.306,49,5.12,1.16,1.28,1.46,2.07,1.8,71,48,36,27,0,0.28,1.1,2.24,2.74,0.72,20,81,0.667,0.519,5.739,635,4,147,0,agir_darbex1 nadir_tohumx1 kritik_gozx2 hizli_bilekx2 canavar_kesimix1 firtina_bilegix1,37,0,45
14,Run50_DengeV1,Hasar-değerli hedef,bahcivan,standart,101,boss=shell,46,,,233,160,54,11,0,8,67,66,53,40,7,6881,6881,6000,0,0,1120,647,296,1296,652,319,12862,54,2,72.57,1.6,1,0.902,1.517,6,0.657,3.417,49,4.96,1.11,1.05,1.2,1.66,2,75,81,59,25,25,0.41,0.31,0.9,1.47,1.2,20,81,0.659,0.494,5.707,639,5,152,0,agir_darbex1 nadir_tohumx2 kritik_gozx2 hizli_bilekx2 canavar_kesimix1 firtina_bilegix1,38,0,45
14,Run50_DengeV1,Hasar-değerli hedef,bahcivan,standart,101,boss=shell,47,,,220,151,50,8,0,11,62,66,51,33,8,6761,13642,6000,0,0,940,751,248,1156,1083,567,12176,55,1,76.92,1.6,1,0.902,1.628,6,0.657,3.417,49,4.98,1.06,1.21,1.36,1.9,1.75,80,65,65,11,33,0.16,1.22,0.9,1.4,0.67,20,81,0.687,0.543,5.567,655,4,156,0,agir_darbex1 nadir_tohumx2 kritik_gozx2 hizli_bilekx2 canavar_kesimix1 firtina_bilegix1,35,0,45
14,Run50_DengeV1,Hasar-değerli hedef,bahcivan,standart,101,boss=shell,48,,,216,161,39,10,1,5,70,50,49,32,15,8871,22513,6000,0,0,1148,813,332,1904,1326,479,12088,56,1,76.92,1.6,1,0.902,1.683,6,0.657,3.528,49,4.94,1.11,1.23,1.18,1.7,2.14,68,77,74,21,15,0.57,1.04,0.42,1.87,1.74,20,81,0.69,0.568,5.567,655,3,159,0,agir_darbex1 nadir_tohumx2 kritik_gozx2 hizli_bilekx2 canavar_kesimix1 firtina_bilegix1,33,0,45
14,Run50_DengeV1,Hasar-değerli hedef,bahcivan,standart,101,boss=shell,49,,,241,160,59,10,4,8,64,66,55,41,15,8015,30528,6000,0,0,1286,923,351,1590,1069,675,13798,57,1,83.44,1.6,1,0.902,1.683,6,0.657,3.528,49,4.96,1.03,1.18,1.22,1.59,1.77,81,80,65,32,40,0.03,0.79,0.97,1.7,1.11,20,81,0.66,0.506,5.431,671,4,163,0,agir_darbex1 nadir_tohumx2 kritik_gozx2 hizli_bilekx2 canavar_kesimix1 firtina_bilegix1,38,0,45
14,Run50_DengeV1,Hasar-değerli hedef,bahcivan,standart,101,boss=shell,50,,,247,175,58,4,0,10,69,55,71,42,10,9552,40080,6000,0,0,1102,974,368,1322,2043,573,14514,58,1,83.44,1.6,1,0.873,1.683,6,0.673,3.639,51,5.31,1.24,1.08,1.25,1.64,1.88,63,72,65,43,44,1.37,0.26,1.42,2.45,1.09,20,81,0.666,0.506,5.397,675,4,167,0,agir_darbex1 nadir_tohumx2 kritik_gozx2 hizli_bilekx2 canavar_kesimix1 firtina_bilegix1,37,0,45
14,Run50_DengeV1,Hasar-değerli hedef,bahcivan,standart,101,boss=shell,50,KAZANDI
15,Run50_DengeV1,Hasar-değerli hedef,bahcivan,standart,100,boss=fog,1,,,13,13,0,0,0,0,12,1,0,0,0,15,15,45,0,0,28,0,0,28,0,0,270,1,0,10,1,1,3,1,5,0.3,2,13,2.08,1.83,3,,,,21,0,,,,2.5,6,,,,2,4,0.346,0,8,23,0,0,2,,3,0.205,45
15,Run50_DengeV1,Hasar-değerli hedef,bahcivan,standart,100,boss=fog,2,,,14,14,0,0,0,0,11,1,1,1,0,54,69,45,0,0,26,4,2,29,4,2,340,2,1,10.67,1,1,3,1,5,0.3,2,14,2.71,2.18,3,4,5,,0,0,0,0,,3.55,6,9,12,,3,5,0.483,0,8,28,1,1,1,,3,0.044,45
15,Run50_DengeV1,Hasar-değerli hedef,bahcivan,standart,100,boss=fog,3,,,20,20,0,0,0,0,16,2,2,0,0,42,111,45,0,0,40,8,0,42,12,2,460,3,1,11.33,1,1,3,1,5,0.3,2,14,2.93,1.81,2.5,3,,,20,0,0,,,3.56,4.5,6,,,4,6,0.413,0,8,34,1,2,1,,5,0.089,45
15,Run50_DengeV1,Hasar-değerli hedef,bahcivan,standart,100,boss=fog,4,,,19,19,0,0,0,0,16,3,0,0,0,25,136,45,0,0,44,0,0,46,12,2,410,4,1,11.33,1,1,3,1,5,0.3,2,14,3.21,1.81,2.67,,,,18,0,,,,3.94,5,,,,5,8,0.518,0.125,8,45,0,2,1,,4,0.008,45
15,Run50_DengeV1,Hasar-değerli hedef,bahcivan,standart,100,boss=fog,5,,,21,21,0,0,0,0,17,2,1,1,0,63,199,45,63,8,42,4,2,43,16,4,490,5,1,12.67,1,1,3,1,5,0.3,2,14,3.36,1.59,4,3,3,,18,0,0,0,,4.59,9,6,6,,6,9,0.604,0.222,8,51,3,5,1,,5,0,45
15,Run50_DengeV1,Hasar-değerli hedef,bahcivan,standart,100,boss=fog,6,,,22,22,0,0,0,0,14,6,2,0,0,52,52,110,0,0,52,8,0,54,24,4,697,7,2,13.33,1.25,1,3,1,5,0.3,2,14,3.36,1.5,2.17,3,,,35,0,0,,,2.14,5,6,,,6,9,0.536,0.222,8,51,2,7,0,keskin_bicakx1,6,0,45
15,Run50_DengeV1,Hasar-değerli hedef,bahcivan,standart,100,boss=fog,7,,,23,23,0,0,0,0,17,5,1,0,0,42,94,110,0,0,54,4,0,59,28,4,670,8,1,13.33,1.25,1,3,1,5,0.3,2,14,3.64,1.65,2.6,1,,,12,0,0,0,,3,6.6,0,,,7,11,0.626,0.364,8,62,1,8,1,keskin_bicakx1,6,0,45
15,Run50_DengeV1,Hasar-değerli hedef,bahcivan,standart,100,boss=fog,8,,,26,26,0,0,0,0,18,2,5,1,0,104,198,110,0,0,46,20,2,54,48,6,809,9,1,14,1.25,1,2.892,1,5,0.3,2,15,3.47,1.56,1.5,2.8,3,,25,0,0,0,,3.21,1.45,6.94,5.8,,8,12,0.609,0.417,8,68,3,11,1,keskin_bicakx1,5,0,45
15,Run50_DengeV1,Hasar-değerli hedef,bahcivan,standart,100,boss=fog,9,,,21,21,0,0,0,0,13,3,3,2,0,112,310,110,0,0,41,12,4,49,60,10,733,10,1,14.67,1.25,1,2.892,1,5,0.3,2,15,3.2,1.38,2.67,3.33,3.5,,50,0,0,0,,3.33,7.72,6.76,7.23,,9,13,0.718,0.538,7.804,75,3,14,1,keskin_bicakx1,5,0,45
15,Run50_DengeV1,Hasar-değerli hedef,bahcivan,standart,100,boss=fog,10,,,33,33,0,0,0,0,22,9,2,0,0,70,380,110,70,20,89,8,0,118,68,10,1013,12,2,14.67,1.25,1,2.892,1,5,0.3,2,15,4.07,1.55,2.22,2,,,39,13,0,,,4.07,5.13,2.9,,,10,14,0.613,0.357,7.804,81,0,14,1,keskin_bicakx1,7,0,45
15,Run50_DengeV1,Hasar-değerli hedef,bahcivan,standart,100,boss=fog,11,,,37,37,0,0,0,0,25,9,3,0,0,84,84,150,0,0,95,12,0,109,65,10,1051,13,1,15.64,1.25,1,2.789,1,5,0.3,2.75,16,3.88,1.52,1.56,2,,,38,44,0,,,4.69,2.17,2.78,,,11,16,0.585,0.375,7.804,92,4,18,1,keskin_bicakx1 agir_darbex1,7,0,45
15,Run50_DengeV1,Hasar-değerli hedef,bahcivan,standart,100,boss=fog,12,,,34,34,0,0,0,0,27,4,3,0,0,69,153,150,0,0,74,12,0,87,47,10,1045,14,1,16.36,1.25,1,2.689,1,5,0.3,2.75,16,4.13,1.63,1.5,2.67,,,23,50,0,,,3.49,1.34,4.49,,,12,18,0.669,0.5,7.613,106,6,24,1,keskin_bicakx1 agir_darbex1,6,0,45
15,Run50_DengeV1,Hasar-değerli hedef,bahcivan,standart,100,boss=fog,13,,,37,37,0,0,0,0,24,12,1,0,0,70,223,150,0,0,108,4,0,120,21,10,1148,16,2,17.38,1.25,1,2.689,1,5,0.3,2.75,16,4.25,1.5,2,2,,,40,29,0,,,3.14,5.6,2.7,,,13,20,0.676,0.5,7.613,118,2,26,1,keskin_bicakx1 agir_darbex1,8,0,45
15,Run50_DengeV1,Hasar-değerli hedef,bahcivan,standart,100,boss=fog,14,,,31,31,0,0,0,0,18,8,5,0,0,92,315,150,0,0,94,20,0,99,41,10,977,17,1,18.13,1.25,1,2.592,1,5,0.3,2.75,17,3.76,1.61,1.75,2.6,,,24,20,0,,,3.6,4.86,5.19,,,15,23,0.758,0.565,7.225,143,4,30,2,keskin_bicakx1 agir_darbex1,6,0,45
15,Run50_DengeV1,Hasar-değerli hedef,bahcivan,standart,100,boss=fog,15,,,38,38,0,0,0,0,23,11,4,0,0,98,413,150,98,30,135,16,0,142,57,10,1217,18,1,19.2,1.25,1,2.5,1,5,0.3,2.75,17,4.12,1.3,2.18,2.75,,,45,25,0,,,1.74,5.91,4.38,,,15,23,0.748,0.609,7.225,143,4,34,0,keskin_bicakx1 agir_darbex1,9,0,45
15,Run50_DengeV1,Hasar-değerli hedef,bahcivan,standart,100,boss=fog,16,,,48,47,1,0,0,0,40,5,3,0,0,90,90,220,0,0,150,12,0,158,44,10,1512,19,1,19.2,1.563,1,2.5,1,5,0.3,2.75,17,4.41,1.38,1.4,2,,,50,40,33,,,1.73,1.5,2.5,,,16,24,0.694,0.583,7.06,153,5,39,1,keskin_bicakx2 agir_darbex1,10,0,45
15,Run50_DengeV1,Hasar-değerli hedef,bahcivan,standart,100,boss=fog,17,,,40,36,1,3,0,0,26,8,4,1,1,220,310,220,0,0,126,31,2,148,35,12,1357,20,1,20.27,1.563,1,2.41,1,5,0.3,2.75,18,3.83,1.43,1.86,1.75,2,3,33,0,50,0,0,3.46,5.85,1.81,2.4,4.8,17,27,0.772,0.63,7.071,172,3,42,1,keskin_bicakx2 agir_darbex1,10,0,45
15,Run50_DengeV1,Hasar-değerli hedef,bahcivan,standart,100,boss=fog,18,,,45,38,0,7,0,0,30,10,4,0,1,200,510,220,0,0,150,16,8,155,51,20,1537,21,1,20.27,1.563,1,2.324,1.039,5,0.3,2.75,19,3.63,1.35,1.7,2.25,,3,41,36,25,,0,2.32,1.63,2.9,,4.63,18,28,0.759,0.571,6.907,182,6,48,1,keskin_bicakx2 agir_darbex1,11,0,45
15,Run50_DengeV1,Hasar-değerli hedef,bahcivan,standart,100,boss=fog,19,,,41,40,1,0,0,0,25,12,2,2,0,142,652,220,0,0,147,8,4,162,34,24,1387,22,1,23.08,1.563,1,2.324,1.039,5,0.3,2.75,19,3.53,1.29,1.42,2.5,2.5,,54,50,0,0,,2.23,1.16,6.97,3.5,,20,33,0.8,0.606,6.923,214,1,49,2,keskin_bicakx2 agir_darbex1,11,0,45
15,Run50_DengeV1,Hasar-değerli hedef,bahcivan,standart,100,boss=fog,20,,,45,42,1,2,0,0,30,9,3,2,1,248,900,220,248,45,144,33,4,148,67,28,1529,23,1,24.3,1.563,1,2.24,1.078,5,0.3,2.75,20,3.5,1.25,1.67,1.5,2.5,4,41,22,33,0,0,3.12,2.24,1.12,3.37,6.73,21,34,0.799,0.618,6.93,221,4,53,1,keskin_bicakx2 agir_darbex1,11,0,45
15,Run50_DengeV1,Hasar-değerli hedef,bahcivan,standart,100,boss=fog,21,,,55,51,0,4,0,0,34,14,7,0,0,148,148,300,0,0,186,35,0,188,42,28,1935,24,1,25.51,1.953,1,2.16,1.078,5,0.3,2.75,20,3.65,1.23,1.36,1.86,,,61,62,50,,,2.09,1.55,2.16,,,21,36,0.757,0.583,6.76,240,6,59,2,keskin_bicakx3 agir_darbex1,12,0,45
15,Run50_DengeV1,Hasar-değerli hedef,bahcivan,standart,100,boss=fog,22,,,60,58,0,2,0,0,36,16,8,0,0,181,329,300,0,0,204,40,0,212,82,28,2136,25,1,28.62,1.953,1,2.16,1.078,5,0.3,2.75,20,3.95,1.09,1.5,2,,,88,44,13,,,1.14,1.49,3.78,,,22,37,0.76,0.595,6.694,249,1,60,1,keskin_bicakx3 agir_darbex1,12,0,45
15,Run50_DengeV1,Hasar-değerli hedef,bahcivan,standart,100,boss=fog,23,,,65,61,1,3,0,0,41,14,9,0,1,278,607,300,0,0,207,45,9,219,52,37,2504,26,1,28.62,1.953,1,2.16,1.078,5,0.3,2.75,20,3.9,1.03,1.31,1.63,,1,88,56,33,,100,0.22,2.33,1.35,,0,22,39,0.748,0.59,6.589,266,2,62,2,keskin_bicakx3 agir_darbex1,13,0,45
15,Run50_DengeV1,Hasar-değerli hedef,bahcivan,standart,100,boss=fog,24,,,57,49,6,2,0,0,37,9,4,3,4,598,1205,300,0,0,300,40,6,313,67,43,2557,27,1,29.99,1.953,1,2.16,1.156,5,0.3,2.75,20,3.7,1.1,1.57,1.5,1.67,2.5,70,44,67,67,25,0.49,4.94,1.62,1.44,3.78,22,42,0.803,0.571,6.428,294,6,68,2,keskin_bicakx3 agir_darbex1,16,0,45
15,Run50_DengeV1,Hasar-değerli hedef,bahcivan,standart,100,boss=fog,25,,,61,54,3,3,1,0,29,15,7,9,1,563,1768,300,563,65,177,55,18,219,64,41,3083,28,1,29.99,1.953,1,2.16,1.156,5,0.3,2.75,20,4.2,1.04,1.46,1.29,1.78,2,75,40,57,44,0,0.09,2.16,2.47,1.92,2.17,22,46,0.813,0.391,6.117,338,6,74,4,keskin_bicakx3 agir_darbex1,12,0,45
15,Run50_DengeV1,Hasar-değerli hedef,bahcivan,standart,100,boss=fog,26,,,71,64,0,0,7,0,29,14,13,9,6,1349,1349,500,0,0,171,185,18,215,236,39,5101,30,2,29.99,3.125,1,2.16,1.194,5,0.317,2.75,20,4.45,1,1.09,1.54,1.78,1.83,100,82,43,18,14,0,0.59,3.32,1.68,1.8,20,48,0.844,0.604,6.088,355,2,76,3,keskin_bicakx3 agir_darbex1 canavar_kesimix1,14,0,45
15,Run50_DengeV1,Hasar-değerli hedef,bahcivan,standart,100,boss=fog,27,,,72,65,1,5,1,0,31,16,16,6,3,887,2236,500,0,0,234,100,30,234,136,69,4467,32,2,33.24,3.125,1,2.16,1.194,5,0.317,2.75,20,4.3,1,1.13,1.56,1.67,2,100,77,31,0,0,0,0.72,2.03,1.45,2.17,21,49,0.821,0.714,6.103,361,4,80,1,keskin_bicakx3 agir_darbex1 canavar_kesimix1,14,0,45
15,Run50_DengeV1,Hasar-değerli hedef,bahcivan,standart,100,boss=fog,28,,,90,77,5,0,8,0,38,19,26,4,3,1009,3245,500,0,0,273,178,24,417,338,53,5243,33,1,34.76,3.125,1,2.16,1.194,5,0.317,2.75,20,4.75,1,1.11,1.36,1.25,1.33,100,88,52,75,50,0,0.72,2.77,0.54,0.72,17,49,0.831,0.653,5.769,382,2,82,2,keskin_bicakx3 agir_darbex1 canavar_kesimix1,18,0,45
15,Run50_DengeV1,Hasar-değerli hedef,bahcivan,standart,100,boss=fog,29,,,83,72,6,0,5,0,33,18,16,8,8,1654,4899,500,0,0,432,142,46,459,302,79,5325,34,1,34.76,3.125,1,2.092,1.194,5,0.333,2.75,21,4.33,1,1.24,1.27,1.38,1.5,100,75,50,50,50,0,0.49,0.84,0.78,1.57,15,49,0.825,0.633,5.685,388,5,87,1,keskin_bicakx3 agir_darbex1 canavar_kesimix1,18,0,45
15,Run50_DengeV1,Hasar-değerli hedef,bahcivan,standart,100,boss=fog,30,,,88,74,5,0,9,0,38,18,22,7,3,1006,5905,500,1006,100,312,132,43,326,336,102,5638,36,2,39.82,3.125,1,2.092,1.194,5,0.333,2.75,21,4.38,1,1.12,1.38,1.29,1.33,100,88,45,57,67,0,0.37,1.3,0.6,0.7,13,49,0.809,0.653,5.575,396,4,91,1,keskin_bicakx3 agir_darbex1 canavar_kesimix1,16,0,45
15,Run50_DengeV1,Hasar-değerli hedef,bahcivan,standart,100,boss=fog,31,,,101,86,2,7,6,0,44,26,23,7,1,864,864,1200,0,0,288,138,43,394,449,45,5512,37,1,39.82,3.125,1,2.092,1.194,5,0.453,2.75,21,4.48,1,1.04,1.19,1,1,100,88,79,100,100,0,0.26,0.9,0,0,13,51,0.779,0.549,5.405,425,2,93,1,keskin_bicakx3 agir_darbex1 canavar_kesimix1 kritik_gozx1,19,0,45
15,Run50_DengeV1,Hasar-değerli hedef,bahcivan,standart,100,boss=fog,32,,,114,112,0,0,2,0,38,27,29,14,6,1915,2779,1200,0,0,366,197,104,400,526,129,7415,39,2,39.82,3.125,1,2.026,1.272,6,0.453,2.75,22,5.55,1,1,1.03,1.43,1.33,100,100,96,53,67,0,0,0.07,1.3,0.68,14,57,0.78,0.614,5.476,468,4,97,2,keskin_bicakx3 agir_darbex1 canavar_kesimix1 kritik_gozx1,18,0,45
15,Run50_DengeV1,Hasar-değerli hedef,bahcivan,standart,100,boss=fog,33,,,105,97,0,6,2,0,39,23,26,13,4,1508,4287,1200,0,0,396,209,52,421,747,111,6388,40,1,39.82,3.125,1,2.026,1.272,6,0.47,2.75,22,5.36,1,1.13,1.13,1.42,1.5,100,86,71,47,50,0,0.97,0.71,1.69,1.02,15,62,0.796,0.661,5.537,504,3,100,2,keskin_bicakx3 agir_darbex1 canavar_kesimix1 kritik_gozx1,18,0,45
15,Run50_DengeV1,Hasar-değerli hedef,bahcivan,standart,100,boss=fog,34,,,116,99,0,14,3,0,45,29,24,14,4,1528,5815,1200,0,0,363,222,73,444,409,184,5943,41,1,45.79,3.125,1,2.026,1.272,6,0.47,2.75,22,5.36,1,1.07,1.1,1.36,1.5,100,87,71,43,50,0,0.36,0.38,1.88,1.01,16,65,0.778,0.6,5.591,523,2,102,1,keskin_bicakx3 agir_darbex1 canavar_kesimix1 kritik_gozx1,22,0,45
15,Run50_DengeV1,Hasar-değerli hedef,bahcivan,standart,100,boss=fog,35,,,114,101,2,8,3,0,34,35,21,20,4,1831,7646,1200,1831,220,414,174,97,523,583,131,6837,42,1,45.79,3.125,1,2.026,1.311,6,0.47,2.861,22,5.23,1,1.09,1.05,1.16,1.75,100,84,89,75,25,0,0.31,0.1,0.53,1.51,18,69,0.82,0.71,5.681,547,3,105,2,keskin_bicakx3 agir_darbex1 canavar_kesimix1 kritik_gozx1,20,0,45
15,Run50_DengeV1,Hasar-değerli hedef,bahcivan,standart,100,boss=fog,36,,,122,98,11,12,1,0,43,31,32,10,6,1912,1912,2800,0,0,471,294,94,504,877,160,7161,43,1,45.79,3.125,1,1.962,1.35,6,0.59,2.861,22,5.36,1,1.04,1.09,1.6,1.5,100,89,86,42,43,0,0.26,0.55,1.77,0.97,20,73,0.808,0.658,5.753,571,4,109,2,keskin_bicakx3 agir_darbex1 canavar_kesimix1 kritik_gozx2,24,0,45
15,Run50_DengeV1,Hasar-değerli hedef,bahcivan,standart,100,boss=fog,37,,,122,101,12,6,3,0,46,36,24,12,4,1674,3586,2800,0,0,531,222,66,635,379,226,7076,44,1,48.2,3.125,1,1.962,1.35,6,0.59,2.861,22,5.45,1,1.03,1.18,1.5,1.33,100,92,71,44,33,0,0.17,1.25,1.47,0.66,23,78,0.816,0.679,5.837,601,2,111,3,keskin_bicakx3 agir_darbex1 canavar_kesimix1 kritik_gozx2,23,0,45
15,Run50_DengeV1,Hasar-değerli hedef,bahcivan,standart,100,boss=fog,38,,,129,113,9,0,7,0,38,37,36,13,5,2145,5731,2800,0,0,537,334,52,822,513,83,8678,45,1,48.2,3.125,1,1.962,1.35,6,0.607,2.972,22,5.68,1,1,1.06,1.38,1,100,93,91,62,100,0,0,1.2,1.35,0,25,81,0.838,0.728,5.738,635,3,114,2,keskin_bicakx3 agir_darbex1 canavar_kesimix1 kritik_gozx2,22,0,45
15,Run50_DengeV1,Hasar-değerli hedef,bahcivan,standart,100,boss=fog,39,,,127,113,5,0,9,0,50,27,32,13,5,1891,7622,2800,0,0,413,384,118,535,667,121,8149,46,1,52.15,3.125,1,1.962,1.406,6,0.607,2.972,22,5.64,1,1.07,1.06,1.15,1.4,100,88,90,77,60,0,0.51,0.61,0.6,1.57,25,81,0.836,0.704,5.652,645,5,119,0,keskin_bicakx3 agir_darbex1 canavar_kesimix1 kritik_gozx2,20,0,45
15,Run50_DengeV1,Hasar-değerli hedef,bahcivan,standart,100,boss=fog,40,,,99,86,6,4,3,0,33,26,21,17,2,1455,9077,2800,1455,500,284,240,119,429,247,240,5966,47,1,52.15,3.125,1,1.901,1.406,6,0.607,2.972,23,4.48,1,1.09,1,1.29,1.5,100,82,85,61,50,0,0.74,0,1.56,0.95,25,81,0.851,0.765,5.652,645,4,123,0,keskin_bicakx3 agir_darbex1 canavar_kesimix1 kritik_gozx2,17,0,45
15,Run50_DengeV1,Hasar-değerli hedef,bahcivan,standart,100,boss=fog,41,,,139,112,21,3,2,1,62,28,32,17,0,1462,1462,4500,0,0,406,297,85,420,544,85,8573,48,1,52.15,3.125,1,1.901,1.406,6,0.743,3.083,23,5.39,1,1.08,1.19,1.18,,100,88,75,79,,0,0.3,0.92,0.34,,25,81,0.811,0.617,5.652,645,3,126,0,keskin_bicakx3 agir_darbex1 canavar_kesimix1 kritik_gozx3,28,0,45
15,Run50_DengeV1,Hasar-değerli hedef,bahcivan,standart,100,boss=fog,42,,,143,128,9,0,6,0,55,41,28,17,2,1732,3194,4500,0,0,550,287,90,630,401,175,8399,49,1,56.1,3.125,1,1.901,1.406,6,0.743,3.083,23,5.83,1,1.03,1.04,1.18,1,100,93,96,82,100,0,0.2,0.14,0.45,0,25,81,0.819,0.679,5.652,645,2,128,0,keskin_bicakx3 agir_darbex1 canavar_kesimix1 kritik_gozx3,22,0,45
15,Run50_DengeV1,Hasar-değerli hedef,bahcivan,standart,100,boss=fog,43,,,127,113,7,3,4,0,55,32,26,10,4,1616,4810,4500,0,0,523,307,105,863,708,185,7634,50,1,56.1,3.125,1,1.901,1.406,6,0.743,3.083,23,5.61,1,1.07,1.12,1.5,1.5,100,88,87,60,50,0,0.46,0.37,0.95,0.95,25,81,0.841,0.704,5.652,645,2,130,0,keskin_bicakx3 agir_darbex1 canavar_kesimix1 kritik_gozx3,21,0,45
15,Run50_DengeV1,Hasar-değerli hedef,bahcivan,standart,100,boss=fog,44,,,134,107,15,9,3,0,50,31,29,21,3,2386,7196,4500,0,0,472,337,125,775,1045,310,8785,51,1,56.1,3.125,1,1.901,1.461,6,0.743,3.083,23,5.43,1,1.05,1,1.29,1.33,100,68,93,76,67,0,0.09,0,0.9,0.63,25,81,0.826,0.691,5.533,659,2,132,0,keskin_bicakx3 agir_darbex1 canavar_kesimix1 kritik_gozx3,24,0,45
15,Run50_DengeV1,Hasar-değerli hedef,bahcivan,standart,100,boss=fog,45,,,113,88,14,5,6,0,42,24,24,18,5,2101,9297,4500,2101,800,458,334,115,493,489,135,8100,52,1,58.9,3.125,1,1.841,1.461,6,0.76,3.194,24,4.42,1,1.11,1.13,1.22,1.4,93,71,81,72,60,0,0.29,1.23,0.71,1.1,25,81,0.85,0.753,5.533,659,4,136,0,keskin_bicakx3 agir_darbex1 canavar_kesimix1 kritik_gozx3,19,0,45
15,Run50_DengeV1,Hasar-değerli hedef,bahcivan,standart,100,boss=fog,46,,,176,122,41,10,3,0,67,39,45,20,5,2621,2621,6000,0,0,685,548,140,798,777,165,11959,53,1,63.05,3.125,1,1.841,1.461,6,0.76,3.194,24,5.58,1,1.04,1.05,1,1,100,95,86,100,100,0,0.64,0.45,0,0,25,81,0.781,0.58,5.398,675,3,139,0,keskin_bicakx3 agir_darbex1 canavar_kesimix1 kritik_gozx3 altin_hedefx1,31,0,45
15,Run50_DengeV1,Hasar-değerli hedef,bahcivan,standart,100,boss=fog,47,,,161,125,22,5,9,0,68,36,27,21,9,2970,5591,6000,0,0,658,462,280,846,739,445,10873,54,1,63.05,3.125,1,1.841,1.517,6,0.76,3.194,24,5.71,1,1,1.09,1,1.13,100,89,84,95,88,0,0,0.24,0,0.23,25,81,0.77,0.617,5.398,675,3,142,0,keskin_bicakx3 agir_darbex1 canavar_kesimix1 kritik_gozx3 altin_hedefx1,25,0,45
15,Run50_DengeV1,Hasar-değerli hedef,bahcivan,standart,100,boss=fog,48,,,151,124,21,2,4,0,44,43,32,25,7,3031,8622,6000,0,0,590,444,185,1436,1183,300,10432,55,1,63.05,3.125,1,1.841,1.517,6,0.76,3.306,24,5.79,1,1.18,1.06,1.04,1,100,70,92,96,100,0,1.73,0.36,0.22,0,25,81,0.81,0.617,5.341,682,1,143,0,keskin_bicakx3 agir_darbex1 canavar_kesimix1 kritik_gozx3 altin_hedefx1,30,0,45
15,Run50_DengeV1,Hasar-değerli hedef,bahcivan,standart,100,boss=fog,49,,,159,120,33,5,0,1,57,37,41,18,6,2806,11428,6000,0,0,590,531,153,826,614,328,9761,55,0,72.57,3.125,1,1.841,1.517,6,0.76,3.306,24,5.67,1,1.09,1.08,1,1,100,81,83,100,100,0,0.4,0.51,0,0,25,81,0.815,0.691,5.341,682,3,146,0,keskin_bicakx3 agir_darbex1 canavar_kesimix1 kritik_gozx3 altin_hedefx1,27,0,45
15,Run50_DengeV1,Hasar-değerli hedef,bahcivan,standart,100,boss=fog,50,,,172,134,28,4,4,2,67,43,35,24,3,2814,14242,6000,0,0,744,436,120,770,730,448,9722,56,1,72.57,3.125,1,1.783,1.517,6,0.76,3.306,25,5.88,1,1.09,1.09,1.08,1,97,86,84,92,100,0,0.94,0.81,0.67,0,25,81,0.796,0.654,5.21,700,3,149,0,keskin_bicakx3 agir_darbex1 canavar_kesimix1 kritik_gozx3 altin_hedefx1,27,0,45
15,Run50_DengeV1,Hasar-değerli hedef,bahcivan,standart,100,boss=fog,50,KAZANDI
16,Run50_DengeV1,Hasar-değerli hedef,bahcivan,standart,101,boss=fog,1,,,13,13,0,0,0,0,12,1,0,0,0,15,15,45,0,0,28,0,0,28,0,0,270,1,0,10,1,1,3,1,5,0.3,2,12,2.25,2,3,,,,17,0,,,,3,6,,,,2,4,0.339,0,8,23,0,0,2,,4,0.351,45
16,Run50_DengeV1,Hasar-değerli hedef,bahcivan,standart,101,boss=fog,2,,,12,12,0,0,0,0,6,3,3,0,0,45,60,45,0,0,24,12,0,27,12,0,330,2,1,10.67,1,1,3,1,5,0.3,2,14,2.64,2.33,2.33,3.33,,,0,0,0,,,6,4,7,,,3,5,0.541,0,8,28,1,1,1,,4,0.044,45
16,Run50_DengeV1,Hasar-değerli hedef,bahcivan,standart,101,boss=fog,3,,,17,17,0,0,0,0,12,4,1,0,0,34,94,45,0,0,40,4,0,40,16,0,400,3,1,11.33,1,1,3,1,5,0.3,2,14,2.79,1.58,2.5,4,,,15,0,0,,,2.5,6,9,,,4,6,0.496,0.167,8,34,1,2,1,,5,0,45
16,Run50_DengeV1,Hasar-değerli hedef,bahcivan,standart,101,boss=fog,4,,,17,17,0,0,0,0,14,3,0,0,0,23,117,45,0,0,40,0,0,40,16,0,370,4,1,11.33,1,1,3,1,5,0.3,2,14,2.86,1.71,3,,,,23,0,,,,4.5,6,,,,5,8,0.601,0.25,8,45,0,2,1,,5,0,45
16,Run50_DengeV1,Hasar-değerli hedef,bahcivan,standart,101,boss=fog,5,,,21,21,0,0,0,0,14,6,1,0,0,42,159,45,42,8,52,4,0,54,20,0,500,5,1,12.67,1,1,3,1,5,0.3,2,14,3.5,1.71,3,3,,,8,0,0,,,4.5,9,6,,,6,9,0.591,0.333,8,51,2,4,1,,4,0,45
16,Run50_DengeV1,Hasar-değerli hedef,bahcivan,standart,101,boss=fog,6,,,26,26,0,0,0,0,17,7,2,0,0,58,58,110,0,0,62,8,0,68,28,0,630,6,1,13.33,1,1,3,1,5,0.3,2.75,14,3.36,1.53,1.57,3.5,,,44,29,0,,,2.12,2.14,15,,,6,9,0.524,0.222,7.686,53,3,7,0,agir_darbex1,6,0,45
16,Run50_DengeV1,Hasar-değerli hedef,bahcivan,standart,101,boss=fog,7,,,19,19,0,0,0,0,13,4,2,0,0,45,103,110,0,0,42,8,0,50,36,0,460,7,1,13.33,1,1,3,1,5,0.3,2.75,14,2.93,1.69,2,2.5,,,31,0,0,,,6,5.25,4.5,,,8,12,0.723,0.417,7.764,70,0,7,2,agir_darbex1,4,0,45
16,Run50_DengeV1,Hasar-değerli hedef,bahcivan,standart,101,boss=fog,8,,,22,22,0,0,0,0,14,6,2,0,0,52,155,110,0,0,58,8,0,68,44,0,540,8,1,14,1,1,2.892,1,5,0.3,2.75,15,3.53,1.71,2.83,3.5,,,27,0,0,,,2.9,6.28,7.23,,,8,12,0.714,0.5,7.483,72,4,11,0,agir_darbex1,4,0,45
16,Run50_DengeV1,Hasar-değerli hedef,bahcivan,standart,101,boss=fog,9,,,25,25,0,0,0,0,19,3,3,0,0,58,213,110,0,0,53,12,0,57,41,0,590,9,1,14.67,1,1,2.892,1,5,0.3,2.75,15,3.67,1.47,2.67,2.67,,,44,0,0,,,2.44,10.62,4.82,,,9,13,0.671,0.462,7.54,78,3,14,1,agir_darbex1,6,0,45
16,Run50_DengeV1,Hasar-değerli hedef,bahcivan,standart,101,boss=fog,10,,,27,27,0,0,0,0,17,10,0,0,0,47,260,110,47,20,84,0,0,87,41,0,640,10,1,15.64,1,1,2.789,1,5,0.3,2.75,16,3.63,1.65,2.2,,,,21,11,,,,3.28,8.92,,,,10,14,0.704,0.5,7.586,83,2,16,1,agir_darbex1,6,0,45
16,Run50_DengeV1,Hasar-değerli hedef,bahcivan,standart,101,boss=fog,11,,,29,29,0,0,0,0,21,6,2,0,0,59,59,150,0,0,72,8,0,73,49,0,680,11,1,16.36,1,1,2.689,1,5,0.3,2.75,16,4,1.67,2.67,3,,,19,0,0,,,3.84,7.17,5.37,,,11,16,0.701,0.5,7.288,99,4,20,1,agir_darbex1 nadir_tohumx1,6,0,45
16,Run50_DengeV1,Hasar-değerli hedef,bahcivan,standart,101,boss=fog,12,,,36,36,0,0,0,0,28,6,2,0,0,66,125,150,0,0,86,8,0,87,27,0,820,12,1,18.13,1,1,2.689,1,5,0.3,2.75,16,4.06,1.71,1.67,2.5,,,22,33,0,0,,4.99,2.69,4.03,,,12,17,0.68,0.412,7.331,104,3,23,1,agir_darbex1 nadir_tohumx1,8,0,45
16,Run50_DengeV1,Hasar-değerli hedef,bahcivan,standart,101,boss=fog,13,,,27,26,1,0,0,0,20,4,2,1,0,82,207,150,0,0,80,8,2,85,35,2,687,13,1,18.13,1,1,2.592,1,5,0.3,2.75,17,3.47,1.79,2.5,3.5,2,,29,20,0,,,4.23,4.54,6.47,2.6,,13,19,0.771,0.526,7.187,119,4,27,1,agir_darbex1 nadir_tohumx1,6,0,45
16,Run50_DengeV1,Hasar-değerli hedef,bahcivan,standart,101,boss=fog,14,,,31,31,0,0,0,0,25,5,1,0,0,50,257,150,0,0,100,4,0,105,9,2,790,14,1,19.2,1,1,2.5,1,5,0.3,2.75,17,3.82,1.68,2.4,4,,,19,0,0,,,3.8,6.5,7.5,,,13,19,0.724,0.474,7.187,119,5,32,0,agir_darbex1 nadir_tohumx1,9,0,45
16,Run50_DengeV1,Hasar-değerli hedef,bahcivan,standart,101,boss=fog,15,,,33,32,0,1,0,0,26,6,1,0,0,54,311,150,54,30,108,4,0,113,13,2,847,15,1,19.2,1,1,2.5,1,5,0.3,2.75,17,3.82,1.6,2,3,,,31,17,0,,,3.3,2.5,5,,,14,20,0.751,0.5,7.218,125,1,33,1,agir_darbex1 nadir_tohumx1,8,0,45
16,Run50_DengeV1,Hasar-değerli hedef,bahcivan,standart,101,boss=fog,16,,,31,30,1,0,0,0,20,5,6,0,0,95,95,220,0,0,90,24,0,103,37,2,900,16,1,20.27,1,1,2.5,1,5,0.42,2.75,17,4,1.55,2.6,2.8,,,21,0,0,,,4.25,8,8.5,,,15,21,0.764,0.667,6.952,136,3,36,1,agir_darbex1 nadir_tohumx1 kritik_gozx1,7,0,45
16,Run50_DengeV1,Hasar-değerli hedef,bahcivan,standart,101,boss=fog,17,,,35,35,0,0,0,0,25,7,1,2,0,118,213,220,0,0,117,4,4,127,16,6,1020,17,1,20.27,1,1,2.41,1,5,0.42,2.75,18,3.78,1.56,1.71,5,4.5,,48,20,0,0,,3.08,8.61,16.86,8.42,,16,22,0.775,0.545,6.982,142,5,41,1,agir_darbex1 nadir_tohumx1 kritik_gozx1,9,0,45
16,Run50_DengeV1,Hasar-değerli hedef,bahcivan,standart,101,boss=fog,18,,,28,26,0,2,0,0,18,10,0,0,0,50,263,220,0,0,117,0,0,124,16,6,830,18,1,20.27,1,1,2.324,1.039,5,0.42,2.75,19,3.79,1.83,2.88,,,,10,0,,,,6.71,10.75,,,,17,23,0.808,0.565,6.669,155,6,47,1,agir_darbex1 nadir_tohumx1 kritik_gozx1,7,0,45
16,Run50_DengeV1,Hasar-değerli hedef,bahcivan,standart,101,boss=fog,19,,,35,35,0,0,0,0,24,8,3,0,0,78,341,220,0,0,123,12,0,128,28,6,1127,19,1,20.27,1,1,2.16,1.078,5,0.42,2.75,20,4,1.83,2.25,3,,,19,0,0,,,6.12,5.94,6.49,,,18,24,0.813,0.625,6.443,168,5,52,1,agir_darbex1 nadir_tohumx1 kritik_gozx1,8,0,45
16,Run50_DengeV1,Hasar-değerli hedef,bahcivan,standart,101,boss=fog,20,,,35,34,0,1,0,0,21,10,3,1,0,112,453,220,112,45,126,12,2,144,40,8,1371,20,1,20.27,1,1,2.16,1.078,5,0.42,2.75,20,3.7,1.48,1.67,2.67,6,,43,0,0,0,,2.57,2.88,3.6,10.8,,19,25,0.813,0.6,6.154,183,5,57,1,agir_darbex1 nadir_tohumx1 kritik_gozx1,9,0,45
16,Run50_DengeV1,Hasar-değerli hedef,bahcivan,standart,101,boss=fog,21,,,46,46,0,0,0,0,34,7,3,2,0,145,145,300,0,0,150,12,4,154,52,12,1718,21,1,23.08,1,1,1.836,1.078,5,0.42,2.75,24,3.71,1.44,2.29,2.67,3.5,,52,0,0,0,,3.4,2.88,3.07,4.58,,20,26,0.78,0.5,6.174,190,1,58,1,agir_darbex1 nadir_tohumx1 kritik_gozx1 hizli_bilekx1,11,0,45
16,Run50_DengeV1,Hasar-değerli hedef,bahcivan,standart,101,boss=fog,22,,,54,53,0,1,0,0,37,16,1,0,0,96,241,300,0,0,216,5,0,260,32,12,1944,22,1,24.3,1,1,1.836,1.078,5,0.42,2.75,24,4.42,1.38,2.47,3,,,55,0,0,,,3.72,7.96,3.67,,,22,31,0.773,0.645,6.137,227,2,60,2,agir_darbex1 nadir_tohumx1 kritik_gozx1 hizli_bilekx1,9,0,45
16,Run50_DengeV1,Hasar-değerli hedef,bahcivan,standart,101,boss=fog,23,,,50,50,0,0,0,0,34,12,3,1,0,138,379,300,0,0,180,15,2,199,47,14,1866,23,1,25.51,1,1,1.836,1.156,5,0.42,2.75,24,4.33,1.47,2.08,3.33,3,,42,7,0,0,,3.83,3.36,8.56,3.67,,23,33,0.808,0.636,5.951,250,5,65,1,agir_darbex1 nadir_tohumx1 kritik_gozx1 hizli_bilekx1,10,0,45
16,Run50_DengeV1,Hasar-değerli hedef,bahcivan,standart,101,boss=fog,24,,,47,46,0,1,0,0,28,11,7,1,0,161,540,300,0,0,156,40,2,175,52,16,1878,24,1,28.62,1,1,1.836,1.156,5,0.42,2.75,24,4.13,1.46,2,2.86,4,,50,0,0,0,,3.6,6.24,8.39,5.53,,24,34,0.828,0.676,5.97,256,2,67,1,agir_darbex1 nadir_tohumx1 kritik_gozx1 hizli_bilekx1,10,0,45
16,Run50_DengeV1,Hasar-değerli hedef,bahcivan,standart,101,boss=fog,25,,,43,42,0,1,0,0,23,14,6,0,0,134,674,300,134,65,159,42,0,198,69,16,1792,25,1,28.62,1,1,1.836,1.194,5,0.42,2.75,24,4.21,1.45,2.5,2.5,,,27,0,0,0,,1.84,7.34,4.29,,,26,39,0.833,0.692,6.003,292,3,70,2,agir_darbex1 nadir_tohumx1 kritik_gozx1 hizli_bilekx1,9,0,45
16,Run50_DengeV1,Hasar-değerli hedef,bahcivan,standart,101,boss=fog,26,,,47,47,0,0,0,0,21,12,10,3,1,355,355,500,0,0,135,60,15,143,104,31,2224,26,1,28.62,1,1,1.561,1.194,5,0.42,2.75,28,4.14,1.57,1.92,2.5,3,5,43,0,0,0,0,5.28,6.11,9.99,5.72,6.23,26,41,0.851,0.732,6.003,307,1,71,2,agir_darbex1 nadir_tohumx1 kritik_gozx1 hizli_bilekx2,10,0,45
16,Run50_DengeV1,Hasar-değerli hedef,bahcivan,standart,101,boss=fog,27,,,53,53,0,0,0,0,27,17,7,2,0,208,563,500,0,0,192,42,4,285,46,35,2297,27,1,29.99,1,1,1.561,1.194,5,0.42,2.75,28,4.64,1.7,2.18,3.14,3.5,,33,0,0,0,,4.28,3.67,5.12,3.9,,27,45,0.864,0.644,6.038,335,2,73,4,agir_darbex1 nadir_tohumx1 kritik_gozx1 hizli_bilekx2,11,0,45
16,Run50_DengeV1,Hasar-değerli hedef,bahcivan,standart,101,boss=fog,28,,,51,50,1,0,0,0,30,11,7,3,0,241,804,500,0,0,162,42,6,227,48,41,2202,28,1,29.99,1,1,1.561,1.194,5,0.42,2.75,28,4.46,1.48,2.55,2.86,3.67,,48,0,0,0,,3.07,4.69,4,4.18,,29,47,0.874,0.745,6.063,349,2,75,2,agir_darbex1 nadir_tohumx1 kritik_gozx1 hizli_bilekx2,12,0,45
16,Run50_DengeV1,Hasar-değerli hedef,bahcivan,standart,101,boss=fog,29,,,35,35,0,0,0,0,13,7,5,7,3,653,1457,500,0,0,81,74,24,148,89,45,1932,29,1,29.99,1,1,1.561,1.194,5,0.437,2.75,28,4.18,1.46,2.43,4,4.43,5.33,38,0,0,0,0,1.56,6.02,7.51,6.24,6.76,29,49,0.925,0.837,6.04,365,2,77,2,agir_darbex1 nadir_tohumx1 kritik_gozx1 hizli_bilekx2,8,0,45
16,Run50_DengeV1,Hasar-değerli hedef,bahcivan,standart,101,boss=fog,30,,,41,41,0,0,0,0,13,7,12,5,4,778,2235,500,778,100,87,106,48,100,127,73,2316,29,0,33.24,1,1,1.561,1.194,5,0.437,2.75,28,4.39,1.77,1.71,2.75,4.4,3.75,18,10,13,0,0,6.48,5.35,6.37,5.29,6.25,25,49,0.912,0.714,5.982,369,2,79,2,agir_darbex1 nadir_tohumx1 kritik_gozx1 hizli_bilekx2,8,0,45
16,Run50_DengeV1,Hasar-değerli hedef,bahcivan,standart,101,boss=fog,31,,,66,63,3,0,0,0,20,16,14,11,5,1156,1156,1200,0,0,306,134,47,446,235,80,3962,31,2,34.76,1.6,1,1.561,1.194,5,0.437,2.75,28,4.43,1.18,1.44,2,2.18,3,71,61,14,7,0,1.01,1.56,4.46,2.28,5.61,16,49,0.855,0.551,5.747,384,1,80,4,agir_darbex1 nadir_tohumx1 kritik_gozx1 hizli_bilekx2 canavar_kesimix1,13,0,45
16,Run50_DengeV1,Hasar-değerli hedef,bahcivan,standart,101,boss=fog,32,,,54,54,0,0,0,0,11,12,16,11,4,1161,2317,1200,0,0,156,125,62,177,149,102,3319,32,1,34.76,1.6,1,1.512,1.233,5,0.453,2.75,29,4.07,1.45,1.5,2.06,2.18,3,40,36,10,22,0,3.71,0.88,4.35,2.34,3.02,12,49,0.863,0.612,5.529,399,7,87,2,agir_darbex1 nadir_tohumx1 kritik_gozx1 hizli_bilekx2 canavar_kesimix1,10,0,45
16,Run50_DengeV1,Hasar-değerli hedef,bahcivan,standart,101,boss=fog,33,,,66,65,0,1,0,0,21,17,16,8,4,1846,4163,1200,0,0,312,108,53,499,207,55,3618,33,1,34.76,1.6,1,1.512,1.233,5,0.453,2.75,29,4.31,1.19,1.76,1.53,2.75,3,60,38,8,0,0,0.65,4,2.32,5.1,4.54,13,55,0.861,0.727,5.596,442,1,88,3,agir_darbex1 nadir_tohumx1 kritik_gozx1 hizli_bilekx2 canavar_kesimix1,13,0,45
16,Run50_DengeV1,Hasar-değerli hedef,bahcivan,standart,101,boss=fog,34,,,68,63,4,1,0,0,21,21,15,6,5,1177,5340,1200,0,0,243,165,47,337,184,82,3914,34,1,39.82,1.6,1,1.512,1.233,5,0.453,2.75,29,4.24,1.11,1.74,1.93,2.33,3,75,25,15,0,0,0.17,3.1,3.12,2.02,3.03,15,61,0.868,0.738,5.564,493,3,91,3,agir_darbex1 nadir_tohumx1 kritik_gozx1 hizli_bilekx2 canavar_kesimix1,14,0,45
16,Run50_DengeV1,Hasar-değerli hedef,bahcivan,standart,101,boss=fog,35,,,79,75,4,0,0,0,24,21,21,12,1,886,6226,1200,886,220,201,161,36,288,381,58,4530,35,1,39.82,1.6,1,1.512,1.272,6,0.453,2.75,29,5.41,1.29,1.83,2.05,2.75,3,67,29,17,0,0,2.71,6.13,6.04,4.29,3,15,68,0.853,0.559,5.564,550,2,93,5,agir_darbex1 nadir_tohumx1 kritik_gozx1 hizli_bilekx2 canavar_kesimix1,15,0,45
16,Run50_DengeV1,Hasar-değerli hedef,bahcivan,standart,101,boss=fog,36,,,121,107,14,0,0,0,37,36,24,17,7,2813,2813,2800,0,0,477,193,114,485,344,122,6877,37,2,39.82,1.6,1,1.058,1.272,6,0.453,2.75,42,5.45,1.26,1.75,2.05,2.47,2.67,58,25,10,13,0,1.23,3.97,3.52,3.12,2.11,16,70,0.808,0.729,5.606,562,3,96,1,agir_darbex1 nadir_tohumx1 kritik_gozx1 hizli_bilekx2 canavar_kesimix1 firtina_bilegix1,20,0,45
16,Run50_DengeV1,Hasar-değerli hedef,bahcivan,standart,101,boss=fog,37,,,105,99,0,6,0,0,30,32,23,17,3,2160,4973,2800,0,0,294,304,80,459,348,137,5723,38,1,39.82,1.6,1,1.025,1.272,6,0.453,2.75,43,4.93,1.21,1.41,2.36,2.94,4,52,39,0,0,0,1.9,1.62,6.84,3.01,3.07,19,75,0.831,0.707,5.587,604,3,99,3,agir_darbex1 nadir_tohumx1 kritik_gozx1 hizli_bilekx2 canavar_kesimix1 firtina_bilegix1,16,0,45
16,Run50_DengeV1,Hasar-değerli hedef,bahcivan,standart,101,boss=fog,38,,,85,79,1,4,1,0,19,18,23,18,7,3458,8431,2800,0,0,270,256,134,334,274,271,5268,39,1,39.82,1.6,1,1.025,1.272,6,0.47,2.75,43,4.72,1.2,1.83,1.95,3.11,3.67,53,17,0,0,0,1.29,2.96,3.58,6.27,3.41,21,79,0.865,0.797,5.649,629,5,104,2,agir_darbex1 nadir_tohumx1 kritik_gozx1 hizli_bilekx2 canavar_kesimix1 firtina_bilegix1,13,0,45
16,Run50_DengeV1,Hasar-değerli hedef,bahcivan,standart,101,boss=fog,39,,,124,115,5,4,0,0,44,31,27,19,3,2887,11318,2800,0,0,375,260,98,399,534,219,7242,40,1,43.38,1.6,1,1.025,1.272,6,0.47,2.861,43,5.26,1.28,1.54,1.96,2.63,2.67,51,42,10,13,0,1.79,3.26,3.35,2.97,1.71,23,81,0.827,0.716,5.701,639,2,106,2,agir_darbex1 nadir_tohumx1 kritik_gozx1 hizli_bilekx2 canavar_kesimix1 firtina_bilegix1,20,0,45
16,Run50_DengeV1,Hasar-değerli hedef,bahcivan,standart,101,boss=fog,40,,,91,88,2,1,0,0,26,30,21,7,7,2953,14271,2800,2953,500,423,220,122,577,754,146,5294,41,1,43.38,1.6,1,1.025,1.311,6,0.47,2.972,43,4.33,1.25,1.55,1.95,2.57,3.14,52,31,14,14,0,1.07,3.5,3.32,2.05,4.25,23,81,0.867,0.802,5.701,639,3,109,0,agir_darbex1 nadir_tohumx1 kritik_gozx1 hizli_bilekx2 canavar_kesimix1 firtina_bilegix1,14,0,45
16,Run50_DengeV1,Hasar-değerli hedef,bahcivan,standart,101,boss=fog,41,,,147,123,20,4,0,0,43,38,35,28,3,3554,3554,4500,0,0,489,320,169,516,514,235,8846,43,2,45.79,1.6,1,0.993,1.311,6,0.59,2.972,45,5.11,1.15,1.48,1.9,2.11,3,63,52,25,17,0,1.23,2.74,2.62,2.32,5.62,23,81,0.794,0.667,5.701,639,4,113,0,agir_darbex1 nadir_tohumx1 kritik_gozx2 hizli_bilekx2 canavar_kesimix1 firtina_bilegix1,28,0,45
16,Run50_DengeV1,Hasar-değerli hedef,bahcivan,standart,101,boss=fog,42,,,132,118,12,1,1,0,41,33,28,23,7,2524,6078,4500,0,0,498,280,201,584,434,436,7501,44,1,45.79,1.6,1,0.993,1.35,6,0.607,2.972,45,5.29,1.32,1.6,1.88,2.41,2.71,62,54,10,20,0,2.05,3.18,3.02,2.98,2.27,23,81,0.834,0.741,5.701,639,4,117,0,agir_darbex1 nadir_tohumx1 kritik_gozx2 hizli_bilekx2 canavar_kesimix1 firtina_bilegix1,23,0,45
16,Run50_DengeV1,Hasar-değerli hedef,bahcivan,standart,101,boss=fog,43,,,130,114,14,2,0,0,32,36,38,18,6,3641,9719,4500,0,0,630,405,140,674,839,241,7794,45,1,49.54,1.6,1,0.993,1.35,6,0.607,3.083,45,4.96,1.22,1.34,1.79,2.56,4,44,52,7,11,0,2.39,1.64,4.67,4.74,3.65,23,81,0.817,0.716,5.701,639,4,121,0,agir_darbex1 nadir_tohumx1 kritik_gozx2 hizli_bilekx2 canavar_kesimix1 firtina_bilegix1,22,0,45
16,Run50_DengeV1,Hasar-değerli hedef,bahcivan,standart,101,boss=fog,44,,,136,118,12,6,0,0,37,44,26,25,4,4668,14387,4500,0,0,546,314,205,670,433,446,7764,46,1,52.15,1.6,1,0.961,1.406,6,0.607,3.083,46,5.02,1.21,1.37,2,2.48,2.67,67,52,9,4,0,1,2.02,3.8,3.19,1.61,23,81,0.8,0.617,5.701,639,4,125,0,agir_darbex1 nadir_tohumx1 kritik_gozx2 hizli_bilekx2 canavar_kesimix1 firtina_bilegix1,27,0,45
16,Run50_DengeV1,Hasar-değerli hedef,bahcivan,standart,101,boss=fog,45,,,108,95,11,1,1,0,30,27,30,18,3,2135,16522,4500,2135,800,348,404,120,348,407,166,6824,47,1,56.1,1.6,1,0.961,1.406,6,0.623,3.194,46,3.93,1.23,1.29,2.1,2.24,2.67,61,63,7,7,0,2.05,2.04,6.03,1.3,1.61,23,81,0.843,0.741,5.701,639,5,130,0,agir_darbex1 nadir_tohumx1 kritik_gozx2 hizli_bilekx2 canavar_kesimix1 firtina_bilegix1,23,0,45
16,Run50_DengeV1,Hasar-değerli hedef,bahcivan,standart,101,boss=fog,46,,,122,111,9,0,2,0,35,33,24,22,8,3481,3481,6000,0,0,371,314,230,429,721,396,7728,48,1,56.1,1.6,1,0.961,1.406,6,0.623,3.194,46,4.72,1.1,1.38,2.04,2.73,3,70,53,6,0,0,0.4,0.96,3.51,3.06,1.92,23,81,0.83,0.704,5.701,639,1,131,0,agir_darbex1 nadir_tohumx2 kritik_gozx2 hizli_bilekx2 canavar_kesimix1 firtina_bilegix1,29,0,45
16,Run50_DengeV1,Hasar-değerli hedef,bahcivan,standart,101,boss=fog,47,,,124,116,4,0,4,0,41,33,30,16,4,1976,5457,6000,0,0,505,357,100,584,1078,166,8711,49,1,56.1,1.6,1,0.961,1.406,6,0.623,3.306,46,4.91,1.27,1.35,2.04,2.81,2.75,58,61,13,0,0,1.06,1.05,2.26,2.59,1.67,23,81,0.831,0.728,5.701,639,2,133,0,agir_darbex1 nadir_tohumx2 kritik_gozx2 hizli_bilekx2 canavar_kesimix1 firtina_bilegix1,24,0,45
16,Run50_DengeV1,Hasar-değerli hedef,bahcivan,standart,101,boss=fog,48,,,154,131,21,0,2,0,49,36,42,23,4,2763,8220,6000,0,0,522,468,167,536,656,208,10690,50,1,58.9,1.6,1,0.931,1.461,6,0.623,3.306,48,5.23,1.19,1.39,2.03,2.23,2.33,79,50,15,22,0,0.78,0.96,3.63,2.33,1.87,23,81,0.79,0.63,5.641,646,4,137,0,agir_darbex1 nadir_tohumx2 kritik_gozx2 hizli_bilekx2 canavar_kesimix1 firtina_bilegix1,26,0,45
16,Run50_DengeV1,Hasar-değerli hedef,bahcivan,standart,101,boss=fog,49,,,132,123,6,2,1,0,42,24,28,28,10,3715,11935,6000,0,0,572,392,328,643,788,536,8687,51,1,58.9,1.6,1,0.931,1.461,6,0.64,3.306,48,4.9,1.37,1.2,1.7,2.29,3.3,55,77,24,11,0,1.94,0.65,2.62,3.52,2.61,23,81,0.819,0.728,5.503,662,3,140,0,agir_darbex1 nadir_tohumx2 kritik_gozx2 hizli_bilekx2 canavar_kesimix1 firtina_bilegix1,25,0,45
16,Run50_DengeV1,Hasar-değerli hedef,bahcivan,standart,101,boss=fog,50,,,141,127,11,2,1,0,35,37,40,22,7,3214,15149,6000,0,0,546,484,298,809,772,314,8768,52,1,63.05,1.6,1,0.931,1.461,6,0.64,3.417,48,5.02,1.17,1.43,2,2.29,2.29,65,52,20,14,17,2.75,2.5,3.54,3.19,1.33,23,81,0.804,0.642,5.445,669,4,144,0,agir_darbex1 nadir_tohumx2 kritik_gozx2 hizli_bilekx2 canavar_kesimix1 firtina_bilegix1,29,0,45
16,Run50_DengeV1,Hasar-değerli hedef,bahcivan,standart,101,boss=fog,50,KAZANDI
