run,profile,policy,farmer,scythe,seed,label,round,outcome,boss,kills,direct,explosion,tornado,boomerang,electric,kCommon,kUncommon,kRare,kEpic,kLegendary,score,segScore,segTarget,bossScore,bossTarget,gold,iron,stone,bankGold,bankIron,bankStone,xp,level,cards,damage,directMult,behaviorMult,interval,radius,reachCells,crit,critMult,attacks,hitsPerAttack,htkCommon,htkUncommon,htkRare,htkEpic,htkLegendary,osCommon,osUncommon,osRare,osEpic,osLegendary,ttkCommon,ttkUncommon,ttkRare,ttkEpic,ttkLegendary,planters,points,fill,minFill,spawnInterval,capacity,tiersBought,treeTiers,plantersBought,rewards,best5s,emptyShare,duration
1,Run50_DengeV1,Dengeli,bahcivan,standart,100,hepsini alır (taban),1,,,13,13,0,0,0,0,12,1,0,0,0,15,15,45,0,0,28,0,0,28,0,0,270,1,0,10,1,1,3,1,5,0.3,2,13,2.08,1.83,3,,,,21,0,,,,2.5,6,,,,2,4,0.346,0,8,23,0,0,2,,3,0.205,45
1,Run50_DengeV1,Dengeli,bahcivan,standart,100,hepsini alır (taban),2,,,13,13,0,0,0,0,10,3,0,0,0,19,34,45,0,0,32,0,0,33,0,0,290,2,1,10,1,1,3,1,5,0.3,2,14,2.86,2.3,4,,,,0,0,,0,,4.5,9,,,,3,5,0.527,0,8,28,1,1,1,,3,0.044,45
1,Run50_DengeV1,Dengeli,bahcivan,standart,100,hepsini alır (taban),3,,,18,18,0,0,0,0,14,2,1,1,0,60,94,45,0,0,36,4,2,37,4,2,465,3,1,10.67,1,1,2.892,1,5,0.3,2,14,3.07,1.93,3.5,4,1,,20,0,0,,,3.73,10.13,11.57,0,,4,6,0.462,0,8,34,2,3,1,,6,0.113,45
1,Run50_DengeV1,Dengeli,bahcivan,standart,100,hepsini alır (taban),4,,,18,18,0,0,0,0,12,5,1,0,0,37,131,45,0,0,44,4,0,48,8,2,462,4,1,11.33,1,1,2.892,1,5,0.3,2,15,3,1.75,2.8,2,,,23,0,0,,,2.89,7.52,2.9,,,5,7,0.539,0.143,7.637,41,2,5,1,,5,0.026,45
1,Run50_DengeV1,Dengeli,bahcivan,standart,100,hepsini alır (taban),5,,,21,21,0,0,0,0,16,4,1,0,0,38,169,45,38,8,48,4,0,50,12,2,534,5,1,11.33,1,1,2.892,1,5,0.3,2,15,3.73,2.31,2,4,,,6,0,,,,6.15,5.07,8.7,,,6,9,0.625,0.333,7.665,53,1,6,1,,4,0,45
1,Run50_DengeV1,Dengeli,bahcivan,standart,100,hepsini alır (taban),6,,,24,24,0,0,0,0,17,5,2,0,0,52,52,110,0,0,54,8,0,56,20,2,691,7,2,11.33,1.25,1,2.789,1,5,0.3,2,16,3.44,1.88,2,3,,,29,0,0,,,2.95,3.91,11.15,,,6,9,0.558,0.333,7.665,53,3,9,0,keskin_bicakx1,5,0,45
1,Run50_DengeV1,Dengeli,bahcivan,standart,100,hepsini alır (taban),7,,,28,28,0,0,0,0,21,6,1,0,0,49,101,110,0,0,72,4,0,78,24,2,770,8,1,12,1.25,1,2.689,1,5,0.3,2,16,3.56,1.86,1.83,2,,,15,0,,,,4.48,2.25,16.13,,,7,10,0.516,0.2,7.303,62,3,12,1,keskin_bicakx1,6,0,45
1,Run50_DengeV1,Dengeli,bahcivan,standart,100,hepsini alır (taban),8,,,35,35,0,0,0,0,30,4,1,0,0,52,153,110,0,0,80,4,0,98,28,2,938,10,2,12,1.25,1,2.689,1,5,0.3,2,16,3.81,1.53,2,3,,,36,0,0,,,2.6,8.74,21.5,,,9,13,0.551,0.231,7.223,81,0,12,2,keskin_bicakx1,7,0,45
1,Run50_DengeV1,Dengeli,bahcivan,standart,100,hepsini alır (taban),9,,,29,29,0,0,0,0,23,4,2,0,0,55,208,110,0,0,66,8,0,68,21,2,847,11,1,12.67,1.25,1,2.689,1,5,0.3,2,16,4.06,1.65,2.5,4,,,22,0,0,,,3.86,6.06,12.1,,,10,15,0.707,0.467,7.103,95,5,17,1,keskin_bicakx1,5,0,45
1,Run50_DengeV1,Dengeli,bahcivan,standart,100,hepsini alır (taban),10,,,29,29,0,0,0,0,23,2,4,0,0,69,277,110,69,20,56,16,0,58,37,2,889,12,1,13.33,1.25,1,2.592,1,5,0.3,2,17,3.41,1.61,2,2.25,,,38,0,0,,,3.15,6.48,7.13,,,11,16,0.538,0.313,7.006,103,4,21,1,keskin_bicakx1,6,0,45
1,Run50_DengeV1,Dengeli,bahcivan,standart,100,hepsini alır (taban),11,,,33,33,0,0,0,0,26,5,2,0,0,61,61,150,0,0,103,8,0,105,15,2,1011,13,1,13.33,1.25,1,2.592,1.32,6,0.3,2,17,5.12,2.04,2.4,3,,,4,0,0,,,4.79,6.21,14.25,,,12,18,0.699,0.5,7.057,115,2,23,1,keskin_bicakx1 genis_savurusx1,5,0,45
1,Run50_DengeV1,Dengeli,bahcivan,standart,100,hepsini alır (taban),12,,,40,40,0,0,0,0,26,12,2,0,0,82,143,150,0,0,138,8,0,152,23,2,1216,15,2,14.67,1.25,1,2.5,1.32,6,0.3,2,17,5.29,1.65,2.25,3.5,,,20,0,0,,,3.56,6.25,15,,,13,20,0.679,0.5,6.925,130,4,27,1,keskin_bicakx1 genis_savurusx1,10,0,45
1,Run50_DengeV1,Dengeli,bahcivan,standart,100,hepsini alır (taban),13,,,44,44,0,0,0,0,27,10,7,0,0,133,276,150,0,0,131,28,0,131,51,2,1522,16,1,15.33,1.25,1,2.324,1.32,6,0.3,2,19,5.42,1.67,2.2,3.14,,,17,0,0,,,4.13,6.97,15.27,,,15,23,0.714,0.478,6.821,152,6,33,2,keskin_bicakx1 genis_savurusx1,9,0,45
1,Run50_DengeV1,Dengeli,bahcivan,standart,100,hepsini alır (taban),14,,,47,47,0,0,0,0,30,12,3,2,0,157,433,150,0,0,150,12,4,161,38,6,1615,18,2,15.33,1.25,1,2.324,1.32,6,0.3,2,19,5.84,1.73,2,3.67,4.5,,18,0,0,0,,4.03,8.34,16.26,17.42,,17,25,0.725,0.56,6.644,169,2,35,2,keskin_bicakx1 genis_savurusx1,10,0,45
1,Run50_DengeV1,Dengeli,bahcivan,standart,100,hepsini alır (taban),15,,,49,49,0,0,0,0,32,11,5,1,0,145,578,150,145,30,162,20,2,180,58,8,1746,19,1,17.38,1.25,1,2.324,1.423,6,0.3,2,19,5.89,1.72,2.36,2.8,4,,24,0,0,0,,5.59,7.6,14.87,25.57,,17,25,0.706,0.44,6.471,174,6,41,0,keskin_bicakx1 genis_savurusx1,13,0,45
1,Run50_DengeV1,Dengeli,bahcivan,standart,100,hepsini alır (taban),16,,,69,67,0,2,0,0,48,16,3,2,0,186,186,220,0,0,240,12,4,251,45,12,2478,21,2,18.13,1.25,1,1.836,1.474,6,0.3,2,24,5.88,1.6,2.27,3,3,,26,0,0,0,0,3.75,9.17,7.33,10.1,,15,25,0.622,0.44,6.06,186,10,51,1,keskin_bicakx1 genis_savurusx1 hizli_bilekx1,11,0,45
1,Run50_DengeV1,Dengeli,bahcivan,standart,100,hepsini alır (taban),17,,,70,69,0,1,0,0,51,12,5,1,1,276,462,220,0,0,225,25,10,233,70,22,2672,23,2,19.2,1.25,1,1.836,1.474,6,0.3,2,24,5.79,1.64,1.92,3,2,3,30,0,0,,,3.34,3.98,10.65,1.83,9.17,15,25,0.598,0.48,6.06,186,4,55,0,keskin_bicakx1 genis_savurusx1 hizli_bilekx1,11,0,45
1,Run50_DengeV1,Dengeli,bahcivan,standart,100,hepsini alır (taban),18,,,68,64,0,4,0,0,47,11,10,0,0,193,655,220,0,0,207,50,0,252,95,22,3253,24,1,20.27,1.25,1,1.836,1.525,6,0.3,2,24,5.92,1.67,2.13,2.7,,,26,0,0,0,,3.55,7.8,9.18,,,14,25,0.635,0.4,5.57,202,8,63,1,keskin_bicakx1 genis_savurusx1 hizli_bilekx1,12,0,45
1,Run50_DengeV1,Dengeli,bahcivan,standart,100,hepsini alır (taban),19,,,69,65,0,4,0,0,44,16,8,1,0,221,876,220,0,0,228,40,2,315,60,24,4034,26,2,20.27,1.25,1,1.778,1.577,6,0.3,2,25,5.88,1.6,2.13,2.5,1,,39,0,0,0,,3.09,6.11,8.29,0,,12,25,0.663,0.44,5.491,205,3,66,1,keskin_bicakx1 genis_savurusx1 hizli_bilekx1,13,0,45
1,Run50_DengeV1,Dengeli,bahcivan,standart,100,hepsini alır (taban),20,,,60,55,0,5,0,0,34,14,8,2,2,740,1616,220,740,45,186,60,12,201,80,36,4057,28,2,23.08,1.25,1,1.778,1.577,6,0.3,2,25,4.76,1.45,1.92,2,2,4,46,0,0,0,0,2.47,3.14,8.9,8.88,10.67,12,25,0.729,0.56,5.491,205,3,69,0,keskin_bicakx1 genis_savurusx1 hizli_bilekx1,10,0,45
1,Run50_DengeV1,Dengeli,bahcivan,standart,100,hepsini alır (taban),21,,,75,74,0,1,0,0,32,30,9,4,0,488,488,300,0,0,276,45,8,277,60,44,4822,30,2,23.08,1.563,1,1.778,1.577,6,0.3,2,25,5.76,1.68,1.87,1.89,1.75,,26,12,0,0,,3.5,4.8,4.15,4,,12,25,0.635,0.36,5.491,205,3,72,0,keskin_bicakx2 genis_savurusx1 hizli_bilekx1,13,0,45
1,Run50_DengeV1,Dengeli,bahcivan,standart,100,hepsini alır (taban),22,,,66,65,0,1,0,0,36,19,7,2,2,900,1388,300,0,0,243,86,4,250,88,28,4039,31,1,24.3,1.563,1,1.778,1.628,6,0.3,2,25,5.96,1.64,2,2.43,2,3.5,25,10,0,0,0,5.28,6.82,8.14,4.45,17.78,15,35,0.743,0.229,5.611,281,4,76,5,keskin_bicakx2 genis_savurusx1 hizli_bilekx1,16,0,45
1,Run50_DengeV1,Dengeli,bahcivan,standart,100,hepsini alır (taban),23,,,67,67,0,0,0,0,34,17,10,5,1,1158,2546,300,0,0,207,66,20,372,104,48,4290,32,1,25.51,1.563,1,1.778,1.628,6,0.3,2,25,6,1.65,1.76,2,1.8,4,16,13,0,0,0,4.39,5.65,6.22,6.05,17.77,16,42,0.796,0.571,5.643,335,1,77,4,keskin_bicakx2 genis_savurusx1 hizli_bilekx1,11,0,45
1,Run50_DengeV1,Dengeli,bahcivan,standart,100,hepsini alır (taban),24,,,69,66,0,3,0,0,30,18,11,9,1,1067,3613,300,0,0,222,72,30,354,163,58,5151,34,2,25.51,1.563,1,1.722,1.628,6,0.3,2,26,6,1.54,2.11,2.36,2.33,,36,6,0,0,0,3.38,7.94,7.82,14.73,,17,47,0.798,0.553,5.7,371,1,78,5,keskin_bicakx2 genis_savurusx1 hizli_bilekx1,11,0,45
1,Run50_DengeV1,Dengeli,bahcivan,standart,100,hepsini alır (taban),25,,,74,73,0,1,0,0,30,21,13,8,2,969,4582,300,969,65,276,96,26,300,271,64,5224,35,1,28.62,1.563,1,1.722,1.628,6,0.317,2,26,6,1.45,1.9,1.92,2.38,1,33,5,0,0,0,2.55,6.4,7.42,9.47,0,16,49,0.729,0.592,5.656,390,2,80,2,keskin_bicakx2 genis_savurusx1 hizli_bilekx1,12,0,45
1,Run50_DengeV1,Dengeli,bahcivan,standart,100,hepsini alır (taban),26,,,85,84,0,1,0,0,36,20,21,7,1,1024,1024,500,0,0,249,132,35,269,160,79,6455,37,2,28.62,1.953,1,1.722,1.679,6,0.317,2,26,6,1.57,1.45,1.86,2.14,1,32,44,0,0,,3.15,2.15,7.63,10.83,0,15,49,0.797,0.612,5.469,403,4,84,1,keskin_bicakx3 genis_savurusx1 hizli_bilekx1,13,0,45
1,Run50_DengeV1,Dengeli,bahcivan,standart,100,hepsini alır (taban),27,,,77,76,0,1,0,0,19,25,23,8,2,1128,2152,500,0,0,327,168,24,341,328,103,6314,38,1,29.99,1.953,1,1.722,1.731,6,0.317,2,26,6,1.42,1.6,2.09,2,4,47,36,5,0,0,3.18,4.96,7.2,8.61,24.12,15,49,0.808,0.694,5.428,406,4,88,0,keskin_bicakx3 genis_savurusx1 hizli_bilekx1,12,0,45
1,Run50_DengeV1,Dengeli,bahcivan,standart,100,hepsini alır (taban),28,,,77,77,0,0,0,0,30,23,14,7,3,1310,3462,500,0,0,339,137,21,420,170,24,5761,39,1,29.99,1.953,1,1.668,1.731,6,0.317,2,26,6,1.37,1.7,2.14,2.86,1.33,53,25,0,0,,2.5,3.62,7.74,8.81,2.78,15,49,0.804,0.673,5.378,410,4,92,0,keskin_bicakx3 genis_savurusx1 hizli_bilekx1,16,0,45
1,Run50_DengeV1,Dengeli,bahcivan,standart,100,hepsini alır (taban),29,,,80,80,0,0,0,0,29,25,16,9,1,956,4418,500,0,0,294,126,33,319,221,57,5934,40,1,33.24,1.953,1,1.668,1.731,6,0.317,2,26,6,1.52,1.56,1.88,2,3,33,32,6,0,0,4.72,4.14,6.67,4.63,8.33,16,59,0.817,0.61,5.432,489,2,94,4,keskin_bicakx3 genis_savurusx1 hizli_bilekx1,16,0,45
1,Run50_DengeV1,Dengeli,bahcivan,standart,100,hepsini alır (taban),30,,,84,84,0,0,0,0,48,20,10,5,1,668,5086,500,668,100,309,109,15,423,330,52,5037,41,1,33.24,1.953,1,1.668,1.804,6,0.317,2,26,6,1.46,1.55,1.9,1.8,3,45,43,0,0,0,2.85,4.09,8.67,6.01,21.67,19,66,0.826,0.682,5.56,534,1,95,4,keskin_bicakx3 genis_savurusx1 hizli_bilekx1,18,0,45
1,Run50_DengeV1,Dengeli,bahcivan,standart,100,hepsini alır (taban),31,,,153,144,1,8,0,0,62,39,34,13,5,2840,2840,1200,0,0,444,309,93,452,351,125,9956,43,2,34.76,1.953,1,1.418,1.855,9,0.333,2,31,8.97,1.34,1.56,2.03,2.31,2.2,56,26,0,0,0,2.12,3.9,7.73,10.9,8.51,20,71,0.764,0.634,5.594,571,4,99,2,keskin_bicakx3 genis_savurusx1 hizli_bilekx2,25,0,45
1,Run50_DengeV1,Dengeli,bahcivan,standart,100,hepsini alır (taban),32,,,155,136,0,19,0,0,64,39,32,12,8,3331,6171,1200,0,0,606,356,97,608,449,152,9954,44,1,34.76,1.953,1,1.418,1.855,9,0.333,2,31,9,1.44,1.53,1.97,2.18,2.13,33,32,4,0,0,3.03,3.58,8.07,11.47,7.63,22,77,0.752,0.623,5.653,613,6,105,3,keskin_bicakx3 genis_savurusx1 hizli_bilekx2,25,0,45
1,Run50_DengeV1,Dengeli,bahcivan,standart,100,hepsini alır (taban),33,,,149,130,0,19,0,0,56,43,32,15,3,2166,8337,1200,0,0,615,256,100,823,475,107,9457,45,1,34.76,1.953,1,1.373,1.855,9,0.333,2,32,9,1.51,1.62,2.07,2.33,3,27,16,0,0,0,3.84,5.46,8.19,8.93,17.39,24,81,0.783,0.642,5.702,639,5,110,2,keskin_bicakx3 genis_savurusx1 hizli_bilekx2,25,0,45
1,Run50_DengeV1,Dengeli,bahcivan,standart,100,hepsini alır (taban),34,,,171,154,0,16,0,1,74,38,39,16,4,2465,10802,1200,0,0,806,393,80,864,868,92,10340,47,2,39.82,1.953,1,1.373,1.929,9,0.333,2,32,9,1.28,1.5,1.86,2.2,1.5,46,21,0,0,0,1.59,3.67,6.35,8.97,2.07,24,81,0.754,0.63,5.702,639,5,115,0,keskin_bicakx3 genis_savurusx1 hizli_bilekx2,31,0,45
1,Run50_DengeV1,Dengeli,bahcivan,standart,100,hepsini alır (taban),35,,,107,87,0,19,0,1,47,28,17,11,4,1734,12536,1200,1734,220,532,222,70,796,290,162,6760,47,0,39.82,1.953,1,1.33,1.929,9,0.35,2,33,6,1.38,1.78,2,2.63,2,26,20,7,0,0,1.87,3.93,5.42,12.8,6.64,24,81,0.833,0.716,5.702,639,3,118,0,keskin_bicakx3 genis_savurusx1 hizli_bilekx2,21,0,45
1,Run50_DengeV1,Dengeli,bahcivan,standart,100,hepsini alır (taban),36,,,220,194,5,20,0,1,85,70,37,22,6,3333,3333,2800,0,0,970,384,195,1206,414,207,13234,49,2,43.38,1.953,1,1.33,2.546,12,0.35,2.111,33,11.7,1.37,1.51,2.07,2.23,2.6,38,41,0,0,0,2.89,4.19,5.54,8.11,13.03,24,81,0.699,0.519,5.563,655,4,122,0,keskin_bicakx3 genis_savurusx2 hizli_bilekx2,35,0,45
1,Run50_DengeV1,Dengeli,bahcivan,standart,100,hepsini alır (taban),37,,,217,199,3,15,0,0,85,63,49,19,1,2905,6238,2800,0,0,838,557,105,979,971,117,13593,50,1,43.38,1.953,1,1.33,2.643,12,0.367,2.222,33,11.82,1.41,1.72,1.83,2.11,3,36,24,8,0,0,2.56,5.05,5.32,7.61,13.3,24,81,0.704,0.519,5.563,655,6,128,0,keskin_bicakx3 genis_savurusx2 hizli_bilekx2,34,0,45
1,Run50_DengeV1,Dengeli,bahcivan,standart,100,hepsini alır (taban),38,,,222,196,12,14,0,0,70,70,48,24,10,4549,10787,2800,0,0,1162,628,170,1691,679,287,14750,52,2,45.79,1.953,1,1.33,2.643,12,0.367,2.222,33,11.94,1.36,1.55,1.87,2.29,2.11,42,34,5,0,0,2.18,3.26,5.81,10.77,7.24,24,81,0.695,0.568,5.563,655,3,131,0,keskin_bicakx3 genis_savurusx2 hizli_bilekx2,36,0,45
1,Run50_DengeV1,Dengeli,bahcivan,standart,100,hepsini alır (taban),39,,,234,199,10,23,0,2,97,58,46,25,8,4431,15218,2800,0,0,1005,584,225,1286,943,272,14708,53,1,49.54,1.953,1,1.288,2.643,12,0.367,2.333,34,11.91,1.39,1.63,1.89,2.04,2,38,27,10,0,0,2.37,3.77,6.26,5.55,6.6,24,81,0.671,0.494,5.426,672,5,136,0,keskin_bicakx3 genis_savurusx2 hizli_bilekx2,35,0,45
1,Run50_DengeV1,Dengeli,bahcivan,standart,100,hepsini alır (taban),40,,,216,194,11,7,0,4,82,64,53,17,0,2974,18192,2800,2974,500,876,540,85,1172,763,247,12941,54,1,52.15,1.953,1,1.288,2.739,12,0.383,2.333,34,11.06,1.41,1.53,2.07,2,,49,30,13,0,0,1.69,3.27,6.81,4.88,,24,81,0.592,0.407,5.352,681,5,141,0,keskin_bicakx3 genis_savurusx2 hizli_bilekx2,33,0,45
1,Run50_DengeV1,Dengeli,bahcivan,standart,100,hepsini alır (taban),41,,,225,196,7,22,0,0,87,66,39,26,7,4415,4415,4500,0,0,1022,648,155,1204,981,402,14986,56,2,52.15,1.953,1,1.288,2.739,12,0.383,2.333,34,12,1.44,1.65,2,2.33,2,40,26,10,0,0,2.65,3.89,6.25,6.76,7.36,24,81,0.748,0.556,4.549,801,3,144,0,keskin_bicakx3 genis_savurusx2 hizli_bilekx2 bereketli_toprakx1,37,0,45
1,Run50_DengeV1,Dengeli,bahcivan,standart,100,hepsini alır (taban),42,,,222,202,3,16,0,1,91,52,38,31,10,5198,9613,4500,0,0,960,590,300,1244,1191,412,15473,57,1,52.15,1.953,1,1.288,2.739,12,0.383,2.444,34,12,1.41,1.55,1.97,2.38,2.5,41,29,10,0,0,2.83,3.57,4.28,9.42,11.46,24,81,0.748,0.642,4.438,821,3,147,0,keskin_bicakx3 genis_savurusx2 hizli_bilekx2 bereketli_toprakx1,34,0,45
1,Run50_DengeV1,Dengeli,bahcivan,standart,100,hepsini alır (taban),43,,,269,220,8,40,0,1,106,74,56,23,10,5007,14620,4500,0,0,1324,693,267,1378,994,554,17974,58,1,58.9,1.953,1,1.248,2.739,12,0.383,2.444,36,11.94,1.39,1.36,1.95,2.18,2.57,43,43,13,0,0,1.99,1.87,5.48,6.02,9.44,24,81,0.711,0.58,4.438,821,5,152,0,keskin_bicakx3 genis_savurusx2 hizli_bilekx2 bereketli_toprakx1,43,0,45
1,Run50_DengeV1,Dengeli,bahcivan,standart,100,hepsini alır (taban),44,,,248,222,4,20,0,2,111,59,53,15,10,4798,19418,4500,0,0,1356,753,146,1994,807,230,15746,59,1,58.9,1.953,1,1.248,2.836,12,0.4,2.556,36,12,1.36,1.65,1.88,2.14,2.1,44,24,19,0,0,2.3,4.32,6.29,6.32,7.24,24,81,0.73,0.642,4.329,842,6,158,0,keskin_bicakx3 genis_savurusx2 hizli_bilekx2 bereketli_toprakx1,39,0,45
1,Run50_DengeV1,Dengeli,bahcivan,standart,100,hepsini alır (taban),45,,,234,205,6,21,0,2,88,61,44,35,6,4763,24181,4500,4763,800,932,663,272,1316,1470,502,16930,60,1,63.05,1.953,1,1.208,2.836,12,0.4,2.556,37,12,1.38,1.7,2.28,2.35,2.2,45,19,11,4,0,1.85,4.41,5.39,7.29,6.53,24,81,0.755,0.568,4.255,857,3,161,0,keskin_bicakx3 genis_savurusx2 hizli_bilekx2 bereketli_toprakx1,40,0,45
1,Run50_DengeV1,Dengeli,bahcivan,standart,100,hepsini alır (taban),46,,,279,247,9,22,0,1,111,90,39,32,7,5323,5323,6000,0,0,1470,493,304,2336,863,426,18849,62,2,66.05,1.953,1,1.208,2.836,12,0.4,2.667,37,12,1.36,1.49,1.63,2.17,2.33,51,38,29,0,0,1.23,3.02,3.8,7.16,5.23,24,81,0.704,0.531,4.255,857,3,164,0,keskin_bicakx3 genis_savurusx2 hizli_bilekx2 bereketli_toprakx1 nadir_tohumx1,47,0,45
1,Run50_DengeV1,Dengeli,bahcivan,standart,100,hepsini alır (taban),47,,,274,236,10,26,1,1,104,75,48,40,7,5718,11041,6000,0,0,1391,801,281,2127,1154,552,19803,63,1,72.57,1.953,1,1.208,2.933,12,0.4,2.667,37,12,1.31,1.54,1.74,2.06,2.67,43,34,38,0,0,1.14,2.51,5.52,7.15,7.86,24,81,0.718,0.543,4.151,878,4,168,0,keskin_bicakx3 genis_savurusx2 hizli_bilekx2 bereketli_toprakx1 nadir_tohumx1,44,0,45
1,Run50_DengeV1,Dengeli,bahcivan,standart,100,hepsini alır (taban),48,,,264,235,10,17,2,0,105,68,51,29,11,6293,17334,6000,0,0,1374,777,301,1531,1361,433,20102,64,1,72.57,1.953,1,1.208,2.933,12,0.417,2.778,37,12,1.4,1.45,1.8,2.21,2,41,48,20,0,0,2.06,2.36,5.1,6.83,5.38,24,81,0.717,0.593,4.151,878,5,173,0,keskin_bicakx3 genis_savurusx2 hizli_bilekx2 bereketli_toprakx1 nadir_tohumx1,43,0,45
1,Run50_DengeV1,Dengeli,bahcivan,standart,100,hepsini alır (taban),49,,,293,254,11,25,1,2,116,70,59,37,11,6711,24045,6000,0,0,1539,924,288,1660,1085,551,23233,65,1,75.87,1.953,1,1.17,2.933,12,0.417,2.778,38,11.97,1.32,1.48,1.72,1.79,2.6,52,48,34,12,0,1.29,2.79,4.06,5.13,9.13,24,81,0.696,0.568,4.151,878,4,177,0,keskin_bicakx3 genis_savurusx2 hizli_bilekx2 bereketli_toprakx1 nadir_tohumx1,48,0,45
1,Run50_DengeV1,Dengeli,bahcivan,standart,100,hepsini alır (taban),50,,,301,255,9,31,6,0,107,81,68,33,12,7187,31232,6000,0,0,1679,1020,324,1969,1535,405,24676,67,2,80.41,1.953,1,1.17,3.03,13,0.417,2.889,38,12.45,1.34,1.42,1.71,1.86,2.4,50,45,33,21,0,1.62,2.63,3.1,5.29,5.5,24,81,0.699,0.58,4.049,900,5,182,0,keskin_bicakx3 genis_savurusx2 hizli_bilekx2 bereketli_toprakx1 nadir_tohumx1,46,0,45
1,Run50_DengeV1,Dengeli,bahcivan,standart,100,hepsini alır (taban),50,KAZANDI
2,Run50_DengeV1,Dengeli,bahcivan,standart,101,hepsini alır (taban),1,,,13,13,0,0,0,0,12,1,0,0,0,15,15,45,0,0,28,0,0,28,0,0,270,1,0,10,1,1,3,1,5,0.3,2,12,2.25,2,3,,,,17,0,,,,3,6,,,,2,4,0.339,0,8,23,0,0,2,,4,0.351,45
2,Run50_DengeV1,Dengeli,bahcivan,standart,101,hepsini alır (taban),2,,,14,14,0,0,0,0,11,2,1,0,0,27,42,45,0,0,30,4,0,31,4,0,320,2,1,10,1,1,3,1,5,0.3,2,14,2.71,2.36,2,5,,,0,0,0,,,4.64,3,21,,,3,5,0.501,0.2,8,28,1,1,1,,4,0,45
2,Run50_DengeV1,Dengeli,bahcivan,standart,101,hepsini alır (taban),3,,,16,16,0,0,0,0,10,4,2,0,0,42,84,45,0,0,36,8,0,40,12,0,400,3,1,10,1,1,2.892,1,5,0.3,2,15,3.07,2.6,2.75,3.5,,,0,0,0,,,6.07,6.51,7.23,,,4,6,0.546,0,8,34,1,2,1,,5,0.05,45
2,Run50_DengeV1,Dengeli,bahcivan,standart,101,hepsini alır (taban),4,,,20,20,0,0,0,0,18,1,1,0,0,31,115,45,0,0,40,4,0,40,16,0,430,4,1,10,1,1,2.892,1,5,0.3,2,15,3.4,2.11,3,4,,,0,0,0,,,4.99,8.7,8.7,,,5,8,0.549,0.25,8,45,0,2,1,,5,0,45
2,Run50_DengeV1,Dengeli,bahcivan,standart,101,hepsini alır (taban),5,,,15,15,0,0,0,0,6,7,1,1,0,67,182,45,67,8,40,4,2,42,20,2,420,5,1,11.33,1,1,2.892,1,5,0.3,2,15,3,2.33,2.43,3,5,,14,0,0,0,,5.3,7.03,5.8,26.03,,6,9,0.471,0.222,7.347,55,3,5,1,,4,0,45
2,Run50_DengeV1,Dengeli,bahcivan,standart,101,hepsini alır (taban),6,,,22,22,0,0,0,0,13,7,2,0,0,54,54,110,0,0,54,8,0,57,28,2,550,6,1,11.33,1,1,2.459,1,5,0.3,2,18,3.72,2.31,3.43,3,,,0,0,0,,,5.29,8.43,9.83,,,6,9,0.671,0.333,7.032,58,2,7,0,hizli_bilekx1,5,0,45
2,Run50_DengeV1,Dengeli,bahcivan,standart,101,hepsini alır (taban),7,,,23,23,0,0,0,0,15,7,1,0,0,46,100,110,0,0,65,4,0,68,32,2,582,7,1,12,1,1,2.37,1,5,0.3,2,18,3.61,2.27,3.14,1,,,0,0,,,,3.79,8.47,0,,,7,10,0.643,0.3,7.142,63,4,11,1,hizli_bilekx1,7,0,45
2,Run50_DengeV1,Dengeli,bahcivan,standart,101,hepsini alır (taban),8,,,24,24,0,0,0,0,16,7,1,0,0,47,147,110,0,0,67,4,0,74,21,2,603,8,1,12,1,1,2.286,1,5,0.3,2,19,3.74,2.25,3,5,,,0,0,0,,,5.14,9.15,22.87,,,8,11,0.668,0.455,7.225,69,3,14,1,hizli_bilekx1,6,0,45
2,Run50_DengeV1,Dengeli,bahcivan,standart,101,hepsini alır (taban),9,,,29,29,0,0,0,0,20,8,1,0,0,54,201,110,0,0,80,4,0,83,25,2,777,10,2,12.67,1,1,2.204,1,5,0.3,2,20,3.8,2.4,2.63,5,,,6,0,0,,,5.62,7.71,33.03,,,9,12,0.697,0.333,6.992,77,5,19,1,hizli_bilekx1,7,0,45
2,Run50_DengeV1,Dengeli,bahcivan,standart,101,hepsini alır (taban),10,,,24,24,0,0,0,0,17,4,3,0,0,59,260,110,59,20,71,12,0,77,37,2,696,11,1,13.33,1,1,2.204,1,5,0.3,2,20,4.15,2.71,3,4,,,0,0,0,,,7.52,9.36,11.74,,,10,14,0.721,0.286,7.054,89,3,22,1,hizli_bilekx1,5,0,45
2,Run50_DengeV1,Dengeli,bahcivan,standart,101,hepsini alır (taban),11,,,42,40,2,0,0,0,30,10,2,0,0,80,80,150,0,0,140,8,0,148,15,2,1176,12,1,14.67,1,1,2.125,1.32,6,0.3,2,21,4.86,2.07,2.6,4,,,0,0,0,,,3.19,6.16,11.68,,,10,14,0.584,0.357,6.881,92,6,28,0,hizli_bilekx1 genis_savurusx1,8,0,45
2,Run50_DengeV1,Dengeli,bahcivan,standart,101,hepsini alır (taban),12,,,39,39,0,0,0,0,28,9,2,0,0,75,155,150,0,0,138,8,0,140,23,2,1144,14,2,15.33,1,1,2.048,1.32,6,0.3,2,21,5.1,2.25,2.78,4,,,0,0,0,,,5.49,7.74,15.37,,,11,17,0.649,0.412,6.653,115,5,33,1,hizli_bilekx1 genis_savurusx1,9,0,45
2,Run50_DengeV1,Dengeli,bahcivan,standart,101,hepsini alır (taban),13,,,47,40,2,5,0,0,26,14,5,2,0,178,333,150,0,0,162,20,4,170,43,6,1661,15,1,16,1,1,1.975,1.32,6,0.3,2,22,5.59,1.86,2.73,3.2,4,,3,0,0,0,,2.6,6.46,14.21,20.73,,12,20,0.667,0.45,6.473,139,4,37,1,hizli_bilekx1 genis_savurusx1,10,0,45
2,Run50_DengeV1,Dengeli,bahcivan,standart,101,hepsini alır (taban),14,,,51,45,3,3,0,0,43,6,2,0,0,81,414,150,0,0,165,8,0,175,26,6,1519,17,2,16,1,1,1.975,1.32,6,0.3,2,22,5.68,2,3,4.5,,,3,0,0,,0,5.41,11.46,21.73,,,14,24,0.689,0.375,6.558,165,2,39,2,hizli_bilekx1 genis_savurusx1,13,0,45
2,Run50_DengeV1,Dengeli,bahcivan,standart,101,hepsini alır (taban),15,,,46,44,0,2,0,0,26,14,6,0,0,128,542,150,128,30,162,24,0,183,50,6,1603,18,1,18.13,1,1,1.975,1.423,6,0.3,2,22,5.41,2,2.46,3,,,14,0,0,,,5.37,7.6,10.21,,,15,25,0.577,0.36,6.592,171,5,44,1,hizli_bilekx1 genis_savurusx1,11,0,45
2,Run50_DengeV1,Dengeli,bahcivan,standart,101,hepsini alır (taban),16,,,57,51,1,5,0,0,35,19,2,0,1,212,212,220,0,0,264,10,0,280,35,6,2086,20,2,18.13,1,1,1.836,1.474,6,0.3,2,24,5.92,2.06,2.94,3.5,,1,6,0,0,0,0,6.04,9.5,17.43,,0,14,25,0.738,0.44,6.468,174,9,53,1,hizli_bilekx1 genis_savurusx1 nadir_tohumx1,14,0,45
2,Run50_DengeV1,Dengeli,bahcivan,standart,101,hepsini alır (taban),17,,,56,53,0,3,0,0,34,15,3,3,1,299,511,220,0,0,192,15,14,192,50,20,2144,21,1,20.27,1,1,1.836,1.525,6,0.3,2,24,5.88,1.97,2.54,3,2.67,2,9,0,0,0,,6.62,6.63,5.52,6.12,3.67,14,25,0.698,0.4,6.396,176,4,57,0,hizli_bilekx1 genis_savurusx1 nadir_tohumx1,13,0,45
2,Run50_DengeV1,Dengeli,bahcivan,standart,101,hepsini alır (taban),18,,,56,46,2,8,0,0,28,15,9,4,0,283,794,220,0,0,174,45,8,228,45,28,2549,23,2,20.27,1,1,1.836,1.525,6,0.3,2,24,6,2.13,2.67,3.5,1.67,,0,0,0,0,0,4.15,7.81,8.48,3.06,,14,25,0.76,0.48,5.938,189,7,64,0,hizli_bilekx1 genis_savurusx1 nadir_tohumx1,10,0,45
2,Run50_DengeV1,Dengeli,bahcivan,standart,101,hepsini alır (taban),19,,,54,46,3,5,0,0,28,15,8,1,2,460,1254,220,0,0,219,40,10,242,45,38,2427,24,1,20.27,1,1,1.778,1.577,6,0.3,2,25,5.96,2.04,2.86,3,5,5,4,0,0,0,0,3.4,11.56,6.22,10.67,32,14,25,0.754,0.52,5.773,195,3,67,0,hizli_bilekx1 genis_savurusx1 nadir_tohumx1,10,0,45
2,Run50_DengeV1,Dengeli,bahcivan,standart,101,hepsini alır (taban),20,,,38,37,0,1,0,0,18,12,6,2,0,205,1459,220,205,45,126,30,4,168,45,42,1700,25,1,20.27,1,1,1.778,1.577,6,0.3,2,25,5.96,2.53,2.83,3.5,3.5,,0,0,0,0,,6.9,10.52,7.11,12.43,,14,25,0.819,0.64,5.773,195,2,69,0,hizli_bilekx1 genis_savurusx1 nadir_tohumx1,9,0,45
2,Run50_DengeV1,Dengeli,bahcivan,standart,101,hepsini alır (taban),21,,,59,57,0,2,0,0,23,20,12,3,1,439,439,300,0,0,189,80,6,237,102,28,2835,26,1,23.08,1,1,1.512,1.577,6,0.3,2,29,5.97,2.05,2.47,2.83,3.67,5,0,0,0,0,0,5.7,5.57,6.55,14.6,13.6,14,26,0.76,0.577,5.747,204,2,71,2,hizli_bilekx2 genis_savurusx1 nadir_tohumx1,12,0,45
2,Run50_DengeV1,Dengeli,bahcivan,standart,101,hepsini alır (taban),22,,,65,59,3,3,0,0,30,17,9,7,2,678,1117,300,0,0,192,85,14,194,92,42,3171,28,2,24.3,1,1,1.512,1.577,6,0.3,2,29,5.93,1.96,2.4,2.5,3,4,10,0,0,0,0,7.12,6.25,5.29,14.11,6.05,13,32,0.783,0.594,5.697,253,3,74,3,hizli_bilekx2 genis_savurusx1 nadir_tohumx1,13,0,45
2,Run50_DengeV1,Dengeli,bahcivan,standart,101,hepsini alır (taban),23,,,63,54,2,4,0,3,28,16,14,3,2,574,1691,300,0,0,180,128,6,279,170,28,3065,29,1,25.51,1,1,1.512,1.628,6,0.3,2,29,6,1.9,2.25,3.42,3.67,4,23,0,0,0,0,2.96,7.18,11.21,6.54,13.6,13,38,0.799,0.5,5.697,300,3,77,4,hizli_bilekx2 genis_savurusx1 nadir_tohumx1,12,0,45
2,Run50_DengeV1,Dengeli,bahcivan,standart,101,hepsini alır (taban),24,,,68,60,1,4,0,3,27,17,14,9,1,735,2426,300,0,0,186,84,28,215,254,56,3454,30,1,25.51,1,1,1.464,1.628,6,0.3,2,30,6,2,2.29,2.85,2.75,3,8,0,0,0,0,5.18,8.48,9.23,6.95,21.97,14,40,0.816,0.675,5.747,313,1,78,1,hizli_bilekx2 genis_savurusx1 nadir_tohumx1,14,0,45
2,Run50_DengeV1,Dengeli,bahcivan,standart,101,hepsini alır (taban),25,,,78,65,5,5,0,3,35,22,12,6,3,850,3276,300,850,65,300,72,32,380,126,68,3837,31,1,28.62,1,1,1.464,1.628,6,0.3,2,30,5.87,1.69,1.75,2.75,4,2.5,19,0,0,0,0,3.93,4.9,13.36,19.03,5.87,13,42,0.675,0.524,5.576,339,2,80,2,hizli_bilekx2 genis_savurusx1 nadir_tohumx1,16,0,45
2,Run50_DengeV1,Dengeli,bahcivan,standart,101,hepsini alır (taban),26,,,75,64,2,6,2,1,33,24,11,7,0,500,500,500,0,0,252,78,21,277,173,49,3597,32,1,28.62,1,1,1.244,1.679,6,0.317,2,36,6,1.81,2.52,2.9,4.17,,4,0,0,0,,3.41,8.42,7.1,14.1,,14,49,0.815,0.347,5.624,392,4,84,5,hizli_bilekx3 genis_savurusx1 nadir_tohumx1,19,0,45
2,Run50_DengeV1,Dengeli,bahcivan,standart,101,hepsini alır (taban),27,,,77,61,5,7,0,4,33,21,15,5,3,875,1375,500,0,0,231,142,26,288,327,55,3823,33,1,28.62,1,1,1.244,1.679,6,0.317,2,36,6,1.88,2.18,2.58,3.8,4,14,0,0,0,0,3.73,4.32,5.7,7.46,13.7,13,49,0.838,0.714,5.576,395,1,85,1,hizli_bilekx3 genis_savurusx1 nadir_tohumx1,15,0,45
2,Run50_DengeV1,Dengeli,bahcivan,standart,101,hepsini alır (taban),28,,,72,60,2,7,1,2,22,21,17,8,4,1263,2638,500,0,0,243,158,60,331,190,115,3936,34,1,29.99,1,1,1.244,1.731,6,0.317,2,36,6,1.75,2.47,2.93,3.86,3.33,0,0,0,0,0,2.8,6.94,8.05,9.42,9.12,13,49,0.837,0.714,5.576,395,5,90,0,hizli_bilekx3 genis_savurusx1 nadir_tohumx1,15,0,45
2,Run50_DengeV1,Dengeli,bahcivan,standart,101,hepsini alır (taban),29,,,74,62,0,9,2,1,18,23,16,14,3,1371,4009,500,0,0,282,137,45,393,277,60,4240,35,1,29.99,1,1,1.205,1.731,6,0.317,2,37,6,1.94,2.37,2.79,3.1,4.67,0,0,0,0,0,2.71,5.96,6.45,7.59,18.87,12,53,0.852,0.717,5.521,432,2,92,2,hizli_bilekx3 genis_savurusx1 nadir_tohumx1,17,0,45
2,Run50_DengeV1,Dengeli,bahcivan,standart,101,hepsini alır (taban),30,,,75,64,5,3,1,2,33,20,13,7,2,820,4829,500,820,100,234,130,33,377,419,53,3706,36,1,33.24,1,1,1.205,1.731,6,0.317,2,37,6,2,2.43,2.67,3.29,4,3,0,0,0,0,3.45,7.92,10.04,9.12,9.03,14,62,0.836,0.548,5.624,496,1,93,4,hizli_bilekx3 genis_savurusx1 nadir_tohumx1,15,0,45
2,Run50_DengeV1,Dengeli,bahcivan,standart,101,hepsini alır (taban),31,,,108,88,4,8,3,5,36,24,25,19,4,1742,1742,1200,0,0,417,200,57,524,331,90,6004,38,2,33.24,1.6,1,1.205,1.731,6,0.317,2,37,6,1.48,1.74,2.48,2.43,2.67,23,0,0,0,0,2.6,3.17,6.83,7.4,8.02,16,68,0.822,0.706,5.677,539,2,95,3,hizli_bilekx3 genis_savurusx1 nadir_tohumx1 canavar_kesimix1,20,0,45
2,Run50_DengeV1,Dengeli,bahcivan,standart,101,hepsini alır (taban),32,,,108,91,4,4,2,7,34,35,21,10,8,1931,3673,1200,0,0,426,262,85,505,323,125,5836,39,1,33.24,1.6,1,1.205,1.804,6,0.333,2,37,6,1.33,1.86,1.89,2.63,3.17,30,4,0,0,0,2.09,5.15,4.02,8.74,10.05,18,72,0.814,0.667,5.74,564,6,101,2,hizli_bilekx3 genis_savurusx1 nadir_tohumx1 canavar_kesimix1,21,0,45
2,Run50_DengeV1,Dengeli,bahcivan,standart,101,hepsini alır (taban),33,,,101,84,8,2,2,5,32,27,26,14,2,1462,5135,1200,0,0,324,216,82,369,309,142,5459,40,1,34.76,1.6,1,1.205,1.804,6,0.333,2,37,6,1.52,1.9,2.3,2.54,3,13,11,0,0,0,3.07,5.17,6.2,6.95,12.07,20,76,0.833,0.724,5.79,591,5,106,2,hizli_bilekx3 genis_savurusx1 nadir_tohumx1 canavar_kesimix1,20,0,45
2,Run50_DengeV1,Dengeli,bahcivan,standart,101,hepsini alır (taban),34,,,152,125,8,9,7,3,45,48,31,19,9,2688,7823,1200,0,0,585,408,143,724,717,205,8316,41,1,34.76,1.6,1,1.205,1.855,9,0.333,2,37,9,1.33,2.05,2.29,2.59,2.8,38,5,0,0,0,2.52,6.19,9.04,7.66,6.01,22,80,0.773,0.625,5.832,617,3,109,2,hizli_bilekx3 genis_savurusx1 nadir_tohumx1 canavar_kesimix1,29,0,45
2,Run50_DengeV1,Dengeli,bahcivan,standart,101,hepsini alır (taban),35,,,159,126,15,6,4,8,54,44,26,30,5,2534,10357,1200,2534,220,450,383,190,614,1100,190,8768,43,2,38.16,1.6,1,1.167,1.855,9,0.333,2,38,8.66,1.41,1.88,2,2.5,3,35,3,0,0,0,2.86,4.84,6.47,10.34,11.96,23,81,0.655,0.469,5.849,623,4,113,1,hizli_bilekx3 genis_savurusx1 nadir_tohumx1 canavar_kesimix1,32,0,45
2,Run50_DengeV1,Dengeli,bahcivan,standart,101,hepsini alır (taban),36,,,224,169,22,13,9,11,80,57,56,25,6,3068,3068,2800,0,0,716,607,209,795,647,274,11824,44,1,39.82,1.6,1,1.167,2.546,12,0.333,2,38,11.29,1.51,1.89,2.15,2.56,3,33,4,6,0,0,2.85,4.53,5.83,8.31,9.33,23,81,0.701,0.457,5.706,639,6,119,0,hizli_bilekx3 genis_savurusx2 nadir_tohumx1 canavar_kesimix1,44,0,45
2,Run50_DengeV1,Dengeli,bahcivan,standart,101,hepsini alır (taban),37,,,239,181,10,19,4,25,97,47,56,36,3,3193,6261,2800,0,0,678,627,206,873,714,330,12469,46,2,42.03,1.6,1,1.131,2.546,12,0.35,2.111,39,11.56,1.51,1.85,2.38,2.7,3.5,31,9,0,0,0,2.05,4.26,5.75,8.56,11.87,23,81,0.68,0.531,5.706,639,4,123,0,hizli_bilekx3 genis_savurusx2 nadir_tohumx1 canavar_kesimix1,38,0,45
2,Run50_DengeV1,Dengeli,bahcivan,standart,101,hepsini alır (taban),38,,,262,197,22,22,5,16,95,77,44,41,5,3437,9698,2800,0,0,937,561,252,990,595,387,13923,48,2,45.79,1.6,1,1.131,2.643,12,0.35,2.222,39,11.62,1.44,1.75,1.93,2.52,2.4,40,10,0,0,0,2.25,3.98,4.9,7.57,5.89,23,81,0.643,0.519,5.566,655,6,129,0,hizli_bilekx3 genis_savurusx2 nadir_tohumx1 canavar_kesimix1,43,0,45
2,Run50_DengeV1,Dengeli,bahcivan,standart,101,hepsini alır (taban),39,,,232,184,9,18,7,14,75,66,57,32,2,2981,12679,2800,0,0,835,627,181,1020,1222,328,12475,49,1,45.79,1.6,1,1.131,2.643,12,0.367,2.333,39,11.79,1.34,1.91,2.28,2.71,3,48,13,0,0,0,1.95,4.74,6.42,8.43,11.88,23,81,0.692,0.506,5.446,669,5,134,0,hizli_bilekx3 genis_savurusx2 nadir_tohumx1 canavar_kesimix1,43,0,45
2,Run50_DengeV1,Dengeli,bahcivan,standart,101,hepsini alır (taban),40,,,191,151,3,21,4,12,69,45,39,33,5,3165,15844,2800,3165,500,605,480,249,1175,552,287,10752,50,1,48.2,1.6,1,1.131,2.643,12,0.367,2.444,39,8.95,1.3,1.49,2.14,2.39,2.6,31,32,4,0,0,1.6,3.7,8.2,7.92,14.03,23,81,0.749,0.593,5.446,669,4,138,0,hizli_bilekx3 genis_savurusx2 nadir_tohumx1 canavar_kesimix1,34,0,45
2,Run50_DengeV1,Dengeli,bahcivan,standart,101,hepsini alır (taban),41,,,230,184,6,14,6,20,72,54,52,46,6,4112,4112,4500,0,0,787,663,287,852,835,574,14888,52,2,48.2,1.6,1,1.095,2.643,12,0.367,2.444,41,11.63,1.43,1.76,2.21,2.56,3.2,40,21,0,0,0,1.92,3.99,6.51,9.27,12.05,23,81,0.714,0.568,5.312,686,3,141,0,hizli_bilekx3 genis_savurusx2 nadir_tohumx2 canavar_kesimix1,38,0,45
2,Run50_DengeV1,Dengeli,bahcivan,standart,101,hepsini alır (taban),42,,,249,203,11,15,5,15,70,61,69,39,10,4685,8797,4500,0,0,1070,854,356,1272,1689,460,16956,53,1,52.15,1.6,1,1.095,2.643,12,0.367,2.556,41,11.83,1.32,1.69,2.16,2.45,3,53,22,2,0,0,1.23,3.86,6.88,7.33,12.04,23,81,0.688,0.494,5.312,686,4,145,0,hizli_bilekx3 genis_savurusx2 nadir_tohumx2 canavar_kesimix1,39,0,45
2,Run50_DengeV1,Dengeli,bahcivan,standart,101,hepsini alır (taban),43,,,279,217,9,29,3,21,91,75,56,48,9,4751,13548,4500,0,0,1232,627,410,1274,926,490,20291,55,2,54.76,1.6,1,1.095,2.739,12,0.383,2.667,41,11.59,1.38,1.48,1.89,2.3,2.33,42,37,12,3,0,1.55,2.39,4.48,6.94,4.74,23,81,0.659,0.457,5.312,686,6,151,0,hizli_bilekx3 genis_savurusx2 nadir_tohumx2 canavar_kesimix1,40,0,45
2,Run50_DengeV1,Dengeli,bahcivan,standart,101,hepsini alır (taban),44,,,249,199,15,15,5,15,86,60,66,28,9,4455,18003,4500,0,0,898,871,329,1772,1357,664,16065,56,1,54.76,1.6,1,1.095,2.739,12,0.383,2.667,41,11.85,1.5,1.65,2.08,2.29,3,37,32,0,3,0,2.56,3.27,5.83,7.4,8.44,23,81,0.68,0.506,5.182,703,3,154,0,hizli_bilekx3 genis_savurusx2 nadir_tohumx2 canavar_kesimix1,40,0,45
2,Run50_DengeV1,Dengeli,bahcivan,standart,101,hepsini alır (taban),45,,,258,203,18,18,5,14,85,72,42,46,13,5773,23776,4500,5773,800,1396,606,354,1458,863,428,19104,58,2,61.71,1.6,1,1.061,2.739,12,0.383,2.778,42,11.64,1.41,1.79,2.23,2.09,2.36,50,25,8,4,0,2.62,4,5.68,5.39,5.01,23,81,0.684,0.543,5.103,714,6,160,0,hizli_bilekx3 genis_savurusx2 nadir_tohumx2 canavar_kesimix1,39,0,45
2,Run50_DengeV1,Dengeli,bahcivan,standart,101,hepsini alır (taban),46,,,274,208,25,18,7,16,92,72,54,42,14,6033,6033,6000,0,0,1340,795,396,1658,1148,824,19193,59,1,61.71,1.6,1,1.061,2.836,12,0.4,2.778,42,11.67,1.37,1.67,1.97,2.16,2.7,51,37,5,0,0,1.5,3.28,4.86,5.67,9.54,23,81,0.678,0.457,4.932,739,4,164,0,hizli_bilekx3 genis_savurusx2 nadir_tohumx3 canavar_kesimix1,47,0,45
2,Run50_DengeV1,Dengeli,bahcivan,standart,101,hepsini alır (taban),47,,,303,240,26,22,3,12,87,76,70,54,16,7035,13068,6000,0,0,1162,1248,456,1210,1826,1280,24165,61,2,66.05,1.6,1,1.027,2.836,12,0.4,2.778,43,11.77,1.23,1.39,1.86,2.33,2.36,60,43,6,3,0,1.1,1.76,3.91,5.54,5.5,23,81,0.653,0.444,4.845,752,4,168,0,hizli_bilekx3 genis_savurusx2 nadir_tohumx3 canavar_kesimix1,43,0,45
2,Run50_DengeV1,Dengeli,bahcivan,standart,101,hepsini alır (taban),48,,,291,225,29,18,3,16,91,71,68,43,18,6716,19784,6000,0,0,1285,1176,402,2045,1232,1682,21604,62,1,69.06,1.6,1,1.027,2.836,12,0.4,2.778,43,11.84,1.35,1.58,2.02,2.06,2.21,44,42,4,3,0,1.85,2.68,5.45,5.2,3.89,23,81,0.679,0.481,4.679,779,3,171,0,hizli_bilekx3 genis_savurusx2 nadir_tohumx3 canavar_kesimix1,43,0,45
2,Run50_DengeV1,Dengeli,bahcivan,standart,101,hepsini alır (taban),49,,,304,225,32,26,3,18,97,77,69,51,10,5900,25684,6000,0,0,1363,1089,384,1808,1681,2066,21850,63,1,75.87,1.6,1,1.027,2.933,12,0.4,2.778,43,11.65,1.3,1.48,1.98,2.23,2,58,50,9,3,0,1.19,2.28,5,4.59,4.87,23,81,0.672,0.506,4.679,779,3,174,0,hizli_bilekx3 genis_savurusx2 nadir_tohumx3 canavar_kesimix1,43,0,45
2,Run50_DengeV1,Dengeli,bahcivan,standart,101,hepsini alır (taban),50,,,297,234,21,14,4,24,95,87,67,37,11,5903,31587,6000,0,0,1484,1029,294,1847,1272,440,23072,65,2,79.17,1.6,1,1.027,2.933,12,0.4,2.778,43,11.95,1.42,1.52,1.96,2.05,2.25,46,30,2,0,0,2.08,2.66,4.45,6.96,7.96,23,107,0.72,0.449,4.679,1029,4,178,10,hizli_bilekx3 genis_savurusx2 nadir_tohumx3 canavar_kesimix1,43,0,45
2,Run50_DengeV1,Dengeli,bahcivan,standart,101,hepsini alır (taban),50,KAZANDI
3,Run50_DengeV1,Dengeli,bahcivan,standart,100,ekonomi düğümü almaz,1,,,13,13,0,0,0,0,12,1,0,0,0,15,15,45,0,0,28,0,0,28,0,0,270,1,0,10,1,1,3,1,5,0.3,2,13,2.08,1.83,3,,,,21,0,,,,2.5,6,,,,2,4,0.346,0,8,23,0,0,2,,3,0.205,45
3,Run50_DengeV1,Dengeli,bahcivan,standart,100,ekonomi düğümü almaz,2,,,14,14,0,0,0,0,10,3,0,1,0,49,64,45,0,0,32,0,2,33,0,2,340,2,1,10,1,1,2.892,1,5,0.3,2,15,2.8,2.3,4,,6,,0,0,,0,,4.34,8.69,,26.03,,3,5,0.5,0,8,28,1,1,1,,3,0.049,45
3,Run50_DengeV1,Dengeli,bahcivan,standart,100,ekonomi düğümü almaz,3,,,19,19,0,0,0,0,14,3,2,0,0,43,107,45,0,0,40,8,0,41,8,2,450,3,1,11.33,1,1,2.892,1,5,0.3,2,15,2.8,1.64,2.33,3.5,,,36,0,0,,,2.48,3.86,10.13,,,4,6,0.424,0,8,34,2,3,1,,4,0.049,45
3,Run50_DengeV1,Dengeli,bahcivan,standart,100,ekonomi düğümü almaz,4,,,22,22,0,0,0,0,13,7,2,0,0,54,161,45,0,0,54,8,0,55,16,2,550,4,1,11.33,1,1,2.892,1,5,0.3,2,15,3.33,1.85,2.29,2.5,,,14,0,0,,,3.56,6.2,10.13,,,5,8,0.527,0.125,7.689,47,0,3,1,,5,0.013,45
3,Run50_DengeV1,Dengeli,bahcivan,standart,100,ekonomi düğümü almaz,5,,,19,19,0,0,0,0,13,4,2,0,0,45,206,45,45,8,42,8,0,47,24,2,460,5,1,11.33,1,1,2.892,1,5,0.3,2,15,3.67,2.08,3.25,4,,,0,0,0,,,4.67,12.3,11.58,,,6,9,0.625,0.222,7.494,54,1,4,1,,3,0,45
3,Run50_DengeV1,Dengeli,bahcivan,standart,100,ekonomi düğümü almaz,6,,,31,31,0,0,0,0,24,4,3,0,0,66,66,110,0,0,64,12,0,70,36,2,761,7,2,11.33,1.25,1,2.789,1,5,0.3,2,16,3.75,1.67,2,2,,,29,0,0,0,,2.67,3.48,8.37,,,7,10,0.532,0.2,7.381,61,3,7,1,keskin_bicakx1,6,0,45
3,Run50_DengeV1,Dengeli,bahcivan,standart,100,ekonomi düğümü almaz,7,,,33,33,0,0,0,0,28,2,2,1,0,84,150,110,0,0,64,8,2,66,44,4,854,8,1,12,1.25,1,2.789,1,5,0.3,2,16,4,1.64,2.5,3,1,,29,0,0,,,3.09,11.15,12.55,0,,9,13,0.561,0.231,7.475,78,1,8,2,keskin_bicakx1,8,0,45
3,Run50_DengeV1,Dengeli,bahcivan,standart,100,ekonomi düğümü almaz,8,,,31,31,0,0,0,0,23,6,2,0,0,61,211,110,0,0,70,8,0,75,37,4,894,10,2,12,1.25,1,2.689,1,5,0.3,2,16,4.13,1.7,2.33,2,,,21,0,0,,,4.56,8.52,5.37,,,10,14,0.586,0.429,7.508,84,3,11,1,keskin_bicakx1,6,0,45
3,Run50_DengeV1,Dengeli,bahcivan,standart,100,ekonomi düğümü almaz,9,,,40,40,0,0,0,0,31,7,2,0,0,72,283,110,0,0,90,8,0,96,15,4,1256,12,2,13.33,1.25,1,2.592,1,5,0.3,2,17,4.41,1.52,2,3.5,,,37,0,0,0,,3.01,3.71,14.27,,,11,15,0.604,0.333,7.224,93,6,17,1,keskin_bicakx1,7,0,45
3,Run50_DengeV1,Dengeli,bahcivan,standart,100,ekonomi düğümü almaz,10,,,28,28,0,0,0,0,19,6,1,2,0,109,392,110,109,20,62,4,4,71,19,8,925,13,1,14,1.25,1,2.5,1,5,0.3,2,17,3.65,1.74,1.67,3,3,,18,0,0,0,,3.68,3.33,5,11.25,,12,17,0.501,0.353,7.079,108,4,21,1,keskin_bicakx1,7,0,45
3,Run50_DengeV1,Dengeli,bahcivan,standart,100,ekonomi düğümü almaz,11,,,43,42,0,1,0,0,32,10,1,0,0,73,73,150,0,0,104,4,0,115,23,8,1344,15,2,14,1.25,1,2.5,1,5,0.3,2,17,4.76,1.42,2,3,,,36,0,0,,,2.42,7.25,15,,,14,20,0.672,0.55,6.954,129,0,21,2,keskin_bicakx1 nadir_tohumx1,9,0,45
3,Run50_DengeV1,Dengeli,bahcivan,standart,100,ekonomi düğümü almaz,12,,,45,41,0,4,0,0,34,5,5,1,0,129,202,150,0,0,88,20,2,93,43,10,1533,16,1,15.33,1.25,1,2.41,1,5,0.3,2,18,4.78,1.74,2.2,2.25,1,,18,0,0,,,4.74,7.23,9.63,0,,15,22,0.717,0.545,6.631,149,5,26,1,keskin_bicakx1 nadir_tohumx1,9,0,45
3,Run50_DengeV1,Dengeli,bahcivan,standart,100,ekonomi düğümü almaz,13,,,45,43,0,2,0,0,32,11,2,0,0,86,288,150,0,0,108,8,0,112,51,10,1524,18,2,16,1.25,1,2.324,1,5,0.3,2,19,4.58,1.52,2.2,3,,,34,9,0,,,3.97,5.12,11.62,,,17,24,0.708,0.5,6.703,161,3,29,2,keskin_bicakx1 nadir_tohumx1,9,0,45
3,Run50_DengeV1,Dengeli,bahcivan,standart,100,ekonomi düğümü almaz,14,,,44,39,0,5,0,0,33,9,2,0,0,82,370,150,0,0,102,8,0,114,9,10,1504,19,1,16,1.25,1,2.324,1,5,0.3,2,19,4.63,1.59,1.75,3,,,15,0,0,,,4.25,4.37,8.13,,,18,25,0.722,0.52,6.734,167,2,31,1,keskin_bicakx1 nadir_tohumx1,10,0,45
3,Run50_DengeV1,Dengeli,bahcivan,standart,100,ekonomi düğümü almaz,15,,,47,44,0,3,0,0,35,9,3,0,0,92,462,150,92,30,106,12,0,111,21,10,1616,20,1,18.13,1.25,1,2.324,1.078,5,0.3,2,19,4.63,1.5,2,2,,,25,0,0,,,4.43,8.53,9.3,,,18,25,0.722,0.52,6.734,167,4,35,0,keskin_bicakx1 nadir_tohumx1,10,0,45
3,Run50_DengeV1,Dengeli,bahcivan,standart,100,ekonomi düğümü almaz,16,,,51,48,0,3,0,0,32,11,8,0,0,147,147,220,0,0,108,32,0,113,53,10,1961,21,1,18.13,1.563,1,2.16,1.117,5,0.3,2,20,4.65,1.45,2,2.5,,,38,10,0,,,1.81,5.04,10.53,,,18,25,0.71,0.48,6.569,171,5,40,0,keskin_bicakx2 nadir_tohumx1,12,0,45
3,Run50_DengeV1,Dengeli,bahcivan,standart,100,ekonomi düğümü almaz,17,,,53,50,0,3,0,0,37,13,2,1,0,296,443,220,0,0,126,8,2,129,36,12,1908,22,1,18.13,1.563,1,2.16,1.117,5,0.3,2,20,4.65,1.44,2,2.5,3,,31,0,0,0,,3.75,7.64,7.57,34.57,,16,25,0.694,0.52,6.506,173,1,41,1,keskin_bicakx2 nadir_tohumx1,10,0,45
3,Run50_DengeV1,Dengeli,bahcivan,standart,100,ekonomi düğümü almaz,18,,,49,45,0,4,0,0,31,15,2,0,1,715,1158,220,0,0,122,23,0,138,59,12,1944,24,2,19.2,1.563,1,2.16,1.156,5,0.3,2,20,4.6,1.57,1.73,2,,3,28,18,0,,0,3.47,4.61,2.17,,6.47,16,25,0.735,0.56,6.138,183,4,45,0,keskin_bicakx2 nadir_tohumx1,10,0,45
3,Run50_DengeV1,Dengeli,bahcivan,standart,100,ekonomi düğümü almaz,19,,,56,52,0,4,0,0,34,18,4,0,0,255,1413,220,0,0,140,16,0,170,50,12,2923,25,1,20.27,1.563,1,2.16,1.156,5,0.3,2,20,4.8,1.5,1.69,2.5,,,25,17,0,,,1.82,4.86,18.36,,,15,25,0.717,0.56,5.652,199,6,51,1,keskin_bicakx2 nadir_tohumx1,11,0,45
3,Run50_DengeV1,Dengeli,bahcivan,standart,100,ekonomi düğümü almaz,20,,,45,37,0,8,0,0,23,7,13,2,0,483,1896,220,483,45,74,52,4,79,77,16,2539,26,1,20.27,1.563,1,2.092,1.194,5,0.3,2,21,4.29,1.47,1.8,2.25,3,,24,11,0,0,,2.75,6.7,10.63,14.67,,12,25,0.636,0.44,5.482,205,2,53,1,keskin_bicakx2 nadir_tohumx1,9,0,45
3,Run50_DengeV1,Dengeli,bahcivan,standart,100,ekonomi düğümü almaz,21,,,75,64,0,11,0,0,38,26,10,1,0,298,298,300,0,0,180,40,2,299,52,18,4063,28,2,20.27,1.953,1,2.092,1.194,5,0.3,2,21,4.52,1.23,1.24,1.43,2,,57,42,57,0,,1.38,1,1.79,2.07,,11,25,0.652,0.36,5.399,208,1,54,1,keskin_bicakx3 nadir_tohumx1,14,0,45
3,Run50_DengeV1,Dengeli,bahcivan,standart,100,ekonomi düğümü almaz,22,,,64,54,0,10,0,0,26,27,8,2,1,446,744,300,0,0,190,32,4,249,54,22,3643,29,1,20.27,1.953,1,2.092,1.194,5,0.3,2,21,4.76,1.15,1.65,1.75,1.5,2,54,24,14,0,0,0.94,5.64,4.18,1.05,2.1,12,27,0.721,0.556,5.482,222,2,56,1,keskin_bicakx3 nadir_tohumx1,13,0,45
3,Run50_DengeV1,Dengeli,bahcivan,standart,100,ekonomi düğümü almaz,23,,,78,67,0,11,0,0,50,19,9,0,0,291,1035,300,0,0,176,36,0,220,65,22,3694,30,1,24.3,1.953,1,2.092,1.194,5,0.3,2,21,4.81,1.16,1.13,1.71,,,65,47,11,,,0.88,1.26,4.78,,,13,32,0.72,0.469,5.553,259,2,58,2,keskin_bicakx3 nadir_tohumx1,15,0,45
3,Run50_DengeV1,Dengeli,bahcivan,standart,100,ekonomi düğümü almaz,24,,,81,71,0,10,0,0,36,29,12,4,0,506,1541,300,0,0,188,48,8,268,88,30,4496,32,2,25.51,1.953,1,2.092,1.233,5,0.3,2,21,5,1.03,1.32,1.36,2.33,,79,41,25,0,,0.07,3.35,2.09,11.18,,13,36,0.737,0.611,5.455,297,2,60,2,keskin_bicakx3 nadir_tohumx1,15,0,45
3,Run50_DengeV1,Dengeli,bahcivan,standart,100,ekonomi düğümü almaz,25,,,71,59,0,12,0,0,32,20,17,2,0,394,1935,300,394,65,144,68,4,222,106,34,4028,33,1,25.51,1.953,1,2.026,1.233,5,0.3,2,22,4.95,1.18,1.29,2.08,2,,55,53,0,0,,0.87,3.46,13.41,4.07,,13,40,0.785,0.575,5.455,330,1,61,3,keskin_bicakx3 nadir_tohumx1,14,0,45
3,Run50_DengeV1,Dengeli,bahcivan,standart,100,ekonomi düğümü almaz,26,,,80,71,0,9,0,0,44,20,11,5,0,623,623,500,0,0,168,44,10,220,125,44,4291,34,1,28.62,1.953,1,2.026,1.233,5,0.3,2,22,5,1.1,1.28,1.5,1.5,,70,50,33,0,0,0.52,1.91,4.46,3.04,,13,43,0.776,0.628,5.455,355,1,62,2,keskin_bicakx3 nadir_tohumx2,14,0,45
3,Run50_DengeV1,Dengeli,bahcivan,standart,100,ekonomi düğümü almaz,27,,,80,70,0,10,0,0,43,21,8,5,3,809,1432,500,0,0,200,62,10,250,199,34,4396,35,1,28.62,1.953,1,2.026,1.233,5,0.317,2,22,5,1.16,1.33,1.43,2,1.33,57,29,0,0,0,0.77,0.9,4.05,4.47,0.68,13,45,0.792,0.667,5.455,371,1,63,2,keskin_bicakx3 nadir_tohumx2,15,0,45
3,Run50_DengeV1,Dengeli,bahcivan,standart,100,ekonomi düğümü almaz,28,,,94,80,0,12,0,2,46,26,14,6,2,693,2125,500,0,0,226,71,12,241,270,46,4741,36,1,29.99,1.953,1,2.026,1.311,6,0.317,2,22,6,1.1,1.41,1.92,2,1.5,62,21,9,0,0,0.42,1.56,7.64,10.13,5.07,14,47,0.772,0.617,5.523,383,3,66,1,keskin_bicakx3 nadir_tohumx2,16,0,45
3,Run50_DengeV1,Dengeli,bahcivan,standart,100,ekonomi düğümü almaz,29,,,82,70,0,12,0,0,42,22,11,7,0,536,2661,500,0,0,172,44,14,393,126,40,4158,37,1,29.99,1.953,1,2.026,1.311,6,0.317,2,22,6,1.22,1.65,1.82,1.5,,39,7,11,20,,1.52,4.3,6.63,3.04,,15,49,0.805,0.653,5.35,412,1,67,3,keskin_bicakx3 nadir_tohumx2,16,0,45
3,Run50_DengeV1,Dengeli,bahcivan,standart,100,ekonomi düğümü almaz,30,,,88,72,0,16,0,0,46,25,14,3,0,664,3325,500,664,100,192,56,6,345,194,26,4444,38,1,29.99,1.953,1,1.962,1.311,6,0.317,2,22,6,1.36,1.32,1.45,2.33,,30,33,17,0,0,1.91,1.75,5.89,13.1,,14,49,0.685,0.531,5.286,417,1,68,1,keskin_bicakx3 nadir_tohumx2,18,0,45
3,Run50_DengeV1,Dengeli,bahcivan,standart,100,ekonomi düğümü almaz,31,,,103,90,1,11,0,1,47,30,19,6,1,1470,1470,1200,0,0,214,76,20,364,270,46,5227,39,1,33.24,1.953,1,1.668,1.311,6,0.317,2,26,6,1.18,1.57,1.88,2,2,64,29,0,0,,1.03,2.92,5.11,9.45,5,14,49,0.776,0.673,5.286,417,1,69,0,keskin_bicakx3 nadir_tohumx2 hizli_bilekx1,18,0,45
3,Run50_DengeV1,Dengeli,bahcivan,standart,100,ekonomi düğümü almaz,32,,,108,84,6,17,0,1,43,37,17,8,3,1871,3341,1200,0,0,264,98,16,293,150,42,6012,40,1,33.24,1.953,1,1.668,1.367,6,0.333,2,26,6,1.31,1.52,1.36,2.67,1.67,41,33,22,0,0,1.81,2.76,1.91,8.91,2.22,12,49,0.772,0.592,5.087,433,3,72,1,keskin_bicakx3 nadir_tohumx2 hizli_bilekx1,23,0,45
3,Run50_DengeV1,Dengeli,bahcivan,standart,100,ekonomi düğümü almaz,33,,,106,82,6,18,0,0,49,22,19,10,6,2252,5593,1200,0,0,216,106,44,379,268,66,6000,41,1,34.76,1.953,1,1.668,1.406,6,0.333,2,26,6,1.14,1.5,1.79,1.71,3,54,31,0,0,0,0.65,2.67,4.17,3.58,13.01,11,49,0.773,0.633,4.982,443,2,74,1,keskin_bicakx3 nadir_tohumx2 hizli_bilekx1,20,0,45
3,Run50_DengeV1,Dengeli,bahcivan,standart,100,ekonomi düğümü almaz,34,,,108,86,2,19,0,1,43,23,25,14,3,2425,8018,1200,0,0,178,145,28,247,413,94,6154,42,1,34.76,1.953,1,1.616,1.406,6,0.333,2,27,6,1.26,1.7,1.74,1.7,2,54,16,0,25,0,1.38,3.31,3.66,4.2,4.03,11,49,0.785,0.633,4.982,443,1,75,0,keskin_bicakx3 nadir_tohumx2 hizli_bilekx1,21,0,45
3,Run50_DengeV1,Dengeli,bahcivan,standart,100,ekonomi düğümü almaz,35,,,82,72,3,7,0,0,35,21,13,13,0,1622,9640,1200,1622,220,154,52,26,171,165,120,4864,43,1,38.16,1.953,1,1.616,1.406,6,0.333,2,27,5,1.19,1.67,1.75,1.7,,61,27,10,20,0,0.86,6.91,5.93,3.07,,11,49,0.82,0.694,4.95,445,2,77,0,keskin_bicakx3 nadir_tohumx2 hizli_bilekx1,17,0,45
3,Run50_DengeV1,Dengeli,bahcivan,standart,100,ekonomi düğümü almaz,36,,,145,112,1,32,0,0,60,33,25,19,8,3732,3732,2800,0,0,312,175,46,493,290,66,9452,44,1,38.16,1.953,1,1.616,1.855,9,0.333,2,27,8.89,1.31,1.52,1.79,2.07,2.29,51,13,0,0,0,2.01,4.01,4.85,10.27,7.39,12,55,0.72,0.564,5.058,489,1,78,3,keskin_bicakx3 nadir_tohumx2 hizli_bilekx1 genis_savurusx1,26,0,45
3,Run50_DengeV1,Dengeli,bahcivan,standart,100,ekonomi düğümü almaz,37,,,123,98,5,18,0,2,34,34,37,15,3,2850,6582,2800,0,0,204,193,30,237,247,56,8026,45,1,38.16,1.953,1,1.616,1.929,9,0.333,2,27,8.96,1.35,1.57,1.82,2.23,2.33,32,14,4,0,0,2.18,4.49,5.14,8.07,9.16,17,70,0.801,0.514,5.274,597,2,80,7,keskin_bicakx3 nadir_tohumx2 hizli_bilekx1 genis_savurusx1,24,0,45
3,Run50_DengeV1,Dengeli,bahcivan,standart,100,ekonomi düğümü almaz,38,,,143,114,8,18,0,3,48,50,31,9,5,2589,9171,2800,0,0,416,139,18,508,386,74,8364,47,2,39.82,1.953,1,1.616,1.929,9,0.333,2,27,9,1.4,1.53,1.67,1.38,2.25,35,20,10,0,0,2.27,2.96,4.65,1.42,8.48,19,73,0.789,0.644,5.36,613,1,81,2,keskin_bicakx3 nadir_tohumx2 hizli_bilekx1 genis_savurusx1,31,0,45
3,Run50_DengeV1,Dengeli,bahcivan,standart,100,ekonomi düğümü almaz,39,,,125,107,5,12,0,1,47,27,34,13,4,2958,12129,2800,0,0,232,151,42,390,537,116,7321,47,0,39.82,1.953,1,1.616,1.929,9,0.35,2,27,9,1.39,1.64,2.14,2.09,1.75,31,25,0,0,0,2.76,3.56,7.8,8.96,10.51,22,78,0.831,0.705,5.425,647,1,82,3,keskin_bicakx3 nadir_tohumx2 hizli_bilekx1 genis_savurusx1,25,0,45
3,Run50_DengeV1,Dengeli,bahcivan,standart,100,ekonomi düğümü almaz,40,,,120,98,8,13,0,1,38,32,20,23,7,2459,14588,2800,2459,500,264,95,78,594,632,194,7677,48,1,39.82,1.953,1,1.616,1.929,9,0.35,2,27,8.93,1.18,1.76,1.79,2.67,2.2,55,4,5,0,0,0.9,6.53,8.25,12.17,9.37,24,81,0.758,0.617,5.48,665,0,82,2,keskin_bicakx3 nadir_tohumx2 hizli_bilekx1 genis_savurusx1,27,0,45
3,Run50_DengeV1,Dengeli,bahcivan,standart,100,ekonomi düğümü almaz,41,,,182,150,12,18,0,2,76,36,49,21,0,2261,2261,4500,0,0,296,196,42,530,828,86,10491,50,2,39.82,3.125,1,1.565,1.929,9,0.35,2.111,28,8.96,1.06,1.43,1.59,1.94,,77,27,19,8,0,0.62,2.51,4.81,4.99,,24,81,0.769,0.654,5.48,665,2,84,0,keskin_bicakx3 nadir_tohumx2 hizli_bilekx1 genis_savurusx1 canavar_kesimix1,32,0,45
3,Run50_DengeV1,Dengeli,bahcivan,standart,100,ekonomi düğümü almaz,42,,,177,156,5,14,0,2,56,52,38,24,7,2780,5041,4500,0,0,470,182,48,470,210,134,10370,51,1,43.38,3.125,1,1.565,2.002,9,0.35,2.111,28,9,1.1,1.44,1.44,1.84,1.6,76,31,36,0,20,0.59,2.64,3,4.86,4.69,24,81,0.779,0.654,5.377,678,3,87,0,keskin_bicakx3 nadir_tohumx2 hizli_bilekx1 genis_savurusx1 canavar_kesimix1,30,0,45
3,Run50_DengeV1,Dengeli,bahcivan,standart,100,ekonomi düğümü almaz,43,,,182,148,11,23,0,0,66,50,41,19,6,3097,8138,4500,0,0,422,209,38,602,419,172,10770,52,1,43.38,3.125,1,1.565,2.002,9,0.367,2.111,28,9,1.19,1.21,1.55,1.87,1.83,57,52,31,11,0,1.27,2,4.34,6.99,4.43,24,81,0.777,0.667,5.377,678,1,88,0,keskin_bicakx3 nadir_tohumx2 hizli_bilekx1 genis_savurusx1 canavar_kesimix1,31,0,45
3,Run50_DengeV1,Dengeli,bahcivan,standart,100,ekonomi düğümü almaz,44,,,185,155,7,22,0,1,58,58,30,33,6,4520,12658,4500,0,0,408,150,82,560,569,254,12020,53,1,43.38,3.125,1,1.565,2.002,9,0.367,2.111,28,9,1.13,1.24,1.52,1.79,2.2,58,58,13,17,0,0.78,1.39,3.88,4.7,11.27,24,81,0.777,0.605,5.377,678,1,89,0,keskin_bicakx3 nadir_tohumx2 hizli_bilekx1 genis_savurusx1 canavar_kesimix1,33,0,45
3,Run50_DengeV1,Dengeli,bahcivan,standart,100,ekonomi düğümü almaz,45,,,155,131,7,16,0,1,74,34,29,13,5,1744,14402,4500,1744,800,314,146,42,874,155,101,9003,54,1,45.79,3.125,1,1.565,2.002,9,0.367,2.222,28,9,1.21,1.57,1.67,2,2,61,15,13,0,0,1.12,3.39,3.91,8.14,9.79,24,81,0.806,0.704,5.377,678,2,91,0,keskin_bicakx3 nadir_tohumx2 hizli_bilekx1 genis_savurusx1 canavar_kesimix1,28,0,45
3,Run50_DengeV1,Dengeli,bahcivan,standart,100,ekonomi düğümü almaz,46,,,175,142,11,18,0,4,70,44,29,24,8,2910,2910,6000,0,0,436,161,56,600,316,157,10556,55,1,45.79,3.125,1,1.565,2.002,9,0.367,2.222,28,9,1.15,1.29,1.47,1.37,2.14,77,48,11,25,0,0.72,1.65,3.13,2.72,11.62,24,81,0.783,0.617,5.377,678,1,92,0,keskin_bicakx3 nadir_tohumx3 hizli_bilekx1 genis_savurusx1 canavar_kesimix1,33,0,45
3,Run50_DengeV1,Dengeli,bahcivan,standart,100,ekonomi düğümü almaz,47,,,178,144,9,23,0,2,69,42,38,21,8,4301,7211,6000,0,0,336,182,82,536,498,239,10510,55,0,45.79,3.125,1,1.516,2.002,9,0.367,2.222,29,9,1.16,1.32,1.62,1.53,2.17,62,48,10,18,0,0.97,2.66,4.2,2.5,10.62,24,81,0.771,0.654,5.377,678,1,93,0,keskin_bicakx3 nadir_tohumx3 hizli_bilekx1 genis_savurusx1 canavar_kesimix1,31,0,45
3,Run50_DengeV1,Dengeli,bahcivan,standart,100,ekonomi düğümü almaz,48,,,177,154,8,14,0,1,65,49,33,22,8,3957,11168,6000,0,0,446,162,60,682,300,299,11122,56,1,49.54,3.125,1,1.516,2.002,9,0.367,2.222,29,9,1.13,1.23,1.67,1.86,2,65,50,18,18,0,0.66,1.41,4.27,7.29,8.23,24,81,0.783,0.667,5.377,678,2,95,0,keskin_bicakx3 nadir_tohumx3 hizli_bilekx1 genis_savurusx1 canavar_kesimix1,32,0,45
3,Run50_DengeV1,Dengeli,bahcivan,standart,100,ekonomi düğümü almaz,49,,,172,146,7,17,0,2,56,49,29,33,5,2946,14114,6000,0,0,368,131,82,410,431,141,10733,57,1,49.54,3.125,1,1.516,2.075,9,0.383,2.333,29,9,1.16,1.26,1.77,1.78,2.2,61,51,10,11,0,1.14,1.8,6.47,5,6.97,24,81,0.786,0.617,5.377,678,3,98,0,keskin_bicakx3 nadir_tohumx3 hizli_bilekx1 genis_savurusx1 canavar_kesimix1,30,0,45
3,Run50_DengeV1,Dengeli,bahcivan,standart,100,ekonomi düğümü almaz,50,,,184,150,8,23,0,3,64,54,41,22,3,2084,16198,6000,0,0,404,164,52,814,275,193,11453,58,1,49.54,3.125,1,1.516,2.075,9,0.383,2.333,29,9,1.06,1.38,1.62,1.6,1.33,71,29,9,22,33,0.35,2.86,4.46,4.32,1.52,24,81,0.773,0.667,5.245,695,1,99,0,keskin_bicakx3 nadir_tohumx3 hizli_bilekx1 genis_savurusx1 canavar_kesimix1,29,0,45
3,Run50_DengeV1,Dengeli,bahcivan,standart,100,ekonomi düğümü almaz,50,KAZANDI
4,Run50_DengeV1,Dengeli,bahcivan,standart,101,ekonomi düğümü almaz,1,,,13,13,0,0,0,0,12,1,0,0,0,15,15,45,0,0,28,0,0,28,0,0,270,1,0,10,1,1,3,1,5,0.3,2,12,2.25,2,3,,,,17,0,,,,3,6,,,,2,4,0.339,0,8,23,0,0,2,,4,0.351,45
4,Run50_DengeV1,Dengeli,bahcivan,standart,101,ekonomi düğümü almaz,2,,,15,15,0,0,0,0,11,3,1,0,0,30,45,45,0,0,34,4,0,35,4,0,350,2,1,10,1,1,2.892,1,5,0.3,2,15,2.73,2.36,2.33,5,,,0,0,0,,,4.48,4.82,20.23,,,3,5,0.48,0.2,8,28,1,1,1,,4,0,45
4,Run50_DengeV1,Dengeli,bahcivan,standart,101,ekonomi düğümü almaz,3,,,17,17,0,0,0,0,10,3,3,1,0,79,124,45,0,0,32,12,2,35,16,2,460,3,1,11.33,1,1,2.892,1,5,0.3,2,15,2.73,1.5,3.33,3,5,,56,0,0,0,,1.44,8.68,14.47,20.23,,4,6,0.501,0.167,7.578,36,2,3,1,,4,0,45
4,Run50_DengeV1,Dengeli,bahcivan,standart,101,ekonomi düğümü almaz,4,,,17,17,0,0,0,0,9,6,1,1,0,67,191,45,0,0,42,4,2,45,20,4,477,4,1,11.33,1,1,2.892,1,5,0.3,2,15,3.27,2.11,2.83,5,4,,11,0,0,0,,4.51,6.27,20.23,8.67,,5,7,0.594,0.286,7.475,42,2,5,1,,4,0,45
4,Run50_DengeV1,Dengeli,bahcivan,standart,101,ekonomi düğümü almaz,5,,,9,9,0,0,0,0,5,2,1,1,0,51,242,45,51,8,18,4,2,43,24,6,314,5,1,11.33,1,1,2.892,1,5,0.3,2,15,2.33,2.6,2.5,4,4,,0,0,0,0,,6.95,10.12,14.47,14.47,,6,8,0.447,0.25,7.53,48,0,5,1,,4,0,45
4,Run50_DengeV1,Dengeli,bahcivan,standart,101,ekonomi düğümü almaz,6,,,23,23,0,0,0,0,15,6,1,1,0,73,73,110,0,0,54,4,2,77,28,8,701,6,1,11.33,1,1,2.459,1,5,0.3,2,18,3.56,2.27,3.17,2,2,,0,0,0,0,,4.43,6.56,2.43,4.9,,7,9,0.598,0.111,7.569,54,0,5,1,hizli_bilekx1,6,0.01,45
4,Run50_DengeV1,Dengeli,bahcivan,standart,101,ekonomi düğümü almaz,7,,,22,22,0,0,0,0,13,5,3,1,0,88,161,110,0,0,46,12,2,65,40,10,713,8,2,12,1,1,2.286,1,5,0.3,2,19,3.53,2.62,2.8,2.67,4,,0,0,0,,,6.15,4.12,4.57,11.43,,7,9,0.574,0.222,7.569,54,4,9,0,hizli_bilekx1,6,0,45
4,Run50_DengeV1,Dengeli,bahcivan,standart,101,ekonomi düğümü almaz,8,,,25,25,0,0,0,0,19,5,0,1,0,66,227,110,0,0,58,0,2,63,25,12,703,9,1,12.67,1,1,2.286,1,5,0.3,2,19,3.74,2.37,3,,4,,0,0,0,0,,5.17,7.31,,16,,8,10,0.575,0.3,7.598,59,3,12,1,hizli_bilekx1,6,0,45
4,Run50_DengeV1,Dengeli,bahcivan,standart,101,ekonomi düğümü almaz,9,,,25,25,0,0,0,0,15,7,2,1,0,87,314,110,0,0,58,8,2,62,33,14,811,10,1,13.33,1,1,2.204,1,5,0.3,2,20,3.75,2.33,3.14,3.5,3,,0,0,0,,,6.17,8.81,12.1,13.23,,9,11,0.628,0.364,7.434,67,4,16,1,hizli_bilekx1,6,0,45
4,Run50_DengeV1,Dengeli,bahcivan,standart,101,ekonomi düğümü almaz,10,,,29,29,0,0,0,0,20,8,0,1,0,75,389,110,75,20,72,0,2,77,3,16,933,12,2,14,1,1,2.125,1,5,0.3,2,21,3.81,2.25,2.75,,4,,0,0,0,0,,4.99,6.12,,17,,10,12,0.606,0.417,7.452,72,4,20,1,hizli_bilekx1,5,0,45
4,Run50_DengeV1,Dengeli,bahcivan,standart,101,ekonomi düğümü almaz,11,,,30,29,1,0,0,0,22,5,2,1,0,89,89,150,0,0,64,8,2,69,11,18,975,13,1,14.67,1,1,2.048,1,5,0.3,2,21,3.95,2.18,2.6,2,,,4,0,0,0,,4.56,6.55,5.12,,,11,13,0.592,0.308,7.284,80,4,24,1,hizli_bilekx1 nadir_tohumx1,7,0,45
4,Run50_DengeV1,Dengeli,bahcivan,standart,101,ekonomi düğümü almaz,12,,,34,34,0,0,0,0,24,6,2,2,0,123,212,150,0,0,72,8,4,75,19,22,1182,14,1,15.33,1,1,1.975,1,5,0.3,2,22,4.09,1.96,2.83,2.5,4,,15,0,0,0,,3.46,9.54,7.9,9.88,,12,14,0.632,0.429,7.117,89,3,27,1,hizli_bilekx1 nadir_tohumx1,6,0,45
4,Run50_DengeV1,Dengeli,bahcivan,standart,101,ekonomi düğümü almaz,13,,,31,31,0,0,0,0,15,10,5,1,0,128,340,150,0,0,70,20,2,81,39,24,1205,16,2,16,1,1,1.975,1,5,0.3,2,22,4.23,2.07,3.1,3.2,4,,6,0,0,0,,3.29,9.67,10.67,11.83,,13,15,0.684,0.533,6.891,98,3,30,1,hizli_bilekx1 nadir_tohumx1,6,0,45
4,Run50_DengeV1,Dengeli,bahcivan,standart,101,ekonomi düğümü almaz,14,,,35,34,1,0,0,0,20,9,5,1,0,129,469,150,0,0,76,20,2,81,59,26,1420,17,1,16,1,1,1.904,1,5,0.3,2,23,4.35,2.16,2.89,3.4,4,,0,0,0,0,,5.01,10.37,11.81,7.63,,14,17,0.682,0.471,6.852,112,2,32,1,hizli_bilekx1 nadir_tohumx1,6,0,45
4,Run50_DengeV1,Dengeli,bahcivan,standart,101,ekonomi düğümü almaz,15,,,28,28,0,0,0,0,20,7,1,0,0,51,520,150,51,30,68,4,0,76,13,26,989,18,1,16,1,1,1.904,1,5,0.3,2,23,3.52,2.2,3,4,,,0,0,0,0,,6.28,11.14,20.93,,,15,19,0.546,0.316,6.635,129,3,35,1,hizli_bilekx1 nadir_tohumx1,6,0,45
4,Run50_DengeV1,Dengeli,bahcivan,standart,101,ekonomi düğümü almaz,16,,,33,33,0,0,0,0,16,9,6,2,0,174,174,220,0,0,68,24,4,74,37,30,1462,19,1,16,1,1,1.904,1,5,0.3,2,23,4.78,2.13,2.67,4,4.5,,0,0,0,0,,6.9,6.98,16.82,17.13,,16,22,0.774,0.5,6.651,149,0,35,1,hizli_bilekx1 nadir_tohumx2,6,0,45
4,Run50_DengeV1,Dengeli,bahcivan,standart,101,ekonomi düğümü almaz,17,,,32,31,0,1,0,0,20,6,6,0,0,99,273,220,0,0,64,24,0,82,61,30,1365,20,1,16,1,1,1.904,1,5,0.3,2,23,4.83,2.2,3.5,3.6,,,0,0,0,,,4.86,16.82,16.75,,,16,22,0.797,0.636,6.329,156,3,38,0,hizli_bilekx1 nadir_tohumx2,7,0,45
4,Run50_DengeV1,Dengeli,bahcivan,standart,101,ekonomi düğümü almaz,18,,,32,32,0,0,0,0,15,10,7,0,0,121,394,220,0,0,70,28,0,72,49,30,1454,21,1,16,1,1,1.904,1,5,0.3,2,23,4.78,2.07,2.2,3.71,,,0,0,0,,,4.7,9.14,15.5,,,16,22,0.777,0.591,6.329,156,2,40,0,hizli_bilekx1 nadir_tohumx2,7,0,45
4,Run50_DengeV1,Dengeli,bahcivan,standart,101,ekonomi düğümü almaz,19,,,35,35,0,0,0,0,17,12,6,0,0,115,509,220,0,0,82,24,0,108,43,30,1550,22,1,17.07,1,1,1.904,1.039,5,0.3,2,23,4.61,2.06,2.58,2,,,0,0,0,0,,4.71,5.72,6.66,,,16,22,0.775,0.545,6.329,156,3,43,0,hizli_bilekx1 nadir_tohumx2,8,0,45
4,Run50_DengeV1,Dengeli,bahcivan,standart,101,ekonomi düğümü almaz,20,,,32,32,0,0,0,0,16,9,6,1,0,141,650,220,141,45,68,24,2,93,67,32,1457,23,1,18.13,1,1,1.904,1.078,5,0.3,2,23,4.78,2.25,2.56,3.5,5,,0,0,0,,,6.42,7.61,18.41,38.07,,17,23,0.811,0.565,6.343,163,2,45,1,hizli_bilekx1 nadir_tohumx2,8,0,45
4,Run50_DengeV1,Dengeli,bahcivan,standart,101,ekonomi düğümü almaz,21,,,44,43,0,1,0,0,31,10,3,0,0,96,96,300,0,0,102,12,0,117,54,32,1782,24,1,18.13,1,1,1.561,1.117,5,0.3,2,28,4.71,2.35,2.89,2,,,0,0,0,0,,7.55,10.76,6.24,,,18,27,0.751,0.519,6.355,191,3,48,1,hizli_bilekx2 nadir_tohumx2,10,0,45
4,Run50_DengeV1,Dengeli,bahcivan,standart,101,ekonomi düğümü almaz,22,,,38,38,0,0,0,0,25,7,4,2,0,151,247,300,0,0,78,16,4,174,45,36,1656,25,1,18.13,1,1,1.561,1.117,5,0.3,2,28,4.79,2.4,4,3.5,3,,0,0,0,0,,7.12,19.63,17.56,19.5,,17,29,0.81,0.621,6.062,215,1,49,3,hizli_bilekx2 nadir_tohumx2,9,0,45
4,Run50_DengeV1,Dengeli,bahcivan,standart,101,ekonomi düğümü almaz,23,,,35,35,0,0,0,0,20,9,6,0,0,115,362,300,0,0,76,24,0,80,69,36,1553,25,0,18.13,1,1,1.561,1.117,5,0.3,2,28,4.89,2.6,3.33,4.33,,,0,0,0,,0,8.98,14.39,21.07,,,18,30,0.852,0.7,6.081,222,1,50,1,hizli_bilekx2 nadir_tohumx2,8,0,45
4,Run50_DengeV1,Dengeli,bahcivan,standart,101,ekonomi düğümü almaz,24,,,32,32,0,0,0,0,19,6,4,2,1,263,625,300,0,0,62,31,4,92,75,40,1497,26,1,19.2,1,1,1.561,1.156,5,0.3,2,28,4.86,2.53,3.33,4.25,6,7,0,0,0,0,,9.94,15.35,19.9,22.63,24.97,17,31,0.844,0.645,6.062,230,2,52,1,hizli_bilekx2 nadir_tohumx2,10,0,45
4,Run50_DengeV1,Dengeli,bahcivan,standart,101,ekonomi düğümü almaz,25,,,37,35,1,1,0,0,17,13,6,1,0,156,781,300,156,65,86,24,2,143,49,42,1692,27,1,20.27,1,1,1.561,1.194,5,0.3,2,28,4.71,2.44,2.67,3,1,,0,0,0,0,,6.73,10.01,12.22,0,,14,33,0.731,0.576,6.001,247,2,54,2,hizli_bilekx2 nadir_tohumx2,9,0,45
4,Run50_DengeV1,Dengeli,bahcivan,standart,101,ekonomi düğümü almaz,26,,,46,41,1,3,0,1,24,10,10,1,1,318,318,500,0,0,88,55,2,191,104,44,2332,28,1,20.27,1,1,1.327,1.194,5,0.3,2,33,4.94,2.57,2.1,3.38,4,9,0,0,0,,0,8.03,3.85,13.59,34.47,33.17,16,35,0.823,0.657,6.051,260,0,54,2,hizli_bilekx3 nadir_tohumx2,10,0,45
4,Run50_DengeV1,Dengeli,bahcivan,standart,101,ekonomi düğümü almaz,27,,,40,37,0,3,0,0,20,9,7,4,0,281,599,500,0,0,76,28,8,107,119,32,2818,29,1,20.27,1,1,1.327,1.194,5,0.3,2,33,5,2.45,2.88,4.5,7,,0,0,0,0,,8.43,15.75,14.38,22.56,,14,36,0.844,0.556,5.812,279,1,55,3,hizli_bilekx3 nadir_tohumx2,10,0,45
4,Run50_DengeV1,Dengeli,bahcivan,standart,101,ekonomi düğümü almaz,28,,,39,35,1,3,0,0,14,12,9,3,1,377,976,500,0,0,106,36,6,193,155,38,2784,30,1,20.27,1,1,1.327,1.194,5,0.3,2,33,4.94,2.38,2,4.11,5,,0,0,0,0,0,12.35,7.3,15.33,16.37,,15,37,0.866,0.757,5.852,285,0,55,1,hizli_bilekx3 nadir_tohumx2,9,0,45
4,Run50_DengeV1,Dengeli,bahcivan,standart,101,ekonomi düğümü almaz,29,,,38,37,0,1,0,0,16,6,6,7,3,763,1739,500,0,0,116,39,14,129,194,52,3308,31,1,20.27,1,1,1.285,1.194,5,0.3,2,35,5,2.63,2.17,4.8,4.57,5,0,0,0,0,0,15.18,9.42,19.01,16.16,12.84,16,38,0.867,0.763,5.886,291,1,56,1,hizli_bilekx3 nadir_tohumx2,8,0,45
4,Run50_DengeV1,Dengeli,bahcivan,standart,101,ekonomi düğümü almaz,30,,,32,30,0,1,0,1,13,9,7,3,0,241,1980,500,241,100,62,28,6,161,34,38,2224,32,1,20.27,1,1,1.285,1.194,5,0.3,2,35,5,2.85,2.88,2.83,2.67,,0,0,0,0,,10.28,12.52,8.78,19.71,,17,41,0.893,0.683,5.771,320,1,57,3,hizli_bilekx3 nadir_tohumx2,6,0,45
4,Run50_DengeV1,Dengeli,bahcivan,standart,101,ekonomi düğümü almaz,31,,,57,51,1,4,0,1,18,18,16,4,1,757,757,1200,0,0,108,79,8,129,113,46,4393,33,1,23.08,1.6,1,1.285,1.194,5,0.3,2,35,5,1.76,2,3.13,2.25,6,0,0,0,0,0,7.1,6.82,11.48,9,20.57,18,42,0.836,0.738,5.797,326,1,58,1,hizli_bilekx3 nadir_tohumx2 canavar_kesimix1,10,0,45
4,Run50_DengeV1,Dengeli,bahcivan,standart,101,ekonomi düğümü almaz,32,,,47,44,0,3,0,0,12,17,10,7,1,1191,1948,1200,0,0,92,55,14,146,180,40,3693,34,1,24.3,1.6,1,1.285,1.194,5,0.3,2,35,5,1.82,2.8,2.7,3.57,3,8,0,0,0,0,6.54,9.42,13.88,14.69,11.57,19,45,0.855,0.711,5.821,348,1,59,2,hizli_bilekx3 nadir_tohumx2 canavar_kesimix1,10,0,45
4,Run50_DengeV1,Dengeli,bahcivan,standart,101,ekonomi düğümü almaz,33,,,58,46,6,5,0,1,17,19,12,8,2,1098,3046,1200,0,0,170,48,16,241,228,36,4266,35,1,25.51,1.6,1,1.285,1.233,5,0.3,2,35,5,1.71,2,3.44,2.25,1,13,0,0,0,0,7.52,6.97,16.71,4.97,0,17,46,0.848,0.739,5.771,359,2,61,2,hizli_bilekx3 nadir_tohumx2 canavar_kesimix1,11,0,45
4,Run50_DengeV1,Dengeli,bahcivan,standart,101,ekonomi düğümü almaz,34,,,62,57,2,3,0,0,22,17,14,8,1,1563,4609,1200,0,0,112,71,16,293,299,52,4454,36,1,25.51,1.6,1,1.285,1.233,5,0.3,2,35,5,1.9,1.8,2.77,3.13,6,0,0,0,0,0,7.13,4.03,11.07,10.92,32.13,19,49,0.858,0.714,5.821,379,0,61,2,hizli_bilekx3 nadir_tohumx2 canavar_kesimix1,13,0,45
4,Run50_DengeV1,Dengeli,bahcivan,standart,101,ekonomi düğümü almaz,35,,,54,45,7,2,0,0,15,13,15,7,4,2202,6811,1200,2202,220,142,75,22,245,156,54,4132,37,1,25.51,1.6,1,1.244,1.233,5,0.3,2,36,4.94,1.62,2.33,3,3.6,3,0,0,0,0,0,2.39,7.98,10.3,17.41,18.67,17,49,0.78,0.633,5.688,388,2,63,1,hizli_bilekx3 nadir_tohumx2 canavar_kesimix1,11,0,45
4,Run50_DengeV1,Dengeli,bahcivan,standart,101,ekonomi düğümü almaz,36,,,74,60,7,6,0,1,26,23,10,11,4,1365,1365,2800,0,0,174,70,30,279,238,64,5541,38,1,28.62,1.6,1,1.244,1.628,6,0.3,2,36,6,1.89,2.89,3.22,3.45,2,10,0,0,0,0,4.19,7.19,10.65,11.99,3.31,15,49,0.824,0.551,5.57,396,1,64,1,hizli_bilekx3 nadir_tohumx2 canavar_kesimix1 genis_savurusx1,19,0,45
4,Run50_DengeV1,Dengeli,bahcivan,standart,101,ekonomi düğümü almaz,37,,,72,53,11,6,1,1,23,23,14,7,5,2077,3442,2800,0,0,138,86,38,157,336,82,5495,39,1,29.99,1.6,1,1.244,1.679,6,0.317,2,36,6,1.8,2.53,3.5,3.2,4.25,0,0,0,0,0,3.74,7.54,13.27,7.72,10.57,13,49,0.825,0.673,5.467,403,3,67,1,hizli_bilekx3 nadir_tohumx2 canavar_kesimix1 genis_savurusx1,15,0,45
4,Run50_DengeV1,Dengeli,bahcivan,standart,101,ekonomi düğümü almaz,38,,,73,61,6,5,1,0,18,24,17,9,5,1965,5407,2800,0,0,162,113,26,254,149,108,5606,40,1,29.99,1.6,1,1.244,1.731,6,0.317,2,36,6,2.07,2.27,2.71,3.57,3,12,0,0,0,0,6.31,8.26,8.98,8.52,4.66,13,49,0.834,0.592,5.404,408,2,69,0,hizli_bilekx3 nadir_tohumx2 canavar_kesimix1 genis_savurusx1,21,0,45
4,Run50_DengeV1,Dengeli,bahcivan,standart,101,ekonomi düğümü almaz,39,,,71,60,4,2,2,3,31,19,13,4,4,1590,6997,2800,0,0,228,52,16,482,151,24,6161,41,1,29.99,1.6,1,1.244,1.731,6,0.317,2,36,6,1.81,2.25,2.82,4.5,5.67,14,0,0,0,0,3.45,6.61,10.41,20.85,21.58,13,55,0.841,0.618,5.404,458,1,70,3,hizli_bilekx3 nadir_tohumx2 canavar_kesimix1 genis_savurusx1,15,0,45
4,Run50_DengeV1,Dengeli,bahcivan,standart,101,ekonomi düğümü almaz,40,,,73,59,6,3,3,2,35,13,16,7,2,1030,8027,2800,1030,500,122,79,22,274,205,46,6042,42,1,29.99,1.6,1,1.205,1.731,6,0.317,2,37,6,2.21,2.22,3.08,3.33,6,7,0,0,0,,5.11,4.69,10.11,13.45,19.87,14,60,0.848,0.683,5.464,494,1,71,4,hizli_bilekx3 nadir_tohumx2 canavar_kesimix1 genis_savurusx1,17,0,45
4,Run50_DengeV1,Dengeli,bahcivan,standart,101,ekonomi düğümü almaz,41,,,64,53,2,3,2,4,18,16,16,12,2,984,984,4500,0,0,100,79,32,149,296,58,4406,43,1,33.24,1.6,1,1.205,1.731,6,0.317,2,37,6,2,2.55,3,3.45,5.5,11,0,0,0,0,3.61,6.46,8.61,9.31,22.3,14,63,0.863,0.698,5.464,519,1,72,2,hizli_bilekx3 nadir_tohumx3 canavar_kesimix1 genis_savurusx1,16,0,45
4,Run50_DengeV1,Dengeli,bahcivan,standart,101,ekonomi düğümü almaz,42,,,82,66,9,1,3,3,28,21,20,13,0,1066,2050,4500,0,0,140,80,26,259,128,64,6742,44,1,33.24,1.6,1,1.205,1.731,6,0.317,2,37,6,1.92,2.25,3,2.7,,6,0,0,0,,4.37,5.8,7.38,10.73,,15,66,0.859,0.758,5.381,552,1,73,3,hizli_bilekx3 nadir_tohumx3 canavar_kesimix1 genis_savurusx1,19,0,45
4,Run50_DengeV1,Dengeli,bahcivan,standart,101,ekonomi düğümü almaz,43,,,75,57,11,5,1,1,25,24,17,8,1,730,2780,4500,0,0,146,68,24,205,196,88,5335,45,1,33.24,1.6,1,1.205,1.804,6,0.317,2,37,6,2.11,1.94,3.23,4.67,7,10,0,0,0,0,4.51,5.89,11.68,14.26,15.67,16,68,0.87,0.779,5.425,564,1,74,1,hizli_bilekx3 nadir_tohumx3 canavar_kesimix1 genis_savurusx1,16,0,45
4,Run50_DengeV1,Dengeli,bahcivan,standart,101,ekonomi düğümü almaz,44,,,66,50,14,0,1,1,20,26,9,10,1,679,3459,4500,0,0,144,36,28,289,232,116,4284,45,0,33.24,1.6,1,1.205,1.804,6,0.317,2,37,6,2.06,2.56,3.5,3.43,4,0,0,0,0,0,4.52,6.1,11.6,11.02,6.03,18,71,0.881,0.746,5.499,581,0,74,2,hizli_bilekx3 nadir_tohumx3 canavar_kesimix1 genis_savurusx1,15,0,45
4,Run50_DengeV1,Dengeli,bahcivan,standart,101,ekonomi düğümü almaz,45,,,51,42,3,3,0,3,13,18,10,9,1,737,4196,4500,737,800,128,40,18,182,272,134,4664,46,1,33.24,1.6,1,1.205,1.804,6,0.333,2,37,5,1.3,1.94,2.86,2.38,4,18,0,0,0,0,1.21,3.17,11.71,5.87,8.43,19,73,0.917,0.849,5.53,594,1,75,1,hizli_bilekx3 nadir_tohumx3 canavar_kesimix1 genis_savurusx1,11,0,45
4,Run50_DengeV1,Dengeli,bahcivan,standart,101,ekonomi düğümü almaz,45,KOTA
5,Run50_DengeV1,Dengeli,bahcivan,standart,100,XP ve kart düğümü almaz,1,,,13,13,0,0,0,0,12,1,0,0,0,15,15,45,0,0,28,0,0,28,0,0,270,1,0,10,1,1,3,1,5,0.3,2,13,2.08,1.83,3,,,,21,0,,,,2.5,6,,,,2,4,0.346,0,8,23,0,0,2,,3,0.205,45
5,Run50_DengeV1,Dengeli,bahcivan,standart,100,XP ve kart düğümü almaz,2,,,13,13,0,0,0,0,10,3,0,0,0,19,34,45,0,0,32,0,0,33,0,0,290,2,1,10,1,1,3,1,5,0.3,2,14,2.86,2.3,4,,,,0,0,,0,,4.5,9,,,,3,5,0.527,0,8,28,1,1,1,,3,0.044,45
5,Run50_DengeV1,Dengeli,bahcivan,standart,100,XP ve kart düğümü almaz,3,,,18,18,0,0,0,0,14,2,1,1,0,60,94,45,0,0,36,4,2,37,4,2,465,3,1,10.67,1,1,2.892,1,5,0.3,2,14,3.07,1.93,3.5,4,1,,20,0,0,,,3.73,10.13,11.57,0,,4,6,0.462,0,8,34,2,3,1,,6,0.113,45
5,Run50_DengeV1,Dengeli,bahcivan,standart,100,XP ve kart düğümü almaz,4,,,18,18,0,0,0,0,12,5,1,0,0,37,131,45,0,0,44,4,0,48,8,2,462,4,1,11.33,1,1,2.892,1,5,0.3,2,15,3,1.75,2.8,2,,,23,0,0,,,2.89,7.52,2.9,,,5,7,0.539,0.143,7.637,41,2,5,1,,5,0.026,45
5,Run50_DengeV1,Dengeli,bahcivan,standart,100,XP ve kart düğümü almaz,5,,,21,21,0,0,0,0,16,4,1,0,0,38,169,45,38,8,48,4,0,56,12,2,507,5,1,11.33,1,1,2.892,1,5,0.3,2,15,3.73,2.31,2,4,,,6,0,,,,6.15,5.07,8.7,,,6,9,0.625,0.333,7.665,53,0,5,1,,4,0,45
5,Run50_DengeV1,Dengeli,bahcivan,standart,100,XP ve kart düğümü almaz,6,,,28,28,0,0,0,0,22,4,1,1,0,74,74,110,0,0,60,4,2,60,16,4,746,7,2,12,1.25,1,2.789,1,5,0.3,2,16,3.63,1.73,2.25,3,4,,14,0,0,0,,3.04,5.58,5.57,11.17,,6,9,0.481,0.111,7.665,53,4,9,0,keskin_bicakx1,6,0.08,45
5,Run50_DengeV1,Dengeli,bahcivan,standart,100,XP ve kart düğümü almaz,7,,,30,30,0,0,0,0,21,8,1,0,0,55,129,110,0,0,74,4,0,74,20,4,843,8,1,12,1.25,1,2.789,1,5,0.3,2,16,3.75,1.62,2.38,3,,,29,0,0,,,3.45,9.76,8.37,,,8,12,0.579,0.333,7.7,70,0,9,2,keskin_bicakx1,6,0,45
5,Run50_DengeV1,Dengeli,bahcivan,standart,100,XP ve kart düğümü almaz,8,,,28,28,0,0,0,0,21,7,0,0,0,42,171,110,0,0,77,0,0,79,5,4,753,10,2,12,1.25,1,2.689,1,5,0.3,2,16,3.88,1.67,2.57,,,,33,0,0,,,3.2,8.45,,,,9,13,0.595,0.385,7.711,76,4,13,1,keskin_bicakx1,7,0,45
5,Run50_DengeV1,Dengeli,bahcivan,standart,100,XP ve kart düğümü almaz,9,,,31,31,0,0,0,0,21,7,2,1,0,95,266,110,0,0,77,8,2,82,13,6,949,11,1,13.33,1.25,1,2.592,1,5,0.3,2,17,4,1.86,2.14,1,3,,14,0,0,0,,3.83,7.04,0,7.77,,10,14,0.657,0.429,7.531,84,5,18,1,keskin_bicakx1,6,0,45
5,Run50_DengeV1,Dengeli,bahcivan,standart,100,XP ve kart düğümü almaz,10,,,27,27,0,0,0,0,19,6,2,0,0,58,324,110,58,20,87,8,0,99,21,6,761,12,1,13.33,1.25,1,2.5,1,5,0.3,2,17,3.41,1.63,2,2.5,,,20,0,0,,,3.16,7.08,7.5,,,11,16,0.542,0.125,7.539,96,2,20,1,keskin_bicakx1,8,0.002,45
5,Run50_DengeV1,Dengeli,bahcivan,standart,100,XP ve kart düğümü almaz,11,,,40,40,0,0,0,0,28,9,3,0,0,90,90,150,0,0,129,12,0,138,33,6,1150,13,1,13.33,1.25,1,2.5,1.32,6,0.3,2,17,5.18,1.86,2.22,2.67,,,14,0,0,0,,4.91,6.94,13.33,,,13,20,0.662,0.4,7.55,119,0,20,2,keskin_bicakx1 genis_savurusx1,11,0,45
5,Run50_DengeV1,Dengeli,bahcivan,standart,100,XP ve kart düğümü almaz,12,,,49,49,0,0,0,0,41,5,2,1,0,109,199,150,0,0,148,8,2,155,11,8,1292,15,2,14.67,1.25,1,2.41,1.32,6,0.3,2,18,5.72,1.66,2.8,2.5,2,,28,0,0,0,,3.88,13.01,4.82,14.47,,15,23,0.662,0.435,7.204,144,6,26,2,keskin_bicakx1 genis_savurusx1,11,0,45
5,Run50_DengeV1,Dengeli,bahcivan,standart,100,XP ve kart düğümü almaz,13,,,44,40,0,4,0,0,26,10,6,2,0,183,382,150,0,0,128,24,4,142,35,12,1424,16,1,14.67,1.25,1,2.41,1.371,6,0.3,2,18,5.72,1.75,2.33,2.8,1.5,,11,0,0,,,5.43,8.84,12.05,3.62,,17,25,0.706,0.4,7.23,156,2,28,2,keskin_bicakx1 genis_savurusx1,13,0,45
5,Run50_DengeV1,Dengeli,bahcivan,standart,100,XP ve kart düğümü almaz,14,,,59,57,0,2,0,0,44,10,5,0,0,129,511,150,0,0,192,20,0,215,30,12,1679,18,2,16.36,1.25,1,2.324,1.423,6,0.3,2,19,6,1.55,2.44,2.25,,,29,0,0,0,,3.12,11.63,11.62,,,17,25,0.639,0.24,7.053,159,7,35,0,keskin_bicakx1 genis_savurusx1,16,0,45
5,Run50_DengeV1,Dengeli,bahcivan,standart,100,XP ve kart düğümü almaz,15,,,62,61,0,1,0,0,53,5,2,2,0,153,664,150,153,30,189,8,4,197,38,16,1800,19,1,19.2,1.25,1,2.24,1.474,6,0.3,2,20,5.8,1.69,1.8,2.5,2.5,,28,0,0,,,4.82,8.95,11.2,5.6,,17,25,0.634,0.4,6.881,164,8,43,0,keskin_bicakx1 genis_savurusx1,11,0,45
5,Run50_DengeV1,Dengeli,bahcivan,standart,100,XP ve kart düğümü almaz,16,,,62,61,0,1,0,0,39,15,6,1,1,276,276,220,0,0,252,30,2,263,68,18,2051,21,2,20.27,1.563,1,2.16,1.525,6,0.3,2,20,5.85,1.63,1.67,2.17,3,3,19,31,0,0,0,4.72,4.89,7.57,12.97,17.27,17,25,0.615,0.32,6.712,168,6,49,0,keskin_bicakx2 genis_savurusx1,13,0,45
5,Run50_DengeV1,Dengeli,bahcivan,standart,100,XP ve kart düğümü almaz,17,,,64,61,0,3,0,0,44,13,6,1,0,190,466,220,0,0,210,30,2,211,73,20,2372,22,1,20.27,1.563,1,2.092,1.577,6,0.3,2,21,5.81,1.5,1.83,2.17,3,,40,9,0,0,,3.19,5.23,9.06,14.63,,16,25,0.636,0.32,6.129,184,6,55,1,keskin_bicakx2 genis_savurusx1,14,0,45
5,Run50_DengeV1,Dengeli,bahcivan,standart,100,XP ve kart düğümü almaz,18,,,66,58,0,8,0,0,35,14,15,2,0,296,762,220,0,0,189,75,4,280,98,24,2754,24,2,23.08,1.563,1,2.092,1.577,6,0.3,2,21,5.76,1.47,1.92,2,2,,30,0,0,0,,2.81,5.79,5.06,8.37,,16,25,0.655,0.44,6.129,184,2,57,0,keskin_bicakx2 genis_savurusx1,12,0,45
5,Run50_DengeV1,Dengeli,bahcivan,standart,100,XP ve kart düğümü almaz,19,,,69,68,0,1,0,0,37,22,6,4,0,295,1057,220,0,0,258,30,8,298,58,32,3396,25,1,23.08,1.563,1,2.092,1.577,6,0.3,2,21,5.81,1.5,1.73,2.17,1.5,,31,10,0,0,,3.2,4.18,5.58,4.71,,17,27,0.658,0.444,6.145,198,3,60,1,keskin_bicakx2 genis_savurusx1,12,0,45
5,Run50_DengeV1,Dengeli,bahcivan,standart,100,XP ve kart düğümü almaz,20,,,45,44,0,1,0,0,29,9,6,1,0,155,1212,220,155,45,141,30,2,249,63,34,2111,26,1,23.08,1.563,1,2.092,1.577,6,0.3,2,21,5,1.43,1.89,2.67,3,,36,0,0,0,0,2.99,9.76,13.59,4.17,,19,38,0.808,0.368,6.027,284,0,60,4,keskin_bicakx2 genis_savurusx1,10,0,45
5,Run50_DengeV1,Dengeli,bahcivan,standart,100,XP ve kart düğümü almaz,21,,,68,66,0,2,0,0,35,17,11,3,2,542,542,300,0,0,210,100,6,259,103,40,3623,28,2,23.08,1.953,1,2.092,1.577,6,0.3,2,21,6,1.52,1.53,1.91,2.33,1.5,25,14,0,0,0,4.25,3.81,6.85,7.67,6.27,19,42,0.79,0.571,6.027,314,2,62,2,keskin_bicakx3 genis_savurusx1,15,0,45
5,Run50_DengeV1,Dengeli,bahcivan,standart,100,XP ve kart düğümü almaz,22,,,73,71,0,2,0,0,34,22,11,3,3,697,1239,300,0,0,330,66,16,394,86,36,4640,30,2,25.51,1.953,1,2.092,1.628,6,0.3,2,21,6,1.31,1.82,2.09,2,1.67,50,5,27,0,0,2.94,11.32,5.71,17.43,2.79,17,47,0.81,0.511,5.946,356,5,67,4,keskin_bicakx3 genis_savurusx1,15,0,45
5,Run50_DengeV1,Dengeli,bahcivan,standart,100,XP ve kart düğümü almaz,23,,,70,66,2,2,0,0,39,19,9,2,1,440,1679,300,0,0,243,76,4,387,162,40,4233,31,1,25.51,1.953,1,2.026,1.628,6,0.3,2,22,6,1.43,1.72,2.22,2.5,,37,18,0,0,0,3.12,3.15,6.08,7.1,,19,49,0.824,0.612,5.994,368,1,68,2,keskin_bicakx3 genis_savurusx1,16,0,45
5,Run50_DengeV1,Dengeli,bahcivan,standart,100,XP ve kart düğümü almaz,24,,,81,77,4,0,0,0,35,13,18,13,2,1216,2895,300,0,0,231,137,30,253,299,50,6585,33,2,28.62,1.953,1,2.026,1.679,6,0.317,2,22,6,1.19,1.54,1.59,2.23,1.5,68,31,25,0,0,0.82,2.18,2.5,6.7,2.03,16,49,0.817,0.694,5.927,372,4,72,1,keskin_bicakx3 genis_savurusx1,15,0,45
5,Run50_DengeV1,Dengeli,bahcivan,standart,100,XP ve kart düğümü almaz,25,,,76,72,4,0,0,0,34,20,12,8,2,867,3762,300,867,65,276,95,24,284,139,54,5860,34,1,29.99,1.953,1,2.026,1.679,6,0.317,2,22,6,1.25,1.53,1.91,2.38,2.5,61,22,23,0,0,1.84,2.13,4.24,8.62,8.12,14,49,0.784,0.592,5.716,386,4,76,1,keskin_bicakx3 genis_savurusx1,14,0,45
5,Run50_DengeV1,Dengeli,bahcivan,standart,100,XP ve kart düğümü almaz,26,,,73,67,6,0,0,0,32,16,14,10,1,934,934,500,0,0,198,113,33,222,252,87,5605,36,2,29.99,1.953,1,1.962,1.679,6,0.317,2,22,6,1.22,1.44,1.85,2.1,2,52,36,8,0,0,1.31,2.58,5.44,5.3,3.9,14,49,0.829,0.633,5.716,386,1,77,0,keskin_bicakx3 genis_savurusx1 nadir_tohumx1,13,0,45
5,Run50_DengeV1,Dengeli,bahcivan,standart,100,XP ve kart düğümü almaz,27,,,82,69,11,2,0,0,34,17,19,9,3,1180,2114,500,0,0,207,137,49,234,159,136,6778,37,1,33.24,1.953,1,1.962,1.679,6,0.317,2,22,6,1.18,1.44,2,1.86,2,65,35,13,0,0,1.68,2.09,5.5,8.69,1.96,14,49,0.823,0.612,5.716,386,2,79,0,keskin_bicakx3 genis_savurusx1 nadir_tohumx1,16,0,45
5,Run50_DengeV1,Dengeli,bahcivan,standart,100,XP ve kart düğümü almaz,28,,,76,71,4,0,0,1,26,25,15,6,4,1210,3324,500,0,0,339,102,42,413,171,78,6308,39,2,33.24,1.953,1,1.962,1.679,6,0.317,2,22,6,1.4,1.5,1.79,2.17,1.25,44,30,8,17,0,3.69,2.68,3.51,6.22,1.47,14,51,0.833,0.725,5.608,409,3,82,1,keskin_bicakx3 genis_savurusx1 nadir_tohumx1,13,0,45
5,Run50_DengeV1,Dengeli,bahcivan,standart,100,XP ve kart düğümü almaz,29,,,69,61,8,0,0,0,25,16,18,9,1,926,4250,500,0,0,177,126,42,350,284,50,5519,40,1,33.24,1.953,1,1.962,1.753,6,0.317,2,22,6,1.57,1.6,2.2,2.56,1,36,21,0,0,,3.45,4.45,7.59,7.21,0,16,60,0.854,0.667,5.688,475,2,84,4,keskin_bicakx3 genis_savurusx1 nadir_tohumx1,12,0,45
5,Run50_DengeV1,Dengeli,bahcivan,standart,100,XP ve kart düğümü almaz,30,,,65,62,3,0,0,0,25,20,14,5,1,614,4864,500,614,100,249,98,15,269,394,45,4950,40,0,33.24,1.953,1,1.962,1.804,6,0.333,2,22,6,1.61,1.65,2.31,2.2,2,24,21,0,0,0,3.5,6.87,6.19,5.5,7.83,17,65,0.884,0.723,5.72,511,2,86,2,keskin_bicakx3 genis_savurusx1 nadir_tohumx1,11,0,45
5,Run50_DengeV1,Dengeli,bahcivan,standart,100,XP ve kart düğümü almaz,31,,,128,110,5,9,0,4,46,36,32,8,6,2005,2005,1200,0,0,381,326,66,395,432,91,11384,42,2,34.76,1.953,1,1.668,1.855,9,0.333,2,26,9,1.58,1.53,1.88,2,2.5,32,22,5,0,0,3.88,4.9,7.07,7.38,10.57,18,69,0.78,0.652,5.749,540,4,90,2,keskin_bicakx3 genis_savurusx1 nadir_tohumx1 hizli_bilekx1,25,0,45
5,Run50_DengeV1,Dengeli,bahcivan,standart,100,XP ve kart düğümü almaz,32,,,116,98,14,0,0,4,32,39,26,17,2,1971,3976,1200,0,0,390,224,86,420,250,117,10433,44,2,34.76,1.953,1,1.668,1.855,9,0.333,2,26,9,1.4,1.56,2.05,2.46,2,45,32,0,0,0,1.95,3.02,6.91,12.7,9.17,17,76,0.82,0.539,5.457,627,5,95,4,keskin_bicakx3 genis_savurusx1 nadir_tohumx1 hizli_bilekx1,28,0,45
5,Run50_DengeV1,Dengeli,bahcivan,standart,100,XP ve kart düğümü almaz,33,,,132,109,13,3,0,7,44,30,32,20,6,2731,6707,1200,0,0,408,310,148,448,350,200,11479,46,2,34.76,1.953,1,1.616,1.855,9,0.333,2,27,9,1.53,1.52,1.66,2.56,1.8,33,10,0,0,0,4.53,3.8,5.07,9.69,3.24,18,79,0.822,0.684,5.37,662,4,99,1,keskin_bicakx3 genis_savurusx1 nadir_tohumx1 hizli_bilekx1,25,0,45
5,Run50_DengeV1,Dengeli,bahcivan,standart,100,XP ve kart düğümü almaz,34,,,141,112,21,1,0,7,44,41,33,19,4,2455,9162,1200,0,0,564,348,125,742,578,150,12231,47,1,38.16,1.953,1,1.616,1.855,9,0.333,2,27,9,1.43,1.57,1.75,2.2,2.5,40,26,7,0,0,3.23,3.52,4.22,6.25,16.57,20,81,0.816,0.667,5.442,670,4,103,2,keskin_bicakx3 genis_savurusx1 nadir_tohumx1 hizli_bilekx1,28,0,45
5,Run50_DengeV1,Dengeli,bahcivan,standart,100,XP ve kart düğümü almaz,35,,,85,69,15,0,0,1,25,19,24,14,3,1772,10934,1200,1772,220,312,260,70,519,278,110,4874,48,1,42.03,1.953,1,1.616,1.929,9,0.333,2,27,6,1.55,1.63,1.95,2.08,3,27,21,0,0,0,2.99,2.63,4.85,4.98,5.65,20,81,0.883,0.765,5.442,670,5,108,0,keskin_bicakx3 genis_savurusx1 nadir_tohumx1 hizli_bilekx1,21,0,45
5,Run50_DengeV1,Dengeli,bahcivan,standart,100,XP ve kart düğümü almaz,36,,,186,142,24,10,0,10,67,44,36,32,7,3729,3729,2800,0,0,704,496,205,818,774,315,15668,49,1,42.03,1.953,1,1.616,2.546,12,0.35,2,27,11.81,1.49,1.69,1.73,1.91,1.4,34,22,11,0,0,3.08,6.16,4.04,5.88,2.26,20,81,0.754,0.593,5.442,670,3,111,0,keskin_bicakx3 genis_savurusx2 nadir_tohumx1 hizli_bilekx1,36,0,45
5,Run50_DengeV1,Dengeli,bahcivan,standart,100,XP ve kart düğümü almaz,37,,,191,161,5,12,0,13,70,47,39,25,10,4226,7955,2800,0,0,829,506,190,1017,600,355,17898,51,2,45.79,1.953,1,1.565,2.546,12,0.35,2.111,28,11.75,1.36,1.49,2.09,2.14,2,51,32,3,0,0,2.49,3.37,7.23,5.41,4.54,20,81,0.754,0.642,5.309,687,5,116,0,keskin_bicakx3 genis_savurusx2 nadir_tohumx1 hizli_bilekx1,32,0,45
5,Run50_DengeV1,Dengeli,bahcivan,standart,100,XP ve kart düğümü almaz,38,,,190,155,24,6,0,5,53,51,50,31,5,3522,11477,2800,0,0,722,626,180,839,1226,340,13976,53,2,45.79,1.953,1,1.565,2.643,12,0.35,2.222,28,11.96,1.45,1.73,2,1.96,2.67,43,24,14,0,0,2.05,3.3,6.34,4.57,5.73,20,81,0.765,0.642,5.309,687,4,120,0,keskin_bicakx3 genis_savurusx2 nadir_tohumx1 hizli_bilekx1,32,0,45
5,Run50_DengeV1,Dengeli,bahcivan,standart,100,XP ve kart düğümü almaz,39,,,202,169,22,6,0,5,64,60,41,33,4,3317,14794,2800,0,0,777,498,215,926,574,315,14967,54,1,48.2,1.953,1,1.516,2.643,12,0.367,2.333,29,12,1.3,1.4,1.88,2.19,2.75,54,50,13,0,0,1.66,2.6,6.87,5.83,13.65,20,81,0.735,0.543,5.309,687,5,125,0,keskin_bicakx3 genis_savurusx2 nadir_tohumx1 hizli_bilekx1,35,0,45
5,Run50_DengeV1,Dengeli,bahcivan,standart,100,XP ve kart düğümü almaz,40,,,197,164,20,6,0,7,59,54,53,23,8,3677,18471,2800,3677,500,902,674,185,1178,868,210,16569,55,1,52.15,1.953,1,1.516,2.643,12,0.367,2.444,29,11.52,1.45,1.41,1.93,1.74,1.5,41,51,11,18,0,2.16,2.31,5.4,5.26,2.78,20,81,0.601,0.37,5.179,704,4,129,0,keskin_bicakx3 genis_savurusx2 nadir_tohumx1 hizli_bilekx1,36,0,45
5,Run50_DengeV1,Dengeli,bahcivan,standart,100,XP ve kart düğümü almaz,41,,,206,172,24,5,0,5,72,51,52,23,8,3986,3986,4500,0,0,960,685,183,1098,1553,268,17036,57,2,52.15,1.953,1,1.516,2.739,12,0.383,2.444,29,12,1.42,1.52,1.91,2.41,2.25,50,43,14,0,0,2.54,3.72,4.93,9.81,3.97,20,81,0.791,0.679,4.402,828,4,133,0,keskin_bicakx3 genis_savurusx2 nadir_tohumx1 hizli_bilekx1 bereketli_toprakx1,33,0,45
5,Run50_DengeV1,Dengeli,bahcivan,standart,100,XP ve kart düğümü almaz,42,,,228,187,18,14,0,9,76,56,48,42,6,4868,8854,4500,0,0,912,612,298,1220,775,566,21259,58,1,58.9,1.953,1,1.468,2.739,12,0.383,2.444,30,12,1.34,1.39,1.85,1.9,2.4,48,42,13,3,0,1.66,3.39,4.18,5.07,12.33,20,81,0.759,0.605,4.33,842,4,137,0,keskin_bicakx3 genis_savurusx2 nadir_tohumx1 hizli_bilekx1 bereketli_toprakx1,41,0,45
5,Run50_DengeV1,Dengeli,bahcivan,standart,100,XP ve kart düğümü almaz,43,,,217,186,20,7,0,4,66,71,41,32,7,4276,13130,4500,0,0,1132,579,220,1212,914,316,17726,60,2,58.9,1.953,1,1.468,2.836,12,0.4,2.556,30,12,1.44,1.43,1.8,2.25,2.43,45,47,19,13,0,2.6,2.48,5.49,8.8,5.66,20,81,0.79,0.63,4.224,863,6,143,0,keskin_bicakx3 genis_savurusx2 nadir_tohumx1 hizli_bilekx1 bereketli_toprakx1,38,0,45
5,Run50_DengeV1,Dengeli,bahcivan,standart,100,XP ve kart düğümü almaz,44,,,240,192,32,9,0,7,74,66,54,33,13,5815,18945,4500,0,0,1124,806,320,1456,1720,636,20482,61,1,63.05,1.953,1,1.422,2.836,12,0.4,2.556,31,12,1.36,1.38,1.6,1.96,2.36,55,52,37,9,0,2.28,2.12,3.98,4.42,9.56,20,81,0.769,0.617,4.203,867,2,145,0,keskin_bicakx3 genis_savurusx2 nadir_tohumx1 hizli_bilekx1 bereketli_toprakx1,38,0,45
5,Run50_DengeV1,Dengeli,bahcivan,standart,100,XP ve kart düğümü almaz,45,,,200,167,19,5,0,9,53,51,53,33,10,6935,25880,4500,6935,800,1109,777,262,2115,887,363,21473,62,1,66.05,1.953,1,1.422,2.836,12,0.4,2.667,31,11.97,1.53,1.65,2.02,2.04,1.89,40,36,18,10,0,2.93,3.13,5.72,5.94,8.85,20,81,0.809,0.667,4.1,889,5,150,0,keskin_bicakx3 genis_savurusx2 nadir_tohumx1 hizli_bilekx1 bereketli_toprakx1,34,0,45
5,Run50_DengeV1,Dengeli,bahcivan,standart,100,XP ve kart düğümü almaz,46,,,237,195,26,6,0,10,68,69,54,36,10,7042,7042,6000,0,0,1026,801,360,1091,1118,723,21471,63,1,72.57,1.953,1,1.422,2.933,12,0.4,2.667,31,12,1.29,1.45,1.65,2.11,2.14,56,37,40,3,14,1.57,2.65,3.99,7.01,4.88,20,81,0.774,0.58,4.1,889,4,154,0,keskin_bicakx3 genis_savurusx2 nadir_tohumx2 hizli_bilekx1 bereketli_toprakx1,43,0,45
5,Run50_DengeV1,Dengeli,bahcivan,standart,100,XP ve kart düğümü almaz,47,,,228,189,28,5,0,6,66,58,58,34,12,8765,15807,6000,0,0,1019,1173,210,1140,2291,343,19310,65,2,72.57,1.953,1,1.377,2.933,12,0.417,2.778,32,12,1.37,1.38,1.78,1.97,2.64,48,46,31,4,0,2.3,1.99,5.29,4.37,7.51,20,81,0.781,0.667,4.1,889,4,158,0,keskin_bicakx3 genis_savurusx2 nadir_tohumx2 hizli_bilekx1 bereketli_toprakx1,34,0,45
5,Run50_DengeV1,Dengeli,bahcivan,standart,100,XP ve kart düğümü almaz,48,,,261,215,26,11,1,8,83,71,57,31,19,9953,25760,6000,0,0,1632,1056,366,1812,1577,709,23710,66,1,75.87,1.953,1,1.377,3.03,13,0.417,2.778,32,12.72,1.37,1.35,1.72,2.17,2.15,56,47,32,0,0,2.06,1.35,3.99,4.82,5.4,20,81,0.756,0.58,4,911,4,162,0,keskin_bicakx3 genis_savurusx2 nadir_tohumx2 hizli_bilekx1 bereketli_toprakx1,43,0,45
5,Run50_DengeV1,Dengeli,bahcivan,standart,100,XP ve kart düğümü almaz,49,,,256,215,19,11,0,11,79,63,69,29,16,8928,34688,6000,0,0,1495,1014,360,2897,1951,599,23149,67,1,80.41,1.953,1,1.377,3.03,13,0.417,2.889,32,12.66,1.5,1.43,1.44,2.1,2.31,39,45,52,7,0,2.48,2.78,2.44,6.29,9.1,20,81,0.746,0.58,4,911,3,165,0,keskin_bicakx3 genis_savurusx2 nadir_tohumx2 hizli_bilekx1 bereketli_toprakx1,44,0,45
5,Run50_DengeV1,Dengeli,bahcivan,standart,100,XP ve kart düğümü almaz,50,,,270,229,18,13,0,10,81,80,54,41,14,8209,42897,6000,0,0,1567,855,420,1884,1406,499,23707,68,1,91.02,1.953,1,1.377,3.03,13,0.433,3,32,12.5,1.34,1.41,1.6,1.61,1.85,44,48,47,31,17,2.22,1.88,2.87,3.13,3.92,20,81,0.744,0.568,4,911,5,170,0,keskin_bicakx3 genis_savurusx2 nadir_tohumx2 hizli_bilekx1 bereketli_toprakx1,41,0,45
5,Run50_DengeV1,Dengeli,bahcivan,standart,100,XP ve kart düğümü almaz,50,KAZANDI
6,Run50_DengeV1,Dengeli,bahcivan,standart,101,XP ve kart düğümü almaz,1,,,13,13,0,0,0,0,12,1,0,0,0,15,15,45,0,0,28,0,0,28,0,0,270,1,0,10,1,1,3,1,5,0.3,2,12,2.25,2,3,,,,17,0,,,,3,6,,,,2,4,0.339,0,8,23,0,0,2,,4,0.351,45
6,Run50_DengeV1,Dengeli,bahcivan,standart,101,XP ve kart düğümü almaz,2,,,14,14,0,0,0,0,11,2,1,0,0,27,42,45,0,0,30,4,0,31,4,0,320,2,1,10,1,1,3,1,5,0.3,2,14,2.71,2.36,2,5,,,0,0,0,,,4.64,3,21,,,3,5,0.501,0.2,8,28,1,1,1,,4,0,45
6,Run50_DengeV1,Dengeli,bahcivan,standart,101,XP ve kart düğümü almaz,3,,,16,16,0,0,0,0,10,4,2,0,0,42,84,45,0,0,36,8,0,40,12,0,400,3,1,10,1,1,2.892,1,5,0.3,2,15,3.07,2.6,2.75,3.5,,,0,0,0,,,6.07,6.51,7.23,,,4,6,0.546,0,8,34,1,2,1,,5,0.05,45
6,Run50_DengeV1,Dengeli,bahcivan,standart,101,XP ve kart düğümü almaz,4,,,20,20,0,0,0,0,18,1,1,0,0,31,115,45,0,0,40,4,0,40,16,0,430,4,1,10,1,1,2.892,1,5,0.3,2,15,3.4,2.11,3,4,,,0,0,0,,,4.99,8.7,8.7,,,5,8,0.549,0.25,8,45,0,2,1,,5,0,45
6,Run50_DengeV1,Dengeli,bahcivan,standart,101,XP ve kart düğümü almaz,5,,,15,15,0,0,0,0,6,7,1,1,0,67,182,45,67,8,40,4,2,42,20,2,420,5,1,11.33,1,1,2.892,1,5,0.3,2,15,3,2.33,2.43,3,5,,14,0,0,0,,5.3,7.03,5.8,26.03,,6,9,0.471,0.222,7.347,55,3,5,1,,4,0,45
6,Run50_DengeV1,Dengeli,bahcivan,standart,101,XP ve kart düğümü almaz,6,,,22,22,0,0,0,0,13,7,2,0,0,54,54,110,0,0,54,8,0,57,28,2,550,6,1,11.33,1,1,2.459,1,5,0.3,2,18,3.72,2.31,3.43,3,,,0,0,0,,,5.29,8.43,9.83,,,6,9,0.671,0.333,7.032,58,2,7,0,hizli_bilekx1,5,0,45
6,Run50_DengeV1,Dengeli,bahcivan,standart,101,XP ve kart düğümü almaz,7,,,23,23,0,0,0,0,15,7,1,0,0,46,100,110,0,0,65,4,0,74,32,2,550,7,1,12,1,1,2.37,1,5,0.3,2,18,3.61,2.27,3.14,1,,,0,0,,,,3.79,8.47,0,,,7,10,0.643,0.3,7.142,63,3,10,1,hizli_bilekx1,7,0,45
6,Run50_DengeV1,Dengeli,bahcivan,standart,101,XP ve kart düğümü almaz,8,,,24,24,0,0,0,0,16,7,1,0,0,47,147,110,0,0,67,4,0,70,21,2,570,8,1,12.67,1,1,2.286,1,5,0.3,2,19,3.74,2.25,3,5,,,0,0,0,,,5.14,9.15,22.87,,,8,11,0.668,0.455,7.225,69,4,14,1,hizli_bilekx1,6,0,45
6,Run50_DengeV1,Dengeli,bahcivan,standart,101,XP ve kart düğümü almaz,9,,,26,26,0,0,0,0,18,6,2,0,0,56,203,110,0,0,66,8,0,72,29,2,620,9,1,13.33,1,1,2.204,1,5,0.3,2,20,3.85,2.39,2.67,4,,,11,0,0,,,5.88,4.77,18.73,,,9,12,0.707,0.333,6.992,77,4,18,1,hizli_bilekx1,7,0,45
6,Run50_DengeV1,Dengeli,bahcivan,standart,101,XP ve kart düğümü almaz,10,,,31,31,0,0,0,0,25,6,0,0,0,43,246,110,43,20,105,0,0,114,29,2,680,10,1,14,1,1,2.125,1,5,0.3,2,21,3.86,2.4,2,,,,4,0,0,,,5.69,4.61,,,,10,13,0.676,0.538,7.054,83,3,21,1,hizli_bilekx1,5,0,45
6,Run50_DengeV1,Dengeli,bahcivan,standart,101,XP ve kart düğümü almaz,11,,,37,37,0,0,0,0,26,9,2,0,0,73,73,150,0,0,123,8,0,127,37,2,886,12,2,14.67,1,1,2.048,1.32,6,0.3,2,21,4.95,2.35,3.22,3,,,4,0,0,,,5.44,9.57,4.1,,,11,15,0.626,0.333,6.761,100,5,26,1,hizli_bilekx1 genis_savurusx1,9,0,45
6,Run50_DengeV1,Dengeli,bahcivan,standart,101,XP ve kart düğümü almaz,12,,,39,39,0,0,0,0,27,10,2,0,0,77,150,150,0,0,141,8,0,141,15,2,946,13,1,15.33,1,1,1.975,1.32,6,0.3,2,22,5.36,2.15,3.1,3,,,3,0,0,,,4.46,10.26,14.82,,,13,18,0.685,0.444,6.502,125,5,31,2,hizli_bilekx1 genis_savurusx1,9,0,45
6,Run50_DengeV1,Dengeli,bahcivan,standart,101,XP ve kart düğümü almaz,13,,,45,45,0,0,0,0,29,8,7,1,0,153,303,150,0,0,135,28,2,137,43,4,1176,14,1,16,1,1,1.904,1.32,6,0.3,2,23,5.7,2.17,2.25,3.57,4,,4,0,0,0,,6.1,5,11.43,34.27,,14,21,0.719,0.524,6.132,154,4,35,1,hizli_bilekx1 genis_savurusx1,9,0,45
6,Run50_DengeV1,Dengeli,bahcivan,standart,101,XP ve kart düğümü almaz,14,,,49,49,0,0,0,0,35,9,5,0,0,112,415,150,0,0,159,20,0,197,63,4,1188,15,1,16,1,1,1.904,1.32,6,0.3,2,23,6,2.23,3.22,2.6,,,3,0,0,0,,6.04,15.02,7.23,,,17,25,0.759,0.6,6.084,185,1,36,3,hizli_bilekx1 genis_savurusx1,9,0,45
6,Run50_DengeV1,Dengeli,bahcivan,standart,101,XP ve kart düğümü almaz,15,,,45,45,0,0,0,0,29,11,3,2,0,152,567,150,152,30,153,12,4,161,50,8,1142,17,2,18.13,1,1,1.904,1.423,6,0.3,2,23,5.39,2.07,3.18,2.33,5.5,,4,0,0,0,,5.91,14.37,13.97,17.13,,17,25,0.6,0.44,6.084,185,6,42,0,hizli_bilekx1 genis_savurusx1,9,0,45
6,Run50_DengeV1,Dengeli,bahcivan,standart,101,XP ve kart düğümü almaz,16,,,49,49,0,0,0,0,27,12,8,2,0,203,203,220,0,0,153,32,4,186,57,12,1342,18,1,19.2,1,1,1.836,1.474,6,0.3,2,24,5.92,2.19,2.83,3.13,4,,0,0,0,0,,6.52,12.69,13.99,10.08,,16,25,0.768,0.48,6.104,184,6,48,1,hizli_bilekx1 genis_savurusx1 nadir_tohumx1,11,0,45
6,Run50_DengeV1,Dengeli,bahcivan,standart,101,XP ve kart düğümü almaz,17,,,46,46,0,0,0,0,21,13,9,2,1,310,513,220,0,0,198,45,4,198,52,16,1351,19,1,20.27,1,1,1.836,1.525,6,0.3,2,24,6,1.9,3.08,3.22,3.5,5,18,0,0,0,0,5.33,9.6,10.6,8.25,9.17,16,25,0.8,0.64,5.865,192,6,54,0,hizli_bilekx1 genis_savurusx1 nadir_tohumx1,11,0,45
6,Run50_DengeV1,Dengeli,bahcivan,standart,101,XP ve kart düğümü almaz,18,,,53,51,2,0,0,0,27,17,8,1,0,188,701,220,0,0,192,45,2,230,57,18,1510,20,1,20.27,1,1,1.778,1.525,6,0.3,2,25,5.96,2.37,2.87,2.25,2,,0,0,0,0,,7.11,7.82,5.11,1.8,,16,25,0.749,0.48,5.865,192,2,56,0,hizli_bilekx1 genis_savurusx1 nadir_tohumx1,13,0,45
6,Run50_DengeV1,Dengeli,bahcivan,standart,101,XP ve kart düğümü almaz,19,,,53,51,0,2,0,0,30,13,9,1,0,189,890,220,0,0,174,54,2,289,81,20,1458,21,1,20.27,1,1,1.778,1.577,6,0.3,2,25,6,2,2.92,3.44,2,,0,0,0,0,,5.27,11.22,15.21,5.33,,17,26,0.777,0.615,5.897,198,3,59,1,hizli_bilekx1 genis_savurusx1 nadir_tohumx1,11,0,45
6,Run50_DengeV1,Dengeli,bahcivan,standart,101,XP ve kart düğümü almaz,20,,,41,39,2,0,0,0,25,9,4,3,0,182,1072,220,182,45,138,24,6,207,45,26,1124,22,1,20.27,1,1,1.778,1.577,6,0.3,2,25,5.92,2.52,3.67,3.5,4.67,,0,0,0,0,,11.98,10.86,10.21,16.01,,17,30,0.813,0.467,5.897,229,2,61,2,hizli_bilekx1 genis_savurusx1 nadir_tohumx1,10,0,45
6,Run50_DengeV1,Dengeli,bahcivan,standart,101,XP ve kart düğümü almaz,21,,,65,61,0,4,0,0,42,14,8,1,0,194,194,300,0,0,231,48,2,278,48,28,1716,23,1,23.08,1,1,1.512,1.577,6,0.3,2,29,5.97,1.95,2.85,3.29,4,,13,0,0,0,,5.33,11.98,13.82,13.6,,18,32,0.758,0.5,5.857,246,2,63,1,hizli_bilekx2 genis_savurusx1 nadir_tohumx1,17,0,45
6,Run50_DengeV1,Dengeli,bahcivan,standart,101,XP ve kart düğümü almaz,22,,,62,59,0,0,3,0,38,11,11,2,0,258,452,300,0,0,198,66,4,201,114,32,1707,24,1,24.3,1,1,1.512,1.577,6,0.3,2,29,6,2.03,2.3,3.45,4.5,,3,0,0,0,0,6.21,7.1,9.75,21.15,,19,34,0.783,0.647,5.885,260,2,65,1,hizli_bilekx2 genis_savurusx1 nadir_tohumx1,11,0,45
6,Run50_DengeV1,Dengeli,bahcivan,standart,101,XP ve kart düğümü almaz,23,,,63,55,0,4,4,0,36,14,9,3,1,388,840,300,0,0,192,76,6,293,115,38,1791,25,1,25.51,1,1,1.512,1.628,6,0.3,2,29,6,1.94,2.64,2.63,4,3,10,0,0,0,0,4.58,6.18,7,10.08,4.53,18,42,0.8,0.5,5.857,323,2,67,4,hizli_bilekx2 genis_savurusx1 nadir_tohumx1,13,0,45
6,Run50_DengeV1,Dengeli,bahcivan,standart,101,XP ve kart düğümü almaz,24,,,73,69,0,3,1,0,36,18,13,5,1,511,1351,300,0,0,225,106,10,308,196,48,2178,26,1,25.51,1,1,1.464,1.628,6,0.3,2,30,6,1.79,2.06,2.33,3.4,1,12,0,0,0,,5.51,5.51,9.15,10.84,0,18,44,0.8,0.705,5.857,338,1,68,2,hizli_bilekx2 genis_savurusx1 nadir_tohumx1,13,0,45
6,Run50_DengeV1,Dengeli,bahcivan,standart,101,XP ve kart düğümü almaz,25,,,70,60,4,6,0,0,38,13,14,5,0,403,1754,300,403,65,204,84,10,292,92,38,2031,27,1,28.62,1,1,1.464,1.628,6,0.3,2,30,5.93,1.94,2,2.85,3.6,,9,0,0,0,0,7.05,10.25,10.58,16.99,,19,48,0.723,0.458,5.767,375,2,70,4,hizli_bilekx2 genis_savurusx1 nadir_tohumx1,18,0,45
6,Run50_DengeV1,Dengeli,bahcivan,standart,101,XP ve kart düğümü almaz,26,,,75,70,1,1,3,0,41,17,11,4,2,573,573,500,0,0,231,66,34,238,103,72,2155,27,0,28.62,1,1,1.244,1.679,6,0.317,2,36,6,2,2.41,3.4,3,5,0,0,0,0,0,3.37,6.8,11.57,7.47,14.3,20,49,0.839,0.714,5.791,381,4,74,1,hizli_bilekx3 genis_savurusx1 nadir_tohumx1,16,0,45
6,Run50_DengeV1,Dengeli,bahcivan,standart,101,XP ve kart düğümü almaz,27,,,79,68,9,0,2,0,43,16,12,7,1,643,1216,500,0,0,231,95,21,249,210,73,2308,28,1,28.62,1,1,1.244,1.679,6,0.317,2,36,6,1.97,2.4,2.82,3.29,6,5,0,0,0,0,5.05,5.47,8.82,13.33,18.67,19,49,0.803,0.653,5.767,382,1,75,1,hizli_bilekx3 genis_savurusx1 nadir_tohumx1,19,0,45
6,Run50_DengeV1,Dengeli,bahcivan,standart,101,XP ve kart düğümü almaz,28,,,84,73,6,2,3,0,39,27,12,4,2,689,1905,500,0,0,330,109,12,379,319,85,2454,29,1,29.99,1,1,1.244,1.731,6,0.317,2,36,6,2.08,2.17,3,3.25,3.5,0,0,0,0,,4.66,5.08,10.73,8.72,19.3,19,49,0.818,0.653,5.661,389,3,78,0,hizli_bilekx3 genis_savurusx1 nadir_tohumx1,17,0,45
6,Run50_DengeV1,Dengeli,bahcivan,standart,101,XP ve kart düğümü almaz,29,,,79,69,6,2,2,0,36,28,13,2,0,382,2287,500,0,0,282,91,6,401,115,91,2253,30,1,29.99,1,1,1.205,1.731,6,0.317,2,37,6,2.13,2.42,3,5,,3,0,0,0,,5.08,6.28,13.26,14.47,,19,49,0.815,0.673,5.661,389,3,81,0,hizli_bilekx3 genis_savurusx1 nadir_tohumx1,18,0,45
6,Run50_DengeV1,Dengeli,bahcivan,standart,101,XP ve kart düğümü almaz,30,,,68,64,0,2,2,0,34,16,11,6,1,577,2864,500,577,100,246,77,18,272,192,109,2014,31,1,33.24,1,1,1.205,1.731,6,0.317,2,37,6,2.13,2.87,3.18,3.5,6,0,0,0,0,0,5.02,6.02,7.34,8.63,12.03,19,49,0.854,0.673,5.661,389,2,83,0,hizli_bilekx3 genis_savurusx1 nadir_tohumx1,15,0,45
6,Run50_DengeV1,Dengeli,bahcivan,standart,101,XP ve kart düğümü almaz,31,,,113,100,5,1,7,0,53,25,25,10,0,838,838,1200,0,0,318,182,30,470,299,39,3435,32,1,33.24,1.6,1,1.205,1.804,6,0.317,2,37,6,1.5,1.57,2.05,2.6,,33,6,0,0,0,2.65,5,5.96,7.71,,20,56,0.76,0.607,5.69,443,2,85,4,hizli_bilekx3 genis_savurusx1 nadir_tohumx1 canavar_kesimix1,23,0,45
6,Run50_DengeV1,Dengeli,bahcivan,standart,101,XP ve kart düğümü almaz,32,,,156,134,9,5,7,1,70,45,30,6,5,1495,2333,1200,0,0,591,264,30,606,488,69,4690,33,1,34.76,1.6,1,1.205,1.855,9,0.333,2,37,8.78,1.56,2.03,2.33,2.8,2.25,32,2,4,0,0,3.13,6.78,8.18,10.85,6.32,21,67,0.712,0.567,5.717,527,4,89,5,hizli_bilekx3 genis_savurusx1 nadir_tohumx1 canavar_kesimix1,28,0,45
6,Run50_DengeV1,Dengeli,bahcivan,standart,101,XP ve kart düğümü almaz,33,,,157,140,11,0,6,0,70,39,28,18,2,1622,3955,1200,0,0,456,203,81,522,415,110,4870,34,1,34.76,1.6,1,1.205,1.855,9,0.333,2,37,8.97,1.39,2.09,2.42,2.2,4.5,48,0,6,0,0,2.36,8.43,10.24,6.35,24.72,24,81,0.756,0.494,5.707,639,2,91,7,hizli_bilekx3 genis_savurusx1 nadir_tohumx1 canavar_kesimix1,26,0,45
6,Run50_DengeV1,Dengeli,bahcivan,standart,101,XP ve kart düğümü almaz,34,,,159,141,12,1,5,0,69,45,28,10,7,2041,5996,1200,0,0,477,288,95,479,375,135,4932,36,2,38.16,1.6,1,1.167,1.855,9,0.333,2,38,9,1.54,1.84,2.04,2.56,3,35,9,3,0,0,3.5,6.54,7,12.44,13.77,23,81,0.765,0.654,5.545,657,5,96,1,hizli_bilekx3 genis_savurusx1 nadir_tohumx1 canavar_kesimix1,27,0,45
6,Run50_DengeV1,Dengeli,bahcivan,standart,101,XP ve kart düğümü almaz,35,,,159,146,9,1,2,1,75,43,30,8,3,2250,8246,1200,2250,220,542,300,49,571,375,119,4662,37,1,38.16,1.6,1,1.167,1.929,9,0.333,2,38,8.45,1.44,1.97,2,2.25,3,44,5,0,0,0,3.63,7.47,7.42,8.46,16.33,23,81,0.65,0.531,5.545,657,6,102,0,hizli_bilekx3 genis_savurusx1 nadir_tohumx1 canavar_kesimix1,28,0,45
6,Run50_DengeV1,Dengeli,bahcivan,standart,101,XP ve kart düğümü almaz,36,,,202,177,16,2,7,0,79,58,37,17,11,3314,3314,2800,0,0,877,366,176,958,621,295,6490,38,1,39.82,1.6,1,1.167,2.546,12,0.35,2,38,11.21,1.39,1.81,2.46,3.44,3,49,14,3,0,0,2.13,4.23,7.71,11.74,11.55,23,81,0.71,0.543,5.545,657,5,107,0,hizli_bilekx3 genis_savurusx2 nadir_tohumx1 canavar_kesimix1,39,0,45
6,Run50_DengeV1,Dengeli,bahcivan,standart,101,XP ve kart düğümü almaz,37,,,218,196,12,5,1,4,82,58,52,20,6,4252,7566,2800,0,0,828,503,176,866,564,241,7025,39,1,45.79,1.6,1,1.131,2.546,12,0.35,2.111,39,11.26,1.43,2.04,2.09,2.29,3.4,44,8,3,0,0,1.78,4.61,6.43,7.79,8.37,23,81,0.692,0.519,5.545,657,6,113,0,hizli_bilekx3 genis_savurusx2 nadir_tohumx1 canavar_kesimix1,37,0,45
6,Run50_DengeV1,Dengeli,bahcivan,standart,101,XP ve kart düğümü almaz,38,,,227,191,24,6,4,2,95,64,36,24,8,4162,11728,2800,0,0,850,464,196,1106,668,242,7132,41,2,45.79,1.6,1,1.131,2.643,12,0.35,2.222,39,11.59,1.52,1.98,2.18,2.28,3.29,34,17,3,0,0,2.84,5.91,6.1,7.54,13.08,23,81,0.671,0.469,5.513,661,4,117,0,hizli_bilekx3 genis_savurusx2 nadir_tohumx1 canavar_kesimix1,39,0,45
6,Run50_DengeV1,Dengeli,bahcivan,standart,101,XP ve kart düğümü almaz,39,,,229,213,11,3,1,1,95,63,37,25,9,3679,15407,2800,0,0,1067,518,155,1183,866,302,7390,42,1,49.54,1.6,1,1.095,2.643,12,0.367,2.222,41,11.83,1.51,1.86,2.15,2.42,3.11,40,16,0,0,0,3.04,4.27,6.24,8.72,9.61,23,81,0.684,0.531,5.378,678,5,122,0,hizli_bilekx3 genis_savurusx2 nadir_tohumx1 canavar_kesimix1,37,0,45
6,Run50_DengeV1,Dengeli,bahcivan,standart,101,XP ve kart düğümü almaz,40,,,201,174,17,4,3,3,79,53,43,18,8,3823,19230,2800,3823,500,880,514,170,1073,660,232,6538,43,1,52.15,1.6,1,1.095,2.739,12,0.383,2.333,41,8.9,1.35,1.69,1.85,2.2,2.83,49,26,3,0,0,1.82,3.55,5.28,8.98,9.86,23,81,0.735,0.605,5.378,678,5,127,0,hizli_bilekx3 genis_savurusx2 nadir_tohumx1 canavar_kesimix1,32,0,45
6,Run50_DengeV1,Dengeli,bahcivan,standart,101,XP ve kart düğümü almaz,41,,,251,218,24,5,3,1,102,73,45,27,4,4484,4484,4500,0,0,1028,556,180,1251,786,302,7964,44,1,52.15,1.6,1,1.061,2.739,12,0.383,2.333,42,11.69,1.43,1.9,1.95,2.46,3.67,45,13,2,0,0,2.5,4.69,5.48,6.32,11.3,23,81,0.639,0.506,5.378,678,4,131,0,hizli_bilekx3 genis_savurusx2 nadir_tohumx2 canavar_kesimix1,38,0,45
6,Run50_DengeV1,Dengeli,bahcivan,standart,101,XP ve kart düğümü almaz,42,,,261,218,25,9,8,1,98,72,63,20,8,4920,9404,4500,0,0,1326,688,140,1477,1094,152,8429,45,1,56.1,1.6,1,1.061,2.836,12,0.383,2.444,42,11.71,1.42,1.79,2.13,2.33,2.5,47,21,2,0,0,1.88,3.59,6.02,6.79,8.83,23,81,0.656,0.494,5.247,695,5,136,0,hizli_bilekx3 genis_savurusx2 nadir_tohumx2 canavar_kesimix1,40,0,45
6,Run50_DengeV1,Dengeli,bahcivan,standart,101,XP ve kart düğümü almaz,43,,,282,239,25,11,2,5,99,81,60,29,13,5640,15044,4500,0,0,1368,831,260,1585,1035,287,9368,46,1,63.05,1.6,1,1.027,2.836,12,0.4,2.444,43,11.65,1.39,1.67,2,2.25,2.45,52,37,5,4,0,1.94,3.6,6.02,5.35,6.82,23,81,0.617,0.506,5.247,695,5,141,0,hizli_bilekx3 genis_savurusx2 nadir_tohumx2 canavar_kesimix1,40,0,45
6,Run50_DengeV1,Dengeli,bahcivan,standart,101,XP ve kart düğümü almaz,44,,,266,226,23,10,3,4,107,76,44,32,7,5520,20564,4500,0,0,1214,648,228,2349,743,515,8510,47,1,63.05,1.6,1,1.027,2.836,12,0.4,2.444,43,11.74,1.43,1.75,2.15,2.46,2,42,16,7,4,0,2.29,4.08,6.25,7.71,8.01,23,81,0.643,0.519,5.118,712,3,144,0,hizli_bilekx3 genis_savurusx2 nadir_tohumx2 canavar_kesimix1,38,0,45
6,Run50_DengeV1,Dengeli,bahcivan,standart,101,XP ve kart düğümü almaz,45,,,264,236,15,6,5,2,107,73,49,26,9,6043,26607,4500,6043,800,1397,634,228,1696,1377,273,8496,48,1,69.27,1.6,1,1.027,2.933,12,0.4,2.556,43,11.6,1.43,1.73,2.05,2.6,2.25,50,34,6,14,0,2.45,4.52,5.18,8.98,6.03,23,81,0.649,0.506,5.118,712,5,149,0,hizli_bilekx3 genis_savurusx2 nadir_tohumx2 canavar_kesimix1,39,0,45
6,Run50_DengeV1,Dengeli,bahcivan,standart,101,XP ve kart düğümü almaz,46,,,297,262,20,2,6,7,101,75,74,36,11,7962,7962,6000,0,0,1496,1068,306,1712,1345,579,10133,50,2,72.57,1.6,1,0.995,2.933,12,0.417,2.556,45,11.73,1.36,1.59,2.03,2.35,2.5,55,38,8,0,0,1.53,3.34,6.08,8.13,7.16,23,81,0.623,0.506,5.074,718,4,153,0,hizli_bilekx3 genis_savurusx2 nadir_tohumx3 canavar_kesimix1,47,0,45
6,Run50_DengeV1,Dengeli,bahcivan,standart,101,XP ve kart düğümü almaz,47,,,293,245,29,3,8,8,110,73,67,31,12,7352,15314,6000,0,0,1548,969,342,2400,1234,386,9728,51,1,76.92,1.6,1,0.995,3.03,13,0.417,2.667,45,11.71,1.46,1.5,2,2.08,3.18,46,53,11,0,0,1.78,2.76,4.65,4.59,10.13,23,81,0.614,0.432,4.949,736,6,159,0,hizli_bilekx3 genis_savurusx2 nadir_tohumx3 canavar_kesimix1,49,0,45
6,Run50_DengeV1,Dengeli,bahcivan,standart,101,XP ve kart düğümü almaz,48,,,310,260,29,7,6,8,110,87,68,31,14,7803,23117,6000,0,0,1957,1017,290,2287,1051,676,10309,52,1,87.23,1.6,1,0.995,3.03,13,0.433,2.667,45,11.51,1.45,1.48,1.82,1.82,2,50,47,14,11,0,1.71,2.04,3.98,3.44,5.88,23,81,0.61,0.42,4.949,736,3,162,0,hizli_bilekx3 genis_savurusx2 nadir_tohumx3 canavar_kesimix1,53,0,45
6,Run50_DengeV1,Dengeli,bahcivan,standart,101,XP ve kart düğümü almaz,49,,,359,315,21,12,2,9,130,95,77,41,16,8847,31964,6000,0,0,1901,1263,390,2618,1744,476,12038,53,1,87.23,1.6,1,0.995,3.127,16,0.433,2.778,45,13.36,1.44,1.4,1.81,2.19,2.54,48,57,23,0,0,1.52,1.56,3.31,4.91,7.43,23,81,0.564,0.42,4.828,755,6,168,0,hizli_bilekx3 genis_savurusx2 nadir_tohumx3 canavar_kesimix1,57,0,45
6,Run50_DengeV1,Dengeli,bahcivan,standart,101,XP ve kart düğümü almaz,50,,,373,316,29,16,6,6,123,105,77,52,16,10595,42559,6000,0,0,2448,1119,444,2646,2223,450,12729,54,1,94.04,1.6,1,0.995,3.127,16,0.45,2.889,45,13.58,1.35,1.54,1.65,2.2,2.69,55,41,30,7,0,1.14,2.18,2.57,4.42,6.65,23,81,0.542,0.383,4.828,755,4,172,0,hizli_bilekx3 genis_savurusx2 nadir_tohumx3 canavar_kesimix1,56,0,45
6,Run50_DengeV1,Dengeli,bahcivan,standart,101,XP ve kart düğümü almaz,50,KAZANDI
7,Run50_DengeV1,Dengeli,bahcivan,standart,100,üretim düğümü almaz,1,,,13,13,0,0,0,0,12,1,0,0,0,15,15,45,0,0,28,0,0,28,0,0,270,1,0,10,1,1,3,1,5,0.3,2,13,2.08,1.83,3,,,,21,0,,,,2.5,6,,,,2,4,0.346,0,8,23,0,0,2,,3,0.205,45
7,Run50_DengeV1,Dengeli,bahcivan,standart,100,üretim düğümü almaz,2,,,13,13,0,0,0,0,10,3,0,0,0,19,34,45,0,0,32,0,0,33,0,0,290,2,1,10,1,1,3,1,5,0.3,2,14,2.86,2.3,4,,,,0,0,,0,,4.5,9,,,,3,5,0.527,0,8,28,1,1,1,,3,0.044,45
7,Run50_DengeV1,Dengeli,bahcivan,standart,100,üretim düğümü almaz,3,,,18,18,0,0,0,0,14,2,1,1,0,60,94,45,0,0,36,4,2,37,4,2,465,3,1,10.67,1,1,2.892,1,5,0.3,2,14,3.07,1.93,3.5,4,1,,20,0,0,,,3.73,10.13,11.57,0,,4,6,0.462,0,8,34,2,3,1,,6,0.113,45
7,Run50_DengeV1,Dengeli,bahcivan,standart,100,üretim düğümü almaz,4,,,18,18,0,0,0,0,12,5,1,0,0,37,131,45,0,0,44,4,0,54,8,2,462,4,1,11.33,1,1,2.892,1,5,0.3,2,15,3,1.75,2.8,2,,,23,0,0,,,2.89,7.52,2.9,,,5,7,0.527,0.143,7.829,40,1,4,1,,5,0.03,45
7,Run50_DengeV1,Dengeli,bahcivan,standart,100,üretim düğümü almaz,5,,,21,21,0,0,0,0,16,4,1,0,0,38,169,45,38,8,48,4,0,62,12,2,507,5,1,11.33,1,1,2.892,1,5,0.3,2,15,3.73,2.31,2,4,,,6,0,,,,6.15,5.07,8.7,,,6,9,0.616,0.333,7.857,52,0,4,1,,4,0,45
7,Run50_DengeV1,Dengeli,bahcivan,standart,100,üretim düğümü almaz,6,,,28,28,0,0,0,0,22,4,1,1,0,74,74,110,0,0,60,4,2,66,16,4,746,7,2,12,1.25,1,2.789,1,5,0.3,2,16,3.63,1.73,2.25,3,4,,14,0,0,0,,3.04,5.58,5.57,11.17,,6,9,0.468,0.111,7.857,52,4,8,0,keskin_bicakx1,6,0.088,45
7,Run50_DengeV1,Dengeli,bahcivan,standart,100,üretim düğümü almaz,7,,,30,30,0,0,0,0,21,8,1,0,0,55,129,110,0,0,74,4,0,80,20,4,843,8,1,12,1.25,1,2.789,1,5,0.3,2,16,3.75,1.62,2.38,3,,,29,0,0,,,3.45,9.76,8.37,,,8,12,0.569,0.333,7.893,68,0,8,2,keskin_bicakx1,6,0,45
7,Run50_DengeV1,Dengeli,bahcivan,standart,100,üretim düğümü almaz,8,,,28,28,0,0,0,0,23,2,3,0,0,59,188,110,0,0,56,12,0,74,32,4,756,10,2,12,1.25,1,2.689,1,5,0.3,2,16,3.88,1.87,1.5,3.33,,,12,0,0,,,5.14,2.7,19.72,,,9,14,0.599,0.286,7.905,80,2,10,1,keskin_bicakx1,6,0,45
7,Run50_DengeV1,Dengeli,bahcivan,standart,100,üretim düğümü almaz,9,,,34,34,0,0,0,0,27,4,3,0,0,69,257,110,0,0,74,12,0,75,29,4,918,11,1,12.67,1.25,1,2.689,1,5,0.3,2,16,4.38,1.44,2.5,3.67,,,41,0,0,0,,1.8,8.07,17.92,,,10,15,0.696,0.533,7.239,93,4,14,1,keskin_bicakx1,6,0,45
7,Run50_DengeV1,Dengeli,bahcivan,standart,100,üretim düğümü almaz,10,,,33,33,0,0,0,0,22,9,1,1,0,89,346,110,89,20,111,4,2,113,33,6,937,12,1,13.33,1.25,1,2.5,1,5,0.3,2,17,3.82,1.68,2.44,2,2,,15,0,,,,5,5.56,12.5,12.5,,11,16,0.54,0.25,7.308,99,4,18,1,keskin_bicakx1,8,0,45
7,Run50_DengeV1,Dengeli,bahcivan,standart,100,üretim düğümü almaz,11,,,40,39,1,0,0,0,28,10,1,1,0,98,98,150,0,0,134,4,2,137,7,8,1094,14,2,13.33,1.25,1,2.5,1.32,6,0.3,2,17,5.71,1.89,2.33,3,5,,20,0,0,0,,4.64,11.67,17.5,30,,13,21,0.707,0.381,7.415,127,1,19,2,keskin_bicakx1 genis_savurusx1,10,0,45
7,Run50_DengeV1,Dengeli,bahcivan,standart,100,üretim düğümü almaz,12,,,48,47,1,0,0,0,31,11,5,1,0,144,242,150,0,0,148,20,2,148,27,10,1324,15,1,15.33,1.25,1,2.41,1.32,6,0.3,2,18,5.83,1.63,1.91,2.6,3,,21,0,0,0,,5.22,5.26,11.57,9.67,,15,24,0.692,0.417,7.167,151,5,24,2,keskin_bicakx1 genis_savurusx1,11,0,45
7,Run50_DengeV1,Dengeli,bahcivan,standart,100,üretim düğümü almaz,13,,,53,50,3,0,0,0,35,11,6,1,0,165,407,150,0,0,160,24,2,162,26,12,1486,17,2,16.36,1.25,1,2.41,1.371,6,0.3,2,18,5.83,1.44,2,2.6,2,,36,0,0,,,3.19,9.4,9.16,7.23,,16,25,0.695,0.44,7.219,156,4,28,1,keskin_bicakx1 genis_savurusx1,11,0,45
7,Run50_DengeV1,Dengeli,bahcivan,standart,100,üretim düğümü almaz,14,,,59,51,8,0,0,0,41,10,6,2,0,192,599,150,0,0,183,24,4,202,50,16,1631,18,1,18.13,1.25,1,2.324,1.423,6,0.3,2,19,5.68,1.56,2,2.8,5,,27,14,0,0,,3.75,5.94,11.15,32.53,,16,25,0.668,0.44,7.219,156,6,34,0,keskin_bicakx1 genis_savurusx1,13,0,45
7,Run50_DengeV1,Dengeli,bahcivan,standart,100,üretim düğümü almaz,15,,,49,47,2,0,0,0,31,12,3,1,2,367,966,150,367,30,251,12,2,266,37,18,1471,19,1,18.13,1.25,1,2.24,1.474,6,0.3,2,20,5.9,1.81,2.4,2,4,4.5,21,13,0,0,0,7.16,8.07,8.96,13.43,17.93,15,25,0.739,0.48,7.167,157,4,38,1,keskin_bicakx1 genis_savurusx1,10,0,45
7,Run50_DengeV1,Dengeli,bahcivan,standart,100,üretim düğümü almaz,16,,,67,63,4,0,0,0,39,18,7,3,0,270,270,220,0,0,225,35,6,240,72,24,2047,21,2,20.27,1.563,1,2.16,1.525,6,0.3,2,20,5.95,1.5,1.78,2.17,1.67,,34,12,0,0,,3.6,5.88,5.76,4.33,,15,25,0.612,0.44,7.167,157,7,45,0,keskin_bicakx2 genis_savurusx1,13,0,45
7,Run50_DengeV1,Dengeli,bahcivan,standart,100,üretim düğümü almaz,17,,,61,61,0,0,0,0,37,16,7,1,0,200,470,220,0,0,207,35,2,242,57,26,1881,22,1,20.27,1.563,1,2.092,1.577,6,0.3,2,21,5.95,1.59,2.19,2.14,2,,31,0,0,,,4.19,6.8,6.57,4.2,,15,25,0.668,0.44,7.099,158,3,48,0,keskin_bicakx2 genis_savurusx1,12,0,45
7,Run50_DengeV1,Dengeli,bahcivan,standart,100,üretim düğümü almaz,18,,,71,68,3,0,0,0,40,19,12,0,0,241,711,220,0,0,234,60,0,356,77,26,2229,23,1,23.08,1.563,1,2.092,1.577,6,0.3,2,21,5.9,1.45,1.53,2.27,,,45,15,0,0,,2.7,3.41,5.89,,,15,25,0.619,0.4,7.099,158,2,50,0,keskin_bicakx2 genis_savurusx1,13,0,45
7,Run50_DengeV1,Dengeli,bahcivan,standart,100,üretim düğümü almaz,19,,,63,62,1,0,0,0,39,13,8,2,1,335,1046,220,0,0,195,60,4,281,72,30,2013,24,1,23.08,1.563,1,2.092,1.577,6,0.3,2,21,5.95,1.61,1.77,2.25,2,4,24,27,0,0,0,2.81,8.69,7.59,3.13,31.37,16,28,0.681,0.5,7.156,176,3,53,1,keskin_bicakx2 genis_savurusx1,13,0,45
7,Run50_DengeV1,Dengeli,bahcivan,standart,100,üretim düğümü almaz,20,,,55,55,0,0,0,0,30,15,6,4,0,288,1334,220,288,45,180,30,8,271,32,38,1808,25,1,23.08,1.563,1,2.092,1.577,6,0.3,2,21,4.95,1.37,1.67,1.67,2.25,,44,20,0,0,,3.35,5.86,14.99,13.08,,19,39,0.767,0.436,7.196,244,1,54,4,keskin_bicakx2 genis_savurusx1,11,0,45
7,Run50_DengeV1,Dengeli,bahcivan,standart,100,üretim düğümü almaz,21,,,73,70,3,0,0,0,43,16,10,3,1,417,417,300,0,0,225,50,16,276,82,54,2186,26,1,23.08,1.953,1,2.092,1.577,6,0.3,2,21,6,1.34,1.6,2.1,2.33,2,43,29,0,0,0,3.11,4.46,8.78,9.07,12.57,20,41,0.732,0.61,7.237,255,1,55,1,keskin_bicakx3 genis_savurusx1,15,0,45
7,Run50_DengeV1,Dengeli,bahcivan,standart,100,üretim düğümü almaz,22,,,78,73,3,2,0,0,46,22,6,3,1,417,834,300,0,0,270,58,9,321,72,43,3151,27,1,25.51,1.953,1,2.092,1.628,6,0.3,2,21,6,1.3,1.62,2,2,1,62,30,10,0,,2.29,4.88,4.18,10.46,0,18,45,0.749,0.533,7.152,283,5,60,3,keskin_bicakx3 genis_savurusx1,14,0,45
7,Run50_DengeV1,Dengeli,bahcivan,standart,100,üretim düğümü almaz,23,,,73,64,0,9,0,0,37,16,13,5,2,682,1516,300,0,0,207,122,15,278,141,38,3157,29,2,25.51,1.953,1,2.026,1.628,6,0.3,2,22,6,1.45,1.69,2,2,2.5,28,23,0,0,0,2.79,5.19,8.78,6.47,9.12,20,49,0.757,0.531,7.237,305,2,62,3,keskin_bicakx3 genis_savurusx1,17,0,45
7,Run50_DengeV1,Dengeli,bahcivan,standart,100,üretim düğümü almaz,24,,,85,75,5,5,0,0,41,18,17,8,1,727,2243,300,0,0,231,124,24,349,185,62,3830,30,1,28.62,1.953,1,2.026,1.628,6,0.3,2,22,6,1.35,1.41,1.69,1.71,3,47,31,27,0,0,2.3,4.17,6.7,4.93,10.13,20,49,0.757,0.612,7.237,305,2,64,0,keskin_bicakx3 genis_savurusx1,15,0,45
7,Run50_DengeV1,Dengeli,bahcivan,standart,100,üretim düğümü almaz,25,,,80,72,1,7,0,0,38,24,9,6,3,771,3014,300,771,65,303,77,30,387,262,92,3393,31,1,28.62,1.953,1,2.026,1.679,6,0.317,2,22,6,1.32,1.46,2,2,2.67,45,35,0,0,0,1.9,2.7,7.59,8.78,19.6,20,49,0.668,0.51,7.237,305,3,67,0,keskin_bicakx3 genis_savurusx1,15,0,45
7,Run50_DengeV1,Dengeli,bahcivan,standart,100,üretim düğümü almaz,26,,,83,76,1,6,0,0,45,19,11,7,1,688,688,500,0,0,249,89,21,261,261,113,3680,32,1,29.99,1.953,1,2.026,1.731,6,0.317,2,22,6,1.23,1.63,2.09,2.17,2,48,24,0,0,0,1.3,4.69,8.84,4.39,16.23,20,49,0.749,0.51,7.237,305,4,71,0,keskin_bicakx3 genis_savurusx1 nadir_tohumx1,15,0,45
7,Run50_DengeV1,Dengeli,bahcivan,standart,100,üretim düğümü almaz,27,,,81,70,3,8,0,0,38,25,11,6,1,681,1369,500,0,0,309,66,18,350,277,31,3490,33,1,29.99,1.953,1,1.962,1.731,6,0.317,2,22,6,1.3,1.32,2.25,1.83,3,42,37,0,0,,1.96,2.36,10.05,6.21,9.83,20,53,0.759,0.604,7.237,330,2,73,2,keskin_bicakx3 genis_savurusx1 nadir_tohumx1,15,0,45
7,Run50_DengeV1,Dengeli,bahcivan,standart,100,üretim düğümü almaz,28,,,88,78,1,9,0,0,42,25,14,7,0,605,1974,500,0,0,276,84,28,361,261,59,3642,34,1,33.24,1.953,1,1.962,1.731,6,0.317,2,22,6,1.23,1.42,1.69,2.17,,54,33,0,0,0,2.13,3.52,5.14,7.52,,21,56,0.777,0.607,7.273,346,2,75,1,keskin_bicakx3 genis_savurusx1 nadir_tohumx1,16,0,45
7,Run50_DengeV1,Dengeli,bahcivan,standart,100,üretim düğümü almaz,29,,,72,58,6,8,0,0,28,16,22,5,1,699,2673,500,0,0,180,132,34,281,405,73,3340,35,1,33.24,1.953,1,1.962,1.731,6,0.317,2,22,6,1.68,1.57,2,2.67,3,12,31,0,0,,3.66,5.05,7.42,17.01,13.73,22,61,0.8,0.639,7.23,380,1,76,3,keskin_bicakx3 genis_savurusx1 nadir_tohumx1,14,0,45
7,Run50_DengeV1,Dengeli,bahcivan,standart,100,üretim düğümü almaz,30,,,71,63,3,5,0,0,38,18,8,7,0,495,3168,500,495,100,222,56,28,303,363,31,2922,36,1,33.24,1.953,1,1.962,1.804,6,0.317,2,22,6,1.45,1.71,2.13,1.57,,33,11,0,0,0,3.23,5.54,7.11,4.49,,23,65,0.817,0.723,7.263,403,3,79,2,keskin_bicakx3 genis_savurusx1 nadir_tohumx1,13,0,45
7,Run50_DengeV1,Dengeli,bahcivan,standart,100,üretim düğümü almaz,31,,,87,75,0,12,0,0,40,14,18,11,4,1253,1253,1200,0,0,252,176,60,300,539,91,3327,36,0,33.24,1.953,1,1.668,1.804,6,0.333,2,26,6,1.41,1.46,1.94,2.2,2.5,42,22,0,0,,1.72,2.56,7.61,8.34,7.93,25,68,0.797,0.706,7.322,418,1,80,2,keskin_bicakx3 genis_savurusx1 nadir_tohumx1 hizli_bilekx1,17,0,45
7,Run50_DengeV1,Dengeli,bahcivan,standart,100,üretim düğümü almaz,32,,,137,113,8,16,0,0,60,47,19,8,3,1229,2482,1200,0,0,462,208,49,507,627,100,6357,38,2,34.76,1.953,1,1.668,1.855,9,0.333,2,26,8.96,1.46,1.6,1.81,1.88,2.33,29,14,0,0,0,4.1,4.21,6.15,7.09,8.89,26,75,0.723,0.587,7.348,459,5,85,4,keskin_bicakx3 genis_savurusx1 nadir_tohumx1 hizli_bilekx1,27,0,45
7,Run50_DengeV1,Dengeli,bahcivan,standart,100,üretim düğümü almaz,33,,,130,116,1,11,0,2,60,40,21,9,0,918,3400,1200,0,0,420,168,36,527,795,71,6419,39,1,34.76,1.953,1,1.668,1.855,9,0.333,2,26,8.96,1.33,1.69,1.75,2.11,,48,11,0,0,,2.58,6.67,5,11.12,,29,80,0.732,0.613,7.416,485,2,87,3,keskin_bicakx3 genis_savurusx1 nadir_tohumx1 hizli_bilekx1,25,0,45
7,Run50_DengeV1,Dengeli,bahcivan,standart,100,üretim düğümü almaz,34,,,125,105,9,9,0,2,51,36,21,15,2,1477,4877,1200,0,0,417,168,78,614,963,149,6780,40,1,34.76,1.953,1,1.616,1.855,9,0.333,2,27,8.96,1.4,1.75,2.06,2.42,3,37,8,0,0,0,3.23,6.36,9.41,12.12,33.93,30,81,0.763,0.63,7.435,490,1,88,1,keskin_bicakx3 genis_savurusx1 nadir_tohumx1 hizli_bilekx1,27,0,45
7,Run50_DengeV1,Dengeli,bahcivan,standart,100,üretim düğümü almaz,35,,,94,80,0,14,0,0,45,28,13,5,3,990,5867,1200,990,220,435,104,44,579,267,113,3355,41,1,38.16,1.953,1,1.616,1.855,9,0.333,2,27,6,1.49,1.46,2,2.2,3,45,16,0,0,0,2.71,4.58,6.31,9.37,14,30,81,0.807,0.741,7.435,490,4,92,0,keskin_bicakx3 genis_savurusx1 nadir_tohumx1 hizli_bilekx1,18,0,45
7,Run50_DengeV1,Dengeli,bahcivan,standart,100,üretim düğümü almaz,36,,,170,143,6,19,0,2,70,53,27,11,9,2448,2448,2800,0,0,685,344,112,729,611,225,9390,42,1,39.82,1.953,1,1.616,2.546,12,0.35,2,27,11.33,1.36,1.65,2,2.67,2.13,40,17,0,0,0,2.35,4.42,7.2,12.57,12.72,30,81,0.681,0.568,7.435,490,3,95,0,keskin_bicakx3 genis_savurusx2 nadir_tohumx1 hizli_bilekx1,32,0,45
7,Run50_DengeV1,Dengeli,bahcivan,standart,100,üretim düğümü almaz,37,,,175,162,3,9,0,1,70,50,37,17,1,1709,4157,2800,0,0,560,296,104,659,347,179,8745,44,2,45.79,1.953,1,1.565,2.546,12,0.35,2.111,28,11.39,1.44,1.6,1.8,2.24,3,33,32,4,0,0,3.42,4.73,5.46,10.86,10.97,30,81,0.673,0.506,7.435,490,4,99,0,keskin_bicakx3 genis_savurusx2 nadir_tohumx1 hizli_bilekx1,30,0,45
7,Run50_DengeV1,Dengeli,bahcivan,standart,100,üretim düğümü almaz,38,,,175,153,1,18,0,3,65,60,27,18,5,2498,6655,2800,0,0,735,243,166,764,590,345,8963,45,1,45.79,1.953,1,1.565,2.643,12,0.35,2.111,28,11.61,1.39,1.69,2,2.36,1.6,42,20,0,0,0,2.68,4.76,7.35,12.64,4.69,30,81,0.654,0.481,7.435,490,3,102,0,keskin_bicakx3 genis_savurusx2 nadir_tohumx1 hizli_bilekx1,30,0,45
7,Run50_DengeV1,Dengeli,bahcivan,standart,100,üretim düğümü almaz,39,,,170,154,3,13,0,0,68,60,24,16,2,1914,8569,2800,0,0,747,240,100,786,830,155,7656,46,1,45.79,1.953,1,1.565,2.643,12,0.367,2.222,28,11.64,1.38,1.54,1.91,2.46,4,43,27,0,0,0,2.33,4.81,6.94,11.19,23.47,30,81,0.672,0.494,7.374,494,5,107,0,keskin_bicakx3 genis_savurusx2 nadir_tohumx1 hizli_bilekx1,33,0,45
7,Run50_DengeV1,Dengeli,bahcivan,standart,100,üretim düğümü almaz,40,,,157,144,6,6,0,1,64,44,23,14,12,3459,12028,2800,3459,500,729,452,130,805,562,285,8656,47,1,48.2,1.953,1,1.565,2.643,12,0.367,2.222,28,10.39,1.43,1.58,2.1,2.33,1.82,38,24,5,0,0,2.19,3.05,7.61,11.87,6.26,30,81,0.544,0.407,7.374,494,2,109,0,keskin_bicakx3 genis_savurusx2 nadir_tohumx1 hizli_bilekx1,26,0,45
7,Run50_DengeV1,Dengeli,bahcivan,standart,100,üretim düğümü almaz,41,,,193,168,8,14,0,3,80,58,30,20,5,2585,2585,4500,0,0,836,374,120,941,936,165,9221,48,1,52.15,1.953,1,1.516,2.643,12,0.367,2.333,29,11.86,1.43,1.59,2.08,2.18,2,34,26,0,0,0,3.48,4.1,7.64,10.7,8.34,30,81,0.692,0.494,6.268,582,3,112,0,keskin_bicakx3 genis_savurusx2 nadir_tohumx1 hizli_bilekx1 bereketli_toprakx1,33,0,45
7,Run50_DengeV1,Dengeli,bahcivan,standart,100,üretim düğümü almaz,42,,,194,174,4,14,0,2,87,53,33,13,8,2926,5511,4500,0,0,888,444,125,1169,490,180,9438,49,1,54.76,1.953,1,1.516,2.739,12,0.367,2.333,29,11.79,1.41,1.6,1.93,2.38,2.5,45,23,4,0,0,2.72,5.05,5.61,8.75,14.58,30,81,0.682,0.519,6.268,582,4,116,0,keskin_bicakx3 genis_savurusx2 nadir_tohumx1 hizli_bilekx1 bereketli_toprakx1,36,0,45
7,Run50_DengeV1,Dengeli,bahcivan,standart,100,üretim düğümü almaz,43,,,179,168,1,8,0,2,88,43,35,10,3,2877,8388,4500,0,0,754,388,70,1193,878,250,8290,50,1,54.76,1.953,1,1.516,2.739,12,0.383,2.333,29,11.86,1.41,1.63,2.15,1.67,2.33,44,24,0,0,0,3.03,5.19,8.13,4.54,9.6,30,81,0.705,0.568,6.268,582,2,118,0,keskin_bicakx3 genis_savurusx2 nadir_tohumx1 hizli_bilekx1 bereketli_toprakx1,35,0,45
7,Run50_DengeV1,Dengeli,bahcivan,standart,100,üretim düğümü almaz,44,,,191,171,3,12,0,5,86,52,26,21,6,3522,11910,4500,0,0,876,374,125,1149,1252,375,11358,51,1,54.76,1.953,1,1.516,2.739,12,0.383,2.333,29,11.76,1.43,1.59,2.17,2.06,2.33,36,30,0,0,0,3.22,4.62,8.84,6.57,8.34,30,81,0.694,0.506,6.268,582,1,119,0,keskin_bicakx3 genis_savurusx2 nadir_tohumx1 hizli_bilekx1 bereketli_toprakx1,34,0,45
7,Run50_DengeV1,Dengeli,bahcivan,standart,100,üretim düğümü almaz,45,,,175,154,6,13,0,2,71,47,38,18,1,2825,14735,4500,2825,800,718,380,90,1077,532,175,9270,52,1,61.71,1.953,1,1.468,2.739,12,0.383,2.444,30,11.97,1.43,1.81,2.31,2.53,1,42,14,3,0,0,3.33,5.87,10.27,14.08,0,30,81,0.705,0.605,6.268,582,4,123,0,keskin_bicakx3 genis_savurusx2 nadir_tohumx1 hizli_bilekx1 bereketli_toprakx1,30,0,45
7,Run50_DengeV1,Dengeli,bahcivan,standart,100,üretim düğümü almaz,46,,,184,158,4,19,2,1,72,47,41,20,4,4795,4795,6000,0,0,726,571,100,1043,1103,150,9110,53,1,61.71,1.953,1,1.468,2.836,12,0.383,2.444,30,11.8,1.59,1.66,1.77,2.11,2.75,30,21,4,0,0,3.6,5.12,5.77,9.05,16.87,30,81,0.698,0.593,6.268,582,3,126,0,keskin_bicakx3 genis_savurusx2 nadir_tohumx2 hizli_bilekx1 bereketli_toprakx1,31,0,45
7,Run50_DengeV1,Dengeli,bahcivan,standart,100,üretim düğümü almaz,47,,,198,177,4,15,0,2,79,60,33,19,7,4263,9058,6000,0,0,920,443,158,1083,1546,308,10125,54,1,61.71,1.953,1,1.422,2.836,12,0.4,2.444,31,11.77,1.49,1.57,2.1,2.15,2.43,45,40,0,0,0,2.88,4.14,7.7,8.21,9.75,30,81,0.68,0.556,6.268,582,2,128,0,keskin_bicakx3 genis_savurusx2 nadir_tohumx2 hizli_bilekx1 bereketli_toprakx1,33,0,45
7,Run50_DengeV1,Dengeli,bahcivan,standart,100,üretim düğümü almaz,48,,,203,181,4,18,0,0,88,47,37,28,3,3479,12537,6000,0,0,775,447,182,1028,793,490,9323,55,1,69.06,1.953,1,1.422,2.836,12,0.4,2.444,31,11.77,1.49,1.55,1.7,2.23,2.33,42,35,4,0,0,3.17,4.37,5.12,10.99,10.9,30,81,0.669,0.568,6.189,589,3,131,0,keskin_bicakx3 genis_savurusx2 nadir_tohumx2 hizli_bilekx1 bereketli_toprakx1,31,0,45
7,Run50_DengeV1,Dengeli,bahcivan,standart,100,üretim düğümü almaz,49,,,195,176,1,14,0,4,91,50,28,20,6,4977,17514,6000,0,0,944,392,164,1972,1185,184,10139,56,1,69.06,1.953,1,1.422,2.836,12,0.4,2.556,31,11.84,1.43,1.69,2,2.32,2.6,37,32,0,0,0,3.09,5.53,8.13,12.35,15.93,30,81,0.679,0.568,6.167,591,2,133,0,keskin_bicakx3 genis_savurusx2 nadir_tohumx2 hizli_bilekx1 bereketli_toprakx1,30,0,45
7,Run50_DengeV1,Dengeli,bahcivan,standart,100,üretim düğümü almaz,50,,,218,181,8,25,2,2,86,65,41,25,1,3029,20543,6000,0,0,929,493,150,1301,1678,334,11144,56,0,75.87,1.953,1,1.422,2.933,12,0.4,2.556,31,11.65,1.33,1.4,2,2.16,3,48,43,6,0,0,1.77,2.97,7.66,6.96,8.53,30,81,0.663,0.494,6.167,591,2,135,0,keskin_bicakx3 genis_savurusx2 nadir_tohumx2 hizli_bilekx1 bereketli_toprakx1,34,0,45
7,Run50_DengeV1,Dengeli,bahcivan,standart,100,üretim düğümü almaz,50,KAZANDI
8,Run50_DengeV1,Dengeli,bahcivan,standart,101,üretim düğümü almaz,1,,,13,13,0,0,0,0,12,1,0,0,0,15,15,45,0,0,28,0,0,28,0,0,270,1,0,10,1,1,3,1,5,0.3,2,12,2.25,2,3,,,,17,0,,,,3,6,,,,2,4,0.339,0,8,23,0,0,2,,4,0.351,45
8,Run50_DengeV1,Dengeli,bahcivan,standart,101,üretim düğümü almaz,2,,,14,14,0,0,0,0,11,2,1,0,0,27,42,45,0,0,30,4,0,31,4,0,320,2,1,10,1,1,3,1,5,0.3,2,14,2.71,2.36,2,5,,,0,0,0,,,4.64,3,21,,,3,5,0.501,0.2,8,28,1,1,1,,4,0,45
8,Run50_DengeV1,Dengeli,bahcivan,standart,101,üretim düğümü almaz,3,,,16,16,0,0,0,0,10,4,2,0,0,42,84,45,0,0,36,8,0,40,12,0,400,3,1,10,1,1,2.892,1,5,0.3,2,15,3.07,2.6,2.75,3.5,,,0,0,0,,,6.07,6.51,7.23,,,4,6,0.546,0,8,34,1,2,1,,5,0.05,45
8,Run50_DengeV1,Dengeli,bahcivan,standart,101,üretim düğümü almaz,4,,,20,20,0,0,0,0,18,1,1,0,0,31,115,45,0,0,40,4,0,40,16,0,430,4,1,10,1,1,2.892,1,5,0.3,2,15,3.4,2.11,3,4,,,0,0,0,,,4.99,8.7,8.7,,,5,8,0.549,0.25,8,45,0,2,1,,5,0,45
8,Run50_DengeV1,Dengeli,bahcivan,standart,101,üretim düğümü almaz,5,,,16,16,0,0,0,0,7,6,2,1,0,75,190,45,75,8,38,8,2,46,24,2,450,5,1,11.33,1,1,2.892,1,5,0.3,2,15,3.07,2.43,2.33,3.5,4,,0,0,0,0,,6.6,5.78,11.58,17.33,,6,9,0.446,0.222,7.532,54,2,4,1,,4,0,45
8,Run50_DengeV1,Dengeli,bahcivan,standart,101,üretim düğümü almaz,6,,,21,21,0,0,0,0,14,3,4,0,0,63,63,110,0,0,40,16,0,47,40,2,530,6,1,11.33,1,1,2.459,1,5,0.3,2,18,3.61,2.5,3.67,3.25,,,0,0,0,,,6.67,9.01,8,,,6,9,0.645,0.111,7.532,54,2,6,0,hizli_bilekx1,7,0.005,45
8,Run50_DengeV1,Dengeli,bahcivan,standart,101,üretim düğümü almaz,7,,,23,23,0,0,0,0,18,2,3,0,0,54,117,110,0,0,44,12,0,54,52,2,540,7,1,12,1,1,2.37,1,5,0.3,2,18,3.83,2.39,3,4,,,5,0,0,0,,5.66,7.1,15.81,,,7,10,0.631,0.4,7.599,59,2,8,1,hizli_bilekx1,5,0,45
8,Run50_DengeV1,Dengeli,bahcivan,standart,101,üretim düğümü almaz,8,,,26,26,0,0,0,0,16,7,2,1,0,87,204,110,0,0,67,8,2,79,60,4,660,8,1,12,1,1,2.286,1,5,0.3,2,19,3.74,2,3.29,3,4,,0,0,0,,,2.86,7.19,7.98,32,,8,11,0.643,0.364,7.649,65,2,10,1,hizli_bilekx1,6,0,45
8,Run50_DengeV1,Dengeli,bahcivan,standart,101,üretim düğümü almaz,9,,,26,26,0,0,0,0,19,6,0,1,0,67,271,110,0,0,68,0,2,74,15,6,610,9,1,12.67,1,1,2.286,1,5,0.3,2,19,3.84,2.26,2.83,,4,,5,0,0,0,,6.01,7.23,,18.27,,9,12,0.666,0.333,7.688,70,5,15,1,hizli_bilekx1,6,0,45
8,Run50_DengeV1,Dengeli,bahcivan,standart,101,üretim düğümü almaz,10,,,29,29,0,0,0,0,19,7,2,1,0,90,361,110,90,20,92,8,2,93,23,8,720,10,1,13.33,1,1,2.125,1,5,0.3,2,21,3.95,2.32,2.57,3,6,,6,0,0,0,,6.04,10.63,9.57,19.13,,10,13,0.627,0.308,7.719,76,4,19,1,hizli_bilekx1,6,0,45
8,Run50_DengeV1,Dengeli,bahcivan,standart,101,üretim düğümü almaz,11,,,33,33,0,0,0,0,22,6,5,0,0,90,90,150,0,0,96,20,0,104,43,8,820,12,2,14.67,1,1,2.125,1.32,6,0.3,2,21,4.86,2.41,2.67,3.2,,,4,0,0,0,,6.96,5.67,8.5,,,11,15,0.609,0.4,7.745,87,3,22,1,hizli_bilekx1 genis_savurusx1,8,0,45
8,Run50_DengeV1,Dengeli,bahcivan,standart,101,üretim düğümü almaz,12,,,38,38,0,0,0,0,24,7,4,3,0,175,265,150,0,0,114,16,6,126,59,14,1000,13,1,15.33,1,1,2.048,1.32,6,0.3,2,21,5,2.29,2.71,3,2.67,,0,0,0,,,5.46,5.86,10.24,6.82,,12,17,0.661,0.471,7.609,101,3,25,1,hizli_bilekx1 genis_savurusx1,8,0,45
8,Run50_DengeV1,Dengeli,bahcivan,standart,101,üretim düğümü almaz,13,,,44,44,0,0,0,0,28,14,2,0,0,95,360,150,0,0,168,8,0,179,17,14,1060,14,1,16,1,1,1.904,1.32,6,0.3,2,23,5.3,2.21,2.93,2,,,6,0,0,,,3.94,7.75,16.18,,,14,20,0.649,0.35,7.528,120,4,29,2,hizli_bilekx1 genis_savurusx1,8,0,45
8,Run50_DengeV1,Dengeli,bahcivan,standart,101,üretim düğümü almaz,14,,,47,45,0,2,0,0,34,9,4,0,0,101,461,150,0,0,156,16,0,175,33,14,1110,15,1,16,1,1,1.904,1.32,6,0.3,2,23,5.78,2.28,2.78,3.25,,,0,0,0,,,5.83,7.62,8.09,,,17,24,0.677,0.458,7.612,142,1,30,3,hizli_bilekx1 genis_savurusx1,9,0,45
8,Run50_DengeV1,Dengeli,bahcivan,standart,101,üretim düğümü almaz,15,,,47,44,0,3,0,0,31,8,7,1,0,155,616,150,155,30,141,28,2,162,36,16,1190,17,2,18.13,1,1,1.904,1.423,6,0.3,2,23,5.17,1.97,2.29,2.86,3,,4,0,0,0,,4.59,5.71,8.7,5.7,,18,25,0.506,0.24,7.489,150,6,36,1,hizli_bilekx1 genis_savurusx1,9,0,45
8,Run50_DengeV1,Dengeli,bahcivan,standart,101,üretim düğümü almaz,16,,,52,43,3,6,0,0,36,12,3,1,0,136,136,220,0,0,180,15,2,204,51,18,1326,18,1,18.13,1,1,1.836,1.474,6,0.3,2,24,5.79,2.31,2.82,3.5,1,,3,0,0,,,6.39,7.84,23.87,0,,18,25,0.675,0.4,7.489,150,5,41,0,hizli_bilekx1 genis_savurusx1 nadir_tohumx1,12,0,45
8,Run50_DengeV1,Dengeli,bahcivan,standart,101,üretim düğümü almaz,17,,,53,50,2,1,0,0,32,12,8,1,0,178,314,220,0,0,168,40,2,182,66,20,1414,19,1,19.2,1,1,1.836,1.525,6,0.3,2,24,5.88,2.03,2.36,3.43,4,,4,0,0,0,,6.45,7.18,10.22,12.83,,17,25,0.684,0.48,7.463,151,3,44,1,hizli_bilekx1 genis_savurusx1 nadir_tohumx1,10,0,45
8,Run50_DengeV1,Dengeli,bahcivan,standart,101,üretim düğümü almaz,18,,,49,48,0,1,0,0,23,20,4,2,0,183,497,220,0,0,189,20,4,321,21,24,1390,20,1,20.27,1,1,1.836,1.525,6,0.3,2,24,5.79,2,2.53,2.25,4.5,,4,0,0,0,0,5.19,6.66,6.42,18.35,,14,25,0.688,0.48,7.348,153,3,47,1,hizli_bilekx1 genis_savurusx1 nadir_tohumx1,10,0,45
8,Run50_DengeV1,Dengeli,bahcivan,standart,101,üretim düğümü almaz,19,,,57,48,7,2,0,0,35,13,4,4,1,334,831,220,0,0,228,20,8,344,41,32,1575,21,1,20.27,1,1,1.778,1.577,6,0.3,2,25,5.72,1.9,2.45,3,3,,6,9,0,0,0,3.49,5.33,17.78,4.45,,14,25,0.686,0.48,7.209,156,2,49,0,hizli_bilekx1 genis_savurusx1 nadir_tohumx1,12,0,45
8,Run50_DengeV1,Dengeli,bahcivan,standart,101,üretim düğümü almaz,20,,,44,43,0,1,0,0,25,9,6,3,1,302,1133,220,302,45,174,30,6,198,41,38,1253,22,1,23.08,1,1,1.778,1.577,6,0.3,2,25,5.92,2.5,2.67,4,3.67,3,4,0,0,,,6.22,7.91,10.37,13.04,5.33,14,25,0.754,0.56,7.209,156,3,52,0,hizli_bilekx1 genis_savurusx1 nadir_tohumx1,9,0,45
8,Run50_DengeV1,Dengeli,bahcivan,standart,101,üretim düğümü almaz,21,,,60,57,3,0,0,0,28,21,9,2,0,242,242,300,0,0,210,45,4,368,51,42,1715,23,1,23.08,1,1,1.512,1.577,6,0.3,2,29,5.69,1.78,2.6,2.88,4,,28,0,0,0,,2.8,6.12,5.3,15.88,,16,27,0.699,0.37,7.308,166,1,53,2,hizli_bilekx2 genis_savurusx1 nadir_tohumx1,14,0,45
8,Run50_DengeV1,Dengeli,bahcivan,standart,101,üretim düğümü almaz,22,,,59,55,2,2,0,0,28,19,5,7,0,378,620,300,0,0,204,25,14,217,63,36,1745,24,1,24.3,1,1,1.512,1.577,6,0.3,2,29,5.83,2,2.47,2.4,4.17,,13,0,0,0,0,4.81,7.12,4.23,13.61,,16,35,0.743,0.343,7.377,213,2,55,5,hizli_bilekx2 genis_savurusx1 nadir_tohumx1,11,0,45
8,Run50_DengeV1,Dengeli,bahcivan,standart,101,üretim düğümü almaz,23,,,60,53,4,3,0,0,27,13,11,6,3,722,1342,300,0,0,216,88,21,263,126,57,1932,25,1,25.51,1,1,1.512,1.628,6,0.3,2,29,5.93,1.86,2.31,3.09,4.4,3,17,0,0,0,0,5.83,6.85,10.17,15.72,11.33,15,37,0.774,0.568,7.216,231,3,58,2,hizli_bilekx2 genis_savurusx1 nadir_tohumx1,13,0,45
8,Run50_DengeV1,Dengeli,bahcivan,standart,101,üretim düğümü almaz,24,,,67,56,8,3,0,0,24,17,14,9,3,955,2297,300,0,0,222,112,38,285,125,75,2284,26,1,25.51,1,1,1.464,1.628,6,0.3,2,30,6,1.94,2,2.75,3,3,16,13,0,0,0,4.72,5.49,7.56,6.91,11.23,13,40,0.776,0.575,7.095,254,3,61,3,hizli_bilekx2 genis_savurusx1 nadir_tohumx1,14,0,45
8,Run50_DengeV1,Dengeli,bahcivan,standart,101,üretim düğümü almaz,25,,,76,58,13,5,0,0,29,16,23,5,3,935,3232,300,935,65,183,166,39,288,250,74,2541,27,1,28.62,1,1,1.464,1.628,6,0.3,2,30,5.67,1.68,2.2,2.5,2.25,3.5,19,6,0,0,0,3.79,7.17,8.64,8.42,24.88,13,44,0.581,0.409,7.095,279,2,63,3,hizli_bilekx2 genis_savurusx1 nadir_tohumx1,17,0,45
8,Run50_DengeV1,Dengeli,bahcivan,standart,101,üretim düğümü almaz,26,,,86,56,27,3,0,0,30,25,23,6,2,874,874,500,0,0,246,194,18,294,286,72,2842,28,1,28.62,1,1,1.464,1.628,6,0.317,2,30,6,1.96,2.11,3.1,3,2,12,10,0,0,,4.15,4.72,9.08,9.28,10.27,15,49,0.783,0.51,6.134,359,3,66,4,hizli_bilekx2 genis_savurusx1 nadir_tohumx1 bereketli_toprakx1,18,0,45
8,Run50_DengeV1,Dengeli,bahcivan,standart,101,üretim düğümü almaz,27,,,77,55,21,1,0,0,28,25,13,8,3,967,1841,500,0,0,324,106,24,378,392,96,2502,29,1,28.62,1,1,1.464,1.628,6,0.317,2,30,6,2.05,2.12,3.1,2.71,4,8,11,0,0,0,4.76,5.25,9.52,5.01,21.93,15,49,0.817,0.694,6.134,359,1,67,0,hizli_bilekx2 genis_savurusx1 nadir_tohumx1 bereketli_toprakx1,17,0,45
8,Run50_DengeV1,Dengeli,bahcivan,standart,101,üretim düğümü almaz,28,,,88,64,22,2,0,0,34,22,16,11,5,1465,3306,500,0,0,237,137,104,300,429,200,3030,30,1,29.99,1,1,1.464,1.731,6,0.317,2,30,6,1.67,2.33,2.4,2.88,1.75,17,14,0,0,0,2.55,3.32,4.39,13.17,3.66,15,49,0.811,0.571,6.134,359,6,73,0,hizli_bilekx2 genis_savurusx1 nadir_tohumx1 bereketli_toprakx1,19,0,45
8,Run50_DengeV1,Dengeli,bahcivan,standart,101,üretim düğümü almaz,29,,,75,53,22,0,0,0,36,14,19,3,3,805,4111,500,0,0,252,187,12,342,566,42,2404,31,1,29.99,1,1,1.418,1.731,6,0.317,2,31,6,1.85,2.25,2.38,6,5,19,0,0,0,0,4.25,3.36,7,18.43,21.27,15,58,0.814,0.517,6.134,426,3,76,3,hizli_bilekx2 genis_savurusx1 nadir_tohumx1 bereketli_toprakx1,16,0,45
8,Run50_DengeV1,Dengeli,bahcivan,standart,101,üretim düğümü almaz,30,,,79,67,12,0,0,0,34,20,14,9,2,866,4977,500,866,100,318,119,36,415,587,58,2624,32,1,33.24,1,1,1.418,1.731,6,0.317,2,31,6,2.03,2.08,2.83,2.71,1,14,0,0,0,,4.34,5.12,9.33,14.38,0,16,62,0.821,0.694,6.175,452,2,78,3,hizli_bilekx2 genis_savurusx1 nadir_tohumx1 bereketli_toprakx1,16,0,45
8,Run50_DengeV1,Dengeli,bahcivan,standart,101,üretim düğümü almaz,31,,,109,87,22,0,0,0,43,23,27,16,0,1092,1092,1200,0,0,282,196,64,322,783,102,3672,33,1,33.24,1.6,1,1.418,1.804,6,0.317,2,31,6,1.41,1.67,1.79,2.09,,50,11,18,0,0,1.78,4.65,4.33,6.96,,17,68,0.787,0.676,6.212,493,2,80,2,hizli_bilekx2 genis_savurusx1 nadir_tohumx1 bereketli_toprakx1 canavar_kesimix1,20,0,45
8,Run50_DengeV1,Dengeli,bahcivan,standart,101,üretim düğümü almaz,32,,,135,120,13,2,0,0,38,37,34,19,7,2391,3483,1200,0,0,345,319,161,382,994,203,5074,34,1,34.76,1.6,1,1.418,1.855,9,0.333,2,31,8.97,1.5,1.73,1.97,2.31,2.43,30,14,8,5,0,2.99,3.87,6.7,10.36,12.35,15,74,0.771,0.635,6.134,543,4,84,5,hizli_bilekx2 genis_savurusx1 nadir_tohumx1 bereketli_toprakx1 canavar_kesimix1,25,0,45
8,Run50_DengeV1,Dengeli,bahcivan,standart,101,üretim düğümü almaz,33,,,139,113,15,10,0,1,46,35,28,19,11,3122,6605,1200,0,0,450,374,176,472,568,234,5083,35,1,34.76,1.6,1,1.418,1.855,9,0.333,2,31,9,1.31,1.85,2.05,2,2.82,50,10,10,6,0,1.45,4.85,6.32,6.9,10.44,16,77,0.77,0.636,6.175,561,4,88,1,hizli_bilekx2 genis_savurusx1 nadir_tohumx1 bereketli_toprakx1 canavar_kesimix1,25,0,45
8,Run50_DengeV1,Dengeli,bahcivan,standart,101,üretim düğümü almaz,34,,,157,117,28,9,0,3,56,31,34,28,8,3153,9758,1200,0,0,654,339,185,726,347,214,5819,37,2,36.77,1.6,1,1.373,1.855,9,0.333,2,32,9,1.23,1.91,1.77,2.18,2.5,59,20,10,0,13,1.81,5.91,4.49,7.86,12.82,18,81,0.752,0.63,6.245,584,4,92,2,hizli_bilekx2 genis_savurusx1 nadir_tohumx1 bereketli_toprakx1 canavar_kesimix1,30,0,45
8,Run50_DengeV1,Dengeli,bahcivan,standart,101,üretim düğümü almaz,35,,,133,117,10,6,0,0,43,43,23,15,9,2547,12305,1200,2547,220,644,348,95,690,695,309,4693,38,1,40.38,1.6,1,1.373,1.929,9,0.333,2,32,8.84,1.48,1.71,2,2.42,3,31,22,0,0,0,3.84,6.24,6.87,7.32,15.71,18,81,0.687,0.519,6.039,604,3,95,0,hizli_bilekx2 genis_savurusx1 nadir_tohumx1 bereketli_toprakx1 canavar_kesimix1,25,0,45
8,Run50_DengeV1,Dengeli,bahcivan,standart,101,üretim düğümü almaz,36,,,207,179,19,7,0,2,70,46,42,33,16,4689,4689,2800,0,0,856,609,230,861,1304,389,7755,39,1,42.03,1.6,1,0.931,1.929,9,0.35,2.111,48,8.79,1.43,1.9,1.82,2.23,3.23,50,12,11,7,0,2.04,5.12,5.98,8.57,9.88,18,81,0.695,0.556,6.039,604,4,99,0,hizli_bilekx2 genis_savurusx1 nadir_tohumx1 bereketli_toprakx1 canavar_kesimix1 firtina_bilegix1,34,0,45
8,Run50_DengeV1,Dengeli,bahcivan,standart,101,üretim düğümü almaz,37,,,236,194,26,11,0,5,78,57,46,45,10,4561,9250,2800,0,0,890,528,320,1121,1112,514,8716,41,2,48.2,1.6,1,0.931,1.929,9,0.35,2.222,48,8.69,1.41,1.51,1.71,2.26,2.14,51,30,13,6,0,2.37,3.31,4.95,7.23,5.06,18,81,0.652,0.519,6.039,604,5,104,0,hizli_bilekx2 genis_savurusx1 nadir_tohumx1 bereketli_toprakx1 canavar_kesimix1 firtina_bilegix1,38,0,45
8,Run50_DengeV1,Dengeli,bahcivan,standart,101,üretim düğümü almaz,38,,,235,188,23,19,2,3,75,71,49,32,8,3975,13225,2800,0,0,938,528,260,994,750,534,8404,42,1,50.61,1.6,1,0.931,2.002,9,0.367,2.333,48,8.65,1.36,1.48,1.91,2.39,2.29,49,31,8,7,0,1.72,2.41,5.15,8.5,7.05,18,81,0.638,0.519,6.039,604,7,111,0,hizli_bilekx2 genis_savurusx1 nadir_tohumx1 bereketli_toprakx1 canavar_kesimix1 firtina_bilegix1,36,0,45
8,Run50_DengeV1,Dengeli,bahcivan,standart,101,üretim düğümü almaz,39,,,215,180,25,9,0,1,63,59,57,29,7,3641,16866,2800,0,0,720,798,187,1004,1548,306,7890,43,1,50.61,1.6,1,0.931,2.002,9,0.367,2.444,48,8.77,1.4,1.96,1.9,2.3,1.67,41,10,7,5,14,2.17,6.87,4.67,6.41,6.05,18,81,0.676,0.568,6.039,604,3,114,0,hizli_bilekx2 genis_savurusx1 nadir_tohumx1 bereketli_toprakx1 canavar_kesimix1 firtina_bilegix1,34,0,45
8,Run50_DengeV1,Dengeli,bahcivan,standart,101,üretim düğümü almaz,40,,,188,157,22,9,0,0,55,49,37,32,15,4631,21497,2800,4631,500,871,589,322,1175,1037,628,7218,44,1,57.36,1.6,1,0.902,2.002,9,0.367,2.444,49,6,1.35,1.43,1.56,1.86,1.71,51,37,24,13,27,1.55,2.17,1.72,4.63,5.73,18,81,0.714,0.58,6.039,604,3,117,0,hizli_bilekx2 genis_savurusx1 nadir_tohumx1 bereketli_toprakx1 canavar_kesimix1 firtina_bilegix1,28,0,45
8,Run50_DengeV1,Dengeli,bahcivan,standart,101,üretim düğümü almaz,41,,,234,198,32,4,0,0,58,72,49,49,6,4503,4503,4500,0,0,996,722,346,1181,1759,349,8992,46,2,57.36,1.6,1,0.902,2.075,9,0.383,2.556,49,8.63,1.27,1.58,2.05,2.03,2.83,57,39,20,10,0,1.87,3.41,7.25,6.94,6.61,18,81,0.64,0.506,6.039,604,6,123,0,hizli_bilekx2 genis_savurusx1 nadir_tohumx2 bereketli_toprakx1 canavar_kesimix1 firtina_bilegix1,36,0,45
8,Run50_DengeV1,Dengeli,bahcivan,standart,101,üretim düğümü almaz,42,,,249,212,27,6,3,1,75,66,66,32,10,5185,9688,4500,0,0,1096,1127,279,1877,1686,628,9127,47,1,59.97,1.6,1,0.902,2.075,9,0.383,2.556,49,8.57,1.39,1.57,1.81,1.71,2.4,52,33,21,15,11,2.09,3.62,5.16,4.51,6.76,18,81,0.623,0.481,6.039,604,2,125,0,hizli_bilekx2 genis_savurusx1 nadir_tohumx2 bereketli_toprakx1 canavar_kesimix1 firtina_bilegix1,39,0,45
8,Run50_DengeV1,Dengeli,bahcivan,standart,101,üretim düğümü almaz,43,,,274,214,40,16,1,3,76,80,61,41,16,6638,16326,4500,0,0,1214,1155,402,1381,1441,480,10287,48,1,67.32,1.6,1,0.873,2.075,9,0.383,2.667,51,8.69,1.36,1.47,1.7,1.94,2.07,52,45,40,14,7,2.04,2.68,3.96,5.62,5.53,18,81,0.61,0.444,5.896,618,6,131,0,hizli_bilekx2 genis_savurusx1 nadir_tohumx2 bereketli_toprakx1 canavar_kesimix1 firtina_bilegix1,41,0,45
8,Run50_DengeV1,Dengeli,bahcivan,standart,101,üretim düğümü almaz,44,,,262,215,21,21,2,3,77,81,51,41,12,5578,21904,4500,0,0,1238,783,438,1479,2224,498,9718,49,1,67.32,1.6,1,0.873,2.149,9,0.4,2.778,51,8.55,1.25,1.59,1.68,1.91,2.2,60,31,29,19,11,1.19,3.27,3.45,5.44,3.75,18,81,0.607,0.494,5.896,618,4,135,0,hizli_bilekx2 genis_savurusx1 nadir_tohumx2 bereketli_toprakx1 canavar_kesimix1 firtina_bilegix1,37,0,45
8,Run50_DengeV1,Dengeli,bahcivan,standart,101,üretim düğümü almaz,45,,,255,214,25,11,1,4,84,69,54,38,10,5100,27004,4500,5100,800,1138,942,294,1287,1566,322,9402,50,1,75.06,1.6,1,0.846,2.149,9,0.4,2.889,53,8.57,1.28,1.67,1.91,2.31,2,65,34,14,10,25,1.87,4.49,5.04,7.22,5.6,18,81,0.63,0.469,5.896,618,5,140,0,hizli_bilekx2 genis_savurusx1 nadir_tohumx2 bereketli_toprakx1 canavar_kesimix1 firtina_bilegix1,38,0,45
8,Run50_DengeV1,Dengeli,bahcivan,standart,101,üretim düğümü almaz,46,,,297,233,39,18,5,2,87,73,66,50,21,8131,8131,6000,0,0,1615,1047,600,1702,2613,922,11583,51,1,82.47,1.6,1,0.846,2.149,9,0.4,2.889,53,8.83,1.24,1.44,1.81,1.85,2.47,61,41,21,14,13,0.69,2.83,4.25,5.17,8.16,18,81,0.63,0.481,5.012,727,1,141,0,hizli_bilekx2 genis_savurusx1 nadir_tohumx2 bereketli_toprakx2 canavar_kesimix1 firtina_bilegix1,44,0,45
8,Run50_DengeV1,Dengeli,bahcivan,standart,101,üretim düğümü almaz,47,,,337,286,33,15,1,2,100,90,80,52,15,7467,15598,6000,0,0,1842,1359,360,2044,2272,1282,12952,53,2,85.77,1.6,1,0.846,2.222,12,0.4,2.889,53,10.28,1.33,1.4,1.73,1.93,2.2,58,53,26,16,19,1.28,1.63,3.4,3.68,5.24,18,81,0.575,0.457,5.012,727,3,144,0,hizli_bilekx2 genis_savurusx1 nadir_tohumx2 bereketli_toprakx2 canavar_kesimix1 firtina_bilegix1,50,0,45
8,Run50_DengeV1,Dengeli,bahcivan,standart,101,üretim düğümü almaz,48,,,360,300,31,22,3,4,117,74,82,62,25,10240,25838,6000,0,0,1920,1509,642,2034,1881,1924,14265,54,1,89.07,1.6,1,0.819,2.222,12,0.417,2.889,54,10.15,1.21,1.48,1.72,1.82,1.85,64,47,26,14,28,0.85,2.39,2.28,2.67,3.32,18,81,0.578,0.432,4.933,739,5,149,0,hizli_bilekx2 genis_savurusx1 nadir_tohumx2 bereketli_toprakx2 canavar_kesimix1 firtina_bilegix1,58,0,45
8,Run50_DengeV1,Dengeli,bahcivan,standart,101,üretim düğümü almaz,49,,,367,317,26,16,4,4,110,100,90,53,14,7828,33666,6000,0,0,1796,1278,528,2490,3134,592,13969,55,1,94.4,1.6,1,0.819,2.295,12,0.417,2.889,54,11.44,1.29,1.53,1.73,2.15,2.25,60,41,27,13,8,1.72,2.83,3.86,6.11,5.19,27,119,0.661,0.269,5.215,1027,3,152,13,hizli_bilekx2 genis_savurusx1 nadir_tohumx2 bereketli_toprakx2 canavar_kesimix1 firtina_bilegix1,59,0,45
8,Run50_DengeV1,Dengeli,bahcivan,standart,101,üretim düğümü almaz,50,,,400,343,30,21,2,4,110,90,114,65,21,10189,43855,6000,0,0,2013,1701,606,2863,4835,678,17140,56,1,102.4,1.6,1,0.819,2.295,12,0.417,3,54,11.46,1.26,1.48,1.6,1.73,2.12,55,48,40,25,0,1.51,2.96,3.27,4.71,5.88,28,121,0.658,0.537,5.236,1040,2,154,1,hizli_bilekx2 genis_savurusx1 nadir_tohumx2 bereketli_toprakx2 canavar_kesimix1 firtina_bilegix1,61,0,45
8,Run50_DengeV1,Dengeli,bahcivan,standart,101,üretim düğümü almaz,50,KAZANDI
