run,profile,policy,farmer,scythe,seed,label,round,outcome,boss,kills,direct,explosion,tornado,boomerang,electric,kCommon,kUncommon,kRare,kEpic,kLegendary,score,segScore,segTarget,bossScore,bossTarget,gold,iron,stone,bankGold,bankIron,bankStone,xp,level,cards,damage,directMult,behaviorMult,interval,radius,reachCells,crit,critMult,attacks,hitsPerAttack,htkCommon,htkUncommon,htkRare,htkEpic,htkLegendary,osCommon,osUncommon,osRare,osEpic,osLegendary,ttkCommon,ttkUncommon,ttkRare,ttkEpic,ttkLegendary,planters,points,fill,minFill,spawnInterval,capacity,tiersBought,treeTiers,plantersBought,rewards,best5s,emptyShare,duration,levels,choices,cardTiles,cardUpgrades,cardBase,firstBehavior,firstOwn,firstTrigger,breakthrough,echoSched,echoExec,echoDrop,echoHits,echoKills,rhythmCharges,rhythmAttacks,skipElectricVisual,skipExplosionVisual,skipBoomerang,endFill,scorePerSec,killsPerSec,normalBehaviorKills,chainKills,maxDirectHit,saturated,invalidNumbers,storedXp,pendingLevels,levelHalted,firstEffective,behaviorTiles,behaviorPlanted,xpSpent,cardWater,cardXpBase,xpGlobal,xpCardGroup,levelCost,waitFrames,prevChoices,activeGame,activeReal,plantWait,waitDirect,waitBehavior,waitChain1,waitChain2,waitEcho,behaviorHits,chainHits,chainHitsNew,chainKills1,chainKills2,chainKillHp,behaviorKillHp,chAttempts1,chAttempts2,chTriggers1,chTriggers2,chFired1,chFired2,chRejRepeat,chRejGeneration,chRejBudget,chRejInvalid,chRejRoundEnd,chRejExcluded,chPoolWaitJobs,chPoolWaitFrames,chDelayFrames,ghostKills,ghostResolved,ghostReached,ghostLethal,frameMsAvg,frameMsP95,frameMsMax,botMsAvg,gc0,aim
1,Run50_AlphaDengeV1,Hasar-alan,bahcivan,standart,100,taban,1,,,13,13,0,0,0,0,12,1,0,0,0,15,15,1,0,0,28,0,0,28,0,0,270,1,0,10,1,1,3,0.9,4,0.3,2,13,2.08,1.83,3,,,,21,0,,,,2.5,6,,,,2,4,0.346,0,8,23,0,0,2,,3,0.205,45,0,0,0,0,0,0,0,0,,0,0,0,0,0,0,0,0,0,0,0.5,0.333,0.289,0,0,22,0,0,270,0,0,0,0,0,0,0,0,1,0,390,0,0,45,45.133,4.138,4.138,,,,,0,0,0,0,0,,,0,0,0,0,0,0,0,0,0,0,0,0,0,0,0,0,0,0,0,0.37,0.457,28.203,0.031,0,kalabalik
1,Run50_AlphaDengeV1,Hasar-alan,bahcivan,standart,100,taban,2,,,15,15,0,0,0,0,13,2,0,0,0,19,34,1,0,0,34,0,0,37,0,0,320,2,3,10.67,1,1,3,0.9,4,0.3,2,14,2.14,1.77,2,,,,8,0,,,,4.15,3,,,,3,5,0.425,0.2,8,28,1,1,1,,3,0,45,1,3,0,0,0,0,0,0,,0,0,0,0,0,0,0,0,0,0,0.8,0.422,0.333,0,0,24,0,0,200,0,0,0,0,0,0,0,0,1,0,410,0,0,45,45.133,6.018,6.018,,,,,0,0,0,0,0,,,0,0,0,0,0,0,0,0,0,0,0,0,0,0,0,0,0,0,0,0.345,0.452,1.866,0.014,0,kalabalik
1,Run50_AlphaDengeV1,Hasar-alan,bahcivan,standart,100,taban,3,,,15,15,0,0,0,0,10,3,2,0,0,39,73,1,39,1,32,8,0,34,8,0,370,3,3,12,1,1,3,0.9,4,0.3,2,14,2.5,1.6,2.33,3.5,,,27,0,0,,,2.7,6,15,,,4,6,0.554,0.333,8,34,2,3,1,,3,0,45,2,6,3,0,0,2,0,0,,0,0,0,0,0,0,0,0,0,0,0.667,0.867,0.333,0,0,28,0,0,160,0,0,3,1,1,0,0,0,1,0,420,0,3,45,45.133,8.962,8.962,,,,,0,0,0,0,0,,,0,0,0,0,0,0,0,0,0,0,0,0,0,0,0,0,0,0,0,0.355,0.477,1.624,0.014,0,kalabalik
1,Run50_AlphaDengeV1,Hasar-alan,bahcivan,standart,100,taban,4,,,17,17,0,0,0,0,12,2,3,0,0,63,63,1,0,0,32,12,0,32,20,0,420,4,3,13.33,1.25,1,3,0.9,4,0.3,2,14,2.43,1.58,2,2.33,,,18,0,0,,,2.75,12,6,,,4,6,0.52,0.167,7.804,35,4,7,0,keskin_bicakx1,4,0,45,3,9,6,0,0,2,0,4,,0,0,0,0,0,0,0,0,0,0,0.667,1.4,0.378,0,0,38,0,0,160,0,0,3,3,2,0,0,0,1,0,440,0,3,45,45.133,8.378,8.378,,,,,0,0,0,0,0,,,0,0,0,0,0,0,0,0,0,0,0,0,0,0,0,0,0,0,0,0.368,0.481,3.846,0.016,0,kalabalik
1,Run50_AlphaDengeV1,Hasar-alan,bahcivan,standart,100,taban,5,,,22,21,0,0,0,1,14,6,1,1,0,83,146,1,0,0,52,4,2,57,24,2,550,5,3,13.33,1.25,1,2.892,0.9,4,0.3,2,15,2.73,1.54,2,3,3,,38,20,0,0,,2.67,4.83,5.77,8.67,,5,7,0.508,0,7.223,44,1,8,1,keskin_bicakx1,5,0.021,45,4,12,9,0,0,2,0,4,,0,0,0,0,0,0,0,0,0,0,0.429,1.844,0.489,1,0,43,0,0,270,0,0,3,3,3,0,0,0,1,0,470,0,3,45,45.133,7.914,7.527,16.033,,,,4,0,0,0,0,,0.25,0,0,0,0,0,0,0,0,0,0,0,0,0,0,0,0,0,0,0,0.371,0.489,1.997,0.015,0,kalabalik
1,Run50_AlphaDengeV1,Hasar-alan,bahcivan,standart,100,taban,6,,,22,20,0,0,0,2,15,3,3,1,0,91,237,1,91,1,42,12,2,53,36,4,593,6,3,13.33,1.25,1,2.892,0.9,4,0.3,2,19,2.21,1.46,1.67,2.67,3,,47,0,0,0,,2.45,1.93,9.63,34.7,,7,9,0.431,0.111,7.389,67,1,9,2,keskin_bicakx1,3,0.076,55,5,15,9,3,0,2,0,4,,0,0,0,0,0,0,0,0,0,0,0.222,1.655,0.4,2,0,36,0,0,393,0,0,3,3,3,6,0,0,1.0667,0,490,0,3,55,55.133,8.432,8.753,5.217,,,,2,0,0,0,0,,0.352,0,0,0,0,0,0,0,0,0,0,0,0,0,0,0,0,0,0,0,0.368,0.483,2.162,0.013,0,kalabalik
1,Run50_AlphaDengeV1,Hasar-alan,bahcivan,standart,100,taban,7,,,35,32,0,0,0,3,27,4,4,0,0,102,102,1,0,0,70,16,0,71,52,4,867,8,6,14,1.25,1,2.459,0.9,4,0.3,2,22,2.95,1.64,2.25,2,,,32,0,0,,,2.95,5.53,4.1,,,7,9,0.525,0.222,7.271,68,3,12,0,keskin_bicakx1 hizli_bilekx1,6,0,55,7,21,9,6,0,2,0,4,,0,0,0,0,0,0,0,0,0,0,0.333,1.855,0.636,3,0,44,0,0,250,0,0,3,3,3,6,0,0,1.0667,0,560,0,3,55,55.133,7.308,7.351,6.844,,,,6,0,0,0,0,,0.31,0,0,0,0,0,0,0,0,0,0,0,0,0,0,0,0,0,0,0,0.388,0.522,2.469,0.015,0,kalabalik
1,Run50_AlphaDengeV1,Hasar-alan,bahcivan,standart,100,taban,8,,,44,35,0,0,0,9,30,10,2,2,0,174,276,1,0,0,100,8,4,102,60,8,1142,10,6,14,1.25,1,2.37,0.9,4,0.3,2,23,3.13,1.46,2.14,2,2.5,,32,22,0,0,,1.78,6.78,2.38,11.85,,9,12,0.536,0.167,7.185,92,1,13,2,keskin_bicakx1 hizli_bilekx1,9,0,55,9,27,15,6,0,2,0,4,,0,0,0,0,0,0,0,0,0,0,0.333,3.164,0.8,9,0,46,0,0,232,0,0,3,5,3,6,0,0,1.0667,0,640,0,6,55,55.133,8.537,8.284,9.522,,,,16,0,0,0,0,,0.333,0,0,0,0,0,0,0,0,0,0,0,0,0,0,0,0,0,0,0,0.388,0.518,2.065,0.014,0,kalabalik
1,Run50_AlphaDengeV1,Hasar-alan,bahcivan,standart,100,taban,9,,,49,46,0,0,0,3,37,8,3,1,0,160,436,1,0,0,106,12,2,108,72,10,1215,12,6,14,1.25,1,2.37,0.9,4,0.3,2,23,3.83,1.57,1.86,2.33,2,,30,0,0,,,4.2,6.43,10.28,4.73,,12,17,0.62,0.235,7.205,130,0,13,3,keskin_bicakx1 hizli_bilekx1,10,0,55,11,33,21,6,0,2,0,4,,0,0,0,0,0,0,0,0,0,0,0.529,2.909,0.891,3,0,46,0,0,107,0,0,3,7,5,6,0,0,1.0667,0,750,0,6,55,55.133,10.286,10.531,6.522,,,,18,0,0,0,0,,0.307,0,0,0,0,0,0,0,0,0,0,0,0,0,0,0,0,0,0,0,0.382,0.511,2.197,0.014,0,kalabalik
1,Run50_AlphaDengeV1,Hasar-alan,bahcivan,standart,100,taban,10,,,46,39,0,0,0,7,26,13,7,0,0,171,607,1,171,1,117,28,0,130,100,10,1263,13,3,14.67,1.25,1,2.37,0.9,4,0.3,2,23,3.91,1.54,2.38,2.57,,,28,0,0,,,3.65,15.7,9.15,,,13,19,0.72,0.421,7.181,146,3,16,1,keskin_bicakx1 hizli_bilekx1,9,0,55,12,36,25,8,0,2,0,4,,0,0,0,0,0,0,0,0,0,0,0.632,3.109,0.836,7,0,45,0,0,620,0,0,3,8,6,6,1,0,1.0667,0,810,0,6,55,55.133,16.314,16.078,17.633,,,,22,0,0,0,0,,0.243,0,0,0,0,0,0,0,0,0,0,0,0,0,0,0,0,0,0,0,0.413,0.546,8.694,0.016,0,kalabalik
1,Run50_AlphaDengeV1,Hasar-alan,bahcivan,standart,100,taban,11,,,78,69,0,0,0,9,63,8,7,0,0,198,198,1,0,0,166,28,0,174,128,10,2036,16,9,16.36,1.563,1,2.286,0.935,4,0.3,2,28,3.89,1.36,1.29,2,,,47,50,0,,,2.73,2.29,5.33,,,14,20,0.592,0.3,6.892,189,7,23,1,keskin_bicakx2 hizli_bilekx1,13,0,65,15,45,25,11,0,2,0,4,,0,0,0,0,0,0,0,0,0,0,0.65,3.046,1.2,9,0,68,0,0,16,0,0,3,8,6,14,1,0,1.1333,0,1000,0,3,65,65.167,9.978,9.873,10.785,,,,31,0,0,0,0,,0.227,0,0,0,0,0,0,0,0,0,0,0,0,0,0,0,0,0,0,0,0.422,0.546,2.287,0.014,0,kalabalik
1,Run50_AlphaDengeV1,Hasar-alan,bahcivan,standart,100,taban,12,,,79,69,0,0,0,10,52,18,8,1,0,287,485,1,0,0,194,32,2,196,130,12,2453,18,6,18.13,1.563,1,2.204,0.97,4,0.3,2,29,3.93,1.21,1.47,2.13,1,,59,37,0,,,2.36,6.48,11.02,0,,15,23,0.636,0.348,6.888,217,6,29,1,keskin_bicakx2 hizli_bilekx1,12,0,65,17,51,25,20,0,2,0,4,,0,0,0,0,0,0,0,0,0,0,0.783,4.415,1.215,10,0,70,0,0,369,0,0,3,8,7,24,1,0,1.2,0,1200,0,9,65,65.167,11.105,11.553,8.013,,,,47,0,0,0,0,,0.217,0,0,0,0,0,0,0,0,0,0,0,0,0,0,0,0,0,0,0,0.421,0.557,2.504,0.017,0,kalabalik
1,Run50_AlphaDengeV1,Hasar-alan,bahcivan,standart,100,taban,13,,,96,76,1,0,0,19,63,19,10,3,1,470,955,1,470,1,284,55,6,315,155,18,3419,20,6,18.13,1.563,1,2.125,1.005,6,0.3,2,30,4.8,1.55,1.43,1.71,1.5,,33,29,13,0,,2.36,2.13,6.07,6.37,,17,27,0.431,0.074,6.802,258,5,34,2,keskin_bicakx2 hizli_bilekx1,18,0.048,65,19,57,31,20,0,2,0,4,,0,0,0,0,0,0,0,0,0,0,0.259,7.231,1.477,20,0,77,0,0,1288,0,0,3,10,9,24,2,0,1.2,0,1400,0,6,65,65.167,8.387,8.126,9.38,,,,45,0,0,0,0,,0.264,0,0,0,0,0,0,0,0,0,0,0,0,0,0,0,0,0,0,0,0.502,0.68,3.005,0.019,0,kalabalik
1,Run50_AlphaDengeV1,Hasar-alan,bahcivan,standart,100,taban,14,,,130,99,6,0,0,25,83,27,16,4,0,495,495,1,0,0,384,64,8,399,219,26,4448,23,9,18.13,1.953,1,2.125,1.005,6,0.3,2,30,5.97,1.34,1.45,1.92,1.67,,45,35,27,25,,2.4,4.35,6.9,4.24,,22,40,0.665,0.175,6.66,390,0,34,5,keskin_bicakx3 hizli_bilekx1,18,0,65,22,66,37,20,0,2,0,4,,0,0,0,0,0,0,0,0,0,0,0.6,7.615,2,31,0,97,0,0,1136,0,0,3,11,10,24,2,0,1.2,0,1800,0,6,65,65.167,11.127,9.585,16.055,,,,94,0,0,0,0,,0.157,0,0,0,0,0,0,0,0,0,0,0,0,0,0,0,0,0,0,0,0.445,0.595,2.422,0.02,0,kalabalik
1,Run50_AlphaDengeV1,Hasar-alan,bahcivan,standart,100,taban,15,,,181,117,7,0,0,57,112,35,26,7,1,930,1425,1,0,0,546,119,14,677,238,40,6494,26,9,19.2,1.953,1,2.048,1.005,6,0.3,2,31,5.97,1.12,1.46,1.67,1.4,,80,29,32,0,0,0.56,3.24,3.83,12.3,,22,49,0.667,0.388,6.316,504,8,42,8,keskin_bicakx3 hizli_bilekx1,26,0,65,25,75,46,20,0,2,0,4,,0,0,0,0,0,0,0,0,0,0,0.612,14.308,2.785,64,0,104,0,0,1830,0,0,3,11,11,36,2,0,1.2667,0,2200,0,9,65,65.167,10.916,10.733,11.25,,,,153,0,0,0,0,,0.219,0,0,0,0,0,0,0,0,0,0,0,0,0,0,0,0,0,0,0,0.493,0.661,2.512,0.022,0,kalabalik
1,Run50_AlphaDengeV1,Hasar-alan,bahcivan,standart,100,taban,16,,,227,145,6,0,0,76,121,63,27,12,4,1591,3016,1,1591,1,786,171,32,794,384,72,10452,30,12,25.51,1.953,1,1.836,1.11,6,0.3,2,35,6,1.03,1.15,1.33,2.14,1,89,61,35,0,0,0.26,1.51,1.94,11.54,0,20,49,0.623,0.449,5.72,557,21,63,1,keskin_bicakx3 hizli_bilekx1,24,0,65,29,87,49,26,0,2,0,4,,0,0,0,0,0,0,0,0,0,0,0.551,24.477,3.492,82,0,138,0,0,2282,0,0,3,12,12,104,3,0,1.5333,0,3000,0,9,65,65.167,8.804,9.843,6.967,,,,217,0,0,0,0,,0.223,0,0,0,0,0,0,0,0,0,0,0,0,0,0,0,0,0,0,0,0.541,0.719,2.621,0.026,0,kalabalik
1,Run50_AlphaDengeV1,Hasar-alan,bahcivan,standart,100,taban,17,,,297,194,19,0,0,84,142,82,47,24,2,2221,2221,1,0,0,918,255,57,946,576,109,14715,34,12,33.24,1.953,1,1.561,1.145,6,0.3,2,41,5.88,1,1.02,1.38,1.18,1.5,100,95,47,38,0,0,0.4,3.01,1.84,3.12,19,49,0.534,0.286,5.327,598,11,74,1,keskin_bicakx3 hizli_bilekx2,35,0,65,33,99,49,38,0,2,0,4,,0,0,0,0,0,0,0,0,0,0,0.531,34.169,4.569,103,0,293,0,0,3797,0,0,3,12,12,125,3,0,1.6,0,3900,0,12,65,65.167,6.132,6.153,6.092,,,,161,0,0,0,0,,0.64,0,0,0,0,0,0,0,0,0,0,0,0,0,0,0,0,0,0,0,0.693,1.095,2.732,0.028,0,kalabalik
1,Run50_AlphaDengeV1,Hasar-alan,bahcivan,standart,100,taban,18,,,329,196,37,0,0,96,127,87,67,40,8,6280,8501,1,0,0,993,448,120,1099,1015,169,17541,38,12,34.76,1.953,1,1.512,1.23,6,0.317,2,43,5.98,1,1.04,1.35,1.48,1.25,100,88,54,50,40,0,0.06,2.83,2.3,0.76,14,49,0.573,0.306,4.813,662,9,83,3,keskin_bicakx3 hizli_bilekx2,44,0,65,37,111,49,50,0,2,0,4,,0,0,0,0,0,0,0,0,0,0,0.612,96.615,5.062,133,0,289,0,0,4238,0,0,3,12,12,125,3,0,1.6,0,5000,0,12,65,65.167,4.872,4.897,4.835,,,,243,0,0,0,0,,0.566,0,0,0,0,0,0,0,0,0,0,0,0,0,0,0,0,0,0,0,0.693,1.049,3.152,0.031,0,kalabalik
1,Run50_AlphaDengeV1,Hasar-alan,bahcivan,standart,100,taban,19,,,375,219,43,0,0,113,146,92,75,46,16,8850,17351,1,0,0,1260,611,122,1344,816,151,20647,42,12,42.03,1.953,1,1.464,1.315,6,0.333,2,44,5.93,1,1,1.17,1.27,1.11,100,100,77,61,70,0,0,0.89,3.07,0.32,13,57,0.576,0.333,4.559,813,10,93,4,keskin_bicakx3 hizli_bilekx2,41,0,65,41,123,49,62,0,2,0,4,,0,0,0,0,0,0,0,0,0,0,0.614,136.154,5.769,156,0,356,0,0,3085,0,0,3,12,12,125,3,0,1.6,0,6300,0,12,65,65.167,5.368,5.737,4.85,,,,265,0,0,0,0,,0.572,0,0,0,0,0,0,0,0,0,0,0,0,0,0,0,0,0,0,0,0.654,0.888,5.38,0.032,0,kalabalik
1,Run50_AlphaDengeV1,Hasar-alan,bahcivan,standart,100,taban,20,,,354,213,55,0,0,86,160,76,71,39,8,5791,23142,1,5791,1,984,572,161,1158,1103,232,20160,45,9,45.79,1.953,1,1.464,1.365,6,0.333,2,44,6,1,1,1.23,1.32,1.43,100,100,72,61,57,0,0,1.86,2.46,3.14,18,81,0.597,0.321,4.654,1131,7,100,10,keskin_bicakx3 hizli_bilekx2,44,0,65,44,132,61,62,0,2,0,4,,0,0,0,0,0,0,0,0,0,0,0.494,89.092,5.446,141,0,383,0,0,3345,0,0,3,12,12,125,4,0,1.6,0,7400,0,12,65,65.167,7.501,8.254,6.364,,,,207,0,0,0,0,,0.637,0,0,0,0,0,0,0,0,0,0,0,0,0,0,0,0,0,0,0,0.763,1.183,3.01,0.033,0,kalabalik
1,Run50_AlphaDengeV1,Hasar-alan,bahcivan,standart,100,taban,21,,,427,240,64,0,0,123,164,106,96,44,17,10356,10356,1,0,0,1494,861,187,1542,1244,419,25293,48,9,52.15,1.953,1,1.418,1.365,6,0.35,2,45,6,1,1,1.02,1.25,1.44,100,100,95,72,60,0,0,0.12,0.94,2.21,18,81,0.699,0.42,4.547,1158,6,106,0,keskin_bicakx3 hizli_bilekx2 nadir_tohumx1,52,0,65,47,141,70,62,0,2,0,4,,0,0,0,0,0,0,0,0,0,0,0.543,159.323,6.569,187,0,450,0,0,5238,0,0,3,12,12,125,5,0,1.6,0,8600,0,9,65,65.167,7.611,7.837,7.321,,,,247,0,0,0,0,,0.793,0,0,0,0,0,0,0,0,0,0,0,0,0,0,0,0,0,0,0,0.737,1.045,3.31,0.036,0,kalabalik
1,Run50_AlphaDengeV1,Hasar-alan,bahcivan,standart,100,taban,22,,,639,314,139,0,0,186,236,181,129,76,17,14417,24773,1,0,0,2339,1011,300,2341,1930,719,36997,52,12,56.1,1.953,1,1.373,1.415,9,0.367,2,47,8.81,1,1,1.04,1.28,1.5,100,100,94,67,38,0,0,0.16,2.4,3.95,18,81,0.568,0.407,4.087,1288,7,113,0,keskin_bicakx3 hizli_bilekx2 nadir_tohumx1,68,0,65,51,153,79,62,0,2,0,4,,0,0,0,0,0,0,0,0,0,0,0.457,221.8,9.831,325,0,644,0,0,5135,0,0,3,12,12,125,7,0,1.6,0,10000,0,9,65,65.167,5.586,8.114,3.144,,,,419,0,0,0,0,,0.805,0,0,0,0,0,0,0,0,0,0,0,0,0,0,0,0,0,0,0,0.727,1.067,5.056,0.044,0,kalabalik
1,Run50_AlphaDengeV1,Hasar-alan,bahcivan,standart,100,taban,23,,,484,243,94,0,0,147,184,143,83,58,16,12033,36806,1,12033,1,2122,804,222,2213,1544,941,30037,55,9,63.05,1.953,1,1.33,1.465,9,0.383,2,48,6,1,1,1,1.18,1.17,100,100,100,71,67,0,0,0,1.17,1.77,18,81,0.706,0.432,3.995,1318,9,122,0,keskin_bicakx3 hizli_bilekx2 nadir_tohumx1,61,0,65,54,162,81,72,0,2,0,4,,0,0,0,0,0,0,0,0,0,0,0.654,185.123,7.446,241,0,532,0,0,2172,0,0,3,12,12,575,8,0,1.6667,0,12000,0,12,65,65.167,6.636,7.443,5.822,,,,306,0,0,0,0,,0.814,0,0,0,0,0,0,0,0,0,0,0,0,0,0,0,0,0,0,0,0.67,0.925,3.372,0.038,0,kalabalik
1,Run50_AlphaDengeV1,Hasar-alan,bahcivan,standart,100,taban,24,,,687,344,156,1,0,186,258,163,142,97,27,18427,18427,1,0,0,2974,1332,399,3237,2476,1340,43630,58,9,69.27,3.125,1,1.33,1.515,9,0.383,2,48,8.9,1,1,1,1,1,100,100,100,100,100,0,0,0,0,0,18,81,0.561,0.358,3.882,1356,5,127,0,keskin_bicakx3 hizli_bilekx2 nadir_tohumx1 canavar_kesimix1,69,0,65,57,171,81,81,0,2,0,4,,0,0,0,0,0,0,0,0,0,0,0.667,283.492,10.569,343,0,1344,0,0,7802,0,0,3,12,12,575,8,0,1.6667,0,14000,0,9,65,65.167,5.517,7.875,3.153,,,,490,0,0,0,0,,0.767,0,0,0,0,0,0,0,0,0,0,0,0,0,0,0,0,0,0,0,0.692,0.933,4.633,0.044,0,kalabalik
1,Run50_AlphaDengeV1,Hasar-alan,bahcivan,standart,100,taban,25,,,719,359,162,1,0,197,264,173,155,101,26,20570,38997,1,0,0,3184,1528,368,3356,4004,1658,47789,61,9,73.42,3.125,1,1.288,1.565,9,0.4,2,50,8.86,1,1,1,1,1,100,100,100,100,100,0,0,0,0,0,18,81,0.552,0.37,3.882,1356,9,136,0,keskin_bicakx3 hizli_bilekx2 nadir_tohumx1 canavar_kesimix1,68,0,65,60,180,81,90,0,2,0,4,,0,0,0,0,0,0,0,0,0,0,0.605,316.462,11.062,360,0,1517,0,0,12591,0,0,3,12,12,1165,8,0,1.7333,0,16000,0,9,65,65.167,3.793,4.779,2.809,,,,501,0,0,0,0,,0.731,0,0,0,0,0,0,0,0,0,0,0,0,0,0,0,0,0,0,0,0.711,0.983,3.552,0.045,0,kalabalik
1,Run50_AlphaDengeV1,Hasar-alan,bahcivan,standart,100,taban,26,,,631,367,144,8,0,112,209,176,140,81,25,17843,56840,1,17843,1,2802,1312,464,3688,3386,2122,44287,64,9,83.44,3.125,1,1.248,1.565,9,0.417,2,52,8.56,1,1,1,1,1,100,100,100,100,100,0,0,0,0,0,18,81,0.434,0.259,3.733,1411,7,143,0,keskin_bicakx3 hizli_bilekx2 nadir_tohumx1 canavar_kesimix1,67,0,65,63,189,81,99,0,2,0,4,,0,0,0,0,0,0,0,0,0,0,0.395,274.508,9.708,264,0,1366,0,0,7878,0,0,3,12,12,1165,8,0,1.7333,0,18000,0,9,65,65.167,3.928,4.298,3.415,,,,382,0,0,0,0,,0.749,0,0,0,0,0,0,0,0,0,0,0,0,0,0,0,0,0,0,0,0.647,0.9,3.366,0.042,0,kalabalik
1,Run50_AlphaDengeV1,Hasar-alan,bahcivan,standart,100,taban,27,,,860,459,193,1,0,207,309,237,171,104,39,26206,26206,1,0,0,3954,1944,584,5562,4530,2556,60530,67,9,83.44,3.125,1,1.248,2.132,12,0.417,2.111,52,11.04,1,1,1,1,1,100,100,100,100,100,0,0,0,0,0,18,81,0.505,0.284,3.694,1425,6,149,0,keskin_bicakx3 hizli_bilekx2 nadir_tohumx1 canavar_kesimix1 genis_savurusx1,97,0,65,66,198,81,108,0,2,0,4,,0,0,0,0,0,0,0,0,0,0,0.42,403.169,13.231,401,0,1839,0,0,13408,0,0,3,12,12,1895,8,0,1.8,0,20000,0,9,65,65.167,3.082,3.648,2.434,,,,562,0,0,0,0,,0.753,0,0,0,0,0,0,0,0,0,0,0,0,0,0,0,0,0,0,0,0.688,0.968,4.847,0.052,0,kalabalik
1,Run50_AlphaDengeV1,Hasar-alan,bahcivan,standart,100,taban,28,,,878,466,188,3,0,221,321,228,179,111,39,28710,54916,1,0,0,4181,2073,636,6873,4863,3127,62631,70,9,94.04,3.125,1,1.208,2.132,12,0.433,2.111,53,10.94,1,1,1,1,1,100,100,100,100,100,0,0,0,0,0,18,81,0.503,0.284,3.516,1498,7,156,0,keskin_bicakx3 hizli_bilekx2 nadir_tohumx1 canavar_kesimix1 genis_savurusx1,94,0,65,69,207,81,117,0,2,0,4,,0,0,0,0,0,0,0,0,0,0,0.593,441.692,13.508,412,0,2092,0,0,13039,0,0,3,12,12,1895,8,0,1.8,0,22000,0,9,65,65.167,2.879,3.415,2.272,,,,556,0,0,0,0,,0.765,0,0,0,0,0,0,0,0,0,0,0,0,0,0,0,0,0,0,0,0.689,0.954,3.806,0.052,0,kalabalik
1,Run50_AlphaDengeV1,Hasar-alan,bahcivan,standart,100,taban,29,,,908,471,199,3,0,235,326,235,194,119,34,26790,81706,1,0,0,4561,2175,620,9514,6608,3552,66018,73,9,94.04,3.125,1,1.208,2.198,12,0.433,2.222,53,10.96,1,1,1,1,1,100,100,100,100,100,0,0,0,0,0,18,81,0.509,0.296,3.429,1536,5,161,0,keskin_bicakx3 hizli_bilekx2 nadir_tohumx1 canavar_kesimix1 genis_savurusx1,97,0,65,72,216,81,126,0,2,0,4,,0,0,0,0,0,0,0,0,0,0,0.667,412.154,13.969,437,0,2257,0,0,10057,0,0,3,12,12,2755,8,0,1.8667,0,25000,0,9,65,65.167,2.985,3.64,2.278,,,,618,0,0,0,0,,0.731,0,0,0,0,0,0,0,0,0,0,0,0,0,0,0,0,0,0,0,0.685,0.972,3.856,0.05,0,kalabalik
1,Run50_AlphaDengeV1,Hasar-alan,bahcivan,standart,100,taban,30,,,905,478,240,6,0,181,325,238,188,132,22,25615,107321,1,25615,1,4379,1867,672,9363,8365,4144,65847,75,6,100.86,3.125,1,1.17,2.198,12,0.45,2.222,55,11.15,1,1,1,1,1.15,100,100,100,100,86,0,0,0,0,0.54,18,81,0.516,0.247,3.333,1579,7,168,0,keskin_bicakx3 hizli_bilekx2 nadir_tohumx1 canavar_kesimix1 genis_savurusx1,93,0,65,74,222,81,135,0,2,0,4,,0,0,0,0,0,0,0,0,0,0,0.617,394.077,13.923,427,0,2413,0,0,24904,0,0,3,12,12,2755,8,0,1.8667,0,27000,0,9,65,65.167,3.049,3.667,2.356,,,,659,0,0,0,0,,0.674,0,0,0,0,0,0,0,0,0,0,0,0,0,0,0,0,0,0,0,0.71,1.022,6.574,0.055,0,kalabalik
1,Run50_AlphaDengeV1,Hasar-alan,bahcivan,standart,100,taban,31,,,995,492,245,1,0,257,336,273,211,139,36,30425,30425,1,0,0,5418,2284,754,13221,8239,4658,76147,78,9,105.24,3.125,1,1.17,2.198,12,0.45,2.333,55,11.64,1,1,1,1,1,100,100,100,100,100,0,0,0,0,0,18,81,0.565,0.333,2.747,1917,6,174,0,keskin_bicakx3 hizli_bilekx2 nadir_tohumx1 canavar_kesimix1 genis_savurusx1 bereketli_toprakx1,104,0,65,77,231,81,141,0,2,0,4,,0,0,0,0,0,0,0,0,0,0,0.58,468.077,15.308,503,0,2597,0,0,17051,0,0,3,12,12,3755,8,0,1.9333,0,30000,0,6,65,65.167,2.824,3.484,2.178,,,,680,0,0,0,0,,0.777,0,0,0,0,0,0,0,0,0,0,0,0,0,0,0,0,0,0,0,0.739,1.046,4.63,0.06,0,kalabalik
1,Run50_AlphaDengeV1,Hasar-alan,bahcivan,standart,100,taban,32,,,990,479,257,6,0,248,368,254,214,113,41,28662,59087,1,0,0,5244,2806,785,15765,10925,5348,75457,80,6,112.36,3.125,1,1.17,2.198,12,0.45,2.333,55,11.71,1,1,1,1,1,100,100,100,100,100,0,0,0,0,0,18,81,0.557,0.309,2.741,1921,3,177,0,keskin_bicakx3 hizli_bilekx2 nadir_tohumx1 canavar_kesimix1 genis_savurusx1 bereketli_toprakx1,104,0,65,79,237,81,150,0,2,0,4,,0,0,0,0,0,0,0,0,0,0,0.568,440.954,15.231,511,0,2924,0,0,31508,0,0,3,12,12,3755,8,0,1.9333,0,32000,0,9,65,65.167,2.896,3.669,2.171,,,,697,0,0,0,0,,0.749,0,0,0,0,0,0,0,0,0,0,0,0,0,0,0,0,0,0,0,0.732,1.059,4.763,0.058,0,kalabalik
1,Run50_AlphaDengeV1,Hasar-alan,bahcivan,standart,100,taban,33,,,902,393,233,1,0,275,328,264,142,115,53,34425,93512,1,34425,1,5930,2160,795,18545,10915,5853,70490,83,9,117.04,3.125,1,1.17,2.198,12,0.45,2.444,55,8.93,1,1,1,1,1,100,100,100,100,100,0,0,0,0,0,18,81,0.612,0.383,2.658,1981,7,184,0,keskin_bicakx3 hizli_bilekx2 nadir_tohumx1 canavar_kesimix1 genis_savurusx1 bereketli_toprakx1,93,0,65,82,246,81,156,0,2,0,4,,0,0,0,0,0,0,0,0,0,0,0.605,529.615,13.877,509,0,3163,0,0,2998,0,0,3,12,12,4855,8,0,2,0,35000,0,6,65,65.167,3.726,5.347,2.474,,,,670,0,0,0,0,,0.792,0,0,0,0,0,0,0,0,0,0,0,0,0,0,0,0,0,0,0,0.699,0.978,5.658,0.051,0,kalabalik
1,Run50_AlphaDengeV1,Hasar-alan,bahcivan,standart,100,taban,34,,,1223,635,287,3,0,298,419,299,303,148,54,41913,41913,1,0,0,6060,3676,1220,24605,14021,6963,98791,85,6,117.04,3.125,1,1.17,2.901,16,0.45,2.444,55,15.29,1,1,1,1,1,100,100,100,100,100,0,0,0,0,0,18,81,0.496,0.222,2.633,2000,2,186,0,keskin_bicakx3 hizli_bilekx2 nadir_tohumx1 canavar_kesimix1 genis_savurusx2 bereketli_toprakx1,124,0,65,84,252,81,165,0,2,0,4,,0,0,0,0,0,0,0,0,0,0,0.383,644.815,18.815,588,0,3085,0,0,30789,0,0,3,12,12,4855,8,0,2,0,38000,0,9,65,65.167,2.169,2.699,1.596,,,,843,0,0,0,0,,0.704,0,0,0,0,0,0,0,0,0,0,0,0,0,0,0,0,0,0,0,0.779,1.083,5.465,0.062,0,kalabalik
1,Run50_AlphaDengeV1,Hasar-alan,bahcivan,standart,100,taban,35,,,1258,672,254,0,0,332,442,329,272,157,58,44397,86310,1,0,0,6475,3670,1185,25680,17061,7818,103461,88,9,124.44,3.125,1,1.17,2.901,16,0.45,2.556,55,15.51,1,1,1,1,1,100,100,100,100,100,0,0,0,0,0,18,81,0.536,0.235,2.505,2102,5,191,0,keskin_bicakx3 hizli_bilekx2 nadir_tohumx1 canavar_kesimix1 genis_savurusx2 bereketli_toprakx1,123,0,65,87,261,81,171,0,2,0,4,,0,0,0,0,0,0,0,0,0,0,0.519,683.031,19.354,586,0,2977,0,0,17250,0,0,3,12,12,6155,8,0,2.0667,0,41000,0,6,65,65.167,1.988,2.363,1.559,,,,806,0,0,0,0,,0.74,0,0,0,0,0,0,0,0,0,0,0,0,0,0,0,0,0,0,0,0.765,1.093,5.245,0.064,0,kalabalik
1,Run50_AlphaDengeV1,Hasar-alan,bahcivan,standart,100,taban,36,,,1198,644,292,1,0,261,424,320,266,141,47,40296,126606,1,40296,1,6445,3646,999,31565,19007,8692,97762,90,6,129.42,3.125,1,1.17,2.901,16,0.45,2.556,55,15.47,1,1,1,1.01,1.08,100,100,100,96,93,0,0,0,0.06,0.37,18,81,0.518,0.185,2.484,2119,3,194,0,keskin_bicakx3 hizli_bilekx2 nadir_tohumx1 canavar_kesimix1 genis_savurusx2 bereketli_toprakx1,117,0,65,89,267,81,180,0,2,0,4,,0,0,0,0,0,0,0,0,0,0,0.543,619.938,18.431,554,0,3532,0,0,32012,0,0,3,12,12,6155,8,0,2.0667,0,44000,0,9,65,65.167,2.497,3.108,1.787,,,,882,0,0,0,0,,0.664,0,0,0,0,0,0,0,0,0,0,0,0,0,0,0,0,0,0,0,0.835,1.232,6.525,0.076,0,kalabalik
1,Run50_AlphaDengeV1,Hasar-alan,bahcivan,standart,100,taban,37,,,1330,742,290,6,0,292,455,373,302,149,51,45283,45283,1,0,0,7055,4002,1165,33820,21679,9477,116390,93,9,142.61,3.125,1,0.995,2.901,16,0.45,2.667,65,14.78,1,1,1,1,1,100,100,100,100,100,0,0,0,0,0,18,81,0.502,0.222,2.424,2172,5,199,0,keskin_bicakx3 hizli_bilekx3 nadir_tohumx1 canavar_kesimix1 genis_savurusx2 bereketli_toprakx1,134,0,65,92,276,81,184,2,2,0,4,,0,0,0,0,0,0,0,0,0,0,0.58,696.662,20.462,588,0,4303,0,0,13402,0,0,3,12,12,7555,8,1,2.24,0.05,48000,0,6,65,65.167,1.967,2.291,1.558,,,,834,0,0,0,0,,0.726,0,0,0,0,0,0,0,0,0,0,0,0,0,0,0,0,0,0,0,0.858,1.237,5.507,0.08,0,kalabalik
1,Run50_AlphaDengeV1,Hasar-alan,bahcivan,standart,100,taban,38,,,1486,829,322,20,0,315,503,381,345,195,62,56013,101296,1,0,0,8488,4815,1770,41008,24594,11107,133353,95,6,171.57,3.125,1,0.88,2.901,16,0.45,2.667,73,14.58,1,1,1,1,1,100,100,100,100,100,0,0,0,0,0,18,81,0.455,0.173,2.424,2172,3,202,0,keskin_bicakx3 hizli_bilekx3 nadir_tohumx1 canavar_kesimix1 genis_savurusx2 bereketli_toprakx1,135,0,65,94,282,81,184,11,2,0,4,,0,0,0,0,0,0,0,0,0,0,0.42,861.738,22.862,657,0,5136,0,0,49755,0,0,3,12,12,7555,8,1,2.24,0.05,51000,0,9,65,65.167,1.569,1.772,1.311,,,,781,0,0,0,0,,0.882,0,0,0,0,0,0,0,0,0,0,0,0,0,0,0,0,0,0,0,1.978,5.453,87.482,0.182,0,kalabalik
1,Run50_AlphaDengeV1,Hasar-alan,bahcivan,standart,100,taban,39,,,1554,875,321,12,0,346,520,431,317,203,83,68425,169721,1,0,0,9609,5064,1866,44697,29658,12553,142890,98,9,199.93,3.125,1,0.836,2.901,16,0.45,2.778,77,14.43,1,1,1,1,1,100,100,100,100,100,0,0,0,0,0,18,81,0.479,0.222,2.236,2355,4,206,0,keskin_bicakx3 hizli_bilekx3 nadir_tohumx1 canavar_kesimix1 genis_savurusx2 bereketli_toprakx1,149,0,65,97,291,81,184,17,2,0,4,,0,0,0,0,0,0,0,0,0,0,0.543,1052.692,23.908,679,0,6288,0,0,35645,0,0,3,12,12,9055,8,1,2.31,0.05,55000,0,6,65,65.167,1.603,1.829,1.311,,,,809,0,0,0,0,,0.872,0,0,0,0,0,0,0,0,0,0,0,0,0,0,0,0,0,0,0,0.996,2.906,17.84,0.085,0,kalabalik
1,Run50_AlphaDengeV1,Hasar-alan,bahcivan,standart,100,taban,40,,,1540,784,360,14,0,382,553,368,330,214,75,63989,233710,1,63989,1,9648,4947,1759,52745,33905,14157,147450,101,9,222.84,3.125,1,0.732,2.901,16,0.45,2.778,88,11.59,1,1,1,1,1,100,100,100,100,100,0,0,0,0,0,18,81,0.502,0.21,2.125,2477,3,209,0,keskin_bicakx3 hizli_bilekx3 nadir_tohumx1 canavar_kesimix1 genis_savurusx2 bereketli_toprakx1,139,0,65,100,300,81,184,26,2,0,4,,0,0,0,0,0,0,0,0,0,0,0.481,984.446,23.692,756,0,6752,0,0,13095,0,0,3,12,12,9055,8,2,2.376,0.08,60000,0,9,65,65.167,1.62,1.898,1.332,,,,816,0,0,0,0,,0.958,0,0,0,0,0,0,0,0,0,0,0,0,0,0,0,0,0,0,0,2.399,5.247,55.58,0.174,1,kalabalik
1,Run50_AlphaDengeV1,Hasar-alan,bahcivan,standart,100,taban,41,,,1878,1059,400,12,0,407,640,472,415,267,84,76820,76820,1,0,0,11468,6718,2330,60113,40623,16017,194699,104,9,258.92,3.125,1,0.668,2.901,16,0.57,2.889,97,14.42,1,1,1,1,1,100,100,100,100,100,0,0,0,0,0,18,81,0.431,0.16,2.042,2579,2,211,0,keskin_bicakx3 hizli_bilekx3 nadir_tohumx1 canavar_kesimix1 genis_savurusx2 bereketli_toprakx1 kritik_gozx1,168,0,65,103,309,81,184,35,2,0,4,,0,0,0,0,0,0,0,0,0,0,0.272,1181.846,28.892,819,0,8318,0,0,22794,0,0,3,12,12,9055,8,4,2.596,0.18,65000,0,9,65,65.167,1.259,1.484,0.967,,,,871,0,0,0,0,,0.954,0,0,0,0,0,0,0,0,0,0,0,0,0,0,0,0,0,0,0,2.373,4.549,211.387,0.288,0,kalabalik
1,Run50_AlphaDengeV1,Hasar-alan,bahcivan,standart,100,taban,42,,,2369,1295,549,35,0,490,708,645,541,373,102,88303,165123,1,0,0,15429,10187,3451,75252,50064,17358,257416,108,12,258.92,3.125,1,0.591,2.901,16,0.57,2.889,110,15.17,1,1,1,1,1,100,100,100,100,100,0,0,0,0,0,24,121,0.474,0.132,2.234,3521,3,214,13,keskin_bicakx3 hizli_bilekx3 nadir_tohumx1 canavar_kesimix1 genis_savurusx2 bereketli_toprakx1 kritik_gozx1,209,0.001,65,107,321,81,184,44,2,0,4,,0,0,0,0,0,0,0,0,0,0,0.372,1358.508,36.446,1074,0,8334,0,0,9210,0,0,3,12,12,9055,8,5,2.64,0.2,72000,0,9,65,65.167,1.497,1.971,0.926,,,,1158,0,0,0,0,,0.954,0,0,0,0,0,0,0,0,0,0,0,0,0,0,0,0,0,0,0,2.551,5.882,69.526,0.24,0,kalabalik
1,Run50_AlphaDengeV1,Hasar-alan,bahcivan,standart,100,taban,43,,,2379,1226,734,30,0,389,682,650,575,354,118,92680,257803,1,92680,1,15240,11145,3588,88692,61209,20426,259754,111,9,258.92,3.125,1,0.591,2.901,16,0.57,3,110,15.3,1,1,1,1,1,100,100,100,100,100,0,0,0,0,0,24,121,0.505,0.289,2.057,3824,2,216,0,keskin_bicakx3 hizli_bilekx3 nadir_tohumx1 canavar_kesimix1 genis_savurusx2 bereketli_toprakx1 kritik_gozx1,218,0,65,110,330,93,184,44,2,0,4,,0,0,0,0,0,0,0,0,0,0,0.38,1425.846,36.6,1153,0,8779,0,0,46964,0,0,3,13,13,9055,8,5,2.64,0.2,78000,0,12,65,65.167,1.637,2.26,0.974,,,,1407,0,0,0,0,,0.887,0,0,0,0,0,0,0,0,0,0,0,0,0,0,0,0,0,0,0,2.76,5.727,201.237,0.256,0,kalabalik
1,Run50_AlphaDengeV1,Hasar-alan,bahcivan,standart,100,taban,44,,,2406,1231,704,51,0,420,721,615,587,369,114,92138,92138,1,0,0,15054,11415,3668,103746,72624,24094,263375,114,9,258.92,3.125,1,0.591,2.901,16,0.57,3,110,15.35,1,1,1,1,1,100,100,100,100,100,0,0,0,0,0,24,121,0.513,0.281,1.981,3969,0,216,0,keskin_bicakx3 hizli_bilekx3 nadir_tohumx1 canavar_kesimix1 genis_savurusx2 bereketli_toprakx1 kritik_gozx1 altin_hedefx1,213,0,65,113,339,102,184,44,2,0,4,,0,0,0,0,0,0,0,0,0,0,0.446,1417.508,37.015,1175,0,13201,0,0,70339,0,0,3,14,14,9055,9,5,2.64,0.2,84000,0,9,65,65.167,1.64,2.245,1.006,,,,1498,0,0,0,0,,0.854,0,0,0,0,0,0,0,0,0,0,0,0,0,0,0,0,0,0,0,2.927,6.449,142.987,0.257,0,kalabalik
1,Run50_AlphaDengeV1,Hasar-alan,bahcivan,standart,100,taban,45,,,2498,1217,798,54,3,426,704,681,612,378,123,100352,192490,1,0,0,17250,11638,3930,118996,84262,28024,279714,118,12,258.92,3.125,1,0.591,2.901,16,0.57,3,110,15.45,1,1,1,1,1,100,100,100,100,100,0,0,0,0,0,24,121,0.53,0.322,1.818,4326,1,217,0,keskin_bicakx3 hizli_bilekx3 nadir_tohumx1 canavar_kesimix1 genis_savurusx2 bereketli_toprakx1 kritik_gozx1 altin_hedefx1,224,0,65,117,351,111,184,44,2,0,4,,0,0,0,0,0,0,0,0,0,0,0.43,1543.877,38.431,1281,0,12860,0,0,2053,0,0,3,14,14,9055,10,5,2.64,0.2,92000,0,9,65,65.167,1.646,2.38,0.948,,,,1663,0,0,0,0,,0.855,0,0,0,0,0,0,0,0,0,0,0,0,0,0,0,0,0,0,0,2.844,6.303,23.346,0.262,0,kalabalik
1,Run50_AlphaDengeV1,Hasar-alan,bahcivan,standart,100,taban,46,,,2168,1220,649,15,2,282,603,587,513,371,94,90812,283302,1,90812,1,14178,9914,3553,133174,94176,31577,254636,120,6,258.92,3.125,1,0.591,2.901,16,0.57,3,110,14.78,1,1,1,1,1,100,100,100,100,100,0,0,0,0,0,24,121,0.488,0.264,1.703,4618,0,217,0,keskin_bicakx3 hizli_bilekx3 nadir_tohumx1 canavar_kesimix1 genis_savurusx2 bereketli_toprakx1 kritik_gozx1 altin_hedefx1,193,0,65,119,357,121,186,44,2,0,4,,0,0,0,0,0,0,0,0,0,0,0.471,1397.108,33.354,948,0,12822,0,0,70689,0,0,3,15,15,9055,11,5,2.64,0.2,97000,0,12,65,65.167,1.667,2.101,1.108,,,,1300,0,0,0,0,,0.814,0,0,0,0,0,0,0,0,0,0,0,0,0,0,0,0,0,0,0,2.843,6.276,22.886,0.24,0,kalabalik
1,Run50_AlphaDengeV1,Hasar-alan,bahcivan,standart,100,taban,47,,,2511,1248,790,35,3,435,669,655,639,425,123,110073,110073,1,0,0,16716,12603,3994,149890,106779,35571,300069,123,9,258.92,3.125,1,0.591,2.901,16,0.57,3,110,15.45,1,1,1,1,1,100,100,100,100,100,0,0,0,0,0,24,121,0.567,0.38,1.699,4628,0,217,0,keskin_bicakx3 hizli_bilekx3 nadir_tohumx2 canavar_kesimix1 genis_savurusx2 bereketli_toprakx1 kritik_gozx1 altin_hedefx1,220,0,65,122,366,121,192,44,2,0,4,,0,0,0,0,0,0,0,0,0,0,0.496,1693.431,38.631,1263,0,13211,0,0,74758,0,0,3,15,15,9055,11,5,2.64,0.2,100000,0,6,65,65.167,1.81,2.474,1.153,,,,1756,0,0,0,0,,0.835,0,0,0,0,0,0,0,0,0,0,0,0,0,0,0,0,0,0,0,3.076,6.663,319.481,0.264,0,kalabalik
1,Run50_AlphaDengeV1,Hasar-alan,bahcivan,standart,100,taban,48,,,2546,1257,808,33,1,447,705,702,623,397,119,106463,216536,1,0,0,16542,12296,3959,164232,119075,39530,299782,126,9,258.92,3.125,1,0.591,2.901,16,0.57,3,110,15.67,1,1,1,1,1,100,100,100,100,100,0,0,0,0,0,24,121,0.589,0.413,1.595,4933,1,218,0,keskin_bicakx3 hizli_bilekx3 nadir_tohumx2 canavar_kesimix1 genis_savurusx2 bereketli_toprakx1 kritik_gozx1 altin_hedefx1,223,0,65,125,375,121,201,44,2,0,4,,0,0,0,0,0,0,0,0,0,0,0.57,1637.892,39.169,1289,0,12955,0,0,54540,0,0,3,15,15,9055,11,5,2.64,0.2,110000,0,9,65,65.167,1.767,2.391,1.159,,,,2027,0,0,0,0,,0.655,0,0,0,0,0,0,0,0,0,0,0,0,0,0,0,0,0,0,0,3.201,6.94,174.601,0.293,0,kalabalik
1,Run50_AlphaDengeV1,Hasar-alan,bahcivan,standart,100,taban,49,,,2574,1237,857,19,4,457,691,676,647,426,134,118314,334850,1,0,0,16233,12450,4647,180465,131525,44177,304552,129,9,258.92,3.125,1,0.591,2.901,16,0.57,3,110,15.69,1,1,1,1,1,100,100,100,100,100,0,0,0,0,0,24,121,0.6,0.388,1.535,5125,0,218,0,keskin_bicakx3 hizli_bilekx3 nadir_tohumx2 canavar_kesimix1 genis_savurusx2 bereketli_toprakx1 kritik_gozx1 altin_hedefx1,229,0,65,128,384,121,210,44,2,0,4,,0,0,0,0,0,0,0,0,0,0,0.529,1820.215,39.6,1337,0,13329,0,0,19092,0,0,3,15,15,9055,11,5,2.64,0.2,120000,0,9,65,65.167,1.767,2.45,1.136,,,,2130,0,0,0,0,,0.643,0,0,0,0,0,0,0,0,0,0,0,0,0,0,0,0,0,0,0,3.401,7.147,292.195,0.291,0,kalabalik
1,Run50_AlphaDengeV1,Hasar-alan,bahcivan,standart,100,taban,50,,,2145,982,763,31,8,361,566,595,495,369,120,102461,437311,1,102461,1,15522,9789,3826,193587,141314,48003,256326,131,6,258.92,3.125,1,0.591,2.901,16,0.57,3,110,12,1,1,1,1,1,100,100,100,100,100,0,0,0,0,0,24,121,0.676,0.463,1.53,5142,1,219,0,keskin_bicakx3 hizli_bilekx3 nadir_tohumx2 canavar_kesimix1 genis_savurusx2 bereketli_toprakx1 kritik_gozx1 altin_hedefx1,195,0,65,130,390,121,219,44,2,0,4,,0,0,0,0,0,0,0,0,0,0,0.504,1576.323,33,1163,0,14617,0,0,35418,0,0,3,15,15,9055,11,5,2.64,0.2,120000,0,9,65,65.167,2.438,3.231,1.769,,,,1886,0,0,0,0,,0.674,0,0,0,0,0,0,0,0,0,0,0,0,0,0,0,0,0,0,0,6.505,16.928,648.049,0.503,0,kalabalik
1,Run50_AlphaDengeV1,Hasar-alan,bahcivan,standart,100,taban,50,KAZANDI
2,Run50_AlphaDengeV1,Hasar-alan,bahcivan,standart,101,taban,1,,,13,13,0,0,0,0,12,1,0,0,0,15,15,1,0,0,28,0,0,28,0,0,270,1,0,10,1,1,3,0.9,4,0.3,2,12,2.25,2,3,,,,17,0,,,,3,6,,,,2,4,0.339,0,8,23,0,0,2,,4,0.351,45,0,0,0,0,0,0,0,0,,0,0,0,0,0,0,0,0,0,0,0.75,0.333,0.289,0,0,22,0,0,270,0,0,0,0,0,0,0,0,1,0,390,0,0,45,45.133,4.426,4.426,,,,,0,0,0,0,0,,,0,0,0,0,0,0,0,0,0,0,0,0,0,0,0,0,0,0,0,0.752,1.692,53.458,0.021,0,kalabalik
2,Run50_AlphaDengeV1,Hasar-alan,bahcivan,standart,101,taban,2,,,15,15,0,0,0,0,11,3,1,0,0,30,45,1,0,0,34,4,0,37,4,0,350,2,3,10.67,1,1,3,0.9,4,0.3,2,13,2.85,2.09,2,3,,,0,0,0,,,3.27,3,12,,,3,5,0.479,0,8,28,1,1,1,,5,0.111,45,1,3,0,0,0,0,0,0,,0,0,0,0,0,0,0,0,0,0,0.6,0.667,0.333,0,0,24,0,0,230,0,0,0,0,0,0,0,0,1,0,410,0,0,45,45.133,5.562,5.562,,,,,0,0,0,0,0,,,0,0,0,0,0,0,0,0,0,0,0,0,0,0,0,0,0,0,0,0.76,1.743,66.808,0.019,0,kalabalik
2,Run50_AlphaDengeV1,Hasar-alan,bahcivan,standart,101,taban,3,,,10,10,0,0,0,0,9,1,0,0,0,12,57,1,12,1,22,0,0,24,4,0,231,3,3,12,1,1,3,0.9,4,0.3,2,11,1.64,1.78,1,,,,29,,0,,,3,0,,,,4,6,0.21,0,8,34,2,3,1,,3,0.331,45,2,6,3,0,0,2,0,0,,0,0,0,0,0,0,0,0,0,0,0.167,0.267,0.222,0,0,23,0,0,51,0,0,3,1,1,0,1,0,1,0,420,0,3,45,45.133,7.947,7.947,,,,,0,0,0,0,0,,,0,0,0,0,0,0,0,0,0,0,0,0,0,0,0,0,0,0,0,0.84,1.869,39.363,0.023,0,kalabalik
2,Run50_AlphaDengeV1,Hasar-alan,bahcivan,standart,101,taban,4,,,20,20,0,0,0,0,13,5,2,0,0,48,48,1,0,0,46,8,0,50,12,0,551,4,3,12,1,1,2.55,0.9,4,0.3,2,17,2.53,1.77,2.4,3.5,,,29,0,0,,,2.75,8.67,10.2,,,5,7,0.547,0.143,7.274,43,0,3,1,hizli_bilekx1,4,0.016,45,3,9,6,0,0,2,0,0,,0,0,0,0,0,0,0,0,0,0,0.571,1.067,0.444,0,0,28,0,0,182,0,0,3,1,1,0,1,0,1,0,440,0,3,45,45.133,7.798,7.798,,,,,0,0,0,0,0,,,0,0,0,0,0,0,0,0,0,0,0,0,0,0,0,0,0,0,0,0.737,1.776,9.201,0.021,0,kalabalik
2,Run50_AlphaDengeV1,Hasar-alan,bahcivan,standart,101,taban,5,,,26,26,0,0,0,0,19,5,2,0,0,54,102,1,0,0,58,8,0,58,20,0,709,5,3,12.67,1,1,2.55,0.9,4,0.3,2,17,3,1.53,2.8,3,,,50,0,0,,,2.95,7.14,7.65,,,6,9,0.507,0.222,7.395,55,1,4,1,hizli_bilekx1,5,0,45,4,12,9,0,0,2,0,0,,0,0,0,0,0,0,0,0,0,0,0.556,1.2,0.578,0,0,50,0,0,451,0,0,3,1,1,0,2,0,1,0,470,0,3,45,45.133,8.144,8.144,,,,,0,0,0,0,0,,,0,0,0,0,0,0,0,0,0,0,0,0,0,0,0,0,0,0,0,0.795,1.905,4.729,0.021,0,kalabalik
2,Run50_AlphaDengeV1,Hasar-alan,bahcivan,standart,101,taban,6,,,26,26,0,0,0,0,16,5,5,0,0,81,183,1,81,1,52,20,0,55,40,0,791,7,6,13.33,1,1,2.459,0.9,4,0.3,2,22,2.91,1.69,2.8,3.4,,,44,0,17,,,3.23,6.9,16.22,,,6,9,0.578,0.333,7.395,67,4,8,0,hizli_bilekx1,6,0,55,6,18,9,3,0,2,0,0,,0,0,0,0,0,0,0,0,0,0,0.667,1.473,0.473,0,0,59,0,0,282,0,0,3,1,1,0,2,0,1,0,520,0,3,55,55.133,10.392,10.392,,,,,0,0,0,0,0,,,0,0,0,0,0,0,0,0,0,0,0,0,0,0,0,0,0,0,0,0.722,1.602,6.96,0.019,0,kalabalik
2,Run50_AlphaDengeV1,Hasar-alan,bahcivan,standart,101,taban,7,,,35,35,0,0,0,0,28,4,3,0,0,70,70,1,0,0,72,12,0,73,52,0,1003,9,6,14,1,1,2.459,0.9,4,0.3,2,22,3.36,1.71,2.5,2.67,,,28,0,0,,,2.55,12.91,6.54,,,7,10,0.599,0.2,5.926,93,4,12,1,hizli_bilekx1 bereketli_toprakx1,8,0,55,8,24,15,3,0,2,0,0,,0,0,0,0,0,0,0,0,0,0,0.6,1.273,0.636,0,0,67,0,0,205,0,0,3,2,1,6,5,0,1.0667,0,600,0,6,55,55.133,7.813,7.813,,,,,0,0,0,0,0,,,0,0,0,0,0,0,0,0,0,0,0,0,0,0,0,0,0,0,0,0.828,1.868,10.528,0.02,0,kalabalik
2,Run50_AlphaDengeV1,Hasar-alan,bahcivan,standart,101,taban,8,,,38,38,0,0,0,0,27,8,3,0,0,81,151,1,0,0,94,12,0,113,64,0,1114,11,6,14.67,1,1,2.37,0.9,4,0.3,2,23,3.22,1.59,2.63,2,,,29,0,50,,,4.3,5.93,3.16,,,8,11,0.614,0.364,6.014,101,3,15,1,hizli_bilekx1 bereketli_toprakx1,7,0,55,10,30,21,3,0,2,0,0,,0,0,0,0,0,0,0,0,0,0,0.545,1.473,0.691,0,0,71,0,0,79,0,0,3,3,2,6,5,0,1.0667,0,700,0,6,55,55.133,9.523,9.523,,,,,0,0,0,0,0,,,0,0,0,0,0,0,0,0,0,0,0,0,0,0,0,0,0,0,0,0.741,1.686,9.76,0.02,0,kalabalik
2,Run50_AlphaDengeV1,Hasar-alan,bahcivan,standart,101,taban,9,,,42,42,0,0,0,0,31,9,2,0,0,78,229,1,0,0,107,8,0,117,72,0,1335,12,3,15.64,1,1,2.37,0.9,4,0.3,2,23,3.35,1.39,2.67,2.5,,,52,0,50,0,,2.45,12.37,10.67,,,9,13,0.638,0.462,5.822,123,3,18,1,hizli_bilekx1 bereketli_toprakx1,7,0,55,11,33,25,5,0,2,0,0,,0,0,0,0,0,0,0,0,0,0,0.462,1.418,0.764,0,0,75,0,0,714,0,0,3,5,2,14,6,0,1.1333,0,750,0,6,55,55.133,11.053,11.053,,,,,0,0,0,0,0,,,0,0,0,0,0,0,0,0,0,0,0,0,0,0,0,0,0,0,0,0.735,1.652,20.584,0.021,0,kalabalik
2,Run50_AlphaDengeV1,Hasar-alan,bahcivan,standart,101,taban,10,,,36,35,0,0,0,1,22,10,3,1,0,112,341,1,112,1,94,12,2,102,84,2,1229,14,6,16.36,1,1,2.286,0.935,4,0.3,2,24,3.21,1.68,2.3,3,,,25,8,0,,,3.63,6.86,11.43,,,10,15,0.576,0.333,5.555,149,5,23,1,hizli_bilekx1 bereketli_toprakx1,7,0,55,13,39,25,8,0,2,0,10,,0,0,0,0,0,0,0,0,0,0,0.333,2.036,0.655,1,0,77,0,0,383,0,0,3,5,2,14,6,0,1.1333,0,880,0,3,55,55.133,13.351,10.872,100.1,,,,2,0,0,0,0,,0.2,0,0,0,0,0,0,0,0,0,0,0,0,0,0,0,0,0,0,0,0.792,1.865,7.301,0.022,0,kalabalik
2,Run50_AlphaDengeV1,Hasar-alan,bahcivan,standart,101,taban,11,,,55,55,0,0,0,0,39,15,0,1,0,114,114,1,0,0,153,0,2,187,84,4,1717,16,6,16.36,1.25,1,2.286,0.97,4,0.3,2,28,3.71,1.49,2.07,,5,,45,6,0,0,,4.46,5.48,,25.13,,11,17,0.706,0.294,5.376,206,1,24,1,hizli_bilekx1 bereketli_toprakx1 keskin_bicakx1,8,0,65,15,45,25,14,0,2,0,10,,0,0,0,0,0,0,0,0,0,0,0.824,1.754,0.846,0,0,90,0,0,270,0,0,3,5,2,14,6,0,1.1333,0,1000,0,6,65,65.167,9.823,9.823,,,,,0,0,0,0,0,,,0,0,0,0,0,0,0,0,0,0,0,0,0,0,0,0,0,0,0,0.828,1.918,11.94,0.027,0,kalabalik
2,Run50_AlphaDengeV1,Hasar-alan,bahcivan,standart,101,taban,12,,,63,61,0,0,0,2,40,19,3,1,0,157,271,1,0,0,215,12,2,222,66,6,2126,18,6,18.13,1.25,1,2.204,0.97,4,0.3,2,29,4,1.55,1.82,2,3,,32,20,0,0,,3.58,7,8.07,17.63,,13,21,0.741,0.476,5.265,259,6,30,2,hizli_bilekx1 bereketli_toprakx1 keskin_bicakx1,11,0,65,17,51,25,20,0,2,0,10,,0,0,0,0,0,0,0,0,0,0,0.714,2.415,0.969,2,0,106,0,0,296,0,0,3,5,3,24,6,0,1.2,0,1200,0,6,65,65.167,13.05,13.087,11.9,,,,6,0,0,0,0,,0.176,0,0,0,0,0,0,0,0,0,0,0,0,0,0,0,0,0,0,0,0.98,2.49,15.223,0.033,0,kalabalik
2,Run50_AlphaDengeV1,Hasar-alan,bahcivan,standart,101,taban,13,,,77,77,0,0,0,0,51,15,7,3,1,356,627,1,356,1,243,43,6,248,79,12,2836,20,6,19.2,1.25,1,2.048,1.005,6,0.3,2,31,5.58,1.78,2.87,2.57,1.67,5,28,0,0,0,0,4.06,11.61,8.2,7.51,18.43,14,23,0.73,0.478,5.092,294,10,40,1,hizli_bilekx1 bereketli_toprakx1 keskin_bicakx1,11,0,65,19,57,31,20,0,2,0,10,,0,0,0,0,0,0,0,0,0,0,0.696,5.477,1.185,0,0,120,0,0,632,0,0,3,6,3,36,6,0,1.2667,0,1400,0,6,65,65.167,13.965,13.965,,,,,4,0,0,0,0,,,0,0,0,0,0,0,0,0,0,0,0,0,0,0,0,0,0,0,0,0.913,2.106,7.594,0.033,0,kalabalik
2,Run50_AlphaDengeV1,Hasar-alan,bahcivan,standart,101,taban,14,,,100,92,0,0,0,8,64,27,8,1,0,255,255,1,0,0,354,32,2,378,61,14,3812,22,6,20.27,1.25,1,2.048,1.04,6,0.42,2,31,5.61,1.47,1.91,2.38,2,,40,13,0,0,,3.38,6.41,9.48,2.03,,16,29,0.713,0.552,5.153,366,5,45,2,hizli_bilekx1 bereketli_toprakx1 keskin_bicakx1 kritik_gozx1,13,0,65,21,63,37,20,0,2,0,10,,0,0,0,0,0,0,0,0,0,0,0.759,3.923,1.538,8,0,111,0,0,1544,0,0,3,7,5,50,6,0,1.3333,0,1700,0,6,65,65.167,14.86,15.097,12.133,,,,15,0,0,0,0,,0.289,0,0,0,0,0,0,0,0,0,0,0,0,0,0,0,0,0,0,0,0.95,2.176,7.718,0.031,0,kalabalik
2,Run50_AlphaDengeV1,Hasar-alan,bahcivan,standart,101,taban,15,,,131,110,0,1,0,20,82,24,21,3,1,554,809,1,0,0,390,84,14,402,120,28,5527,25,9,20.27,1.25,1,1.904,1.075,6,0.42,2,34,5.97,1.38,1.89,2.27,2,,55,13,5,0,,2.45,7.61,13.46,3.8,,18,38,0.758,0.526,4.644,532,10,55,4,hizli_bilekx1 bereketli_toprakx1 keskin_bicakx1 kritik_gozx1,16,0,65,24,72,43,20,0,2,0,10,,0,0,0,0,0,0,0,0,0,0,0.737,8.523,2.015,21,0,124,0,0,1671,0,0,3,7,7,84,6,0,1.4667,0,2100,0,6,65,65.167,12.803,13.911,7.002,,,,46,0,0,0,0,,0.387,0,0,0,0,0,0,0,0,0,0,0,0,0,0,0,0,0,0,0,0.993,2.262,9.173,0.038,0,kalabalik
2,Run50_AlphaDengeV1,Hasar-alan,bahcivan,standart,101,taban,16,,,142,115,6,6,0,15,69,40,23,5,5,1137,1946,1,1137,1,537,151,18,570,196,46,7640,29,12,25.51,1.25,1,1.836,1.11,6,0.42,2,35,6,1.28,1.48,1.76,2.5,2.33,61,35,17,0,0,2.75,4.74,7.34,21.12,18.97,18,46,0.615,0.457,4.274,700,7,62,4,hizli_bilekx1 bereketli_toprakx1 keskin_bicakx1 kritik_gozx1,19,0,65,28,84,49,23,0,2,0,10,,0,0,0,0,0,0,0,0,0,0,0.587,17.492,2.185,27,0,160,0,0,11,0,0,3,8,8,84,6,0,1.4667,0,2800,0,9,65,65.167,12.957,12.66,14.225,,,,87,0,0,0,0,,0.275,0,0,0,0,0,0,0,0,0,0,0,0,0,0,0,0,0,0,0,1.217,2.7,17.279,0.042,0,kalabalik
2,Run50_AlphaDengeV1,Hasar-alan,bahcivan,standart,101,taban,17,,,159,129,4,4,0,22,76,42,27,9,5,1497,1497,1,0,0,480,175,45,500,283,71,11492,32,9,29.99,1.25,1,1.836,1.145,6,0.54,2,35,6,1.31,1.35,1.5,2.17,2,60,58,14,13,0,1.86,2.63,2.84,13.16,11.93,19,49,0.805,0.51,4.185,761,8,70,5,hizli_bilekx1 bereketli_toprakx1 keskin_bicakx1 kritik_gozx2,22,0,65,31,93,49,35,0,2,0,10,,0,0,0,0,0,0,0,0,0,0,0.755,23.031,2.446,30,0,191,0,0,2503,0,0,3,8,8,104,6,0,1.5333,0,3400,0,12,65,65.167,15.086,14.098,19.333,,,,83,0,0,0,0,,0.362,0,0,0,0,0,0,0,0,0,0,0,0,0,0,0,0,0,0,0,1.239,2.699,13.93,0.044,0,kalabalik
2,Run50_AlphaDengeV1,Hasar-alan,bahcivan,standart,101,taban,18,,,178,136,13,4,0,25,74,56,31,13,4,1580,3077,1,0,0,648,175,36,658,413,87,14694,36,12,33.24,1.25,1,1.778,1.195,6,0.54,2,36,6,1.23,1.28,1.74,1.78,2,67,66,26,8,0,1.23,1.78,5.52,3.36,16,17,49,0.803,0.592,3.881,821,6,76,1,hizli_bilekx1 bereketli_toprakx1 keskin_bicakx1 kritik_gozx2,20,0,65,35,105,49,44,0,2,0,10,,0,0,0,0,0,0,0,0,0,0,0.837,24.308,2.738,42,0,177,0,0,2197,0,0,3,8,8,125,6,0,1.6,0,4400,0,9,65,65.167,11.784,11.416,12.977,,,,96,0,0,0,0,,0.34,0,0,0,0,0,0,0,0,0,0,0,0,0,0,0,0,0,0,0,1.187,2.606,17.235,0.047,0,kalabalik
2,Run50_AlphaDengeV1,Hasar-alan,bahcivan,standart,101,taban,19,,,182,144,14,2,0,22,76,57,36,11,2,1313,4390,1,0,0,615,216,32,672,429,119,15668,39,9,34.76,1.25,1,1.778,1.23,6,0.557,2,36,6,1.16,1.33,1.65,1.5,2,78,56,37,14,0,0.82,2.5,2.94,3.56,9.78,17,49,0.814,0.551,3.593,887,8,84,0,hizli_bilekx1 bereketli_toprakx1 keskin_bicakx1 kritik_gozx2,24,0,65,38,114,49,56,0,2,0,10,,0,0,0,0,0,0,0,0,0,0,0.857,20.2,2.8,38,0,217,0,0,3765,0,0,3,8,8,125,6,0,1.6,0,5300,0,12,65,65.167,13.114,12.801,14.302,,,,103,0,0,0,0,,0.303,0,0,0,0,0,0,0,0,0,0,0,0,0,0,0,0,0,0,0,1.315,2.614,187.861,0.045,0,kalabalik
2,Run50_AlphaDengeV1,Hasar-alan,bahcivan,standart,101,taban,20,,,181,143,9,5,0,24,95,24,42,15,5,2115,6505,1,2115,1,474,275,78,571,394,97,16545,42,9,39.82,1.25,1,1.778,1.315,6,0.557,2,36,6,1.17,1.26,1.53,2,1.5,76,59,40,0,0,0.76,1.59,2.73,4.93,4.88,17,51,0.823,0.647,3.547,935,7,91,1,hizli_bilekx1 bereketli_toprakx1 keskin_bicakx1 kritik_gozx2,21,0,65,41,123,49,65,0,2,0,10,,0,0,0,0,0,0,0,0,0,0,0.824,32.538,2.785,38,0,127,0,0,3510,0,0,3,8,8,125,6,0,1.6,0,6300,0,9,65,65.167,14.504,11.921,24.222,,,,112,0,0,0,0,,0.297,0,0,0,0,0,0,0,0,0,0,0,0,0,0,0,0,0,0,0,1.42,2.873,305.513,0.056,0,kalabalik
2,Run50_AlphaDengeV1,Hasar-alan,bahcivan,standart,101,taban,21,,,227,161,11,1,5,49,102,57,35,24,9,2912,2912,1,0,0,738,348,83,854,766,120,19684,45,9,39.82,1.25,1,1.464,1.315,6,0.557,2,44,6,1.15,1.44,1.73,2.13,2.43,79,51,14,5,0,0.44,2.85,4,4.67,7.95,20,64,0.82,0.516,3.779,1101,2,93,6,hizli_bilekx2 bereketli_toprakx1 keskin_bicakx1 kritik_gozx2,32,0,65,44,132,58,65,0,2,0,10,,0,0,0,0,0,0,0,0,0,0,0.75,44.8,3.492,66,0,244,0,0,3294,0,0,3,9,9,125,7,0,1.6,0,7400,0,9,65,65.167,12.191,12.353,11.796,,,,142,0,0,0,0,,0.437,0,0,0,0,0,0,0,0,0,0,0,0,0,0,0,0,0,0,0,1.266,2.811,9.713,0.052,0,kalabalik
2,Run50_AlphaDengeV1,Hasar-alan,bahcivan,standart,101,taban,22,,,237,190,16,0,3,28,86,65,52,30,4,2689,5601,1,0,0,753,421,90,782,574,170,21339,48,9,45.79,1.25,1,1.464,1.315,6,0.573,2,44,6,1.04,1.27,1.37,1.71,2,94,66,57,17,0,0.56,1.47,2.38,4.46,5.86,22,75,0.852,0.547,3.8,1283,6,99,5,hizli_bilekx2 bereketli_toprakx1 keskin_bicakx1 kritik_gozx2,41,0,65,47,141,67,65,0,2,0,10,,0,0,0,0,0,0,0,0,0,0,0.667,41.369,3.646,47,0,236,0,0,1233,0,0,3,9,9,125,8,0,1.6,0,8600,0,9,65,65.167,14.088,12.188,21.768,,,,111,0,0,0,0,,0.309,0,0,0,0,0,0,0,0,0,0,0,0,0,0,0,0,0,0,0,1.261,2.618,9.315,0.055,0,kalabalik
2,Run50_AlphaDengeV1,Hasar-alan,bahcivan,standart,101,taban,23,,,277,201,32,9,4,31,110,72,55,35,5,4203,9804,1,4203,1,813,385,153,975,399,323,18148,50,6,45.79,1.25,1,1.464,1.365,6,0.573,2,44,6,1.02,1.14,1.19,1.58,1.8,93,76,64,29,25,0.24,1.76,1.5,5.16,2.35,27,81,0.73,0.457,3.865,1362,4,103,5,hizli_bilekx2 bereketli_toprakx1 keskin_bicakx1 kritik_gozx2,36,0,65,49,147,76,65,0,2,0,10,,0,0,0,0,0,0,0,0,0,0,0.691,64.662,4.262,76,0,271,0,0,1781,0,0,3,11,11,125,8,0,1.6,0,9500,0,9,65,65.167,14.98,15.155,14.518,,,,213,0,0,0,0,,0.333,0,0,0,0,0,0,0,0,0,0,0,0,0,0,0,0,0,0,0,1.543,3.177,29.095,0.07,0,kalabalik
2,Run50_AlphaDengeV1,Hasar-alan,bahcivan,standart,101,taban,24,,,440,302,33,18,2,85,175,123,87,43,12,7208,7208,1,0,0,1473,709,177,1648,1028,500,31658,53,9,49.54,1.25,1,1.418,1.365,6,0.59,2,45,8.27,1.03,1.06,1.2,1.37,1.38,96,90,68,50,50,0.09,0.46,0.95,2.26,1.42,27,81,0.735,0.556,3.751,1404,4,107,0,hizli_bilekx2 bereketli_toprakx1 keskin_bicakx1 kritik_gozx2 hasat_ritmix1,51,0,65,52,156,81,66,0,2,0,10,hasat_ritmi@R23,0,0,0,0,0,18,17,0,0,0,0.815,110.892,6.769,138,0,550,0,0,3939,0,0,3,12,12,125,8,0,1.6,0,11000,0,6,65,65.167,8.96,8.75,9.42,,,,341,0,0,0,0,,0.423,0,0,0,0,0,0,0,0,0,0,0,0,0,0,0,0,0,0,0,1.632,3.398,16.516,0.078,0,kalabalik
2,Run50_AlphaDengeV1,Hasar-alan,bahcivan,standart,101,taban,25,,,541,400,29,11,5,96,217,149,102,57,16,10340,17548,1,0,0,1927,966,262,1985,1274,712,37743,56,9,52.15,1.25,1,1.373,1.415,9,0.607,2,47,10.4,1.01,1.1,1.09,1.52,1.67,98,80,81,34,38,0.02,0.77,0.45,4.22,4.93,27,81,0.705,0.481,3.728,1412,9,116,0,hizli_bilekx2 bereketli_toprakx1 keskin_bicakx1 kritik_gozx2 hasat_ritmix1,57,0,65,55,165,81,75,0,2,0,10,hasat_ritmi@R23,0,0,0,0,0,22,22,0,0,0,0.605,159.077,8.323,141,0,577,0,0,6682,0,0,3,12,12,125,8,0,1.6,0,13000,0,9,65,65.167,6.439,6.559,6.1,,,,363,0,0,0,0,,0.435,0,0,0,0,0,0,0,0,0,0,0,0,0,0,0,0,0,0,0,1.48,3.002,10.771,0.089,0,kalabalik
2,Run50_AlphaDengeV1,Hasar-alan,bahcivan,standart,101,taban,26,,,454,324,37,28,7,58,179,103,81,72,19,10284,27832,1,10284,1,1803,872,294,2023,936,1006,33645,59,9,58.9,1.25,1,1.33,1.465,9,0.623,2,48,8.38,1.02,1.07,1.14,1.29,1.2,96,86,70,53,63,0.09,0.82,0.59,1.54,1.07,27,81,0.752,0.481,3.613,1457,8,124,0,hizli_bilekx2 bereketli_toprakx1 keskin_bicakx1 kritik_gozx2 hasat_ritmix1,50,0,65,58,174,81,84,0,2,0,10,hasat_ritmi@R23,0,0,0,0,0,19,19,0,0,0,0.815,158.215,6.985,130,0,595,0,0,327,0,0,3,12,12,125,8,0,1.6,0,14000,0,9,65,65.167,9.659,7.05,16.159,,,,419,0,0,0,0,,0.29,0,0,0,0,0,0,0,0,0,0,0,0,0,0,0,0,0,0,0,1.764,3.22,386.339,0.086,0,kalabalik
2,Run50_AlphaDengeV1,Hasar-alan,bahcivan,standart,101,taban,27,,,601,442,45,18,10,86,220,157,136,69,19,11053,11053,1,0,0,2690,1312,318,3533,1418,1174,52347,62,9,63.05,1.25,1,1.33,1.465,9,0.743,2.111,48,10.5,1.01,1.06,1.08,1.17,1.2,98,92,87,73,64,0.04,0.26,0.37,0.89,0.71,27,81,0.701,0.444,3.471,1517,7,131,0,hizli_bilekx2 bereketli_toprakx1 keskin_bicakx1 kritik_gozx3 hasat_ritmix1,62,0,65,61,183,81,93,0,2,0,10,hasat_ritmi@R23,0,0,0,0,0,24,24,0,0,0,0.765,170.046,9.246,159,0,734,0,0,7674,0,0,3,12,12,575,8,0,1.6667,0,16000,0,9,65,65.167,6.057,5.015,8.955,,,,476,0,0,0,0,,0.323,0,0,0,0,0,0,0,0,0,0,0,0,0,0,0,0,0,0,0,1.742,3.43,145.42,0.098,0,kalabalik
2,Run50_AlphaDengeV1,Hasar-alan,bahcivan,standart,101,taban,28,,,674,467,55,23,5,124,266,174,128,82,24,13821,24874,1,0,0,2872,1416,488,3085,1634,1597,57707,65,9,72.57,1.25,1,1.288,1.515,9,0.76,2.111,50,10.5,1,1.02,1.07,1.13,1.15,100,96,92,82,81,0,0.17,0.37,0.75,0.77,27,81,0.658,0.395,3.436,1532,9,140,0,hizli_bilekx2 bereketli_toprakx1 keskin_bicakx1 kritik_gozx3 hasat_ritmix1,74,0,65,64,192,81,102,0,2,0,10,hasat_ritmi@R23,0,0,0,0,0,25,25,0,0,0,0.593,212.631,10.369,207,0,801,0,0,14381,0,0,3,12,12,1165,8,0,1.7333,0,18000,0,9,65,65.167,6.643,7.319,5.117,,,,442,0,0,0,0,,0.701,0,0,0,0,0,0,0,0,0,0,0,0,0,0,0,0,0,0,0,1.606,3.447,24.878,0.095,0,kalabalik
2,Run50_AlphaDengeV1,Hasar-alan,bahcivan,standart,101,taban,29,,,696,478,45,29,9,135,287,169,129,91,20,15719,40593,1,0,0,2912,1368,496,3137,1762,1898,65351,69,12,83.44,1.25,1,1.288,1.565,9,0.76,2.222,50,10.5,1,1.02,1.02,1.04,1.07,100,95,94,93,76,0,0.18,0.08,0.15,0.17,27,81,0.657,0.42,3.317,1587,7,147,0,hizli_bilekx2 bereketli_toprakx1 keskin_bicakx1 kritik_gozx3 hasat_ritmix1,66,0,65,68,204,81,111,0,2,0,10,hasat_ritmi@R23,0,0,0,0,0,25,25,0,0,0,0.593,241.831,10.708,218,0,907,0,0,1732,0,0,3,12,12,1165,8,0,1.7333,0,22000,0,9,65,65.167,4.553,4.505,4.656,,,,486,0,0,0,0,,0.628,0,0,0,0,0,0,0,0,0,0,0,0,0,0,0,0,0,0,0,1.877,3.935,58.882,0.105,0,kalabalik
2,Run50_AlphaDengeV1,Hasar-alan,bahcivan,standart,101,taban,30,,,693,490,42,34,6,121,266,185,140,76,26,17730,58323,1,17730,1,3201,1680,448,3388,1702,2266,55117,71,6,87.23,1.25,1,1.248,1.615,9,0.777,2.222,52,10.48,1,1.04,1.02,1.07,1.27,100,93,95,89,69,0,0.3,0.03,0.33,1.76,27,81,0.659,0.457,3.29,1600,10,157,0,hizli_bilekx2 bereketli_toprakx1 keskin_bicakx1 kritik_gozx3 hasat_ritmix1,79,0,65,70,210,81,123,0,2,0,10,hasat_ritmi@R23,0,0,0,0,0,26,26,0,0,0,0.642,272.769,10.662,203,0,1069,0,0,12849,0,0,3,12,12,1895,8,0,1.8,0,23000,0,12,65,65.167,4.739,4.494,5.333,,,,569,0,0,0,0,,0.513,0,0,0,0,0,0,0,0,0,0,0,0,0,0,0,0,0,0,0,3.989,8.557,210.592,0.266,0,kalabalik
2,Run50_AlphaDengeV1,Hasar-alan,bahcivan,standart,101,taban,31,,,852,494,48,32,8,270,323,236,178,81,34,20870,20870,1,0,0,4786,2022,468,4794,2714,2494,81478,74,9,94.04,1.25,1,1.208,1.615,9,0.793,2.333,53,10.4,1,1.02,1.05,1.05,1.12,100,97,93,95,76,0,0.08,0.24,0.35,0.43,27,81,0.595,0.333,3.205,1643,7,164,0,hizli_bilekx2 bereketli_toprakx1 keskin_bicakx1 kritik_gozx3 hasat_ritmix1 cifte_akimx1,105,0,65,73,219,81,129,0,2,0,10,hasat_ritmi@R23 cifte_akim@R30,116,116,0,166,118,26,27,6,0,0,0.519,321.077,13.108,240,0,1310,0,0,22327,0,0,3,12,12,1895,8,0,1.8,0,26000,0,6,65,65.167,4.294,4.451,4.767,,,2.665,525,0,0,0,0,,0.697,0,0,0,0,0,0,0,0,0,0,0,0,0,0,0,0,0,0,0,2.143,4.201,232.439,0.144,0,kalabalik
2,Run50_AlphaDengeV1,Hasar-alan,bahcivan,standart,101,taban,32,,,894,529,48,35,18,264,330,236,185,100,43,25479,46349,1,0,0,4948,2405,740,5032,3599,3139,82976,77,9,105.24,1.25,1,1.17,1.665,9,0.793,2.333,55,10.36,1,1.01,1.06,1,1,100,99,92,96,100,0,0.03,0.21,0,0,27,81,0.596,0.358,3.191,1650,8,172,0,hizli_bilekx2 bereketli_toprakx1 keskin_bicakx1 kritik_gozx3 hasat_ritmix1 cifte_akimx1,100,0,65,76,228,81,138,0,2,0,10,hasat_ritmi@R23 cifte_akim@R30,129,129,0,191,123,28,27,10,0,0,0.444,391.985,13.754,242,0,1331,0,0,24303,0,0,3,12,12,2755,8,0,1.8667,0,29000,0,9,65,65.167,3.218,3.474,3.148,,,2.228,583,0,0,0,0,,0.616,0,0,0,0,0,0,0,0,0,0,0,0,0,0,0,0,0,0,0,1.811,3.35,49.698,0.122,0,kalabalik
2,Run50_AlphaDengeV1,Hasar-alan,bahcivan,standart,101,taban,33,,,755,530,31,32,9,153,279,202,156,92,26,20276,66625,1,20276,1,4076,1893,640,4298,3322,3489,70963,80,9,109.63,1.25,1,1.17,1.665,9,0.81,2.444,55,10.38,1,1.01,1.04,1.06,1,100,98,91,92,94,0,0.03,0.28,0.51,0,27,81,0.524,0.259,3.065,1718,9,181,0,hizli_bilekx2 bereketli_toprakx1 keskin_bicakx1 kritik_gozx3 hasat_ritmix1 cifte_akimx1,81,0,65,79,237,81,147,0,2,0,10,hasat_ritmi@R23 cifte_akim@R30,77,77,0,103,74,27,28,0,0,0,0.506,311.938,11.615,151,0,1355,0,0,5266,0,0,3,12,12,4855,8,0,2,0,32000,0,9,65,65.167,3.875,3.611,5.134,,,3.195,464,0,0,0,0,,0.616,0,0,0,0,0,0,0,0,0,0,0,0,0,0,0,0,0,0,0,1.682,3.478,15.892,0.106,0,kalabalik
2,Run50_AlphaDengeV1,Hasar-alan,bahcivan,standart,101,taban,34,,,1213,725,72,44,23,349,449,301,287,127,49,30375,30375,1,0,0,6185,3592,1015,6653,6344,4394,140267,84,12,117.04,1.25,1,0.819,1.665,9,0.81,2.444,79,10.09,1,1,1.02,1,1,100,98,95,98,86,0,0,0.08,0,0,27,81,0.515,0.259,3.031,1737,5,186,0,hizli_bilekx2 bereketli_toprakx1 keskin_bicakx1 kritik_gozx3 hasat_ritmix1 cifte_akimx1 firtina_bilegix1,121,0,65,83,249,81,156,0,2,0,10,hasat_ritmi@R23 cifte_akim@R30,180,180,0,231,158,39,38,24,0,0,0.506,467.308,18.662,330,0,1712,0,0,11533,0,0,3,12,12,4855,8,0,2,0,36000,0,9,65,65.167,2.383,2.371,2.778,,,1.609,857,0,0,0,0,,0.605,0,0,0,0,0,0,0,0,0,0,0,0,0,0,0,0,0,0,0,2.414,4.156,275.634,0.141,0,kalabalik
2,Run50_AlphaDengeV1,Hasar-alan,bahcivan,standart,101,taban,35,,,1225,720,82,52,22,349,473,297,274,136,45,30274,60649,1,0,0,6605,3424,900,7858,9138,4964,133135,87,9,124.44,1.25,1,0.819,1.665,9,0.81,2.556,79,10.23,1,1.01,1.02,1.02,1.04,100,99,95,87,88,0,0.01,0.06,0.06,0.17,27,81,0.519,0.296,2.945,1788,5,191,0,hizli_bilekx2 bereketli_toprakx1 keskin_bicakx1 kritik_gozx3 hasat_ritmix1 cifte_akimx1 firtina_bilegix1,121,0,65,86,258,81,168,0,2,0,10,hasat_ritmi@R23 cifte_akim@R30,199,199,0,220,157,39,39,26,0,0,0.605,465.754,18.846,348,0,1901,0,0,31668,0,0,3,12,12,6155,8,0,2.0667,0,40000,0,12,65,65.167,2.082,2.137,2.174,,,1.621,811,0,0,0,0,,0.638,0,0,0,0,0,0,0,0,0,0,0,0,0,0,0,0,0,0,0,1.843,3.659,13.952,0.121,0,kalabalik
2,Run50_AlphaDengeV1,Hasar-alan,bahcivan,standart,101,taban,36,,,1090,615,81,32,30,332,382,306,249,117,36,27748,88397,1,27748,1,5880,3310,816,13178,10748,5655,112887,90,9,129.42,1.25,1,0.819,1.665,9,0.81,2.556,79,8.62,1,1,1.03,1.03,1,100,97,95,92,88,0,0,0.13,0.11,0,27,81,0.573,0.358,2.933,1795,3,194,0,hizli_bilekx2 bereketli_toprakx1 keskin_bicakx1 kritik_gozx3 hasat_ritmix1 cifte_akimx1 firtina_bilegix1,106,0,65,89,267,81,177,0,2,0,10,hasat_ritmi@R23 cifte_akim@R30,182,182,0,210,147,35,36,18,0,0,0.432,426.892,16.769,328,0,1870,0,0,21555,0,0,3,12,12,6155,8,0,2.0667,0,44000,0,9,65,65.167,2.776,2.941,2.903,,,1.794,783,0,0,0,0,,0.631,0,0,0,0,0,0,0,0,0,0,0,0,0,0,0,0,0,0,0,1.757,3.42,11.511,0.109,0,kalabalik
2,Run50_AlphaDengeV1,Hasar-alan,bahcivan,standart,101,taban,37,,,1509,901,77,60,22,449,537,392,319,203,58,42682,42682,1,0,0,8425,4273,1377,16803,13691,6652,161433,93,9,141.24,1.25,1,0.819,2.198,12,0.81,2.667,79,13.06,1,1,1.01,1.02,1.06,100,99,96,95,90,0,0.01,0.02,0.05,0.12,27,81,0.446,0.235,2.842,1852,5,199,0,hizli_bilekx2 bereketli_toprakx1 keskin_bicakx1 kritik_gozx3 hasat_ritmix1 cifte_akimx1 firtina_bilegix1 genis_savurusx1,144,0,65,92,276,81,184,2,2,0,10,hasat_ritmi@R23 cifte_akim@R30,285,285,0,315,216,40,39,38,0,0,0.407,656.646,23.215,392,0,2250,0,0,47988,0,0,3,12,12,7555,8,1,2.2187,0.04,48000,0,9,65,65.167,1.599,1.773,1.56,,,0.939,925,0,0,0,0,,0.625,0,0,0,0,0,0,0,0,0,0,0,0,0,0,0,0,0,0,0,1.955,3.752,13.641,0.134,0,kalabalik
2,Run50_AlphaDengeV1,Hasar-alan,bahcivan,standart,101,taban,38,,,1625,948,108,64,27,478,558,470,356,175,66,43857,86539,1,0,0,8970,4588,1754,24473,16379,8266,203749,97,12,163.38,1.25,1,0.819,2.198,12,0.81,2.667,79,13.66,1,1,1.01,1.01,1.03,100,100,97,99,90,0,0.01,0.02,0.01,0.07,27,81,0.463,0.247,2.515,2094,3,202,0,hizli_bilekx2 bereketli_toprakx1 keskin_bicakx1 kritik_gozx3 hasat_ritmix1 cifte_akimx1 firtina_bilegix1 genis_savurusx1,158,0,65,96,288,81,185,10,2,0,10,hasat_ritmi@R23 cifte_akim@R30,304,304,0,277,219,39,40,36,0,0,0.432,674.723,25,458,0,2414,0,0,51737,0,0,3,12,12,7555,8,3,2.3893,0.12,54000,0,9,65,65.167,1.491,1.532,1.613,,,1.051,1086,0,0,0,0,,0.626,0,0,0,0,0,0,0,0,0,0,0,0,0,0,0,0,0,0,0,2.024,3.998,20.56,0.146,0,kalabalik
2,Run50_AlphaDengeV1,Hasar-alan,bahcivan,standart,101,taban,39,,,1808,1109,108,65,37,489,668,499,355,219,67,51397,137936,1,0,0,10352,5421,1682,28905,21800,9528,240333,102,15,184.85,1.25,1,0.689,2.198,12,0.81,2.778,94,13.34,1,1,1.01,1.01,1.04,100,100,99,99,93,0,0,0.02,0.01,0.06,27,81,0.429,0.123,2.439,2159,4,206,0,hizli_bilekx2 bereketli_toprakx1 keskin_bicakx1 kritik_gozx3 hasat_ritmix1 cifte_akimx1 firtina_bilegix1 genis_savurusx1,167,0.001,65,101,303,81,185,22,2,0,10,hasat_ritmi@R23 cifte_akim@R30,349,349,0,291,226,47,47,46,0,0,0.383,790.723,27.815,473,0,3049,0,0,8070,0,0,3,12,12,9055,8,7,2.794,0.27,62000,0,12,65,65.167,1.236,1.347,1.189,,,0.792,1076,0,0,0,0,,0.627,0,0,0,0,0,0,0,0,0,0,0,0,0,0,0,0,0,0,0,2.197,4.368,16.195,0.156,0,kalabalik
2,Run50_AlphaDengeV1,Hasar-alan,bahcivan,standart,101,taban,40,,,2020,1259,117,56,97,491,731,533,422,258,76,57558,195494,1,57558,1,11460,6381,1956,38765,27481,11329,285706,106,12,255.37,1.25,1,0.567,2.198,12,0.81,2.778,114,12.32,1,1,1.01,1.01,1.04,100,100,98,98,96,0,0,0.01,0.02,0.04,27,81,0.398,0.099,2.342,2249,3,209,0,hizli_bilekx2 bereketli_toprakx1 keskin_bicakx1 kritik_gozx3 hasat_ritmix1 cifte_akimx1 firtina_bilegix1 genis_savurusx1,177,0.005,65,105,315,81,185,37,2,0,10,hasat_ritmi@R23 cifte_akim@R30,344,344,0,336,259,57,57,30,0,0,0.309,885.508,31.077,502,0,4073,0,0,36776,0,0,3,12,12,9055,8,8,2.882,0.31,69000,0,15,65,65.167,1.02,1.09,0.963,,,0.779,1043,0,0,0,0,,0.746,0,0,0,0,0,0,0,0,0,0,0,0,0,0,0,0,0,0,0,2.23,4.385,12.506,0.171,0,kalabalik
2,Run50_AlphaDengeV1,Hasar-alan,bahcivan,standart,101,taban,41,,,2303,1302,112,180,104,605,808,654,487,270,84,63994,63994,1,0,0,13344,7083,2196,48009,34564,13055,356487,111,15,333.95,2,1,0.517,2.198,12,0.81,2.889,125,11.64,1,1,1,1,1,100,100,100,100,100,0,0,0,0,0,27,81,0.385,0.136,2.137,2464,2,211,0,hizli_bilekx2 bereketli_toprakx1 keskin_bicakx1 kritik_gozx3 hasat_ritmix1 cifte_akimx1 firtina_bilegix1 genis_savurusx1 canavar_kesimix1,202,0.003,65,110,330,81,185,49,2,0,10,hasat_ritmi@R23 cifte_akim@R30,380,380,0,315,290,63,62,28,0,0,0.333,984.523,35.431,711,0,8939,0,0,32263,0,0,3,12,12,9055,8,9,2.97,0.35,78000,0,12,65,65.167,0.858,0.896,0.934,,,0.48,1038,0,0,0,0,,0.862,0,0,0,0,0,0,0,0,0,0,0,0,0,0,0,0,0,0,0,3.522,5.851,882.459,0.22,0,kalabalik
2,Run50_AlphaDengeV1,Hasar-alan,bahcivan,standart,101,taban,42,,,2968,1595,257,164,123,829,1080,786,635,373,94,79293,143287,1,0,0,18522,10690,3510,66286,44434,14495,484862,117,18,422.48,2,1,0.477,2.198,12,0.81,2.889,136,13.48,1,1,1,1,1,100,100,100,100,100,0,0,0,0,0,32,121,0.415,0.165,2.134,3686,3,214,15,hizli_bilekx2 bereketli_toprakx1 keskin_bicakx1 kritik_gozx3 hasat_ritmix1 cifte_akimx1 firtina_bilegix1 genis_savurusx1 canavar_kesimix1,259,0,65,116,348,81,185,64,2,0,10,hasat_ritmi@R23 cifte_akim@R30,351,348,3,420,409,68,68,44,0,0,0.388,1219.892,45.662,964,0,11668,0,0,19125,0,0,3,12,12,9055,8,12,3.278,0.49,90000,0,15,65,65.167,1.071,1.234,0.93,,,0.718,1210,0,0,0,0,,0.918,0,0,0,0,0,0,0,0,0,0,0,0,0,0,0,0,0,0,0,2.763,5.205,152.26,0.224,0,kalabalik
2,Run50_AlphaDengeV1,Hasar-alan,bahcivan,standart,101,taban,43,,,2889,1483,252,164,113,877,1029,789,602,357,112,87595,230882,1,87595,1,19544,10888,3442,84030,55322,17417,455769,122,15,422.48,2,1,0.477,2.198,12,0.81,3,136,12.62,1,1,1,1,1,100,100,100,100,100,0,0,0,0,0,32,121,0.431,0.24,2.059,3819,2,216,0,hizli_bilekx2 bereketli_toprakx1 keskin_bicakx1 kritik_gozx3 hasat_ritmix1 cifte_akimx1 firtina_bilegix1 genis_savurusx1 canavar_kesimix1,256,0,65,121,363,99,185,64,2,0,10,hasat_ritmi@R23 cifte_akim@R30,375,370,5,456,442,68,68,40,0,0,0.38,1347.615,44.446,964,0,12053,0,0,2894,0,0,3,14,14,9055,10,12,3.278,0.49,100000,0,18,65,65.167,1.178,1.358,1.107,,,0.686,1244,0,0,0,0,,0.919,0,0,0,0,0,0,0,0,0,0,0,0,0,0,0,0,0,0,0,2.59,5.073,15.272,0.206,0,kalabalik
2,Run50_AlphaDengeV1,Hasar-alan,bahcivan,standart,101,taban,44,,,3455,1876,341,140,137,961,1220,939,758,403,135,106559,106559,1,0,0,23260,13869,4199,107290,69191,21616,563677,127,15,422.48,2,1,0.477,2.901,16,0.81,3,136,16.52,1,1,1,1,1,100,100,100,100,100,0,0,0,0,0,32,121,0.364,0.149,2.015,3903,0,216,0,hizli_bilekx2 bereketli_toprakx1 keskin_bicakx1 kritik_gozx3 hasat_ritmix1 cifte_akimx1 firtina_bilegix1 genis_savurusx2 canavar_kesimix1,307,0.001,65,126,378,114,185,64,2,0,10,hasat_ritmi@R23 cifte_akim@R30,440,438,2,493,488,68,68,24,0,0,0.463,1639.369,53.154,1091,0,12038,0,0,36571,0,0,3,15,15,9055,13,12,3.278,0.49,110000,0,15,65,65.167,0.829,0.967,0.72,,,0.476,1373,0,0,0,0,,0.936,0,0,0,0,0,0,0,0,0,0,0,0,0,0,0,0,0,0,0,2.815,5.708,48.528,0.244,0,kalabalik
2,Run50_AlphaDengeV1,Hasar-alan,bahcivan,standart,101,taban,45,,,3471,1873,367,146,130,955,1212,917,750,467,125,114303,220862,1,0,0,23616,13053,4438,128906,82244,26054,588654,132,15,422.48,2,1,0.477,2.901,16,0.81,3,136,16.67,1,1,1,1,1,100,100,100,100,100,0,0,0,0,0,32,121,0.373,0.165,1.993,3947,1,217,0,hizli_bilekx2 bereketli_toprakx1 keskin_bicakx1 kritik_gozx3 hasat_ritmix1 cifte_akimx1 firtina_bilegix1 genis_savurusx2 canavar_kesimix1,306,0,65,131,393,121,193,64,2,0,10,hasat_ritmi@R23 cifte_akim@R30,397,397,0,529,496,68,68,28,0,0,0.479,1758.508,53.4,1102,0,12160,0,0,35225,0,0,3,17,17,9055,14,12,3.278,0.49,130000,0,15,65,65.167,0.836,0.989,0.701,,,0.513,1440,0,0,0,0,,0.907,0,0,0,0,0,0,0,0,0,0,0,0,0,0,0,0,0,0,0,2.759,5.786,18.912,0.248,0,kalabalik
2,Run50_AlphaDengeV1,Hasar-alan,bahcivan,standart,101,taban,46,,,3498,1878,398,131,127,964,1264,914,729,472,119,108991,329853,1,108991,1,23156,12437,4609,152062,94681,30663,579598,136,12,422.48,2,1,0.477,2.901,16,0.81,3,136,17.11,1,1,1,1,1,100,100,100,100,100,0,0,0,0,0,32,121,0.393,0.207,1.936,4063,0,217,0,hizli_bilekx2 bereketli_toprakx1 keskin_bicakx1 kritik_gozx3 hasat_ritmix1 cifte_akimx1 firtina_bilegix1 genis_savurusx2 canavar_kesimix1,311,0,65,135,405,121,208,64,2,0,10,hasat_ritmi@R23 cifte_akim@R30,426,424,2,545,486,68,68,44,0,0,0.355,1676.785,53.815,1134,0,11658,0,0,94823,0,0,3,17,17,9055,14,12,3.278,0.49,140000,0,15,65,65.167,0.877,1.01,0.771,,,0.562,1577,0,0,0,0,,0.872,0,0,0,0,0,0,0,0,0,0,0,0,0,0,0,0,0,0,0,3.011,5.78,385.097,0.241,0,kalabalik
2,Run50_AlphaDengeV1,Hasar-alan,bahcivan,standart,101,taban,47,,,3983,2047,476,149,104,1207,1357,1062,870,539,155,135012,135012,1,0,0,24766,16351,5564,176828,111032,36227,665840,141,15,422.48,2,1,0.477,2.901,16,0.81,3,136,19.18,1,1,1,1,1,100,100,100,100,100,0,0,0,0,0,32,121,0.381,0.157,1.646,4779,0,217,0,hizli_bilekx2 bereketli_toprakx2 keskin_bicakx1 kritik_gozx3 hasat_ritmix1 cifte_akimx1 firtina_bilegix1 genis_savurusx2 canavar_kesimix1,343,0,65,140,420,121,220,64,2,0,10,hasat_ritmi@R23 cifte_akim@R30,521,518,3,607,555,68,68,108,0,0,0.364,2077.108,61.277,1381,0,12189,0,0,40663,0,0,3,17,17,9055,14,12,3.278,0.49,157500,0,12,65,65.167,0.736,0.846,0.691,,,0.426,1791,0,0,0,0,,0.894,0,0,0,0,0,0,0,0,0,0,0,0,0,0,0,0,0,0,0,3.031,6.093,74.399,0.27,0,kalabalik
2,Run50_AlphaDengeV1,Hasar-alan,bahcivan,standart,101,taban,48,,,3971,1921,516,154,132,1248,1401,1035,889,508,138,128852,263864,1,0,0,25397,15965,5285,200025,126997,41512,689666,145,12,422.48,2,1,0.477,2.901,16,0.81,3,136,18.32,1,1,1,1,1,100,100,100,100,100,0,0,0,0,0,32,121,0.413,0.19,1.619,4859,1,218,0,hizli_bilekx2 bereketli_toprakx2 keskin_bicakx1 kritik_gozx3 hasat_ritmix1 cifte_akimx1 firtina_bilegix1 genis_savurusx2 canavar_kesimix1,352,0,65,144,432,121,235,64,2,0,10,hasat_ritmi@R23 cifte_akim@R30,526,520,6,647,617,68,68,80,0,0,0.488,1982.338,61.092,1433,0,12260,0,0,55329,0,0,3,17,17,9055,14,12,3.278,0.49,187500,0,15,65,65.167,0.803,0.959,0.722,,,0.46,1869,0,0,0,0,,0.906,0,0,0,0,0,0,0,0,0,0,0,0,0,0,0,0,0,0,0,2.967,6.084,60.31,0.248,0,kalabalik
2,Run50_AlphaDengeV1,Hasar-alan,bahcivan,standart,101,taban,49,,,4336,2075,513,167,94,1487,1500,1182,908,563,183,150786,414650,1,0,0,29883,16767,6155,229908,143764,47667,666395,148,9,422.48,2,1,0.453,2.901,16,0.81,3,143,19.54,1,1,1,1,1,100,100,100,100,100,0,0,0,0,0,32,121,0.342,0.149,1.619,4859,0,218,0,hizli_bilekx2 bereketli_toprakx2 keskin_bicakx1 kritik_gozx3 hasat_ritmix1 cifte_akimx1 firtina_bilegix1 genis_savurusx2 canavar_kesimix1,377,0.001,65,147,441,121,246,65,2,0,10,hasat_ritmi@R23 cifte_akim@R30,603,603,0,736,691,71,72,66,0,0,0.24,2319.785,66.708,1570,0,13246,0,0,136724,0,0,3,17,17,9055,14,12,3.278,0.49,210000,0,12,65,65.167,0.592,0.631,0.631,,,0.378,1919,0,0,0,0,,0.918,0,0,0,0,0,0,0,0,0,0,0,0,0,0,0,0,0,0,0,2.949,6.01,15.751,0.27,0,kalabalik
2,Run50_AlphaDengeV1,Hasar-alan,bahcivan,standart,101,taban,50,,,4197,1998,565,169,136,1329,1458,1137,908,529,165,146547,561197,1,146547,1,30958,17950,6334,258466,161714,54001,735900,151,9,443.6,2,1,0.439,2.901,16,0.81,3,147,17.39,1,1,1,1,1,100,100,100,100,100,0,0,0,0,0,32,121,0.411,0.19,1.484,5302,1,219,0,hizli_bilekx2 bereketli_toprakx2 keskin_bicakx1 kritik_gozx3 hasat_ritmix1 cifte_akimx1 firtina_bilegix1 genis_savurusx2 canavar_kesimix1,368,0,65,150,450,121,246,74,2,0,10,hasat_ritmi@R23 cifte_akim@R30,515,515,0,690,662,74,73,52,0,0,0.595,2254.569,64.569,1537,0,13925,0,0,220124,0,0,3,17,17,9055,14,14,3.454,0.57,232500,0,9,65,65.167,0.754,0.909,0.672,,,0.446,1976,0,0,0,0,,0.922,0,0,0,0,0,0,0,0,0,0,0,0,0,0,0,0,0,0,0,2.975,6.118,24.876,0.257,1,kalabalik
2,Run50_AlphaDengeV1,Hasar-alan,bahcivan,standart,101,taban,50,KAZANDI
3,Run50_AlphaDengeV1,Hasar-alan,bahcivan,standart,102,taban,1,,,13,13,0,0,0,0,10,3,0,0,0,19,19,1,0,0,32,0,0,32,0,0,290,1,0,10,1,1,3,0.9,4,0.3,2,13,2.08,1.8,2.67,,,,36,0,,,,2.4,5,,,,2,4,0.346,0,8,23,0,0,2,,4,0.203,45,0,0,0,0,0,0,0,0,,0,0,0,0,0,0,0,0,0,0,1,0.422,0.289,0,0,22,0,0,290,0,0,0,0,0,0,0,0,1,0,390,0,0,45,45.133,4.215,4.215,,,,,0,0,0,0,0,,,0,0,0,0,0,0,0,0,0,0,0,0,0,0,0,0,0,0,0,0.559,1.226,5.161,0.018,0,kalabalik
3,Run50_AlphaDengeV1,Hasar-alan,bahcivan,standart,102,taban,2,,,18,18,0,0,0,0,14,3,1,0,0,33,52,1,0,0,40,4,0,40,4,0,410,2,3,11.33,1,1,3,0.9,4,0.3,2,14,2.36,1.57,2.67,3,,,38,0,0,,,1.93,5,9,,,3,5,0.391,0,8,28,2,2,1,,4,0.11,45,1,3,0,0,0,0,0,0,,0,0,0,0,0,0,0,0,0,0,0.2,0.733,0.4,0,0,26,0,0,310,0,0,0,0,0,0,0,0,1,0,410,0,0,45,45.133,4.88,4.88,,,,,0,0,0,0,0,,,0,0,0,0,0,0,0,0,0,0,0,0,0,0,0,0,0,0,0,0.601,1.309,5.906,0.021,0,kalabalik
3,Run50_AlphaDengeV1,Hasar-alan,bahcivan,standart,102,taban,3,,,15,13,2,0,0,0,10,3,2,0,0,39,91,1,39,1,32,8,0,32,12,0,370,3,3,11.33,1,1,3,0.9,4,0.3,2,14,3,2,2.67,4.5,,,0,0,0,,,4.5,9,13.5,,,4,7,0.625,0.143,7.324,43,0,2,1,,5,0.001,45,2,6,3,0,0,2,0,3,,0,0,0,0,0,0,0,0,0,0,0.857,0.867,0.333,2,0,26,0,0,270,0,0,3,1,1,0,0,0,1,0,420,0,3,45,45.133,10.793,10.792,10.8,,,,5,0,0,0,0,,0.132,0,0,0,0,0,0,0,0,0,0,0,0,0,0,0,0,0,0,0,0.602,1.227,6.564,0.017,0,kalabalik
3,Run50_AlphaDengeV1,Hasar-alan,bahcivan,standart,102,taban,4,,,27,20,4,0,0,3,22,4,1,0,0,44,44,1,0,0,60,4,0,67,16,0,600,5,6,12.67,1.25,1,3,0.9,4,0.3,2,14,2.79,1.5,2,2,,,39,0,,,,1.5,6,9,,,4,7,0.426,0,7.324,43,3,5,0,keskin_bicakx1,7,0.256,45,4,12,6,0,0,2,0,3,,0,0,0,0,0,0,0,0,0,0,0.286,0.978,0.6,7,0,38,0,0,10,0,0,3,2,2,0,0,0,1,0,470,0,3,45,45.133,6.333,6.312,6.395,,,,14,0,0,0,0,,0.22,0,0,0,0,0,0,0,0,0,0,0,0,0,0,0,0,0,0,0,0.637,1.307,4.615,0.019,0,kalabalik
3,Run50_AlphaDengeV1,Hasar-alan,bahcivan,standart,102,taban,5,,,29,23,4,0,0,2,21,8,0,0,0,45,89,1,0,0,74,0,0,77,16,0,660,6,3,13.33,1.25,1,2.892,0.9,4,0.3,2,15,3.2,1.4,2,,,,48,20,0,,,2.02,3.86,,,,5,9,0.52,0,6.628,61,3,8,1,keskin_bicakx1,8,0.036,45,5,15,9,3,0,2,0,3,,0,0,0,0,0,0,0,0,0,0,0.667,1,0.644,6,0,40,0,0,200,0,0,3,5,5,0,0,0,1,0,490,0,6,45,45.133,5.868,4.916,9.517,,,,14,0,0,0,0,,0.189,0,0,0,0,0,0,0,0,0,0,0,0,0,0,0,0,0,0,0,0.655,1.347,7.644,0.024,0,kalabalik
3,Run50_AlphaDengeV1,Hasar-alan,bahcivan,standart,102,taban,6,,,30,24,3,0,0,3,19,9,2,0,0,66,155,1,66,1,74,8,0,84,24,0,773,7,3,14,1.25,1,2.789,0.9,4,0.3,2,19,2.47,1.47,2,3,,,40,14,,,,1.86,4.18,11.17,,,5,9,0.38,0,6.499,76,5,13,0,keskin_bicakx1,6,0.056,55,6,18,9,6,0,2,0,3,,0,0,0,0,0,0,0,0,0,0,0.222,1.2,0.545,6,0,40,0,0,483,0,0,3,5,5,6,0,0,1.0667,0,520,0,3,55,55.133,7.402,7.558,6.778,,,,13,0,0,0,0,,0.278,0,0,0,0,0,0,0,0,0,0,0,0,0,0,0,0,0,0,0,0.644,1.306,7.012,0.018,0,kalabalik
3,Run50_AlphaDengeV1,Hasar-alan,bahcivan,standart,102,taban,7,,,48,33,12,0,0,3,29,15,4,0,0,114,114,1,0,0,118,16,0,122,40,0,1261,10,9,14,1.563,1,2.789,0.9,4,0.3,2,19,3.68,1.58,1.58,1.5,,,31,38,0,,,2.93,4.42,6.97,,,7,13,0.572,0.154,6.48,110,0,13,2,keskin_bicakx2,9,0,55,9,27,12,6,0,2,0,3,,0,0,0,0,0,0,0,0,0,0,0.385,2.073,0.873,15,0,53,0,0,64,0,0,3,6,5,6,0,0,1.0667,0,640,0,3,55,55.133,7.549,7.1,8.536,,,,30,0,0,0,0,,0.179,0,0,0,0,0,0,0,0,0,0,0,0,0,0,0,0,0,0,0,0.648,1.324,4.854,0.018,0,kalabalik
3,Run50_AlphaDengeV1,Hasar-alan,bahcivan,standart,102,taban,8,,,54,39,13,0,0,2,46,6,2,0,0,84,198,1,0,0,122,8,0,129,48,0,1244,11,3,14.67,1.563,1,2.789,0.9,4,0.3,2,19,3.84,1.39,1.17,3,,,47,67,0,,,2.07,0.93,12.55,,,9,16,0.595,0.313,6.492,136,3,16,2,keskin_bicakx2,10,0,55,10,30,21,6,0,2,0,3,,0,0,0,0,0,0,0,0,0,0,0.75,1.527,0.982,15,0,53,0,0,668,0,0,3,6,6,6,1,0,1.0667,0,700,0,9,55,55.133,7.836,7.921,7.618,,,,30,0,0,0,0,,0.27,0,0,0,0,0,0,0,0,0,0,0,0,0,0,0,0,0,0,0,0.695,1.457,8.87,0.023,0,kalabalik
3,Run50_AlphaDengeV1,Hasar-alan,bahcivan,standart,102,taban,9,,,62,43,17,0,0,2,45,14,3,0,0,129,327,1,0,0,160,12,0,164,60,0,1686,14,9,15.64,1.563,1,2.689,0.935,4,0.3,2,20,3.8,1.22,1.45,,,,53,36,33,,,1.68,3.91,,,,11,19,0.597,0.211,6.467,162,4,20,2,keskin_bicakx2,14,0,55,13,39,24,6,0,2,0,3,,0,0,0,0,0,0,0,0,0,0,0.895,2.345,1.127,19,0,62,0,0,94,0,0,3,6,6,14,2,0,1.1333,0,880,0,3,55,55.133,10.912,11.395,9.818,,,,53,0,0,0,0,,0.27,0,0,0,0,0,0,0,0,0,0,0,0,0,0,0,0,0,0,0,0.76,1.584,11.807,0.023,0,kalabalik
3,Run50_AlphaDengeV1,Hasar-alan,bahcivan,standart,102,taban,10,,,62,50,8,0,0,4,48,12,2,0,0,114,441,1,114,1,156,8,0,175,68,0,1647,15,3,16.36,1.563,1,2.689,0.97,4,0.3,2,20,4,1.26,1.4,1.5,,,52,13,,,,2.12,2.69,4.03,,,13,23,0.715,0.522,6.062,209,4,24,2,keskin_bicakx2,9,0,55,14,42,25,14,0,2,0,3,,0,0,0,0,0,0,0,0,0,0,0.826,2.073,1.127,12,0,67,0,0,861,0,0,3,6,6,14,2,0,1.1333,0,950,0,9,55,55.133,12.348,11.764,14.783,,,,53,0,0,0,0,,0.22,0,0,0,0,0,0,0,0,0,0,0,0,0,0,0,0,0,0,0,0.813,1.564,4.906,0.027,0,kalabalik
3,Run50_AlphaDengeV1,Hasar-alan,bahcivan,standart,102,taban,11,,,142,102,25,0,0,15,104,23,13,2,0,449,449,1,0,0,427,52,4,427,120,4,4245,19,12,18.13,1.953,1,2.592,1.005,6,0.3,2,25,5.84,1.08,1.24,1.56,2,,90,47,40,0,,0.59,1.22,5.76,12.97,,15,25,0.526,0.16,5.992,271,7,31,2,keskin_bicakx3,15,0,65,18,54,25,17,0,2,0,3,,0,0,0,0,0,0,0,0,0,0,0.48,6.908,2.185,40,0,100,0,0,856,0,0,3,6,6,24,2,0,1.2,0,1300,0,3,65,65.167,7.134,7.376,6.517,,,,111,0,0,0,0,,0.34,0,0,0,0,0,0,0,0,0,0,0,0,0,0,0,0,0,0,0,0.833,1.69,6,0.029,0,kalabalik
3,Run50_AlphaDengeV1,Hasar-alan,bahcivan,standart,102,taban,12,,,162,118,28,0,0,16,110,39,11,2,0,438,887,1,0,0,564,44,4,617,84,8,5623,23,12,20.27,1.953,1,2.324,1.04,6,0.3,2,27,5.63,1,1.26,1.6,2,,100,62,45,0,,0,1.81,4.18,5.82,,15,26,0.531,0.269,5.32,318,17,48,2,keskin_bicakx3,21,0,65,22,66,25,29,0,2,0,3,,0,0,0,0,0,0,0,0,0,0,0.462,6.738,2.492,44,0,119,0,0,579,0,0,3,6,6,50,2,0,1.3333,0,1800,0,12,65,65.167,5.473,5.185,6.245,,,,111,0,0,0,0,,0.247,0,0,0,0,0,0,0,0,0,0,0,0,0,0,0,0,0,0,0,0.787,1.634,6.839,0.03,0,kalabalik
3,Run50_AlphaDengeV1,Hasar-alan,bahcivan,standart,102,taban,13,,,181,134,22,0,0,25,119,45,10,6,1,695,1582,1,695,1,672,40,12,674,69,20,6839,26,9,20.27,1.953,1,2.24,1.075,6,0.3,2,29,5.93,1,1.25,1.14,1,2,99,53,60,40,0,0,3.43,0.32,0,11.2,23,49,0.542,0.245,5.441,585,8,56,9,keskin_bicakx3,24,0,65,25,75,37,29,0,2,0,3,,0,0,0,0,0,0,0,0,0,0,0.673,10.692,2.785,47,0,108,0,0,1618,0,0,3,9,9,84,3,0,1.4667,0,2200,0,12,65,65.167,8.266,7.866,9.408,,,,154,0,0,0,0,,0.258,0,0,0,0,0,0,0,0,0,0,0,0,0,0,0,0,0,0,0,0.917,1.856,6.176,0.034,0,kalabalik
3,Run50_AlphaDengeV1,Hasar-alan,bahcivan,standart,102,taban,14,,,209,139,34,0,0,36,111,62,27,7,2,1474,1474,1,0,0,750,153,14,752,197,34,8656,30,12,28.62,1.953,1,2.16,1.11,6,0.3,2,30,6,1,1.07,1.25,1.6,1,100,81,56,0,50,0,0.82,2.81,11.23,0,22,49,0.668,0.429,5.274,604,8,64,1,keskin_bicakx3 nadir_tohumx1,30,0,65,29,87,46,29,0,2,0,3,,0,0,0,0,0,0,0,0,0,0,0.673,22.677,3.215,70,0,214,0,0,274,0,0,3,9,9,84,3,0,1.4667,0,3000,0,9,65,65.167,8.302,9.553,5.817,,,,121,0,0,0,0,,0.631,0,0,0,0,0,0,0,0,0,0,0,0,0,0,0,0,0,0,0,1.003,1.996,5.496,0.035,0,kalabalik
3,Run50_AlphaDengeV1,Hasar-alan,bahcivan,standart,102,taban,15,,,226,151,34,0,0,41,112,65,32,13,4,2057,3531,1,0,0,753,210,46,760,372,80,10770,33,9,33.24,1.953,1,2.092,1.195,6,0.3,2,31,5.97,1,1.05,1.23,1.11,1.5,100,91,60,71,33,0,0.24,1.81,1.16,7.33,22,49,0.665,0.388,5.096,625,10,74,0,keskin_bicakx3 nadir_tohumx1,32,0,65,32,96,49,38,0,2,0,3,,0,0,0,0,0,0,0,0,0,0,0.49,31.646,3.477,75,0,289,0,0,1444,0,0,3,9,9,125,3,0,1.6,0,3600,0,12,65,65.167,11.323,12.24,9.476,,,,143,0,0,0,0,,0.561,0,0,0,0,0,0,0,0,0,0,0,0,0,0,0,0,0,0,0,1.005,1.965,8.058,0.038,0,kalabalik
3,Run50_AlphaDengeV1,Hasar-alan,bahcivan,standart,102,taban,16,,,284,133,87,0,0,64,155,72,37,16,4,4443,7974,1,4443,1,1014,290,32,1038,686,72,13222,36,9,38.16,1.953,1,2.092,1.23,6,0.317,2,31,5.87,1,1.11,1.25,1.78,1.5,100,85,62,33,40,0,1.86,2.72,6.51,3.13,19,49,0.638,0.367,4.69,679,7,81,2,keskin_bicakx3 nadir_tohumx1,40,0,65,35,105,49,47,0,2,0,3,,0,0,0,0,0,0,0,0,0,0,0.551,68.354,4.369,151,0,276,0,0,3066,0,0,3,9,9,125,3,0,1.6,0,4400,0,9,65,65.167,6.071,8.457,3.97,,,,269,0,0,0,0,,0.474,0,0,0,0,0,0,0,0,0,0,0,0,0,0,0,0,0,0,0,1.093,2.184,16.356,0.047,0,kalabalik
3,Run50_AlphaDengeV1,Hasar-alan,bahcivan,standart,102,taban,17,,,315,164,85,0,0,66,184,60,56,10,5,5014,5014,1,0,0,1068,395,31,1131,1041,103,14270,39,9,39.82,1.953,1,2.026,1.315,6,0.333,2,32,5.94,1,1,1,1,1,100,100,100,89,100,0,0,0,0,0,19,49,0.595,0.327,4.634,687,8,89,0,keskin_bicakx3 nadir_tohumx1 altin_hedefx1,40,0,65,38,114,49,56,0,2,0,3,,0,0,0,0,0,0,0,0,0,0,0.531,77.138,4.846,151,0,316,0,0,3236,0,0,3,9,9,125,3,0,1.6,0,5300,0,9,65,65.167,6.397,9.977,2.508,,,,218,0,0,0,0,,0.747,0,0,0,0,0,0,0,0,0,0,0,0,0,0,0,0,0,0,0,1.042,2.059,6.218,0.042,0,kalabalik
3,Run50_AlphaDengeV1,Hasar-alan,bahcivan,standart,102,taban,18,,,333,152,106,1,0,74,172,87,46,23,5,4246,9260,1,0,0,1152,323,68,1333,759,171,15726,42,9,45.79,1.953,1,2.026,1.365,6,0.333,2,32,5.91,1,1,1,1,1,100,100,100,100,100,0,0,0,0,0,19,49,0.587,0.306,4.613,690,6,95,0,keskin_bicakx3 nadir_tohumx1 altin_hedefx1,42,0,65,41,123,49,65,0,2,0,3,,0,0,0,0,0,0,0,0,0,0,0.551,65.323,5.123,181,0,534,0,0,2162,0,0,3,9,9,125,3,0,1.6,0,6300,0,9,65,65.167,5.718,8.174,3.656,,,,217,0,0,0,0,,0.869,0,0,0,0,0,0,0,0,0,0,0,0,0,0,0,0,0,0,0,0.975,2.045,7.253,0.044,0,kalabalik
3,Run50_AlphaDengeV1,Hasar-alan,bahcivan,standart,102,taban,19,,,353,164,106,0,0,83,188,77,47,34,7,7293,16553,1,0,0,1431,375,80,1559,921,131,16926,44,6,49.54,1.953,1,1.962,1.365,6,0.35,2,33,6,1,1,1,1,1,100,100,100,100,100,0,0,0,0,0,21,59,0.621,0.39,4.622,830,7,102,4,keskin_bicakx3 nadir_tohumx1 altin_hedefx1,41,0,65,43,129,49,74,0,2,0,3,,0,0,0,0,0,0,0,0,0,0,0.475,112.2,5.431,189,0,393,0,0,6188,0,0,3,9,9,125,3,0,1.6,0,7000,0,9,65,65.167,6.12,10.082,2.683,,,,239,0,0,0,0,,0.867,0,0,0,0,0,0,0,0,0,0,0,0,0,0,0,0,0,0,0,1.027,2.045,7.913,0.048,0,kalabalik
3,Run50_AlphaDengeV1,Hasar-alan,bahcivan,standart,102,taban,20,,,420,246,84,25,0,65,208,100,64,36,12,15548,32101,1,15548,1,1524,669,153,2068,1305,204,20082,47,9,49.54,1.953,1,1.901,1.415,9,0.367,2,34,8.68,1,1,1,1,1.3,100,100,100,100,63,0,0,0,0,2.28,26,81,0.523,0.235,4.705,1119,5,107,10,keskin_bicakx3 nadir_tohumx1 altin_hedefx1,45,0,65,46,138,55,74,0,2,0,3,,0,0,0,0,0,0,0,0,0,0,0.519,239.2,6.462,174,0,722,0,0,4070,0,0,3,9,9,125,3,0,1.6,0,8200,0,6,65,65.167,6.107,7.248,4.495,,,,249,0,0,0,0,,0.813,0,0,0,0,0,0,0,0,0,0,0,0,0,0,0,0,0,0,0,1.226,2.279,36.103,0.055,0,kalabalik
3,Run50_AlphaDengeV1,Hasar-alan,bahcivan,standart,102,taban,21,,,483,233,136,45,0,69,237,115,69,50,12,13858,13858,1,0,0,1980,619,259,2833,1204,423,23975,50,9,56.1,1.953,1,1.901,1.465,9,0.367,2,34,8.82,1,1,1,1,1,100,100,100,100,100,0,0,0,0,0,23,81,0.631,0.407,4.421,1191,6,113,2,keskin_bicakx3 nadir_tohumx1 altin_hedefx2,55,0,65,49,147,64,74,0,2,0,3,,0,0,0,0,0,0,0,0,0,0,0.543,213.2,7.431,250,0,1233,0,0,2245,0,0,3,10,10,125,4,0,1.6,0,9500,0,9,65,65.167,6.241,8.207,4.41,,,,385,0,0,0,0,,0.795,0,0,0,0,0,0,0,0,0,0,0,0,0,0,0,0,0,0,0,1.358,2.642,8.663,0.062,0,kalabalik
3,Run50_AlphaDengeV1,Hasar-alan,bahcivan,standart,102,taban,22,,,495,249,120,46,0,80,236,120,83,38,18,17333,31191,1,0,0,2093,704,276,3786,1583,699,26590,52,6,56.1,1.953,1,1.841,1.465,9,0.383,2,35,8.89,1,1,1,1,1,100,100,100,100,100,0,0,0,0,0,23,81,0.64,0.383,4.281,1230,5,118,0,keskin_bicakx3 nadir_tohumx1 altin_hedefx2,52,0,65,51,153,73,74,0,2,0,3,,0,0,0,0,0,0,0,0,0,0,0.568,266.662,7.615,246,0,1174,0,0,9335,0,0,3,11,11,575,6,0,1.6667,0,10000,0,9,65,65.167,6.758,8.731,4.76,,,,373,0,0,0,0,,0.81,0,0,0,0,0,0,0,0,0,0,0,0,0,0,0,0,0,0,0,1.406,2.778,8.811,0.062,0,kalabalik
3,Run50_AlphaDengeV1,Hasar-alan,bahcivan,standart,102,taban,23,,,388,172,118,17,0,81,172,96,67,44,9,10372,41563,1,10372,1,1590,744,195,2966,1137,894,21390,54,6,69.27,1.953,1,1.841,1.515,9,0.383,2,35,6,1,1,1,1,1,100,100,100,100,100,0,0,0,0,0,23,81,0.71,0.506,4.117,1279,7,125,0,keskin_bicakx3 nadir_tohumx1 altin_hedefx2,49,0,65,53,159,79,74,0,2,0,3,,0,0,0,0,0,0,0,0,0,0,0.741,159.569,5.969,216,0,1271,0,0,9725,0,0,3,12,12,575,6,0,1.6667,0,12000,0,6,65,65.167,6.558,7.062,6.156,,,,312,0,0,0,0,,0.726,0,0,0,0,0,0,0,0,0,0,0,0,0,0,0,0,0,0,0,1.267,2.428,10.662,0.057,0,kalabalik
3,Run50_AlphaDengeV1,Hasar-alan,bahcivan,standart,102,taban,24,,,505,266,118,45,0,76,259,110,84,42,10,14301,14301,1,0,0,2220,808,204,4056,1545,1098,26241,56,6,69.27,1.953,1,1.783,1.515,9,0.52,2,36,8.89,1,1,1,1,1,100,100,100,100,100,0,0,0,0,0,23,81,0.668,0.42,3.991,1319,5,130,0,keskin_bicakx3 nadir_tohumx1 altin_hedefx2 kritik_gozx1,53,0,65,55,165,81,78,0,2,0,3,,0,0,0,0,0,0,0,0,0,0,0.741,220.015,7.769,239,0,1462,0,0,11966,0,0,3,12,12,575,6,0,1.6667,0,13000,0,6,65,65.167,9.497,12.83,5.742,,,,396,0,0,0,0,,0.76,0,0,0,0,0,0,0,0,0,0,0,0,0,0,0,0,0,0,0,1.35,2.469,45.05,0.065,0,kalabalik
3,Run50_AlphaDengeV1,Hasar-alan,bahcivan,standart,102,taban,25,,,524,244,133,51,0,96,237,135,100,38,14,16201,30502,1,0,0,2536,1008,191,4657,2553,1239,29199,59,9,73.42,1.953,1,1.783,1.565,9,0.52,2,36,8.83,1,1,1,1,1,100,100,100,100,100,0,0,0,0,0,23,81,0.662,0.432,3.961,1329,6,136,0,keskin_bicakx3 nadir_tohumx1 altin_hedefx2 kritik_gozx1,56,0,65,58,174,81,84,0,2,0,3,,0,0,0,0,0,0,0,0,0,0,0.716,249.246,8.062,280,0,1690,0,0,1165,0,0,3,12,12,1165,6,0,1.7333,0,14000,0,6,65,65.167,6.474,7.721,5.376,,,,430,0,0,0,0,,0.718,0,0,0,0,0,0,0,0,0,0,0,0,0,0,0,0,0,0,0,1.266,2.287,14.528,0.065,0,kalabalik
3,Run50_AlphaDengeV1,Hasar-alan,bahcivan,standart,102,taban,26,,,480,226,126,66,4,58,213,117,85,55,10,13022,43524,1,13022,1,2172,824,278,4359,1447,1517,27032,60,3,83.44,1.953,1,1.727,1.565,9,0.537,2,37,8.57,1,1,1,1,1,100,100,100,100,100,0,0,0,0,0,23,81,0.549,0.309,3.827,1376,7,143,0,keskin_bicakx3 nadir_tohumx1 altin_hedefx2 kritik_gozx1,52,0,65,59,177,81,93,0,2,0,3,,0,0,0,0,0,0,0,0,0,0,0.519,200.338,7.385,254,0,1832,0,0,14197,0,0,3,12,12,1165,6,0,1.7333,0,15000,0,9,65,65.167,6.492,8.517,4.682,,,,392,0,0,0,0,,0.732,0,0,0,0,0,0,0,0,0,0,0,0,0,0,0,0,0,0,0,1.291,2.497,8.895,0.067,0,kalabalik
3,Run50_AlphaDengeV1,Hasar-alan,bahcivan,standart,102,taban,27,,,651,314,175,52,5,105,306,186,98,48,13,19466,19466,1,0,0,3360,1048,246,5639,1695,1613,36312,63,9,83.44,1.953,1,1.727,2.132,12,0.537,2.111,37,11.22,1,1,1,1,1,100,100,100,100,100,0,0,0,0,0,23,81,0.591,0.333,3.827,1376,6,149,0,keskin_bicakx3 nadir_tohumx1 altin_hedefx2 kritik_gozx1 genis_savurusx1,66,0,65,62,186,81,96,0,2,0,3,,0,0,0,0,0,0,0,0,0,0,0.679,299.477,10.015,337,0,1852,0,0,3509,0,0,3,12,12,1895,6,0,1.8,0,17000,0,3,65,65.167,4.73,5.79,3.742,,,,507,0,0,0,0,,0.747,0,0,0,0,0,0,0,0,0,0,0,0,0,0,0,0,0,0,0,1.347,2.544,10.527,0.083,0,kalabalik
3,Run50_AlphaDengeV1,Hasar-alan,bahcivan,standart,102,taban,28,,,707,337,183,71,2,114,310,185,129,66,17,28910,48376,1,0,0,3381,1377,500,6150,1772,2048,41237,65,6,94.04,1.953,1,1.673,2.132,12,0.553,2.111,38,11.68,1,1,1,1,1,100,100,100,100,100,0,0,0,0,0,23,81,0.576,0.346,3.794,1388,6,155,0,keskin_bicakx3 nadir_tohumx1 altin_hedefx2 kritik_gozx1 genis_savurusx1,82,0,65,64,192,81,105,0,2,0,3,,0,0,0,0,0,0,0,0,0,0,0.605,444.769,10.877,370,0,2265,0,0,9746,0,0,3,12,12,1895,6,0,1.8,0,18000,0,9,65,65.167,4.049,3.892,4.193,,,,560,0,0,0,0,,0.731,0,0,0,0,0,0,0,0,0,0,0,0,0,0,0,0,0,0,0,1.404,2.591,19.223,0.083,0,kalabalik
3,Run50_AlphaDengeV1,Hasar-alan,bahcivan,standart,102,taban,29,,,722,327,190,82,0,123,327,180,130,62,23,29986,78362,1,0,0,4007,1515,428,8237,2417,2281,43259,67,6,94.04,1.953,1,1.673,2.198,12,0.553,2.222,38,11.47,1,1,1,1,1,100,100,100,100,100,0,0,0,0,0,23,81,0.57,0.333,3.688,1428,6,161,0,keskin_bicakx3 nadir_tohumx1 altin_hedefx2 kritik_gozx1 genis_savurusx1,80,0,65,66,198,81,111,0,2,0,3,,0,0,0,0,0,0,0,0,0,0,0.605,461.323,11.108,395,0,2371,0,0,16005,0,0,3,12,12,2755,6,0,1.8667,0,20000,0,6,65,65.167,4.295,5.84,3.015,,,,620,0,0,0,0,,0.713,0,0,0,0,0,0,0,0,0,0,0,0,0,0,0,0,0,0,0,1.381,2.813,12.055,0.084,0,kalabalik
3,Run50_AlphaDengeV1,Hasar-alan,bahcivan,standart,102,taban,30,,,708,348,165,86,4,105,315,156,138,82,17,31469,109831,1,31469,1,3500,1666,534,7207,3973,2735,43645,69,6,100.86,1.953,1,1.62,2.198,12,0.57,2.222,40,11.45,1,1,1,1,1,100,100,100,100,100,0,0,0,0,0,23,81,0.588,0.346,3.682,1430,7,168,0,keskin_bicakx3 nadir_tohumx1 altin_hedefx2 kritik_gozx1 genis_savurusx1,79,0,65,68,204,81,117,0,2,0,3,,0,0,0,0,0,0,0,0,0,0,0.506,484.138,10.892,360,0,2446,0,0,18650,0,0,3,12,12,2755,6,0,1.8667,0,22000,0,6,65,65.167,4.536,5.355,3.744,,,,621,0,0,0,0,,0.676,0,0,0,0,0,0,0,0,0,0,0,0,0,0,0,0,0,0,0,1.386,2.642,12.178,0.081,0,kalabalik
3,Run50_AlphaDengeV1,Hasar-alan,bahcivan,standart,102,taban,31,,,938,441,240,121,5,131,414,276,139,85,24,31443,31443,1,0,0,5771,1587,628,11418,3150,3123,58406,72,9,105.24,1.953,1,1.134,2.198,12,0.57,2.333,57,10.51,1,1,1,1,1,100,100,100,100,100,0,0,0,0,0,23,81,0.483,0.272,3.566,1477,6,174,0,keskin_bicakx3 nadir_tohumx1 altin_hedefx2 kritik_gozx1 genis_savurusx1 firtina_bilegix1,93,0,65,71,213,81,123,0,2,0,3,,0,0,0,0,0,0,0,0,0,0,0.469,483.738,14.431,497,0,2777,0,0,10056,0,0,3,12,12,3755,6,0,1.9333,0,24000,0,6,65,65.167,2.741,3.369,2.18,,,,758,0,0,0,0,,0.739,0,0,0,0,0,0,0,0,0,0,0,0,0,0,0,0,0,0,0,1.597,3.172,17.819,0.103,0,kalabalik
3,Run50_AlphaDengeV1,Hasar-alan,bahcivan,standart,102,taban,32,,,946,470,208,139,4,125,403,255,185,79,24,34090,65533,1,0,0,5546,2333,585,14264,5363,3613,59838,74,6,112.36,1.953,1,1.134,2.198,12,0.57,2.333,57,10.56,1,1,1,1,1,100,100,100,100,100,0,0,0,0,0,23,81,0.491,0.259,3.491,1508,3,177,0,keskin_bicakx3 nadir_tohumx1 altin_hedefx2 kritik_gozx1 genis_savurusx1 firtina_bilegix1,91,0,65,73,219,81,132,0,2,0,3,,0,0,0,0,0,0,0,0,0,0,0.543,524.462,14.554,476,0,2941,0,0,20894,0,0,3,12,12,3755,6,0,1.9333,0,26000,0,9,65,65.167,2.703,2.972,2.436,,,,755,0,0,0,0,,0.723,0,0,0,0,0,0,0,0,0,0,0,0,0,0,0,0,0,0,0,1.622,3.215,20.731,0.108,0,kalabalik
3,Run50_AlphaDengeV1,Hasar-alan,bahcivan,standart,102,taban,33,,,780,413,191,93,0,83,333,181,153,89,24,28047,93580,1,28047,1,4730,1825,665,15844,5018,3988,52862,76,6,117.04,1.953,1,1.134,2.198,12,0.57,2.444,57,9.82,1,1,1,1,1,100,100,100,100,100,0,0,0,0,0,23,81,0.408,0.198,3.365,1565,7,184,0,keskin_bicakx3 nadir_tohumx1 altin_hedefx2 kritik_gozx1 genis_savurusx1 firtina_bilegix1,79,0,65,75,225,81,138,0,2,0,3,,0,0,0,0,0,0,0,0,0,0,0.309,431.492,12,367,0,3277,0,0,20756,0,0,3,12,12,4855,6,0,2,0,28000,0,6,65,65.167,2.883,3.644,2.024,,,,595,0,0,0,0,,0.732,0,0,0,0,0,0,0,0,0,0,0,0,0,0,0,0,0,0,0,1.569,3.041,9.252,0.094,0,kalabalik
3,Run50_AlphaDengeV1,Hasar-alan,bahcivan,standart,102,taban,34,,,1027,470,245,129,6,177,466,235,195,103,28,41151,41151,1,0,0,6070,2360,840,21914,6808,4718,66641,79,9,117.04,1.953,1,1.134,2.198,12,0.57,2.444,57,11.02,1,1,1,1,1,100,100,100,100,100,0,0,0,0,0,23,81,0.573,0.309,2.839,1855,2,186,0,keskin_bicakx3 nadir_tohumx1 altin_hedefx2 kritik_gozx1 genis_savurusx1 firtina_bilegix1 bereketli_toprakx1,103,0,65,78,234,81,144,0,2,0,3,,0,0,0,0,0,0,0,0,0,0,0.543,633.092,15.8,557,0,3270,0,0,397,0,0,3,12,12,4855,6,0,2,0,31000,0,6,65,65.167,2.729,3.358,2.196,,,,887,0,0,0,0,,0.736,0,0,0,0,0,0,0,0,0,0,0,0,0,0,0,0,0,0,0,1.623,2.937,12.904,0.106,0,kalabalik
3,Run50_AlphaDengeV1,Hasar-alan,bahcivan,standart,102,taban,35,,,1040,464,273,132,7,164,456,268,184,96,36,45105,86256,1,0,0,6695,2688,735,23209,8866,5123,69376,81,6,124.44,1.953,1,1.134,2.198,12,0.57,2.556,57,11.28,1,1,1,1,1,100,100,100,100,100,0,0,0,0,0,23,81,0.565,0.358,2.754,1912,5,191,0,keskin_bicakx3 nadir_tohumx1 altin_hedefx2 kritik_gozx1 genis_savurusx1 firtina_bilegix1 bereketli_toprakx1,107,0,65,80,240,81,153,0,2,0,3,,0,0,0,0,0,0,0,0,0,0,0.494,693.923,16,576,0,3518,0,0,6773,0,0,3,12,12,6155,6,0,2.0667,0,33000,0,9,65,65.167,2.835,3.322,2.442,,,,954,0,0,0,0,,0.714,0,0,0,0,0,0,0,0,0,0,0,0,0,0,0,0,0,0,0,1.705,3.404,10.227,0.108,0,kalabalik
3,Run50_AlphaDengeV1,Hasar-alan,bahcivan,standart,102,taban,36,,,1027,473,278,110,4,162,452,272,175,93,35,47268,133524,1,47268,1,6295,2690,818,28944,9856,5816,68341,83,6,129.42,1.953,1,1.134,2.198,12,0.57,2.556,57,11.4,1,1,1,1,1,100,99,100,100,100,0,0,0,0,0,23,81,0.57,0.346,2.754,1912,3,194,0,keskin_bicakx3 nadir_tohumx1 altin_hedefx2 kritik_gozx1 genis_savurusx1 firtina_bilegix1 bereketli_toprakx1,110,0,65,82,246,81,159,0,2,0,3,,0,0,0,0,0,0,0,0,0,0,0.531,727.2,15.8,554,0,3800,0,0,8114,0,0,3,12,12,6155,6,0,2.0667,0,35000,0,6,65,65.167,2.824,3.457,2.283,,,,1041,0,0,0,0,,0.643,0,0,0,0,0,0,0,0,0,0,0,0,0,0,0,0,0,0,0,1.731,3.335,15.137,0.112,0,kalabalik
3,Run50_AlphaDengeV1,Hasar-alan,bahcivan,standart,102,taban,37,,,1088,472,259,162,9,186,485,250,203,118,32,50068,50068,1,0,0,6550,3006,839,30694,11532,6275,75523,85,6,137.13,1.953,1,1.134,2.198,12,0.57,3.417,57,11.16,1,1,1,1,1,100,100,100,100,100,0,0,0,0,0,23,81,0.556,0.321,2.673,1970,5,199,0,keskin_bicakx3 nadir_tohumx1 altin_hedefx2 kritik_gozx1 genis_savurusx1 firtina_bilegix1 bereketli_toprakx1 agir_darbex1,105,0,65,84,252,81,165,0,2,0,3,,0,0,0,0,0,0,0,0,0,0,0.543,770.277,16.738,616,0,5289,0,0,12637,0,0,3,12,12,7555,6,0,2.1333,0,38000,0,6,65,65.167,2.677,3.267,2.222,,,,996,0,0,0,0,,0.704,0,0,0,0,0,0,0,0,0,0,0,0,0,0,0,0,0,0,0,1.737,3.074,75.001,0.11,0,kalabalik
3,Run50_AlphaDengeV1,Hasar-alan,bahcivan,standart,102,taban,38,,,1106,490,268,155,8,185,489,282,173,128,34,54436,104504,1,0,0,6840,2627,1130,36234,12259,7265,77397,87,6,142.4,1.953,1,1.134,2.198,12,0.57,3.417,57,11.53,1,1,1,1,1,100,100,100,100,100,0,0,0,0,0,23,81,0.555,0.333,2.669,1972,3,202,0,keskin_bicakx3 nadir_tohumx1 altin_hedefx2 kritik_gozx1 genis_savurusx1 firtina_bilegix1 bereketli_toprakx1 agir_darbex1,106,0,65,86,258,81,171,0,2,0,3,,0,0,0,0,0,0,0,0,0,0,0.494,837.477,17.015,616,0,5486,0,0,13034,0,0,3,12,12,7555,6,0,2.1333,0,40000,0,6,65,65.167,2.591,2.959,2.299,,,,984,0,0,0,0,,0.734,0,0,0,0,0,0,0,0,0,0,0,0,0,0,0,0,0,0,0,1.773,3.48,17.382,0.121,0,kalabalik
3,Run50_AlphaDengeV1,Hasar-alan,bahcivan,standart,102,taban,39,,,1119,465,259,203,2,190,484,280,195,116,44,58181,162685,1,0,0,7005,3211,1104,37319,15470,7949,82176,89,6,170.81,1.953,1,1.134,2.198,12,0.57,3.528,57,11.4,1,1,1,1,1,100,100,100,100,100,0,0,0,0,0,23,81,0.551,0.284,2.669,1972,4,206,0,keskin_bicakx3 nadir_tohumx1 altin_hedefx2 kritik_gozx1 genis_savurusx1 firtina_bilegix1 bereketli_toprakx1 agir_darbex1,108,0,65,88,264,81,174,3,2,0,3,,0,0,0,0,0,0,0,0,0,0,0.568,895.092,17.215,654,0,6828,0,0,14210,0,0,3,12,12,9055,6,0,2.2,0,42000,0,6,65,65.167,2.703,3.761,1.944,,,,944,0,0,0,0,,0.783,0,0,0,0,0,0,0,0,0,0,0,0,0,0,0,0,0,0,0,1.783,3.367,20.623,0.113,0,kalabalik
3,Run50_AlphaDengeV1,Hasar-alan,bahcivan,standart,102,taban,40,,,964,406,234,163,10,151,406,258,180,95,25,45495,208180,1,45495,1,6014,2965,923,41733,17735,8717,70398,90,3,175.93,1.953,1,1.089,2.198,12,0.57,3.528,59,8.85,1,1,1,1,1,100,100,100,100,100,0,0,0,0,0,23,81,0.61,0.383,2.564,2053,3,209,0,keskin_bicakx3 nadir_tohumx1 altin_hedefx2 kritik_gozx1 genis_savurusx1 firtina_bilegix1 bereketli_toprakx1 agir_darbex1,102,0,65,89,267,81,175,8,2,0,3,,0,0,0,0,0,0,0,0,0,0,0.617,699.923,14.831,558,0,7098,0,0,42608,0,0,3,12,12,9055,6,0,2.2,0,44000,0,6,65,65.167,3.293,4.147,2.664,,,,814,0,0,0,0,,0.796,0,0,0,0,0,0,0,0,0,0,0,0,0,0,0,0,0,0,0,1.649,3.3,15.765,0.1,0,kalabalik
3,Run50_AlphaDengeV1,Hasar-alan,bahcivan,standart,102,taban,41,,,1383,644,331,190,12,206,526,360,258,176,63,72431,72431,1,0,0,9419,4621,1732,47052,22356,9979,110367,93,9,185.29,1.953,1,1.014,2.198,12,0.57,3.639,64,14.09,1,1,1,1,1,100,100,100,100,100,0,0,0,0,0,23,81,0.506,0.247,2.564,2053,2,211,0,keskin_bicakx3 nadir_tohumx1 altin_hedefx2 kritik_gozx1 genis_savurusx1 firtina_bilegix1 bereketli_toprakx1 agir_darbex1 hasat_ritmix1,124,0,65,92,276,81,175,11,2,0,3,hasat_ritmi@R40,0,0,0,0,0,32,31,0,0,0,0.395,1114.323,21.277,739,0,13113,0,0,17975,0,0,3,12,12,9055,6,1,2.31,0.05,48000,0,3,65,65.167,1.979,2.482,1.538,,,,1163,0,0,0,0,,0.742,0,0,0,0,0,0,0,0,0,0,0,0,0,0,0,0,0,0,0,2.012,3.819,16.109,0.152,1,kalabalik
3,Run50_AlphaDengeV1,Hasar-alan,bahcivan,standart,102,taban,42,,,1714,785,456,242,7,224,666,405,355,219,69,76481,148912,1,0,0,10731,6700,2546,57308,28273,10475,144645,96,9,200.39,1.953,1,0.906,2.198,12,0.57,3.639,71,15.21,1,1,1,1,1,100,100,100,100,100,0,0,0,0,0,32,121,0.532,0.198,2.755,2854,3,214,14,keskin_bicakx3 nadir_tohumx1 altin_hedefx2 kritik_gozx1 genis_savurusx1 firtina_bilegix1 bereketli_toprakx1 agir_darbex1 hasat_ritmix1,153,0,65,95,285,81,175,20,2,0,3,hasat_ritmi@R40,0,0,0,0,0,35,36,0,0,0,0.545,1176.631,26.369,929,0,14716,0,0,14620,0,0,3,12,12,9055,6,2,2.42,0.1,52000,0,9,65,65.167,2.222,2.754,1.768,,,,1380,0,0,0,0,,0.766,0,0,0,0,0,0,0,0,0,0,0,0,0,0,0,0,0,0,0,2.246,4.119,27.551,0.172,0,kalabalik
3,Run50_AlphaDengeV1,Hasar-alan,bahcivan,standart,102,taban,43,,,1597,798,447,132,9,211,620,387,314,212,64,73996,222908,1,73996,1,10592,5762,2259,66100,34035,12214,141278,98,6,200.39,1.953,1,0.906,2.198,12,0.57,3.75,71,15.56,1,1,1,1,1,100,100,100,100,100,0,0,0,0,0,32,121,0.565,0.355,2.755,2854,2,216,0,keskin_bicakx3 nadir_tohumx1 altin_hedefx2 kritik_gozx1 genis_savurusx1 firtina_bilegix1 bereketli_toprakx1 agir_darbex1 hasat_ritmix1,152,0,65,97,291,90,175,20,2,0,3,hasat_ritmi@R40,0,0,0,0,0,36,35,0,0,0,0.686,1138.4,24.569,799,0,15022,0,0,49898,0,0,3,13,13,9055,9,2,2.42,0.1,55000,0,9,65,65.167,2.791,3.508,2.068,,,,1496,0,0,0,0,,0.63,0,0,0,0,0,0,0,0,0,0,0,0,0,0,0,0,0,0,0,2.241,4.538,16.417,0.162,0,kalabalik
3,Run50_AlphaDengeV1,Hasar-alan,bahcivan,standart,102,taban,44,,,1641,819,444,152,6,220,619,419,345,193,65,70194,70194,1,0,0,11021,6626,2080,77121,40661,14294,144127,101,9,200.39,1.953,1,0.906,2.198,12,0.57,3.75,71,15.82,1,1,1,1,1,100,100,100,100,100,0,0,0,0,0,32,121,0.581,0.355,2.696,2917,0,216,0,keskin_bicakx3 nadir_tohumx2 altin_hedefx2 kritik_gozx1 genis_savurusx1 firtina_bilegix1 bereketli_toprakx1 agir_darbex1 hasat_ritmix1,156,0,65,100,300,96,175,20,2,0,3,hasat_ritmi@R40,0,0,0,0,0,35,36,0,0,0,0.57,1079.908,25.246,822,0,14901,0,0,24025,0,0,3,15,15,9055,9,2,2.42,0.1,60000,0,6,65,65.167,2.763,3.395,2.127,,,,1438,0,0,0,0,,0.679,0,0,0,0,0,0,0,0,0,0,0,0,0,0,0,0,0,0,0,2.183,4.274,28.507,0.17,0,kalabalik
3,Run50_AlphaDengeV1,Hasar-alan,bahcivan,standart,102,taban,45,,,1681,818,468,177,14,204,603,406,384,220,68,78703,148897,1,0,0,10100,7081,2512,85221,47742,16806,153850,103,6,200.39,1.953,1,0.906,2.198,12,0.57,3.75,71,15.62,1,1,1,1,1,100,100,100,100,100,0,0,0,0,0,32,121,0.566,0.298,2.596,3030,1,217,0,keskin_bicakx3 nadir_tohumx2 altin_hedefx2 kritik_gozx1 genis_savurusx1 firtina_bilegix1 bereketli_toprakx1 agir_darbex1 hasat_ritmix1,162,0,65,102,306,105,175,20,2,0,3,hasat_ritmi@R40,0,0,0,0,0,36,35,0,0,0,0.603,1210.815,25.862,863,0,15013,0,0,55875,0,0,3,17,17,9055,10,2,2.42,0.1,63000,0,9,65,65.167,2.67,3.322,2.047,,,,1533,0,0,0,0,,0.67,0,0,0,0,0,0,0,0,0,0,0,0,0,0,0,0,0,0,0,2.23,4.142,17.385,0.172,0,kalabalik
3,Run50_AlphaDengeV1,Hasar-alan,bahcivan,standart,102,taban,46,,,1345,777,357,74,8,129,442,371,312,177,43,62569,211466,1,62569,1,9127,5173,1779,94348,52915,18585,131598,105,6,200.39,1.953,1,0.906,2.198,12,0.57,3.75,71,14.34,1,1,1,1,1,100,100,100,100,100,0,0,0,0,0,32,121,0.45,0.264,2.553,3081,0,217,0,keskin_bicakx3 nadir_tohumx2 altin_hedefx2 kritik_gozx1 genis_savurusx1 firtina_bilegix1 bereketli_toprakx1 agir_darbex1 hasat_ritmix1,123,0,65,104,312,111,175,20,2,0,3,hasat_ritmi@R40,0,0,0,0,0,35,36,0,0,0,0.471,962.6,20.692,568,0,15141,0,0,59473,0,0,3,17,17,9055,11,2,2.42,0.1,67000,0,6,65,65.167,2.7,2.893,2.436,,,,1000,0,0,0,0,,0.696,0,0,0,0,0,0,0,0,0,0,0,0,0,0,0,0,0,0,0,2.048,3.883,15.312,0.157,0,kalabalik
3,Run50_AlphaDengeV1,Hasar-alan,bahcivan,standart,102,taban,47,,,1712,829,494,131,15,243,608,491,348,201,64,83749,83749,1,0,0,11330,6128,2426,105678,59043,21011,158063,108,9,200.39,1.953,1,0.906,2.198,12,0.57,3.75,71,16.04,1,1,1,1,1,100,100,100,100,100,0,0,0,0,0,32,121,0.637,0.438,2.014,3905,0,217,0,keskin_bicakx3 nadir_tohumx2 altin_hedefx2 kritik_gozx1 genis_savurusx1 firtina_bilegix1 bereketli_toprakx2 agir_darbex1 hasat_ritmix1,164,0,65,107,321,117,175,20,2,0,3,hasat_ritmi@R40,0,0,0,0,0,36,35,0,0,0,0.595,1288.446,26.338,883,0,15107,0,0,11536,0,0,3,17,17,9055,11,2,2.42,0.1,72000,0,6,65,65.167,2.756,3.443,2.107,,,,1565,0,0,0,0,,0.711,0,0,0,0,0,0,0,0,0,0,0,0,0,0,0,0,0,0,0,2.161,4.391,18.002,0.168,0,kalabalik
3,Run50_AlphaDengeV1,Hasar-alan,bahcivan,standart,102,taban,48,,,1723,842,504,123,8,246,617,455,373,199,79,86656,170405,1,0,0,12633,6619,2446,116111,65662,23457,161450,110,6,200.39,1.953,1,0.906,2.198,12,0.57,3.75,71,16.18,1,1,1,1,1,100,100,100,100,100,0,0,0,0,0,32,121,0.642,0.43,1.962,4010,1,218,0,keskin_bicakx3 nadir_tohumx2 altin_hedefx2 kritik_gozx1 genis_savurusx1 firtina_bilegix1 bereketli_toprakx2 agir_darbex1 hasat_ritmix1,162,0,65,109,327,121,180,20,2,0,3,hasat_ritmi@R40,0,0,0,0,0,35,36,0,0,0,0.76,1333.169,26.508,881,0,15159,0,0,26986,0,0,3,17,17,9055,11,2,2.42,0.1,76000,0,9,65,65.167,2.94,3.498,2.406,,,,1560,0,0,0,0,,0.701,0,0,0,0,0,0,0,0,0,0,0,0,0,0,0,0,0,0,0,2.257,4.708,21.091,0.176,0,kalabalik
3,Run50_AlphaDengeV1,Hasar-alan,bahcivan,standart,102,taban,49,,,1716,854,519,113,15,215,600,464,332,250,70,92644,263049,1,0,0,11486,5985,2911,127597,71647,26368,162485,112,6,200.39,1.953,1,0.906,2.198,12,0.57,3.75,71,16.27,1,1,1,1,1,100,100,100,100,100,0,0,0,0,0,32,121,0.654,0.446,1.923,4090,0,218,0,keskin_bicakx3 nadir_tohumx2 altin_hedefx2 kritik_gozx1 genis_savurusx1 firtina_bilegix1 bereketli_toprakx2 agir_darbex1 hasat_ritmix1,159,0,65,111,333,121,186,20,2,0,3,hasat_ritmi@R40,0,0,0,0,0,36,35,0,0,0,0.727,1425.292,26.4,862,0,14986,0,0,35471,0,0,3,17,17,9055,11,2,2.42,0.1,80000,0,6,65,65.167,2.911,3.343,2.483,,,,1877,0,0,0,0,,0.482,0,0,0,0,0,0,0,0,0,0,0,0,0,0,0,0,0,0,0,2.246,4.164,18.143,0.169,0,kalabalik
3,Run50_AlphaDengeV1,Hasar-alan,bahcivan,standart,102,taban,50,,,1587,806,426,113,13,229,576,411,346,192,62,76482,339531,1,76482,1,10384,6561,2034,135581,78208,28402,146793,114,6,200.39,1.953,1,0.906,2.198,12,0.57,3.75,71,14.85,1,1,1,1,1,100,100,100,100,100,0,0,0,0,0,32,121,0.675,0.438,1.899,4142,1,219,0,keskin_bicakx3 nadir_tohumx2 altin_hedefx2 kritik_gozx1 genis_savurusx1 firtina_bilegix1 bereketli_toprakx2 agir_darbex1 hasat_ritmix1,151,0,65,113,339,121,192,20,2,0,3,hasat_ritmi@R40,0,0,0,0,0,35,35,0,0,0,0.802,1176.646,24.415,781,0,15141,0,0,20264,0,0,3,17,17,9055,11,2,2.42,0.1,84000,0,6,65,65.167,3.385,3.967,2.785,,,,1743,0,0,0,0,,0.468,0,0,0,0,0,0,0,0,0,0,0,0,0,0,0,0,0,0,0,2.35,4.131,204.632,0.177,0,kalabalik
3,Run50_AlphaDengeV1,Hasar-alan,bahcivan,standart,102,taban,50,KAZANDI
4,Run50_AlphaDengeV1,Hasar-alan,bahcivan,standart,103,taban,1,,,11,11,0,0,0,0,9,1,1,0,0,22,22,1,0,0,22,4,0,22,4,0,250,1,0,10,1,1,3,0.9,4,0.3,2,13,2.46,2,4,5,,,8,0,0,,,3,9,12,,,2,4,0.452,0,8,23,0,0,2,,4,0.166,45,0,0,0,0,0,0,0,0,,0,0,0,0,0,0,0,0,0,0,0.75,0.489,0.244,0,0,22,0,0,250,0,0,0,0,0,0,0,0,1,0,390,0,0,45,45.133,5.718,5.718,,,,,0,0,0,0,0,,,0,0,0,0,0,0,0,0,0,0,0,0,0,0,0,0,0,0,0,0.547,1.171,3.049,0.017,0,kalabalik
4,Run50_AlphaDengeV1,Hasar-alan,bahcivan,standart,103,taban,2,,,13,13,0,0,0,0,11,2,0,0,0,17,39,1,0,0,30,0,0,32,4,0,280,2,3,10,1,1,3,0.9,4,0.3,2,14,2.57,2.18,4,,,,11,0,,,,4.64,10.5,,,,3,5,0.557,0.2,8,28,0,0,1,,3,0,45,1,3,0,0,0,0,0,0,,0,0,0,0,0,0,0,0,0,0,0.6,0.378,0.289,0,0,22,0,0,140,0,0,0,0,0,0,0,0,1,0,410,0,0,45,45.133,9.631,9.631,,,,,0,0,0,0,0,,,0,0,0,0,0,0,0,0,0,0,0,0,0,0,0,0,0,0,0,0.57,1.252,6.114,0.019,0,kalabalik
4,Run50_AlphaDengeV1,Hasar-alan,bahcivan,standart,103,taban,3,,,15,15,0,0,0,0,10,4,1,0,0,32,71,1,32,1,36,4,0,38,8,0,360,3,3,12.67,1,1,3,0.9,4,0.3,2,14,2.29,1.8,2.25,2,,,20,0,0,,,2.4,6.75,3,,,3,5,0.474,0.2,7.695,29,4,4,0,,4,0,45,2,6,3,0,0,2,0,3,,0,0,0,0,0,0,0,0,0,0,0.8,0.711,0.333,0,0,28,0,0,90,0,0,3,1,1,0,0,0,1,0,420,0,3,45,45.133,6.76,6.76,,,,,0,0,0,0,0,,,0,0,0,0,0,0,0,0,0,0,0,0,0,0,0,0,0,0,0,0.614,1.306,4.238,0.019,0,kalabalik
4,Run50_AlphaDengeV1,Hasar-alan,bahcivan,standart,103,taban,4,,,17,17,0,0,0,0,14,2,1,0,0,30,30,1,0,0,36,4,0,36,12,0,440,4,3,13.33,1.25,1,3,0.9,4,0.3,2,14,2.5,1.64,2,3,,,29,0,0,0,,1.93,3,6,,,4,6,0.502,0.167,7.771,35,2,6,1,keskin_bicakx1,4,0,45,3,9,6,0,0,2,0,3,,0,0,0,0,0,0,0,0,0,0,0.833,0.667,0.378,0,0,36,0,0,110,0,0,3,2,1,0,1,0,1,0,440,0,3,45,45.133,6.253,6.253,,,,,0,0,0,0,0,,,0,0,0,0,0,0,0,0,0,0,0,0,0,0,0,0,0,0,0,0.623,1.312,5.567,0.018,0,kalabalik
4,Run50_AlphaDengeV1,Hasar-alan,bahcivan,standart,103,taban,5,,,24,24,0,0,0,0,16,3,4,1,0,95,125,1,0,0,44,16,2,47,28,2,934,6,6,13.33,1.25,1,2.892,0.9,4,0.3,2,15,2.73,1.5,2,1.75,1,,44,33,0,,,2.71,4.83,3.62,0,,5,7,0.479,0,6.888,46,2,8,1,keskin_bicakx1,5,0.069,45,5,15,9,0,0,2,0,3,,0,0,0,0,0,0,0,0,0,0,0.429,2.111,0.533,0,0,43,0,0,134,0,0,3,2,1,0,2,0,1,0,490,0,3,45,45.133,7.565,7.565,,,,,0,0,0,0,0,,,0,0,0,0,0,0,0,0,0,0,0,0,0,0,0,0,0,0,0,0.697,1.424,28.479,0.022,0,kalabalik
4,Run50_AlphaDengeV1,Hasar-alan,bahcivan,standart,103,taban,6,,,22,22,0,0,0,0,20,0,1,1,0,60,185,1,60,1,40,4,2,41,32,4,676,7,3,13.33,1.25,1,2.892,0.9,4,0.3,2,19,2.26,1.6,,2,3,,35,,0,0,,3.48,,11.57,11.57,,6,9,0.4,0.111,7.004,71,1,9,1,keskin_bicakx1,5,0.029,55,6,18,9,6,0,2,0,3,,0,0,0,0,0,0,0,0,0,0,0.333,1.091,0.4,0,0,43,0,0,320,0,0,3,2,2,6,2,0,1.0667,0,520,0,6,55,55.133,8.102,8.102,,,,,0,0,0,0,0,,,0,0,0,0,0,0,0,0,0,0,0,0,0,0,0,0,0,0,0,0.63,1.253,3.601,0.016,0,kalabalik
4,Run50_AlphaDengeV1,Hasar-alan,bahcivan,standart,103,taban,7,,,36,35,0,0,0,1,22,7,5,2,0,153,153,1,0,0,72,20,4,74,52,8,1536,10,9,13.33,1.25,1,2.459,0.9,4,0.3,2,22,3,1.57,2.14,2.4,2,,36,0,0,0,,2.92,4.92,5.41,8.6,,6,9,0.517,0.111,7.004,71,2,11,0,keskin_bicakx1 hizli_bilekx1,7,0.008,55,9,27,9,9,0,2,0,3,,0,0,0,0,0,0,0,0,0,0,0.333,2.782,0.655,1,0,48,0,0,176,0,0,3,2,2,6,2,0,1.0667,0,640,0,3,55,55.133,7.859,7.886,6.933,,,,2,0,0,0,0,,0.393,0,0,0,0,0,0,0,0,0,0,0,0,0,0,0,0,0,0,0,0.742,1.489,4.93,0.018,0,kalabalik
4,Run50_AlphaDengeV1,Hasar-alan,bahcivan,standart,103,taban,8,,,37,32,0,0,0,5,27,8,2,0,0,71,224,1,0,0,86,8,0,87,60,8,1277,12,6,14,1.25,1,2.459,0.9,4,0.3,2,22,3.05,1.67,2.14,3,,,24,13,0,,,3.69,8.08,14.73,,,8,12,0.571,0.25,7.204,92,1,12,2,keskin_bicakx1 hizli_bilekx1,7,0,55,11,33,18,9,0,2,0,3,,0,0,0,0,0,0,0,0,0,0,0.583,1.291,0.673,5,0,48,0,0,113,0,0,3,4,4,6,2,0,1.0667,0,750,0,9,55,55.133,9.283,8.82,12.247,,,,8,0,0,0,0,,0.285,0,0,0,0,0,0,0,0,0,0,0,0,0,0,0,0,0,0,0,0.785,1.566,4.471,0.021,0,kalabalik
4,Run50_AlphaDengeV1,Hasar-alan,bahcivan,standart,103,taban,9,,,43,39,0,0,0,4,30,8,5,0,0,104,328,1,0,0,100,20,0,113,80,8,1561,14,6,14.67,1.25,1,2.37,0.9,4,0.3,2,23,3.43,1.61,2,2.8,,,32,0,0,,,3.3,5.53,16.12,,,9,14,0.585,0.286,7.271,106,3,15,1,keskin_bicakx1 hizli_bilekx1,8,0,55,13,39,24,9,0,2,0,3,,0,0,0,0,0,0,0,0,0,0,0.5,1.891,0.782,4,0,50,0,0,114,0,0,3,4,4,6,2,0,1.0667,0,880,0,6,55,55.133,10.37,9.981,14.158,,,,12,0,0,0,0,,0.301,0,0,0,0,0,0,0,0,0,0,0,0,0,0,0,0,0,0,0,0.727,1.495,6.633,0.019,0,kalabalik
4,Run50_AlphaDengeV1,Hasar-alan,bahcivan,standart,103,taban,10,,,46,41,0,0,0,5,35,7,4,0,0,96,424,1,96,1,105,16,0,115,96,8,1691,15,3,15.64,1.25,1,2.37,0.9,4,0.3,2,23,3.61,1.56,2,3.5,,,34,14,0,,,4.3,5.75,23.72,,,10,16,0.629,0.375,7.095,124,3,18,1,keskin_bicakx1 hizli_bilekx1,8,0,55,14,42,25,14,0,2,0,3,,0,0,0,0,0,0,0,0,0,0,0.5,1.745,0.836,5,0,58,0,0,925,0,0,3,5,4,14,2,0,1.1333,0,950,0,6,55,55.133,11.289,10.593,17,,,,13,0,0,0,0,,0.307,0,0,0,0,0,0,0,0,0,0,0,0,0,0,0,0,0,0,0,0.804,1.534,3.853,0.021,0,kalabalik
4,Run50_AlphaDengeV1,Hasar-alan,bahcivan,standart,103,taban,11,,,78,70,0,0,0,8,65,9,4,0,0,132,132,1,0,0,175,16,0,181,112,8,2527,18,9,16.36,1.25,1,2.286,0.935,4,0.3,2,28,3.93,1.36,1.63,1.5,,,54,20,25,,,2.13,6.29,1.72,,,11,18,0.604,0.333,5.867,199,5,23,1,keskin_bicakx1 hizli_bilekx1 bereketli_toprakx1,12,0,65,17,51,25,17,0,2,0,3,,0,0,0,0,0,0,0,0,0,0,0.667,2.031,1.2,8,0,82,0,0,402,0,0,3,5,4,14,2,0,1.1333,0,1200,0,3,65,65.167,8.942,9.17,6.942,,,,24,0,0,0,0,,0.248,0,0,0,0,0,0,0,0,0,0,0,0,0,0,0,0,0,0,0,0.826,1.575,9.568,0.021,0,kalabalik
4,Run50_AlphaDengeV1,Hasar-alan,bahcivan,standart,103,taban,12,,,69,56,2,0,0,11,48,15,5,1,0,182,314,1,0,0,171,20,2,182,102,10,2416,20,6,18.13,1.25,1,2.286,0.97,4,0.3,2,28,4,1.54,1.93,1.67,,,33,9,0,0,,4.28,8.15,11.42,,,13,22,0.714,0.455,5.96,240,4,27,2,keskin_bicakx1 hizli_bilekx1 bereketli_toprakx1,12,0,65,19,57,25,26,0,2,0,3,,0,0,0,0,0,0,0,0,0,0,0.591,2.8,1.062,13,0,92,0,0,318,0,0,3,5,5,14,2,0,1.1333,0,1400,0,9,65,65.167,13.694,13.068,16.392,,,,24,0,0,0,0,,0.316,0,0,0,0,0,0,0,0,0,0,0,0,0,0,0,0,0,0,0,0.82,1.61,6.032,0.024,0,kalabalik
4,Run50_AlphaDengeV1,Hasar-alan,bahcivan,standart,103,taban,13,,,88,73,1,0,0,14,61,13,8,4,2,650,964,1,650,1,248,62,8,257,134,18,3018,22,6,18.13,1.25,1,2.204,1.005,6,0.3,2,29,5,1.4,1.82,2.4,2.5,3.5,50,23,20,0,0,2.29,4.2,7.49,4.4,16.52,15,26,0.524,0.346,5.881,287,6,33,2,keskin_bicakx1 hizli_bilekx1 bereketli_toprakx1,12,0,65,21,63,31,26,0,2,0,3,,0,0,0,0,0,0,0,0,0,0,0.538,10,1.354,15,0,96,0,0,436,0,0,3,5,5,24,3,0,1.2,0,1700,0,6,65,65.167,8.902,8.806,9.367,,,,31,0,0,0,0,,0.265,0,0,0,0,0,0,0,0,0,0,0,0,0,0,0,0,0,0,0,0.864,1.628,14.616,0.029,0,kalabalik
4,Run50_AlphaDengeV1,Hasar-alan,bahcivan,standart,103,taban,14,,,117,97,8,0,0,12,78,19,14,5,1,758,758,1,0,0,329,56,18,336,190,36,4076,24,6,18.13,1.25,1,1.873,1.005,6,0.3,2,34,5.94,1.44,1.73,2.18,3.5,3,44,16,0,0,0,2.81,5.37,7.49,8.89,5.6,19,37,0.718,0.378,5.695,422,0,33,4,keskin_bicakx1 hizli_bilekx2 bereketli_toprakx1,14,0,65,23,69,37,26,0,2,0,3,,0,0,0,0,0,0,0,0,0,0,0.784,11.662,1.8,20,0,99,0,0,1012,0,0,3,6,6,24,4,0,1.2,0,1900,0,6,65,65.167,13.001,12.687,14.522,,,,57,0,0,0,0,,0.242,0,0,0,0,0,0,0,0,0,0,0,0,0,0,0,0,0,0,0,0.94,1.881,17.114,0.029,0,kalabalik
4,Run50_AlphaDengeV1,Hasar-alan,bahcivan,standart,103,taban,15,,,129,103,5,0,0,21,71,35,13,9,1,968,1726,1,0,0,388,67,18,488,157,54,6314,27,9,19.2,1.25,1,1.806,1.005,6,0.3,2,35,6,1.3,1.97,2,2.5,1,56,18,9,0,0,1.81,6.91,5.58,12.05,0,17,46,0.775,0.5,5.318,562,7,40,6,keskin_bicakx1 hizli_bilekx2 bereketli_toprakx1,17,0,65,26,78,43,26,0,2,0,3,,0,0,0,0,0,0,0,0,0,0,0.87,14.892,1.985,26,0,96,0,0,1126,0,0,3,6,6,36,4,0,1.2667,0,2400,0,6,65,65.167,15.697,14.684,19.709,,,,81,0,0,0,0,,0.259,0,0,0,0,0,0,0,0,0,0,0,0,0,0,0,0,0,0,0,1.023,2.009,13.197,0.034,0,kalabalik
4,Run50_AlphaDengeV1,Hasar-alan,bahcivan,standart,103,taban,16,,,141,105,14,6,0,16,77,41,13,8,2,1380,3106,1,1380,1,575,56,16,620,213,70,6963,30,9,23.08,1.25,1,1.679,1.075,6,0.3,2,38,6,1.37,1.69,1.9,2.2,2,44,16,0,0,0,2.49,4.11,7.89,10.74,10.07,20,49,0.797,0.653,5.258,606,11,51,3,keskin_bicakx1 hizli_bilekx2 bereketli_toprakx1,16,0,65,29,87,49,29,0,2,0,3,,0,0,0,0,0,0,0,0,0,0,0.755,21.231,2.169,36,0,122,0,0,289,0,0,3,6,6,50,4,0,1.3333,0,3000,0,9,65,65.167,16.003,15.535,17.367,,,,116,0,0,0,0,,0.26,0,0,0,0,0,0,0,0,0,0,0,0,0,0,0,0,0,0,0,1.046,2.124,7.517,0.038,0,kalabalik
4,Run50_AlphaDengeV1,Hasar-alan,bahcivan,standart,103,taban,17,,,211,155,26,2,0,28,98,68,35,10,0,2136,2136,1,0,0,735,180,22,753,318,92,12349,33,9,28.62,1.25,1,1.561,1.11,6,0.42,2,41,6,1.12,1.27,1.5,1.75,,75,54,28,0,,0.86,2.42,5.16,6.43,,20,49,0.72,0.51,4.874,653,18,69,0,keskin_bicakx1 hizli_bilekx2 bereketli_toprakx1 kritik_gozx1,27,0,65,32,96,49,38,0,2,0,3,,0,0,0,0,0,0,0,0,0,0,0.735,32.862,3.246,56,0,157,0,0,3038,0,0,3,6,6,125,4,0,1.6,0,3600,0,9,65,65.167,12.246,12.857,10.557,,,,112,0,0,0,0,,0.455,0,0,0,0,0,0,0,0,0,0,0,0,0,0,0,0,0,0,0,0.991,1.947,12.907,0.041,0,kalabalik
4,Run50_AlphaDengeV1,Hasar-alan,bahcivan,standart,103,taban,18,,,238,179,4,3,0,52,116,59,43,17,3,4412,6548,1,0,0,768,220,56,900,505,108,27661,39,18,33.24,1.25,1,1.512,1.145,6,0.42,2,43,6,1.12,1.31,1.35,1.71,2.5,82,56,43,15,0,0.68,1.48,2.24,4.54,15.87,17,49,0.719,0.51,4.548,700,7,76,2,keskin_bicakx1 hizli_bilekx2 bereketli_toprakx1 kritik_gozx1,31,0,65,38,114,49,47,0,2,0,3,,0,0,0,0,0,0,0,0,0,0,0.755,67.877,3.662,59,0,208,0,0,4999,0,0,3,6,6,125,4,0,1.6,0,5300,0,9,65,65.167,9.014,7.907,12.372,,,,115,0,0,0,0,,0.543,0,0,0,0,0,0,0,0,0,0,0,0,0,0,0,0,0,0,0,0.974,1.922,7.833,0.041,0,kalabalik
4,Run50_AlphaDengeV1,Hasar-alan,bahcivan,standart,103,taban,19,,,278,190,25,1,0,62,122,72,53,23,8,7362,13910,1,0,0,987,386,80,992,703,148,34961,45,18,38.16,1.25,1,1.512,1.265,6,0.437,2,43,6,1.05,1.11,1.33,1.5,1.5,91,77,53,50,20,0.2,0.55,1.94,4.54,1.26,15,49,0.705,0.49,4.182,762,9,85,2,keskin_bicakx1 hizli_bilekx2 bereketli_toprakx1 kritik_gozx1,39,0,65,44,132,49,65,0,2,0,3,,0,0,0,0,0,0,0,0,0,0,0.837,113.262,4.277,88,0,283,0,0,3260,0,0,3,6,6,125,4,0,1.6,0,7400,0,18,65,65.167,6.477,6.723,5.945,,,,153,0,0,0,0,,0.593,0,0,0,0,0,0,0,0,0,0,0,0,0,0,0,0,0,0,0,1.15,2.257,7.166,0.039,0,kalabalik
4,Run50_AlphaDengeV1,Hasar-alan,bahcivan,standart,103,taban,20,,,320,204,24,21,0,71,137,68,67,39,9,6952,20862,1,6952,1,945,533,184,967,633,212,42431,50,15,42.03,1.25,1,1.464,1.315,6,0.453,2,44,5.93,1.01,1.13,1.16,1.45,1.5,96,81,73,36,20,0.12,0.99,0.58,2.33,4.76,15,51,0.528,0.333,4.152,798,10,95,1,keskin_bicakx1 hizli_bilekx2 bereketli_toprakx1 kritik_gozx1,37,0,65,49,147,49,83,0,2,0,3,,0,0,0,0,0,0,0,0,0,0,0.627,106.954,4.923,116,0,337,0,0,4691,0,0,3,6,6,125,4,0,1.6,0,9500,0,18,65,65.167,6.482,6.625,6.23,,,,227,0,0,0,0,,0.555,0,0,0,0,0,0,0,0,0,0,0,0,0,0,0,0,0,0,0,1.144,2.062,8.824,0.047,0,kalabalik
4,Run50_AlphaDengeV1,Hasar-alan,bahcivan,standart,103,taban,21,,,250,167,48,0,0,35,102,67,35,39,7,8599,8599,1,0,0,819,295,150,971,698,302,19625,52,6,45.79,1.25,1,1.464,1.315,6,0.453,2,44,6,1,1.29,1.44,1.8,1.8,100,63,44,35,11,0,1.85,2.17,5.27,3.51,24,81,0.812,0.321,4.526,1163,3,98,12,keskin_bicakx1 hizli_bilekx2 bereketli_toprakx1 kritik_gozx1 nadir_tohumx1,35,0,65,51,153,64,83,0,2,0,3,,0,0,0,0,0,0,0,0,0,0,0.728,132.292,3.846,83,0,281,0,0,4816,0,0,3,7,7,125,6,0,1.6,0,10000,0,15,65,65.167,9.126,10.068,7.23,,,,122,0,0,0,0,,0.651,0,0,0,0,0,0,0,0,0,0,0,0,0,0,0,0,0,0,0,1.124,2.126,17.652,0.045,0,kalabalik
4,Run50_AlphaDengeV1,Hasar-alan,bahcivan,standart,103,taban,22,,,259,183,29,0,0,47,96,75,47,31,10,11730,20329,1,0,0,930,411,156,1141,784,458,26907,54,6,45.79,1.25,1,1.418,1.365,6,0.453,2,45,6,1.05,1.32,1.26,1.5,1.75,93,53,59,38,0,0.41,2.29,1.82,1.62,5.49,24,81,0.842,0.667,4.342,1213,5,103,0,keskin_bicakx1 hizli_bilekx2 bereketli_toprakx1 kritik_gozx1 nadir_tohumx1,36,0,65,53,159,70,83,0,2,0,3,,0,0,0,0,0,0,0,0,0,0,0.84,180.462,3.985,76,0,281,0,0,10723,0,0,3,7,7,125,6,0,1.6,0,12000,0,6,65,65.167,10.399,11.621,7.456,,,,130,0,0,0,0,,0.604,0,0,0,0,0,0,0,0,0,0,0,0,0,0,0,0,0,0,0,1.192,2.275,42.231,0.048,0,kalabalik
4,Run50_AlphaDengeV1,Hasar-alan,bahcivan,standart,103,taban,23,,,410,287,53,15,3,52,174,104,69,55,8,11576,31905,1,11576,1,1679,663,201,1730,727,659,32549,57,9,52.15,1.25,1,1.418,1.415,9,0.47,2,45,9,1.02,1.17,1.2,1.5,2.33,95,65,59,40,14,0.11,2.01,1.26,3.61,15.37,24,81,0.729,0.519,4.29,1227,5,108,0,keskin_bicakx1 hizli_bilekx2 bereketli_toprakx1 kritik_gozx1 nadir_tohumx1,45,0,65,56,168,76,83,0,2,0,3,,0,0,0,0,0,0,0,0,0,0,0.765,178.092,6.308,123,0,428,0,0,6272,0,0,3,7,7,125,6,0,1.6,0,13000,0,6,65,65.167,16.843,15.585,19.78,,,,280,0,0,0,0,,0.437,0,0,0,0,0,0,0,0,0,0,0,0,0,0,0,0,0,0,0,1.17,2.295,7.451,0.057,0,kalabalik
4,Run50_AlphaDengeV1,Hasar-alan,bahcivan,standart,103,taban,24,,,512,315,74,15,4,104,188,131,120,54,19,18014,18014,1,0,0,2499,1336,243,2559,1363,902,52624,61,12,56.1,1.25,1.3,1.373,1.415,9,0.487,2,47,9,1,1.17,1.09,1.32,1.22,100,69,80,52,43,0,1.23,1.02,3.05,0.77,24,81,0.667,0.457,4.185,1258,10,118,0,keskin_bicakx1 hizli_bilekx2 bereketli_toprakx1 kritik_gozx1 nadir_tohumx1 yikim_gucux1,52,0,65,60,180,81,87,0,2,0,3,,0,0,0,0,0,0,0,0,0,0,0.605,277.138,7.877,197,0,451,0,0,2896,0,0,3,9,9,125,7,0,1.6,0,16000,0,9,65,65.167,7.354,8.446,5.608,,,,314,0,0,0,0,,0.654,0,0,0,0,0,0,0,0,0,0,0,0,0,0,0,0,0,0,0,1.249,2.395,8.481,0.055,0,kalabalik
4,Run50_AlphaDengeV1,Hasar-alan,bahcivan,standart,103,taban,25,,,541,324,96,34,1,86,228,136,99,65,13,14538,32552,1,0,0,2776,1016,322,3020,1489,1174,51180,64,9,63.05,1.25,1.3,1.33,1.465,9,0.503,2,48,8.9,1,1.21,1.08,1.24,1.75,100,70,72,70,30,0,1.78,0.58,1.86,5.81,24,81,0.651,0.457,4.156,1267,9,127,0,keskin_bicakx1 hizli_bilekx2 bereketli_toprakx1 kritik_gozx1 nadir_tohumx1 yikim_gucux1,56,0,65,63,189,81,99,0,2,0,3,,0,0,0,0,0,0,0,0,0,0,0.667,223.662,8.323,217,0,503,0,0,5076,0,0,3,9,9,575,7,0,1.6667,0,18000,0,12,65,65.167,6.19,7.149,4.733,,,,297,0,0,0,0,,0.723,0,0,0,0,0,0,0,0,0,0,0,0,0,0,0,0,0,0,0,1.166,2.238,8.645,0.061,0,kalabalik
4,Run50_AlphaDengeV1,Hasar-alan,bahcivan,standart,103,taban,26,,,366,235,67,3,0,61,136,100,69,49,12,14146,46698,1,14146,1,1762,624,237,2052,653,1411,32991,66,6,72.57,1.25,1.3,1.288,1.515,9,0.52,2,50,6,1,1.1,1.41,1.12,1.27,100,82,54,83,44,0,0.82,3,0.82,2.34,24,81,0.779,0.568,4.156,1267,7,134,0,keskin_bicakx1 hizli_bilekx2 bereketli_toprakx1 kritik_gozx1 nadir_tohumx1 yikim_gucux1,47,0,65,65,195,81,108,0,2,0,3,,0,0,0,0,0,0,0,0,0,0,0.617,217.631,5.631,131,0,543,0,0,2067,0,0,3,9,9,575,7,0,1.6667,0,19000,0,9,65,65.167,9.535,9.957,8.777,,,,148,0,0,0,0,,0.879,0,0,0,0,0,0,0,0,0,0,0,0,0,0,0,0,0,0,0,1.09,2.044,15.634,0.051,0,kalabalik
4,Run50_AlphaDengeV1,Hasar-alan,bahcivan,standart,103,taban,27,,,637,404,85,38,3,107,220,168,131,89,29,23401,23401,1,0,0,3100,1784,564,3302,1967,1825,63164,69,9,76.92,1.25,1.3,1.095,1.565,9,0.52,2.111,59,8.88,1,1.04,1.32,1.19,1.26,100,89,61,71,60,0,0.33,2.14,1.18,1.27,24,81,0.608,0.432,4.046,1301,7,141,0,keskin_bicakx1 hizli_bilekx3 bereketli_toprakx1 kritik_gozx1 nadir_tohumx1 yikim_gucux1,65,0,65,68,204,81,114,0,2,0,3,,0,0,0,0,0,0,0,0,0,0,0.494,360.015,9.8,233,0,652,0,0,5231,0,0,3,9,9,1165,7,0,1.7333,0,22000,0,6,65,65.167,6.54,7.749,4.445,,,,309,0,0,0,0,,0.792,0,0,0,0,0,0,0,0,0,0,0,0,0,0,0,0,0,0,0,1.35,2.467,64.887,0.07,0,kalabalik
4,Run50_AlphaDengeV1,Hasar-alan,bahcivan,standart,103,taban,28,,,704,436,94,33,4,137,234,178,163,101,28,29362,52763,1,0,0,3330,2067,620,3432,2694,2380,79812,72,9,83.44,1.25,1.3,1.061,1.565,9,0.537,2.111,61,8.8,1,1.08,1.17,1.12,1.11,100,89,78,77,74,0,0.79,1.19,0.87,0.76,24,81,0.6,0.37,3.91,1347,8,149,0,keskin_bicakx1 hizli_bilekx3 bereketli_toprakx1 kritik_gozx1 nadir_tohumx1 yikim_gucux1,69,0,65,71,213,81,123,0,2,0,3,,0,0,0,0,0,0,0,0,0,0,0.593,451.723,10.831,268,0,730,0,0,18043,0,0,3,9,9,1895,7,0,1.8,0,24000,0,9,65,65.167,4.4,5.129,3.215,,,,349,0,0,0,0,,0.807,0,0,0,0,0,0,0,0,0,0,0,0,0,0,0,0,0,0,0,1.306,2.469,12.71,0.075,0,kalabalik
4,Run50_AlphaDengeV1,Hasar-alan,bahcivan,standart,103,taban,29,,,749,439,96,48,9,157,288,184,146,96,35,34308,87071,1,0,0,4013,1896,696,4195,2960,2881,85324,76,12,94.04,1.25,1.3,1.061,1.615,9,0.537,2.222,61,8.82,1,1.06,1.07,1.09,1.09,100,94,83,81,80,0,0.3,0.38,0.81,0.78,24,81,0.575,0.37,3.881,1356,7,156,0,keskin_bicakx1 hizli_bilekx3 bereketli_toprakx1 kritik_gozx1 nadir_tohumx1 yikim_gucux1,73,0,65,75,225,81,132,0,2,0,3,,0,0,0,0,0,0,0,0,0,0,0.494,527.815,11.523,310,0,908,0,0,1367,0,0,3,9,9,1895,7,0,1.8,0,28000,0,9,65,65.167,4.186,4.725,3.423,,,,407,0,0,0,0,,0.815,0,0,0,0,0,0,0,0,0,0,0,0,0,0,0,0,0,0,0,1.332,2.533,12.303,0.079,0,kalabalik
4,Run50_AlphaDengeV1,Hasar-alan,bahcivan,standart,103,taban,30,,,673,426,90,28,3,126,236,175,143,95,24,28229,115300,1,28229,1,4126,1837,650,4431,4687,3451,73509,78,6,94.04,1.25,1.3,0.995,1.665,9,0.553,2.222,65,8.85,1,1.09,1.21,1.29,1.59,99,85,67,58,41,0,0.54,1.5,2.15,3.69,24,81,0.607,0.37,3.869,1361,9,165,0,keskin_bicakx1 hizli_bilekx3 bereketli_toprakx1 kritik_gozx1 nadir_tohumx1 yikim_gucux1,79,0,65,77,231,81,144,0,2,0,3,,0,0,0,0,0,0,0,0,0,0,0.63,434.292,10.354,247,0,902,0,0,17876,0,0,3,9,9,2755,7,0,1.8667,0,30000,0,12,65,65.167,4.523,5.259,3.253,,,,399,0,0,0,0,,0.679,0,0,0,0,0,0,0,0,0,0,0,0,0,0,0,0,0,0,0,1.303,2.44,17.718,0.072,0,kalabalik
4,Run50_AlphaDengeV1,Hasar-alan,bahcivan,standart,103,taban,31,,,991,653,90,73,7,168,342,259,195,153,42,40139,40139,1,0,0,6052,2376,1142,6393,4653,4353,107635,81,9,105.24,1.25,1.3,0.696,1.665,9,0.57,2.333,93,8.38,1,1.04,1.08,1.14,1.24,100,94,82,76,64,0,0.15,0.41,0.59,1.06,24,81,0.472,0.235,3.775,1395,8,173,0,keskin_bicakx1 hizli_bilekx3 bereketli_toprakx1 kritik_gozx1 nadir_tohumx1 yikim_gucux1 firtina_bilegix1,97,0,65,80,240,81,150,0,2,0,3,,0,0,0,0,0,0,0,0,0,0,0.42,617.523,15.246,338,0,1060,0,0,32511,0,0,3,9,9,2755,7,0,1.8667,0,33000,0,6,65,65.167,2.656,2.85,2.28,,,,472,0,0,0,0,,0.774,0,0,0,0,0,0,0,0,0,0,0,0,0,0,0,0,0,0,0,1.475,2.831,18.74,0.091,0,kalabalik
4,Run50_AlphaDengeV1,Hasar-alan,bahcivan,standart,103,taban,32,,,991,633,104,69,7,178,323,281,216,129,42,42273,82412,1,0,0,6309,3270,1050,9002,7803,5308,117423,85,12,112.36,1.25,1.3,0.696,1.665,9,0.57,2.333,93,8.3,1,1.01,1.13,1.12,1.07,100,98,71,78,79,0,0.04,0.54,0.55,0.62,24,81,0.467,0.235,3.775,1395,4,177,0,keskin_bicakx1 hizli_bilekx3 bereketli_toprakx1 kritik_gozx1 nadir_tohumx1 yikim_gucux1 firtina_bilegix1,96,0,65,84,252,81,159,0,2,0,3,,0,0,0,0,0,0,0,0,0,0,0.63,650.354,15.246,358,0,1139,0,0,11934,0,0,3,9,9,3755,7,0,1.9333,0,38000,0,9,65,65.167,2.452,2.782,1.868,,,,483,0,0,0,0,,0.753,0,0,0,0,0,0,0,0,0,0,0,0,0,0,0,0,0,0,0,1.536,2.926,22.839,0.095,0,kalabalik
4,Run50_AlphaDengeV1,Hasar-alan,bahcivan,standart,103,taban,33,,,755,465,102,52,6,130,257,216,166,86,30,33448,115860,1,33448,1,4810,2595,725,10662,8228,5743,94522,87,6,117.04,1.25,1.3,0.696,1.665,9,0.57,2.444,93,6,1,1.03,1.17,1.16,1.13,100,96,75,72,86,0,0.1,0.97,0.81,0.46,24,81,0.607,0.37,3.673,1434,7,184,0,keskin_bicakx1 hizli_bilekx3 bereketli_toprakx1 kritik_gozx1 nadir_tohumx1 yikim_gucux1 firtina_bilegix1,79,0,65,86,258,81,171,0,2,0,3,,0,0,0,0,0,0,0,0,0,0,0.494,514.585,11.615,290,0,1229,0,0,29456,0,0,3,9,9,4855,7,0,2,0,40000,0,12,65,65.167,4.215,4.533,3.704,,,,385,0,0,0,0,,0.792,0,0,0,0,0,0,0,0,0,0,0,0,0,0,0,0,0,0,0,1.375,2.645,9.774,0.084,0,kalabalik
4,Run50_AlphaDengeV1,Hasar-alan,bahcivan,standart,103,taban,34,,,1101,736,133,70,10,152,371,298,238,159,35,43936,43936,1,0,0,6630,3508,1190,17292,11166,6823,123962,90,9,117.04,1.25,1.3,0.696,2.198,12,0.57,2.444,93,9.96,1,1.02,1.18,1.16,1.24,100,97,76,78,68,0,0.09,0.85,0.47,0.66,24,81,0.452,0.198,3.656,1440,2,186,0,keskin_bicakx1 hizli_bilekx3 bereketli_toprakx1 kritik_gozx1 nadir_tohumx1 yikim_gucux1 firtina_bilegix1 genis_savurusx1,106,0,65,89,267,81,177,0,2,0,3,,0,0,0,0,0,0,0,0,0,0,0.481,675.938,16.938,365,0,1214,0,0,30418,0,0,3,9,9,4855,7,0,2,0,44000,0,6,65,65.167,2.155,2.44,1.578,,,,492,0,0,0,0,,0.782,0,0,0,0,0,0,0,0,0,0,0,0,0,0,0,0,0,0,0,1.577,2.989,10.792,0.108,0,kalabalik
4,Run50_AlphaDengeV1,Hasar-alan,bahcivan,standart,103,taban,35,,,1240,832,136,70,12,190,425,335,267,158,55,56328,100264,1,0,0,8529,4397,1347,20421,14933,7840,150756,93,9,137.2,1.25,1.3,0.635,2.198,12,0.57,2.556,102,9.95,1,1,1.14,1.16,1.13,100,99,79,79,80,0,0,0.55,0.4,0.4,24,81,0.439,0.198,3.39,1553,5,191,0,keskin_bicakx1 hizli_bilekx3 bereketli_toprakx1 kritik_gozx1 nadir_tohumx1 yikim_gucux1 firtina_bilegix1 genis_savurusx1,113,0,65,92,276,81,180,6,2,0,3,,0,0,0,0,0,0,0,0,0,0,0.37,866.585,19.077,408,0,1493,0,0,46174,0,0,3,9,9,6155,7,0,2.0667,0,48000,0,9,65,65.167,1.874,1.944,1.731,,,,519,0,0,0,0,,0.816,0,0,0,0,0,0,0,0,0,0,0,0,0,0,0,0,0,0,0,1.616,3.148,9.426,0.115,0,kalabalik
4,Run50_AlphaDengeV1,Hasar-alan,bahcivan,standart,103,taban,36,,,1070,874,66,21,15,94,378,255,244,158,35,55764,156028,1,55764,1,6955,3928,1371,26816,17161,9086,113830,96,9,152.82,1.25,1.3,0.534,2.198,12,0.57,2.556,121,8.43,1,1,1.11,1.24,1.32,100,100,86,71,66,0,0,0.28,0.46,0.65,24,81,0.312,0.086,3.39,1553,3,194,0,keskin_bicakx1 hizli_bilekx3 bereketli_toprakx1 kritik_gozx1 nadir_tohumx1 yikim_gucux1 firtina_bilegix1 genis_savurusx1,104,0.012,65,95,285,81,181,14,2,0,3,,0,0,0,0,0,0,0,0,0,0,0.37,857.908,16.462,196,0,1702,0,0,12004,0,0,3,9,9,6155,7,1,2.1287,0.03,52000,0,9,65,65.167,1.506,1.484,1.605,,,,245,0,0,0,0,,0.799,0,0,0,0,0,0,0,0,0,0,0,0,0,0,0,0,0,0,0,1.438,2.751,10.535,0.104,0,kalabalik
4,Run50_AlphaDengeV1,Hasar-alan,bahcivan,standart,103,taban,37,,,1712,1270,137,76,17,212,542,431,413,254,72,80869,80869,1,0,0,11769,6856,2586,33785,22687,11292,230791,100,12,178.61,1.25,1.3,0.518,2.198,12,0.57,2.667,125,11.72,1,1,1.04,1.05,1.04,100,100,96,94,92,0,0,0.07,0.18,0.07,24,81,0.322,0.123,3.208,1641,5,199,0,keskin_bicakx1 hizli_bilekx3 bereketli_toprakx1 kritik_gozx1 nadir_tohumx1 yikim_gucux1 firtina_bilegix1 genis_savurusx1 hasat_ritmix1,149,0.006,65,99,297,81,182,22,2,0,3,hasat_ritmi@R36,0,0,0,0,0,62,62,0,0,0,0.321,1244.138,26.338,442,0,3619,0,0,24795,0,0,3,9,9,7555,7,2,2.2613,0.06,58000,0,9,65,65.167,0.99,1.018,0.908,,,,504,0,0,0,0,,0.919,0,0,0,0,0,0,0,0,0,0,0,0,0,0,0,0,0,0,0,1.799,3.564,12.518,0.149,0,kalabalik
4,Run50_AlphaDengeV1,Hasar-alan,bahcivan,standart,103,taban,38,,,1859,1430,126,78,14,211,625,498,426,240,70,81038,161907,1,0,0,16008,8940,2599,48493,29727,13751,240866,104,12,208.62,1.25,1.3,0.44,2.198,12,0.57,2.667,147,10.95,1,1,1.01,1.07,1.11,100,100,99,92,89,0,0,0.02,0.12,0.16,24,81,0.295,0.074,3.081,1709,3,202,0,keskin_bicakx1 hizli_bilekx3 bereketli_toprakx1 kritik_gozx1 nadir_tohumx1 yikim_gucux1 firtina_bilegix1 genis_savurusx1 hasat_ritmix1,169,0.029,65,103,309,81,182,34,2,0,3,hasat_ritmi@R36,0,0,0,0,0,71,71,0,0,0,0.284,1246.738,28.6,429,0,4231,0,0,22661,0,0,3,9,9,7555,7,2,2.2613,0.06,65000,0,12,65,65.167,0.804,0.83,0.717,,,,502,0,0,0,0,,0.935,0,0,0,0,0,0,0,0,0,0,0,0,0,0,0,0,0,0,0,1.799,3.527,12.407,0.155,0,kalabalik
4,Run50_AlphaDengeV1,Hasar-alan,bahcivan,standart,103,taban,39,,,2091,1552,160,119,16,244,693,547,461,310,80,98866,260773,1,0,0,17314,9510,3649,59887,39237,16980,297154,108,12,276.1,1.25,1.3,0.422,2.198,12,0.57,2.778,153,11.32,1,1,1,1.01,1.03,100,100,100,98,97,0,0,0,0.01,0.05,24,81,0.328,0.111,2.566,2052,4,206,0,keskin_bicakx1 hizli_bilekx3 bereketli_toprakx1 kritik_gozx1 nadir_tohumx1 yikim_gucux1 firtina_bilegix1 genis_savurusx1 hasat_ritmix1,178,0.014,65,107,321,81,182,46,2,0,3,hasat_ritmi@R36,0,0,0,0,0,76,76,0,0,0,0.346,1521.015,32.169,539,0,5796,0,0,48815,0,0,3,9,9,9055,7,3,2.42,0.1,72000,0,12,65,65.167,0.799,0.804,0.785,,,,577,0,0,0,0,,0.975,0,0,0,0,0,0,0,0,0,0,0,0,0,0,0,0,0,0,0,1.946,3.69,21.881,0.175,0,kalabalik
4,Run50_AlphaDengeV1,Hasar-alan,bahcivan,standart,103,taban,40,,,2143,1609,158,148,22,206,697,585,458,295,108,111634,372407,1,111634,1,22202,12624,4409,80489,51161,21234,299922,112,12,323.09,1.25,1.3,0.397,2.198,12,0.57,2.778,163,11.13,1,1,1.02,1.05,1.09,100,100,98,94,90,0,0,0.03,0.08,0.16,24,81,0.329,0.111,2.464,2137,3,209,0,keskin_bicakx1 hizli_bilekx3 bereketli_toprakx1 kritik_gozx1 nadir_tohumx1 yikim_gucux1 firtina_bilegix1 genis_savurusx1 hasat_ritmix1,185,0.009,65,111,333,81,182,58,2,0,3,hasat_ritmi@R36,0,0,0,0,0,80,80,0,0,0,0.259,1717.446,32.969,534,0,6814,0,0,48737,0,0,3,9,9,9055,7,4,2.508,0.14,80000,0,12,65,65.167,0.786,0.813,0.702,,,,586,0,0,0,0,,0.962,0,0,0,0,0,0,0,0,0,0,0,0,0,0,0,0,0,0,0,2.013,3.943,15.079,0.173,1,kalabalik
4,Run50_AlphaDengeV1,Hasar-alan,bahcivan,standart,103,taban,41,,,2836,2234,156,151,39,256,903,755,662,371,145,145259,145259,1,0,0,27766,18207,5764,104155,69368,26528,458615,117,15,382.73,1.25,1.3,0.344,2.901,16,0.57,2.889,188,13.13,1,1,1,1,1,100,100,100,100,100,0,0,0,0,0,24,81,0.232,0.025,2.342,2248,2,211,0,keskin_bicakx1 hizli_bilekx3 bereketli_toprakx1 kritik_gozx1 nadir_tohumx1 yikim_gucux1 firtina_bilegix1 genis_savurusx2 hasat_ritmix1,247,0.246,65,116,348,81,182,70,2,0,3,hasat_ritmi@R36,0,0,0,0,0,92,92,0,0,0,0.247,2234.754,43.631,602,0,8364,0,0,87352,0,0,3,9,9,9055,7,7,2.816,0.28,90000,0,12,65,65.167,0.403,0.397,0.424,,,,613,0,0,0,0,,0.99,0,0,0,0,0,0,0,0,0,0,0,0,0,0,0,0,0,0,0,2.102,4.193,18.118,0.206,0,kalabalik
4,Run50_AlphaDengeV1,Hasar-alan,bahcivan,standart,103,taban,42,,,3815,2954,249,176,56,380,1230,973,875,569,168,180697,325956,1,0,0,44552,29704,10333,148542,98302,34751,604591,124,21,413.96,1.25,1.3,0.302,2.901,16,0.57,2.889,215,15.2,1,1,1,1,1,100,100,100,100,100,0,0,0,0,0,31,121,0.256,0.066,2.169,3627,3,214,14,keskin_bicakx1 hizli_bilekx3 bereketli_toprakx1 kritik_gozx1 nadir_tohumx1 yikim_gucux1 firtina_bilegix1 genis_savurusx2 hasat_ritmix1,327,0.123,65,123,369,81,182,85,2,0,3,hasat_ritmi@R36,0,0,0,0,0,108,107,0,0,0,0.355,2779.954,58.692,861,0,8976,0,0,19943,0,0,3,9,9,9055,7,9,3.014,0.37,110000,0,15,65,65.167,0.496,0.508,0.452,,,,876,0,0,0,0,,0.99,0,0,0,0,0,0,0,0,0,0,0,0,0,0,0,0,0,0,0,2.511,4.852,32.178,0.257,0,kalabalik
4,Run50_AlphaDengeV1,Hasar-alan,bahcivan,standart,103,taban,43,,,3141,2581,171,134,35,220,1018,837,673,462,151,167726,493682,1,167726,1,36612,23852,9367,183354,122154,43598,413333,127,9,413.96,1.25,1.3,0.302,2.901,16,0.57,3,215,13,1,1,1,1,1.01,100,100,100,100,99,0,0,0,0,0,31,121,0.227,0.033,2.05,3837,2,216,0,keskin_bicakx1 hizli_bilekx3 bereketli_toprakx1 kritik_gozx1 nadir_tohumx1 yikim_gucux1 firtina_bilegix1 genis_savurusx2 hasat_ritmix1,271,0.156,65,126,378,102,182,85,2,0,3,hasat_ritmi@R36,0,0,0,0,0,107,107,0,0,0,0.149,2580.4,48.323,560,0,9012,0,0,103276,0,0,3,12,12,9055,10,9,3.014,0.37,110000,0,21,65,65.167,0.543,0.517,0.667,,,,590,0,0,0,0,,0.995,0,0,0,0,0,0,0,0,0,0,0,0,0,0,0,0,0,0,0,2.411,4.628,64.822,0.238,0,kalabalik
4,Run50_AlphaDengeV1,Hasar-alan,bahcivan,standart,103,taban,44,,,4274,2872,689,223,116,374,1321,1103,1024,650,176,197002,197002,1,0,0,48490,33786,11766,231844,155940,55364,691641,133,18,413.96,1.25,1.3,0.302,2.901,16,0.57,3,215,14.93,1,1,1,1,1,100,100,100,100,100,0,0,0,0,0,31,121,0.268,0.066,2.002,3929,0,216,0,keskin_bicakx1 hizli_bilekx3 bereketli_toprakx1 kritik_gozx1 nadir_tohumx1 yikim_gucux1 firtina_bilegix1 genis_savurusx2 hasat_ritmix1 artci_patlamax1,357,0.054,65,132,396,111,182,85,2,0,3,hasat_ritmi@R36 artci_patlama@R43,301,300,1,396,396,107,108,1,0,0,0.24,3030.8,65.754,1006,0,9357,0,0,74917,0,0,3,12,12,9055,12,9,3.014,0.37,130000,0,9,65,65.167,0.478,0.502,0.447,,,0.34,1098,0,0,0,0,,0.978,0,0,0,0,0,0,0,0,0,0,0,0,0,0,0,0,0,0,0,3.08,5.85,16.308,0.29,0,kalabalik
4,Run50_AlphaDengeV1,Hasar-alan,bahcivan,standart,103,taban,45,,,4423,2941,763,252,131,336,1325,1145,1030,701,222,219802,416804,1,0,0,54259,36061,14056,284103,192001,69420,843439,139,18,413.96,1.25,1.3,0.302,2.901,16,0.57,3,215,15.26,1,1,1,1,1,100,100,100,100,99,0,0,0,0,0,31,121,0.285,0.116,1.95,4034,1,217,0,keskin_bicakx1 hizli_bilekx3 bereketli_toprakx1 kritik_gozx1 nadir_tohumx1 yikim_gucux1 firtina_bilegix1 genis_savurusx2 hasat_ritmix1 artci_patlamax1,375,0.027,65,138,414,121,190,85,2,0,3,hasat_ritmi@R36 artci_patlama@R43,273,272,1,464,464,108,107,0,0,0,0.281,3381.569,68.046,1018,0,9403,0,0,108356,0,0,3,13,13,9055,15,9,3.014,0.37,150000,0,18,65,65.167,0.486,0.498,0.506,,,0.352,1102,0,0,0,0,,0.977,0,0,0,0,0,0,0,0,0,0,0,0,0,0,0,0,0,0,0,3.163,6.175,14.175,0.29,0,kalabalik
4,Run50_AlphaDengeV1,Hasar-alan,bahcivan,standart,103,taban,46,,,4395,2913,668,254,155,405,1343,1173,1006,656,217,207870,624674,1,207870,1,50379,36780,13578,334482,228781,82998,852562,144,15,413.96,1.25,1.3,0.302,2.901,16,0.57,3,215,15.23,1,1,1,1,1.01,100,100,100,100,97,0,0,0,0,0.01,31,121,0.317,0.124,1.876,4193,0,217,0,keskin_bicakx1 hizli_bilekx3 bereketli_toprakx1 kritik_gozx1 nadir_tohumx1 yikim_gucux1 firtina_bilegix1 genis_savurusx2 hasat_ritmix1 artci_patlamax1,368,0.001,65,143,429,121,208,85,2,0,3,hasat_ritmi@R36 artci_patlama@R43,281,278,3,370,370,107,108,4,0,0,0.372,3198,67.615,1112,0,9348,0,0,165918,0,0,3,13,13,9055,15,9,3.014,0.37,180000,0,18,65,65.167,0.554,0.578,0.513,,,0.471,1222,0,0,0,0,,0.978,0,0,0,0,0,0,0,0,0,0,0,0,0,0,0,0,0,0,0,3.061,5.617,25.59,0.294,0,kalabalik
4,Run50_AlphaDengeV1,Hasar-alan,bahcivan,standart,103,taban,47,,,4641,3037,789,231,201,383,1433,1229,1053,720,206,201051,201051,1,0,0,57388,37840,13141,391870,266621,96139,914344,149,15,413.96,2,1.3,0.302,2.901,16,0.57,3,215,15.96,1,1,1,1,1,100,100,100,100,100,0,0,0,0,0,31,121,0.301,0.107,1.854,4241,0,217,0,keskin_bicakx1 hizli_bilekx3 bereketli_toprakx1 kritik_gozx1 nadir_tohumx1 yikim_gucux1 firtina_bilegix1 genis_savurusx2 hasat_ritmix1 artci_patlamax1 canavar_kesimix1,396,0.012,65,148,444,121,223,85,2,0,3,hasat_ritmi@R36 artci_patlama@R43,327,325,2,420,420,108,107,5,0,0,0.24,3093.092,71.4,1184,0,14808,0,0,105262,0,0,3,13,13,9055,15,9,3.014,0.37,217500,0,15,65,65.167,0.495,0.523,0.457,,,0.381,1330,0,0,0,0,,0.971,0,0,0,0,0,0,0,0,0,0,0,0,0,0,0,0,0,0,0,3.204,6.029,26.845,0.3,0,kalabalik
4,Run50_AlphaDengeV1,Hasar-alan,bahcivan,standart,103,taban,48,,,4655,3124,724,238,193,376,1411,1243,1066,714,221,220569,421620,1,0,0,59112,36659,14182,448782,303280,110321,960328,153,12,422.24,2,1.3,0.302,2.901,16,0.57,3,215,16.2,1,1,1,1,1,100,100,100,100,100,0,0,0,0,0,31,121,0.313,0.124,1.851,4249,1,218,0,keskin_bicakx1 hizli_bilekx3 bereketli_toprakx1 kritik_gozx1 nadir_tohumx1 yikim_gucux1 firtina_bilegix1 genis_savurusx2 hasat_ritmix1 artci_patlamax1 canavar_kesimix1,392,0.005,65,152,456,121,237,86,2,0,3,hasat_ritmi@R36 artci_patlama@R43,291,289,2,409,409,107,108,1,0,0,0.223,3393.369,71.615,1122,0,15372,0,0,150590,0,0,3,13,13,9055,15,9,3.014,0.37,247500,0,15,65,65.167,0.515,0.508,0.57,,,0.4,1248,0,0,0,0,,0.966,0,0,0,0,0,0,0,0,0,0,0,0,0,0,0,0,0,0,0,3.172,6.144,14.719,0.3,0,kalabalik
4,Run50_AlphaDengeV1,Hasar-alan,bahcivan,standart,103,taban,49,,,5131,3366,825,243,292,405,1533,1362,1184,801,251,241166,662786,1,0,0,63243,42713,17772,512025,345993,128093,1100320,157,12,493.92,2,1.3,0.275,2.901,16,0.57,3,236,15.89,1,1,1,1,1,100,100,100,100,100,0,0,0,0,0,31,121,0.291,0.091,1.712,4594,0,218,0,keskin_bicakx1 hizli_bilekx3 bereketli_toprakx1 kritik_gozx1 nadir_tohumx1 yikim_gucux1 firtina_bilegix1 genis_savurusx2 hasat_ritmix1 artci_patlamax1 canavar_kesimix1,448,0.012,65,156,468,121,239,96,2,0,3,hasat_ritmi@R36 artci_patlama@R43,359,354,5,476,476,118,118,13,0,0,0.347,3710.246,78.938,1289,0,17952,0,0,215910,0,0,3,13,13,9055,15,10,3.124,0.42,277500,0,12,65,65.167,0.432,0.442,0.44,,,0.33,1375,0,0,0,0,,0.978,0,0,0,0,0,0,0,0,0,0,0,0,0,0,0,0,0,0,0,3.402,6.365,18.822,0.312,1,kalabalik
4,Run50_AlphaDengeV1,Hasar-alan,bahcivan,standart,103,taban,50,,,5468,3667,839,229,305,428,1620,1465,1283,810,290,265675,928461,1,265675,1,72824,48555,17712,582449,394548,145805,1223987,161,12,618.43,2,1.3,0.253,2.901,16,0.57,3,256,16.02,1,1,1,1,1,100,100,100,100,100,0,0,0,0,0,31,121,0.29,0.107,1.568,5014,1,219,0,keskin_bicakx1 hizli_bilekx3 bereketli_toprakx1 kritik_gozx1 nadir_tohumx1 yikim_gucux1 firtina_bilegix1 genis_savurusx2 hasat_ritmix1 artci_patlamax1 canavar_kesimix1,456,0.01,65,160,480,121,239,108,2,0,3,hasat_ritmi@R36 artci_patlama@R43,393,393,0,467,467,128,128,6,0,0,0.207,4087.308,84.123,1334,0,22539,0,0,284897,0,0,3,13,13,9055,15,12,3.344,0.52,307500,0,12,65,65.167,0.396,0.409,0.403,,,0.274,1474,0,0,0,0,,0.968,0,0,0,0,0,0,0,0,0,0,0,0,0,0,0,0,0,0,0,3.519,6.539,22.998,0.345,0,kalabalik
4,Run50_AlphaDengeV1,Hasar-alan,bahcivan,standart,103,taban,50,KAZANDI
5,Run50_AlphaDengeV1,Hasar-alan,bahcivan,standart,104,taban,1,,,13,13,0,0,0,0,11,2,0,0,0,17,17,1,0,0,30,0,0,30,0,0,280,1,0,10,1,1,3,0.9,4,0.3,2,13,2.23,2.09,2.5,,,,9,0,,,,3.27,4.5,,,,2,4,0.358,0,8,23,0,0,2,,4,0.231,45,0,0,0,0,0,0,0,0,,0,0,0,0,0,0,0,0,0,0,0.75,0.378,0.289,0,0,22,0,0,280,0,0,0,0,0,0,0,0,1,0,390,0,0,45,45.133,4.464,4.464,,,,,0,0,0,0,0,,,0,0,0,0,0,0,0,0,0,0,0,0,0,0,0,0,0,0,0,0.547,1.208,6.617,0.02,0,kalabalik
5,Run50_AlphaDengeV1,Hasar-alan,bahcivan,standart,104,taban,2,,,13,13,0,0,0,0,9,2,2,0,0,35,52,1,0,0,26,8,0,31,8,0,320,2,3,10.67,1,1,3,0.9,4,0.3,2,14,2.64,2.44,2,3,,,0,0,0,,,4.33,3,9,,,3,5,0.522,0.2,8,28,1,1,1,,4,0,45,1,3,0,0,0,0,0,0,,0,0,0,0,0,0,0,0,0,0,0.8,0.778,0.289,0,0,24,0,0,210,0,0,0,0,0,0,0,0,1,0,410,0,0,45,45.133,7.085,7.085,,,,,0,0,0,0,0,,,0,0,0,0,0,0,0,0,0,0,0,0,0,0,0,0,0,0,0,0.581,1.209,3.324,0.016,0,kalabalik
5,Run50_AlphaDengeV1,Hasar-alan,bahcivan,standart,104,taban,3,,,17,16,1,0,0,0,10,5,2,0,0,46,98,1,46,1,40,8,0,44,16,0,430,3,3,11.33,1,1,3,0.9,4,0.3,2,14,2.93,2.11,2,3.5,,,25,0,0,,,5,4.2,12,,,4,6,0.518,0.167,8,34,1,2,1,,4,0,45,2,6,3,0,0,2,0,3,,0,0,0,0,0,0,0,0,0,0,0.333,1.022,0.378,1,0,26,0,0,230,0,0,3,1,1,0,0,0,1,0,420,0,3,45,45.133,9.041,9.546,0.967,,,,1,0,0,0,0,,0.478,0,0,0,0,0,0,0,0,0,0,0,0,0,0,0,0,0,0,0,0.59,1.202,5.463,0.018,0,kalabalik
5,Run50_AlphaDengeV1,Hasar-alan,bahcivan,standart,104,taban,4,,,20,19,1,0,0,0,13,6,1,0,0,43,43,1,0,0,50,4,0,54,20,0,560,4,3,11.33,1.25,1,3,0.9,4,0.3,2,14,3.29,1.83,2.5,3,,,13,0,0,,,4,6.5,12,,,5,8,0.524,0.125,8,45,0,2,1,keskin_bicakx1,7,0.111,45,3,9,6,0,0,2,0,3,,0,0,0,0,0,0,0,0,0,0,0.875,0.956,0.444,1,0,32,0,0,370,0,0,3,1,1,0,2,0,1,0,440,0,3,45,45.133,8.562,8.33,12.967,,,,1,0,0,0,0,,0.417,0,0,0,0,0,0,0,0,0,0,0,0,0,0,0,0,0,0,0,0.589,1.203,3.722,0.018,0,kalabalik
5,Run50_AlphaDengeV1,Hasar-alan,bahcivan,standart,104,taban,5,,,25,23,2,0,0,0,21,2,2,0,0,47,90,1,0,0,50,8,0,59,28,0,652,6,6,12.67,1.25,1,3,0.9,4,0.3,2,14,3.14,1.67,1,2,,,25,,0,,,4.14,0,12,,,6,9,0.544,0.222,7.57,54,3,5,1,keskin_bicakx1,6,0,45,5,15,9,0,0,2,0,3,,0,0,0,0,0,0,0,0,0,0,0.889,1.044,0.556,2,0,34,0,0,112,0,0,3,2,2,0,2,0,1,0,490,0,3,45,45.133,8.407,8.262,10.067,,,,4,0,0,0,0,,0.174,0,0,0,0,0,0,0,0,0,0,0,0,0,0,0,0,0,0,0,0.647,1.258,3.532,0.017,0,kalabalik
5,Run50_AlphaDengeV1,Hasar-alan,bahcivan,standart,104,taban,6,,,27,25,2,0,0,0,15,6,6,0,0,110,200,1,110,1,54,24,0,56,52,0,870,7,3,13.33,1.25,1,2.892,0.9,4,0.3,2,19,2.58,1.47,2,2.2,,,50,0,0,,,2.51,4.65,12.15,,,6,9,0.477,0.111,7.463,66,4,9,0,keskin_bicakx1,5,0.034,55,6,18,9,6,0,2,0,3,,0,0,0,0,0,0,0,0,0,0,0.333,2,0.491,2,0,38,0,0,492,0,0,3,2,2,0,2,0,1,0,520,0,6,55,55.133,10.283,8.841,28.3,,,,2,0,0,0,0,,0.107,0,0,0,0,0,0,0,0,0,0,0,0,0,0,0,0,0,0,0,0.651,1.312,6.323,0.02,0,kalabalik
5,Run50_AlphaDengeV1,Hasar-alan,bahcivan,standart,104,taban,7,,,37,35,0,0,0,2,19,15,3,0,0,113,113,1,0,0,98,12,0,101,64,0,1135,9,6,14,1.563,1,2.892,0.9,4,0.3,2,19,3.63,1.53,1.77,2.67,,,38,18,0,,,3.19,5.56,8.7,,,7,11,0.545,0.273,7.539,80,1,10,1,keskin_bicakx2,6,0,55,8,24,12,6,0,2,0,3,,0,0,0,0,0,0,0,0,0,0,0.636,2.055,0.673,2,0,55,0,0,547,0,0,3,4,3,0,2,0,1,0,600,0,3,55,55.133,7.913,7.73,11.117,,,,6,0,0,0,0,,0.463,0,0,0,0,0,0,0,0,0,0,0,0,0,0,0,0,0,0,0,0.783,1.528,4.988,0.02,0,kalabalik
5,Run50_AlphaDengeV1,Hasar-alan,bahcivan,standart,104,taban,8,,,45,42,3,0,0,0,34,9,2,0,0,97,210,1,0,0,104,8,0,105,72,0,1270,11,6,14,1.563,1,2.892,0.9,4,0.3,2,19,3.89,1.68,1.44,2,,,26,29,0,,,4.77,5.47,23.18,,,10,16,0.643,0.438,7.314,120,0,10,3,keskin_bicakx2,7,0,55,10,30,18,6,0,2,0,3,,0,0,0,0,0,0,0,0,0,0,0.563,1.764,0.818,3,0,57,0,0,577,0,0,3,4,4,0,3,0,1,0,700,0,6,55,55.133,11.32,10.919,16.933,,,,10,0,0,0,0,,0.207,0,0,0,0,0,0,0,0,0,0,0,0,0,0,0,0,0,0,0,0.701,1.359,7.668,0.023,0,kalabalik
5,Run50_AlphaDengeV1,Hasar-alan,bahcivan,standart,104,taban,9,,,42,41,0,0,0,1,35,5,2,0,0,78,288,1,0,0,95,8,0,114,80,0,1172,13,6,14.67,1.563,1,2.789,0.9,4,0.3,2,19,3.84,1.56,1.8,2.5,,,36,17,0,0,,4.34,7.81,9.77,,,11,18,0.69,0.444,6.867,144,5,15,1,keskin_bicakx2,6,0,55,12,36,24,6,0,2,0,3,,0,0,0,0,0,0,0,0,0,0,0.667,1.418,0.764,1,0,62,0,0,299,0,0,3,5,4,6,3,0,1.0667,0,810,0,6,55,55.133,10.665,10.427,20.433,,,,2,0,0,0,0,,0.133,0,0,0,0,0,0,0,0,0,0,0,0,0,0,0,0,0,0,0,0.731,1.468,3.939,0.018,0,kalabalik
5,Run50_AlphaDengeV1,Hasar-alan,bahcivan,standart,104,taban,10,,,53,47,5,0,0,1,37,15,0,1,0,122,410,1,122,1,149,0,2,149,80,2,1595,15,6,15.64,1.563,1,2.689,0.9,4,0.3,2,20,4,1.42,1.6,,1,,50,38,0,,,2.95,5.73,,0,,12,20,0.671,0.5,6.945,158,4,19,1,keskin_bicakx2,7,0,55,14,42,25,11,0,2,0,3,,0,0,0,0,0,0,0,0,0,0,0.6,2.218,0.964,6,0,105,0,0,204,0,0,3,5,4,14,3,0,1.1333,0,950,0,6,55,55.133,11.49,9.505,27.039,,,,12,0,0,0,0,,0.148,0,0,0,0,0,0,0,0,0,0,0,0,0,0,0,0,0,0,0,0.824,1.478,170.578,0.023,0,kalabalik
5,Run50_AlphaDengeV1,Hasar-alan,bahcivan,standart,104,taban,11,,,73,68,4,0,0,1,56,14,3,0,0,151,151,1,0,0,182,12,0,185,92,2,2261,17,6,16.36,1.563,1,2.286,0.97,4,0.3,2,28,3.96,1.35,1.64,2.67,,,54,31,0,0,,2.91,4.73,7.62,,,14,23,0.676,0.522,6.682,224,5,24,2,keskin_bicakx2 hizli_bilekx1,12,0,65,16,48,25,17,0,2,0,3,,0,0,0,0,0,0,0,0,0,0,0.739,2.323,1.123,5,0,105,0,0,515,0,0,3,5,5,14,3,0,1.1333,0,1100,0,6,65,65.167,12.947,12.434,19.92,,,,12,0,0,0,0,,0.232,0,0,0,0,0,0,0,0,0,0,0,0,0,0,0,0,0,0,0,0.748,1.549,6.74,0.022,0,kalabalik
5,Run50_AlphaDengeV1,Hasar-alan,bahcivan,standart,104,taban,12,,,110,100,8,0,0,2,80,17,10,3,0,343,494,1,0,0,325,40,6,335,102,8,3544,20,9,18.13,1.563,1,2.204,1.005,6,0.3,2,29,5.69,1.36,1.59,2.13,1,,60,31,0,0,,2.92,5.7,7.99,0,,16,25,0.594,0.28,6.471,251,8,32,2,keskin_bicakx2 hizli_bilekx1,16,0,65,19,57,25,23,0,2,0,3,,0,0,0,0,0,0,0,0,0,0,0.52,5.277,1.692,10,0,136,0,0,459,0,0,3,5,5,24,3,0,1.2,0,1400,0,6,65,65.167,12.697,12.942,10.247,,,,26,0,0,0,0,,0.13,0,0,0,0,0,0,0,0,0,0,0,0,0,0,0,0,0,0,0,0.801,1.494,56.229,0.027,0,kalabalik
5,Run50_AlphaDengeV1,Hasar-alan,bahcivan,standart,104,taban,13,,,91,85,4,0,0,2,54,22,12,2,1,424,918,1,424,1,312,48,4,323,95,12,3355,22,6,19.2,1.563,1,2.125,1.005,6,0.3,2,30,5.2,1.49,1.64,2,3,2,42,21,18,0,0,3.25,5.7,9.65,17,10.63,19,32,0.521,0.313,6.241,333,7,39,3,keskin_bicakx2 hizli_bilekx1,12,0,65,21,63,34,23,0,2,0,3,,0,0,0,0,0,0,0,0,0,0,0.531,6.523,1.4,6,0,141,0,0,914,0,0,3,6,5,36,4,0,1.2667,0,1700,0,9,65,65.167,10.678,10.992,6.233,,,,17,0,0,0,0,,0.194,0,0,0,0,0,0,0,0,0,0,0,0,0,0,0,0,0,0,0,0.726,1.407,4.097,0.026,0,kalabalik
5,Run50_AlphaDengeV1,Hasar-alan,bahcivan,standart,104,taban,14,,,138,131,6,0,0,1,91,35,9,3,0,424,424,1,0,0,458,36,6,503,81,18,5065,25,9,19.2,1.953,1,2.048,1.005,6,0.3,2,31,6,1.15,1.48,1.89,1.67,,80,45,0,0,,1.02,4.03,6.6,10.93,,23,47,0.746,0.319,6.08,502,2,41,8,keskin_bicakx3 hizli_bilekx1,18,0,65,24,72,40,23,0,2,0,3,,0,0,0,0,0,0,0,0,0,0,0.723,6.523,2.123,7,0,158,0,0,579,0,0,3,6,6,36,6,0,1.2667,0,2100,0,6,65,65.167,11.071,10.912,14.033,,,,36,0,0,0,0,,0.231,0,0,0,0,0,0,0,0,0,0,0,0,0,0,0,0,0,0,0,0.79,1.575,6.91,0.029,0,kalabalik
5,Run50_AlphaDengeV1,Hasar-alan,bahcivan,standart,104,taban,15,,,197,165,13,9,0,10,113,52,23,9,0,916,1340,1,0,0,666,92,18,687,148,36,8759,29,12,24.3,1.953,1,1.904,1.075,6,0.3,2,34,6,1,1.15,1.24,1.33,,100,57,50,17,,0,1.1,1.23,3.18,,23,49,0.684,0.49,5.754,553,14,55,3,keskin_bicakx3 hizli_bilekx1,22,0,65,28,84,49,23,0,2,0,3,,0,0,0,0,0,0,0,0,0,0,0.776,14.092,3.031,32,0,217,0,0,38,0,0,3,9,9,66,6,0,1.4,0,2800,0,9,65,65.167,11.321,10.363,16.258,,,,127,0,0,0,0,,0.23,0,0,0,0,0,0,0,0,0,0,0,0,0,0,0,0,0,0,0,0.977,1.895,7.616,0.043,0,kalabalik
5,Run50_AlphaDengeV1,Hasar-alan,bahcivan,standart,104,taban,16,,,198,163,13,9,0,13,104,62,19,11,2,1109,2449,1,1109,1,741,120,22,781,233,58,9737,32,9,28.62,1.953,1,1.836,1.11,6,0.3,2,35,6,1.02,1.2,1.27,1.56,1,92,61,62,33,0,0.04,1.1,0.74,2.86,0,23,49,0.73,0.592,5.243,607,12,67,0,keskin_bicakx3 hizli_bilekx1,20,0,65,31,93,49,35,0,2,0,3,,0,0,0,0,0,0,0,0,0,0,0.653,17.062,3.046,35,0,279,0,0,775,0,0,3,9,9,104,6,0,1.5333,0,3400,0,12,65,65.167,9.169,7.714,15.944,,,,129,0,0,0,0,,0.317,0,0,0,0,0,0,0,0,0,0,0,0,0,0,0,0,0,0,0,0.936,1.827,5.326,0.045,0,kalabalik
5,Run50_AlphaDengeV1,Hasar-alan,bahcivan,standart,104,taban,17,,,241,186,27,10,0,18,118,59,45,16,3,2075,2075,1,0,0,759,255,43,854,460,81,13936,35,9,33.24,1.953,1,1.778,1.195,6,0.3,2,36,6,1,1.1,1.21,1.33,2,100,83,68,43,0,0,0.55,1.51,2.96,9.77,22,49,0.719,0.51,4.931,646,9,76,1,keskin_bicakx3 hizli_bilekx1 kivilcimx1,26,0,65,34,102,49,44,0,2,0,3,,0,0,0,0,0,0,0,0,0,0,0.714,31.923,3.708,55,0,325,0,0,3811,0,0,3,9,9,125,6,0,1.6,0,4100,0,9,65,65.167,13.76,13.455,14.791,,,,194,0,0,0,0,,0.325,0,0,0,0,0,0,0,0,0,0,0,0,0,0,0,0,0,0,0,0.986,1.897,10.41,0.05,0,kalabalik
5,Run50_AlphaDengeV1,Hasar-alan,bahcivan,standart,104,taban,18,,,268,176,41,18,0,33,103,70,56,28,11,3731,5806,1,0,0,870,452,88,1024,867,129,17074,39,12,38.16,1.953,1,1.778,1.265,6,0.317,2,36,6,1,1.04,1.14,1.46,1.38,100,92,72,36,25,0,0.46,1.19,3.01,1.33,17,49,0.74,0.531,4.417,721,8,84,2,keskin_bicakx3 hizli_bilekx1 kivilcimx1,30,0,65,38,114,49,53,0,2,0,3,,0,0,0,0,0,0,0,0,0,0,0.694,57.4,4.123,92,0,374,0,0,2685,0,0,3,9,9,125,6,0,1.6,0,5300,0,9,65,65.167,8.425,8.612,8.067,,,,318,0,0,0,0,,0.278,0,0,0,0,0,0,0,0,0,0,0,0,0,0,0,0,0,0,0,1.167,2.545,10.451,0.062,0,kalabalik
5,Run50_AlphaDengeV1,Hasar-alan,bahcivan,standart,104,taban,19,,,291,193,51,18,0,29,115,87,56,29,4,3038,8844,1,0,0,1059,392,58,1113,499,87,17767,42,9,42.03,1.953,1,1.722,1.315,6,0.333,2,37,6,1,1,1.06,1.13,1.67,100,100,79,73,50,0,0,0.43,0.57,3.44,17,49,0.743,0.531,4.222,754,10,94,0,keskin_bicakx3 hizli_bilekx1 kivilcimx1,33,0,65,41,123,49,65,0,2,0,3,,0,0,0,0,0,0,0,0,0,0,0.878,46.738,4.477,98,0,403,0,0,3652,0,0,3,9,9,125,6,0,1.6,0,6300,0,12,65,65.167,7.291,6.554,8.744,,,,290,0,0,0,0,,0.296,0,0,0,0,0,0,0,0,0,0,0,0,0,0,0,0,0,0,0,1.135,2.184,7.806,0.053,0,kalabalik
5,Run50_AlphaDengeV1,Hasar-alan,bahcivan,standart,104,taban,20,,,291,193,60,14,0,24,117,76,69,21,8,3406,12250,1,3406,1,924,572,96,1147,798,123,17506,45,9,45.79,1.953,1,1.722,1.365,6,0.333,2,37,6,1,1,1.06,1,1,100,100,85,86,100,0,0,0.34,0,0,21,68,0.663,0.471,4.497,983,5,99,7,keskin_bicakx3 hizli_bilekx1 kivilcimx1,31,0,65,44,132,58,65,0,2,0,3,,0,0,0,0,0,0,0,0,0,0,0.544,52.4,4.477,98,0,467,0,0,1258,0,0,3,10,10,125,6,0,1.6,0,7400,0,9,65,65.167,9.278,9.662,8.52,,,,322,0,0,0,0,,0.278,0,0,0,0,0,0,0,0,0,0,0,0,0,0,0,0,0,0,0,1.202,2.27,10.196,0.058,0,kalabalik
5,Run50_AlphaDengeV1,Hasar-alan,bahcivan,standart,104,taban,21,,,409,199,67,70,14,59,193,83,82,38,13,5221,5221,1,0,0,1287,706,158,1324,784,241,22426,48,9,52.15,1.953,1,1.668,1.365,6,0.47,2,38,6,1,1,1,1,1,100,100,97,88,75,0,0,0,0,0,26,81,0.74,0.407,4.773,1103,5,104,7,keskin_bicakx3 hizli_bilekx1 kivilcimx1 kritik_gozx1,57,0,65,47,141,67,65,0,2,0,3,,0,0,0,0,0,0,0,0,0,0,0.778,80.323,6.292,210,0,531,0,0,284,0,0,3,10,10,125,7,0,1.6,0,8600,0,9,65,65.167,7.208,5.219,9.102,,,,511,0,0,0,0,,0.528,0,0,0,0,0,0,0,0,0,0,0,0,0,0,0,0,0,0,0,1.425,2.761,9.524,0.066,0,kalabalik
5,Run50_AlphaDengeV1,Hasar-alan,bahcivan,standart,104,taban,22,,,543,298,117,41,34,53,218,144,100,66,15,7846,13067,1,0,0,1983,883,264,2087,1342,505,34067,51,9,52.15,1.953,1,1.616,1.415,9,0.487,2,40,9,1,1,1.02,1,1,100,100,88,84,60,0,0,0.05,0,0,26,81,0.675,0.481,4.527,1163,7,111,0,keskin_bicakx3 hizli_bilekx1 kivilcimx1 kritik_gozx1,61,0,65,50,150,76,65,0,2,0,3,,0,0,0,0,0,0,0,0,0,0,0.617,120.708,8.354,245,0,531,0,0,7251,0,0,3,10,10,125,9,0,1.6,0,10000,0,9,65,65.167,8.481,7.439,9.754,,,,671,0,0,0,0,,0.284,0,0,0,0,0,0,0,0,0,0,0,0,0,0,0,0,0,0,0,1.588,2.97,22.185,0.084,0,kalabalik
5,Run50_AlphaDengeV1,Hasar-alan,bahcivan,standart,104,taban,23,,,472,214,102,64,33,59,192,129,84,47,20,7398,20465,1,7398,1,2089,848,225,2126,1000,730,27652,54,9,58.9,1.953,1,1.565,1.465,9,0.503,2,41,6,1,1,1,1.04,1.11,100,100,100,80,73,0,0,0,0.13,1.04,26,81,0.726,0.605,4.439,1186,9,120,0,keskin_bicakx3 hizli_bilekx1 kivilcimx1 kritik_gozx1,56,0,65,53,159,81,69,0,2,0,3,,0,0,0,0,0,0,0,0,0,0,0.704,113.815,7.262,258,0,600,0,0,3903,0,0,3,11,11,125,11,0,1.6,0,12000,0,9,65,65.167,5.78,5.016,6.418,,,,599,0,0,0,0,,0.527,0,0,0,0,0,0,0,0,0,0,0,0,0,0,0,0,0,0,0,1.425,2.625,10.567,0.077,0,kalabalik
5,Run50_AlphaDengeV1,Hasar-alan,bahcivan,standart,104,taban,24,,,581,290,153,52,27,59,222,152,120,69,18,9862,9862,1,0,0,2608,1244,231,2804,1844,961,38695,57,9,63.05,1.953,1,1.565,2,9,0.503,2,41,9,1,1,1.02,1.08,1.09,100,100,98,75,63,0,0,0.02,0.25,0.14,26,81,0.68,0.481,4.264,1235,7,127,0,keskin_bicakx3 hizli_bilekx1 kivilcimx1 kritik_gozx1 genis_savurusx1,64,0,65,56,168,81,78,0,2,0,3,,0,0,0,0,0,0,0,0,0,0,0.716,151.723,8.938,291,0,641,0,0,5598,0,0,3,11,11,575,11,0,1.6667,0,13000,0,9,65,65.167,7.681,7.333,8.029,,,,651,0,0,0,0,,0.533,0,0,0,0,0,0,0,0,0,0,0,0,0,0,0,0,0,0,0,1.403,2.731,8.431,0.077,0,kalabalik
5,Run50_AlphaDengeV1,Hasar-alan,bahcivan,standart,104,taban,25,,,608,304,148,59,33,64,241,169,112,68,18,9635,19497,1,0,0,2752,1160,294,2901,3004,1205,41541,60,9,69.27,1.953,1,1.516,2,9,0.52,2,42,9,1,1,1,1.08,1.18,100,100,100,84,60,0,0,0,0.97,0.55,26,81,0.669,0.444,4.238,1242,6,133,0,keskin_bicakx3 hizli_bilekx1 kivilcimx1 kritik_gozx1 genis_savurusx1,66,0,65,59,177,81,87,0,2,0,3,,0,0,0,0,0,0,0,0,0,0,0.815,148.231,9.354,304,0,705,0,0,6139,0,0,3,11,11,1165,11,0,1.7333,0,15000,0,9,65,65.167,6.115,7.051,5.173,,,,652,0,0,0,0,,0.534,0,0,0,0,0,0,0,0,0,0,0,0,0,0,0,0,0,0,0,1.58,3.372,22.21,0.099,0,kalabalik
5,Run50_AlphaDengeV1,Hasar-alan,bahcivan,standart,104,taban,26,,,658,369,120,58,42,69,255,167,126,86,24,11831,31328,1,11831,1,2916,1256,478,2957,2330,1683,46218,63,9,83.44,1.953,1,1.516,2.066,12,0.52,2,42,10.83,1,1,1,1.02,1,100,100,100,95,100,0,0,0,0.26,0,26,81,0.523,0.284,4.115,1279,8,141,0,keskin_bicakx3 hizli_bilekx1 kivilcimx1 kritik_gozx1 genis_savurusx1,77,0,65,62,186,81,96,0,2,0,3,,0,0,0,0,0,0,0,0,0,0,0.543,182.015,10.123,289,0,856,0,0,5357,0,0,3,11,11,1165,11,0,1.7333,0,17000,0,9,65,65.167,4.396,4.96,3.672,,,,679,0,0,0,0,,0.508,0,0,0,0,0,0,0,0,0,0,0,0,0,0,0,0,0,0,0,1.573,2.907,24.117,0.093,0,kalabalik
5,Run50_AlphaDengeV1,Hasar-alan,bahcivan,standart,104,taban,27,,,775,417,181,63,25,89,305,197,172,77,24,13805,13805,1,0,0,3447,1720,456,3454,3250,1989,57091,66,9,83.44,1.953,1,1.468,2.132,12,0.657,2.111,44,11.86,1,1,1,1,1,100,100,100,100,100,0,0,0,0,0,26,81,0.614,0.42,4.069,1294,8,149,0,keskin_bicakx3 hizli_bilekx1 kivilcimx1 kritik_gozx2 genis_savurusx1,79,0,65,65,195,81,105,0,2,0,3,,0,0,0,0,0,0,0,0,0,0,0.58,212.385,11.923,358,0,904,0,0,9448,0,0,3,11,11,1895,11,0,1.8,0,19000,0,9,65,65.167,4.144,4.319,3.935,,,,810,0,0,0,0,,0.529,0,0,0,0,0,0,0,0,0,0,0,0,0,0,0,0,0,0,0,1.584,3.144,12.37,0.1,0,kalabalik
5,Run50_AlphaDengeV1,Hasar-alan,bahcivan,standart,104,taban,28,,,814,416,210,80,31,77,306,215,180,85,28,15835,29640,1,0,0,3946,2031,476,4530,3541,2400,60618,69,9,94.04,1.953,1,1.422,2.132,12,0.673,2.111,45,11.69,1,1,1,1,1,100,100,100,97,93,0,0,0,0,0,26,81,0.607,0.37,3.963,1329,7,156,0,keskin_bicakx3 hizli_bilekx1 kivilcimx1 kritik_gozx2 genis_savurusx1,80,0,65,68,204,81,114,0,2,0,3,,0,0,0,0,0,0,0,0,0,0,0.654,243.615,12.523,398,0,992,0,0,10066,0,0,3,11,11,1895,11,0,1.8,0,22000,0,9,65,65.167,3.956,4.196,3.703,,,,870,0,0,0,0,,0.501,0,0,0,0,0,0,0,0,0,0,0,0,0,0,0,0,0,0,0,1.719,3.417,58.961,0.109,0,kalabalik
5,Run50_AlphaDengeV1,Hasar-alan,bahcivan,standart,104,taban,29,,,834,415,227,58,52,82,309,221,156,113,35,18101,47741,1,0,0,4551,1779,684,7161,4890,2889,65198,72,9,94.04,1.953,1,1.422,2.198,12,0.673,2.222,45,11.89,1,1,1,1.01,1.06,100,100,100,95,82,0,0,0,0.11,0.34,26,81,0.59,0.358,3.939,1337,5,161,0,keskin_bicakx3 hizli_bilekx1 kivilcimx1 kritik_gozx2 genis_savurusx1,82,0,65,71,213,81,123,0,2,0,3,,0,0,0,0,0,0,0,0,0,0,0.63,278.477,12.831,419,0,1037,0,0,8264,0,0,3,11,11,2755,11,0,1.8667,0,24000,0,9,65,65.167,3.682,4.152,3.209,,,,925,0,0,0,0,,0.514,0,0,0,0,0,0,0,0,0,0,0,0,0,0,0,0,0,0,0,1.645,3.451,16.53,0.107,0,kalabalik
5,Run50_AlphaDengeV1,Hasar-alan,bahcivan,standart,104,taban,30,,,724,342,180,73,51,78,290,189,151,75,19,13137,60878,1,13137,1,3769,1692,388,6400,6472,3197,54387,74,6,100.86,1.953,1,1.377,2.198,12,0.69,2.222,47,9,1,1,1,1,1,100,100,100,96,75,0,0,0,0,0,26,81,0.658,0.407,3.918,1344,7,168,0,keskin_bicakx3 hizli_bilekx1 kivilcimx1 kritik_gozx2 genis_savurusx1,74,0,65,73,219,81,132,0,2,0,3,,0,0,0,0,0,0,0,0,0,0,0.605,202.108,11.138,382,0,1150,0,0,13651,0,0,3,11,11,2755,11,0,1.8667,0,26000,0,9,65,65.167,4.693,4.953,4.46,,,,809,0,0,0,0,,0.533,0,0,0,0,0,0,0,0,0,0,0,0,0,0,0,0,0,0,0,1.581,3.027,13.915,0.093,0,kalabalik
5,Run50_AlphaDengeV1,Hasar-alan,bahcivan,standart,104,taban,31,,,951,550,223,54,38,86,348,237,207,120,39,21795,21795,1,0,0,5653,2266,688,10493,6328,3645,80718,77,9,105.24,1.953,1,1.377,2.901,16,0.69,2.333,47,15.3,1,1,1,1.04,1.11,100,100,100,96,83,0,0,0,0.12,0.44,26,81,0.576,0.346,3.787,1390,6,174,0,keskin_bicakx3 hizli_bilekx1 kivilcimx1 kritik_gozx2 genis_savurusx2,91,0,65,76,228,81,138,0,2,0,3,,0,0,0,0,0,0,0,0,0,0,0.42,335.308,14.631,401,0,1262,0,0,13369,0,0,3,11,11,3755,11,0,1.9333,0,29000,0,6,65,65.167,3.404,3.728,2.952,,,,896,0,0,0,0,,0.528,0,0,0,0,0,0,0,0,0,0,0,0,0,0,0,0,0,0,0,1.748,3.044,73.049,0.12,0,kalabalik
5,Run50_AlphaDengeV1,Hasar-alan,bahcivan,standart,104,taban,32,,,945,552,229,53,39,72,360,239,199,121,26,19107,40902,1,0,0,4849,2457,820,12642,8665,4370,79188,80,9,112.36,1.953,1,1.377,2.901,16,0.69,2.333,47,15.19,1,1,1,1.01,1.12,100,100,100,97,88,0,0,0,0.06,0.24,26,81,0.572,0.346,3.769,1397,3,177,0,keskin_bicakx3 hizli_bilekx1 kivilcimx1 kritik_gozx2 genis_savurusx2,88,0,65,79,237,81,147,0,2,0,3,,0,0,0,0,0,0,0,0,0,0,0.469,293.954,14.538,393,0,1335,0,0,2557,0,0,3,11,11,3755,11,0,1.9333,0,32000,0,9,65,65.167,3.142,3.335,2.869,,,,859,0,0,0,0,,0.526,0,0,0,0,0,0,0,0,0,0,0,0,0,0,0,0,0,0,0,1.821,3.642,25.786,0.122,0,kalabalik
5,Run50_AlphaDengeV1,Hasar-alan,bahcivan,standart,104,taban,33,,,859,528,181,56,30,64,316,224,174,109,36,19846,60748,1,19846,1,4755,2271,870,14247,8766,4950,71544,82,6,117.04,1.953,1,1.377,2.901,16,0.69,2.444,47,14.04,1,1,1,1,1.05,100,100,100,97,78,0,0,0,0,0.19,26,81,0.446,0.185,3.669,1435,7,184,0,keskin_bicakx3 hizli_bilekx1 kivilcimx1 kritik_gozx2 genis_savurusx2,80,0,65,81,243,81,156,0,2,0,3,,0,0,0,0,0,0,0,0,0,0,0.383,305.323,13.215,331,0,1472,0,0,9101,0,0,3,11,11,4855,11,0,2,0,34000,0,9,65,65.167,2.696,2.777,2.565,,,,775,0,0,0,0,,0.534,0,0,0,0,0,0,0,0,0,0,0,0,0,0,0,0,0,0,0,1.767,3.368,16.083,0.118,0,kalabalik
5,Run50_AlphaDengeV1,Hasar-alan,bahcivan,standart,104,taban,34,,,1194,762,255,52,48,77,421,318,255,149,51,29570,29570,1,0,0,7355,3066,1065,21602,11262,5905,104255,85,9,117.04,1.953,1,0.964,2.901,16,0.69,2.444,67,14.49,1,1,1,1.06,1.08,100,100,100,91,88,0,0,0,0.2,0.24,26,81,0.484,0.247,3.652,1442,2,186,0,keskin_bicakx3 hizli_bilekx1 kivilcimx1 kritik_gozx2 genis_savurusx2 firtina_bilegix1,114,0,65,84,252,81,162,0,2,0,3,,0,0,0,0,0,0,0,0,0,0,0.543,454.923,18.369,432,0,1465,0,0,8356,0,0,3,11,11,4855,11,0,2,0,38000,0,6,65,65.167,2.123,2.325,1.763,,,,1005,0,0,0,0,,0.549,0,0,0,0,0,0,0,0,0,0,0,0,0,0,0,0,0,0,0,2.058,4.391,41.474,0.138,0,kalabalik
5,Run50_AlphaDengeV1,Hasar-alan,bahcivan,standart,104,taban,35,,,1245,763,276,59,74,73,470,312,259,173,31,26855,56425,1,0,0,6300,3004,1180,22502,13636,6755,108325,87,6,124.44,1.953,1,0.964,2.901,16,0.69,2.556,67,14.64,1,1,1,1.02,1.09,100,100,100,97,76,0,0,0,0.11,0.53,26,81,0.48,0.247,3.533,1490,5,191,0,keskin_bicakx3 hizli_bilekx1 kivilcimx1 kritik_gozx2 genis_savurusx2 firtina_bilegix1,117,0,65,86,258,81,171,0,2,0,3,,0,0,0,0,0,0,0,0,0,0,0.407,413.154,19.154,482,0,1626,0,0,39681,0,0,3,11,11,6155,11,0,2.0667,0,40000,0,9,65,65.167,2.076,2.137,1.975,,,,1023,0,0,0,0,,0.567,0,0,0,0,0,0,0,0,0,0,0,0,0,0,0,0,0,0,0,1.975,3.957,16.763,0.136,0,kalabalik
5,Run50_AlphaDengeV1,Hasar-alan,bahcivan,standart,104,taban,36,,,1135,631,277,53,67,107,425,294,224,151,41,28206,84631,1,28206,1,6500,3061,1058,28442,14997,7688,100127,90,9,129.42,1.953,1,0.964,2.901,16,0.69,2.556,67,11.9,1,1,1,1.01,1.11,100,100,100,96,75,0,0,0,0.11,0.43,26,81,0.528,0.272,3.533,1490,3,194,0,keskin_bicakx3 hizli_bilekx1 kivilcimx1 kritik_gozx2 genis_savurusx2 firtina_bilegix1,110,0,65,89,267,81,177,0,2,0,3,,0,0,0,0,0,0,0,0,0,0,0.42,433.938,17.462,504,0,1692,0,0,16808,0,0,3,11,11,6155,11,0,2.0667,0,44000,0,6,65,65.167,2.38,2.496,2.233,,,,1122,0,0,0,0,,0.539,0,0,0,0,0,0,0,0,0,0,0,0,0,0,0,0,0,0,0,1.944,3.786,14.997,0.128,0,kalabalik
5,Run50_AlphaDengeV1,Hasar-alan,bahcivan,standart,104,taban,37,,,1547,1031,304,54,61,97,515,418,331,221,62,40748,40748,1,0,0,8675,4679,1587,32317,18346,8895,153201,93,9,149.83,1.953,1,0.964,2.901,16,0.69,2.667,67,18.69,1,1,1,1.01,1,100,100,100,99,100,0,0,0,0.01,0,26,81,0.422,0.123,3.447,1527,5,199,0,keskin_bicakx3 hizli_bilekx1 kivilcimx1 kritik_gozx2 genis_savurusx2 firtina_bilegix1 hasat_ritmix1,146,0.001,65,92,276,81,183,3,2,0,3,hasat_ritmi@R36,0,0,0,0,0,34,33,0,0,0,0.37,626.892,23.8,516,0,3561,0,0,35009,0,0,3,11,11,7555,11,0,2.1333,0,48000,0,9,65,65.167,1.494,1.529,1.422,,,,1172,0,0,0,0,,0.511,0,0,0,0,0,0,0,0,0,0,0,0,0,0,0,0,0,0,0,2.174,3.973,19.586,0.165,0,kalabalik
5,Run50_AlphaDengeV1,Hasar-alan,bahcivan,standart,104,taban,38,,,1643,1035,358,69,61,120,568,445,361,215,54,39117,79865,1,0,0,10683,5122,1763,41700,21568,10518,160141,96,9,187.32,1.953,1,0.925,2.901,16,0.69,2.667,70,18.57,1,1,1,1,1.06,100,100,100,100,93,0,0,0,0,0.11,26,81,0.412,0.148,3.276,1607,3,202,0,keskin_bicakx3 hizli_bilekx1 kivilcimx1 kritik_gozx2 genis_savurusx2 firtina_bilegix1 hasat_ritmix1,149,0.001,65,95,285,81,183,12,2,0,3,hasat_ritmi@R36,0,0,0,0,0,35,35,0,0,0,0.383,601.8,25.277,608,0,4481,0,0,47150,0,0,3,11,11,7555,11,0,2.1333,0,52000,0,9,65,65.167,1.275,1.35,1.145,,,,1035,0,0,0,0,,0.745,0,0,0,0,0,0,0,0,0,0,0,0,0,0,0,0,0,0,0,2.188,4.36,72.445,0.167,1,kalabalik
5,Run50_AlphaDengeV1,Hasar-alan,bahcivan,standart,104,taban,39,,,1897,1151,433,105,63,145,681,469,408,257,82,52219,132084,1,0,0,12848,6309,2584,48628,27877,12682,209534,100,12,207.85,1.953,1,0.862,2.901,16,0.69,2.778,75,20.12,1,1,1,1,1,100,100,100,100,100,0,0,0,0,0,26,81,0.391,0.173,2.989,1761,4,206,0,keskin_bicakx3 hizli_bilekx1 kivilcimx1 kritik_gozx2 genis_savurusx2 firtina_bilegix1 hasat_ritmix1,161,0,65,99,297,81,183,21,2,0,3,hasat_ritmi@R36,0,0,0,0,0,37,38,0,0,0,0.358,803.369,29.185,746,0,4580,0,0,38684,0,0,3,11,11,9055,11,2,2.398,0.09,58000,0,9,65,65.167,1.062,1.159,0.909,,,,1261,0,0,0,0,,0.72,0,0,0,0,0,0,0,0,0,0,0,0,0,0,0,0,0,0,0,2.331,4.625,14.166,0.179,0,kalabalik
5,Run50_AlphaDengeV1,Hasar-alan,bahcivan,standart,104,taban,40,,,1951,1268,376,108,77,122,650,553,389,257,102,57625,189709,1,57625,1,15428,7905,2855,62456,35082,15382,227845,104,12,240.8,1.953,1,0.732,2.901,16,0.69,2.778,88,17.59,1,1,1,1.01,1,100,100,100,99,100,0,0,0,0,0,26,81,0.397,0.086,2.841,1853,3,209,0,keskin_bicakx3 hizli_bilekx1 kivilcimx1 kritik_gozx2 genis_savurusx2 firtina_bilegix1 hasat_ritmix1,175,0.007,65,103,309,81,183,33,2,0,3,hasat_ritmi@R36,0,0,0,0,0,44,44,0,0,0,0.469,886.538,30.015,683,0,5196,0,0,23529,0,0,3,11,11,9055,11,3,2.486,0.13,65000,0,12,65,65.167,1.072,1.077,1.062,,,,1286,0,0,0,0,,0.645,0,0,0,0,0,0,0,0,0,0,0,0,0,0,0,0,0,0,0,2.287,4.437,16.04,0.183,0,kalabalik
5,Run50_AlphaDengeV1,Hasar-alan,bahcivan,standart,104,taban,41,,,2185,1306,436,147,100,196,750,580,477,281,97,60954,60954,1,0,0,16679,10188,3220,75035,45270,18132,286051,108,12,291.01,1.953,1,0.667,2.901,16,0.69,2.889,97,16.75,1,1,1,1,1,100,100,100,100,100,0,0,0,0,0,26,81,0.366,0.099,2.7,1950,2,211,0,keskin_bicakx3 hizli_bilekx1 kivilcimx1 kritik_gozx2 genis_savurusx2 firtina_bilegix1 hasat_ritmix1 zincir_hasatx1,195,0.017,65,107,321,81,183,45,2,0,3,hasat_ritmi@R36 zincir_hasat@R40,0,0,0,0,0,49,48,0,0,0,0.222,937.754,33.615,755,124,7508,0,0,38580,0,0,3,11,11,9055,11,7,2.882,0.31,72000,0,12,65,65.167,0.881,0.937,0.776,0.913,0.8,,990,248,193,117,7,0.755,0.851,246,28,166,9,166,9,333,7,0,0,0,0,9,167,342,124,124,46,46,2.503,5.236,21.458,0.193,0,kalabalik
5,Run50_AlphaDengeV1,Hasar-alan,bahcivan,standart,104,taban,42,,,2818,1615,652,194,118,239,953,724,638,394,109,74776,135730,1,0,0,23577,14454,5058,98287,58929,21120,359367,113,15,327.31,1.953,1,0.578,2.901,16,0.69,2.889,112,18.44,1,1,1,1,1,100,100,100,100,100,0,0,0,0,0,33,121,0.389,0.14,2.688,2927,3,214,14,keskin_bicakx3 hizli_bilekx1 kivilcimx1 kritik_gozx2 genis_savurusx2 firtina_bilegix1 hasat_ritmix1 zincir_hasatx1,246,0.001,65,112,336,81,183,57,2,0,3,hasat_ritmi@R36 zincir_hasat@R40,0,0,0,0,0,56,56,0,0,0,0.554,1150.4,43.354,1041,162,8486,0,0,17947,0,0,3,11,11,9055,11,8,2.97,0.35,82000,0,12,65,65.167,1.05,1.202,0.847,0.773,0.588,,1361,280,243,154,8,0.877,0.855,249,23,165,9,165,9,372,8,0,0,0,0,20,591,765,162,156,50,50,2.899,6.023,56.732,0.246,0,kalabalik
5,Run50_AlphaDengeV1,Hasar-alan,bahcivan,standart,104,taban,43,,,2266,1362,529,101,90,184,738,610,489,336,93,63803,199533,1,63803,1,19717,12045,3982,116204,70974,24582,308177,116,9,327.31,1.953,1,0.578,2.901,16,0.69,3,112,15.93,1,1,1,1,1,100,100,100,100,100,0,0,0,0,0,33,121,0.311,0.091,2.542,3094,2,216,0,keskin_bicakx3 hizli_bilekx1 kivilcimx1 kritik_gozx2 genis_savurusx2 firtina_bilegix1 hasat_ritmix1 zincir_hasatx1,198,0.015,65,115,345,96,183,57,2,0,3,hasat_ritmi@R36 zincir_hasat@R40,0,0,0,0,0,56,56,0,0,0,0.273,981.585,34.862,817,87,9010,0,0,74124,0,0,3,13,13,9055,11,8,2.97,0.35,88000,0,15,65,65.167,1.069,1.135,0.928,1.312,3,,1062,167,150,85,2,0.838,0.839,270,15,159,4,158,4,303,2,0,0,1,0,11,188,339,87,84,23,23,2.587,5.399,17.886,0.206,0,kalabalik
5,Run50_AlphaDengeV1,Hasar-alan,bahcivan,standart,104,taban,44,,,2949,1649,691,162,115,332,931,803,681,415,119,81246,81246,1,0,0,24090,16161,5441,140294,87135,30023,381420,120,12,327.31,1.953,1,0.578,2.901,16,0.69,3,112,18.63,1,1,1,1,1,100,100,100,100,100,0,0,0,0,0,33,121,0.391,0.165,2.509,3134,0,216,0,keskin_bicakx3 hizli_bilekx1 kivilcimx1 kritik_gozx2 genis_savurusx2 firtina_bilegix1 hasat_ritmix1 zincir_hasatx1 nadir_tohumx1,256,0,65,119,357,105,183,57,2,0,3,hasat_ritmi@R36 zincir_hasat@R40,0,0,0,0,0,56,56,0,0,0,0.554,1249.938,45.369,1048,252,8936,0,0,91544,0,0,3,15,15,9055,11,8,2.97,0.35,97000,0,9,65,65.167,1.013,1.132,0.835,0.986,0.744,,1315,504,439,216,36,0.801,0.861,400,77,242,35,242,35,517,36,0,0,0,0,34,986,1263,252,241,77,77,2.979,6.088,78.619,0.229,0,kalabalik
5,Run50_AlphaDengeV1,Hasar-alan,bahcivan,standart,104,taban,45,,,2940,1651,716,114,105,354,887,810,645,444,154,91118,172364,1,0,0,25398,15732,6275,163692,102867,36298,389206,124,12,327.31,1.953,1,0.578,2.901,16,0.69,3,112,19.45,1,1,1,1,1,100,100,100,100,100,0,0,0,0,0,33,121,0.419,0.182,2.443,3219,1,217,0,keskin_bicakx3 hizli_bilekx1 kivilcimx1 kritik_gozx2 genis_savurusx2 firtina_bilegix1 hasat_ritmix1 zincir_hasatx1 nadir_tohumx1,256,0,65,123,369,117,183,57,2,0,3,hasat_ritmi@R36 zincir_hasat@R40,0,0,0,0,0,56,56,1,0,0,0.372,1401.815,45.231,1102,187,12519,0,0,84750,0,0,3,18,18,9055,12,8,2.97,0.35,110000,0,12,65,65.167,1.119,1.314,0.828,1.085,0.75,,1576,442,355,181,6,0.773,0.724,406,54,251,16,250,16,476,6,0,0,1,0,45,1131,1386,187,173,52,52,3.087,6.346,87.817,0.236,0,kalabalik
5,Run50_AlphaDengeV1,Hasar-alan,bahcivan,standart,104,taban,46,,,2836,1541,698,126,117,354,886,722,678,413,137,86615,258979,1,86615,1,23696,16848,5488,187388,119715,41786,373727,128,12,327.31,1.953,1,0.578,2.901,16,0.69,3,112,18.07,1,1,1,1,1,100,100,100,100,100,0,0,0,0,0,33,121,0.447,0.223,2.393,3287,0,217,0,keskin_bicakx3 hizli_bilekx1 kivilcimx1 kritik_gozx2 genis_savurusx2 firtina_bilegix1 hasat_ritmix1 zincir_hasatx1 nadir_tohumx1,256,0,65,127,381,121,191,57,2,0,3,hasat_ritmi@R36 zincir_hasat@R40,0,0,0,0,0,56,56,1,0,0,0.388,1332.538,43.631,1054,241,13267,0,0,18477,0,0,3,18,18,9055,13,8,2.97,0.35,120000,0,12,65,65.167,1.207,1.33,0.995,1.338,0.974,,1547,545,422,232,9,0.708,0.735,401,49,270,13,269,13,469,9,0,0,1,0,48,1082,1353,241,208,89,89,2.998,6.611,17.391,0.239,0,kalabalik
5,Run50_AlphaDengeV1,Hasar-alan,bahcivan,standart,104,taban,47,,,2965,1662,699,85,133,386,925,741,700,464,135,90048,90048,1,0,0,25575,16503,5597,212963,136218,47383,399173,131,9,327.31,3.125,1,0.578,2.901,16,0.69,3,112,19.67,1,1,1,1,1,100,100,100,100,100,0,0,0,0,0,33,121,0.451,0.149,2.342,3358,0,217,0,keskin_bicakx3 hizli_bilekx1 kivilcimx1 kritik_gozx2 genis_savurusx2 firtina_bilegix1 hasat_ritmix1 zincir_hasatx1 nadir_tohumx1 canavar_kesimix1,262,0.001,65,130,390,121,203,57,2,0,3,hasat_ritmi@R36 zincir_hasat@R40,0,0,0,0,0,56,56,0,0,0,0.446,1385.354,45.615,1111,192,21208,0,0,57650,0,0,3,18,18,9055,13,8,2.97,0.35,120000,0,12,65,65.167,1.178,1.322,0.944,1.21,2.463,,1610,564,450,183,9,0.66,0.722,421,66,262,29,262,29,464,9,0,0,0,0,60,1589,1880,192,147,41,41,3.126,6.372,151.149,0.241,0,kalabalik
5,Run50_AlphaDengeV1,Hasar-alan,bahcivan,standart,104,taban,48,,,2948,1642,712,89,133,372,892,780,679,472,125,88413,178461,1,0,0,24231,15588,6287,234994,151806,53670,391053,134,9,327.31,3.125,1,0.578,2.901,16,0.69,3,112,19.53,1,1,1,1,1,100,100,100,100,100,0,0,0,0,0,33,121,0.447,0.198,2.334,3370,1,218,0,keskin_bicakx3 hizli_bilekx1 kivilcimx1 kritik_gozx2 genis_savurusx2 firtina_bilegix1 hasat_ritmix1 zincir_hasatx1 nadir_tohumx1 canavar_kesimix1,257,0,65,133,399,121,212,57,2,0,3,hasat_ritmi@R36 zincir_hasat@R40,0,0,0,0,0,56,56,0,0,0,0.455,1360.2,45.354,1140,166,22656,0,0,68703,0,0,3,18,18,9055,13,8,2.97,0.35,130000,0,9,65,65.167,1.17,1.342,0.956,0.864,1.103,,1682,483,381,154,12,0.702,0.725,392,47,259,20,257,20,486,12,0,0,2,0,40,1059,1290,166,118,37,37,3.046,6.117,19.98,0.244,0,kalabalik
5,Run50_AlphaDengeV1,Hasar-alan,bahcivan,standart,104,taban,49,,,2998,1699,711,92,128,368,944,792,681,456,125,87288,265749,1,0,0,24827,15189,6190,259821,166995,59860,396917,137,9,327.31,3.125,1,0.578,2.901,16,0.69,3,112,19.5,1,1,1,1,1,100,100,100,100,100,0,0,0,0,0,33,121,0.437,0.198,2.326,3381,0,218,0,keskin_bicakx3 hizli_bilekx1 kivilcimx1 kritik_gozx2 genis_savurusx2 firtina_bilegix1 hasat_ritmix1 zincir_hasatx1 nadir_tohumx1 canavar_kesimix1,262,0,65,136,408,121,221,57,2,0,3,hasat_ritmi@R36 zincir_hasat@R40,0,0,0,0,0,56,56,0,0,0,0.38,1342.892,46.123,1081,218,23328,0,0,65620,0,0,3,18,18,9055,13,8,2.97,0.35,140000,0,9,65,65.167,1.134,1.239,1.002,0.931,0.985,,1597,592,461,207,11,0.682,0.714,429,55,286,28,285,28,486,11,0,0,1,0,50,1312,1614,218,149,39,39,3.06,6.428,21.764,0.232,0,kalabalik
5,Run50_AlphaDengeV1,Hasar-alan,bahcivan,standart,104,taban,50,,,2950,1705,707,87,111,340,899,834,669,399,149,89007,354756,1,89007,1,27188,15615,5641,284609,182610,65501,396648,140,9,327.31,3.125,1,0.578,2.901,16,0.69,3,112,19.97,1,1,1,1,1,100,100,100,100,100,0,0,0,0,0,33,121,0.449,0.215,2.302,3417,1,219,0,keskin_bicakx3 hizli_bilekx1 kivilcimx1 kritik_gozx2 genis_savurusx2 firtina_bilegix1 hasat_ritmix1 zincir_hasatx1 nadir_tohumx1 canavar_kesimix1,255,0,65,139,417,121,230,57,2,0,3,hasat_ritmi@R36 zincir_hasat@R40,0,0,0,0,0,56,56,0,0,0,0.545,1369.338,45.385,1105,140,22818,0,0,32268,0,0,3,18,18,9055,13,8,2.97,0.35,150000,0,9,65,65.167,1.184,1.228,1.063,1.618,0.727,,1843,503,407,135,5,0.568,0.667,402,42,283,15,283,15,435,5,0,0,0,0,44,1200,1500,140,108,33,33,3.104,6.602,20.617,0.245,0,kalabalik
5,Run50_AlphaDengeV1,Hasar-alan,bahcivan,standart,104,taban,50,KAZANDI
6,Run50_AlphaDengeV1,Patlama yolu,bahcivan,standart,100,taban,1,,,13,13,0,0,0,0,12,1,0,0,0,15,15,1,0,0,28,0,0,28,0,0,270,1,0,10,1,1,3,0.9,4,0.3,2,13,2.08,1.83,3,,,,21,0,,,,2.5,6,,,,2,4,0.346,0,8,23,0,0,2,,3,0.205,45,0,0,0,0,0,0,0,0,,0,0,0,0,0,0,0,0,0,0,0.5,0.333,0.289,0,0,22,0,0,270,0,0,0,0,0,0,0,0,1,0,390,0,0,45,45.133,4.138,4.138,,,,,0,0,0,0,0,,,0,0,0,0,0,0,0,0,0,0,0,0,0,0,0,0,0,0,0,0.538,1.158,3.019,0.016,0,kalabalik
6,Run50_AlphaDengeV1,Patlama yolu,bahcivan,standart,100,taban,2,,,15,15,0,0,0,0,13,2,0,0,0,19,34,1,0,0,34,0,0,37,0,0,320,2,3,10.67,1,1,3,0.9,4,0.3,2,14,2.14,1.77,2,,,,8,0,,,,4.15,3,,,,3,5,0.425,0.2,8,28,1,1,1,,3,0,45,1,3,0,0,0,0,0,0,,0,0,0,0,0,0,0,0,0,0,0.8,0.422,0.333,0,0,24,0,0,200,0,0,0,0,0,0,0,0,1,0,410,0,0,45,45.133,6.018,6.018,,,,,0,0,0,0,0,,,0,0,0,0,0,0,0,0,0,0,0,0,0,0,0,0,0,0,0,0.537,1.134,3.838,0.015,0,kalabalik
6,Run50_AlphaDengeV1,Patlama yolu,bahcivan,standart,100,taban,3,,,15,15,0,0,0,0,10,4,1,0,0,32,66,1,32,1,36,4,0,39,4,0,360,3,3,11.33,1,1,3,0.9,4,0.3,2,14,2.64,1.8,2.75,3,,,25,0,0,,,4.2,6.75,6,,,4,6,0.594,0.167,8,34,2,3,1,,4,0,45,2,6,3,0,0,2,2,0,,0,0,0,0,0,0,0,0,0,0,0.5,0.711,0.333,0,0,26,0,0,150,0,0,3,3,1,0,0,0,1,0,420,0,3,45,45.133,7.756,7.756,,,,,0,0,0,0,0,,,0,0,0,0,0,0,0,0,0,0,0,0,0,0,0,0,0,0,0,0.566,1.177,4.49,0.014,0,kalabalik
6,Run50_AlphaDengeV1,Patlama yolu,bahcivan,standart,100,taban,4,,,26,26,0,0,0,0,22,3,1,0,0,53,53,1,0,0,56,4,0,68,8,0,601,4,3,12,1.25,1,2.892,0.9,4,0.3,2,15,2.8,1.5,2,1,,,46,0,,,,2.11,2.89,0,,,4,6,0.507,0,6.259,43,4,7,0,keskin_bicakx1,5,0.033,45,3,9,6,0,0,2,2,4,,0,0,0,0,0,0,0,0,0,0,0.5,1.178,0.578,0,0,34,0,0,331,0,0,3,3,1,6,0,0,1.0667,0,440,0,3,45,45.133,6.685,6.685,,,,,0,0,0,0,0,,,0,0,0,0,0,0,0,0,0,0,0,0,0,0,0,0,0,0,0,0.646,1.271,21.337,0.02,0,kalabalik
6,Run50_AlphaDengeV1,Patlama yolu,bahcivan,standart,100,taban,5,,,29,26,3,0,0,0,26,2,1,0,0,50,103,1,0,0,60,4,0,68,12,0,653,6,6,12,1.25,1,2.892,0.9,4,0.3,2,15,3.53,1.61,2,3,,,28,0,,,,2.39,7.23,8.67,,,6,9,0.566,0.111,6.774,60,0,7,2,keskin_bicakx1,6,0.044,45,5,15,9,0,0,2,2,4,,0,0,0,0,0,0,0,0,0,0,0.667,1.111,0.644,3,0,40,0,0,74,0,0,3,4,4,6,0,0,1.0667,0,490,0,3,45,45.133,6.703,6.544,8.089,,,,7,0,0,0,0,,0.373,0,0,0,0,0,0,0,0,0,0,0,0,0,0,0,0,0,0,0,0.649,1.383,4.597,0.017,0,kalabalik
6,Run50_AlphaDengeV1,Patlama yolu,bahcivan,standart,100,taban,6,,,28,27,1,0,0,0,20,8,0,0,0,57,160,1,57,1,72,0,0,74,12,0,676,7,3,12.67,1.25,1,2.789,0.9,4,0.3,2,19,2.68,1.53,1.88,,,,40,0,0,,,2.49,3.14,,,,6,9,0.452,0.111,6.383,78,5,12,0,keskin_bicakx1,5,0.009,55,6,18,9,6,0,2,2,4,,0,0,0,0,0,0,0,0,0,0,0.667,1.036,0.509,1,0,47,0,0,260,0,0,3,4,4,6,0,0,1.0667,0,520,0,6,55,55.133,7.588,7.842,0.733,,,,1,0,0,0,0,,0.444,0,0,0,0,0,0,0,0,0,0,0,0,0,0,0,0,0,0,0,0.704,1.334,47.475,0.018,0,kalabalik
6,Run50_AlphaDengeV1,Patlama yolu,bahcivan,standart,100,taban,7,,,37,36,0,0,0,1,26,8,2,1,0,118,118,1,0,0,84,8,2,87,20,2,972,9,6,13.33,1.25,1,2.789,0.9,4,0.3,2,19,3.79,1.52,2.13,1.5,4,,44,0,0,0,,2.01,5.59,1.4,36.27,,8,12,0.738,0.417,5.687,116,1,13,2,keskin_bicakx1 bereketli_toprakx1,5,0,55,8,24,12,6,0,2,2,4,,0,0,0,0,0,0,0,0,0,0,0.833,2.145,0.673,1,0,47,0,0,152,0,0,3,5,5,6,1,0,1.0667,0,600,0,3,55,55.133,10.254,10.314,8.1,,,,5,0,0,0,0,,0.321,0,0,0,0,0,0,0,0,0,0,0,0,0,0,0,0,0,0,0,0.779,1.592,6.642,0.023,0,kalabalik
6,Run50_AlphaDengeV1,Patlama yolu,bahcivan,standart,100,taban,8,,,44,38,6,0,0,0,31,8,5,0,0,119,237,1,0,0,102,20,0,114,40,2,1158,11,6,14,1.25,1,2.689,0.9,4,0.3,2,20,3.75,1.54,2.14,1.33,,,41,0,0,,,2.5,8.83,7.17,,,8,12,0.688,0.25,5.548,119,5,18,0,keskin_bicakx1 bereketli_toprakx1,8,0,55,10,30,18,6,0,2,2,4,,0,0,0,0,0,0,0,0,0,0,0.75,2.164,0.8,6,0,53,0,0,70,0,0,3,8,5,6,1,0,1.0667,0,700,0,6,55,55.133,12.657,13.014,10.394,,,,10,0,0,0,0,,0.307,0,0,0,0,0,0,0,0,0,0,0,0,0,0,0,0,0,0,0,0.674,1.365,6.967,0.019,0,kalabalik
6,Run50_AlphaDengeV1,Patlama yolu,bahcivan,standart,100,taban,9,,,47,37,9,0,0,1,36,9,2,0,0,101,338,1,0,0,117,8,0,127,48,2,1160,12,3,15.64,1.25,1,2.592,0.9,4,0.3,2,21,3.71,1.55,2.43,1,,,29,13,0,,,3.75,7.03,0,,,9,14,0.693,0.357,5.633,137,4,22,1,keskin_bicakx1 bereketli_toprakx1,9,0,55,11,33,24,6,0,2,2,4,,0,0,0,0,0,0,0,0,0,0,0.643,1.836,0.855,10,0,61,0,0,530,0,0,3,10,6,6,3,0,1.0667,0,750,0,6,55,55.133,11.374,11.863,9.563,,,,17,0,0,0,0,,0.3,0,0,0,0,0,0,0,0,0,0,0,0,0,0,0,0,0,0,0,0.698,1.382,6.716,0.02,0,kalabalik
6,Run50_AlphaDengeV1,Patlama yolu,bahcivan,standart,100,taban,10,,,48,41,6,0,0,1,35,10,3,0,0,117,455,1,117,1,155,12,0,156,60,2,1322,14,6,16.36,1.25,1,2.5,0.9,4,0.3,2,21,4,1.52,2.11,3,,,38,0,0,,,3.88,8.61,20,,,11,17,0.727,0.353,5.615,167,5,27,2,keskin_bicakx1 bereketli_toprakx1,11,0,55,13,39,25,8,0,2,2,4,,0,0,0,0,0,0,0,0,0,0,0.824,2.127,0.873,7,0,61,0,0,292,0,0,3,10,9,14,3,0,1.1333,0,880,0,3,55,55.133,11.91,11.578,13.852,,,,19,0,0,0,0,,0.296,0,0,0,0,0,0,0,0,0,0,0,0,0,0,0,0,0,0,0,0.711,1.472,5.566,0.022,0,kalabalik
6,Run50_AlphaDengeV1,Patlama yolu,bahcivan,standart,100,taban,11,,,71,56,14,0,0,1,52,13,5,1,0,192,192,1,0,0,221,20,2,224,55,4,1963,16,6,17.38,1.563,1,2.5,0.9,4,0.3,2,26,3.92,1.37,1.3,2.25,3,,48,67,0,0,,2.13,2.26,12.5,7.63,,12,18,0.706,0.389,5.66,207,4,31,1,keskin_bicakx2 bereketli_toprakx1,12,0,65,15,45,25,14,0,2,2,4,,0,0,0,0,0,0,0,0,0,0,0.778,2.954,1.092,15,0,82,0,0,425,0,0,3,10,10,14,3,0,1.1333,0,1000,0,6,65,65.167,9.667,9.93,8.684,,,,38,0,0,0,0,,0.286,0,0,0,0,0,0,0,0,0,0,0,0,0,0,0,0,0,0,0,0.908,1.653,188.966,0.023,0,kalabalik
6,Run50_AlphaDengeV1,Patlama yolu,bahcivan,standart,100,taban,12,,,94,61,26,0,0,7,66,19,9,0,0,231,423,1,0,0,312,36,0,313,36,4,3005,19,9,19.2,1.563,1,2.41,0.9,4,0.3,2,26,3.92,1.24,1.36,1.67,,,58,39,25,,,2.17,2.58,3.62,,,14,24,0.679,0.333,5.362,291,9,40,5,keskin_bicakx2 bereketli_toprakx1,17,0,65,18,54,25,20,0,2,2,4,,0,0,0,0,0,0,0,0,0,0,0.792,3.554,1.446,33,0,94,0,0,130,0,0,3,10,10,36,3,0,1.2667,0,1300,0,6,65,65.167,12.699,13.992,10.31,,,,77,0,0,0,0,,0.262,0,0,0,0,0,0,0,0,0,0,0,0,0,0,0,0,0,0,0,0.755,1.457,23.039,0.025,0,kalabalik
6,Run50_AlphaDengeV1,Patlama yolu,bahcivan,standart,100,taban,13,,,100,61,32,0,0,7,68,20,9,3,0,327,750,1,327,1,339,36,6,352,72,10,3453,21,6,20.27,1.563,1,2.24,0.935,4,0.3,2,29,3.86,1.21,1.33,1.4,1.5,,62,42,0,50,0,1.76,2.06,7.17,1.12,,16,30,0.599,0.367,5.309,367,7,47,2,keskin_bicakx2 bereketli_toprakx1,15,0,65,20,60,34,20,0,2,2,4,,0,0,0,0,0,0,0,0,0,0,0.367,5.031,1.538,39,0,99,0,0,883,0,0,3,13,13,50,4,0,1.3333,0,1500,0,9,65,65.167,11.36,11.127,11.725,,,,96,0,0,0,0,,0.236,0,0,0,0,0,0,0,0,0,0,0,0,0,0,0,0,0,0,0,0.788,1.7,6.614,0.028,0,kalabalik
6,Run50_AlphaDengeV1,Patlama yolu,bahcivan,standart,100,taban,14,,,114,61,49,0,0,4,68,26,15,4,1,525,525,1,0,0,360,75,16,372,122,26,4656,24,9,20.27,1.563,1.3,2.16,0.97,4,0.3,2,30,4,1.39,1.22,1.5,1,2,48,53,30,0,0,5.69,2.28,4.86,0,2.17,19,39,0.784,0.282,4.907,517,9,56,4,keskin_bicakx2 bereketli_toprakx1 yikim_gucux1,20,0,65,23,69,40,20,0,2,2,4,,0,0,0,0,0,0,0,0,0,0,0.641,8.077,1.754,53,0,105,0,0,539,0,0,3,16,16,84,5,0,1.4667,0,1900,0,6,65,65.167,11.403,12.525,10.112,,,,98,0,0,0,0,,0.541,0,0,0,0,0,0,0,0,0,0,0,0,0,0,0,0,0,0,0,0.838,1.69,7.5,0.031,0,kalabalik
6,Run50_AlphaDengeV1,Patlama yolu,bahcivan,standart,100,taban,15,,,185,106,75,0,0,4,117,47,15,3,3,877,1402,1,0,0,690,112,15,692,149,41,7792,27,9,24.3,1.563,1.3,2.16,1.04,6,0.3,2,30,6,1.16,1.27,1.42,1,2.33,81,58,43,17,0,1.45,1.97,1.98,0,12.26,20,45,0.705,0.467,4.853,603,8,64,4,keskin_bicakx2 bereketli_toprakx1 yikim_gucux1,26,0,65,26,78,49,20,0,2,2,4,,0,0,0,0,0,0,0,0,0,0,0.689,13.492,2.846,79,0,98,0,0,2131,0,0,3,20,20,104,6,0,1.5333,0,2400,0,9,65,65.167,9.668,11.569,7.117,,,,145,0,0,0,0,,0.553,0,0,0,0,0,0,0,0,0,0,0,0,0,0,0,0,0,0,0,0.965,1.909,5.352,0.035,0,kalabalik
6,Run50_AlphaDengeV1,Patlama yolu,bahcivan,standart,100,taban,16,,,193,90,103,0,0,0,97,50,33,10,3,1473,2875,1,1473,1,660,226,29,776,350,50,9484,31,12,25.51,1.563,1.3,2.16,1.04,6,0.3,2,30,6,1.15,1.32,1.42,1.67,2,79,61,38,0,0,0.97,1.82,4.55,6.48,5.4,19,49,0.747,0.51,4.549,700,5,69,4,keskin_bicakx2 bereketli_toprakx1 yikim_gucux1,28,0,65,30,90,49,29,0,2,2,4,,0,0,0,0,0,0,0,0,0,0,0.633,22.662,2.969,103,0,224,0,0,815,0,0,3,20,20,125,6,0,1.6,0,3200,0,9,65,65.167,10.617,10.025,11.135,,,,165,0,0,0,0,,0.497,0,0,0,0,0,0,0,0,0,0,0,0,0,0,0,0,0,0,0,1.028,2.09,7.003,0.036,0,kalabalik
6,Run50_AlphaDengeV1,Patlama yolu,bahcivan,standart,100,taban,17,,,290,119,164,0,0,7,131,85,38,33,3,2672,2672,1,0,0,1020,256,75,1021,406,105,15463,35,12,33.24,1.563,1.69,2.026,1.075,6,0.3,2,32,6,1,1.09,1.06,1.27,1,100,80,88,39,100,0,0.75,0.36,1.48,0,17,49,0.658,0.327,4.298,741,7,76,1,keskin_bicakx2 bereketli_toprakx1 yikim_gucux2,39,0,65,34,102,49,41,0,2,2,4,,0,0,0,0,0,0,0,0,0,0,0.551,41.108,4.462,171,0,282,0,0,2178,0,0,3,20,20,125,6,0,1.6,0,4100,0,12,65,65.167,8.694,10.66,7.326,,,,210,0,0,0,0,,0.825,0,0,0,0,0,0,0,0,0,0,0,0,0,0,0,0,0,0,0,1.111,2.28,63.988,0.046,0,kalabalik
6,Run50_AlphaDengeV1,Patlama yolu,bahcivan,standart,100,taban,18,,,295,118,168,0,0,9,136,89,43,16,11,3398,6070,1,0,0,1215,385,66,1331,528,151,15935,38,9,39.82,1.563,1.69,2.026,1.11,6,0.3,2,32,6,1,1.12,1.13,1,1,100,91,79,75,71,0,0.42,1.52,0,0,15,49,0.656,0.388,4.14,769,9,85,1,keskin_bicakx2 bereketli_toprakx1 yikim_gucux2,34,0,65,37,111,49,53,0,2,2,4,,0,0,0,0,0,0,0,0,0,0,0.51,52.277,4.538,177,0,311,0,0,4913,0,0,3,20,20,125,6,0,1.6,0,5000,0,12,65,65.167,6.509,8.302,5.314,,,,186,0,0,0,0,,0.914,0,0,0,0,0,0,0,0,0,0,0,0,0,0,0,0,0,0,0,1.031,2.049,9.242,0.038,0,kalabalik
6,Run50_AlphaDengeV1,Patlama yolu,bahcivan,standart,100,taban,19,,,345,117,214,0,0,14,146,92,65,34,8,4505,10575,1,0,0,1296,487,108,1412,977,139,19780,42,12,43.38,1.563,1.69,1.962,1.145,6,0.3,2,33,6,1,1.03,1.17,1.08,1.33,100,90,82,79,67,0,0.18,1.11,0.65,6.54,15,58,0.646,0.379,4.118,915,7,92,4,keskin_bicakx2 bereketli_toprakx1 yikim_gucux2,43,0,65,41,123,49,62,0,2,2,4,,0,0,0,0,0,0,0,0,0,0,0.603,69.308,5.308,228,0,326,0,0,2893,0,0,3,20,20,125,6,0,1.6,0,6300,0,9,65,65.167,5.363,6.683,4.685,,,,250,0,0,0,0,,0.926,0,0,0,0,0,0,0,0,0,0,0,0,0,0,0,0,0,0,0,1.098,2.188,6.708,0.047,0,kalabalik
6,Run50_AlphaDengeV1,Patlama yolu,bahcivan,standart,100,taban,20,,,345,134,195,0,0,16,137,99,71,32,6,3924,14499,1,3924,1,1256,632,107,2003,1006,166,19576,45,9,43.38,1.563,1.69,1.901,1.195,6,0.3,2,34,6,1,1.06,1.03,1.17,1,100,89,80,60,60,0,0.48,0.2,0.95,0,19,81,0.665,0.346,4.024,1308,5,97,9,keskin_bicakx2 bereketli_toprakx1 yikim_gucux2,38,0,65,44,132,61,62,0,2,2,4,,0,0,0,0,0,0,0,0,0,0,0.568,60.369,5.308,211,0,380,0,0,2569,0,0,3,22,22,125,9,0,1.6,0,7400,0,12,65,65.167,7.337,8.309,6.721,,,,261,0,0,0,0,,0.765,0,0,0,0,0,0,0,0,0,0,0,0,0,0,0,0,0,0,0,1.206,2.5,7.182,0.049,0,kalabalik
6,Run50_AlphaDengeV1,Patlama yolu,bahcivan,standart,100,taban,21,,,388,127,239,0,0,22,156,108,82,34,8,4508,4508,1,0,0,1806,684,117,3084,1130,283,22346,48,9,49.54,1.563,1.69,1.901,1.23,6,0.3,2,34,6,1,1.07,1.06,1.25,1,100,82,86,79,83,0,0.46,0.35,1.43,0,19,81,0.728,0.556,3.972,1326,5,102,0,keskin_bicakx2 bereketli_toprakx1 yikim_gucux2 kivilcimx1,41,0,65,47,141,70,62,0,2,2,4,,0,0,0,0,0,0,0,0,0,0,0.741,69.354,5.969,261,0,384,0,0,1515,0,0,3,24,24,125,11,0,1.6,0,8600,0,9,65,65.167,6.647,9.018,5.493,,,,298,0,0,0,0,,0.863,0,0,0,0,0,0,0,0,0,0,0,0,0,0,0,0,0,0,0,1.221,2.414,8.005,0.048,0,kalabalik
6,Run50_AlphaDengeV1,Patlama yolu,bahcivan,standart,100,taban,22,,,369,133,212,0,0,24,148,102,74,39,6,4478,8986,1,0,0,1483,642,156,3577,1387,439,21419,50,6,49.54,1.563,1.69,1.841,1.315,6,0.3,2,35,6,1,1.1,1.16,1.07,1.33,100,84,76,81,67,0,0.55,1.5,0.13,1.83,19,81,0.777,0.568,3.639,1447,6,108,0,keskin_bicakx2 bereketli_toprakx1 yikim_gucux2 kivilcimx1,38,0,65,49,147,79,62,0,2,2,4,,0,0,0,0,0,0,0,0,0,0,0.728,68.892,5.677,236,0,349,0,0,5334,0,0,3,26,26,125,13,0,1.6,0,9500,0,9,65,65.167,6.057,8.491,4.686,,,,275,0,0,0,0,,0.848,0,0,0,0,0,0,0,0,0,0,0,0,0,0,0,0,0,0,0,1.261,2.403,11.427,0.055,0,kalabalik
6,Run50_AlphaDengeV1,Patlama yolu,bahcivan,standart,100,taban,23,,,330,91,218,0,0,21,132,96,49,39,14,5543,14529,1,5543,1,1862,552,201,4669,859,640,20118,52,6,56.1,1.563,1.69,1.841,1.315,6,0.3,2,35,4,1,1.08,1.1,1.22,1,100,88,73,69,80,0,0.54,0.55,2.25,0,19,81,0.789,0.605,3.639,1447,5,113,0,keskin_bicakx2 bereketli_toprakx1 yikim_gucux2 kivilcimx1,39,0,65,51,153,81,66,0,2,2,4,,0,0,0,0,0,0,0,0,0,0,0.741,85.277,5.077,239,0,477,0,0,5952,0,0,3,26,26,125,14,0,1.6,0,10000,0,6,65,65.167,14.432,23.906,10.825,,,,268,0,0,0,0,,0.872,0,0,0,0,0,0,0,0,0,0,0,0,0,0,0,0,0,0,0,1.166,2.26,8.02,0.046,0,kalabalik
6,Run50_AlphaDengeV1,Patlama yolu,bahcivan,standart,100,taban,24,,,411,160,228,0,0,23,172,105,79,45,10,5412,5412,1,0,0,1828,796,228,5387,855,868,25477,54,6,56.1,2.5,1.69,1.783,1.365,6,0.3,2,36,6,1,1,1,1.24,1.5,100,100,100,77,75,0,0,0,1.05,2.67,19,81,0.75,0.605,3.639,1447,4,117,0,keskin_bicakx2 bereketli_toprakx1 yikim_gucux2 kivilcimx1 canavar_kesimix1,40,0,65,53,159,81,72,0,2,2,4,,0,0,0,0,0,0,0,0,0,0,0.753,83.262,6.323,251,0,625,0,0,10429,0,0,3,26,26,575,14,0,1.6667,0,12000,0,6,65,65.167,7.168,8.065,6.597,,,,301,0,0,0,0,,0.87,0,0,0,0,0,0,0,0,0,0,0,0,0,0,0,0,0,0,0,1.117,2.142,8.499,0.051,0,kalabalik
6,Run50_AlphaDengeV1,Patlama yolu,bahcivan,standart,100,taban,25,,,412,151,234,0,0,27,139,108,101,46,18,7849,13261,1,0,0,2070,1072,244,4992,1467,1062,27395,57,9,65.98,2.5,1.69,1.783,1.365,6,0.3,2,36,6,1,1,1,1.05,1.4,100,100,100,89,78,0,0,0,0.71,1.42,19,81,0.762,0.593,3.526,1493,8,125,0,keskin_bicakx2 bereketli_toprakx1 yikim_gucux2 kivilcimx1 canavar_kesimix1,41,0,65,56,168,81,78,0,2,2,4,,0,0,0,0,0,0,0,0,0,0,0.765,120.754,6.338,261,0,832,0,0,824,0,0,3,26,26,575,14,0,1.6667,0,13000,0,6,65,65.167,6.696,7.117,6.453,,,,311,0,0,0,0,,0.845,0,0,0,0,0,0,0,0,0,0,0,0,0,0,0,0,0,0,0,1.175,2.405,14.432,0.058,0,kalabalik
6,Run50_AlphaDengeV1,Patlama yolu,bahcivan,standart,100,taban,26,,,526,207,290,0,0,29,184,144,113,68,17,9207,22468,1,9207,1,2610,1192,356,6132,1249,1418,35327,59,6,69.27,2.5,1.69,1.727,1.415,9,0.3,2,37,8.89,1,1,1,1.04,1.14,100,100,100,94,82,0,0,0,0.19,2.22,19,81,0.52,0.346,3.516,1497,6,131,0,keskin_bicakx2 bereketli_toprakx1 yikim_gucux2 kivilcimx1 canavar_kesimix1,50,0,65,58,174,81,87,0,2,2,4,,0,0,0,0,0,0,0,0,0,0,0.457,141.646,8.092,319,0,766,0,0,9151,0,0,3,26,26,575,14,0,1.6667,0,14000,0,9,65,65.167,16.8,21.507,13.745,,,,394,0,0,0,0,,0.863,0,0,0,0,0,0,0,0,0,0,0,0,0,0,0,0,0,0,0,1.223,2.433,9.763,0.055,0,kalabalik
6,Run50_AlphaDengeV1,Patlama yolu,bahcivan,standart,100,taban,27,,,573,215,322,0,0,36,223,151,113,60,26,10715,10715,1,0,0,3273,1320,370,7805,2129,1788,39159,62,9,73.42,2.5,1.69,1.727,1.868,9,0.317,2,37,9,1,1,1,1.04,1,100,100,100,97,89,0,0,0,0.33,0,19,81,0.664,0.42,3.419,1540,5,136,0,keskin_bicakx2 bereketli_toprakx1 yikim_gucux2 kivilcimx1 canavar_kesimix1 genis_savurusx1,61,0,65,61,183,81,93,0,2,2,4,,0,0,0,0,0,0,0,0,0,0,0.704,164.846,8.815,358,0,1002,0,0,3310,0,0,3,26,26,1165,14,0,1.7333,0,16000,0,6,65,65.167,5.476,6.914,4.613,,,,423,0,0,0,0,,0.882,0,0,0,0,0,0,0,0,0,0,0,0,0,0,0,0,0,0,0,1.321,2.677,68.073,0.063,0,kalabalik
6,Run50_AlphaDengeV1,Patlama yolu,bahcivan,standart,100,taban,28,,,616,215,360,0,0,41,229,174,130,73,10,9431,20146,1,0,0,3265,1380,356,8160,1809,2079,42745,64,6,83.44,2.5,1.69,1.673,1.934,9,0.317,2,38,9,1,1,1,1,1,100,100,100,100,67,0,0,0,0,0,19,81,0.654,0.42,3.323,1585,8,144,0,keskin_bicakx2 bereketli_toprakx1 yikim_gucux2 kivilcimx1 canavar_kesimix1 genis_savurusx1,72,0,65,63,189,81,102,0,2,2,4,,0,0,0,0,0,0,0,0,0,0,0.704,145.092,9.477,401,0,1139,0,0,13055,0,0,3,26,26,1165,14,0,1.7333,0,18000,0,9,65,65.167,5.634,7.164,4.814,,,,461,0,0,0,0,,0.895,0,0,0,0,0,0,0,0,0,0,0,0,0,0,0,0,0,0,0,1.236,2.482,18.09,0.066,0,kalabalik
6,Run50_AlphaDengeV1,Patlama yolu,bahcivan,standart,100,taban,29,,,610,221,349,0,0,40,216,167,133,72,22,12082,32228,1,0,0,3292,1653,440,9292,2952,2519,45209,67,9,83.44,2.5,1.69,1.673,1.934,9,0.317,2,38,9,1,1,1,1,1.09,100,100,100,100,93,0,0,0,0,0.45,19,81,0.665,0.395,3.219,1636,4,148,0,keskin_bicakx2 bereketli_toprakx1 yikim_gucux2 kivilcimx1 canavar_kesimix1 genis_savurusx1,78,0,65,66,198,81,108,0,2,2,4,,0,0,0,0,0,0,0,0,0,0,0.691,185.877,9.385,389,0,1100,0,0,3264,0,0,3,26,26,1895,14,0,1.8,0,20000,0,6,65,65.167,5.403,7.512,4.205,,,,455,0,0,0,0,,0.888,0,0,0,0,0,0,0,0,0,0,0,0,0,0,0,0,0,0,0,1.228,2.533,12.709,0.068,0,kalabalik
6,Run50_AlphaDengeV1,Patlama yolu,bahcivan,standart,100,taban,30,,,644,226,367,0,0,51,239,180,135,71,19,11675,43903,1,11675,1,3762,1577,412,10009,3219,2851,48174,69,6,94.04,2.5,1.69,1.62,2,9,0.333,2,40,8.95,1,1,1,1,1.14,100,100,100,97,73,0,0,0,0,0.7,19,81,0.651,0.444,3.207,1642,7,155,0,keskin_bicakx2 bereketli_toprakx1 yikim_gucux2 kivilcimx1 canavar_kesimix1 genis_savurusx1,75,0,65,68,204,81,117,0,2,2,4,,0,0,0,0,0,0,0,0,0,0,0.617,179.615,9.908,418,0,1275,0,0,10438,0,0,3,26,26,1895,14,0,1.8,0,22000,0,9,65,65.167,5.686,7.914,4.481,,,,479,0,0,0,0,,0.908,0,0,0,0,0,0,0,0,0,0,0,0,0,0,0,0,0,0,0,1.493,3.002,101.613,0.076,0,kalabalik
6,Run50_AlphaDengeV1,Patlama yolu,bahcivan,standart,100,taban,31,,,654,225,385,0,0,44,239,177,126,83,29,14484,14484,1,0,0,3792,1644,588,10771,3723,3439,50686,71,6,94.04,2.5,1.69,1.62,2,9,0.333,2,40,8.98,1,1,1,1,1,100,100,100,98,80,0,0,0,0,0,19,81,0.708,0.506,2.648,1988,6,161,0,keskin_bicakx2 bereketli_toprakx2 yikim_gucux2 kivilcimx1 canavar_kesimix1 genis_savurusx1,77,0,65,70,210,81,123,0,2,2,4,,0,0,0,0,0,0,0,0,0,0,0.605,222.831,10.062,429,0,1299,0,0,17124,0,0,3,26,26,2755,14,0,1.8667,0,23000,0,6,65,65.167,6.081,8.548,4.787,,,,510,0,0,0,0,,0.865,0,0,0,0,0,0,0,0,0,0,0,0,0,0,0,0,0,0,0,1.267,2.612,8.328,0.066,0,kalabalik
6,Run50_AlphaDengeV1,Patlama yolu,bahcivan,standart,100,taban,32,,,802,281,461,0,0,60,306,221,166,82,27,15619,30103,1,0,0,4828,2197,640,12609,5800,3984,62437,74,9,100.86,2.5,1.69,1.62,2.066,12,0.35,2,40,12,1,1,1,1,1,100,100,100,100,100,0,0,0,0,0,19,81,0.664,0.432,2.556,2060,5,166,0,keskin_bicakx2 bereketli_toprakx2 yikim_gucux2 kivilcimx1 canavar_kesimix1 genis_savurusx1,92,0,65,73,219,81,129,0,2,2,4,,0,0,0,0,0,0,0,0,0,0,0.543,240.292,12.338,521,0,1411,0,0,7561,0,0,3,26,26,2755,14,0,1.8667,0,26000,0,6,65,65.167,3.937,4.879,3.429,,,,591,0,0,0,0,,0.907,0,0,0,0,0,0,0,0,0,0,0,0,0,0,0,0,0,0,0,1.534,3.217,113.543,0.082,0,kalabalik
6,Run50_AlphaDengeV1,Patlama yolu,bahcivan,standart,100,taban,33,,,655,238,375,0,0,42,241,181,153,57,23,12220,42323,1,12220,1,3730,2248,445,14719,6018,4429,51717,76,6,105.24,2.5,1.69,1.62,2.066,12,0.35,2,40,9,1,1,1,1,1,100,100,100,100,100,0,0,0,0,0,19,81,0.739,0.531,2.42,2176,4,170,0,keskin_bicakx2 bereketli_toprakx2 yikim_gucux2 kivilcimx1 canavar_kesimix1 genis_savurusx1,77,0,65,75,225,81,138,0,2,2,4,,0,0,0,0,0,0,0,0,0,0,0.605,188,10.077,417,0,1450,0,0,6278,0,0,3,26,26,3755,14,0,1.9333,0,28000,0,9,65,65.167,5.752,7.45,4.783,,,,483,0,0,0,0,,0.892,0,0,0,0,0,0,0,0,0,0,0,0,0,0,0,0,0,0,0,1.37,2.793,21.021,0.07,0,kalabalik
6,Run50_AlphaDengeV1,Patlama yolu,bahcivan,standart,100,taban,34,,,832,283,482,0,0,67,304,224,187,90,27,17370,17370,1,0,0,5140,2444,715,14509,7822,5034,67859,78,6,112.36,2.5,2.197,1.62,2.132,12,0.367,2,40,11.95,1,1,1,1,1,100,100,100,100,94,0,0,0,0,0,19,81,0.672,0.432,2.4,2194,7,177,0,keskin_bicakx2 bereketli_toprakx2 yikim_gucux3 kivilcimx1 canavar_kesimix1 genis_savurusx1,98,0,65,77,231,81,144,0,2,2,4,,0,0,0,0,0,0,0,0,0,0,0.667,267.231,12.8,549,0,1508,0,0,17137,0,0,3,26,26,3755,14,0,1.9333,0,30000,0,6,65,65.167,4.067,5.273,3.445,,,,557,0,0,0,0,,0.984,0,0,0,0,0,0,0,0,0,0,0,0,0,0,0,0,0,0,0,2.154,4.364,403.433,0.104,0,kalabalik
6,Run50_AlphaDengeV1,Patlama yolu,bahcivan,standart,100,taban,35,,,857,268,508,0,0,81,311,240,195,79,32,18444,35814,1,0,0,5620,2770,580,19029,8302,5614,72429,80,6,117.04,2.5,2.197,1.62,2.132,12,0.367,2,40,12,1,1,1,1,1,100,100,100,100,94,0,0,0,0,0,19,81,0.668,0.432,2.342,2248,3,180,0,keskin_bicakx2 bereketli_toprakx2 yikim_gucux3 kivilcimx1 canavar_kesimix1 genis_savurusx1,93,0,65,79,237,81,150,0,2,2,4,,0,0,0,0,0,0,0,0,0,0,0.543,283.754,13.185,589,0,1533,0,0,28566,0,0,3,26,26,4855,14,0,2,0,32000,0,6,65,65.167,4.006,5.54,3.308,,,,603,0,0,0,0,,0.983,0,0,0,0,0,0,0,0,0,0,0,0,0,0,0,0,0,0,0,1.369,2.811,8.339,0.076,0,kalabalik
6,Run50_AlphaDengeV1,Patlama yolu,bahcivan,standart,100,taban,36,,,795,268,461,0,0,66,277,214,178,99,27,18086,53900,1,18086,1,4895,2615,754,21444,10917,6243,69100,82,6,117.04,2.5,2.197,1.62,2.198,12,0.383,2,40,11.9,1,1,1.02,1,1.1,100,100,96,98,93,0,0,0.17,0,0.16,19,81,0.697,0.444,2.325,2265,4,184,0,keskin_bicakx2 bereketli_toprakx2 yikim_gucux3 kivilcimx1 canavar_kesimix1 genis_savurusx1,91,0,65,81,243,81,156,0,2,2,4,,0,0,0,0,0,0,0,0,0,0,0.531,278.246,12.231,527,0,1635,0,0,32666,0,0,3,26,26,4855,14,0,2,0,34000,0,6,65,65.167,4.467,6.055,3.66,,,,584,0,0,0,0,,0.92,0,0,0,0,0,0,0,0,0,0,0,0,0,0,0,0,0,0,0,1.349,2.793,9.259,0.074,0,kalabalik
6,Run50_AlphaDengeV1,Patlama yolu,bahcivan,standart,100,taban,37,,,1178,268,849,0,0,61,421,336,249,122,50,28199,28199,1,0,0,7900,3909,1020,24424,14126,7263,102367,85,9,124.44,2.5,2.197,1.62,2.198,12,0.383,2,40,11.9,1,1,1,1,1,100,100,100,100,100,0,0,0,0,0,19,81,0.584,0.247,2.305,2284,4,188,0,keskin_bicakx2 bereketli_toprakx2 yikim_gucux3 kivilcimx1 canavar_kesimix1 genis_savurusx1 artci_patlamax1,126,0,65,84,252,81,162,0,2,2,4,artci_patlama@R36,212,205,7,403,392,0,0,0,0,0,0.506,433.831,18.123,518,0,1703,0,0,30033,0,0,3,26,26,6155,14,0,2.0667,0,38000,0,6,65,65.167,3.351,2.321,2.844,,,4.726,557,0,0,0,0,,0.938,0,0,0,0,0,0,0,0,0,0,0,0,0,0,0,0,0,0,0,1.665,3.768,12.415,0.073,0,kalabalik
6,Run50_AlphaDengeV1,Patlama yolu,bahcivan,standart,100,taban,38,,,1237,287,871,0,0,79,401,341,286,150,59,33385,61584,1,0,0,8608,4644,1710,32652,17070,8833,116675,88,9,138.64,2.5,2.197,1.539,2.198,12,0.4,2,42,11.71,1,1,1,1,1,100,100,100,100,90,0,0,0,0,0,19,81,0.574,0.272,2.215,2377,3,191,0,keskin_bicakx2 bereketli_toprakx2 yikim_gucux3 kivilcimx1 canavar_kesimix1 genis_savurusx1 artci_patlamax1,136,0,65,87,261,81,164,7,2,2,4,artci_patlama@R36,219,219,0,426,419,0,0,0,0,0,0.395,513.615,19.031,531,0,1922,0,0,29708,0,0,3,26,26,6155,14,1,2.1493,0.04,41000,0,9,65,65.167,2.327,1.979,2.481,,,2.369,539,0,0,0,0,,0.989,0,0,0,0,0,0,0,0,0,0,0,0,0,0,0,0,0,0,0,1.692,3.59,10.366,0.081,0,kalabalik
6,Run50_AlphaDengeV1,Patlama yolu,bahcivan,standart,100,taban,39,,,1291,288,932,0,0,71,467,359,257,152,56,32077,93661,1,0,0,10266,4857,1644,36318,21157,10477,144617,92,12,152.76,2.5,2.197,1.477,2.198,12,0.4,2,43,11.74,1,1,1,1,1,100,100,100,100,96,0,0,0,0,0,19,81,0.553,0.247,2.215,2377,4,195,0,keskin_bicakx2 bereketli_toprakx2 yikim_gucux3 kivilcimx1 canavar_kesimix1 genis_savurusx1 artci_patlamax1,141,0,65,91,273,81,164,16,2,2,4,artci_patlama@R36,221,221,0,440,435,0,0,0,0,0,0.642,493.492,19.862,568,0,2117,0,0,2325,0,0,3,26,26,7555,14,6,2.6667,0.25,46000,0,9,65,65.167,2.182,1.761,2.461,,,2.095,584,0,0,0,0,,0.978,0,0,0,0,0,0,0,0,0,0,0,0,0,0,0,0,0,0,0,1.775,3.817,21.811,0.082,0,kalabalik
6,Run50_AlphaDengeV1,Patlama yolu,bahcivan,standart,100,taban,40,,,1327,286,970,0,0,71,443,381,295,156,52,32126,125787,1,32126,1,9948,5554,1953,45846,24811,12275,158500,95,9,173.24,2.5,2.197,1.28,2.198,12,0.417,2,50,9,1,1,1,1,1,100,100,100,100,93,0,0,0,0,0,19,81,0.619,0.296,1.819,2894,3,198,0,keskin_bicakx2 bereketli_toprakx2 yikim_gucux3 kivilcimx1 canavar_kesimix1 genis_savurusx1 artci_patlamax1,127,0,65,94,282,81,164,28,2,2,4,artci_patlama@R36,210,210,0,496,484,0,0,0,0,0,0.617,494.246,20.415,557,0,2404,0,0,17825,0,0,3,26,26,7555,14,8,2.816,0.32,51000,0,12,65,65.167,2.537,2.577,2.561,,,2.484,568,0,0,0,0,,0.99,0,0,0,0,0,0,0,0,0,0,0,0,0,0,0,0,0,0,0,2.176,4.476,289.013,0.092,0,kalabalik
6,Run50_AlphaDengeV1,Patlama yolu,bahcivan,standart,100,taban,41,,,1982,498,1383,0,0,101,689,546,407,267,73,49397,49397,1,0,0,16421,8676,3138,54967,33487,15263,271779,100,15,192.12,2.5,2.197,0.86,2.198,12,0.417,2.111,75,11.08,1,1,1,1,1,100,100,100,100,100,0,0,0,0,0,19,81,0.494,0.198,1.666,3160,4,202,0,keskin_bicakx2 bereketli_toprakx2 yikim_gucux3 kivilcimx1 canavar_kesimix1 genis_savurusx1 artci_patlamax1 firtina_bilegix1,179,0,65,99,297,81,164,37,2,2,4,artci_patlama@R36,391,391,0,725,725,0,0,0,0,0,0.321,759.954,30.492,759,0,2800,0,0,20604,0,0,3,26,26,9055,14,11,3.234,0.47,58000,0,9,65,65.167,1.325,1.404,1.495,,,1.087,759,0,0,0,0,,0.999,0,0,0,0,0,0,0,0,0,0,0,0,0,0,0,0,0,0,0,2.192,4.183,25.656,0.107,0,kalabalik
6,Run50_AlphaDengeV1,Patlama yolu,bahcivan,standart,100,taban,42,,,2883,711,2022,0,0,150,961,807,591,406,118,72248,121645,1,0,0,26170,14316,4947,80322,47815,18120,414609,106,18,220.28,2.5,2.197,0.701,2.198,12,0.433,2.111,92,11.88,1,1,1,1,1,100,100,100,100,100,0,0,0,0,0,28,121,0.506,0.19,1.689,4657,3,205,15,keskin_bicakx2 bereketli_toprakx2 yikim_gucux3 kivilcimx1 canavar_kesimix1 genis_savurusx1 artci_patlamax1 firtina_bilegix1,261,0,65,105,315,81,164,52,2,2,4,artci_patlama@R36,463,463,0,1110,1110,0,0,0,0,0,0.545,1111.508,44.354,1062,0,3138,0,0,60213,0,0,3,26,26,9055,14,13,3.432,0.56,69000,0,15,65,65.167,1.324,1.53,1.415,,,1.097,1062,0,0,0,0,,1,0,0,0,0,0,0,0,0,0,0,0,0,0,0,0,0,0,0,0,2.733,5.414,13.147,0.145,1,kalabalik
6,Run50_AlphaDengeV1,Patlama yolu,bahcivan,standart,100,taban,43,,,2877,687,2045,0,0,145,920,795,674,365,123,71836,193481,1,71836,1,26093,18874,5820,102315,66689,23745,420744,112,18,232,2.5,2.197,0.701,2.198,12,0.433,2.222,92,11.89,1,1,1,1,1,100,100,100,99,93,0,0,0,0,0,28,121,0.533,0.314,1.595,4931,2,207,0,keskin_bicakx2 bereketli_toprakx2 yikim_gucux3 kivilcimx1 canavar_kesimix1 genis_savurusx1 artci_patlamax1 firtina_bilegix1,258,0,65,111,333,99,164,52,2,2,4,artci_patlama@R36,466,466,0,1143,1110,0,0,0,0,0,0.636,1105.169,44.262,1080,0,3583,0,0,41957,0,0,3,29,29,9055,16,13,3.432,0.56,80000,0,18,65,65.167,1.407,1.604,1.545,,,1.145,1114,0,0,0,0,,0.971,0,0,0,0,0,0,0,0,0,0,0,0,0,0,0,0,0,0,0,2.678,5.25,10.872,0.133,0,kalabalik
6,Run50_AlphaDengeV1,Patlama yolu,bahcivan,standart,100,taban,44,,,2972,605,2198,0,0,169,933,881,629,401,128,75766,75766,1,0,0,30222,17756,5706,129817,84445,29451,440899,117,15,232,2.5,2.197,0.701,2.198,12,0.45,2.972,92,11.92,1,1,1,1,1,100,100,100,100,100,0,0,0,0,0,28,121,0.547,0.306,1.494,5263,2,209,0,keskin_bicakx2 bereketli_toprakx2 yikim_gucux3 kivilcimx1 canavar_kesimix1 genis_savurusx1 artci_patlamax1 firtina_bilegix1 agir_darbex1,272,0,65,116,348,117,164,52,2,2,4,artci_patlama@R36,557,557,0,1085,1085,0,0,0,0,0,0.554,1165.631,45.723,1282,0,4491,0,0,62856,0,0,3,36,36,9055,19,13,3.432,0.56,90000,0,18,65,65.167,1.485,1.495,1.683,,,1.236,1282,0,0,0,0,,1,0,0,0,0,0,0,0,0,0,0,0,0,0,0,0,0,0,0,0,2.86,5.651,77.16,0.144,0,kalabalik
6,Run50_AlphaDengeV1,Patlama yolu,bahcivan,standart,100,taban,45,,,3034,598,2268,0,0,168,990,823,702,388,131,77156,152922,1,0,0,29565,18545,5852,159382,102990,35063,453068,122,15,232,2.5,2.197,0.701,2.198,12,0.45,3.083,92,11.93,1,1,1,1,1,100,100,100,100,96,0,0,0,0,0,28,121,0.542,0.347,1.483,5305,1,210,0,keskin_bicakx2 bereketli_toprakx2 yikim_gucux3 kivilcimx1 canavar_kesimix1 genis_savurusx1 artci_patlamax1 firtina_bilegix1 agir_darbex1,275,0,65,121,363,121,175,52,2,2,4,artci_patlama@R36,559,559,0,1126,1126,0,0,0,0,0,0.537,1187.015,46.677,1310,0,6818,0,0,43924,0,0,3,37,37,9055,20,13,3.432,0.56,100000,0,15,65,65.167,1.401,1.465,1.578,,,1.156,1310,0,0,0,0,,0.999,0,0,0,0,0,0,0,0,0,0,0,0,0,0,0,0,0,0,0,3.454,7.043,69.663,0.178,0,kalabalik
6,Run50_AlphaDengeV1,Patlama yolu,bahcivan,standart,100,taban,46,,,2494,597,1777,0,0,120,844,672,497,369,112,65655,218577,1,65655,1,25078,14128,6414,182060,117118,41477,368381,125,9,232,2.5,2.197,0.701,2.198,12,0.45,3.083,92,11.66,1,1,1,1,1.03,100,100,100,100,98,0,0,0,0,0.04,28,121,0.465,0.248,1.444,5448,1,211,0,keskin_bicakx2 bereketli_toprakx2 yikim_gucux3 kivilcimx1 canavar_kesimix1 genis_savurusx1 artci_patlamax1 firtina_bilegix1 agir_darbex1,226,0,65,124,372,121,190,52,2,2,4,artci_patlama@R36,576,576,0,820,807,0,0,0,0,0,0.446,1010.077,38.369,1090,0,7405,0,0,102305,0,0,3,37,37,9055,20,13,3.432,0.56,110000,0,15,65,65.167,1.482,1.565,1.576,,,1.278,1118,0,0,0,0,,0.976,0,0,0,0,0,0,0,0,0,0,0,0,0,0,0,0,0,0,0,2.571,4.923,70.602,0.151,0,kalabalik
6,Run50_AlphaDengeV1,Patlama yolu,bahcivan,standart,100,taban,47,,,3395,686,2494,0,0,215,1087,947,702,508,151,93341,93341,1,0,0,34086,18643,7008,216146,135761,48195,518860,130,15,232,2.5,2.197,0.596,2.198,12,0.45,3.194,109,11.91,1,1,1,1,1,100,100,100,100,94,0,0,0,0,0,28,121,0.523,0.223,1.423,5525,1,212,0,keskin_bicakx2 bereketli_toprakx2 yikim_gucux3 kivilcimx1 canavar_kesimix1 genis_savurusx1 artci_patlamax1 firtina_bilegix1 agir_darbex1 hizli_bilekx1,303,0,65,129,387,121,199,52,2,2,4,artci_patlama@R36,661,655,6,1164,1139,0,0,0,0,0,0.446,1436.015,52.231,1570,0,7775,0,0,51165,0,0,3,37,37,9055,20,13,3.432,0.56,120000,0,9,65,65.167,1.189,1.226,1.272,,,1.049,1618,0,0,0,0,,0.971,0,0,0,0,0,0,0,0,0,0,0,0,0,0,0,0,0,0,0,4.279,9.53,88.099,0.235,0,kalabalik
6,Run50_AlphaDengeV1,Patlama yolu,bahcivan,standart,100,taban,48,,,3443,701,2529,0,0,213,1093,934,806,463,147,91178,184519,1,0,0,33408,20945,6639,249554,156706,54834,526293,134,12,232,2.5,2.197,0.596,2.198,12,0.45,3.194,109,11.9,1,1,1,1,1,100,100,100,100,92,0,0,0,0,0,28,121,0.533,0.306,1.385,5678,0,212,0,keskin_bicakx2 bereketli_toprakx2 yikim_gucux3 kivilcimx1 canavar_kesimix1 genis_savurusx1 artci_patlamax1 firtina_bilegix1 agir_darbex1 hizli_bilekx1,316,0,65,133,399,121,214,52,2,2,4,artci_patlama@R36,676,668,8,1196,1169,0,0,0,0,0,0.471,1402.738,52.969,1573,0,8505,0,0,77458,0,0,3,37,37,9055,20,13,3.432,0.56,130000,0,15,65,65.167,1.192,1.161,1.29,,,1.079,1613,0,0,0,0,,0.981,0,0,0,0,0,0,0,0,0,0,0,0,0,0,0,0,0,0,0,4.138,8.31,73.459,0.229,0,kalabalik
6,Run50_AlphaDengeV1,Patlama yolu,bahcivan,standart,100,taban,49,,,3768,772,2740,0,0,256,1152,990,920,532,174,105783,290302,1,0,0,36736,26028,8721,286290,182734,63225,600666,138,12,263.47,2.5,2.197,0.538,2.198,12,0.45,3.306,120,11.9,1,1,1,1,1,100,100,100,100,99,0,0,0,0,0,28,121,0.524,0.306,1.285,6119,1,213,0,keskin_bicakx2 bereketli_toprakx2 yikim_gucux3 kivilcimx1 canavar_kesimix1 genis_savurusx1 artci_patlamax1 firtina_bilegix1 agir_darbex1 hizli_bilekx1,327,0,65,137,411,121,216,62,2,2,4,artci_patlama@R36,736,736,0,1307,1279,0,0,0,0,0,0.421,1627.431,57.969,1717,0,10052,0,0,138124,0,0,3,37,37,9055,20,14,3.542,0.61,140000,0,12,65,65.167,1.073,1.02,1.173,,,0.97,1777,0,0,0,0,,0.975,0,0,0,0,0,0,0,0,0,0,0,0,0,0,0,0,0,0,0,3.969,7.667,50.616,0.213,0,kalabalik
6,Run50_AlphaDengeV1,Patlama yolu,bahcivan,standart,100,taban,50,,,3730,697,2820,0,0,213,1143,1017,850,545,175,104277,394579,1,104277,1,44485,28003,9758,330775,210737,72983,632862,143,15,305,2.5,2.197,0.461,2.198,12,0.45,3.306,140,8.98,1,1,1,1,1,100,100,100,100,100,0,0,0,0,0,28,121,0.543,0.24,1.227,6408,0,213,0,keskin_bicakx2 bereketli_toprakx2 yikim_gucux3 kivilcimx1 canavar_kesimix1 genis_savurusx1 artci_patlamax1 firtina_bilegix1 agir_darbex1 hizli_bilekx1,339,0,65,142,426,121,216,74,2,2,4,artci_patlama@R36,656,656,0,1401,1401,0,0,0,0,0,0.628,1604.262,57.385,1632,0,11453,0,0,8486,0,0,3,37,37,9055,20,16,3.762,0.71,172500,0,12,65,65.167,1.104,1.13,1.169,,,1.014,1632,0,0,0,0,,1,0,0,0,0,0,0,0,0,0,0,0,0,0,0,0,0,0,0,0,3.213,6.032,16.308,0.181,0,kalabalik
6,Run50_AlphaDengeV1,Patlama yolu,bahcivan,standart,100,taban,50,KAZANDI
7,Run50_AlphaDengeV1,Patlama yolu,bahcivan,standart,101,taban,1,,,13,13,0,0,0,0,12,1,0,0,0,15,15,1,0,0,28,0,0,28,0,0,270,1,0,10,1,1,3,0.9,4,0.3,2,12,2.25,2,3,,,,17,0,,,,3,6,,,,2,4,0.339,0,8,23,0,0,2,,4,0.351,45,0,0,0,0,0,0,0,0,,0,0,0,0,0,0,0,0,0,0,0.75,0.333,0.289,0,0,22,0,0,270,0,0,0,0,0,0,0,0,1,0,390,0,0,45,45.133,4.426,4.426,,,,,0,0,0,0,0,,,0,0,0,0,0,0,0,0,0,0,0,0,0,0,0,0,0,0,0,0.542,1.155,4.448,0.016,0,kalabalik
7,Run50_AlphaDengeV1,Patlama yolu,bahcivan,standart,101,taban,2,,,15,15,0,0,0,0,11,3,1,0,0,30,45,1,0,0,34,4,0,37,4,0,350,2,3,10.67,1,1,3,0.9,4,0.3,2,13,2.85,2.09,2,3,,,0,0,0,,,3.27,3,12,,,3,5,0.479,0,8,28,1,1,1,,5,0.111,45,1,3,0,0,0,0,0,0,,0,0,0,0,0,0,0,0,0,0,0.6,0.667,0.333,0,0,24,0,0,230,0,0,0,0,0,0,0,0,1,0,410,0,0,45,45.133,5.562,5.562,,,,,0,0,0,0,0,,,0,0,0,0,0,0,0,0,0,0,0,0,0,0,0,0,0,0,0,0.535,1.094,3.446,0.016,0,kalabalik
7,Run50_AlphaDengeV1,Patlama yolu,bahcivan,standart,101,taban,3,,,9,9,0,0,0,0,8,1,0,0,0,11,56,1,11,1,20,0,0,23,4,0,204,3,3,11.33,1,1,3,0.9,4,0.3,2,9,2,2,1,,,,0,,,,,4.5,0,,,,4,6,0.221,0,8,34,2,3,1,,4,0.421,45,2,6,3,0,0,2,0,0,,0,0,0,0,0,0,0,0,0,0,0.333,0.244,0.2,0,0,22,0,0,24,0,0,3,1,1,0,1,0,1,0,420,0,3,45,45.133,9.052,9.052,,,,,0,0,0,0,0,,,0,0,0,0,0,0,0,0,0,0,0,0,0,0,0,0,0,0,0,0.577,1.196,3.424,0.015,0,kalabalik
7,Run50_AlphaDengeV1,Patlama yolu,bahcivan,standart,101,taban,4,,,19,18,1,0,0,0,15,2,2,0,0,41,41,1,0,0,38,8,0,41,12,0,498,4,3,11.33,1,1,3,0.9,4,0.3,2,14,3.14,1.93,3,3,,,18,0,0,,,4.8,6,7.5,,,5,7,0.651,0.286,6.164,51,0,3,1,bereketli_toprakx1,4,0,45,3,9,6,0,0,2,3,4,,0,0,0,0,0,0,0,0,0,0,0.857,0.911,0.422,1,0,28,0,0,102,0,0,3,2,2,0,1,0,1,0,440,0,3,45,45.133,7.7,7.841,5.167,,,,1,0,0,0,0,,0.222,0,0,0,0,0,0,0,0,0,0,0,0,0,0,0,0,0,0,0,0.609,1.255,7.957,0.016,0,kalabalik
7,Run50_AlphaDengeV1,Patlama yolu,bahcivan,standart,101,taban,5,,,25,23,2,0,0,0,21,4,0,0,0,33,74,1,0,0,58,0,0,58,12,0,602,5,3,12,1,1,2.892,0.9,4,0.3,2,15,3.2,1.8,2,,,,20,0,,,,3.9,11.58,,,,6,8,0.59,0.25,5.961,60,3,6,1,bereketli_toprakx1,5,0,45,4,12,9,0,0,2,3,4,,0,0,0,0,0,0,0,0,0,0,0.5,0.733,0.556,2,0,28,0,0,264,0,0,3,3,3,0,1,0,1,0,470,0,3,45,45.133,9.98,10.025,9.467,,,,5,0,0,0,0,,0.374,0,0,0,0,0,0,0,0,0,0,0,0,0,0,0,0,0,0,0,0.674,1.313,62.893,0.022,0,kalabalik
7,Run50_AlphaDengeV1,Patlama yolu,bahcivan,standart,101,taban,6,,,25,23,2,0,0,0,21,3,1,0,0,40,114,1,40,1,54,4,0,62,16,0,609,6,3,12,1,1,2.892,0.9,4,0.3,2,19,3.53,2.26,2,6,,,5,0,0,,,7.62,2.89,52.17,,,7,9,0.701,0.444,6.004,82,1,7,1,bereketli_toprakx1,5,0,55,5,15,9,3,0,2,3,4,,0,0,0,0,0,0,0,0,0,0,0.667,0.727,0.455,2,0,28,0,0,403,0,0,3,3,3,0,1,0,1,0,490,0,3,55,55.133,12.823,13.512,4.9,,,,8,0,0,0,0,,0.13,0,0,0,0,0,0,0,0,0,0,0,0,0,0,0,0,0,0,0,0.624,1.265,16.018,0.017,0,kalabalik
7,Run50_AlphaDengeV1,Patlama yolu,bahcivan,standart,101,taban,7,,,36,30,5,0,0,1,31,4,1,0,0,53,53,1,0,0,78,4,0,84,20,0,863,8,6,12.67,1,1,2.37,0.9,4,0.3,2,23,3.26,2,3.5,,,,11,0,,,,5.08,8.28,,,,8,10,0.623,0.3,5.934,93,4,11,1,bereketli_toprakx1 hizli_bilekx1,7,0,55,7,21,12,3,0,2,3,4,,0,0,0,0,0,0,0,0,0,0,0.3,0.964,0.655,6,0,30,0,0,256,0,0,3,4,4,0,1,0,1,0,560,0,3,55,55.133,9.007,8.761,10.239,,,,13,0,0,0,0,,0.137,0,0,0,0,0,0,0,0,0,0,0,0,0,0,0,0,0,0,0,0.754,1.454,53.576,0.022,0,kalabalik
7,Run50_AlphaDengeV1,Patlama yolu,bahcivan,standart,101,taban,8,,,29,27,2,0,0,0,16,11,2,0,0,69,122,1,0,0,87,8,0,103,28,0,846,9,3,13.33,1,1,2.37,0.9,4,0.3,2,23,3.74,2.07,3.1,4,,,12,0,0,,,5.06,11.85,23.7,,,9,12,0.721,0.25,5.993,110,3,14,1,bereketli_toprakx1 hizli_bilekx1,6,0,55,8,24,18,3,0,2,3,4,,0,0,0,0,0,0,0,0,0,0,0.667,1.255,0.527,2,0,32,0,0,542,0,0,3,6,4,6,1,0,1.0667,0,600,0,6,55,55.133,12.437,12.856,6.783,,,,4,0,0,0,0,,0.191,0,0,0,0,0,0,0,0,0,0,0,0,0,0,0,0,0,0,0,0.677,1.328,5.304,0.02,0,kalabalik
7,Run50_AlphaDengeV1,Patlama yolu,bahcivan,standart,101,taban,9,,,38,36,2,0,0,0,32,3,3,0,0,72,194,1,0,0,79,12,0,85,40,0,980,11,6,14,1,1,2.286,0.9,4,0.3,2,24,3.67,1.97,2.67,2,,,19,0,0,,,5.49,8.39,3.06,,,10,13,0.694,0.385,5.893,121,5,19,1,bereketli_toprakx1 hizli_bilekx1,8,0,55,10,30,21,3,0,2,3,4,,0,0,0,0,0,0,0,0,0,0,0.692,1.309,0.691,2,0,34,0,0,282,0,0,3,7,4,6,1,0,1.0667,0,700,0,3,55,55.133,11.603,11.71,9.667,,,,4,0,0,0,0,,0.25,0,0,0,0,0,0,0,0,0,0,0,0,0,0,0,0,0,0,0,0.702,1.361,6.303,0.02,0,kalabalik
7,Run50_AlphaDengeV1,Patlama yolu,bahcivan,standart,101,taban,10,,,37,35,2,0,0,0,31,6,0,0,0,55,249,1,55,1,92,0,0,98,40,0,888,12,3,15.64,1,1,2.286,0.9,4,0.3,2,24,2.92,1.66,2.17,,,,32,0,0,,,2.76,6.86,,,,11,15,0.455,0.133,5.931,139,2,21,1,bereketli_toprakx1 hizli_bilekx1,7,0.05,55,11,33,25,5,0,2,3,4,,0,0,0,0,0,0,0,0,0,0,0.533,1,0.673,2,0,42,0,0,470,0,0,3,7,5,6,1,0,1.0667,0,750,0,6,55,55.133,8.791,8.839,7.95,,,,3,0,0,0,0,,0.325,0,0,0,0,0,0,0,0,0,0,0,0,0,0,0,0,0,0,0,0.804,1.558,13.06,0.021,0,kalabalik
7,Run50_AlphaDengeV1,Patlama yolu,bahcivan,standart,101,taban,11,,,55,51,3,0,0,1,37,11,6,1,0,183,183,1,0,0,129,24,2,137,64,2,1533,14,6,15.64,1.25,1,2.286,0.9,4,0.3,2,28,3.89,1.61,2,2.33,3,,31,9,0,0,,3.47,7.69,11.04,16,,13,19,0.741,0.421,5.765,214,0,21,2,bereketli_toprakx1 hizli_bilekx1 keskin_bicakx1,10,0,65,13,39,25,8,0,2,3,4,,0,0,0,0,0,0,0,0,0,0,0.789,2.815,0.846,4,0,47,0,0,443,0,0,3,7,6,6,1,0,1.0667,0,880,0,3,65,65.167,11.924,12.542,4.042,,,,13,0,0,0,0,,0.346,0,0,0,0,0,0,0,0,0,0,0,0,0,0,0,0,0,0,0,0.803,1.596,65.594,0.021,0,kalabalik
7,Run50_AlphaDengeV1,Patlama yolu,bahcivan,standart,101,taban,12,,,76,58,18,0,0,0,59,11,4,2,0,196,379,1,0,0,232,16,4,236,50,6,2117,16,6,17.38,1.25,1,2.125,0.9,4,0.3,2,30,3.93,1.43,1.5,1.75,3,,40,11,0,0,,2.65,5.05,4.78,26.55,,14,20,0.686,0.5,5.586,233,8,29,1,bereketli_toprakx1 hizli_bilekx1 keskin_bicakx1,10,0,65,15,45,25,14,0,2,3,4,,0,0,0,0,0,0,0,0,0,0,0.75,3.015,1.169,18,0,56,0,0,730,0,0,3,7,7,14,1,0,1.1333,0,1000,0,6,65,65.167,12.267,13.797,7.335,,,,34,0,0,0,0,,0.267,0,0,0,0,0,0,0,0,0,0,0,0,0,0,0,0,0,0,0,0.818,1.522,62.039,0.025,0,kalabalik
7,Run50_AlphaDengeV1,Patlama yolu,bahcivan,standart,101,taban,13,,,54,47,6,0,0,1,37,9,6,1,1,258,637,1,258,1,156,39,2,157,64,8,1718,18,6,18.13,1.25,1,2.125,0.9,4,0.3,2,30,4,1.76,2.5,2.83,3,6,21,0,0,,0,4.7,9.92,21.24,38.27,44.63,16,25,0.816,0.6,5.536,294,5,34,2,bereketli_toprakx1 hizli_bilekx1 keskin_bicakx1,8,0,65,17,51,31,14,0,2,3,4,,0,0,0,0,0,0,0,0,0,0,0.84,3.969,0.831,7,0,58,0,0,348,0,0,3,10,9,24,1,0,1.2,0,1200,0,6,65,65.167,16.47,16.928,13.39,,,,21,0,0,0,0,,0.225,0,0,0,0,0,0,0,0,0,0,0,0,0,0,0,0,0,0,0,0.755,1.477,6.256,0.022,0,kalabalik
7,Run50_AlphaDengeV1,Patlama yolu,bahcivan,standart,101,taban,14,,,75,56,18,0,0,1,47,18,8,2,0,257,257,1,0,0,249,32,4,260,71,12,2483,20,6,19.2,1.25,1,2.048,0.9,4,0.3,2,31,4,1.35,1.67,2.5,2,,51,21,0,0,,3.38,8.03,16.04,4.1,,18,30,0.815,0.633,5.258,371,6,40,2,bereketli_toprakx1 hizli_bilekx1 keskin_bicakx1 kivilcimx1,11,0,65,19,57,37,14,0,2,3,4,,0,0,0,0,0,0,0,0,0,0,0.767,3.954,1.154,19,0,63,0,0,331,0,0,3,13,10,36,1,0,1.2667,0,1400,0,6,65,65.167,15.343,16.064,13.218,,,,48,0,0,0,0,,0.264,0,0,0,0,0,0,0,0,0,0,0,0,0,0,0,0,0,0,0,0.824,1.627,8.242,0.027,0,kalabalik
7,Run50_AlphaDengeV1,Patlama yolu,bahcivan,standart,101,taban,15,,,77,59,16,0,0,2,46,19,9,3,0,318,575,1,0,0,252,45,6,253,91,18,2742,22,6,20.27,1.25,1,1.904,0.935,4,0.3,2,34,4,1.38,1.62,2.43,2.5,,36,6,0,0,0,4.63,10.55,14.97,19.98,,20,36,0.837,0.639,5.078,461,9,49,2,bereketli_toprakx1 hizli_bilekx1 keskin_bicakx1 kivilcimx1,12,0,65,21,63,43,14,0,2,3,4,,0,0,0,0,0,0,0,0,0,0,0.833,4.892,1.185,18,0,63,0,0,173,0,0,3,15,12,50,1,0,1.3333,0,1700,0,6,65,65.167,18.446,19.673,14.422,,,,50,0,0,0,0,,0.208,0,0,0,0,0,0,0,0,0,0,0,0,0,0,0,0,0,0,0,0.815,1.657,17.84,0.028,0,kalabalik
7,Run50_AlphaDengeV1,Patlama yolu,bahcivan,standart,101,taban,16,,,94,65,29,0,0,0,59,19,10,4,2,850,1425,1,850,1,291,86,8,377,127,26,3351,24,6,23.08,1.25,1,1.836,0.97,4,0.3,2,35,4,1.26,1.93,2,2.25,3,63,18,10,0,0,2.92,13.11,10.76,11.48,33.03,20,40,0.723,0.525,4.823,539,4,53,3,bereketli_toprakx1 hizli_bilekx1 keskin_bicakx1 kivilcimx1,13,0,65,23,69,49,14,0,2,3,4,,0,0,0,0,0,0,0,0,0,0,0.725,13.077,1.446,29,0,130,0,0,24,0,0,3,17,12,50,2,0,1.3333,0,1900,0,6,65,65.167,15.226,17.506,10.116,,,,51,0,0,0,0,,0.424,0,0,0,0,0,0,0,0,0,0,0,0,0,0,0,0,0,0,0,0.872,1.541,74.731,0.029,0,kalabalik
7,Run50_AlphaDengeV1,Patlama yolu,bahcivan,standart,101,taban,17,,,177,87,87,0,0,3,93,52,25,4,3,1503,1503,1,0,0,681,125,17,693,167,43,6864,27,9,24.3,1.25,1,1.836,1.005,6,0.3,2,35,6,1.15,1.39,1.58,2,1,78,41,19,0,0,0.69,2.55,4.59,7.94,0,17,44,0.741,0.5,4.392,651,7,60,3,bereketli_toprakx1 hizli_bilekx1 keskin_bicakx1 kivilcimx2,23,0,65,26,78,49,20,0,2,3,4,,0,0,0,0,0,0,0,0,0,0,0.795,23.123,2.723,90,0,147,0,0,688,0,0,3,17,14,66,2,0,1.4,0,2400,0,6,65,65.167,9.723,10.441,9.03,,,,192,0,0,0,0,,0.296,0,0,0,0,0,0,0,0,0,0,0,0,0,0,0,0,0,0,0,1.246,2.371,19.684,0.043,0,kalabalik
7,Run50_AlphaDengeV1,Patlama yolu,bahcivan,standart,101,taban,18,,,225,107,115,0,0,3,132,44,33,14,2,1885,3388,1,0,0,660,185,38,679,319,61,9169,30,9,28.62,1.25,1,1.836,1.005,6,0.3,2,35,6,1.17,1.22,1.27,1.43,2,74,61,27,38,0,1.47,1.53,2.17,2.1,3.67,20,49,0.705,0.49,4.478,711,7,67,5,bereketli_toprakx1 hizli_bilekx1 keskin_bicakx1 kivilcimx2,28,0,65,29,87,49,29,0,2,3,4,,0,0,0,0,0,0,0,0,0,0,0.755,29,3.462,118,0,173,0,0,2057,0,0,3,17,17,84,2,0,1.4667,0,3000,0,9,65,65.167,17.04,20.305,14.079,,,,230,0,0,0,0,,0.387,0,0,0,0,0,0,0,0,0,0,0,0,0,0,0,0,0,0,0,1.409,2.745,75.332,0.05,0,kalabalik
7,Run50_AlphaDengeV1,Patlama yolu,bahcivan,standart,101,taban,19,,,255,110,145,0,0,0,108,74,39,25,9,3830,7218,1,0,0,903,300,80,1066,431,101,13296,34,12,33.24,1.25,1,1.778,1.075,6,0.3,2,36,6,1.12,1.18,1.4,1.82,1.5,83,69,48,19,33,0.69,1.41,3.67,9.37,8,16,49,0.712,0.49,4.003,796,9,76,2,bereketli_toprakx1 hizli_bilekx1 keskin_bicakx1 kivilcimx2,30,0,65,33,99,49,38,0,2,3,4,,0,0,0,0,0,0,0,0,0,0,0.612,58.923,3.923,145,0,199,0,0,2153,0,0,3,17,17,125,2,0,1.6,0,3900,0,9,65,65.167,8.735,12.89,5.583,,,,271,0,0,0,0,,0.485,0,0,0,0,0,0,0,0,0,0,0,0,0,0,0,0,0,0,0,1.468,2.848,47.282,0.073,0,kalabalik
7,Run50_AlphaDengeV1,Patlama yolu,bahcivan,standart,101,taban,20,,,250,114,133,0,0,3,99,57,56,29,9,3994,11212,1,3994,1,687,382,153,723,540,234,13665,37,9,38.16,1.25,1,1.722,1.11,6,0.3,2,37,6,1,1.13,1.24,1.65,2,96,74,53,32,0,0,0.9,2,2.83,6.89,14,49,0.739,0.49,3.839,830,9,85,1,bereketli_toprakx1 hizli_bilekx1 keskin_bicakx1 kivilcimx2,30,0,65,36,108,49,50,0,2,3,4,,0,0,0,0,0,0,0,0,0,0,0.857,61.446,3.846,136,0,241,0,0,3418,0,0,3,17,17,125,2,0,1.6,0,4700,0,12,65,65.167,8.096,10.287,6.259,,,,303,0,0,0,0,,0.442,0,0,0,0,0,0,0,0,0,0,0,0,0,0,0,0,0,0,0,1.513,2.922,63.898,0.058,0,kalabalik
7,Run50_AlphaDengeV1,Patlama yolu,bahcivan,standart,101,taban,21,,,321,121,191,0,0,9,109,87,69,41,15,7225,7225,1,0,0,1137,583,178,1210,862,252,17910,41,12,39.82,1.25,1.3,1.668,1.11,6,0.3,2,38,6,1.06,1.21,1.11,1.5,2,90,75,70,50,29,0.6,1.31,0.89,4.17,3.33,13,58,0.719,0.466,3.606,1046,6,91,4,bereketli_toprakx1 hizli_bilekx1 keskin_bicakx1 kivilcimx2 yikim_gucux1,46,0,65,40,120,49,59,0,2,3,4,,0,0,0,0,0,0,0,0,0,0,0.845,111.154,4.938,200,0,262,0,0,728,0,0,3,17,17,125,2,0,1.6,0,5900,0,9,65,65.167,7.734,10.258,6.207,,,,303,0,0,0,0,,0.643,0,0,0,0,0,0,0,0,0,0,0,0,0,0,0,0,0,0,0,1.272,2.624,30.659,0.053,0,kalabalik
7,Run50_AlphaDengeV1,Patlama yolu,bahcivan,standart,101,taban,22,,,386,126,239,0,0,21,160,106,68,39,13,6741,13966,1,0,0,1482,626,139,1542,640,351,20085,44,9,45.79,1.25,1.3,1.668,1.23,6,0.3,2,38,6,1.06,1.23,1.31,1.33,1,93,80,60,65,60,0.59,1.29,1.73,1.78,0,21,81,0.725,0.481,4.099,1285,7,98,10,bereketli_toprakx1 hizli_bilekx1 keskin_bicakx1 kivilcimx2 yikim_gucux1,49,0,65,43,129,61,59,0,2,3,4,,0,0,0,0,0,0,0,0,0,0,0.741,103.708,5.938,260,0,417,0,0,2013,0,0,3,21,21,125,3,0,1.6,0,7000,0,12,65,65.167,8.356,8.136,8.463,,,,397,0,0,0,0,,0.682,0,0,0,0,0,0,0,0,0,0,0,0,0,0,0,0,0,0,0,1.26,2.562,8.146,0.061,0,kalabalik
7,Run50_AlphaDengeV1,Patlama yolu,bahcivan,standart,101,taban,23,,,391,129,234,0,0,28,164,90,76,45,16,7571,21537,1,7571,1,1616,720,207,1688,975,558,21381,47,9,49.54,1.25,1.3,1.616,1.265,6,0.3,2,40,6,1.02,1.22,1.24,1.41,1.25,97,75,68,50,67,0.19,2.88,1.61,3.99,0.81,21,81,0.63,0.395,3.97,1326,9,107,0,bereketli_toprakx1 hizli_bilekx1 keskin_bicakx1 kivilcimx2 yikim_gucux1,47,0,65,46,138,70,59,0,2,3,4,,0,0,0,0,0,0,0,0,0,0,0.642,116.477,6.015,262,0,444,0,0,1194,0,0,3,25,25,125,4,0,1.6,0,8200,0,9,65,65.167,6.938,8.543,6.148,,,,391,0,0,0,0,,0.662,0,0,0,0,0,0,0,0,0,0,0,0,0,0,0,0,0,0,0,1.201,2.325,8.43,0.057,0,kalabalik
7,Run50_AlphaDengeV1,Patlama yolu,bahcivan,standart,101,taban,24,,,670,138,508,0,0,24,242,170,145,92,21,13429,13429,1,0,0,2622,1328,396,2650,1503,954,39059,51,12,56.1,1.25,1.3,1.516,1.315,6,0.3,2,42,6,1,1.07,1.07,1.06,1.33,100,68,82,75,50,0,0.21,0.47,0.59,2.02,21,81,0.585,0.296,3.893,1353,7,114,0,bereketli_toprakx1 hizli_bilekx1 keskin_bicakx1 kivilcimx2 yikim_gucux1 artci_patlamax1,78,0,65,50,150,79,59,0,2,3,4,artci_patlama@R23,118,118,0,380,272,0,0,0,0,0,0.605,206.6,10.308,260,0,538,0,0,4953,0,0,3,28,28,125,5,0,1.6,0,10000,0,9,65,65.167,6.352,5.914,4.763,,,8.111,393,0,0,0,0,,0.701,0,0,0,0,0,0,0,0,0,0,0,0,0,0,0,0,0,0,0,1.523,3.26,11.839,0.057,0,kalabalik
7,Run50_AlphaDengeV1,Patlama yolu,bahcivan,standart,101,taban,25,,,662,139,489,0,0,34,264,172,125,81,20,13557,26986,1,0,0,2762,1160,389,3437,1503,1293,38755,55,12,60.05,1.25,1.3,1.516,1.365,6,0.3,2,42,6,1,1.15,1.04,1.11,1,100,74,84,52,83,0,0.57,0.26,0.34,0,21,81,0.578,0.198,3.887,1354,9,123,0,bereketli_toprakx1 hizli_bilekx1 keskin_bicakx1 kivilcimx2 yikim_gucux1 artci_patlamax1,75,0,65,54,162,81,69,0,2,3,4,artci_patlama@R23,119,119,0,333,248,0,0,0,0,0,0.58,208.569,10.185,275,0,586,0,0,708,0,0,3,29,29,575,5,0,1.6667,0,12000,0,12,65,65.167,5.001,7.673,3.742,,,4.897,390,0,0,0,0,,0.73,0,0,0,0,0,0,0,0,0,0,0,0,0,0,0,0,0,0,0,1.418,2.888,21.813,0.057,0,kalabalik
7,Run50_AlphaDengeV1,Patlama yolu,bahcivan,standart,101,taban,26,,,733,141,556,0,0,36,293,180,154,74,32,17628,44614,1,17628,1,3496,1520,422,4263,1663,1715,43044,58,9,69.27,1.25,1.3,1.468,1.415,9,0.3,2,44,6,1,1.1,1.04,1,1.2,100,92,78,71,43,0,0.35,0.24,0,0.59,21,81,0.569,0.198,3.764,1399,7,130,0,bereketli_toprakx1 hizli_bilekx1 keskin_bicakx1 kivilcimx2 yikim_gucux1 artci_patlamax1,87,0,65,57,171,81,81,0,2,3,4,artci_patlama@R23,124,124,0,360,285,0,0,0,0,0,0.432,271.2,11.277,307,0,670,0,0,5752,0,0,3,29,29,575,5,0,1.6667,0,14000,0,12,65,65.167,4.514,3.509,4.57,,,4.954,415,0,0,0,0,,0.758,0,0,0,0,0,0,0,0,0,0,0,0,0,0,0,0,0,0,0,1.477,3.247,10.581,0.063,0,kalabalik
7,Run50_AlphaDengeV1,Patlama yolu,bahcivan,standart,101,taban,27,,,917,199,697,0,0,21,298,275,183,117,44,24105,24105,1,0,0,4541,1816,748,7204,2609,2463,58795,62,12,73.42,1.25,1.3,1.468,1.415,9,0.317,2.75,44,8.93,1,1,1.03,1.05,1,100,81,82,68,71,0,0,0.12,0.4,0,21,81,0.506,0.173,3.654,1441,6,136,0,bereketli_toprakx1 hizli_bilekx1 keskin_bicakx1 kivilcimx2 yikim_gucux1 artci_patlamax1 agir_darbex1,101,0,65,61,183,81,90,0,2,3,4,artci_patlama@R23,156,156,0,452,360,0,0,0,0,0,0.58,370.846,14.108,358,0,953,0,0,5547,0,0,3,29,29,1165,5,0,1.7333,0,16000,0,9,65,65.167,2.825,3.331,2.509,,,2.862,481,0,0,0,0,,0.801,0,0,0,0,0,0,0,0,0,0,0,0,0,0,0,0,0,0,0,1.604,3.436,13.01,0.068,0,kalabalik
7,Run50_AlphaDengeV1,Patlama yolu,bahcivan,standart,101,taban,28,,,931,195,702,0,0,34,336,253,181,128,33,24940,49045,1,0,0,4492,2010,660,8786,2919,3058,59330,65,9,83.44,1.25,1.3,1.422,1.465,9,0.317,2.75,45,8.98,1,1,1.04,1.11,1,100,97,77,69,78,0,0,0.44,1.63,0,21,81,0.494,0.148,3.635,1448,8,144,0,bereketli_toprakx1 hizli_bilekx1 keskin_bicakx1 kivilcimx2 yikim_gucux1 artci_patlamax1 agir_darbex1,98,0.001,65,64,192,81,102,0,2,3,4,artci_patlama@R23,165,165,0,384,341,0,0,0,0,0,0.556,383.692,14.323,395,0,1164,0,0,13877,0,0,3,29,29,1165,5,0,1.7333,0,18000,0,12,65,65.167,3,3.969,3.004,,,2.436,463,0,0,0,0,,0.877,0,0,0,0,0,0,0,0,0,0,0,0,0,0,0,0,0,0,0,1.574,3.414,11.477,0.067,0,kalabalik
7,Run50_AlphaDengeV1,Patlama yolu,bahcivan,standart,101,taban,29,,,927,200,700,0,0,27,325,255,195,110,42,25640,74685,1,0,0,4697,2283,680,11323,4692,3738,61426,68,9,83.44,1.25,1.3,1.422,1.465,9,0.317,2.75,45,8.96,1,1.02,1.11,1.04,1.14,100,90,78,80,47,0,0.11,0.83,0.34,1.01,21,81,0.515,0.198,3.518,1497,4,148,0,bereketli_toprakx1 hizli_bilekx1 keskin_bicakx1 kivilcimx2 yikim_gucux1 artci_patlamax1 agir_darbex1,104,0,65,67,201,81,111,0,2,3,4,artci_patlama@R23,167,167,0,433,356,0,0,0,0,0,0.679,394.462,14.262,371,0,1178,0,0,18303,0,0,3,29,29,1895,5,0,1.8,0,21000,0,9,65,65.167,2.856,3.537,2.617,,,2.72,466,0,0,0,0,,0.82,0,0,0,0,0,0,0,0,0,0,0,0,0,0,0,0,0,0,0,1.601,3.136,52.793,0.065,0,kalabalik
7,Run50_AlphaDengeV1,Patlama yolu,bahcivan,standart,101,taban,30,,,1007,197,766,0,0,44,352,268,230,114,43,27645,102330,1,27645,1,5425,2517,694,13703,5899,4352,66236,71,9,94.04,1.25,1.3,1.377,1.515,9,0.333,2.75,47,8.85,1,1,1.06,1,1.14,97,92,72,73,67,0,0,0.28,0,0.39,21,81,0.499,0.185,3.475,1515,7,155,0,bereketli_toprakx1 hizli_bilekx1 keskin_bicakx1 kivilcimx2 yikim_gucux1 artci_patlamax1 agir_darbex1,101,0,65,70,210,81,120,0,2,3,4,artci_patlama@R23,173,173,0,461,383,0,0,0,0,0,0.444,425.308,15.492,427,0,1337,0,0,19539,0,0,3,29,29,1895,5,0,1.8,0,23000,0,9,65,65.167,2.613,3.301,2.491,,,2.39,546,0,0,0,0,,0.822,0,0,0,0,0,0,0,0,0,0,0,0,0,0,0,0,0,0,0,1.647,3.5,10.126,0.07,0,kalabalik
7,Run50_AlphaDengeV1,Patlama yolu,bahcivan,standart,101,taban,31,,,1068,262,768,0,0,38,370,295,241,117,45,30534,30534,1,0,0,5771,2677,796,16444,7436,5148,73060,74,9,94.04,1.25,1.3,1.377,1.515,9,0.333,2.75,47,10.02,1,1,1.13,1.03,1,100,96,90,91,79,0,0,0.61,0.16,0,21,81,0.468,0.099,3.383,1556,6,161,0,bereketli_toprakx1 hizli_bilekx1 keskin_bicakx1 kivilcimx2 yikim_gucux1 artci_patlamax1 agir_darbex1 hasat_ritmix1,112,0.003,65,73,219,81,129,0,2,3,4,artci_patlama@R23 hasat_ritmi@R30,219,219,0,477,371,19,19,0,0,0,0.272,469.754,16.431,435,0,1824,0,0,20599,0,0,3,29,29,2755,5,0,1.8667,0,26000,0,9,65,65.167,2.35,2.774,2.261,,,2.142,586,0,0,0,0,,0.776,0,0,0,0,0,0,0,0,0,0,0,0,0,0,0,0,0,0,0,1.67,3.478,8.786,0.075,0,kalabalik
7,Run50_AlphaDengeV1,Patlama yolu,bahcivan,standart,101,taban,32,,,1119,256,843,0,0,20,392,288,238,161,40,31037,61571,1,0,0,5769,2995,1070,19223,10311,6123,78678,77,9,100.86,1.25,1.3,1.377,1.565,9,0.35,2.75,47,9.98,1,1.04,1.02,1,1,100,91,95,91,71,0,0.2,0.05,0,0,21,81,0.464,0.123,3.383,1556,5,166,0,bereketli_toprakx1 hizli_bilekx1 keskin_bicakx1 kivilcimx2 yikim_gucux1 artci_patlamax1 agir_darbex1 hasat_ritmix1,108,0.005,65,76,228,81,138,0,2,3,4,artci_patlama@R23 hasat_ritmi@R30,218,218,0,528,423,19,19,0,0,0,0.395,477.492,17.215,440,0,2488,0,0,18277,0,0,3,29,29,2755,5,0,1.8667,0,29000,0,9,65,65.167,2.199,2.545,2.027,,,2.167,574,0,0,0,0,,0.805,0,0,0,0,0,0,0,0,0,0,0,0,0,0,0,0,0,0,0,1.737,3.674,14.645,0.077,0,kalabalik
7,Run50_AlphaDengeV1,Patlama yolu,bahcivan,standart,101,taban,33,,,838,250,545,0,0,43,306,231,161,104,36,25128,86699,1,25128,1,5390,1889,705,22993,10170,6828,59676,79,6,105.24,1.25,1.3,1.377,1.565,9,0.35,2.75,47,9.23,1,1,1.08,1,1,100,92,89,90,100,0,0,0.35,0,0,21,81,0.359,0.049,3.245,1623,4,170,0,bereketli_toprakx1 hizli_bilekx1 keskin_bicakx1 kivilcimx2 yikim_gucux1 artci_patlamax1 agir_darbex1 hasat_ritmix1,85,0.029,65,78,234,81,147,0,2,3,4,artci_patlama@R23 hasat_ritmi@R30,195,195,0,358,274,20,20,0,0,0,0.235,386.585,12.892,314,0,2727,0,0,18953,0,0,3,29,29,3755,5,0,1.9333,0,31000,0,9,65,65.167,2.318,2.575,2.63,,,1.725,447,0,0,0,0,,0.749,0,0,0,0,0,0,0,0,0,0,0,0,0,0,0,0,0,0,0,1.556,3.27,9.035,0.067,0,kalabalik
7,Run50_AlphaDengeV1,Patlama yolu,bahcivan,standart,101,taban,34,,,1341,337,943,0,0,61,469,347,301,179,45,39734,39734,1,0,0,7200,3514,1225,24843,13044,7943,96903,82,9,112.36,1.25,1.3,0.964,1.615,9,0.367,2.75,67,9.45,1,1.01,1.04,1.06,1.1,100,98,88,83,65,0,0.02,0.25,0.16,0.19,21,81,0.395,0.099,3.211,1640,7,177,0,bereketli_toprakx1 hizli_bilekx1 keskin_bicakx1 kivilcimx2 yikim_gucux1 artci_patlamax1 agir_darbex1 hasat_ritmix1 firtina_bilegix1,130,0.01,65,81,243,81,153,0,2,3,4,artci_patlama@R23 hasat_ritmi@R30,276,276,0,537,467,24,24,0,0,0,0.296,611.292,20.631,537,0,2561,0,0,19856,0,0,3,29,29,3755,5,0,1.9333,0,34000,0,6,65,65.167,1.565,1.572,1.554,,,1.572,634,0,0,0,0,,0.874,0,0,0,0,0,0,0,0,0,0,0,0,0,0,0,0,0,0,0,1.836,3.601,11.983,0.086,0,kalabalik
7,Run50_AlphaDengeV1,Patlama yolu,bahcivan,standart,101,taban,35,,,1378,382,959,0,0,37,457,352,306,215,48,45447,85181,1,0,0,7095,3700,1450,30838,14454,9393,104470,85,9,117.04,1.25,1.3,0.964,1.615,9,0.367,2.75,67,9.72,1,1,1.01,1.04,1,100,95,91,89,79,0,0,0.01,0.11,0,21,81,0.418,0.099,3.07,1715,3,180,0,bereketli_toprakx1 hizli_bilekx1 keskin_bicakx1 kivilcimx2 yikim_gucux1 artci_patlamax1 agir_darbex1 hasat_ritmix1 firtina_bilegix1,138,0.01,65,84,252,81,162,0,2,3,4,artci_patlama@R23 hasat_ritmi@R30,313,313,0,610,472,28,28,0,0,0,0.358,699.185,21.2,524,0,2944,0,0,19326,0,0,3,29,29,4855,5,0,2,0,38000,0,9,65,65.167,1.579,1.547,1.629,,,1.549,683,0,0,0,0,,0.813,0,0,0,0,0,0,0,0,0,0,0,0,0,0,0,0,0,0,0,1.973,3.912,21.857,0.089,0,kalabalik
7,Run50_AlphaDengeV1,Patlama yolu,bahcivan,standart,101,taban,36,,,1212,292,884,0,0,36,424,312,268,154,54,41241,126422,1,41241,1,6815,3632,1163,35173,18086,10431,93318,87,6,117.04,1.25,1.3,0.964,1.665,9,0.383,2.75,67,7.81,1,1,1.06,1,1.14,100,93,84,79,73,0,0,0.2,0,0.55,21,81,0.478,0.123,3.06,1721,4,184,0,bereketli_toprakx1 hizli_bilekx1 keskin_bicakx1 kivilcimx2 yikim_gucux1 artci_patlamax1 agir_darbex1 hasat_ritmix1 firtina_bilegix1,126,0.002,65,86,258,81,171,0,2,3,4,artci_patlama@R23 hasat_ritmi@R30,241,241,0,609,458,22,22,0,0,0,0.617,634.477,18.646,462,0,3005,0,0,35644,0,0,3,29,29,4855,5,0,2,0,40000,0,9,65,65.167,1.969,1.91,2.021,,,1.954,642,0,0,0,0,,0.755,0,0,0,0,0,0,0,0,0,0,0,0,0,0,0,0,0,0,0,1.995,3.754,190.195,0.084,0,kalabalik
7,Run50_AlphaDengeV1,Patlama yolu,bahcivan,standart,101,taban,37,,,1678,377,1237,0,0,64,543,464,387,210,74,59179,59179,1,0,0,9385,5381,1548,39638,22767,11979,146910,91,12,124.44,1.25,1.3,0.925,1.665,9,0.383,2.75,70,10.06,1,1.01,1.02,1.02,1,100,94,91,86,94,0,0.04,0.16,0.1,0,21,81,0.448,0.111,2.475,2127,4,188,0,bereketli_toprakx2 hizli_bilekx1 keskin_bicakx1 kivilcimx2 yikim_gucux1 artci_patlamax1 agir_darbex1 hasat_ritmix1 firtina_bilegix1,164,0.015,65,90,270,81,172,5,2,3,4,artci_patlama@R23 hasat_ritmi@R30,318,318,0,839,664,28,28,0,0,0,0.556,910.446,25.815,637,0,3181,0,0,15554,0,0,3,29,29,6155,5,3,2.2733,0.1,45000,0,6,65,65.167,1.426,1.541,1.534,,,1.251,862,0,0,0,0,,0.77,0,0,0,0,0,0,0,0,0,0,0,0,0,0,0,0,0,0,0,2.118,4.012,10.333,0.089,0,kalabalik
7,Run50_AlphaDengeV1,Patlama yolu,bahcivan,standart,101,taban,38,,,1740,407,1279,0,0,54,595,470,368,228,79,61159,120338,1,0,0,12634,6262,2485,51892,27329,14324,176405,95,12,134.6,1.25,1.3,0.879,1.665,9,0.4,2.75,73,10.1,1,1.01,1.03,1,1,100,94,93,89,78,0,0.03,0.06,0,0,21,81,0.43,0.099,2.353,2238,3,191,0,bereketli_toprakx2 hizli_bilekx1 keskin_bicakx1 kivilcimx2 yikim_gucux1 artci_patlamax1 agir_darbex1 hasat_ritmix1 firtina_bilegix1,166,0.013,65,94,282,81,172,17,2,3,4,artci_patlama@R23 hasat_ritmi@R30,337,337,0,860,675,30,30,0,0,0,0.58,940.908,26.769,658,0,3376,0,0,3959,0,0,3,29,29,6155,5,7,2.6453,0.28,51000,0,12,65,65.167,1.302,1.424,1.37,,,1.155,878,0,0,0,0,,0.791,0,0,0,0,0,0,0,0,0,0,0,0,0,0,0,0,0,0,0,2.193,4.514,10.71,0.098,0,kalabalik
7,Run50_AlphaDengeV1,Patlama yolu,bahcivan,standart,101,taban,39,,,1697,402,1226,0,0,69,610,436,362,217,72,57139,177477,1,0,0,13199,6933,2404,58491,33492,16728,199330,98,9,166.82,1.25,1.3,0.879,1.665,9,0.4,2.75,73,10.03,1,1,1.01,1.02,1,100,99,92,91,75,0,0,0.05,0.06,0,21,81,0.474,0.111,2.26,2330,4,195,0,bereketli_toprakx2 hizli_bilekx1 keskin_bicakx1 kivilcimx2 yikim_gucux1 artci_patlamax1 agir_darbex1 hasat_ritmix1 firtina_bilegix1,154,0.003,65,97,291,81,172,29,2,3,4,artci_patlama@R23 hasat_ritmi@R30,354,354,0,710,613,30,30,0,0,0,0.556,879.062,26.108,682,0,4173,0,0,46289,0,0,3,29,29,7555,5,12,3.1147,0.46,55000,0,12,65,65.167,1.44,1.512,1.494,,,1.333,787,0,0,0,0,,0.885,0,0,0,0,0,0,0,0,0,0,0,0,0,0,0,0,0,0,0,2.01,3.87,10.95,0.093,1,kalabalik
7,Run50_AlphaDengeV1,Patlama yolu,bahcivan,standart,101,taban,40,,,2009,499,1433,0,0,77,680,516,466,259,88,70087,247564,1,70087,1,14744,9647,3374,72815,41239,19947,241854,102,12,190.99,1.25,1.3,0.709,1.665,9,0.417,2.75,91,9.85,1,1.01,1.06,1.03,1,100,98,87,89,78,0,0.03,0.19,0.23,0,21,81,0.423,0.086,2.148,2451,3,198,0,bereketli_toprakx2 hizli_bilekx1 keskin_bicakx1 kivilcimx2 yikim_gucux1 artci_patlamax1 agir_darbex1 hasat_ritmix1 firtina_bilegix1,186,0.008,65,101,303,81,172,38,2,3,4,artci_patlama@R23 hasat_ritmi@R30,411,411,0,880,732,37,37,0,0,0,0.432,1078.262,30.908,778,0,4864,0,0,58143,0,0,3,29,29,7555,5,12,3.1147,0.46,62000,0,9,65,65.167,1.113,1.18,1.152,,,1.019,1010,0,0,0,0,,0.827,0,0,0,0,0,0,0,0,0,0,0,0,0,0,0,0,0,0,0,2.272,4.37,10.664,0.116,0,kalabalik
7,Run50_AlphaDengeV1,Patlama yolu,bahcivan,standart,101,taban,41,,,2221,601,1534,0,0,86,756,614,467,285,99,75447,75447,1,0,0,18448,10282,3931,83963,51521,23728,312481,107,15,231.29,2,1.3,0.628,1.665,9,0.417,2.861,103,9.54,1,1,1,1,1,100,100,100,100,100,0,0,0,0,0,21,81,0.357,0.049,2.148,2451,4,202,0,bereketli_toprakx2 hizli_bilekx1 keskin_bicakx1 kivilcimx2 yikim_gucux1 artci_patlamax1 agir_darbex1 hasat_ritmix1 firtina_bilegix1 canavar_kesimix1,201,0.018,65,106,318,81,172,50,2,3,4,artci_patlama@R23 hasat_ritmi@R30,483,483,0,888,827,47,46,0,0,0,0.519,1160.723,34.169,793,0,7985,0,0,44624,0,0,3,29,29,9055,5,17,3.696,0.68,70000,0,12,65,65.167,0.851,0.974,0.901,,,0.701,858,0,0,0,0,,0.95,0,0,0,0,0,0,0,0,0,0,0,0,0,0,0,0,0,0,0,2.386,4.385,11.471,0.118,0,kalabalik
7,Run50_AlphaDengeV1,Patlama yolu,bahcivan,standart,101,taban,42,,,2873,687,2016,0,0,170,1007,739,633,380,114,93792,169239,1,0,0,24564,15232,4777,107902,66665,26435,454617,113,18,262.68,2,1.3,0.596,1.665,9,0.433,2.861,109,10.15,1,1,1,1,1,100,100,100,100,100,0,0,0,0,0,28,121,0.417,0.165,2.057,3823,3,205,16,bereketli_toprakx2 hizli_bilekx1 keskin_bicakx1 kivilcimx2 yikim_gucux1 artci_patlamax1 agir_darbex1 hasat_ritmix1 firtina_bilegix1 canavar_kesimix1,269,0,65,112,336,81,172,65,2,3,4,artci_patlama@R23 hasat_ritmi@R30,506,499,7,1126,1046,50,51,0,0,0,0.405,1442.954,44.2,1140,0,10629,0,0,49241,0,0,3,29,29,9055,5,24,4.334,0.97,82000,0,15,65,65.167,1.096,1.267,1.114,,,0.956,1254,0,0,0,0,,0.93,0,0,0,0,0,0,0,0,0,0,0,0,0,0,0,0,0,0,0,2.742,5.168,14.359,0.146,0,kalabalik
7,Run50_AlphaDengeV1,Patlama yolu,bahcivan,standart,101,taban,43,,,2509,534,1826,0,0,149,832,618,574,370,115,88005,257244,1,88005,1,21711,14206,4685,125513,80871,30925,405228,118,15,276.65,2,1.3,0.596,1.665,9,0.433,2.972,109,8.07,1,1,1,1,1,100,100,100,100,100,0,0,0,0,0,28,121,0.504,0.198,1.936,4063,2,207,0,bereketli_toprakx2 hizli_bilekx1 keskin_bicakx1 kivilcimx2 yikim_gucux1 artci_patlamax1 agir_darbex1 hasat_ritmix1 firtina_bilegix1 canavar_kesimix1,247,0,65,117,351,99,172,65,2,3,4,artci_patlama@R23 hasat_ritmi@R30,469,467,2,1024,940,39,38,0,0,0,0.438,1353.923,38.6,1035,0,12247,0,0,24469,0,0,3,34,34,9055,6,24,4.334,0.97,92000,0,18,65,65.167,1.54,1.512,1.585,,,1.504,1122,0,0,0,0,,0.938,0,0,0,0,0,0,0,0,0,0,0,0,0,0,0,0,0,0,0,2.74,4.948,70.045,0.139,0,kalabalik
7,Run50_AlphaDengeV1,Patlama yolu,bahcivan,standart,101,taban,44,,,2903,643,2129,0,0,131,919,786,664,392,142,109715,109715,1,0,0,26533,15741,5634,149326,96612,36559,481677,123,15,276.65,2,1.69,0.596,1.665,9,0.45,2.972,109,10.18,1,1,1,1,1,100,100,100,100,100,0,0,0,0,0,28,121,0.461,0.149,1.916,4104,2,209,0,bereketli_toprakx2 hizli_bilekx1 keskin_bicakx1 kivilcimx2 yikim_gucux2 artci_patlamax1 agir_darbex1 hasat_ritmix1 firtina_bilegix1 canavar_kesimix1,271,0.001,65,122,366,114,172,65,2,3,4,artci_patlama@R23 hasat_ritmi@R30,568,564,4,1070,1052,49,50,0,0,0,0.471,1687.923,44.662,1208,0,12236,0,0,24146,0,0,3,39,39,9055,8,24,4.334,0.97,100000,0,15,65,65.167,1.264,1.297,1.354,,,1.136,1238,0,0,0,0,,0.982,0,0,0,0,0,0,0,0,0,0,0,0,0,0,0,0,0,0,0,2.887,5.236,19.054,0.143,0,kalabalik
7,Run50_AlphaDengeV1,Patlama yolu,bahcivan,standart,101,taban,45,,,2904,629,2138,0,0,137,957,732,663,433,119,101364,211079,1,0,0,24627,16149,5738,173953,112761,42057,504132,127,12,276.65,2,1.69,0.596,1.665,9,0.45,3.083,109,10.19,1,1,1,1,1,100,100,100,100,96,0,0,0,0,0,28,121,0.451,0.124,1.897,4146,1,210,0,bereketli_toprakx2 hizli_bilekx1 keskin_bicakx1 kivilcimx2 yikim_gucux2 artci_patlamax1 agir_darbex1 hasat_ritmix1 firtina_bilegix1 canavar_kesimix1,276,0.001,65,126,378,121,180,65,2,3,4,artci_patlama@R23 hasat_ritmi@R30,565,560,5,1050,1038,47,47,0,0,0,0.471,1559.446,44.677,1237,0,10249,0,0,98278,0,0,3,40,40,9055,12,24,4.334,0.97,110000,0,15,65,65.167,1.227,1.202,1.234,,,1.235,1254,0,0,0,0,,0.99,0,0,0,0,0,0,0,0,0,0,0,0,0,0,0,0,0,0,0,2.769,5.105,11.6,0.146,0,kalabalik
7,Run50_AlphaDengeV1,Patlama yolu,bahcivan,standart,101,taban,46,,,2891,636,2121,0,0,134,970,781,625,382,133,98362,309441,1,98362,1,27611,15758,5113,199164,128519,47170,493804,132,15,276.65,2,1.69,0.596,1.665,9,0.45,3.083,109,10.22,1,1,1,1,1,100,100,99,98,95,0,0,0,0,0,28,121,0.458,0.107,1.893,4155,1,211,0,bereketli_toprakx2 hizli_bilekx1 keskin_bicakx1 kivilcimx2 yikim_gucux2 artci_patlamax1 agir_darbex1 hasat_ritmix1 firtina_bilegix1 canavar_kesimix1,270,0.002,65,131,393,121,192,65,2,3,4,artci_patlama@R23 hasat_ritmi@R30,573,566,7,1101,1044,49,49,0,0,0,0.38,1513.262,44.477,1211,0,12830,0,0,2082,0,0,3,40,40,9055,12,24,4.334,0.97,130000,0,12,65,65.167,1.23,1.246,1.275,,,1.165,1296,0,0,0,0,,0.96,0,0,0,0,0,0,0,0,0,0,0,0,0,0,0,0,0,0,0,2.795,5.118,17.672,0.153,0,kalabalik
7,Run50_AlphaDengeV1,Patlama yolu,bahcivan,standart,101,taban,47,,,3205,634,2442,0,0,129,1039,862,720,449,135,111646,111646,1,0,0,29041,17776,5790,228205,146295,52670,558619,136,12,276.65,2,1.69,0.596,1.665,9,0.45,3.194,109,10.19,1,1,1,1,1,100,100,100,100,100,0,0,0,0,0,28,121,0.484,0.198,1.606,4897,1,212,0,bereketli_toprakx3 hizli_bilekx1 keskin_bicakx1 kivilcimx2 yikim_gucux2 artci_patlamax1 agir_darbex1 hasat_ritmix1 firtina_bilegix1 canavar_kesimix1,304,0,65,135,405,121,207,65,2,3,4,artci_patlama@R23 hasat_ritmi@R30,578,573,5,1316,1298,49,48,0,0,0,0.529,1717.631,49.308,1273,0,7642,0,0,40701,0,0,3,40,40,9055,12,24,4.334,0.97,140000,0,15,65,65.167,1.174,1.407,1.252,,,0.98,1298,0,0,0,0,,0.986,0,0,0,0,0,0,0,0,0,0,0,0,0,0,0,0,0,0,0,2.874,5.279,11.451,0.141,0,kalabalik
7,Run50_AlphaDengeV1,Patlama yolu,bahcivan,standart,101,taban,48,,,3188,643,2386,0,0,159,1059,850,679,458,142,113413,225059,1,0,0,28215,16694,6622,256420,162989,59292,559146,140,12,276.65,2,1.69,0.596,1.665,9,0.45,3.194,109,10.37,1,1,1,1,1.03,100,100,100,100,98,0,0,0,0,0.09,28,121,0.494,0.215,1.589,4949,0,212,0,bereketli_toprakx3 hizli_bilekx1 keskin_bicakx1 kivilcimx2 yikim_gucux2 artci_patlamax1 agir_darbex1 hasat_ritmix1 firtina_bilegix1 canavar_kesimix1,301,0,65,139,417,121,219,65,2,3,4,artci_patlama@R23 hasat_ritmi@R30,588,585,3,1314,1240,50,51,0,0,0,0.397,1744.815,49.046,1305,0,13115,0,0,29847,0,0,3,40,40,9055,12,24,4.334,0.97,150000,0,12,65,65.167,1.198,1.376,1.247,,,1.053,1396,0,0,0,0,,0.948,0,0,0,0,0,0,0,0,0,0,0,0,0,0,0,0,0,0,0,3.036,5.642,130.962,0.159,0,kalabalik
7,Run50_AlphaDengeV1,Patlama yolu,bahcivan,standart,101,taban,49,,,3134,628,2363,0,0,143,1034,809,703,459,129,112517,337576,1,0,0,27843,17354,5891,284263,180343,64853,560086,143,9,276.65,2,1.69,0.596,1.665,9,0.45,3.306,109,10.23,1,1,1,1,1,100,100,100,98,95,0,0,0,0,0,28,121,0.512,0.19,1.562,5034,1,213,0,bereketli_toprakx3 hizli_bilekx1 keskin_bicakx1 kivilcimx2 yikim_gucux2 artci_patlamax1 agir_darbex1 hasat_ritmix1 firtina_bilegix1 canavar_kesimix1,296,0,65,142,426,121,231,65,2,3,4,artci_patlama@R23 hasat_ritmi@R30,577,572,5,1334,1227,47,46,0,0,0,0.397,1731.031,48.215,1279,0,12987,0,0,117433,0,0,3,40,40,9055,12,24,4.334,0.97,172500,0,12,65,65.167,1.265,1.475,1.294,,,1.122,1377,0,0,0,0,,0.939,0,0,0,0,0,0,0,0,0,0,0,0,0,0,0,0,0,0,0,2.984,5.755,12.012,0.15,0,kalabalik
7,Run50_AlphaDengeV1,Patlama yolu,bahcivan,standart,101,taban,50,,,2863,547,2150,0,0,166,936,766,632,426,103,97310,434886,1,97310,1,27640,14705,5900,311903,195048,70753,532666,146,9,314.18,2,1.69,0.572,1.665,9,0.45,3.306,113,8.12,1,1,1,1,1,100,100,100,100,100,0,0,0,0,0,28,121,0.572,0.331,1.486,5293,0,213,0,bereketli_toprakx3 hizli_bilekx1 keskin_bicakx1 kivilcimx2 yikim_gucux2 artci_patlamax1 agir_darbex1 hasat_ritmix1 firtina_bilegix1 canavar_kesimix1,266,0,65,145,435,121,232,73,2,3,4,artci_patlama@R23 hasat_ritmi@R30,511,511,0,1197,1115,40,40,0,0,0,0.612,1497.077,44.046,1201,0,15320,0,0,110099,0,0,3,40,40,9055,12,26,4.554,1.07,195000,0,9,65,65.167,1.515,1.341,1.59,,,1.518,1299,0,0,0,0,,0.935,0,0,0,0,0,0,0,0,0,0,0,0,0,0,0,0,0,0,0,2.795,5.062,62.076,0.145,0,kalabalik
7,Run50_AlphaDengeV1,Patlama yolu,bahcivan,standart,101,taban,50,KAZANDI
8,Run50_AlphaDengeV1,Patlama yolu,bahcivan,standart,102,taban,1,,,13,13,0,0,0,0,10,3,0,0,0,19,19,1,0,0,32,0,0,32,0,0,290,1,0,10,1,1,3,0.9,4,0.3,2,13,2.08,1.8,2.67,,,,36,0,,,,2.4,5,,,,2,4,0.346,0,8,23,0,0,2,,4,0.203,45,0,0,0,0,0,0,0,0,,0,0,0,0,0,0,0,0,0,0,1,0.422,0.289,0,0,22,0,0,290,0,0,0,0,0,0,0,0,1,0,390,0,0,45,45.133,4.215,4.215,,,,,0,0,0,0,0,,,0,0,0,0,0,0,0,0,0,0,0,0,0,0,0,0,0,0,0,0.563,1.267,4.878,0.021,0,kalabalik
8,Run50_AlphaDengeV1,Patlama yolu,bahcivan,standart,102,taban,2,,,18,18,0,0,0,0,14,3,1,0,0,33,52,1,0,0,40,4,0,40,4,0,410,2,3,11.33,1,1,3,0.9,4,0.3,2,14,2.36,1.57,2.67,3,,,38,0,0,,,1.93,5,9,,,3,5,0.391,0,8,28,2,2,1,,4,0.11,45,1,3,0,0,0,0,0,0,,0,0,0,0,0,0,0,0,0,0,0.2,0.733,0.4,0,0,26,0,0,310,0,0,0,0,0,0,0,0,1,0,410,0,0,45,45.133,4.88,4.88,,,,,0,0,0,0,0,,,0,0,0,0,0,0,0,0,0,0,0,0,0,0,0,0,0,0,0,0.57,1.183,6.257,0.016,0,kalabalik
8,Run50_AlphaDengeV1,Patlama yolu,bahcivan,standart,102,taban,3,,,19,15,4,0,0,0,12,3,4,0,0,61,113,1,61,1,36,16,0,36,20,0,490,3,3,11.33,1,1,3,0.9,4,0.3,2,14,2.86,1.9,2,2.67,,,23,0,0,,,3,6,8,,,4,7,0.499,0.143,8,39,0,2,1,,5,0.097,45,2,6,3,0,0,2,2,3,,0,0,0,0,0,0,0,0,0,0,0.571,1.356,0.422,4,0,27,0,0,390,0,0,3,2,2,0,0,0,1,0,420,0,3,45,45.133,7.307,5.68,13.408,,,,17,0,0,0,0,,0.35,0,0,0,0,0,0,0,0,0,0,0,0,0,0,0,0,0,0,0,0.634,1.309,3.733,0.021,0,kalabalik
8,Run50_AlphaDengeV1,Patlama yolu,bahcivan,standart,102,taban,4,,,29,24,5,0,0,0,26,3,0,0,0,35,35,1,0,0,64,0,0,67,20,0,648,5,6,11.33,1.25,1,3,0.9,4,0.3,2,14,2.93,1.38,1.67,,,,40,0,0,,,1.57,3,,,,5,8,0.395,0,7.632,47,2,4,1,keskin_bicakx1,7,0.34,45,4,12,6,0,0,2,2,3,,0,0,0,0,0,0,0,0,0,0,0.25,0.778,0.644,5,0,34,0,0,178,0,0,3,3,3,0,1,0,1,0,470,0,3,45,45.133,5.117,4.658,7.32,,,,28,0,0,0,0,,0.343,0,0,0,0,0,0,0,0,0,0,0,0,0,0,0,0,0,0,0,0.654,1.304,4.46,0.021,0,kalabalik
8,Run50_AlphaDengeV1,Patlama yolu,bahcivan,standart,102,taban,5,,,30,23,7,0,0,0,19,6,5,0,0,87,122,1,0,0,62,20,0,64,40,0,945,7,6,12,1.25,1,2.892,0.9,4,0.3,2,15,3,1.29,2,1.75,,,63,14,0,,,2.06,4.63,2.9,,,6,9,0.415,0.111,7.66,53,3,7,1,keskin_bicakx1,7,0.089,45,6,18,9,3,0,2,2,3,,0,0,0,0,0,0,0,0,0,0,0.333,1.933,0.667,7,0,39,0,0,163,0,0,3,4,4,0,2,0,1,0,520,0,6,45,45.133,5.817,6.409,3.871,,,,21,0,0,0,0,,0.322,0,0,0,0,0,0,0,0,0,0,0,0,0,0,0,0,0,0,0,0.692,1.395,7.151,0.018,0,kalabalik
8,Run50_AlphaDengeV1,Patlama yolu,bahcivan,standart,102,taban,6,,,29,25,4,0,0,0,19,5,5,0,0,84,206,1,84,1,58,20,0,62,60,0,798,8,3,12,1.25,1,2.892,0.9,4,0.3,2,19,2.79,1.56,1.6,3.25,,,44,25,0,,,3.8,1.76,12.3,,,8,12,0.433,0.167,7.696,86,0,7,2,keskin_bicakx1,5,0,55,7,21,15,3,0,2,2,3,,0,0,0,0,0,0,0,0,0,0,0.25,1.527,0.527,4,0,37,0,0,441,0,0,3,6,6,0,2,0,1,0,560,0,6,55,55.133,7.991,8.16,6.933,,,,16,0,0,0,0,,0.241,0,0,0,0,0,0,0,0,0,0,0,0,0,0,0,0,0,0,0,0.719,1.39,3.918,0.017,0,kalabalik
8,Run50_AlphaDengeV1,Patlama yolu,bahcivan,standart,102,taban,7,,,46,34,10,0,0,2,37,6,2,1,0,105,105,1,0,0,98,8,2,100,68,2,1214,10,6,12,1.25,1,2.892,0.9,4,0.3,2,19,3.53,1.25,2,2.5,4,,57,14,0,0,,2.07,4.81,7.25,20.23,,10,15,0.604,0.2,6.56,126,0,7,2,keskin_bicakx1 bereketli_toprakx1,9,0,55,9,27,18,3,0,2,2,3,,0,0,0,0,0,0,0,0,0,0,0.467,1.909,0.836,12,0,39,0,0,495,0,0,3,7,7,0,2,0,1,0,640,0,3,55,55.133,10.199,9.26,12.861,,,,41,0,0,0,0,,0.245,0,0,0,0,0,0,0,0,0,0,0,0,0,0,0,0,0,0,0,0.73,1.52,5.828,0.022,0,kalabalik
8,Run50_AlphaDengeV1,Patlama yolu,bahcivan,standart,102,taban,8,,,53,39,11,0,0,3,40,12,1,0,0,86,191,1,0,0,140,4,0,142,72,2,1361,12,6,13.33,1.25,1,2.789,0.9,4,0.3,2,19,3.74,1.34,1.56,3,,,40,22,0,,,2.4,2.79,11.17,,,11,17,0.646,0.235,6.406,146,6,13,1,keskin_bicakx1 bereketli_toprakx1,10,0,55,11,33,24,3,0,2,2,3,,0,0,0,0,0,0,0,0,0,0,0.765,1.564,0.964,14,0,45,0,0,516,0,0,3,7,7,0,3,0,1,0,750,0,6,55,55.133,10.781,10.259,12.233,,,,39,0,0,0,0,,0.268,0,0,0,0,0,0,0,0,0,0,0,0,0,0,0,0,0,0,0,0.738,1.462,7.22,0.022,0,kalabalik
8,Run50_AlphaDengeV1,Patlama yolu,bahcivan,standart,102,taban,9,,,53,35,17,0,0,1,38,11,3,1,0,133,324,1,0,0,131,12,2,143,84,4,1487,14,6,14,1.25,1,2.689,0.9,4,0.3,2,20,3.8,1.22,1.67,2.5,,,53,10,0,0,,2.69,2.68,13.43,,,13,20,0.686,0.35,6.259,176,5,18,2,keskin_bicakx1 bereketli_toprakx1,10,0,55,13,39,25,8,0,2,2,3,,0,0,0,0,0,0,0,0,0,0,0.75,2.418,0.964,18,0,46,0,0,443,0,0,3,7,7,6,3,0,1.0667,0,880,0,6,55,55.133,10.524,9.888,11.761,,,,52,0,0,0,0,,0.292,0,0,0,0,0,0,0,0,0,0,0,0,0,0,0,0,0,0,0,0.766,1.471,7.207,0.023,0,kalabalik
8,Run50_AlphaDengeV1,Patlama yolu,bahcivan,standart,102,taban,10,,,61,40,19,0,0,2,44,13,4,0,0,124,448,1,124,1,153,16,0,162,100,4,1650,16,6,15.64,1.25,1,2.592,0.9,4,0.3,2,21,3.95,1.24,1.44,1.5,,,59,11,0,,,1.43,7.49,5.18,,,14,23,0.707,0.391,6.263,202,4,22,1,keskin_bicakx1 bereketli_toprakx1,11,0,55,15,45,25,14,0,2,2,3,,0,0,0,0,0,0,0,0,0,0,0.522,2.255,1.109,21,0,50,0,0,263,0,0,3,7,7,6,3,0,1.0667,0,1000,0,6,55,55.133,12.61,13.426,11.056,,,,59,0,0,0,0,,0.244,0,0,0,0,0,0,0,0,0,0,0,0,0,0,0,0,0,0,0,0.825,1.654,6.23,0.024,0,kalabalik
8,Run50_AlphaDengeV1,Patlama yolu,bahcivan,standart,102,taban,11,,,88,57,30,0,0,1,53,22,12,1,0,299,299,1,0,0,269,48,2,272,148,6,2952,18,6,17.38,1.25,1,2.125,0.9,4,0.3,2,30,3.97,1.19,1.46,2,2,,55,21,22,0,,1.53,4.25,16.39,6.4,,16,25,0.653,0.44,5.986,271,7,29,2,keskin_bicakx1 bereketli_toprakx1 hizli_bilekx1,14,0,65,17,51,25,20,0,2,2,3,,0,0,0,0,0,0,0,0,0,0,0.92,4.6,1.354,31,0,54,0,0,1115,0,0,3,7,7,14,3,0,1.1333,0,1200,0,6,65,65.167,14.044,15.911,10.611,,,,76,0,0,0,0,,0.283,0,0,0,0,0,0,0,0,0,0,0,0,0,0,0,0,0,0,0,0.783,1.512,4.803,0.026,0,kalabalik
8,Run50_AlphaDengeV1,Patlama yolu,bahcivan,standart,102,taban,12,,,98,62,34,0,0,2,64,23,9,2,0,322,621,1,0,0,330,36,4,376,104,10,3581,21,9,19.2,1.25,1,1.975,0.9,4,0.3,2,32,3.91,1.38,1.42,2.13,3,,41,29,0,0,,2.57,1.98,15.3,25.67,,15,25,0.664,0.4,5.675,286,13,42,1,keskin_bicakx1 bereketli_toprakx1 hizli_bilekx1,15,0,65,20,60,25,26,0,2,2,3,,0,0,0,0,0,0,0,0,0,0,0.56,4.954,1.508,36,0,64,0,0,796,0,0,3,7,7,36,3,0,1.2667,0,1500,0,6,65,65.167,11.431,13.627,7.647,,,,76,0,0,0,0,,0.268,0,0,0,0,0,0,0,0,0,0,0,0,0,0,0,0,0,0,0,0.796,1.549,13.709,0.027,0,kalabalik
8,Run50_AlphaDengeV1,Patlama yolu,bahcivan,standart,102,taban,13,,,111,66,44,0,0,1,60,37,11,3,0,414,1035,1,414,1,402,55,6,429,84,16,4865,24,9,20.27,1.25,1,1.836,0.97,4,0.3,2,35,3.86,1.23,1.39,1.67,2.33,,66,31,9,0,,3.1,6.43,6.74,12.24,,14,35,0.549,0.229,5.476,415,11,53,6,keskin_bicakx1 bereketli_toprakx1 hizli_bilekx1,16,0,65,23,69,34,26,0,2,2,3,,0,0,0,0,0,0,0,0,0,0,0.629,6.369,1.708,45,0,120,0,0,661,0,0,3,14,11,66,3,0,1.4,0,1900,0,9,65,65.167,9.43,11.663,6.156,,,,94,0,0,0,0,,0.462,0,0,0,0,0,0,0,0,0,0,0,0,0,0,0,0,0,0,0,0.932,1.775,6.076,0.029,0,kalabalik
8,Run50_AlphaDengeV1,Patlama yolu,bahcivan,standart,102,taban,14,,,159,71,85,0,0,3,75,44,32,6,2,999,999,1,0,0,534,160,20,538,219,36,7541,27,9,24.3,1.25,1,1.836,0.97,4,0.3,2,35,4,1.19,1.23,1.79,1.5,,64,61,24,0,33,1.66,3.92,8,5.05,,19,49,0.731,0.429,5.455,584,2,55,7,keskin_bicakx1 bereketli_toprakx1 hizli_bilekx1 kivilcimx1,26,0,65,26,78,43,26,0,2,2,3,,0,0,0,0,0,0,0,0,0,0,0.551,15.369,2.446,88,0,116,0,0,2002,0,0,3,17,17,66,5,0,1.4,0,2400,0,9,65,65.167,12.708,15.827,10.191,,,,175,0,0,0,0,,0.433,0,0,0,0,0,0,0,0,0,0,0,0,0,0,0,0,0,0,0,1.035,2.005,9.473,0.035,0,kalabalik
8,Run50_AlphaDengeV1,Patlama yolu,bahcivan,standart,102,taban,15,,,221,108,113,0,0,0,116,60,33,9,3,1311,2310,1,0,0,753,185,27,764,369,63,10509,31,12,25.51,1.25,1,1.836,1.005,6,0.3,2,35,6,1.2,1.26,1.53,1,1.33,75,60,38,0,50,1.67,1.42,4.9,0,3.06,19,49,0.664,0.449,5.128,621,8,63,0,keskin_bicakx1 bereketli_toprakx1 hizli_bilekx1 kivilcimx1,26,0,65,30,90,49,29,0,2,2,3,,0,0,0,0,0,0,0,0,0,0,0.612,20.169,3.4,113,0,149,0,0,1711,0,0,3,20,20,84,5,0,1.4667,0,3200,0,9,65,65.167,8.511,11.165,5.976,,,,213,0,0,0,0,,0.516,0,0,0,0,0,0,0,0,0,0,0,0,0,0,0,0,0,0,0,1.04,1.995,19.363,0.042,0,kalabalik
8,Run50_AlphaDengeV1,Patlama yolu,bahcivan,standart,102,taban,16,,,224,102,103,0,0,19,87,71,45,17,4,1895,4205,1,1895,1,777,292,43,859,673,66,12882,35,12,29.99,1.25,1,1.778,1.075,6,0.3,2,36,5.97,1.16,1.31,1.76,1.71,3,74,54,32,45,25,0.91,1.73,5.08,4.06,8.9,16,49,0.675,0.408,4.843,658,10,73,2,keskin_bicakx1 bereketli_toprakx1 hizli_bilekx1 kivilcimx1,33,0,65,34,102,49,41,0,2,2,3,,0,0,0,0,0,0,0,0,0,0,0.653,29.154,3.446,122,0,178,0,0,493,0,0,3,20,20,125,5,0,1.6,0,4100,0,12,65,65.167,10.601,10.667,10.546,,,,274,0,0,0,0,,0.39,0,0,0,0,0,0,0,0,0,0,0,0,0,0,0,0,0,0,0,1.128,2.128,8.528,0.041,0,kalabalik
8,Run50_AlphaDengeV1,Patlama yolu,bahcivan,standart,102,taban,17,,,273,95,146,0,0,32,107,68,61,23,14,3989,3989,1,0,0,999,458,82,1023,701,148,16466,38,9,34.76,1.25,1.3,1.722,1.11,6,0.3,2,37,5.95,1.05,1.36,1.37,1.63,2,92,58,52,40,18,0.56,1.86,1.99,3.88,7.17,16,49,0.621,0.327,4.601,692,8,81,0,keskin_bicakx1 bereketli_toprakx1 hizli_bilekx1 kivilcimx1 yikim_gucux1,34,0,65,37,111,49,53,0,2,2,3,,0,0,0,0,0,0,0,0,0,0,0.653,61.369,4.2,178,0,203,0,0,3759,0,0,3,20,20,125,5,0,1.6,0,5000,0,12,65,65.167,8.361,12.377,6.218,,,,232,0,0,0,0,,0.652,0,0,0,0,0,0,0,0,0,0,0,0,0,0,0,0,0,0,0,1.128,2.255,7.782,0.043,0,kalabalik
8,Run50_AlphaDengeV1,Patlama yolu,bahcivan,standart,102,taban,18,,,305,116,167,0,0,22,120,86,70,20,9,3364,7353,1,0,0,1164,466,50,1432,1122,198,17909,41,9,39.82,1.25,1.3,1.668,1.11,6,0.3,2,38,5.92,1,1.24,1.41,1.56,1,100,76,57,50,33,0,1.6,3.18,3.52,0,16,49,0.599,0.327,4.585,695,5,86,0,keskin_bicakx1 bereketli_toprakx1 hizli_bilekx1 kivilcimx1 yikim_gucux1,41,0,65,40,120,49,62,0,2,2,3,,0,0,0,0,0,0,0,0,0,0,0.49,51.754,4.692,189,0,244,0,0,5768,0,0,3,20,20,125,5,0,1.6,0,5900,0,9,65,65.167,5.947,7.2,5.178,,,,244,0,0,0,0,,0.746,0,0,0,0,0,0,0,0,0,0,0,0,0,0,0,0,0,0,0,0.998,2.066,6.02,0.042,0,kalabalik
8,Run50_AlphaDengeV1,Patlama yolu,bahcivan,standart,102,taban,19,,,322,131,179,0,0,12,125,96,69,24,8,3576,10929,1,0,0,1255,533,68,1587,1630,126,18196,44,9,43.38,1.25,1.3,1.668,1.145,6,0.3,2,38,5.97,1,1.17,1.09,1.38,1.33,100,75,65,44,75,0,1.1,0.38,2.08,3.33,19,69,0.675,0.275,4.691,956,6,92,7,keskin_bicakx1 bereketli_toprakx1 hizli_bilekx1 kivilcimx1 yikim_gucux1,45,0,65,43,129,49,71,0,2,2,3,,0,0,0,0,0,0,0,0,0,0,0.71,55.015,4.954,191,0,262,0,0,5164,0,0,3,20,20,125,5,0,1.6,0,7000,0,9,65,65.167,7.294,7.98,6.824,,,,261,0,0,0,0,,0.679,0,0,0,0,0,0,0,0,0,0,0,0,0,0,0,0,0,0,0,1.055,2.089,8.345,0.049,0,kalabalik
8,Run50_AlphaDengeV1,Patlama yolu,bahcivan,standart,102,taban,20,,,326,133,175,0,0,18,122,97,64,34,9,4162,15091,1,4162,1,1097,548,146,2189,1027,192,19500,47,9,45.79,1.25,1.3,1.616,1.195,6,0.3,2,40,5.98,1,1.26,1.26,1.38,,100,75,63,52,50,0,2.32,3.41,4.14,,20,81,0.582,0.383,4.479,1175,6,98,7,keskin_bicakx1 bereketli_toprakx1 hizli_bilekx1 kivilcimx1 yikim_gucux1,50,0,65,46,138,58,71,0,2,2,3,,0,0,0,0,0,0,0,0,0,0,0.556,64.031,5.015,193,0,268,0,0,2464,0,0,3,24,24,125,8,0,1.6,0,8200,0,9,65,65.167,9.412,11.24,8.152,,,,274,0,0,0,0,,0.654,0,0,0,0,0,0,0,0,0,0,0,0,0,0,0,0,0,0,0,1.186,2.306,8.848,0.049,0,kalabalik
8,Run50_AlphaDengeV1,Patlama yolu,bahcivan,standart,102,taban,21,,,349,119,221,0,0,9,132,88,77,41,11,5145,5145,1,0,0,1357,648,193,2821,1675,385,20661,49,6,49.54,1.25,1.69,1.616,1.23,6,0.3,2,40,6,1,1.14,1.41,1.56,2,100,75,60,46,29,0,0.85,2.12,3.33,6.43,20,81,0.745,0.556,4.166,1264,4,102,0,keskin_bicakx1 bereketli_toprakx1 hizli_bilekx1 kivilcimx1 yikim_gucux2,46,0,65,48,144,67,71,0,2,2,3,,0,0,0,0,0,0,0,0,0,0,0.728,79.154,5.369,230,0,312,0,0,6325,0,0,3,25,25,125,9,0,1.6,0,9000,0,9,65,65.167,5.998,7.397,5.274,,,,275,0,0,0,0,,0.734,0,0,0,0,0,0,0,0,0,0,0,0,0,0,0,0,0,0,0,1.208,2.216,56.867,0.049,0,kalabalik
8,Run50_AlphaDengeV1,Patlama yolu,bahcivan,standart,102,taban,22,,,390,131,249,0,0,10,159,98,82,36,15,7241,12386,1,0,0,1814,717,168,3645,2007,553,22869,52,9,49.54,1.25,1.69,1.565,1.315,6,0.3,2,41,6,1,1.33,1.21,1.25,1.8,99,61,72,65,67,0,2.9,1.56,1.44,4.38,20,81,0.723,0.531,3.949,1333,6,108,0,keskin_bicakx1 bereketli_toprakx1 hizli_bilekx1 kivilcimx1 yikim_gucux2,48,0,65,51,153,73,71,0,2,2,3,,0,0,0,0,0,0,0,0,0,0,0.593,111.4,6,259,0,308,0,0,694,0,0,3,26,26,125,11,0,1.6,0,10000,0,6,65,65.167,7.604,9.443,6.674,,,,316,0,0,0,0,,0.781,0,0,0,0,0,0,0,0,0,0,0,0,0,0,0,0,0,0,0,1.144,2.226,8.182,0.051,0,kalabalik
8,Run50_AlphaDengeV1,Patlama yolu,bahcivan,standart,102,taban,23,,,317,95,207,0,0,15,119,94,58,33,13,5181,17567,1,5181,1,1780,536,162,4655,663,715,19420,53,3,56.1,1.25,1.69,1.565,1.315,6,0.3,2,41,4,1,1.08,1.19,1.27,2,100,80,63,74,14,0,0.52,1.76,1.57,4.7,20,81,0.768,0.593,3.849,1368,6,114,0,keskin_bicakx1 bereketli_toprakx1 hizli_bilekx1 kivilcimx1 yikim_gucux2,40,0,65,52,156,81,72,0,2,2,3,,0,0,0,0,0,0,0,0,0,0,0.84,79.708,4.877,222,0,352,0,0,10114,0,0,3,27,27,125,12,0,1.6,0,11000,0,9,65,65.167,13.297,16.554,11.903,,,,252,0,0,0,0,,0.847,0,0,0,0,0,0,0,0,0,0,0,0,0,0,0,0,0,0,0,1.184,2.221,7.147,0.046,0,kalabalik
8,Run50_AlphaDengeV1,Patlama yolu,bahcivan,standart,102,taban,24,,,668,138,518,0,0,12,255,181,133,73,26,11802,11802,1,0,0,3226,1312,351,6771,1515,1066,42498,57,12,56.1,1.25,1.69,1.516,1.365,6,0.3,2,42,5.98,1,1.03,1.14,1.13,1.33,100,77,69,61,25,0,0.18,1.37,0.66,0.51,20,81,0.565,0.247,3.742,1407,5,119,0,keskin_bicakx1 bereketli_toprakx1 hizli_bilekx1 kivilcimx1 yikim_gucux2 artci_patlamax1,85,0,65,56,168,81,75,0,2,2,3,artci_patlama@R23,92,92,0,323,285,0,0,0,0,0,0.642,181.569,10.277,245,0,334,0,0,4612,0,0,3,27,27,575,12,0,1.6667,0,13000,0,3,65,65.167,7.685,6.981,4.471,,,10.788,285,0,0,0,0,,0.837,0,0,0,0,0,0,0,0,0,0,0,0,0,0,0,0,0,0,0,1.512,3.104,10.525,0.054,0,kalabalik
8,Run50_AlphaDengeV1,Patlama yolu,bahcivan,standart,102,taban,25,,,654,136,494,0,0,24,243,172,123,84,32,13629,25431,1,0,0,3436,1328,431,7742,1953,1447,42650,60,9,69.27,1.25,1.69,1.516,1.365,6,0.3,2,42,6,1,1.08,1.23,1.11,1.17,100,85,64,60,47,0,0.46,1.17,0.51,0.76,20,81,0.587,0.309,3.692,1426,7,126,0,keskin_bicakx1 bereketli_toprakx1 hizli_bilekx1 kivilcimx1 yikim_gucux2 artci_patlamax1,79,0,65,59,177,81,87,0,2,2,3,artci_patlama@R23,95,95,0,295,267,0,0,0,0,0,0.58,209.677,10.062,251,0,406,0,0,6262,0,0,3,27,27,575,12,0,1.6667,0,15000,0,12,65,65.167,5.462,4.672,5.564,,,5.775,287,0,0,0,0,,0.875,0,0,0,0,0,0,0,0,0,0,0,0,0,0,0,0,0,0,0,1.411,3.055,13.837,0.052,0,kalabalik
8,Run50_AlphaDengeV1,Patlama yolu,bahcivan,standart,102,taban,26,,,682,189,489,0,0,4,265,162,140,93,22,13361,38792,1,13361,1,3082,1400,452,9354,2393,1899,47009,63,9,69.27,1.25,1.69,1.468,1.415,9,0.3,2,44,8.27,1,1.03,1.05,1.12,1.33,100,88,85,74,42,0,0.15,0.67,1.07,1.47,20,81,0.386,0.111,3.56,1479,6,132,0,keskin_bicakx1 bereketli_toprakx1 hizli_bilekx1 kivilcimx1 yikim_gucux2 artci_patlamax1,72,0.001,65,62,186,81,96,0,2,2,3,artci_patlama@R23,162,162,0,254,232,0,0,0,0,0,0.346,205.554,10.492,261,0,446,0,0,6271,0,0,3,27,27,575,12,0,1.6667,0,17000,0,9,65,65.167,3.415,3.676,3.082,,,3.576,300,0,0,0,0,,0.858,0,0,0,0,0,0,0,0,0,0,0,0,0,0,0,0,0,0,0,1.352,2.669,14.175,0.052,0,kalabalik
8,Run50_AlphaDengeV1,Patlama yolu,bahcivan,standart,102,taban,27,,,861,185,661,0,0,15,323,245,163,96,34,15888,15888,1,0,0,4493,1592,646,12247,3985,2545,58248,66,9,73.42,1.25,2.197,1.468,1.415,9,0.317,2,44,8.77,1,1.05,1.16,1.14,1,100,84,77,67,67,0,0.35,0.82,0.6,0,20,81,0.469,0.21,3.497,1506,4,136,0,keskin_bicakx1 bereketli_toprakx1 hizli_bilekx1 kivilcimx1 yikim_gucux3 artci_patlamax1,95,0,65,65,195,81,105,0,2,2,3,artci_patlama@R23,143,143,0,328,314,0,0,0,0,0,0.531,244.431,13.246,362,0,447,0,0,11519,0,0,3,27,27,1165,12,0,1.7333,0,19000,0,9,65,65.167,2.84,2.839,2.93,,,2.731,382,0,0,0,0,,0.894,0,0,0,0,0,0,0,0,0,0,0,0,0,0,0,0,0,0,0,1.488,3.241,9.286,0.064,0,kalabalik
8,Run50_AlphaDengeV1,Patlama yolu,bahcivan,standart,102,taban,28,,,881,202,657,0,0,22,347,212,205,91,26,15813,31701,1,0,0,3907,2178,588,13244,4463,3068,59459,69,9,83.44,1.25,2.197,1.422,1.465,9,0.317,2,45,8.87,1,1,1.12,1.13,1,100,92,75,69,75,0,0,1.03,0.89,0,20,81,0.475,0.222,3.415,1542,8,144,0,keskin_bicakx1 bereketli_toprakx1 hizli_bilekx1 kivilcimx1 yikim_gucux3 artci_patlamax1,86,0,65,68,204,81,114,0,2,2,3,artci_patlama@R23,166,166,0,315,310,0,0,0,0,0,0.444,243.277,13.554,369,0,539,0,0,10978,0,0,3,27,27,1165,12,0,1.7333,0,22000,0,9,65,65.167,2.818,3.046,2.914,,,2.553,375,0,0,0,0,,0.942,0,0,0,0,0,0,0,0,0,0,0,0,0,0,0,0,0,0,0,1.505,3.237,7.377,0.061,0,kalabalik
8,Run50_AlphaDengeV1,Patlama yolu,bahcivan,standart,102,taban,29,,,894,199,676,0,0,19,328,237,182,113,34,18714,50415,1,0,0,4687,2214,736,15771,6167,3804,63351,72,9,83.44,1.25,2.197,1.422,1.465,9,0.317,2,45,8.8,1,1,1.1,1.05,1.4,100,90,73,78,67,0,0,0.46,0.61,2.56,20,81,0.497,0.173,3.307,1592,4,148,0,keskin_bicakx1 bereketli_toprakx1 hizli_bilekx1 kivilcimx1 yikim_gucux3 artci_patlamax1,95,0,65,71,213,81,123,0,2,2,3,artci_patlama@R23,167,167,0,344,326,0,0,0,0,0,0.506,287.908,13.754,369,0,549,0,0,7329,0,0,3,27,27,1895,12,0,1.8,0,24000,0,9,65,65.167,2.889,2.841,3.101,,,2.676,390,0,0,0,0,,0.897,0,0,0,0,0,0,0,0,0,0,0,0,0,0,0,0,0,0,0,1.571,3.125,19.13,0.063,0,kalabalik
8,Run50_AlphaDengeV1,Patlama yolu,bahcivan,standart,102,taban,30,,,892,196,680,0,0,16,358,252,164,89,29,17370,67785,1,17370,1,4936,1969,520,17662,6826,4244,62413,74,6,94.04,1.25,2.197,1.377,1.515,9,0.333,2,47,8.74,1.03,1.08,1.03,1.13,1.33,94,86,69,72,53,0.15,0.41,0.17,0.69,1.61,20,81,0.502,0.222,3.288,1601,7,155,0,keskin_bicakx1 bereketli_toprakx1 hizli_bilekx1 kivilcimx1 yikim_gucux3 artci_patlamax1,89,0,65,73,219,81,132,0,2,2,3,artci_patlama@R23,145,145,0,348,330,0,0,0,0,0,0.556,267.231,13.723,366,0,596,0,0,20742,0,0,3,27,27,1895,12,0,1.8,0,26000,0,9,65,65.167,2.805,2.998,2.972,,,2.503,384,0,0,0,0,,0.888,0,0,0,0,0,0,0,0,0,0,0,0,0,0,0,0,0,0,0,1.464,2.885,7.648,0.064,0,kalabalik
8,Run50_AlphaDengeV1,Patlama yolu,bahcivan,standart,102,taban,31,,,945,246,674,0,0,25,352,263,179,107,44,22747,22747,1,0,0,5471,2410,698,20103,8096,4942,69868,77,9,94.04,2,2.197,1.377,1.515,9,0.333,2,47,8.66,1,1,1,1.05,1.17,100,100,100,83,71,0,0,0,0.5,0.69,20,81,0.487,0.185,3.19,1651,6,161,0,keskin_bicakx1 bereketli_toprakx1 hizli_bilekx1 kivilcimx1 yikim_gucux3 artci_patlamax1 canavar_kesimix1,96,0,65,76,228,81,138,0,2,2,3,artci_patlama@R23,199,199,0,333,319,0,0,0,0,0,0.247,349.954,14.538,380,0,986,0,0,9610,0,0,3,27,27,2755,12,0,1.8667,0,29000,0,6,65,65.167,2.884,2.599,2.986,,,2.986,400,0,0,0,0,,0.934,0,0,0,0,0,0,0,0,0,0,0,0,0,0,0,0,0,0,0,1.572,3.252,13.251,0.069,0,kalabalik
8,Run50_AlphaDengeV1,Patlama yolu,bahcivan,standart,102,taban,32,,,990,254,725,0,0,11,372,265,197,130,26,20174,42921,1,0,0,5619,2674,885,22732,10650,5732,73690,79,6,100.86,2,2.197,1.377,1.565,9,0.35,2,47,8.83,1,1,1,1,1,100,100,100,96,79,0,0,0,0,0,20,81,0.472,0.21,3.157,1668,5,166,0,keskin_bicakx1 bereketli_toprakx1 hizli_bilekx1 kivilcimx1 yikim_gucux3 artci_patlamax1 canavar_kesimix1,93,0,65,78,234,81,147,0,2,2,3,artci_patlama@R23,210,210,0,343,339,0,0,0,0,0,0.346,310.369,15.231,397,0,1071,0,0,24300,0,0,3,27,27,2755,12,0,1.8667,0,31000,0,9,65,65.167,2.539,2.373,2.72,,,2.447,400,0,0,0,0,,0.984,0,0,0,0,0,0,0,0,0,0,0,0,0,0,0,0,0,0,0,1.545,3.193,8.976,0.066,0,kalabalik
8,Run50_AlphaDengeV1,Patlama yolu,bahcivan,standart,102,taban,33,,,793,257,521,0,0,15,289,226,165,85,28,17257,60178,1,17257,1,4960,2300,790,26072,10920,6522,60881,81,6,105.24,2,2.197,1.377,1.565,9,0.35,2,47,8.3,1,1,1,1,1,100,100,98,92,88,0,0,0,0,0,20,81,0.385,0.16,3.073,1713,4,170,0,keskin_bicakx1 bereketli_toprakx1 hizli_bilekx1 kivilcimx1 yikim_gucux3 artci_patlamax1 canavar_kesimix1,78,0,65,80,240,81,153,0,2,2,3,artci_patlama@R23,200,200,0,255,251,0,0,0,0,0,0.259,265.492,12.2,285,0,1048,0,0,22181,0,0,3,27,27,3755,12,0,1.9333,0,33000,0,6,65,65.167,2.553,2.729,2.716,,,2.181,289,0,0,0,0,,0.991,0,0,0,0,0,0,0,0,0,0,0,0,0,0,0,0,0,0,0,1.455,2.966,9.152,0.062,0,kalabalik
8,Run50_AlphaDengeV1,Patlama yolu,bahcivan,standart,102,taban,34,,,1155,299,839,0,0,17,452,314,231,117,41,25216,25216,1,0,0,7170,3076,1050,27892,13356,7462,89192,84,9,112.36,2,2.197,1.17,1.615,9,0.367,2,55,8.69,1,1,1,1.05,1,100,100,99,94,94,0,0,0,0.25,0,20,81,0.406,0.21,3.067,1717,7,177,0,keskin_bicakx1 bereketli_toprakx1 hizli_bilekx2 kivilcimx1 yikim_gucux3 artci_patlamax1 canavar_kesimix1,116,0,65,83,249,81,159,0,2,2,3,artci_patlama@R23,238,238,0,432,426,0,0,0,0,0,0.321,387.938,17.769,430,0,1284,0,0,9373,0,0,3,27,27,3755,12,0,1.9333,0,36000,0,6,65,65.167,1.819,2.308,1.961,,,1.331,435,0,0,0,0,,0.983,0,0,0,0,0,0,0,0,0,0,0,0,0,0,0,0,0,0,0,1.623,3.279,16.284,0.073,0,kalabalik
8,Run50_AlphaDengeV1,Patlama yolu,bahcivan,standart,102,taban,35,,,1156,296,838,0,0,22,421,308,262,128,37,26623,51839,1,0,0,6435,3426,1045,33227,14492,8507,94676,86,6,117.04,2,2.197,1.17,1.615,9,0.367,2,55,8.75,1,1,1,1,1.11,100,100,99,98,75,0,0,0,0,0.52,20,81,0.424,0.148,2.973,1771,3,180,0,keskin_bicakx1 bereketli_toprakx1 hizli_bilekx2 kivilcimx1 yikim_gucux3 artci_patlamax1 canavar_kesimix1,128,0.002,65,85,255,81,168,0,2,2,3,artci_patlama@R23,247,247,0,416,411,0,0,0,0,0,0.358,409.585,17.785,449,0,1309,0,0,30049,0,0,3,27,27,4855,12,0,2,0,39000,0,9,65,65.167,1.889,1.895,2.19,,,1.553,456,0,0,0,0,,0.991,0,0,0,0,0,0,0,0,0,0,0,0,0,0,0,0,0,0,0,1.708,3.441,14.608,0.079,0,kalabalik
8,Run50_AlphaDengeV1,Patlama yolu,bahcivan,standart,102,taban,36,,,1112,271,825,0,0,16,404,298,239,134,37,26451,78290,1,26451,1,6120,3621,1133,36867,18113,9515,93364,89,9,117.04,2,2.197,1.17,1.665,9,0.383,2,55,8.84,1,1.01,1.06,1.09,1,100,98,82,76,79,0,0.11,0.3,0.45,0,20,81,0.448,0.185,2.961,1778,4,184,0,keskin_bicakx1 bereketli_toprakx1 hizli_bilekx2 kivilcimx1 yikim_gucux3 artci_patlamax1 canavar_kesimix1,117,0,65,88,264,81,174,0,2,2,3,artci_patlama@R23,225,225,0,457,405,0,0,0,0,0,0.383,406.938,17.108,436,0,1339,0,0,3413,0,0,3,27,27,4855,12,0,2,0,42000,0,6,65,65.167,2.11,2.362,2.298,,,1.738,508,0,0,0,0,,0.871,0,0,0,0,0,0,0,0,0,0,0,0,0,0,0,0,0,0,0,1.701,3.413,8.077,0.07,0,kalabalik
8,Run50_AlphaDengeV1,Patlama yolu,bahcivan,standart,102,taban,37,,,1183,322,838,0,0,23,452,320,235,142,34,27813,27813,1,0,0,7963,4046,1229,39910,21459,10744,101690,91,6,124.44,2,2.197,1.112,1.665,9,0.383,2,58,8.84,1,1,1,1,1.13,100,100,99,95,85,0,0,0,0,0.56,20,81,0.45,0.198,2.813,1871,4,188,0,keskin_bicakx1 bereketli_toprakx1 hizli_bilekx2 kivilcimx2 yikim_gucux3 artci_patlamax1 canavar_kesimix1,116,0,65,90,270,81,177,6,2,2,3,artci_patlama@R23,279,279,0,424,402,0,0,0,0,0,0.494,427.892,18.2,459,0,1423,0,0,19103,0,0,3,27,27,6155,12,0,2.0667,0,45000,0,9,65,65.167,1.968,1.912,2.201,,,1.747,482,0,0,0,0,,0.952,0,0,0,0,0,0,0,0,0,0,0,0,0,0,0,0,0,0,0,1.755,3.533,49.631,0.073,0,kalabalik
8,Run50_AlphaDengeV1,Patlama yolu,bahcivan,standart,102,taban,38,,,1243,340,881,0,0,22,463,358,241,141,40,30079,57892,1,0,0,9961,4466,1722,49491,24225,12326,107011,93,6,141.33,2,2.197,1.056,1.665,9,0.4,2,61,8.79,1,1,1,1,1,100,100,100,95,87,0,0,0,0,0,20,81,0.445,0.235,2.673,1970,3,191,0,keskin_bicakx1 bereketli_toprakx1 hizli_bilekx2 kivilcimx2 yikim_gucux3 artci_patlamax1 canavar_kesimix1,115,0,65,92,276,81,177,12,2,2,3,artci_patlama@R23,292,292,0,429,422,0,0,0,0,0,0.432,462.754,19.123,481,0,1602,0,0,35114,0,0,3,27,27,6155,12,0,2.0667,0,48000,0,6,65,65.167,1.856,1.904,2.104,,,1.534,486,0,0,0,0,,0.982,0,0,0,0,0,0,0,0,0,0,0,0,0,0,0,0,0,0,0,1.726,3.359,10.15,0.077,0,kalabalik
8,Run50_AlphaDengeV1,Patlama yolu,bahcivan,standart,102,taban,39,,,1281,355,905,0,0,21,461,349,276,155,40,31791,89683,1,0,0,9673,5432,1500,52564,28887,13826,131151,96,9,163.52,2,2.197,1.025,1.665,9,0.4,2,63,8.65,1,1,1,1,1,100,100,100,100,89,0,0,0,0,0,20,81,0.443,0.198,2.673,1970,4,195,0,keskin_bicakx1 bereketli_toprakx1 hizli_bilekx2 kivilcimx2 yikim_gucux3 artci_patlamax1 canavar_kesimix1,118,0,65,95,285,81,177,18,2,2,3,artci_patlama@R23,297,297,0,443,434,0,0,0,0,0,0.284,489.092,19.708,492,0,1811,0,0,18265,0,0,3,27,27,7555,12,3,2.4533,0.15,52000,0,6,65,65.167,1.814,1.993,2.06,,,1.386,495,0,0,0,0,,0.983,0,0,0,0,0,0,0,0,0,0,0,0,0,0,0,0,0,0,0,1.933,3.453,259.069,0.085,0,kalabalik
8,Run50_AlphaDengeV1,Patlama yolu,bahcivan,standart,102,taban,40,,,1185,262,909,0,0,14,435,286,277,151,36,29827,119510,1,29827,1,9213,5807,1772,61357,32794,15443,133986,98,6,174.9,2,2.197,0.984,1.665,9,0.417,2,66,6,1,1,1,1.03,1,100,100,100,94,100,0,0,0,0.1,0,20,81,0.532,0.259,2.292,2297,3,198,0,keskin_bicakx1 bereketli_toprakx1 hizli_bilekx2 kivilcimx2 yikim_gucux3 artci_patlamax1 canavar_kesimix1,122,0,65,97,291,81,177,27,2,2,3,artci_patlama@R23,226,223,3,449,443,0,0,0,0,0,0.432,458.877,18.231,480,0,1895,0,0,46251,0,0,3,27,27,7555,12,6,2.7307,0.28,55000,0,9,65,65.167,2.255,1.989,2.289,,,2.377,497,0,0,0,0,,0.98,0,0,0,0,0,0,0,0,0,0,0,0,0,0,0,0,0,0,0,1.764,3.322,15.571,0.075,1,kalabalik
8,Run50_AlphaDengeV1,Patlama yolu,bahcivan,standart,102,taban,41,,,1878,537,1319,0,0,22,650,508,422,222,76,48955,48955,1,0,0,15891,8838,3138,69948,41632,18431,222049,102,12,193.96,2,2.197,0.661,1.665,9,0.417,2.111,98,8.51,1,1,1,1,1,100,100,100,98,100,0,0,0,0,0,20,81,0.385,0.136,2.031,2593,4,202,0,keskin_bicakx1 bereketli_toprakx1 hizli_bilekx2 kivilcimx2 yikim_gucux3 artci_patlamax1 canavar_kesimix1 firtina_bilegix1,172,0.001,65,101,303,81,177,33,2,2,3,artci_patlama@R23,449,449,0,634,634,0,0,0,0,0,0.383,753.154,28.892,707,0,2321,0,0,38300,0,0,3,27,27,9055,12,6,2.816,0.28,62000,0,6,65,65.167,1.136,1.147,1.268,,,0.97,707,0,0,0,0,,0.992,0,0,0,0,0,0,0,0,0,0,0,0,0,0,0,0,0,0,0,2.115,3.881,13.075,0.098,0,kalabalik
8,Run50_AlphaDengeV1,Patlama yolu,bahcivan,standart,102,taban,42,,,2575,637,1906,0,0,32,942,655,564,327,87,61626,110581,1,0,0,20973,13529,3879,90076,55148,20240,346875,107,15,201.72,2,2.197,0.573,1.665,9,0.433,2.111,113,8.95,1,1,1,1.02,1,100,100,100,97,91,0,0,0,0.1,0,29,121,0.417,0.182,2.21,3559,3,205,15,keskin_bicakx1 bereketli_toprakx1 hizli_bilekx2 kivilcimx2 yikim_gucux3 artci_patlamax1 canavar_kesimix1 firtina_bilegix1,234,0,65,106,318,81,177,45,2,2,3,artci_patlama@R23,467,467,0,955,955,0,0,0,0,0,0.347,948.092,39.615,983,0,2438,0,0,59175,0,0,3,27,27,9055,12,12,3.388,0.54,70000,0,12,65,65.167,1.201,1.581,1.158,,,0.989,983,0,0,0,0,,0.998,0,0,0,0,0,0,0,0,0,0,0,0,0,0,0,0,0,0,0,2.566,4.693,10.68,0.126,0,kalabalik
8,Run50_AlphaDengeV1,Patlama yolu,bahcivan,standart,102,taban,43,,,2588,607,1940,0,0,41,911,700,542,331,104,67594,178175,1,67594,1,21714,13197,4680,107690,68345,24725,355101,112,15,212.45,2,2.197,0.573,1.665,9,0.433,2.222,113,8.93,1,1,1.01,1.02,1.05,100,100,97,90,89,0,0,0.02,0.04,0.12,29,121,0.44,0.223,2.139,3677,2,207,0,keskin_bicakx1 bereketli_toprakx1 hizli_bilekx2 kivilcimx2 yikim_gucux3 artci_patlamax1 canavar_kesimix1 firtina_bilegix1,231,0,65,111,333,96,177,45,2,2,3,artci_patlama@R23,477,477,0,997,980,0,0,0,0,0,0.545,1039.908,39.815,1001,0,2660,0,0,44276,0,0,3,31,31,9055,14,12,3.388,0.54,80000,0,15,65,65.167,1.328,1.667,1.417,,,1.017,1021,0,0,0,0,,0.972,0,0,0,0,0,0,0,0,0,0,0,0,0,0,0,0,0,0,0,2.656,4.745,16.821,0.134,0,kalabalik
8,Run50_AlphaDengeV1,Patlama yolu,bahcivan,standart,102,taban,44,,,2739,600,2085,0,0,54,935,751,624,305,124,73218,73218,1,0,0,23888,15714,4635,128858,84059,29360,400684,117,15,212.45,2,2.197,0.573,1.665,9,0.45,2.222,113,8.93,1,1,1,1.01,1.05,100,100,100,98,79,0,0,0,0.04,0.12,29,121,0.484,0.256,1.788,4398,2,209,0,keskin_bicakx1 bereketli_toprakx2 hizli_bilekx2 kivilcimx2 yikim_gucux3 artci_patlamax1 canavar_kesimix1 firtina_bilegix1,247,0,65,116,348,111,177,45,2,2,3,artci_patlama@R23,508,508,0,1084,1065,0,0,0,0,0,0.388,1126.431,42.138,1074,0,2615,0,0,24960,0,0,3,38,38,9055,18,12,3.388,0.54,90000,0,15,65,65.167,1.363,1.508,1.553,,,1.088,1091,0,0,0,0,,0.986,0,0,0,0,0,0,0,0,0,0,0,0,0,0,0,0,0,0,0,2.725,4.859,10.631,0.139,0,kalabalik
8,Run50_AlphaDengeV1,Patlama yolu,bahcivan,standart,102,taban,45,,,2745,598,2059,0,0,88,896,754,623,354,118,73045,146263,1,0,0,23403,15137,5067,152261,99196,34187,418085,121,12,212.45,2,2.197,0.573,1.665,9,0.45,2.333,113,8.96,1,1,1,1,1.03,100,100,100,97,89,0,0,0,0,0.05,29,121,0.489,0.207,1.767,4452,1,210,0,keskin_bicakx1 bereketli_toprakx2 hizli_bilekx2 kivilcimx2 yikim_gucux3 artci_patlamax1 canavar_kesimix1 firtina_bilegix1,249,0,65,120,360,121,182,45,2,2,3,artci_patlama@R23,509,509,0,1058,1047,0,0,0,0,0,0.479,1123.769,42.231,1100,0,2834,0,0,70045,0,0,3,41,41,9055,20,12,3.388,0.54,99000,0,15,65,65.167,1.371,1.509,1.557,,,1.096,1114,0,0,0,0,,0.987,0,0,0,0,0,0,0,0,0,0,0,0,0,0,0,0,0,0,0,2.7,4.827,17.183,0.137,0,kalabalik
8,Run50_AlphaDengeV1,Patlama yolu,bahcivan,standart,102,taban,46,,,2290,607,1634,0,0,49,734,627,521,317,91,59652,205915,1,59652,1,19780,12056,4509,169641,111252,38696,344954,125,12,212.45,2,2.197,0.573,1.665,9,0.45,2.333,113,8.81,1,1,1,1,1,100,100,100,96,88,0,0,0,0,0,29,121,0.392,0.157,1.767,4452,1,211,0,keskin_bicakx1 bereketli_toprakx2 hizli_bilekx2 kivilcimx2 yikim_gucux3 artci_patlamax1 canavar_kesimix1 firtina_bilegix1,208,0,65,124,372,121,194,45,2,2,3,artci_patlama@R23,525,525,0,803,794,0,0,0,0,0,0.281,917.723,35.231,889,0,2827,0,0,5999,0,0,3,41,41,9055,20,12,3.388,0.54,110000,0,12,65,65.167,1.351,1.576,1.473,,,1.037,905,0,0,0,0,,0.981,0,0,0,0,0,0,0,0,0,0,0,0,0,0,0,0,0,0,0,2.456,4.29,20.928,0.128,0,kalabalik
8,Run50_AlphaDengeV1,Patlama yolu,bahcivan,standart,102,taban,47,,,3032,685,2279,0,0,68,1003,794,660,447,128,83513,83513,1,0,0,26390,15810,5850,196031,127062,44256,465445,129,12,212.45,2,2.197,0.487,1.665,9,0.45,2.444,133,8.93,1,1,1,1.01,1.09,100,100,100,89,75,0,0,0,0.03,0.27,29,121,0.444,0.223,1.767,4452,1,212,0,keskin_bicakx1 bereketli_toprakx2 hizli_bilekx3 kivilcimx2 yikim_gucux3 artci_patlamax1 canavar_kesimix1 firtina_bilegix1,270,0,65,128,384,121,206,45,2,2,3,artci_patlama@R23,594,594,0,1198,1122,0,0,0,0,0,0.496,1284.815,46.646,1225,0,2884,0,0,21444,0,0,3,41,41,9055,20,12,3.388,0.54,120000,0,12,65,65.167,1.181,1.333,1.177,,,1.077,1300,0,0,0,0,,0.945,0,0,0,0,0,0,0,0,0,0,0,0,0,0,0,0,0,0,0,2.919,5.369,11.514,0.152,0,kalabalik
8,Run50_AlphaDengeV1,Patlama yolu,bahcivan,standart,102,taban,48,,,3045,687,2288,0,0,70,990,816,676,416,147,85291,168804,1,0,0,26631,16943,6120,222662,144005,50376,480282,133,12,212.45,2,2.197,0.487,1.665,9,0.45,2.444,133,8.92,1,1,1,1.03,1,100,100,98,90,76,0,0,0,0.23,0,29,121,0.443,0.256,1.748,4500,0,212,0,keskin_bicakx1 bereketli_toprakx2 hizli_bilekx3 kivilcimx2 yikim_gucux3 artci_patlamax1 canavar_kesimix1 firtina_bilegix1,262,0,65,132,396,121,218,45,2,2,3,artci_patlama@R23,600,600,0,1174,1096,0,0,0,0,0,0.438,1312.169,46.846,1262,0,2968,0,0,11726,0,0,3,41,41,9055,20,12,3.388,0.54,130000,0,12,65,65.167,1.161,1.275,1.192,,,1.043,1333,0,0,0,0,,0.953,0,0,0,0,0,0,0,0,0,0,0,0,0,0,0,0,0,0,0,2.914,5.167,12.816,0.153,0,kalabalik
8,Run50_AlphaDengeV1,Patlama yolu,bahcivan,standart,102,taban,49,,,3004,659,2264,0,0,81,968,788,697,419,132,86752,255556,1,0,0,25804,16968,5751,248466,160973,55797,480303,136,9,212.45,2,2.197,0.487,1.665,9,0.45,2.556,133,8.94,1,1,1.01,1.03,1.1,100,100,97,82,76,0,0,0.05,0.17,0.2,29,121,0.462,0.231,1.724,4561,1,213,0,keskin_bicakx1 bereketli_toprakx2 hizli_bilekx3 kivilcimx2 yikim_gucux3 artci_patlamax1 canavar_kesimix1 firtina_bilegix1,264,0,65,135,405,121,230,45,2,2,3,artci_patlama@R23,579,579,0,1178,1118,0,0,0,0,0,0.521,1334.646,46.215,1227,0,3058,0,0,102029,0,0,3,41,41,9055,20,12,3.388,0.54,140000,0,12,65,65.167,1.236,1.324,1.297,,,1.099,1306,0,0,0,0,,0.935,0,0,0,0,0,0,0,0,0,0,0,0,0,0,0,0,0,0,0,2.852,5.133,12.659,0.154,0,kalabalik
8,Run50_AlphaDengeV1,Patlama yolu,bahcivan,standart,102,taban,50,,,2630,498,2043,0,0,89,870,729,574,353,104,72371,327927,1,72371,1,25968,14052,4918,274434,175025,60715,441531,139,9,212.45,2,2.197,0.487,1.665,9,0.45,2.556,133,6,1,1,1.03,1.05,1.13,100,100,92,87,71,0,0,0.07,0.11,0.42,29,121,0.547,0.273,1.658,4745,0,213,0,keskin_bicakx1 bereketli_toprakx2 hizli_bilekx3 kivilcimx2 yikim_gucux3 artci_patlamax1 canavar_kesimix1 firtina_bilegix1,247,0,65,138,414,121,235,49,2,2,3,artci_patlama@R23,420,420,0,1149,1082,0,0,0,0,0,0.438,1113.4,40.462,1050,0,3078,0,0,123560,0,0,3,41,41,9055,20,14,3.608,0.64,150000,0,9,65,65.167,1.632,1.705,1.751,,,1.476,1119,0,0,0,0,,0.943,0,0,0,0,0,0,0,0,0,0,0,0,0,0,0,0,0,0,0,2.672,4.603,64.418,0.134,0,kalabalik
8,Run50_AlphaDengeV1,Patlama yolu,bahcivan,standart,102,taban,50,KAZANDI
9,Run50_AlphaDengeV1,Elektrik yolu,bahcivan,standart,100,taban,1,,,13,13,0,0,0,0,12,1,0,0,0,15,15,1,0,0,28,0,0,28,0,0,270,1,0,10,1,1,3,0.9,4,0.3,2,13,2.08,1.83,3,,,,21,0,,,,2.5,6,,,,2,4,0.346,0,8,23,0,0,2,,3,0.205,45,0,0,0,0,0,0,0,0,,0,0,0,0,0,0,0,0,0,0,0.5,0.333,0.289,0,0,22,0,0,270,0,0,0,0,0,0,0,0,1,0,390,0,0,45,45.133,4.138,4.138,,,,,0,0,0,0,0,,,0,0,0,0,0,0,0,0,0,0,0,0,0,0,0,0,0,0,0,0.553,1.176,4.225,0.021,0,kalabalik
9,Run50_AlphaDengeV1,Elektrik yolu,bahcivan,standart,100,taban,2,,,15,15,0,0,0,0,13,2,0,0,0,19,34,1,0,0,34,0,0,37,0,0,320,2,3,10.67,1,1,3,0.9,4,0.3,2,14,2.14,1.77,2,,,,8,0,,,,4.15,3,,,,3,5,0.425,0.2,8,28,1,1,1,,3,0,45,1,3,0,0,0,0,0,0,,0,0,0,0,0,0,0,0,0,0,0.8,0.422,0.333,0,0,24,0,0,200,0,0,0,0,0,0,0,0,1,0,410,0,0,45,45.133,6.018,6.018,,,,,0,0,0,0,0,,,0,0,0,0,0,0,0,0,0,0,0,0,0,0,0,0,0,0,0,0.561,1.168,4.006,0.016,0,kalabalik
9,Run50_AlphaDengeV1,Elektrik yolu,bahcivan,standart,100,taban,3,,,15,15,0,0,0,0,10,4,1,0,0,32,66,1,32,1,36,4,0,39,4,0,360,3,3,11.33,1,1,3,0.9,4,0.3,2,14,2.64,1.8,2.75,3,,,25,0,0,,,4.2,6.75,6,,,4,6,0.594,0.167,8,34,2,3,1,,4,0,45,2,6,3,0,0,2,2,0,,0,0,0,0,0,0,0,0,0,0,0.5,0.711,0.333,0,0,26,0,0,150,0,0,3,1,1,0,0,0,1,0,420,0,3,45,45.133,7.756,7.756,,,,,0,0,0,0,0,,,0,0,0,0,0,0,0,0,0,0,0,0,0,0,0,0,0,0,0,0.563,1.15,3.178,0.016,0,kalabalik
9,Run50_AlphaDengeV1,Elektrik yolu,bahcivan,standart,100,taban,4,,,26,26,0,0,0,0,22,3,1,0,0,53,53,1,0,0,56,4,0,68,8,0,601,4,3,12,1.25,1,2.892,0.9,4,0.3,2,15,2.8,1.5,2,1,,,46,0,,,,2.11,2.89,0,,,4,6,0.507,0,6.259,43,4,7,0,keskin_bicakx1,5,0.033,45,3,9,6,0,0,2,2,4,,0,0,0,0,0,0,0,0,0,0,0.5,1.178,0.578,0,0,34,0,0,331,0,0,3,1,1,6,0,0,1.0667,0,440,0,3,45,45.133,6.685,6.685,,,,,0,0,0,0,0,,,0,0,0,0,0,0,0,0,0,0,0,0,0,0,0,0,0,0,0,0.613,1.316,5.033,0.018,0,kalabalik
9,Run50_AlphaDengeV1,Elektrik yolu,bahcivan,standart,100,taban,5,,,27,27,0,0,0,0,21,5,1,0,0,54,107,1,0,0,62,4,0,70,12,0,644,6,6,12,1.25,1,2.892,0.9,4,0.3,2,15,3.47,1.62,2,4,,,30,17,0,,,3.17,4.05,14.47,,,6,9,0.582,0.333,6.774,60,0,7,2,keskin_bicakx1,6,0,45,5,15,9,0,0,2,2,4,,0,0,0,0,0,0,0,0,0,0,0.667,1.2,0.6,0,0,43,0,0,65,0,0,3,1,1,6,0,0,1.0667,0,490,0,3,45,45.133,7.652,7.652,,,,,0,0,0,0,0,,,0,0,0,0,0,0,0,0,0,0,0,0,0,0,0,0,0,0,0,0.609,1.231,4.13,0.017,0,kalabalik
9,Run50_AlphaDengeV1,Elektrik yolu,bahcivan,standart,100,taban,6,,,27,25,0,0,0,2,17,8,2,0,0,76,183,1,76,1,66,8,0,70,20,0,699,7,3,12.67,1.25,1,2.789,0.9,4,0.3,2,19,2.63,1.4,2.38,2.5,,,50,0,0,,,1.3,5.22,12.53,,,6,9,0.471,0.222,6.357,78,5,12,0,keskin_bicakx1,6,0,55,6,18,9,6,0,2,2,4,,0,0,0,0,0,0,0,0,0,0,0.444,1.382,0.491,2,0,53,0,0,274,0,0,3,1,1,6,0,0,1.0667,0,520,0,6,55,55.133,9.168,9.749,1.9,,,,2,0,0,0,0,,0.352,0,0,0,0,0,0,0,0,0,0,0,0,0,0,0,0,0,0,0,0.723,1.338,75.678,0.018,0,kalabalik
9,Run50_AlphaDengeV1,Elektrik yolu,bahcivan,standart,100,taban,7,,,39,39,0,0,0,0,29,10,0,0,0,67,67,1,0,0,98,0,0,108,20,0,929,9,6,12.67,1.25,1,2.789,0.9,4,0.3,2,19,3.63,1.48,2.1,,,,43,0,,0,,2.89,6.69,,,,8,12,0.705,0.333,5.67,116,0,12,2,keskin_bicakx1 bereketli_toprakx1,6,0,55,8,24,12,6,0,2,2,4,,0,0,0,0,0,0,0,0,0,0,0.833,1.218,0.709,0,0,50,0,0,123,0,0,3,3,3,6,0,0,1.0667,0,600,0,3,55,55.133,9.485,9.485,,,,,2,0,0,0,0,,,0,0,0,0,0,0,0,0,0,0,0,0,0,0,0,0,0,0,0,0.68,1.397,4.472,0.019,0,kalabalik
9,Run50_AlphaDengeV1,Elektrik yolu,bahcivan,standart,100,taban,8,,,38,34,3,0,0,1,29,4,4,1,0,122,189,1,0,0,78,16,2,81,36,2,962,10,3,14,1.25,1,2.789,0.9,4,0.3,2,19,3.74,1.63,2,2.5,1,,17,0,0,,,4.23,5.58,9.77,0,,9,14,0.749,0.357,5.759,134,4,16,1,keskin_bicakx1 bereketli_toprakx1,7,0,55,9,27,18,6,0,2,2,4,,0,0,0,0,0,0,0,0,0,0,0.929,2.218,0.691,4,0,41,0,0,485,0,0,3,5,4,6,0,0,1.0667,0,640,0,6,55,55.133,12.568,12.696,11.483,,,,10,0,0,0,0,,0.308,0,0,0,0,0,0,0,0,0,0,0,0,0,0,0,0,0,0,0,0.704,1.447,9.252,0.022,0,kalabalik
9,Run50_AlphaDengeV1,Elektrik yolu,bahcivan,standart,100,taban,9,,,46,44,0,0,0,2,36,9,1,0,0,81,270,1,0,0,117,4,0,125,40,2,1087,12,6,15.64,1.25,1,2.689,0.9,4,0.3,2,20,3.75,1.49,1.5,4,,,40,45,0,,,3,3.7,21.53,,,9,14,0.725,0.429,5.618,137,5,21,0,keskin_bicakx1 bereketli_toprakx1,7,0,55,11,33,21,6,0,2,2,4,,0,0,0,0,0,0,0,0,0,0,0.571,1.473,0.836,2,0,61,0,0,232,0,0,3,7,4,6,0,0,1.0667,0,750,0,3,55,55.133,11.941,11.74,16.35,,,,5,0,0,0,0,,0.269,0,0,0,0,0,0,0,0,0,0,0,0,0,0,0,0,0,0,0,0.784,1.533,22.212,0.034,0,kalabalik
9,Run50_AlphaDengeV1,Elektrik yolu,bahcivan,standart,100,taban,10,,,45,41,2,0,0,2,30,11,4,0,0,112,382,1,112,1,145,16,0,172,56,2,1244,13,3,16.36,1.25,1,2.5,0.9,4,0.3,2,21,3.9,1.37,2.18,2,,,52,0,0,,,2.59,7.05,10,,,10,15,0.714,0.4,5.548,149,6,27,1,keskin_bicakx1 bereketli_toprakx1,10,0,55,12,36,25,8,0,2,2,4,,0,0,0,0,0,0,0,0,0,0,0.8,2.036,0.818,4,0,61,0,0,726,0,0,3,9,5,14,0,0,1.1333,0,810,0,6,55,55.133,10.052,10.436,6.117,,,,13,0,0,0,0,,0.266,0,0,0,0,0,0,0,0,0,0,0,0,0,0,0,0,0,0,0,0.757,1.432,4.956,0.02,0,kalabalik
9,Run50_AlphaDengeV1,Elektrik yolu,bahcivan,standart,100,taban,11,,,76,67,8,0,0,1,51,18,5,2,0,237,237,1,0,0,243,20,4,252,76,6,2232,16,9,18.13,1.563,1,2.5,0.9,4,0.3,2,26,4,1.18,1.47,1.4,2.5,,70,43,20,0,,1.39,4.33,1.5,12.5,,11,18,0.727,0.444,5.269,222,5,32,1,keskin_bicakx2 bereketli_toprakx1,11,0,65,15,45,25,11,0,2,2,4,,0,0,0,0,0,0,0,0,0,0,0.833,3.646,1.169,9,0,94,0,0,318,0,0,3,9,6,24,0,0,1.2,0,1000,0,3,65,65.167,11.952,8.79,35.496,,,,27,0,0,0,0,,0.204,0,0,0,0,0,0,0,0,0,0,0,0,0,0,0,0,0,0,0,0.746,1.563,21.934,0.023,0,kalabalik
9,Run50_AlphaDengeV1,Elektrik yolu,bahcivan,standart,100,taban,12,,,91,67,17,0,0,7,61,23,6,1,0,248,485,1,0,0,321,24,2,322,45,8,2768,18,6,19.2,1.563,1,2.324,0.9,4,0.3,2,27,4,1.21,1.47,1.67,2,,71,45,0,,,1.65,3.25,6.2,2.33,,12,20,0.657,0.25,5.331,244,9,41,1,keskin_bicakx2 bereketli_toprakx1,16,0,65,17,51,25,20,0,2,2,4,,0,0,0,0,0,0,0,0,0,0,0.8,3.815,1.4,24,0,85,0,0,986,0,0,3,9,7,36,0,0,1.2667,0,1200,0,9,65,65.167,9.498,8.995,10.903,,,,49,0,0,0,0,,0.251,0,0,0,0,0,0,0,0,0,0,0,0,0,0,0,0,0,0,0,0.811,1.594,5.918,0.024,0,kalabalik
9,Run50_AlphaDengeV1,Elektrik yolu,bahcivan,standart,100,taban,13,,,80,63,11,0,0,6,49,13,15,3,0,368,853,1,368,1,225,60,6,245,105,14,2839,20,6,20.27,1.563,1,2.24,0.935,4,0.3,2,29,3.93,1.14,1.42,2.09,2,,62,42,13,0,0,0.97,2.98,11.21,4.49,,15,27,0.656,0.481,5.22,336,6,47,3,keskin_bicakx2 bereketli_toprakx1,13,0,65,19,57,31,20,0,2,2,4,,0,0,0,0,0,0,0,0,0,0,0.667,5.662,1.231,17,0,97,0,0,1325,0,0,3,10,9,50,0,0,1.3333,0,1400,0,6,65,65.167,15.007,14.206,17.973,,,,38,0,0,0,0,,0.14,0,0,0,0,0,0,0,0,0,0,0,0,0,0,0,0,0,0,0,0.856,1.603,5.844,0.027,0,kalabalik
9,Run50_AlphaDengeV1,Elektrik yolu,bahcivan,standart,100,taban,14,,,121,60,20,0,0,41,73,30,13,4,1,577,577,1,0,0,399,65,16,452,95,30,4396,23,9,20.27,1.563,1.3,2.16,0.97,4,0.3,2,30,4,1.41,1.38,1.43,1.5,1,48,41,40,0,0,3.28,3.29,9.26,3.23,0,16,38,0.764,0.368,4.958,498,6,53,5,keskin_bicakx2 bereketli_toprakx1 yikim_gucux1,17,0,65,22,66,37,20,0,2,2,4,,0,0,0,0,0,0,0,0,0,0,0.789,8.877,1.862,61,0,121,0,0,1121,0,0,3,12,12,66,2,0,1.4,0,1800,0,6,65,65.167,13.093,17.29,8.964,,,,91,0,0,0,0,,0.657,0,0,0,0,0,0,0,0,0,0,0,0,0,0,0,0,0,0,0,0.823,1.632,6.931,0.029,0,kalabalik
9,Run50_AlphaDengeV1,Elektrik yolu,bahcivan,standart,100,taban,15,,,145,81,25,0,0,39,72,42,23,5,3,1008,1585,1,0,0,471,133,26,488,203,56,5810,26,9,24.3,1.563,1.3,2.16,0.97,4,0.3,2,30,4,1.07,1.28,1.2,1.67,1.5,88,54,36,25,,1.21,1.38,1.08,5.76,2.17,17,43,0.771,0.581,4.824,579,3,56,3,keskin_bicakx2 bereketli_toprakx1 yikim_gucux1,23,0,65,25,75,46,20,0,2,2,4,,0,0,0,0,0,0,0,0,0,0,0.698,15.508,2.231,64,0,177,0,0,1131,0,0,3,15,14,66,2,0,1.4,0,2200,0,9,65,65.167,13.9,14.497,13.144,,,,104,0,0,0,0,,0.63,0,0,0,0,0,0,0,0,0,0,0,0,0,0,0,0,0,0,0,0.977,1.839,9.985,0.032,0,kalabalik
9,Run50_AlphaDengeV1,Elektrik yolu,bahcivan,standart,100,taban,16,,,220,97,71,0,0,52,114,58,25,12,11,2243,3828,1,2243,1,894,185,60,914,365,96,9878,30,12,25.51,1.563,1.3,2.16,1.04,6,0.3,2,30,6,1.02,1.3,1.39,1.6,2,86,55,44,43,67,0.3,2.23,1.56,7.34,4.33,18,47,0.716,0.468,4.562,670,10,66,3,keskin_bicakx2 bereketli_toprakx1 yikim_gucux1,29,0,65,29,87,49,26,0,2,2,4,,0,0,0,0,0,0,0,0,0,0,0.532,34.508,3.385,123,0,206,0,0,1009,0,0,3,15,14,104,3,0,1.5333,0,3000,0,9,65,65.167,8.847,9.475,8.352,,,,184,0,0,0,0,,0.622,0,0,0,0,0,0,0,0,0,0,0,0,0,0,0,0,0,0,0,1.034,1.992,19.869,0.038,0,kalabalik
9,Run50_AlphaDengeV1,Elektrik yolu,bahcivan,standart,100,taban,17,,,288,132,116,0,0,40,110,90,46,32,10,3796,3796,1,0,0,1158,342,73,1231,519,109,15367,34,12,34.76,1.563,1.69,2.092,1.075,6,0.3,2,31,6,1,1.13,1,1.08,1,100,79,92,83,67,0,3.61,0,0.7,0,14,49,0.698,0.306,4.239,751,10,76,4,keskin_bicakx2 bereketli_toprakx1 yikim_gucux2,38,0,65,33,99,49,38,0,2,2,4,,0,0,0,0,0,0,0,0,0,0,0.449,58.4,4.431,156,0,263,0,0,3176,0,0,3,15,15,125,3,0,1.6,0,3900,0,12,65,65.167,7.598,10.654,5.013,,,,177,0,0,0,0,,0.856,0,0,0,0,0,0,0,0,0,0,0,0,0,0,0,0,0,0,0,1.062,1.994,8.958,0.036,0,kalabalik
9,Run50_AlphaDengeV1,Elektrik yolu,bahcivan,standart,100,taban,18,,,341,137,138,0,0,66,130,99,60,41,11,4676,8472,1,0,0,1206,452,112,1382,696,221,18326,38,12,39.82,1.563,1.69,2.026,1.11,6,0.3,2,32,6,1,1.05,1.05,1,1,100,96,91,100,60,0,0.99,0.32,0,0,14,49,0.658,0.347,4.207,757,9,85,0,keskin_bicakx2 bereketli_toprakx1 yikim_gucux2,42,0,65,37,111,49,50,0,2,2,4,,0,0,0,0,0,0,0,0,0,0,0.469,71.938,5.246,204,0,298,0,0,4402,0,0,3,15,15,125,3,0,1.6,0,5000,0,12,65,65.167,6.302,9.911,3.879,,,,212,0,0,0,0,,0.939,0,0,0,0,0,0,0,0,0,0,0,0,0,0,0,0,0,0,0,1.115,2.186,6.152,0.041,0,kalabalik
9,Run50_AlphaDengeV1,Elektrik yolu,bahcivan,standart,100,taban,19,,,278,142,102,0,0,34,98,76,56,41,7,4259,12731,1,0,0,937,442,122,1149,1062,183,14879,41,9,43.38,1.563,1.69,1.962,1.145,6,0.3,2,33,6,1,1.2,1.2,1.31,2,100,78,77,54,0,0,1.82,0.88,2.45,9.8,16,69,0.783,0.217,4.273,1050,7,92,9,keskin_bicakx2 bereketli_toprakx1 yikim_gucux2,37,0,65,40,120,49,62,0,2,2,4,,0,0,0,0,0,0,0,0,0,0,0.696,65.523,4.277,136,0,373,0,0,3381,0,0,3,15,15,125,3,0,1.6,0,5900,0,12,65,65.167,8.751,9.292,8.185,,,,145,0,0,0,0,,0.844,0,0,0,0,0,0,0,0,0,0,0,0,0,0,0,0,0,0,0,1.011,2.011,12.016,0.048,0,kalabalik
9,Run50_AlphaDengeV1,Elektrik yolu,bahcivan,standart,100,taban,20,,,262,147,70,0,0,45,103,61,52,39,7,4215,16946,1,4215,1,896,460,142,1460,919,285,13578,43,6,43.38,1.563,1.69,1.901,1.195,6,0.3,2,34,6,1,1.26,1.32,1.43,2,100,72,53,52,0,0,2.07,2.25,2.73,7.6,20,81,0.791,0.506,4.29,1227,5,97,6,keskin_bicakx2 bereketli_toprakx1 yikim_gucux2,37,0,65,42,126,58,62,0,2,2,4,,0,0,0,0,0,0,0,0,0,0,0.568,64.846,4.031,115,0,322,0,0,4759,0,0,3,18,18,125,4,0,1.6,0,6600,0,9,65,65.167,13.415,13.5,13.306,,,,129,0,0,0,0,,0.825,0,0,0,0,0,0,0,0,0,0,0,0,0,0,0,0,0,0,0,1.098,2.149,5.456,0.045,0,kalabalik
9,Run50_AlphaDengeV1,Elektrik yolu,bahcivan,standart,100,taban,21,,,292,150,77,0,0,65,109,78,51,40,14,5111,5111,1,0,0,1238,540,189,1973,899,474,15247,45,6,49.54,1.563,1.69,1.901,1.23,6,0.3,2,34,6,1,1.07,1.35,1.4,1,100,85,55,52,83,0,1.11,3.55,4.47,0,20,81,0.823,0.568,4.232,1244,5,102,0,keskin_bicakx2 bereketli_toprakx1 yikim_gucux2 kivilcimx1,35,0,65,44,132,64,62,0,2,2,4,,0,0,0,0,0,0,0,0,0,0,0.84,78.631,4.492,142,0,412,0,0,6406,0,0,3,21,21,125,5,0,1.6,0,7400,0,6,65,65.167,9.163,12.58,5.554,,,,165,0,0,0,0,,0.818,0,0,0,0,0,0,0,0,0,0,0,0,0,0,0,0,0,0,0,1.071,2.006,8.094,0.042,0,kalabalik
9,Run50_AlphaDengeV1,Elektrik yolu,bahcivan,standart,100,taban,22,,,319,145,108,0,0,66,118,95,61,38,7,5084,10195,1,0,0,1387,468,156,2370,982,630,16368,47,6,49.54,1.563,1.69,1.841,1.315,6,0.3,2,35,6,1,1.09,1.31,1.42,2.5,100,80,59,63,33,0,0.89,3.4,2.76,5.53,20,81,0.813,0.63,4.029,1307,6,108,0,keskin_bicakx2 bereketli_toprakx1 yikim_gucux2 kivilcimx1,34,0,65,46,138,70,62,0,2,2,4,,0,0,0,0,0,0,0,0,0,0,0.84,78.215,4.908,174,0,378,0,0,7574,0,0,3,22,22,125,5,0,1.6,0,8200,0,6,65,65.167,10.687,12.73,8.985,,,,207,0,0,0,0,,0.767,0,0,0,0,0,0,0,0,0,0,0,0,0,0,0,0,0,0,0,1.007,1.884,7.162,0.045,0,kalabalik
9,Run50_AlphaDengeV1,Elektrik yolu,bahcivan,standart,100,taban,23,,,261,92,128,0,0,41,82,77,59,34,9,4916,15111,1,4916,1,1154,556,153,2754,818,783,14123,49,6,56.1,1.563,1.69,1.841,1.315,6,0.3,2,35,4,1,1,1.19,1.36,1.25,100,75,74,50,80,0,0,2.02,3.35,5.07,20,81,0.858,0.741,3.941,1336,4,112,0,keskin_bicakx2 bereketli_toprakx1 yikim_gucux2 kivilcimx1,31,0,65,48,144,76,62,0,2,2,4,,0,0,0,0,0,0,0,0,0,0,0.741,75.631,4.015,169,0,470,0,0,4897,0,0,3,24,24,125,5,0,1.6,0,9000,0,6,65,65.167,10.404,15.167,7.81,,,,190,0,0,0,0,,0.855,0,0,0,0,0,0,0,0,0,0,0,0,0,0,0,0,0,0,0,1.094,2.135,9.579,0.043,0,kalabalik
9,Run50_AlphaDengeV1,Elektrik yolu,bahcivan,standart,100,taban,24,,,380,134,123,0,0,123,128,107,73,56,16,7453,7453,1,0,0,1866,796,195,3510,1174,978,21671,51,6,56.1,1.563,1.69,1.783,1.365,6,0.3,2,36,6,1,1.15,1.35,1.38,1.25,100,79,56,70,57,0,0.91,2.71,3.97,2.23,20,81,0.789,0.605,3.933,1339,5,117,0,keskin_bicakx2 bereketli_toprakx1 yikim_gucux2 kivilcimx1 cifte_akimx1,44,0,65,50,150,81,63,0,2,2,4,cifte_akim@R23,45,45,0,56,46,0,0,0,0,0,0.716,114.662,5.846,200,0,426,0,0,8068,0,0,3,25,25,575,7,0,1.6667,0,10000,0,6,65,65.167,10.471,11.981,5.485,,,27.75,240,0,0,0,0,,0.806,0,0,0,0,0,0,0,0,0,0,0,0,0,0,0,0,0,0,0,1.229,2.352,9.552,0.048,0,kalabalik
9,Run50_AlphaDengeV1,Elektrik yolu,bahcivan,standart,100,taban,25,,,417,146,146,0,0,125,134,101,100,64,18,9560,17013,1,0,0,1804,976,283,2849,1350,1211,24767,54,9,65.98,1.563,1.69,1.783,1.365,6,0.3,2,36,6,1,1.09,1.18,1.38,1,100,93,77,71,64,0,1.07,1.42,3.57,0,20,81,0.802,0.642,3.798,1386,7,124,0,keskin_bicakx2 bereketli_toprakx1 yikim_gucux2 kivilcimx1 cifte_akimx1,45,0,65,53,159,81,69,0,2,2,4,cifte_akim@R23,54,54,0,56,46,0,0,0,0,0,0.802,147.077,6.415,225,0,548,0,0,1835,0,0,3,25,25,575,7,0,1.6667,0,12000,0,6,65,65.167,7.004,11.453,4.128,,,6.946,262,0,0,0,0,,0.851,0,0,0,0,0,0,0,0,0,0,0,0,0,0,0,0,0,0,0,1.19,2.174,10.824,0.05,0,kalabalik
9,Run50_AlphaDengeV1,Elektrik yolu,bahcivan,standart,100,taban,26,,,572,197,199,0,0,176,200,136,139,74,23,12305,29318,1,12305,1,2612,1248,352,3991,1328,1563,37265,57,9,69.27,1.563,1.69,1.727,1.415,9,0.3,2,37,8.68,1,1,1.04,1.14,1,100,99,91,79,56,0,0,0.3,0.86,0,20,81,0.529,0.235,3.706,1421,5,129,0,keskin_bicakx2 bereketli_toprakx1 yikim_gucux2 kivilcimx1 cifte_akimx1,56,0,65,56,168,81,78,0,2,2,4,cifte_akim@R23,90,90,0,62,57,0,0,0,0,0,0.469,189.308,8.8,318,0,596,0,0,2100,0,0,3,25,25,575,7,0,1.6667,0,13000,0,9,65,65.167,17.747,16.551,19.358,,,12.888,343,0,0,0,0,,0.919,0,0,0,0,0,0,0,0,0,0,0,0,0,0,0,0,0,0,0,1.214,2.259,8.733,0.057,0,kalabalik
9,Run50_AlphaDengeV1,Elektrik yolu,bahcivan,standart,100,taban,27,,,666,207,257,0,0,202,195,163,171,108,29,16109,16109,1,0,0,2845,1736,616,5236,2104,2179,45488,60,9,73.42,1.563,1.69,1.727,1.868,9,0.317,2,37,9,1,1,1.07,1.03,1,100,99,87,87,80,0,0,0.71,0.15,0,20,81,0.653,0.333,3.577,1472,7,136,0,keskin_bicakx2 bereketli_toprakx1 yikim_gucux2 kivilcimx1 cifte_akimx1 genis_savurusx1,69,0,65,59,177,81,87,0,2,2,4,cifte_akim@R23,68,68,0,87,78,0,0,4,0,0,0.654,247.831,10.246,381,0,635,0,0,6588,0,0,3,25,25,1165,7,0,1.7333,0,15000,0,9,65,65.167,4.549,5.416,4.033,,,4.769,438,0,0,0,0,,0.872,0,0,0,0,0,0,0,0,0,0,0,0,0,0,0,0,0,0,0,1.25,2.396,7.613,0.06,0,kalabalik
9,Run50_AlphaDengeV1,Elektrik yolu,bahcivan,standart,100,taban,28,,,663,204,274,0,0,185,183,191,157,105,27,16078,32187,1,0,0,3276,1710,540,5602,2114,2654,45440,63,9,83.44,1.563,1.69,1.673,1.934,9,0.317,2,38,8.95,1,1,1.08,1.07,1,100,100,87,86,89,0,0,0.63,0.78,0,20,81,0.638,0.321,3.571,1474,8,144,0,keskin_bicakx2 bereketli_toprakx1 yikim_gucux2 kivilcimx1 cifte_akimx1 genis_savurusx1,83,0,65,62,186,81,96,0,2,2,4,cifte_akim@R23,77,77,0,90,76,0,0,4,0,0,0.593,247.354,10.2,383,0,703,0,0,5028,0,0,3,25,25,1165,7,0,1.7333,0,17000,0,9,65,65.167,5.289,7.231,4.361,,,4.718,421,0,0,0,0,,0.901,0,0,0,0,0,0,0,0,0,0,0,0,0,0,0,0,0,0,0,1.266,2.444,12.527,0.064,0,kalabalik
9,Run50_AlphaDengeV1,Elektrik yolu,bahcivan,standart,100,taban,29,,,699,209,278,0,0,212,224,205,151,89,30,16276,48463,1,0,0,3500,2007,496,6942,3611,3150,47705,65,6,83.44,1.563,1.69,1.673,1.934,9,0.317,2,38,8.95,1,1.02,1.1,1.04,1.1,100,99,85,85,81,0,0.08,1.18,0.22,1.17,20,81,0.637,0.284,3.433,1533,4,148,0,keskin_bicakx2 bereketli_toprakx1 yikim_gucux2 kivilcimx1 cifte_akimx1 genis_savurusx1,90,0,65,64,192,81,105,0,2,2,4,cifte_akim@R23,87,87,0,88,74,0,0,2,0,0,0.593,250.4,10.754,416,0,698,0,0,17733,0,0,3,25,25,1895,7,0,1.8,0,18000,0,9,65,65.167,4.902,6.944,3.856,,,5.016,457,0,0,0,0,,0.916,0,0,0,0,0,0,0,0,0,0,0,0,0,0,0,0,0,0,0,1.275,2.41,10.542,0.058,0,kalabalik
9,Run50_AlphaDengeV1,Elektrik yolu,bahcivan,standart,100,taban,30,,,738,213,247,0,0,278,231,199,189,94,25,16160,64623,1,16160,1,4178,2001,496,8075,4302,3566,49737,68,9,94.04,1.563,1.69,1.62,2,9,0.333,2,40,8.9,1,1.02,1.1,1.33,1,100,97,89,62,83,0,0.1,1.55,3.32,0,20,81,0.634,0.37,3.419,1540,7,155,0,keskin_bicakx2 bereketli_toprakx1 yikim_gucux2 kivilcimx1 cifte_akimx1 genis_savurusx1,85,0,65,67,201,81,111,0,2,2,4,cifte_akim@R23,107,107,0,116,102,0,0,8,0,0,0.37,248.615,11.354,423,0,784,0,0,10470,0,0,3,25,25,1895,7,0,1.8,0,21000,0,6,65,65.167,4.649,6.377,3.912,,,4.097,484,0,0,0,0,,0.907,0,0,0,0,0,0,0,0,0,0,0,0,0,0,0,0,0,0,0,1.274,2.457,68.38,0.063,0,kalabalik
9,Run50_AlphaDengeV1,Elektrik yolu,bahcivan,standart,100,taban,31,,,768,221,282,0,0,265,264,205,162,98,39,19483,19483,1,0,0,4640,1967,638,9685,5129,4204,54416,70,6,94.04,1.563,1.69,1.62,2,9,0.333,2,40,9,1,1,1.03,1.17,1,100,100,91,88,95,0,0,0.08,1.55,0,20,81,0.671,0.37,2.833,1858,6,161,0,keskin_bicakx2 bereketli_toprakx2 yikim_gucux2 kivilcimx1 cifte_akimx1 genis_savurusx1,96,0,65,69,207,81,120,0,2,2,4,cifte_akim@R23,102,102,0,105,92,0,0,6,0,0,0.543,299.738,11.815,455,0,780,0,0,21886,0,0,3,25,25,2755,7,0,1.8667,0,22000,0,9,65,65.167,4.335,5.82,3.768,,,3.566,509,0,0,0,0,,0.891,0,0,0,0,0,0,0,0,0,0,0,0,0,0,0,0,0,0,0,1.284,2.472,7.872,0.064,0,kalabalik
9,Run50_AlphaDengeV1,Elektrik yolu,bahcivan,standart,100,taban,32,,,908,276,340,0,0,292,301,231,196,129,51,24499,43982,1,0,0,5344,2958,915,12039,7967,5024,66028,73,9,100.86,1.563,1.69,1.62,2.066,12,0.35,2,40,11.9,1,1,1.02,1.08,1,100,100,93,90,95,0,0,0.48,0.91,0,20,81,0.601,0.247,2.826,1863,5,166,0,keskin_bicakx2 bereketli_toprakx2 yikim_gucux2 kivilcimx1 cifte_akimx1 genis_savurusx1,99,0,65,72,216,81,126,0,2,2,4,cifte_akim@R23,134,134,0,121,105,0,0,4,0,0,0.358,376.908,13.969,527,0,877,0,0,18914,0,0,3,25,25,2755,7,0,1.8667,0,25000,0,6,65,65.167,3.56,4.714,3.098,,,2.844,590,0,0,0,0,,0.894,0,0,0,0,0,0,0,0,0,0,0,0,0,0,0,0,0,0,0,1.322,2.713,9.161,0.071,0,kalabalik
9,Run50_AlphaDengeV1,Elektrik yolu,bahcivan,standart,100,taban,33,,,757,206,291,0,0,260,244,199,169,115,30,18785,62767,1,18785,1,4320,2224,755,14739,8161,5779,57360,75,6,105.24,1.563,1.69,1.62,2.066,12,0.35,2,40,9,1,1,1.05,1.11,1.11,100,100,82,79,88,0,0,0.49,1.91,0.72,20,81,0.678,0.358,2.746,1918,4,170,0,keskin_bicakx2 bereketli_toprakx2 yikim_gucux2 kivilcimx1 cifte_akimx1 genis_savurusx1,94,0,65,74,222,81,135,0,2,2,4,cifte_akim@R23,95,95,0,112,106,0,0,8,0,0,0.543,289,11.646,445,0,906,0,0,25274,0,0,3,25,25,3755,7,0,1.9333,0,27000,0,9,65,65.167,4.69,6.972,3.757,,,4.139,497,0,0,0,0,,0.907,0,0,0,0,0,0,0,0,0,0,0,0,0,0,0,0,0,0,0,1.293,2.562,8.066,0.063,0,kalabalik
9,Run50_AlphaDengeV1,Elektrik yolu,bahcivan,standart,100,taban,34,,,964,251,380,0,0,333,297,223,258,138,48,27515,27515,1,0,0,4685,3232,1240,14074,10753,6909,76591,78,9,112.36,1.563,2.197,1.62,2.132,12,0.367,2,40,11.75,1,1,1,1.09,1,100,100,94,90,88,0,0,0,0.52,0,20,81,0.584,0.247,2.746,1918,7,177,0,keskin_bicakx2 bereketli_toprakx2 yikim_gucux3 kivilcimx1 cifte_akimx1 genis_savurusx1,107,0,65,77,231,81,141,0,2,2,4,cifte_akim@R23,126,126,0,100,99,0,0,6,0,0,0.407,423.308,14.831,614,0,979,0,0,17865,0,0,3,25,25,3755,7,0,1.9333,0,30000,0,6,65,65.167,3.238,4.565,2.76,,,2.797,619,0,0,0,0,,0.956,0,0,0,0,0,0,0,0,0,0,0,0,0,0,0,0,0,0,0,1.351,2.684,11.862,0.072,0,kalabalik
9,Run50_AlphaDengeV1,Elektrik yolu,bahcivan,standart,100,taban,35,,,1071,253,378,0,0,440,353,280,251,147,40,27163,54678,1,0,0,5875,3076,1135,18849,11539,8044,80109,81,9,117.04,1.563,2.197,1.62,2.132,12,0.367,2,40,11.93,1,1,1.02,1.06,1,100,100,97,94,100,0,0,0.23,0.42,0,20,81,0.569,0.296,2.676,1968,3,180,0,keskin_bicakx2 bereketli_toprakx2 yikim_gucux3 kivilcimx1 cifte_akimx1 genis_savurusx1,113,0,65,80,240,81,150,0,2,2,4,cifte_akim@R23,183,183,0,129,129,0,0,20,0,0,0.432,417.892,16.477,689,0,966,0,0,4974,0,0,3,25,25,4855,7,0,2,0,33000,0,9,65,65.167,2.311,3.006,2.21,,,1.468,694,0,0,0,0,,0.985,0,0,0,0,0,0,0,0,0,0,0,0,0,0,0,0,0,0,0,1.404,2.848,9.561,0.073,0,kalabalik
9,Run50_AlphaDengeV1,Elektrik yolu,bahcivan,standart,100,taban,36,,,998,253,401,0,0,344,275,277,239,162,45,28766,83444,1,28766,1,5665,3332,1145,22034,14871,9064,80034,83,6,117.04,1.563,2.197,1.62,2.198,12,0.383,2,40,11.9,1,1,1.07,1.08,1,100,99,90,90,94,0,0,0.27,0.29,0,20,81,0.605,0.309,2.662,1978,4,184,0,keskin_bicakx2 bereketli_toprakx2 yikim_gucux3 kivilcimx1 cifte_akimx1 genis_savurusx1,112,0,65,82,246,81,159,0,2,2,4,cifte_akim@R23,137,137,0,124,116,0,0,10,0,0,0.469,442.554,15.354,629,0,969,0,0,18008,0,0,3,25,25,4855,7,0,2,0,35000,0,9,65,65.167,3.19,4.973,2.578,,,2.619,664,0,0,0,0,,0.943,0,0,0,0,0,0,0,0,0,0,0,0,0,0,0,0,0,0,0,1.428,2.808,16.675,0.08,0,kalabalik
9,Run50_AlphaDengeV1,Elektrik yolu,bahcivan,standart,100,taban,37,,,1212,346,497,0,0,369,374,362,247,186,43,33857,33857,1,0,0,6875,3594,1175,23989,17765,10239,97835,86,9,124.44,1.563,2.197,1.134,2.198,12,0.383,2,57,11.53,1,1,1.03,1.08,1,100,100,94,91,88,0,0,0.15,1.28,0,20,81,0.523,0.235,2.655,1983,4,188,0,keskin_bicakx2 bereketli_toprakx2 yikim_gucux3 kivilcimx1 cifte_akimx1 genis_savurusx1 firtina_bilegix1,126,0,65,85,255,81,165,0,2,2,4,cifte_akim@R23,172,172,0,145,139,0,0,2,0,0,0.457,520.877,18.646,727,0,1071,0,0,6843,0,0,3,25,25,6155,7,0,2.0667,0,39000,0,6,65,65.167,2.43,3.934,1.823,,,1.865,752,0,0,0,0,,0.958,0,0,0,0,0,0,0,0,0,0,0,0,0,0,0,0,0,0,0,1.551,3.252,14.002,0.095,0,kalabalik
9,Run50_AlphaDengeV1,Elektrik yolu,bahcivan,standart,100,taban,38,,,1290,362,520,0,0,408,389,367,280,190,64,40134,73991,1,0,0,7375,4253,1742,30984,20318,11841,104922,88,6,134.6,1.563,2.197,1.1,2.198,12,0.4,2,59,11.66,1,1,1.07,1.07,1.06,100,100,92,92,83,0,0,0.38,0.38,0.14,20,81,0.523,0.173,2.536,2076,3,191,0,keskin_bicakx2 bereketli_toprakx2 yikim_gucux3 kivilcimx1 cifte_akimx1 genis_savurusx1 firtina_bilegix1,129,0,65,87,261,81,171,3,2,2,4,cifte_akim@R23,196,194,2,146,141,0,0,12,0,0,0.617,617.446,19.846,787,0,1163,0,0,32765,0,0,3,25,25,6155,7,0,2.0667,0,41000,0,9,65,65.167,2.031,2.583,1.833,,,1.724,811,0,0,0,0,,0.95,0,0,0,0,0,0,0,0,0,0,0,0,0,0,0,0,0,0,0,1.566,3.221,19.715,0.095,0,kalabalik
9,Run50_AlphaDengeV1,Elektrik yolu,bahcivan,standart,100,taban,39,,,1434,394,555,0,0,485,434,384,328,212,76,45524,119515,1,0,0,8360,5600,2016,32744,25148,13857,117600,91,9,157.23,1.563,2.197,1.1,2.198,12,0.4,2,59,11.92,1,1,1,1.04,1.09,100,100,99,94,90,0,0,0,0.12,0.25,20,81,0.536,0.284,2.363,2228,4,195,0,keskin_bicakx2 bereketli_toprakx2 yikim_gucux3 kivilcimx1 cifte_akimx1 genis_savurusx1 firtina_bilegix1,138,0,65,90,270,81,171,9,2,2,4,cifte_akim@R23,212,210,2,151,150,0,0,16,0,0,0.519,700.369,22.062,890,0,1362,0,0,23365,0,0,3,25,25,7555,7,0,2.1333,0,45000,0,6,65,65.167,1.684,2.079,1.508,,,1.692,898,0,0,0,0,,0.97,0,0,0,0,0,0,0,0,0,0,0,0,0,0,0,0,0,0,0,1.609,3.343,9.509,0.096,0,kalabalik
9,Run50_AlphaDengeV1,Elektrik yolu,bahcivan,standart,100,taban,40,,,1299,352,465,0,0,482,387,335,300,213,64,41864,161379,1,41864,1,7822,5082,2374,40146,28330,16076,110824,93,6,169.81,1.563,2.197,1.014,2.198,12,0.417,2,64,9,1,1,1.03,1.09,1.04,100,100,96,89,94,0,0,0.08,0.3,0.32,20,81,0.641,0.321,1.875,2809,3,198,0,keskin_bicakx2 bereketli_toprakx2 yikim_gucux3 kivilcimx1 cifte_akimx1 genis_savurusx1 firtina_bilegix1,125,0,65,92,276,81,171,18,2,2,4,cifte_akim@R23,183,180,3,147,146,0,0,4,0,0,0.679,644.062,19.985,801,0,1473,0,0,43189,0,0,3,25,25,7555,7,0,2.1333,0,48000,0,9,65,65.167,3.153,5.897,2.119,,,2.2,811,0,0,0,0,,0.978,0,0,0,0,0,0,0,0,0,0,0,0,0,0,0,0,0,0,0,1.545,3.22,16.104,0.087,0,kalabalik
9,Run50_AlphaDengeV1,Elektrik yolu,bahcivan,standart,100,taban,41,,,1694,461,620,0,0,613,457,469,461,230,77,50256,50256,1,0,0,12124,8556,3000,44970,36886,18926,154265,96,9,179.35,2.5,2.197,1.014,2.198,12,0.417,2.111,64,11.84,1,1,1,1,1,100,100,100,100,100,0,0,0,0,0,20,81,0.576,0.284,1.714,3072,4,202,0,keskin_bicakx2 bereketli_toprakx2 yikim_gucux3 kivilcimx1 cifte_akimx1 genis_savurusx1 firtina_bilegix1 canavar_kesimix1,151,0,65,95,285,81,171,24,2,2,4,cifte_akim@R23,238,234,4,188,186,0,0,14,0,0,0.457,773.169,26.062,1047,0,2615,0,0,49454,0,0,3,25,25,9055,7,1,2.288,0.04,52000,0,6,65,65.167,1.771,2.3,1.594,,,1.452,1060,0,0,0,0,,0.992,0,0,0,0,0,0,0,0,0,0,0,0,0,0,0,0,0,0,0,1.689,3.565,9.33,0.104,0,kalabalik
9,Run50_AlphaDengeV1,Elektrik yolu,bahcivan,standart,100,taban,42,,,2114,585,706,0,0,823,647,599,483,292,93,58690,108946,1,0,0,17344,11915,3673,61454,48812,20509,187206,100,12,205.64,2.5,2.197,0.843,2.198,12,0.433,2.111,77,11.99,1,1,1,1,1,100,100,100,100,100,0,0,0,0,0,28,121,0.596,0.248,1.905,4128,3,205,16,keskin_bicakx2 bereketli_toprakx2 yikim_gucux3 kivilcimx1 cifte_akimx1 genis_savurusx1 firtina_bilegix1 canavar_kesimix1,194,0,65,99,297,81,171,33,2,2,4,cifte_akim@R23,280,276,4,271,271,0,0,14,0,0,0.471,902.923,32.523,1258,0,3007,0,0,18660,0,0,3,25,25,9055,7,1,2.288,0.04,58000,0,9,65,65.167,2.082,3.395,1.505,,,1.922,1258,0,0,0,0,,1,0,0,0,0,0,0,0,0,0,0,0,0,0,0,0,0,0,0,0,1.961,4.19,10.167,0.132,1,kalabalik
9,Run50_AlphaDengeV1,Elektrik yolu,bahcivan,standart,100,taban,43,,,2155,572,718,0,0,865,623,577,509,329,117,67970,176916,1,67970,1,18292,11489,4709,75646,60301,25023,196664,103,9,216.58,2.5,2.197,0.843,2.198,12,0.433,2.222,77,11.97,1,1,1,1.01,1,100,100,100,98,94,0,0,0,0.06,0,28,121,0.589,0.339,1.87,4207,2,207,0,keskin_bicakx2 bereketli_toprakx2 yikim_gucux3 kivilcimx1 cifte_akimx1 genis_savurusx1 firtina_bilegix1 canavar_kesimix1,183,0,65,102,306,93,171,33,2,2,4,cifte_akim@R23,288,285,3,306,303,0,0,20,0,0,0.603,1045.692,33.154,1280,0,3344,0,0,35324,0,0,3,30,30,9055,7,1,2.288,0.04,63000,0,12,65,65.167,2.079,3.452,1.544,,,1.74,1305,0,0,0,0,,0.987,0,0,0,0,0,0,0,0,0,0,0,0,0,0,0,0,0,0,0,1.991,4.168,11.381,0.134,0,kalabalik
9,Run50_AlphaDengeV1,Elektrik yolu,bahcivan,standart,100,taban,44,,,2124,596,698,0,0,830,634,561,488,321,120,70200,70200,1,0,0,18073,11545,4642,90999,71846,29665,202162,106,9,216.58,2.5,2.197,0.843,2.198,12,0.45,2.972,77,11.95,1,1,1,1,1,100,100,100,100,100,0,0,0,0,0,28,121,0.592,0.38,1.87,4207,2,209,0,keskin_bicakx2 bereketli_toprakx2 yikim_gucux3 kivilcimx1 cifte_akimx1 genis_savurusx1 firtina_bilegix1 canavar_kesimix1 agir_darbex1,186,0,65,105,315,102,171,33,2,2,4,cifte_akim@R23,289,282,7,311,305,0,0,14,0,0,0.545,1080,32.677,1223,0,4481,0,0,42486,0,0,3,33,33,9055,9,1,2.288,0.04,69000,0,9,65,65.167,2.163,3.566,1.624,,,1.569,1245,0,0,0,0,,0.989,0,0,0,0,0,0,0,0,0,0,0,0,0,0,0,0,0,0,0,2.008,4.316,19.409,0.127,0,kalabalik
9,Run50_AlphaDengeV1,Elektrik yolu,bahcivan,standart,100,taban,45,,,2187,562,703,0,0,922,638,564,530,358,97,67584,137784,1,0,0,17136,12400,4394,108135,84246,33819,209334,109,9,216.58,2.5,2.197,0.843,2.198,12,0.45,3.083,77,11.97,1,1,1,1,1,100,100,100,100,98,0,0,0,0,0,28,121,0.606,0.397,1.797,4376,1,210,0,keskin_bicakx2 bereketli_toprakx2 yikim_gucux3 kivilcimx1 cifte_akimx1 genis_savurusx1 firtina_bilegix1 canavar_kesimix1 agir_darbex1,190,0,65,108,324,111,171,33,2,2,4,cifte_akim@R23,322,317,5,335,331,0,0,20,0,0,0.57,1039.754,33.646,1294,0,6548,0,0,40820,0,0,3,37,37,9055,10,1,2.288,0.04,74000,0,9,65,65.167,2.092,3.352,1.689,,,1.517,1308,0,0,0,0,,0.996,0,0,0,0,0,0,0,0,0,0,0,0,0,0,0,0,0,0,0,2.026,4.195,13.339,0.144,0,kalabalik
9,Run50_AlphaDengeV1,Elektrik yolu,bahcivan,standart,100,taban,46,,,1743,548,551,0,0,644,515,450,444,250,84,54965,192749,1,54965,1,14764,10385,3619,120499,94631,37438,159878,111,6,216.58,2.5,2.197,0.843,2.198,12,0.45,3.083,77,11.9,1,1,1,1,1.14,100,100,100,100,91,0,0,0,0,0.76,28,121,0.564,0.256,1.715,4586,1,211,0,keskin_bicakx2 bereketli_toprakx2 yikim_gucux3 kivilcimx1 cifte_akimx1 genis_savurusx1 firtina_bilegix1 canavar_kesimix1 agir_darbex1,160,0,65,110,330,120,171,33,2,2,4,cifte_akim@R23,364,358,6,211,204,0,0,14,0,0,0.521,845.615,26.815,991,0,6528,0,0,50698,0,0,3,40,40,9055,11,1,2.288,0.04,78000,0,9,65,65.167,2.412,2.89,1.994,,,3.162,1008,0,0,0,0,,0.988,0,0,0,0,0,0,0,0,0,0,0,0,0,0,0,0,0,0,0,1.966,3.889,248.214,0.122,0,kalabalik
9,Run50_AlphaDengeV1,Elektrik yolu,bahcivan,standart,100,taban,47,,,2359,641,768,0,0,950,655,644,589,347,124,75394,75394,1,0,0,18871,13845,5174,139370,108476,42322,231444,114,9,216.58,2.5,2.197,0.717,2.198,12,0.45,3.194,90,11.79,1,1,1,1,1.02,100,100,100,99,97,0,0,0,0,0.05,28,121,0.573,0.322,1.715,4586,1,212,0,keskin_bicakx2 bereketli_toprakx2 yikim_gucux3 kivilcimx1 cifte_akimx1 genis_savurusx1 firtina_bilegix1 canavar_kesimix1 agir_darbex1 hizli_bilekx1,230,0,65,113,339,121,176,33,2,2,4,cifte_akim@R23,402,402,0,370,363,0,0,42,0,0,0.628,1159.908,36.292,1355,0,6761,0,0,42142,0,0,3,40,40,9055,11,1,2.288,0.04,84000,0,6,65,65.167,1.919,2.991,1.583,,,1.28,1379,0,0,0,0,,0.99,0,0,0,0,0,0,0,0,0,0,0,0,0,0,0,0,0,0,0,2.105,4.29,63.535,0.15,0,kalabalik
9,Run50_AlphaDengeV1,Elektrik yolu,bahcivan,standart,100,taban,48,,,2358,646,743,0,0,969,701,657,548,354,98,68245,143639,1,0,0,19024,12427,4852,158394,120903,47174,224829,117,9,216.58,2.5,2.197,0.717,2.198,12,0.45,3.194,90,11.78,1,1,1,1.01,1.03,100,100,100,99,96,0,0,0,0.15,0.06,28,121,0.578,0.314,1.715,4586,0,212,0,keskin_bicakx2 bereketli_toprakx2 yikim_gucux3 kivilcimx1 cifte_akimx1 genis_savurusx1 firtina_bilegix1 canavar_kesimix1 agir_darbex1 hizli_bilekx1,227,0,65,116,348,121,185,33,2,2,4,cifte_akim@R23,409,409,0,384,365,0,0,46,0,0,0.496,1049.923,36.277,1347,0,7253,0,0,8971,0,0,3,40,40,9055,11,1,2.288,0.04,90000,0,9,65,65.167,1.912,2.891,1.589,,,1.372,1398,0,0,0,0,,0.97,0,0,0,0,0,0,0,0,0,0,0,0,0,0,0,0,0,0,0,1.988,4.253,11.456,0.143,0,kalabalik
9,Run50_AlphaDengeV1,Elektrik yolu,bahcivan,standart,100,taban,49,,,2399,629,760,0,0,1010,709,601,574,396,119,76349,219988,1,0,0,18632,13878,5563,177026,134781,52407,232732,119,6,216.58,2.5,2.197,0.717,2.198,12,0.45,3.306,90,11.77,1,1,1,1.02,1,100,100,100,97,96,0,0,0,0.12,0,28,121,0.583,0.331,1.687,4663,1,213,0,keskin_bicakx2 bereketli_toprakx2 yikim_gucux3 kivilcimx1 cifte_akimx1 genis_savurusx1 firtina_bilegix1 canavar_kesimix1 agir_darbex1 hizli_bilekx1,238,0,65,118,354,121,194,33,2,2,4,cifte_akim@R23,419,419,0,453,422,0,0,46,0,0,0.669,1174.6,36.908,1348,0,7991,0,0,59703,0,0,3,40,40,9055,11,1,2.288,0.04,94000,0,9,65,65.167,1.781,2.74,1.467,,,1.354,1427,0,0,0,0,,0.962,0,0,0,0,0,0,0,0,0,0,0,0,0,0,0,0,0,0,0,2.057,4.317,17.191,0.148,0,kalabalik
9,Run50_AlphaDengeV1,Elektrik yolu,bahcivan,standart,100,taban,50,,,2015,528,622,0,0,865,587,566,451,324,87,60858,280846,1,60858,1,17117,10984,3943,194143,145765,56350,195527,121,6,216.58,2.5,2.197,0.717,2.198,12,0.45,3.306,90,8.99,1,1,1,1.01,1.11,100,100,100,96,83,0,0,0,0.07,0.68,28,121,0.641,0.38,1.659,4741,0,213,0,keskin_bicakx2 bereketli_toprakx2 yikim_gucux3 kivilcimx1 cifte_akimx1 genis_savurusx1 firtina_bilegix1 canavar_kesimix1 agir_darbex1 hizli_bilekx1,202,0,65,120,360,121,200,33,2,2,4,cifte_akim@R23,323,323,0,366,339,0,0,14,0,0,0.628,936.277,31,1148,0,8179,0,0,64230,0,0,3,40,40,9055,11,1,2.288,0.04,99000,0,6,65,65.167,2.784,4.845,2.106,,,1.867,1222,0,0,0,0,,0.95,0,0,0,0,0,0,0,0,0,0,0,0,0,0,0,0,0,0,0,1.871,3.887,19.664,0.124,0,kalabalik
9,Run50_AlphaDengeV1,Elektrik yolu,bahcivan,standart,100,taban,50,KAZANDI
10,Run50_AlphaDengeV1,Elektrik yolu,bahcivan,standart,101,taban,1,,,13,13,0,0,0,0,12,1,0,0,0,15,15,1,0,0,28,0,0,28,0,0,270,1,0,10,1,1,3,0.9,4,0.3,2,12,2.25,2,3,,,,17,0,,,,3,6,,,,2,4,0.339,0,8,23,0,0,2,,4,0.351,45,0,0,0,0,0,0,0,0,,0,0,0,0,0,0,0,0,0,0,0.75,0.333,0.289,0,0,22,0,0,270,0,0,0,0,0,0,0,0,1,0,390,0,0,45,45.133,4.426,4.426,,,,,0,0,0,0,0,,,0,0,0,0,0,0,0,0,0,0,0,0,0,0,0,0,0,0,0,0.546,1.15,3.732,0.018,0,kalabalik
10,Run50_AlphaDengeV1,Elektrik yolu,bahcivan,standart,101,taban,2,,,15,15,0,0,0,0,11,3,1,0,0,30,45,1,0,0,34,4,0,37,4,0,350,2,3,10.67,1,1,3,0.9,4,0.3,2,13,2.85,2.09,2,3,,,0,0,0,,,3.27,3,12,,,3,5,0.479,0,8,28,1,1,1,,5,0.111,45,1,3,0,0,0,0,0,0,,0,0,0,0,0,0,0,0,0,0,0.6,0.667,0.333,0,0,24,0,0,230,0,0,0,0,0,0,0,0,1,0,410,0,0,45,45.133,5.562,5.562,,,,,0,0,0,0,0,,,0,0,0,0,0,0,0,0,0,0,0,0,0,0,0,0,0,0,0,0.568,1.194,3.312,0.017,0,kalabalik
10,Run50_AlphaDengeV1,Elektrik yolu,bahcivan,standart,101,taban,3,,,9,9,0,0,0,0,8,1,0,0,0,11,56,1,11,1,20,0,0,23,4,0,204,3,3,11.33,1,1,3,0.9,4,0.3,2,9,2,2,1,,,,0,,,,,4.5,0,,,,4,6,0.221,0,8,34,2,3,1,,4,0.421,45,2,6,3,0,0,2,2,0,,0,0,0,0,0,0,0,0,0,0,0.333,0.244,0.2,0,0,22,0,0,24,0,0,3,1,1,0,1,0,1,0,420,0,3,45,45.133,9.052,9.052,,,,,0,0,0,0,0,,,0,0,0,0,0,0,0,0,0,0,0,0,0,0,0,0,0,0,0,0.548,1.099,5.302,0.015,0,kalabalik
10,Run50_AlphaDengeV1,Elektrik yolu,bahcivan,standart,101,taban,4,,,21,21,0,0,0,0,16,4,1,0,0,38,38,1,0,0,48,4,0,51,8,0,539,4,3,11.33,1,1,3,0.9,4,0.3,2,14,2.86,1.63,2.25,4,,,31,0,0,,,4.69,6.75,12,,,5,7,0.622,0.286,6.164,51,0,3,1,bereketli_toprakx1,4,0,45,3,9,6,0,0,2,2,0,,0,0,0,0,0,0,0,0,0,0,0.571,0.844,0.467,0,0,28,0,0,143,0,0,3,1,1,0,1,0,1,0,440,0,3,45,45.133,8.9,8.9,,,,,0,0,0,0,0,,,0,0,0,0,0,0,0,0,0,0,0,0,0,0,0,0,0,0,0,0.593,1.247,5.795,0.017,0,kalabalik
10,Run50_AlphaDengeV1,Elektrik yolu,bahcivan,standart,101,taban,5,,,20,18,0,0,0,2,14,5,1,0,0,39,77,1,0,0,48,4,0,52,12,0,545,5,3,12,1,1,2.892,0.9,4,0.3,2,15,3.13,1.92,2.4,3,,,14,0,0,,,4.34,8.11,14.47,,,6,8,0.659,0.375,5.915,61,4,7,1,bereketli_toprakx1,4,0,45,4,12,9,0,0,2,2,5,,0,0,0,0,0,0,0,0,0,0,0.75,0.867,0.444,2,0,30,0,0,248,0,0,3,2,1,6,1,0,1.0667,0,470,0,3,45,45.133,10.998,9.996,20.017,,,,2,0,0,0,0,,0.04,0,0,0,0,0,0,0,0,0,0,0,0,0,0,0,0,0,0,0,0.629,1.251,5.161,0.017,0,kalabalik
10,Run50_AlphaDengeV1,Elektrik yolu,bahcivan,standart,101,taban,6,,,22,21,0,0,0,1,11,10,0,1,0,71,148,1,71,1,62,0,2,64,12,2,709,6,3,12,1,1,2.892,0.9,4,0.3,2,19,3.47,2.2,2.9,,6,,0,0,,0,,6.95,14.19,,26.03,,7,9,0.758,0.556,6.017,82,1,8,1,bereketli_toprakx1,4,0,55,5,15,9,3,0,2,2,5,,0,0,0,0,0,0,0,0,0,0,0.556,1.291,0.4,1,0,30,0,0,487,0,0,3,2,2,6,1,0,1.0667,0,490,0,3,55,55.133,16.774,16.313,26.467,,,,2,0,0,0,0,,0.111,0,0,0,0,0,0,0,0,0,0,0,0,0,0,0,0,0,0,0,0.628,1.291,4.491,0.019,0,kalabalik
10,Run50_AlphaDengeV1,Elektrik yolu,bahcivan,standart,101,taban,7,,,30,30,0,0,0,0,21,5,3,1,0,96,96,1,0,0,67,12,2,73,24,4,868,8,6,13.33,1,1,2.37,0.9,4,0.3,2,23,3.26,1.95,2.4,3.33,4,,22,0,0,,,4.52,9,17.38,11.83,,7,9,0.635,0.222,5.87,84,6,14,0,bereketli_toprakx1 hizli_bilekx1,6,0,55,7,21,12,3,0,2,2,5,,0,0,0,0,0,0,0,0,0,0,0.556,1.745,0.545,0,0,32,0,0,345,0,0,3,3,2,6,1,0,1.0667,0,560,0,3,55,55.133,10.168,10.168,,,,,0,0,0,0,0,,,0,0,0,0,0,0,0,0,0,0,0,0,0,0,0,0,0,0,0,0.672,1.435,6.94,0.018,0,kalabalik
10,Run50_AlphaDengeV1,Elektrik yolu,bahcivan,standart,101,taban,8,,,37,37,0,0,0,0,30,5,2,0,0,65,161,1,0,0,85,8,0,85,32,4,1006,10,6,14,1,1,2.37,0.9,4,0.3,2,23,3.43,1.8,2.6,2.5,,,21,0,0,,,4.03,7.1,8.28,,,8,10,0.606,0.3,5.8,95,3,17,1,bereketli_toprakx1 hizli_bilekx1,7,0,55,9,27,18,3,0,2,2,5,,0,0,0,0,0,0,0,0,0,0,0.7,1.182,0.673,0,0,40,0,0,191,0,0,3,5,3,6,1,0,1.0667,0,640,0,6,55,55.133,8.792,8.792,,,,,1,0,0,0,0,,,0,0,0,0,0,0,0,0,0,0,0,0,0,0,0,0,0,0,0,0.672,1.356,6.484,0.021,0,kalabalik
10,Run50_AlphaDengeV1,Elektrik yolu,bahcivan,standart,101,taban,9,,,38,37,0,0,0,1,28,10,0,0,0,58,219,1,0,0,106,0,0,113,32,4,993,11,3,14.67,1,1,2.286,0.9,4,0.3,2,24,3.75,2,2.22,,,,10,0,,0,,6.28,3.81,,,,9,12,0.642,0.333,5.857,113,3,20,1,bereketli_toprakx1 hizli_bilekx1,8,0,55,10,30,24,3,0,2,2,5,,0,0,0,0,0,0,0,0,0,0,0.833,1.055,0.691,1,0,38,0,0,544,0,0,3,7,4,6,1,0,1.0667,0,700,0,6,55,55.133,9.935,10.066,5.1,,,,1,0,0,0,0,,0.244,0,0,0,0,0,0,0,0,0,0,0,0,0,0,0,0,0,0,0,0.683,1.323,6.722,0.019,0,kalabalik
10,Run50_AlphaDengeV1,Elektrik yolu,bahcivan,standart,101,taban,10,,,35,32,0,0,0,3,25,8,1,1,0,89,308,1,89,1,115,4,2,115,36,6,1024,13,6,15.64,1,1,2.204,0.9,4,0.3,2,24,2.88,1.74,2,4,2,,23,0,0,,,4.5,8.19,19.83,2.2,,10,14,0.503,0.214,5.72,135,5,25,1,bereketli_toprakx1 hizli_bilekx1,8,0,55,12,36,25,5,0,2,2,5,,0,0,0,0,0,0,0,0,0,0,0.5,1.618,0.636,3,0,42,0,0,118,0,0,3,8,6,14,1,0,1.1333,0,810,0,3,55,55.133,11.804,12.096,8.689,,,,4,0,0,0,0,,0.347,0,0,0,0,0,0,0,0,0,0,0,0,0,0,0,0,0,0,0,0.702,1.411,5.415,0.019,0,kalabalik
10,Run50_AlphaDengeV1,Elektrik yolu,bahcivan,standart,101,taban,11,,,54,50,2,0,0,2,32,14,8,0,0,154,154,1,0,0,166,32,0,171,68,6,1717,15,6,15.64,1.25,1,2.204,0.9,4,0.3,2,29,4,1.57,2.17,3.25,,,29,15,0,0,,4.33,8.26,12.94,,,12,19,0.753,0.368,5.623,220,0,25,2,bereketli_toprakx1 hizli_bilekx1 keskin_bicakx1,10,0,65,14,42,25,11,0,2,2,5,,0,0,0,0,0,0,0,0,0,0,0.737,2.369,0.831,4,0,52,0,0,145,0,0,3,8,8,14,1,0,1.1333,0,950,0,6,65,65.167,12.593,12.515,13.567,,,,7,0,0,0,0,,0.289,0,0,0,0,0,0,0,0,0,0,0,0,0,0,0,0,0,0,0,0.823,1.633,8.218,0.023,0,kalabalik
10,Run50_AlphaDengeV1,Elektrik yolu,bahcivan,standart,101,taban,12,,,76,65,0,0,0,11,57,11,6,2,0,210,364,1,0,0,226,24,4,226,62,10,2395,17,6,18.13,1.25,1,2.048,0.9,4,0.3,2,31,4,1.51,2,2.33,,,35,20,0,0,,3.8,7.58,9.91,,,13,20,0.684,0.45,5.383,242,10,35,1,bereketli_toprakx1 hizli_bilekx1 keskin_bicakx1,11,0,65,16,48,25,17,0,2,2,5,,0,0,0,0,0,0,0,0,0,0,0.65,3.231,1.169,11,0,68,0,0,590,0,0,3,8,8,36,1,0,1.2667,0,1100,0,6,65,65.167,11.563,12.036,8.767,,,,24,0,0,0,0,,0.244,0,0,0,0,0,0,0,0,0,0,0,0,0,0,0,0,0,0,0,0.875,1.709,12.261,0.024,0,kalabalik
10,Run50_AlphaDengeV1,Elektrik yolu,bahcivan,standart,101,taban,13,,,63,58,0,0,0,5,44,11,7,1,0,177,541,1,177,1,198,28,2,214,65,12,2063,19,6,18.13,1.25,1,2.048,0.9,4,0.3,2,31,3.97,1.69,1.78,2.5,2,,21,9,0,0,,6.44,5.46,15.71,26.63,,15,25,0.786,0.52,5.466,297,3,38,2,bereketli_toprakx1 hizli_bilekx1 keskin_bicakx1,11,0,65,18,54,31,17,0,2,2,5,,0,0,0,0,0,0,0,0,0,0,0.84,2.723,0.969,5,0,64,0,0,353,0,0,3,11,10,36,2,0,1.2667,0,1300,0,6,65,65.167,16.157,15.802,20.273,,,,20,0,0,0,0,,0.168,0,0,0,0,0,0,0,0,0,0,0,0,0,0,0,0,0,0,0,0.726,1.363,4.911,0.023,0,kalabalik
10,Run50_AlphaDengeV1,Elektrik yolu,bahcivan,standart,101,taban,14,,,78,63,4,0,0,11,57,15,4,2,0,220,220,1,0,0,261,16,4,294,56,16,2445,21,6,19.2,1.25,1,1.975,0.935,4,0.3,2,32,4,1.52,1.56,2.67,2,,27,31,0,0,,5.29,7.24,19.09,25.67,,17,31,0.788,0.613,5.394,374,6,44,2,bereketli_toprakx1 hizli_bilekx1 keskin_bicakx1 kivilcimx1,12,0,65,20,60,37,17,0,2,2,5,,0,0,0,0,0,0,0,0,0,0,0.742,3.385,1.2,15,0,66,0,0,98,0,0,3,14,11,36,2,0,1.2667,0,1500,0,6,65,65.167,16.697,17.314,14.107,,,,35,0,0,0,0,,0.258,0,0,0,0,0,0,0,0,0,0,0,0,0,0,0,0,0,0,0,0.812,1.56,8.791,0.026,0,kalabalik
10,Run50_AlphaDengeV1,Elektrik yolu,bahcivan,standart,101,taban,15,,,136,67,40,0,0,29,87,31,12,5,1,602,822,1,0,0,447,60,18,457,91,34,6348,24,9,20.27,1.25,1,1.836,0.97,4,0.3,2,35,3.97,1.18,1.82,1.83,2,3,57,7,22,25,0,0.87,6.05,8.87,5.13,47.73,16,33,0.685,0.455,4.981,431,12,56,2,bereketli_toprakx1 hizli_bilekx1 keskin_bicakx1 kivilcimx1,19,0,65,23,69,43,17,0,2,2,5,,0,0,0,0,0,0,0,0,0,0,0.545,9.262,2.092,69,0,119,0,0,1446,0,0,3,15,12,84,4,0,1.4667,0,1900,0,6,65,65.167,9.469,12.097,6.917,,,,111,0,0,0,0,,0.563,0,0,0,0,0,0,0,0,0,0,0,0,0,0,0,0,0,0,0,0.942,1.808,9.319,0.031,0,kalabalik
10,Run50_AlphaDengeV1,Elektrik yolu,bahcivan,standart,101,taban,16,,,184,107,54,0,0,23,113,40,19,11,1,1103,1925,1,1103,1,579,115,22,586,146,56,8390,28,12,24.3,1.25,1,1.836,1.005,6,0.3,2,35,5.89,1.17,1.76,1.62,1.5,,73,28,32,29,0,1.75,5.14,4.1,2.14,,20,45,0.538,0.289,4.872,600,5,61,5,bereketli_toprakx1 hizli_bilekx1 keskin_bicakx1 kivilcimx1,26,0,65,27,81,49,20,0,2,2,5,,0,0,0,0,0,0,0,0,0,0,0.711,16.969,2.831,77,0,150,0,0,1236,0,0,3,20,18,84,4,0,1.4667,0,2600,0,9,65,65.167,11.541,17.094,3.825,,,,142,0,0,0,0,,0.583,0,0,0,0,0,0,0,0,0,0,0,0,0,0,0,0,0,0,0,1.032,1.971,16.064,0.035,0,kalabalik
10,Run50_AlphaDengeV1,Elektrik yolu,bahcivan,standart,101,taban,17,,,185,106,45,0,0,34,107,41,28,6,3,1109,1109,1,0,0,612,180,12,677,288,48,9715,31,9,25.51,1.25,1,1.836,1.075,6,0.3,2,35,6,1.34,1.48,1.65,1.75,1.33,51,33,5,0,0,1.81,1.76,4.65,7.34,1.22,19,49,0.716,0.449,4.785,666,7,68,6,bereketli_toprakx1 hizli_bilekx1 keskin_bicakx1 kivilcimx2,28,0,65,30,90,49,32,0,2,2,5,,0,0,0,0,0,0,0,0,0,0,0.776,17.062,2.846,79,0,178,0,0,2551,0,0,3,20,20,125,4,0,1.6,0,3200,0,12,65,65.167,10.519,10.442,10.622,,,,189,0,0,0,0,,0.284,0,0,0,0,0,0,0,0,0,0,0,0,0,0,0,0,0,0,0,0.928,1.85,6.972,0.038,0,kalabalik
10,Run50_AlphaDengeV1,Elektrik yolu,bahcivan,standart,101,taban,18,,,223,110,75,0,0,38,124,53,36,7,3,1347,2456,1,0,0,735,238,24,812,293,52,11592,35,12,29.99,1.25,1,1.778,1.075,6,0.3,2,36,6,1.24,1.33,1.48,1.8,2,63,67,22,33,0,1.29,2.07,4.41,14.93,4.73,18,49,0.683,0.469,4.61,691,7,75,1,bereketli_toprakx1 hizli_bilekx1 keskin_bicakx1 kivilcimx2,27,0,65,34,102,49,41,0,2,2,5,,0,0,0,0,0,0,0,0,0,0,0.673,20.723,3.431,113,0,272,0,0,43,0,0,3,20,20,125,4,0,1.6,0,4100,0,9,65,65.167,10.082,12.169,8.051,,,,203,0,0,0,0,,0.459,0,0,0,0,0,0,0,0,0,0,0,0,0,0,0,0,0,0,0,1.048,2.068,7.859,0.041,0,kalabalik
10,Run50_AlphaDengeV1,Elektrik yolu,bahcivan,standart,101,taban,19,,,248,131,81,0,0,36,117,74,36,16,5,2206,4662,1,0,0,930,239,42,977,302,74,13516,38,9,34.76,1.25,1,1.722,1.11,6,0.3,2,37,5.97,1.11,1.12,1.64,1.7,2,86,83,37,0,14,0.72,0.74,3.06,6.55,5.6,17,49,0.649,0.347,4.526,704,7,82,1,bereketli_toprakx1 hizli_bilekx1 keskin_bicakx1 kivilcimx2,32,0,65,37,111,49,53,0,2,2,5,,0,0,0,0,0,0,0,0,0,0,0.755,33.938,3.815,117,0,336,0,0,359,0,0,3,20,20,125,4,0,1.6,0,5000,0,12,65,65.167,8.703,10.733,6.431,,,,228,0,0,0,0,,0.455,0,0,0,0,0,0,0,0,0,0,0,0,0,0,0,0,0,0,0,0.958,1.829,7.559,0.043,0,kalabalik
10,Run50_AlphaDengeV1,Elektrik yolu,bahcivan,standart,101,taban,20,,,247,132,70,0,0,45,108,64,50,19,6,2529,7191,1,2529,1,852,400,68,969,659,122,14780,40,6,39.82,1.25,1,1.668,1.145,6,0.3,2,38,6,1.02,1.33,1.52,1.58,1.5,93,64,41,36,0,0.06,1.26,3.33,3.06,3.33,16,49,0.689,0.347,4.494,709,7,89,1,bereketli_toprakx1 hizli_bilekx1 keskin_bicakx1 kivilcimx2,40,0,65,39,117,49,62,0,2,2,5,,0,0,0,0,0,0,0,0,0,0,0.776,38.908,3.8,115,0,358,0,0,4839,0,0,3,20,20,125,4,0,1.6,0,5600,0,9,65,65.167,7.435,7.859,6.948,,,,247,0,0,0,0,,0.41,0,0,0,0,0,0,0,0,0,0,0,0,0,0,0,0,0,0,0,1.032,2.029,6.115,0.04,0,kalabalik
10,Run50_AlphaDengeV1,Elektrik yolu,bahcivan,standart,101,taban,21,,,294,137,79,0,0,78,136,75,50,25,8,3242,3242,1,0,0,1037,425,108,1066,499,130,17130,43,9,43.38,1.25,1.3,1.668,1.195,6,0.3,2,38,5.97,1.07,1.13,1.25,1.43,1.67,94,68,62,33,14,0.44,0.51,1.6,2.02,3.89,16,51,0.653,0.373,4.366,759,7,96,1,bereketli_toprakx1 hizli_bilekx1 keskin_bicakx1 kivilcimx2 yikim_gucux1,42,0,65,42,126,49,68,0,2,2,5,,0,0,0,0,0,0,0,0,0,0,0.686,49.877,4.523,157,0,378,0,0,4169,0,0,3,20,20,125,4,0,1.6,0,6600,0,6,65,65.167,7.494,8.777,6.375,,,,231,0,0,0,0,,0.716,0,0,0,0,0,0,0,0,0,0,0,0,0,0,0,0,0,0,0,1.058,2.018,7.836,0.042,0,kalabalik
10,Run50_AlphaDengeV1,Elektrik yolu,bahcivan,standart,101,taban,22,,,365,127,129,0,0,109,138,100,73,44,10,5075,8317,1,0,0,1359,592,171,1585,692,221,23677,46,9,43.38,1.25,1.3,1.616,1.265,6,0.3,2,40,6,1.1,1.22,1.41,1.7,1.25,93,68,45,32,33,0.91,2.37,2.56,5.76,0.81,23,81,0.723,0.321,4.307,1223,6,102,14,bereketli_toprakx1 hizli_bilekx1 keskin_bicakx1 kivilcimx2 yikim_gucux1,54,0,65,45,135,58,68,0,2,2,5,,0,0,0,0,0,0,0,0,0,0,0.593,78.077,5.615,238,0,385,0,0,6846,0,0,3,21,21,125,5,0,1.6,0,7800,0,9,65,65.167,8.62,10.035,7.865,,,,373,0,0,0,0,,0.652,0,0,0,0,0,0,0,0,0,0,0,0,0,0,0,0,0,0,0,1.126,2.141,57.466,0.053,0,kalabalik
10,Run50_AlphaDengeV1,Elektrik yolu,bahcivan,standart,101,taban,23,,,367,144,141,0,0,82,162,93,64,34,14,5435,13752,1,5435,1,1559,597,162,1634,729,383,22511,49,9,49.54,1.25,1.3,1.565,1.315,6,0.3,2,41,6,1.04,1.38,1.19,1.29,1.2,93,62,68,71,80,0.17,2.41,2.15,1.79,1.87,23,81,0.584,0.383,4.134,1273,6,108,0,bereketli_toprakx1 hizli_bilekx1 keskin_bicakx1 kivilcimx2 yikim_gucux1,48,0,65,48,144,67,68,0,2,2,5,,0,0,0,0,0,0,0,0,0,0,0.469,83.615,5.646,223,0,246,0,0,4757,0,0,3,22,22,125,7,0,1.6,0,9000,0,9,65,65.167,8.626,13.991,5.162,,,,343,0,0,0,0,,0.695,0,0,0,0,0,0,0,0,0,0,0,0,0,0,0,0,0,0,0,1.199,2.213,13.682,0.055,0,kalabalik
10,Run50_AlphaDengeV1,Elektrik yolu,bahcivan,standart,101,taban,24,,,508,148,248,0,0,112,212,144,85,49,18,8637,8637,1,0,0,2384,772,258,2588,781,641,39437,53,12,56.1,1.25,1.3,1.516,1.365,6,0.3,2,42,6,1,1.31,1.2,1.14,1.75,100,57,58,56,13,0,2.1,1.27,0.65,5.68,23,81,0.659,0.395,4.063,1296,6,114,0,bereketli_toprakx1 hizli_bilekx1 keskin_bicakx1 kivilcimx2 yikim_gucux1 artci_patlamax1,67,0,65,52,156,76,68,0,2,2,5,artci_patlama@R23,50,50,0,202,128,0,0,0,0,0,0.568,132.877,7.815,232,0,523,0,0,5694,0,0,3,24,24,125,7,0,1.6,0,11000,0,9,65,65.167,6.574,6.952,5.725,,,7.675,356,0,0,0,0,,0.664,0,0,0,0,0,0,0,0,0,0,0,0,0,0,0,0,0,0,0,1.341,2.778,14.132,0.055,0,kalabalik
10,Run50_AlphaDengeV1,Elektrik yolu,bahcivan,standart,101,taban,25,,,554,149,303,0,0,102,230,143,97,64,20,11185,19822,1,0,0,2476,936,322,3349,1277,913,46222,57,12,60.05,1.25,1.3,1.516,1.365,6,0.3,2,42,6,1,1.23,1.13,1.21,1,100,62,61,50,38,0,1.41,0.82,0.48,0,23,81,0.641,0.395,3.912,1346,8,122,0,bereketli_toprakx1 hizli_bilekx1 keskin_bicakx1 kivilcimx2 yikim_gucux1 artci_patlamax1,74,0,65,56,168,81,75,0,2,2,5,artci_patlama@R23,70,70,0,233,159,0,0,0,0,0,0.642,172.077,8.523,246,0,543,0,0,3916,0,0,3,27,27,575,8,0,1.6667,0,13000,0,12,65,65.167,5.664,6.98,5.242,,,5.084,380,0,0,0,0,,0.682,0,0,0,0,0,0,0,0,0,0,0,0,0,0,0,0,0,0,0,1.415,2.713,22.1,0.055,0,kalabalik
10,Run50_AlphaDengeV1,Elektrik yolu,bahcivan,standart,101,taban,26,,,700,158,427,0,0,115,276,193,142,72,17,12416,32238,1,12416,1,3130,1368,348,3809,1375,1261,52748,61,12,65.98,1.25,1.3,1.468,1.415,9,0.3,2,44,6,1,1.11,1.13,1.07,1,100,78,68,68,38,0,1.13,0.73,0.29,0,23,81,0.58,0.333,3.704,1422,7,129,0,bereketli_toprakx1 hizli_bilekx1 keskin_bicakx1 kivilcimx2 yikim_gucux1 artci_patlamax1,77,0,65,60,180,81,87,0,2,2,5,artci_patlama@R23,81,81,0,291,219,0,0,0,0,0,0.37,191.015,10.769,323,0,633,0,0,664,0,0,3,27,27,575,8,0,1.6667,0,16000,0,12,65,65.167,5.283,10.216,3.761,,,3.97,467,0,0,0,0,,0.739,0,0,0,0,0,0,0,0,0,0,0,0,0,0,0,0,0,0,0,1.54,2.973,116.059,0.061,0,kalabalik
10,Run50_AlphaDengeV1,Elektrik yolu,bahcivan,standart,101,taban,27,,,752,241,351,0,0,160,287,207,150,73,35,15746,15746,1,0,0,3909,1544,468,6118,1599,1729,60721,64,9,73.42,1.25,1.3,1.468,1.415,9,0.317,2.75,44,8.93,1,1.13,1.13,1.08,1.2,100,85,73,74,67,0,0.72,0.9,0.7,1.08,23,81,0.527,0.123,3.629,1451,6,135,0,bereketli_toprakx1 hizli_bilekx1 keskin_bicakx1 kivilcimx2 yikim_gucux1 artci_patlamax1 agir_darbex1,83,0.008,65,63,189,81,99,0,2,2,5,artci_patlama@R23,96,96,0,251,172,0,0,0,0,0,0.37,242.246,11.569,339,0,994,0,0,12385,0,0,3,27,27,1165,8,0,1.7333,0,18000,0,12,65,65.167,4.698,6.179,4.245,,,3.437,485,0,0,0,0,,0.729,0,0,0,0,0,0,0,0,0,0,0,0,0,0,0,0,0,0,0,1.378,2.725,17.547,0.061,0,kalabalik
10,Run50_AlphaDengeV1,Elektrik yolu,bahcivan,standart,101,taban,28,,,799,235,395,0,0,169,309,200,169,98,23,16110,31856,1,0,0,3560,1680,576,6768,1739,2240,59757,67,9,83.44,1.25,1.3,1.422,1.465,9,0.317,2.75,45,8.96,1,1.06,1.22,1.14,1,100,92,72,76,90,0,0.28,1.11,1.96,0,23,81,0.516,0.284,3.505,1502,7,142,0,bereketli_toprakx1 hizli_bilekx1 keskin_bicakx1 kivilcimx2 yikim_gucux1 artci_patlamax1 agir_darbex1,80,0,65,66,198,81,108,0,2,2,5,artci_patlama@R23,101,101,0,211,164,0,0,0,0,0,0.469,247.846,12.292,400,0,1069,0,0,17142,0,0,3,27,27,1165,8,0,1.7333,0,20000,0,9,65,65.167,3.4,4.993,2.865,,,2.419,473,0,0,0,0,,0.854,0,0,0,0,0,0,0,0,0,0,0,0,0,0,0,0,0,0,0,1.382,2.866,8.12,0.065,0,kalabalik
10,Run50_AlphaDengeV1,Elektrik yolu,bahcivan,standart,101,taban,29,,,768,228,384,0,0,156,312,198,140,86,32,16814,48670,1,0,0,4583,1533,460,9191,2162,2700,63313,70,9,83.44,1.25,1.3,1.422,1.465,9,0.317,2.75,45,8.98,1,1.09,1.14,1.23,1.42,100,76,75,76,50,0,0.9,0.64,2.24,3.08,23,81,0.554,0.309,3.395,1551,6,148,0,bereketli_toprakx1 hizli_bilekx1 keskin_bicakx1 kivilcimx2 yikim_gucux1 artci_patlamax1 agir_darbex1,79,0,65,69,207,81,117,0,2,2,5,artci_patlama@R23,92,92,0,247,174,0,0,0,0,0,0.469,258.677,11.815,366,0,1114,0,0,17455,0,0,3,27,27,1895,8,0,1.8,0,22000,0,9,65,65.167,3.695,5.396,3.078,,,2.762,516,0,0,0,0,,0.717,0,0,0,0,0,0,0,0,0,0,0,0,0,0,0,0,0,0,0,1.48,2.929,61.673,0.073,0,kalabalik
10,Run50_AlphaDengeV1,Elektrik yolu,bahcivan,standart,101,taban,30,,,829,240,409,0,0,180,339,199,169,90,32,17573,66243,1,17573,1,3996,1898,652,10142,2750,3272,68196,73,9,94.04,1.25,1.3,1.377,1.515,9,0.333,2.75,47,8.94,1.01,1.06,1.07,1.16,1.57,97,92,85,65,60,0.08,0.62,0.57,0.72,5.71,23,81,0.552,0.21,3.352,1571,7,155,0,bereketli_toprakx1 hizli_bilekx1 keskin_bicakx1 kivilcimx2 yikim_gucux1 artci_patlamax1 agir_darbex1,87,0,65,72,216,81,126,0,2,2,5,artci_patlama@R23,102,102,0,232,180,0,0,0,0,0,0.469,270.354,12.754,409,0,1227,0,0,16651,0,0,3,27,27,1895,8,0,1.8,0,25000,0,9,65,65.167,3.542,5.026,2.938,,,2.935,526,0,0,0,0,,0.81,0,0,0,0,0,0,0,0,0,0,0,0,0,0,0,0,0,0,0,1.446,3.02,11.999,0.068,0,kalabalik
10,Run50_AlphaDengeV1,Elektrik yolu,bahcivan,standart,101,taban,31,,,905,290,432,0,0,183,347,227,193,103,35,21017,21017,1,0,0,5185,2201,578,12297,3811,3850,75857,76,9,94.04,1.25,1.3,1.377,1.515,9,0.333,2.75,47,10.13,1,1.07,1.03,1.13,1.22,100,89,93,82,80,0,0.44,0.13,0.9,1.38,23,81,0.545,0.247,3.226,1632,6,161,0,bereketli_toprakx1 hizli_bilekx1 keskin_bicakx1 kivilcimx2 yikim_gucux1 artci_patlamax1 agir_darbex1 hasat_ritmix1,86,0,65,75,225,81,135,0,2,2,5,artci_patlama@R23 hasat_ritmi@R30,140,140,0,307,201,19,19,0,0,0,0.309,323.338,13.923,414,0,1819,0,0,14508,0,0,3,27,27,2755,8,0,1.8667,0,28000,0,9,65,65.167,3.212,4.156,2.844,,,2.606,595,0,0,0,0,,0.702,0,0,0,0,0,0,0,0,0,0,0,0,0,0,0,0,0,0,0,1.513,3.182,11.558,0.074,0,kalabalik
10,Run50_AlphaDengeV1,Elektrik yolu,bahcivan,standart,101,taban,32,,,894,308,385,0,0,201,350,232,175,104,33,20028,41045,1,0,0,5037,2207,750,14344,5898,4505,72859,79,9,100.86,1.25,1.3,1.377,1.565,9,0.35,2.75,47,10.13,1,1.02,1.08,1.06,1,100,95,91,88,83,0,0.2,0.57,0.39,0,23,81,0.521,0.235,3.215,1637,5,166,0,bereketli_toprakx1 hizli_bilekx1 keskin_bicakx1 kivilcimx2 yikim_gucux1 artci_patlamax1 agir_darbex1 hasat_ritmix1,95,0,65,78,234,81,144,0,2,2,5,artci_patlama@R23 hasat_ritmi@R30,134,134,0,257,165,21,21,0,0,0,0.481,308.123,13.754,421,0,2362,0,0,367,0,0,3,27,27,2755,8,0,1.8667,0,31000,0,9,65,65.167,3.013,3.929,2.589,,,2.386,583,0,0,0,0,,0.722,0,0,0,0,0,0,0,0,0,0,0,0,0,0,0,0,0,0,0,1.513,3.059,11.186,0.071,0,kalabalik
10,Run50_AlphaDengeV1,Elektrik yolu,bahcivan,standart,101,taban,33,,,792,302,358,0,0,132,324,186,161,91,30,19165,60210,1,19165,1,4260,2037,680,16984,5905,5185,71489,81,6,105.24,1.25,1.3,1.377,1.565,9,0.35,2.75,47,9.98,1,1.07,1.07,1.16,1,100,93,86,75,72,0,0.68,0.51,1.72,0,23,81,0.428,0.099,3.127,1684,4,170,0,bereketli_toprakx1 hizli_bilekx1 keskin_bicakx1 kivilcimx2 yikim_gucux1 artci_patlamax1 agir_darbex1 hasat_ritmix1,83,0.007,65,80,240,81,153,0,2,2,5,artci_patlama@R23 hasat_ritmi@R30,142,142,0,279,185,20,20,0,0,0,0.148,294.846,12.185,305,0,1921,0,0,8856,0,0,3,27,27,3755,8,0,1.9333,0,33000,0,9,65,65.167,2.969,3.426,2.926,,,2.251,455,0,0,0,0,,0.679,0,0,0,0,0,0,0,0,0,0,0,0,0,0,0,0,0,0,0,1.481,3.221,10.983,0.071,0,kalabalik
10,Run50_AlphaDengeV1,Elektrik yolu,bahcivan,standart,101,taban,34,,,1201,434,530,0,0,237,467,321,227,138,48,29941,29941,1,0,0,7600,2966,880,19234,8231,5955,106275,84,9,112.36,1.25,1.3,0.964,1.615,9,0.367,2.75,67,10.06,1,1.02,1.03,1,1.1,100,95,89,85,81,0,0.06,0.08,0,0.63,23,81,0.417,0.136,3.125,1685,7,177,0,bereketli_toprakx1 hizli_bilekx1 keskin_bicakx1 kivilcimx2 yikim_gucux1 artci_patlamax1 agir_darbex1 hasat_ritmix1 firtina_bilegix1,119,0.002,65,83,249,81,159,0,2,2,5,artci_patlama@R23 hasat_ritmi@R30,186,186,0,299,234,29,29,0,0,0,0.21,460.631,18.477,533,0,2772,0,0,13131,0,0,3,27,27,3755,8,0,1.9333,0,36000,0,6,65,65.167,1.763,2.039,1.723,,,1.343,647,0,0,0,0,,0.866,0,0,0,0,0,0,0,0,0,0,0,0,0,0,0,0,0,0,0,1.688,3.239,9.458,0.088,0,kalabalik
10,Run50_AlphaDengeV1,Elektrik yolu,bahcivan,standart,101,taban,35,,,1172,415,537,0,0,220,455,302,236,132,47,29650,59591,1,0,0,7045,3028,915,25179,8969,6870,105925,87,9,117.04,1.25,1.3,0.964,1.615,9,0.367,2.75,67,10,1,1.02,1.06,1.06,1.19,100,92,88,89,69,0,0.09,0.34,0.26,0.6,23,81,0.433,0.099,3.034,1735,3,180,0,bereketli_toprakx1 hizli_bilekx1 keskin_bicakx1 kivilcimx2 yikim_gucux1 artci_patlamax1 agir_darbex1 hasat_ritmix1 firtina_bilegix1,116,0.006,65,86,258,81,168,0,2,2,5,artci_patlama@R23 hasat_ritmi@R30,177,177,0,341,245,28,27,0,0,0,0.21,456.154,18.031,512,0,2862,0,0,6056,0,0,3,27,27,4855,8,0,2,0,40000,0,9,65,65.167,1.941,2.385,1.716,,,1.658,725,0,0,0,0,,0.693,0,0,0,0,0,0,0,0,0,0,0,0,0,0,0,0,0,0,0,1.662,3.267,10.274,0.083,0,kalabalik
10,Run50_AlphaDengeV1,Elektrik yolu,bahcivan,standart,101,taban,36,,,1028,332,497,0,0,199,394,266,223,116,29,24180,83771,1,24180,1,5195,3221,778,27894,12190,7523,98458,89,6,117.04,1.25,1.3,0.964,1.665,9,0.383,2.75,67,8.01,1,1.11,1.04,1.17,1,100,82,86,75,82,0,0.42,0.17,1.22,0,23,81,0.521,0.21,2.988,1762,4,184,0,bereketli_toprakx1 hizli_bilekx1 keskin_bicakx1 kivilcimx2 yikim_gucux1 artci_patlamax1 agir_darbex1 hasat_ritmix1 firtina_bilegix1,108,0,65,88,264,81,177,0,2,2,5,artci_patlama@R23 hasat_ritmi@R30,152,152,0,336,232,22,23,0,0,0,0.284,372,15.815,464,0,2884,0,0,23514,0,0,3,27,27,4855,8,0,2,0,42000,0,9,65,65.167,2.604,3.238,2.43,,,2.043,673,0,0,0,0,,0.688,0,0,0,0,0,0,0,0,0,0,0,0,0,0,0,0,0,0,0,1.674,3.231,9.132,0.088,0,kalabalik
10,Run50_AlphaDengeV1,Elektrik yolu,bahcivan,standart,101,taban,37,,,1301,430,587,0,0,284,484,332,271,167,47,35490,35490,1,0,0,7101,3783,1394,30075,15273,8917,139852,92,9,124.44,1.25,1.3,0.925,1.665,9,0.383,2.75,70,10.16,1,1.06,1.06,1.13,1.12,100,94,89,80,81,0,0.5,0.53,0.47,0.27,23,81,0.476,0.222,2.533,2078,4,188,0,bereketli_toprakx2 hizli_bilekx1 keskin_bicakx1 kivilcimx2 yikim_gucux1 artci_patlamax1 agir_darbex1 hasat_ritmix1 firtina_bilegix1,125,0,65,91,273,81,179,4,2,2,5,artci_patlama@R23 hasat_ritmi@R30,211,211,0,378,265,30,29,0,0,0,0.358,546,20.015,606,0,2902,0,0,32366,0,0,3,27,27,6155,8,2,2.2527,0.09,46000,0,6,65,65.167,1.963,2.571,1.593,,,1.81,862,0,0,0,0,,0.715,0,0,0,0,0,0,0,0,0,0,0,0,0,0,0,0,0,0,0,1.785,3.648,11.517,0.094,0,kalabalik
10,Run50_AlphaDengeV1,Elektrik yolu,bahcivan,standart,101,taban,38,,,1449,494,670,0,0,285,540,375,302,171,61,40022,75512,1,0,0,9467,4662,1410,39162,18235,10187,158840,95,9,133.3,1.25,1.3,0.844,1.665,9,0.4,2.75,77,10.19,1,1.03,1.05,1.12,1.13,100,96,92,85,79,0,0.11,0.22,0.45,0.44,23,81,0.477,0.198,2.22,2371,3,191,0,bereketli_toprakx2 hizli_bilekx1 keskin_bicakx1 kivilcimx2 yikim_gucux1 artci_patlamax1 agir_darbex1 hasat_ritmix1 firtina_bilegix1,136,0,65,94,282,81,179,13,2,2,5,artci_patlama@R23 hasat_ritmi@R30,243,241,2,413,299,33,33,0,0,0,0.481,615.723,22.292,656,0,3341,0,0,48206,0,0,3,27,27,6155,8,4,2.3767,0.15,51000,0,9,65,65.167,1.635,2.168,1.341,,,1.398,959,0,0,0,0,,0.681,0,0,0,0,0,0,0,0,0,0,0,0,0,0,0,0,0,0,0,1.915,3.746,56.398,0.108,0,kalabalik
10,Run50_AlphaDengeV1,Elektrik yolu,bahcivan,standart,101,taban,39,,,1525,495,707,0,0,323,571,388,312,202,52,41424,116936,1,0,0,12097,5711,2122,44659,23176,12309,170658,99,12,152.75,1.25,1.3,0.81,1.665,9,0.4,2.75,80,10.11,1,1.02,1.07,1.06,1.23,100,98,90,90,64,0,0.11,0.21,0.32,0.68,23,81,0.465,0.185,2.133,2468,4,195,0,bereketli_toprakx2 hizli_bilekx1 keskin_bicakx1 kivilcimx2 yikim_gucux1 artci_patlamax1 agir_darbex1 hasat_ritmix1 firtina_bilegix1,143,0,65,98,294,81,179,22,2,2,5,artci_patlama@R23 hasat_ritmi@R30,253,248,5,386,308,34,35,0,0,0,0.506,637.292,23.462,722,0,3773,0,0,6864,0,0,3,27,27,7555,8,4,2.4533,0.15,57000,0,9,65,65.167,1.625,2.212,1.351,,,1.32,893,0,0,0,0,,0.851,0,0,0,0,0,0,0,0,0,0,0,0,0,0,0,0,0,0,0,2.666,5.054,152.839,0.136,0,kalabalik
10,Run50_AlphaDengeV1,Elektrik yolu,bahcivan,standart,101,taban,40,,,1638,563,716,0,0,359,602,433,333,212,58,44797,161733,1,44797,1,13137,6991,2837,57376,28267,14991,199810,102,9,173.22,1.25,1.3,0.695,1.665,9,0.417,2.75,93,9.98,1.01,1.1,1.06,1.13,1.09,98,92,88,82,70,0.02,0.19,0.12,0.39,0.15,23,81,0.494,0.16,1.969,2674,3,198,0,bereketli_toprakx2 hizli_bilekx1 keskin_bicakx1 kivilcimx2 yikim_gucux1 artci_patlamax1 agir_darbex1 hasat_ritmix1 firtina_bilegix1,159,0,65,101,303,81,179,34,2,2,5,artci_patlama@R23 hasat_ritmi@R30,254,254,0,454,307,38,37,0,0,0,0.457,689.185,25.2,768,0,4332,0,0,31674,0,0,3,27,27,7555,8,6,2.624,0.23,62000,0,12,65,65.167,1.574,1.953,1.355,,,1.423,1107,0,0,0,0,,0.747,0,0,0,0,0,0,0,0,0,0,0,0,0,0,0,0,0,0,0,2.599,4.799,256.715,0.172,1,kalabalik
10,Run50_AlphaDengeV1,Elektrik yolu,bahcivan,standart,101,taban,41,,,1920,741,752,0,0,427,697,491,428,236,68,51087,51087,1,0,0,16609,10385,3434,66685,38652,18275,252933,106,12,197.86,2,1.3,0.615,1.665,9,0.417,2.861,105,10.25,1,1,1,1.01,1.03,100,100,100,99,88,0,0,0,0.02,0.06,23,81,0.429,0.173,1.892,2783,4,202,0,bereketli_toprakx2 hizli_bilekx1 keskin_bicakx1 kivilcimx2 yikim_gucux1 artci_patlamax1 agir_darbex1 hasat_ritmix1 firtina_bilegix1 canavar_kesimix1,176,0,65,105,315,81,179,43,2,2,5,artci_patlama@R23 hasat_ritmi@R30,331,331,0,408,309,49,50,0,0,0,0.37,785.954,29.538,870,0,8253,0,0,27607,0,0,3,27,27,9055,8,6,2.706,0.23,69000,0,9,65,65.167,1.16,1.353,1.051,,,1.003,1069,0,0,0,0,,0.843,0,0,0,0,0,0,0,0,0,0,0,0,0,0,0,0,0,0,0,2.094,4.149,11.454,0.136,0,kalabalik
10,Run50_AlphaDengeV1,Elektrik yolu,bahcivan,standart,101,taban,42,,,2579,815,1176,0,0,588,953,665,553,325,83,64816,115903,1,0,0,24354,15443,5258,90389,54044,21443,369007,111,15,224.71,2,1.3,0.597,1.665,9,0.433,2.861,108,10.39,1,1,1,1,1.04,100,100,100,100,89,0,0,0,0,0.1,30,121,0.53,0.149,1.746,4505,3,205,16,bereketli_toprakx2 hizli_bilekx1 keskin_bicakx1 kivilcimx2 yikim_gucux1 artci_patlamax1 agir_darbex1 hasat_ritmix1 firtina_bilegix1 canavar_kesimix1,237,0.001,65,110,330,81,179,55,2,2,5,artci_patlama@R23 hasat_ritmi@R30,343,343,0,746,575,51,50,0,0,0,0.43,997.169,39.677,1189,0,9229,0,0,35614,0,0,3,27,27,9055,8,8,2.882,0.31,78000,0,12,65,65.167,1.529,2.062,1.316,,,1.211,1504,0,0,0,0,,0.79,0,0,0,0,0,0,0,0,0,0,0,0,0,0,0,0,0,0,0,2.498,4.896,41.134,0.161,0,kalabalik
10,Run50_AlphaDengeV1,Elektrik yolu,bahcivan,standart,101,taban,43,,,2355,648,1112,0,0,595,865,593,516,310,71,61034,176937,1,61034,1,23406,14837,4928,109695,68881,26176,360326,115,12,236.66,2,1.3,0.597,1.665,9,0.433,2.972,108,8.39,1,1,1,1,1.08,100,100,100,100,88,0,0,0,0,0.37,30,121,0.628,0.364,1.652,4762,2,207,0,bereketli_toprakx2 hizli_bilekx1 keskin_bicakx1 kivilcimx2 yikim_gucux1 artci_patlamax1 agir_darbex1 hasat_ritmix1 firtina_bilegix1 canavar_kesimix1,227,0,65,114,342,96,179,55,2,2,5,artci_patlama@R23 hasat_ritmi@R30,290,290,0,655,576,42,43,0,0,0,0.736,938.985,36.231,1131,0,9207,0,0,71940,0,0,3,31,31,9055,9,8,2.882,0.31,86000,0,15,65,65.167,2.05,2.68,1.945,,,1.547,1255,0,0,0,0,,0.926,0,0,0,0,0,0,0,0,0,0,0,0,0,0,0,0,0,0,0,2.266,4.366,11.549,0.146,0,kalabalik
10,Run50_AlphaDengeV1,Elektrik yolu,bahcivan,standart,101,taban,44,,,2629,782,1145,0,0,702,951,697,547,337,97,82888,82888,1,0,0,28029,15429,6358,135004,84310,32534,383145,120,15,236.66,2,1.69,0.597,1.665,9,0.45,2.972,108,10.39,1,1,1,1,1.03,100,100,100,100,95,0,0,0,0,0.08,30,121,0.571,0.273,1.652,4762,2,209,0,bereketli_toprakx2 hizli_bilekx1 keskin_bicakx1 kivilcimx2 yikim_gucux2 artci_patlamax1 agir_darbex1 hasat_ritmix1 firtina_bilegix1 canavar_kesimix1,243,0,65,119,357,108,179,55,2,2,5,artci_patlama@R23 hasat_ritmi@R30,317,317,0,634,567,50,50,0,0,0,0.455,1275.2,40.446,1280,0,9878,0,0,5085,0,0,3,34,34,9055,10,8,2.882,0.31,97000,0,12,65,65.167,1.688,2.206,1.554,,,1.276,1404,0,0,0,0,,0.926,0,0,0,0,0,0,0,0,0,0,0,0,0,0,0,0,0,0,0,2.47,4.719,14.086,0.158,0,kalabalik
10,Run50_AlphaDengeV1,Elektrik yolu,bahcivan,standart,101,taban,45,,,2597,729,1116,0,0,752,880,658,593,366,100,84535,167423,1,0,0,27810,17530,5852,162814,101840,38146,397601,124,12,236.66,2,1.69,0.597,1.665,9,0.45,3.083,108,10.33,1,1,1,1,1.07,100,100,100,99,92,0,0,0,0,0.39,30,121,0.575,0.372,1.652,4762,1,210,0,bereketli_toprakx2 hizli_bilekx1 keskin_bicakx1 kivilcimx2 yikim_gucux2 artci_patlamax1 agir_darbex1 hasat_ritmix1 firtina_bilegix1 canavar_kesimix1,237,0,65,123,369,121,181,55,2,2,5,artci_patlama@R23 hasat_ritmi@R30,323,323,0,600,537,48,48,0,0,0,0.595,1300.538,39.954,1331,0,10459,0,0,6686,0,0,3,39,39,9055,12,8,2.882,0.31,110000,0,15,65,65.167,1.723,2.401,1.534,,,1.271,1443,0,0,0,0,,0.932,0,0,0,0,0,0,0,0,0,0,0,0,0,0,0,0,0,0,0,2.36,4.579,11.278,0.157,0,kalabalik
10,Run50_AlphaDengeV1,Elektrik yolu,bahcivan,standart,101,taban,46,,,2544,772,1076,0,0,696,885,697,540,341,81,76071,243494,1,76071,1,27954,16157,5258,188368,117997,43404,392157,127,9,236.66,2,1.69,0.597,1.665,9,0.45,3.083,108,10.33,1,1,1.01,1.02,1.08,100,100,98,96,82,0,0,0.03,0.2,0.14,30,121,0.585,0.306,1.644,4783,1,211,0,bereketli_toprakx2 hizli_bilekx1 keskin_bicakx1 kivilcimx2 yikim_gucux2 artci_patlamax1 agir_darbex1 hasat_ritmix1 firtina_bilegix1 canavar_kesimix1,236,0,65,126,378,121,193,55,2,2,5,artci_patlama@R23 hasat_ritmi@R30,309,309,0,639,542,49,48,0,0,0,0.727,1170.323,39.138,1230,0,10147,0,0,68843,0,0,3,39,39,9055,12,8,2.882,0.31,110000,0,12,65,65.167,1.784,2.195,1.709,,,1.365,1391,0,0,0,0,,0.913,0,0,0,0,0,0,0,0,0,0,0,0,0,0,0,0,0,0,0,2.339,4.504,11.091,0.154,0,kalabalik
10,Run50_AlphaDengeV1,Elektrik yolu,bahcivan,standart,101,taban,47,,,2728,746,1220,0,0,762,923,768,581,351,105,84150,84150,1,0,0,31134,17784,6149,219502,135781,49263,408545,131,12,236.66,2,1.69,0.597,1.665,9,0.45,3.194,108,10.33,1,1,1,1,1.03,100,100,100,95,93,0,0,0,0,0.05,30,121,0.619,0.306,1.393,5647,1,212,0,bereketli_toprakx3 hizli_bilekx1 keskin_bicakx1 kivilcimx2 yikim_gucux2 artci_patlamax1 agir_darbex1 hasat_ritmix1 firtina_bilegix1 canavar_kesimix1,260,0,65,130,390,121,202,55,2,2,5,artci_patlama@R23 hasat_ritmi@R30,324,324,0,703,646,47,48,0,0,0,0.76,1294.615,41.969,1336,0,10651,0,0,7388,0,0,3,39,39,9055,12,8,2.882,0.31,120000,0,9,65,65.167,1.755,2.316,1.635,,,1.344,1455,0,0,0,0,,0.935,0,0,0,0,0,0,0,0,0,0,0,0,0,0,0,0,0,0,0,2.399,4.736,14.009,0.161,0,kalabalik
10,Run50_AlphaDengeV1,Elektrik yolu,bahcivan,standart,101,taban,48,,,2699,741,1208,0,0,750,906,731,597,367,98,88340,172490,1,0,0,29853,17865,6215,249355,153646,55478,418296,134,9,236.66,2,1.69,0.597,1.665,9,0.45,3.194,108,10.33,1,1,1,1.03,1,100,100,100,94,91,0,0,0,0.12,0,30,121,0.627,0.38,1.393,5647,0,212,0,bereketli_toprakx3 hizli_bilekx1 keskin_bicakx1 kivilcimx2 yikim_gucux2 artci_patlamax1 agir_darbex1 hasat_ritmix1 firtina_bilegix1 canavar_kesimix1,258,0,65,133,399,121,214,55,2,2,5,artci_patlama@R23 hasat_ritmi@R30,311,311,0,713,643,49,48,0,0,0,0.479,1359.077,41.523,1315,0,10684,0,0,45684,0,0,3,39,39,9055,12,8,2.882,0.31,130000,0,12,65,65.167,1.811,2.364,1.709,,,1.361,1448,0,0,0,0,,0.927,0,0,0,0,0,0,0,0,0,0,0,0,0,0,0,0,0,0,0,2.413,4.621,20.384,0.163,0,kalabalik
10,Run50_AlphaDengeV1,Elektrik yolu,bahcivan,standart,101,taban,49,,,2684,747,1186,0,0,751,859,766,607,352,100,88038,260528,1,0,0,31329,18195,5841,280684,171841,60989,419909,137,9,236.66,2,1.69,0.597,1.665,9,0.45,3.306,108,10.39,1,1,1,1.06,1.03,100,100,100,94,90,0,0,0,0.14,0.07,30,121,0.622,0.306,1.386,5673,1,213,0,bereketli_toprakx3 hizli_bilekx1 keskin_bicakx1 kivilcimx2 yikim_gucux2 artci_patlamax1 agir_darbex1 hasat_ritmix1 firtina_bilegix1 canavar_kesimix1,258,0,65,136,408,121,223,55,2,2,5,artci_patlama@R23 hasat_ritmi@R30,320,320,0,810,669,49,50,0,0,0,0.785,1354.431,41.292,1268,0,11152,0,0,65593,0,0,3,39,39,9055,12,8,2.882,0.31,140000,0,9,65,65.167,1.805,2.288,1.722,,,1.401,1571,0,0,0,0,,0.828,0,0,0,0,0,0,0,0,0,0,0,0,0,0,0,0,0,0,0,2.527,5.041,81.463,0.168,0,kalabalik
10,Run50_AlphaDengeV1,Elektrik yolu,bahcivan,standart,101,taban,50,,,2470,627,1224,0,0,619,835,674,520,345,96,87609,348137,1,87609,1,27462,16012,6193,308146,187853,67182,387621,140,9,236.66,2,1.69,0.597,1.665,9,0.45,3.306,108,8.28,1,1,1,1.07,1,100,100,99,90,96,0,0,0,0.2,0,30,121,0.669,0.372,1.386,5673,0,213,0,bereketli_toprakx3 hizli_bilekx1 keskin_bicakx1 kivilcimx2 yikim_gucux2 artci_patlamax1 agir_darbex1 hasat_ritmix1 firtina_bilegix1 canavar_kesimix1,238,0,65,139,417,121,232,55,2,2,5,artci_patlama@R23 hasat_ritmi@R30,290,290,0,850,691,42,41,0,0,0,0.653,1347.831,38,1152,0,11344,0,0,23214,0,0,3,39,39,9055,12,8,2.882,0.31,150000,0,9,65,65.167,2.061,2.597,2.047,,,1.572,1443,0,0,0,0,,0.816,0,0,0,0,0,0,0,0,0,0,0,0,0,0,0,0,0,0,0,2.372,4.511,56.784,0.149,0,kalabalik
10,Run50_AlphaDengeV1,Elektrik yolu,bahcivan,standart,101,taban,50,KAZANDI
11,Run50_AlphaDengeV1,Elektrik yolu,bahcivan,standart,102,taban,1,,,13,13,0,0,0,0,10,3,0,0,0,19,19,1,0,0,32,0,0,32,0,0,290,1,0,10,1,1,3,0.9,4,0.3,2,13,2.08,1.8,2.67,,,,36,0,,,,2.4,5,,,,2,4,0.346,0,8,23,0,0,2,,4,0.203,45,0,0,0,0,0,0,0,0,,0,0,0,0,0,0,0,0,0,0,1,0.422,0.289,0,0,22,0,0,290,0,0,0,0,0,0,0,0,1,0,390,0,0,45,45.133,4.215,4.215,,,,,0,0,0,0,0,,,0,0,0,0,0,0,0,0,0,0,0,0,0,0,0,0,0,0,0,0.564,1.184,5.632,0.018,0,kalabalik
11,Run50_AlphaDengeV1,Elektrik yolu,bahcivan,standart,102,taban,2,,,18,18,0,0,0,0,14,3,1,0,0,33,52,1,0,0,40,4,0,40,4,0,410,2,3,11.33,1,1,3,0.9,4,0.3,2,14,2.36,1.57,2.67,3,,,38,0,0,,,1.93,5,9,,,3,5,0.391,0,8,28,2,2,1,,4,0.11,45,1,3,0,0,0,0,0,0,,0,0,0,0,0,0,0,0,0,0,0.2,0.733,0.4,0,0,26,0,0,310,0,0,0,0,0,0,0,0,1,0,410,0,0,45,45.133,4.88,4.88,,,,,0,0,0,0,0,,,0,0,0,0,0,0,0,0,0,0,0,0,0,0,0,0,0,0,0,0.567,1.18,3.228,0.017,0,kalabalik
11,Run50_AlphaDengeV1,Elektrik yolu,bahcivan,standart,102,taban,3,,,18,14,4,0,0,0,16,0,2,0,0,36,88,1,36,1,32,8,0,32,12,0,400,3,3,11.33,1,1,3,0.9,4,0.3,2,14,2.93,1.92,,4,,,18,0,0,,,3.75,,12,,,4,7,0.589,0.143,7.324,43,0,2,1,,4,0.045,45,2,6,3,0,0,2,2,3,,0,0,0,0,0,0,0,0,0,0,0.571,0.8,0.4,4,0,26,0,0,300,0,0,3,2,2,0,0,0,1,0,420,0,3,45,45.133,7.12,7.314,6.442,,,,12,0,0,0,0,,0.181,0,0,0,0,0,0,0,0,0,0,0,0,0,0,0,0,0,0,0,0.575,1.147,4.1,0.018,0,kalabalik
11,Run50_AlphaDengeV1,Elektrik yolu,bahcivan,standart,102,taban,4,,,28,22,6,0,0,0,23,5,0,0,0,38,38,1,0,0,66,0,0,70,12,0,750,5,6,12,1.25,1,2.892,0.9,4,0.3,2,15,2.67,1.41,1.4,,,,50,25,,,,1.7,1.74,,,,4,7,0.369,0,7.144,44,4,6,0,keskin_bicakx1,7,0.291,45,4,12,6,0,0,2,2,3,,0,0,0,0,0,0,0,0,0,0,0.429,0.844,0.622,6,0,34,0,0,190,0,0,3,3,2,0,2,0,1,0,470,0,3,45,45.133,6.052,6.862,3.083,,,,16,0,0,0,0,,0.417,0,0,0,0,0,0,0,0,0,0,0,0,0,0,0,0,0,0,0,0.623,1.275,7.121,0.017,0,kalabalik
11,Run50_AlphaDengeV1,Elektrik yolu,bahcivan,standart,102,taban,5,,,29,23,5,0,0,1,19,9,1,0,0,63,101,1,0,0,74,4,0,74,16,0,850,7,6,12,1.25,1,2.892,0.9,4,0.3,2,15,3.27,1.4,2.14,3,,,47,0,0,,,1.93,5.37,14.43,,,5,9,0.531,0.222,7.012,58,1,7,1,keskin_bicakx1,5,0,45,6,18,9,3,0,2,2,3,,0,0,0,0,0,0,0,0,0,0,0.556,1.4,0.644,6,0,34,0,0,80,0,0,3,3,3,0,3,0,1,0,520,0,6,45,45.133,7.036,7.314,5.967,,,,16,0,0,0,0,,0.343,0,0,0,0,0,0,0,0,0,0,0,0,0,0,0,0,0,0,0,0.629,1.266,8.125,0.017,0,kalabalik
11,Run50_AlphaDengeV1,Elektrik yolu,bahcivan,standart,102,taban,6,,,26,25,1,0,0,0,18,4,3,1,0,101,202,1,101,1,52,12,2,57,28,2,822,8,3,12,1.25,1,2.892,0.9,4,0.3,2,19,3.05,1.76,2.25,3.33,3,,11,0,0,0,,4.6,13.02,8.68,8.67,,7,12,0.499,0.167,7.239,91,1,8,2,keskin_bicakx1,5,0,55,7,21,15,3,0,2,2,3,,0,0,0,0,0,0,0,0,0,0,0.5,1.836,0.473,1,0,39,0,0,382,0,0,3,3,3,0,4,0,1,0,560,0,6,55,55.133,11.518,11.715,6.6,,,,7,0,0,0,0,,0.407,0,0,0,0,0,0,0,0,0,0,0,0,0,0,0,0,0,0,0,0.619,1.256,5.59,0.019,0,kalabalik
11,Run50_AlphaDengeV1,Elektrik yolu,bahcivan,standart,102,taban,7,,,45,37,3,0,0,5,35,7,3,0,0,104,104,1,0,0,98,12,0,105,40,2,1280,10,6,12.67,1.25,1,2.892,0.9,4,0.3,2,19,3.58,1.48,1.83,2.5,,,41,0,0,,,3.2,6.27,5.83,,,8,14,0.677,0.286,6.213,124,1,9,1,keskin_bicakx1 bereketli_toprakx1,8,0,55,9,27,18,3,0,2,2,3,,0,0,0,0,0,0,0,0,0,0,0.429,1.891,0.818,8,0,38,0,0,502,0,0,3,3,3,0,5,0,1,0,640,0,3,55,55.133,9.89,10.231,8.317,,,,21,0,0,0,0,,0.334,0,0,0,0,0,0,0,0,0,0,0,0,0,0,0,0,0,0,0,0.676,1.335,10.431,0.022,0,kalabalik
11,Run50_AlphaDengeV1,Elektrik yolu,bahcivan,standart,102,taban,8,,,45,34,6,0,0,5,38,4,3,0,0,106,210,1,0,0,96,12,0,116,52,2,1270,12,6,13.33,1.25,1,2.789,0.9,4,0.3,2,19,3.79,1.59,1.75,3,,,36,0,0,,,4.33,6.98,19.53,,,9,16,0.658,0.375,6.106,144,5,14,1,keskin_bicakx1 bereketli_toprakx1,8,0,55,11,33,24,3,0,2,2,3,,0,0,0,0,0,0,0,0,0,0,0.688,1.927,0.818,11,0,38,0,0,432,0,0,3,4,4,6,6,0,1.0667,0,750,0,6,55,55.133,13.655,14.101,12.276,,,,19,0,0,0,0,,0.362,0,0,0,0,0,0,0,0,0,0,0,0,0,0,0,0,0,0,0,0.703,1.391,6.103,0.02,0,kalabalik
11,Run50_AlphaDengeV1,Elektrik yolu,bahcivan,standart,102,taban,9,,,53,40,9,0,0,4,43,8,2,0,0,109,319,1,0,0,126,8,0,138,60,2,1545,14,6,14,1.25,1,2.689,0.9,4,0.3,2,20,3.85,1.42,1.4,3,,,41,20,0,,,3.67,1.62,10.75,,,10,18,0.714,0.333,5.727,173,4,18,1,keskin_bicakx1 bereketli_toprakx1,10,0,55,13,39,25,8,0,2,2,3,,0,0,0,0,0,0,0,0,0,0,0.611,1.982,0.964,13,0,46,0,0,417,0,0,3,4,4,6,6,0,1.0667,0,880,0,6,55,55.133,10.94,11.018,10.7,,,,30,0,0,0,0,,0.318,0,0,0,0,0,0,0,0,0,0,0,0,0,0,0,0,0,0,0,0.669,1.316,12.182,0.02,0,kalabalik
11,Run50_AlphaDengeV1,Elektrik yolu,bahcivan,standart,102,taban,10,,,45,41,3,0,0,1,38,5,2,0,0,98,417,1,98,1,101,8,0,115,68,2,1279,15,3,15.64,1.25,1,2.592,0.9,4,0.3,2,21,3.95,1.62,2,1.5,,,31,17,0,,,5.64,15.04,3.88,,,12,21,0.771,0.524,5.63,205,4,22,2,keskin_bicakx1 bereketli_toprakx1,8,0,55,14,42,25,14,0,2,2,3,,0,0,0,0,0,0,0,0,0,0,0.667,1.782,0.818,4,0,51,0,0,816,0,0,3,4,4,6,6,0,1.0667,0,950,0,6,55,55.133,15.321,15.452,13.975,,,,17,0,0,0,0,,0.347,0,0,0,0,0,0,0,0,0,0,0,0,0,0,0,0,0,0,0,0.77,1.54,5.544,0.021,0,kalabalik
11,Run50_AlphaDengeV1,Elektrik yolu,bahcivan,standart,102,taban,11,,,68,63,2,0,0,3,47,16,5,0,0,175,175,1,0,0,221,20,0,250,88,2,2324,18,9,16.36,1.25,1,2.125,0.9,4,0.3,2,30,4,1.45,2.19,2.4,,,36,0,0,,,4.05,9.29,16.15,,,13,22,0.724,0.455,5.481,261,5,27,1,keskin_bicakx1 bereketli_toprakx1 hizli_bilekx1,10,0,65,17,51,25,17,0,2,2,3,,0,0,0,0,0,0,0,0,0,0,0.727,2.692,1.046,5,0,53,0,0,90,0,0,3,4,4,14,6,0,1.1333,0,1200,0,3,65,65.167,16.693,17.195,10.36,,,,20,0,0,0,0,,0.381,0,0,0,0,0,0,0,0,0,0,0,0,0,0,0,0,0,0,0,0.735,1.485,8.613,0.024,0,kalabalik
11,Run50_AlphaDengeV1,Elektrik yolu,bahcivan,standart,102,taban,12,,,85,61,13,0,0,11,61,18,5,1,0,241,416,1,0,0,291,20,2,292,53,4,2957,20,6,18.13,1.25,1,2.048,0.9,4,0.3,2,31,4,1.38,1.85,2.4,2,,38,14,0,0,,3.07,5.83,17.21,8.2,,15,24,0.719,0.458,5.362,291,10,37,2,keskin_bicakx1 bereketli_toprakx1 hizli_bilekx1,13,0,65,19,57,25,26,0,2,2,3,,0,0,0,0,0,0,0,0,0,0,0.5,3.708,1.308,24,0,62,0,0,547,0,0,3,4,4,24,6,0,1.2,0,1400,0,9,65,65.167,15.736,16.737,13.193,,,,38,0,0,0,0,,0.316,0,0,0,0,0,0,0,0,0,0,0,0,0,0,0,0,0,0,0,0.725,1.455,7.443,0.024,0,kalabalik
11,Run50_AlphaDengeV1,Elektrik yolu,bahcivan,standart,102,taban,13,,,79,64,13,0,0,2,51,19,6,3,0,295,711,1,295,1,267,24,6,306,52,10,3562,22,6,19.2,1.25,1,1.975,0.935,4,0.3,2,32,3.84,1.23,1.85,2.2,2,,53,28,0,0,,2.98,8.05,10.27,10.53,,16,30,0.6,0.3,5.222,373,7,44,3,keskin_bicakx1 bereketli_toprakx1 hizli_bilekx1,13,0,65,21,63,31,26,0,2,2,3,,0,0,0,0,0,0,0,0,0,0,0.733,4.538,1.215,15,0,65,0,0,1209,0,0,3,6,5,36,7,0,1.2667,0,1700,0,6,65,65.167,10.772,10.86,10.396,,,,42,0,0,0,0,,0.302,0,0,0,0,0,0,0,0,0,0,0,0,0,0,0,0,0,0,0,0.758,1.503,9.411,0.025,0,kalabalik
11,Run50_AlphaDengeV1,Elektrik yolu,bahcivan,standart,102,taban,14,,,106,67,32,0,0,7,74,18,12,2,0,350,350,1,0,0,330,60,4,356,87,14,4624,25,9,20.27,1.25,1,1.904,0.935,4,0.3,2,34,4,1.19,1.67,2,,,58,8,0,0,,1.26,5.29,14.85,,,18,38,0.791,0.579,5.164,478,6,50,3,keskin_bicakx1 bereketli_toprakx1 hizli_bilekx1 kivilcimx1,14,0,65,24,72,37,26,0,2,2,3,,0,0,0,0,0,0,0,0,0,0,0.763,5.385,1.631,39,0,66,0,0,433,0,0,3,8,8,50,8,0,1.3333,0,2100,0,6,65,65.167,15.471,15.054,16.188,,,,83,0,0,0,0,,0.273,0,0,0,0,0,0,0,0,0,0,0,0,0,0,0,0,0,0,0,0.866,1.715,6.569,0.031,0,kalabalik
11,Run50_AlphaDengeV1,Elektrik yolu,bahcivan,standart,102,taban,15,,,116,72,29,0,0,15,67,29,11,9,0,585,935,1,0,0,375,55,18,383,142,32,5867,27,6,24.3,1.25,1,1.836,0.97,4,0.3,2,35,4,1.41,1.39,1.67,1.5,,35,39,11,0,0,5.23,5,11.43,8.26,,19,41,0.784,0.585,4.975,536,7,57,1,keskin_bicakx1 bereketli_toprakx1 hizli_bilekx1 kivilcimx1,16,0,65,26,78,46,26,0,2,2,3,,0,0,0,0,0,0,0,0,0,0,0.732,9,1.785,44,0,75,0,0,2000,0,0,3,13,12,84,8,0,1.4667,0,2400,0,9,65,65.167,18.244,18.829,17.287,,,,103,0,0,0,0,,0.223,0,0,0,0,0,0,0,0,0,0,0,0,0,0,0,0,0,0,0,0.816,1.674,7.831,0.033,0,kalabalik
11,Run50_AlphaDengeV1,Elektrik yolu,bahcivan,standart,102,taban,16,,,149,86,39,0,0,24,88,35,19,5,2,795,1730,1,795,1,474,95,28,481,202,60,7816,30,9,24.3,1.25,1,1.836,1.005,6,0.3,2,35,5.97,1.5,1.57,2.09,2.5,2.5,42,26,0,0,0,2.86,3.76,7.51,20.18,11.02,21,44,0.758,0.568,4.828,592,6,63,2,keskin_bicakx1 bereketli_toprakx1 hizli_bilekx1 kivilcimx1,19,0,65,29,87,49,29,0,2,2,3,,0,0,0,0,0,0,0,0,0,0,0.659,12.231,2.292,63,0,126,0,0,2016,0,0,3,13,12,104,9,0,1.5333,0,3000,0,6,65,65.167,13.464,14.778,11.671,,,,137,0,0,0,0,,0.226,0,0,0,0,0,0,0,0,0,0,0,0,0,0,0,0,0,0,0,0.854,1.694,7.886,0.033,0,kalabalik
11,Run50_AlphaDengeV1,Elektrik yolu,bahcivan,standart,102,taban,17,,,234,81,104,0,0,49,126,55,36,13,4,1833,1833,1,0,0,753,200,44,778,214,64,24134,37,21,25.51,1.25,1.3,1.836,1.04,6,0.3,2,35,5.91,1.35,1.24,1.56,2.2,2,57,47,17,0,20,2.2,1.08,3.97,13.58,1.83,20,48,0.668,0.354,4.607,677,6,69,5,keskin_bicakx1 bereketli_toprakx1 hizli_bilekx1 kivilcimx1 yikim_gucux1,31,0,65,36,108,49,38,0,2,2,3,,0,0,0,0,0,0,0,0,0,0,0.688,28.2,3.6,153,0,157,0,0,550,0,0,3,13,13,125,9,0,1.6,0,4700,0,9,65,65.167,9.096,13.201,6.923,,,,193,0,0,0,0,,0.618,0,0,0,0,0,0,0,0,0,0,0,0,0,0,0,0,0,0,0,0.971,1.866,11.925,0.036,0,kalabalik
11,Run50_AlphaDengeV1,Elektrik yolu,bahcivan,standart,102,taban,18,,,333,117,162,0,0,54,140,90,68,29,6,3547,5380,1,0,0,1050,454,78,1078,635,102,36096,43,18,34.76,1.25,1.3,1.778,1.075,6,0.3,2,36,5.89,1.04,1.24,1.33,1.29,1.5,85,78,59,30,25,0.07,1.47,1.51,5.33,8.88,17,49,0.576,0.286,4.45,716,9,78,3,keskin_bicakx1 bereketli_toprakx1 hizli_bilekx1 kivilcimx1 yikim_gucux1,39,0,65,42,126,49,59,0,2,2,3,,0,0,0,0,0,0,0,0,0,0,0.49,54.569,5.123,216,0,229,0,0,3846,0,0,3,13,13,125,9,0,1.6,0,6600,0,21,65,65.167,6.164,9.935,4.122,,,,267,0,0,0,0,,0.746,0,0,0,0,0,0,0,0,0,0,0,0,0,0,0,0,0,0,0,1.129,2.257,18.156,0.044,0,kalabalik
11,Run50_AlphaDengeV1,Elektrik yolu,bahcivan,standart,102,taban,19,,,344,128,152,0,0,64,138,82,68,43,13,5995,11375,1,0,0,1050,601,136,1068,1006,218,39741,48,15,39.82,1.25,1.3,1.722,1.145,6,0.3,2,37,5.89,1,1.35,1.19,1.2,1.5,99,63,69,58,17,0,4.19,1.53,0.81,2.15,15,49,0.601,0.265,4.228,753,9,87,1,keskin_bicakx1 bereketli_toprakx1 hizli_bilekx1 kivilcimx1 yikim_gucux1,40,0,65,47,141,49,77,0,2,2,3,,0,0,0,0,0,0,0,0,0,0,0.592,92.231,5.292,216,0,252,0,0,6587,0,0,3,13,13,125,9,0,1.6,0,8600,0,18,65,65.167,5.504,8.282,3.858,,,,279,0,0,0,0,,0.773,0,0,0,0,0,0,0,0,0,0,0,0,0,0,0,0,0,0,0,1.11,2.157,8.649,0.043,0,kalabalik
11,Run50_AlphaDengeV1,Elektrik yolu,bahcivan,standart,102,taban,20,,,340,130,142,0,0,68,152,74,58,44,12,6565,17940,1,6565,1,1078,506,198,1196,847,276,31424,52,12,43.38,1.25,1.3,1.668,1.145,6,0.3,2,38,6,1.02,1.14,1.17,1.33,1.57,95,71,66,32,14,0.13,0.48,1.32,0.93,4.53,15,59,0.535,0.288,3.997,959,8,95,4,keskin_bicakx1 bereketli_toprakx1 hizli_bilekx1 kivilcimx1 yikim_gucux1,46,0,65,51,153,49,92,0,2,2,3,,0,0,0,0,0,0,0,0,0,0,0.542,101,5.231,210,0,284,0,0,911,0,0,3,13,13,125,9,0,1.6,0,10000,0,15,65,65.167,5.319,7.695,3.847,,,,259,0,0,0,0,,0.71,0,0,0,0,0,0,0,0,0,0,0,0,0,0,0,0,0,0,0,1.134,2.184,7.533,0.047,0,kalabalik
11,Run50_AlphaDengeV1,Elektrik yolu,bahcivan,standart,102,taban,21,,,327,155,116,0,0,56,132,71,64,43,17,7284,7284,1,0,0,1118,570,228,1394,881,444,34667,55,9,45.79,1.25,1.69,1.616,1.23,6,0.3,2,40,5.98,1.06,1.23,1.27,1.71,1.8,95,73,68,43,44,0.39,2.31,2.2,5.61,7.43,20,81,0.767,0.358,4.041,1303,5,100,8,keskin_bicakx1 bereketli_toprakx1 hizli_bilekx1 kivilcimx1 yikim_gucux2,58,0,65,54,162,61,92,0,2,2,3,,0,0,0,0,0,0,0,0,0,0,0.667,112.062,5.031,172,0,298,0,0,2578,0,0,3,16,16,125,9,0,1.6,0,12000,0,12,65,65.167,9.002,10.868,7.321,,,,191,0,0,0,0,,0.839,0,0,0,0,0,0,0,0,0,0,0,0,0,0,0,0,0,0,0,1.049,2.026,8.535,0.046,0,kalabalik
11,Run50_AlphaDengeV1,Elektrik yolu,bahcivan,standart,102,taban,22,,,276,148,83,0,0,45,93,69,69,35,10,5903,13187,1,0,0,1206,551,129,1230,1047,573,33520,57,6,49.54,1.25,1.69,1.565,1.265,6,0.3,2,41,6,1,1.42,1.45,1.57,1.86,100,54,53,28,23,0,3.5,2.51,5.03,3.8,20,81,0.819,0.556,3.813,1381,7,107,0,keskin_bicakx1 bereketli_toprakx1 hizli_bilekx1 kivilcimx1 yikim_gucux2,49,0,65,56,168,70,92,0,2,2,3,,0,0,0,0,0,0,0,0,0,0,0.728,90.815,4.246,128,0,286,0,0,11098,0,0,3,16,16,125,12,0,1.6,0,13000,0,9,65,65.167,12.021,10.936,13.276,,,,138,0,0,0,0,,0.822,0,0,0,0,0,0,0,0,0,0,0,0,0,0,0,0,0,0,0,1.074,1.919,6.767,0.043,0,kalabalik
11,Run50_AlphaDengeV1,Elektrik yolu,bahcivan,standart,102,taban,23,,,297,106,111,0,0,80,111,85,54,39,8,5483,18670,1,5483,1,1264,572,144,1514,899,717,41630,60,9,56.1,1.25,1.69,1.565,1.315,6,0.3,2,41,4,1,1.15,1.17,1.4,1,100,78,62,54,0,0,0.46,1.22,2.82,0,20,81,0.811,0.531,3.63,1450,5,112,0,keskin_bicakx1 bereketli_toprakx1 hizli_bilekx1 kivilcimx1 yikim_gucux2,53,0,65,59,177,76,92,0,2,2,3,,0,0,0,0,0,0,0,0,0,0,0.728,84.354,4.569,191,0,339,0,0,11728,0,0,3,16,16,125,12,0,1.6,0,15000,0,6,65,65.167,15.246,18.281,13.562,,,,198,0,0,0,0,,0.882,0,0,0,0,0,0,0,0,0,0,0,0,0,0,0,0,0,0,0,1.155,2.246,10.04,0.042,0,kalabalik
11,Run50_AlphaDengeV1,Elektrik yolu,bahcivan,standart,102,taban,24,,,324,156,102,0,0,66,120,72,76,43,13,6706,6706,1,0,0,1404,728,168,1808,807,885,47007,63,9,56.1,1.25,1.69,1.516,1.365,6,0.3,2,42,6,1,1.23,1.37,1.63,1.88,100,74,53,43,0,0,1.46,2.35,5.78,5.68,20,81,0.792,0.543,3.492,1508,6,118,0,keskin_bicakx1 bereketli_toprakx1 hizli_bilekx1 kivilcimx2 yikim_gucux2,48,0,65,62,186,81,96,0,2,2,3,,0,0,0,0,0,0,0,0,0,0,0.79,103.169,4.985,168,0,371,0,0,11735,0,0,3,19,19,575,13,0,1.6667,0,17000,0,9,65,65.167,12.907,16.283,9.772,,,,188,0,0,0,0,,0.81,0,0,0,0,0,0,0,0,0,0,0,0,0,0,0,0,0,0,0,1.138,2.083,9.342,0.048,0,kalabalik
11,Run50_AlphaDengeV1,Elektrik yolu,bahcivan,standart,102,taban,25,,,335,164,89,0,0,82,115,74,82,44,20,9719,16425,1,0,0,1626,904,196,2169,911,1031,67596,67,12,60.05,1.25,1.69,1.516,1.365,6,0.3,2,42,6,1,1.32,1.21,1.38,1.82,100,65,66,43,36,0,2.35,1.2,2.86,8.26,20,81,0.784,0.556,3.492,1508,6,124,0,keskin_bicakx1 bereketli_toprakx1 hizli_bilekx1 kivilcimx2 yikim_gucux2,52,0,65,66,198,81,105,0,2,2,3,,0,0,0,0,0,0,0,0,0,0,0.716,149.523,5.154,171,0,354,0,0,7331,0,0,3,19,19,575,13,0,1.6667,0,20000,0,9,65,65.167,9.671,11.591,7.83,,,,194,0,0,0,0,,0.831,0,0,0,0,0,0,0,0,0,0,0,0,0,0,0,0,0,0,0,1.12,2.124,10.128,0.045,0,kalabalik
11,Run50_AlphaDengeV1,Elektrik yolu,bahcivan,standart,102,taban,26,,,545,209,188,0,0,148,172,137,138,78,20,11688,28113,1,11688,1,2316,1400,318,2525,1421,1349,54782,69,6,69.27,1.25,1.69,1.468,1.415,9,0.3,2,44,8.75,1,1.1,1.33,1.39,1.67,100,86,63,56,62,0,1.22,3.07,4.45,4.66,20,81,0.563,0.346,3.444,1529,4,128,0,keskin_bicakx1 bereketli_toprakx1 hizli_bilekx1 kivilcimx2 yikim_gucux2,61,0,65,68,204,81,117,0,2,2,3,,0,0,0,0,0,0,0,0,0,0,0.617,179.815,8.385,336,0,444,0,0,21113,0,0,3,19,19,575,13,0,1.6667,0,22000,0,12,65,65.167,9.909,15.502,6.43,,,,355,0,0,0,0,,0.888,0,0,0,0,0,0,0,0,0,0,0,0,0,0,0,0,0,0,0,1.167,2.25,9.312,0.057,0,kalabalik
11,Run50_AlphaDengeV1,Elektrik yolu,bahcivan,standart,102,taban,27,,,600,234,189,0,0,177,202,166,129,87,16,12578,12578,1,0,0,2644,1160,476,2859,1621,1825,83993,73,12,73.42,1.25,1.69,1.468,1.415,9,0.317,2,44,8.91,1,1.13,1.3,1.26,1.89,100,84,60,75,30,0,1.56,2.47,1.93,5.06,20,81,0.672,0.333,3.275,1607,8,136,0,keskin_bicakx1 bereketli_toprakx1 hizli_bilekx1 kivilcimx3 yikim_gucux2,74,0,65,72,216,81,123,0,2,2,3,,0,0,0,0,0,0,0,0,0,0,0.432,193.508,9.231,366,0,477,0,0,14106,0,0,3,19,19,1165,13,0,1.7333,0,25000,0,6,65,65.167,5.83,8.414,4.178,,,,387,0,0,0,0,,0.89,0,0,0,0,0,0,0,0,0,0,0,0,0,0,0,0,0,0,0,1.174,2.225,16.043,0.062,0,kalabalik
11,Run50_AlphaDengeV1,Elektrik yolu,bahcivan,standart,102,taban,28,,,622,241,210,0,0,171,207,174,131,82,28,15859,28437,1,0,0,2758,1587,588,3067,2008,2348,83204,76,9,83.44,1.25,1.69,1.422,1.415,9,0.317,2,45,8.76,1,1.03,1.24,1.2,1.33,100,93,71,64,56,0,0.13,3.68,1.75,1.74,20,81,0.652,0.395,3.251,1619,6,142,0,keskin_bicakx1 bereketli_toprakx1 hizli_bilekx1 kivilcimx3 yikim_gucux2,75,0,65,75,225,81,135,0,2,2,3,,0,0,0,0,0,0,0,0,0,0,0.704,243.985,9.569,381,0,545,0,0,19310,0,0,3,19,19,1165,13,0,1.7333,0,28000,0,12,65,65.167,5.589,8.416,3.801,,,,407,0,0,0,0,,0.891,0,0,0,0,0,0,0,0,0,0,0,0,0,0,0,0,0,0,0,1.195,2.344,9.702,0.063,0,kalabalik
11,Run50_AlphaDengeV1,Elektrik yolu,bahcivan,standart,102,taban,29,,,654,231,215,0,0,208,211,161,169,87,26,16263,44700,1,0,0,2800,2091,524,3347,3089,2872,88473,79,9,83.44,1.25,1.69,1.422,1.465,9,0.317,2,45,8.98,1,1.11,1.23,1.44,1.71,100,85,66,55,62,0,1.6,2.23,4.13,8.12,20,81,0.664,0.358,3.12,1688,6,148,0,keskin_bicakx1 bereketli_toprakx1 hizli_bilekx1 kivilcimx3 yikim_gucux2,77,0,65,78,234,81,144,0,2,2,3,,0,0,0,0,0,0,0,0,0,0,0.63,250.2,10.062,423,0,541,0,0,20783,0,0,3,19,19,1895,13,0,1.8,0,31000,0,9,65,65.167,5.519,8.762,3.747,,,,452,0,0,0,0,,0.863,0,0,0,0,0,0,0,0,0,0,0,0,0,0,0,0,0,0,0,1.217,2.333,14.463,0.064,0,kalabalik
11,Run50_AlphaDengeV1,Elektrik yolu,bahcivan,standart,102,taban,30,,,675,219,256,0,0,200,238,196,120,91,30,15946,60646,1,15946,1,4002,1598,524,4304,3377,3316,97930,82,9,94.04,1.25,1.69,1.377,1.515,9,0.333,2,47,8.89,1.02,1.12,1.15,1.48,1.4,98,86,76,55,44,0.15,2.43,1.13,4.72,4,20,81,0.659,0.37,3.095,1701,7,155,0,keskin_bicakx1 bereketli_toprakx1 hizli_bilekx1 kivilcimx3 yikim_gucux2,73,0,65,81,243,81,153,0,2,2,3,,0,0,0,0,0,0,0,0,0,0,0.667,245.323,10.385,456,0,614,0,0,22713,0,0,3,19,19,1895,13,0,1.8,0,34000,0,9,65,65.167,4.881,8.023,3.372,,,,481,0,0,0,0,,0.901,0,0,0,0,0,0,0,0,0,0,0,0,0,0,0,0,0,0,0,1.221,2.403,6.277,0.063,0,kalabalik
11,Run50_AlphaDengeV1,Elektrik yolu,bahcivan,standart,102,taban,31,,,911,324,333,0,0,254,282,243,202,142,42,25019,25019,1,0,0,4847,2548,884,6121,4785,4200,133435,86,12,94.04,1.25,1.69,0.964,1.515,9,0.333,2,67,8.63,1,1.08,1.25,1.38,1.38,100,90,72,56,61,0,0.51,1.57,1.78,1.78,20,81,0.57,0.346,2.964,1776,6,161,0,keskin_bicakx1 bereketli_toprakx1 hizli_bilekx1 kivilcimx3 yikim_gucux2 firtina_bilegix1,98,0,65,85,255,81,162,0,2,2,3,,0,0,0,0,0,0,0,0,0,0,0.556,384.908,14.015,587,0,614,0,0,13148,0,0,3,19,19,2755,13,0,1.8667,0,39000,0,9,65,65.167,3.313,5.211,2.265,,,,623,0,0,0,0,,0.884,0,0,0,0,0,0,0,0,0,0,0,0,0,0,0,0,0,0,0,1.364,2.561,14.578,0.081,0,kalabalik
11,Run50_AlphaDengeV1,Elektrik yolu,bahcivan,standart,102,taban,32,,,935,314,343,0,0,278,309,264,191,128,43,24320,49339,1,0,0,5413,2689,940,8544,7354,5045,144771,89,9,100.86,1.25,1.69,0.964,1.565,9,0.35,2,67,8.66,1,1.06,1.17,1.18,1.47,100,90,73,70,52,0,0.49,1.48,1.55,3.47,20,81,0.574,0.309,2.909,1810,5,166,0,keskin_bicakx1 bereketli_toprakx1 hizli_bilekx1 kivilcimx3 yikim_gucux2 firtina_bilegix1,99,0,65,88,264,81,173,1,2,2,3,,0,0,0,0,0,0,0,0,0,0,0.679,374.154,14.385,621,0,660,0,0,37919,0,0,3,19,19,2755,13,1,1.96,0.05,42000,0,12,65,65.167,3.261,5.735,2.011,,,,671,0,0,0,0,,0.866,0,0,0,0,0,0,0,0,0,0,0,0,0,0,0,0,0,0,0,1.321,2.445,10.702,0.077,0,kalabalik
11,Run50_AlphaDengeV1,Elektrik yolu,bahcivan,standart,102,taban,33,,,764,351,213,0,0,200,225,211,182,104,42,21170,70509,1,21170,1,5141,2864,856,12065,8188,5901,119494,92,9,109.45,1.25,1.69,0.925,1.565,9,0.35,2,70,8.36,1,1.03,1.2,1.26,1.29,100,94,75,65,63,0,0.14,1.54,1.59,2.71,20,81,0.511,0.272,2.537,2076,4,170,0,keskin_bicakx1 bereketli_toprakx1 hizli_bilekx1 kivilcimx3 yikim_gucux2 firtina_bilegix1,78,0,65,91,273,81,174,9,2,2,3,,0,0,0,0,0,0,0,0,0,0,0.481,325.692,11.754,413,0,653,0,0,26413,0,0,3,19,19,3755,13,1,2.03,0.05,46000,0,9,65,65.167,3.754,5.205,2.521,,,,474,0,0,0,0,,0.806,0,0,0,0,0,0,0,0,0,0,0,0,0,0,0,0,0,0,0,1.322,2.558,10.531,0.075,0,kalabalik
11,Run50_AlphaDengeV1,Elektrik yolu,bahcivan,standart,102,taban,34,,,1185,465,406,0,0,314,378,305,268,186,48,32502,32502,1,0,0,7554,4152,1596,14269,11700,7387,176773,96,12,120.36,1.25,1.69,0.696,1.615,9,0.367,2,93,8.7,1,1.04,1.22,1.4,1.33,100,95,73,62,77,0,0.27,1.47,1.91,2.2,20,81,0.576,0.309,2.338,2252,7,177,0,keskin_bicakx1 bereketli_toprakx1 hizli_bilekx2 kivilcimx3 yikim_gucux2 firtina_bilegix1,118,0,65,95,285,81,174,18,2,2,3,,0,0,0,0,0,0,0,0,0,0,0.568,500.031,18.231,720,0,763,0,0,9186,0,0,3,19,19,3755,13,2,2.1073,0.09,52000,0,9,65,65.167,2.572,3.795,1.782,,,,750,0,0,0,0,,0.897,0,0,0,0,0,0,0,0,0,0,0,0,0,0,0,0,0,0,0,1.499,3.047,11.761,0.099,0,kalabalik
11,Run50_AlphaDengeV1,Elektrik yolu,bahcivan,standart,102,taban,35,,,1356,565,445,0,0,346,446,341,304,199,66,38588,71090,1,0,0,8997,5421,1779,22166,14831,9166,236021,100,12,141.02,1.25,1.69,0.609,1.615,9,0.367,2,106,8.6,1,1,1.13,1.27,1.38,100,100,85,68,56,0,0,0.59,1.38,2.11,20,81,0.57,0.284,2.062,2553,3,180,0,keskin_bicakx1 bereketli_toprakx1 hizli_bilekx2 kivilcimx3 yikim_gucux2 firtina_bilegix1,132,0,65,99,297,81,174,30,2,2,3,,0,0,0,0,0,0,0,0,0,0,0.667,593.662,20.862,791,0,889,0,0,27207,0,0,3,19,19,4855,13,4,2.34,0.17,58000,0,12,65,65.167,2.189,3.015,1.599,,,,815,0,0,0,0,,0.928,0,0,0,0,0,0,0,0,0,0,0,0,0,0,0,0,0,0,0,1.596,3.251,26.958,0.116,0,kalabalik
11,Run50_AlphaDengeV1,Elektrik yolu,bahcivan,standart,102,taban,36,,,1464,579,477,0,0,408,497,385,333,193,56,37908,108998,1,37908,1,10821,6034,1799,30507,20865,10840,301246,105,15,157.11,1.25,1.69,0.556,1.665,9,0.383,2,116,8.56,1,1.07,1.21,1.29,1.53,100,89,78,69,58,0,0.33,0.77,1.62,2.19,20,81,0.567,0.333,1.905,2764,4,184,0,keskin_bicakx1 bereketli_toprakx1 hizli_bilekx2 kivilcimx3 yikim_gucux2 firtina_bilegix1,142,0,65,104,312,81,174,42,2,2,3,,0,0,0,0,0,0,0,0,0,0,0.568,583.2,22.523,885,0,1013,0,0,20453,0,0,3,19,19,4855,13,7,2.58,0.29,67000,0,12,65,65.167,2.033,2.94,1.439,,,,942,0,0,0,0,,0.899,0,0,0,0,0,0,0,0,0,0,0,0,0,0,0,0,0,0,0,1.628,3.271,9.446,0.117,0,kalabalik
11,Run50_AlphaDengeV1,Elektrik yolu,bahcivan,standart,102,taban,37,,,1799,726,570,0,0,503,570,487,395,260,87,53058,53058,1,0,0,14523,7808,2693,40110,27973,13533,417180,111,18,207.17,1.25,1.69,0.528,1.665,9,0.383,2.75,123,8.79,1,1,1.01,1.1,1.35,100,100,99,89,70,0,0,0.08,0.42,1.77,20,81,0.563,0.284,1.577,3339,4,188,0,keskin_bicakx1 bereketli_toprakx1 hizli_bilekx2 kivilcimx3 yikim_gucux2 firtina_bilegix1 agir_darbex1,171,0,65,110,330,81,174,57,2,2,3,,0,0,0,0,0,0,0,0,0,0,0.383,816.277,27.677,1073,0,1783,0,0,9633,0,0,3,19,19,6155,13,11,3.0173,0.46,78000,0,15,65,65.167,1.614,2.408,1.077,,,,1073,0,0,0,0,,0.983,0,0,0,0,0,0,0,0,0,0,0,0,0,0,0,0,0,0,0,1.748,3.47,8.889,0.126,0,kalabalik
11,Run50_AlphaDengeV1,Elektrik yolu,bahcivan,standart,102,taban,38,,,2118,878,682,0,0,558,693,556,492,281,96,59314,112372,1,0,0,18324,11166,3995,58054,37439,17388,526329,117,18,254.46,1.25,1.69,0.444,1.665,9,0.4,2.75,146,8.63,1,1,1,1.04,1.24,100,100,100,97,79,0,0,0,0.1,1.15,20,81,0.532,0.296,1.387,3796,3,191,0,keskin_bicakx1 bereketli_toprakx1 hizli_bilekx2 kivilcimx3 yikim_gucux2 firtina_bilegix1 agir_darbex1,197,0,65,116,348,81,174,75,2,2,3,,0,0,0,0,0,0,0,0,0,0,0.556,912.523,32.585,1240,0,2261,0,0,37962,0,0,3,19,19,6155,13,14,3.2447,0.57,90000,0,18,65,65.167,1.311,1.943,0.863,,,,1240,0,0,0,0,,0.996,0,0,0,0,0,0,0,0,0,0,0,0,0,0,0,0,0,0,0,1.857,3.725,11.971,0.144,0,kalabalik
11,Run50_AlphaDengeV1,Elektrik yolu,bahcivan,standart,102,taban,39,,,2285,983,726,0,0,576,679,615,583,309,99,64381,176753,1,0,0,22137,14431,4470,73591,51100,21858,605337,123,18,334.57,1.25,1.69,0.422,1.665,9,0.4,2.75,154,8.81,1,1,1,1,1,100,100,100,100,100,0,0,0,0,0,20,81,0.581,0.296,1.162,4531,4,195,0,keskin_bicakx1 bereketli_toprakx1 hizli_bilekx2 kivilcimx3 yikim_gucux2 firtina_bilegix1 agir_darbex1,199,0,65,122,366,81,174,93,2,2,3,,0,0,0,0,0,0,0,0,0,0,0.519,990.477,35.154,1302,0,3011,0,0,71299,0,0,3,19,19,7555,13,18,3.6693,0.72,100000,0,18,65,65.167,1.279,1.768,0.91,,,,1302,0,0,0,0,,1,0,0,0,0,0,0,0,0,0,0,0,0,0,0,0,0,0,0,0,1.893,3.834,8.934,0.155,0,kalabalik
11,Run50_AlphaDengeV1,Elektrik yolu,bahcivan,standart,102,taban,40,,,2088,778,685,0,0,625,604,543,494,348,99,66438,243191,1,66438,1,25856,16374,6453,99027,65574,28156,739156,130,21,422.32,1.25,1.69,0.389,1.665,9,0.417,2.75,167,6,1,1,1,1,1,100,100,100,100,100,0,0,0,0,0,20,81,0.657,0.358,0.971,5425,3,198,0,keskin_bicakx1 bereketli_toprakx1 hizli_bilekx2 kivilcimx3 yikim_gucux2 firtina_bilegix1 agir_darbex1,194,0,65,129,387,81,174,111,2,2,3,,0,0,0,0,0,0,0,0,0,0,0.519,1022.123,32.123,1310,0,3774,0,0,30455,0,0,3,19,19,7555,13,20,3.84,0.8,120000,0,18,65,65.167,1.616,2.488,1.098,,,,1310,0,0,0,0,,1,0,0,0,0,0,0,0,0,0,0,0,0,0,0,0,0,0,0,0,1.815,3.639,9.301,0.147,0,kalabalik
11,Run50_AlphaDengeV1,Elektrik yolu,bahcivan,standart,102,taban,41,,,3918,1414,1805,0,0,699,1113,1052,940,607,206,124496,124496,1,0,0,53050,33026,12722,144777,98600,40728,1169676,139,27,482.44,1.25,1.69,0.292,1.665,9,0.417,2.861,222,8.67,1,1,1,1,1,100,100,100,100,100,0,0,0,0,0,20,81,0.5,0.16,0.777,6773,4,202,0,keskin_bicakx1 bereketli_toprakx1 hizli_bilekx2 kivilcimx3 yikim_gucux2 firtina_bilegix1 agir_darbex1 artci_patlamax1,350,0,65,138,414,81,174,132,2,2,3,artci_patlama@R40,571,567,4,928,928,0,0,2,0,0,0.543,1915.323,60.277,1576,0,4530,0,0,20131,0,0,3,19,19,9055,13,25,4.422,1.01,150000,0,21,65,65.167,0.699,0.945,0.551,,,0.555,1576,0,0,0,0,,1,0,0,0,0,0,0,0,0,0,0,0,0,0,0,0,0,0,0,0,2.998,5.355,55.253,0.208,1,kalabalik
11,Run50_AlphaDengeV1,Elektrik yolu,bahcivan,standart,102,taban,42,,,5691,1774,2473,0,0,1444,1672,1527,1321,907,264,166976,291472,1,0,0,88610,62685,22839,232522,161285,61497,2198720,151,36,604,1.25,1.69,0.253,1.665,9,0.433,2.861,256,8.97,1,1,1,1,1,100,100,100,100,100,0,0,0,0,0,29,121,0.577,0.298,0.686,11471,3,205,14,keskin_bicakx1 bereketli_toprakx1 hizli_bilekx2 kivilcimx3 yikim_gucux2 firtina_bilegix1 agir_darbex1 artci_patlamax1,498,0,65,150,450,81,174,159,2,2,3,artci_patlama@R40,500,500,0,1276,1276,0,0,1,0,0,0.579,2568.862,87.554,2641,0,5678,0,0,6351,0,0,3,19,19,9055,13,32,5.148,1.34,232500,0,27,65,65.167,0.777,1.247,0.579,,,0.5,2641,0,0,0,0,,1,0,0,0,0,0,0,0,0,0,0,0,0,0,0,0,0,0,0,0,3.383,6.183,23.986,0.273,0,kalabalik
11,Run50_AlphaDengeV1,Elektrik yolu,bahcivan,standart,102,taban,43,,,5907,1746,2520,0,0,1641,1661,1586,1406,947,307,182946,474418,1,182946,1,113515,79033,30683,341937,240318,91985,2414296,160,27,636.13,1.25,1.69,0.253,1.665,9,0.433,2.972,256,8.98,1,1,1,1,1,100,100,100,100,100,0,0,0,0,0,29,121,0.594,0.339,0.626,12570,2,207,0,keskin_bicakx1 bereketli_toprakx1 hizli_bilekx2 kivilcimx3 yikim_gucux2 firtina_bilegix1 agir_darbex1 artci_patlamax1,523,0,65,159,477,117,174,159,2,2,3,artci_patlama@R40,527,527,0,1283,1283,0,0,13,0,0,0.488,2814.554,90.877,2878,0,6170,0,0,58147,0,0,3,25,25,9055,20,32,5.148,1.34,300000,0,36,65,65.167,0.776,1.251,0.599,,,0.488,2878,0,0,0,0,,1,0,0,0,0,0,0,0,0,0,0,0,0,0,0,0,0,0,0,0,3.591,6.749,20.035,0.29,0,kalabalik
11,Run50_AlphaDengeV1,Elektrik yolu,bahcivan,standart,102,taban,44,,,6022,1744,2578,0,0,1700,1665,1612,1447,985,313,192064,192064,1,0,0,113495,80134,31292,452712,320452,123277,2710789,168,24,636.13,1.25,1.69,0.253,1.665,9,0.45,2.972,256,8.98,1,1,1,1,1,100,100,100,100,100,0,0,0,0,0,29,121,0.602,0.256,0.574,13704,2,209,0,keskin_bicakx1 bereketli_toprakx2 hizli_bilekx2 kivilcimx3 yikim_gucux2 firtina_bilegix1 agir_darbex1 artci_patlamax1,561,0,65,167,501,121,197,159,2,2,3,artci_patlama@R40,523,523,0,1246,1246,0,0,16,0,0,0.488,2954.831,92.646,3032,0,6198,0,0,158936,0,0,3,26,26,9055,22,32,5.148,1.34,360000,0,27,65,65.167,0.797,1.266,0.598,,,0.576,3032,0,0,0,0,,1,0,0,0,0,0,0,0,0,0,0,0,0,0,0,0,0,0,0,0,3.609,6.528,241.311,0.28,0,kalabalik
11,Run50_AlphaDengeV1,Elektrik yolu,bahcivan,standart,102,taban,45,,,6011,1737,2594,0,0,1680,1581,1552,1480,1065,333,202697,394761,1,0,0,114036,86087,32786,566748,406539,155823,2835212,175,21,636.13,1.25,1.69,0.253,1.665,9,0.45,3.083,256,8.99,1,1,1,1,1,100,100,100,100,100,0,0,0,0,0,29,121,0.601,0.347,0.574,13704,1,210,0,keskin_bicakx1 bereketli_toprakx2 hizli_bilekx2 kivilcimx3 yikim_gucux2 firtina_bilegix1 agir_darbex1 artci_patlamax1,537,0,65,174,522,121,221,159,2,2,3,artci_patlama@R40,543,543,0,1298,1298,0,0,17,0,0,0.653,3118.415,92.477,2976,0,6402,0,0,316648,0,0,3,26,26,9055,22,32,5.148,1.34,412500,0,24,65,65.167,0.787,1.258,0.601,,,0.531,2976,0,0,0,0,,1,0,0,0,0,0,0,0,0,0,0,0,0,0,0,0,0,0,0,0,3.503,6.494,15.291,0.293,0,kalabalik
11,Run50_AlphaDengeV1,Elektrik yolu,bahcivan,standart,102,taban,46,,,4834,1993,1428,0,0,1413,1302,1277,1209,785,261,160222,554983,1,160222,1,91042,70308,26172,655390,476847,181995,3121467,182,21,661.57,1.25,1.69,0.243,1.665,9,0.45,3.083,267,8.93,1,1,1,1,1,100,100,100,100,100,0,0,0,0,0,29,121,0.479,0.256,0.553,14220,1,211,0,keskin_bicakx1 bereketli_toprakx2 hizli_bilekx2 kivilcimx3 yikim_gucux2 firtina_bilegix1 agir_darbex1 artci_patlamax1,410,0,65,181,543,121,236,165,2,2,3,artci_patlama@R40,322,318,4,764,764,0,0,19,0,0,0.62,2464.954,74.369,2077,0,6711,0,0,393115,0,0,3,26,26,9055,22,33,5.258,1.39,465000,0,21,65,65.167,0.761,1.057,0.578,,,0.477,2077,0,0,0,0,,1,0,0,0,0,0,0,0,0,0,0,0,0,0,0,0,0,0,0,0,2.84,5.349,15.784,0.249,0,kalabalik
11,Run50_AlphaDengeV1,Elektrik yolu,bahcivan,standart,102,taban,47,,,7539,2225,3216,0,0,2098,2031,2000,1914,1204,390,242719,242719,1,0,0,163776,115016,41714,819166,591863,223419,4269194,191,27,869.76,1.25,1.69,0.2,1.665,9,0.45,3.194,325,8.95,1,1,1,1,1,100,100,100,100,100,0,0,0,0,0,29,121,0.546,0.264,0.5,15730,1,212,0,keskin_bicakx1 bereketli_toprakx3 hizli_bilekx2 kivilcimx3 yikim_gucux2 firtina_bilegix1 agir_darbex1 artci_patlamax1,669,0,65,190,570,121,236,186,2,2,3,artci_patlama@R40,640,640,0,1664,1664,0,0,26,0,0,0.38,3734.138,115.985,3650,0,9149,0,0,207309,0,0,3,26,26,9055,22,38,5.742,1.61,532500,0,21,65,65.167,0.533,0.882,0.441,,,0.271,3650,0,0,0,0,,1,0,0,0,0,0,0,0,0,0,0,0,0,0,0,0,0,0,0,0,4.11,7.244,34.701,0.369,0,kalabalik
11,Run50_AlphaDengeV1,Elektrik yolu,bahcivan,standart,102,taban,48,,,8695,2695,3699,0,0,2301,2257,2225,2244,1477,492,298790,541509,1,0,0,217081,164936,58302,1036247,756799,281721,5174470,200,27,1037.16,1.25,1.69,0.166,1.665,9,0.45,3.194,391,8.99,1,1,1,1,1,100,100,100,100,100,0,0,0,0,0,29,121,0.476,0.248,0.5,15730,0,212,0,keskin_bicakx1 bereketli_toprakx3 hizli_bilekx2 kivilcimx3 yikim_gucux2 firtina_bilegix1 agir_darbex1 artci_patlamax1,771,0,65,199,597,121,236,213,2,2,3,artci_patlama@R40,821,815,6,1860,1860,0,0,18,0,0,0.421,4596.769,133.769,4140,0,10803,0,0,319279,0,0,3,26,26,9055,22,44,6.336,1.88,600000,0,27,65,65.167,0.455,0.722,0.307,,,0.338,4140,0,0,0,0,,1,0,0,0,0,0,0,0,0,0,0,0,0,0,0,0,0,0,0,0,4.609,8.514,55.289,0.407,1,kalabalik
11,Run50_AlphaDengeV1,Elektrik yolu,bahcivan,standart,102,taban,49,,,10115,3313,4228,0,0,2574,2411,2786,2679,1694,545,337375,878884,1,0,0,361711,271113,100273,1397958,1027912,381664,6800008,211,33,1431.72,1.25,1.69,0.135,1.665,9,0.45,3.306,480,8.98,1,1,1,1,1,100,100,100,100,100,0,0,0,0,0,29,121,0.392,0.149,0.5,15730,1,213,0,keskin_bicakx1 bereketli_toprakx3 hizli_bilekx2 kivilcimx3 yikim_gucux2 firtina_bilegix1 agir_darbex1 artci_patlamax1,882,0.001,65,210,630,121,236,240,2,2,3,artci_patlama@R40,1035,1026,9,1901,1901,0,0,218,4,0,0.372,5190.385,155.615,4901,0,15564,0,0,106787,0,0,3,26,26,9055,22,48,6.776,2.08,682500,0,27,65,65.167,0.274,0.466,0.203,,,0.119,4901,0,0,0,0,,1,0,0,0,0,0,0,0,0,0,0,0,0,0,0,0,0,0,0,0,5.125,8.908,26.086,0.484,0,kalabalik
11,Run50_AlphaDengeV1,Elektrik yolu,bahcivan,standart,102,taban,50,,,9815,3107,4416,0,0,2292,2318,2711,2534,1659,593,345979,1224863,1,345979,1,538544,413812,148711,1936502,1441724,530375,6990262,220,27,1740.27,1.25,1.69,0.103,1.665,9,0.45,3.306,632,6,1,1,1,1,1,100,100,100,100,100,0,0,0,0,0,29,121,0.406,0.174,0.5,15730,0,213,0,keskin_bicakx1 bereketli_toprakx3 hizli_bilekx2 kivilcimx3 yikim_gucux2 firtina_bilegix1 agir_darbex1 artci_patlamax1,839,0,65,219,657,121,236,273,2,2,3,artci_patlama@R40,798,795,3,2407,2407,0,0,174,0,0,0.397,5322.754,151,4301,0,18820,0,0,684549,0,0,3,26,26,9055,22,55,7.524,2.42,750000,0,33,65,65.167,0.327,0.561,0.206,,,0.187,4301,0,0,0,0,,1,0,0,0,0,0,0,0,0,0,0,0,0,0,0,0,0,0,0,0,5.002,8.68,52.74,0.469,0,kalabalik
11,Run50_AlphaDengeV1,Elektrik yolu,bahcivan,standart,102,taban,50,KAZANDI
12,Run50_AlphaDengeV1,Davranış yönü,bahcivan,standart,100,taban,1,,,13,13,0,0,0,0,12,1,0,0,0,15,15,1,0,0,28,0,0,28,0,0,270,1,0,10,1,1,3,0.9,4,0.3,2,13,2.08,1.83,3,,,,21,0,,,,2.5,6,,,,2,4,0.346,0,8,23,0,0,2,,3,0.205,45,0,0,0,0,0,0,0,0,,0,0,0,0,0,0,0,0,0,0,0.5,0.333,0.289,0,0,22,0,0,270,0,0,0,0,0,0,0,0,1,0,390,0,0,45,45.133,4.138,4.138,,,,,0,0,0,0,0,,,0,0,0,0,0,0,0,0,0,0,0,0,0,0,0,0,0,0,0,0.54,1.159,8.339,0.016,0,kalabalik
12,Run50_AlphaDengeV1,Davranış yönü,bahcivan,standart,100,taban,2,,,15,15,0,0,0,0,13,2,0,0,0,19,34,1,0,0,34,0,0,37,0,0,320,2,3,10.67,1,1,3,0.9,4,0.3,2,14,2.14,1.77,2,,,,8,0,,,,4.15,3,,,,3,5,0.425,0.2,8,28,1,1,1,,3,0,45,1,3,0,0,0,0,0,0,,0,0,0,0,0,0,0,0,0,0,0.8,0.422,0.333,0,0,24,0,0,200,0,0,0,0,0,0,0,0,1,0,410,0,0,45,45.133,6.018,6.018,,,,,0,0,0,0,0,,,0,0,0,0,0,0,0,0,0,0,0,0,0,0,0,0,0,0,0,0.58,1.224,5.399,0.014,0,kalabalik
12,Run50_AlphaDengeV1,Davranış yönü,bahcivan,standart,100,taban,3,,,15,15,0,0,0,0,10,4,1,0,0,32,66,1,32,1,36,4,0,39,4,0,360,3,3,11.33,1,1,3,0.9,4,0.3,2,14,2.64,1.8,2.75,3,,,25,0,0,,,4.2,6.75,6,,,4,6,0.594,0.167,8,34,2,3,1,,4,0,45,2,6,3,0,0,2,0,0,,0,0,0,0,0,0,0,0,0,0,0.5,0.711,0.333,0,0,26,0,0,150,0,0,3,3,1,0,0,0,1,0,420,0,3,45,45.133,7.756,7.756,,,,,0,0,0,0,0,,,0,0,0,0,0,0,0,0,0,0,0,0,0,0,0,0,0,0,0,0.563,1.147,5.281,0.015,0,kalabalik
12,Run50_AlphaDengeV1,Davranış yönü,bahcivan,standart,100,taban,4,,,26,26,0,0,0,0,22,3,1,0,0,53,53,1,0,0,56,4,0,68,8,0,601,4,3,12,1.25,1,2.892,0.9,4,0.3,2,15,2.8,1.5,2,1,,,46,0,,,,2.11,2.89,0,,,4,6,0.507,0,6.259,43,4,7,0,keskin_bicakx1,5,0.033,45,3,9,6,0,0,2,0,4,,0,0,0,0,0,0,0,0,0,0,0.5,1.178,0.578,0,0,34,0,0,331,0,0,3,3,1,6,0,0,1.0667,0,440,0,3,45,45.133,6.685,6.685,,,,,0,0,0,0,0,,,0,0,0,0,0,0,0,0,0,0,0,0,0,0,0,0,0,0,0,0.603,1.258,4.069,0.017,0,kalabalik
12,Run50_AlphaDengeV1,Davranış yönü,bahcivan,standart,100,taban,5,,,29,26,3,0,0,0,26,2,1,0,0,50,103,1,0,0,60,4,0,68,12,0,653,6,6,12,1.25,1,2.892,0.9,4,0.3,2,15,3.53,1.61,2,3,,,28,0,,,,2.39,7.23,8.67,,,6,9,0.566,0.111,6.774,60,0,7,2,keskin_bicakx1,6,0.044,45,5,15,9,0,0,2,0,4,,0,0,0,0,0,0,0,0,0,0,0.667,1.111,0.644,3,0,40,0,0,74,0,0,3,4,4,6,0,0,1.0667,0,490,0,3,45,45.133,6.703,6.544,8.089,,,,7,0,0,0,0,,0.373,0,0,0,0,0,0,0,0,0,0,0,0,0,0,0,0,0,0,0,0.659,1.297,4.076,0.017,0,kalabalik
12,Run50_AlphaDengeV1,Davranış yönü,bahcivan,standart,100,taban,6,,,28,27,1,0,0,0,20,8,0,0,0,57,160,1,57,1,72,0,0,74,12,0,676,7,3,12.67,1.25,1,2.789,0.9,4,0.3,2,19,2.68,1.53,1.88,,,,40,0,0,,,2.49,3.14,,,,6,9,0.452,0.111,6.383,78,5,12,0,keskin_bicakx1,5,0.009,55,6,18,9,6,0,2,0,4,,0,0,0,0,0,0,0,0,0,0,0.667,1.036,0.509,1,0,47,0,0,260,0,0,3,4,4,6,0,0,1.0667,0,520,0,6,55,55.133,7.588,7.842,0.733,,,,1,0,0,0,0,,0.444,0,0,0,0,0,0,0,0,0,0,0,0,0,0,0,0,0,0,0,0.643,1.252,4.141,0.017,0,kalabalik
12,Run50_AlphaDengeV1,Davranış yönü,bahcivan,standart,100,taban,7,,,45,39,5,0,0,1,31,10,4,0,0,113,113,1,0,0,102,16,0,105,28,0,1249,9,6,13.33,1.25,1,2.37,0.9,4,0.3,2,23,3.48,1.54,2.22,2.5,,,48,0,0,,,2.19,9.49,16.6,,,8,12,0.648,0.333,6.69,99,1,13,2,keskin_bicakx1 hizli_bilekx1,9,0,55,8,24,12,6,0,2,0,4,,0,0,0,0,0,0,0,0,0,0,0.333,2.055,0.818,6,0,53,0,0,429,0,0,3,4,4,6,2,0,1.0667,0,600,0,3,55,55.133,10.005,10.806,4.8,,,,15,0,0,0,0,,0.365,0,0,0,0,0,0,0,0,0,0,0,0,0,0,0,0,0,0,0,0.797,1.526,9.417,0.02,0,kalabalik
12,Run50_AlphaDengeV1,Davranış yönü,bahcivan,standart,100,taban,8,,,45,41,3,0,0,1,35,6,4,0,0,114,227,1,0,0,100,16,0,103,44,0,1267,11,6,14,1.25,1,2.37,0.9,4,0.3,2,23,3.52,1.47,2,2,,,47,0,0,,,2.23,7.7,11.06,,,9,14,0.647,0.286,6.793,113,4,17,1,keskin_bicakx1 hizli_bilekx1,9,0,55,10,30,18,6,0,2,0,4,,0,0,0,0,0,0,0,0,0,0,0.571,2.073,0.818,4,0,53,0,0,456,0,0,3,9,6,14,2,0,1.1333,0,700,0,6,55,55.133,8.574,8.563,8.683,,,,9,0,0,0,0,,0.249,0,0,0,0,0,0,0,0,0,0,0,0,0,0,0,0,0,0,0,0.71,1.37,5.427,0.022,0,kalabalik
12,Run50_AlphaDengeV1,Davranış yönü,bahcivan,standart,100,taban,9,,,44,38,6,0,0,0,28,4,10,2,0,220,447,1,0,0,76,40,4,91,54,4,1736,13,6,14.67,1.25,1,2.286,0.9,4,0.3,2,24,3.88,1.73,2.25,2.7,3.5,,23,0,0,0,,4.37,9.72,11.89,38.87,,10,16,0.725,0.375,6.707,131,5,22,1,keskin_bicakx1 hizli_bilekx1,9,0,55,12,36,24,6,0,2,0,4,,0,0,0,0,0,0,0,0,0,0,0.438,4,0.8,6,0,42,0,0,742,0,0,3,10,6,14,5,0,1.1333,0,810,0,6,55,55.133,15.675,16.669,9.378,,,,12,0,0,0,0,,0.335,0,0,0,0,0,0,0,0,0,0,0,0,0,0,0,0,0,0,0,0.687,1.382,4.669,0.021,0,kalabalik
12,Run50_AlphaDengeV1,Davranış yönü,bahcivan,standart,100,taban,10,,,53,39,11,0,0,3,37,12,3,1,0,150,597,1,150,1,171,12,2,171,26,6,2140,16,9,16.36,1.25,1,2.204,0.9,4,0.3,2,24,3.79,1.38,2.71,2.5,2,,44,13,0,0,,2.43,11.33,11.02,17.6,,10,16,0.643,0.438,6.478,136,7,29,0,keskin_bicakx1 hizli_bilekx1,10,0,55,15,45,25,11,0,2,0,4,,0,0,0,0,0,0,0,0,0,0,0.688,2.727,0.964,14,0,67,0,0,242,0,0,3,10,6,24,5,0,1.2,0,1000,0,6,55,55.133,10.439,11.807,6.629,,,,29,0,0,0,0,,0.287,0,0,0,0,0,0,0,0,0,0,0,0,0,0,0,0,0,0,0,0.818,1.625,4.477,0.024,0,kalabalik
12,Run50_AlphaDengeV1,Davranış yönü,bahcivan,standart,100,taban,11,,,74,58,11,0,0,5,52,15,7,0,0,193,193,1,0,0,231,28,0,236,54,6,3302,19,9,18.13,1.25,1,2.125,0.9,4,0.3,2,30,3.87,1.32,1.73,2.33,,,49,18,0,0,,3.11,4.83,8.14,,,11,19,0.703,0.474,5.566,222,5,34,1,keskin_bicakx1 hizli_bilekx1 bereketli_toprakx1,11,0,65,18,54,25,20,0,2,0,4,,0,0,0,0,0,0,0,0,0,0,0.632,2.969,1.138,16,0,73,0,0,244,0,0,3,10,7,36,5,0,1.2667,0,1300,0,9,65,65.167,10.474,10.491,10.415,,,,35,0,0,0,0,,0.268,0,0,0,0,0,0,0,0,0,0,0,0,0,0,0,0,0,0,0,0.832,1.563,19.996,0.028,0,kalabalik
12,Run50_AlphaDengeV1,Davranış yönü,bahcivan,standart,100,taban,12,,,76,59,15,0,0,2,51,15,6,4,0,302,495,1,0,0,228,24,8,245,53,14,3579,21,6,18.13,1.25,1,2.048,0.9,4,0.3,2,31,4,1.37,2,2.6,3.5,,45,8,0,0,,3.66,7.32,11.88,19.45,,14,24,0.759,0.5,5.367,291,4,38,3,keskin_bicakx1 hizli_bilekx1 bereketli_toprakx1,12,0,65,20,60,25,29,0,2,0,4,,0,0,0,0,0,0,0,0,0,0,0.75,4.646,1.169,17,0,76,0,0,1123,0,0,3,10,9,36,5,0,1.2667,0,1500,0,9,65,65.167,14.433,14.664,13.631,,,,45,0,0,0,0,,0.274,0,0,0,0,0,0,0,0,0,0,0,0,0,0,0,0,0,0,0,0.734,1.518,9.404,0.027,0,kalabalik
12,Run50_AlphaDengeV1,Davranış yönü,bahcivan,standart,100,taban,13,,,112,78,20,0,0,14,82,17,7,5,1,495,990,1,495,1,348,45,10,352,73,24,4896,24,9,20.27,1.25,1,1.904,0.935,4,0.3,2,34,3.85,1.18,1.62,1.25,1.25,,67,25,17,,,1.14,2.78,1.9,3.81,,13,25,0.492,0.24,5.139,316,11,49,2,keskin_bicakx1 hizli_bilekx1 bereketli_toprakx1,14,0,65,23,69,25,35,0,2,0,4,,0,0,0,0,0,0,0,0,0,0,0.56,7.615,1.723,34,0,76,0,0,1019,0,0,3,10,10,66,5,0,1.4,0,1900,0,6,65,65.167,8.909,9.367,7.857,,,,99,0,0,0,0,,0.301,0,0,0,0,0,0,0,0,0,0,0,0,0,0,0,0,0,0,0,0.768,1.52,7.061,0.029,0,kalabalik
12,Run50_AlphaDengeV1,Davranış yönü,bahcivan,standart,100,taban,14,,,146,70,56,0,0,20,83,38,18,6,1,717,717,1,0,0,477,108,12,490,126,36,7948,28,12,24.3,1.25,1.3,1.836,0.97,4,0.3,2,35,3.97,1.37,1.25,1.56,1,4,60,58,31,67,0,3.33,2.02,6.32,0,22.03,11,25,0.651,0.36,4.609,353,12,61,1,keskin_bicakx1 hizli_bilekx1 bereketli_toprakx1 yikim_gucux1,18,0,65,27,81,25,44,0,2,0,4,,0,0,0,0,0,0,0,0,0,0,0.4,11.031,2.246,76,0,94,0,0,367,0,0,3,10,10,104,5,0,1.5333,0,2600,0,9,65,65.167,7.213,8.89,5.668,,,,153,0,0,0,0,,0.377,0,0,0,0,0,0,0,0,0,0,0,0,0,0,0,0,0,0,0,0.874,1.746,15.243,0.031,0,kalabalik
12,Run50_AlphaDengeV1,Davranış yönü,bahcivan,standart,100,taban,15,,,196,94,79,0,1,22,108,48,25,12,3,1250,1967,1,0,0,657,145,33,661,186,69,11485,32,12,24.3,1.25,1.3,1.836,1.005,6,0.3,2,35,5.94,1.38,1.42,1.71,1.67,2.5,57,37,39,13,0,3.97,6.58,3.67,5.81,5.5,15,39,0.651,0.205,4.83,525,5,66,6,keskin_bicakx1 hizli_bilekx1 bereketli_toprakx1 yikim_gucux1,24,0,65,31,93,37,44,0,2,0,4,,0,0,0,0,0,0,0,0,0,0,0.667,19.231,3.015,102,0,92,0,0,252,0,0,3,12,12,125,8,0,1.6,0,3400,0,12,65,65.167,7.454,10.738,4.426,,,,203,0,0,0,0,,0.365,0,0,0,0,0,0,0,0,0,0,0,0,0,0,0,0,0,0,0,1.009,1.963,8.415,0.039,0,kalabalik
12,Run50_AlphaDengeV1,Davranış yönü,bahcivan,standart,100,taban,16,,,255,88,127,3,3,34,119,67,41,21,7,2361,4328,1,2361,1,849,265,60,905,475,89,19164,37,15,25.51,1.25,1.3,1.836,1.04,6,0.3,2,35,6,1.19,1.35,2,2.13,1.67,69,67,32,7,50,1.27,2.89,5.71,5.97,3.68,19,49,0.648,0.367,4.739,672,4,70,8,keskin_bicakx1 hizli_bilekx1 bereketli_toprakx1 yikim_gucux1,32,0,65,36,108,49,44,0,2,0,4,,0,0,0,0,0,0,0,0,0,0,0.694,36.323,3.923,167,0,105,0,0,16,0,0,3,16,16,125,10,0,1.6,0,4700,0,12,65,65.167,5.819,8.257,4.535,,,,319,0,0,0,0,,0.396,0,0,0,0,0,0,0,0,0,0,0,0,0,0,0,0,0,0,0,1.165,2.235,50.94,0.045,0,kalabalik
12,Run50_AlphaDengeV1,Davranış yönü,bahcivan,standart,100,taban,17,,,311,106,148,3,6,48,132,71,70,25,13,3522,3522,1,0,0,1047,530,77,1062,575,166,24239,41,12,33.24,1.25,1.69,1.722,1.075,6,0.3,2,37,5.89,1.11,1.28,1.57,1.33,1.63,87,72,39,46,40,0.79,1.82,4.68,1.72,3.23,19,49,0.621,0.306,4.517,705,9,79,0,keskin_bicakx1 hizli_bilekx1 bereketli_toprakx1 yikim_gucux2,37,0,65,40,120,49,59,0,2,0,4,,0,0,0,0,0,0,0,0,0,0,0.469,54.185,4.785,205,0,135,0,0,3655,0,0,3,16,16,125,10,0,1.6,0,5900,0,15,65,65.167,7.791,10.563,6.358,,,,298,0,0,0,0,,0.63,0,0,0,0,0,0,0,0,0,0,0,0,0,0,0,0,0,0,0,1.159,2.53,9.371,0.044,0,kalabalik
12,Run50_AlphaDengeV1,Davranış yönü,bahcivan,standart,100,taban,18,,,338,111,161,3,2,61,168,84,54,23,9,3296,6818,1,0,0,1056,485,56,1193,1015,222,23404,45,12,39.82,1.25,1.69,1.722,1.11,6,0.3,2,37,5.81,1,1.35,1.6,1.64,1.5,95,65,38,40,25,0,2.13,2.84,2.82,6.03,19,49,0.627,0.347,4.408,723,8,87,0,keskin_bicakx1 hizli_bilekx1 bereketli_toprakx1 yikim_gucux2,40,0,65,44,132,49,71,0,2,0,4,,0,0,0,0,0,0,0,0,0,0,0.571,50.708,5.2,227,0,167,0,0,1259,0,0,3,16,16,125,10,0,1.6,0,7400,0,12,65,65.167,4.54,7.298,3.191,,,,265,0,0,0,0,,0.83,0,0,0,0,0,0,0,0,0,0,0,0,0,0,0,0,0,0,0,1.03,2.084,11.45,0.048,0,kalabalik
12,Run50_AlphaDengeV1,Davranış yönü,bahcivan,standart,100,taban,19,,,349,114,169,4,11,51,156,91,72,21,9,3669,10487,1,0,0,1209,604,72,1327,1581,134,26729,48,9,43.38,1.25,1.69,1.668,1.145,6,0.3,2,38,6,1.02,1.39,1.38,1.57,1,97,65,50,25,25,0.03,3.34,3.56,4.29,0,18,61,0.672,0.295,4.358,910,7,94,5,keskin_bicakx1 hizli_bilekx1 bereketli_toprakx1 yikim_gucux2,48,0,65,47,141,49,83,0,2,0,4,,0,0,0,0,0,0,0,0,0,0,0.705,56.446,5.369,235,0,170,0,0,4588,0,0,3,16,16,125,10,0,1.6,0,8600,0,12,65,65.167,6.912,8.813,5.986,,,,281,0,0,0,0,,0.81,0,0,0,0,0,0,0,0,0,0,0,0,0,0,0,0,0,0,0,1.067,2.15,16.89,0.047,0,kalabalik
12,Run50_AlphaDengeV1,Davranış yönü,bahcivan,standart,100,taban,20,,,377,131,198,7,10,31,196,87,47,40,7,3840,14327,1,3840,1,1275,393,167,1942,811,241,32846,52,12,45.79,1.25,1.69,1.616,1.195,6,0.3,2,40,6,1,1.31,1.33,1.73,3,100,59,61,29,17,0,3.36,2.91,7.97,11.3,23,81,0.613,0.346,4.409,1194,6,100,8,keskin_bicakx1 hizli_bilekx1 bereketli_toprakx1 yikim_gucux2,50,0,65,51,153,58,83,0,2,0,4,,0,0,0,0,0,0,0,0,0,0,0.568,59.077,5.8,246,0,178,0,0,334,0,0,3,18,18,125,12,0,1.6,0,10000,0,9,65,65.167,7.482,10.86,5.683,,,,296,0,0,0,0,,0.803,0,0,0,0,0,0,0,0,0,0,0,0,0,0,0,0,0,0,0,1.244,2.343,9.777,0.051,0,kalabalik
12,Run50_AlphaDengeV1,Davranış yönü,bahcivan,standart,100,taban,21,,,428,114,237,5,10,62,196,124,67,31,10,4325,4325,1,0,0,2116,682,139,3333,1493,380,38845,55,9,49.54,1.25,1.69,1.616,1.23,6,0.3,2,40,6,1,1.48,1.4,1.2,1.25,100,57,50,31,57,0,4.01,3.12,0.81,1.62,23,81,0.691,0.457,4.282,1230,4,104,0,keskin_bicakx1 hizli_bilekx1 bereketli_toprakx1 yikim_gucux2 kivilcimx1,55,0,65,54,162,70,83,0,2,0,4,,0,0,0,0,0,0,0,0,0,0,0.741,66.538,6.585,314,0,196,0,0,6179,0,0,3,21,21,125,12,0,1.6,0,12000,0,12,65,65.167,7.034,10.387,5.817,,,,358,0,0,0,0,,0.82,0,0,0,0,0,0,0,0,0,0,0,0,0,0,0,0,0,0,0,1.309,2.571,7.861,0.052,0,kalabalik
12,Run50_AlphaDengeV1,Davranış yönü,bahcivan,standart,100,taban,22,,,493,128,240,26,34,65,224,129,81,46,13,5964,10289,1,0,0,2427,766,240,4320,1874,620,44369,58,9,49.54,1.25,1.69,1.565,1.315,6,0.3,2,41,6,1,1.16,1.25,1.1,1,100,68,59,60,50,0,1.25,1.17,0.16,0,23,81,0.666,0.469,4.178,1260,7,111,0,keskin_bicakx1 hizli_bilekx1 bereketli_toprakx1 yikim_gucux2 kivilcimx1,61,0,65,57,171,79,83,0,2,0,4,,0,0,0,0,0,0,0,0,0,0,0.642,91.754,7.585,365,0,187,0,0,12548,0,0,3,26,26,575,12,0,1.6667,0,14000,0,9,65,65.167,7.415,8.687,6.965,,,,464,0,0,0,0,,0.784,0,0,0,0,0,0,0,0,0,0,0,0,0,0,0,0,0,0,0,1.384,2.656,9.763,0.061,0,kalabalik
12,Run50_AlphaDengeV1,Davranış yönü,bahcivan,standart,100,taban,23,,,351,81,181,20,18,51,134,102,62,41,12,5212,15501,1,5212,1,1690,854,210,5240,1648,830,40726,61,9,56.1,1.25,1.69,1.565,1.315,6,0.3,2,41,4,1,1.13,1.42,1.4,1,100,72,35,13,20,0,1.09,1.31,3.13,0,23,81,0.753,0.519,4.178,1260,5,116,0,keskin_bicakx1 hizli_bilekx1 bereketli_toprakx1 yikim_gucux2 kivilcimx1,50,0,65,60,180,81,90,0,2,0,4,,0,0,0,0,0,0,0,0,0,0,0.852,80.185,5.4,270,0,225,0,0,10274,0,0,3,27,27,575,12,0,1.6667,0,16000,0,9,65,65.167,10.905,12.547,10.412,,,,323,0,0,0,0,,0.791,0,0,0,0,0,0,0,0,0,0,0,0,0,0,0,0,0,0,0,1.209,2.234,8.4,0.053,0,kalabalik
12,Run50_AlphaDengeV1,Davranış yönü,bahcivan,standart,100,taban,24,,,502,127,216,22,30,107,236,108,89,54,15,6787,6787,1,0,0,2822,928,288,7402,1316,1118,57841,65,12,56.1,1.25,1.69,1.516,1.365,6,0.3,2,42,6,1,1.28,1.11,1.33,1.67,100,63,69,27,29,0,1.68,0.42,2.53,2.02,23,81,0.669,0.383,4.076,1292,5,121,0,keskin_bicakx1 hizli_bilekx1 bereketli_toprakx1 yikim_gucux2 kivilcimx1 cifte_akimx1,64,0,65,64,192,81,99,0,2,0,4,cifte_akim@R23,31,31,0,58,46,0,0,0,0,0,0.63,104.415,7.723,329,0,205,0,0,1115,0,0,3,27,27,575,12,0,1.6667,0,18000,0,9,65,65.167,7.295,7.687,6.156,,,14.261,419,0,0,0,0,,0.769,0,0,0,0,0,0,0,0,0,0,0,0,0,0,0,0,0,0,0,1.343,2.628,12.58,0.059,0,kalabalik
12,Run50_AlphaDengeV1,Davranış yönü,bahcivan,standart,100,taban,25,,,544,140,221,36,34,113,253,149,79,44,19,7976,14763,1,0,0,3378,1134,204,7725,1560,1272,81706,69,12,69.27,1.25,1.69,1.516,1.365,6,0.3,2,42,6,1,1.09,1.19,1,1.5,100,75,60,69,11,0,0.87,2.74,0,2.28,23,81,0.636,0.395,4.076,1292,8,129,0,keskin_bicakx1 hizli_bilekx1 bereketli_toprakx1 yikim_gucux2 kivilcimx1 cifte_akimx1,62,0,65,68,204,81,111,0,2,0,4,cifte_akim@R23,37,37,0,48,43,0,0,0,0,0,0.815,122.708,8.369,361,0,278,0,0,4821,0,0,3,27,27,1165,12,0,1.7333,0,22000,0,12,65,65.167,6.397,7.059,5.876,,,8.578,459,0,0,0,0,,0.785,0,0,0,0,0,0,0,0,0,0,0,0,0,0,0,0,0,0,0,1.307,2.623,8.861,0.062,0,kalabalik
12,Run50_AlphaDengeV1,Davranış yönü,bahcivan,standart,100,taban,26,,,658,216,179,109,59,95,242,161,146,85,24,11981,26744,1,11981,1,2968,1716,482,9223,2316,1754,87258,73,12,69.27,1.25,1.69,1.468,1.415,9,0.3,2,44,8.02,1,1.09,1.12,1.14,1.33,100,80,64,61,25,0,0.64,0.39,1.42,1.96,23,81,0.445,0.173,3.977,1324,6,135,0,keskin_bicakx1 hizli_bilekx1 bereketli_toprakx1 yikim_gucux2 kivilcimx1 cifte_akimx1,70,0,65,72,216,81,123,0,2,0,4,cifte_akim@R23,50,50,0,32,27,0,0,0,0,0,0.346,184.323,10.123,415,0,290,0,0,1079,0,0,3,27,27,1165,12,0,1.7333,0,25000,0,12,65,65.167,4.52,4.064,4.787,,,4.121,615,0,0,0,0,,0.646,0,0,0,0,0,0,0,0,0,0,0,0,0,0,0,0,0,0,0,1.51,2.935,12.667,0.078,0,kalabalik
12,Run50_AlphaDengeV1,Davranış yönü,bahcivan,standart,100,taban,27,,,715,214,258,67,51,125,321,165,123,80,26,12067,12067,1,0,0,3979,1604,586,11462,3920,2340,79976,76,9,73.42,1.25,1.69,1.468,1.868,9,0.317,2,44,8.8,1,1.03,1.17,1.3,1,100,90,76,47,27,0,0.3,1.55,1.54,0,23,81,0.55,0.296,3.948,1334,4,139,0,keskin_bicakx1 hizli_bilekx1 bereketli_toprakx1 yikim_gucux2 kivilcimx1 cifte_akimx1 genis_savurusx1,78,0,65,75,225,81,135,0,2,0,4,cifte_akim@R23,66,66,0,53,44,0,0,0,0,0,0.617,185.646,11,457,0,393,0,0,3055,0,0,3,27,27,1895,12,0,1.8,0,28000,0,12,65,65.167,4.43,4.931,4.233,,,4.027,602,0,0,0,0,,0.738,0,0,0,0,0,0,0,0,0,0,0,0,0,0,0,0,0,0,0,1.484,2.903,9.796,0.069,0,kalabalik
12,Run50_AlphaDengeV1,Davranış yönü,bahcivan,standart,100,taban,28,,,775,227,234,87,65,162,298,213,149,83,32,14194,26261,1,0,0,4645,2034,512,13197,4254,2787,92557,79,9,83.44,1.25,1.69,1.422,1.934,9,0.317,2,45,8.64,1,1.02,1.22,1.19,1.17,100,91,61,53,57,0,0.12,1.46,1.22,0.48,23,81,0.542,0.321,3.948,1334,8,147,0,keskin_bicakx1 hizli_bilekx1 bereketli_toprakx1 yikim_gucux2 kivilcimx1 cifte_akimx1 genis_savurusx1,79,0,65,78,234,81,144,0,2,0,4,cifte_akim@R23,87,87,0,61,53,0,0,0,0,0,0.568,218.369,11.923,495,0,495,0,0,8612,0,0,3,27,27,1895,12,0,1.8,0,31000,0,9,65,65.167,3.66,4.564,3.316,,,2.929,663,0,0,0,0,,0.715,0,0,0,0,0,0,0,0,0,0,0,0,0,0,0,0,0,0,0,1.53,2.995,12.278,0.08,0,kalabalik
12,Run50_AlphaDengeV1,Davranış yönü,bahcivan,standart,100,taban,29,,,760,210,287,54,64,145,340,183,140,75,22,12178,38439,1,0,0,4340,1599,612,15247,5343,3399,92273,82,9,83.44,1.25,1.69,1.422,1.934,9,0.317,2,45,8.67,1,1.03,1.18,1.33,1.5,100,86,69,47,44,0,0.15,0.84,1.36,3.08,23,81,0.548,0.309,3.809,1382,4,151,0,keskin_bicakx1 hizli_bilekx1 bereketli_toprakx1 yikim_gucux2 kivilcimx1 cifte_akimx1 genis_savurusx1,82,0,65,81,243,81,153,0,2,0,4,cifte_akim@R23,68,68,0,55,51,0,0,0,0,0,0.617,187.354,11.692,499,0,502,0,0,4885,0,0,3,27,27,2755,12,0,1.8667,0,34000,0,9,65,65.167,3.774,4.946,3.253,,,3.985,632,0,0,0,0,,0.781,0,0,0,0,0,0,0,0,0,0,0,0,0,0,0,0,0,0,0,1.506,2.943,10.12,0.075,0,kalabalik
12,Run50_AlphaDengeV1,Davranış yönü,bahcivan,standart,100,taban,30,,,801,235,266,98,46,156,348,184,157,82,30,14334,52773,1,14334,1,4302,2275,676,16504,6308,3995,105345,85,9,94.04,1.25,1.69,1.377,2,9,0.333,2,47,8.64,1,1.03,1.09,1.21,1.29,99,90,75,54,53,0,0.16,0.51,2.03,1.18,23,81,0.539,0.247,3.751,1403,7,158,0,keskin_bicakx1 hizli_bilekx1 bereketli_toprakx1 yikim_gucux2 kivilcimx1 cifte_akimx1 genis_savurusx1,80,0,65,84,252,81,162,0,2,0,4,cifte_akim@R23,77,77,0,70,64,0,0,0,0,0,0.247,220.523,12.323,502,0,476,0,0,5230,0,0,3,27,27,2755,12,0,1.8667,0,38000,0,9,65,65.167,3.763,4.31,3.588,,,3.105,653,0,0,0,0,,0.773,0,0,0,0,0,0,0,0,0,0,0,0,0,0,0,0,0,0,0,1.544,3.131,9.045,0.077,0,kalabalik
12,Run50_AlphaDengeV1,Davranış yönü,bahcivan,standart,100,taban,31,,,975,208,396,106,88,177,402,257,179,112,25,16755,16755,1,0,0,6532,2133,748,19866,7301,4743,132636,88,9,94.04,1.25,1.69,1.377,2,9,0.333,2,47,8.13,1,1,1.11,1.12,1.2,100,88,63,50,67,0,0,1.25,0.42,0.55,23,81,0.471,0.222,3.66,1438,6,164,0,keskin_bicakx1 hizli_bilekx1 bereketli_toprakx1 yikim_gucux2 kivilcimx1 cifte_akimx1 genis_savurusx1 zincir_hasatx1,95,0,65,87,261,81,171,0,2,0,4,cifte_akim@R23 zincir_hasat@R30,77,77,0,53,46,0,0,1,0,0,0.284,257.769,15,394,327,395,0,0,20866,0,0,3,27,27,3755,12,0,1.9333,0,41000,0,9,65,65.167,2.681,3.658,1.994,2.761,3.216,2.962,505,580,499,277,50,0.586,0.76,351,172,201,68,201,68,583,50,0,0,0,46,0,0,271,327,241,51,44,1.866,3.66,16.518,0.08,0,kalabalik
12,Run50_AlphaDengeV1,Davranış yönü,bahcivan,standart,100,taban,32,,,1246,295,477,179,138,157,529,287,251,147,32,22215,38970,1,0,0,7601,3340,1205,24477,10521,5853,171562,92,12,105.9,1.25,1.69,1.256,2.066,12,0.35,2,51,9.69,1,1,1,1.06,1.17,100,91,74,80,30,0,0,0,0.64,0.84,23,81,0.371,0.123,3.48,1513,5,169,0,keskin_bicakx1 hizli_bilekx1 bereketli_toprakx1 yikim_gucux2 kivilcimx1 cifte_akimx1 genis_savurusx1 zincir_hasatx1,132,0.005,65,91,273,81,173,7,2,0,4,cifte_akim@R23 zincir_hasat@R30,65,65,0,35,33,0,0,0,0,0,0.457,341.769,19.169,607,311,658,0,0,20428,0,0,3,27,27,3755,12,2,2.1073,0.09,46000,0,9,65,65.167,1.616,2.19,1.321,1.548,1.794,1.902,750,468,405,257,54,0.769,0.794,437,171,262,59,260,59,836,54,0,0,2,33,10,143,421,311,263,74,49,2.09,3.659,150.654,0.095,0,kalabalik
12,Run50_AlphaDengeV1,Davranış yönü,bahcivan,standart,100,taban,33,,,1399,333,597,121,130,218,566,364,269,147,53,26902,65872,1,26902,1,9240,4384,1200,31997,12875,7053,224387,96,12,119.57,1.25,1.69,0.992,2.066,12,0.35,2,65,8.25,1,1,1,1.05,1.08,100,98,88,74,50,0,0,0,0.16,0.33,23,81,0.356,0.136,3.038,1733,4,173,0,keskin_bicakx1 hizli_bilekx1 bereketli_toprakx1 yikim_gucux2 kivilcimx1 cifte_akimx1 genis_savurusx1 zincir_hasatx1,148,0.011,65,95,285,81,173,19,2,0,4,cifte_akim@R23 zincir_hasat@R30,109,109,0,55,53,0,0,1,0,0,0.272,413.877,21.523,612,401,757,0,0,50815,0,0,3,27,27,4855,12,3,2.22,0.11,52000,0,12,65,65.167,1.368,1.656,1.154,1.279,1.658,1.852,710,646,576,293,108,0.756,0.827,509,211,290,95,290,95,764,108,0,0,0,53,0,0,387,401,320,66,42,2.15,4.266,62.778,0.1,0,kalabalik
12,Run50_AlphaDengeV1,Davranış yönü,bahcivan,standart,100,taban,34,,,1641,448,623,119,181,270,643,434,321,173,70,35686,35686,1,0,0,13064,6298,2172,39711,18533,9115,252371,101,15,139.49,1.25,1.69,0.905,2.814,12,0.367,2,71,10.46,1,1,1.05,1.04,1.06,100,100,90,82,85,0,0,0.18,0.08,0.05,23,81,0.315,0.086,2.746,1917,7,180,0,keskin_bicakx1 hizli_bilekx1 bereketli_toprakx1 yikim_gucux2 kivilcimx1 cifte_akimx1 genis_savurusx2 zincir_hasatx1,153,0.015,65,100,300,81,173,31,2,0,4,cifte_akim@R23 zincir_hasat@R30,144,144,0,68,67,0,0,2,0,0,0.457,549.015,25.246,736,390,887,0,0,27186,0,0,3,27,27,4855,12,3,2.22,0.11,60000,0,12,65,65.167,1,1.159,0.773,1.126,1.815,1.033,821,591,513,332,58,0.745,0.883,611,202,356,83,356,83,976,58,0,0,0,67,6,58,505,390,325,81,72,2.259,4.239,10.924,0.11,0,kalabalik
12,Run50_AlphaDengeV1,Davranış yönü,bahcivan,standart,100,taban,35,,,1835,460,662,182,224,307,723,484,366,203,59,36065,71751,1,0,0,16435,7170,2646,54846,23413,11761,311165,106,15,175.08,1.25,1.69,0.834,2.814,12,0.367,2,77,9.44,1,1,1,1.06,1,100,100,95,81,69,0,0,0,0.27,0,23,81,0.348,0.136,2.326,2263,3,183,0,keskin_bicakx1 hizli_bilekx1 bereketli_toprakx1 yikim_gucux2 kivilcimx1 cifte_akimx1 genis_savurusx2 zincir_hasatx1,174,0.012,65,105,315,81,173,46,2,0,4,cifte_akim@R23 zincir_hasat@R30,158,158,0,83,83,0,0,0,0,0,0.469,554.846,28.231,768,524,1106,0,0,21351,0,0,3,27,27,6155,12,4,2.3767,0.15,69000,0,15,65,65.167,1.013,1.338,0.802,1.01,1.053,1.001,828,726,617,421,103,0.808,0.904,622,244,376,92,376,92,1096,103,0,0,0,83,10,167,653,524,473,143,121,2.416,4.577,67.232,0.109,0,kalabalik
12,Run50_AlphaDengeV1,Davranış yönü,bahcivan,standart,100,taban,36,,,2066,545,691,228,228,374,857,532,382,229,66,40246,111997,1,40246,1,18934,9003,3314,71300,32416,14950,387891,111,15,217.25,1.25,1.69,0.834,2.901,16,0.383,2,77,11.55,1,1,1.02,1.05,1,100,100,94,86,90,0,0,0.05,0.1,0,23,81,0.356,0.111,2.039,2582,4,187,0,keskin_bicakx1 hizli_bilekx1 bereketli_toprakx1 yikim_gucux2 kivilcimx1 cifte_akimx1 genis_savurusx2 zincir_hasatx1,194,0.007,65,110,330,81,173,61,2,0,4,cifte_akim@R23 zincir_hasat@R30,178,178,0,158,158,0,0,0,0,0,0.383,619.169,31.785,871,492,1379,0,0,48242,0,0,3,27,27,6155,12,7,2.666,0.29,78000,0,15,65,65.167,0.914,1.194,0.747,0.916,1.405,0.556,929,684,595,386,106,0.85,0.905,715,239,417,98,417,98,1150,106,0,0,0,158,12,196,725,492,425,116,101,2.545,4.997,12.954,0.125,0,kalabalik
12,Run50_AlphaDengeV1,Davranış yönü,bahcivan,standart,100,taban,37,,,2673,799,781,261,352,480,1033,694,527,317,102,60024,60024,1,0,0,29401,16333,5428,95681,48049,20378,551053,118,21,289.39,1.25,1.69,0.555,2.901,16,0.383,2,117,10.12,1,1,1,1,1.04,100,100,100,100,95,0,0,0,0,0.51,23,81,0.271,0.062,1.843,2857,4,191,0,keskin_bicakx1 hizli_bilekx1 bereketli_toprakx1 yikim_gucux2 kivilcimx1 cifte_akimx1 genis_savurusx2 zincir_hasatx1 firtina_bilegix1,236,0.069,65,117,351,81,173,76,2,0,4,cifte_akim@R23 zincir_hasat@R30,270,267,3,186,186,0,0,0,0,0,0.383,923.446,41.123,1025,663,1813,0,0,11295,0,0,3,27,27,7555,12,9,2.9227,0.37,92000,0,15,65,65.167,0.56,0.718,0.47,0.557,0.587,0.329,1032,767,675,553,110,0.951,0.974,914,292,566,105,566,105,1416,110,0,0,0,186,70,1047,1723,663,627,186,184,2.892,5.283,19.068,0.143,1,kalabalik
12,Run50_AlphaDengeV1,Davranış yönü,bahcivan,standart,100,taban,38,,,3138,941,1034,258,356,549,1199,795,645,393,106,69286,129310,1,0,0,37121,19332,6866,132422,65681,27104,701138,125,21,432.58,1.25,1.69,0.491,2.901,16,0.4,2,132,10.73,1,1,1,1,1,100,100,100,100,100,0,0,0,0,0,23,81,0.23,0.049,1.57,3353,3,194,0,keskin_bicakx1 hizli_bilekx1 bereketli_toprakx1 yikim_gucux2 kivilcimx1 cifte_akimx1 genis_savurusx2 zincir_hasatx1 firtina_bilegix1,275,0.184,65,124,372,81,173,97,2,0,4,cifte_akim@R23 zincir_hasat@R30,273,273,0,198,198,0,0,1,0,8,0.173,1065.938,48.277,1193,806,2781,0,0,20433,0,0,3,27,27,7555,12,11,3.0933,0.45,110000,0,21,65,65.167,0.413,0.467,0.335,0.501,0.412,0.42,1193,841,742,623,183,0.992,0.99,1032,367,606,139,606,139,1600,183,0,0,0,198,53,699,1459,806,800,283,283,3.101,5.926,16.688,0.166,0,kalabalik
12,Run50_AlphaDengeV1,Davranış yönü,bahcivan,standart,100,taban,39,,,3419,1113,1018,263,451,574,1275,908,707,386,143,78142,207452,1,0,0,46966,24146,8599,172688,89057,35703,823427,132,21,684.77,1.25,1.69,0.38,2.901,16,0.4,2,171,9.71,1,1,1,1,1,100,100,100,100,100,0,0,0,0,0,23,81,0.186,0.037,1.524,3454,4,198,0,keskin_bicakx1 hizli_bilekx1 bereketli_toprakx1 yikim_gucux2 kivilcimx1 cifte_akimx1 genis_savurusx2 zincir_hasatx1 firtina_bilegix1,289,0.332,65,131,393,81,173,118,2,0,4,cifte_akim@R23 zincir_hasat@R30,390,386,4,259,259,0,0,5,0,20,0.296,1202.185,52.6,1329,718,4178,0,0,33860,0,0,3,27,27,9055,12,13,3.366,0.53,130000,0,21,65,65.167,0.294,0.337,0.236,0.352,0.384,0.212,1329,721,633,555,163,0.999,0.999,1264,291,714,119,705,119,1625,163,0,0,9,259,90,1147,1954,718,718,255,255,3.19,5.56,26.259,0.179,0,kalabalik
12,Run50_AlphaDengeV1,Davranış yönü,bahcivan,standart,100,taban,40,,,3496,1086,1003,321,488,598,1342,935,689,401,129,77015,284467,1,77015,1,47342,25027,9781,219610,112184,45329,889836,138,18,1023.13,1.25,1.69,0.323,2.901,16,0.417,2,201,7.66,1,1,1,1,1,100,100,100,100,100,0,0,0,0,0,23,81,0.239,0.074,1.38,3815,3,201,0,keskin_bicakx1 hizli_bilekx1 bereketli_toprakx1 yikim_gucux2 kivilcimx1 cifte_akimx1 genis_savurusx2 zincir_hasatx1 firtina_bilegix1,294,0.119,65,137,411,81,173,139,2,0,4,cifte_akim@R23 zincir_hasat@R30,351,349,2,287,287,0,0,3,0,37,0.185,1184.846,53.785,1272,851,6506,0,0,123696,0,0,3,27,27,9055,12,16,3.652,0.66,140000,0,21,65,65.167,0.365,0.449,0.298,0.391,0.389,0.237,1272,851,747,651,200,1,1,1142,403,672,162,672,160,1741,200,0,0,2,287,65,949,1768,851,844,242,242,3.429,5.909,236.344,0.186,0,kalabalik
12,Run50_AlphaDengeV1,Davranış yönü,bahcivan,standart,100,taban,41,,,3802,1224,1054,250,596,678,1489,946,760,452,155,87762,87762,1,0,0,53981,29081,10864,267791,141265,56043,1142321,145,21,1536.59,1.25,1.69,0.307,2.901,16,0.417,2.111,211,8.42,1,1,1,1,1,100,100,100,100,100,0,0,0,0,0,23,81,0.214,0.049,1.313,4009,3,204,0,keskin_bicakx1 hizli_bilekx1 bereketli_toprakx1 yikim_gucux2 kivilcimx2 cifte_akimx1 genis_savurusx2 zincir_hasatx1 firtina_bilegix1,318,0.219,65,144,432,81,173,157,2,0,4,cifte_akim@R23 zincir_hasat@R30,439,439,0,308,308,0,0,28,0,106,0.235,1350.185,58.492,1303,967,10265,0,0,151017,0,0,3,27,27,9055,12,23,4.378,0.99,187500,0,18,65,65.167,0.304,0.396,0.251,0.297,0.275,0.141,1303,967,822,736,231,1,1,1220,434,817,193,817,193,1871,231,0,0,0,308,175,2672,3695,967,962,346,346,3.665,6.703,17.237,0.202,0,kalabalik
12,Run50_AlphaDengeV1,Davranış yönü,bahcivan,standart,100,taban,42,,,5394,1766,1600,249,790,989,1990,1389,1186,627,202,124569,212331,1,0,0,84685,51373,15440,351586,192600,69433,1763178,153,24,2385.79,1.25,1.69,0.283,2.901,16,0.433,2.111,230,11.2,1,1,1,1,1,100,100,100,100,100,0,0,0,0,0,32,121,0.195,0.058,1.358,5794,3,207,15,keskin_bicakx1 hizli_bilekx1 bereketli_toprakx1 yikim_gucux2 kivilcimx2 cifte_akimx1 genis_savurusx2 zincir_hasatx1 firtina_bilegix1,443,0.336,65,152,456,81,173,178,2,0,4,cifte_akim@R23 zincir_hasat@R30,436,434,2,357,357,0,0,44,0,205,0.248,1916.446,82.985,2155,1116,16088,0,0,204195,0,0,3,27,27,9055,12,28,4.928,1.24,247500,0,21,65,65.167,0.276,0.308,0.239,0.297,0.317,0.26,2155,1116,955,843,273,1,1,1360,420,893,182,890,182,2381,273,0,0,3,357,224,3387,4397,1116,1116,328,328,4.212,7.48,16.169,0.261,0,kalabalik
12,Run50_AlphaDengeV1,Davranış yönü,bahcivan,standart,100,taban,43,,,5398,1634,1747,267,843,907,1921,1465,1181,648,183,123912,336243,1,123912,1,84295,48887,15726,431781,241487,84964,1724291,160,21,2512.69,1.25,1.69,0.283,2.901,16,0.433,2.222,230,10.8,1,1,1,1,1,100,100,100,100,100,0,0,0,0,0,32,121,0.22,0.041,1.307,6016,2,209,0,keskin_bicakx1 hizli_bilekx1 bereketli_toprakx1 yikim_gucux2 kivilcimx2 cifte_akimx1 genis_savurusx2 zincir_hasatx1 firtina_bilegix1,444,0.18,65,159,477,105,173,178,2,0,4,cifte_akim@R23 zincir_hasat@R30,387,383,4,332,332,0,0,32,0,347,0.273,1906.338,83.046,1945,1487,17707,0,0,38486,0,0,3,32,32,9055,14,28,4.928,1.24,300000,0,24,65,65.167,0.328,0.389,0.283,0.314,0.32,0.308,1945,1487,1239,1073,414,1,1,1636,667,1063,285,1022,266,2718,414,0,0,60,332,372,50073,38201,1487,1487,387,387,4.383,7.696,29.592,0.255,0,kalabalik
12,Run50_AlphaDengeV1,Davranış yönü,bahcivan,standart,100,taban,44,,,5487,1477,1845,298,867,1000,1927,1508,1138,702,212,133440,133440,1,0,0,89681,50341,18441,518742,291828,103405,1724168,165,15,2512.69,1.25,1.69,0.283,2.901,16,0.45,2.972,230,10.4,1,1,1,1,1,100,100,100,100,100,0,0,0,0,0,32,121,0.209,0.05,1.307,6016,2,211,0,keskin_bicakx1 hizli_bilekx1 bereketli_toprakx1 yikim_gucux2 kivilcimx2 cifte_akimx1 genis_savurusx2 zincir_hasatx1 firtina_bilegix1 agir_darbex1,445,0.227,65,164,492,121,178,178,2,0,4,cifte_akim@R23 zincir_hasat@R30,459,459,0,429,429,0,0,100,0,397,0.405,2052.923,84.415,1985,1596,23868,0,0,187654,0,0,3,36,36,9055,16,28,4.928,1.24,337500,0,21,65,65.167,0.308,0.37,0.266,0.322,0.288,0.245,1985,1596,1320,1171,425,1,1,1976,754,1322,336,1237,308,3171,425,0,0,113,429,552,113151,70172,1596,1596,430,430,5.441,9.852,88.78,0.322,0,kalabalik
12,Run50_AlphaDengeV1,Davranış yönü,bahcivan,standart,100,taban,45,,,5579,1521,1904,283,901,970,1989,1534,1167,692,197,129613,263053,1,0,0,88917,49618,18226,607659,341446,121391,1938412,170,15,2512.69,1.25,1.69,0.283,2.901,16,0.45,3.083,230,10.72,1,1,1,1,1,100,100,100,100,100,0,0,0,0,0,32,121,0.199,0.058,1.307,6016,1,212,0,keskin_bicakx1 hizli_bilekx1 bereketli_toprakx1 yikim_gucux2 kivilcimx2 cifte_akimx1 genis_savurusx2 zincir_hasatx1 firtina_bilegix1 agir_darbex1,455,0.288,65,169,507,121,193,178,2,0,4,cifte_akim@R23 zincir_hasat@R30,432,429,3,393,393,0,0,88,0,486,0.231,1994.046,85.831,2055,1610,24063,0,0,363566,0,0,3,36,36,9055,16,28,4.928,1.24,375000,0,15,65,65.167,0.286,0.345,0.24,0.313,0.308,0.186,2055,1610,1332,1166,444,1,1,1914,776,1278,357,1206,332,3362,444,0,0,97,393,504,85605,53939,1610,1610,397,397,5.221,9.443,67.205,0.29,1,kalabalik
12,Run50_AlphaDengeV1,Davranış yönü,bahcivan,standart,100,taban,46,,,4169,1306,1321,216,675,651,1568,1160,829,466,146,89484,352537,1,89484,1,66751,36077,13202,672010,377523,134593,1421393,174,12,2512.69,1.25,1.69,0.283,2.901,16,0.45,3.083,230,8.78,1,1,1,1,1,100,100,100,100,100,0,0,0,0,0,32,121,0.152,0.033,1.285,6121,1,213,0,keskin_bicakx1 hizli_bilekx1 bereketli_toprakx1 yikim_gucux2 kivilcimx2 cifte_akimx1 genis_savurusx2 zincir_hasatx1 firtina_bilegix1 agir_darbex1,357,0.605,65,173,519,121,208,178,2,0,4,cifte_akim@R23 zincir_hasat@R30,386,383,3,262,262,0,0,37,0,267,0.091,1376.677,64.138,1572,1029,24291,0,0,239959,0,0,3,36,36,9055,16,28,4.928,1.24,405000,0,15,65,65.167,0.292,0.319,0.233,0.373,0.314,0.279,1572,1029,834,775,254,1,1,1539,501,1005,245,989,245,2517,254,0,0,16,262,376,20059,19891,1029,1029,323,323,4.329,8.369,43.555,0.28,0,kalabalik
12,Run50_AlphaDengeV1,Davranış yönü,bahcivan,standart,100,taban,47,,,5835,1723,1754,253,991,1114,2079,1551,1249,706,250,144880,144880,1,0,0,94778,58189,19078,766788,435712,153381,1966823,179,15,2512.69,1.25,1.69,0.24,2.901,16,0.45,3.194,270,9.87,1,1,1,1,1,100,100,100,100,100,0,0,0,0,0,32,121,0.2,0.05,1.28,6142,1,214,0,keskin_bicakx1 hizli_bilekx2 bereketli_toprakx1 yikim_gucux2 kivilcimx2 cifte_akimx1 genis_savurusx2 zincir_hasatx1 firtina_bilegix1 agir_darbex1,487,0.269,65,178,534,121,220,178,2,0,4,cifte_akim@R23 zincir_hasat@R30,605,600,5,555,555,0,0,179,0,574,0.339,2228.923,89.769,1959,1598,25818,0,0,106782,0,0,3,36,36,9055,16,28,4.928,1.24,442500,0,12,65,65.167,0.27,0.299,0.236,0.288,0.339,0.217,1959,1598,1277,1172,426,1,1,1988,701,1378,323,1308,301,3237,426,0,0,92,555,624,106114,73317,1598,1598,409,409,2.804,4.791,50.624,0.21,0,kalabalik
12,Run50_AlphaDengeV1,Davranış yönü,bahcivan,standart,100,taban,48,,,5948,1589,1856,349,1010,1144,2116,1594,1255,720,263,152293,297173,1,0,0,102331,57424,19221,869119,493136,172602,2079883,183,12,2908.75,1.25,1.69,0.24,2.901,16,0.45,3.194,270,9.05,1,1,1,1,1,100,100,100,100,100,0,0,0,0,0,32,121,0.231,0.074,1.22,6449,0,214,0,keskin_bicakx1 hizli_bilekx2 bereketli_toprakx1 yikim_gucux2 kivilcimx2 cifte_akimx1 genis_savurusx2 zincir_hasatx1 firtina_bilegix1 agir_darbex1,489,0.088,65,182,546,121,230,183,2,0,4,cifte_akim@R23 zincir_hasat@R30,570,568,2,517,517,0,0,131,0,508,0.281,2342.969,91.508,1845,1997,35943,0,0,371665,0,0,3,36,36,9055,16,29,5.016,1.28,472500,0,15,65,65.167,0.32,0.378,0.292,0.319,0.315,0.239,1845,1997,1701,1301,696,1,1,1944,919,1325,443,1251,416,3180,696,0,0,101,517,594,103227,67488,1997,1991,565,565,2.51,4.213,6.922,0.184,0,kalabalik
12,Run50_AlphaDengeV1,Davranış yönü,bahcivan,standart,100,taban,49,,,6341,1789,1911,308,1096,1237,2275,1709,1364,772,221,148955,446128,1,0,0,106206,62538,20709,975325,555674,192981,2239532,188,15,3939.2,1.25,1.69,0.219,2.901,16,0.45,3.306,296,9.35,1,1,1,1,1,100,100,100,100,100,0,0,0,0,0,32,121,0.213,0.066,1.162,6768,1,215,0,keskin_bicakx1 hizli_bilekx2 bereketli_toprakx1 yikim_gucux2 kivilcimx2 cifte_akimx1 genis_savurusx2 zincir_hasatx1 firtina_bilegix1 agir_darbex1,521,0.199,65,187,561,121,230,195,2,0,4,cifte_akim@R23 zincir_hasat@R30,670,670,0,609,609,0,0,257,0,584,0.298,2291.615,97.554,2160,1783,49897,0,0,173697,0,0,3,36,36,9055,16,30,5.126,1.33,510000,0,12,65,65.167,0.264,0.326,0.224,0.284,0.259,0.177,2160,1783,1468,1296,487,1,1,2148,809,1440,370,1363,340,3610,487,0,0,107,609,613,97255,58730,1783,1780,444,444,2.614,4.357,9.903,0.206,0,kalabalik
12,Run50_AlphaDengeV1,Davranış yönü,bahcivan,standart,100,taban,50,,,6592,1711,2080,345,1201,1255,2333,1817,1365,832,245,158296,604424,1,158296,1,123410,73904,23881,1098735,629578,216862,2364380,192,12,5495.24,1.25,1.69,0.208,2.901,16,0.45,3.306,312,8.18,1,1,1,1,1,100,100,100,100,100,0,0,0,0,0,32,121,0.238,0.083,1.067,7371,0,215,0,keskin_bicakx1 hizli_bilekx2 bereketli_toprakx1 yikim_gucux2 kivilcimx2 cifte_akimx1 genis_savurusx2 zincir_hasatx1 firtina_bilegix1 agir_darbex1,547,0.088,65,191,573,121,230,210,2,0,4,cifte_akim@R23 zincir_hasat@R30,631,629,2,516,516,0,0,220,0,516,0.273,2435.323,101.415,2014,2351,57954,0,0,453077,0,0,3,36,36,9055,16,32,5.324,1.42,540000,0,15,65,65.167,0.295,0.337,0.284,0.288,0.27,0.228,2014,2351,1921,1595,756,1,1,2089,1111,1405,500,1336,462,3738,756,0,0,107,516,621,108293,67413,2351,2346,564,564,2.631,4.218,11.43,0.191,0,kalabalik
12,Run50_AlphaDengeV1,Davranış yönü,bahcivan,standart,100,taban,50,KAZANDI
13,Run50_AlphaDengeV1,Davranış yönü,bahcivan,standart,101,taban,1,,,13,13,0,0,0,0,12,1,0,0,0,15,15,1,0,0,28,0,0,28,0,0,270,1,0,10,1,1,3,0.9,4,0.3,2,12,2.25,2,3,,,,17,0,,,,3,6,,,,2,4,0.339,0,8,23,0,0,2,,4,0.351,45,0,0,0,0,0,0,0,0,,0,0,0,0,0,0,0,0,0,0,0.75,0.333,0.289,0,0,22,0,0,270,0,0,0,0,0,0,0,0,1,0,390,0,0,45,45.133,4.426,4.426,,,,,0,0,0,0,0,,,0,0,0,0,0,0,0,0,0,0,0,0,0,0,0,0,0,0,0,0.333,0.414,2.19,0.014,0,kalabalik
13,Run50_AlphaDengeV1,Davranış yönü,bahcivan,standart,101,taban,2,,,15,15,0,0,0,0,11,3,1,0,0,30,45,1,0,0,34,4,0,37,4,0,350,2,3,10.67,1,1,3,0.9,4,0.3,2,13,2.85,2.09,2,3,,,0,0,0,,,3.27,3,12,,,3,5,0.479,0,8,28,1,1,1,,5,0.111,45,1,3,0,0,0,0,0,0,,0,0,0,0,0,0,0,0,0,0,0.6,0.667,0.333,0,0,24,0,0,230,0,0,0,0,0,0,0,0,1,0,410,0,0,45,45.133,5.562,5.562,,,,,0,0,0,0,0,,,0,0,0,0,0,0,0,0,0,0,0,0,0,0,0,0,0,0,0,0.335,0.428,1.74,0.013,0,kalabalik
13,Run50_AlphaDengeV1,Davranış yönü,bahcivan,standart,101,taban,3,,,9,9,0,0,0,0,8,1,0,0,0,11,56,1,11,1,20,0,0,23,4,0,204,3,3,11.33,1,1,3,0.9,4,0.3,2,9,2,2,1,,,,0,,,,,4.5,0,,,,4,6,0.221,0,8,34,2,3,1,,4,0.421,45,2,6,3,0,0,2,0,0,,0,0,0,0,0,0,0,0,0,0,0.333,0.244,0.2,0,0,22,0,0,24,0,0,3,1,1,0,1,0,1,0,420,0,3,45,45.133,9.052,9.052,,,,,0,0,0,0,0,,,0,0,0,0,0,0,0,0,0,0,0,0,0,0,0,0,0,0,0,0.337,0.428,1.478,0.012,0,kalabalik
13,Run50_AlphaDengeV1,Davranış yönü,bahcivan,standart,101,taban,4,,,23,23,0,0,0,0,15,4,4,0,0,67,67,1,0,0,46,16,0,49,20,0,644,4,3,11.33,1,1,2.55,0.9,4,0.3,2,17,2.76,1.6,2.5,3,,,43,0,0,,,2.38,3.83,5.1,,,5,7,0.535,0.143,7.252,43,0,3,1,hizli_bilekx1,4,0.048,45,3,9,6,0,0,2,0,4,,0,0,0,0,0,0,0,0,0,0,0.286,1.489,0.511,0,0,28,0,0,248,0,0,3,2,2,0,1,0,1,0,440,0,3,45,45.133,6.445,6.445,,,,,5,0,0,0,0,,,0,0,0,0,0,0,0,0,0,0,0,0,0,0,0,0,0,0,0,0.361,0.482,2.356,0.015,0,kalabalik
13,Run50_AlphaDengeV1,Davranış yönü,bahcivan,standart,101,taban,5,,,22,22,0,0,0,0,19,2,1,0,0,35,102,1,0,0,46,4,0,49,24,0,564,5,3,11.33,1,1,2.55,0.9,4,0.3,2,17,3.12,2.11,2.5,4,,,11,0,0,,,5.64,10.2,10.2,,,6,9,0.614,0.222,6.781,60,1,4,1,hizli_bilekx1,5,0,45,4,12,9,0,0,2,0,4,,0,0,0,0,0,0,0,0,0,0,0.444,0.778,0.489,0,0,28,0,0,372,0,0,3,3,3,0,2,0,1,0,470,0,3,45,45.133,10.673,10.673,,,,,6,0,0,0,0,,,0,0,0,0,0,0,0,0,0,0,0,0,0,0,0,0,0,0,0,0.372,0.488,1.957,0.013,0,kalabalik
13,Run50_AlphaDengeV1,Davranış yönü,bahcivan,standart,101,taban,6,,,24,23,1,0,0,0,18,6,0,0,0,36,138,1,36,1,60,0,0,64,24,0,646,7,6,12,1,1,2.459,0.9,4,0.3,2,22,3.09,2.65,2.5,,,,5,0,,,,9.25,4.92,,,,6,9,0.644,0.333,6.781,73,3,7,0,hizli_bilekx1,6,0,55,6,18,9,3,0,2,0,4,,0,0,0,0,0,0,0,0,0,0,0.667,0.655,0.436,1,0,28,0,0,58,0,0,3,3,3,0,2,0,1,0,520,0,3,55,55.133,12.322,12.771,2,,,,4,0,0,0,0,,0.148,0,0,0,0,0,0,0,0,0,0,0,0,0,0,0,0,0,0,0,0.371,0.495,1.705,0.013,0,kalabalik
13,Run50_AlphaDengeV1,Davranış yönü,bahcivan,standart,101,taban,7,,,29,28,1,0,0,0,19,4,6,0,0,91,91,1,0,0,54,24,0,56,48,0,910,8,3,12.67,1,1,2.37,0.9,4,0.3,2,23,3.39,2.06,3,3.67,,,10,0,0,,,5.93,7.7,14.62,,,7,10,0.711,0.4,5.744,96,5,12,1,hizli_bilekx1 bereketli_toprakx1,6,0,55,7,21,15,3,0,2,0,4,,0,0,0,0,0,0,0,0,0,0,0.5,1.655,0.527,1,0,32,0,0,448,0,0,3,5,3,6,3,0,1.0667,0,560,0,6,55,55.133,12.916,13.101,7.733,,,,4,0,0,0,0,,0.071,0,0,0,0,0,0,0,0,0,0,0,0,0,0,0,0,0,0,0,0.372,0.504,3.061,0.013,0,kalabalik
13,Run50_AlphaDengeV1,Davranış yönü,bahcivan,standart,101,taban,8,,,34,33,1,0,0,0,27,7,0,0,0,48,139,1,0,0,89,0,0,103,48,0,924,10,6,13.33,1,1,2.37,0.9,4,0.3,2,23,3.35,2.08,2.14,,,,12,0,,,,5.47,6.09,,,,8,11,0.648,0.364,5.835,104,2,14,1,hizli_bilekx1 bereketli_toprakx1,7,0,55,9,27,18,3,0,2,0,4,,0,0,0,0,0,0,0,0,0,0,0.636,0.873,0.618,1,0,32,0,0,212,0,0,3,6,4,6,4,0,1.0667,0,640,0,3,55,55.133,11.315,11.481,5.833,,,,14,0,0,0,0,,0.172,0,0,0,0,0,0,0,0,0,0,0,0,0,0,0,0,0,0,0,0.386,0.51,3.027,0.013,0,kalabalik
13,Run50_AlphaDengeV1,Davranış yönü,bahcivan,standart,101,taban,9,,,36,32,4,0,0,0,29,4,3,0,0,71,210,1,0,0,78,12,0,80,30,0,1053,11,3,14,1,1,2.37,0.9,4,0.3,2,23,3.61,2,2.75,3.5,,,10,0,0,,,6.84,7.13,14.23,,,9,13,0.713,0.538,5.761,124,5,19,1,hizli_bilekx1 bereketli_toprakx1,7,0,55,10,30,24,3,0,2,0,4,,0,0,0,0,0,0,0,0,0,0,0.538,1.291,0.655,4,0,34,0,0,625,0,0,3,9,6,14,4,0,1.1333,0,700,0,6,55,55.133,12.342,12.441,11.55,,,,11,0,0,0,0,,0.246,0,0,0,0,0,0,0,0,0,0,0,0,0,0,0,0,0,0,0,0.378,0.501,3.313,0.013,0,kalabalik
13,Run50_AlphaDengeV1,Davranış yönü,bahcivan,standart,101,taban,10,,,39,29,10,0,0,0,34,4,1,0,0,56,266,1,56,1,88,4,0,90,34,0,1056,13,6,14.67,1,1,2.286,0.9,4,0.3,2,24,3.46,1.76,3,4,,,31,0,0,,,5.12,22.1,9.13,,,10,15,0.604,0.333,5.39,153,3,22,1,hizli_bilekx1 bereketli_toprakx1,8,0,55,12,36,25,5,0,2,0,4,,0,0,0,0,0,0,0,0,0,0,0.667,1.018,0.709,10,0,36,0,0,231,0,0,3,9,6,14,4,0,1.1333,0,810,0,3,55,55.133,14.029,15.298,10.35,,,,13,0,0,0,0,,0.327,0,0,0,0,0,0,0,0,0,0,0,0,0,0,0,0,0,0,0,0.385,0.511,2.785,0.014,0,kalabalik
13,Run50_AlphaDengeV1,Davranış yönü,bahcivan,standart,101,taban,11,,,76,58,18,0,0,0,59,14,3,0,0,131,131,1,0,0,188,12,0,191,46,0,2276,15,6,15.64,1.25,1,2.204,0.9,4,0.3,2,29,3.83,1.34,2.13,,,,57,27,0,,,2.64,5.23,,,,11,17,0.641,0.235,5.428,204,3,25,1,hizli_bilekx1 bereketli_toprakx1 keskin_bicakx1,13,0,65,14,42,25,11,0,2,0,4,,0,0,0,0,0,0,0,0,0,0,0.765,2.015,1.169,18,0,47,0,0,817,0,0,3,9,7,24,4,0,1.2,0,950,0,6,65,65.167,7.018,6.682,8.102,,,,35,0,0,0,0,,0.238,0,0,0,0,0,0,0,0,0,0,0,0,0,0,0,0,0,0,0,0.402,0.554,3.514,0.015,0,kalabalik
13,Run50_AlphaDengeV1,Davranış yönü,bahcivan,standart,101,taban,12,,,73,58,15,0,0,0,55,12,5,0,1,241,372,1,0,0,263,20,0,271,26,0,2398,18,9,17.38,1.25,1,2.125,0.9,4,0.3,2,30,4,1.42,2.11,2.6,,3,43,0,0,,0,3.16,8.03,16.57,,21.23,13,21,0.721,0.429,5.328,256,6,31,2,hizli_bilekx1 bereketli_toprakx1 keskin_bicakx1,12,0,65,17,51,25,17,0,2,0,4,,0,0,0,0,0,0,0,0,0,0,0.667,3.708,1.123,15,0,53,0,0,165,0,0,3,9,9,24,4,0,1.2,0,1200,0,6,65,65.167,13.865,15.069,9.211,,,,40,0,0,0,0,,0.357,0,0,0,0,0,0,0,0,0,0,0,0,0,0,0,0,0,0,0,0.399,0.548,3.509,0.015,0,kalabalik
13,Run50_AlphaDengeV1,Davranış yönü,bahcivan,standart,101,taban,13,,,67,53,13,0,0,1,53,7,6,1,0,164,536,1,164,1,201,24,2,202,25,2,2407,20,6,19.2,1.25,1,2.048,0.9,4,0.3,2,31,4,1.74,2.17,2,,,30,0,20,0,,6.33,7.51,11.26,,,14,23,0.767,0.522,5.119,292,10,41,1,hizli_bilekx1 bereketli_toprakx1 keskin_bicakx1,11,0,65,19,57,25,26,0,2,0,4,,0,0,0,0,0,0,0,0,0,0,0.739,2.523,1.031,14,0,55,0,0,72,0,0,3,9,9,50,4,0,1.3333,0,1400,0,9,65,65.167,15.43,14.965,17.19,,,,40,0,0,0,0,,0.231,0,0,0,0,0,0,0,0,0,0,0,0,0,0,0,0,0,0,0,0.404,0.557,3.139,0.016,0,kalabalik
13,Run50_AlphaDengeV1,Davranış yönü,bahcivan,standart,101,taban,14,,,94,64,28,0,0,2,68,17,6,2,1,339,339,1,0,0,306,24,12,351,49,14,3575,22,6,19.2,1.25,1,1.975,0.935,4,0.3,2,32,4,1.39,1.77,1.75,1,,39,17,0,0,,3.35,8.05,11.85,0,,16,25,0.728,0.44,5.066,321,6,47,2,hizli_bilekx1 bereketli_toprakx1 keskin_bicakx1 kivilcimx1,15,0,65,21,63,25,32,0,2,0,4,,0,0,0,0,0,0,0,0,0,0,0.56,5.215,1.446,30,0,56,0,0,747,0,0,3,9,9,66,4,0,1.4,0,1700,0,6,65,65.167,14.654,15.764,12.286,,,,75,0,0,0,0,,0.327,0,0,0,0,0,0,0,0,0,0,0,0,0,0,0,0,0,0,0,0.432,0.603,4.067,0.018,0,kalabalik
13,Run50_AlphaDengeV1,Davranış yönü,bahcivan,standart,101,taban,15,,,106,75,23,0,0,8,80,15,10,1,0,255,594,1,0,0,330,50,2,347,69,16,4049,24,6,23.08,1.25,1,1.836,0.97,4,0.3,2,35,4,1.33,1.33,2,1,,54,40,0,0,,2.85,1.22,7.08,0,,16,25,0.7,0.44,4.809,338,10,57,0,hizli_bilekx1 bereketli_toprakx1 keskin_bicakx1 kivilcimx1,14,0,65,23,69,25,38,0,2,0,4,,0,0,0,0,0,0,0,0,0,0,0.84,3.923,1.631,31,0,70,0,0,1296,0,0,3,9,9,84,4,0,1.4667,0,1900,0,6,65,65.167,10.404,11.072,8.788,,,,84,0,0,0,0,,0.245,0,0,0,0,0,0,0,0,0,0,0,0,0,0,0,0,0,0,0,0.431,0.583,4.391,0.018,0,kalabalik
13,Run50_AlphaDengeV1,Davranış yönü,bahcivan,standart,101,taban,16,,,140,99,36,0,0,5,91,28,16,4,1,556,1150,1,556,1,441,80,17,458,89,33,7688,28,12,24.3,1.25,1,1.836,1.005,6,0.3,2,35,5.8,1.39,1.79,1.79,3,4,50,17,7,0,0,2.32,5.6,3.28,33.07,33.03,19,34,0.565,0.353,4.712,469,7,64,4,hizli_bilekx1 bereketli_toprakx1 keskin_bicakx1 kivilcimx1,19,0,65,27,81,31,38,0,2,0,4,,0,0,0,0,0,0,0,0,0,0,0.471,8.554,2.154,41,0,70,0,0,384,0,0,3,11,11,104,7,0,1.5333,0,2600,0,6,65,65.167,8.68,8.795,8.401,,,,101,0,0,0,0,,0.241,0,0,0,0,0,0,0,0,0,0,0,0,0,0,0,0,0,0,0,0.469,0.666,3.993,0.021,0,kalabalik
13,Run50_AlphaDengeV1,Davranış yönü,bahcivan,standart,101,taban,17,,,170,82,74,2,1,11,95,41,28,5,1,749,749,1,0,0,576,140,10,643,179,43,9700,31,9,24.3,1.25,1,1.836,1.005,6,0.3,2,35,6,1.26,1.88,1.94,2,,50,14,0,0,0,1.59,5.5,6.08,13.77,,21,46,0.741,0.348,4.654,643,2,66,6,hizli_bilekx1 bereketli_toprakx1 keskin_bicakx1 kivilcimx2,25,0,65,30,90,43,38,0,2,0,4,,0,0,0,0,0,0,0,0,0,0,0.609,11.523,2.615,88,0,87,0,0,1684,0,0,3,15,15,125,10,0,1.6,0,3200,0,12,65,65.167,10.596,12.65,8.683,,,,226,0,0,0,0,,0.256,0,0,0,0,0,0,0,0,0,0,0,0,0,0,0,0,0,0,0,0.54,0.789,6.077,0.027,0,kalabalik
13,Run50_AlphaDengeV1,Davranış yönü,bahcivan,standart,101,taban,18,,,198,93,72,10,7,16,103,51,29,14,1,1151,1900,1,0,0,615,165,28,623,311,51,17336,36,15,28.62,1.25,1,1.836,1.04,6,0.3,2,35,6,1.28,1.34,1.73,2,,49,50,0,11,,1.33,2.87,5.38,7.03,,22,49,0.735,0.531,4.603,692,6,72,4,hizli_bilekx1 bereketli_toprakx1 keskin_bicakx1 kivilcimx2,26,0,65,35,105,49,41,0,2,0,4,,0,0,0,0,0,0,0,0,0,0,0.673,17.708,3.046,105,0,105,0,0,820,0,0,3,17,17,125,11,0,1.6,0,4400,0,9,65,65.167,11.685,14.659,9.051,,,,251,0,0,0,0,,0.207,0,0,0,0,0,0,0,0,0,0,0,0,0,0,0,0,0,0,0,0.595,0.854,4.385,0.026,0,kalabalik
13,Run50_AlphaDengeV1,Davranış yönü,bahcivan,standart,101,taban,19,,,221,98,105,2,5,11,104,51,43,17,6,1958,3858,1,0,0,843,280,34,966,403,65,20276,40,12,33.24,1.25,1,1.778,1.075,6,0.3,2,36,6,1.2,1.35,1.67,1.8,3,69,53,23,17,20,1.58,1.51,4.64,4.98,17.34,21,49,0.728,0.551,4.493,709,6,78,1,hizli_bilekx1 bereketli_toprakx1 keskin_bicakx1 kivilcimx2,27,0,65,39,117,49,56,0,2,0,4,,0,0,0,0,0,0,0,0,0,0,0.796,30.123,3.4,123,0,133,0,0,1696,0,0,3,17,17,125,11,0,1.6,0,5600,0,15,65,65.167,8.844,12.146,6.213,,,,255,0,0,0,0,,0.404,0,0,0,0,0,0,0,0,0,0,0,0,0,0,0,0,0,0,0,0.668,0.991,4.429,0.027,0,kalabalik
13,Run50_AlphaDengeV1,Davranış yönü,bahcivan,standart,101,taban,20,,,238,109,104,8,3,14,115,57,43,21,2,1928,5786,1,1928,1,687,258,85,913,376,110,20920,43,9,38.16,1.25,1,1.722,1.11,6,0.3,2,37,6,1.17,1.26,1.48,1.33,1,70,61,50,0,0,0.86,2.77,3.86,0.87,0,17,49,0.732,0.469,4.302,740,8,86,2,hizli_bilekx1 bereketli_toprakx1 keskin_bicakx1 kivilcimx2,33,0,65,42,126,49,68,0,2,0,4,,0,0,0,0,0,0,0,0,0,0,0.816,29.662,3.662,129,0,161,0,0,4816,0,0,3,17,17,125,11,0,1.6,0,6600,0,12,65,65.167,8.826,10.18,7.682,,,,309,0,0,0,0,,0.338,0,0,0,0,0,0,0,0,0,0,0,0,0,0,0,0,0,0,0,0.695,1.097,6.602,0.031,0,kalabalik
13,Run50_AlphaDengeV1,Davranış yönü,bahcivan,standart,101,taban,21,,,308,110,143,7,12,36,102,92,64,40,10,4494,4494,1,0,0,1002,448,197,1040,564,287,34412,48,15,39.82,1.25,1,1.668,1.145,6,0.3,2,38,6,1,1.28,1.65,1.38,1.71,98,53,32,25,20,0,1.36,3.42,4.23,7.86,15,49,0.694,0.429,4.075,782,7,93,1,hizli_bilekx1 bereketli_toprakx1 keskin_bicakx1 kivilcimx3,46,0,65,47,141,49,77,0,2,0,4,,0,0,0,0,0,0,0,0,0,0,0.796,69.138,4.738,198,0,161,0,0,2228,0,0,3,17,17,125,11,0,1.6,0,8600,0,9,65,65.167,8.372,10.181,7.366,,,,437,0,0,0,0,,0.351,0,0,0,0,0,0,0,0,0,0,0,0,0,0,0,0,0,0,0,0.654,0.949,5.14,0.032,0,kalabalik
13,Run50_AlphaDengeV1,Davranış yönü,bahcivan,standart,101,taban,22,,,342,128,159,5,10,40,118,90,73,47,14,5270,9764,1,0,0,1244,561,225,1384,772,332,34671,51,9,43.38,1.25,1,1.616,1.195,6,0.3,2,40,6,1.09,1.2,1.23,1.64,2,87,64,50,25,17,0.52,0.81,2.05,3.12,4.15,14,61,0.73,0.492,3.882,1021,7,100,5,hizli_bilekx1 bereketli_toprakx1 keskin_bicakx1 kivilcimx3,47,0,65,50,150,49,92,0,2,0,4,,0,0,0,0,0,0,0,0,0,0,0.754,81.077,5.262,214,0,178,0,0,9799,0,0,3,17,17,125,11,0,1.6,0,10000,0,15,65,65.167,7.322,10.83,5.223,,,,517,0,0,0,0,,0.325,0,0,0,0,0,0,0,0,0,0,0,0,0,0,0,0,0,0,0,0.726,1.065,7.088,0.04,0,kalabalik
13,Run50_AlphaDengeV1,Davranış yönü,bahcivan,standart,101,taban,23,,,319,141,114,9,12,43,102,88,69,47,13,5417,15181,1,5417,1,1244,672,165,1248,884,477,30730,54,9,49.54,1.25,1,1.616,1.265,6,0.3,2,40,6,1,1.19,1.23,1.6,1.71,93,58,56,33,13,0,1.54,2.35,3.56,6.93,19,76,0.682,0.408,4.223,1170,7,107,6,hizli_bilekx1 bereketli_toprakx1 keskin_bicakx1 kivilcimx3,49,0,65,53,159,58,92,0,2,0,4,,0,0,0,0,0,0,0,0,0,0,0.461,83.338,4.908,178,0,205,0,0,9529,0,0,3,23,23,125,12,0,1.6,0,12000,0,9,65,65.167,9.972,12.256,8.163,,,,423,0,0,0,0,,0.288,0,0,0,0,0,0,0,0,0,0,0,0,0,0,0,0,0,0,0,0.641,0.982,4.172,0.036,0,kalabalik
13,Run50_AlphaDengeV1,Davranış yönü,bahcivan,standart,101,taban,24,,,573,132,390,13,3,35,210,147,108,86,22,10222,10222,1,0,0,2309,976,378,2357,1100,855,56359,59,15,49.54,1.25,1,1.565,1.315,6,0.3,2,41,6,1.02,1.03,1.22,1.17,1.67,88,77,42,35,0,0.03,0.04,0.44,0.52,2.61,23,81,0.657,0.296,4.281,1230,7,114,4,hizli_bilekx1 bereketli_toprakx1 keskin_bicakx1 kivilcimx3 artci_patlamax1,77,0,65,58,174,67,92,0,2,0,4,artci_patlama@R23,70,70,0,459,249,0,0,0,0,0,0.469,157.262,8.815,192,0,211,0,0,1888,0,0,3,27,27,575,13,0,1.6667,0,14000,0,9,65,65.167,6.414,6.943,4.988,,,7.233,478,0,0,0,0,,0.346,0,0,0,0,0,0,0,0,0,0,0,0,0,0,0,0,0,0,0,0.913,1.614,19.051,0.038,0,kalabalik
13,Run50_AlphaDengeV1,Davranış yönü,bahcivan,standart,101,taban,25,,,625,146,427,9,9,34,249,178,120,58,20,10240,20462,1,0,0,2768,1170,265,2785,1170,1070,61809,63,12,56.1,1.25,1,1.516,1.365,6,0.3,2,42,6,1,1.08,1.28,1.19,1.5,99,58,62,50,38,0,0.23,1.1,0.66,0.76,23,81,0.635,0.321,4.005,1315,9,123,0,hizli_bilekx1 bereketli_toprakx1 keskin_bicakx1 kivilcimx3 artci_patlamax1,80,0,65,62,186,81,93,0,2,0,4,artci_patlama@R23,73,73,0,473,274,0,0,0,0,0,0.753,157.538,9.615,205,0,238,0,0,2697,0,0,3,30,30,1165,14,0,1.7333,0,17000,0,15,65,65.167,4.626,3.759,5.331,,,4.561,492,0,0,0,0,,0.395,0,0,0,0,0,0,0,0,0,0,0,0,0,0,0,0,0,0,0,0.906,1.658,4.725,0.041,0,kalabalik
13,Run50_AlphaDengeV1,Davranış yönü,bahcivan,standart,101,taban,26,,,634,104,442,17,7,64,245,149,128,84,28,14206,34668,1,14206,1,2978,1312,420,3248,1592,1490,77064,67,12,65.98,1.25,1,1.468,1.365,6,0.3,2,44,4,1,1.09,1.06,1.12,1.5,100,69,54,50,25,0,0.2,0.37,0.17,1.71,23,81,0.62,0.296,4.005,1315,7,130,0,hizli_bilekx1 bereketli_toprakx1 keskin_bicakx1 kivilcimx3 artci_patlamax1,83,0,65,66,198,81,105,0,2,0,4,artci_patlama@R23,63,63,0,412,266,0,0,0,0,0,0.568,218.554,9.754,264,0,344,0,0,7761,0,0,3,30,30,1165,14,0,1.7333,0,20000,0,12,65,65.167,5.792,5.71,7.211,,,4.416,472,0,0,0,0,,0.651,0,0,0,0,0,0,0,0,0,0,0,0,0,0,0,0,0,0,0,0.802,1.374,6.947,0.037,0,kalabalik
13,Run50_AlphaDengeV1,Davranış yönü,bahcivan,standart,101,taban,27,,,1030,211,687,11,9,112,370,277,211,130,42,21495,21495,1,0,0,4818,2136,730,5306,2408,2220,116528,72,15,73.42,1.25,1,1.468,1.415,9,0.317,2,44,8.57,1,1.02,1,1,1.13,100,84,74,76,64,0,0.28,0,0,0.37,23,81,0.415,0.136,3.979,1323,8,138,0,hizli_bilekx1 bereketli_toprakx1 keskin_bicakx1 kivilcimx3 artci_patlamax1 zincir_hasatx1,107,0.004,65,71,213,81,117,0,2,0,4,artci_patlama@R23 zincir_hasat@R26,139,139,0,446,310,0,0,0,0,0,0.383,330.692,15.846,365,144,387,0,0,16289,0,0,3,30,30,1895,14,0,1.8,0,24000,0,12,65,65.167,2.663,3.261,2.692,2.561,3.367,2.212,592,441,386,127,17,0.419,0.615,262,56,177,29,177,29,287,17,0,0,0,310,0,0,206,144,89,16,16,0.955,1.766,5.325,0.049,0,kalabalik
13,Run50_AlphaDengeV1,Davranış yönü,bahcivan,standart,101,taban,28,,,1026,235,637,13,12,129,390,268,216,113,39,21787,43282,1,0,0,4622,2406,692,7018,2674,2847,118276,77,15,83.44,1.25,1,1.422,1.465,9,0.317,2,45,8.82,1,1,1,1,1,100,88,75,60,53,0,0,0,0,0,23,81,0.394,0.099,3.831,1374,9,147,0,hizli_bilekx1 bereketli_toprakx1 keskin_bicakx1 kivilcimx3 artci_patlamax1 zincir_hasatx1,100,0.009,65,76,228,81,132,0,2,0,4,artci_patlama@R23 zincir_hasat@R26,129,129,0,361,269,0,0,0,0,0,0.506,335.185,15.785,368,154,442,0,0,4565,0,0,3,30,30,1895,14,0,1.8,0,29000,0,15,65,65.167,2.007,2.489,1.801,1.963,2.529,1.862,607,438,383,140,14,0.404,0.608,271,69,195,30,195,30,288,14,0,0,0,269,0,0,227,154,79,14,14,0.953,1.728,5.31,0.05,0,kalabalik
13,Run50_AlphaDengeV1,Davranış yönü,bahcivan,standart,101,taban,29,,,1034,242,644,9,16,123,382,256,228,123,45,23502,66784,1,0,0,4826,2481,860,9554,4645,3707,117758,81,12,83.44,1.25,1,1.422,1.465,9,0.317,2,45,8.76,1,1.06,1.04,1.08,1.1,100,82,74,67,69,0,0.18,0.18,0.34,0.43,23,81,0.433,0.16,3.737,1409,4,151,0,hizli_bilekx1 bereketli_toprakx1 keskin_bicakx1 kivilcimx3 artci_patlamax1 zincir_hasatx1,103,0,65,80,240,81,147,0,2,0,4,artci_patlama@R23 zincir_hasat@R26,132,132,0,403,273,0,0,0,0,0,0.37,361.569,15.908,347,172,427,0,0,323,0,0,3,30,30,2755,14,0,1.8667,0,33000,0,15,65,65.167,2.135,2.463,2.019,2.592,2.247,1.732,590,472,417,152,20,0.407,0.572,276,71,172,29,172,29,294,20,0,0,0,273,0,0,201,172,87,7,7,0.967,1.776,5.383,0.05,0,kalabalik
13,Run50_AlphaDengeV1,Davranış yönü,bahcivan,standart,101,taban,30,,,1023,237,666,9,18,93,384,253,222,129,35,21003,87787,1,21003,1,5489,2208,696,11998,5543,4323,117081,84,9,94.04,1.25,1,1.377,1.515,9,0.333,2,47,8.72,1,1.02,1.02,1.08,1,98,92,62,54,36,0,0.09,0.07,0.37,0,23,81,0.439,0.148,3.712,1418,7,158,0,hizli_bilekx1 bereketli_toprakx1 keskin_bicakx1 kivilcimx3 artci_patlamax1 zincir_hasatx1,103,0.003,65,83,249,81,159,0,2,0,4,artci_patlama@R23 zincir_hasat@R26,138,138,0,486,315,0,0,0,0,0,0.37,323.123,15.738,345,126,516,0,0,15404,0,0,3,30,30,2755,14,0,1.8667,0,36000,0,12,65,65.167,2.247,2.44,1.885,2.646,2.772,2.333,624,459,388,114,12,0.308,0.53,257,58,169,28,169,28,250,12,0,0,0,315,0,0,197,126,66,5,5,0.993,1.814,5.031,0.051,0,kalabalik
13,Run50_AlphaDengeV1,Davranış yönü,bahcivan,standart,101,taban,31,,,1060,238,614,13,9,186,364,278,230,143,45,26256,26256,1,0,0,5896,2350,914,14724,6753,5237,142896,88,12,94.04,1.25,1,1.377,1.515,9,0.333,2,47,8.62,1,1.01,1.02,1.06,1.14,100,79,74,60,67,0,0.06,0.11,0.09,0.2,23,81,0.428,0.123,3.621,1454,6,164,0,hizli_bilekx1 bereketli_toprakx1 keskin_bicakx1 kivilcimx3 artci_patlamax1 zincir_hasatx1 cifte_akimx1,106,0.01,65,87,261,81,168,0,2,0,4,artci_patlama@R23 zincir_hasat@R26 cifte_akim@R30,220,220,0,481,333,0,0,5,0,0,0.358,403.938,16.308,331,158,532,0,0,5300,0,0,3,30,30,3755,14,0,1.9333,0,41000,0,9,65,65.167,2.132,2.751,1.727,2.488,2.95,1.898,580,440,376,144,14,0.379,0.619,258,67,171,25,171,25,266,14,0,0,0,333,0,0,197,158,85,11,11,0.957,1.704,4.658,0.047,0,kalabalik
13,Run50_AlphaDengeV1,Davranış yönü,bahcivan,standart,101,taban,32,,,1101,234,705,11,27,124,405,289,235,134,38,23814,50070,1,0,0,5563,2979,910,17297,9612,6052,148751,91,9,100.86,1.25,1,1.377,1.565,9,0.35,2,47,8.6,1,1,1.03,1.04,1,100,91,74,56,55,0,0,0.29,0.24,0,23,81,0.43,0.086,3.564,1477,5,169,0,hizli_bilekx1 bereketli_toprakx1 keskin_bicakx1 kivilcimx3 artci_patlamax1 zincir_hasatx1 cifte_akimx1,108,0.013,65,90,270,81,180,0,2,0,4,artci_patlama@R23 zincir_hasat@R26 cifte_akim@R30,206,206,0,453,331,0,0,1,0,0,0.272,366.369,16.938,367,169,586,0,0,27051,0,0,3,30,30,3755,14,0,1.9333,0,45000,0,12,65,65.167,2.072,2.038,1.881,2.625,3.047,1.992,574,487,420,147,22,0.347,0.626,270,79,181,33,181,33,288,22,0,0,0,331,0,0,214,169,91,12,12,0.994,1.833,7.998,0.05,0,kalabalik
13,Run50_AlphaDengeV1,Davranış yönü,bahcivan,standart,101,taban,33,,,959,277,516,20,16,130,340,251,204,118,46,23371,73441,1,23371,1,5134,2648,950,20711,10230,7002,143873,94,9,108.4,1.25,1,1.377,1.565,9,0.35,2,47,8.49,1,1.01,1,1,1,100,90,77,70,63,0,0.05,0,0,0,23,81,0.357,0.16,2.952,1783,4,173,0,hizli_bilekx1 bereketli_toprakx1 keskin_bicakx1 kivilcimx3 artci_patlamax1 zincir_hasatx1 cifte_akimx1,102,0,65,93,279,81,182,7,2,0,4,artci_patlama@R23 zincir_hasat@R26 cifte_akim@R30,231,231,0,386,273,0,0,2,0,0,0.284,359.554,14.754,300,109,618,0,0,31924,0,0,3,30,30,4855,14,1,2.1,0.05,49000,0,9,65,65.167,1.943,2.044,1.913,2.525,3.362,1.6,551,324,276,96,13,0.356,0.57,223,52,157,20,157,20,212,13,0,0,0,273,0,0,177,109,71,6,6,0.96,1.675,5.615,0.052,0,kalabalik
13,Run50_AlphaDengeV1,Davranış yönü,bahcivan,standart,101,taban,34,,,1323,244,815,17,25,222,434,358,289,182,60,36980,36980,1,0,0,7213,3881,1393,22574,13471,8285,231686,99,15,123.97,1.25,1,1.377,1.615,9,0.367,2,47,8.89,1,1,1.02,1,1,100,94,73,72,84,0,0,0.07,0,0,23,81,0.468,0.173,2.724,1933,7,180,0,hizli_bilekx1 bereketli_toprakx1 keskin_bicakx1 kivilcimx3 artci_patlamax1 zincir_hasatx1 cifte_akimx1 nadir_tohumx1,129,0,65,98,294,81,184,14,2,0,4,artci_patlama@R23 zincir_hasat@R26 cifte_akim@R30,244,244,0,514,387,0,0,1,0,0,0.383,568.923,20.354,486,206,634,0,0,2610,0,0,3,30,30,4855,14,4,2.34,0.17,57000,0,9,65,65.167,1.764,2.171,1.457,2.103,4.064,1.578,798,613,540,179,27,0.361,0.563,341,90,231,43,231,43,385,27,0,0,0,387,0,0,274,206,114,14,14,1.065,1.935,5.465,0.055,0,kalabalik
13,Run50_AlphaDengeV1,Davranış yönü,bahcivan,standart,101,taban,35,,,1635,306,975,41,20,293,568,414,345,238,70,43013,79993,1,0,0,9682,5196,2026,30956,16377,10311,289588,103,12,142.48,1.25,1,1.158,1.615,9,0.367,2,56,8.86,1,1,1.02,1,1,100,100,82,77,82,0,0,0.02,0,0,23,81,0.425,0.148,2.381,2211,3,183,0,hizli_bilekx1 bereketli_toprakx1 keskin_bicakx1 kivilcimx3 artci_patlamax1 zincir_hasatx1 cifte_akimx1 nadir_tohumx1,162,0.004,65,102,306,81,184,29,2,0,4,artci_patlama@R23 zincir_hasat@R26 cifte_akim@R30,313,307,6,550,411,0,0,4,0,0,0.42,661.738,25.154,560,358,804,0,0,55198,0,0,3,30,30,6155,14,5,2.5213,0.22,63000,0,15,65,65.167,1.381,1.823,1.032,1.542,1.891,1.363,848,779,686,332,26,0.653,0.665,423,143,284,71,284,71,547,26,0,0,0,411,0,0,358,358,205,21,19,1.156,2,6.416,0.06,0,kalabalik
13,Run50_AlphaDengeV1,Davranış yönü,bahcivan,standart,101,taban,36,,,1569,251,946,43,46,283,530,379,341,232,87,45357,125350,1,45357,1,10338,5921,2094,38814,22298,12280,298121,108,15,171.66,1.25,1,1.067,1.665,9,0.383,2,60,6,1,1,1,1.06,1,100,100,89,63,75,0,0,0,0.09,0,23,81,0.492,0.173,2.135,2466,4,187,0,hizli_bilekx1 bereketli_toprakx1 keskin_bicakx1 kivilcimx3 artci_patlamax1 zincir_hasatx1 cifte_akimx1 nadir_tohumx1,162,0,65,107,321,81,184,41,2,0,4,artci_patlama@R23 zincir_hasat@R26 cifte_akim@R30,232,232,0,458,375,0,0,1,0,0,0.543,697.8,24.138,500,443,852,0,0,19319,0,0,3,30,30,6155,14,6,2.5833,0.25,72000,0,12,65,65.167,1.618,1.437,1.207,1.764,2.869,1.896,704,899,846,371,72,0.625,0.704,345,184,245,77,245,77,550,72,0,0,0,375,0,0,326,443,259,23,23,1.12,1.954,5.304,0.053,0,kalabalik
13,Run50_AlphaDengeV1,Davranış yönü,bahcivan,standart,101,taban,37,,,2251,361,1344,45,56,445,736,583,539,304,89,61917,61917,1,0,0,18362,10853,3994,52156,32451,16274,428599,113,15,193.64,1.25,1,1.025,1.665,9,0.383,2,63,8.95,1,1,1,1,1,100,100,98,77,82,0,0,0,0,0,23,81,0.433,0.185,1.575,3342,4,191,0,hizli_bilekx1 bereketli_toprakx2 keskin_bicakx1 kivilcimx3 artci_patlamax1 zincir_hasatx1 cifte_akimx1 nadir_tohumx1,204,0,65,112,336,81,184,56,2,0,4,artci_patlama@R23 zincir_hasat@R26 cifte_akim@R30,370,370,0,653,574,0,0,11,0,0,0.407,952.569,34.631,775,541,1082,0,0,67918,0,0,3,30,30,7555,14,7,2.7307,0.28,82000,0,15,65,65.167,1.015,1.805,0.69,1.026,1.951,0.822,1016,1118,1050,467,74,0.626,0.74,539,226,366,110,366,110,790,74,0,0,0,574,0,0,484,541,328,29,29,1.323,2.311,7.226,0.068,0,kalabalik
13,Run50_AlphaDengeV1,Davranış yönü,bahcivan,standart,101,taban,38,,,2739,397,1779,44,59,460,856,711,623,411,138,82768,144685,1,0,0,25109,15477,5068,76885,46228,21202,514358,119,18,242.78,1.25,1,0.897,1.665,9,0.4,2,72,8.94,1,1,1,1,1,100,100,100,86,74,0,0,0,0,0,23,81,0.402,0.173,1.349,3903,3,194,0,hizli_bilekx1 bereketli_toprakx2 keskin_bicakx1 kivilcimx3 artci_patlamax1 zincir_hasatx1 cifte_akimx1 nadir_tohumx1,245,0,65,118,354,81,184,71,2,0,4,artci_patlama@R23 zincir_hasat@R26 cifte_akim@R30,439,439,0,819,767,0,0,5,0,0,0.333,1273.354,42.138,853,722,1403,0,0,60276,0,0,3,30,30,7555,14,8,2.8373,0.33,94000,0,15,65,65.167,0.76,1.204,0.531,0.698,2.893,0.508,950,1154,1094,606,116,0.775,0.869,631,278,418,117,418,117,918,116,0,0,0,767,0,0,536,722,448,37,37,1.427,2.489,8.825,0.07,1,kalabalik
13,Run50_AlphaDengeV1,Davranış yönü,bahcivan,standart,101,taban,39,,,2840,543,1563,113,80,541,845,731,678,454,132,84961,229646,1,0,0,27032,17398,7220,97217,62856,28422,624341,125,18,341.88,1.25,1,0.747,1.665,9,0.4,2,87,8.63,1,1,1,1,1,100,100,100,100,100,0,0,0,0,0,23,81,0.446,0.111,1.25,4213,4,198,0,hizli_bilekx1 bereketli_toprakx2 keskin_bicakx1 kivilcimx3 artci_patlamax1 zincir_hasatx1 cifte_akimx1 nadir_tohumx1,248,0.002,65,124,372,81,184,89,2,0,4,artci_patlama@R23 zincir_hasat@R26 cifte_akim@R30,580,572,8,790,771,0,0,12,0,0,0.309,1307.092,43.692,814,712,1922,0,0,84617,0,0,3,30,30,9055,14,8,2.926,0.33,110000,0,18,65,65.167,0.805,1.139,0.755,0.785,1.03,0.594,870,973,932,571,141,0.89,0.907,571,245,380,114,380,114,919,141,0,0,0,771,0,0,498,712,414,66,66,1.427,2.618,5.583,0.079,0,kalabalik
13,Run50_AlphaDengeV1,Davranış yönü,bahcivan,standart,101,taban,40,,,3771,552,2317,82,117,703,1135,1035,859,573,169,111613,341259,1,111613,1,44202,26218,9676,140999,87174,37943,792913,132,21,449.14,1.25,1,0.674,1.665,9,0.417,2,96,8.79,1,1,1,1,1,100,100,100,99,93,0,0,0,0,0,23,81,0.368,0.136,0.997,5282,3,201,0,hizli_bilekx1 bereketli_toprakx2 keskin_bicakx1 kivilcimx3 artci_patlamax1 zincir_hasatx1 cifte_akimx1 nadir_tohumx1,346,0.003,65,131,393,81,184,107,2,0,4,artci_patlama@R23 zincir_hasat@R26 cifte_akim@R30,594,594,0,827,801,0,0,9,0,0,0.235,1717.123,58.015,1212,1206,2584,0,0,67530,0,0,3,30,30,9055,14,9,3.014,0.37,130000,0,18,65,65.167,0.504,0.68,0.376,0.433,1.093,0.51,1306,1562,1505,996,210,0.896,0.929,830,380,546,169,546,169,1605,210,0,0,0,801,0,0,724,1206,749,84,84,1.76,3.621,8.78,0.1,0,kalabalik
13,Run50_AlphaDengeV1,Davranış yönü,bahcivan,standart,101,taban,41,,,4390,573,2541,212,274,790,1326,1188,1060,611,205,128241,128241,1,0,0,57952,33873,12844,193151,121047,50637,1074177,140,24,674.55,2,1,0.64,1.665,9,0.417,2.111,101,8.87,1,1,1,1,1,100,100,100,100,100,0,0,0,0,0,23,81,0.435,0.099,0.73,7217,3,204,0,hizli_bilekx1 bereketli_toprakx2 keskin_bicakx1 kivilcimx3 artci_patlamax1 zincir_hasatx1 cifte_akimx1 nadir_tohumx1 canavar_kesimix1,379,0.003,65,139,417,81,184,128,2,0,4,artci_patlama@R23 zincir_hasat@R26 cifte_akim@R30,632,632,0,819,819,0,0,6,0,0,0.346,1972.938,67.538,1477,1521,6556,0,0,51707,0,0,3,30,30,9055,14,11,3.234,0.47,150000,0,21,65,65.167,0.529,0.626,0.383,0.514,0.637,0.712,1478,1624,1493,1143,378,0.968,0.991,869,400,540,183,540,183,2020,378,0,0,0,819,2,5,733,1521,851,108,108,1.964,3.954,9.124,0.119,0,kalabalik
13,Run50_AlphaDengeV1,Davranış yönü,bahcivan,standart,101,taban,42,,,6324,783,3140,394,522,1485,2004,1644,1470,927,279,180294,308535,1,0,0,91416,59612,21007,283862,180609,69574,1777240,149,27,828.51,2,1,0.532,1.665,9,0.433,2.111,122,8.9,1,1,1,1,1,100,100,100,100,100,0,0,0,0,0,29,121,0.557,0.165,0.559,14068,3,207,14,hizli_bilekx1 bereketli_toprakx2 keskin_bicakx1 kivilcimx3 artci_patlamax1 zincir_hasatx1 cifte_akimx1 nadir_tohumx1 canavar_kesimix1,589,0,65,148,444,81,184,152,2,0,4,artci_patlama@R23 zincir_hasat@R26 cifte_akim@R30,625,621,4,1302,1302,0,0,4,0,0,0.446,2773.754,97.292,1722,2517,8073,0,0,208947,0,0,3,30,30,9055,14,15,3.63,0.65,217500,0,24,65,65.167,0.692,1.271,0.575,0.624,0.661,0.576,1724,2613,2488,1523,994,0.983,0.991,756,526,497,258,497,258,2259,994,0,0,0,1302,5,65,827,2517,1920,202,202,2.375,4.438,13.237,0.131,0,kalabalik
13,Run50_AlphaDengeV1,Davranış yönü,bahcivan,standart,101,taban,43,,,6260,530,3099,469,542,1620,1889,1689,1481,929,272,177560,486095,1,177560,1,91225,59853,20584,370987,240462,89963,1916261,157,24,872.58,2,1,0.532,1.665,9,0.433,2.222,122,5.99,1,1,1,1,1,100,100,100,100,100,0,0,0,0,0,29,121,0.565,0.273,0.553,14211,2,209,0,hizli_bilekx1 bereketli_toprakx2 keskin_bicakx1 kivilcimx3 artci_patlamax1 zincir_hasatx1 cifte_akimx1 nadir_tohumx1 canavar_kesimix1,636,0,65,156,468,108,184,152,2,0,4,artci_patlama@R23 zincir_hasat@R26 cifte_akim@R30,569,564,5,1121,1121,0,0,20,0,0,0.43,2731.692,96.308,1291,3318,8099,0,0,175208,0,0,3,41,41,9055,16,15,3.63,0.65,277500,0,27,65,65.167,0.737,1.207,0.499,0.75,0.872,0.6,1292,3617,3386,1943,1375,0.952,0.977,1019,989,688,493,650,461,3191,1375,0,0,70,1121,220,58534,40090,3318,2543,196,196,2.4,4.281,12.253,0.102,0,kalabalik
13,Run50_AlphaDengeV1,Davranış yönü,bahcivan,standart,101,taban,44,,,7793,781,3618,436,867,2091,2370,2079,1807,1171,366,234799,234799,1,0,0,112569,77565,25561,480836,318027,115524,2481723,165,24,872.58,2,1,0.532,2.198,12,0.45,2.222,122,11.09,1,1,1,1,1,100,100,100,100,100,0,0,0,0,0,29,121,0.468,0.19,0.545,14431,2,211,0,hizli_bilekx1 bereketli_toprakx2 keskin_bicakx1 kivilcimx3 artci_patlamax1 zincir_hasatx1 cifte_akimx1 nadir_tohumx1 canavar_kesimix1 genis_savurusx1,720,0,65,164,492,121,195,152,2,0,4,artci_patlama@R23 zincir_hasat@R26 cifte_akim@R30,906,902,4,1653,1653,0,0,86,0,0,0.455,3612.292,119.892,2030,3329,8866,0,0,226931,0,0,3,45,45,9055,17,15,3.63,0.65,337500,0,24,65,65.167,0.498,0.842,0.431,0.522,0.53,0.36,2032,3653,3259,2207,1122,0.958,0.975,1513,1146,1046,512,953,451,4402,1122,0,0,154,1653,304,147888,76277,3329,2493,343,343,6.22,13.749,472.848,0.227,0,kalabalik
13,Run50_AlphaDengeV1,Davranış yönü,bahcivan,standart,101,taban,45,,,7677,787,3627,397,902,1964,2218,2140,1833,1131,355,227566,462365,1,0,0,117800,72933,25311,598636,390960,140595,2531919,172,21,872.58,2,1,0.532,2.198,12,0.45,2.333,122,10.98,1,1,1,1,1,100,100,100,100,100,0,0,0,0,0,29,121,0.477,0.215,0.545,14431,1,212,0,hizli_bilekx1 bereketli_toprakx2 keskin_bicakx1 kivilcimx3 artci_patlamax1 zincir_hasatx1 cifte_akimx1 nadir_tohumx1 canavar_kesimix1 genis_savurusx1,695,0,65,171,513,121,219,152,2,0,4,artci_patlama@R23 zincir_hasat@R26 cifte_akim@R30,896,889,7,1615,1615,0,0,93,0,0,0.405,3501.015,118.108,2008,3267,9342,0,0,238850,0,0,3,45,45,9055,17,15,3.63,0.65,390000,0,24,65,65.167,0.511,0.775,0.48,0.513,0.598,0.354,2008,3619,3229,2079,1188,0.956,0.975,1439,1044,998,512,926,456,4277,1188,0,0,128,1615,284,107732,59590,3267,2444,347,347,8.812,16.467,191.632,0.3,1,kalabalik
13,Run50_AlphaDengeV1,Davranış yönü,bahcivan,standart,101,taban,46,,,7565,775,3485,295,874,2136,2224,2033,1787,1162,359,233630,695995,1,233630,1,108467,73855,26847,704703,464815,167442,2384203,178,18,872.58,2,1,0.532,2.198,12,0.45,2.333,122,11.25,1,1,1,1,1,100,100,100,100,100,0,0,0,0,0,29,121,0.484,0.24,0.545,14431,1,213,0,hizli_bilekx1 bereketli_toprakx2 keskin_bicakx1 kivilcimx3 artci_patlamax1 zincir_hasatx1 cifte_akimx1 nadir_tohumx1 canavar_kesimix1 genis_savurusx1,662,0,65,177,531,121,240,152,2,0,4,artci_patlama@R23 zincir_hasat@R26 cifte_akim@R30,907,900,7,1483,1483,0,0,130,0,3,0.372,3594.308,116.385,2141,3166,9427,0,0,170553,0,0,3,45,45,9055,17,15,3.63,0.65,435000,0,21,65,65.167,0.52,0.78,0.484,0.519,0.58,0.394,2161,3846,3423,2163,1003,0.917,0.955,1619,1022,1166,491,1054,441,4520,1003,0,0,162,1483,316,146824,74152,3166,2284,335,335,8.082,14.871,234.809,0.309,0,kalabalik
13,Run50_AlphaDengeV1,Davranış yönü,bahcivan,standart,101,taban,47,,,9124,1137,4081,414,1179,2313,2627,2513,2135,1416,433,280389,280389,1,0,0,138730,91513,33252,843433,556328,200404,3324725,185,21,1040.52,2,1,0.373,2.198,12,0.45,2.444,174,11.21,1,1,1,1,1,100,100,100,100,100,0,0,0,0,0,29,121,0.414,0.149,0.517,15220,1,214,0,hizli_bilekx1 bereketli_toprakx2 keskin_bicakx1 kivilcimx3 artci_patlamax1 zincir_hasatx1 cifte_akimx1 nadir_tohumx1 canavar_kesimix1 genis_savurusx1 firtina_bilegix1,770,0.001,65,184,552,121,247,163,2,0,4,artci_patlama@R23 zincir_hasat@R26 cifte_akim@R30,1290,1280,10,1691,1691,0,0,151,0,20,0.397,4313.677,140.369,2892,3404,11767,0,0,292778,0,0,3,45,45,9055,17,19,4.026,0.83,487500,0,18,65,65.167,0.365,0.492,0.284,0.379,0.46,0.34,2893,3635,3207,2497,907,0.973,0.986,2165,1164,1526,546,1379,476,5869,907,0,0,217,1691,411,213197,91740,3404,3390,468,468,10.5,21.514,342.715,0.399,0,kalabalik
13,Run50_AlphaDengeV1,Davranış yönü,bahcivan,standart,101,taban,48,,,10115,1226,4607,456,1296,2530,2865,2741,2423,1587,499,321384,601773,1,0,0,173161,118879,43335,1016594,675207,243739,3681656,192,21,1409.13,2,1,0.326,2.198,12,0.45,2.444,199,10.61,1,1,1,1,1,100,100,100,100,100,0,0,0,0,0,29,121,0.373,0.149,0.5,15730,0,214,0,hizli_bilekx1 bereketli_toprakx2 keskin_bicakx1 kivilcimx3 artci_patlamax1 zincir_hasatx1 cifte_akimx1 nadir_tohumx1 canavar_kesimix1 genis_savurusx1 firtina_bilegix1,844,0.002,65,191,573,121,247,184,2,0,4,artci_patlama@R23 zincir_hasat@R26 cifte_akim@R30,1387,1384,3,1654,1654,0,0,268,2,81,0.198,4944.369,155.615,2993,4242,15902,0,0,404434,0,0,3,45,45,9055,17,21,4.246,0.93,540000,0,21,65,65.167,0.304,0.421,0.243,0.302,0.302,0.335,2993,4368,3979,2937,1305,0.989,0.993,2348,1512,1683,727,1483,634,6213,1305,0,0,293,1654,531,285013,106954,4242,4239,598,598,4.089,7.661,112.191,0.271,0,kalabalik
13,Run50_AlphaDengeV1,Davranış yönü,bahcivan,standart,101,taban,49,,,11560,1530,5556,389,1304,2781,3003,3199,2848,1907,603,379981,981754,1,0,0,241641,160936,64693,1258235,836143,308102,4564440,200,24,2003.55,2,1,0.266,2.198,12,0.45,2.556,244,10.85,1,1,1,1,1,100,100,100,100,100,0,0,0,0,0,29,121,0.285,0.107,0.5,15730,1,215,0,hizli_bilekx1 bereketli_toprakx2 keskin_bicakx1 kivilcimx3 artci_patlamax1 zincir_hasatx1 cifte_akimx1 nadir_tohumx1 canavar_kesimix1 genis_savurusx1 firtina_bilegix1,956,0.034,65,199,597,121,247,205,2,0,4,artci_patlama@R23 zincir_hasat@R26 cifte_akim@R30,1766,1757,9,2217,2217,0,0,640,116,75,0.339,5845.862,177.846,3495,4318,23751,0,0,438874,0,0,3,45,45,9055,17,21,4.246,0.93,600000,0,21,65,65.167,0.189,0.229,0.091,0.266,0.406,0.117,3495,4340,3933,2974,1344,0.997,0.999,2853,1846,2011,866,1768,729,5951,1344,0,0,380,2217,599,353072,106811,4318,4300,599,599,8.483,19.602,239.76,0.393,0,kalabalik
13,Run50_AlphaDengeV1,Davranış yönü,bahcivan,standart,101,taban,50,,,11731,1274,6007,374,1152,2924,2941,3294,2956,1881,659,392212,1373966,1,392212,1,265325,187232,69399,1523560,1023375,377501,5018705,208,24,2821.6,2,1,0.255,2.198,12,0.45,2.556,254,8.3,1,1,1,1,1,100,100,100,100,100,0,0,0,0,0,29,121,0.271,0.124,0.5,15730,0,215,0,hizli_bilekx1 bereketli_toprakx2 keskin_bicakx1 kivilcimx3 artci_patlamax1 zincir_hasatx1 cifte_akimx1 nadir_tohumx1 canavar_kesimix1 genis_savurusx1 firtina_bilegix1,995,0.046,65,207,621,121,247,229,2,0,4,artci_patlama@R23 zincir_hasat@R26 cifte_akim@R30,1504,1500,4,3151,3151,0,0,394,225,64,0.273,6034.031,180.477,2848,4458,33081,0,0,447579,0,0,3,45,45,9055,17,27,4.884,1.22,660000,0,24,65,65.167,0.232,0.277,0.09,0.309,0.506,0.162,2848,4458,4157,2986,1472,1,1,2406,1999,1683,983,1506,824,5267,1472,0,0,336,3151,542,316501,109674,4458,4427,430,430,4.077,7.394,35.979,0.213,1,kalabalik
13,Run50_AlphaDengeV1,Davranış yönü,bahcivan,standart,101,taban,50,KAZANDI
14,Run50_AlphaDengeV1,Davranış yönü,bahcivan,standart,102,taban,1,,,13,13,0,0,0,0,10,3,0,0,0,19,19,1,0,0,32,0,0,32,0,0,290,1,0,10,1,1,3,0.9,4,0.3,2,13,2.08,1.8,2.67,,,,36,0,,,,2.4,5,,,,2,4,0.346,0,8,23,0,0,2,,4,0.203,45,0,0,0,0,0,0,0,0,,0,0,0,0,0,0,0,0,0,0,1,0.422,0.289,0,0,22,0,0,290,0,0,0,0,0,0,0,0,1,0,390,0,0,45,45.133,4.215,4.215,,,,,0,0,0,0,0,,,0,0,0,0,0,0,0,0,0,0,0,0,0,0,0,0,0,0,0,0.916,2.472,36.514,0.032,0,kalabalik
14,Run50_AlphaDengeV1,Davranış yönü,bahcivan,standart,102,taban,2,,,18,18,0,0,0,0,14,3,1,0,0,33,52,1,0,0,40,4,0,40,4,0,410,2,3,11.33,1,1,3,0.9,4,0.3,2,14,2.36,1.57,2.67,3,,,38,0,0,,,1.93,5,9,,,3,5,0.391,0,8,28,2,2,1,,4,0.11,45,1,3,0,0,0,0,0,0,,0,0,0,0,0,0,0,0,0,0,0.2,0.733,0.4,0,0,26,0,0,310,0,0,0,0,0,0,0,0,1,0,410,0,0,45,45.133,4.88,4.88,,,,,0,0,0,0,0,,,0,0,0,0,0,0,0,0,0,0,0,0,0,0,0,0,0,0,0,0.739,2.029,23.481,0.023,0,kalabalik
14,Run50_AlphaDengeV1,Davranış yönü,bahcivan,standart,102,taban,3,,,18,16,2,0,0,0,15,1,2,0,0,38,90,1,38,1,34,8,0,34,12,0,410,3,3,11.33,1,1,3,0.9,4,0.3,2,14,2.79,1.77,2,3,,,22,,0,,,2.31,12,9,,,4,7,0.494,0.143,8,39,0,2,1,,4,0.052,45,2,6,3,0,0,2,0,3,,0,0,0,0,0,0,0,0,0,0,0.857,0.844,0.4,2,0,24,0,0,310,0,0,3,3,3,0,0,0,1,0,420,0,3,45,45.133,6.659,6.808,5.467,,,,10,0,0,0,0,,0.269,0,0,0,0,0,0,0,0,0,0,0,0,0,0,0,0,0,0,0,1.861,2.802,266.535,0.029,0,kalabalik
14,Run50_AlphaDengeV1,Davranış yönü,bahcivan,standart,102,taban,4,,,27,15,12,0,0,0,22,3,1,1,0,84,84,1,0,0,56,4,2,57,16,2,620,5,6,11.33,1.25,1,3,0.9,4,0.3,2,14,2.86,1.5,2.5,3,,,42,33,,,,2.25,4.5,9,,,5,8,0.413,0.125,7.804,46,2,4,1,keskin_bicakx1,7,0.226,45,4,12,6,0,0,2,0,3,,0,0,0,0,0,0,0,0,0,0,0.375,1.867,0.6,12,0,32,0,0,70,0,0,3,4,4,0,0,0,1,0,470,0,3,45,45.133,6.585,7.133,5.9,,,,17,0,0,0,0,,0.3,0,0,0,0,0,0,0,0,0,0,0,0,0,0,0,0,0,0,0,0.997,2.394,37.462,0.027,0,kalabalik
14,Run50_AlphaDengeV1,Davranış yönü,bahcivan,standart,102,taban,5,,,29,22,7,0,0,0,25,3,1,0,0,52,136,1,0,0,62,4,0,78,20,2,713,6,3,12,1.25,1,2.892,0.9,4,0.3,2,15,3.13,1.53,1.5,2,,,43,0,0,0,,2.59,4.33,8.7,,,6,9,0.457,0.111,7.804,52,3,7,1,keskin_bicakx1,6,0.179,45,5,15,9,3,0,2,0,3,,0,0,0,0,0,0,0,0,0,0,0.556,1.156,0.644,7,0,34,0,0,313,0,0,3,5,5,6,1,0,1.0667,0,490,0,6,45,45.133,5.656,6.232,3.848,,,,16,0,0,0,0,,0.385,0,0,0,0,0,0,0,0,0,0,0,0,0,0,0,0,0,0,0,0.977,2.373,65.206,0.024,0,kalabalik
14,Run50_AlphaDengeV1,Davranış yönü,bahcivan,standart,102,taban,6,,,27,21,6,0,0,0,19,5,2,1,0,93,229,1,93,1,58,8,2,59,28,4,726,8,6,13.33,1.25,1,2.789,0.9,4,0.3,2,18,2.39,1.47,2,2,,,44,0,0,,,1.3,5.59,5.57,,,6,9,0.238,0,7.613,65,6,13,0,keskin_bicakx1,5,0.473,55,7,21,9,6,0,2,0,3,,0,0,0,0,0,0,0,0,0,0,0.111,1.691,0.491,6,0,38,0,0,29,0,0,3,5,5,6,1,0,1.0667,0,560,0,3,55,55.133,5.472,5.263,6.2,,,,12,0,0,0,0,,0.326,0,0,0,0,0,0,0,0,0,0,0,0,0,0,0,0,0,0,0,1.121,2.663,80.089,0.023,0,kalabalik
14,Run50_AlphaDengeV1,Davranış yönü,bahcivan,standart,102,taban,7,,,43,31,11,0,0,1,34,6,2,1,0,122,122,1,0,0,98,8,2,106,36,6,1118,9,3,13.33,1.25,1,2.789,0.9,4,0.3,2,19,3.37,1.36,2,2,,,53,17,0,0,,1.68,8.93,2.8,,,7,11,0.553,0.091,6.3,96,1,14,1,keskin_bicakx1 bereketli_toprakx1,8,0.001,55,8,24,15,6,0,2,0,3,,0,0,0,0,0,0,0,0,0,0,0.636,2.218,0.782,12,0,38,0,0,587,0,0,3,5,5,6,2,0,1.0667,0,600,0,6,55,55.133,6.527,6.862,5.661,,,,34,0,0,0,0,,0.316,0,0,0,0,0,0,0,0,0,0,0,0,0,0,0,0,0,0,0,1.198,2.343,455.544,0.025,0,kalabalik
14,Run50_AlphaDengeV1,Davranış yönü,bahcivan,standart,102,taban,8,,,37,26,9,0,0,2,27,8,1,1,0,105,227,1,0,0,94,4,2,99,10,8,1050,11,6,14,1.25,1,2.789,0.9,4,0.3,2,19,3.37,1.47,1.83,,4,,41,11,0,0,,3.08,4.65,,16.73,,8,13,0.69,0.385,5.743,124,5,19,1,keskin_bicakx1 bereketli_toprakx1,6,0,55,10,30,18,6,0,2,0,3,,0,0,0,0,0,0,0,0,0,0,0.615,1.909,0.673,11,0,40,0,0,397,0,0,3,6,6,14,2,0,1.1333,0,700,0,3,55,55.133,10.237,10.785,8.942,,,,22,0,0,0,0,,0.3,0,0,0,0,0,0,0,0,0,0,0,0,0,0,0,0,0,0,0,1.117,2.438,115.578,0.03,0,kalabalik
14,Run50_AlphaDengeV1,Davranış yönü,bahcivan,standart,102,taban,9,,,42,31,10,0,0,1,32,7,3,0,0,114,341,1,0,0,99,12,0,120,22,8,1161,13,6,14.67,1.25,1,2.689,0.9,4,0.3,2,20,3.65,1.41,2,1.67,,,41,0,33,,,2.32,7.16,7.17,,,9,15,0.687,0.4,5.807,142,3,22,1,keskin_bicakx1 bereketli_toprakx1,7,0,55,12,36,24,6,0,2,0,3,,0,0,0,0,0,0,0,0,0,0,0.8,2.073,0.764,11,0,42,0,0,108,0,0,3,6,6,14,3,0,1.1333,0,810,0,6,55,55.133,13.557,14.639,10.509,,,,24,0,0,0,0,,0.395,0,0,0,0,0,0,0,0,0,0,0,0,0,0,0,0,0,0,0,0.978,2.47,29.652,0.034,0,kalabalik
14,Run50_AlphaDengeV1,Davranış yönü,bahcivan,standart,102,taban,10,,,53,36,16,0,0,1,33,16,4,0,0,222,563,1,222,1,146,16,0,159,38,8,1615,15,6,15.64,1.25,1,2.592,0.9,4,0.3,2,21,3.95,1.56,1.88,1.33,,,28,0,0,,,5.7,7.13,3.46,,,11,18,0.698,0.278,5.899,168,3,25,2,keskin_bicakx1 bereketli_toprakx1,10,0,55,14,42,25,11,0,2,0,3,,0,0,0,0,0,0,0,0,0,0,0.611,4.036,0.964,17,0,44,0,0,33,0,0,3,6,6,24,3,0,1.2,0,950,0,6,55,55.133,13.662,16.19,8.31,,,,38,0,0,0,0,,0.272,0,0,0,0,0,0,0,0,0,0,0,0,0,0,0,0,0,0,0,1.152,2.723,41.479,0.035,0,kalabalik
14,Run50_AlphaDengeV1,Davranış yönü,bahcivan,standart,102,taban,11,,,75,55,17,0,0,3,53,15,6,0,1,378,378,1,0,0,234,24,8,265,62,16,2310,17,6,16.36,1.25,1,2.125,0.9,4,0.3,2,30,3.93,1.31,2,2.17,,2,38,8,20,0,,2.72,11.09,10.27,,6.37,12,21,0.653,0.381,5.764,237,4,29,1,keskin_bicakx1 bereketli_toprakx1 hizli_bilekx1,11,0,65,16,48,25,17,0,2,0,3,,0,0,0,0,0,0,0,0,0,0,0.762,5.815,1.154,20,0,51,0,0,393,0,0,3,6,6,24,3,0,1.2,0,1100,0,6,65,65.167,10.376,12.224,5.297,,,,64,0,0,0,0,,0.334,0,0,0,0,0,0,0,0,0,0,0,0,0,0,0,0,0,0,0,1.12,2.697,10.054,0.035,0,kalabalik
14,Run50_AlphaDengeV1,Davranış yönü,bahcivan,standart,102,taban,12,,,84,52,22,5,0,5,54,17,10,3,0,396,774,1,0,0,247,40,6,247,62,22,3112,19,6,18.13,1.25,1,2.125,0.9,4,0.3,2,30,4,1.41,1.75,1.83,1,,38,8,0,0,,2.41,7.17,10.62,0,,14,25,0.695,0.4,5.595,290,7,36,2,keskin_bicakx1 bereketli_toprakx1 hizli_bilekx1,15,0,65,18,54,25,23,0,2,0,3,,0,0,0,0,0,0,0,0,0,0,0.8,6.092,1.292,32,0,56,0,0,1205,0,0,3,6,6,36,3,0,1.2667,0,1300,0,6,65,65.167,14.065,15.744,11.335,,,,74,0,0,0,0,,0.229,0,0,0,0,0,0,0,0,0,0,0,0,0,0,0,0,0,0,0,1.16,2.685,40.581,0.032,0,kalabalik
14,Run50_AlphaDengeV1,Davranış yönü,bahcivan,standart,102,taban,13,,,80,65,9,0,0,6,52,18,10,0,0,288,1062,1,288,1,264,40,0,274,52,22,3448,22,9,20.27,1.25,1,1.904,0.935,4,0.3,2,34,3.68,1.43,1.64,2.33,,,38,27,0,0,,4.03,4.62,12.7,,,13,25,0.549,0.24,5.35,304,13,49,1,keskin_bicakx1 bereketli_toprakx1 hizli_bilekx1,14,0,65,21,63,25,29,0,2,0,3,,0,0,0,0,0,0,0,0,0,0,0.48,4.431,1.231,15,0,68,0,0,453,0,0,3,6,6,66,3,0,1.4,0,1700,0,6,65,65.167,11.897,12.39,9.76,,,,33,0,0,0,0,,0.234,0,0,0,0,0,0,0,0,0,0,0,0,0,0,0,0,0,0,0,1.147,2.553,69.729,0.052,0,kalabalik
14,Run50_AlphaDengeV1,Davranış yönü,bahcivan,standart,102,taban,14,,,125,76,26,14,0,9,74,29,15,6,1,713,713,1,0,0,396,93,12,446,120,34,5821,25,9,23.08,1.25,1,1.836,0.97,4,0.3,2,35,4,1.15,1.36,2,1,2,50,29,10,0,0,0.92,2.17,5.51,0,1.83,11,25,0.655,0.28,5.059,321,7,56,1,keskin_bicakx1 bereketli_toprakx1 hizli_bilekx1 kivilcimx1,18,0,65,24,72,25,38,0,2,0,3,,0,0,0,0,0,0,0,0,0,0,0.68,10.969,1.923,49,0,78,0,0,874,0,0,3,6,6,84,3,0,1.4667,0,2100,0,9,65,65.167,8.158,8.67,7.363,,,,176,0,0,0,0,,0.231,0,0,0,0,0,0,0,0,0,0,0,0,0,0,0,0,0,0,0,1.278,2.958,24.971,0.049,0,kalabalik
14,Run50_AlphaDengeV1,Davranış yönü,bahcivan,standart,102,taban,15,,,176,96,44,21,0,15,96,42,26,11,1,1787,2500,1,0,0,540,150,22,580,180,56,9033,29,12,25.51,1.25,1,1.836,1.005,6,0.3,2,35,5.74,1.28,1.32,1.57,1.8,,42,50,22,0,0,1.68,1.54,4.07,2.57,,11,27,0.589,0.333,4.704,373,11,67,1,keskin_bicakx1 bereketli_toprakx1 hizli_bilekx1 kivilcimx1,21,0,65,28,84,25,47,0,2,0,3,,0,0,0,0,0,0,0,0,0,0,0.704,27.492,2.708,80,0,85,0,0,607,0,0,3,6,6,125,3,0,1.6,0,2800,0,9,65,65.167,6.145,6.95,5.178,,,,191,0,0,0,0,,0.227,0,0,0,0,0,0,0,0,0,0,0,0,0,0,0,0,0,0,0,1.6,3.337,115.734,0.062,0,kalabalik
14,Run50_AlphaDengeV1,Davranış yönü,bahcivan,standart,102,taban,16,,,174,84,58,6,0,26,76,45,35,13,5,3429,5929,1,3429,1,543,195,53,598,337,89,10124,32,9,25.51,1.25,1,1.836,1.075,6,0.3,2,35,5.94,1.5,1.62,2,2.5,2.67,33,35,5,0,0,2.25,3.15,6.08,9.87,7.33,15,44,0.724,0.295,4.817,594,3,70,8,keskin_bicakx1 bereketli_toprakx1 hizli_bilekx1 kivilcimx1,26,0,65,31,93,37,47,0,2,0,3,,0,0,0,0,0,0,0,0,0,0,0.636,52.754,2.677,90,0,85,0,0,1731,0,0,3,10,10,125,3,0,1.6,0,3400,0,12,65,65.167,9.219,10.362,8.152,,,,327,0,0,0,0,,0.19,0,0,0,0,0,0,0,0,0,0,0,0,0,0,0,0,0,0,0,1.718,3.901,49.951,0.092,0,kalabalik
14,Run50_AlphaDengeV1,Davranış yönü,bahcivan,standart,102,taban,17,,,251,113,62,40,5,31,107,60,44,31,9,4145,4145,1,0,0,861,240,98,899,389,147,14608,36,12,29.99,1.25,1,1.778,1.075,6,0.3,2,36,6,1.11,1.15,1.59,1.53,1.6,57,47,6,21,0,0.39,0.68,1.68,4.12,1.78,16,49,0.69,0.388,4.737,672,5,75,4,keskin_bicakx1 bereketli_toprakx1 hizli_bilekx1 kivilcimx2,31,0,65,35,105,46,47,0,2,0,3,,0,0,0,0,0,0,0,0,0,0,0.776,63.769,3.862,138,0,98,0,0,1339,0,0,3,11,11,125,4,0,1.6,0,4400,0,9,65,65.167,8.069,7.12,8.847,,,,519,0,0,0,0,,0.256,0,0,0,0,0,0,0,0,0,0,0,0,0,0,0,0,0,0,0,1.817,3.828,40.39,0.075,0,kalabalik
14,Run50_AlphaDengeV1,Davranış yönü,bahcivan,standart,102,taban,18,,,292,122,62,62,12,34,111,82,55,34,10,5894,10039,1,0,0,915,445,98,929,559,245,16663,39,9,34.76,1.25,1,1.722,1.11,6,0.3,2,37,6,1.03,1.13,1.33,1.32,1.4,77,47,28,11,0,0.09,0.78,2.49,1.18,2.07,16,49,0.658,0.265,4.737,672,9,84,0,keskin_bicakx1 bereketli_toprakx1 hizli_bilekx1 kivilcimx2,37,0,65,38,114,49,56,0,2,0,3,,0,0,0,0,0,0,0,0,0,0,0.735,90.677,4.492,170,0,110,0,0,3902,0,0,3,11,11,125,4,0,1.6,0,5300,0,12,65,65.167,8.45,9.602,7.623,,,,570,0,0,0,0,,0.268,0,0,0,0,0,0,0,0,0,0,0,0,0,0,0,0,0,0,0,1.86,3.877,19.19,0.091,0,kalabalik
14,Run50_AlphaDengeV1,Davranış yönü,bahcivan,standart,102,taban,19,,,308,136,64,61,11,36,116,77,64,39,12,8609,18648,1,0,0,1050,573,98,1099,1143,183,18126,42,9,39.82,1.25,1,1.668,1.145,6,0.3,2,38,6,1.02,1.09,1.28,1.53,1.25,87,55,27,8,20,0.03,0.83,1.84,1.86,0.42,17,58,0.684,0.414,4.735,796,7,91,5,keskin_bicakx1 bereketli_toprakx1 hizli_bilekx1 kivilcimx2,38,0,65,41,123,49,65,0,2,0,3,,0,0,0,0,0,0,0,0,0,0,0.621,132.446,4.738,172,0,129,0,0,5228,0,0,3,11,11,125,4,0,1.6,0,6300,0,9,65,65.167,7.213,6.105,8.088,,,,547,0,0,0,0,,0.222,0,0,0,0,0,0,0,0,0,0,0,0,0,0,0,0,0,0,0,1.959,3.868,44.77,0.106,0,kalabalik
14,Run50_AlphaDengeV1,Davranış yönü,bahcivan,standart,102,taban,20,,,343,154,72,67,13,37,135,86,67,41,14,9603,28251,1,9603,1,1319,594,156,1463,1134,259,18548,45,9,43.38,1.25,1,1.668,1.145,6,0.3,2,38,6,1,1.09,1.13,1.36,1.5,93,43,50,8,50,0,0.86,1.02,1.55,6.67,22,81,0.607,0.333,4.709,1118,6,97,9,keskin_bicakx1 bereketli_toprakx1 hizli_bilekx1 kivilcimx2,45,0,65,44,132,58,65,0,2,0,3,,0,0,0,0,0,0,0,0,0,0,0.519,147.738,5.277,189,0,139,0,0,3876,0,0,3,15,15,125,4,0,1.6,0,7400,0,9,65,65.167,8.215,8.247,8.19,,,,650,0,0,0,0,,0.208,0,0,0,0,0,0,0,0,0,0,0,0,0,0,0,0,0,0,0,2.191,4.423,37.25,0.118,0,kalabalik
14,Run50_AlphaDengeV1,Davranış yönü,bahcivan,standart,102,taban,21,,,402,157,97,75,14,59,162,112,73,44,11,10204,10204,1,0,0,1656,592,176,1924,1166,435,22395,48,9,49.54,1.25,1,1.616,1.23,6,0.3,2,40,6,1,1.1,1.12,1.5,1,100,52,33,14,14,0,0.65,0.5,2.08,0,22,81,0.706,0.506,4.709,1118,7,104,0,keskin_bicakx1 bereketli_toprakx1 hizli_bilekx1 kivilcimx3,49,0,65,47,141,67,65,0,2,0,3,,0,0,0,0,0,0,0,0,0,0,0.753,156.985,6.185,245,0,162,0,0,2871,0,0,3,19,19,125,6,0,1.6,0,8600,0,9,65,65.167,8.9,6.786,10.254,,,,766,0,0,0,0,,0.178,0,0,0,0,0,0,0,0,0,0,0,0,0,0,0,0,0,0,0,2.326,4.563,195.053,0.116,0,kalabalik
14,Run50_AlphaDengeV1,Davranış yönü,bahcivan,standart,102,taban,22,,,427,167,88,93,18,61,164,101,86,61,15,15165,25369,1,0,0,1748,737,219,2232,1518,654,25652,51,9,49.54,1.25,1,1.565,1.315,6,0.3,2,41,6,1,1.06,1.08,1.22,1.5,100,50,57,19,33,0,0.18,0.47,1.74,3.66,22,81,0.702,0.494,4.474,1177,7,111,0,keskin_bicakx1 bereketli_toprakx1 hizli_bilekx1 kivilcimx3,50,0,65,50,150,76,65,0,2,0,3,,0,0,0,0,0,0,0,0,0,0,0.605,233.308,6.569,260,0,160,0,0,1423,0,0,3,19,19,575,7,0,1.6667,0,10000,0,9,65,65.167,7.692,5.608,9.03,,,,823,0,0,0,0,,0.23,0,0,0,0,0,0,0,0,0,0,0,0,0,0,0,0,0,0,0,2.228,4.443,23.251,0.127,0,kalabalik
14,Run50_AlphaDengeV1,Davranış yönü,bahcivan,standart,102,taban,23,,,331,105,107,62,11,46,111,101,64,42,13,12189,37558,1,12189,1,1508,690,162,2970,1128,816,21454,53,6,56.1,1.25,1,1.565,1.315,6,0.3,2,41,4,1,1.16,1.33,1.27,1,100,33,36,33,50,0,1.08,1.46,1.71,0,22,81,0.755,0.531,4.474,1177,5,116,0,keskin_bicakx1 bereketli_toprakx1 hizli_bilekx1 kivilcimx3,49,0,65,52,156,81,69,0,2,0,3,,0,0,0,0,0,0,0,0,0,0,0.716,187.523,5.092,226,0,253,0,0,2877,0,0,3,21,21,575,9,0,1.6667,0,11000,0,9,65,65.167,12.193,8.95,13.699,,,,653,0,0,0,0,,0.188,0,0,0,0,0,0,0,0,0,0,0,0,0,0,0,0,0,0,0,2.013,3.915,72.743,0.097,0,kalabalik
14,Run50_AlphaDengeV1,Davranış yönü,bahcivan,standart,102,taban,24,,,488,150,187,78,19,54,161,142,105,63,17,16874,16874,1,0,0,2158,1092,213,4468,1340,1029,32203,56,9,56.1,1.25,1,1.516,1.365,6,0.3,2,42,6,1,1.02,1.23,1.18,1.5,100,53,33,22,0,0,0.14,1.69,0.62,4.55,22,81,0.662,0.42,4.474,1177,4,120,0,keskin_bicakx1 bereketli_toprakx1 hizli_bilekx1 kivilcimx3 artci_patlamax1,65,0,65,55,165,81,75,0,2,0,3,artci_patlama@R23,43,43,0,219,121,0,0,0,0,0,0.654,259.6,7.508,217,0,179,0,0,80,0,0,3,21,21,575,9,0,1.6667,0,13000,0,6,65,65.167,8.461,6.16,9.433,,,9.57,730,0,0,0,0,,0.205,0,0,0,0,0,0,0,0,0,0,0,0,0,0,0,0,0,0,0,2.237,4.621,39.457,0.115,0,kalabalik
14,Run50_AlphaDengeV1,Davranış yönü,bahcivan,standart,102,taban,25,,,588,161,265,81,15,66,217,147,115,84,25,24348,41222,1,0,0,2527,1176,382,3940,1246,1361,38791,58,6,69.27,1.25,1,1.516,1.365,6,0.3,2,42,6,1,1.05,1.07,1.08,1,100,71,44,60,33,0,0.1,0.43,0.12,0,22,81,0.607,0.346,4.365,1206,9,129,0,keskin_bicakx1 bereketli_toprakx1 hizli_bilekx1 kivilcimx3 artci_patlamax1,73,0,65,57,171,81,84,0,2,0,3,artci_patlama@R23,60,60,0,220,147,0,0,0,0,0,0.654,374.585,9.046,280,0,374,0,0,12871,0,0,3,21,21,1165,9,0,1.7333,0,14000,0,9,65,65.167,5.3,4.679,4.975,,,6.597,705,0,0,0,0,,0.473,0,0,0,0,0,0,0,0,0,0,0,0,0,0,0,0,0,0,0,3.964,8.606,238.247,0.16,0,kalabalik
14,Run50_AlphaDengeV1,Davranış yönü,bahcivan,standart,102,taban,26,,,631,196,316,59,26,34,210,166,151,77,27,31320,72542,1,31320,1,3036,1414,434,5506,1700,1795,40498,61,9,69.27,1.25,1,1.468,1.415,9,0.3,2,44,8.2,1,1.04,1.05,1.11,1.18,100,66,63,42,45,0,0.26,0.14,0.81,1.47,22,81,0.39,0.148,4.259,1236,6,135,0,keskin_bicakx1 bereketli_toprakx1 hizli_bilekx1 kivilcimx3 artci_patlamax1,67,0.002,65,60,180,81,90,0,2,0,3,artci_patlama@R23,86,86,0,225,161,0,0,0,0,0,0.259,481.846,9.708,274,0,385,0,0,10369,0,0,3,21,21,1165,9,0,1.7333,0,16000,0,6,65,65.167,3.962,5.516,3.648,,,2.607,609,0,0,0,0,,0.515,0,0,0,0,0,0,0,0,0,0,0,0,0,0,0,0,0,0,0,2.948,6.281,121.545,0.135,0,kalabalik
14,Run50_AlphaDengeV1,Davranış yönü,bahcivan,standart,102,taban,27,,,751,227,346,72,29,77,260,199,166,95,31,33591,33591,1,0,0,3569,1712,506,7335,3412,2301,51326,64,9,73.42,1.25,1,1.468,1.868,9,0.317,2,44,8.84,1,1,1.04,1.04,1.13,100,68,68,55,58,0,0,0.26,0.27,0.73,22,81,0.509,0.198,4.259,1236,4,139,0,keskin_bicakx1 bereketli_toprakx1 hizli_bilekx1 kivilcimx3 artci_patlamax1 genis_savurusx1,81,0,65,63,189,81,99,0,2,0,3,artci_patlama@R23,96,96,0,253,176,0,0,0,0,0,0.383,516.785,11.554,348,0,397,0,0,12695,0,0,3,21,21,1895,9,0,1.8,0,18000,0,9,65,65.167,3.515,3.872,3.514,,,3.057,853,0,0,0,0,,0.477,0,0,0,0,0,0,0,0,0,0,0,0,0,0,0,0,0,0,0,2.658,4.954,192.004,0.161,0,kalabalik
14,Run50_AlphaDengeV1,Davranış yönü,bahcivan,standart,102,taban,28,,,777,246,324,80,39,88,282,206,156,95,38,39561,73152,1,0,0,3802,1800,620,8227,3512,2856,53107,67,9,83.44,1.25,1,1.422,1.934,9,0.317,2,45,8.87,1,1.03,1.05,1,1.11,100,75,55,50,36,0,0.28,0.49,0,0.95,22,81,0.477,0.235,4.259,1236,8,147,0,keskin_bicakx1 bereketli_toprakx1 hizli_bilekx1 kivilcimx3 artci_patlamax1 genis_savurusx1,79,0,65,66,198,81,108,0,2,0,3,artci_patlama@R23,108,108,0,233,167,0,0,0,0,0,0.469,608.631,11.954,364,0,455,0,0,10802,0,0,3,21,21,1895,9,0,1.8,0,20000,0,9,65,65.167,3.18,3.457,3.227,,,2.67,890,0,0,0,0,,0.443,0,0,0,0,0,0,0,0,0,0,0,0,0,0,0,0,0,0,0,2.65,5.519,66.635,0.18,0,kalabalik
14,Run50_AlphaDengeV1,Davranış yönü,bahcivan,standart,102,taban,29,,,793,235,360,92,33,73,272,189,192,113,27,37829,110981,1,0,0,3810,1926,644,9747,4928,3500,56047,70,9,83.44,1.25,1,1.422,1.934,9,0.317,2,45,8.93,1,1.02,1.03,1.03,1.25,100,72,68,50,55,0,0.12,0.12,0.22,0.89,22,81,0.482,0.148,4.155,1267,4,151,0,keskin_bicakx1 bereketli_toprakx1 hizli_bilekx1 kivilcimx3 artci_patlamax1 genis_savurusx1,81,0.004,65,69,207,81,117,0,2,0,3,artci_patlama@R23,97,97,0,272,178,0,0,0,0,0,0.432,581.985,12.2,380,0,427,0,0,3849,0,0,3,21,21,2755,9,0,1.8667,0,22000,0,9,65,65.167,3.169,3.479,3.347,,,2.382,875,0,0,0,0,,0.465,0,0,0,0,0,0,0,0,0,0,0,0,0,0,0,0,0,0,0,2.453,5.234,45.943,0.143,0,kalabalik
14,Run50_AlphaDengeV1,Davranış yönü,bahcivan,standart,102,taban,30,,,806,239,403,59,33,72,259,244,169,106,28,35503,146484,1,35503,1,4432,1836,550,11134,5454,3970,56639,72,6,94.04,1.25,1,1.377,2,9,0.333,2,47,8.89,1.02,1.01,1.08,1.15,1.17,91,79,54,58,45,0.13,0.02,0.42,0.82,0.46,22,81,0.476,0.222,4.155,1267,7,158,0,keskin_bicakx1 bereketli_toprakx1 hizli_bilekx1 kivilcimx3 artci_patlamax1 genis_savurusx1,82,0,65,71,213,81,126,0,2,0,3,artci_patlama@R23,120,120,0,366,214,0,0,0,0,0,0.457,546.2,12.4,353,0,463,0,0,15488,0,0,3,21,21,2755,9,0,1.8667,0,24000,0,9,65,65.167,3.072,3.473,3.287,,,2.272,948,0,0,0,0,,0.397,0,0,0,0,0,0,0,0,0,0,0,0,0,0,0,0,0,0,0,2.61,5.921,37.288,0.13,0,kalabalik
14,Run50_AlphaDengeV1,Davranış yönü,bahcivan,standart,102,taban,31,,,845,238,367,87,41,112,280,229,188,109,39,41482,41482,1,0,0,4422,2197,742,12386,6511,4712,62231,75,9,94.04,1.25,1,1.377,2,9,0.333,2,47,8.79,1,1,1.02,1.05,1.17,100,83,56,63,57,0,0,0.12,0.28,0.92,22,81,0.478,0.16,4.029,1307,6,164,0,keskin_bicakx1 bereketli_toprakx1 hizli_bilekx1 kivilcimx3 artci_patlamax1 genis_savurusx1 cifte_akimx1,86,0,65,74,222,81,132,0,2,0,3,artci_patlama@R23 cifte_akim@R30,189,189,0,349,232,0,0,0,0,0,0.272,638.185,13,375,0,528,0,0,2719,0,0,3,21,21,3755,9,0,1.9333,0,27000,0,6,65,65.167,2.952,2.885,3.233,,,2.567,915,0,0,0,0,,0.444,0,0,0,0,0,0,0,0,0,0,0,0,0,0,0,0,0,0,0,2.656,5.565,101.021,0.143,0,kalabalik
14,Run50_AlphaDengeV1,Davranış yönü,bahcivan,standart,102,taban,32,,,1013,323,427,65,33,165,334,270,240,126,43,47261,88743,1,0,0,5634,2696,1010,15030,9087,5627,75463,77,6,100.86,1.25,1,1.377,2.066,12,0.35,2,47,11.51,1,1.01,1.05,1.02,1.1,100,83,64,73,43,0,0.06,0.18,0.12,0.27,22,81,0.386,0.111,4.017,1311,5,169,0,keskin_bicakx1 bereketli_toprakx1 hizli_bilekx1 kivilcimx3 artci_patlamax1 genis_savurusx1 cifte_akimx1,99,0.017,65,76,228,81,141,0,2,0,3,artci_patlama@R23 cifte_akim@R30,281,281,0,372,242,0,0,0,0,0,0.309,727.092,15.585,448,0,552,0,0,23182,0,0,3,21,21,3755,9,0,1.9333,0,29000,0,9,65,65.167,2.069,2.437,2.016,,,1.675,1015,0,0,0,0,,0.495,0,0,0,0,0,0,0,0,0,0,0,0,0,0,0,0,0,0,0,2.812,6.393,39.921,0.155,0,kalabalik
14,Run50_AlphaDengeV1,Davranış yönü,bahcivan,standart,102,taban,33,,,747,260,312,41,29,105,246,191,172,103,35,37987,126730,1,37987,1,4023,2169,795,17333,9226,6422,60311,79,6,105.24,1.25,1,1.377,2.066,12,0.35,2,47,9.62,1,1.03,1.1,1.1,1.1,100,73,62,54,50,0,0.08,0.27,0.38,0.55,22,81,0.323,0.086,3.919,1343,4,173,0,keskin_bicakx1 bereketli_toprakx1 hizli_bilekx1 kivilcimx3 artci_patlamax1 genis_savurusx1 cifte_akimx1,77,0.026,65,78,234,81,147,0,2,0,3,artci_patlama@R23 cifte_akim@R30,225,225,0,327,208,0,0,0,0,0,0.222,584.415,11.492,279,0,605,0,0,24493,0,0,3,21,21,4855,9,0,2,0,31000,0,6,65,65.167,2.301,2.478,2.535,,,1.762,650,0,0,0,0,,0.471,0,0,0,0,0,0,0,0,0,0,0,0,0,0,0,0,0,0,0,2.474,5.218,43.882,0.129,0,kalabalik
14,Run50_AlphaDengeV1,Davranış yönü,bahcivan,standart,102,taban,34,,,1103,343,501,59,52,148,350,303,245,158,47,73223,73223,1,0,0,5993,3112,1130,17976,11698,7442,84949,82,9,112.36,1.25,1,1.17,2.132,12,0.367,2,55,10.89,1,1.02,1.08,1.02,1.22,100,85,64,64,35,0,0.09,0.28,0.1,1.04,22,81,0.341,0.074,3.919,1343,7,180,0,keskin_bicakx1 bereketli_toprakx1 hizli_bilekx2 kivilcimx3 artci_patlamax1 genis_savurusx1 cifte_akimx1,113,0.028,65,81,243,81,153,0,2,0,3,artci_patlama@R23 cifte_akim@R30,264,264,0,449,300,0,0,2,0,0,0.272,1126.508,16.969,460,0,654,0,0,13442,0,0,3,21,21,4855,9,0,2,0,34000,0,6,65,65.167,1.598,1.745,1.628,,,1.385,973,0,0,0,0,,0.52,0,0,0,0,0,0,0,0,0,0,0,0,0,0,0,0,0,0,0,2.917,6.118,72.745,0.17,0,kalabalik
14,Run50_AlphaDengeV1,Davranış yönü,bahcivan,standart,102,taban,35,,,1177,377,483,49,55,213,369,294,268,191,55,80024,153247,1,0,0,5860,3602,1355,22536,13010,8797,96458,85,9,117.04,1.25,1,1.17,2.132,12,0.367,2,55,11.31,1,1.01,1,1.07,1.09,100,84,77,61,60,0,0.05,0,0.32,0.42,22,81,0.339,0.086,3.772,1396,3,183,0,keskin_bicakx1 bereketli_toprakx1 hizli_bilekx2 kivilcimx3 artci_patlamax1 genis_savurusx1 cifte_akimx1,117,0.011,65,84,252,81,162,0,2,0,3,artci_patlama@R23 cifte_akim@R30,341,341,0,469,312,0,0,4,0,0,0.321,1231.138,18.108,488,0,678,0,0,4900,0,0,3,21,21,6155,9,0,2.0667,0,38000,0,9,65,65.167,1.479,1.512,1.488,,,1.423,1067,0,0,0,0,,0.509,0,0,0,0,0,0,0,0,0,0,0,0,0,0,0,0,0,0,0,2.974,6.815,26.007,0.169,0,kalabalik
14,Run50_AlphaDengeV1,Davranış yönü,bahcivan,standart,102,taban,36,,,1169,346,528,75,49,171,372,335,257,150,55,73195,226442,1,73195,1,6927,3787,981,26983,16797,9653,92250,87,6,117.04,1.25,1,1.17,2.198,12,0.383,2,55,11.04,1.01,1,1.03,1.17,1.1,92,76,70,57,38,0.01,0,0.1,0.67,0.12,22,81,0.379,0.136,3.753,1403,4,187,0,keskin_bicakx1 bereketli_toprakx1 hizli_bilekx2 kivilcimx3 artci_patlamax1 genis_savurusx1 cifte_akimx1,122,0.005,65,86,258,81,171,0,2,0,3,artci_patlama@R23 cifte_akim@R30,267,267,0,592,345,0,0,0,0,0,0.481,1126.077,17.985,478,0,698,0,0,20150,0,0,3,21,21,6155,9,0,2.0667,0,40000,0,9,65,65.167,1.65,1.71,1.722,,,1.491,1245,0,0,0,0,,0.481,0,0,0,0,0,0,0,0,0,0,0,0,0,0,0,0,0,0,0,3.255,7.492,104.328,0.177,1,kalabalik
14,Run50_AlphaDengeV1,Davranış yönü,bahcivan,standart,102,taban,37,,,1356,461,556,76,84,179,434,337,307,218,60,91075,91075,1,0,0,7201,4462,1384,29164,20559,11037,113680,90,9,124.44,1.25,1,0.819,2.198,12,0.383,2,79,9.63,1,1.02,1.03,1.11,1.28,100,75,66,58,32,0,0.08,0.02,0.36,0.64,22,81,0.365,0.136,3.568,1476,4,191,0,keskin_bicakx1 bereketli_toprakx1 hizli_bilekx2 kivilcimx3 artci_patlamax1 genis_savurusx1 cifte_akimx1 firtina_bilegix1,126,0.001,65,89,267,81,176,1,2,0,3,artci_patlama@R23 cifte_akim@R30,367,367,0,568,365,0,0,2,0,0,0.407,1401.154,20.862,530,0,763,0,0,10830,0,0,3,21,21,7555,9,0,2.1333,0,44000,0,6,65,65.167,1.401,1.505,1.491,,,1.139,1307,0,0,0,0,,0.499,0,0,0,0,0,0,0,0,0,0,0,0,0,0,0,0,0,0,0,2.805,5.517,30.14,0.181,0,kalabalik
14,Run50_AlphaDengeV1,Davranış yönü,bahcivan,standart,102,taban,38,,,1627,525,730,61,112,199,496,424,382,242,83,116437,207512,1,0,0,9358,5328,2002,38142,24187,12899,140896,93,9,145.58,1.25,1,0.763,2.198,12,0.4,2,85,9.91,1,1.02,1.05,1.06,1.04,100,87,73,72,47,0,0.05,0.11,0.13,0.15,22,81,0.307,0.111,3.129,1683,3,194,0,keskin_bicakx1 bereketli_toprakx1 hizli_bilekx2 kivilcimx3 artci_patlamax1 genis_savurusx1 cifte_akimx1 firtina_bilegix1,159,0.033,65,92,276,81,176,10,2,0,3,artci_patlama@R23 cifte_akim@R30,418,412,6,704,454,0,0,0,0,0,0.222,1791.338,25.031,648,0,899,0,0,16726,0,0,3,21,21,7555,9,1,2.1973,0.03,48000,0,9,65,65.167,0.975,1.066,1.054,,,0.759,1427,0,0,0,0,,0.504,0,0,0,0,0,0,0,0,0,0,0,0,0,0,0,0,0,0,0,3.071,6.065,12.888,0.173,0,kalabalik
14,Run50_AlphaDengeV1,Davranış yönü,bahcivan,standart,102,taban,39,,,1663,591,644,87,100,241,488,433,397,252,93,134723,342235,1,0,0,10943,6628,2212,42385,30045,15111,150264,96,9,185.84,1.25,1,0.763,2.198,12,0.4,2,85,10.2,1,1,1.02,1.01,1.07,100,100,78,68,67,0,0,0.04,0.03,0.18,22,81,0.306,0.074,3.006,1752,4,198,0,keskin_bicakx1 bereketli_toprakx1 hizli_bilekx2 kivilcimx3 artci_patlamax1 genis_savurusx1 cifte_akimx1 firtina_bilegix1,157,0.072,65,95,285,81,176,19,2,0,3,artci_patlama@R23 cifte_akim@R30,464,458,6,517,364,0,0,6,0,0,0.21,2072.662,25.585,708,0,1164,0,0,18990,0,0,3,21,21,9055,9,1,2.266,0.03,52000,0,9,65,65.167,0.955,0.975,0.986,,,0.867,1440,0,0,0,0,,0.517,0,0,0,0,0,0,0,0,0,0,0,0,0,0,0,0,0,0,0,3.017,5.703,42.702,0.196,0,kalabalik
14,Run50_AlphaDengeV1,Davranış yönü,bahcivan,standart,102,taban,40,,,1682,524,674,82,182,220,514,450,398,248,72,119232,461467,1,119232,1,10918,6663,2465,52883,34808,17421,172635,99,9,210.75,1.25,1,0.732,2.198,12,0.417,2,88,8.43,1,1,1.04,1,1.06,100,100,82,73,68,0,0,0.1,0,0.2,22,81,0.346,0.111,2.858,1842,3,201,0,keskin_bicakx1 bereketli_toprakx1 hizli_bilekx2 kivilcimx3 artci_patlamax1 genis_savurusx1 cifte_akimx1 firtina_bilegix1,156,0.015,65,98,294,81,176,28,2,0,3,artci_patlama@R23 cifte_akim@R30,424,424,0,529,416,0,0,6,0,0,0.506,1834.338,25.877,742,0,1327,0,0,30625,0,0,3,21,21,9055,9,5,2.64,0.2,57000,0,9,65,65.167,1.055,1.141,1.055,,,0.945,1338,0,0,0,0,,0.682,0,0,0,0,0,0,0,0,0,0,0,0,0,0,0,0,0,0,0,2.902,5.623,29.952,0.168,0,kalabalik
14,Run50_AlphaDengeV1,Davranış yönü,bahcivan,standart,102,taban,41,,,2014,785,688,59,193,289,598,558,452,323,83,135751,135751,1,0,0,14009,7754,2899,61092,42562,20170,211826,103,12,252.79,2,1,0.668,2.198,12,0.417,2.111,97,10.19,1,1,1,1,1,100,100,100,100,100,0,0,0,0,0,22,81,0.282,0.086,2.637,1997,3,204,0,keskin_bicakx1 bereketli_toprakx1 hizli_bilekx2 kivilcimx3 artci_patlamax1 genis_savurusx1 cifte_akimx1 firtina_bilegix1 canavar_kesimix1,180,0.054,65,102,306,81,176,37,2,0,3,artci_patlama@R23 cifte_akim@R30,622,622,0,526,428,0,0,34,0,1,0.173,2088.477,30.985,801,0,2667,0,0,5451,0,0,3,21,21,9055,9,6,2.728,0.24,63000,0,9,65,65.167,0.744,0.736,0.807,,,0.647,1388,0,0,0,0,,0.721,0,0,0,0,0,0,0,0,0,0,0,0,0,0,0,0,0,0,0,3.25,6.309,24.607,0.203,0,kalabalik
14,Run50_AlphaDengeV1,Davranış yönü,bahcivan,standart,102,taban,42,,,2701,834,1152,61,182,472,804,725,654,398,120,171637,307388,1,0,0,20900,14306,4819,81142,56868,22919,330711,108,15,260.37,2,1,0.603,2.198,12,0.433,2.111,107,11.05,1,1,1,1,1,100,100,100,100,100,0,0,0,0,0,30,121,0.291,0.099,2.481,3170,3,207,14,keskin_bicakx1 bereketli_toprakx1 hizli_bilekx2 kivilcimx3 artci_patlamax1 genis_savurusx1 cifte_akimx1 firtina_bilegix1 canavar_kesimix1,244,0.033,65,107,321,81,176,49,2,0,3,artci_patlama@R23 cifte_akim@R30,678,678,0,836,657,0,0,4,0,0,0.289,2640.569,41.554,1210,0,2773,0,0,2162,0,0,3,21,21,9055,9,10,3.146,0.43,72000,0,12,65,65.167,0.812,0.762,0.877,,,0.759,1955,0,0,0,0,,0.711,0,0,0,0,0,0,0,0,0,0,0,0,0,0,0,0,0,0,0,3.935,7.712,88.212,0.247,0,kalabalik
14,Run50_AlphaDengeV1,Davranış yönü,bahcivan,standart,102,taban,43,,,2870,828,1349,38,87,568,870,748,661,454,137,179872,487260,1,179872,1,22255,15364,5561,99297,72232,28285,364597,112,12,274.22,2,1,0.603,2.198,12,0.433,2.222,107,11.6,1,1,1,1.01,1.12,100,100,100,95,84,0,0,0,0.02,0.35,30,121,0.234,0.083,2.481,3170,2,209,0,keskin_bicakx1 bereketli_toprakx1 hizli_bilekx2 kivilcimx3 artci_patlamax1 genis_savurusx1 cifte_akimx1 firtina_bilegix1 canavar_kesimix1,260,0.203,65,111,333,96,176,49,2,0,3,artci_patlama@R23 cifte_akim@R30,805,805,0,995,753,0,0,26,0,1,0.38,2767.262,44.154,1289,0,3086,0,0,66759,0,0,3,26,26,9055,12,10,3.146,0.43,80000,0,15,65,65.167,0.602,0.579,0.642,,,0.561,2097,0,0,0,0,,0.678,0,0,0,0,0,0,0,0,0,0,0,0,0,0,0,0,0,0,0,2.558,5.66,360.626,0.202,0,kalabalik
14,Run50_AlphaDengeV1,Davranış yönü,bahcivan,standart,102,taban,44,,,2971,801,1374,37,189,570,867,822,692,454,136,180086,180086,1,0,0,25061,15573,5380,121638,87805,33665,378475,117,15,274.22,2,1,0.603,2.198,12,0.45,2.222,107,11.08,1,1,1,1,1,100,100,100,100,98,0,0,0,0,0,30,121,0.237,0.066,2.437,3227,2,211,0,keskin_bicakx1 bereketli_toprakx1 hizli_bilekx2 kivilcimx3 artci_patlamax1 genis_savurusx1 cifte_akimx1 firtina_bilegix1 canavar_kesimix1 zincir_hasatx1,273,0.153,65,116,348,108,176,49,2,0,3,artci_patlama@R23 cifte_akim@R30 zincir_hasat@R43,853,853,0,746,610,0,0,76,0,3,0.347,2770.554,45.708,1270,290,3086,0,0,25234,0,0,3,31,31,9055,12,10,3.146,0.43,90000,0,12,65,65.167,0.618,0.623,0.545,1.121,1.149,0.526,1749,962,740,271,19,0.505,0.734,1042,130,729,64,639,52,1504,19,0,0,102,610,259,88681,52995,290,224,32,32,1.798,3.116,24.898,0.114,0,kalabalik
14,Run50_AlphaDengeV1,Davranış yönü,bahcivan,standart,102,taban,45,,,3016,816,1380,38,141,641,891,810,702,478,135,186724,366810,1,0,0,25162,15726,5758,146800,103531,39183,403510,121,12,274.22,2,1,0.603,2.198,12,0.45,2.333,107,11.15,1,1,1,1,1.06,100,100,100,100,89,0,0,0,0,0.18,30,121,0.236,0.083,2.437,3227,1,212,0,keskin_bicakx1 bereketli_toprakx1 hizli_bilekx2 kivilcimx3 artci_patlamax1 genis_savurusx1 cifte_akimx1 firtina_bilegix1 canavar_kesimix1 zincir_hasatx1,273,0.176,65,120,360,121,178,49,2,0,3,artci_patlama@R23 cifte_akim@R30 zincir_hasat@R43,956,956,0,892,678,0,0,113,0,10,0.231,2872.677,46.4,1195,327,3236,0,0,55744,0,0,3,34,34,9055,14,10,3.146,0.43,99000,0,15,65,65.167,0.598,0.623,0.558,0.935,1.043,0.482,1658,1020,800,300,27,0.529,0.728,1059,152,771,73,661,60,1719,27,0,0,123,678,283,125051,68712,327,240,29,29,1.855,3.521,7.828,0.11,0,kalabalik
14,Run50_AlphaDengeV1,Davranış yönü,bahcivan,standart,102,taban,46,,,2020,738,746,45,91,400,608,519,486,332,75,100927,467737,1,100927,1,15104,10800,3405,159504,114331,42588,281733,124,9,274.22,2,1,0.603,2.198,12,0.45,2.333,107,9.76,1,1,1,1,1,100,100,100,100,93,0,0,0,0,0,30,121,0.217,0.058,2.437,3227,1,213,0,keskin_bicakx1 bereketli_toprakx1 hizli_bilekx2 kivilcimx3 artci_patlamax1 genis_savurusx1 cifte_akimx1 firtina_bilegix1 canavar_kesimix1 zincir_hasatx1,198,0.269,65,123,369,121,190,49,2,0,3,artci_patlama@R23 cifte_akim@R30 zincir_hasat@R43,838,838,0,462,347,0,0,110,0,0,0.314,1552.723,31.077,764,171,3225,0,0,38477,0,0,3,34,34,9055,14,10,3.146,0.43,110000,0,12,65,65.167,0.799,0.712,0.757,1.264,1.452,0.845,1197,658,513,157,14,0.441,0.654,708,111,482,55,446,49,1000,14,0,0,42,347,195,37881,29665,171,148,27,27,1.509,2.692,5.678,0.094,0,kalabalik
14,Run50_AlphaDengeV1,Davranış yönü,bahcivan,standart,102,taban,47,,,3051,902,1320,56,174,599,889,823,698,480,161,218996,218996,1,0,0,25141,17076,6034,184645,131407,48332,413084,128,12,274.22,2,1,0.512,2.198,12,0.45,2.444,126,10.24,1,1,1,1,1,100,100,100,100,86,0,0,0,0,0,30,121,0.242,0.091,2.437,3227,1,214,0,keskin_bicakx1 bereketli_toprakx1 hizli_bilekx3 kivilcimx3 artci_patlamax1 genis_savurusx1 cifte_akimx1 firtina_bilegix1 canavar_kesimix1 zincir_hasatx1,265,0.106,65,127,381,121,199,49,2,0,3,artci_patlama@R23 cifte_akim@R30 zincir_hasat@R43,934,934,0,942,606,0,0,101,0,8,0.165,3369.169,46.938,1153,390,3390,0,0,11561,0,0,3,34,34,9055,14,10,3.146,0.43,120000,0,9,65,65.167,0.627,0.641,0.541,0.933,0.778,0.576,2005,1122,893,360,30,0.459,0.542,1120,255,807,122,667,96,1668,30,0,0,166,606,320,146259,65967,390,353,55,55,1.893,3.351,5.929,0.113,0,kalabalik
14,Run50_AlphaDengeV1,Davranış yönü,bahcivan,standart,102,taban,48,,,3013,915,1327,39,171,561,957,756,730,443,127,192251,411247,1,0,0,23501,16670,5524,208146,148077,53856,399604,131,9,274.22,2,1,0.512,2.198,12,0.45,2.444,126,10.25,1,1,1,1,1,100,100,100,95,75,0,0,0,0,0,30,121,0.242,0.083,2.437,3227,0,214,0,keskin_bicakx1 bereketli_toprakx1 hizli_bilekx3 kivilcimx3 artci_patlamax1 genis_savurusx1 cifte_akimx1 firtina_bilegix1 canavar_kesimix1 zincir_hasatx1,259,0.092,65,130,390,121,211,49,2,0,3,artci_patlama@R23 cifte_akim@R30 zincir_hasat@R43,936,936,0,929,664,0,0,106,0,6,0.248,2957.708,46.354,1116,318,3351,0,0,51165,0,0,3,34,34,9055,14,10,3.146,0.43,120000,0,12,65,65.167,0.627,0.64,0.542,0.968,1.075,0.583,1950,1054,814,298,20,0.507,0.579,1081,167,772,84,651,69,1535,20,0,0,136,664,298,128837,68601,318,292,44,44,1.961,3.646,12.25,0.118,1,kalabalik
14,Run50_AlphaDengeV1,Davranış yönü,bahcivan,standart,102,taban,49,,,3051,954,1389,29,145,534,882,808,712,495,154,204351,615598,1,0,0,26126,16945,5866,234272,165022,59392,411446,134,9,274.22,2,1,0.512,2.198,12,0.45,2.556,126,10.63,1,1,1,1.02,1,100,100,100,91,89,0,0,0,0.08,0,30,121,0.234,0.074,2.415,3256,1,215,0,keskin_bicakx1 bereketli_toprakx1 hizli_bilekx3 kivilcimx3 artci_patlamax1 genis_savurusx1 cifte_akimx1 firtina_bilegix1 canavar_kesimix1 zincir_hasatx1,263,0.118,65,133,399,121,220,49,2,0,3,artci_patlama@R23 cifte_akim@R30 zincir_hasat@R43,947,947,0,963,714,0,0,78,0,11,0.248,3143.862,46.938,1146,237,3521,0,0,82611,0,0,3,34,34,9055,14,10,3.146,0.43,130000,0,9,65,65.167,0.586,0.577,0.558,0.881,0.521,0.548,2002,933,690,226,11,0.5,0.588,987,133,730,64,613,53,1595,11,0,0,128,714,284,129222,69913,237,217,27,27,1.88,3.314,8.692,0.117,0,kalabalik
14,Run50_AlphaDengeV1,Davranış yönü,bahcivan,standart,102,taban,50,,,2767,765,1331,52,176,443,846,689,675,436,121,179280,794878,1,179280,1,21491,15302,5342,255763,180324,64734,378611,137,9,274.22,2,1,0.512,2.198,12,0.45,2.556,126,8.44,1,1,1,1.01,1,100,100,100,84,84,0,0,0,0.01,0,30,121,0.297,0.157,2.406,3269,0,215,0,keskin_bicakx1 bereketli_toprakx1 hizli_bilekx3 kivilcimx3 artci_patlamax1 genis_savurusx1 cifte_akimx1 firtina_bilegix1 canavar_kesimix1 zincir_hasatx1,243,0,65,136,408,121,229,49,2,0,3,artci_patlama@R23 cifte_akim@R30 zincir_hasat@R43,689,689,0,994,709,0,0,33,0,1,0.331,2758.154,42.569,1002,291,3549,0,0,61222,0,0,3,34,34,9055,14,10,3.146,0.43,140000,0,9,65,65.167,0.829,0.838,0.721,1.481,1.122,0.708,1761,1310,1074,256,35,0.261,0.539,1037,175,761,93,628,74,1316,35,0,0,152,709,306,149863,72716,291,273,24,24,1.843,3.348,8.666,0.102,0,kalabalik
14,Run50_AlphaDengeV1,Davranış yönü,bahcivan,standart,102,taban,50,KAZANDI
15,Run50_AlphaDengeV1,Davranış yönü,bahcivan,standart,103,taban,1,,,11,11,0,0,0,0,9,1,1,0,0,22,22,1,0,0,22,4,0,22,4,0,250,1,0,10,1,1,3,0.9,4,0.3,2,13,2.46,2,4,5,,,8,0,0,,,3,9,12,,,2,4,0.452,0,8,23,0,0,2,,4,0.166,45,0,0,0,0,0,0,0,0,,0,0,0,0,0,0,0,0,0,0,0.75,0.489,0.244,0,0,22,0,0,250,0,0,0,0,0,0,0,0,1,0,390,0,0,45,45.133,5.718,5.718,,,,,0,0,0,0,0,,,0,0,0,0,0,0,0,0,0,0,0,0,0,0,0,0,0,0,0,0.323,0.426,2.157,0.014,0,kalabalik
15,Run50_AlphaDengeV1,Davranış yönü,bahcivan,standart,103,taban,2,,,13,13,0,0,0,0,11,2,0,0,0,17,39,1,0,0,30,0,0,32,4,0,280,2,3,10,1,1,3,0.9,4,0.3,2,14,2.57,2.18,4,,,,11,0,,,,4.64,10.5,,,,3,5,0.557,0.2,8,28,0,0,1,,3,0,45,1,3,0,0,0,0,0,0,,0,0,0,0,0,0,0,0,0,0,0.6,0.378,0.289,0,0,22,0,0,140,0,0,0,0,0,0,0,0,1,0,410,0,0,45,45.133,9.631,9.631,,,,,0,0,0,0,0,,,0,0,0,0,0,0,0,0,0,0,0,0,0,0,0,0,0,0,0,0.336,0.442,1.747,0.013,0,kalabalik
15,Run50_AlphaDengeV1,Davranış yönü,bahcivan,standart,103,taban,3,,,15,15,0,0,0,0,12,3,0,0,0,21,60,1,21,1,36,0,0,43,4,0,330,3,3,11.33,1,1,3,0.9,4,0.3,2,14,2.29,2,1.67,,,,9,0,,,,4,4,,,,3,5,0.483,0,7.506,30,4,4,0,,4,0.06,45,2,6,3,0,0,2,0,3,,0,0,0,0,0,0,0,0,0,0,0.8,0.467,0.333,0,0,26,0,0,60,0,0,3,1,1,0,0,0,1,0,420,0,3,45,45.133,7.447,7.447,,,,,0,0,0,0,0,,,0,0,0,0,0,0,0,0,0,0,0,0,0,0,0,0,0,0,0,0.339,0.438,1.65,0.013,0,kalabalik
15,Run50_AlphaDengeV1,Davranış yönü,bahcivan,standart,103,taban,4,,,20,18,0,0,0,2,13,6,1,0,0,41,41,1,0,0,50,4,0,53,8,0,480,4,3,11.33,1,1,2.55,0.9,4,0.3,2,17,2.76,2.09,2.17,3,,,6,0,0,,,4.63,4.25,7.63,,,4,7,0.593,0.143,6.197,51,0,4,1,hizli_bilekx1,4,0.004,45,3,9,6,0,0,2,0,3,,0,0,0,0,0,0,0,0,0,0,0.714,0.911,0.444,2,0,28,0,0,120,0,0,3,1,1,0,0,0,1,0,440,0,3,45,45.133,7.78,8.241,3.633,,,,3,0,0,0,0,,0.25,0,0,0,0,0,0,0,0,0,0,0,0,0,0,0,0,0,0,0,0.35,0.479,2.14,0.014,0,kalabalik
15,Run50_AlphaDengeV1,Davranış yönü,bahcivan,standart,103,taban,5,,,27,27,0,0,0,0,21,6,0,0,0,39,80,1,0,0,66,0,0,78,8,0,633,5,3,12,1,1,2.459,0.9,4,0.3,2,18,3.17,1.86,2.5,,,,10,0,,,,3.75,6.56,,,,5,8,0.535,0.375,6.356,57,3,7,1,hizli_bilekx1,6,0,45,4,12,9,0,0,2,0,3,,0,0,0,0,0,0,0,0,0,0,0.625,0.867,0.6,0,0,28,0,0,313,0,0,3,2,1,6,0,0,1.0667,0,470,0,3,45,45.133,8.101,8.101,,,,,1,0,0,0,0,,,0,0,0,0,0,0,0,0,0,0,0,0,0,0,0,0,0,0,0,0.359,0.485,1.906,0.013,0,kalabalik
15,Run50_AlphaDengeV1,Davranış yönü,bahcivan,standart,103,taban,6,,,26,26,0,0,0,0,21,4,1,0,0,43,123,1,43,1,58,4,0,59,12,0,612,6,3,12.67,1,1,2.459,0.9,4,0.3,2,22,2.45,1.76,2.75,3,,,26,0,0,,,3.28,10.45,12.27,,,6,9,0.427,0.222,6.436,77,4,11,1,hizli_bilekx1,6,0,55,5,15,9,3,0,2,0,3,,0,0,0,0,0,0,0,0,0,0,0.222,0.782,0.473,0,0,37,0,0,455,0,0,3,2,2,6,0,0,1.0667,0,490,0,3,55,55.133,7.314,7.314,,,,,1,0,0,0,0,,,0,0,0,0,0,0,0,0,0,0,0,0,0,0,0,0,0,0,0,0.349,0.468,1.683,0.013,0,kalabalik
15,Run50_AlphaDengeV1,Davranış yönü,bahcivan,standart,103,taban,7,,,36,34,0,0,0,2,22,12,2,0,0,78,78,1,0,0,92,8,0,102,20,0,932,8,6,12.67,1,1,2.015,0.9,4,0.3,2,27,3.48,2.3,2.83,3,,,9,0,0,0,,4.74,9.74,7.05,,,7,11,0.602,0.182,6.604,92,1,12,1,hizli_bilekx2,5,0,55,7,21,12,3,0,2,0,3,,0,0,0,0,0,0,0,0,0,0,0.455,1.418,0.655,2,0,37,0,0,377,0,0,3,4,3,6,1,0,1.0667,0,560,0,3,55,55.133,10.425,10.522,8.783,,,,5,0,0,0,0,,0.464,0,0,0,0,0,0,0,0,0,0,0,0,0,0,0,0,0,0,0,0.378,0.504,2.237,0.014,0,kalabalik
15,Run50_AlphaDengeV1,Davranış yönü,bahcivan,standart,103,taban,8,,,41,38,2,0,0,1,25,13,2,1,0,114,192,1,0,0,115,8,2,117,28,2,1284,10,6,13.33,1,1,2.015,0.9,4,0.3,2,27,3.44,1.87,2.5,3,2,,23,0,0,,,4.29,10.41,8.05,4.03,,8,13,0.589,0.308,6.73,106,4,16,1,hizli_bilekx2,7,0,55,9,27,18,3,0,2,0,3,,0,0,0,0,0,0,0,0,0,0,0.538,2.073,0.745,3,0,40,0,0,501,0,0,3,8,5,14,2,0,1.1333,0,640,0,6,55,55.133,9.576,9.905,5.4,,,,10,0,0,0,0,,0.085,0,0,0,0,0,0,0,0,0,0,0,0,0,0,0,0,0,0,0,0.378,0.512,2.102,0.014,0,kalabalik
15,Run50_AlphaDengeV1,Davranış yönü,bahcivan,standart,103,taban,9,,,51,41,6,0,0,4,36,13,2,0,0,95,287,1,0,0,137,8,0,153,36,2,1420,12,6,14.67,1,1,1.943,0.9,4,0.3,2,28,3.57,1.82,2.09,3,,,19,0,0,,,5.14,5.3,8.75,,,9,15,0.598,0.267,6.661,124,5,21,1,hizli_bilekx2,9,0,55,11,33,24,3,0,2,0,3,,0,0,0,0,0,0,0,0,0,0,0.4,1.727,0.927,10,0,40,0,0,581,0,0,3,11,7,14,4,0,1.1333,0,750,0,6,55,55.133,9.516,9.776,8.45,,,,17,0,0,0,0,,0.223,0,0,0,0,0,0,0,0,0,0,0,0,0,0,0,0,0,0,0,0.386,0.523,2.145,0.015,0,kalabalik
15,Run50_AlphaDengeV1,Davranış yönü,bahcivan,standart,103,taban,10,,,56,40,7,0,0,9,39,14,3,0,0,111,398,1,111,1,187,12,0,195,18,2,1836,14,6,15.64,1,1,1.873,0.9,4,0.3,2,29,3.83,1.63,2.89,2,,,30,21,0,0,,3.43,10.62,3.73,,,10,18,0.634,0.167,6.25,158,6,27,1,hizli_bilekx2,11,0,55,13,39,25,8,0,2,0,3,,0,0,0,0,0,0,0,0,0,0,0.611,2.018,1.018,16,0,44,0,0,857,0,0,3,11,8,24,4,0,1.2,0,880,0,6,55,55.133,9.79,9.468,10.598,,,,31,0,0,0,0,,0.313,0,0,0,0,0,0,0,0,0,0,0,0,0,0,0,0,0,0,0,0.391,0.532,1.884,0.016,0,kalabalik
15,Run50_AlphaDengeV1,Davranış yönü,bahcivan,standart,103,taban,11,,,81,61,13,0,0,7,54,17,8,2,0,245,245,1,0,0,247,32,4,257,50,6,3062,17,9,17.38,1,1,1.806,0.9,4,0.3,2,35,3.97,1.57,1.9,2.5,1,,35,0,0,0,,2.96,4.69,12.19,0,,12,22,0.712,0.409,5.155,277,5,32,2,hizli_bilekx2 bereketli_toprakx1,12,0,65,16,48,25,14,0,2,0,3,,0,0,0,0,0,0,0,0,0,0,0.818,3.769,1.246,20,0,43,0,0,1089,0,0,3,11,9,36,4,0,1.2667,0,1100,0,6,65,65.167,11.451,11.174,12.297,,,,46,0,0,0,0,,0.345,0,0,0,0,0,0,0,0,0,0,0,0,0,0,0,0,0,0,0,0.419,0.576,3.844,0.017,0,kalabalik
15,Run50_AlphaDengeV1,Davranış yönü,bahcivan,standart,103,taban,12,,,99,73,24,0,0,2,67,21,8,3,0,300,545,1,0,0,327,32,6,364,42,12,3754,20,9,18.13,1,1,1.741,0.9,4,0.3,2,37,3.97,1.3,1.79,2.6,2.33,,55,12,0,0,,1.89,5.68,18.45,12.77,,14,25,0.72,0.52,5.131,317,7,39,2,hizli_bilekx2 bereketli_toprakx1,12,0,65,19,57,25,23,0,2,0,3,,0,0,0,0,0,0,0,0,0,0,0.6,4.615,1.523,26,0,52,0,0,1243,0,0,3,11,11,50,4,0,1.3333,0,1400,0,9,65,65.167,12.55,13.669,9.408,,,,73,0,0,0,0,,0.396,0,0,0,0,0,0,0,0,0,0,0,0,0,0,0,0,0,0,0,0.424,0.593,3.154,0.019,0,kalabalik
15,Run50_AlphaDengeV1,Davranış yönü,bahcivan,standart,103,taban,13,,,89,66,17,0,0,6,58,18,11,2,0,282,827,1,282,1,282,55,4,297,72,16,4064,23,9,20.27,1,1,1.619,0.97,4,0.3,2,40,3.9,1.57,2.27,2.14,1,,41,5,0,0,,3.23,6.48,5.78,0,,14,25,0.575,0.24,4.791,339,15,54,0,hizli_bilekx2 bereketli_toprakx1,14,0,65,22,66,25,32,0,2,0,3,,0,0,0,0,0,0,0,0,0,0,0.64,4.338,1.369,23,0,58,0,0,707,0,0,3,11,11,84,4,0,1.4667,0,1800,0,9,65,65.167,10.74,11.106,9.693,,,,48,0,0,0,0,,0.286,0,0,0,0,0,0,0,0,0,0,0,0,0,0,0,0,0,0,0,0.435,0.59,3.325,0.018,0,kalabalik
15,Run50_AlphaDengeV1,Davranış yönü,bahcivan,standart,103,taban,14,,,174,97,58,0,0,19,106,44,15,7,2,798,798,1,0,0,627,95,14,632,112,30,8687,27,12,24.3,1,1.3,1.561,1.005,6,0.3,2,41,5.73,1.43,1.92,2.22,2.67,3.5,58,38,7,0,0,1.47,3.54,5.38,13,11.7,12,25,0.558,0.28,4.413,368,9,63,1,hizli_bilekx2 bereketli_toprakx1 yikim_gucux1,23,0,65,26,78,25,41,0,2,0,3,,0,0,0,0,0,0,0,0,0,0,0.6,12.277,2.677,77,0,81,0,0,1394,0,0,3,11,11,104,4,0,1.5333,0,2400,0,9,65,65.167,5.708,6.722,4.431,,,,121,0,0,0,0,,0.453,0,0,0,0,0,0,0,0,0,0,0,0,0,0,0,0,0,0,0,0.48,0.667,3.903,0.022,0,kalabalik
15,Run50_AlphaDengeV1,Davranış yönü,bahcivan,standart,103,taban,15,,,191,93,84,0,1,13,105,49,27,7,3,1111,1909,1,0,0,609,175,23,631,202,53,10813,31,12,24.3,1,1.3,1.561,1.005,6,0.3,2,41,5.93,1.36,1.76,1.83,3,3,53,22,28,0,0,1.22,3.87,2.73,10.3,6.23,17,42,0.688,0.286,4.451,613,3,66,7,hizli_bilekx2 bereketli_toprakx1 yikim_gucux1,29,0,65,30,90,37,41,0,2,0,3,,0,0,0,0,0,0,0,0,0,0,0.714,17.092,2.938,98,0,78,0,0,1407,0,0,3,17,16,104,5,0,1.5333,0,3200,0,12,65,65.167,7.551,7.549,7.553,,,,177,0,0,0,0,,0.404,0,0,0,0,0,0,0,0,0,0,0,0,0,0,0,0,0,0,0,0.526,0.77,5.19,0.027,0,kalabalik
15,Run50_AlphaDengeV1,Davranış yönü,bahcivan,standart,103,taban,16,,,190,96,83,1,3,7,96,53,25,15,1,1211,3120,1,1211,1,651,125,30,696,339,63,11205,34,9,28.62,1,1.3,1.561,1.04,6,0.3,2,41,6,1.53,1.44,2.62,2.45,,53,52,19,0,,3.64,2.08,12.37,6.95,,21,49,0.754,0.51,4.34,734,5,71,6,hizli_bilekx2 bereketli_toprakx1 yikim_gucux1,30,0,65,33,99,49,41,0,2,0,3,,0,0,0,0,0,0,0,0,0,0,0.633,18.631,2.923,94,0,144,0,0,2412,0,0,3,20,20,125,5,0,1.6,0,3900,0,12,65,65.167,11.449,15.104,7.715,,,,156,0,0,0,0,,0.519,0,0,0,0,0,0,0,0,0,0,0,0,0,0,0,0,0,0,0,0.581,0.825,3.594,0.025,0,kalabalik
15,Run50_AlphaDengeV1,Davranış yönü,bahcivan,standart,103,taban,17,,,313,103,153,16,1,40,155,80,46,29,3,2374,2374,1,0,0,1035,276,67,1106,427,90,22002,39,15,34.76,1,1.69,1.512,1.11,6,0.3,2,43,6,1.39,1.41,1.5,1.92,1,57,48,38,38,0,1.4,2.74,2.27,6.05,0,17,49,0.656,0.367,4.138,770,9,80,2,hizli_bilekx2 bereketli_toprakx1 yikim_gucux2,41,0,65,38,114,49,50,0,2,0,3,,0,0,0,0,0,0,0,0,0,0,0.796,36.523,4.815,210,0,177,0,0,2314,0,0,3,20,20,125,5,0,1.6,0,5300,0,9,65,65.167,6.493,8.702,5.409,,,,301,0,0,0,0,,0.621,0,0,0,0,0,0,0,0,0,0,0,0,0,0,0,0,0,0,0,0.665,0.923,4.094,0.033,0,kalabalik
15,Run50_AlphaDengeV1,Davranış yönü,bahcivan,standart,103,taban,18,,,364,113,194,11,5,41,172,112,49,20,11,3514,5888,1,0,0,1284,409,80,1445,561,170,24434,43,12,39.82,1,1.69,1.464,1.11,6,0.3,2,44,6,1.17,1.36,1.38,1.5,2,74,60,37,22,75,0.68,1.99,1.8,3.3,4.4,17,49,0.622,0.327,4.03,790,7,87,0,hizli_bilekx2 bereketli_toprakx1 yikim_gucux2,44,0,65,42,126,49,65,0,2,0,3,,0,0,0,0,0,0,0,0,0,0,0.51,54.062,5.6,251,0,210,0,0,3648,0,0,3,20,20,125,5,0,1.6,0,6600,0,15,65,65.167,5.371,7.24,4.53,,,,315,0,0,0,0,,0.713,0,0,0,0,0,0,0,0,0,0,0,0,0,0,0,0,0,0,0,0.682,0.969,3.757,0.032,0,kalabalik
15,Run50_AlphaDengeV1,Davranış yönü,bahcivan,standart,103,taban,19,,,337,124,153,6,4,50,141,107,54,30,5,3286,9174,1,0,0,1224,428,80,1414,901,130,27016,47,12,43.38,1,1.69,1.418,1.145,6,0.3,2,45,6,1.25,1.58,1.5,1.91,2,73,44,44,23,0,2.03,5.08,2.45,5.42,6.37,20,67,0.71,0.299,4.203,1036,7,94,8,hizli_bilekx2 bereketli_toprakx1 yikim_gucux2,44,0,65,46,138,49,77,0,2,0,3,,0,0,0,0,0,0,0,0,0,0,0.776,50.554,5.185,213,0,119,0,0,1864,0,0,3,20,20,125,5,0,1.6,0,8200,0,12,65,65.167,7.344,9.559,6.054,,,,266,0,0,0,0,,0.728,0,0,0,0,0,0,0,0,0,0,0,0,0,0,0,0,0,0,0,0.643,0.886,4.143,0.032,0,kalabalik
15,Run50_AlphaDengeV1,Davranış yönü,bahcivan,standart,103,taban,20,,,338,119,159,18,7,35,159,78,62,35,4,3599,12773,1,3599,1,1023,459,138,2022,745,188,25762,50,9,43.38,1,1.69,1.373,1.195,6,0.3,2,47,6,1.31,1.26,1.76,1.73,1,64,61,34,33,,1.53,1.94,6.3,5.4,0,21,81,0.637,0.457,4.066,1295,5,99,7,hizli_bilekx2 bereketli_toprakx1 yikim_gucux2,43,0,65,49,147,61,77,0,2,0,3,,0,0,0,0,0,0,0,0,0,0,0.494,55.369,5.2,219,0,117,0,0,1826,0,0,3,25,25,125,6,0,1.6,0,9500,0,12,65,65.167,10.44,14.994,7.965,,,,336,0,0,0,0,,0.548,0,0,0,0,0,0,0,0,0,0,0,0,0,0,0,0,0,0,0,0.635,0.909,4.284,0.036,0,kalabalik
15,Run50_AlphaDengeV1,Davranış yönü,bahcivan,standart,103,taban,21,,,477,131,173,77,13,83,209,112,93,43,20,6808,6808,1,0,0,1950,786,228,3267,983,396,43584,54,12,49.54,1,1.69,1.373,1.23,6,0.3,2,47,6,1.1,1.06,1.27,1.45,1.75,76,54,38,31,38,0.52,0.08,0.68,2.87,2.06,19,81,0.698,0.444,3.949,1333,5,104,1,hizli_bilekx2 bereketli_toprakx1 yikim_gucux2 kivilcimx1,56,0,65,53,159,70,77,0,2,0,3,,0,0,0,0,0,0,0,0,0,0,0.741,104.738,7.338,346,0,224,0,0,4910,0,0,3,26,26,125,6,0,1.6,0,12000,0,9,65,65.167,6.792,6.873,6.762,,,,574,0,0,0,0,,0.564,0,0,0,0,0,0,0,0,0,0,0,0,0,0,0,0,0,0,0,0.823,1.163,5.045,0.044,0,kalabalik
15,Run50_AlphaDengeV1,Davranış yönü,bahcivan,standart,103,taban,22,,,526,133,178,105,11,99,236,131,107,39,13,6669,13477,1,0,0,2026,857,189,3853,1455,585,48891,58,12,49.54,1,1.69,1.33,1.315,6,0.3,2,48,6,1.11,1.27,1.38,1.3,1.5,70,53,21,36,67,0.3,1.11,1.27,1.33,2,19,81,0.682,0.457,3.853,1367,7,111,0,hizli_bilekx2 bereketli_toprakx1 yikim_gucux2 kivilcimx1,63,0,65,57,171,81,78,0,2,0,3,,0,0,0,0,0,0,0,0,0,0,0.802,102.6,8.092,393,0,129,0,0,3801,0,0,3,29,29,575,7,0,1.6667,0,14000,0,12,65,65.167,7.241,6.822,7.384,,,,666,0,0,0,0,,0.554,0,0,0,0,0,0,0,0,0,0,0,0,0,0,0,0,0,0,0,0.857,1.177,5.098,0.049,0,kalabalik
15,Run50_AlphaDengeV1,Davranış yönü,bahcivan,standart,103,taban,23,,,598,149,224,100,14,111,264,156,104,58,16,8871,22348,1,8871,1,2652,916,258,5735,1291,843,59515,62,12,56.1,1,1.69,1.33,1.315,6,0.3,2,48,6,1.03,1.09,1.18,1.25,1.33,81,64,42,47,33,0.18,0.35,0.57,1.11,1.78,19,81,0.638,0.37,3.853,1367,5,116,0,hizli_bilekx2 bereketli_toprakx1 yikim_gucux2 kivilcimx1,74,0,65,61,183,81,90,0,2,0,3,,0,0,0,0,0,0,0,0,0,0,0.679,136.477,9.2,449,0,148,0,0,4316,0,0,3,29,29,575,7,0,1.6667,0,16000,0,12,65,65.167,6.039,6.868,5.764,,,,792,0,0,0,0,,0.573,0,0,0,0,0,0,0,0,0,0,0,0,0,0,0,0,0,0,0,0.911,1.524,5.278,0.052,0,kalabalik
15,Run50_AlphaDengeV1,Davranış yönü,bahcivan,standart,103,taban,24,,,829,146,380,115,22,166,356,200,158,99,16,12619,12619,1,0,0,3546,1376,333,8621,1407,1176,78655,66,12,56.1,1,1.69,1.288,1.365,6,0.3,2,50,6,1.02,1.09,1.1,1.3,,84,45,52,30,50,0.08,0.15,0.17,2.45,,19,81,0.526,0.309,3.758,1401,5,121,0,hizli_bilekx2 bereketli_toprakx1 yikim_gucux2 kivilcimx1 zincir_hasatx1,83,0,65,65,195,81,102,0,2,0,3,zincir_hasat@R23,0,0,0,0,0,0,0,0,0,0,0.346,194.138,12.754,375,308,281,0,0,13971,0,0,3,29,29,575,7,0,1.6667,0,19000,0,12,65,65.167,3.486,4.357,2.646,3.731,5.179,,581,629,549,231,77,0.538,0.576,310,167,167,53,167,53,624,77,0,0,0,0,16,120,340,308,243,25,11,0.917,1.476,9.196,0.048,0,kalabalik
15,Run50_AlphaDengeV1,Davranış yönü,bahcivan,standart,103,taban,25,,,843,164,383,114,25,157,342,214,181,74,32,16257,28876,1,0,0,3638,1768,391,9204,2285,1517,84964,70,12,69.27,1,1.69,1.288,1.365,6,0.3,2,50,6,1,1.08,1.17,1.3,1.4,95,67,46,17,44,0,0.14,0.61,0.38,0.51,19,81,0.526,0.247,3.749,1404,8,129,0,hizli_bilekx2 bereketli_toprakx1 yikim_gucux2 kivilcimx1 zincir_hasatx1,95,0,65,69,207,81,114,0,2,0,3,zincir_hasat@R23,0,0,0,0,0,0,0,0,0,0,0.42,250.108,12.969,340,339,177,0,0,16935,0,0,3,29,29,1165,7,0,1.7333,0,22000,0,12,65,65.167,3.256,3.677,3.337,2.601,4.105,,541,636,556,256,83,0.556,0.567,275,172,140,71,140,71,618,83,0,0,0,0,23,463,674,339,274,25,15,0.904,1.508,5.422,0.047,0,kalabalik
15,Run50_AlphaDengeV1,Davranış yönü,bahcivan,standart,103,taban,26,,,829,147,325,141,42,174,341,229,149,88,22,14284,43160,1,14284,1,3754,1512,394,11488,2837,1911,83329,74,12,69.27,1,1.69,1.248,1.415,9,0.3,2,52,6,1.02,1.1,1.13,1.19,1,88,48,43,34,17,0.15,0.26,0.75,0.62,0,19,81,0.533,0.296,3.657,1440,6,135,0,hizli_bilekx2 bereketli_toprakx1 yikim_gucux2 kivilcimx1 zincir_hasatx1,88,0,65,73,219,81,126,0,2,0,3,zincir_hasat@R23,0,0,0,0,0,0,0,0,0,0,0.42,219.754,12.754,358,324,181,0,0,6264,0,0,3,29,29,1165,7,0,1.7333,0,26000,0,12,65,65.167,3.277,4.542,2.813,2.895,4.453,,525,610,533,258,66,0.554,0.608,296,179,159,63,159,63,648,66,0,0,0,0,15,185,407,324,264,30,14,0.913,1.444,5.769,0.047,0,kalabalik
15,Run50_AlphaDengeV1,Davranış yönü,bahcivan,standart,103,taban,27,,,1054,236,431,145,37,205,425,262,216,124,27,19169,19169,1,0,0,4383,2112,636,14131,4949,2547,111565,78,12,73.42,1,1.69,1.061,1.415,9,0.317,2,61,8.16,1.01,1,1.11,1.23,1.25,92,64,53,47,62,0.04,0,0.56,0.77,0.26,19,81,0.446,0.21,3.656,1440,4,139,0,hizli_bilekx3 bereketli_toprakx1 yikim_gucux2 kivilcimx1 zincir_hasatx1,110,0,65,77,231,81,138,0,2,0,3,zincir_hasat@R23,0,0,0,0,0,0,0,0,0,0,0.444,294.908,16.215,466,352,377,0,0,7829,0,0,3,29,29,1895,7,0,1.8,0,30000,0,12,65,65.167,2.315,3.245,1.913,2.02,3.035,,674,710,566,284,68,0.528,0.628,380,203,222,82,220,81,791,68,0,0,3,0,52,1568,1800,352,287,53,27,1.005,1.612,4.743,0.056,0,kalabalik
15,Run50_AlphaDengeV1,Davranış yönü,bahcivan,standart,103,taban,28,,,1088,263,438,169,27,191,430,280,200,139,39,23833,43002,1,0,0,4825,2196,844,16046,5445,3326,115526,81,9,83.44,1,1.69,1.027,1.465,9,0.317,2,63,8.06,1,1.14,1.02,1.16,1,99,61,76,54,56,0,0.58,0.05,0.77,0,19,81,0.436,0.235,3.62,1454,8,147,0,hizli_bilekx3 bereketli_toprakx1 yikim_gucux2 kivilcimx1 zincir_hasatx1,99,0,65,80,240,81,150,0,2,0,3,zincir_hasat@R23,0,0,0,0,0,0,0,0,0,0,0.383,366.662,16.738,526,299,453,0,0,30355,0,0,3,29,29,1895,7,0,1.8,0,33000,0,12,65,65.167,2.137,2.509,1.879,2.232,2.413,,755,661,531,247,52,0.56,0.602,424,190,232,73,232,73,743,52,0,0,0,0,66,1644,1949,299,247,41,19,1.016,1.523,5.129,0.06,0,kalabalik
15,Run50_AlphaDengeV1,Davranış yönü,bahcivan,standart,103,taban,29,,,1095,252,440,170,24,209,421,277,220,143,34,25579,68581,1,0,0,5006,2508,764,18762,7443,4090,118350,85,12,83.44,1,1.69,1.027,1.465,9,0.317,2,63,8.35,1,1.11,1.11,1.28,1.2,95,63,61,47,38,0,0.33,0.56,1.4,0.82,19,81,0.469,0.21,3.469,1518,4,151,0,hizli_bilekx3 bereketli_toprakx1 yikim_gucux2 kivilcimx1 zincir_hasatx1,105,0,65,84,252,81,159,0,2,0,3,zincir_hasat@R23,0,0,0,0,0,0,0,0,0,0,0.346,393.523,16.846,515,328,391,0,0,10705,0,0,3,29,29,2755,7,0,1.8667,0,38000,0,9,65,65.167,2.173,2.572,1.87,2.115,3.311,,727,669,518,265,63,0.521,0.629,428,172,230,76,229,76,775,63,0,0,1,0,61,1830,2123,328,267,44,16,1.007,1.557,5.289,0.058,0,kalabalik
15,Run50_AlphaDengeV1,Davranış yönü,bahcivan,standart,103,taban,30,,,1084,235,461,155,19,214,442,271,201,129,41,24877,93458,1,24877,1,5601,2159,822,21318,8292,4832,125961,88,9,94.04,1,1.69,0.995,1.515,9,0.333,2,65,8.55,1.04,1.08,1.14,1.32,1.75,84,70,55,45,18,0.2,0.27,0.28,1.19,2.23,19,81,0.47,0.247,3.469,1518,7,158,0,hizli_bilekx3 bereketli_toprakx1 yikim_gucux2 kivilcimx1 zincir_hasatx1,116,0,65,87,261,81,171,0,2,0,3,zincir_hasat@R23,0,0,0,0,0,0,0,0,0,0,0.395,382.723,16.677,487,362,481,0,0,19666,0,0,3,29,29,2755,7,0,1.8667,0,41000,0,12,65,65.167,2.276,3.083,1.778,2.305,2.76,,652,752,606,275,87,0.57,0.688,368,198,216,81,216,81,794,87,0,0,0,0,50,1169,1466,362,290,50,42,0.995,1.616,5.551,0.056,0,kalabalik
15,Run50_AlphaDengeV1,Davranış yönü,bahcivan,standart,103,taban,31,,,1197,263,467,151,49,267,449,318,242,150,38,28633,28633,1,0,0,6361,2633,816,24509,9785,5648,140717,91,9,94.04,1,1.69,0.995,1.515,9,0.333,2,65,8.46,1,1.02,1.14,1.04,1,99,72,57,52,56,0,0.02,0.3,0.04,0,19,81,0.47,0.198,3.301,1595,6,164,0,hizli_bilekx3 bereketli_toprakx1 yikim_gucux2 kivilcimx2 zincir_hasatx1,124,0,65,90,270,81,180,0,2,0,3,zincir_hasat@R23,0,0,0,0,0,0,0,0,0,0,0.58,440.508,18.415,515,419,477,0,0,33383,0,0,3,29,29,3755,7,0,1.9333,0,45000,0,9,65,65.167,2.055,2.517,1.686,2.078,2.876,,700,862,697,345,74,0.527,0.651,458,195,285,86,285,86,931,74,0,0,0,0,58,995,1369,419,296,49,18,1.051,1.729,4.89,0.058,0,kalabalik
15,Run50_AlphaDengeV1,Davranış yönü,bahcivan,standart,103,taban,32,,,1268,272,505,147,33,311,463,354,265,150,36,28079,56712,1,0,0,6647,3057,1030,28166,12722,6583,155518,95,12,100.86,1,1.69,0.995,1.565,9,0.35,2,65,8.58,1,1.03,1.08,1.17,1.23,99,73,64,53,25,0,0.27,0.34,0.76,0.53,19,81,0.468,0.21,3.177,1657,5,169,0,hizli_bilekx3 bereketli_toprakx1 yikim_gucux2 kivilcimx2 zincir_hasatx1,136,0,65,94,282,81,189,0,2,0,3,zincir_hasat@R23,0,0,0,0,0,0,0,0,0,0,0.494,431.985,19.508,588,408,548,0,0,901,0,0,3,29,29,3755,7,0,1.9333,0,51000,0,9,65,65.167,1.916,2.366,1.447,2.065,3.125,,783,882,716,321,87,0.514,0.654,462,238,284,99,284,99,1007,87,0,0,0,0,62,904,1292,408,281,48,26,1.08,1.839,5.507,0.063,0,kalabalik
15,Run50_AlphaDengeV1,Davranış yönü,bahcivan,standart,103,taban,33,,,1352,244,549,173,63,323,516,327,281,181,47,33513,90225,1,33513,1,6708,3570,1225,33154,14262,7808,175046,98,9,117.25,1,1.69,0.898,1.565,9,0.35,2,72,6,1,1.02,1,1.07,1.29,100,71,64,53,27,0,0.05,0,0.26,2.18,19,81,0.496,0.259,2.749,1915,4,173,0,hizli_bilekx3 bereketli_toprakx1 yikim_gucux2 kivilcimx2 zincir_hasatx1,127,0,65,97,291,81,191,10,2,0,3,zincir_hasat@R23,0,0,0,0,0,0,0,0,0,0,0.519,515.585,20.8,520,588,624,0,0,18947,0,0,3,29,29,4855,7,1,2.08,0.04,55000,0,12,65,65.167,1.914,2.232,1.59,2.082,2.029,,628,1115,941,438,150,0.645,0.693,467,304,298,122,298,122,1046,150,0,0,0,0,119,4952,5372,588,446,47,36,1.12,1.846,5.373,0.057,0,kalabalik
15,Run50_AlphaDengeV1,Davranış yönü,bahcivan,standart,103,taban,34,,,1815,461,632,160,83,479,643,464,390,247,71,52091,52091,1,0,0,10222,5451,2149,38026,19073,9847,245199,102,12,142.15,1,1.69,0.603,1.615,9,0.367,2,107,7.94,1,1.05,1.11,1.14,1.2,100,84,64,65,54,0,0.11,0.32,0.52,0.32,19,81,0.409,0.148,2.614,2014,7,180,0,hizli_bilekx3 bereketli_toprakx1 yikim_gucux2 kivilcimx2 zincir_hasatx1 firtina_bilegix1,171,0.001,65,101,303,81,191,19,2,0,3,zincir_hasat@R23,0,0,0,0,0,0,0,0,0,0,0.42,801.4,27.923,734,620,715,0,0,34146,0,0,3,29,29,4855,7,3,2.22,0.11,62000,0,9,65,65.167,1.211,1.696,0.842,1.257,1.383,,805,1123,841,483,137,0.653,0.779,661,327,417,142,401,132,1205,137,0,0,26,0,170,27617,24029,620,486,83,63,1.234,2.318,7.788,0.074,0,kalabalik
15,Run50_AlphaDengeV1,Davranış yönü,bahcivan,standart,103,taban,35,,,2063,540,756,218,78,471,772,497,435,279,80,55683,107774,1,0,0,13417,6395,2274,50143,23178,12121,292205,107,15,180.14,1,1.69,0.568,1.615,9,0.367,2,114,8.12,1,1,1.07,1.2,1.11,100,100,81,59,65,0,0,0.24,0.36,0.16,19,81,0.373,0.136,2.355,2235,3,183,0,hizli_bilekx3 bereketli_toprakx1 yikim_gucux2 kivilcimx2 zincir_hasatx1 firtina_bilegix1,182,0.001,65,106,318,81,191,31,2,0,3,zincir_hasat@R23,0,0,0,0,0,0,0,0,0,0,0.457,856.662,31.738,825,698,972,0,0,351,0,0,3,29,29,6155,7,4,2.3767,0.15,70000,0,12,65,65.167,0.928,1.248,0.642,1.022,1.03,,875,1019,812,546,152,0.79,0.859,727,351,468,162,441,150,1418,152,0,0,39,0,189,34200,27351,698,562,91,82,1.255,2.499,6.383,0.077,0,kalabalik
15,Run50_AlphaDengeV1,Davranış yönü,bahcivan,standart,103,taban,36,,,1946,614,555,211,120,446,673,531,386,290,66,49980,157754,1,49980,1,13886,5681,2624,61549,28859,14620,376082,112,15,196.71,1,1.69,0.512,1.665,9,0.383,2,126,7.52,1,1,1.05,1.2,1.17,100,100,82,65,71,0,0,0.05,0.33,0.26,19,81,0.314,0.123,1.801,2923,4,187,0,hizli_bilekx3 bereketli_toprakx1 yikim_gucux2 kivilcimx2 zincir_hasatx1 firtina_bilegix1,173,0.013,65,111,333,81,191,46,2,0,3,zincir_hasat@R23,0,0,0,0,0,0,0,0,0,0,0.358,768.923,29.938,756,576,882,0,0,6433,0,0,3,29,29,6155,7,7,2.6247,0.27,80000,0,15,65,65.167,0.894,1.066,0.654,1.049,0.941,,768,869,708,451,125,0.811,0.89,717,319,452,140,414,130,1436,125,0,0,48,0,196,49637,37821,576,566,111,93,1.269,2.479,9.227,0.077,1,kalabalik
15,Run50_AlphaDengeV1,Davranış yönü,bahcivan,standart,103,taban,37,,,3276,644,1621,243,207,561,1146,877,711,426,116,92283,92283,1,0,0,25321,13536,4784,81850,41695,19404,532025,118,18,247.04,1,1.69,0.512,1.665,9,0.383,2,126,8.18,1,1,1.01,1.03,1.1,100,100,98,74,56,0,0,0.01,0.03,0.15,19,81,0.342,0.148,1.427,3690,4,191,0,hizli_bilekx3 bereketli_toprakx1 yikim_gucux2 kivilcimx2 zincir_hasatx1 firtina_bilegix1 artci_patlamax1,282,0.001,65,117,351,81,191,61,2,0,3,zincir_hasat@R23 artci_patlama@R36,406,406,0,615,615,0,0,0,0,0,0.333,1419.738,50.4,1072,945,1316,0,0,28458,0,0,3,29,29,7555,7,8,2.816,0.32,92000,0,15,65,65.167,0.579,0.741,0.388,0.796,0.691,0.453,1102,1267,1047,712,233,0.868,0.926,898,435,567,182,509,165,2117,233,0,0,75,615,225,61840,41593,945,881,165,148,1.627,2.923,6.352,0.089,0,kalabalik
15,Run50_AlphaDengeV1,Davranış yönü,bahcivan,standart,103,taban,38,,,3546,789,1587,317,264,589,1261,919,778,463,125,99837,192120,1,0,0,31689,16349,5355,113159,56344,24619,652019,124,18,334.78,1,1.69,0.435,1.665,9,0.4,2,149,7.76,1,1,1,1.02,1.07,100,100,100,98,85,0,0,0,0.02,0.06,19,81,0.344,0.123,1.334,3947,3,194,0,hizli_bilekx3 bereketli_toprakx1 yikim_gucux2 kivilcimx2 zincir_hasatx1 firtina_bilegix1 artci_patlamax1,308,0.005,65,123,369,81,191,79,2,0,3,zincir_hasat@R23 artci_patlama@R36,535,529,6,742,742,0,0,0,0,0,0.346,1535.954,54.554,1043,972,1792,0,0,98477,0,0,3,29,29,7555,7,11,3.1147,0.46,110000,0,18,65,65.167,0.52,0.711,0.397,0.607,0.702,0.339,1045,1153,966,684,288,0.952,0.966,821,458,514,205,469,182,2170,288,0,0,68,742,224,67838,49025,972,972,177,156,1.763,3.191,10.274,0.103,0,kalabalik
15,Run50_AlphaDengeV1,Davranış yönü,bahcivan,standart,103,taban,39,,,4122,882,1894,268,373,705,1444,1094,867,561,156,122012,314132,1,0,0,43578,22127,8278,150037,77701,32897,844016,132,24,383.62,1,1.69,0.401,1.665,9,0.4,2,162,8.16,1,1,1,1,1,100,100,100,100,94,0,0,0,0,0,19,81,0.331,0.099,1.112,4735,4,198,0,hizli_bilekx3 bereketli_toprakx1 yikim_gucux2 kivilcimx2 zincir_hasatx1 firtina_bilegix1 artci_patlamax1,359,0.01,65,131,393,81,191,97,2,0,3,zincir_hasat@R23 artci_patlama@R36,588,582,6,667,667,0,0,0,0,0,0.309,1877.108,63.415,1398,1175,1988,0,0,22493,0,0,3,29,29,9055,7,17,3.696,0.68,130000,0,18,65,65.167,0.426,0.583,0.313,0.515,0.463,0.327,1398,1339,1136,858,317,0.953,0.983,1105,576,695,230,607,194,2678,317,0,0,124,667,278,121182,65570,1175,1175,201,199,1.855,3.391,5.773,0.111,0,kalabalik
15,Run50_AlphaDengeV1,Davranış yönü,bahcivan,standart,103,taban,40,,,4824,1164,2363,275,384,638,1682,1290,1021,640,191,141803,455935,1,141803,1,58238,32560,11492,207855,108361,44234,1087816,140,24,550.39,1,1.69,0.298,1.665,9,0.417,2,217,7.6,1,1,1,1.02,1.02,100,100,100,97,93,0,0,0,0.01,0.01,19,81,0.305,0.086,0.993,5302,3,201,0,hizli_bilekx3 bereketli_toprakx1 yikim_gucux2 kivilcimx2 zincir_hasatx1 firtina_bilegix1 artci_patlamax1,403,0.027,65,139,417,81,191,121,2,0,3,zincir_hasat@R23 artci_patlama@R36,837,837,0,1297,1297,0,0,0,0,0,0.358,2181.585,74.215,1378,985,2841,0,0,20309,0,0,3,29,29,9055,7,19,3.916,0.78,150000,0,24,65,65.167,0.323,0.425,0.265,0.455,0.483,0.186,1381,1102,927,755,230,0.964,0.978,1189,461,717,202,615,164,2678,230,0,0,140,1297,298,148967,80989,985,980,153,149,2.071,3.332,7.378,0.131,0,kalabalik
15,Run50_AlphaDengeV1,Davranış yönü,bahcivan,standart,103,taban,41,,,5917,1613,2680,334,503,787,1996,1572,1308,804,237,181765,181765,1,0,0,80400,48760,16980,282455,157121,61064,1459310,148,24,819.29,1,1.69,0.258,2.198,12,0.417,2.111,251,8.81,1,1,1,1,1,100,100,100,100,100,0,0,0,0,0,19,81,0.264,0.086,0.84,6267,3,204,0,hizli_bilekx3 bereketli_toprakx1 yikim_gucux2 kivilcimx2 zincir_hasatx1 firtina_bilegix1 artci_patlamax1 genis_savurusx1,491,0.059,65,147,441,81,191,145,2,0,3,zincir_hasat@R23 artci_patlama@R36,1005,1002,3,1474,1474,0,0,60,0,0,0.21,2796.385,91.031,1586,1244,4724,0,0,69619,0,0,3,29,29,9055,7,23,4.246,0.93,210000,0,24,65,65.167,0.234,0.227,0.164,0.471,0.467,0.151,1586,1259,1084,934,310,0.997,0.997,1461,589,910,269,744,208,3204,310,0,0,227,1474,387,226528,97528,1244,1242,256,256,2.319,3.783,8.874,0.155,0,kalabalik
15,Run50_AlphaDengeV1,Davranış yönü,bahcivan,standart,103,taban,42,,,8756,1696,4138,432,645,1845,2703,2300,2039,1287,427,282554,464319,1,0,0,148244,94763,35328,429774,251920,94302,2111197,157,27,1098.96,1,1.69,0.258,2.198,12,0.433,2.111,251,10.69,1,1,1,1,1,100,100,100,100,100,0,0,0,0,0,27,121,0.307,0.116,0.676,11635,3,207,14,hizli_bilekx3 bereketli_toprakx1 yikim_gucux2 kivilcimx2 zincir_hasatx1 firtina_bilegix1 artci_patlamax1 genis_savurusx1,725,0.017,65,156,468,81,191,169,2,0,3,zincir_hasat@R23 artci_patlama@R36,1015,1014,1,1452,1452,0,0,155,0,0,0.339,4346.985,134.708,3177,2431,6313,0,0,20816,0,0,3,29,29,9055,7,27,4.664,1.12,277500,0,24,65,65.167,0.284,0.357,0.168,0.463,0.412,0.219,3177,2431,2164,1828,603,1,1,1982,807,1271,343,1018,269,4636,603,0,0,327,1452,484,311995,106339,2431,2419,412,412,3.05,5.366,10.639,0.229,0,kalabalik
15,Run50_AlphaDengeV1,Davranış yönü,bahcivan,standart,103,taban,43,,,6699,1580,3006,340,641,1132,1972,1875,1493,1043,316,207347,671666,1,207347,1,117012,69508,28071,542686,321428,122178,1794835,163,18,1157.41,1,1.69,0.258,2.198,12,0.433,2.222,251,9.51,1,1,1,1,1,100,100,100,100,100,0,0,0,0,0,27,121,0.252,0.091,0.659,11930,2,209,0,hizli_bilekx3 bereketli_toprakx1 yikim_gucux2 kivilcimx2 zincir_hasatx1 firtina_bilegix1 artci_patlamax1 genis_savurusx1,561,0.06,65,162,486,108,191,169,2,0,3,zincir_hasat@R23 artci_patlama@R36,908,904,4,1001,1001,0,0,80,0,6,0.149,3189.954,103.062,2367,1751,6959,0,0,38151,0,0,3,35,35,9055,14,27,4.664,1.12,322500,0,27,65,65.167,0.306,0.326,0.261,0.389,0.328,0.277,2367,1751,1583,1213,538,1,1,1985,874,1252,395,957,292,3314,538,0,0,398,1001,554,391986,112708,1751,1750,362,362,2.734,4.76,13.081,0.197,1,kalabalik
15,Run50_AlphaDengeV1,Davranış yönü,bahcivan,standart,103,taban,44,,,9150,1592,4329,418,978,1833,2754,2474,2137,1320,465,296415,296415,1,0,0,162739,99140,38118,702705,420568,160296,2393079,170,21,1157.41,1.6,1.69,0.258,2.198,12,0.45,2.222,251,10.57,1,1,1,1,1,100,100,100,100,100,0,0,0,0,0,27,121,0.3,0.116,0.649,12110,2,211,0,hizli_bilekx3 bereketli_toprakx1 yikim_gucux2 kivilcimx2 zincir_hasatx1 firtina_bilegix1 artci_patlamax1 genis_savurusx1 canavar_kesimix1,760,0.02,65,169,507,121,196,169,2,0,3,zincir_hasat@R23 artci_patlama@R36,1052,1046,6,1306,1306,0,0,161,0,8,0.38,4560.231,140.769,3350,2902,9809,0,0,16230,0,0,3,39,39,9055,17,27,4.664,1.12,375000,0,18,65,65.167,0.264,0.316,0.215,0.308,0.288,0.248,3350,2902,2559,2084,818,1,1,2647,1187,1666,509,1312,362,6511,818,0,0,501,1306,674,496051,127143,2902,2891,467,467,3.25,5.494,9.053,0.228,0,kalabalik
15,Run50_AlphaDengeV1,Davranış yönü,bahcivan,standart,103,taban,45,,,9225,1543,4409,414,981,1878,2749,2484,2228,1369,395,289451,585866,1,0,0,156970,101791,36236,859675,522359,196292,2505228,176,18,1157.41,1.6,1.69,0.258,2.198,12,0.45,2.333,251,10.35,1,1,1,1,1,100,100,100,100,100,0,0,0,0,0,27,121,0.302,0.091,0.646,12166,1,212,0,hizli_bilekx3 bereketli_toprakx1 yikim_gucux2 kivilcimx2 zincir_hasatx1 firtina_bilegix1 artci_patlamax1 genis_savurusx1 canavar_kesimix1,761,0.026,65,175,525,121,217,169,2,0,3,zincir_hasat@R23 artci_patlama@R36,1043,1038,5,1324,1324,0,0,158,0,1,0.364,4453.092,141.923,3255,3103,11623,0,0,158958,0,0,3,39,39,9055,17,27,4.664,1.12,420000,0,21,65,65.167,0.262,0.339,0.194,0.313,0.303,0.245,3255,3112,2745,2103,1000,0.999,0.999,2547,1277,1623,560,1279,419,6370,1000,0,0,485,1324,646,472950,119714,3103,3099,525,525,3.294,5.62,8.432,0.231,0,kalabalik
15,Run50_AlphaDengeV1,Davranış yönü,bahcivan,standart,103,taban,46,,,8822,1370,4131,437,1051,1833,2610,2331,2071,1375,435,298633,884499,1,298633,1,150889,99921,38193,1008164,622280,234485,2443178,181,15,1157.41,1.6,1.69,0.258,2.198,12,0.45,2.333,251,8.37,1,1,1,1,1,100,100,100,100,100,0,0,0,0,0,27,121,0.331,0.107,0.646,12166,1,213,0,hizli_bilekx3 bereketli_toprakx1 yikim_gucux2 kivilcimx2 zincir_hasatx1 firtina_bilegix1 artci_patlamax1 genis_savurusx1 canavar_kesimix1,740,0.008,65,180,540,121,235,169,2,0,3,zincir_hasat@R23 artci_patlama@R36,922,921,1,1133,1133,0,0,92,0,12,0.364,4594.354,135.723,2799,3520,11661,0,0,427136,0,0,3,39,39,9055,17,27,4.664,1.12,457500,0,18,65,65.167,0.314,0.432,0.251,0.323,0.317,0.298,2799,3524,3157,2364,1156,1,1,2255,1390,1477,633,1195,488,6409,1156,0,0,427,1133,600,420013,122948,3520,3516,428,428,3.058,5.084,7.322,0.192,0,kalabalik
15,Run50_AlphaDengeV1,Davranış yönü,bahcivan,standart,103,taban,47,,,9362,1555,4011,424,929,2443,2788,2491,2173,1440,470,320026,320026,1,0,0,161840,107161,40366,1170004,729441,274561,2746633,187,18,1157.41,1.6,1.69,0.258,2.198,12,0.45,2.444,251,10.39,1,1,1,1,1,100,100,100,100,100,0,0,0,0,0,27,121,0.288,0.083,0.646,12166,1,214,0,hizli_bilekx3 bereketli_toprakx1 yikim_gucux2 kivilcimx2 zincir_hasatx1 firtina_bilegix1 artci_patlamax1 genis_savurusx1 canavar_kesimix1 cifte_akimx1,777,0.038,65,186,558,121,250,169,2,0,3,zincir_hasat@R23 artci_patlama@R36 cifte_akim@R46,2090,2082,8,1856,1856,0,0,747,0,5,0.364,4923.477,144.031,3146,2805,12333,0,0,316269,0,0,3,39,39,9055,17,27,4.664,1.12,502500,0,15,65,65.167,0.251,0.266,0.205,0.326,0.295,0.231,3146,2805,2442,2052,753,1,1,2524,1096,1660,468,1358,365,6176,753,0,0,405,1856,563,375671,110479,2805,2788,439,439,3.236,5.341,13.456,0.215,1,kalabalik
15,Run50_AlphaDengeV1,Davranış yönü,bahcivan,standart,103,taban,48,,,9357,1594,4004,409,1025,2325,2850,2483,2174,1422,428,301549,621575,1,0,0,162094,105214,37922,1332098,834655,312483,2778527,192,15,1614.61,1.6,1.69,0.224,2.198,12,0.45,2.444,290,9.02,1,1,1,1,1,100,100,100,100,100,0,0,0,0,0,27,121,0.29,0.083,0.629,12508,0,214,0,hizli_bilekx3 bereketli_toprakx1 yikim_gucux2 kivilcimx2 zincir_hasatx1 firtina_bilegix1 artci_patlamax1 genis_savurusx1 canavar_kesimix1 cifte_akimx1,776,0.031,65,191,573,121,255,182,2,0,3,zincir_hasat@R23 artci_patlama@R36 cifte_akim@R46,2146,2142,4,2545,2545,0,0,773,0,12,0.364,4639.215,143.954,2821,2397,16907,0,0,507296,0,0,3,39,39,9055,17,28,4.774,1.17,540000,0,18,65,65.167,0.246,0.355,0.25,0.259,0.208,0.17,2821,2397,2044,1640,757,1,1,2362,1015,1518,471,1197,363,5272,757,0,0,429,2545,612,431939,126037,2397,2394,481,481,3.243,5.097,6.558,0.203,0,kalabalik
15,Run50_AlphaDengeV1,Davranış yönü,bahcivan,standart,103,taban,49,,,10127,1711,4436,420,993,2567,3117,2584,2401,1506,519,347136,968711,1,0,0,191005,128814,47209,1523103,963469,359362,3073427,198,18,2318,1.6,1.69,0.202,2.198,12,0.45,2.556,321,8.62,1,1,1,1,1,100,100,100,100,100,0,0,0,0,0,27,121,0.284,0.05,0.587,13391,1,215,0,hizli_bilekx3 bereketli_toprakx1 yikim_gucux2 kivilcimx2 zincir_hasatx1 firtina_bilegix1 artci_patlamax1 genis_savurusx1 canavar_kesimix1 cifte_akimx1,821,0.081,65,197,591,121,255,197,2,0,3,zincir_hasat@R23 artci_patlama@R36 cifte_akim@R46,2236,2228,8,2900,2900,0,0,846,3,9,0.43,5340.554,155.8,2961,2555,25660,0,0,228223,0,0,3,39,39,9055,17,29,4.884,1.22,585000,0,15,65,65.167,0.213,0.325,0.203,0.227,0.238,0.142,2961,2555,2244,1723,832,1,1,2611,1197,1702,515,1378,412,5273,832,0,0,427,2900,596,413963,122238,2555,2548,569,569,3.419,5.244,11.123,0.216,0,kalabalik
15,Run50_AlphaDengeV1,Davranış yönü,bahcivan,standart,103,taban,50,,,11736,2262,5374,305,1093,2702,3371,3199,2783,1805,578,396156,1364867,1,396156,1,237582,157880,57204,1760685,1121349,416566,3444080,204,18,3494.21,1.6,1.69,0.163,2.198,12,0.45,2.556,398,9.55,1,1,1,1,1,100,100,100,100,100,0,0,0,0,0,27,121,0.216,0.033,0.542,14516,0,215,0,hizli_bilekx3 bereketli_toprakx1 yikim_gucux2 kivilcimx2 zincir_hasatx1 firtina_bilegix1 artci_patlamax1 genis_savurusx1 canavar_kesimix1 cifte_akimx1,943,0.226,65,203,609,121,255,215,2,0,3,zincir_hasat@R23 artci_patlama@R36 cifte_akim@R46,3206,3198,8,2933,2933,0,0,1584,448,80,0.231,6094.708,180.554,4034,2507,38680,0,0,49803,0,0,3,39,39,9055,17,29,4.884,1.22,630000,0,18,65,65.167,0.138,0.159,0.122,0.19,0.15,0.116,4034,2507,2190,1884,623,1,1,3599,1142,2335,526,1815,385,6233,623,0,0,661,2933,944,661336,140359,2507,2490,444,444,3.92,6.246,8.683,0.276,0,kalabalik
15,Run50_AlphaDengeV1,Davranış yönü,bahcivan,standart,103,taban,50,KAZANDI
16,Run50_AlphaDengeV1,Davranış yönü,bahcivan,standart,104,taban,1,,,13,13,0,0,0,0,11,2,0,0,0,17,17,1,0,0,30,0,0,30,0,0,280,1,0,10,1,1,3,0.9,4,0.3,2,13,2.23,2.09,2.5,,,,9,0,,,,3.27,4.5,,,,2,4,0.358,0,8,23,0,0,2,,4,0.231,45,0,0,0,0,0,0,0,0,,0,0,0,0,0,0,0,0,0,0,0.75,0.378,0.289,0,0,22,0,0,280,0,0,0,0,0,0,0,0,1,0,390,0,0,45,45.133,4.464,4.464,,,,,0,0,0,0,0,,,0,0,0,0,0,0,0,0,0,0,0,0,0,0,0,0,0,0,0,0.335,0.434,2.311,0.014,0,kalabalik
16,Run50_AlphaDengeV1,Davranış yönü,bahcivan,standart,104,taban,2,,,13,13,0,0,0,0,9,2,2,0,0,35,52,1,0,0,26,8,0,31,8,0,320,2,3,10.67,1,1,3,0.9,4,0.3,2,14,2.64,2.44,2,3,,,0,0,0,,,4.33,3,9,,,3,5,0.522,0.2,8,28,1,1,1,,4,0,45,1,3,0,0,0,0,0,0,,0,0,0,0,0,0,0,0,0,0,0.8,0.778,0.289,0,0,24,0,0,210,0,0,0,0,0,0,0,0,1,0,410,0,0,45,45.133,7.085,7.085,,,,,0,0,0,0,0,,,0,0,0,0,0,0,0,0,0,0,0,0,0,0,0,0,0,0,0,0.337,0.464,1.74,0.013,0,kalabalik
16,Run50_AlphaDengeV1,Davranış yönü,bahcivan,standart,104,taban,3,,,15,14,1,0,0,0,10,3,1,1,0,59,111,1,59,1,32,4,2,36,12,2,380,3,3,11.33,1,1,3,0.9,4,0.3,2,14,2.79,2.11,1.67,4,3,,0,0,0,0,,3.67,4,18,12,,4,6,0.559,0,8,34,1,2,1,,5,0.044,45,2,6,3,0,0,2,0,3,,0,0,0,0,0,0,0,0,0,0,0.5,1.311,0.333,1,0,26,0,0,180,0,0,3,3,2,0,0,0,1,0,420,0,3,45,45.133,9.718,9.7,9.967,,,,3,0,0,0,0,,0.324,0,0,0,0,0,0,0,0,0,0,0,0,0,0,0,0,0,0,0,0.354,0.468,1.671,0.014,0,kalabalik
16,Run50_AlphaDengeV1,Davranış yönü,bahcivan,standart,104,taban,4,,,21,16,5,0,0,0,16,3,2,0,0,45,45,1,0,0,44,8,0,46,20,2,540,4,3,12,1,1,2.892,0.9,4,0.3,2,13,2.77,1.45,1.67,2.5,,,33,0,0,,,1.83,2.9,7.23,,,4,6,0.496,0,6.633,41,5,7,0,bereketli_toprakx1,6,0.166,45,3,9,6,0,0,2,0,3,,0,0,0,0,0,0,0,0,0,0,0.833,1,0.467,5,0,26,0,0,300,0,0,3,5,4,6,1,0,1.0667,0,440,0,3,45,45.133,7.194,7.523,6.14,,,,14,0,0,0,0,,0.242,0,0,0,0,0,0,0,0,0,0,0,0,0,0,0,0,0,0,0,0.374,0.507,2.932,0.014,0,kalabalik
16,Run50_AlphaDengeV1,Davranış yönü,bahcivan,standart,104,taban,5,,,27,23,4,0,0,0,25,2,0,0,0,31,76,1,0,0,58,0,0,64,20,2,681,6,6,12,1,1,2.892,0.9,4,0.3,2,15,3.07,1.64,2,,,,43,0,,,,3.02,8.7,,,,5,8,0.513,0,6.633,54,0,7,1,bereketli_toprakx1,6,0.075,45,5,15,9,0,0,2,0,3,,0,0,0,0,0,0,0,0,0,0,0.375,0.689,0.6,4,0,26,0,0,71,0,0,3,5,5,6,2,0,1.0667,0,490,0,3,45,45.133,6.89,6.984,6.35,,,,16,0,0,0,0,,0.173,0,0,0,0,0,0,0,0,0,0,0,0,0,0,0,0,0,0,0,0.378,0.524,2.802,0.015,0,kalabalik
16,Run50_AlphaDengeV1,Davranış yönü,bahcivan,standart,104,taban,6,,,21,17,4,0,0,0,17,3,1,0,0,38,114,1,38,1,46,4,0,51,24,2,552,7,3,12,1,1,2.892,0.9,4,0.3,2,19,2.42,1.62,3,2,,,6,0,0,,,3.34,9.64,2.9,,,6,9,0.409,0,6.633,75,2,9,1,bereketli_toprakx1,5,0.015,55,6,18,9,6,0,2,0,3,,0,0,0,0,0,0,0,0,0,0,0.667,0.691,0.382,4,0,28,0,0,133,0,0,3,5,5,6,2,0,1.0667,0,520,0,6,55,55.133,8.468,8.257,9.367,,,,14,0,0,0,0,,0.085,0,0,0,0,0,0,0,0,0,0,0,0,0,0,0,0,0,0,0,0.366,0.494,2.696,0.014,0,kalabalik
16,Run50_AlphaDengeV1,Davranış yönü,bahcivan,standart,104,taban,7,,,34,25,7,0,0,2,21,8,5,0,0,103,103,1,0,0,74,20,0,75,44,2,1032,9,6,12.67,1,1,2.892,0.9,4,0.3,2,19,3.74,1.76,2.25,2.5,,,29,11,0,,,4.77,10.12,10.86,,,7,11,0.707,0.455,5.638,107,1,10,1,bereketli_toprakx2,6,0,55,8,24,12,6,0,2,0,3,,0,0,0,0,0,0,0,0,0,0,0.545,1.873,0.618,9,0,28,0,0,85,0,0,3,8,7,6,2,0,1.0667,0,600,0,3,55,55.133,11.376,12.167,9.181,,,,29,0,0,0,0,,0.11,0,0,0,0,0,0,0,0,0,0,0,0,0,0,0,0,0,0,0,0.381,0.527,2.72,0.015,0,kalabalik
16,Run50_AlphaDengeV1,Davranış yönü,bahcivan,standart,104,taban,8,,,34,24,10,0,0,0,22,9,3,0,0,83,186,1,0,0,89,12,0,105,56,2,981,10,3,13.33,1,1,2.789,0.9,4,0.3,2,19,3.74,1.94,1.5,3,,,5,17,0,,,4.92,2.1,10.23,,,8,12,0.7,0.417,5.5,120,4,14,1,bereketli_toprakx2,7,0,55,9,27,18,6,0,2,0,3,,0,0,0,0,0,0,0,0,0,0,0.667,1.509,0.618,10,0,30,0,0,466,0,0,3,10,8,6,4,0,1.0667,0,640,0,6,55,55.133,11.568,11.675,11.31,,,,32,0,0,0,0,,0.12,0,0,0,0,0,0,0,0,0,0,0,0,0,0,0,0,0,0,0,0.39,0.556,2.714,0.015,0,kalabalik
16,Run50_AlphaDengeV1,Davranış yönü,bahcivan,standart,104,taban,9,,,37,27,10,0,0,0,29,4,4,0,0,93,279,1,0,0,78,16,0,82,42,2,1118,12,6,14,1,1,2.789,0.9,4,0.3,2,19,3.63,1.73,2.5,2,,,0,0,0,,,4.31,4.18,5.58,,,9,14,0.728,0.429,5.366,144,5,19,1,bereketli_toprakx2,8,0,55,11,33,21,6,0,2,0,3,,0,0,0,0,0,0,0,0,0,0,0.786,1.691,0.673,10,0,32,0,0,244,0,0,3,12,9,14,4,0,1.1333,0,750,0,3,55,55.133,11.775,10.68,14.73,,,,33,0,0,0,0,,0.098,0,0,0,0,0,0,0,0,0,0,0,0,0,0,0,0,0,0,0,0.381,0.536,2.576,0.015,0,kalabalik
16,Run50_AlphaDengeV1,Davranış yönü,bahcivan,standart,104,taban,10,,,42,30,8,0,0,4,34,6,2,0,0,76,355,1,76,1,98,8,0,105,10,2,1212,13,3,15.64,1,1,2.592,0.9,4,0.3,2,21,3.38,1.71,2,3,,,24,0,0,,,5.51,7.78,5.2,,,9,14,0.724,0.357,5.366,144,6,25,0,bereketli_toprakx2,7,0,55,12,36,25,8,0,2,0,3,,0,0,0,0,0,0,0,0,0,0,0.643,1.382,0.764,12,0,36,0,0,706,0,0,3,14,9,14,4,0,1.1333,0,810,0,6,55,55.133,15.931,19.194,7.772,,,,25,0,0,0,0,,0.349,0,0,0,0,0,0,0,0,0,0,0,0,0,0,0,0,0,0,0,0.381,0.546,2.357,0.016,0,kalabalik
16,Run50_AlphaDengeV1,Davranış yönü,bahcivan,standart,104,taban,11,,,58,45,8,1,0,4,39,16,2,1,0,149,149,1,0,0,197,8,2,214,18,4,1865,15,6,16.36,1,1,2.125,0.9,4,0.3,2,30,3.67,1.63,2.5,2,3,,16,0,0,0,,4.04,12.22,7.43,8.5,,10,15,0.684,0.333,5.234,186,5,30,1,bereketli_toprakx2 hizli_bilekx1,10,0,65,14,42,25,11,0,2,0,3,,0,0,0,0,0,0,0,0,0,0,0.667,2.292,0.892,13,0,38,0,0,881,0,0,3,14,9,24,4,0,1.2,0,950,0,3,65,65.167,12.728,13.504,10.038,,,,50,0,0,0,0,,0.239,0,0,0,0,0,0,0,0,0,0,0,0,0,0,0,0,0,0,0,0.405,0.56,2.861,0.016,0,kalabalik
16,Run50_AlphaDengeV1,Davranış yönü,bahcivan,standart,104,taban,12,,,85,59,25,0,0,1,64,16,4,1,0,193,342,1,0,0,272,16,2,285,34,6,2758,18,9,18.13,1,1,2.048,0.9,4,0.3,2,31,3.71,1.22,1.7,2.33,4,,62,20,0,0,,3.37,7.57,10.24,28.67,,12,19,0.654,0.368,4.968,249,6,36,2,bereketli_toprakx2 hizli_bilekx1,12,0,65,17,51,25,17,0,2,0,3,,0,0,0,0,0,0,0,0,0,0,0.842,2.969,1.308,26,0,42,0,0,589,0,0,3,14,11,36,4,0,1.2667,0,1200,0,6,65,65.167,9.179,10.621,5.906,,,,74,0,0,0,0,,0.366,0,0,0,0,0,0,0,0,0,0,0,0,0,0,0,0,0,0,0,0.421,0.585,2.86,0.018,0,kalabalik
16,Run50_AlphaDengeV1,Davranış yönü,bahcivan,standart,104,taban,13,,,72,50,11,1,0,10,46,15,8,3,0,268,610,1,268,1,228,32,6,229,41,12,2716,20,6,19.2,1,1,2.048,0.9,4,0.3,2,31,3.97,1.46,1.83,3,3.67,,48,22,0,0,,3.49,11.61,21,34.82,,16,25,0.611,0.36,5.003,325,5,41,4,bereketli_toprakx2 hizli_bilekx1,14,0,65,19,57,25,26,0,2,0,3,,0,0,0,0,0,0,0,0,0,0,0.44,4.123,1.108,22,0,50,0,0,805,0,0,3,14,14,50,4,0,1.3333,0,1400,0,9,65,65.167,12.937,13.959,10.615,,,,51,0,0,0,0,,0.234,0,0,0,0,0,0,0,0,0,0,0,0,0,0,0,0,0,0,0,0.417,0.571,2.685,0.018,0,kalabalik
16,Run50_AlphaDengeV1,Davranış yönü,bahcivan,standart,104,taban,14,,,101,60,37,2,0,2,65,22,8,6,0,420,420,1,0,0,327,32,12,345,43,24,4034,23,9,20.27,1.25,1,1.904,0.935,4,0.3,2,34,4,1.24,1.53,1.6,2,,49,13,20,0,0,2.3,3.92,3.43,16.19,,16,25,0.699,0.36,4.88,333,10,51,0,bereketli_toprakx2 hizli_bilekx1 keskin_bicakx1,16,0,65,22,66,25,32,0,2,0,3,,0,0,0,0,0,0,0,0,0,0,0.76,6.462,1.554,41,0,58,0,0,239,0,0,3,14,14,66,4,0,1.4,0,1800,0,6,65,65.167,10.996,12.219,9.205,,,,107,0,0,0,0,,0.312,0,0,0,0,0,0,0,0,0,0,0,0,0,0,0,0,0,0,0,0.448,0.637,3.513,0.02,0,kalabalik
16,Run50_AlphaDengeV1,Davranış yönü,bahcivan,standart,104,taban,15,,,104,65,31,0,0,8,71,20,11,1,1,408,828,1,0,0,333,55,10,338,98,34,4357,25,6,20.27,1.25,1,1.836,0.97,4,0.3,2,35,4,1.38,1.55,2,2,3,42,8,0,,,2.79,9.68,6.88,12.87,31.2,19,32,0.768,0.531,4.545,458,8,59,3,bereketli_toprakx2 hizli_bilekx1 keskin_bicakx1,15,0,65,24,72,34,32,0,2,0,3,,0,0,0,0,0,0,0,0,0,0,0.719,6.277,1.6,39,0,60,0,0,896,0,0,3,16,16,104,5,0,1.5333,0,2100,0,9,65,65.167,13.074,13.781,11.897,,,,109,0,0,0,0,,0.295,0,0,0,0,0,0,0,0,0,0,0,0,0,0,0,0,0,0,0,0.454,0.636,3.534,0.021,0,kalabalik
16,Run50_AlphaDengeV1,Davranış yönü,bahcivan,standart,104,taban,16,,,154,103,38,3,0,10,88,40,21,4,1,659,1487,1,659,1,504,125,8,531,163,42,7275,28,9,24.3,1.25,1,1.836,1.005,6,0.3,2,35,5.97,1.29,1.52,2,2.5,3,53,27,10,0,0,1.98,3.23,13.42,14.68,25.7,21,37,0.706,0.486,4.553,528,6,65,3,bereketli_toprakx2 hizli_bilekx1 keskin_bicakx1,19,0,65,27,81,40,32,0,2,0,3,,0,0,0,0,0,0,0,0,0,0,0.703,10.138,2.369,51,0,113,0,0,1471,0,0,3,16,16,125,7,0,1.6,0,2600,0,6,65,65.167,11.342,11.039,11.954,,,,201,0,0,0,0,,0.2,0,0,0,0,0,0,0,0,0,0,0,0,0,0,0,0,0,0,0,0.517,0.76,4.501,0.026,0,kalabalik
16,Run50_AlphaDengeV1,Davranış yönü,bahcivan,standart,104,taban,17,,,212,114,34,31,7,26,108,60,31,13,0,2346,2346,1,0,0,684,155,26,730,255,48,10764,32,12,25.51,1.25,1,1.836,1.005,6,0.3,2,35,6,1.15,1.25,1.81,1.67,,58,35,0,14,,0.92,0.86,4.94,3.67,,21,49,0.698,0.367,4.499,708,3,68,9,bereketli_toprakx2 hizli_bilekx1 keskin_bicakx1 kivilcimx1,28,0,65,31,93,49,32,0,2,0,3,,0,0,0,0,0,0,0,0,0,0,0.571,36.092,3.262,98,0,92,0,0,635,0,0,3,18,18,125,7,0,1.6,0,3400,0,9,65,65.167,10.232,9.335,11.275,,,,336,0,0,0,0,,0.259,0,0,0,0,0,0,0,0,0,0,0,0,0,0,0,0,0,0,0,0.597,0.855,3.647,0.03,0,kalabalik
16,Run50_AlphaDengeV1,Davranış yönü,bahcivan,standart,104,taban,18,,,240,120,37,37,9,37,113,57,46,19,5,4193,6539,1,0,0,726,320,58,816,330,86,13957,35,9,29.99,1.25,1,1.778,1.075,6,0.3,2,36,6,1.07,1.32,1.5,1.88,2.5,67,30,23,0,0,0.71,2.73,3.56,3.56,6.23,19,49,0.67,0.388,4.348,733,9,77,1,bereketli_toprakx2 hizli_bilekx1 keskin_bicakx1 kivilcimx1,31,0,65,34,102,49,44,0,2,0,3,,0,0,0,0,0,0,0,0,0,0,0.735,64.508,3.692,120,0,151,0,0,3692,0,0,3,18,18,125,7,0,1.6,0,4100,0,12,65,65.167,9.095,7.456,10.734,,,,403,0,0,0,0,,0.226,0,0,0,0,0,0,0,0,0,0,0,0,0,0,0,0,0,0,0,0.665,0.946,4.279,0.033,0,kalabalik
16,Run50_AlphaDengeV1,Davranış yönü,bahcivan,standart,104,taban,19,,,281,121,82,28,12,38,118,70,57,30,6,5260,11799,1,0,0,864,474,70,865,586,116,17713,39,12,34.76,1.25,1,1.722,1.11,6,0.3,2,37,6,1.05,1.15,1.39,1.54,1.33,83,62,22,13,0,0.19,0.51,3.59,2.25,1.16,15,49,0.632,0.347,4.286,743,8,85,2,bereketli_toprakx2 hizli_bilekx1 keskin_bicakx1 kivilcimx1,36,0,65,38,114,49,53,0,2,0,3,,0,0,0,0,0,0,0,0,0,0,0.694,80.923,4.323,160,0,194,0,0,3205,0,0,3,18,18,125,7,0,1.6,0,5300,0,9,65,65.167,6.781,6.643,6.885,,,,477,0,0,0,0,,0.217,0,0,0,0,0,0,0,0,0,0,0,0,0,0,0,0,0,0,0,0.743,1.21,10.539,0.038,0,kalabalik
16,Run50_AlphaDengeV1,Davranış yönü,bahcivan,standart,104,taban,20,,,282,143,60,26,20,33,112,78,58,22,12,4892,16691,1,4892,1,1044,506,99,1144,677,115,17629,42,9,39.82,1.25,1,1.668,1.145,6,0.3,2,38,5.97,1.05,1.15,1.17,1.4,1.8,89,74,50,0,0,0.26,1.38,1.32,3.34,3.67,15,59,0.52,0.322,4.181,917,8,93,5,bereketli_toprakx2 hizli_bilekx1 keskin_bicakx1 kivilcimx1,35,0,65,41,123,49,65,0,2,0,3,,0,0,0,0,0,0,0,0,0,0,0.627,75.262,4.338,139,0,222,0,0,4034,0,0,3,18,18,125,7,0,1.6,0,6300,0,12,65,65.167,7.072,6.713,7.44,,,,411,0,0,0,0,,0.24,0,0,0,0,0,0,0,0,0,0,0,0,0,0,0,0,0,0,0,0.645,0.972,3.891,0.036,0,kalabalik
16,Run50_AlphaDengeV1,Davranış yönü,bahcivan,standart,104,taban,21,,,324,136,36,45,37,70,134,85,63,30,12,8255,8255,1,0,0,1104,516,145,1128,917,220,20130,45,9,43.38,1.25,1,1.668,1.195,6,0.3,2,38,6,1.03,1.22,1.28,1.4,2,91,45,35,38,0,0.05,1.3,1.27,1.33,4.73,23,81,0.732,0.37,4.257,1237,4,97,10,bereketli_toprakx2 hizli_bilekx1 keskin_bicakx1 kivilcimx2,50,0,65,44,132,58,65,0,2,0,3,,0,0,0,0,0,0,0,0,0,0,0.728,127,4.985,188,0,237,0,0,4264,0,0,3,21,21,125,7,0,1.6,0,7400,0,9,65,65.167,8.956,6.26,10.907,,,,510,0,0,0,0,,0.248,0,0,0,0,0,0,0,0,0,0,0,0,0,0,0,0,0,0,0,0.682,0.988,4.095,0.039,0,kalabalik
16,Run50_AlphaDengeV1,Davranış yönü,bahcivan,standart,104,taban,22,,,434,165,77,58,34,100,187,116,74,44,13,8961,17216,1,0,0,1633,707,144,1706,999,364,26566,48,9,49.54,1.25,1,1.616,1.265,6,0.3,2,40,6,1,1.06,1.05,1.17,1.33,98,57,65,58,0,0,0.29,0.24,0.67,1.61,23,81,0.661,0.444,4.257,1237,8,105,0,bereketli_toprakx2 hizli_bilekx1 keskin_bicakx1 kivilcimx2,62,0,65,47,141,67,65,0,2,0,3,,0,0,0,0,0,0,0,0,0,0,0.63,137.862,6.677,269,0,300,0,0,7430,0,0,3,24,24,125,7,0,1.6,0,8600,0,9,65,65.167,8.534,6.666,9.679,,,,677,0,0,0,0,,0.245,0,0,0,0,0,0,0,0,0,0,0,0,0,0,0,0,0,0,0,0.806,1.213,5.029,0.045,0,kalabalik
16,Run50_AlphaDengeV1,Davranış yönü,bahcivan,standart,104,taban,23,,,340,106,90,33,41,70,135,98,65,34,8,5477,22693,1,5477,1,1424,570,126,1470,889,490,21138,51,9,49.54,1.25,1,1.565,1.315,6,0.3,2,41,4,1,1.05,1.19,1.23,2,100,58,48,31,0,0,0.07,0.9,1.33,3.13,23,81,0.734,0.556,4.153,1268,7,112,0,bereketli_toprakx2 hizli_bilekx1 keskin_bicakx1 kivilcimx2,43,0,65,50,150,76,65,0,2,0,3,,0,0,0,0,0,0,0,0,0,0,0.63,84.262,5.231,234,0,304,0,0,1468,0,0,3,27,27,575,7,0,1.6667,0,10000,0,9,65,65.167,8.939,5.913,10.309,,,,583,0,0,0,0,,0.299,0,0,0,0,0,0,0,0,0,0,0,0,0,0,0,0,0,0,0,0.858,1.26,4.603,0.038,0,kalabalik
16,Run50_AlphaDengeV1,Davranış yönü,bahcivan,standart,104,taban,24,,,519,166,99,47,33,174,199,153,101,53,13,11030,11030,1,0,0,2222,1004,261,2262,1093,751,33042,54,9,56.1,1.25,1,1.516,1.365,6,0.3,2,42,6,1,1.07,1.15,1.2,1.5,100,63,64,54,0,0,0.3,0.84,0.83,2.28,23,81,0.606,0.444,4.153,1268,7,119,0,bereketli_toprakx2 hizli_bilekx1 keskin_bicakx1 kivilcimx2 cifte_akimx1,69,0,65,53,159,81,69,0,2,0,3,cifte_akim@R23,82,82,0,155,95,0,0,0,0,0,0.556,169.692,7.985,258,0,330,0,0,3510,0,0,3,27,27,575,8,0,1.6667,0,12000,0,9,65,65.167,7.737,8.188,7.327,,,8.065,704,0,0,0,0,,0.283,0,0,0,0,0,0,0,0,0,0,0,0,0,0,0,0,0,0,0,0.928,1.464,9.331,0.052,0,kalabalik
16,Run50_AlphaDengeV1,Davranış yönü,bahcivan,standart,104,taban,25,,,481,166,82,39,30,164,180,137,96,53,15,11946,22976,1,0,0,2150,968,269,2557,1261,970,32200,56,6,60.05,1.25,1,1.516,1.365,6,0.3,2,42,6,1,1.08,1.1,1.29,1.4,100,76,59,29,25,0,0.5,0.25,1.52,1.51,23,81,0.629,0.42,4.153,1268,7,126,0,bereketli_toprakx2 hizli_bilekx1 keskin_bicakx1 kivilcimx2 cifte_akimx1,59,0,65,55,165,81,78,0,2,0,3,cifte_akim@R23,82,82,0,131,68,0,0,0,0,0,0.704,183.785,7.4,247,0,326,0,0,11710,0,0,3,27,27,1165,8,0,1.7333,0,13000,0,9,65,65.167,6.094,5.146,7.156,,,4.551,657,0,0,0,0,,0.297,0,0,0,0,0,0,0,0,0,0,0,0,0,0,0,0,0,0,0,0.744,1.103,4.645,0.047,0,kalabalik
16,Run50_AlphaDengeV1,Davranış yönü,bahcivan,standart,104,taban,26,,,565,209,114,31,27,184,221,138,110,79,17,14955,37931,1,14955,1,2554,1088,430,3151,1449,1400,38400,59,9,65.98,1.25,1,1.468,1.415,9,0.3,2,44,8.16,1,1.02,1.11,1.13,1.67,100,77,70,51,50,0,0.07,1.02,0.59,2.94,23,81,0.387,0.185,4.051,1300,6,132,0,bereketli_toprakx2 hizli_bilekx1 keskin_bicakx1 kivilcimx2 cifte_akimx1,61,0,65,58,174,81,84,0,2,0,3,cifte_akim@R23,105,105,0,122,83,0,0,0,0,0,0.296,230.077,8.692,273,0,395,0,0,10110,0,0,3,27,27,1165,8,0,1.7333,0,14000,0,6,65,65.167,4.983,6.404,4.233,,,3.872,561,0,0,0,0,,0.586,0,0,0,0,0,0,0,0,0,0,0,0,0,0,0,0,0,0,0,0.748,1.115,4.654,0.047,0,kalabalik
16,Run50_AlphaDengeV1,Davranış yönü,bahcivan,standart,104,taban,27,,,739,231,199,43,35,231,296,201,133,91,18,15885,15885,1,0,0,3716,1240,452,4417,1359,1852,50353,62,9,73.42,1.25,1,1.468,1.415,9,0.437,2,44,8.84,1,1.02,1.08,1.18,1.5,100,86,74,62,40,0,0.27,0.37,0.89,5.87,23,81,0.471,0.247,3.952,1332,7,139,0,bereketli_toprakx2 hizli_bilekx1 keskin_bicakx1 kivilcimx2 cifte_akimx1 kritik_gozx1,79,0,65,61,183,81,93,0,2,0,3,cifte_akim@R23,115,115,0,125,80,0,0,0,0,0,0.407,244.385,11.369,428,0,456,0,0,15463,0,0,3,27,27,1895,8,0,1.8,0,16000,0,9,65,65.167,3.199,3.759,3.013,,,2.578,842,0,0,0,0,,0.589,0,0,0,0,0,0,0,0,0,0,0,0,0,0,0,0,0,0,0,0.85,1.304,7.525,0.06,0,kalabalik
16,Run50_AlphaDengeV1,Davranış yönü,bahcivan,standart,104,taban,28,,,806,239,212,51,45,259,319,208,161,90,28,20953,36838,1,0,0,3772,2007,504,5279,2166,2291,55934,66,12,83.44,1.25,1,1.422,1.465,9,0.437,2,45,8.56,1,1.05,1.02,1.06,1,100,91,81,71,63,0,0.19,0.16,0.23,0,23,81,0.415,0.185,3.952,1332,7,146,0,bereketli_toprakx2 hizli_bilekx1 keskin_bicakx1 kivilcimx2 cifte_akimx1 kritik_gozx1,94,0,65,65,195,81,102,0,2,0,3,cifte_akim@R23,133,133,0,118,86,0,0,0,0,0,0.407,322.354,12.4,481,0,531,0,0,2397,0,0,3,27,27,1895,8,0,1.8,0,19000,0,9,65,65.167,2.371,2.6,2.291,,,2.184,942,0,0,0,0,,0.57,0,0,0,0,0,0,0,0,0,0,0,0,0,0,0,0,0,0,0,0.867,1.354,5.873,0.063,0,kalabalik
16,Run50_AlphaDengeV1,Davranış yönü,bahcivan,standart,104,taban,29,,,751,234,192,47,28,250,301,206,153,73,18,18417,55255,1,0,0,3944,1638,440,6933,2794,2731,52619,68,6,83.44,1.25,1,1.422,1.465,9,0.437,2,45,8.84,1,1.03,1.19,1.04,1.13,100,91,74,58,55,0,0.11,0.68,0.06,0.53,23,81,0.47,0.259,3.855,1366,5,151,0,bereketli_toprakx2 hizli_bilekx1 keskin_bicakx1 kivilcimx2 cifte_akimx1 kritik_gozx1,80,0,65,67,201,81,114,0,2,0,3,cifte_akim@R23,123,123,0,138,96,0,0,0,0,0,0.593,283.338,11.554,421,0,523,0,0,16016,0,0,3,27,27,2755,8,0,1.8667,0,21000,0,12,65,65.167,3.176,3.551,3.132,,,2.458,843,0,0,0,0,,0.574,0,0,0,0,0,0,0,0,0,0,0,0,0,0,0,0,0,0,0,0.844,1.307,6.222,0.059,0,kalabalik
16,Run50_AlphaDengeV1,Davranış yönü,bahcivan,standart,104,taban,30,,,648,185,160,49,32,222,236,188,115,84,25,18862,74117,1,18862,1,3914,1326,542,7802,2810,3193,47537,70,6,94.04,1.25,1,1.377,1.515,9,0.453,2,47,6,1,1.02,1.07,1.11,1,100,94,70,69,40,0,0.07,0.2,0.3,0,23,81,0.544,0.333,3.855,1366,7,158,0,bereketli_toprakx2 hizli_bilekx1 keskin_bicakx1 kivilcimx2 cifte_akimx1 kritik_gozx1,73,0,65,69,207,81,120,0,2,0,3,cifte_akim@R23,104,104,0,175,109,0,0,0,0,0,0.531,290.185,9.969,354,0,562,0,0,20553,0,0,3,27,27,2755,8,0,1.8667,0,22000,0,6,65,65.167,5.616,5.74,6.166,,,3.618,719,0,0,0,0,,0.544,0,0,0,0,0,0,0,0,0,0,0,0,0,0,0,0,0,0,0,0.796,1.197,5.358,0.052,0,kalabalik
16,Run50_AlphaDengeV1,Davranış yönü,bahcivan,standart,104,taban,31,,,824,244,212,48,37,283,310,232,175,83,24,20899,20899,1,0,0,4959,1973,448,9591,3643,3641,60643,73,9,94.04,1.25,1.3,1.377,1.515,9,0.453,2,47,8.64,1,1.02,1.11,1.22,1.2,100,91,70,59,14,0,0.07,1.02,0.84,1.65,23,81,0.439,0.235,3.761,1400,6,164,0,bereketli_toprakx2 hizli_bilekx1 keskin_bicakx1 kivilcimx2 cifte_akimx1 kritik_gozx1 yikim_gucux1,87,0,65,72,216,81,126,0,2,0,3,cifte_akim@R23,124,124,0,149,105,0,0,0,0,0,0.481,321.523,12.677,475,0,598,0,0,12196,0,0,3,27,27,3755,8,0,1.9333,0,25000,0,6,65,65.167,2.805,3.409,2.696,,,1.893,840,0,0,0,0,,0.533,0,0,0,0,0,0,0,0,0,0,0,0,0,0,0,0,0,0,0,0.828,1.254,8.503,0.058,0,kalabalik
16,Run50_AlphaDengeV1,Davranış yönü,bahcivan,standart,104,taban,32,,,810,255,193,61,51,250,301,223,162,99,25,19734,40633,1,0,0,4385,2147,730,10986,5670,4276,60217,75,6,100.86,1.25,1.3,1.377,1.565,9,0.47,2,47,8.79,1,1.02,1.06,1.12,1,100,92,75,74,86,0,0.12,0.2,0.5,0,23,81,0.45,0.259,3.761,1400,5,169,0,bereketli_toprakx2 hizli_bilekx1 keskin_bicakx1 kivilcimx2 cifte_akimx1 kritik_gozx1 yikim_gucux1,82,0,65,74,222,81,135,0,2,0,3,cifte_akim@R23,121,121,0,127,99,0,0,2,0,0,0.309,303.6,12.462,456,0,642,0,0,21413,0,0,3,27,27,3755,8,0,1.9333,0,27000,0,9,65,65.167,2.911,3.281,2.924,,,1.9,825,0,0,0,0,,0.567,0,0,0,0,0,0,0,0,0,0,0,0,0,0,0,0,0,0,0,0.841,1.262,5.224,0.06,0,kalabalik
16,Run50_AlphaDengeV1,Davranış yönü,bahcivan,standart,104,taban,33,,,637,243,128,47,22,197,248,179,118,72,20,21515,62148,1,21515,1,3970,1539,505,13236,5179,4781,49532,77,6,105.24,1.25,1.3,1.377,1.565,9,0.47,2,47,8.28,1,1,1.1,1.27,1.36,100,89,79,61,55,0,0,0.21,1.22,2.13,23,81,0.333,0.148,3.669,1435,4,173,0,bereketli_toprakx2 hizli_bilekx1 keskin_bicakx1 kivilcimx2 cifte_akimx1 kritik_gozx1 yikim_gucux1,66,0.023,65,76,228,81,141,0,2,0,3,cifte_akim@R23,131,131,0,87,64,0,0,0,0,0,0.21,331,9.8,330,0,688,0,0,15945,0,0,3,27,27,4855,8,0,2,0,29000,0,6,65,65.167,2.704,2.9,2.761,,,1.666,598,0,0,0,0,,0.541,0,0,0,0,0,0,0,0,0,0,0,0,0,0,0,0,0,0,0,0.777,1.122,4.751,0.052,0,kalabalik
16,Run50_AlphaDengeV1,Davranış yönü,bahcivan,standart,104,taban,34,,,856,239,224,77,41,275,346,224,168,93,25,24881,24881,1,0,0,5125,2206,575,13011,6745,5246,65318,79,6,112.36,1.25,1.3,1.377,1.615,9,0.487,2,47,8.79,1,1,1.02,1.14,1.33,100,94,76,68,50,0,0,0.1,0.69,1.38,23,81,0.513,0.21,3.119,1688,7,180,0,bereketli_toprakx3 hizli_bilekx1 keskin_bicakx1 kivilcimx2 cifte_akimx1 kritik_gozx1 yikim_gucux1,87,0,65,78,234,81,147,0,2,0,3,cifte_akim@R23,122,122,0,87,76,0,0,0,0,0,0.346,382.785,13.169,541,0,729,0,0,22263,0,0,3,27,27,4855,8,0,2,0,31000,0,6,65,65.167,3.113,3.42,2.974,,,3.131,868,0,0,0,0,,0.673,0,0,0,0,0,0,0,0,0,0,0,0,0,0,0,0,0,0,0,0.829,1.237,5.441,0.057,0,kalabalik
16,Run50_AlphaDengeV1,Davranış yönü,bahcivan,standart,104,taban,35,,,865,247,212,76,48,282,330,230,177,100,28,28176,53057,1,0,0,4910,2346,710,16621,6801,5956,69150,81,6,117.04,1.25,1.3,1.377,1.615,9,0.487,2,47,8.79,1,1.03,1.04,1.15,1.17,100,91,81,73,67,0,0.05,0.31,0.51,0.69,23,81,0.531,0.21,3.02,1743,3,183,0,bereketli_toprakx3 hizli_bilekx1 keskin_bicakx1 kivilcimx2 cifte_akimx1 kritik_gozx1 yikim_gucux1,88,0,65,80,240,81,153,0,2,0,3,cifte_akim@R23,136,136,0,132,102,0,0,0,0,0,0.321,433.477,13.308,516,0,715,0,0,28413,0,0,3,27,27,6155,8,0,2.0667,0,33000,0,6,65,65.167,3.236,3.911,2.982,,,2.877,986,0,0,0,0,,0.52,0,0,0,0,0,0,0,0,0,0,0,0,0,0,0,0,0,0,0,0.868,1.299,5.595,0.061,0,kalabalik
16,Run50_AlphaDengeV1,Davranış yönü,bahcivan,standart,104,taban,36,,,689,182,135,85,57,230,270,173,145,78,23,20659,73716,1,20659,1,4155,1974,515,18296,8775,6346,55439,83,6,117.04,1.25,1.3,1.377,1.665,9,0.503,2,47,6,1,1.02,1.03,1.24,1.4,100,85,73,55,57,0,0.08,0.32,1.05,1.93,23,81,0.626,0.321,3.009,1750,4,187,0,bereketli_toprakx3 hizli_bilekx1 keskin_bicakx1 kivilcimx2 cifte_akimx1 kritik_gozx1 yikim_gucux1,70,0,65,82,246,81,159,0,2,0,3,cifte_akim@R23,102,102,0,129,93,0,0,0,0,0,0.531,317.831,10.6,414,0,761,0,0,16852,0,0,3,27,27,6155,8,0,2.0667,0,35000,0,6,65,65.167,4.223,3.912,4.621,,,3.071,753,0,0,0,0,,0.554,0,0,0,0,0,0,0,0,0,0,0,0,0,0,0,0,0,0,0,0.813,1.2,4.803,0.051,0,kalabalik
16,Run50_AlphaDengeV1,Davranış yönü,bahcivan,standart,104,taban,37,,,940,294,236,62,32,316,316,283,216,82,43,30463,30463,1,0,0,6235,3119,702,19511,11194,7048,78568,85,6,124.44,1.25,1.3,1.377,1.665,9,0.503,2,47,10.06,1,1.01,1.05,1.17,1,100,96,91,77,75,0,0.04,0.44,0.75,0,23,81,0.496,0.235,3.009,1750,4,191,0,bereketli_toprakx3 hizli_bilekx1 keskin_bicakx1 kivilcimx2 cifte_akimx1 kritik_gozx1 yikim_gucux1 hasat_ritmix1,92,0,65,84,252,81,165,0,2,0,3,cifte_akim@R23 hasat_ritmi@R36,175,175,0,155,113,20,20,4,0,0,0.407,468.662,14.462,533,0,1390,0,0,24420,0,0,3,27,27,7555,8,0,2.1333,0,38000,0,6,65,65.167,2.98,3.475,2.837,,,2.35,1016,0,0,0,0,,0.53,0,0,0,0,0,0,0,0,0,0,0,0,0,0,0,0,0,0,0,0.885,1.344,5.785,0.064,0,kalabalik
16,Run50_AlphaDengeV1,Davranış yönü,bahcivan,standart,104,taban,38,,,954,280,277,66,45,286,374,238,191,124,27,30907,61370,1,0,0,5190,2646,1078,24321,12140,7986,79480,87,6,129.42,1.25,1.3,1.377,1.665,9,0.52,2,47,9.87,1,1,1.05,1.05,1.11,100,99,87,84,58,0,0,0.22,0.14,0.46,23,81,0.501,0.185,3.009,1750,3,194,0,bereketli_toprakx3 hizli_bilekx1 keskin_bicakx1 kivilcimx2 cifte_akimx1 kritik_gozx1 yikim_gucux1 hasat_ritmix1,100,0,65,86,258,81,171,0,2,0,3,cifte_akim@R23 hasat_ritmi@R36,160,160,0,129,101,20,20,6,0,0,0.21,475.492,14.677,573,0,1440,0,0,26900,0,0,3,27,27,7555,8,0,2.1333,0,40000,0,6,65,65.167,2.752,2.987,2.709,,,2.337,1063,0,0,0,0,,0.561,0,0,0,0,0,0,0,0,0,0,0,0,0,0,0,0,0,0,0,0.913,1.367,6.124,0.068,0,kalabalik
16,Run50_AlphaDengeV1,Davranış yönü,bahcivan,standart,104,taban,39,,,949,287,234,61,48,319,360,242,193,114,40,37624,98994,1,0,0,5775,2843,1046,23396,14213,9032,81630,89,6,137.13,1.25,1.3,1.377,1.665,9,0.52,2,47,9.79,1,1.01,1.02,1,1.07,100,95,90,79,71,0,0.05,0.07,0,0.37,23,81,0.484,0.198,3.009,1750,4,198,0,bereketli_toprakx3 hizli_bilekx1 keskin_bicakx1 kivilcimx2 cifte_akimx1 kritik_gozx1 yikim_gucux1 hasat_ritmix1,95,0,65,88,264,81,177,0,2,0,3,cifte_akim@R23 hasat_ritmi@R36,169,169,0,142,105,20,19,4,0,0,0.309,578.831,14.6,557,0,1578,0,0,27530,0,0,3,27,27,9055,8,0,2.2,0,42000,0,6,65,65.167,2.699,2.921,2.694,,,2.12,1043,0,0,0,0,,0.564,0,0,0,0,0,0,0,0,0,0,0,0,0,0,0,0,0,0,0,0.912,1.372,5.123,0.066,0,kalabalik
16,Run50_AlphaDengeV1,Davranış yönü,bahcivan,standart,104,taban,40,,,911,300,209,56,39,307,299,282,207,100,23,29370,128364,1,29370,1,4965,3149,802,27941,15462,9679,78572,91,6,142.4,1.25,1.3,1.377,1.665,9,0.537,2,47,10.28,1,1.01,1.04,1.06,1,100,94,87,75,88,0,0.04,0.25,0.24,0,23,81,0.5,0.222,3.009,1750,3,201,0,bereketli_toprakx3 hizli_bilekx1 keskin_bicakx1 kivilcimx2 cifte_akimx1 kritik_gozx1 yikim_gucux1 hasat_ritmix1,88,0,65,90,270,81,183,0,2,0,3,cifte_akim@R23 hasat_ritmi@R36,177,177,0,191,101,21,21,18,0,0,0.37,451.846,14.015,510,0,1837,0,0,20102,0,0,3,27,27,9055,8,0,2.2,0,45000,0,6,65,65.167,2.715,2.501,2.862,,,2.604,1137,0,0,0,0,,0.428,0,0,0,0,0,0,0,0,0,0,0,0,0,0,0,0,0,0,0,0.952,1.484,10.578,0.069,1,kalabalik
16,Run50_AlphaDengeV1,Davranış yönü,bahcivan,standart,104,taban,41,,,1121,278,354,87,54,348,412,317,245,110,37,33271,33271,1,0,0,7040,3765,869,29181,19227,10398,99336,93,6,154.91,1.25,1.3,1.377,1.665,9,0.537,2.111,47,9.53,1,1,1,1,1.09,100,95,96,88,67,0,0,0,0,0.38,23,81,0.452,0.123,2.773,1899,3,204,0,bereketli_toprakx3 hizli_bilekx1 keskin_bicakx1 kivilcimx2 cifte_akimx1 kritik_gozx1 yikim_gucux1 hasat_ritmix1 zincir_hasatx1,106,0.002,65,92,276,81,185,4,2,0,3,cifte_akim@R23 hasat_ritmi@R36 zincir_hasat@R40,151,151,0,165,113,19,20,18,0,0,0.481,511.862,17.246,466,264,2086,0,0,28438,0,0,3,27,27,9055,8,1,2.31,0.05,48000,0,6,65,65.167,2.454,3.496,1.898,2.578,2.018,2.027,829,633,532,219,45,0.516,0.535,368,135,249,56,249,56,548,45,0,0,0,113,9,302,608,264,234,51,50,1.077,1.777,6.209,0.061,0,kalabalik
16,Run50_AlphaDengeV1,Davranış yönü,bahcivan,standart,104,taban,42,,,1380,338,500,85,81,376,492,340,313,190,45,43106,76377,1,0,0,7278,5318,1667,35849,24568,9915,127689,96,9,169.16,1.25,1.3,1.322,1.665,9,0.553,2.111,49,10.2,1,1,1.01,1.02,1,100,95,89,88,100,0,0,0.05,0.06,0,29,121,0.533,0.149,2.715,2897,3,207,17,bereketli_toprakx3 hizli_bilekx1 keskin_bicakx1 kivilcimx2 cifte_akimx1 kritik_gozx1 yikim_gucux1 hasat_ritmix1 zincir_hasatx1,134,0.001,65,95,285,81,185,10,2,0,3,cifte_akim@R23 hasat_ritmi@R36 zincir_hasat@R40,127,127,0,142,106,23,22,18,0,0,0.628,663.169,21.231,568,368,2228,0,0,8127,0,0,3,27,27,9055,8,2,2.42,0.1,52000,0,6,65,65.167,2.682,3.44,2.148,2.41,3.419,3.434,844,882,814,292,76,0.565,0.668,368,156,254,79,254,79,666,76,0,0,0,106,21,248,586,368,338,33,33,1.209,2.149,8.67,0.067,0,kalabalik
16,Run50_AlphaDengeV1,Davranış yönü,bahcivan,standart,104,taban,43,,,1072,310,397,74,37,254,378,279,240,131,44,34469,110846,1,34469,1,6291,4544,1282,38040,29112,11002,98806,98,6,178.16,1.25,1.3,1.322,1.665,9,0.553,2.222,49,9.84,1,1.01,1.01,1.05,1.07,100,99,88,83,80,0,0.11,0.03,0.2,0.53,29,121,0.471,0.223,2.646,2973,2,209,0,bereketli_toprakx3 hizli_bilekx1 keskin_bicakx1 kivilcimx2 cifte_akimx1 kritik_gozx1 yikim_gucux1 hasat_ritmix1 zincir_hasatx1,113,0,65,97,291,90,185,10,2,0,3,cifte_akim@R23 hasat_ritmi@R36 zincir_hasat@R40,104,104,0,106,84,21,21,11,0,0,0.421,530.292,16.492,460,218,2230,0,0,933,0,0,3,30,30,9055,8,2,2.42,0.1,55000,0,9,65,65.167,3.651,4.489,2.88,3.066,8.759,4.323,694,585,524,189,29,0.538,0.641,344,106,228,43,228,43,460,29,0,0,0,84,6,7,290,218,192,22,21,1.222,2.131,7.318,0.064,0,kalabalik
16,Run50_AlphaDengeV1,Davranış yönü,bahcivan,standart,104,taban,44,,,1515,307,708,64,49,387,496,428,308,208,75,57463,57463,1,0,0,10504,5746,1949,45824,34858,12951,144615,100,6,178.16,1.25,1.3,1.322,1.665,9,0.57,2.222,49,9.96,1,1,1,1,1,100,93,96,86,88,0,0,0,0,0,29,121,0.533,0.273,2.546,3090,2,211,0,bereketli_toprakx3 hizli_bilekx1 keskin_bicakx1 kivilcimx2 cifte_akimx1 kritik_gozx1 yikim_gucux1 hasat_ritmix1 zincir_hasatx1 artci_patlamax1,151,0,65,99,297,96,185,10,2,0,3,cifte_akim@R23 hasat_ritmi@R36 zincir_hasat@R40 artci_patlama@R43,308,308,0,490,354,20,20,8,0,0,0.364,884.046,23.308,508,346,2446,0,0,33548,0,0,3,30,30,9055,9,2,2.42,0.1,58000,0,6,65,65.167,2.832,2.68,2.219,3.074,5.155,3.21,883,899,813,274,72,0.523,0.561,393,186,252,86,252,86,560,72,0,0,0,354,9,53,400,346,313,28,26,1.305,2.371,7.723,0.068,0,kalabalik
16,Run50_AlphaDengeV1,Davranış yönü,bahcivan,standart,104,taban,45,,,1489,339,669,83,45,353,522,389,320,196,62,48227,105690,1,0,0,9339,5816,1770,55163,40674,14481,140082,102,6,178.16,1.25,1.3,1.322,1.665,9,0.57,2.333,49,10.31,1,1,1,1,1,100,97,88,92,88,0,0,0,0,0,29,121,0.54,0.281,2.501,3145,1,212,0,bereketli_toprakx3 hizli_bilekx1 keskin_bicakx1 kivilcimx2 cifte_akimx1 kritik_gozx1 yikim_gucux1 hasat_ritmix1 zincir_hasatx1 artci_patlamax1,147,0,65,101,303,102,185,10,2,0,3,cifte_akim@R23 hasat_ritmi@R36 zincir_hasat@R40 artci_patlama@R43,292,292,0,491,334,24,24,19,0,0,0.529,741.954,22.908,509,307,2678,0,0,55630,0,0,3,31,31,9055,9,2,2.42,0.1,62000,0,6,65,65.167,2.884,3.26,2.655,2.948,3.549,2.676,868,800,683,254,53,0.559,0.574,394,160,256,76,256,76,593,53,0,0,0,334,15,167,503,307,286,51,48,1.289,2.486,7.991,0.071,0,kalabalik
16,Run50_AlphaDengeV1,Davranış yönü,bahcivan,standart,104,taban,46,,,1323,273,663,56,47,284,463,345,280,193,42,43842,149532,1,43842,1,7896,4735,1663,60659,45409,16144,125043,104,6,178.16,1.25,1.3,1.322,1.665,9,0.57,2.333,49,8.33,1,1,1.02,1.03,1,100,97,79,81,88,0,0,0.07,0.12,0,29,121,0.596,0.355,2.501,3145,1,213,0,bereketli_toprakx3 hizli_bilekx1 keskin_bicakx1 kivilcimx2 cifte_akimx1 kritik_gozx1 yikim_gucux1 hasat_ritmix1 zincir_hasatx1 artci_patlamax1,125,0,65,103,309,108,185,10,2,0,3,cifte_akim@R23 hasat_ritmi@R36 zincir_hasat@R40 artci_patlama@R43,254,254,0,462,338,19,19,4,0,0,0.521,674.492,20.354,441,271,2688,0,0,55673,0,0,3,35,35,9055,9,2,2.42,0.1,65000,0,6,65,65.167,3.614,4.315,2.913,3.726,4.573,3.707,696,950,864,202,69,0.301,0.568,366,161,253,79,253,79,503,69,0,0,0,338,2,3,342,271,237,22,22,1.327,2.354,9.018,0.063,0,kalabalik
16,Run50_AlphaDengeV1,Davranış yönü,bahcivan,standart,104,taban,47,,,1606,299,723,97,53,434,503,441,369,233,60,60049,60049,1,0,0,9664,6236,2244,70323,51645,18098,153849,107,9,178.16,1.25,1.69,1.322,1.665,9,0.57,2.444,49,10.27,1,1.01,1,1.02,1,100,93,94,87,90,0,0.04,0,0.12,0,29,121,0.512,0.248,2.501,3145,1,214,0,bereketli_toprakx3 hizli_bilekx1 keskin_bicakx1 kivilcimx2 cifte_akimx1 kritik_gozx1 yikim_gucux2 hasat_ritmix1 zincir_hasatx1 artci_patlamax1,162,0,65,106,318,114,185,10,2,0,3,cifte_akim@R23 hasat_ritmi@R36 zincir_hasat@R40 artci_patlama@R43,338,338,0,416,344,21,22,38,0,0,0.554,923.831,24.708,563,400,2755,0,0,8522,0,0,3,38,38,9055,9,2,2.42,0.1,70000,0,6,65,65.167,2.577,2.826,2.112,2.987,3.304,2.546,763,1007,898,294,106,0.515,0.697,454,225,304,111,304,111,788,106,0,0,0,344,21,72,508,400,370,39,38,1.349,2.462,7.278,0.068,0,kalabalik
16,Run50_AlphaDengeV1,Davranış yönü,bahcivan,standart,104,taban,48,,,1626,304,722,105,65,430,544,428,350,231,73,56932,116981,1,0,0,9407,6717,2345,79730,58362,20443,155210,109,6,178.16,1.25,1.69,1.322,1.665,9,0.57,2.444,49,10.16,1,1,1,1,1.13,99,96,93,77,75,0,0,0,0,0.5,29,121,0.525,0.24,2.423,3246,0,214,0,bereketli_toprakx3 hizli_bilekx1 keskin_bicakx1 kivilcimx2 cifte_akimx1 kritik_gozx1 yikim_gucux2 hasat_ritmix1 zincir_hasatx1 artci_patlamax1,154,0,65,108,324,121,187,10,2,0,3,cifte_akim@R23 hasat_ritmi@R36 zincir_hasat@R40 artci_patlama@R43,358,358,0,423,351,20,20,34,0,0,0.471,875.877,25.015,551,420,2799,0,0,21732,0,0,3,41,41,9055,9,2,2.42,0.1,74000,0,9,65,65.167,2.61,2.889,2.215,2.897,3.476,2.457,808,1048,924,321,99,0.549,0.681,466,228,319,104,318,103,882,99,0,0,2,351,36,333,760,420,377,31,23,1.459,2.612,7.934,0.069,0,kalabalik
16,Run50_AlphaDengeV1,Davranış yönü,bahcivan,standart,104,taban,49,,,1656,293,775,98,63,427,538,424,404,228,62,55421,172402,1,0,0,10260,6813,2152,89990,65175,22265,158726,111,6,178.16,1.25,1.69,1.322,1.665,9,0.57,2.556,49,9.94,1,1,1.01,1,1,100,95,87,85,45,0,0,0.07,0,0,29,121,0.513,0.264,2.4,3277,1,215,0,bereketli_toprakx3 hizli_bilekx1 keskin_bicakx1 kivilcimx2 cifte_akimx1 kritik_gozx1 yikim_gucux2 hasat_ritmix1 zincir_hasatx1 artci_patlamax1,168,0,65,110,330,121,193,10,2,0,3,cifte_akim@R23 hasat_ritmi@R36 zincir_hasat@R40 artci_patlama@R43,323,323,0,517,387,21,20,39,0,0,0.438,852.631,25.477,526,450,2570,0,0,30458,0,0,3,41,41,9055,9,2,2.42,0.1,78000,0,6,65,65.167,2.494,2.662,2.295,2.669,3.464,2.222,841,1078,933,362,88,0.516,0.578,522,257,357,107,357,107,839,88,0,0,0,387,48,610,1110,450,402,54,32,1.399,2.541,8.2,0.067,0,kalabalik
16,Run50_AlphaDengeV1,Davranış yönü,bahcivan,standart,104,taban,50,,,1590,278,765,80,58,409,548,428,319,231,64,55260,227662,1,55260,1,9351,6085,2158,99341,71260,24423,150316,113,6,178.16,1.25,1.69,1.322,1.665,9,0.57,2.556,49,10.16,1,1,1,1,1,98,94,85,84,82,0,0,0,0,0,29,121,0.533,0.281,2.4,3277,0,215,0,bereketli_toprakx3 hizli_bilekx1 keskin_bicakx1 kivilcimx2 cifte_akimx1 kritik_gozx1 yikim_gucux2 hasat_ritmix1 zincir_hasatx1 artci_patlamax1,157,0,65,112,336,121,199,10,2,0,3,cifte_akim@R23 hasat_ritmi@R36 zincir_hasat@R40 artci_patlama@R43,324,324,0,612,403,19,20,31,0,0,0.496,850.154,24.462,531,378,2938,0,0,22774,0,0,3,41,41,9055,9,2,2.42,0.1,82000,0,6,65,65.167,2.705,2.974,2.216,2.862,4.369,2.719,963,1041,872,297,81,0.452,0.519,440,228,295,106,295,106,823,81,0,0,0,403,26,132,546,378,331,24,21,1.409,2.687,9.789,0.074,0,kalabalik
16,Run50_AlphaDengeV1,Davranış yönü,bahcivan,standart,104,taban,50,KAZANDI
