run,profile,policy,farmer,scythe,seed,label,round,outcome,boss,kills,direct,explosion,tornado,boomerang,electric,kCommon,kUncommon,kRare,kEpic,kLegendary,score,segScore,segTarget,bossScore,bossTarget,gold,iron,stone,bankGold,bankIron,bankStone,xp,level,cards,damage,directMult,behaviorMult,interval,radius,reachCells,crit,critMult,attacks,hitsPerAttack,htkCommon,htkUncommon,htkRare,htkEpic,htkLegendary,osCommon,osUncommon,osRare,osEpic,osLegendary,ttkCommon,ttkUncommon,ttkRare,ttkEpic,ttkLegendary,planters,points,fill,minFill,spawnInterval,capacity,tiersBought,treeTiers,plantersBought,rewards,best5s,emptyShare,duration,levels,choices,cardTiles,cardUpgrades,cardBase,firstBehavior,firstOwn,firstTrigger,breakthrough,echoSched,echoExec,echoDrop,echoHits,echoKills,rhythmCharges,rhythmAttacks,skipElectricVisual,skipExplosionVisual,skipBoomerang,endFill,scorePerSec,killsPerSec
1,Run50_KirilmaV1,Patlama yolu,bahcivan,standart,100,ödülsüz eş,1,,,13,13,0,0,0,0,12,1,0,0,0,15,15,45,0,0,28,0,0,28,0,0,270,1,0,10,1,1,3,0.9,4,0.3,2,13,2.08,1.83,3,,,,21,0,,,,2.5,6,,,,2,4,0.346,0,8,23,0,0,2,,3,0.205,45,0,0,0,0,0,0,0,0,,0,0,0,0,0,0,0,0,0,0,0.5,0.333,0.289
1,Run50_KirilmaV1,Patlama yolu,bahcivan,standart,100,ödülsüz eş,2,,,15,15,0,0,0,0,13,2,0,0,0,19,34,45,0,0,34,0,0,37,0,0,320,2,3,10.67,1,1,3,0.9,4,0.3,2,14,2.14,1.77,2,,,,8,0,,,,4.15,3,,,,3,5,0.425,0.2,8,28,1,1,1,,3,0,45,1,3,0,0,0,0,0,0,,0,0,0,0,0,0,0,0,0,0,0.8,0.422,0.333
1,Run50_KirilmaV1,Patlama yolu,bahcivan,standart,100,ödülsüz eş,3,,,16,16,0,0,0,0,10,4,2,0,0,42,76,45,0,0,36,8,0,39,8,0,400,3,3,11.33,1,1,3,0.9,4,0.3,2,14,2.64,1.8,2.75,3,,,25,0,0,,,4.2,6.75,13.5,,,4,6,0.565,0.167,8,34,2,3,1,,4,0,45,2,6,3,0,0,2,2,0,,0,0,0,0,0,0,0,0,0,0,0.5,0.933,0.356
1,Run50_KirilmaV1,Patlama yolu,bahcivan,standart,100,ödülsüz eş,4,,,15,14,1,0,0,0,10,3,2,0,0,39,115,45,0,0,32,8,0,44,16,0,392,4,3,12,1,1,2.892,0.9,4,0.3,2,15,2.4,2.22,1.67,3,,,10,0,0,,,5.47,4.82,5.78,,,4,6,0.54,0.167,7.804,35,4,7,0,,4,0,45,3,9,6,0,0,2,2,4,,0,0,0,0,0,0,0,0,0,0,0.333,0.867,0.333
1,Run50_KirilmaV1,Patlama yolu,bahcivan,standart,100,ödülsüz eş,5,,,23,22,1,0,0,0,17,5,1,0,0,42,157,45,42,8,54,4,0,58,20,0,560,5,3,12,1,1,2.892,0.9,4,0.3,2,15,3.27,2,2.25,1,,,16,0,,,,4.43,5.77,0,,,5,8,0.557,0.125,7.142,50,0,7,1,,5,0.003,45,4,12,9,0,0,2,2,4,,0,0,0,0,0,0,0,0,0,0,0.5,0.933,0.511
1,Run50_KirilmaV1,Patlama yolu,bahcivan,standart,100,ödülsüz eş,6,,,23,20,3,0,0,0,19,2,2,0,0,45,45,110,0,0,46,8,0,54,28,0,549,6,3,12,1,1.3,2.892,0.9,4,0.3,2,15,3.53,2.19,2.5,2,,,15,0,,,,8.14,7.23,8.68,,,6,9,0.636,0.333,6.994,58,1,8,1,yikim_gucux1,5,0,45,5,15,9,3,0,2,2,4,,0,0,0,0,0,0,0,0,0,0,0.556,1,0.511
1,Run50_KirilmaV1,Patlama yolu,bahcivan,standart,100,ödülsüz eş,7,,,29,21,7,0,0,1,24,4,1,0,0,46,91,110,0,0,64,4,0,71,32,0,675,8,6,12.67,1,1.3,2.892,0.9,4,0.3,2,15,3.4,1.53,2.67,3,,,32,0,0,,,1.53,10.61,17.37,,,7,10,0.587,0.2,6.935,65,3,11,1,yikim_gucux1,7,0,45,7,21,12,3,0,2,2,4,,0,0,0,0,0,0,0,0,0,0,0.6,1.022,0.644
1,Run50_KirilmaV1,Patlama yolu,bahcivan,standart,100,ödülsüz eş,8,,,29,24,3,0,0,2,21,6,2,0,0,59,150,110,0,0,72,8,0,92,40,0,719,9,3,13.33,1,1.3,2.789,0.9,4,0.3,2,16,3.56,1.56,2.6,4,,,35,0,0,,,2.17,7.25,19.5,,,8,11,0.65,0.364,7.02,71,3,14,1,yikim_gucux1,6,0,45,8,24,18,3,0,2,2,4,,0,0,0,0,0,0,0,0,0,0,0.364,1.311,0.644
1,Run50_KirilmaV1,Patlama yolu,bahcivan,standart,100,ödülsüz eş,9,,,31,22,7,0,0,2,21,8,2,0,0,65,215,110,0,0,82,8,0,91,48,0,783,10,3,14,1,1.3,2.789,0.9,4,0.3,2,16,3.63,1.8,2.2,2,,,30,33,0,,,4.46,8.37,16.73,,,9,13,0.646,0.308,7.086,83,2,16,1,yikim_gucux1,7,0,45,9,27,21,3,0,2,2,4,,0,0,0,0,0,0,0,0,0,0,0.615,1.444,0.689
1,Run50_KirilmaV1,Patlama yolu,bahcivan,standart,100,ödülsüz eş,10,,,24,19,3,0,0,2,21,1,2,0,0,44,259,110,44,16,47,8,0,50,56,0,559,11,3,14.67,1,1.3,2.689,0.9,4,0.3,2,16,3.31,1.88,3,2,,,9,0,0,,,3.87,21.5,10.75,,,10,15,0.557,0.333,6.964,97,4,20,1,yikim_gucux1,5,0,45,10,30,24,3,0,2,2,4,,0,0,0,0,0,0,0,0,0,0,0.6,0.978,0.533
1,Run50_KirilmaV1,Patlama yolu,bahcivan,standart,100,ödülsüz eş,11,,,37,23,11,0,0,3,30,7,0,0,0,51,51,150,0,0,95,0,0,100,56,0,854,12,3,15.64,1,1.3,2.689,0.9,4,0.3,2,16,3.81,1.4,2.33,,,,52,25,,,,2.02,10.76,,,,11,16,0.665,0.313,7.006,103,1,21,1,yikim_gucux1 kivilcimx1,8,0,45,11,33,25,5,0,2,2,4,,0,0,0,0,0,0,0,0,0,0,0.625,1.133,0.822
1,Run50_KirilmaV1,Patlama yolu,bahcivan,standart,100,ödülsüz eş,12,,,51,29,19,0,0,3,37,9,4,1,0,134,185,150,0,0,156,16,2,168,42,2,1394,14,6,15.64,1,1.3,2.592,0.9,4,0.3,2,17,3.76,1.42,1.57,1,2,,52,25,,0,,3.27,2.22,0,2.6,,12,18,0.597,0.222,6.868,118,5,26,1,yikim_gucux1 kivilcimx1,10,0,45,13,39,25,8,0,2,2,4,,0,0,0,0,0,0,0,0,0,0,0.556,2.978,1.133
1,Run50_KirilmaV1,Patlama yolu,bahcivan,standart,100,ödülsüz eş,13,,,36,21,11,0,0,4,28,6,1,1,0,86,271,150,0,0,114,4,2,119,46,4,996,15,3,17.38,1,1.3,2.5,0.9,4,0.3,2,17,3.76,1.69,1.67,5,2,,25,60,0,0,,3.13,1.67,22.5,10,,13,21,0.726,0.476,6.897,137,5,31,1,yikim_gucux1 kivilcimx1,12,0,45,14,42,31,8,0,2,2,4,,0,0,0,0,0,0,0,0,0,0,0.81,1.911,0.8
1,Run50_KirilmaV1,Patlama yolu,bahcivan,standart,100,ödülsüz eş,14,,,41,24,13,0,0,4,26,10,4,1,0,126,397,150,0,0,128,16,2,130,37,6,1236,16,3,18.13,1,1.3,2.5,0.9,4,0.3,2,17,3.76,1.56,1,2.33,2,,29,0,0,,,1.88,0,10.83,22.5,,14,22,0.746,0.409,6.74,147,3,34,1,yikim_gucux1 kivilcimx1,13,0,45,15,45,34,8,0,2,2,4,,0,0,0,0,0,0,0,0,0,0,0.727,2.8,0.911
1,Run50_KirilmaV1,Patlama yolu,bahcivan,standart,100,ödülsüz eş,15,,,43,25,16,0,0,2,32,10,1,0,0,72,469,150,72,30,156,4,0,165,41,6,1231,17,3,19.2,1,1.3,2.41,0.9,4,0.3,2,18,3.78,1.58,2.4,2,,,39,17,0,0,,3.55,8.2,19.27,,,15,23,0.733,0.522,6.608,157,5,39,1,yikim_gucux1 kivilcimx1,11,0,45,16,48,37,8,0,2,2,4,,0,0,0,0,0,0,0,0,0,0,0.652,1.6,0.956
1,Run50_KirilmaV1,Patlama yolu,bahcivan,standart,100,ödülsüz eş,16,,,43,25,17,0,0,1,28,10,3,2,0,148,148,220,0,0,144,12,4,188,53,10,1359,18,3,19.2,1,1.69,2.324,0.935,4,0.3,2,19,3.79,1.76,1.67,1,1,,20,0,17,100,,3.01,6.97,0,0,,16,24,0.74,0.5,6.238,173,5,44,1,yikim_gucux2 kivilcimx1,12,0,45,17,51,40,8,0,2,2,4,,0,0,0,0,0,0,0,0,0,0,0.875,3.289,0.956
1,Run50_KirilmaV1,Patlama yolu,bahcivan,standart,100,ödülsüz eş,17,,,57,31,17,0,0,9,41,7,8,1,0,172,320,220,0,0,165,40,2,173,68,12,1925,20,6,20.27,1,1.69,2.24,0.935,4,0.3,2,20,4,1.55,3,2.33,3,,48,20,0,0,,5.39,10.07,10.83,17.93,,18,29,0.766,0.448,6.156,212,6,50,2,yikim_gucux2 kivilcimx1,16,0,45,19,57,43,8,0,2,2,4,,0,0,0,0,0,0,0,0,0,0,0.448,3.822,1.267
1,Run50_KirilmaV1,Patlama yolu,bahcivan,standart,100,ödülsüz eş,18,,,39,25,7,0,0,7,28,4,5,2,0,150,470,220,0,0,108,25,4,111,68,16,1333,21,3,23.08,1,1.69,2.16,0.97,4,0.3,2,20,3.95,1.94,2.33,1.75,3,,15,0,0,0,,7.75,20.89,8.11,30.27,,19,32,0.788,0.375,6.15,234,3,53,2,yikim_gucux2 kivilcimx1,13,0,45,20,60,49,8,0,2,2,4,,0,0,0,0,0,0,0,0,0,0,0.906,3.333,0.867
1,Run50_KirilmaV1,Patlama yolu,bahcivan,standart,100,ödülsüz eş,19,,,67,29,18,0,0,20,40,20,7,0,0,170,640,220,0,0,240,35,0,253,78,16,2563,22,3,24.3,1,1.69,2.16,0.97,4,0.3,2,20,3.95,1.45,1.2,1.5,,,48,6,0,0,,3.24,1.29,5.41,,,19,34,0.743,0.529,5.951,257,4,57,2,yikim_gucux2 kivilcimx1,15,0,45,21,63,49,11,0,2,2,4,,0,0,0,0,0,0,0,0,0,0,0.735,3.778,1.489
1,Run50_KirilmaV1,Patlama yolu,bahcivan,standart,100,ödülsüz eş,20,,,51,25,18,0,0,8,34,10,2,5,0,235,875,220,235,45,162,10,10,165,28,26,2047,24,6,24.3,1,1.69,2.16,0.97,4,0.3,2,20,3.85,1.53,1.57,3,1.5,,30,20,0,0,,2.88,9.88,30.23,1.08,,19,37,0.639,0.432,5.951,280,3,60,2,yikim_gucux2 kivilcimx1,13,0,45,23,69,49,14,0,2,2,4,,0,0,0,0,0,0,0,0,0,0,0.811,5.222,1.133
1,Run50_KirilmaV1,Patlama yolu,bahcivan,standart,100,ödülsüz eş,21,,,89,37,43,0,0,9,45,29,10,3,2,523,523,300,0,0,354,50,15,373,78,41,4029,26,6,24.3,1,2.197,2.16,1.005,6,0.3,2,20,5.85,1.58,2,1.5,1,,44,33,44,0,0,3.64,9.23,1.08,0,,20,40,0.732,0.475,5.803,310,3,63,1,yikim_gucux3 kivilcimx1,21,0,45,25,75,49,20,0,2,2,4,,0,0,0,0,0,0,0,0,0,0,0.5,11.622,1.978
1,Run50_KirilmaV1,Patlama yolu,bahcivan,standart,100,ödülsüz eş,22,,,94,31,51,0,0,12,57,16,13,6,2,621,1144,300,0,0,267,65,32,339,73,53,4280,27,3,25.51,1,2.197,2.16,1.075,6,0.3,2,20,6,1.64,1.83,2.25,3,1,58,11,0,0,0,4.01,9,3.25,11.53,0,18,45,0.744,0.311,5.676,357,6,69,4,yikim_gucux3 kivilcimx1,24,0,45,26,78,49,26,0,2,2,4,,0,0,0,0,0,0,0,0,0,0,0.6,13.8,2.089
1,Run50_KirilmaV1,Patlama yolu,bahcivan,standart,100,ödülsüz eş,23,,,90,25,51,0,0,14,47,27,13,3,0,374,1518,300,0,0,303,65,6,412,150,39,4021,29,6,25.51,1,2.197,2.16,1.075,6,0.3,2,20,6,1.8,2.22,2.5,2.5,,34,20,29,0,,7.14,8.64,8.11,11.88,,20,49,0.778,0.429,5.709,386,1,70,4,yikim_gucux3 kivilcimx1,30,0,45,28,84,49,29,0,2,2,4,,0,0,0,0,0,0,0,0,0,0,0.816,8.311,2
1,Run50_KirilmaV1,Patlama yolu,bahcivan,standart,100,ödülsüz eş,24,,,121,37,63,0,0,21,65,29,21,6,0,595,2113,300,0,0,369,105,12,391,255,51,5524,31,6,29.99,1,2.197,2.092,1.075,6,0.3,2,21,6,1.45,1.8,1.33,3,,51,48,25,0,,2.66,5.02,1.39,8.9,,20,49,0.728,0.388,5.693,387,3,73,0,yikim_gucux3 kivilcimx1,30,0,45,30,90,49,35,0,2,2,4,,0,0,0,0,0,0,0,0,0,0,0.776,13.222,2.689
1,Run50_KirilmaV1,Patlama yolu,bahcivan,standart,100,ödülsüz eş,25,,,142,44,75,0,0,23,59,42,24,16,1,1098,3211,300,1098,65,474,144,48,640,156,79,7151,33,6,33.24,1,2.197,2.092,1.075,6,0.3,2,21,6,1.27,1.56,1.56,1.86,3,70,28,33,20,0,3.99,3.01,2.56,5.09,6.3,18,49,0.684,0.347,5.42,407,4,77,1,yikim_gucux3 kivilcimx1,35,0,45,32,96,49,41,0,2,2,4,,0,0,0,0,0,0,0,0,0,0,0.735,24.4,3.156
1,Run50_KirilmaV1,Patlama yolu,bahcivan,standart,100,ödülsüz eş,26,,,136,37,69,0,0,30,60,34,26,14,2,1475,1475,500,0,0,429,156,53,449,324,112,7003,35,6,34.76,1,2.197,2.026,1.11,6,0.3,2,22,6,1.33,1.86,1.55,2.33,2,51,43,24,14,50,2.87,4.05,3.87,10.8,8.1,17,49,0.693,0.306,5.372,410,5,82,1,yikim_gucux3 kivilcimx2,35,0,45,34,102,49,47,0,2,2,4,,0,0,0,0,0,0,0,0,0,0,0.857,32.778,3.022
1,Run50_KirilmaV1,Patlama yolu,bahcivan,standart,100,ödülsüz eş,27,,,130,45,71,0,0,14,53,43,22,9,3,1440,2915,500,0,0,513,155,27,552,184,39,6552,36,3,38.16,1,2.197,2.026,1.11,6,0.3,2,22,6,1.5,1.75,1.83,1.86,,54,48,23,17,0,2.19,4.31,5.07,3.47,,17,49,0.757,0.51,5.286,417,5,87,0,yikim_gucux3 kivilcimx2,26,0,45,35,105,49,53,0,2,2,4,,0,0,0,0,0,0,0,0,0,0,0.796,32,2.889
1,Run50_KirilmaV1,Patlama yolu,bahcivan,standart,100,ödülsüz eş,28,,,139,37,81,0,0,21,57,30,32,17,3,1885,4800,500,0,0,456,249,51,488,358,90,7542,38,6,39.82,1,2.197,1.962,1.145,6,0.3,2,22,6,1.44,1.25,2.43,1.4,1,45,63,20,18,,3.19,1.23,7.86,1.17,0,17,60,0.761,0.55,5.286,511,4,91,5,yikim_gucux3 kivilcimx2,28,0,45,37,111,52,53,0,2,2,4,,0,0,0,0,0,0,0,0,0,0,0.683,41.889,3.089
1,Run50_KirilmaV1,Patlama yolu,bahcivan,standart,100,ödülsüz eş,29,,,135,39,91,0,0,5,58,33,21,20,3,1751,6551,500,0,0,438,174,72,516,284,72,7268,39,3,39.82,1,2.197,1.962,1.18,6,0.3,2,22,6,1.18,1.77,2,1.6,2,68,28,0,0,0,0.81,4.53,3.27,3.14,5.9,19,69,0.796,0.551,5.212,596,4,95,4,yikim_gucux3 kivilcimx2,29,0,45,38,114,58,53,0,2,2,4,,0,0,0,0,0,0,0,0,0,0,0.841,38.911,3
1,Run50_KirilmaV1,Patlama yolu,bahcivan,standart,100,ödülsüz eş,30,,,124,35,70,0,0,19,46,35,30,13,0,1233,7784,500,1233,100,363,224,39,534,520,71,6746,41,6,43.38,1,2.197,1.962,1.18,6,0.3,2,22,6,1.38,1.7,2.4,1,,56,31,14,11,0,2.42,4.9,4.12,0,,21,78,0.752,0.551,5.191,676,1,96,5,yikim_gucux3 kivilcimx2,31,0,45,40,120,61,53,0,2,2,4,,0,0,0,0,0,0,0,0,0,0,0.808,27.4,2.756
1,Run50_KirilmaV1,Patlama yolu,bahcivan,standart,100,ödülsüz eş,31,,,129,38,70,0,0,21,49,30,32,15,3,1819,1819,1200,0,0,376,312,74,500,374,125,7118,42,3,43.38,1.25,2.197,1.962,1.215,6,0.3,2,22,6,1.38,1.7,1.8,2,2,63,25,23,13,50,2.87,4.12,2.75,5.9,8.83,22,81,0.857,0.679,5.196,702,6,102,3,yikim_gucux3 kivilcimx2 keskin_bicakx1,30,0,45,41,123,67,53,0,2,2,4,,0,0,0,0,0,0,0,0,0,0,0.778,40.422,2.867
1,Run50_KirilmaV1,Patlama yolu,bahcivan,standart,100,ödülsüz eş,32,,,110,42,47,0,0,21,34,25,28,20,3,1846,3665,1200,0,0,284,344,88,314,388,148,6508,43,3,43.38,1.25,2.197,1.901,1.265,6,0.3,2,23,6,1.41,2.1,2.13,2.5,3,46,17,14,17,0,3.58,7.03,7.6,8.23,3.8,22,81,0.875,0.765,5.116,712,6,108,0,yikim_gucux3 kivilcimx2 keskin_bicakx1,22,0,45,42,126,70,53,0,2,2,4,,0,0,0,0,0,0,0,0,0,0,0.901,41.022,2.444
1,Run50_KirilmaV1,Patlama yolu,bahcivan,standart,100,ödülsüz eş,33,,,144,38,82,0,0,24,50,41,26,17,10,2673,6338,1200,0,0,713,304,147,727,692,215,8426,44,3,46.93,1.25,2.197,1.901,1.265,6,0.3,2,23,6,1.21,1.7,2,1.33,2,59,25,21,30,0,1.49,3.42,5.16,1.27,8.07,22,81,0.845,0.605,5.116,712,2,110,0,yikim_gucux3 kivilcimx2 keskin_bicakx1,31,0,45,43,129,73,53,0,2,2,4,,0,0,0,0,0,0,0,0,0,0,0.802,59.4,3.2
1,Run50_KirilmaV1,Patlama yolu,bahcivan,standart,100,ödülsüz eş,34,,,150,44,80,0,0,26,57,40,32,16,5,2241,8579,1200,0,0,640,441,105,647,573,115,8376,45,3,49.54,1.25,2.197,1.901,1.265,6,0.3,2,23,6,1.18,1.58,1.27,2,1,59,44,42,11,0,1.04,3.17,1.9,5.7,0,22,81,0.842,0.667,5.017,727,6,116,0,yikim_gucux3 kivilcimx2 keskin_bicakx1,30,0,45,44,132,76,53,0,2,2,4,,0,0,0,0,0,0,0,0,0,0,0.827,49.8,3.333
1,Run50_KirilmaV1,Patlama yolu,bahcivan,standart,100,ödülsüz eş,35,,,135,38,68,0,0,29,62,39,20,13,1,1281,9860,1200,1281,220,546,220,85,623,473,200,7307,46,3,49.54,1.25,2.197,1.841,1.315,6,0.3,2,24,4,1.43,1.62,1.57,1.5,,52,21,22,0,0,2.24,4.67,4.47,0.92,,22,81,0.859,0.617,4.894,745,3,119,0,yikim_gucux3 kivilcimx2 keskin_bicakx1,32,0,45,45,135,79,53,0,2,2,4,,0,0,0,0,0,0,0,0,0,0,0.765,28.467,3
1,Run50_KirilmaV1,Patlama yolu,bahcivan,standart,100,ödülsüz eş,36,,,194,60,96,0,0,38,85,46,36,24,3,2491,2491,2800,0,0,784,436,120,982,909,195,11268,47,3,53.29,1.25,2.197,1.289,1.315,6,0.3,2,34,6,1.39,1.71,2.08,2.33,1,48,38,10,11,0,1.9,3.11,5.06,5.58,0,22,81,0.784,0.543,4.856,751,3,122,0,yikim_gucux3 kivilcimx2 keskin_bicakx1 firtina_bilegix1,39,0,45,46,138,81,54,0,2,2,4,,0,0,0,0,0,0,0,0,0,0,0.667,55.356,4.311
1,Run50_KirilmaV1,Patlama yolu,bahcivan,standart,100,ödülsüz eş,37,,,206,67,101,0,0,38,72,53,46,19,16,4297,6788,2800,0,0,926,870,210,1158,1059,405,12726,49,6,56.1,1.25,2.197,1.248,1.315,6,0.3,2,36,6,1.38,1.59,1.81,2.2,2.67,47,33,33,0,20,1.87,3.6,5.54,3.5,14.57,22,81,0.787,0.617,4.84,753,3,125,0,yikim_gucux3 kivilcimx2 keskin_bicakx1 firtina_bilegix1,44,0,45,48,144,81,57,0,2,2,4,,0,0,0,0,0,0,0,0,0,0,0.691,95.489,4.578
1,Run50_KirilmaV1,Patlama yolu,bahcivan,standart,100,ödülsüz eş,38,,,247,65,140,0,0,42,101,56,52,27,11,4690,11478,2800,0,0,1136,751,228,1184,1450,493,15203,51,6,56.1,1.25,2.197,1.248,1.365,6,0.3,2,36,6,1.38,1.57,1.42,1.63,2,60,40,38,25,33,1.89,2.32,1.97,1.24,11.87,22,81,0.722,0.506,4.84,753,5,130,0,yikim_gucux3 kivilcimx2 keskin_bicakx1 firtina_bilegix1,50,0,45,50,150,81,63,0,2,2,4,,0,0,0,0,0,0,0,0,0,0,0.654,104.222,5.489
1,Run50_KirilmaV1,Patlama yolu,bahcivan,standart,100,ödülsüz eş,39,,,249,66,130,0,0,53,97,61,48,35,8,4418,15896,2800,0,0,1104,676,298,1163,946,791,15449,52,3,60.05,1.25,2.197,1.248,1.365,6,0.333,2,36,6,1.5,1.42,1.53,1.6,3,67,48,40,22,0,2.98,3.23,1.64,3.16,15.62,22,81,0.739,0.543,4.721,772,6,136,0,yikim_gucux3 kivilcimx2 keskin_bicakx1 firtina_bilegix1,47,0,45,51,153,81,69,0,2,2,4,,0,0,0,0,0,0,0,0,0,0,0.605,98.178,5.533
1,Run50_KirilmaV1,Patlama yolu,bahcivan,standart,100,ödülsüz eş,40,,,231,73,132,0,0,26,75,69,55,25,7,3846,19742,2800,3846,500,1084,799,254,1717,855,890,14364,53,3,63.05,1.25,2.197,1.248,1.365,6,0.367,2,36,6,1.16,1.55,1.45,1.8,2,67,39,46,33,14,1.2,1.93,2.95,3.49,3.73,22,81,0.577,0.383,4.681,779,4,140,0,yikim_gucux3 kivilcimx2 keskin_bicakx1 firtina_bilegix1,47,0,45,52,156,81,72,0,2,2,4,,0,0,0,0,0,0,0,0,0,0,0.667,85.467,5.133
1,Run50_KirilmaV1,Patlama yolu,bahcivan,standart,100,ödülsüz eş,41,,,247,77,136,0,0,34,91,64,45,33,14,5358,5358,4500,0,0,1146,791,360,1213,1216,1100,15803,55,6,69.27,1.25,2.197,1.209,1.365,6,0.367,2.111,37,6,1.53,1.65,1.6,1.73,1.67,61,49,32,25,0,2.7,3.21,5.32,4.73,2.01,22,81,0.79,0.593,3.979,916,4,144,0,yikim_gucux3 kivilcimx2 keskin_bicakx1 firtina_bilegix1 bereketli_toprakx1,45,0,45,54,162,81,75,0,2,2,4,,0,0,0,0,0,0,0,0,0,0,0.593,119.067,5.489
1,Run50_KirilmaV1,Patlama yolu,bahcivan,standart,100,ödülsüz eş,42,,,419,113,226,0,0,80,176,97,95,39,12,7149,12507,4500,0,0,1850,1449,330,2043,2225,1260,25262,57,6,69.27,1.25,2.197,1.209,1.415,9,0.367,2.111,37,8.95,1.2,1.29,1.25,1.4,2,76,61,57,32,14,1.65,3.27,1.44,1.21,7.25,22,81,0.612,0.395,3.881,939,4,148,0,yikim_gucux3 kivilcimx2 keskin_bicakx1 firtina_bilegix1 bereketli_toprakx1,74,0,45,56,168,81,81,0,2,2,4,,0,0,0,0,0,0,0,0,0,0,0.531,158.867,9.311
1,Run50_KirilmaV1,Patlama yolu,bahcivan,standart,100,ödülsüz eş,43,,,402,105,212,0,0,85,169,105,74,42,12,6800,19307,4500,0,0,2045,1179,420,2278,1294,1485,24840,59,6,76.92,1.25,2.197,1.209,1.465,9,0.367,2.222,37,8.97,1.31,1.32,1.33,1.57,2,63,72,52,37,0,1.69,1.73,1.77,7.17,6.06,22,81,0.627,0.432,3.76,969,8,156,0,yikim_gucux3 kivilcimx2 keskin_bicakx1 firtina_bilegix1 bereketli_toprakx1,74,0,45,58,174,81,87,0,2,2,4,,0,0,0,0,0,0,0,0,0,0,0.765,151.111,8.933
1,Run50_KirilmaV1,Patlama yolu,bahcivan,standart,100,ödülsüz eş,44,,,414,120,213,0,0,81,164,110,75,47,18,9022,28329,4500,0,0,2139,1197,522,2367,1291,2007,26189,60,3,87.23,1.25,2.197,1.209,1.465,9,0.367,2.222,37,9,1.18,1.4,1.16,1.2,2.43,79,64,50,52,20,1.32,3.22,1.21,2,4.3,22,81,0.639,0.37,3.76,969,3,159,0,yikim_gucux3 kivilcimx2 keskin_bicakx1 firtina_bilegix1 bereketli_toprakx1,79,0,45,59,177,81,93,0,2,2,4,,0,0,0,0,0,0,0,0,0,0,0.543,200.489,9.2
1,Run50_KirilmaV1,Patlama yolu,bahcivan,standart,100,ödülsüz eş,45,,,373,104,178,0,0,91,161,93,70,36,13,6993,35322,4500,6993,800,1718,1284,324,1990,1422,431,24160,62,6,87.23,1.25,2.197,1.171,1.465,9,0.367,2.222,38,8.97,1.42,1.4,1.53,1.7,2,67,53,26,39,27,1.98,2.81,2.28,4.45,6.33,23,102,0.721,0.324,3.707,1238,6,165,8,yikim_gucux3 kivilcimx2 keskin_bicakx1 firtina_bilegix1 bereketli_toprakx1,68,0,45,61,183,81,96,0,2,2,4,,0,0,0,0,0,0,0,0,0,0,0.569,155.4,8.289
1,Run50_KirilmaV1,Patlama yolu,bahcivan,standart,100,ödülsüz eş,46,,,485,137,241,0,0,107,160,141,106,53,25,10089,10089,6000,0,0,3002,1659,486,3232,1693,657,34098,64,6,91.02,1.563,2.197,1.171,1.565,9,0.367,2.333,38,9,1.17,1.33,1.36,1.3,1.57,82,69,55,40,29,0.8,1.96,1.56,1.52,2.18,29,121,0.695,0.463,3.858,1411,5,170,8,yikim_gucux3 kivilcimx2 keskin_bicakx2 firtina_bilegix1 bereketli_toprakx1,79,0,45,63,189,87,96,0,2,2,4,,0,0,0,0,0,0,0,0,0,0,0.636,224.2,10.778
1,Run50_KirilmaV1,Patlama yolu,bahcivan,standart,100,ödülsüz eş,47,,,532,151,269,0,0,112,196,124,129,65,18,10840,20929,6000,0,0,2774,1788,606,3556,2211,973,36899,66,6,98.13,1.563,2.197,1.134,1.565,9,0.367,2.444,39,9,1.13,1.05,1.28,1.45,2,87,87,68,47,11,0.74,0.11,0.91,2.06,6.8,29,121,0.686,0.545,3.651,1491,5,175,0,yikim_gucux3 kivilcimx2 keskin_bicakx2 firtina_bilegix1 bereketli_toprakx1,88,0,45,65,195,93,96,0,2,2,4,,0,0,0,0,0,0,0,0,0,0,0.612,240.889,11.822
1,Run50_KirilmaV1,Patlama yolu,bahcivan,standart,100,ödülsüz eş,48,,,516,150,252,0,0,114,187,142,100,62,25,12426,33355,6000,0,0,3153,1779,540,3179,2390,1513,37289,68,6,102.22,1.563,2.197,1.134,1.615,9,0.367,2.444,39,9,1.12,1.12,1.21,1.33,1.43,82,82,67,46,50,0.73,0.49,1.92,3.21,2.75,29,121,0.696,0.512,3.595,1515,6,181,0,yikim_gucux3 kivilcimx2 keskin_bicakx2 firtina_bilegix1 bereketli_toprakx1,86,0,45,67,201,99,96,0,2,2,4,,0,0,0,0,0,0,0,0,0,0,0.727,276.133,11.467
1,Run50_KirilmaV1,Patlama yolu,bahcivan,standart,100,ödülsüz eş,49,,,536,155,264,0,0,117,193,130,116,76,21,13841,47196,6000,0,0,2914,1779,666,3793,2779,1849,42396,70,6,109.63,1.563,2.197,1.134,1.615,9,0.367,2.556,39,9,1.1,1.27,1.18,1.2,1.75,87,74,71,61,56,0.41,2.21,1.31,0.68,5.1,29,121,0.716,0.562,3.455,1576,4,185,0,yikim_gucux3 kivilcimx2 keskin_bicakx2 firtina_bilegix1 bereketli_toprakx1,88,0,45,69,207,105,96,0,2,2,4,,0,0,0,0,0,0,0,0,0,0,0.661,307.578,11.911
1,Run50_KirilmaV1,Patlama yolu,bahcivan,standart,100,ödülsüz eş,50,,,528,147,262,0,0,119,195,132,114,65,22,12208,59404,6000,0,0,3010,1755,606,3323,2064,2455,41644,72,6,114.01,1.563,2.197,1.134,1.615,9,0.367,2.556,39,9,1.05,1.21,1.1,1.41,1.75,87,78,69,53,55,0.28,0.8,0.72,3.09,4.53,29,121,0.712,0.455,3.419,1593,6,191,0,yikim_gucux3 kivilcimx2 keskin_bicakx2 firtina_bilegix1 bereketli_toprakx1,92,0,45,71,213,111,96,0,2,2,4,,0,0,0,0,0,0,0,0,0,0,0.562,271.289,11.733
1,Run50_KirilmaV1,Patlama yolu,bahcivan,standart,100,ödülsüz eş,50,KAZANDI
1,Run50_KirilmaV1,Patlama yolu,bahcivan,standart,100,LAB R15 A ödülsüz #1,15,,,40,24,14,0,0,2,33,5,1,1,0,88,88,150,88,30,129,4,2,209,4,2,1129,3,6,19.2,1,1.3,2.41,0.9,4,0.3,2,18,3.83,1.57,,3,,,32,0,0,0,0,4.3,,14.47,,,15,23,0.775,0.609,6.608,157,0,0,0,yikim_gucux1 kivilcimx1,11,0,45,2,6,0,0,0,0,0,15,,0,0,0,0,0,0,0,0,0,0,0.739,1.956,0.889
1,Run50_KirilmaV1,Patlama yolu,bahcivan,standart,100,LAB R15 B +artci_patlama #1,15,,,50,24,21,0,0,5,41,7,2,0,0,82,82,150,82,30,165,8,0,245,8,0,1393,4,9,19.2,1,1.3,2.41,0.9,4,0.3,2,18,3.67,1.55,2,1,,,41,11,50,,,2.65,5.63,0,,,15,23,0.721,0.478,6.608,157,0,0,0,yikim_gucux1 kivilcimx1 artci_patlamax1,14,0,45,3,9,0,0,0,0,0,15,,6,6,0,14,9,0,0,0,0,0,0.696,1.822,1.111
1,Run50_KirilmaV1,Patlama yolu,bahcivan,standart,100,LAB R15 A ödülsüz #2,15,,,40,24,11,0,0,5,26,12,2,0,0,82,82,150,82,30,150,8,0,230,8,0,1208,3,6,19.2,1,1.3,2.41,0.9,4,0.3,2,18,3.78,1.8,1.88,2,,,33,25,50,,,3.7,3.32,4.83,,,15,23,0.792,0.522,6.608,157,0,0,0,yikim_gucux1 kivilcimx1,12,0,45,2,6,0,0,0,0,0,15,,0,0,0,0,0,0,0,0,0,0,0.696,1.822,0.889
1,Run50_KirilmaV1,Patlama yolu,bahcivan,standart,100,LAB R15 B +artci_patlama #2,15,,,55,21,34,0,0,0,39,12,4,0,0,115,115,150,115,30,189,16,0,269,16,0,1635,4,9,19.2,1,1.3,2.41,0.9,4,0.3,2,18,3.61,1.5,1.75,3,,,37,30,0,,,2.26,3.01,14.47,,,15,23,0.675,0.435,6.608,157,0,0,0,yikim_gucux1 kivilcimx1 artci_patlamax1,13,0,45,3,9,0,0,0,0,0,15,,11,11,0,33,18,0,0,0,0,0,0.739,2.556,1.222
1,Run50_KirilmaV1,Patlama yolu,bahcivan,standart,100,LAB R15 A ödülsüz #3,15,,,45,24,20,0,0,1,35,9,1,0,0,72,72,150,72,30,159,4,0,239,4,0,1268,4,9,19.2,1,1.3,2.41,0.9,4,0.3,2,18,3.89,1.8,2.11,,,,47,11,50,,,5.46,5.89,,,,15,23,0.755,0.609,6.608,157,0,0,0,yikim_gucux1 kivilcimx1,10,0,45,3,9,0,0,0,0,0,15,,0,0,0,0,0,0,0,0,0,0,0.652,1.6,1
1,Run50_KirilmaV1,Patlama yolu,bahcivan,standart,100,LAB R15 B +artci_patlama #3,15,,,57,26,30,0,0,1,41,15,1,0,0,96,96,150,96,30,213,4,0,293,4,0,1646,4,9,19.2,1,1.3,2.41,0.9,4,0.3,2,18,3.78,1.37,1.67,2,,,38,23,0,,0,1.14,2.01,16.87,,,15,23,0.662,0.348,6.608,157,0,0,0,yikim_gucux1 kivilcimx1 artci_patlamax1,15,0,45,3,9,0,0,0,0,0,15,,11,11,0,24,14,0,0,0,0,0,0.87,2.133,1.267
1,Run50_KirilmaV1,Patlama yolu,bahcivan,standart,100,LAB R25 A ödülsüz #1,25,,,129,39,83,0,0,7,62,34,25,5,3,977,977,300,977,65,390,194,26,470,194,26,6141,12,33,33.24,1,2.197,2.092,1.075,6,0.3,2,21,6,1.26,1.6,1.5,2,,67,38,39,20,0,2.09,2.93,2.09,5.22,,18,49,0.747,0.429,5.42,407,0,0,0,yikim_gucux3 kivilcimx1,32,0,45,11,33,0,0,0,0,0,25,,0,0,0,0,0,0,0,0,0,0,0.816,21.711,2.867
1,Run50_KirilmaV1,Patlama yolu,bahcivan,standart,100,LAB R25 B +artci_patlama #1,25,,,172,41,115,0,0,16,78,45,26,17,6,1742,1742,300,1742,65,594,222,62,674,222,62,8705,15,42,33.24,1,2.197,2.092,1.075,6,0.3,2,21,6,1.23,1.31,2.13,1,1,65,60,12,25,25,0.96,3.01,5.48,0,0,18,49,0.639,0.347,5.42,407,0,0,0,yikim_gucux3 kivilcimx1 artci_patlamax1,33,0,45,14,42,0,0,0,0,0,25,,29,29,0,54,45,0,0,0,0,0,0.673,38.711,3.822
1,Run50_KirilmaV1,Patlama yolu,bahcivan,standart,100,LAB R25 sinerji A ödülsüz #1,25,,,130,32,98,0,0,0,59,40,20,10,1,840,840,300,840,65,417,142,30,497,142,30,5984,12,33,33.24,1,2.197,2.092,1.075,6,0.3,2,21,5.95,1.2,1.18,1.67,2,,64,48,15,20,100,0.7,0.57,5.59,10.46,,18,49,0.662,0.224,6.243,353,0,0,0,yikim_gucux3 kivilcimx3,38,0,45,11,33,0,0,0,0,0,25,,0,0,0,0,0,0,0,0,0,0,0.612,18.667,2.889
1,Run50_KirilmaV1,Patlama yolu,bahcivan,standart,100,LAB R25 sinerji B +artci_patlama #1,25,,,177,34,143,0,0,0,90,42,24,18,3,1407,1407,300,1407,65,522,210,54,602,210,54,8160,15,42,33.24,1,2.197,2.092,1.075,6,0.3,2,21,5.95,1.22,1.44,1,1.8,,62,55,23,17,100,1.28,2.09,0,5.03,,18,49,0.531,0.204,6.243,353,0,0,0,yikim_gucux3 kivilcimx3 artci_patlamax1,39,0,45,14,42,0,0,0,0,0,25,,34,34,0,82,52,0,0,0,0,0,0.551,31.267,3.933
1,Run50_KirilmaV1,Patlama yolu,bahcivan,standart,100,LAB R25 A ödülsüz #2,25,,,119,34,71,0,0,14,55,26,25,13,0,868,868,300,868,65,321,150,39,401,150,39,5901,12,33,33.24,1,2.197,2.092,1.075,6,0.3,2,21,6,1.13,1.29,2,3,,67,32,41,0,0,0.26,1.8,4.19,12.56,,18,49,0.756,0.469,5.42,407,0,0,0,yikim_gucux3 kivilcimx1,30,0,45,11,33,0,0,0,0,0,25,,0,0,0,0,0,0,0,0,0,0,0.816,19.289,2.644
1,Run50_KirilmaV1,Patlama yolu,bahcivan,standart,100,LAB R25 B +artci_patlama #2,25,,,149,39,95,0,0,15,63,44,29,13,0,959,959,300,959,65,453,174,39,533,174,39,7368,14,39,33.24,1,2.197,2.092,1.075,6,0.3,2,21,6,1.47,1.33,2.17,1.33,,61,53,23,14,,2.09,2.65,7.32,6.27,,18,49,0.678,0.347,5.42,407,0,0,0,yikim_gucux3 kivilcimx1 artci_patlamax1,34,0,45,13,39,0,0,0,0,0,25,,27,27,0,36,27,0,0,0,0,0,0.776,21.311,3.311
1,Run50_KirilmaV1,Patlama yolu,bahcivan,standart,100,LAB R25 sinerji A ödülsüz #2,25,,,137,36,101,0,0,0,62,30,32,12,1,1011,1011,300,1011,65,411,192,36,491,192,36,6528,13,36,33.24,1,2.197,2.092,1.075,6,0.3,2,21,6,1.21,1.33,1.8,2,,70,58,53,10,0,2.2,4.88,5.44,8.38,,18,49,0.64,0.327,6.243,353,0,0,0,yikim_gucux3 kivilcimx3,33,0,45,12,36,0,0,0,0,0,25,,0,0,0,0,0,0,0,0,0,0,0.633,22.467,3.044
1,Run50_KirilmaV1,Patlama yolu,bahcivan,standart,100,LAB R25 sinerji B +artci_patlama #2,25,,,178,38,140,0,0,0,82,46,32,15,3,1400,1400,300,1400,65,567,214,56,647,214,56,8368,15,42,33.24,1,2.197,2.092,1.075,6,0.3,2,21,6,1.14,1.18,1.5,1.67,1,68,56,25,0,33,0.8,1.71,4.18,5.58,0,18,49,0.554,0.245,6.243,353,0,0,0,yikim_gucux3 kivilcimx3 artci_patlamax1,37,0,45,14,42,0,0,0,0,0,25,,38,38,0,88,53,0,0,0,0,0,0.245,31.111,3.956
1,Run50_KirilmaV1,Patlama yolu,bahcivan,standart,100,LAB R25 A ödülsüz #3,25,,,136,44,66,0,0,26,72,37,11,10,6,1312,1312,300,1312,65,528,110,52,608,110,52,6405,13,36,33.24,1,2.197,2.092,1.075,6,0.3,2,21,6,1.25,1.71,1.33,1.5,2,71,30,11,22,50,1.31,2.39,1.4,3.13,4.2,18,49,0.737,0.367,5.42,407,0,0,0,yikim_gucux3 kivilcimx1,32,0,45,12,36,0,0,0,0,0,25,,0,0,0,0,0,0,0,0,0,0,0.551,29.156,3.022
1,Run50_KirilmaV1,Patlama yolu,bahcivan,standart,100,LAB R25 B +artci_patlama #3,25,,,168,38,116,0,0,14,87,38,23,15,5,1512,1512,300,1512,65,624,138,67,704,138,67,8095,15,42,33.24,1,2.197,2.092,1.075,6,0.3,2,21,6,1.13,1.25,2.14,3,2.5,67,55,33,22,50,0.84,1.4,6.58,23.02,7.32,18,49,0.639,0.347,5.42,407,0,0,0,yikim_gucux3 kivilcimx1 artci_patlamax1,36,0,45,14,42,0,0,0,0,0,25,,28,28,0,40,35,0,0,0,0,0,0.653,33.6,3.733
1,Run50_KirilmaV1,Patlama yolu,bahcivan,standart,100,LAB R25 sinerji A ödülsüz #3,25,,,137,39,98,0,0,0,69,38,18,10,2,933,933,300,933,65,480,130,30,560,130,30,6176,12,33,33.24,1,2.197,2.092,1.075,6,0.3,2,21,6,1.36,1.44,2,3,2,62,50,17,29,0,1.42,4.65,6.97,8.37,6.27,18,49,0.63,0.347,6.243,353,0,0,0,yikim_gucux3 kivilcimx3,32,0,45,11,33,0,0,0,0,0,25,,0,0,0,0,0,0,0,0,0,0,0.735,20.733,3.044
1,Run50_KirilmaV1,Patlama yolu,bahcivan,standart,100,LAB R25 sinerji B +artci_patlama #3,25,,,150,31,119,0,0,0,80,33,24,9,4,1184,1184,300,1184,65,483,210,27,563,210,27,6784,13,36,33.24,1,2.197,2.092,1.075,6,0.3,2,21,5.95,1.17,1.71,1.5,1.5,,62,35,21,17,0,0.46,4.79,5.23,5.22,,18,49,0.604,0.327,6.243,353,0,0,0,yikim_gucux3 kivilcimx3 artci_patlamax1,33,0,45,12,36,0,0,0,0,0,25,,31,31,0,67,45,0,0,0,0,0,0.551,26.311,3.333
1,Run50_KirilmaV1,Patlama yolu,bahcivan,standart,100,LAB R40 A ödülsüz #1,40,,,247,84,127,0,0,36,89,63,52,36,7,5660,5660,2800,5660,500,1234,782,257,1314,782,257,15279,21,60,63.05,1.25,2.197,1.248,1.365,6,0.367,2,36,6,1.16,1.3,1.33,1.53,1.5,80,52,37,36,40,0.47,0.81,2.33,2.16,1.25,22,81,0.599,0.259,4.681,779,0,0,0,yikim_gucux3 kivilcimx2 keskin_bicakx1 firtina_bilegix1,50,0,45,20,60,0,0,0,0,0,40,,0,0,0,0,0,0,0,0,0,0,0.494,125.778,5.489
1,Run50_KirilmaV1,Patlama yolu,bahcivan,standart,100,LAB R40 B +artci_patlama #1,40,,,290,88,172,0,0,30,108,75,68,36,3,4220,4220,2800,4220,500,1186,986,245,1266,986,245,17575,22,63,63.05,1.25,2.197,1.248,1.365,6,0.367,2,36,6,1.23,1.37,1.21,1.89,1,74,56,61,40,100,1.78,1.97,0.92,2.22,0,22,81,0.571,0.358,4.681,779,0,0,0,yikim_gucux3 kivilcimx2 keskin_bicakx1 firtina_bilegix1 artci_patlamax1,54,0,45,21,63,0,0,0,0,0,40,,61,60,1,59,47,0,0,0,0,0,0.37,93.778,6.444
1,Run50_KirilmaV1,Patlama yolu,bahcivan,standart,100,LAB R40 A ödülsüz #2,40,,,251,84,133,0,0,34,100,68,54,20,9,4249,4249,2800,4249,500,1164,880,230,1244,880,230,14877,20,57,63.05,1.25,2.197,1.248,1.365,6,0.367,2,36,6,1.14,1.48,1.53,1.43,1.5,68,55,53,27,13,0.6,1.9,3.23,2.13,1.25,22,81,0.603,0.395,4.681,779,0,0,0,yikim_gucux3 kivilcimx2 keskin_bicakx1 firtina_bilegix1,44,0,45,19,57,0,0,0,0,0,40,,0,0,0,0,0,0,0,0,0,0,0.469,94.422,5.578
1,Run50_KirilmaV1,Patlama yolu,bahcivan,standart,100,LAB R40 B +artci_patlama #2,40,,,301,89,171,0,0,41,120,71,64,35,11,6637,6637,2800,6637,500,1334,902,354,1414,902,354,18225,22,63,63.05,1.25,2.197,1.248,1.365,6,0.367,2,36,5.97,1.19,1.55,1.69,1.11,1.67,80,60,66,35,22,1.52,2.38,4.51,0.83,1.67,22,81,0.556,0.284,4.681,779,0,0,0,yikim_gucux3 kivilcimx2 keskin_bicakx1 firtina_bilegix1 artci_patlamax1,55,0,45,21,63,0,0,0,0,0,40,,66,62,4,64,47,0,0,0,0,0,0.309,147.489,6.689
1,Run50_KirilmaV1,Patlama yolu,bahcivan,standart,100,LAB R40 A ödülsüz #3,40,,,259,87,136,0,0,36,93,65,58,35,8,5437,5437,2800,5437,500,1252,885,251,1332,885,251,16139,21,60,63.05,1.25,2.197,1.248,1.365,6,0.367,2,36,6,1.12,1.41,1.5,1.25,1,81,51,59,52,33,1.25,2.28,2.7,3.02,0,22,81,0.588,0.321,4.681,779,0,0,0,yikim_gucux3 kivilcimx2 keskin_bicakx1 firtina_bilegix1,50,0,45,20,60,0,0,0,0,0,40,,0,0,0,0,0,0,0,0,0,0,0.469,120.822,5.756
1,Run50_KirilmaV1,Patlama yolu,bahcivan,standart,100,LAB R40 B +artci_patlama #3,40,,,276,83,160,0,0,33,101,63,66,36,10,6546,6546,2800,6546,500,1182,938,361,1262,938,361,17179,22,63,63.05,1.25,2.197,1.248,1.365,6,0.367,2,36,6,1.21,1.46,1.33,1.73,1.5,77,59,43,38,29,0.81,2.8,1.25,2.5,1.88,22,81,0.564,0.321,4.681,779,0,0,0,yikim_gucux3 kivilcimx2 keskin_bicakx1 firtina_bilegix1 artci_patlamax1,53,0,45,21,63,0,0,0,0,0,40,,60,59,1,54,43,0,0,0,0,0,0.506,145.467,6.133
2,Run50_KirilmaV1,Patlama yolu,bahcivan,standart,101,ödülsüz eş,1,,,13,13,0,0,0,0,12,1,0,0,0,15,15,45,0,0,28,0,0,28,0,0,270,1,0,10,1,1,3,0.9,4,0.3,2,12,2.25,2,3,,,,17,0,,,,3,6,,,,2,4,0.339,0,8,23,0,0,2,,4,0.351,45,0,0,0,0,0,0,0,0,,0,0,0,0,0,0,0,0,0,0,0.75,0.333,0.289
2,Run50_KirilmaV1,Patlama yolu,bahcivan,standart,101,ödülsüz eş,2,,,15,15,0,0,0,0,11,3,1,0,0,30,45,45,0,0,34,4,0,37,4,0,350,2,3,10.67,1,1,3,0.9,4,0.3,2,13,2.85,2.09,2,3,,,0,0,0,,,3.27,3,12,,,3,5,0.479,0,8,28,1,1,1,,5,0.111,45,1,3,0,0,0,0,0,0,,0,0,0,0,0,0,0,0,0,0,0.6,0.667,0.333
2,Run50_KirilmaV1,Patlama yolu,bahcivan,standart,101,ödülsüz eş,3,,,18,18,0,0,0,0,15,2,1,0,0,31,76,45,0,0,38,4,0,41,8,0,452,3,3,11.33,1,1,3,0.9,4,0.3,2,14,2.79,1.93,2,5,,,15,0,0,0,,3.6,3,24,,,4,6,0.453,0.167,8,34,2,3,1,,4,0,45,2,6,3,0,0,2,0,0,,0,0,0,0,0,0,0,0,0,0,0.333,0.689,0.4
2,Run50_KirilmaV1,Patlama yolu,bahcivan,standart,101,ödülsüz eş,4,,,20,19,1,0,0,0,16,2,1,1,0,62,138,45,0,0,40,4,2,41,12,2,519,4,3,11.33,1,1,3,0.9,4,0.3,2,14,3.14,2.13,2,3,2,,18,0,0,,,6.4,7.5,21,6,,5,8,0.593,0.125,7.638,47,0,3,1,,6,0.044,45,3,9,6,0,0,2,3,4,,0,0,0,0,0,0,0,0,0,0,0.375,1.378,0.444
2,Run50_KirilmaV1,Patlama yolu,bahcivan,standart,101,ödülsüz eş,5,,,15,14,0,0,0,1,11,3,1,0,0,30,168,45,30,8,34,4,0,34,16,2,371,5,3,12,1,1,2.892,0.9,4,0.3,2,15,2.47,2,2.67,3,,,0,0,0,,,4.63,9.64,11.57,,,6,9,0.497,0.333,7.083,57,3,6,1,,3,0,45,4,12,9,0,0,2,3,4,,0,0,0,0,0,0,0,0,0,0,0.444,0.667,0.333
2,Run50_KirilmaV1,Patlama yolu,bahcivan,standart,101,ödülsüz eş,6,,,23,18,4,0,0,1,18,4,1,0,0,40,40,110,0,0,52,4,0,56,20,2,585,6,3,12,1,1.3,2.892,0.9,4,0.3,2,15,3.47,2.14,2.33,3,,,12,0,0,,,6.82,8.67,5.8,,,6,9,0.634,0.111,7.041,58,1,7,0,yikim_gucux1,5,0.007,45,5,15,9,3,0,2,3,4,,0,0,0,0,0,0,0,0,0,0,0.556,0.889,0.511
2,Run50_KirilmaV1,Patlama yolu,bahcivan,standart,101,ödülsüz eş,7,,,21,18,3,0,0,0,14,5,2,0,0,49,89,110,0,0,48,8,0,48,28,2,596,8,6,12.67,1,1.3,2.789,0.9,4,0.3,2,16,3.5,2.08,3.2,1,,,0,0,0,0,,4.42,10.05,0,,,7,10,0.674,0.4,6.975,65,4,11,1,yikim_gucux1,5,0,45,7,21,12,3,0,2,3,4,,0,0,0,0,0,0,0,0,0,0,0.6,1.089,0.467
2,Run50_KirilmaV1,Patlama yolu,bahcivan,standart,101,ödülsüz eş,8,,,25,21,4,0,0,0,14,9,1,1,0,81,170,110,0,0,73,4,2,73,32,4,761,9,3,13.33,1,1.3,2.789,0.9,4,0.3,2,16,3.44,1.69,2.67,3,1,,8,0,0,,,3.65,8.83,11.17,0,,8,11,0.667,0.273,7.054,70,3,14,1,yikim_gucux1,6,0,45,8,24,18,3,0,2,3,4,,0,0,0,0,0,0,0,0,0,0,0.545,1.8,0.556
2,Run50_KirilmaV1,Patlama yolu,bahcivan,standart,101,ödülsüz eş,9,,,23,17,2,0,0,4,17,3,3,0,0,56,226,110,0,0,49,12,0,49,44,4,665,10,3,14,1,1.3,2.789,0.9,4,0.3,2,16,3.5,1.86,3,2,,,6,0,0,,,5.18,8.35,5.57,,,9,12,0.686,0.333,6.942,78,3,17,1,yikim_gucux1,6,0,45,9,27,21,3,0,2,3,4,,0,0,0,0,0,0,0,0,0,0,0.917,1.244,0.511
2,Run50_KirilmaV1,Patlama yolu,bahcivan,standart,101,ödülsüz eş,10,,,22,16,6,0,0,0,17,4,1,0,0,39,265,110,39,16,54,4,0,59,48,4,595,11,3,14,1,1.3,2.689,0.9,4,0.3,2,16,3.63,2.33,1.67,2,,,0,0,0,0,,8.07,4.48,2.7,,,10,13,0.749,0.385,6.991,84,2,19,1,yikim_gucux1,7,0,45,10,30,24,3,0,2,3,4,,0,0,0,0,0,0,0,0,0,0,0.769,0.867,0.489
2,Run50_KirilmaV1,Patlama yolu,bahcivan,standart,101,ödülsüz eş,11,,,38,29,6,0,0,3,25,8,4,1,0,119,119,150,0,0,90,16,2,98,64,6,1144,12,3,15.64,1,1.3,2.592,1.188,6,0.3,2,17,4.82,1.79,2.14,2.67,,,20,0,0,0,,3.27,5.92,5.19,,,10,13,0.567,0.231,6.991,84,3,22,0,yikim_gucux1 genis_savurusx1,9,0,45,11,33,25,5,0,2,3,4,,0,0,0,0,0,0,0,0,0,0,0.692,2.644,0.844
2,Run50_KirilmaV1,Patlama yolu,bahcivan,standart,101,ödülsüz eş,12,,,43,33,10,0,0,0,26,13,2,2,0,145,264,150,0,0,143,8,4,149,42,10,1363,14,6,16.36,1,1.3,2.592,1.188,6,0.3,2,17,4.94,1.56,2.17,1.5,4,,36,18,0,0,,1.59,6.05,1.3,7.8,,11,15,0.614,0.267,6.808,99,5,27,1,yikim_gucux1 genis_savurusx1,10,0,45,13,39,25,8,0,2,3,4,,0,0,0,0,0,0,0,0,0,0,0.467,3.222,0.956
2,Run50_KirilmaV1,Patlama yolu,bahcivan,standart,101,ödülsüz eş,13,,,42,36,6,0,0,0,23,13,4,2,0,162,426,150,0,0,134,16,4,136,58,14,1555,16,6,17.38,1,1.3,2.5,1.188,6,0.3,2,17,5.47,1.74,2.42,2.67,2,,35,7,0,0,,2.5,5.83,10,7.5,,12,18,0.624,0.333,6.844,118,4,31,1,yikim_gucux1 genis_savurusx1,12,0,45,15,45,31,8,0,2,3,4,,0,0,0,0,0,0,0,0,0,0,0.778,3.6,0.933
2,Run50_KirilmaV1,Patlama yolu,bahcivan,standart,101,ödülsüz eş,14,,,48,40,5,0,0,3,34,9,4,1,0,131,557,150,0,0,156,16,2,166,74,16,1690,17,3,18.13,1,1.3,2.41,1.188,6,0.3,2,18,5.67,2.04,2.25,2,2,,19,0,0,0,,5.33,4.22,5.62,2.4,,14,21,0.669,0.381,6.733,140,4,35,2,yikim_gucux1 genis_savurusx1,14,0,45,16,48,37,8,0,2,3,4,,0,0,0,0,0,0,0,0,0,0,0.857,2.911,1.067
2,Run50_KirilmaV1,Patlama yolu,bahcivan,standart,101,ödülsüz eş,15,,,38,29,6,0,0,3,27,5,5,1,0,122,679,150,122,30,111,20,2,127,69,18,1295,18,3,18.13,1,1.3,2.41,1.188,6,0.3,2,18,4.83,1.95,2,3,1,,19,0,0,,0,5.04,2.41,7.24,0,,15,24,0.671,0.5,6.538,165,2,37,1,yikim_gucux1 genis_savurusx1,9,0,45,17,51,40,8,0,2,3,4,,0,0,0,0,0,0,0,0,0,0,0.833,2.711,0.844
2,Run50_KirilmaV1,Patlama yolu,bahcivan,standart,101,ödülsüz eş,16,,,48,38,6,0,0,4,32,8,6,0,2,319,319,220,0,0,186,24,8,201,68,26,1767,20,6,19.2,1,1.3,2.41,1.188,6,0.3,2,18,5.89,1.71,1.83,2.33,,3,24,22,0,0,,4.72,4.02,4.82,,7.22,18,31,0.779,0.613,6.4,218,2,39,3,yikim_gucux1 genis_savurusx1 kivilcimx1,12,0,45,19,57,43,8,0,2,3,4,,0,0,0,0,0,0,0,0,0,0,0.742,7.089,1.067
2,Run50_KirilmaV1,Patlama yolu,bahcivan,standart,101,ödülsüz eş,17,,,63,51,12,0,0,0,43,12,6,2,0,214,533,220,0,0,201,24,4,207,67,30,2485,21,3,20.27,1,1.3,2.24,1.234,6,0.3,2,20,5.75,1.5,2.08,1.67,1.5,,45,0,0,0,,3.23,6.54,3.73,2.23,,18,34,0.739,0.471,5.985,256,8,47,2,yikim_gucux1 genis_savurusx1 kivilcimx1,16,0,45,20,60,49,8,0,2,3,4,,0,0,0,0,0,0,0,0,0,0,0.824,4.756,1.4
2,Run50_KirilmaV1,Patlama yolu,bahcivan,standart,101,ödülsüz eş,18,,,62,46,10,0,0,6,42,12,6,2,0,249,782,220,0,0,198,30,4,206,72,34,2530,23,6,20.27,1,1.3,2.16,1.28,6,0.3,2,20,5.8,1.66,1.73,2.75,1.5,,33,0,0,0,,4.03,8.65,8.1,3.23,,19,38,0.775,0.579,5.697,300,8,55,2,yikim_gucux1 genis_savurusx1 kivilcimx1,15,0,45,22,66,49,11,0,2,3,4,,0,0,0,0,0,0,0,0,0,0,0.816,5.533,1.378
2,Run50_KirilmaV1,Patlama yolu,bahcivan,standart,101,ödülsüz eş,19,,,93,61,21,0,0,11,60,16,13,4,0,397,1179,220,0,0,276,65,8,276,112,42,3820,25,6,24.3,1,1.3,2.16,1.28,6,0.3,2,20,6,1.26,1.4,1.5,2,,60,21,30,0,,1.66,3.02,3.96,11.87,,19,41,0.73,0.561,5.549,333,3,58,2,yikim_gucux1 genis_savurusx1 kivilcimx1,20,0,45,24,72,49,17,0,2,3,4,,0,0,0,0,0,0,0,0,0,0,0.756,8.822,2.067
2,Run50_KirilmaV1,Patlama yolu,bahcivan,standart,101,ödülsüz eş,20,,,94,43,39,0,0,12,55,23,10,6,0,421,1600,220,421,45,303,50,12,334,89,34,4326,27,6,24.3,1,1.3,2.16,1.327,6,0.3,2,20,6,1.27,1.69,3.33,4,,62,25,0,0,0,1.25,2.49,18,12.97,,16,44,0.749,0.545,5.268,376,5,63,4,yikim_gucux1 genis_savurusx1 kivilcimx1,23,0,45,26,78,49,23,0,2,3,4,,0,0,0,0,0,0,0,0,0,0,0.75,9.356,2.089
2,Run50_KirilmaV1,Patlama yolu,bahcivan,standart,101,ödülsüz eş,21,,,120,51,47,0,0,22,58,44,8,7,3,830,830,300,0,0,438,60,34,457,104,68,5769,29,6,25.51,1,1.3,2.16,1.373,6,0.3,2,20,6,1.2,1.31,1.25,1.67,3,50,41,29,33,0,0.86,2.99,0.53,4.32,15.13,18,47,0.711,0.489,5.341,396,4,67,2,yikim_gucux1 genis_savurusx1 kivilcimx2,27,0,45,28,84,49,29,0,2,3,4,,0,0,0,0,0,0,0,0,0,0,0.915,18.444,2.667
2,Run50_KirilmaV1,Patlama yolu,bahcivan,standart,101,ödülsüz eş,22,,,115,52,46,0,0,17,68,22,17,6,2,755,1585,300,0,0,381,105,12,477,233,40,5919,31,6,28.62,1,1.3,2.16,1.373,6,0.3,2,20,6,1.19,1.5,2.33,1,1.5,64,42,33,0,,1.95,5.94,11.52,0,1.08,17,49,0.742,0.49,5.278,418,3,70,4,yikim_gucux1 genis_savurusx1 kivilcimx2,27,0,45,30,90,49,35,0,2,3,4,,0,0,0,0,0,0,0,0,0,0,0.735,16.778,2.556
2,Run50_KirilmaV1,Patlama yolu,bahcivan,standart,101,ödülsüz eş,23,,,126,60,49,0,0,17,67,26,22,11,0,803,2388,300,0,0,357,132,22,379,177,42,6699,33,6,33.24,1,1.3,2.092,1.373,6,0.3,2,21,6,1.26,1.83,1.82,2,,64,33,25,33,,1.66,4.54,7.98,6.27,,16,49,0.737,0.449,5.068,435,5,75,1,yikim_gucux1 genis_savurusx1 kivilcimx2,25,0,45,32,96,49,41,0,2,3,4,,0,0,0,0,0,0,0,0,0,0,0.653,17.844,2.8
2,Run50_KirilmaV1,Patlama yolu,bahcivan,standart,101,ödülsüz eş,24,,,150,71,55,0,0,24,62,36,31,16,5,1733,4121,300,0,0,492,232,59,526,366,81,9152,35,6,33.24,1,1.3,2.026,1.465,9,0.3,2,22,8.68,1.28,1.3,1.67,1.6,2,70,48,27,33,0,2.22,1.62,6.25,3.65,12.15,15,49,0.691,0.388,4.99,442,5,80,1,yikim_gucux1 genis_savurusx1 kivilcimx2,32,0,45,34,102,49,47,0,2,3,4,,0,0,0,0,0,0,0,0,0,0,0.714,38.511,3.333
2,Run50_KirilmaV1,Patlama yolu,bahcivan,standart,101,ödülsüz eş,25,,,147,69,51,0,0,27,52,37,32,21,5,2187,6308,300,2187,65,423,215,99,629,286,180,10538,38,9,34.76,1,1.3,2.026,1.465,9,0.3,2,22,7.73,1.33,1.21,1.4,1.88,,59,52,55,20,25,2.78,1.28,1.62,6.33,,15,49,0.548,0.347,4.99,442,4,84,0,yikim_gucux1 genis_savurusx1 kivilcimx2,26,0,45,37,111,49,53,0,2,3,4,,0,0,0,0,0,0,0,0,0,0,0.531,48.6,3.267
2,Run50_KirilmaV1,Patlama yolu,bahcivan,standart,101,ödülsüz eş,26,,,186,81,70,0,0,35,90,39,39,13,5,1962,1962,500,0,0,552,300,75,561,326,105,11625,40,6,39.82,1,1.3,2.026,1.511,9,0.3,2,22,8.45,1.16,1.63,1.47,1.6,,72,37,45,13,0,1.2,3.84,4.19,3.44,,15,49,0.66,0.408,4.809,458,8,92,0,yikim_gucux1 genis_savurusx1 kivilcimx3,32,0,45,39,117,49,62,0,2,3,4,,0,0,0,0,0,0,0,0,0,0,0.531,43.6,4.133
2,Run50_KirilmaV1,Patlama yolu,bahcivan,standart,101,ödülsüz eş,27,,,178,69,91,0,0,18,73,54,34,13,4,1791,3753,500,0,0,591,319,39,632,332,84,10642,42,6,39.82,1,1.3,1.962,1.558,9,0.3,2,22,8.95,1.26,1.58,1.36,1,2,69,37,38,0,0,1.84,4.65,2.52,0,3.93,18,71,0.717,0.268,5.009,638,3,95,8,yikim_gucux1 genis_savurusx1 kivilcimx3,38,0,45,41,123,55,62,0,2,3,4,,0,0,0,0,0,0,0,0,0,0,0.831,39.8,3.956
2,Run50_KirilmaV1,Patlama yolu,bahcivan,standart,101,ödülsüz eş,28,,,194,67,84,0,0,43,85,50,37,20,2,2143,5896,500,0,0,555,313,80,737,387,144,11852,44,6,39.82,1,1.3,1.962,1.558,9,0.3,2,22,9,1.1,1.4,1.67,1.63,,67,42,29,7,0,0.85,4.12,7.2,5.88,,22,81,0.753,0.519,5.148,708,4,99,5,yikim_gucux1 genis_savurusx1 kivilcimx3,41,0,45,43,129,61,62,0,2,3,4,,0,0,0,0,0,0,0,0,0,0,0.778,47.622,4.311
2,Run50_KirilmaV1,Patlama yolu,bahcivan,standart,101,ödülsüz eş,29,,,190,66,103,0,0,21,87,44,34,19,6,2405,8301,500,0,0,621,392,92,708,779,171,11084,45,3,43.38,1,1.3,1.962,1.604,9,0.3,2,22,9,1.24,1.33,1.5,1.8,2,76,38,30,25,0,1.7,2.88,3.68,13.74,9.8,22,81,0.757,0.519,5.101,715,5,104,0,yikim_gucux1 genis_savurusx1 kivilcimx3,41,0,45,44,132,67,62,0,2,3,4,,0,0,0,0,0,0,0,0,0,0,0.864,53.444,4.222
2,Run50_KirilmaV1,Patlama yolu,bahcivan,standart,101,ödülsüz eş,30,,,167,60,92,0,0,15,61,55,34,12,5,2220,10521,500,2220,100,620,368,65,858,587,156,10059,46,3,45.79,1,1.3,1.901,1.67,9,0.3,2,23,9,1.33,1.47,1.64,1.4,3,57,43,15,20,0,1.54,4.6,5.16,2.28,7.6,22,81,0.795,0.667,5.017,727,4,108,0,yikim_gucux1 genis_savurusx1 kivilcimx3,31,0,45,45,135,70,62,0,2,3,4,,0,0,0,0,0,0,0,0,0,0,0.877,49.333,3.711
2,Run50_KirilmaV1,Patlama yolu,bahcivan,standart,101,ödülsüz eş,31,,,278,93,140,0,0,45,100,85,54,31,8,3680,3680,1200,0,0,1050,661,160,1153,818,316,17633,49,9,49.54,1.6,1.3,1.901,1.67,9,0.3,2,23,8.96,1.11,1.16,1.16,1.42,1.33,91,64,64,38,40,1.36,1.65,2.7,2.85,2.53,22,81,0.676,0.407,4.894,745,6,114,0,yikim_gucux1 genis_savurusx1 kivilcimx3 canavar_kesimix1,47,0,45,48,144,73,62,0,2,3,4,,0,0,0,0,0,0,0,0,0,0,0.741,81.778,6.178
2,Run50_KirilmaV1,Patlama yolu,bahcivan,standart,101,ödülsüz eş,32,,,273,104,122,0,0,47,100,79,47,36,11,4742,8422,1200,0,0,1063,618,275,1296,716,496,17442,50,3,52.15,1.6,1.3,1.841,1.736,9,0.3,2,24,8.96,1.11,1.11,1.17,1.07,1,78,83,59,48,13,1.12,1.05,1.53,0.92,0,22,81,0.708,0.506,4.617,789,5,119,0,yikim_gucux1 genis_savurusx1 kivilcimx3 canavar_kesimix1,46,0,45,49,147,81,63,0,2,3,4,,0,0,0,0,0,0,0,0,0,0,0.667,105.378,6.067
2,Run50_KirilmaV1,Patlama yolu,bahcivan,standart,101,ödülsüz eş,33,,,291,113,134,0,0,44,104,74,57,39,17,5735,14157,1200,0,0,1530,718,275,1736,954,771,19026,52,6,56.1,1.6,1.3,1.783,1.736,9,0.3,2,25,9,1,1.33,1.25,1.12,1.25,90,68,61,52,33,0,4.53,3.42,1.57,1.56,22,81,0.671,0.519,4.578,796,5,124,0,yikim_gucux1 genis_savurusx1 kivilcimx3 canavar_kesimix1,43,0,45,51,153,81,66,0,2,3,4,,0,0,0,0,0,0,0,0,0,0,0.617,127.444,6.467
2,Run50_KirilmaV1,Patlama yolu,bahcivan,standart,101,ödülsüz eş,34,,,308,116,139,0,0,53,128,76,60,37,7,4605,18762,1200,0,0,1178,714,245,1424,868,906,19701,54,6,60.05,1.6,1.3,1.783,1.802,9,0.3,2,25,9,1.02,1.28,1.32,1.44,1,95,66,63,60,60,0.28,2,2.75,3.79,0,22,81,0.677,0.469,4.546,802,6,130,0,yikim_gucux1 genis_savurusx1 kivilcimx3 canavar_kesimix1,46,0,45,53,159,81,72,0,2,3,4,,0,0,0,0,0,0,0,0,0,0,0.617,102.333,6.844
2,Run50_KirilmaV1,Patlama yolu,bahcivan,standart,101,ödülsüz eş,35,,,236,95,122,0,0,19,92,75,40,24,5,3297,22059,1200,3297,220,1092,476,140,1241,964,1046,14061,55,3,60.05,1.6,1.3,1.783,1.802,9,0.367,2,25,9,1.06,1.1,1.63,1.42,1.5,88,75,40,27,20,0.84,1.31,3.85,2.97,7.13,22,81,0.626,0.37,4.42,825,6,136,0,yikim_gucux1 genis_savurusx1 kivilcimx3 canavar_kesimix1,38,0,45,54,162,81,78,0,2,3,4,,0,0,0,0,0,0,0,0,0,0,0.58,73.267,5.244
2,Run50_KirilmaV1,Patlama yolu,bahcivan,standart,101,ödülsüz eş,36,,,321,110,165,0,0,46,138,80,55,36,12,5378,5378,2800,0,0,1502,725,264,1543,799,1185,20044,57,6,69.27,1.6,1.69,1.783,1.802,9,0.367,2,25,9,1.04,1.05,1.32,1.07,1.29,93,68,72,57,45,0.26,0.73,3.66,1.27,1.02,22,81,0.69,0.494,4.389,830,3,139,0,yikim_gucux2 genis_savurusx1 kivilcimx3 canavar_kesimix1,51,0,45,56,168,81,81,0,2,3,4,,0,0,0,0,0,0,0,0,0,0,0.543,119.511,7.133
2,Run50_KirilmaV1,Patlama yolu,bahcivan,standart,101,ödülsüz eş,37,,,318,100,164,0,0,54,129,87,48,41,13,5937,11315,2800,0,0,1522,568,352,1595,937,1537,20640,58,3,69.27,1.6,1.69,1.727,1.868,9,0.367,2,26,8.92,1.06,1.29,1.18,1.47,1.17,96,70,61,52,56,0.7,2.47,1.83,3.96,1.15,22,81,0.664,0.457,4.373,833,4,143,0,yikim_gucux2 genis_savurusx1 kivilcimx3 canavar_kesimix1,49,0,45,57,171,81,87,0,2,3,4,,0,0,0,0,0,0,0,0,0,0,0.531,131.933,7.067
2,Run50_KirilmaV1,Patlama yolu,bahcivan,standart,101,ödülsüz eş,38,,,347,115,179,0,0,53,138,99,67,32,11,5507,16822,2800,0,0,1768,863,258,1913,1360,1655,22780,60,6,73.42,1.6,1.69,1.727,1.868,9,0.367,2,26,9,1.1,1.17,1,1.36,2,90,80,80,41,25,1.07,1.67,0,2.22,6.9,22,81,0.655,0.457,4.248,858,5,148,0,yikim_gucux2 genis_savurusx1 kivilcimx3 canavar_kesimix1,48,0,45,59,177,81,90,0,2,3,4,,0,0,0,0,0,0,0,0,0,0,0.667,122.378,7.711
2,Run50_KirilmaV1,Patlama yolu,bahcivan,standart,101,ödülsüz eş,39,,,332,113,176,0,0,43,124,86,70,41,11,5857,22679,2800,0,0,1595,896,312,1908,1156,1967,22283,61,3,83.44,1.6,1.69,1.727,1.868,9,0.367,2,26,9,1,1.15,1.18,1.44,2,99,78,83,42,33,0,0.96,1.36,4.7,6.05,22,81,0.675,0.432,4.248,858,2,150,0,yikim_gucux2 genis_savurusx1 kivilcimx3 canavar_kesimix1,49,0,45,60,180,81,96,0,2,3,4,,0,0,0,0,0,0,0,0,0,0,0.543,130.156,7.378
2,Run50_KirilmaV1,Patlama yolu,bahcivan,standart,101,ödülsüz eş,40,,,215,82,112,0,0,21,91,49,40,23,12,5178,27857,2800,5178,500,870,609,322,1468,755,2134,14597,62,3,83.44,1.6,1.69,1.673,1.934,9,0.367,2,26,6,1.03,1.3,1.36,1.5,1.6,93,50,48,20,20,0.3,2.33,2.43,3.34,8.03,22,81,0.783,0.543,4.143,880,6,156,0,yikim_gucux2 genis_savurusx1 kivilcimx3 canavar_kesimix1,45,0,45,61,183,81,99,0,2,3,4,,0,0,0,0,0,0,0,0,0,0,0.765,115.067,4.778
2,Run50_KirilmaV1,Patlama yolu,bahcivan,standart,101,ödülsüz eş,41,,,378,145,169,0,0,64,152,92,85,44,5,5810,5810,4500,0,0,1566,1106,287,2304,1861,2271,26175,64,6,83.44,1.6,1.69,1.673,2.553,12,0.367,2.111,26,11.92,1.15,1.14,1.21,1.5,2,89,74,72,56,0,1.05,0.99,1.88,3.26,6.7,22,81,0.64,0.457,4.132,882,2,158,0,yikim_gucux2 genis_savurusx2 kivilcimx3 canavar_kesimix1,64,0,45,63,189,81,102,0,2,3,4,,0,0,0,0,0,0,0,0,0,0,0.642,129.111,8.4
2,Run50_KirilmaV1,Patlama yolu,bahcivan,standart,101,ödülsüz eş,42,,,366,144,178,0,0,44,141,103,72,39,11,6626,12436,4500,0,0,1972,1044,282,2196,1110,463,24539,65,3,87.23,1.6,1.69,1.673,2.727,12,0.367,2.111,26,12,1.12,1.27,1.37,1.47,2,91,66,64,38,67,1.18,2.49,2.57,3.34,13.38,22,103,0.724,0.369,4.008,1157,8,166,7,yikim_gucux2 genis_savurusx2 kivilcimx3 canavar_kesimix1,63,0,45,64,192,81,108,0,2,3,4,,0,0,0,0,0,0,0,0,0,0,0.806,147.244,8.133
2,Run50_KirilmaV1,Patlama yolu,bahcivan,standart,101,ödülsüz eş,43,,,362,140,176,0,0,46,147,84,72,48,11,7057,19493,4500,0,0,1923,978,372,2179,1493,640,24970,66,3,87.23,1.6,1.69,1.673,2.727,12,0.433,2.222,26,12,1.14,1.18,1.35,1.76,1.5,81,67,67,50,64,0.8,1.63,3.18,6.99,2.93,28,121,0.747,0.595,4.302,1266,6,172,7,yikim_gucux2 genis_savurusx2 kivilcimx3 canavar_kesimix1,65,0,45,65,195,84,108,0,2,3,4,,0,0,0,0,0,0,0,0,0,0,0.727,156.822,8.044
2,Run50_KirilmaV1,Patlama yolu,bahcivan,standart,101,ödülsüz eş,44,,,424,161,206,0,0,57,169,116,69,55,15,8198,27691,4500,0,0,2345,1248,384,2624,1341,1024,28741,68,6,98.13,1.6,1.69,1.673,2.727,12,0.433,2.222,26,12,1.08,1.19,1.23,1.42,1.2,90,79,70,57,78,0.34,1.48,1.51,2.2,0.67,28,121,0.729,0.488,4.229,1287,2,174,0,yikim_gucux2 genis_savurusx2 kivilcimx3 canavar_kesimix1,85,0,45,67,201,87,108,0,2,3,4,,0,0,0,0,0,0,0,0,0,0,0.669,182.178,9.422
2,Run50_KirilmaV1,Patlama yolu,bahcivan,standart,101,ödülsüz eş,45,,,388,177,152,0,0,59,130,103,91,46,18,9137,36828,4500,9137,800,2127,1374,420,2271,1445,1204,28529,69,3,98.13,1.6,1.69,1.62,2.727,12,0.433,2.333,27,12,1.06,1.21,1.23,1.55,1.5,91,77,73,37,40,0.3,1.45,1.62,3.81,4.05,28,121,0.737,0.512,4.104,1327,7,181,0,yikim_gucux2 genis_savurusx2 kivilcimx3 canavar_kesimix1,74,0,45,68,204,93,108,0,2,3,4,,0,0,0,0,0,0,0,0,0,0,0.81,203.044,8.622
2,Run50_KirilmaV1,Patlama yolu,bahcivan,standart,101,ödülsüz eş,46,,,414,167,180,0,0,67,163,115,73,47,16,9735,9735,6000,0,0,2345,1215,384,2456,2660,1588,30332,71,6,98.13,1.6,2.197,1.62,2.814,12,0.433,2.333,27,12,1.18,1.13,1.23,1.71,1.25,81,83,69,38,67,1.15,1.16,1.36,4.48,3.65,28,121,0.731,0.512,4.104,1327,3,184,0,yikim_gucux3 genis_savurusx2 kivilcimx3 canavar_kesimix1,76,0,45,70,210,96,108,0,2,3,4,,0,0,0,0,0,0,0,0,0,0,0.785,216.333,9.2
2,Run50_KirilmaV1,Patlama yolu,bahcivan,standart,101,ödülsüz eş,47,,,471,150,255,0,0,66,190,111,104,52,14,9707,19442,6000,0,0,2492,1485,408,2648,1855,1706,35052,72,3,109.63,1.6,2.197,1.62,2.814,12,0.433,2.444,27,12,1.06,1.14,1.18,1.47,1.13,94,90,88,67,63,0.25,1.05,1.58,3.46,0.81,28,121,0.705,0.504,3.907,1394,4,188,0,yikim_gucux3 genis_savurusx2 kivilcimx3 canavar_kesimix1,86,0,45,71,213,102,108,0,2,3,4,,0,0,0,0,0,0,0,0,0,0,0.719,215.711,10.467
2,Run50_KirilmaV1,Patlama yolu,bahcivan,standart,101,ödülsüz eş,48,,,412,144,215,0,0,53,161,112,75,46,18,9410,28852,6000,0,0,2640,1104,408,3668,2259,2114,35585,74,6,109.63,1.6,2.197,1.62,2.814,12,0.433,2.444,27,12,1.11,1.22,1.37,1.29,1.2,86,78,71,58,50,0.66,2.67,2.58,1.39,0.32,28,121,0.752,0.529,3.907,1394,3,191,0,yikim_gucux3 genis_savurusx2 kivilcimx3 canavar_kesimix1,91,0,45,73,219,105,108,0,2,3,4,,0,0,0,0,0,0,0,0,0,0,0.752,209.111,9.156
2,Run50_KirilmaV1,Patlama yolu,bahcivan,standart,101,ödülsüz eş,49,,,558,179,312,0,0,67,223,132,110,69,24,13817,42669,6000,0,0,3320,1827,606,3998,2386,2390,51224,75,3,114.01,1.6,2.197,1.62,2.901,16,0.45,2.556,27,15.96,1.13,1.15,1.14,1.42,1.43,88,85,81,54,47,0.78,0.94,1.12,3.55,1.85,28,121,0.682,0.43,3.694,1474,6,197,0,yikim_gucux3 genis_savurusx2 kivilcimx3 canavar_kesimix1,95,0,45,74,222,111,108,0,2,3,4,,0,0,0,0,0,0,0,0,0,0,0.645,307.044,12.4
2,Run50_KirilmaV1,Patlama yolu,bahcivan,standart,101,ödülsüz eş,50,,,555,195,284,0,0,76,196,148,114,71,26,14585,57254,6000,0,0,3355,1845,672,3553,3461,3062,54531,77,6,121.72,1.6,2.197,1.62,2.901,16,0.45,2.556,27,15.96,1.05,1.16,1.15,1.32,1.54,93,88,80,76,64,0.45,1.3,1.69,2.08,4.11,28,121,0.67,0.463,3.694,1474,3,200,0,yikim_gucux3 genis_savurusx2 kivilcimx3 canavar_kesimix1,90,0,45,76,228,114,108,0,2,3,4,,0,0,0,0,0,0,0,0,0,0,0.769,324.111,12.333
2,Run50_KirilmaV1,Patlama yolu,bahcivan,standart,101,ödülsüz eş,50,KAZANDI
2,Run50_KirilmaV1,Patlama yolu,bahcivan,standart,101,LAB R15 A ödülsüz #1,15,,,48,38,5,0,0,5,32,11,3,2,0,155,155,150,155,30,162,12,4,242,12,4,1645,4,9,18.13,1,1.3,2.41,1.188,6,0.3,2,18,4.83,1.46,2.3,2,3,,48,14,0,0,,2.51,4.83,14.47,4.83,,15,24,0.583,0.292,6.538,165,0,0,0,yikim_gucux1 genis_savurusx1,15,0,45,3,9,0,0,0,0,0,15,,0,0,0,0,0,0,0,0,0,0,0.583,3.444,1.067
2,Run50_KirilmaV1,Patlama yolu,bahcivan,standart,101,LAB R15 B +artci_patlama #1,15,,,48,38,10,0,0,0,33,10,3,1,1,223,223,150,223,30,159,12,10,239,12,10,1647,4,9,18.13,1,1.3,2.41,1.188,6,0.3,2,18,4.94,1.67,1.5,2,,,35,50,0,0,0,3.21,1.81,7.24,,,15,24,0.564,0.25,6.538,165,0,0,0,yikim_gucux1 genis_savurusx1 artci_patlamax1,15,0,45,3,9,0,0,0,0,0,15,,6,6,0,8,4,0,0,0,0,0,0.75,4.956,1.067
2,Run50_KirilmaV1,Patlama yolu,bahcivan,standart,101,LAB R15 A ödülsüz #2,15,,,41,38,3,0,0,0,25,8,6,2,0,169,169,150,169,30,123,24,4,203,24,4,1525,4,9,18.13,1,1.3,2.41,1.188,6,0.3,2,18,4.94,1.48,2.13,3,2.5,,57,18,11,0,,2.52,4.52,14.45,7.22,,15,24,0.607,0.417,6.538,165,0,0,0,yikim_gucux1 genis_savurusx1,13,0,45,3,9,0,0,0,0,0,15,,0,0,0,0,0,0,0,0,0,0,0.667,3.756,0.911
2,Run50_KirilmaV1,Patlama yolu,bahcivan,standart,101,LAB R15 B +artci_patlama #2,15,,,43,34,9,0,0,0,31,5,6,1,0,136,136,150,136,30,123,24,2,203,24,2,1464,4,9,18.13,1,1.3,2.41,1.188,6,0.3,2,18,4.78,1.69,1.33,2,2,,31,25,13,0,,2.78,0.8,6.03,4.8,,15,24,0.642,0.375,6.538,165,0,0,0,yikim_gucux1 genis_savurusx1 artci_patlamax1,11,0,45,3,9,0,0,0,0,0,15,,4,4,0,7,7,0,0,0,0,0,0.75,3.022,0.956
2,Run50_KirilmaV1,Patlama yolu,bahcivan,standart,101,LAB R15 A ödülsüz #3,15,,,41,34,5,0,0,2,26,10,4,0,1,196,196,150,196,30,138,31,0,218,31,0,1455,4,9,18.13,1,1.3,2.41,1.188,6,0.3,2,18,4.89,1.74,2.3,2,,2,37,14,0,,0,5.71,7.95,4.22,,9.63,15,24,0.642,0.458,6.538,165,0,0,0,yikim_gucux1 genis_savurusx1,13,0,45,3,9,0,0,0,0,0,15,,0,0,0,0,0,0,0,0,0,0,0.875,4.356,0.911
2,Run50_KirilmaV1,Patlama yolu,bahcivan,standart,101,LAB R15 B +artci_patlama #3,15,,,47,37,10,0,0,0,29,11,5,2,0,172,172,150,172,30,153,20,4,233,20,4,1670,5,12,18.13,1,1.3,2.41,1.188,6,0.3,2,18,4.78,1.73,1.88,2.2,3.5,,34,18,33,0,,2.19,3,6.75,13.25,,15,24,0.591,0.333,6.538,165,0,0,0,yikim_gucux1 genis_savurusx1 artci_patlamax1,16,0,45,4,12,0,0,0,0,0,15,,6,6,0,7,4,0,0,0,0,0,0.458,3.822,1.044
2,Run50_KirilmaV1,Patlama yolu,bahcivan,standart,101,LAB R25 A ödülsüz #1,25,,,150,65,61,0,0,24,66,35,35,13,1,1297,1297,300,1297,65,408,210,51,488,210,51,9553,16,45,34.76,1,1.3,2.026,1.465,9,0.3,2,22,7.77,1.17,1.21,1.73,1.75,4,76,67,39,31,0,1.04,0.87,3.87,3.54,24.33,15,49,0.551,0.163,4.99,442,0,0,0,yikim_gucux1 genis_savurusx1 kivilcimx2,37,0,45,15,45,0,0,0,0,0,25,,0,0,0,0,0,0,0,0,0,0,0.592,28.822,3.333
2,Run50_KirilmaV1,Patlama yolu,bahcivan,standart,101,LAB R25 B +artci_patlama #1,25,,,168,72,75,0,0,21,71,37,38,19,3,1988,1988,300,1988,65,525,228,69,605,228,69,11307,18,51,34.76,1,1.3,2.026,1.465,9,0.3,2,22,7.59,1.23,1.11,2,1.8,2.5,72,79,33,31,0,1.16,1.69,5.23,2.83,17.23,15,49,0.516,0.082,4.99,442,0,0,0,yikim_gucux1 genis_savurusx1 kivilcimx2 artci_patlamax1,42,0.021,45,17,51,0,0,0,0,0,25,,41,41,0,56,31,0,0,0,0,0,0.592,44.178,3.733
2,Run50_KirilmaV1,Patlama yolu,bahcivan,standart,101,LAB R25 sinerji A ödülsüz #1,25,,,138,49,89,0,0,0,75,35,14,14,0,901,901,300,901,65,435,84,42,515,84,42,6096,12,33,34.76,1,2.197,2.026,1.465,9,0.3,2,22,7.18,1.33,1.36,2.6,1.83,,61,71,24,31,,2.7,1.45,11.35,6.42,,15,49,0.426,0.02,6.243,353,0,0,0,yikim_gucux3 genis_savurusx1 kivilcimx3,40,0.141,45,11,33,0,0,0,0,0,25,,0,0,0,0,0,0,0,0,0,0,0.551,20.022,3.067
2,Run50_KirilmaV1,Patlama yolu,bahcivan,standart,101,LAB R25 sinerji B +artci_patlama #1,25,,,156,46,110,0,0,0,81,36,24,14,1,1153,1153,300,1153,65,459,144,54,539,144,54,7072,13,36,34.76,1,2.197,2.026,1.465,9,0.3,2,22,6.68,1.36,1,2.5,2.67,,67,78,24,0,0,2.76,0,9.12,8.78,,15,49,0.366,0,6.243,353,0,0,0,yikim_gucux3 genis_savurusx1 kivilcimx3 artci_patlamax1,42,0.137,45,12,36,0,0,0,0,0,25,,46,46,0,42,29,0,0,0,0,0,0.224,25.622,3.467
2,Run50_KirilmaV1,Patlama yolu,bahcivan,standart,101,LAB R25 A ödülsüz #2,25,,,151,78,51,0,0,22,65,46,21,16,3,1599,1599,300,1599,65,516,149,60,596,149,60,9787,16,45,34.76,1,1.3,2.026,1.465,9,0.3,2,22,8.09,1.09,1.43,2.1,2.38,1.5,89,58,28,36,25,0.87,3.26,8.51,10.38,4.05,15,49,0.564,0.224,4.99,442,0,0,0,yikim_gucux1 genis_savurusx1 kivilcimx2,34,0,45,15,45,0,0,0,0,0,25,,0,0,0,0,0,0,0,0,0,0,0.408,35.533,3.356
2,Run50_KirilmaV1,Patlama yolu,bahcivan,standart,101,LAB R25 B +artci_patlama #2,25,,,168,68,75,0,0,25,75,49,25,12,7,1991,1991,300,1991,65,564,242,60,644,242,60,10805,17,48,34.76,1,1.3,2.026,1.465,9,0.3,2,22,7.36,1.19,1.36,1.75,1.25,2,66,55,38,29,25,1.14,2.67,3.29,3.55,3.03,15,49,0.522,0.204,4.99,442,0,0,0,yikim_gucux1 genis_savurusx1 kivilcimx2 artci_patlamax1,41,0,45,16,48,0,0,0,0,0,25,,41,41,0,37,19,0,0,0,0,0,0.388,44.244,3.733
2,Run50_KirilmaV1,Patlama yolu,bahcivan,standart,101,LAB R25 sinerji A ödülsüz #2,25,,,142,52,90,0,0,0,76,33,22,10,1,964,964,300,964,65,426,132,42,506,132,42,6320,12,33,34.76,1,2.197,2.026,1.465,9,0.3,2,22,7.27,1.28,1.67,1.82,2,,76,44,38,33,0,2.52,5.85,7.18,7.43,,15,49,0.418,0.041,6.243,353,0,0,0,yikim_gucux3 genis_savurusx1 kivilcimx3,37,0.1,45,11,33,0,0,0,0,0,25,,0,0,0,0,0,0,0,0,0,0,0.327,21.422,3.156
2,Run50_KirilmaV1,Patlama yolu,bahcivan,standart,101,LAB R25 sinerji B +artci_patlama #2,25,,,161,44,117,0,0,0,76,37,28,16,4,1640,1640,300,1640,65,495,214,60,575,214,60,7664,14,39,34.76,1,2.197,2.026,1.465,9,0.3,2,22,6.82,1.32,1.27,2,1.57,1,70,52,25,10,0,1.81,1.89,9.12,2.02,0,15,49,0.361,0.061,6.243,353,0,0,0,yikim_gucux3 genis_savurusx1 kivilcimx3 artci_patlamax1,43,0.186,45,13,39,0,0,0,0,0,25,,44,44,0,52,33,0,0,0,0,0,0.143,36.444,3.578
2,Run50_KirilmaV1,Patlama yolu,bahcivan,standart,101,LAB R25 A ödülsüz #3,25,,,155,79,53,0,0,23,67,42,27,18,1,1479,1479,300,1479,65,453,185,54,533,185,54,10335,17,48,34.76,1,1.3,2.026,1.465,9,0.3,2,22,8.14,1.21,1.32,1.27,1.73,2,76,59,59,43,0,1.79,2.86,0.55,5.15,6.1,15,49,0.574,0.163,4.99,442,0,0,0,yikim_gucux1 genis_savurusx1 kivilcimx2,35,0,45,16,48,0,0,0,0,0,25,,0,0,0,0,0,0,0,0,0,0,0.469,32.867,3.444
2,Run50_KirilmaV1,Patlama yolu,bahcivan,standart,101,LAB R25 B +artci_patlama #3,25,,,173,74,79,0,0,20,78,48,29,15,3,1623,1623,300,1623,65,612,174,57,692,174,57,11056,17,48,34.76,1,1.3,2.026,1.465,9,0.3,2,22,7.77,1.23,1.41,1.44,1.17,1,73,50,52,31,100,1.74,2.85,2.93,1.35,0,15,49,0.522,0.143,4.99,442,0,0,0,yikim_gucux1 genis_savurusx1 kivilcimx2 artci_patlamax1,42,0.003,45,16,48,0,0,0,0,0,25,,45,45,0,45,20,0,0,0,0,0,0.531,36.067,3.844
2,Run50_KirilmaV1,Patlama yolu,bahcivan,standart,101,LAB R25 sinerji A ödülsüz #3,25,,,146,53,93,0,0,0,68,41,21,13,3,1331,1331,300,1331,65,495,172,39,575,172,39,6816,13,36,34.76,1,2.197,2.026,1.465,9,0.3,2,22,7.18,1.28,1.35,2,2.17,,80,59,53,36,0,1.54,2.26,6.48,7.43,,15,49,0.411,0.061,6.243,353,0,0,0,yikim_gucux3 genis_savurusx1 kivilcimx3,38,0.055,45,12,36,0,0,0,0,0,25,,0,0,0,0,0,0,0,0,0,0,0.449,29.578,3.244
2,Run50_KirilmaV1,Patlama yolu,bahcivan,standart,101,LAB R25 sinerji B +artci_patlama #3,25,,,152,44,108,0,0,0,75,36,22,16,3,1441,1441,300,1441,65,486,178,48,566,178,48,7104,13,36,34.76,1,2.197,2.026,1.465,9,0.3,2,22,6.91,1.36,1.27,1.56,1.5,,63,52,38,10,0,2.39,0.55,7.43,4.05,,15,49,0.392,0.041,6.243,353,0,0,0,yikim_gucux3 genis_savurusx1 kivilcimx3 artci_patlamax1,41,0.06,45,12,36,0,0,0,0,0,25,,44,44,0,50,31,0,0,0,0,0,0.306,32.022,3.378
2,Run50_KirilmaV1,Patlama yolu,bahcivan,standart,101,LAB R40 A ödülsüz #1,40,,,250,85,131,0,0,34,86,83,48,29,4,4174,4174,2800,4174,500,1156,705,174,1236,705,174,16973,22,63,83.44,1.6,1.69,1.673,1.934,9,0.367,2,26,6,1.03,1.17,1.31,1.5,1,98,66,67,50,100,0.05,1.27,2.51,3.07,0,22,81,0.773,0.605,4.143,880,0,0,0,yikim_gucux2 genis_savurusx1 kivilcimx3 canavar_kesimix1,44,0,45,21,63,0,0,0,0,0,40,,0,0,0,0,0,0,0,0,0,0,0.827,92.756,5.556
2,Run50_KirilmaV1,Patlama yolu,bahcivan,standart,101,LAB R40 B +artci_patlama #1,40,,,294,83,191,0,0,20,128,77,50,30,9,5157,5157,2800,5157,500,1335,772,249,1415,772,249,18928,23,66,83.44,1.6,1.69,1.673,1.934,9,0.367,2,26,6,1.03,1.21,1.44,1.43,1,90,73,58,43,50,0.18,1.97,3.71,4.07,0,22,81,0.737,0.556,4.143,880,0,0,0,yikim_gucux2 genis_savurusx1 kivilcimx3 canavar_kesimix1 artci_patlamax1,50,0,45,22,66,0,0,0,0,0,40,,62,62,0,86,62,0,0,0,0,0,0.753,114.6,6.533
2,Run50_KirilmaV1,Patlama yolu,bahcivan,standart,101,LAB R40 A ödülsüz #2,40,,,233,82,117,0,0,34,94,56,51,26,6,4238,4238,2800,4238,500,1010,698,202,1090,698,202,15678,21,60,83.44,1.6,1.69,1.673,1.934,9,0.367,2,26,6,1,1.08,1.44,2,1,95,73,52,29,50,0,0.97,3.76,7.44,0,22,81,0.784,0.58,4.143,880,0,0,0,yikim_gucux2 genis_savurusx1 kivilcimx3 canavar_kesimix1,51,0,45,20,60,0,0,0,0,0,40,,0,0,0,0,0,0,0,0,0,0,0.778,94.178,5.178
2,Run50_KirilmaV1,Patlama yolu,bahcivan,standart,101,LAB R40 B +artci_patlama #2,40,,,333,84,211,0,0,38,125,92,64,43,9,6186,6186,2800,6186,500,1523,854,350,1603,854,350,22360,25,72,83.44,1.6,1.69,1.673,1.934,9,0.367,2,26,6,1.05,1.24,1,1.92,1,94,72,81,25,50,0.34,2.79,0,8.51,0,22,81,0.708,0.481,4.143,880,0,0,0,yikim_gucux2 genis_savurusx1 kivilcimx3 canavar_kesimix1 artci_patlamax1,57,0,45,24,72,0,0,0,0,0,40,,63,63,0,105,78,0,0,0,0,0,0.704,137.467,7.4
2,Run50_KirilmaV1,Patlama yolu,bahcivan,standart,101,LAB R40 A ödülsüz #3,40,,,272,88,136,0,0,48,111,81,44,32,4,4308,4308,2800,4308,500,1303,528,238,1383,528,238,17731,22,63,83.44,1.6,1.69,1.673,1.934,9,0.367,2,26,6,1,1.09,1.18,1.5,1,100,75,64,38,75,0,1.14,1.37,4.86,0,22,81,0.759,0.531,4.143,880,0,0,0,yikim_gucux2 genis_savurusx1 kivilcimx3 canavar_kesimix1,59,0,45,21,63,0,0,0,0,0,40,,0,0,0,0,0,0,0,0,0,0,0.815,95.733,6.044
2,Run50_KirilmaV1,Patlama yolu,bahcivan,standart,101,LAB R40 B +artci_patlama #3,40,,,328,89,191,0,0,48,134,89,58,36,11,6062,6062,2800,6062,500,1792,825,239,1872,825,239,21840,24,69,83.44,1.6,1.69,1.673,1.934,9,0.367,2,26,6,1,1.08,1.08,2,1.5,95,86,60,33,67,0,0.42,0.52,6.67,3.34,22,81,0.705,0.519,4.143,880,0,0,0,yikim_gucux2 genis_savurusx1 kivilcimx3 canavar_kesimix1 artci_patlamax1,60,0,45,23,69,0,0,0,0,0,40,,66,66,0,82,54,0,0,0,0,0,0.741,134.711,7.289
3,Run50_KirilmaV1,Patlama yolu,bahcivan,standart,102,ödülsüz eş,1,,,13,13,0,0,0,0,10,3,0,0,0,19,19,45,0,0,32,0,0,32,0,0,290,1,0,10,1,1,3,0.9,4,0.3,2,13,2.08,1.8,2.67,,,,36,0,,,,2.4,5,,,,2,4,0.346,0,8,23,0,0,2,,4,0.203,45,0,0,0,0,0,0,0,0,,0,0,0,0,0,0,0,0,0,0,1,0.422,0.289
3,Run50_KirilmaV1,Patlama yolu,bahcivan,standart,102,ödülsüz eş,2,,,18,18,0,0,0,0,14,3,1,0,0,33,52,45,0,0,40,4,0,40,4,0,410,2,3,11.33,1,1,3,0.9,4,0.3,2,14,2.36,1.57,2.67,3,,,38,0,0,,,1.93,5,9,,,3,5,0.391,0,8,28,2,2,1,,4,0.11,45,1,3,0,0,0,0,0,0,,0,0,0,0,0,0,0,0,0,0,0.2,0.733,0.4
3,Run50_KirilmaV1,Patlama yolu,bahcivan,standart,102,ödülsüz eş,3,,,20,16,4,0,0,0,13,3,4,0,0,62,114,45,0,0,38,16,0,38,20,0,510,3,3,11.33,1,1,3,0.9,4,0.3,2,14,2.79,1.82,2,2.33,,,31,0,0,,,3.55,6,5,,,4,7,0.449,0,8,39,0,2,1,,6,0.163,45,2,6,3,0,0,2,2,3,,0,0,0,0,0,0,0,0,0,0,0.714,1.378,0.444
3,Run50_KirilmaV1,Patlama yolu,bahcivan,standart,102,ödülsüz eş,4,,,22,19,3,0,0,0,16,5,1,0,0,41,155,45,0,0,52,4,0,57,24,0,510,5,6,11.33,1,1,3,0.9,4,0.3,2,14,3,1.62,2.2,4,,,23,0,0,,,3.69,4.2,12,,,5,8,0.509,0.125,7.804,46,2,4,1,,5,0.04,45,4,12,6,0,0,2,2,3,,0,0,0,0,0,0,0,0,0,0,0.625,0.911,0.489
3,Run50_KirilmaV1,Patlama yolu,bahcivan,standart,102,ödülsüz eş,5,,,24,19,5,0,0,0,18,5,1,0,0,43,198,45,43,8,56,4,0,72,28,0,581,6,3,12,1,1,2.892,0.9,4,0.3,2,15,3.27,2,2.25,1,,,0,0,,,,5.17,6.52,0,,,6,9,0.526,0,7.672,53,3,7,1,,8,0.109,45,5,15,9,3,0,2,2,3,,0,0,0,0,0,0,0,0,0,0,0.667,0.956,0.533
3,Run50_KirilmaV1,Patlama yolu,bahcivan,standart,102,ödülsüz eş,6,,,30,21,9,0,0,0,26,4,0,0,0,38,38,110,0,0,68,0,0,74,28,0,674,7,3,12.67,1,1.3,2.789,0.9,4,0.3,2,16,3.13,1.65,2,,,,26,20,,,,3.9,2.8,,,,6,9,0.475,0.111,7.484,54,5,12,0,yikim_gucux1,7,0.045,45,6,18,9,6,0,2,2,3,,0,0,0,0,0,0,0,0,0,0,0.667,0.844,0.667
3,Run50_KirilmaV1,Patlama yolu,bahcivan,standart,102,ödülsüz eş,7,,,36,21,12,0,0,3,28,6,1,1,0,87,125,110,0,0,80,4,2,83,32,2,876,9,6,13.33,1,1.3,2.789,0.9,4,0.3,2,16,3.19,1.5,1.4,2,3,,33,75,0,,,2.19,3.34,5.57,13.93,,8,12,0.525,0.167,7.38,73,1,13,2,yikim_gucux1,8,0,45,8,24,12,6,0,2,2,3,,0,0,0,0,0,0,0,0,0,0,0.5,1.933,0.8
3,Run50_KirilmaV1,Patlama yolu,bahcivan,standart,102,ödülsüz eş,8,,,35,27,7,0,0,1,25,7,3,0,0,76,201,110,0,0,78,12,0,81,44,2,920,10,3,13.33,1,1.3,2.789,0.9,4,0.3,2,16,3.69,1.35,2.2,3,,,41,17,0,,,2.09,8.37,13.93,,,10,16,0.624,0.188,7.206,100,0,13,2,yikim_gucux1,10,0,45,9,27,18,6,0,2,2,3,,0,0,0,0,0,0,0,0,0,0,0.563,1.689,0.778
3,Run50_KirilmaV1,Patlama yolu,bahcivan,standart,102,ödülsüz eş,9,,,38,20,16,0,0,2,31,5,2,0,0,76,277,110,0,0,87,8,0,87,52,2,975,12,6,13.33,1,1.3,2.789,0.9,4,0.3,2,16,3.81,1.6,2.75,3,,,38,0,0,,,4.65,12.55,19.53,,,11,18,0.669,0.389,7.243,112,2,15,1,yikim_gucux1,10,0,45,11,33,21,6,0,2,2,3,,0,0,0,0,0,0,0,0,0,0,0.5,1.689,0.844
3,Run50_KirilmaV1,Patlama yolu,bahcivan,standart,102,ödülsüz eş,10,,,26,15,9,0,0,2,20,4,2,0,0,58,335,110,58,16,60,8,0,60,60,2,704,13,3,14,1,1.3,2.689,0.9,4,0.3,2,16,3.44,1.78,2.5,2,,,17,0,0,,,5.09,12.09,13.43,,,12,20,0.58,0.3,7.096,127,4,19,1,yikim_gucux1,7,0,45,12,36,25,8,0,2,2,3,,0,0,0,0,0,0,0,0,0,0,0.7,1.289,0.578
3,Run50_KirilmaV1,Patlama yolu,bahcivan,standart,102,ödülsüz eş,11,,,37,23,14,0,0,0,29,5,3,0,0,81,81,150,0,0,83,12,0,84,72,2,944,14,3,15.64,1,1.69,2.689,0.9,4,0.3,2,16,3.94,1.67,2.67,1.5,,,17,0,33,,,4.48,17.02,4.03,,,13,21,0.752,0.476,7.121,133,2,21,1,yikim_gucux2,10,0,45,13,39,25,11,0,2,2,3,,0,0,0,0,0,0,0,0,0,0,0.476,1.8,0.822
3,Run50_KirilmaV1,Patlama yolu,bahcivan,standart,102,ödülsüz eş,12,,,44,25,13,0,0,6,34,8,2,0,0,81,162,150,0,0,142,8,0,148,50,2,1207,15,3,16.36,1,1.69,2.5,0.9,4,0.3,2,17,3.71,1.43,2,,,,47,0,,,,5.36,6.88,,,,13,21,0.647,0.381,6.947,136,7,28,0,yikim_gucux2,13,0,45,14,42,25,14,0,2,2,3,,0,0,0,0,0,0,0,0,0,0,0.714,1.8,0.978
3,Run50_KirilmaV1,Patlama yolu,bahcivan,standart,102,ödülsüz eş,13,,,52,25,17,0,0,10,36,14,2,0,0,103,265,150,0,0,178,8,0,186,58,2,1449,17,6,18.13,1,1.69,2.5,0.9,4,0.3,2,17,3.65,1.31,1.75,3,,,41,18,0,,,2.03,3.75,22.5,,,14,24,0.659,0.333,6.968,155,3,31,1,yikim_gucux2,16,0,45,16,48,28,14,0,2,2,3,,0,0,0,0,0,0,0,0,0,0,0.917,2.289,1.156
3,Run50_KirilmaV1,Patlama yolu,bahcivan,standart,102,ödülsüz eş,14,,,42,23,9,0,0,10,28,10,4,0,0,106,371,150,0,0,134,16,0,140,49,2,1295,18,3,18.13,1,1.69,2.5,0.9,4,0.3,2,17,4,1.44,1.5,2.67,,,24,0,0,0,,3.28,1.88,10.83,,,16,28,0.759,0.464,6.755,187,3,34,2,yikim_gucux2,15,0,45,17,51,34,14,0,2,2,3,,0,0,0,0,0,0,0,0,0,0,0.964,2.356,0.933
3,Run50_KirilmaV1,Patlama yolu,bahcivan,standart,102,ödülsüz eş,15,,,43,21,15,0,0,7,28,8,6,1,0,144,515,150,144,30,132,24,2,151,73,4,1428,19,3,19.2,1,1.69,2.41,0.9,4,0.3,2,18,4,1.38,2.4,1.33,,,22,0,0,0,,4.27,9.15,1.6,,,17,29,0.782,0.621,6.618,197,5,39,1,yikim_gucux2,11,0,45,18,54,37,14,0,2,2,3,,0,0,0,0,0,0,0,0,0,0,0.862,3.2,0.956
3,Run50_KirilmaV1,Patlama yolu,bahcivan,standart,102,ödülsüz eş,16,,,61,34,27,0,0,0,40,15,5,1,0,167,167,220,0,0,210,20,2,216,68,6,2054,20,3,20.27,1,1.69,1.975,0.935,4,0.3,2,22,3.86,1.57,1.6,1.5,2,,40,33,0,,,3.67,4.75,5.92,5.93,,17,30,0.723,0.533,6.417,210,7,46,2,yikim_gucux2 hizli_bilekx1,14,0,45,19,57,40,14,0,2,2,3,,0,0,0,0,0,0,0,0,0,0,0.733,3.711,1.356
3,Run50_KirilmaV1,Patlama yolu,bahcivan,standart,102,ödülsüz eş,17,,,67,30,37,0,0,0,41,18,5,3,0,257,424,220,0,0,231,25,6,248,68,12,2645,22,6,20.27,1,1.69,1.836,0.97,4,0.3,2,24,3.79,1.43,1.4,1.8,4,,32,6,0,0,0,4.72,2.38,11.74,18.33,,16,32,0.739,0.563,6.078,237,9,55,2,yikim_gucux2 hizli_bilekx1,14,0,45,21,63,43,14,0,2,2,3,,0,0,0,0,0,0,0,0,0,0,0.563,5.711,1.489
3,Run50_KirilmaV1,Patlama yolu,bahcivan,standart,102,ödülsüz eş,18,,,70,35,35,0,0,0,41,12,13,2,2,479,903,220,0,0,195,85,13,197,93,25,2932,24,6,24.3,1,1.69,1.836,0.97,4,0.3,2,24,3.96,1.55,1.86,1.86,,2,29,11,30,0,0,3.21,6.56,6.29,,1.83,16,35,0.713,0.457,5.929,266,5,60,2,yikim_gucux2 hizli_bilekx1,17,0,45,23,69,49,14,0,2,2,3,,0,0,0,0,0,0,0,0,0,0,0.914,10.644,1.556
3,Run50_KirilmaV1,Patlama yolu,bahcivan,standart,102,ödülsüz eş,19,,,93,52,35,0,0,6,52,29,7,5,0,449,1352,220,0,0,330,42,10,332,65,35,4087,26,6,24.3,1,1.69,1.836,1.04,6,0.3,2,24,5.88,1.49,1.67,2.2,2.33,,30,25,0,0,,3.41,3.26,11.01,8.56,,17,39,0.708,0.41,5.635,311,5,65,3,yikim_gucux2 hizli_bilekx1,21,0,45,25,75,49,20,0,2,2,3,,0,0,0,0,0,0,0,0,0,0,0.744,9.978,2.067
3,Run50_KirilmaV1,Patlama yolu,bahcivan,standart,102,ödülsüz eş,20,,,103,44,36,0,0,23,65,21,13,3,1,690,2042,220,690,45,321,100,6,322,140,41,4596,28,6,24.3,1,1.69,1.836,1.04,6,0.3,2,24,5.67,1.59,1.5,1.71,2.5,,38,8,0,0,0,3.74,3.44,4.2,14.68,,18,46,0.559,0.261,5.561,372,2,67,4,yikim_gucux2 hizli_bilekx1,20,0,45,27,81,49,26,0,2,2,3,,0,0,0,0,0,0,0,0,0,0,0.435,15.333,2.289
3,Run50_KirilmaV1,Patlama yolu,bahcivan,standart,102,ödülsüz eş,21,,,140,59,77,0,0,4,78,40,12,8,2,1018,1018,300,0,0,519,72,26,591,199,47,6440,30,6,25.51,1,1.69,1.561,1.075,6,0.3,2,28,6,1.46,1.4,1.67,2,3,47,22,0,0,100,2.92,2.7,3.12,9.37,32.77,18,49,0.642,0.265,5.416,407,3,70,4,yikim_gucux2 hizli_bilekx2,31,0,45,29,87,49,32,0,2,2,3,,0,0,0,0,0,0,0,0,0,0,0.714,22.622,3.111
3,Run50_KirilmaV1,Patlama yolu,bahcivan,standart,102,ödülsüz eş,22,,,175,71,97,0,0,7,83,48,27,13,4,1844,2862,300,0,0,582,206,36,623,217,63,8690,33,9,29.99,1,1.69,1.512,1.075,6,0.3,2,29,5.9,1.25,1.35,1.42,1.75,2,73,29,31,14,0,1.85,2.49,1.51,6.05,12.1,17,49,0.614,0.388,5.237,421,5,75,1,yikim_gucux2 hizli_bilekx2,33,0,45,32,96,49,38,0,2,2,3,,0,0,0,0,0,0,0,0,0,0,0.551,40.978,3.889
3,Run50_KirilmaV1,Patlama yolu,bahcivan,standart,102,ödülsüz eş,23,,,173,62,101,0,0,10,69,53,27,21,3,1831,4693,300,0,0,570,185,74,658,371,97,9137,35,6,33.24,1,1.69,1.464,1.145,6,0.3,2,30,6,1.16,1.47,1.46,1.57,,73,45,22,8,0,1.75,3.01,3.61,1.68,,14,49,0.619,0.347,4.967,444,6,81,2,yikim_gucux2 hizli_bilekx2,32,0,45,34,102,49,47,0,2,2,3,,0,0,0,0,0,0,0,0,0,0,0.673,40.689,3.844
3,Run50_KirilmaV1,Patlama yolu,bahcivan,standart,102,ödülsüz eş,24,,,229,59,157,0,0,13,105,62,42,13,7,2592,7285,300,0,0,822,298,63,930,374,160,11567,38,9,38.16,1,1.69,1.464,1.145,6,0.3,2,30,5.97,1.32,1.14,1.07,1.43,1.5,62,80,71,20,25,2.46,1.46,0.52,5.86,2.93,14,49,0.537,0.327,4.912,449,5,86,0,yikim_gucux2 hizli_bilekx2,39,0,45,37,111,49,53,0,2,2,3,,0,0,0,0,0,0,0,0,0,0,0.429,57.6,5.089
3,Run50_KirilmaV1,Patlama yolu,bahcivan,standart,102,ödülsüz eş,25,,,190,61,109,0,0,20,72,55,34,20,9,3242,10527,300,3242,65,738,292,96,788,356,106,10398,40,6,39.82,1,1.69,1.418,1.145,6,0.3,2,31,6,1.3,1.75,1.55,1,1.8,64,34,30,67,14,1.79,3.37,4.51,0,7.09,14,55,0.67,0.364,4.645,533,8,94,3,yikim_gucux2 hizli_bilekx2,40,0,45,39,117,49,62,0,2,2,3,,0,0,0,0,0,0,0,0,0,0,0.691,72.044,4.222
3,Run50_KirilmaV1,Patlama yolu,bahcivan,standart,102,ödülsüz eş,26,,,180,63,106,0,0,11,58,53,43,19,7,2754,2754,500,0,0,540,436,69,698,504,115,10076,41,3,43.38,1,1.69,1.418,1.145,6,0.3,2,31,6,1.42,1.42,1.88,2,3,54,42,24,38,0,2.39,1.86,6.11,3.78,8.99,21,81,0.751,0.383,5.041,723,2,96,11,yikim_gucux2 hizli_bilekx2 kivilcimx1,32,0,45,40,120,55,62,0,2,2,3,,0,0,0,0,0,0,0,0,0,0,0.802,61.2,4
3,Run50_KirilmaV1,Patlama yolu,bahcivan,standart,102,ödülsüz eş,27,,,221,64,132,0,0,25,94,50,47,22,8,3038,5792,500,0,0,684,410,144,832,744,259,11803,43,6,43.38,1,1.69,1.373,1.145,6,0.3,2,32,6,1.42,1.7,1.53,2.17,1,66,35,22,14,0,1.48,4.26,2.18,5.27,0,21,81,0.729,0.346,5.041,723,4,100,0,yikim_gucux2 hizli_bilekx2 kivilcimx1,54,0,45,42,126,58,62,0,2,2,3,,0,0,0,0,0,0,0,0,0,0,0.728,67.511,4.911
3,Run50_KirilmaV1,Patlama yolu,bahcivan,standart,102,ödülsüz eş,28,,,238,72,149,0,0,17,89,62,52,27,8,3491,9283,500,0,0,857,476,153,1024,660,347,13156,45,6,49.54,1,1.69,1.373,1.265,6,0.3,2,32,6,1.3,1.47,1.36,1.6,2,57,55,41,15,17,1.02,2.29,2.25,3.43,6.87,21,81,0.715,0.469,4.827,755,7,107,0,yikim_gucux2 hizli_bilekx2 kivilcimx1,44,0,45,44,132,64,62,0,2,2,3,,0,0,0,0,0,0,0,0,0,0,0.827,77.578,5.289
3,Run50_KirilmaV1,Patlama yolu,bahcivan,standart,102,ödülsüz eş,29,,,222,68,144,0,0,10,85,52,47,30,8,3751,13034,500,0,0,979,466,120,1003,706,467,12436,47,6,49.54,1,1.69,1.33,1.265,6,0.3,2,33,6,1.35,1.43,1.42,1.67,1.33,68,35,27,12,0,1.13,1.05,2.31,1.67,1.78,21,81,0.736,0.543,4.574,797,5,112,0,yikim_gucux2 hizli_bilekx2 kivilcimx1,43,0,45,46,138,70,62,0,2,2,3,,0,0,0,0,0,0,0,0,0,0,0.864,83.356,4.933
3,Run50_KirilmaV1,Patlama yolu,bahcivan,standart,102,ödülsüz eş,30,,,205,70,119,0,0,16,74,55,44,28,4,3098,16132,500,3098,100,852,462,112,875,1058,499,11306,48,3,53.29,1,1.69,1.33,1.315,6,0.3,2,33,6,1.38,1.33,1.57,1.79,,63,44,29,22,0,1.65,2.91,3.23,3.33,,21,81,0.634,0.383,4.498,810,6,118,0,yikim_gucux2 hizli_bilekx2 kivilcimx1,41,0,45,47,141,76,62,0,2,2,3,,0,0,0,0,0,0,0,0,0,0,0.753,68.844,4.556
3,Run50_KirilmaV1,Patlama yolu,bahcivan,standart,102,ödülsüz eş,31,,,318,93,185,0,0,40,127,76,71,32,12,5199,5199,1200,0,0,1290,779,218,1420,1117,717,17178,50,6,56.1,1,1.69,1.095,1.365,6,0.3,2,41,6,1.25,1.29,1.5,1.91,1.67,71,51,30,29,43,1.54,2.01,2.46,3.19,5.11,21,81,0.669,0.444,4.335,841,4,122,0,yikim_gucux2 hizli_bilekx3 kivilcimx1,58,0,45,49,147,79,62,0,2,2,3,,0,0,0,0,0,0,0,0,0,0,0.457,115.533,7.067
3,Run50_KirilmaV1,Patlama yolu,bahcivan,standart,102,ödülsüz eş,32,,,287,88,184,0,0,15,110,77,56,34,10,5309,10508,1200,0,0,1172,634,290,1362,1271,912,16228,52,6,60.05,1,1.69,1.095,1.365,6,0.3,2,41,6,1.39,1.37,1.47,1.46,1.33,61,54,39,24,14,2.24,2.01,2.83,1.69,2.91,21,81,0.667,0.407,4.277,852,6,128,0,yikim_gucux2 hizli_bilekx3 kivilcimx1,56,0,45,51,153,81,66,0,2,2,3,,0,0,0,0,0,0,0,0,0,0,0.642,117.978,6.378
3,Run50_KirilmaV1,Patlama yolu,bahcivan,standart,102,ödülsüz eş,33,,,288,92,168,0,0,28,120,57,60,36,15,6073,16581,1200,0,0,1246,859,240,1623,950,1152,16502,53,3,60.05,1,1.69,1.095,1.365,6,0.35,2,41,6,1.28,1.2,1.61,1.8,1.86,70,56,24,21,20,0.89,0.66,3.35,5.33,3.76,21,81,0.693,0.506,4.172,874,6,134,0,yikim_gucux2 hizli_bilekx3 kivilcimx1,49,0,45,52,156,81,72,0,2,2,3,,0,0,0,0,0,0,0,0,0,0,0.617,134.956,6.4
3,Run50_KirilmaV1,Patlama yolu,bahcivan,standart,102,ödülsüz eş,34,,,326,89,203,0,0,34,130,79,67,41,9,5990,22571,1200,0,0,1524,708,245,1947,768,1287,18365,55,6,69.27,1,1.69,1.095,1.365,6,0.35,2,41,6,1.14,1.31,1.38,1.3,1,78,50,45,32,0,0.55,2.4,1.96,1.64,0,21,81,0.657,0.407,4.166,875,3,137,0,yikim_gucux2 hizli_bilekx3 kivilcimx1,54,0,45,54,162,81,75,0,2,2,3,,0,0,0,0,0,0,0,0,0,0,0.605,133.111,7.244
3,Run50_KirilmaV1,Patlama yolu,bahcivan,standart,102,ödülsüz eş,35,,,312,94,199,0,0,19,125,79,57,39,12,5993,28564,1200,5993,220,1380,684,295,1857,1022,1582,17667,56,3,69.27,1,1.69,1.061,1.415,9,0.35,2,42,6,1.27,1.33,1.53,1.69,1.4,58,57,40,9,50,0.8,1.42,3.63,7.27,6.79,21,81,0.666,0.42,4.131,882,4,141,0,yikim_gucux2 hizli_bilekx3 kivilcimx1,60,0,45,55,165,81,81,0,2,2,3,,0,0,0,0,0,0,0,0,0,0,0.642,133.178,6.933
3,Run50_KirilmaV1,Patlama yolu,bahcivan,standart,102,ödülsüz eş,36,,,504,199,246,0,0,59,206,118,119,53,8,7697,7697,2800,0,0,1951,1469,328,1998,2051,1785,28665,58,6,73.42,1.6,1.69,1.061,1.465,9,0.35,2,42,8.62,1.01,1.19,1.16,1.37,2,99,75,83,62,50,0.01,1.22,1.06,3.07,4.23,21,81,0.537,0.309,4.006,910,6,147,0,yikim_gucux2 hizli_bilekx3 kivilcimx1 canavar_kesimix1,73,0,45,57,171,81,84,0,2,2,3,,0,0,0,0,0,0,0,0,0,0,0.617,171.044,11.2
3,Run50_KirilmaV1,Patlama yolu,bahcivan,standart,102,ödülsüz eş,37,,,518,210,259,0,0,49,188,139,115,59,17,9904,17601,2800,0,0,2328,1345,505,2726,1796,2290,30350,60,6,83.44,1.6,1.69,1.061,1.465,9,0.35,2,42,8.69,1,1.06,1.08,1.04,1,100,89,81,70,64,0,0.17,0.64,0.27,0,21,81,0.533,0.284,3.94,925,3,150,0,yikim_gucux2 hizli_bilekx3 kivilcimx1 canavar_kesimix1,73,0,45,59,177,81,90,0,2,2,3,,0,0,0,0,0,0,0,0,0,0,0.519,220.089,11.511
3,Run50_KirilmaV1,Patlama yolu,bahcivan,standart,102,ödülsüz eş,38,,,510,212,248,0,0,50,186,148,105,59,12,8956,26557,2800,0,0,2271,1365,442,2397,1451,2592,30624,62,6,87.23,1.6,1.69,1.027,1.465,9,0.35,2,43,8.65,1,1.14,1.12,1.1,1.29,99,81,82,74,67,0,1.09,0.63,0.39,2.64,21,81,0.525,0.235,3.844,948,7,157,0,yikim_gucux2 hizli_bilekx3 kivilcimx1 canavar_kesimix1,71,0,45,61,183,81,96,0,2,2,3,,0,0,0,0,0,0,0,0,0,0,0.667,199.022,11.333
3,Run50_KirilmaV1,Patlama yolu,bahcivan,standart,102,ödülsüz eş,39,,,538,208,269,0,0,61,207,149,107,58,17,10088,36645,2800,0,0,2716,1471,458,2753,1782,3050,32235,64,6,87.23,1.6,1.69,1.027,1.565,9,0.4,2,43,8.79,1.01,1.08,1.13,1.29,1.56,98,85,82,65,25,0.04,0.49,0.78,1.46,2.4,21,81,0.538,0.296,3.73,977,8,165,0,yikim_gucux2 hizli_bilekx3 kivilcimx1 canavar_kesimix1,73,0,45,63,189,81,102,0,2,2,3,,0,0,0,0,0,0,0,0,0,0,0.58,224.178,11.956
3,Run50_KirilmaV1,Patlama yolu,bahcivan,standart,102,ödülsüz eş,40,,,472,224,190,0,0,58,177,130,94,60,11,8955,45600,2800,8955,500,2327,1343,406,2630,1725,3301,27941,66,6,98.13,1.6,1.69,0.995,1.565,9,0.4,2,45,8.33,1,1.1,1.12,1.38,1.5,100,82,82,64,57,0,0.82,0.54,1.33,0.83,21,81,0.442,0.247,3.642,1001,4,169,0,yikim_gucux2 hizli_bilekx3 kivilcimx1 canavar_kesimix1,75,0,45,65,195,81,108,0,2,2,3,,0,0,0,0,0,0,0,0,0,0,0.494,199,10.489
3,Run50_KirilmaV1,Patlama yolu,bahcivan,standart,102,ödülsüz eş,41,,,721,321,321,0,0,79,270,200,149,78,24,14688,14688,4500,0,0,3782,2304,606,4482,2759,3757,44673,68,6,98.13,1.6,1.69,0.696,1.565,9,0.4,2.111,64,8.31,1.01,1.04,1.13,1.17,1.5,98,86,81,75,50,0.06,0.07,0.46,0.83,1.63,21,81,0.447,0.235,3.522,1035,6,175,0,yikim_gucux2 hizli_bilekx3 kivilcimx1 canavar_kesimix1 firtina_bilegix1,100,0,45,67,201,81,114,0,2,2,3,,0,0,0,0,0,0,0,0,0,0,0.37,326.4,16.022
3,Run50_KirilmaV1,Patlama yolu,bahcivan,standart,102,ödülsüz eş,42,,,720,308,332,0,0,80,266,208,122,90,34,16854,31542,4500,0,0,4202,1914,852,4429,2370,2499,47018,70,6,109.63,1.6,1.69,0.696,1.565,9,0.4,2.111,64,8.64,1,1.21,1.23,1.36,1.58,100,74,76,65,46,0,1.48,1.46,1.79,2.31,22,107,0.572,0.206,3.488,1380,7,182,9,yikim_gucux2 hizli_bilekx3 kivilcimx1 canavar_kesimix1 firtina_bilegix1,106,0,45,69,207,81,120,0,2,2,3,,0,0,0,0,0,0,0,0,0,0,0.71,374.533,16
3,Run50_KirilmaV1,Patlama yolu,bahcivan,standart,102,ödülsüz eş,43,,,774,330,387,0,0,57,301,176,170,102,25,17539,49081,4500,0,0,3980,2628,810,4149,4298,3114,50652,72,6,109.63,1.6,1.69,0.696,1.665,9,0.417,2.222,64,8.94,1,1.13,1.19,1.13,1.22,99,78,72,69,50,0,0.74,1.22,1.12,0.85,28,121,0.581,0.446,3.795,1435,8,190,6,yikim_gucux2 hizli_bilekx3 kivilcimx1 canavar_kesimix1 firtina_bilegix1,113,0,45,71,213,87,120,0,2,2,3,,0,0,0,0,0,0,0,0,0,0,0.587,389.756,17.2
3,Run50_KirilmaV1,Patlama yolu,bahcivan,standart,102,ödülsüz eş,44,,,774,326,385,0,0,63,308,177,158,104,27,18368,67449,4500,0,0,4205,2523,846,4554,4351,3960,52718,74,6,121.72,1.6,1.69,0.696,1.665,9,0.417,2.222,64,8.97,1,1.16,1.1,1.2,1.5,100,81,75,72,50,0,1.24,0.84,2.01,1.34,28,121,0.585,0.421,3.795,1435,4,194,0,yikim_gucux2 hizli_bilekx3 kivilcimx1 canavar_kesimix1 firtina_bilegix1,107,0,45,73,219,93,120,0,2,2,3,,0,0,0,0,0,0,0,0,0,0,0.504,408.178,17.2
3,Run50_KirilmaV1,Patlama yolu,bahcivan,standart,102,ödülsüz eş,45,,,721,321,330,0,0,70,252,176,158,104,31,20245,87694,4500,20245,800,4115,2385,936,5459,4836,4656,52364,76,6,126.4,1.6,1.69,0.696,1.665,9,0.45,2.333,64,9,1.03,1.19,1.19,1.29,1.22,95,81,73,64,57,0.12,1.51,1.65,1.82,1.78,28,121,0.605,0.446,3.777,1441,6,200,0,yikim_gucux2 hizli_bilekx3 kivilcimx1 canavar_kesimix1 firtina_bilegix1,106,0,45,75,225,99,120,0,2,2,3,,0,0,0,0,0,0,0,0,0,0,0.711,449.889,16.022
3,Run50_KirilmaV1,Patlama yolu,bahcivan,standart,102,ödülsüz eş,46,,,804,317,415,0,0,72,288,201,184,111,20,19233,19233,6000,0,0,4395,2574,888,5554,7410,5544,59553,78,6,134.4,1.6,1.69,0.696,1.665,9,0.45,2.333,64,8.95,1,1.13,1.11,1.09,1.33,100,85,81,77,47,0,1.06,0.62,0.56,5.42,28,121,0.579,0.421,3.596,1514,2,202,0,yikim_gucux2 hizli_bilekx3 kivilcimx2 canavar_kesimix1 firtina_bilegix1,116,0,45,77,231,105,120,0,2,2,3,,0,0,0,0,0,0,0,0,0,0,0.554,427.4,17.867
3,Run50_KirilmaV1,Patlama yolu,bahcivan,standart,102,ödülsüz eş,47,,,800,317,412,0,0,71,281,212,162,111,34,22675,41908,6000,0,0,4780,2547,1020,5134,9957,6274,59517,80,6,142.4,1.6,1.69,0.696,1.665,9,0.45,2.444,64,8.94,1,1.15,1.12,1.18,1.61,100,86,80,69,52,0,1.53,0.69,0.93,3.95,28,121,0.575,0.38,3.57,1525,3,205,0,yikim_gucux2 hizli_bilekx3 kivilcimx2 canavar_kesimix1 firtina_bilegix1,115,0,45,79,237,111,120,0,2,2,3,,0,0,0,0,0,0,0,0,0,0,0.579,503.889,17.778
3,Run50_KirilmaV1,Patlama yolu,bahcivan,standart,102,ödülsüz eş,48,,,808,314,395,0,0,99,277,232,174,90,35,22339,64247,6000,0,0,5095,2787,828,8829,12744,7102,64372,82,6,142.4,1.6,1.69,0.696,1.665,9,0.45,2.444,64,8.98,1.01,1.09,1.11,1.21,1.07,99,88,82,65,74,0.07,0.76,1.02,2.42,0.6,28,121,0.592,0.43,3.485,1562,1,206,0,yikim_gucux2 hizli_bilekx3 kivilcimx2 canavar_kesimix1 firtina_bilegix1,115,0,45,81,243,117,120,0,2,2,3,,0,0,0,0,0,0,0,0,0,0,0.562,496.422,17.956
3,Run50_KirilmaV1,Patlama yolu,bahcivan,standart,102,ödülsüz eş,49,,,795,300,412,0,0,83,283,195,185,97,35,22547,86794,6000,0,0,4305,2775,960,5834,15519,7732,67219,84,6,150.4,1.6,1.69,0.696,1.665,9,0.45,2.556,64,8.97,1,1.16,1.06,1.15,1.4,100,82,87,68,41,0,0.73,0.48,0.87,2.79,28,121,0.603,0.388,3.485,1562,4,210,0,yikim_gucux2 hizli_bilekx3 kivilcimx2 canavar_kesimix1 firtina_bilegix1,110,0,45,83,249,121,122,0,2,2,3,,0,0,0,0,0,0,0,0,0,0,0.579,501.044,17.667
3,Run50_KirilmaV1,Patlama yolu,bahcivan,standart,102,ödülsüz eş,50,,,825,322,413,0,0,90,281,239,181,103,21,19969,106763,6000,0,0,4720,2700,750,6454,18219,8482,69563,86,6,158.4,1.6,1.69,0.696,1.665,9,0.45,2.556,64,8.94,1,1.13,1.09,1.11,1.09,100,82,78,82,67,0,1.12,1.01,1.27,0.38,28,121,0.584,0.413,3.478,1566,1,211,0,yikim_gucux2 hizli_bilekx3 kivilcimx2 canavar_kesimix1 firtina_bilegix1,113,0,45,85,255,121,128,0,2,2,3,,0,0,0,0,0,0,0,0,0,0,0.612,443.756,18.333
3,Run50_KirilmaV1,Patlama yolu,bahcivan,standart,102,ödülsüz eş,50,KAZANDI
3,Run50_KirilmaV1,Patlama yolu,bahcivan,standart,102,LAB R15 A ödülsüz #1,15,,,51,28,20,0,0,3,41,8,2,0,0,87,87,150,87,30,171,8,0,251,8,0,1477,4,9,19.2,1,1.69,2.41,0.9,4,0.3,2,18,3.94,1.38,1.75,,,,48,17,0,,,3.01,4.22,,,,17,29,0.764,0.483,6.618,197,0,0,0,yikim_gucux2,15,0,45,3,9,0,0,0,0,0,15,,0,0,0,0,0,0,0,0,0,0,0.793,1.933,1.133
3,Run50_KirilmaV1,Patlama yolu,bahcivan,standart,102,LAB R15 B +artci_patlama #1,15,,,64,24,35,0,0,5,49,12,2,1,0,139,139,150,139,30,219,8,2,299,8,2,1933,5,12,19.2,1,1.69,2.41,0.9,4,0.3,2,18,3.89,1.47,1.25,,2,,46,18,0,0,,3.3,1.81,,12.07,,17,29,0.681,0.448,6.618,197,0,0,0,yikim_gucux2 artci_patlamax1,16,0,45,4,12,0,0,0,0,0,15,,8,8,0,23,17,0,0,0,0,0,0.931,3.089,1.422
3,Run50_KirilmaV1,Patlama yolu,bahcivan,standart,102,LAB R15 A ödülsüz #2,15,,,45,23,19,0,0,3,30,10,5,0,0,113,113,150,113,30,150,20,0,230,20,0,1435,4,9,19.2,1,1.69,2.41,0.9,4,0.3,2,18,3.94,1.53,1.8,1.33,,,47,9,20,,,3.05,5.29,0.8,,,17,29,0.797,0.414,6.618,197,0,0,0,yikim_gucux2,17,0,45,3,9,0,0,0,0,0,15,,0,0,0,0,0,0,0,0,0,0,0.724,2.511,1
3,Run50_KirilmaV1,Patlama yolu,bahcivan,standart,102,LAB R15 B +artci_patlama #2,15,,,63,27,32,0,0,4,45,13,3,2,0,216,216,150,216,30,213,12,4,293,12,4,1998,5,12,19.2,1,1.69,2.41,0.9,4,0.3,2,18,4,1.6,1.67,3,,,36,25,0,0,,4.1,3.62,36.17,,,17,29,0.714,0.483,6.618,197,0,0,0,yikim_gucux2 artci_patlamax1,15,0,45,4,12,0,0,0,0,0,15,,8,8,0,24,17,0,0,0,0,0,0.552,4.8,1.4
3,Run50_KirilmaV1,Patlama yolu,bahcivan,standart,102,LAB R15 A ödülsüz #3,15,,,55,24,24,0,0,7,42,9,2,2,0,152,152,150,152,30,180,8,4,260,8,4,1688,5,12,19.2,1,1.69,2.41,0.9,4,0.3,2,18,4,1.5,2,,2,,46,33,0,33,,3.5,12.07,,12.07,,17,29,0.746,0.483,6.618,197,0,0,0,yikim_gucux2,15,0,45,4,12,0,0,0,0,0,15,,0,0,0,0,0,0,0,0,0,0,0.724,3.378,1.222
3,Run50_KirilmaV1,Patlama yolu,bahcivan,standart,102,LAB R15 B +artci_patlama #3,15,,,65,25,37,0,0,3,41,19,5,0,0,153,153,150,153,30,237,20,0,317,20,0,2057,5,12,19.2,1,1.69,2.41,0.9,4,0.3,2,18,3.94,1.67,1.75,1.67,,,34,17,50,,,5.49,7.23,1.6,,,17,29,0.693,0.414,6.618,197,0,0,0,yikim_gucux2 artci_patlamax1,17,0,45,4,12,0,0,0,0,0,15,,10,10,0,26,18,0,0,0,0,0,0.724,3.4,1.444
3,Run50_KirilmaV1,Patlama yolu,bahcivan,standart,102,LAB R25 A ödülsüz #1,25,,,188,57,116,0,0,15,80,54,31,17,6,2673,2673,300,2673,65,756,271,51,836,271,51,9832,16,45,39.82,1,1.69,1.418,1.145,6,0.3,2,31,6,1.43,1.68,1.57,1.63,,44,31,50,43,0,1.6,2.92,5.87,7.44,,14,55,0.685,0.309,4.645,533,0,0,0,yikim_gucux2 hizli_bilekx2,45,0,45,15,45,0,0,0,0,0,25,,0,0,0,0,0,0,0,0,0,0,0.836,59.4,4.178
3,Run50_KirilmaV1,Patlama yolu,bahcivan,standart,102,LAB R25 B +artci_patlama #1,25,,,237,54,163,0,0,20,97,65,48,19,8,3274,3274,300,3274,65,825,417,81,905,417,81,12350,19,54,39.82,1,1.69,1.418,1.145,6,0.3,2,31,5.97,1.52,1.77,1.56,1.4,1,48,38,46,40,20,1.53,3.6,4.73,2.84,0,14,55,0.617,0.145,4.645,533,0,0,0,yikim_gucux2 hizli_bilekx2 artci_patlamax1,55,0.001,45,18,54,0,0,0,0,0,25,,37,37,0,70,49,0,0,0,0,0,0.455,72.756,5.267
3,Run50_KirilmaV1,Patlama yolu,bahcivan,standart,102,LAB R25 sinerji A ödülsüz #1,25,,,224,59,165,0,0,0,119,44,43,17,1,1667,1667,300,1667,65,621,328,51,701,328,51,10128,17,48,39.82,1,2.197,1.418,1.145,6,0.3,2,31,6,1.33,1.2,1.33,2,,63,57,54,13,,1.06,0.85,1.89,19.83,,40,81,0.649,0.247,6.09,598,0,0,0,yikim_gucux3 hizli_bilekx2 kivilcimx3,50,0,45,16,48,0,0,0,0,0,25,,0,0,0,0,0,0,0,0,0,0,0.654,37.044,4.978
3,Run50_KirilmaV1,Patlama yolu,bahcivan,standart,102,LAB R25 sinerji B +artci_patlama #1,25,,,246,49,197,0,0,0,125,56,46,16,3,1986,1986,300,1986,65,759,376,48,839,376,48,11200,18,51,39.82,1,2.197,1.418,1.145,6,0.3,2,31,6,1.46,1.54,1.29,2.67,,56,39,42,9,100,1.91,2.73,1.82,10.4,,40,81,0.604,0.321,6.09,598,0,0,0,yikim_gucux3 hizli_bilekx2 artci_patlamax1 kivilcimx3,54,0,45,17,51,0,0,0,0,0,25,,49,49,0,93,74,0,0,0,0,0,0.765,44.133,5.467
3,Run50_KirilmaV1,Patlama yolu,bahcivan,standart,102,LAB R25 A ödülsüz #2,25,,,205,72,110,0,0,23,84,54,36,27,4,2886,2886,300,2886,65,672,279,93,752,279,93,10882,17,48,39.82,1,1.69,1.418,1.145,6,0.3,2,31,5.94,1.23,1.6,1.64,1.4,,71,48,30,38,100,1.55,3.19,1.94,7.79,,14,55,0.673,0.291,4.645,533,0,0,0,yikim_gucux2 hizli_bilekx2,46,0,45,16,48,0,0,0,0,0,25,,0,0,0,0,0,0,0,0,0,0,0.709,64.133,4.556
3,Run50_KirilmaV1,Patlama yolu,bahcivan,standart,102,LAB R25 B +artci_patlama #2,25,,,232,54,170,0,0,8,108,61,41,17,5,2538,2538,300,2538,65,738,287,99,818,287,99,11672,18,51,39.82,1,1.69,1.418,1.145,6,0.3,2,31,6,1.32,1.55,2.27,1.5,1,61,55,12,33,100,1.59,2.96,5.28,1.89,0,14,55,0.639,0.327,4.645,533,0,0,0,yikim_gucux2 hizli_bilekx2 artci_patlamax1,47,0,45,17,51,0,0,0,0,0,25,,36,36,0,83,63,0,0,0,0,0,0.618,56.4,5.156
3,Run50_KirilmaV1,Patlama yolu,bahcivan,standart,102,LAB R25 sinerji A ödülsüz #2,25,,,217,50,167,0,0,0,107,66,25,12,7,2107,2107,300,2107,65,813,310,36,893,310,36,9824,16,45,39.82,1,2.197,1.418,1.145,6,0.3,2,31,6,1.13,1.31,1.29,1.5,2,61,48,50,43,0,0.49,1.15,1.42,4.25,2.12,40,81,0.663,0.284,6.09,598,0,0,0,yikim_gucux3 hizli_bilekx2 kivilcimx3,46,0,45,15,45,0,0,0,0,0,25,,0,0,0,0,0,0,0,0,0,0,0.617,46.822,4.822
3,Run50_KirilmaV1,Patlama yolu,bahcivan,standart,102,LAB R25 sinerji B +artci_patlama #2,25,,,278,58,220,0,0,0,131,80,45,16,6,2474,2474,300,2474,65,921,423,60,1001,423,60,12768,19,54,39.82,1,2.197,1.418,1.145,6,0.3,2,31,6,1.23,1.08,1.25,1.5,2,64,56,43,33,33,0.45,0.71,0.36,7.78,7.1,40,81,0.565,0.21,6.09,598,0,0,0,yikim_gucux3 hizli_bilekx2 artci_patlamax1 kivilcimx3,50,0,45,18,54,0,0,0,0,0,25,,58,58,0,130,88,0,0,0,0,0,0.407,54.978,6.178
3,Run50_KirilmaV1,Patlama yolu,bahcivan,standart,102,LAB R25 A ödülsüz #3,25,,,206,63,124,0,0,19,87,65,32,20,2,2198,2198,300,2198,65,651,278,60,731,278,60,10437,17,48,39.82,1,1.69,1.418,1.145,6,0.3,2,31,6,1.17,1.42,1.88,1.4,1,70,49,48,29,100,0.56,2.46,2.47,2.55,0,14,55,0.662,0.236,4.645,533,0,0,0,yikim_gucux2 hizli_bilekx2,49,0,45,16,48,0,0,0,0,0,25,,0,0,0,0,0,0,0,0,0,0,0.709,48.844,4.578
3,Run50_KirilmaV1,Patlama yolu,bahcivan,standart,102,LAB R25 B +artci_patlama #3,25,,,224,56,156,0,0,12,88,65,43,23,5,2885,2885,300,2885,65,654,355,105,734,355,105,11738,18,51,39.82,1,1.69,1.418,1.145,6,0.3,2,31,6,1.32,1.33,1.77,1,1,59,47,20,27,0,1.93,2.93,3.06,0,0,14,55,0.626,0.218,4.645,533,0,0,0,yikim_gucux2 hizli_bilekx2 artci_patlamax1,51,0,45,17,51,0,0,0,0,0,25,,37,37,0,87,62,0,0,0,0,0,0.709,64.111,4.978
3,Run50_KirilmaV1,Patlama yolu,bahcivan,standart,102,LAB R25 sinerji A ödülsüz #3,25,,,216,51,165,0,0,0,109,54,35,15,3,1779,1779,300,1779,65,651,299,57,731,299,57,9808,16,45,39.82,1,2.197,1.418,1.145,6,0.3,2,31,5.97,1.3,1.19,1.71,2.25,2,64,41,33,29,0,0.8,0.35,6.08,7.09,7.1,40,81,0.667,0.346,6.09,598,0,0,0,yikim_gucux3 hizli_bilekx2 kivilcimx3,44,0,45,15,45,0,0,0,0,0,25,,0,0,0,0,0,0,0,0,0,0,0.593,39.533,4.8
3,Run50_KirilmaV1,Patlama yolu,bahcivan,standart,102,LAB R25 sinerji B +artci_patlama #3,25,,,270,49,221,0,0,0,141,70,38,20,1,1848,1848,300,1848,65,843,293,60,923,293,60,12000,18,51,39.82,1,2.197,1.418,1.145,6,0.3,2,31,6,1.35,1.33,1.42,1.5,,50,49,35,13,0,0.99,0.59,1.06,0.72,,40,81,0.573,0.284,6.09,598,0,0,0,yikim_gucux3 hizli_bilekx2 artci_patlamax1 kivilcimx3,48,0,45,17,51,0,0,0,0,0,25,,49,49,0,100,81,0,0,0,0,0,0.63,41.067,6
3,Run50_KirilmaV1,Patlama yolu,bahcivan,standart,102,LAB R40 A ödülsüz #1,40,,,478,231,205,0,0,42,179,124,107,57,11,8922,8922,2800,8922,500,2283,1456,411,2363,1456,411,28499,27,78,98.13,1.6,1.69,0.995,1.565,9,0.4,2,45,8.24,1,1.13,1.1,1.2,1.2,100,87,83,72,56,0,0.76,0.46,0.95,1.59,21,81,0.447,0.185,3.642,1001,0,0,0,yikim_gucux2 hizli_bilekx3 kivilcimx1 canavar_kesimix1,81,0,45,26,78,0,0,0,0,0,40,,0,0,0,0,0,0,0,0,0,0,0.457,198.267,10.622
3,Run50_KirilmaV1,Patlama yolu,bahcivan,standart,102,LAB R40 B +artci_patlama #1,40,,,513,226,248,0,0,39,205,141,95,58,14,9947,9947,2800,9947,500,2498,1441,440,2578,1441,440,29852,28,81,98.13,1.6,1.69,0.995,1.565,9,0.4,2,45,8.31,1,1.11,1.18,1.33,1.6,100,86,83,64,60,0,0.59,1.34,1.2,2.39,21,81,0.441,0.16,3.642,1001,0,0,0,yikim_gucux2 hizli_bilekx3 kivilcimx1 canavar_kesimix1 artci_patlamax1,84,0,45,27,81,0,0,0,0,0,40,,101,98,3,69,61,0,0,0,0,0,0.481,221.044,11.4
3,Run50_KirilmaV1,Patlama yolu,bahcivan,standart,102,LAB R40 A ödülsüz #2,40,,,477,229,193,0,0,55,191,117,103,42,24,10813,10813,2800,10813,500,2552,1580,436,2632,1580,436,28351,27,78,98.13,1.6,1.69,0.995,1.565,9,0.4,2,45,8.29,1,1.11,1.08,1.25,2,100,91,86,72,59,0,0.58,0.42,0.65,4.32,21,81,0.466,0.136,3.642,1001,0,0,0,yikim_gucux2 hizli_bilekx3 kivilcimx1 canavar_kesimix1,78,0.016,45,26,78,0,0,0,0,0,40,,0,0,0,0,0,0,0,0,0,0,0.42,240.289,10.6
3,Run50_KirilmaV1,Patlama yolu,bahcivan,standart,102,LAB R40 B +artci_patlama #2,40,,,524,234,242,0,0,48,213,135,97,61,18,10244,10244,2800,10244,500,2688,1422,504,2768,1422,504,30722,28,81,98.13,1.6,1.69,0.995,1.565,9,0.4,2,45,8.36,1,1.13,1.11,1.18,1.33,100,86,82,76,75,0,0.76,0.74,0.66,1.32,21,81,0.435,0.099,3.642,1001,0,0,0,yikim_gucux2 hizli_bilekx3 kivilcimx1 canavar_kesimix1 artci_patlamax1,82,0.018,45,27,81,0,0,0,0,0,40,,109,108,1,64,58,0,0,0,0,0,0.272,227.644,11.644
3,Run50_KirilmaV1,Patlama yolu,bahcivan,standart,102,LAB R40 A ödülsüz #3,40,,,478,228,211,0,0,39,173,127,101,56,21,11162,11162,2800,11162,500,2552,1556,451,2632,1556,451,29117,28,81,98.13,1.6,1.69,0.995,1.565,9,0.4,2,45,8.42,1,1.1,1.07,1.22,1.64,100,87,80,76,56,0,0.6,0.39,1.08,3.53,21,81,0.469,0.136,3.642,1001,0,0,0,yikim_gucux2 hizli_bilekx3 kivilcimx1 canavar_kesimix1,79,0.016,45,27,81,0,0,0,0,0,40,,0,0,0,0,0,0,0,0,0,0,0.42,248.044,10.622
3,Run50_KirilmaV1,Patlama yolu,bahcivan,standart,102,LAB R40 B +artci_patlama #3,40,,,526,229,248,0,0,49,207,127,109,64,19,11005,11005,2800,11005,500,2246,1867,499,2326,1867,499,31522,29,84,98.13,1.6,1.69,0.995,1.565,9,0.4,2,45,8.33,1,1.08,1.16,1.11,1.56,100,83,85,85,58,0,0.51,0.72,0.28,3.76,21,81,0.434,0.111,3.642,1001,0,0,0,yikim_gucux2 hizli_bilekx3 kivilcimx1 canavar_kesimix1 artci_patlamax1,86,0.01,45,28,84,0,0,0,0,0,40,,100,97,3,72,63,0,0,0,0,0,0.309,244.556,11.689
4,Run50_KirilmaV1,Patlama yolu,bahcivan,standart,103,ödülsüz eş,1,,,11,11,0,0,0,0,9,1,1,0,0,22,22,45,0,0,22,4,0,22,4,0,250,1,0,10,1,1,3,0.9,4,0.3,2,13,2.46,2,4,5,,,8,0,0,,,3,9,12,,,2,4,0.452,0,8,23,0,0,2,,4,0.166,45,0,0,0,0,0,0,0,0,,0,0,0,0,0,0,0,0,0,0,0.75,0.489,0.244
4,Run50_KirilmaV1,Patlama yolu,bahcivan,standart,103,ödülsüz eş,2,,,13,13,0,0,0,0,11,2,0,0,0,17,39,45,0,0,30,0,0,32,4,0,280,2,3,10,1,1,3,0.9,4,0.3,2,14,2.57,2.18,4,,,,11,0,,,,4.64,10.5,,,,3,5,0.557,0.2,8,28,0,0,1,,3,0,45,1,3,0,0,0,0,0,0,,0,0,0,0,0,0,0,0,0,0,0.6,0.378,0.289
4,Run50_KirilmaV1,Patlama yolu,bahcivan,standart,103,ödülsüz eş,3,,,15,15,0,0,0,0,12,3,0,0,0,21,60,45,0,0,36,0,0,43,4,0,330,3,3,11.33,1,1,3,0.9,4,0.3,2,14,2.29,2,1.67,,,,9,0,,,,4,4,,,,3,5,0.483,0,7.506,30,4,4,0,,4,0.06,45,2,6,3,0,0,2,0,3,,0,0,0,0,0,0,0,0,0,0,0.8,0.467,0.333
4,Run50_KirilmaV1,Patlama yolu,bahcivan,standart,103,ödülsüz eş,4,,,18,14,3,0,0,1,14,3,1,0,0,33,93,45,0,0,40,4,0,43,8,0,410,4,3,11.33,1,1,3,0.9,4,0.3,2,14,2.79,1.9,2.33,5,,,25,0,0,,,3.6,9,12,,,4,7,0.558,0,6.932,45,0,4,1,,4,0.04,45,3,9,6,0,0,2,3,3,,0,0,0,0,0,0,0,0,0,0,0.714,0.733,0.4
4,Run50_KirilmaV1,Patlama yolu,bahcivan,standart,103,ödülsüz eş,5,,,22,20,0,0,0,2,17,4,1,0,0,39,132,45,39,8,50,4,0,52,12,0,528,5,3,12,1,1,2.892,0.9,4,0.3,2,15,3.13,1.87,2.25,3,,,25,0,0,,,4.05,7.23,5.8,,,5,8,0.585,0.25,6.728,54,3,7,1,,6,0,45,4,12,9,0,0,2,3,3,,0,0,0,0,0,0,0,0,0,0,0.5,0.867,0.489
4,Run50_KirilmaV1,Patlama yolu,bahcivan,standart,103,ödülsüz eş,6,,,20,20,0,0,0,0,15,4,1,0,0,37,37,110,0,0,46,4,0,48,16,0,486,6,3,12,1,1,2.892,0.9,4,0.42,2,15,3,1.6,2.25,2,,,29,0,0,,,3.28,10.13,2.9,,,6,9,0.606,0.222,6.833,59,1,8,1,kritik_gozx1,4,0,45,5,15,9,3,0,2,3,3,,0,0,0,0,0,0,0,0,0,0,0.778,0.822,0.444
4,Run50_KirilmaV1,Patlama yolu,bahcivan,standart,103,ödülsüz eş,7,,,28,25,3,0,0,0,22,4,2,0,0,54,91,110,0,0,60,8,0,61,24,0,676,7,3,12.67,1,1,2.892,0.9,4,0.42,2,15,3.33,1.63,1.75,3.5,,,29,0,0,,,4.57,2.88,10.12,,,7,10,0.613,0.2,6.801,66,3,11,1,kritik_gozx1,6,0,45,6,18,12,3,0,2,3,3,,0,0,0,0,0,0,0,0,0,0,0.3,1.2,0.622
4,Run50_KirilmaV1,Patlama yolu,bahcivan,standart,103,ödülsüz eş,8,,,27,22,4,0,0,1,23,3,1,0,0,42,133,110,0,0,61,4,0,71,28,0,622,8,3,13.33,1,1,2.789,0.9,4,0.42,2,16,3.38,1.89,2,2,,,17,0,0,,,4.34,7.43,8.37,,,8,11,0.643,0.273,6.902,72,3,14,1,kritik_gozx1,6,0,45,7,21,15,3,0,2,3,3,,0,0,0,0,0,0,0,0,0,0,0.364,0.933,0.6
4,Run50_KirilmaV1,Patlama yolu,bahcivan,standart,103,ödülsüz eş,9,,,27,26,1,0,0,0,21,4,2,0,0,53,186,110,0,0,62,8,0,70,36,0,655,9,3,14,1,1,2.789,0.9,4,0.42,2,16,3.38,1.75,2.25,1.5,,,17,17,0,0,,5.72,6.97,1.4,,,9,12,0.612,0.333,6.981,77,2,16,1,kritik_gozx1,6,0,45,8,24,18,3,0,2,3,3,,0,0,0,0,0,0,0,0,0,0,0.5,1.178,0.6
4,Run50_KirilmaV1,Patlama yolu,bahcivan,standart,103,ödülsüz eş,10,,,20,19,0,0,0,1,13,4,1,2,0,95,281,110,95,16,46,4,4,48,40,4,550,10,3,14.67,1,1,2.689,0.9,4,0.42,2,16,2.94,2.08,1.75,3,1,,0,0,0,,,6.95,6.73,8.07,0,,10,13,0.608,0.308,6.872,85,4,20,1,kritik_gozx1,5,0,45,9,27,21,3,0,2,3,3,,0,0,0,0,0,0,0,0,0,0,0.615,2.111,0.444
4,Run50_KirilmaV1,Patlama yolu,bahcivan,standart,103,ödülsüz eş,11,,,26,22,2,0,0,2,15,8,3,0,0,69,69,150,0,0,70,12,0,73,52,4,700,11,3,15.64,1,1.3,2.689,0.9,4,0.42,2,16,3.38,1.64,2,1,,,24,11,50,,,4.04,3.57,0,,,11,14,0.689,0.5,6.922,91,1,21,1,kritik_gozx1 yikim_gucux1,6,0,45,10,30,24,3,0,2,3,3,,0,0,0,0,0,0,0,0,0,0,1,1.533,0.578
4,Run50_KirilmaV1,Patlama yolu,bahcivan,standart,103,ödülsüz eş,12,,,36,30,5,0,0,1,24,9,3,0,0,81,150,150,0,0,117,12,0,122,34,4,993,13,6,15.64,1,1.3,2.592,0.9,4,0.42,2,17,3.71,1.6,1.71,2.33,,,32,17,0,,,3.5,7.03,6.92,,,12,15,0.667,0.267,6.794,99,5,26,1,kritik_gozx1 yikim_gucux1,9,0,45,12,36,25,5,0,2,3,3,,0,0,0,0,0,0,0,0,0,0,0.733,1.8,0.8
4,Run50_KirilmaV1,Patlama yolu,bahcivan,standart,103,ödülsüz eş,13,,,34,27,6,0,0,1,22,10,2,0,0,72,222,150,0,0,116,8,0,148,42,4,936,14,3,16.36,1,1.3,2.5,0.9,4,0.42,2,17,3.65,1.55,1.83,1,,,32,9,0,,,3.75,5,0,,,14,18,0.705,0.444,6.635,122,2,28,2,kritik_gozx1 yikim_gucux1,11,0,45,13,39,31,5,0,2,3,3,,0,0,0,0,0,0,0,0,0,0,0.833,1.6,0.756
4,Run50_KirilmaV1,Patlama yolu,bahcivan,standart,103,ödülsüz eş,14,,,33,29,4,0,0,0,21,9,2,0,1,168,390,150,0,0,108,23,0,116,65,4,947,15,3,18.13,1,1.3,2.5,0.9,4,0.42,2,17,4,1.67,1.88,2.5,,4,35,0,0,0,0,6.11,5.31,10,,22.5,15,21,0.764,0.571,6.675,142,3,31,1,kritik_gozx1 yikim_gucux1,10,0,45,14,42,34,5,0,2,3,3,,0,0,0,0,0,0,0,0,0,0,0.762,3.733,0.733
4,Run50_KirilmaV1,Patlama yolu,bahcivan,standart,103,ödülsüz eş,15,,,31,26,1,0,0,4,20,7,2,1,1,191,581,150,191,30,95,8,10,101,48,14,960,16,3,18.13,1,1.3,2.5,0.9,4,0.42,2,17,4,1.56,3,3.5,1,6,21,0,0,,0,4.69,10.42,13.75,0,40,16,22,0.786,0.591,6.711,148,3,34,1,kritik_gozx1 yikim_gucux1,9,0,45,15,45,37,5,0,2,3,3,,0,0,0,0,0,0,0,0,0,0,0.773,4.244,0.689
4,Run50_KirilmaV1,Patlama yolu,bahcivan,standart,103,ödülsüz eş,16,,,34,29,2,0,0,3,20,9,5,0,0,97,97,220,0,0,114,20,0,146,68,14,1044,17,3,18.13,1,1.3,2.41,0.9,4,0.42,2,18,4,1.67,2.17,2.2,,,33,0,0,0,,4.55,10.04,12.53,,,17,23,0.773,0.609,6.577,157,3,37,1,kritik_gozx1 yikim_gucux1 kivilcimx1,9,0,45,16,48,40,5,0,2,3,3,,0,0,0,0,0,0,0,0,0,0,0.783,2.156,0.756
4,Run50_KirilmaV1,Patlama yolu,bahcivan,standart,103,ödülsüz eş,17,,,38,28,7,0,0,3,25,3,6,4,0,214,311,220,0,0,93,24,8,109,67,22,1297,18,3,19.2,1,1.3,2.324,0.9,4,0.42,2,19,4,1.6,2.5,1.5,3,,29,0,0,0,,5.69,10.45,3.49,25.55,,19,28,0.8,0.643,6.355,198,5,42,2,kritik_gozx1 yikim_gucux1 kivilcimx1,9,0,45,17,51,43,5,0,2,3,3,,0,0,0,0,0,0,0,0,0,0,0.821,4.756,0.844
4,Run50_KirilmaV1,Patlama yolu,bahcivan,standart,103,ödülsüz eş,18,,,43,28,7,0,0,8,21,16,5,1,0,152,463,220,0,0,159,20,2,205,62,24,1487,19,3,19.2,1,1.3,2.324,0.935,4,0.42,2,19,4,1.67,1.38,1.5,,,32,20,0,0,0,4.26,1.74,1.15,,,21,33,0.819,0.697,6.407,232,2,44,2,kritik_gozx1 yikim_gucux1 kivilcimx1,11,0,45,18,54,46,5,0,2,3,3,,0,0,0,0,0,0,0,0,0,0,0.788,3.378,0.956
4,Run50_KirilmaV1,Patlama yolu,bahcivan,standart,103,ödülsüz eş,19,,,42,28,6,0,0,8,27,9,2,3,1,404,867,220,0,0,135,28,6,140,65,30,1548,20,3,20.27,1,1.3,2.24,0.935,4,0.42,2,20,4,1.63,1.8,3,2,1,12,17,0,,,4.48,3.13,15.7,3.35,0,23,39,0.846,0.667,6.219,282,6,50,2,kritik_gozx1 yikim_gucux1 kivilcimx1,14,0,45,19,57,49,5,0,2,3,3,,0,0,0,0,0,0,0,0,0,0,0.872,8.978,0.933
4,Run50_KirilmaV1,Patlama yolu,bahcivan,standart,103,ödülsüz eş,20,,,63,36,13,0,0,14,38,19,5,1,0,179,1046,220,179,45,228,25,2,240,65,32,2203,22,6,23.08,1,1.3,2.24,0.97,4,0.42,2,20,4,1.36,1.45,2,2,,43,25,50,0,,3.46,4.07,15.68,38.09,,22,40,0.7,0.525,6.196,291,2,52,2,kritik_gozx1 yikim_gucux1 kivilcimx1,15,0,45,21,63,49,8,0,2,3,3,,0,0,0,0,0,0,0,0,0,0,0.625,3.978,1.4
4,Run50_KirilmaV1,Patlama yolu,bahcivan,standart,103,ödülsüz eş,21,,,65,38,11,0,0,16,38,14,10,3,0,330,330,300,0,0,198,50,6,206,55,38,3168,24,6,24.3,1,1.3,2.16,0.97,4,0.42,2,20,4,1.3,1.29,2.29,3,,64,29,11,0,,0.94,1.85,8.94,12.97,,25,46,0.788,0.5,5.986,346,6,58,5,kritik_gozx1 yikim_gucux1 kivilcimx1 bilgi_filizix1,18,0,45,23,69,49,14,0,2,3,3,,0,0,0,0,0,0,0,0,0,0,0.804,7.333,1.444
4,Run50_KirilmaV1,Patlama yolu,bahcivan,standart,103,ödülsüz eş,22,,,93,52,18,0,0,23,57,20,12,3,1,453,783,300,0,0,291,72,15,303,102,53,4791,26,6,24.3,1,1.3,2.16,1.04,6,0.42,2,20,6,1.58,1.43,2.11,3,2,44,35,0,0,0,4.16,2.77,4.56,10.82,6.47,26,49,0.753,0.592,5.861,376,6,64,3,kritik_gozx1 yikim_gucux1 kivilcimx1 bilgi_filizix1,20,0,45,25,75,49,20,0,2,3,3,,0,0,0,0,0,0,0,0,0,0,0.755,10.067,2.067
4,Run50_KirilmaV1,Patlama yolu,bahcivan,standart,103,ödülsüz eş,23,,,76,41,23,0,0,12,41,19,9,7,0,406,1189,300,0,0,237,54,14,379,98,47,4275,28,6,24.3,1,1.3,2.16,1.04,6,0.42,2,20,6,1.5,2,2.4,2.2,,50,18,8,0,0,2.27,7.86,11.23,15.99,,22,49,0.806,0.633,5.703,387,3,67,2,kritik_gozx1 yikim_gucux1 kivilcimx1 bilgi_filizix1,18,0,45,27,81,49,26,0,2,3,3,,0,0,0,0,0,0,0,0,0,0,0.714,9.022,1.689
4,Run50_KirilmaV1,Patlama yolu,bahcivan,standart,103,ödülsüz eş,24,,,87,40,23,0,0,24,41,21,19,5,1,612,1801,300,0,0,249,136,10,253,246,37,5157,30,6,25.51,1,1.3,2.16,1.04,6,0.42,2,20,6,1.84,1.5,2.29,2,1,21,29,0,0,,6.14,3.46,8.64,5.77,0,20,49,0.782,0.571,5.56,397,3,70,1,kritik_gozx1 yikim_gucux1 kivilcimx1 bilgi_filizix1,22,0,45,29,87,49,32,0,2,3,3,,0,0,0,0,0,0,0,0,0,0,0.673,13.6,1.933
4,Run50_KirilmaV1,Patlama yolu,bahcivan,standart,103,ödülsüz eş,25,,,69,35,16,0,0,18,33,14,16,6,0,482,2283,300,482,65,183,96,12,276,142,49,4175,31,3,28.62,1,1.3,2.16,1.04,6,0.42,2,20,6,1.9,1.78,2.83,2.5,,32,17,0,0,,5.18,6.24,10.98,9.18,,20,49,0.831,0.633,5.406,408,2,72,0,kritik_gozx1 yikim_gucux1 kivilcimx1 bilgi_filizix1,19,0,45,30,90,49,38,0,2,3,3,,0,0,0,0,0,0,0,0,0,0,0.796,10.711,1.533
4,Run50_KirilmaV1,Patlama yolu,bahcivan,standart,103,ödülsüz eş,26,,,101,47,22,0,0,32,39,23,26,10,3,1184,1184,500,0,0,255,222,30,276,321,59,6631,33,6,29.99,1,1.3,2.092,1.075,6,0.42,2,21,6,1.5,1.2,1.75,2.33,1,46,44,24,0,0,3.02,1.25,4.36,7.67,0,19,49,0.767,0.551,5.362,411,4,76,1,kritik_gozx1 yikim_gucux1 kivilcimx2 bilgi_filizix1,25,0,45,32,96,49,41,0,2,3,3,,0,0,0,0,0,0,0,0,0,0,0.714,26.311,2.244
4,Run50_KirilmaV1,Patlama yolu,bahcivan,standart,103,ödülsüz eş,27,,,141,63,38,0,0,40,67,33,29,11,1,1114,2298,500,0,0,399,196,33,500,234,72,8646,35,6,33.24,1,1.3,2.092,1.075,6,0.42,2,21,6,1.18,1.57,1.33,1.71,,69,47,23,0,0,1.84,4.78,1.86,5.08,,17,49,0.708,0.449,5.176,426,3,79,1,kritik_gozx1 yikim_gucux1 kivilcimx2 bilgi_filizix1,33,0,45,34,102,49,47,0,2,3,3,,0,0,0,0,0,0,0,0,0,0,0.592,24.756,3.133
4,Run50_KirilmaV1,Patlama yolu,bahcivan,standart,103,ödülsüz eş,28,,,106,50,23,0,0,33,56,26,15,8,1,799,3097,500,0,0,369,90,24,439,336,76,6091,37,6,33.24,1,1.3,2.026,1.075,6,0.42,2,22,6,1.55,1.6,1.63,1.8,,55,26,7,14,0,4.88,3.78,2.03,6.07,,15,49,0.773,0.49,5.044,437,2,81,1,kritik_gozx1 yikim_gucux1 kivilcimx2 bilgi_filizix1,22,0,45,36,108,49,53,0,2,3,3,,0,0,0,0,0,0,0,0,0,0,0.735,17.756,2.356
4,Run50_KirilmaV1,Patlama yolu,bahcivan,standart,103,ödülsüz eş,29,,,138,60,28,0,0,50,58,31,27,16,6,2192,5289,500,0,0,450,231,60,469,307,136,9106,38,3,38.16,1,1.3,2.026,1.11,6,0.42,2,22,6,1.24,1.63,1.6,2.17,1.25,65,14,50,18,0,2.32,3.2,2.43,8.78,1.52,15,49,0.714,0.469,4.921,448,5,86,0,kritik_gozx1 yikim_gucux1 kivilcimx2 bilgi_filizix1,28,0,45,37,111,49,59,0,2,3,3,,0,0,0,0,0,0,0,0,0,0,0.735,48.711,3.067
4,Run50_KirilmaV1,Patlama yolu,bahcivan,standart,103,ödülsüz eş,30,,,123,55,40,0,0,28,48,31,26,14,4,1675,6964,500,1675,100,378,207,66,392,214,102,8161,40,6,39.82,1,1.3,2.026,1.18,6,0.42,2,22,5.95,1.14,1.47,1.67,1.4,1,77,43,28,22,40,0.58,2.84,5.57,0.81,0,15,49,0.625,0.408,4.9,450,7,93,0,kritik_gozx1 yikim_gucux1 kivilcimx2 bilgi_filizix1,25,0,45,39,117,49,62,0,2,3,3,,0,0,0,0,0,0,0,0,0,0,0.633,37.222,2.733
4,Run50_KirilmaV1,Patlama yolu,bahcivan,standart,103,ödülsüz eş,31,,,120,54,47,0,0,19,47,30,21,16,6,2020,2020,1200,0,0,369,228,92,511,246,104,7890,41,3,39.82,1.25,1.3,2.026,1.18,6,0.42,2,22,6,1.29,1.73,1.78,2,1.5,68,35,14,17,0,1.35,4.24,5.4,9.91,8.1,19,70,0.797,0.329,5.042,625,3,96,9,kritik_gozx1 yikim_gucux1 kivilcimx2 bilgi_filizix1 keskin_bicakx1,23,0,45,40,120,55,62,0,2,3,3,,0,0,0,0,0,0,0,0,0,0,0.786,44.889,2.667
4,Run50_KirilmaV1,Patlama yolu,bahcivan,standart,103,ödülsüz eş,32,,,143,58,60,0,0,25,58,34,30,17,4,1886,3906,1200,0,0,474,240,102,495,288,121,9251,43,6,39.82,1.25,1.3,1.962,1.215,6,0.42,2,22,6,1.1,1.38,1.83,1.67,1,76,50,13,0,,0.2,2.45,4.91,4.14,0,21,76,0.789,0.605,5.142,665,6,102,3,kritik_gozx1 yikim_gucux1 kivilcimx2 bilgi_filizix1 keskin_bicakx1,27,0,45,42,126,58,62,0,2,3,3,,0,0,0,0,0,0,0,0,0,0,0.75,41.911,3.178
4,Run50_KirilmaV1,Patlama yolu,bahcivan,standart,103,ödülsüz eş,33,,,139,55,63,0,0,21,61,30,32,11,5,1903,5809,1200,0,0,459,288,93,564,456,134,8798,44,3,39.82,1.25,1.3,1.962,1.215,6,0.42,2,22,6,1.11,1.58,1.44,1.57,1.5,81,38,43,0,33,1.42,5.07,4.41,4.2,0.98,25,81,0.794,0.556,5.275,691,3,105,4,kritik_gozx1 yikim_gucux1 kivilcimx2 bilgi_filizix1 keskin_bicakx1,32,0,45,43,129,64,62,0,2,3,3,,0,0,0,0,0,0,0,0,0,0,0.889,42.289,3.089
4,Run50_KirilmaV1,Patlama yolu,bahcivan,standart,103,ödülsüz eş,34,,,169,62,76,0,0,31,74,40,28,24,3,2366,8175,1200,0,0,554,318,120,608,774,159,11061,46,6,43.38,1.25,1.3,1.962,1.215,6,0.42,2,22,6,1.08,1.33,1.64,1.27,2,76,59,29,30,0,1.23,3.92,6.25,3.22,9.83,25,81,0.782,0.593,5.217,699,3,108,0,kritik_gozx1 yikim_gucux1 kivilcimx2 bilgi_filizix1 keskin_bicakx1,34,0,45,45,135,67,62,0,2,3,3,,0,0,0,0,0,0,0,0,0,0,0.827,52.578,3.756
4,Run50_KirilmaV1,Patlama yolu,bahcivan,standart,103,ödülsüz eş,35,,,134,60,64,0,0,10,58,34,23,15,4,1832,10007,1200,1832,220,516,207,115,654,421,164,8775,47,3,45.79,1.25,1.3,1.901,1.265,6,0.42,2,23,6,1.07,1.54,1.45,2,1.5,79,46,44,11,0,1.15,3.8,2.07,6.97,1.9,25,81,0.81,0.63,5.142,709,4,112,0,kritik_gozx1 yikim_gucux1 kivilcimx2 bilgi_filizix1 keskin_bicakx1,30,0,45,46,138,73,62,0,2,3,3,,0,0,0,0,0,0,0,0,0,0,0.901,40.711,2.978
4,Run50_KirilmaV1,Patlama yolu,bahcivan,standart,103,ödülsüz eş,36,,,161,60,82,0,0,19,58,38,40,17,8,2895,2895,2800,0,0,718,474,127,782,575,166,11288,48,3,49.54,1.25,1.3,1.901,1.265,6,0.42,2,23,6,1.1,1.42,1.41,1.38,2.5,84,53,50,0,0,1.27,3.48,3.02,4.51,13.3,25,81,0.794,0.568,5.016,727,4,116,0,kritik_gozx1 yikim_gucux1 kivilcimx2 bilgi_filizix1 keskin_bicakx1 nadir_tohumx1,35,0,45,47,141,76,62,0,2,3,3,,0,0,0,0,0,0,0,0,0,0,0.79,64.333,3.578
4,Run50_KirilmaV1,Patlama yolu,bahcivan,standart,103,ödülsüz eş,37,,,182,74,76,0,0,32,71,53,32,20,6,3027,5922,2800,0,0,765,431,121,837,1006,287,12233,49,3,49.54,1.25,1.3,1.841,1.265,6,0.42,2,24,6,1.21,1.56,1.44,1.42,1,80,39,80,40,0,2.33,5.87,4.3,3.37,0,25,81,0.769,0.58,5.016,727,2,118,0,kritik_gozx1 yikim_gucux1 kivilcimx2 bilgi_filizix1 keskin_bicakx1 nadir_tohumx1,32,0,45,48,144,79,62,0,2,3,3,,0,0,0,0,0,0,0,0,0,0,0.679,67.267,4.044
4,Run50_KirilmaV1,Patlama yolu,bahcivan,standart,103,ödülsüz eş,38,,,146,60,74,0,0,12,63,37,23,18,5,2307,8229,2800,0,0,621,337,130,743,623,277,9657,50,3,56.1,1.25,1.3,1.841,1.315,6,0.42,2,24,6,1.04,1.6,1.88,1.78,2,85,53,19,0,0,0.5,6.26,7.37,6.75,18.42,25,81,0.807,0.679,5.016,727,6,124,0,kritik_gozx1 yikim_gucux1 kivilcimx2 bilgi_filizix1 keskin_bicakx1 nadir_tohumx1,26,0,45,49,147,81,63,0,2,3,3,,0,0,0,0,0,0,0,0,0,0,0.704,51.267,3.244
4,Run50_KirilmaV1,Patlama yolu,bahcivan,standart,103,ödülsüz eş,39,,,187,67,92,0,0,28,81,48,29,25,4,2608,10837,2800,0,0,824,361,172,1217,624,449,12442,52,6,56.1,1.25,1.3,1.841,1.315,6,0.42,2,24,6,1.09,1.45,1.4,1.4,,84,50,50,33,0,0.34,3.31,4.23,3.31,,25,81,0.755,0.605,4.984,731,2,126,0,kritik_gozx1 yikim_gucux1 kivilcimx2 bilgi_filizix1 keskin_bicakx1 nadir_tohumx1,32,0,45,51,153,81,66,0,2,3,3,,0,0,0,0,0,0,0,0,0,0,0.654,57.956,4.156
4,Run50_KirilmaV1,Patlama yolu,bahcivan,standart,103,ödülsüz eş,40,,,141,50,69,0,0,22,58,41,24,14,4,2007,12844,2800,2007,500,560,460,84,667,1084,378,9800,53,3,56.1,1.25,1.3,1.783,1.365,6,0.42,2,25,4,1.05,1.31,1.13,1.2,1,92,45,44,0,0,0.18,2.34,0.22,2.85,0,25,81,0.811,0.654,4.938,738,4,130,0,kritik_gozx1 yikim_gucux1 kivilcimx2 bilgi_filizix1 keskin_bicakx1 nadir_tohumx1,22,0,45,52,156,81,72,0,2,3,3,,0,0,0,0,0,0,0,0,0,0,0.852,44.6,3.133
4,Run50_KirilmaV1,Patlama yolu,bahcivan,standart,103,ödülsüz eş,41,,,170,54,90,0,0,26,55,46,35,27,7,3494,3494,4500,0,0,646,549,231,913,833,609,12674,54,3,56.1,1.25,1.69,1.783,1.365,6,0.42,2,25,6,1.07,1.45,1.91,1.83,2.33,79,59,17,13,0,0.51,4.37,8.75,5.65,11.29,25,81,0.785,0.556,4.938,738,2,132,0,kritik_gozx1 yikim_gucux2 kivilcimx2 bilgi_filizix1 keskin_bicakx1 nadir_tohumx1,35,0,45,53,159,81,75,0,2,3,3,,0,0,0,0,0,0,0,0,0,0,0.765,77.644,3.778
4,Run50_KirilmaV1,Patlama yolu,bahcivan,standart,103,ödülsüz eş,42,,,179,57,91,0,0,31,72,44,40,16,7,3054,6548,4500,0,0,702,570,192,835,1023,631,12560,55,3,60.05,1.25,1.69,1.783,1.365,6,0.42,2,25,6,1.07,1.55,1.69,1.5,2,85,50,43,25,14,0.24,5.18,4.53,4.91,8.9,25,81,0.789,0.593,4.802,759,4,136,0,kritik_gozx1 yikim_gucux2 kivilcimx2 bilgi_filizix1 keskin_bicakx1 nadir_tohumx1,29,0,45,54,162,81,78,0,2,3,3,,0,0,0,0,0,0,0,0,0,0,0.716,67.867,3.978
4,Run50_KirilmaV1,Patlama yolu,bahcivan,standart,103,ödülsüz eş,43,,,181,57,79,0,0,45,60,43,40,30,8,4205,10753,4500,0,0,708,615,252,958,748,538,13631,56,3,63.05,1.25,1.69,1.783,1.365,6,0.47,2.222,25,6,1,1.47,1.44,1.91,2,89,48,33,25,0,0,4.76,2.58,6.48,8.92,25,81,0.784,0.617,4.802,759,6,142,0,kritik_gozx1 yikim_gucux2 kivilcimx2 bilgi_filizix1 keskin_bicakx1 nadir_tohumx1,31,0,45,55,165,81,81,0,2,3,3,,0,0,0,0,0,0,0,0,0,0,0.642,93.444,4.022
4,Run50_KirilmaV1,Patlama yolu,bahcivan,standart,103,ödülsüz eş,44,,,146,60,75,0,0,11,54,39,30,16,7,2920,13673,4500,0,0,590,585,120,1258,903,658,10594,57,3,63.05,1.25,1.69,1.783,1.365,6,0.487,2.222,25,6,1.15,1.26,1.79,2,2,76,42,28,0,20,0.54,1.41,4.45,4.9,6.53,25,81,0.809,0.642,4.802,759,2,144,0,kritik_gozx1 yikim_gucux2 kivilcimx2 bilgi_filizix1 keskin_bicakx1 nadir_tohumx1,25,0,45,56,168,81,84,0,2,3,3,,0,0,0,0,0,0,0,0,0,0,0.778,64.889,3.244
4,Run50_KirilmaV1,Patlama yolu,bahcivan,standart,103,ödülsüz eş,45,,,162,68,63,0,0,31,63,44,36,15,4,2451,16124,4500,2451,800,790,477,90,848,940,508,11145,58,3,69.27,1.25,1.69,1.783,1.365,6,0.487,2.333,25,6,1.26,1.18,1.5,1.5,1.5,73,65,17,11,0,2.84,1.26,6.46,2.97,2.68,25,81,0.802,0.642,4.68,779,3,147,0,kritik_gozx1 yikim_gucux2 kivilcimx2 bilgi_filizix1 keskin_bicakx1 nadir_tohumx1,31,0,45,57,171,81,87,0,2,3,3,,0,0,0,0,0,0,0,0,0,0,0.926,54.467,3.6
4,Run50_KirilmaV1,Patlama yolu,bahcivan,standart,103,ödülsüz eş,46,,,300,92,127,0,0,81,99,80,75,39,7,5337,5337,6000,0,0,1284,990,258,1372,1930,766,22234,59,3,69.27,1.25,2.197,1.727,1.415,9,0.487,2.333,26,8.96,1.07,1.31,1.43,1.82,1.5,83,63,52,31,0,0.23,2.92,3.9,6.28,3.45,25,81,0.682,0.457,4.674,780,2,149,0,kritik_gozx1 yikim_gucux3 kivilcimx2 bilgi_filizix1 keskin_bicakx1 nadir_tohumx1,44,0,45,58,174,81,90,0,2,3,3,,0,0,0,0,0,0,0,0,0,0,0.469,118.6,6.667
4,Run50_KirilmaV1,Patlama yolu,bahcivan,standart,103,ödülsüz eş,47,,,274,83,108,0,0,83,91,84,58,33,8,5046,10383,6000,0,0,1036,966,246,1108,1296,722,20944,61,6,72.57,1.25,2.197,1.727,1.415,9,0.487,2.444,26,9,1.24,1.25,1.39,2.5,1,69,61,49,13,50,1.79,3.97,3.53,10.2,0,25,81,0.68,0.469,4.674,780,5,154,0,kritik_gozx1 yikim_gucux3 kivilcimx2 bilgi_filizix1 keskin_bicakx1 nadir_tohumx1,42,0,45,60,180,81,93,0,2,3,3,,0,0,0,0,0,0,0,0,0,0,0.605,112.133,6.089
4,Run50_KirilmaV1,Patlama yolu,bahcivan,standart,103,ödülsüz eş,48,,,283,87,108,0,0,88,91,83,60,39,10,5630,16013,6000,0,0,1436,765,330,1684,1551,1052,21933,62,3,76.92,1.25,2.197,1.727,1.415,9,0.487,2.444,26,9,1.21,1.52,1.57,2.33,2.33,75,51,58,35,29,1.54,3.83,4.43,8.64,9.78,25,81,0.699,0.481,4.533,804,3,157,0,kritik_gozx1 yikim_gucux3 kivilcimx2 bilgi_filizix1 keskin_bicakx1 nadir_tohumx1,45,0,45,61,183,81,99,0,2,3,3,,0,0,0,0,0,0,0,0,0,0,0.556,125.111,6.289
4,Run50_KirilmaV1,Patlama yolu,bahcivan,standart,103,ödülsüz eş,49,,,323,109,120,0,0,94,121,80,72,32,18,7019,23032,6000,0,0,1464,1224,336,1548,1575,1058,24593,63,3,87.23,1.25,2.197,1.727,1.415,9,0.487,2.556,26,8.85,1.08,1.32,1.7,1.7,1.63,92,69,58,50,13,0.8,2,5.24,3.45,3.45,25,81,0.658,0.457,4.523,806,3,160,0,kritik_gozx1 yikim_gucux3 kivilcimx2 bilgi_filizix1 keskin_bicakx1 nadir_tohumx1,47,0,45,62,186,81,102,0,2,3,3,,0,0,0,0,0,0,0,0,0,0,0.519,155.978,7.178
4,Run50_KirilmaV1,Patlama yolu,bahcivan,standart,103,ödülsüz eş,50,,,273,94,114,0,0,65,99,83,47,28,16,6299,29331,6000,0,0,1533,789,288,1771,1224,1346,20535,65,6,87.23,1.25,2.197,1.673,1.465,9,0.487,2.556,26,9,1.19,1.63,1.4,1.43,1.67,89,53,35,39,0,0.91,3.92,2.67,2.39,8.37,25,81,0.688,0.444,4.412,826,5,165,0,kritik_gozx1 yikim_gucux3 kivilcimx2 bilgi_filizix1 keskin_bicakx1 nadir_tohumx1,49,0,45,64,192,81,105,0,2,3,3,,0,0,0,0,0,0,0,0,0,0,0.778,139.978,6.067
4,Run50_KirilmaV1,Patlama yolu,bahcivan,standart,103,ödülsüz eş,50,KAZANDI
4,Run50_KirilmaV1,Patlama yolu,bahcivan,standart,103,LAB R15 A ödülsüz #1,15,,,29,28,0,0,0,1,23,3,3,0,0,62,62,150,62,30,84,12,0,164,12,0,804,3,6,18.13,1,1.3,2.5,0.9,4,0.42,2,17,4,1.91,2,1.67,,,29,20,50,0,,6.02,9.17,12.5,,,16,22,0.81,0.591,6.711,148,0,0,0,kritik_gozx1 yikim_gucux1,9,0,45,2,6,0,0,0,0,0,15,,0,0,0,0,0,0,0,0,0,0,0.864,1.378,0.644
4,Run50_KirilmaV1,Patlama yolu,bahcivan,standart,103,LAB R15 B +artci_patlama #1,15,,,29,23,4,0,0,2,24,4,0,1,0,66,66,150,66,30,92,0,2,172,0,2,780,2,3,18.13,1,1.3,2.5,0.9,4,0.42,2,17,4,1.74,2.5,,,,35,0,0,0,,6.71,9.38,,,,16,22,0.806,0.545,6.711,148,0,0,0,kritik_gozx1 yikim_gucux1 artci_patlamax1,10,0,45,1,3,0,0,0,0,0,15,,3,3,0,7,2,0,0,0,0,0,0.909,1.467,0.644
4,Run50_KirilmaV1,Patlama yolu,bahcivan,standart,103,LAB R15 A ödülsüz #2,15,,,28,24,0,0,0,4,21,5,2,0,0,56,56,150,56,30,88,8,0,168,8,0,780,2,3,18.13,1,1.3,2.5,0.9,4,0.42,2,17,3.88,1.42,2.5,3,,,42,0,0,0,,3.68,13.75,37.5,,,16,22,0.812,0.636,6.711,148,0,0,0,kritik_gozx1 yikim_gucux1,8,0,45,1,3,0,0,0,0,0,15,,0,0,0,0,0,0,0,0,0,0,0.909,1.244,0.622
4,Run50_KirilmaV1,Patlama yolu,bahcivan,standart,103,LAB R15 B +artci_patlama #2,15,,,38,27,8,0,0,3,28,9,1,0,0,65,65,150,65,30,129,4,0,209,4,0,1044,3,6,18.13,1,1.3,2.5,0.9,4,0.42,2,17,3.94,1.58,2.14,3,,,43,11,0,0,0,3.82,10,10,,,16,22,0.772,0.5,6.711,148,0,0,0,kritik_gozx1 yikim_gucux1 artci_patlamax1,10,0,45,2,6,0,0,0,0,0,15,,3,3,0,7,3,0,0,0,0,0,0.727,1.444,0.844
4,Run50_KirilmaV1,Patlama yolu,bahcivan,standart,103,LAB R15 A ödülsüz #3,15,,,33,28,3,0,0,2,21,10,1,1,0,91,91,150,91,30,113,4,2,193,4,2,972,3,6,18.13,1,1.3,2.5,0.9,4,0.42,2,17,3.94,1.61,2,,3,,38,8,0,0,,4.44,6.94,,22.5,,16,22,0.782,0.545,6.711,148,0,0,0,kritik_gozx1 yikim_gucux1,10,0,45,2,6,0,0,0,0,0,15,,0,0,0,0,0,0,0,0,0,0,0.864,2.022,0.733
4,Run50_KirilmaV1,Patlama yolu,bahcivan,standart,103,LAB R15 B +artci_patlama #3,15,,,32,27,3,0,0,2,19,8,3,1,1,203,203,150,203,30,97,12,10,177,12,10,1020,3,6,18.13,1,1.3,2.5,0.9,4,0.42,2,17,4,1.73,1.86,2.67,4,3,40,15,0,0,0,4,9.29,13.33,27.5,10,16,22,0.793,0.591,6.711,148,0,0,0,kritik_gozx1 yikim_gucux1 artci_patlamax1,8,0,45,2,6,0,0,0,0,0,15,,2,2,0,8,3,0,0,0,0,0,0.818,4.511,0.711
4,Run50_KirilmaV1,Patlama yolu,bahcivan,standart,103,LAB R25 A ödülsüz #1,25,,,85,48,16,0,0,21,54,17,9,5,0,424,424,300,424,65,264,54,10,344,54,10,4590,10,27,28.62,1,1.3,2.16,1.04,6,0.42,2,20,6,1.5,1.67,2.29,2.75,,61,38,22,0,,2.86,2.64,8.33,11.89,,20,49,0.818,0.49,5.406,408,0,0,0,kritik_gozx1 yikim_gucux1 kivilcimx1 bilgi_filizix1,28,0,45,9,27,0,0,0,0,0,25,,0,0,0,0,0,0,0,0,0,0,0.735,9.422,1.889
4,Run50_KirilmaV1,Patlama yolu,bahcivan,standart,103,LAB R25 B +artci_patlama #1,25,,,96,44,32,0,0,20,63,19,8,5,1,537,537,300,537,65,348,48,10,428,48,10,5116,11,30,28.62,1,1.3,2.16,1.04,6,0.42,2,20,6,1.58,1.63,2.43,2.5,4,50,57,8,0,0,3.32,2.97,11.41,19.45,15.13,20,49,0.791,0.551,5.406,408,0,0,0,kritik_gozx1 yikim_gucux1 kivilcimx1 bilgi_filizix1 artci_patlamax1,25,0,45,10,30,0,0,0,0,0,25,,14,14,0,18,10,0,0,0,0,0,0.694,11.933,2.133
4,Run50_KirilmaV1,Patlama yolu,bahcivan,standart,103,LAB R25 sinerji A ödülsüz #1,25,,,111,39,72,0,0,0,64,29,13,5,0,459,459,300,459,65,366,78,10,446,78,10,5840,12,33,28.62,1,2.197,2.16,1.04,6,0.42,2,20,6,1.26,1.44,2,3,,64,32,17,20,,2.06,1.68,12.97,11.52,,20,49,0.704,0.49,6.243,353,0,0,0,kritik_gozx1 yikim_gucux3 kivilcimx3 bilgi_filizix1,25,0,45,11,33,0,0,0,0,0,25,,0,0,0,0,0,0,0,0,0,0,0.592,10.2,2.467
4,Run50_KirilmaV1,Patlama yolu,bahcivan,standart,103,LAB R25 sinerji B +artci_patlama #1,25,,,105,23,82,0,0,0,64,28,9,3,1,457,457,300,457,65,405,54,6,485,54,6,5380,11,30,28.62,1,2.197,2.16,1.04,6,0.42,2,20,6,1.43,1.2,2.33,2,,42,45,43,0,0,2.31,0.86,5.76,2.13,,20,49,0.704,0.367,6.243,353,0,0,0,kritik_gozx1 yikim_gucux3 kivilcimx3 bilgi_filizix1 artci_patlamax1,31,0,45,10,30,0,0,0,0,0,25,,23,23,0,50,31,0,0,0,0,0,0.857,10.156,2.333
4,Run50_KirilmaV1,Patlama yolu,bahcivan,standart,103,LAB R25 A ödülsüz #2,25,,,98,41,20,0,0,37,61,25,8,3,1,531,531,300,531,65,378,48,6,458,48,6,5279,11,30,28.62,1,1.3,2.16,1.04,6,0.42,2,20,6,1.38,1.58,2.8,,,51,42,25,0,,2.25,5.04,12.09,,,20,49,0.79,0.571,5.406,408,0,0,0,kritik_gozx1 yikim_gucux1 kivilcimx1 bilgi_filizix1,24,0,45,10,30,0,0,0,0,0,25,,0,0,0,0,0,0,0,0,0,0,0.714,11.8,2.178
4,Run50_KirilmaV1,Patlama yolu,bahcivan,standart,103,LAB R25 B +artci_patlama #2,25,,,103,47,34,0,0,22,57,29,10,7,0,536,536,300,536,65,345,60,14,425,60,14,5731,12,33,28.62,1,1.3,2.16,1.04,6,0.42,2,20,6,1.41,1.42,1.75,2,,54,40,0,29,0,3.52,3.6,8.63,5.95,,20,49,0.776,0.571,5.406,408,0,0,0,kritik_gozx1 yikim_gucux1 kivilcimx1 bilgi_filizix1 artci_patlamax1,24,0,45,11,33,0,0,0,0,0,25,,15,15,0,26,12,0,0,0,0,0,0.714,11.911,2.289
4,Run50_KirilmaV1,Patlama yolu,bahcivan,standart,103,LAB R25 sinerji A ödülsüz #2,25,,,111,34,77,0,0,0,58,34,12,5,2,679,679,300,679,65,423,72,20,503,72,20,6060,12,33,28.62,1,2.197,2.16,1.04,6,0.42,2,20,6,1.25,2,2,1,4,66,32,23,17,0,1.44,4.33,12.62,0,17.28,20,49,0.71,0.469,6.243,353,0,0,0,kritik_gozx1 yikim_gucux3 kivilcimx3 bilgi_filizix1,26,0,45,11,33,0,0,0,0,0,25,,0,0,0,0,0,0,0,0,0,0,0.51,15.089,2.467
4,Run50_KirilmaV1,Patlama yolu,bahcivan,standart,103,LAB R25 sinerji B +artci_patlama #2,25,,,136,35,101,0,0,0,84,35,8,8,1,652,652,300,652,65,462,70,16,542,70,16,7020,13,36,28.62,1,2.197,2.16,1.04,6,0.42,2,20,6,1.14,1.56,1.75,2,,59,25,50,0,0,0.72,4.08,2.7,19.43,,20,49,0.625,0.388,6.243,353,0,0,0,kritik_gozx1 yikim_gucux3 kivilcimx3 bilgi_filizix1 artci_patlamax1,30,0,45,12,36,0,0,0,0,0,25,,35,35,0,61,38,0,0,0,0,0,0.755,14.489,3.022
4,Run50_KirilmaV1,Patlama yolu,bahcivan,standart,103,LAB R25 A ödülsüz #3,25,,,78,38,27,0,0,13,44,18,7,7,2,701,701,300,701,65,330,42,14,410,42,14,4514,10,27,28.62,1,1.3,2.16,1.04,6,0.42,2,20,6,1.5,1.73,1.75,4.33,1.5,52,33,20,20,50,2.4,5.11,5.41,20.17,1.08,20,49,0.831,0.551,5.406,408,0,0,0,kritik_gozx1 yikim_gucux1 kivilcimx1 bilgi_filizix1,25,0,45,9,27,0,0,0,0,0,25,,0,0,0,0,0,0,0,0,0,0,0.878,15.578,1.733
4,Run50_KirilmaV1,Patlama yolu,bahcivan,standart,103,LAB R25 B +artci_patlama #3,25,,,102,43,32,0,0,27,70,15,10,5,2,732,732,300,732,65,345,82,10,425,82,10,5503,11,30,28.62,1,1.3,2.16,1.04,6,0.42,2,20,6,1.48,1.6,1.29,5.5,1.5,48,46,31,0,50,2.16,4.75,3.7,22.68,3.23,20,49,0.776,0.469,5.406,408,0,0,0,kritik_gozx1 yikim_gucux1 kivilcimx1 bilgi_filizix1 artci_patlamax1,26,0,45,10,30,0,0,0,0,0,25,,11,11,0,10,9,0,0,0,0,0,0.796,16.267,2.267
4,Run50_KirilmaV1,Patlama yolu,bahcivan,standart,103,LAB R25 sinerji A ödülsüz #3,25,,,107,32,75,0,0,0,61,30,9,7,0,481,481,300,481,65,363,54,14,443,54,14,5660,12,33,28.62,1,2.197,2.16,1.04,6,0.42,2,20,6,1.5,1.33,,1.5,,63,42,13,43,,3.12,2.34,,3.25,,20,49,0.709,0.469,6.243,353,0,0,0,kritik_gozx1 yikim_gucux3 kivilcimx3 bilgi_filizix1,26,0,45,11,33,0,0,0,0,0,25,,0,0,0,0,0,0,0,0,0,0,0.653,10.689,2.378
4,Run50_KirilmaV1,Patlama yolu,bahcivan,standart,103,LAB R25 sinerji B +artci_patlama #3,25,,,122,26,96,0,0,0,70,33,16,3,0,444,444,300,444,65,408,96,6,488,96,6,6360,12,33,28.62,1,2.197,2.16,1.04,6,0.42,2,20,6,1.53,1.5,1.75,1,,41,17,38,0,0,2.16,1.81,8.1,0,,20,49,0.67,0.347,6.243,353,0,0,0,kritik_gozx1 yikim_gucux3 kivilcimx3 bilgi_filizix1 artci_patlamax1,32,0,45,11,33,0,0,0,0,0,25,,26,26,0,62,41,0,0,0,0,0,0.714,9.867,2.711
4,Run50_KirilmaV1,Patlama yolu,bahcivan,standart,103,LAB R40 A ödülsüz #1,40,,,155,50,80,0,0,25,61,48,32,10,4,1997,1997,2800,1997,500,686,384,129,766,384,129,10745,17,48,56.1,1.25,1.3,1.783,1.365,6,0.42,2,25,4,1,1.16,1.47,1,2,69,74,45,67,0,0,0.75,2.61,0,1.8,25,81,0.818,0.679,4.938,738,0,0,0,kritik_gozx1 yikim_gucux1 kivilcimx2 bilgi_filizix1 keskin_bicakx1 nadir_tohumx1,28,0,45,16,48,0,0,0,0,0,40,,0,0,0,0,0,0,0,0,0,0,0.704,44.378,3.444
4,Run50_KirilmaV1,Patlama yolu,bahcivan,standart,103,LAB R40 B +artci_patlama #1,40,,,179,51,102,0,0,26,57,57,36,22,7,3044,3044,2800,3044,500,742,475,247,822,475,247,13172,19,54,56.1,1.25,1.3,1.783,1.365,6,0.42,2,25,4,1.06,1.25,1,1.14,1.67,88,70,35,60,20,1.19,0.89,0,1.02,4.16,25,81,0.782,0.63,4.938,738,0,0,0,kritik_gozx1 yikim_gucux1 kivilcimx2 bilgi_filizix1 keskin_bicakx1 nadir_tohumx1 artci_patlamax1,33,0,45,18,54,0,0,0,0,0,40,,28,28,0,70,45,0,0,0,0,0,0.79,67.644,3.978
4,Run50_KirilmaV1,Patlama yolu,bahcivan,standart,103,LAB R40 A ödülsüz #2,40,,,142,49,67,0,0,26,55,37,27,19,4,2283,2283,2800,2283,500,516,367,183,596,367,183,10052,17,48,56.1,1.25,1.3,1.783,1.365,6,0.42,2,25,4,1.1,1.09,1.33,1,1.33,71,59,53,45,50,0.62,0.97,1.93,0,2.38,25,81,0.829,0.593,4.938,738,0,0,0,kritik_gozx1 yikim_gucux1 kivilcimx2 bilgi_filizix1 keskin_bicakx1 nadir_tohumx1,32,0,45,16,48,0,0,0,0,0,40,,0,0,0,0,0,0,0,0,0,0,0.753,50.733,3.156
4,Run50_KirilmaV1,Patlama yolu,bahcivan,standart,103,LAB R40 B +artci_patlama #2,40,,,198,56,121,0,0,21,79,48,47,17,7,2961,2961,2800,2961,500,758,650,194,838,650,194,14095,20,57,56.1,1.25,1.3,1.783,1.365,6,0.42,2,25,4,1.09,1.06,1.17,1,1,82,82,50,15,60,0.41,0.22,1.04,0,0,25,81,0.761,0.531,4.938,738,0,0,0,kritik_gozx1 yikim_gucux1 kivilcimx2 bilgi_filizix1 keskin_bicakx1 nadir_tohumx1 artci_patlamax1,37,0,45,19,57,0,0,0,0,0,40,,35,35,0,85,54,0,0,0,0,0,0.679,65.8,4.4
4,Run50_KirilmaV1,Patlama yolu,bahcivan,standart,103,LAB R40 A ödülsüz #3,40,,,140,50,69,0,0,21,54,41,23,19,3,1969,1969,2800,1969,500,602,362,114,682,362,114,9868,16,45,56.1,1.25,1.3,1.783,1.365,6,0.42,2,25,4,1.04,1.21,1.25,1.4,,79,60,50,33,,0.23,0.89,1.34,1.07,,25,81,0.824,0.704,4.938,738,0,0,0,kritik_gozx1 yikim_gucux1 kivilcimx2 bilgi_filizix1 keskin_bicakx1 nadir_tohumx1,28,0,45,15,45,0,0,0,0,0,40,,0,0,0,0,0,0,0,0,0,0,0.901,43.756,3.111
4,Run50_KirilmaV1,Patlama yolu,bahcivan,standart,103,LAB R40 B +artci_patlama #3,40,,,167,50,98,0,0,19,67,50,25,18,7,2564,2564,2800,2564,500,784,472,131,864,472,131,11669,18,51,56.1,1.25,1.3,1.783,1.365,6,0.42,2,25,4,1.05,1.27,1,1.22,1,67,50,33,62,25,0.42,1.31,0,0.4,0,25,81,0.805,0.654,4.938,738,0,0,0,kritik_gozx1 yikim_gucux1 kivilcimx2 bilgi_filizix1 keskin_bicakx1 nadir_tohumx1 artci_patlamax1,31,0,45,17,51,0,0,0,0,0,40,,31,31,0,53,33,0,0,0,0,0,0.691,56.978,3.711
5,Run50_KirilmaV1,Patlama yolu,bahcivan,standart,104,ödülsüz eş,1,,,13,13,0,0,0,0,11,2,0,0,0,17,17,45,0,0,30,0,0,30,0,0,280,1,0,10,1,1,3,0.9,4,0.3,2,13,2.23,2.09,2.5,,,,9,0,,,,3.27,4.5,,,,2,4,0.358,0,8,23,0,0,2,,4,0.231,45,0,0,0,0,0,0,0,0,,0,0,0,0,0,0,0,0,0,0,0.75,0.378,0.289
5,Run50_KirilmaV1,Patlama yolu,bahcivan,standart,104,ödülsüz eş,2,,,13,13,0,0,0,0,9,2,2,0,0,35,52,45,0,0,26,8,0,31,8,0,320,2,3,10.67,1,1,3,0.9,4,0.3,2,14,2.64,2.44,2,3,,,0,0,0,,,4.33,3,9,,,3,5,0.522,0.2,8,28,1,1,1,,4,0,45,1,3,0,0,0,0,0,0,,0,0,0,0,0,0,0,0,0,0,0.8,0.778,0.289
5,Run50_KirilmaV1,Patlama yolu,bahcivan,standart,104,ödülsüz eş,3,,,17,16,1,0,0,0,9,7,1,0,0,40,92,45,0,0,46,4,0,50,12,0,430,3,3,11.33,1,1,3,0.9,4,0.3,2,14,2.86,1.67,2.33,4,,,27,0,0,,,2,5,15,,,4,6,0.485,0,8,34,1,2,1,,4,0.044,45,2,6,3,0,0,2,2,3,,0,0,0,0,0,0,0,0,0,0,0.833,0.889,0.378
5,Run50_KirilmaV1,Patlama yolu,bahcivan,standart,104,ödülsüz eş,4,,,24,17,7,0,0,0,21,1,2,0,0,44,136,45,0,0,46,8,0,49,20,0,530,4,3,11.33,1,1,3,0.9,4,0.3,2,14,3.29,1.82,,,,,16,0,0,,,3.35,,,,,5,8,0.495,0,8,45,1,3,1,,6,0.133,45,3,9,6,0,0,2,2,3,,0,0,0,0,0,0,0,0,0,0,0.625,0.978,0.533
5,Run50_KirilmaV1,Patlama yolu,bahcivan,standart,104,ödülsüz eş,5,,,21,17,4,0,0,0,13,6,1,1,0,71,207,45,71,8,50,4,2,52,24,2,617,6,6,12,1,1,2.892,0.9,4,0.3,2,15,3.33,2,2.5,2,,,8,0,0,0,,6.74,7.23,8.67,,,6,9,0.613,0.222,7.804,52,4,7,1,,5,0,45,5,15,9,0,0,2,2,3,,0,0,0,0,0,0,0,0,0,0,0.222,1.578,0.467
5,Run50_KirilmaV1,Patlama yolu,bahcivan,standart,104,ödülsüz eş,6,,,23,17,6,0,0,0,16,3,4,0,0,65,65,110,0,0,44,16,0,47,40,2,656,7,3,12.67,1,1.3,2.892,0.9,4,0.3,2,15,3,1.58,4,2.25,,,24,0,0,,,3.62,17.37,8.68,,,6,9,0.514,0,7.804,52,3,10,0,yikim_gucux1,8,0.154,45,6,18,9,6,0,2,2,3,,0,0,0,0,0,0,0,0,0,0,0.222,1.444,0.511
5,Run50_KirilmaV1,Patlama yolu,bahcivan,standart,104,ödülsüz eş,7,,,21,15,6,0,0,0,16,4,1,0,0,38,103,110,0,0,48,4,0,55,44,2,559,8,3,12.67,1,1.3,2.892,0.9,4,0.3,2,15,3.4,1.92,2,,,,6,0,0,,,5.78,7.23,,,,7,11,0.649,0.182,7.804,63,0,10,1,yikim_gucux1,7,0,45,7,21,12,6,0,2,2,3,,0,0,0,0,0,0,0,0,0,0,0.909,0.844,0.467
5,Run50_KirilmaV1,Patlama yolu,bahcivan,standart,104,ödülsüz eş,8,,,28,17,11,0,0,0,18,8,2,0,0,62,165,110,0,0,68,8,0,75,52,2,776,9,3,13.33,1,1.3,2.789,0.9,4,0.3,2,16,3.38,1.64,2.2,1,,,14,0,0,,,2.79,6.13,0,,,8,12,0.609,0.25,7.613,71,3,13,1,yikim_gucux1,6,0,45,8,24,15,6,0,2,2,3,,0,0,0,0,0,0,0,0,0,0,0.667,1.378,0.622
5,Run50_KirilmaV1,Patlama yolu,bahcivan,standart,104,ödülsüz eş,9,,,29,20,9,0,0,0,20,6,3,0,0,68,233,110,0,0,70,12,0,71,64,2,797,11,6,14,1,1.3,2.789,0.9,4,0.3,2,16,3.31,1.8,1,2,,,13,0,0,0,,5.95,0,5.59,,,9,13,0.655,0.385,7.613,77,3,16,1,yikim_gucux1,7,0,45,10,30,18,6,0,2,2,3,,0,0,0,0,0,0,0,0,0,0,0.615,1.511,0.644
5,Run50_KirilmaV1,Patlama yolu,bahcivan,standart,104,ödülsüz eş,10,,,26,18,8,0,0,0,16,7,2,1,0,87,320,110,87,16,67,8,2,70,72,4,731,12,3,14.67,1,1.3,2.689,0.9,4,0.3,2,16,2.88,1.75,2,2,2,,44,0,0,,,4.71,7.38,2.7,2.7,,10,14,0.508,0.214,7.427,85,4,20,1,yikim_gucux1,7,0,45,11,33,24,6,0,2,2,3,,0,0,0,0,0,0,0,0,0,0,0.214,1.933,0.578
5,Run50_KirilmaV1,Patlama yolu,bahcivan,standart,104,ödülsüz eş,11,,,33,24,9,0,0,0,22,5,5,1,0,117,117,150,0,0,69,20,2,69,92,6,1090,13,3,14.67,1,1.3,2.286,0.9,4,0.3,2,19,3.42,1.5,2.5,2.67,3,,26,0,0,0,,2.28,8.57,14.46,9.17,,11,17,0.658,0.176,7.427,103,0,20,1,yikim_gucux1 hizli_bilekx1,8,0,45,12,36,25,8,0,2,2,3,,0,0,0,0,0,0,0,0,0,0,0.647,2.6,0.733
5,Run50_KirilmaV1,Patlama yolu,bahcivan,standart,104,ödülsüz eş,12,,,36,26,10,0,0,0,26,6,4,0,0,84,201,150,0,0,82,16,0,94,78,6,1138,14,3,15.64,1,1.3,2.204,0.9,4,0.3,2,20,3.75,1.63,1.4,2,,,24,14,0,0,,3.36,1.32,11.02,,,12,18,0.657,0.278,7.427,109,3,23,1,yikim_gucux1 hizli_bilekx1,11,0,45,13,39,25,11,0,2,2,3,,0,0,0,0,0,0,0,0,0,0,0.833,1.867,0.8
5,Run50_KirilmaV1,Patlama yolu,bahcivan,standart,104,ödülsüz eş,13,,,43,25,18,0,0,0,27,11,4,1,0,130,331,150,0,0,136,16,2,138,94,8,1465,16,6,16.36,1,1.3,2.204,0.9,4,0.3,2,20,3.65,1.5,1.67,3,1,,27,0,0,,,2.36,6.25,18.18,0,,13,20,0.697,0.4,6.975,129,4,27,1,yikim_gucux1 hizli_bilekx1,11,0,45,15,45,28,11,0,2,2,3,,0,0,0,0,0,0,0,0,0,0,0.55,2.889,0.956
5,Run50_KirilmaV1,Patlama yolu,bahcivan,standart,104,ödülsüz eş,14,,,39,23,16,0,0,0,29,8,2,0,0,73,404,150,0,0,127,8,0,128,102,8,1377,17,3,17.38,1,1.3,2.125,0.9,4,0.3,2,21,3.81,1.65,2,2,,,32,0,0,,,3.5,5.85,6.38,,,15,23,0.713,0.435,7.011,148,4,31,2,yikim_gucux1 hizli_bilekx1,12,0,45,16,48,34,11,0,2,2,3,,0,0,0,0,0,0,0,0,0,0,0.826,1.622,0.867
5,Run50_KirilmaV1,Patlama yolu,bahcivan,standart,104,ödülsüz eş,15,,,39,29,10,0,0,0,24,12,3,0,0,90,494,150,90,30,144,12,0,146,114,8,1325,18,3,18.13,1,1.3,2.048,0.9,4,0.3,2,21,3.81,1.88,1.78,2.33,,,18,22,0,,,5.55,4.55,14.33,,,17,26,0.767,0.577,6.615,177,4,35,2,yikim_gucux1 hizli_bilekx1,8,0,45,17,51,37,11,0,2,2,3,,0,0,0,0,0,0,0,0,0,0,0.885,2,0.867
5,Run50_KirilmaV1,Patlama yolu,bahcivan,standart,104,ödülsüz eş,16,,,42,30,12,0,0,0,26,11,5,0,0,109,109,220,0,0,144,20,0,150,84,8,1469,19,3,19.2,1,1.3,2.048,0.9,4,0.3,2,21,4,2,2,2.25,,,4,11,0,,,9.67,7.94,13.82,,,19,31,0.801,0.548,6.625,211,3,38,2,yikim_gucux1 hizli_bilekx1 nadir_tohumx1,11,0,45,18,54,40,11,0,2,2,3,,0,0,0,0,0,0,0,0,0,0,0.677,2.422,0.933
5,Run50_KirilmaV1,Patlama yolu,bahcivan,standart,104,ödülsüz eş,17,,,49,31,18,0,0,0,31,14,4,0,0,129,238,220,0,0,177,16,0,254,50,8,1725,21,6,19.2,1,1.3,1.975,0.935,4,0.3,2,22,4,1.55,2.17,3,,,26,7,13,,,4.22,9.21,11.19,,,18,34,0.773,0.5,6.438,238,6,44,3,yikim_gucux1 hizli_bilekx1 nadir_tohumx1,13,0,45,20,60,43,11,0,2,2,3,,0,0,0,0,0,0,0,0,0,0,0.647,2.867,1.089
5,Run50_KirilmaV1,Patlama yolu,bahcivan,standart,104,ödülsüz eş,18,,,51,28,22,0,0,1,32,8,11,0,0,207,445,220,0,0,144,55,0,152,80,8,2115,22,3,20.27,1,1.3,1.836,0.97,4,0.3,2,24,4,1.41,2.25,2.29,,,19,0,0,,0,3.24,11.02,9.44,,,18,38,0.795,0.526,6.142,278,9,53,2,yikim_gucux1 hizli_bilekx1 nadir_tohumx1,13,0,45,21,63,49,11,0,2,2,3,,0,0,0,0,0,0,0,0,0,0,0.816,4.6,1.133
5,Run50_KirilmaV1,Patlama yolu,bahcivan,standart,104,ödülsüz eş,19,,,66,36,27,0,0,3,36,15,11,2,2,496,941,220,0,0,288,55,4,370,85,12,2998,24,6,23.08,1,1.3,1.836,0.97,4,0.3,2,24,4,1.37,1.67,1.67,2,3,27,0,0,0,0,3.28,2.66,7.04,1.83,29.37,17,40,0.75,0.575,6.107,295,1,54,3,yikim_gucux1 hizli_bilekx1 nadir_tohumx1,15,0,45,23,69,49,14,0,2,2,3,,0,0,0,0,0,0,0,0,0,0,0.675,11.022,1.467
5,Run50_KirilmaV1,Patlama yolu,bahcivan,standart,104,ödülsüz eş,20,,,55,36,17,0,0,2,33,10,5,6,1,491,1432,220,491,45,159,45,12,185,70,24,2469,25,3,24.3,1,1.3,1.836,0.97,4,0.3,2,24,4,1.46,1.4,2.33,1.67,4,32,8,0,0,0,3.98,5.51,12.24,6.11,18.37,18,44,0.714,0.523,5.901,336,5,59,3,yikim_gucux1 hizli_bilekx1 nadir_tohumx1,14,0,45,24,72,49,20,0,2,2,3,,0,0,0,0,0,0,0,0,0,0,0.659,10.911,1.222
5,Run50_KirilmaV1,Patlama yolu,bahcivan,standart,104,ödülsüz eş,21,,,111,56,50,0,0,5,53,34,20,2,2,770,770,300,0,0,408,105,14,419,130,38,5382,27,6,24.3,1.25,1.3,1.836,1.005,6,0.3,2,24,6,1.15,1.53,1.86,2.5,2,62,26,0,0,,1.56,4.54,3.4,10.08,29.37,21,48,0.703,0.458,5.797,373,5,64,3,yikim_gucux1 hizli_bilekx1 nadir_tohumx1 keskin_bicakx1,21,0,45,26,78,49,23,0,2,2,3,,0,0,0,0,0,0,0,0,0,0,0.667,17.111,2.467
5,Run50_KirilmaV1,Patlama yolu,bahcivan,standart,104,ödülsüz eş,22,,,114,73,33,0,0,8,62,32,14,4,2,788,1558,300,0,0,384,70,28,388,200,66,5468,29,6,25.51,1.25,1.3,1.836,1.005,6,0.3,2,24,6,1.2,1.58,1.67,1.5,2,66,24,0,0,,1.46,2.8,3.97,5.5,4.6,22,49,0.695,0.49,5.787,381,3,67,1,yikim_gucux1 hizli_bilekx1 nadir_tohumx1 keskin_bicakx1,21,0,45,28,84,49,29,0,2,2,3,,0,0,0,0,0,0,0,0,0,0,0.735,17.511,2.533
5,Run50_KirilmaV1,Patlama yolu,bahcivan,standart,104,ödülsüz eş,23,,,116,50,55,0,0,11,59,28,19,7,3,1372,2930,300,0,0,345,100,44,413,124,70,5938,31,6,28.62,1.25,1.3,1.778,1.04,6,0.3,2,25,6,1.14,1.71,2.13,,3.67,68,20,15,0,0,1.21,4.08,7.33,,14.22,18,49,0.717,0.49,5.467,403,4,71,2,yikim_gucux1 hizli_bilekx1 nadir_tohumx1 keskin_bicakx1,23,0,45,30,90,49,35,0,2,2,3,,0,0,0,0,0,0,0,0,0,0,0.735,30.489,2.578
5,Run50_KirilmaV1,Patlama yolu,bahcivan,standart,104,ödülsüz eş,24,,,125,65,49,0,0,11,55,43,18,8,1,990,3920,300,0,0,498,114,24,570,207,54,6786,33,6,33.24,1.25,1.3,1.778,1.075,6,0.3,2,25,6,1.26,1.39,1.78,1.4,,53,34,15,0,0,2.32,2.92,5.14,5.69,,15,49,0.695,0.449,5.312,415,6,77,2,yikim_gucux1 hizli_bilekx1 nadir_tohumx1 keskin_bicakx1,24,0,45,32,96,49,41,0,2,2,3,,0,0,0,0,0,0,0,0,0,0,0.816,22,2.778
5,Run50_KirilmaV1,Patlama yolu,bahcivan,standart,104,ödülsüz eş,25,,,134,65,60,0,0,9,46,34,34,17,3,2361,6281,300,2361,65,345,256,65,350,475,99,8192,35,6,34.76,1.25,1.3,1.722,1.075,6,0.3,2,26,6,1.06,1.5,1.33,1.89,2.5,81,23,43,14,0,0.1,4.3,2.87,5.17,6.88,14,49,0.73,0.51,5.258,419,4,81,1,yikim_gucux1 hizli_bilekx1 nadir_tohumx1 keskin_bicakx1,23,0,45,34,102,49,47,0,2,2,3,,0,0,0,0,0,0,0,0,0,0,0.592,52.467,2.978
5,Run50_KirilmaV1,Patlama yolu,bahcivan,standart,104,ödülsüz eş,26,,,129,54,69,0,0,6,48,47,14,15,5,1985,1985,500,0,0,591,119,63,656,299,162,9513,37,6,38.16,1.25,1.3,1.722,1.11,6,0.3,2,26,6,1.25,1.74,1.83,2,2,54,34,0,0,0,2.9,5.17,6.03,4.43,5.17,14,49,0.703,0.388,5.231,422,4,85,0,yikim_gucux1 hizli_bilekx1 nadir_tohumx1 keskin_bicakx1 bilgi_filizix1,29,0,45,36,108,49,53,0,2,2,3,,0,0,0,0,0,0,0,0,0,0,0.51,44.111,2.867
5,Run50_KirilmaV1,Patlama yolu,bahcivan,standart,104,ödülsüz eş,27,,,137,65,61,0,0,11,55,29,36,15,2,2042,4027,500,0,0,387,293,45,393,332,57,10187,39,6,39.82,1.25,1.3,1.668,1.145,6,0.3,2,26,6,1.33,1.37,1.48,1.83,2,42,52,28,29,0,2.31,1.75,2.38,3.33,6.67,14,49,0.716,0.51,5.024,439,8,93,0,yikim_gucux1 hizli_bilekx1 nadir_tohumx1 keskin_bicakx1 bilgi_filizix1,29,0,45,38,114,49,59,0,2,2,3,,0,0,0,0,0,0,0,0,0,0,0.714,45.378,3.044
5,Run50_KirilmaV1,Patlama yolu,bahcivan,standart,104,ödülsüz eş,28,,,121,56,53,0,0,12,38,42,20,18,3,2148,6175,500,0,0,366,196,81,394,490,118,9139,41,6,39.82,1.25,1.3,1.668,1.215,6,0.3,2,26,6,1.3,1.56,1.89,2,1.33,45,21,7,0,0,2.67,2.96,4.63,8.06,0.56,18,64,0.791,0.422,5.214,552,3,96,7,yikim_gucux1 hizli_bilekx1 nadir_tohumx1 keskin_bicakx1 bilgi_filizix1,25,0,45,40,120,55,59,0,2,2,3,,0,0,0,0,0,0,0,0,0,0,0.797,47.733,2.689
5,Run50_KirilmaV1,Patlama yolu,bahcivan,standart,104,ödülsüz eş,29,,,123,54,55,0,0,14,41,31,31,13,7,2744,8919,500,0,0,510,294,82,564,338,95,10266,43,6,39.82,1.25,1.3,1.668,1.215,6,0.3,2,26,6,1.21,1.56,1.83,2.4,1.5,62,35,8,0,0,0.7,3.23,2.64,5,3.35,17,69,0.806,0.638,4.996,622,5,101,3,yikim_gucux1 hizli_bilekx1 nadir_tohumx1 keskin_bicakx1 bilgi_filizix1,27,0,45,42,126,61,59,0,2,2,3,,0,0,0,0,0,0,0,0,0,0,0.913,60.978,2.733
5,Run50_KirilmaV1,Patlama yolu,bahcivan,standart,104,ödülsüz eş,30,,,118,56,56,0,0,6,35,30,24,21,8,3273,12192,500,3273,100,483,246,139,647,386,214,9911,44,3,43.38,1.25,1.3,1.668,1.215,6,0.3,2,26,6,1.31,1.53,1.92,2.27,2.25,55,25,14,6,0,1.15,2.56,5.39,8.49,5.83,20,77,0.757,0.623,5.118,677,3,104,4,yikim_gucux1 hizli_bilekx1 nadir_tohumx1 keskin_bicakx1 bilgi_filizix1,31,0,45,43,129,67,59,0,2,2,3,,0,0,0,0,0,0,0,0,0,0,0.792,72.733,2.622
5,Run50_KirilmaV1,Patlama yolu,bahcivan,standart,104,ödülsüz eş,31,,,158,50,91,0,0,17,57,49,31,17,4,2654,2654,1200,0,0,670,312,68,687,698,202,11978,46,6,43.38,1.25,1.3,1.616,1.215,6,0.3,2,27,6,1.25,1.38,1.78,2,2,79,35,9,0,0,1.7,2.23,5.57,5.65,3.23,24,81,0.793,0.642,5.185,703,3,107,4,yikim_gucux1 hizli_bilekx1 nadir_tohumx1 keskin_bicakx1 bilgi_filizix1 kivilcimx1,38,0,45,45,135,70,59,0,2,2,3,,0,0,0,0,0,0,0,0,0,0,0.815,58.978,3.511
5,Run50_KirilmaV1,Patlama yolu,bahcivan,standart,104,ödülsüz eş,32,,,170,69,89,0,0,12,67,45,38,9,11,3888,6542,1200,0,0,620,492,140,847,630,247,15596,48,6,49.54,1.25,1.3,1.616,1.265,6,0.3,2,27,6,1.14,1.11,1.87,1.33,2.8,81,76,20,0,20,0.35,0.54,5.6,1.08,10.02,24,81,0.772,0.605,5.185,703,4,111,0,yikim_gucux1 hizli_bilekx1 nadir_tohumx1 keskin_bicakx1 bilgi_filizix1 kivilcimx1,34,0,45,47,141,76,59,0,2,2,3,,0,0,0,0,0,0,0,0,0,0,0.802,86.4,3.778
5,Run50_KirilmaV1,Patlama yolu,bahcivan,standart,104,ödülsüz eş,33,,,152,61,78,0,0,13,53,41,34,18,6,3201,9743,1200,0,0,664,387,130,706,577,377,12505,49,3,49.54,1.25,1.3,1.616,1.265,6,0.3,2,27,6,1.22,1.31,1.67,2,3,67,50,20,7,0,1.61,2.32,3.63,5.19,9.7,24,81,0.809,0.63,5.009,728,6,117,0,yikim_gucux1 hizli_bilekx1 nadir_tohumx1 keskin_bicakx1 bilgi_filizix1 kivilcimx1,34,0,45,48,144,81,60,0,2,2,3,,0,0,0,0,0,0,0,0,0,0,0.877,71.133,3.378
5,Run50_KirilmaV1,Patlama yolu,bahcivan,standart,104,ödülsüz eş,34,,,151,56,80,0,0,15,62,27,35,20,7,3669,13412,1200,0,0,554,388,180,690,965,447,14396,51,6,49.54,1.25,1.3,1.565,1.315,6,0.3,2,28,6,1.38,1.45,1.69,1.89,2,52,48,20,0,0,1.42,2.56,5.3,8,6.27,24,81,0.814,0.679,5.009,728,3,120,0,yikim_gucux1 hizli_bilekx1 nadir_tohumx1 keskin_bicakx1 bilgi_filizix1 kivilcimx1,30,0,45,50,150,81,63,0,2,2,3,,0,0,0,0,0,0,0,0,0,0,0.877,81.533,3.356
5,Run50_KirilmaV1,Patlama yolu,bahcivan,standart,104,ödülsüz eş,35,,,122,37,72,0,0,13,46,33,25,15,3,2376,15788,1200,2376,220,448,326,95,448,571,542,11671,52,3,56.1,1.25,1.3,1.565,1.315,6,0.3,2,28,4,1.33,1.5,1.57,1.5,2.5,52,24,0,0,0,2.48,3.39,2.69,2.35,10.18,24,81,0.845,0.753,4.981,732,3,123,0,yikim_gucux1 hizli_bilekx1 nadir_tohumx1 keskin_bicakx1 bilgi_filizix1 kivilcimx1,24,0,45,51,153,81,69,0,2,2,3,,0,0,0,0,0,0,0,0,0,0,0.84,52.8,2.711
5,Run50_KirilmaV1,Patlama yolu,bahcivan,standart,104,ödülsüz eş,36,,,168,64,88,0,0,16,62,49,33,17,7,3641,3641,2800,0,0,756,545,106,804,756,523,15152,53,3,56.1,1.563,1.3,1.516,1.315,6,0.3,2,29,6,1.25,1.32,2,1.6,2.5,68,38,5,9,0,1.21,2.14,3.98,5.76,12.88,24,81,0.783,0.667,4.981,732,3,126,0,yikim_gucux1 hizli_bilekx1 nadir_tohumx1 keskin_bicakx2 bilgi_filizix1 kivilcimx1,32,0,45,52,156,81,72,0,2,2,3,,0,0,0,0,0,0,0,0,0,0,0.889,80.911,3.733
5,Run50_KirilmaV1,Patlama yolu,bahcivan,standart,104,ödülsüz eş,37,,,175,76,86,0,0,13,57,47,42,22,7,4114,7755,2800,0,0,720,502,194,814,1258,717,17456,55,6,56.1,1.563,1.3,1.516,1.365,6,0.3,2,29,6,1.08,1.32,1.24,1.75,3,67,57,33,0,0,0.32,1.82,0.71,3.97,10.58,24,81,0.787,0.654,4.981,732,2,128,0,yikim_gucux1 hizli_bilekx1 nadir_tohumx1 keskin_bicakx2 bilgi_filizix1 kivilcimx1,32,0,45,54,162,81,75,0,2,2,3,,0,0,0,0,0,0,0,0,0,0,0.79,91.422,3.889
5,Run50_KirilmaV1,Patlama yolu,bahcivan,standart,104,ödülsüz eş,38,,,182,78,90,0,0,14,68,46,32,27,9,4868,12623,2800,0,0,876,436,240,910,514,817,17194,56,3,60.05,1.563,1.3,1.516,1.365,6,0.3,2,29,6,1.3,1.47,1.56,1.44,1.86,70,46,11,20,0,2.02,1.36,1.8,3.03,3.25,24,81,0.78,0.667,4.856,751,5,133,0,yikim_gucux1 hizli_bilekx1 nadir_tohumx1 keskin_bicakx2 bilgi_filizix1 kivilcimx1,34,0,45,55,165,81,81,0,2,2,3,,0,0,0,0,0,0,0,0,0,0,0.914,108.178,4.044
5,Run50_KirilmaV1,Patlama yolu,bahcivan,standart,104,ödülsüz eş,39,,,174,73,86,0,0,15,53,47,47,19,8,4068,16691,2800,0,0,774,696,136,939,1210,953,18436,58,6,60.05,1.563,1.3,1.516,1.365,6,0.333,2,29,6,1,1.42,1.48,1.5,1,71,48,17,18,0,0,1.84,3.81,1.13,0,24,81,0.796,0.667,4.844,753,3,136,0,yikim_gucux1 hizli_bilekx1 nadir_tohumx1 keskin_bicakx2 bilgi_filizix1 kivilcimx1,31,0,45,57,171,81,84,0,2,2,3,,0,0,0,0,0,0,0,0,0,0,0.815,90.4,3.867
5,Run50_KirilmaV1,Patlama yolu,bahcivan,standart,104,ödülsüz eş,40,,,191,82,100,0,0,9,71,51,49,17,3,3344,20035,2800,3344,500,762,667,125,1171,987,923,16987,59,3,63.05,1.563,1.3,1.516,1.365,6,0.367,2,29,6,1.06,1.43,1.53,2.14,1,80,44,32,0,0,0.09,5.14,2.32,3.47,0,24,81,0.729,0.494,4.844,753,4,140,0,yikim_gucux1 hizli_bilekx1 nadir_tohumx1 keskin_bicakx2 bilgi_filizix1 kivilcimx1,35,0,45,58,174,81,90,0,2,2,3,,0,0,0,0,0,0,0,0,0,0,0.556,74.311,4.244
5,Run50_KirilmaV1,Patlama yolu,bahcivan,standart,104,ödülsüz eş,41,,,172,66,91,0,0,15,68,47,23,26,8,4471,4471,4500,0,0,776,300,294,1947,417,1067,16476,60,3,63.05,1.563,1.3,1.516,1.365,6,0.367,2.111,29,6,1.36,1.38,1.63,2.13,2.5,56,52,29,7,0,1.94,2.75,2.27,6.56,14.4,24,81,0.803,0.556,4.721,772,3,143,0,yikim_gucux1 hizli_bilekx1 nadir_tohumx1 keskin_bicakx2 bilgi_filizix1 kivilcimx2,32,0,45,59,177,81,93,0,2,2,3,,0,0,0,0,0,0,0,0,0,0,0.753,99.356,3.822
5,Run50_KirilmaV1,Patlama yolu,bahcivan,standart,104,ödülsüz eş,42,,,197,79,103,0,0,15,72,51,46,19,9,4389,8860,4500,0,0,824,744,210,1121,1161,1107,18481,61,3,69.27,1.563,1.3,1.468,1.365,6,0.367,2.111,30,6,1.22,1.3,1.35,1.33,,76,54,35,11,0,1.41,1.4,2.06,1.63,,24,81,0.771,0.63,4.705,775,3,146,0,yikim_gucux1 hizli_bilekx1 nadir_tohumx1 keskin_bicakx2 bilgi_filizix1 kivilcimx2,36,0,45,60,180,81,96,0,2,2,3,,0,0,0,0,0,0,0,0,0,0,0.691,97.533,4.378
5,Run50_KirilmaV1,Patlama yolu,bahcivan,standart,104,ödülsüz eş,43,,,311,122,165,0,0,24,114,81,57,47,12,6855,15715,4500,0,0,1296,1023,414,1397,1084,1326,29439,63,6,72.57,1.563,1.3,1.468,1.415,9,0.367,2.222,30,8.9,1.05,1.12,1.33,1.4,1.63,88,76,33,29,17,0.6,0.6,3.21,2.13,2.75,24,81,0.632,0.444,4.705,775,4,150,0,yikim_gucux1 hizli_bilekx1 nadir_tohumx1 keskin_bicakx2 bilgi_filizix1 kivilcimx2,56,0,45,62,186,81,99,0,2,2,3,,0,0,0,0,0,0,0,0,0,0,0.63,152.333,6.911
5,Run50_KirilmaV1,Patlama yolu,bahcivan,standart,104,ödülsüz eş,44,,,286,122,146,0,0,18,104,72,60,39,11,6404,22119,4500,0,0,1436,810,372,1793,884,1698,28626,65,6,72.57,1.563,1.3,1.468,1.415,9,0.367,2.222,30,9,1.11,1.13,1.27,1.58,2.5,75,64,45,20,13,0.89,1.12,1.86,4.83,9.18,24,81,0.686,0.543,4.59,794,4,154,0,yikim_gucux1 hizli_bilekx1 nadir_tohumx1 keskin_bicakx2 bilgi_filizix1 kivilcimx2,48,0,45,64,192,81,105,0,2,2,3,,0,0,0,0,0,0,0,0,0,0,0.593,142.311,6.356
5,Run50_KirilmaV1,Patlama yolu,bahcivan,standart,104,ödülsüz eş,45,,,197,86,96,0,0,15,59,57,47,30,4,4317,26436,4500,4317,800,1018,564,192,1311,1448,1650,20126,66,3,76.92,1.563,1.3,1.468,1.515,9,0.383,2.333,30,6,1.13,1.53,1.4,1.6,1.5,85,37,37,0,0,1.35,2.35,2.42,3.67,2.93,24,81,0.765,0.593,4.59,794,5,159,0,yikim_gucux1 hizli_bilekx1 nadir_tohumx1 keskin_bicakx2 bilgi_filizix1 kivilcimx2,35,0,45,65,195,81,111,0,2,2,3,,0,0,0,0,0,0,0,0,0,0,0.778,95.933,4.378
5,Run50_KirilmaV1,Patlama yolu,bahcivan,standart,104,ödülsüz eş,46,,,294,115,156,0,0,23,106,76,63,40,9,6091,6091,6000,0,0,1297,984,318,2228,1232,1968,29896,67,3,80.41,1.563,1.3,1.468,1.515,9,0.52,2.333,30,9,1,1.19,1.31,1.56,1,86,60,36,31,0,0,1.47,2.93,3.85,0,24,81,0.674,0.494,4.571,797,2,161,0,yikim_gucux1 hizli_bilekx1 nadir_tohumx1 keskin_bicakx2 bilgi_filizix1 kivilcimx2 kritik_gozx1,50,0,45,66,198,81,114,0,2,2,3,,0,0,0,0,0,0,0,0,0,0,0.63,135.356,6.533
5,Run50_KirilmaV1,Patlama yolu,bahcivan,standart,104,ödülsüz eş,47,,,327,131,172,0,0,24,120,74,79,44,10,7252,13343,6000,0,0,1519,1167,312,1782,1234,400,31998,69,6,87.23,1.563,1.3,1.468,1.515,9,0.52,2.333,30,9,1.14,1.06,1.16,1.43,2,83,86,63,34,40,1.2,0.49,0.99,2.31,3.32,24,98,0.701,0.398,4.448,992,5,166,6,yikim_gucux1 hizli_bilekx1 nadir_tohumx1 keskin_bicakx2 bilgi_filizix1 kivilcimx2 kritik_gozx1,55,0,45,68,204,81,117,0,2,2,3,,0,0,0,0,0,0,0,0,0,0,0.571,161.156,7.267
5,Run50_KirilmaV1,Patlama yolu,bahcivan,standart,104,ödülsüz eş,48,,,319,134,155,0,0,30,98,93,69,50,9,6858,20201,6000,0,0,1524,930,396,1701,2176,466,32872,70,3,87.23,1.563,1.3,1.422,1.515,9,0.52,2.444,31,9,1.11,1.27,1.43,1.18,1.67,82,73,34,39,40,0.79,2.57,5.93,1.03,2.38,31,121,0.748,0.438,4.467,1219,3,169,9,yikim_gucux1 hizli_bilekx1 nadir_tohumx1 keskin_bicakx2 bilgi_filizix1 kivilcimx2 kritik_gozx1,52,0,45,69,207,87,117,0,2,2,3,,0,0,0,0,0,0,0,0,0,0,0.678,152.4,7.089
5,Run50_KirilmaV1,Patlama yolu,bahcivan,standart,104,ödülsüz eş,49,,,352,146,181,0,0,25,124,93,70,52,13,7985,28186,6000,0,0,1912,1071,426,2183,1217,562,34654,72,6,91.02,1.563,1.3,1.422,1.515,9,0.52,2.556,31,9,1.1,1.15,1.27,1.5,1,82,79,60,44,33,0.71,1.59,2.7,3.19,0,31,121,0.742,0.636,4.357,1250,5,174,0,yikim_gucux1 hizli_bilekx1 nadir_tohumx1 keskin_bicakx2 bilgi_filizix1 kivilcimx2 kritik_gozx1,52,0,45,71,213,90,117,0,2,2,3,,0,0,0,0,0,0,0,0,0,0,0.686,177.444,7.822
5,Run50_KirilmaV1,Patlama yolu,bahcivan,standart,104,ödülsüz eş,50,,,347,134,182,0,0,31,118,88,76,51,14,8608,36794,6000,0,0,1719,1083,498,2002,1660,1060,35716,73,3,98.13,1.563,1.3,1.422,1.515,9,0.52,2.556,31,9,1.06,1.15,1.27,1.42,1,83,76,63,28,20,0.57,1.03,2.32,3.67,0,31,121,0.738,0.579,4.278,1273,2,176,0,yikim_gucux1 hizli_bilekx1 nadir_tohumx1 keskin_bicakx2 bilgi_filizix1 kivilcimx2 kritik_gozx1,62,0,45,72,216,96,117,0,2,2,3,,0,0,0,0,0,0,0,0,0,0,0.686,191.289,7.711
5,Run50_KirilmaV1,Patlama yolu,bahcivan,standart,104,ödülsüz eş,50,KAZANDI
5,Run50_KirilmaV1,Patlama yolu,bahcivan,standart,104,LAB R15 A ödülsüz #1,15,,,48,31,17,0,0,0,34,9,4,1,0,131,131,150,131,30,156,16,2,236,16,2,1636,4,9,18.13,1,1.3,2.048,0.9,4,0.3,2,21,3.71,1.45,2,2,,,44,10,0,0,,2.42,11.47,6.67,,,17,26,0.748,0.538,6.615,177,0,0,0,yikim_gucux1 hizli_bilekx1,10,0,45,3,9,0,0,0,0,0,15,,0,0,0,0,0,0,0,0,0,0,0.692,2.911,1.067
5,Run50_KirilmaV1,Patlama yolu,bahcivan,standart,104,LAB R15 B +artci_patlama #1,15,,,39,26,13,0,0,0,25,6,8,0,0,123,123,150,123,30,111,32,0,191,32,0,1398,4,9,18.13,1,1.3,2.048,0.9,4,0.3,2,21,3.86,1.56,3,2.5,,,31,0,14,0,,3.41,5.12,11.61,,,17,26,0.777,0.5,6.615,177,0,0,0,yikim_gucux1 hizli_bilekx1 artci_patlamax1,12,0,45,3,9,0,0,0,0,0,15,,4,4,0,13,9,0,0,0,0,0,0.923,2.733,0.867
5,Run50_KirilmaV1,Patlama yolu,bahcivan,standart,104,LAB R15 A ödülsüz #2,15,,,38,24,14,0,0,0,23,11,3,1,0,116,116,150,116,30,135,12,2,215,12,2,1343,4,9,18.13,1,1.3,2.048,0.9,4,0.3,2,21,3.71,1.58,2,2.67,3,,25,23,0,0,,3.59,7.17,7.52,20.5,,17,26,0.797,0.615,6.615,177,0,0,0,yikim_gucux1 hizli_bilekx1,10,0,45,3,9,0,0,0,0,0,15,,0,0,0,0,0,0,0,0,0,0,0.769,2.578,0.844
5,Run50_KirilmaV1,Patlama yolu,bahcivan,standart,104,LAB R15 B +artci_patlama #2,15,,,42,25,17,0,0,0,26,9,6,1,0,143,143,150,143,30,132,24,2,212,24,2,1495,4,9,18.13,1,1.3,2.048,0.9,4,0.3,2,21,3.71,1.36,2.4,2.83,,,39,0,0,0,,1.46,11.88,9.91,,,17,26,0.774,0.462,6.615,177,0,0,0,yikim_gucux1 hizli_bilekx1 artci_patlamax1,10,0,45,3,9,0,0,0,0,0,15,,7,7,0,19,8,0,0,0,0,0,0.808,3.178,0.933
5,Run50_KirilmaV1,Patlama yolu,bahcivan,standart,104,LAB R15 A ödülsüz #3,15,,,33,21,12,0,0,0,19,12,1,1,0,95,95,150,95,30,129,4,2,209,4,2,1174,3,6,18.13,1,1.3,2.048,0.9,4,0.3,2,21,3.76,1.45,2.56,3,,,20,0,0,0,,3.35,10.47,6.17,,,17,26,0.812,0.615,6.615,177,0,0,0,yikim_gucux1 hizli_bilekx1,10,0,45,2,6,0,0,0,0,0,15,,0,0,0,0,0,0,0,0,0,0,0.962,2.111,0.733
5,Run50_KirilmaV1,Patlama yolu,bahcivan,standart,104,LAB R15 B +artci_patlama #3,15,,,49,23,26,0,0,0,33,12,3,1,0,129,129,150,129,30,171,12,2,251,12,2,1638,4,9,18.13,1,1.3,2.048,0.9,4,0.3,2,21,3.67,1.88,1.4,2,5,,19,18,0,0,,4.36,4.09,2.03,20.47,,17,26,0.739,0.538,6.615,177,0,0,0,yikim_gucux1 hizli_bilekx1 artci_patlamax1,12,0,45,3,9,0,0,0,0,0,15,,6,6,0,22,13,0,0,0,0,0,0.577,2.867,1.089
5,Run50_KirilmaV1,Patlama yolu,bahcivan,standart,104,LAB R25 A ödülsüz #1,25,,,121,56,56,0,0,9,50,31,22,16,2,1831,1831,300,1831,65,348,155,65,428,155,65,7024,13,36,34.76,1.25,1.3,1.722,1.075,6,0.3,2,26,6,1.45,1.27,1.7,1.9,2,50,57,22,7,0,3.79,1.61,6.54,4.82,5.17,14,49,0.758,0.612,5.258,419,0,0,0,yikim_gucux1 hizli_bilekx1 nadir_tohumx1 keskin_bicakx1,18,0,45,12,36,0,0,0,0,0,25,,0,0,0,0,0,0,0,0,0,0,0.694,40.689,2.689
5,Run50_KirilmaV1,Patlama yolu,bahcivan,standart,104,LAB R25 B +artci_patlama #1,25,,,145,54,81,0,0,10,57,40,30,17,1,1903,1903,300,1903,65,435,192,62,515,192,62,8508,15,42,34.76,1.25,1.3,1.722,1.075,6,0.3,2,26,6,1.29,1.31,1.5,2.4,,58,42,33,7,0,1.23,3.34,2.58,7.93,,14,49,0.711,0.306,5.258,419,0,0,0,yikim_gucux1 hizli_bilekx1 nadir_tohumx1 keskin_bicakx1 artci_patlamax1,33,0,45,14,42,0,0,0,0,0,25,,31,30,1,61,24,0,0,0,0,0,0.571,42.289,3.222
5,Run50_KirilmaV1,Patlama yolu,bahcivan,standart,104,LAB R25 sinerji A ödülsüz #1,25,,,153,55,98,0,0,0,65,47,27,10,4,1435,1435,300,1435,65,477,162,74,557,162,74,7248,14,39,34.76,1.25,2.197,1.722,1.075,6,0.3,2,26,6,1.23,1.35,1.33,1.33,,64,50,33,38,0,1.33,3.24,3.64,2.3,,14,49,0.604,0.265,6.243,353,0,0,0,yikim_gucux3 hizli_bilekx1 nadir_tohumx1 keskin_bicakx1 kivilcimx3,28,0,45,13,39,0,0,0,0,0,25,,0,0,0,0,0,0,0,0,0,0,0.592,31.889,3.4
5,Run50_KirilmaV1,Patlama yolu,bahcivan,standart,104,LAB R25 sinerji B +artci_patlama #1,25,,,179,45,134,0,0,0,86,39,37,14,3,1570,1570,300,1570,65,492,245,64,572,245,64,8400,15,42,34.76,1.25,2.197,1.722,1.075,6,0.3,2,26,5.85,1.43,1.33,1.2,1.4,5,56,45,38,13,0,2.24,3.44,0.51,3.45,36.16,14,49,0.533,0.204,6.243,353,0,0,0,yikim_gucux3 hizli_bilekx1 nadir_tohumx1 keskin_bicakx1 artci_patlamax1 kivilcimx3,33,0,45,14,42,0,0,0,0,0,25,,45,43,2,70,53,0,0,0,0,0,0.245,34.889,3.978
5,Run50_KirilmaV1,Patlama yolu,bahcivan,standart,104,LAB R25 A ödülsüz #2,25,,,152,71,69,0,0,12,71,37,33,10,1,1586,1586,300,1586,65,459,227,30,539,227,30,8546,15,42,34.76,1.25,1.3,1.722,1.075,6,0.3,2,26,6,1.14,1.19,1.75,1.75,,73,41,36,20,0,0.98,1.61,5.02,5.6,,14,49,0.682,0.469,5.258,419,0,0,0,yikim_gucux1 hizli_bilekx1 nadir_tohumx1 keskin_bicakx1,28,0,45,14,42,0,0,0,0,0,25,,0,0,0,0,0,0,0,0,0,0,0.714,35.244,3.378
5,Run50_KirilmaV1,Patlama yolu,bahcivan,standart,104,LAB R25 B +artci_patlama #2,25,,,175,64,103,0,0,8,73,42,30,29,1,2453,2453,300,2453,65,540,192,87,620,192,87,10352,17,48,34.76,1.25,1.3,1.722,1.075,6,0.3,2,26,6,1.18,1.15,1.43,1.5,,70,52,24,13,0,0.7,0.69,3.45,3.02,,14,49,0.628,0.306,5.258,419,0,0,0,yikim_gucux1 hizli_bilekx1 nadir_tohumx1 keskin_bicakx1 artci_patlamax1,37,0,45,16,48,0,0,0,0,0,25,,42,41,1,98,46,0,0,0,0,0,0.694,54.511,3.889
5,Run50_KirilmaV1,Patlama yolu,bahcivan,standart,104,LAB R25 sinerji A ödülsüz #2,25,,,157,59,98,0,0,0,84,30,31,12,0,1020,1020,300,1020,65,432,186,36,512,186,36,7072,13,36,34.76,1.25,2.197,1.722,1.075,6,0.3,2,26,6,1.04,1.42,1.46,1.86,,74,68,35,17,,0.06,1.29,1.46,5.41,,14,49,0.588,0.265,6.243,353,0,0,0,yikim_gucux3 hizli_bilekx1 nadir_tohumx1 keskin_bicakx1 kivilcimx3,28,0,45,12,36,0,0,0,0,0,25,,0,0,0,0,0,0,0,0,0,0,0.531,22.667,3.489
5,Run50_KirilmaV1,Patlama yolu,bahcivan,standart,104,LAB R25 sinerji B +artci_patlama #2,25,,,180,52,128,0,0,0,92,46,27,14,1,1240,1240,300,1240,65,552,185,42,632,185,42,8096,15,42,34.76,1.25,2.197,1.722,1.075,6,0.3,2,26,5.96,1.22,1.44,1.57,1.5,,68,48,28,0,0,0.64,3.02,1.72,0.87,,14,49,0.533,0.184,6.243,353,0,0,0,yikim_gucux3 hizli_bilekx1 nadir_tohumx1 keskin_bicakx1 artci_patlamax1 kivilcimx3,34,0,45,14,42,0,0,0,0,0,25,,52,48,4,60,49,0,0,0,0,0,0.429,27.556,4
5,Run50_KirilmaV1,Patlama yolu,bahcivan,standart,104,LAB R25 A ödülsüz #3,25,,,136,54,71,0,0,11,49,40,27,17,3,2223,2223,300,2223,65,453,174,73,533,174,73,8161,15,42,34.76,1.25,1.3,1.722,1.075,6,0.3,2,26,6,1.12,1.37,1.8,2.29,2,61,54,25,19,0,0.2,2.99,5.5,9.35,6.9,14,49,0.721,0.429,5.258,419,0,0,0,yikim_gucux1 hizli_bilekx1 nadir_tohumx1 keskin_bicakx1,26,0,45,14,42,0,0,0,0,0,25,,0,0,0,0,0,0,0,0,0,0,0.571,49.4,3.022
5,Run50_KirilmaV1,Patlama yolu,bahcivan,standart,104,LAB R25 B +artci_patlama #3,25,,,161,53,97,0,0,11,64,35,29,25,8,3574,3574,300,3574,65,651,232,89,731,232,89,9986,16,45,34.76,1.25,1.3,1.722,1.075,6,0.3,2,26,6,1.05,1.27,1.5,2.11,2.5,52,60,35,18,0,0.08,1.41,2.41,10.52,12.05,14,49,0.67,0.327,5.258,419,0,0,0,yikim_gucux1 hizli_bilekx1 nadir_tohumx1 keskin_bicakx1 artci_patlamax1,34,0,45,15,45,0,0,0,0,0,25,,38,38,0,77,34,0,0,0,0,0,0.551,79.422,3.578
5,Run50_KirilmaV1,Patlama yolu,bahcivan,standart,104,LAB R25 sinerji A ödülsüz #3,25,,,144,48,96,0,0,0,58,40,29,14,3,1450,1450,300,1450,65,414,174,75,494,174,75,7040,13,36,34.76,1.25,2.197,1.722,1.075,6,0.3,2,26,6,1.28,1.13,1.56,1.5,1,68,59,29,21,50,1.24,1.07,5.17,5.17,0,14,49,0.624,0.286,6.243,353,0,0,0,yikim_gucux3 hizli_bilekx1 nadir_tohumx1 keskin_bicakx1 kivilcimx3,26,0,45,12,36,0,0,0,0,0,25,,0,0,0,0,0,0,0,0,0,0,0.673,32.222,3.2
5,Run50_KirilmaV1,Patlama yolu,bahcivan,standart,104,LAB R25 sinerji B +artci_patlama #3,25,,,160,40,120,0,0,0,71,45,25,13,6,1764,1764,300,1764,65,528,173,83,608,173,83,7648,14,39,34.76,1.25,2.197,1.722,1.075,6,0.3,2,26,6,1.32,1.17,1.33,3,1,56,50,17,9,17,1.36,2.01,0.58,16.37,0,14,49,0.584,0.163,6.243,353,0,0,0,yikim_gucux3 hizli_bilekx1 nadir_tohumx1 keskin_bicakx1 artci_patlamax1 kivilcimx3,29,0,45,13,39,0,0,0,0,0,25,,40,38,2,52,44,0,0,0,0,0,0.653,39.2,3.556
5,Run50_KirilmaV1,Patlama yolu,bahcivan,standart,104,LAB R40 A ödülsüz #1,40,,,189,78,98,0,0,13,43,65,49,26,6,4372,4372,2800,4372,500,700,760,202,780,760,202,18509,23,66,63.05,1.563,1.3,1.516,1.365,6,0.367,2,29,6,1.28,1.19,1.65,2,,67,71,40,31,0,1.82,0.5,4.09,4.04,,24,81,0.751,0.568,4.844,753,0,0,0,yikim_gucux1 hizli_bilekx1 nadir_tohumx1 keskin_bicakx2 bilgi_filizix1 kivilcimx1,37,0,45,22,66,0,0,0,0,0,40,,0,0,0,0,0,0,0,0,0,0,0.778,97.156,4.2
5,Run50_KirilmaV1,Patlama yolu,bahcivan,standart,104,LAB R40 B +artci_patlama #1,40,,,238,79,148,0,0,11,67,82,55,28,6,4863,4863,2800,4863,500,1064,813,191,1144,813,191,23123,25,72,63.05,1.563,1.3,1.516,1.365,6,0.367,2,29,6,1.08,1.15,1.54,1.23,3,83,67,33,43,0,0.61,0.28,3.14,0.7,12.13,24,81,0.649,0.432,4.844,753,0,0,0,yikim_gucux1 hizli_bilekx1 nadir_tohumx1 keskin_bicakx2 bilgi_filizix1 kivilcimx1 artci_patlamax1,41,0,45,24,72,0,0,0,0,0,40,,63,63,0,133,55,0,0,0,0,0,0.691,108.067,5.289
5,Run50_KirilmaV1,Patlama yolu,bahcivan,standart,104,LAB R40 A ödülsüz #2,40,,,207,83,105,0,0,19,74,56,46,23,8,4802,4802,2800,4802,500,822,681,230,902,681,230,20137,24,69,63.05,1.563,1.3,1.516,1.365,6,0.367,2,29,6,1.12,1.39,1.29,1.71,1.67,82,61,53,15,29,1.06,1.25,1.34,2.81,2.03,24,81,0.734,0.58,4.844,753,0,0,0,yikim_gucux1 hizli_bilekx1 nadir_tohumx1 keskin_bicakx2 bilgi_filizix1 kivilcimx1,37,0,45,23,69,0,0,0,0,0,40,,0,0,0,0,0,0,0,0,0,0,0.617,106.711,4.6
5,Run50_KirilmaV1,Patlama yolu,bahcivan,standart,104,LAB R40 B +artci_patlama #2,40,,,224,75,138,0,0,11,82,60,43,29,10,5448,5448,2800,5448,500,1138,731,197,1218,731,197,20987,24,69,63.05,1.563,1.3,1.516,1.365,6,0.367,2,29,6,1.07,1.13,1.45,1.89,1.33,83,67,37,26,20,0.78,0.33,2.2,3.53,0.51,24,81,0.677,0.506,4.844,753,0,0,0,yikim_gucux1 hizli_bilekx1 nadir_tohumx1 keskin_bicakx2 bilgi_filizix1 kivilcimx1 artci_patlamax1,44,0,45,23,69,0,0,0,0,0,40,,61,61,0,145,61,0,0,0,0,0,0.778,121.067,4.978
5,Run50_KirilmaV1,Patlama yolu,bahcivan,standart,104,LAB R40 A ödülsüz #3,40,,,210,90,106,0,0,14,82,47,43,35,3,4212,4212,2800,4212,500,774,583,233,854,583,233,20177,24,69,63.05,1.563,1.3,1.516,1.365,6,0.367,2,29,6,1.06,1.3,1.17,1.35,4,84,64,83,36,0,0.09,1.9,0.51,1.78,15.17,24,81,0.702,0.494,4.844,753,0,0,0,yikim_gucux1 hizli_bilekx1 nadir_tohumx1 keskin_bicakx2 bilgi_filizix1 kivilcimx1,43,0,45,23,69,0,0,0,0,0,40,,0,0,0,0,0,0,0,0,0,0,0.617,93.6,4.667
5,Run50_KirilmaV1,Patlama yolu,bahcivan,standart,104,LAB R40 B +artci_patlama #3,40,,,250,80,162,0,0,8,102,70,45,30,3,3910,3910,2800,3910,500,996,626,221,1076,626,221,23043,25,72,63.05,1.563,1.3,1.516,1.365,6,0.367,2,29,6,1.16,1.23,1.26,1.43,2,74,68,52,29,50,1.03,0.83,2.31,3.9,12.13,24,81,0.62,0.42,4.844,753,0,0,0,yikim_gucux1 hizli_bilekx1 nadir_tohumx1 keskin_bicakx2 bilgi_filizix1 kivilcimx1 artci_patlamax1,51,0,45,24,72,0,0,0,0,0,40,,61,61,0,115,60,0,0,0,0,0,0.494,86.889,5.556
6,Run50_KirilmaV1,Patlama yolu,bahcivan,standart,105,ödülsüz eş,1,,,13,13,0,0,0,0,11,2,0,0,0,17,17,45,0,0,30,0,0,30,0,0,280,1,0,10,1,1,3,0.9,4,0.3,2,14,2.07,1.91,3,,,,15,0,,,,2.73,6,,,,2,4,0.349,0,8,23,0,0,2,,3,0.18,45,0,0,0,0,0,0,0,0,,0,0,0,0,0,0,0,0,0,0,0.5,0.378,0.289
6,Run50_KirilmaV1,Patlama yolu,bahcivan,standart,105,ödülsüz eş,2,,,15,15,0,0,0,0,14,0,1,0,0,24,41,45,0,0,28,4,0,33,4,0,320,2,3,10.67,1,1,3,0.9,4,0.3,2,14,2.21,1.79,,3,,,15,,0,,,3,,9,,,3,5,0.418,0,8,28,1,1,1,,4,0.044,45,1,3,0,0,0,0,0,0,,0,0,0,0,0,0,0,0,0,0,0.6,0.533,0.333
6,Run50_KirilmaV1,Patlama yolu,bahcivan,standart,105,ödülsüz eş,3,,,18,17,0,0,0,1,15,1,2,0,0,38,79,45,0,0,34,8,0,40,12,0,410,3,3,11.33,1,1,3,0.9,4,0.3,2,14,2.86,2.07,4,2,,,14,0,0,,,5.14,9,4.5,,,4,6,0.498,0,7.579,36,1,2,1,,4,0.044,45,2,6,3,0,0,2,0,3,,0,0,0,0,0,0,0,0,0,0,0.333,0.844,0.4
6,Run50_KirilmaV1,Patlama yolu,bahcivan,standart,105,ödülsüz eş,4,,,19,18,1,0,0,0,16,3,0,0,0,30,109,45,0,0,44,0,0,44,12,0,410,4,3,11.33,1,1,3,0.9,4,0.3,2,14,3.29,2.13,3.5,,,,6,0,,,,5.63,21,,,,5,8,0.57,0.25,7.664,47,0,2,1,,5,0,45,3,9,6,0,0,2,3,3,,0,0,0,0,0,0,0,0,0,0,0.375,0.667,0.422
6,Run50_KirilmaV1,Patlama yolu,bahcivan,standart,105,ödülsüz eş,5,,,19,18,1,0,0,0,17,2,0,0,0,27,136,45,27,8,42,0,0,45,12,0,400,5,3,12,1,1,3,0.9,4,0.3,2,14,3.36,1.94,2,,,,25,33,0,0,,4.88,6,,,,6,9,0.639,0.333,7.234,56,3,5,1,,4,0,45,4,12,9,0,0,2,3,3,,0,0,0,0,0,0,0,0,0,0,0.667,0.6,0.422
6,Run50_KirilmaV1,Patlama yolu,bahcivan,standart,105,ödülsüz eş,6,,,21,19,2,0,0,0,14,4,3,0,0,66,66,110,0,0,44,12,0,52,24,0,520,6,3,12,1,1,2.892,0.9,4,0.3,2,15,3.4,1.92,1.75,2.33,,,20,25,0,,,3.14,5.79,8.68,,,6,9,0.629,0.222,7.234,56,2,7,0,nadir_tohumx1,5,0,45,5,15,9,3,0,2,3,3,,0,0,0,0,0,0,0,0,0,0,0.667,1.467,0.467
6,Run50_KirilmaV1,Patlama yolu,bahcivan,standart,105,ödülsüz eş,7,,,24,22,2,0,0,0,17,4,2,1,0,89,155,110,0,0,50,8,2,55,32,2,590,7,3,12.67,1,1,2.892,0.9,4,0.3,2,15,3.4,2,2,3,1,,11,33,0,,,5.42,4.33,8.67,0,,7,10,0.633,0.3,7.136,63,3,10,1,nadir_tohumx1,5,0,45,6,18,12,3,0,2,3,3,,0,0,0,0,0,0,0,0,0,0,0.5,1.978,0.533
6,Run50_KirilmaV1,Patlama yolu,bahcivan,standart,105,ödülsüz eş,8,,,23,21,2,0,0,0,17,4,2,0,0,53,208,110,0,0,54,8,0,58,40,2,540,8,3,13.33,1,1,2.789,0.9,4,0.3,2,16,3.5,1.87,2.75,2.5,,,19,13,0,,,4.65,8.37,8.37,,,8,11,0.649,0.273,7.196,69,3,13,1,nadir_tohumx1,6,0,45,7,21,15,3,0,2,3,3,,0,0,0,0,0,0,0,0,0,0,0.909,1.178,0.511
6,Run50_KirilmaV1,Patlama yolu,bahcivan,standart,105,ödülsüz eş,9,,,26,24,2,0,0,0,17,8,1,0,0,54,262,110,0,0,74,4,0,82,44,2,620,9,3,13.33,1,1,2.789,0.9,4,0.3,2,16,3.38,1.81,1.43,3,,,27,17,0,,,4.36,2.39,8.37,,,9,12,0.688,0.417,7.242,75,1,14,1,nadir_tohumx1,6,0,45,8,24,18,3,0,2,3,3,,0,0,0,0,0,0,0,0,0,0,0.417,1.2,0.578
6,Run50_KirilmaV1,Patlama yolu,bahcivan,standart,105,ödülsüz eş,10,,,22,21,1,0,0,0,14,5,2,1,0,82,344,110,82,16,53,8,2,55,52,4,593,10,3,14,1,1,2.689,0.9,4,0.3,2,16,3,1.69,1.8,2,3,,20,20,0,0,,4.76,3.77,5.38,18.8,,10,14,0.527,0.286,7.101,89,4,18,1,nadir_tohumx1,6,0,45,9,27,21,3,0,2,3,3,,0,0,0,0,0,0,0,0,0,0,0.5,1.822,0.489
6,Run50_KirilmaV1,Patlama yolu,bahcivan,standart,105,ödülsüz eş,11,,,37,31,5,0,0,1,26,11,0,0,0,66,66,150,0,0,107,0,0,109,52,4,898,11,3,14,1,1,2.689,1.188,6,0.3,2,16,5.31,1.91,2.5,,,,7,0,0,0,,3.98,6.39,,,,11,16,0.622,0.25,7.13,101,1,19,1,nadir_tohumx1 genis_savurusx1,9,0,45,10,30,24,3,0,2,3,3,,0,0,0,0,0,0,0,0,0,0,0.688,1.467,0.822
6,Run50_KirilmaV1,Patlama yolu,bahcivan,standart,105,ödülsüz eş,12,,,42,39,2,0,0,1,31,5,5,1,0,132,198,150,0,0,118,20,2,120,42,6,1079,13,6,15.64,1,1,2.592,1.188,6,0.3,2,17,5.12,1.86,2,1.8,3,,24,17,0,,,5,4.15,2.59,18.13,,12,18,0.658,0.444,7.033,115,5,24,1,nadir_tohumx1 genis_savurusx1,7,0,45,12,36,25,5,0,2,3,3,,0,0,0,0,0,0,0,0,0,0,0.556,2.933,0.933
6,Run50_KirilmaV1,Patlama yolu,bahcivan,standart,105,ödülsüz eş,13,,,43,31,12,0,0,0,27,9,6,1,0,151,349,150,0,0,126,24,2,136,66,8,1254,14,3,16.36,1,1,2.5,1.188,6,0.3,2,17,5.76,1.86,2,3,3,,31,11,0,0,,4.4,5.83,16.67,12.5,,14,21,0.68,0.381,6.915,137,4,28,2,nadir_tohumx1 genis_savurusx1,13,0,45,13,39,31,5,0,2,3,3,,0,0,0,0,0,0,0,0,0,0,0.667,3.356,0.956
6,Run50_KirilmaV1,Patlama yolu,bahcivan,standart,105,ödülsüz eş,14,,,50,40,8,0,0,2,35,8,4,3,0,195,544,150,0,0,145,16,6,151,82,14,1428,16,6,18.13,1,1,2.5,1.188,6,0.3,2,17,5.35,1.5,2,2.67,3,,47,0,0,0,,3.83,6.88,10,7.5,,16,24,0.676,0.5,6.747,160,3,31,2,nadir_tohumx1 genis_savurusx1,12,0,45,15,45,34,5,0,2,3,3,,0,0,0,0,0,0,0,0,0,0,0.667,4.333,1.111
6,Run50_KirilmaV1,Patlama yolu,bahcivan,standart,105,ödülsüz eş,15,,,32,30,2,0,0,0,17,10,4,1,0,141,685,150,141,30,101,16,2,102,48,16,968,17,3,18.13,1,1,2.5,1.188,6,0.3,2,17,6,2.13,2.22,3.25,7,,8,0,0,0,,10.78,10,25,35,,18,31,0.815,0.516,6.48,215,2,33,2,nadir_tohumx1 genis_savurusx1,11,0,45,16,48,40,5,0,2,3,3,,0,0,0,0,0,0,0,0,0,0,0.968,3.133,0.711
6,Run50_KirilmaV1,Patlama yolu,bahcivan,standart,105,ödülsüz eş,16,,,48,43,5,0,0,0,31,10,6,1,0,166,166,220,0,0,153,24,2,176,72,18,1815,18,3,18.13,1,1,2.41,1.188,6,0.3,2,18,6,1.89,1.75,2,3,,13,20,0,0,,5.25,6.03,8.03,9.63,,19,32,0.795,0.656,6.36,226,4,37,1,nadir_tohumx1 genis_savurusx1 bilgi_filizix1,12,0,45,17,51,43,5,0,2,3,3,,0,0,0,0,0,0,0,0,0,0,0.813,3.689,1.067
6,Run50_KirilmaV1,Patlama yolu,bahcivan,standart,105,ödülsüz eş,17,,,56,39,17,0,0,0,37,13,6,0,0,149,315,220,0,0,189,24,0,222,71,18,2186,20,6,19.2,1,1,2.324,1.234,6,0.3,2,19,5.95,1.71,1.89,2,,,14,8,0,0,,5.42,11.62,4.65,,,19,34,0.759,0.647,6.205,247,7,44,2,nadir_tohumx1 genis_savurusx1 bilgi_filizix1,12,0,45,19,57,46,5,0,2,3,3,,0,0,0,0,0,0,0,0,0,0,0.735,3.311,1.244
6,Run50_KirilmaV1,Patlama yolu,bahcivan,standart,105,ödülsüz eş,18,,,70,42,27,0,0,1,41,15,10,4,0,353,668,220,0,0,213,50,8,227,96,26,3245,22,6,20.27,1,1,2.24,1.28,6,0.3,2,20,5.95,1.48,1.91,2.75,2,,31,20,10,100,,2.33,6.72,16.24,10.08,,19,38,0.746,0.579,6.053,283,7,51,2,nadir_tohumx1 genis_savurusx1 bilgi_filizix1,16,0,45,21,63,49,8,0,2,3,3,,0,0,0,0,0,0,0,0,0,0,0.789,7.844,1.556
6,Run50_KirilmaV1,Patlama yolu,bahcivan,standart,105,ödülsüz eş,19,,,88,49,39,0,0,0,55,22,8,2,1,394,1062,220,0,0,342,40,4,392,86,30,3867,24,6,24.3,1,1,2.16,1.28,6,0.3,2,20,5.95,1.45,1.67,2,2,2,55,30,20,0,0,3.05,2.02,8.63,8.63,8.63,19,42,0.73,0.476,5.912,320,3,54,3,nadir_tohumx1 genis_savurusx1 bilgi_filizix1,19,0,45,23,69,49,14,0,2,3,3,,0,0,0,0,0,0,0,0,0,0,0.667,8.756,1.956
6,Run50_KirilmaV1,Patlama yolu,bahcivan,standart,105,ödülsüz eş,20,,,82,48,32,0,0,2,49,24,5,4,0,319,1381,220,319,45,291,25,8,304,51,38,3968,26,6,24.3,1,1,2.16,1.327,6,0.3,2,20,6,1.26,1.54,2,2.67,,63,18,0,0,0,1.36,3.66,3.46,7.92,,20,46,0.667,0.435,5.397,384,8,62,4,nadir_tohumx1 genis_savurusx1 bilgi_filizix1,20,0,45,25,75,49,20,0,2,3,3,,0,0,0,0,0,0,0,0,0,0,0.761,7.089,1.822
6,Run50_KirilmaV1,Patlama yolu,bahcivan,standart,105,ödülsüz eş,21,,,95,49,40,0,0,6,48,34,9,2,2,511,511,300,0,0,393,65,4,402,71,42,5081,28,6,25.51,1,1,2.16,1.327,6,0.3,2,20,6,1.42,1.95,1.6,1,,58,20,0,100,,3.6,5.8,5.18,0,,23,49,0.799,0.633,5.528,399,4,66,3,nadir_tohumx1 genis_savurusx1 bilgi_filizix1 kivilcimx1,20,0,45,27,81,49,26,0,2,3,3,,0,0,0,0,0,0,0,0,0,0,0.796,11.356,2.111
6,Run50_KirilmaV1,Patlama yolu,bahcivan,standart,105,ödülsüz eş,22,,,100,44,52,0,0,4,51,28,18,3,0,461,972,300,0,0,321,90,6,342,173,28,5630,30,6,28.62,1,1,2.16,1.373,6,0.3,2,20,6,1.39,1.87,1.73,,,59,16,8,0,0,3.24,6.05,4.32,,,21,49,0.768,0.531,5.411,407,4,70,1,nadir_tohumx1 genis_savurusx1 bilgi_filizix1 kivilcimx1,24,0,45,29,87,49,32,0,2,3,3,,0,0,0,0,0,0,0,0,0,0,0.653,10.244,2.222
6,Run50_KirilmaV1,Patlama yolu,bahcivan,standart,105,ödülsüz eş,23,,,140,73,52,0,0,15,75,41,18,5,1,709,1681,300,0,0,471,130,10,488,303,38,7748,33,9,29.99,1,1,2.092,1.419,9,0.3,2,21,8.81,1.24,1.44,2,2,2,64,36,21,25,,2.59,4.84,5.79,7.12,4.2,21,49,0.694,0.408,5.403,408,4,74,0,nadir_tohumx1 genis_savurusx1 bilgi_filizix1 kivilcimx1,28,0,45,32,96,49,38,0,2,3,3,,0,0,0,0,0,0,0,0,0,0,0.735,15.756,3.111
6,Run50_KirilmaV1,Patlama yolu,bahcivan,standart,105,ödülsüz eş,24,,,167,80,77,0,0,10,93,40,24,9,1,931,2612,300,0,0,519,167,27,547,215,65,9316,35,6,33.24,1,1,2.026,1.419,9,0.3,2,22,8.95,1.29,1.26,1.54,1.6,4,69,54,39,33,0,1.88,1.6,6.39,4.05,16.23,21,49,0.654,0.367,5.243,421,5,79,0,nadir_tohumx1 genis_savurusx1 bilgi_filizix1 kivilcimx1,29,0,45,34,102,49,47,0,2,3,3,,0,0,0,0,0,0,0,0,0,0,0.551,20.689,3.711
6,Run50_KirilmaV1,Patlama yolu,bahcivan,standart,105,ödülsüz eş,25,,,143,76,63,0,0,4,76,32,22,10,3,1305,3917,300,1305,65,420,155,52,457,394,77,8304,37,6,38.16,1,1,2.026,1.419,9,0.3,2,22,8.86,1.38,1.54,1.56,1.83,2.5,57,33,37,13,0,2.86,4.52,4.05,3.04,17.22,18,49,0.703,0.327,5.154,428,3,82,2,nadir_tohumx1 genis_savurusx1 bilgi_filizix1 kivilcimx1,35,0,45,36,108,49,53,0,2,3,3,,0,0,0,0,0,0,0,0,0,0,0.653,29,3.178
6,Run50_KirilmaV1,Patlama yolu,bahcivan,standart,105,ödülsüz eş,26,,,160,76,81,0,0,3,87,35,24,11,3,1467,1467,500,0,0,519,168,57,531,267,134,9326,39,6,39.82,1,1,2.026,1.511,9,0.3,2,22,8.82,1.05,1.23,1.45,2,1,80,55,42,17,,0.6,2.03,4.23,5.68,0,18,49,0.676,0.388,5.136,429,7,89,0,nadir_tohumx2 genis_savurusx1 bilgi_filizix1 kivilcimx1,33,0,45,38,114,49,59,0,2,3,3,,0,0,0,0,0,0,0,0,0,0,0.735,32.6,3.556
6,Run50_KirilmaV1,Patlama yolu,bahcivan,standart,105,ödülsüz eş,27,,,172,75,84,0,0,13,76,44,30,20,2,1833,3300,500,0,0,588,210,60,634,217,94,10674,41,6,39.82,1,1,1.962,1.604,9,0.3,2,22,8.91,1.07,1.48,1.54,1.78,,80,44,39,15,0,0.39,3.58,3.92,5.23,,19,50,0.667,0.46,5.047,446,6,95,1,nadir_tohumx2 genis_savurusx1 bilgi_filizix1 kivilcimx1,35,0,45,40,120,49,65,0,2,3,3,,0,0,0,0,0,0,0,0,0,0,0.76,40.733,3.822
6,Run50_KirilmaV1,Patlama yolu,bahcivan,standart,105,ödülsüz eş,28,,,187,81,95,0,0,11,84,41,38,18,6,2542,5842,500,0,0,606,332,90,675,486,94,11968,43,6,39.82,1,1,1.962,1.604,9,0.3,2,22,9,1.17,1.47,1.6,2,2,78,48,33,9,50,1.46,5.08,4.52,7.01,6.88,25,78,0.736,0.372,5.298,663,2,97,12,nadir_tohumx2 genis_savurusx1 bilgi_filizix1 kivilcimx1,41,0,45,42,126,55,65,0,2,3,3,,0,0,0,0,0,0,0,0,0,0,0.808,56.489,4.156
6,Run50_KirilmaV1,Patlama yolu,bahcivan,standart,105,ödülsüz eş,29,,,193,75,98,0,0,20,85,56,33,16,3,1987,7829,500,0,0,726,264,92,901,304,146,12129,44,3,43.38,1,1,1.962,1.604,9,0.3,2,22,9,1.09,1.43,1.58,1.67,2,75,44,16,25,33,0.22,4.48,6.54,3.6,11.77,24,81,0.761,0.543,5.265,692,5,102,2,nadir_tohumx2 genis_savurusx1 bilgi_filizix1 kivilcimx1,41,0,45,43,129,61,65,0,2,3,3,,0,0,0,0,0,0,0,0,0,0,0.827,44.156,4.289
6,Run50_KirilmaV1,Patlama yolu,bahcivan,standart,105,ödülsüz eş,30,,,174,79,80,0,0,15,72,48,33,16,5,2459,10288,500,2459,100,617,376,104,748,470,105,11265,46,6,46.93,1,1,1.901,1.67,9,0.3,2,23,9,1.07,1.41,1.71,2.44,1.5,79,41,38,14,0,0.39,2.33,7.26,10.56,1.9,24,81,0.663,0.506,5.185,703,7,109,0,nadir_tohumx2 genis_savurusx1 bilgi_filizix1 kivilcimx1,33,0,45,45,135,64,65,0,2,3,3,,0,0,0,0,0,0,0,0,0,0,0.654,54.644,3.867
6,Run50_KirilmaV1,Patlama yolu,bahcivan,standart,105,ödülsüz eş,31,,,261,95,140,0,0,26,108,68,53,25,7,3606,3606,1200,0,0,1224,513,144,1252,983,249,17282,48,6,46.93,1,1,1.331,1.67,9,0.3,2,33,9,1.24,1.52,1.69,1.75,2.33,71,33,24,20,0,1.49,3.43,3.48,3.66,6.21,24,81,0.682,0.519,5.185,703,3,112,0,nadir_tohumx2 genis_savurusx1 bilgi_filizix1 kivilcimx1 firtina_bilegix1,43,0,45,47,141,70,65,0,2,3,3,,0,0,0,0,0,0,0,0,0,0,0.605,80.133,5.8
6,Run50_KirilmaV1,Patlama yolu,bahcivan,standart,105,ödülsüz eş,32,,,290,125,147,0,0,18,100,91,56,37,6,4960,8566,1200,0,0,1221,627,266,1478,730,420,20037,50,6,53.29,1,1,1.289,1.736,9,0.3,2,34,8.97,1.19,1.37,1.58,1.86,3.5,71,53,33,30,0,1.51,2.85,3.06,5.99,8.38,24,81,0.663,0.432,4.939,738,7,119,0,nadir_tohumx2 genis_savurusx1 bilgi_filizix1 kivilcimx1 firtina_bilegix1,46,0,45,49,147,76,65,0,2,3,3,,0,0,0,0,0,0,0,0,0,0,0.63,110.222,6.444
6,Run50_KirilmaV1,Patlama yolu,bahcivan,standart,105,ödülsüz eş,33,,,297,119,151,0,0,27,115,88,58,26,10,4775,13341,1200,0,0,1386,758,202,1404,768,622,20827,52,6,56.1,1,1,1.248,1.802,9,0.3,2,36,9,1.23,1.5,1.76,2.18,1.8,74,45,36,13,0,1.25,3.41,5.24,6.81,3.25,24,81,0.666,0.494,4.858,750,5,124,0,nadir_tohumx2 genis_savurusx1 bilgi_filizix1 kivilcimx1 firtina_bilegix1,54,0,45,51,153,81,66,0,2,3,3,,0,0,0,0,0,0,0,0,0,0,0.494,106.111,6.6
6,Run50_KirilmaV1,Patlama yolu,bahcivan,standart,105,ödülsüz eş,34,,,333,136,169,0,0,28,146,78,62,43,4,5234,18575,1200,0,0,1334,640,285,1408,928,797,23010,54,6,60.05,1,1,1.248,1.802,9,0.317,2,36,9,1.09,1.31,1.63,1.73,1,81,52,32,26,33,0.57,1.64,4.54,5.33,0,24,81,0.604,0.395,4.837,754,7,131,0,nadir_tohumx2 genis_savurusx1 bilgi_filizix1 kivilcimx1 firtina_bilegix1,57,0,45,53,159,81,72,0,2,3,3,,0,0,0,0,0,0,0,0,0,0,0.667,116.311,7.4
6,Run50_KirilmaV1,Patlama yolu,bahcivan,standart,105,ödülsüz eş,35,,,214,95,108,0,0,11,83,49,53,23,6,3632,22207,1200,3632,220,876,626,155,1084,754,952,15239,56,6,65.98,1,1,1.248,1.802,9,0.317,2,36,6,1.21,1.78,1.46,2,2,62,28,43,14,0,0.91,3.15,2.54,2.75,3.74,24,81,0.785,0.617,4.807,758,2,133,0,nadir_tohumx2 genis_savurusx1 bilgi_filizix1 kivilcimx1 firtina_bilegix1,44,0,45,55,165,81,78,0,2,3,3,,0,0,0,0,0,0,0,0,0,0,0.765,80.711,4.756
6,Run50_KirilmaV1,Patlama yolu,bahcivan,standart,105,ödülsüz eş,36,,,345,144,184,0,0,17,133,106,59,34,13,7054,7054,2800,0,0,1672,831,275,1996,1205,1102,24514,58,6,65.98,1.25,1,1.209,1.868,9,0.317,2,37,8.95,1.14,1.31,1.31,1.4,2.4,76,61,44,50,13,0.74,1.63,1.26,1.61,5.79,24,81,0.623,0.42,4.663,782,4,137,0,nadir_tohumx2 genis_savurusx1 bilgi_filizix1 kivilcimx1 firtina_bilegix1 keskin_bicakx1,57,0,45,57,171,81,84,0,2,3,3,,0,0,0,0,0,0,0,0,0,0,0.667,156.756,7.667
6,Run50_KirilmaV1,Patlama yolu,bahcivan,standart,105,ödülsüz eş,37,,,346,153,170,0,0,23,146,93,51,44,12,7679,14733,2800,0,0,1599,772,335,1845,1087,1437,25345,59,3,69.27,1.25,1,1.209,1.868,9,0.317,2,37,9,1.1,1.14,1.54,1.42,2,86,70,38,30,13,0.66,0.66,3.98,2.55,7.49,24,81,0.627,0.42,4.637,786,4,141,0,nadir_tohumx2 genis_savurusx1 bilgi_filizix1 kivilcimx1 firtina_bilegix1 keskin_bicakx1,57,0,45,58,174,81,90,0,2,3,3,,0,0,0,0,0,0,0,0,0,0,0.654,170.644,7.689
6,Run50_KirilmaV1,Patlama yolu,bahcivan,standart,105,ödülsüz eş,38,,,348,158,179,0,0,11,135,102,68,36,7,5551,20284,2800,0,0,1706,843,266,1946,1060,1563,25150,61,6,73.42,1.25,1,1.209,2,9,0.35,2,37,9,1.07,1.33,1.27,1.54,2.33,85,59,55,29,0,0.47,2.19,2.23,1.86,8.47,24,81,0.657,0.42,4.494,811,8,149,0,nadir_tohumx2 genis_savurusx1 bilgi_filizix1 kivilcimx1 firtina_bilegix1 keskin_bicakx1,58,0,45,60,180,81,93,0,2,3,3,,0,0,0,0,0,0,0,0,0,0,0.42,123.356,7.733
6,Run50_KirilmaV1,Patlama yolu,bahcivan,standart,105,ödülsüz eş,39,,,350,163,171,0,0,16,125,91,78,43,13,8387,28671,2800,0,0,1613,1176,346,1959,2236,1909,27101,63,6,79.64,1.25,1,1.209,2,9,0.35,2,37,8.92,1.21,1.23,1.42,1.33,1.43,76,61,47,30,29,1.15,1.77,2.26,1.78,5.7,24,81,0.62,0.42,4.475,815,1,150,0,nadir_tohumx2 genis_savurusx1 bilgi_filizix1 kivilcimx1 firtina_bilegix1 keskin_bicakx1,60,0,45,62,186,81,99,0,2,3,3,,0,0,0,0,0,0,0,0,0,0,0.494,186.378,7.778
6,Run50_KirilmaV1,Patlama yolu,bahcivan,standart,105,ödülsüz eş,40,,,329,150,160,0,0,19,137,77,61,41,13,7028,35699,2800,7028,500,1505,1136,327,1784,1262,2081,25171,64,3,83.44,1.25,1,1.171,2,9,0.35,2,38,8.97,1.16,1.24,1.44,1.94,1.4,72,66,36,25,38,0.78,0.81,2.71,5.71,2.81,24,81,0.672,0.444,4.346,839,7,157,0,nadir_tohumx2 genis_savurusx1 bilgi_filizix1 kivilcimx1 firtina_bilegix1 keskin_bicakx1,62,0,45,63,189,81,105,0,2,3,3,,0,0,0,0,0,0,0,0,0,0,0.654,156.178,7.311
6,Run50_KirilmaV1,Patlama yolu,bahcivan,standart,105,ödülsüz eş,41,,,412,195,191,0,0,26,142,119,89,47,15,9031,9031,4500,0,0,2414,1288,380,2478,1350,2311,32401,66,6,87.23,1.563,1,1.171,2,9,0.367,2.111,38,9,1.05,1.18,1.15,1.62,1.38,95,72,64,35,44,0.25,0.88,0.52,3.79,2.05,24,81,0.598,0.42,4.346,839,5,162,0,nadir_tohumx2 genis_savurusx1 bilgi_filizix1 kivilcimx1 firtina_bilegix1 keskin_bicakx2,63,0,45,65,195,81,108,0,2,3,3,,0,0,0,0,0,0,0,0,0,0,0.531,200.689,9.156
6,Run50_KirilmaV1,Patlama yolu,bahcivan,standart,105,ödülsüz eş,42,,,419,210,190,0,0,19,151,117,87,50,14,9205,18236,4500,0,0,2292,1329,402,2510,1526,623,32807,68,6,94.04,1.563,1,1.134,2,9,0.367,2.111,39,8.95,1,1.09,1.16,1.57,1.71,99,85,64,38,13,0,0.38,1.29,3.01,7.93,22,100,0.652,0.35,4.125,1091,6,168,7,nadir_tohumx2 genis_savurusx1 bilgi_filizix1 kivilcimx1 firtina_bilegix1 keskin_bicakx2,67,0,45,67,201,81,114,0,2,3,3,,0,0,0,0,0,0,0,0,0,0,0.66,204.556,9.311
6,Run50_KirilmaV1,Patlama yolu,bahcivan,standart,105,ödülsüz eş,43,,,396,207,174,0,0,15,139,103,91,46,17,8570,26806,4500,0,0,1919,1605,474,2029,1731,902,32332,69,3,98.13,1.563,1,1.134,2,9,0.367,2.222,39,9,1.03,1.09,1.25,1.57,1.5,96,84,62,46,30,0.22,0.45,1.3,3.6,2.83,30,121,0.741,0.545,4.362,1248,5,173,8,nadir_tohumx2 genis_savurusx1 bilgi_filizix1 kivilcimx1 firtina_bilegix1 keskin_bicakx2,63,0,45,68,204,87,114,0,2,3,3,,0,0,0,0,0,0,0,0,0,0,0.686,190.444,8.8
6,Run50_KirilmaV1,Patlama yolu,bahcivan,standart,105,ödülsüz eş,44,,,528,263,220,0,0,45,203,125,114,66,20,12628,39434,4500,0,0,3013,1530,654,3162,1991,1556,43277,71,6,98.13,1.563,1,1.134,2.066,12,0.383,2.222,39,11.92,1.05,1.11,1.19,1.32,1.43,93,75,69,52,50,0.34,0.58,1.31,1.99,2.27,30,121,0.642,0.438,4.256,1279,5,178,0,nadir_tohumx2 genis_savurusx1 bilgi_filizix1 kivilcimx1 firtina_bilegix1 keskin_bicakx2,82,0,45,70,210,90,114,0,2,3,3,,0,0,0,0,0,0,0,0,0,0,0.876,280.622,11.733
6,Run50_KirilmaV1,Patlama yolu,bahcivan,standart,105,ödülsüz eş,45,,,533,245,252,0,0,36,181,135,127,66,24,13455,52889,4500,13455,800,3015,1881,666,3877,2272,1982,44366,73,6,109.63,1.563,1,1.134,2.066,12,0.383,2.333,39,11.51,1,1.08,1.24,1.52,1.43,100,85,68,49,22,0,0.31,1.58,3.91,1.62,30,121,0.541,0.372,4.222,1290,3,181,0,nadir_tohumx2 genis_savurusx1 bilgi_filizix1 kivilcimx1 firtina_bilegix1 keskin_bicakx2,77,0,45,72,216,96,114,0,2,3,3,,0,0,0,0,0,0,0,0,0,0,0.512,299,11.844
6,Run50_KirilmaV1,Patlama yolu,bahcivan,standart,105,ödülsüz eş,46,,,613,240,300,0,0,73,225,158,131,74,25,15656,15656,6000,0,0,3325,2130,648,3342,3012,2630,51761,75,6,109.63,1.563,1.3,1.134,2.066,12,0.4,2.333,39,11.95,1.02,1.12,1.23,1.32,2,97,83,69,63,33,0.1,1.03,1.2,2.05,5.77,30,121,0.638,0.463,3.879,1404,7,188,0,nadir_tohumx2 genis_savurusx1 bilgi_filizix1 kivilcimx1 firtina_bilegix1 keskin_bicakx2 yikim_gucux1,92,0,45,74,222,102,114,0,2,3,3,,0,0,0,0,0,0,0,0,0,0,0.694,347.911,13.622
6,Run50_KirilmaV1,Patlama yolu,bahcivan,standart,105,ödülsüz eş,47,,,591,233,304,0,0,54,218,148,125,76,24,15131,30787,6000,0,0,3490,2043,636,3632,2585,2976,49984,77,6,121.72,1.563,1.3,1.134,2.132,12,0.4,2.444,39,12,1.03,1.11,1.29,1.23,1.33,97,81,64,66,53,0.37,0.63,1.32,1.3,1.26,30,121,0.673,0.512,3.806,1431,5,193,0,nadir_tohumx2 genis_savurusx1 bilgi_filizix1 kivilcimx1 firtina_bilegix1 keskin_bicakx2 yikim_gucux1,91,0,45,76,228,108,114,0,2,3,3,,0,0,0,0,0,0,0,0,0,0,0.686,336.244,13.133
6,Run50_KirilmaV1,Patlama yolu,bahcivan,standart,105,ödülsüz eş,48,,,592,225,304,0,0,63,194,171,119,73,35,17873,48660,6000,0,0,3710,2154,702,4092,2839,3678,52875,78,3,126.4,1.563,1.3,1.134,2.198,12,0.4,2.444,39,12,1.03,1.13,1.18,1.23,1.75,95,82,66,59,29,0.12,0.78,0.83,0.91,2.41,30,121,0.683,0.504,3.749,1452,4,197,0,nadir_tohumx2 genis_savurusx1 bilgi_filizix1 kivilcimx1 firtina_bilegix1 keskin_bicakx2 yikim_gucux1,92,0,45,77,231,114,114,0,2,3,3,,0,0,0,0,0,0,0,0,0,0,0.603,397.178,13.156
6,Run50_KirilmaV1,Patlama yolu,bahcivan,standart,105,ödülsüz eş,49,,,610,236,323,0,0,51,229,141,126,92,22,16066,64726,6000,0,0,2930,2157,732,4022,4996,4080,53734,80,6,134.4,1.563,1.3,1.134,2.198,12,0.4,2.556,39,11.95,1.04,1.13,1.2,1.2,1.17,97,84,72,68,57,0.47,0.88,0.74,1.62,0.94,30,121,0.676,0.471,3.687,1477,2,199,0,nadir_tohumx2 genis_savurusx1 bilgi_filizix1 kivilcimx1 firtina_bilegix1 keskin_bicakx2 yikim_gucux1,91,0,45,79,237,117,114,0,2,3,3,,0,0,0,0,0,0,0,0,0,0,0.645,357.022,13.556
6,Run50_KirilmaV1,Patlama yolu,bahcivan,standart,105,ödülsüz eş,50,,,603,248,306,0,0,49,204,156,145,79,19,14850,79576,6000,0,0,3275,2130,684,3967,7126,4764,55555,82,6,134.4,1.563,1.3,1.134,2.198,12,0.45,2.556,39,11.95,1.07,1.13,1.1,1.29,1.29,94,82,84,59,54,0.44,0.51,0.45,1.49,2.59,30,121,0.688,0.479,3.663,1487,5,204,0,nadir_tohumx2 genis_savurusx1 bilgi_filizix1 kivilcimx1 firtina_bilegix1 keskin_bicakx2 yikim_gucux1,89,0,45,81,243,121,116,0,2,3,3,,0,0,0,0,0,0,0,0,0,0,0.636,330,13.4
6,Run50_KirilmaV1,Patlama yolu,bahcivan,standart,105,ödülsüz eş,50,KAZANDI
6,Run50_KirilmaV1,Patlama yolu,bahcivan,standart,105,LAB R15 A ödülsüz #1,15,,,38,33,5,0,0,0,26,9,3,0,0,101,101,150,101,30,123,12,0,203,12,0,1039,3,6,18.13,1,1,2.5,1.188,6,0.3,2,17,5.94,1.82,2.25,2.67,,,25,17,0,,,6.7,6.56,10,,,18,31,0.825,0.645,6.48,215,0,0,0,nadir_tohumx1 genis_savurusx1,13,0,45,2,6,0,0,0,0,0,15,,0,0,0,0,0,0,0,0,0,0,0.903,2.244,0.844
6,Run50_KirilmaV1,Patlama yolu,bahcivan,standart,105,LAB R15 B +artci_patlama #1,15,,,48,36,10,0,0,2,35,11,2,0,0,99,99,150,99,30,160,8,0,240,8,0,1269,4,9,18.13,1,1,2.5,1.188,6,0.3,2,17,6,1.88,2.75,2.5,,,18,8,0,,,5.1,16.88,5,,,18,31,0.787,0.452,6.48,215,0,0,0,nadir_tohumx1 genis_savurusx1 artci_patlamax1,17,0,45,3,9,0,0,0,0,0,15,,6,6,0,15,7,0,0,0,0,0,0.871,2.2,1.067
6,Run50_KirilmaV1,Patlama yolu,bahcivan,standart,105,LAB R15 A ödülsüz #2,15,,,40,35,3,0,0,2,23,14,2,1,0,126,126,150,126,30,139,8,2,219,8,2,1152,3,6,18.13,1,1,2.5,1.188,6,0.3,2,17,5.88,1.57,2.17,2,2,,39,6,0,0,,3.57,7.92,10,5,,18,31,0.827,0.677,6.48,215,0,0,0,nadir_tohumx1 genis_savurusx1,11,0,45,2,6,0,0,0,0,0,15,,0,0,0,0,0,0,0,0,0,0,0.839,2.8,0.889
6,Run50_KirilmaV1,Patlama yolu,bahcivan,standart,105,LAB R15 B +artci_patlama #2,15,,,45,35,10,0,0,0,26,14,5,0,0,132,132,150,132,30,148,20,0,228,20,0,1299,4,9,18.13,1,1,2.5,1.188,6,0.3,2,17,5.94,1.85,1.9,2.6,,,29,25,14,0,0,5.63,6.25,6.5,,,18,31,0.801,0.516,6.48,215,0,0,0,nadir_tohumx1 genis_savurusx1 artci_patlamax1,14,0,45,3,9,0,0,0,0,0,15,,6,6,0,15,5,0,0,0,0,0,0.871,2.933,1
6,Run50_KirilmaV1,Patlama yolu,bahcivan,standart,105,LAB R15 A ödülsüz #3,15,,,47,41,5,0,0,1,35,7,5,0,0,121,121,150,121,30,140,20,0,220,20,0,1268,4,9,18.13,1,1,2.5,1.188,6,0.3,2,17,6,1.5,2.67,3,,,38,20,0,,0,3.08,6.67,8.5,,,18,31,0.783,0.613,6.48,215,0,0,0,nadir_tohumx1 genis_savurusx1,14,0,45,3,9,0,0,0,0,0,15,,0,0,0,0,0,0,0,0,0,0,0.935,2.689,1.044
6,Run50_KirilmaV1,Patlama yolu,bahcivan,standart,105,LAB R15 B +artci_patlama #3,15,,,53,32,20,0,0,1,38,10,5,0,0,124,124,150,124,30,164,20,0,244,20,0,1439,4,9,18.13,1,1,2.5,1.188,6,0.3,2,17,5.82,1.48,2,2.33,,,33,20,0,0,,3.5,10,5,,,18,31,0.767,0.452,6.48,215,0,0,0,nadir_tohumx1 genis_savurusx1 artci_patlamax1,19,0,45,3,9,0,0,0,0,0,15,,9,9,0,28,12,0,0,0,0,0,0.903,2.756,1.178
6,Run50_KirilmaV1,Patlama yolu,bahcivan,standart,105,LAB R25 A ödülsüz #1,25,,,153,75,69,0,0,9,62,42,27,15,7,2101,2101,300,2101,65,573,231,56,653,231,56,9778,16,45,38.16,1,1,2.026,1.419,9,0.3,2,22,8.95,1.13,1.33,1.85,1.71,2.2,81,43,38,17,22,0.5,2.59,6.55,6.09,8.1,18,49,0.713,0.469,5.154,428,0,0,0,nadir_tohumx1 genis_savurusx1 bilgi_filizix1 kivilcimx1,35,0,45,15,45,0,0,0,0,0,25,,0,0,0,0,0,0,0,0,0,0,0.796,46.689,3.4
6,Run50_KirilmaV1,Patlama yolu,bahcivan,standart,105,LAB R25 B +artci_patlama #1,25,,,182,62,114,0,0,6,85,34,44,16,3,1881,1881,300,1881,65,504,264,70,584,264,70,11226,18,51,38.16,1,1,2.026,1.419,9,0.3,2,22,8.77,1.26,1.11,1.38,1.44,3,59,59,35,50,0,1.43,0.67,2.53,1.34,16.2,18,49,0.663,0.429,5.154,428,0,0,0,nadir_tohumx1 genis_savurusx1 bilgi_filizix1 kivilcimx1 artci_patlamax1,41,0,45,17,51,0,0,0,0,0,25,,48,48,0,91,44,0,0,0,0,0,0.776,41.8,4.044
6,Run50_KirilmaV1,Patlama yolu,bahcivan,standart,105,LAB R25 sinerji A ödülsüz #1,25,,,169,63,106,0,0,0,83,44,29,9,4,1428,1428,300,1428,65,648,174,38,728,174,38,9660,16,45,38.16,1,2.197,2.026,1.419,9,0.3,2,22,8.32,1.19,1.24,1.92,2,3,74,76,46,50,0,1.35,2.38,8.42,6.08,11.15,18,49,0.547,0.143,6.243,353,0,0,0,nadir_tohumx1 genis_savurusx1 bilgi_filizix1 kivilcimx3 yikim_gucux3,33,0.003,45,15,45,0,0,0,0,0,25,,0,0,0,0,0,0,0,0,0,0,0.714,31.733,3.756
6,Run50_KirilmaV1,Patlama yolu,bahcivan,standart,105,LAB R25 sinerji B +artci_patlama #1,25,,,170,43,127,0,0,0,86,39,26,16,3,1512,1512,300,1512,65,582,156,59,662,156,59,9820,16,45,38.16,1,2.197,2.026,1.419,9,0.3,2,22,8.55,1.26,1.22,2.25,1.5,2,70,42,29,29,0,1.14,2.03,7.85,7.1,8.1,18,49,0.543,0.061,6.243,353,0,0,0,nadir_tohumx1 genis_savurusx1 bilgi_filizix1 kivilcimx3 artci_patlamax1 yikim_gucux3,37,0.01,45,15,45,0,0,0,0,0,25,,43,43,0,56,43,0,0,0,0,0,0.633,33.6,3.778
6,Run50_KirilmaV1,Patlama yolu,bahcivan,standart,105,LAB R25 A ödülsüz #2,25,,,161,70,89,0,0,2,81,47,22,9,2,1186,1186,300,1186,65,570,155,27,650,155,27,9208,16,45,38.16,1,1,2.026,1.419,9,0.3,2,22,8.91,1.34,1.38,1.4,1,1,61,54,56,50,50,2.08,3.57,3.65,0,0,18,49,0.702,0.51,5.154,428,0,0,0,nadir_tohumx1 genis_savurusx1 bilgi_filizix1 kivilcimx1,35,0,45,15,45,0,0,0,0,0,25,,0,0,0,0,0,0,0,0,0,0,0.694,26.356,3.578
6,Run50_KirilmaV1,Patlama yolu,bahcivan,standart,105,LAB R25 B +artci_patlama #2,25,,,181,69,106,0,0,6,96,49,21,11,4,1594,1594,300,1594,65,672,149,44,752,149,44,10326,17,48,38.16,1,1,2.026,1.419,9,0.3,2,22,8.73,1.21,1.43,1.78,1.5,1,71,40,36,38,100,1.14,2.31,6.08,2.02,0,18,49,0.674,0.449,5.154,428,0,0,0,nadir_tohumx1 genis_savurusx1 bilgi_filizix1 kivilcimx1 artci_patlamax1,38,0,45,16,48,0,0,0,0,0,25,,47,47,0,78,39,0,0,0,0,0,0.673,35.422,4.022
6,Run50_KirilmaV1,Patlama yolu,bahcivan,standart,105,LAB R25 sinerji A ödülsüz #2,25,,,154,53,101,0,0,0,84,41,19,9,1,931,931,300,931,65,498,137,27,578,137,27,8360,15,42,38.16,1,2.197,2.026,1.419,9,0.3,2,22,8.73,1.25,1.5,1.86,2.33,2,70,46,33,13,0,1.23,3.76,6.08,11.48,6.1,18,49,0.616,0.143,6.243,353,0,0,0,nadir_tohumx1 genis_savurusx1 bilgi_filizix1 kivilcimx3 yikim_gucux3,33,0.003,45,14,42,0,0,0,0,0,25,,0,0,0,0,0,0,0,0,0,0,0.327,20.689,3.422
6,Run50_KirilmaV1,Patlama yolu,bahcivan,standart,105,LAB R25 sinerji B +artci_patlama #2,25,,,190,52,138,0,0,0,100,43,33,10,4,1526,1526,300,1526,65,603,244,41,683,244,41,10700,17,48,38.16,1,2.197,2.026,1.419,9,0.3,2,22,8,1.13,1.55,1.71,1.5,1,79,58,45,38,67,0.72,3.87,6.37,4.05,0,18,49,0.506,0.102,6.243,353,0,0,0,nadir_tohumx1 genis_savurusx1 bilgi_filizix1 kivilcimx3 artci_patlamax1 yikim_gucux3,36,0.003,45,16,48,0,0,0,0,0,25,,52,52,0,59,48,0,0,0,0,0,0.51,33.911,4.222
6,Run50_KirilmaV1,Patlama yolu,bahcivan,standart,105,LAB R25 A ödülsüz #3,25,,,165,77,81,0,0,7,77,52,25,7,4,1471,1471,300,1471,65,543,173,54,623,173,54,9648,16,45,38.16,1,1,2.026,1.419,9,0.3,2,22,8.68,1.25,1.38,1.65,2,1,70,68,36,22,100,1.2,2.96,6.56,7.42,0,18,49,0.684,0.408,5.154,428,0,0,0,nadir_tohumx1 genis_savurusx1 bilgi_filizix1 kivilcimx1,34,0,45,15,45,0,0,0,0,0,25,,0,0,0,0,0,0,0,0,0,0,0.776,32.689,3.667
6,Run50_KirilmaV1,Patlama yolu,bahcivan,standart,105,LAB R25 B +artci_patlama #3,25,,,203,68,129,0,0,6,97,50,34,14,8,2448,2448,300,2448,65,636,319,64,716,319,64,12290,18,51,38.16,1,1,2.026,1.419,9,0.3,2,22,8.77,1.19,1.13,1.45,1.29,1.5,69,59,37,44,29,1.7,0.68,3.68,1.16,3.55,18,49,0.634,0.388,5.154,428,0,0,0,nadir_tohumx1 genis_savurusx1 bilgi_filizix1 kivilcimx1 artci_patlamax1,40,0,45,17,51,0,0,0,0,0,25,,56,56,0,97,53,0,0,0,0,0,0.408,54.4,4.511
6,Run50_KirilmaV1,Patlama yolu,bahcivan,standart,105,LAB R25 sinerji A ödülsüz #3,25,,,163,48,115,0,0,0,89,41,17,13,3,1304,1304,300,1304,65,513,125,61,593,125,61,9040,16,45,38.16,1,2.197,2.026,1.419,9,0.3,2,22,8.36,1.34,1.44,1.67,2.2,2,72,55,50,23,20,2.66,3.38,8.11,11.76,16.22,18,49,0.582,0.184,6.243,353,0,0,0,nadir_tohumx1 genis_savurusx1 bilgi_filizix1 kivilcimx3 yikim_gucux3,33,0,45,15,45,0,0,0,0,0,25,,0,0,0,0,0,0,0,0,0,0,0.469,28.978,3.622
6,Run50_KirilmaV1,Patlama yolu,bahcivan,standart,105,LAB R25 sinerji B +artci_patlama #3,25,,,187,45,142,0,0,0,103,45,21,13,5,1626,1626,300,1626,65,624,195,50,704,195,50,10400,17,48,38.16,1,2.197,2.026,1.419,9,0.3,2,22,7.77,1.22,1.63,1.67,1.8,2.5,64,52,29,42,0,1.5,3.55,8.11,5.67,15.2,18,49,0.53,0.143,6.243,353,0,0,0,nadir_tohumx1 genis_savurusx1 bilgi_filizix1 kivilcimx3 artci_patlamax1 yikim_gucux3,36,0.003,45,16,48,0,0,0,0,0,25,,45,45,0,69,53,0,0,0,0,0,0.265,36.133,4.156
6,Run50_KirilmaV1,Patlama yolu,bahcivan,standart,105,LAB R40 A ödülsüz #1,40,,,375,158,195,0,0,22,149,98,80,35,13,7391,7391,2800,7391,500,1654,1230,325,1734,1230,325,28667,28,81,83.44,1.25,1,1.171,2,9,0.35,2,38,8.95,1.08,1.13,1.4,1.57,1.88,85,73,43,31,27,1.01,0.71,2.03,4.27,4.54,24,81,0.645,0.358,4.346,839,0,0,0,nadir_tohumx2 genis_savurusx1 bilgi_filizix1 kivilcimx1 firtina_bilegix1 keskin_bicakx1,73,0,45,27,81,0,0,0,0,0,40,,0,0,0,0,0,0,0,0,0,0,0.617,164.244,8.333
6,Run50_KirilmaV1,Patlama yolu,bahcivan,standart,105,LAB R40 B +artci_patlama #1,40,,,468,162,287,0,0,19,191,120,85,54,18,10381,10381,2800,10381,500,2218,1302,497,2298,1302,497,36051,30,87,83.44,1.25,1,1.171,2,9,0.35,2,38,8.95,1.06,1.23,1.15,1.33,1.4,84,59,55,36,11,0.3,1.49,0.64,1.95,0.71,24,81,0.562,0.296,4.346,839,0,0,0,nadir_tohumx2 genis_savurusx1 bilgi_filizix1 kivilcimx1 firtina_bilegix1 keskin_bicakx1 artci_patlamax1,82,0,45,29,87,0,0,0,0,0,40,,107,107,0,264,118,0,0,0,0,0,0.605,230.689,10.4
6,Run50_KirilmaV1,Patlama yolu,bahcivan,standart,105,LAB R40 A ödülsüz #2,40,,,377,158,193,0,0,26,165,89,76,40,7,6444,6444,2800,6444,500,1608,1120,286,1688,1120,286,27979,27,78,83.44,1.25,1,1.171,2,9,0.35,2,38,9,1.16,1.32,1.28,1.4,2,74,64,52,45,0,0.82,2.89,1.86,2.03,4.68,24,81,0.638,0.333,4.346,839,0,0,0,nadir_tohumx2 genis_savurusx1 bilgi_filizix1 kivilcimx1 firtina_bilegix1 keskin_bicakx1,70,0,45,26,78,0,0,0,0,0,40,,0,0,0,0,0,0,0,0,0,0,0.704,143.2,8.378
6,Run50_KirilmaV1,Patlama yolu,bahcivan,standart,105,LAB R40 B +artci_patlama #2,40,,,461,154,282,0,0,25,194,124,70,60,13,9515,9515,2800,9515,500,2502,1024,424,2582,1024,424,34905,30,87,83.44,1.25,1,1.171,2,9,0.35,2,38,8.92,1.15,1.23,1.39,1.29,,79,65,38,55,43,0.7,1.22,2.15,1.86,,24,81,0.57,0.272,4.346,839,0,0,0,nadir_tohumx2 genis_savurusx1 bilgi_filizix1 kivilcimx1 firtina_bilegix1 keskin_bicakx1 artci_patlamax1,83,0,45,29,87,0,0,0,0,0,40,,106,106,0,241,120,0,0,0,0,0,0.42,211.444,10.244
6,Run50_KirilmaV1,Patlama yolu,bahcivan,standart,105,LAB R40 A ödülsüz #3,40,,,377,158,196,0,0,23,130,109,74,46,18,9714,9714,2800,9714,500,1891,1256,397,1971,1256,397,29949,28,81,83.44,1.25,1,1.171,2,9,0.35,2,38,8.95,1.15,1.19,1.27,1.65,1,76,75,54,32,50,0.95,1.07,1.81,5.68,0,24,81,0.643,0.296,4.346,839,0,0,0,nadir_tohumx2 genis_savurusx1 bilgi_filizix1 kivilcimx1 firtina_bilegix1 keskin_bicakx1,77,0,45,27,81,0,0,0,0,0,40,,0,0,0,0,0,0,0,0,0,0,0.58,215.867,8.378
6,Run50_KirilmaV1,Patlama yolu,bahcivan,standart,105,LAB R40 B +artci_patlama #3,40,,,453,151,284,0,0,18,176,126,88,51,12,9097,9097,2800,9097,500,2205,1233,444,2285,1233,444,34832,30,87,83.44,1.25,1,1.171,2,9,0.35,2,38,8.87,1.12,1.11,1.21,1.69,1,78,65,48,32,33,0.57,0.61,1.27,4.46,0,24,81,0.582,0.235,4.346,839,0,0,0,nadir_tohumx2 genis_savurusx1 bilgi_filizix1 kivilcimx1 firtina_bilegix1 keskin_bicakx1 artci_patlamax1,85,0,45,29,87,0,0,0,0,0,40,,100,100,0,261,120,0,0,0,0,0,0.593,202.156,10.067
7,Run50_KirilmaV1,Patlama yolu,bahcivan,standart,106,ödülsüz eş,1,,,14,14,0,0,0,0,12,2,0,0,0,18,18,45,0,0,32,0,0,32,0,0,300,1,0,10,1,1,3,0.9,4,0.3,2,14,1.93,1.67,3,,,,38,0,,,,2,6,,,,2,4,0.315,0,8,23,0,0,2,,3,0.19,45,0,0,0,0,0,0,0,0,,0,0,0,0,0,0,0,0,0,0,0.5,0.4,0.311
7,Run50_KirilmaV1,Patlama yolu,bahcivan,standart,106,ödülsüz eş,2,,,14,14,0,0,0,0,12,0,1,1,0,52,70,45,0,0,24,4,2,24,4,2,330,2,3,11.33,1,1,3,0.9,4,0.3,2,14,2.21,1.83,,3,5,,8,,0,0,,3.5,,6,24,,3,5,0.473,0.2,8,28,2,2,1,,3,0,45,1,3,0,0,0,0,0,0,,0,0,0,0,0,0,0,0,0,0,0.6,1.156,0.311
7,Run50_KirilmaV1,Patlama yolu,bahcivan,standart,106,ödülsüz eş,3,,,17,16,1,0,0,0,14,2,1,0,0,30,100,45,0,0,36,4,0,40,8,2,380,3,3,11.33,1,1,3,0.9,4,0.3,2,14,2.79,2,3,2,,,19,0,0,,,4.15,9,6,,,4,6,0.511,0,8,34,0,2,1,,5,0.044,45,2,6,3,0,0,2,2,3,,0,0,0,0,0,0,0,0,0,0,0.667,0.667,0.378
7,Run50_KirilmaV1,Patlama yolu,bahcivan,standart,106,ödülsüz eş,4,,,19,18,1,0,0,0,12,7,0,0,0,33,133,45,0,0,52,0,0,52,8,2,450,4,3,11.33,1,1,3,0.9,4,0.3,2,14,3.29,1.83,2.5,,,,0,0,,0,,4.75,8.5,,,,5,8,0.532,0.125,8,45,0,2,1,,5,0.089,45,3,9,6,0,0,2,2,3,,0,0,0,0,0,0,0,0,0,0,0.75,0.733,0.422
7,Run50_KirilmaV1,Patlama yolu,bahcivan,standart,106,ödülsüz eş,5,,,17,15,2,0,0,0,12,4,0,1,0,54,187,45,54,8,40,0,2,44,8,4,419,5,3,12,1,1,2.892,0.9,4,0.3,2,15,2.47,1.64,2.67,,2,,22,0,,,,2.89,4.81,,11.57,,6,9,0.429,0.111,7.53,54,4,6,1,,4,0.016,45,4,12,9,0,0,2,2,3,,0,0,0,0,0,0,0,0,0,0,0.444,1.2,0.378
7,Run50_KirilmaV1,Patlama yolu,bahcivan,standart,106,ödülsüz eş,6,,,23,17,6,0,0,0,17,4,2,0,0,49,49,110,0,0,50,8,0,55,16,4,557,6,3,12,1,1,2.892,0.9,4,0.3,2,15,3.27,1.85,2,2.5,,,6,0,0,,,3.78,4.33,14.45,,,6,9,0.667,0.222,6.284,64,2,8,0,bereketli_toprakx1,6,0,45,5,15,9,3,0,2,2,3,,0,0,0,0,0,0,0,0,0,0,0.889,1.089,0.511
7,Run50_KirilmaV1,Patlama yolu,bahcivan,standart,106,ödülsüz eş,7,,,26,13,13,0,0,0,17,7,2,0,0,58,107,110,0,0,62,8,0,70,24,4,643,7,3,12.67,1,1,2.789,0.9,4,0.3,2,16,3.19,1.89,1.67,3,,,6,0,0,,,2.79,7.44,8.37,,,7,10,0.678,0.2,6.179,73,3,11,1,bereketli_toprakx1,7,0,45,6,18,12,3,0,2,2,3,,0,0,0,0,0,0,0,0,0,0,0.7,1.289,0.578
7,Run50_KirilmaV1,Patlama yolu,bahcivan,standart,106,ödülsüz eş,8,,,31,22,9,0,0,0,25,3,3,0,0,64,171,110,0,0,65,12,0,87,36,4,768,9,6,13.33,1,1,2.789,0.9,4,0.3,2,16,3.38,1.67,2,1,,,17,0,0,,,2.64,3.72,0,,,8,11,0.628,0.273,6.215,80,3,14,1,bereketli_toprakx1,6,0,45,8,24,15,3,0,2,2,3,,0,0,0,0,0,0,0,0,0,0,0.545,1.422,0.689
7,Run50_KirilmaV1,Patlama yolu,bahcivan,standart,106,ödülsüz eş,9,,,30,23,7,0,0,0,26,4,0,0,0,38,209,110,0,0,72,0,0,76,36,4,712,10,3,14,1,1,2.789,0.9,4,0.3,2,16,3.5,1.68,1.75,,,,11,0,,,,3.67,6.27,,,,9,13,0.653,0.385,6.244,94,2,16,1,bereketli_toprakx1,8,0,45,9,27,21,3,0,2,2,3,,0,0,0,0,0,0,0,0,0,0,0.846,0.844,0.667
7,Run50_KirilmaV1,Patlama yolu,bahcivan,standart,106,ödülsüz eş,10,,,32,23,8,0,0,1,26,5,1,0,0,51,260,110,51,16,77,4,0,85,40,4,778,11,3,14.67,1,1,2.689,0.9,4,0.3,2,16,3.63,1.63,2,4,,,20,17,,,,3.54,7.15,18.83,,,10,14,0.712,0.357,6.113,103,4,20,1,bereketli_toprakx1,9,0,45,10,30,24,3,0,2,2,3,,0,0,0,0,0,0,0,0,0,0,0.714,1.133,0.711
7,Run50_KirilmaV1,Patlama yolu,bahcivan,standart,106,ödülsüz eş,11,,,36,22,14,0,0,0,30,5,1,0,0,58,58,150,0,0,85,4,0,93,44,4,884,12,3,15.64,1,1.3,2.592,0.9,4,0.3,2,17,3.71,1.75,1,3,,,18,0,,0,,4.8,0,28.54,,,11,16,0.69,0.313,6.131,117,2,22,1,bereketli_toprakx1 yikim_gucux1,9,0,45,11,33,25,5,0,2,2,3,,0,0,0,0,0,0,0,0,0,0,0.625,1.289,0.8
7,Run50_KirilmaV1,Patlama yolu,bahcivan,standart,106,ödülsüz eş,12,,,37,24,13,0,0,0,28,7,1,1,0,92,150,150,0,0,119,4,2,120,18,6,1055,14,6,16.36,1,1.3,2.592,0.9,4,0.3,2,17,3.88,1.72,1.75,4,1,,14,25,0,,,6.19,2.59,12.97,0,,12,18,0.754,0.389,5.996,135,5,27,1,bereketli_toprakx1 yikim_gucux1,9,0,45,13,39,25,8,0,2,2,3,,0,0,0,0,0,0,0,0,0,0,0.444,2.044,0.822
7,Run50_KirilmaV1,Patlama yolu,bahcivan,standart,106,ödülsüz eş,13,,,43,29,12,0,0,2,36,5,2,0,0,73,223,150,0,0,133,8,0,139,26,6,1186,15,3,18.13,1,1.3,2.5,0.9,4,0.3,2,17,3.82,1.29,1.33,2,,,43,0,0,,,1.77,0.83,7.5,,,13,19,0.692,0.368,6.008,142,5,32,1,bereketli_toprakx1 yikim_gucux1,11,0,45,14,42,31,8,0,2,2,3,,0,0,0,0,0,0,0,0,0,0,0.737,1.622,0.956
7,Run50_KirilmaV1,Patlama yolu,bahcivan,standart,106,ödülsüz eş,14,,,39,25,14,0,0,0,29,7,3,0,0,82,305,150,0,0,129,12,0,129,38,6,1189,16,3,18.13,1,1.3,2.324,0.9,4,0.3,2,19,3.89,1.63,2.33,1.33,,,24,0,0,0,,3.42,12.39,0.78,,,15,22,0.78,0.545,5.765,172,5,37,2,bereketli_toprakx1 yikim_gucux1,10,0,45,15,45,34,8,0,2,2,3,,0,0,0,0,0,0,0,0,0,0,0.682,1.822,0.867
7,Run50_KirilmaV1,Patlama yolu,bahcivan,standart,106,ödülsüz eş,15,,,44,31,13,0,0,0,34,7,2,1,0,117,422,150,117,30,144,8,2,173,21,8,1392,17,3,18.13,1,1.3,2.324,0.9,4,0.3,2,19,3.79,1.69,2.33,3,1,,30,0,0,,,4.37,10.07,18.57,0,,16,23,0.606,0.348,5.78,179,2,39,1,bereketli_toprakx1 yikim_gucux1,13,0,45,16,48,37,8,0,2,2,3,,0,0,0,0,0,0,0,0,0,0,0.348,2.6,0.978
7,Run50_KirilmaV1,Patlama yolu,bahcivan,standart,106,ödülsüz eş,16,,,40,24,13,0,0,3,30,6,2,2,0,130,130,220,0,0,126,8,4,127,29,12,1270,18,3,19.2,1,1.3,2.324,0.9,4,0.3,2,19,4,1.42,2,2,4,,28,11,0,0,,2.33,10.07,4.67,16.27,,17,26,0.83,0.308,4.804,244,4,43,1,bereketli_toprakx2 yikim_gucux1,12,0,45,17,51,40,8,0,2,2,3,,0,0,0,0,0,0,0,0,0,0,0.808,2.889,0.889
7,Run50_KirilmaV1,Patlama yolu,bahcivan,standart,106,ödülsüz eş,17,,,43,30,13,0,0,0,27,13,3,0,0,102,232,220,0,0,159,12,0,161,41,12,1434,20,6,20.27,1,1.3,2.24,0.935,4,0.3,2,20,3.95,1.26,2.1,3,,,35,0,0,,,1.18,9.85,13.47,,,18,27,0.824,0.444,4.814,252,4,47,1,bereketli_toprakx2 yikim_gucux1,15,0,45,19,57,43,8,0,2,2,3,,0,0,0,0,0,0,0,0,0,0,0.889,2.267,0.956
7,Run50_KirilmaV1,Patlama yolu,bahcivan,standart,106,ödülsüz eş,18,,,45,28,16,0,0,1,30,12,3,0,0,103,335,220,0,0,162,15,0,177,56,12,1501,21,3,20.27,1,1.3,2.16,0.97,4,0.3,2,20,4,1.82,1.78,2.5,,,27,9,0,,,8.39,4.8,15.13,,,19,28,0.832,0.536,4.619,273,5,52,1,bereketli_toprakx2 yikim_gucux1,13,0,45,20,60,49,8,0,2,2,3,,0,0,0,0,0,0,0,0,0,0,0.893,2.289,1
7,Run50_KirilmaV1,Patlama yolu,bahcivan,standart,106,ödülsüz eş,19,,,40,23,15,0,0,2,28,9,3,0,0,100,435,220,0,0,141,15,0,178,46,12,1373,22,3,23.08,1,1.3,2.16,0.97,4,0.3,2,20,4,1.86,1.57,1,,,17,8,0,,,5.4,3.08,0,,,21,33,0.872,0.727,4.508,329,1,53,2,bereketli_toprakx2 yikim_gucux1,11,0,45,21,63,49,11,0,2,2,3,,0,0,0,0,0,0,0,0,0,0,0.909,2.222,0.889
7,Run50_KirilmaV1,Patlama yolu,bahcivan,standart,106,ödülsüz eş,20,,,47,29,18,0,0,0,32,10,5,0,0,117,552,220,117,45,174,30,0,184,41,12,1716,23,3,24.3,1,1.3,2.16,0.97,4,0.3,2,20,4,1.38,1.44,1.75,,,20,0,0,0,,4.32,5.04,4.32,,,22,34,0.871,0.618,4.341,352,6,59,1,bereketli_toprakx2 yikim_gucux1,16,0,45,22,66,49,14,0,2,2,3,,0,0,0,0,0,0,0,0,0,0,0.794,2.6,1.044
7,Run50_KirilmaV1,Patlama yolu,bahcivan,standart,106,ödülsüz eş,21,,,73,46,19,0,0,8,50,15,5,3,0,237,237,300,0,0,264,30,6,267,71,18,2925,24,3,24.3,1,1.69,2.16,1.075,6,0.3,2,20,5.9,1.63,2.29,1.67,3,,27,27,0,0,,3.02,7.41,4.33,8.67,,23,35,0.803,0.6,4.252,370,5,64,1,bereketli_toprakx2 yikim_gucux2,15,0,45,23,69,49,17,0,2,2,3,,0,0,0,0,0,0,0,0,0,0,0.914,5.267,1.622
7,Run50_KirilmaV1,Patlama yolu,bahcivan,standart,106,ödülsüz eş,22,,,76,46,20,0,0,10,50,20,4,2,0,224,461,300,0,0,276,20,4,302,21,22,3174,26,6,24.3,1,1.69,2.16,1.075,6,0.3,2,20,6,1.38,1.83,3,3,,48,12,0,0,,2.84,5.22,23.73,19.43,,24,39,0.81,0.538,4.267,411,3,67,2,bereketli_toprakx2 yikim_gucux2,18,0,45,25,75,49,20,0,2,2,3,,0,0,0,0,0,0,0,0,0,0,0.795,4.978,1.689
7,Run50_KirilmaV1,Patlama yolu,bahcivan,standart,106,ödülsüz eş,23,,,62,38,15,0,0,9,42,15,4,1,0,165,626,300,0,0,228,20,2,255,41,24,2594,27,3,25.51,1,1.69,2.16,1.075,6,0.3,2,20,6,1.73,1.75,1.67,1,,22,29,0,0,,5.24,5.4,3.59,0,,26,42,0.858,0.619,4.19,451,2,69,2,bereketli_toprakx2 yikim_gucux2,17,0,45,26,78,49,26,0,2,2,3,,0,0,0,0,0,0,0,0,0,0,0.857,3.667,1.378
7,Run50_KirilmaV1,Patlama yolu,bahcivan,standart,106,ödülsüz eş,24,,,60,36,23,0,0,1,44,8,7,1,0,213,839,300,0,0,186,40,2,221,81,26,2423,28,3,25.51,1,1.69,2.16,1.075,6,0.3,2,20,6,1.46,2.4,1.83,1,,31,17,0,0,,2.43,6.49,7.56,0,,27,44,0.864,0.614,4.207,471,1,70,1,bereketli_toprakx2 yikim_gucux2,18,0,45,27,81,49,29,0,2,2,3,,0,0,0,0,0,0,0,0,0,0,0.909,4.733,1.333
7,Run50_KirilmaV1,Patlama yolu,bahcivan,standart,106,ödülsüz eş,25,,,77,45,28,0,0,4,49,16,9,3,0,319,1158,300,319,65,264,50,9,325,51,35,3363,29,3,28.62,1,1.69,2.16,1.075,6,0.3,2,20,5.95,1.33,2.22,1.25,1.5,,32,0,14,,,4.39,11.76,2.17,2.17,,27,46,0.71,0.478,4.15,499,2,72,2,bereketli_toprakx2 yikim_gucux2,19,0,45,28,84,49,32,0,2,2,3,,0,0,0,0,0,0,0,0,0,0,0.696,7.089,1.711
7,Run50_KirilmaV1,Patlama yolu,bahcivan,standart,106,ödülsüz eş,26,,,108,65,40,0,0,3,65,27,14,2,0,397,397,500,0,0,399,96,6,424,122,41,4750,31,6,29.99,1,1.69,2.092,1.419,9,0.3,2,21,8.9,1.41,1.82,2.25,4,,40,9,18,0,,3.49,6.27,11.5,10.43,,28,49,0.797,0.612,4.158,530,3,75,4,bereketli_toprakx2 yikim_gucux2 genis_savurusx1,21,0,45,30,90,49,35,0,2,2,3,,0,0,0,0,0,0,0,0,0,0,0.714,8.822,2.4
7,Run50_KirilmaV1,Patlama yolu,bahcivan,standart,106,ödülsüz eş,27,,,145,64,77,0,0,4,88,42,10,5,0,621,1018,500,0,0,594,66,18,603,150,39,6352,33,6,33.24,1,1.69,2.026,1.465,9,0.3,2,22,8.82,1.5,2,2.5,1.75,,56,34,7,50,0,4.94,6.16,10.15,4.05,,22,49,0.737,0.51,4.047,545,4,79,3,bereketli_toprakx2 yikim_gucux2 genis_savurusx1,26,0,45,32,96,49,41,0,2,2,3,,0,0,0,0,0,0,0,0,0,0,0.571,13.8,3.222
7,Run50_KirilmaV1,Patlama yolu,bahcivan,standart,106,ödülsüz eş,28,,,159,77,79,0,0,3,104,27,25,2,1,794,1812,500,0,0,525,180,17,578,330,56,6913,34,3,38.16,1,1.69,2.026,1.465,9,0.3,2,22,8.82,1.3,1.75,2,3,,72,35,24,0,,2.12,5.83,6.84,10.13,,22,49,0.719,0.408,4.047,545,3,82,0,bereketli_toprakx2 yikim_gucux2 genis_savurusx1,33,0,45,33,99,49,47,0,2,2,3,,0,0,0,0,0,0,0,0,0,0,0.551,17.644,3.533
7,Run50_KirilmaV1,Patlama yolu,bahcivan,standart,106,ödülsüz eş,29,,,161,69,91,0,0,1,98,30,18,10,5,1823,3635,500,0,0,633,158,55,641,300,91,7618,36,6,39.82,1,1.69,1.962,1.465,9,0.3,2,22,8.91,1.32,1.65,1.67,2.25,4,70,32,36,0,0,3.24,5.66,4.79,8.34,17.67,21,49,0.707,0.469,3.898,566,5,87,1,bereketli_toprakx2 yikim_gucux2 genis_savurusx1,29,0,45,35,105,49,50,0,2,2,3,,0,0,0,0,0,0,0,0,0,0,0.776,40.511,3.578
7,Run50_KirilmaV1,Patlama yolu,bahcivan,standart,106,ödülsüz eş,30,,,175,69,97,0,0,9,81,40,35,13,6,3673,7308,500,3673,100,663,354,81,744,395,112,9127,38,6,43.38,1,1.69,1.962,1.511,9,0.3,2,22,8.77,1.21,1.47,2.17,1.75,2,69,52,33,0,0,1.88,3.01,8.29,3.43,6.37,17,49,0.737,0.469,3.841,574,5,92,3,bereketli_toprakx2 yikim_gucux2 genis_savurusx1,31,0,45,37,111,49,56,0,2,2,3,,0,0,0,0,0,0,0,0,0,0,0.776,81.622,3.889
7,Run50_KirilmaV1,Patlama yolu,bahcivan,standart,106,ödülsüz eş,31,,,172,59,106,0,0,7,75,40,35,21,1,2960,2960,1200,0,0,642,329,72,706,414,84,9319,40,6,43.38,1,2.197,1.901,1.577,9,0.3,2,23,8.91,1.39,2.22,2,2,3,54,44,29,46,0,1.15,9.71,4.94,6.65,5.7,16,54,0.767,0.5,3.706,656,5,97,2,bereketli_toprakx2 yikim_gucux3 genis_savurusx1,32,0,45,39,117,49,62,0,2,2,3,,0,0,0,0,0,0,0,0,0,0,0.611,65.778,3.822
7,Run50_KirilmaV1,Patlama yolu,bahcivan,standart,106,ödülsüz eş,32,,,156,73,80,0,0,3,75,42,23,12,4,2408,5368,1200,0,0,856,168,54,982,256,78,8068,41,3,46.93,1,2.197,1.901,1.67,9,0.3,2,23,8.96,1.5,1.67,1.8,1.5,3,48,31,29,25,0,4.25,6.24,6.84,2.85,11.87,17,71,0.812,0.366,3.747,853,5,102,8,bereketli_toprakx2 yikim_gucux3 genis_savurusx1,30,0,45,40,120,55,62,0,2,2,3,,0,0,0,0,0,0,0,0,0,0,0.93,53.511,3.467
7,Run50_KirilmaV1,Patlama yolu,bahcivan,standart,106,ödülsüz eş,33,,,147,65,78,0,0,4,62,33,28,20,4,3311,8679,1200,0,0,793,256,110,875,342,138,7963,43,6,46.93,1,2.197,1.901,1.67,9,0.3,2,23,9,1.56,1.83,2.06,1.5,3,48,29,23,27,0,3.95,4.75,6.26,5.7,19,21,79,0.86,0.684,3.833,927,6,108,4,bereketli_toprakx2 yikim_gucux3 genis_savurusx1,32,0,45,42,126,58,62,0,2,2,3,,0,0,0,0,0,0,0,0,0,0,0.861,73.578,3.267
7,Run50_KirilmaV1,Patlama yolu,bahcivan,standart,106,ödülsüz eş,34,,,159,56,97,0,0,6,71,42,27,14,5,3944,12623,1200,0,0,909,387,64,1089,399,137,8293,44,3,46.93,1,2.197,1.841,1.736,9,0.3,2,24,9,1.72,2.1,1.4,2.2,3,37,37,40,13,0,3.43,8.29,2.2,6.99,11.97,23,81,0.856,0.654,3.862,944,7,115,2,bereketli_toprakx2 yikim_gucux3 genis_savurusx1,30,0,45,43,129,64,62,0,2,2,3,,0,0,0,0,0,0,0,0,0,0,0.827,87.644,3.533
7,Run50_KirilmaV1,Patlama yolu,bahcivan,standart,106,ödülsüz eş,35,,,70,40,30,0,0,0,31,19,8,11,1,1497,14120,1200,1497,220,356,116,70,755,515,127,3533,44,0,50.49,1,2.197,1.841,1.736,9,0.3,2,24,6,1.73,1.92,2.83,3.4,2,30,13,0,0,0,4.78,3.82,12.27,10.67,1.83,23,81,0.945,0.827,3.825,953,3,118,0,bereketli_toprakx2 yikim_gucux3 genis_savurusx1,15,0,45,43,129,67,62,0,2,2,3,,0,0,0,0,0,0,0,0,0,0,0.963,33.267,1.556
7,Run50_KirilmaV1,Patlama yolu,bahcivan,standart,106,ödülsüz eş,36,,,267,86,170,0,0,11,111,62,51,30,13,7547,7547,2800,0,0,1398,728,310,1493,1243,342,14780,46,6,50.49,1,2.197,1.248,1.802,9,0.3,2,36,9,1.37,1.75,2.44,1.43,2.67,64,33,22,20,43,2.5,6.71,7.56,2.05,8.73,23,81,0.759,0.494,3.825,953,3,121,0,bereketli_toprakx2 yikim_gucux3 genis_savurusx1 firtina_bilegix1,57,0,45,45,135,67,62,0,2,2,3,,0,0,0,0,0,0,0,0,0,0,0.679,167.711,5.933
7,Run50_KirilmaV1,Patlama yolu,bahcivan,standart,106,ödülsüz eş,37,,,275,85,188,0,0,2,117,71,47,31,9,7334,14881,2800,0,0,1400,794,232,1663,1157,339,15328,48,6,57.05,1,2.197,1.248,1.802,9,0.3,2,36,9,1.63,1.3,1.84,2.14,2.5,54,45,39,27,0,3.96,2.37,7.16,4.1,5.94,23,81,0.76,0.444,3.649,999,7,128,0,bereketli_toprakx2 yikim_gucux3 genis_savurusx1 firtina_bilegix1,60,0,45,47,141,73,62,0,2,2,3,,0,0,0,0,0,0,0,0,0,0,0.63,162.978,6.111
7,Run50_KirilmaV1,Patlama yolu,bahcivan,standart,106,ödülsüz eş,38,,,305,99,200,0,0,6,118,90,62,26,9,7820,22701,2800,0,0,1474,971,300,1537,1048,499,17150,50,6,65.98,1,2.197,1.248,1.802,9,0.3,2,36,9,1.44,1.43,1.63,1.29,3.2,56,42,40,40,0,2.61,3.74,3.09,1.6,14.98,23,81,0.72,0.481,3.622,1006,5,133,0,bereketli_toprakx2 yikim_gucux3 genis_savurusx1 firtina_bilegix1,61,0,45,49,147,79,62,0,2,2,3,,0,0,0,0,0,0,0,0,0,0,0.778,173.778,6.778
7,Run50_KirilmaV1,Patlama yolu,bahcivan,standart,106,ödülsüz eş,39,,,313,108,195,0,0,10,138,74,63,29,9,7243,29944,2800,0,0,1464,1002,276,1531,1250,775,17247,52,6,65.98,1,2.197,1.209,1.868,9,0.3,2,37,9,1.41,1.6,1.47,2.6,2.6,60,50,24,28,20,2.47,4.3,2.77,12.92,9.92,23,81,0.739,0.457,3.612,1009,4,137,0,bereketli_toprakx2 yikim_gucux3 genis_savurusx1 firtina_bilegix1,68,0,45,51,153,81,66,0,2,2,3,,0,0,0,0,0,0,0,0,0,0,0.63,160.956,6.956
7,Run50_KirilmaV1,Patlama yolu,bahcivan,standart,106,ödülsüz eş,40,,,265,88,171,0,0,6,112,73,55,21,4,4894,34838,2800,4894,500,1458,835,185,1539,1705,805,14976,53,3,69.93,1,2.197,1.209,1.868,9,0.3,2,37,9,1.5,1.84,1.91,2.57,3,59,36,23,12,29,1.72,4.39,5.04,9.68,10.9,23,81,0.774,0.543,3.497,1042,5,142,0,bereketli_toprakx2 yikim_gucux3 genis_savurusx1 firtina_bilegix1,52,0,45,52,156,81,72,0,2,2,3,,0,0,0,0,0,0,0,0,0,0,0.58,108.756,5.889
7,Run50_KirilmaV1,Patlama yolu,bahcivan,standart,106,ödülsüz eş,41,,,314,114,194,0,0,6,132,80,58,37,7,7994,7994,4500,0,0,1609,835,390,1803,1220,1045,18226,55,6,73.42,1,2.197,1.028,2,9,0.35,2.111,43,9,1.49,1.81,2.18,2.07,2.5,60,31,33,37,0,3.43,5.94,6.42,6.9,6.93,23,81,0.723,0.481,3.469,1051,8,150,0,bereketli_toprakx2 yikim_gucux3 genis_savurusx1 firtina_bilegix1 hizli_bilekx1,57,0,45,54,162,81,75,0,2,2,3,,0,0,0,0,0,0,0,0,0,0,0.84,177.644,6.978
7,Run50_KirilmaV1,Patlama yolu,bahcivan,standart,106,ödülsüz eş,42,,,355,121,218,0,0,16,137,103,75,31,9,8020,16014,4500,0,0,1905,1173,432,2108,1953,1307,20596,56,3,79.64,1,2.197,1.028,2,9,0.35,2.111,43,9,1.41,1.58,1.93,2.4,2.43,62,51,47,14,14,2.48,3.56,4.8,8.7,6.46,23,81,0.724,0.457,3.384,1077,3,153,0,bereketli_toprakx2 yikim_gucux3 genis_savurusx1 firtina_bilegix1 hizli_bilekx1,54,0,45,55,165,81,81,0,2,2,3,,0,0,0,0,0,0,0,0,0,0,0.506,178.222,7.889
7,Run50_KirilmaV1,Patlama yolu,bahcivan,standart,106,ödülsüz eş,43,,,368,133,226,0,0,9,163,77,76,41,11,9983,25997,4500,0,0,2206,1110,366,2634,1463,1478,22219,58,6,83.44,1,2.197,0.995,2,9,0.35,2.222,45,8.98,1.3,1.76,1.97,2,2,71,53,35,15,22,1.66,4.51,4.84,6.37,7.96,23,81,0.694,0.506,3.363,1084,6,159,0,bereketli_toprakx2 yikim_gucux3 genis_savurusx1 firtina_bilegix1 hizli_bilekx1,65,0,45,57,171,81,84,0,2,2,3,,0,0,0,0,0,0,0,0,0,0,0.63,221.844,8.178
7,Run50_KirilmaV1,Patlama yolu,bahcivan,standart,106,ödülsüz eş,44,,,494,171,300,0,0,23,191,106,108,71,18,14872,40869,4500,0,0,2791,1944,618,2925,2897,2096,31552,60,6,83.44,1,2.197,0.995,2.066,12,0.383,2.222,45,11.69,1.45,1.66,1.71,1.96,2,73,55,50,56,42,1.51,2.5,2.23,5.29,3.19,23,81,0.603,0.42,3.281,1111,6,165,0,bereketli_toprakx2 yikim_gucux3 genis_savurusx1 firtina_bilegix1 hizli_bilekx1,79,0,45,59,177,81,90,0,2,2,3,,0,0,0,0,0,0,0,0,0,0,0.617,330.489,10.978
7,Run50_KirilmaV1,Patlama yolu,bahcivan,standart,106,ödülsüz eş,45,,,407,162,224,0,0,21,150,115,82,41,19,13272,54141,4500,13272,800,2643,1485,552,2943,2017,588,24795,62,6,94.04,1,2.197,0.964,2.066,12,0.383,2.333,46,10.93,1.37,1.92,1.89,2.11,2,64,45,38,32,31,1.9,4.33,3.31,6.5,4.54,26,96,0.575,0.385,3.27,1321,7,172,6,bereketli_toprakx2 yikim_gucux3 genis_savurusx1 firtina_bilegix1 hizli_bilekx1,74,0,45,61,183,81,96,0,2,2,3,,0,0,0,0,0,0,0,0,0,0,0.615,294.933,9.044
7,Run50_KirilmaV1,Patlama yolu,bahcivan,standart,106,ödülsüz eş,46,,,563,185,326,0,0,52,219,160,109,63,12,13575,13575,6000,0,0,3470,1509,666,4263,1532,1154,34824,64,6,98.13,1,2.197,0.964,2.066,12,0.383,2.333,46,12,1.3,1.56,1.71,1.64,3.25,74,58,48,47,23,1.35,2.52,4.74,2.82,8.2,33,121,0.693,0.397,3.306,1647,5,177,12,bereketli_toprakx2 yikim_gucux3 genis_savurusx1 firtina_bilegix1 hizli_bilekx1 kivilcimx1,96,0,45,63,189,87,96,0,2,2,3,,0,0,0,0,0,0,0,0,0,0,0.785,301.667,12.511
7,Run50_KirilmaV1,Patlama yolu,bahcivan,standart,106,ödülsüz eş,47,,,612,190,366,0,0,56,238,141,139,72,22,16723,30298,6000,0,0,3265,2211,816,4128,3103,1680,39054,66,6,105.24,1,2.197,0.964,2.066,12,0.383,2.444,46,12,1.23,1.47,1.43,1.84,1.29,80,58,46,45,43,1,3.32,1.64,5.16,2.48,33,121,0.684,0.496,3.218,1692,4,181,0,bereketli_toprakx2 yikim_gucux3 genis_savurusx1 firtina_bilegix1 hizli_bilekx1 kivilcimx1,101,0,45,65,195,93,96,0,2,2,3,,0,0,0,0,0,0,0,0,0,0,0.678,371.622,13.6
7,Run50_KirilmaV1,Patlama yolu,bahcivan,standart,106,ödülsüz eş,48,,,549,173,333,0,0,43,186,148,133,57,25,19266,49564,6000,0,0,3545,2091,684,3693,2204,2364,36992,68,6,109.63,1,2.197,0.964,2.132,12,0.383,2.444,46,12,1.21,1.49,1.76,1.88,1.75,79,56,39,39,29,0.98,2.85,3.5,5.26,4.81,33,121,0.729,0.545,3.12,1745,8,189,0,bereketli_toprakx2 yikim_gucux3 genis_savurusx1 firtina_bilegix1 hizli_bilekx1 kivilcimx1,101,0,45,67,201,99,96,0,2,2,3,,0,0,0,0,0,0,0,0,0,0,0.645,428.133,12.2
7,Run50_KirilmaV1,Patlama yolu,bahcivan,standart,106,ödülsüz eş,49,,,629,197,385,0,0,47,243,160,125,82,19,17807,67371,6000,0,0,3730,2046,792,4723,2550,2826,41481,70,6,121.72,1,2.197,0.964,2.132,12,0.383,2.556,46,12,1.21,1.31,1.68,2,1.29,79,69,50,50,33,1.11,1.26,4.2,7.33,0.41,33,121,0.688,0.512,3.073,1772,3,192,0,bereketli_toprakx2 yikim_gucux3 genis_savurusx1 firtina_bilegix1 hizli_bilekx1 kivilcimx1,104,0,45,69,207,105,96,0,2,2,3,,0,0,0,0,0,0,0,0,0,0,0.661,395.711,13.978
7,Run50_KirilmaV1,Patlama yolu,bahcivan,standart,106,ödülsüz eş,50,,,594,193,355,0,0,46,183,185,125,69,32,24945,92316,6000,0,0,4020,2052,948,4073,3832,3774,41813,72,6,121.72,1,2.197,0.964,2.198,12,0.417,2.556,46,11.98,1.25,1.35,1.77,1.54,1.57,76,64,47,52,37,1.14,1.59,3.8,2.48,3.86,33,121,0.709,0.537,3.037,1793,7,199,0,bereketli_toprakx2 yikim_gucux3 genis_savurusx1 firtina_bilegix1 hizli_bilekx1 kivilcimx1,95,0,45,71,213,111,96,0,2,2,3,,0,0,0,0,0,0,0,0,0,0,0.752,554.333,13.2
7,Run50_KirilmaV1,Patlama yolu,bahcivan,standart,106,ödülsüz eş,50,KAZANDI
7,Run50_KirilmaV1,Patlama yolu,bahcivan,standart,106,LAB R15 A ödülsüz #1,15,,,39,26,13,0,0,0,27,10,1,1,0,104,104,150,104,30,141,4,2,221,4,2,1233,4,9,18.13,1,1.3,2.324,0.9,4,0.3,2,19,3.84,1.67,2.5,3,2,,44,0,0,0,,4.65,6.59,16.27,27.9,,16,23,0.702,0.304,5.78,179,0,0,0,bereketli_toprakx1 yikim_gucux1,13,0,45,3,9,0,0,0,0,0,15,,0,0,0,0,0,0,0,0,0,0,0.435,2.311,0.867
7,Run50_KirilmaV1,Patlama yolu,bahcivan,standart,106,LAB R15 B +artci_patlama #1,15,,,45,21,24,0,0,0,35,7,1,2,0,131,131,150,131,30,147,4,4,227,4,4,1396,4,9,18.13,1,1.3,2.324,0.9,4,0.3,2,19,3.63,1.69,2.25,,2,,37,0,0,0,,3.34,5.24,,9.3,,16,23,0.646,0.348,5.78,179,0,0,0,bereketli_toprakx1 yikim_gucux1 artci_patlamax1,12,0,45,3,9,0,0,0,0,0,15,,5,5,0,16,12,0,0,0,0,0,0.609,2.911,1
7,Run50_KirilmaV1,Patlama yolu,bahcivan,standart,106,LAB R15 A ödülsüz #2,15,,,41,31,8,0,0,2,31,9,1,0,0,75,75,150,75,30,147,4,0,227,4,0,1232,4,9,18.13,1,1.3,2.324,0.9,4,0.3,2,19,3.74,1.52,2.14,1,,,37,11,50,0,,3.43,5.31,0,,,16,23,0.657,0.391,5.78,179,0,0,0,bereketli_toprakx1 yikim_gucux1,11,0,45,3,9,0,0,0,0,0,15,,0,0,0,0,0,0,0,0,0,0,0.783,1.667,0.911
7,Run50_KirilmaV1,Patlama yolu,bahcivan,standart,106,LAB R15 B +artci_patlama #2,15,,,40,24,16,0,0,0,29,8,3,0,0,89,89,150,89,30,135,12,0,215,12,0,1247,4,9,18.13,1,1.3,2.324,0.9,4,0.3,2,19,3.63,1.58,2.5,2,,,34,0,0,,,4.28,9.87,6.97,,,16,23,0.663,0.261,5.78,179,0,0,0,bereketli_toprakx1 yikim_gucux1 artci_patlamax1,15,0,45,3,9,0,0,0,0,0,15,,5,5,0,10,7,0,0,0,0,0,0.652,1.978,0.889
7,Run50_KirilmaV1,Patlama yolu,bahcivan,standart,106,LAB R15 A ödülsüz #3,15,,,39,24,15,0,0,0,28,8,3,0,0,88,88,150,88,30,132,12,0,212,12,0,1208,3,6,18.13,1,1.3,2.324,0.9,4,0.3,2,19,3.74,1.56,1.57,3,,,38,19,33,,,3.92,2.98,6.97,,,16,23,0.665,0.391,5.78,179,0,0,0,bereketli_toprakx1 yikim_gucux1,13,0,45,2,6,0,0,0,0,0,15,,0,0,0,0,0,0,0,0,0,0,0.87,1.956,0.867
7,Run50_KirilmaV1,Patlama yolu,bahcivan,standart,106,LAB R15 B +artci_patlama #3,15,,,51,21,30,0,0,0,40,8,3,0,0,105,105,150,105,30,168,12,0,248,12,0,1554,4,9,18.13,1,1.3,2.324,0.9,4,0.3,2,19,3.58,1.71,1.5,2.5,,,34,29,0,,,6.02,3.48,10.45,,,16,23,0.595,0.304,5.78,179,0,0,0,bereketli_toprakx1 yikim_gucux1 artci_patlamax1,16,0,45,3,9,0,0,0,0,0,15,,8,8,0,17,14,0,0,0,0,0,0.435,2.333,1.133
7,Run50_KirilmaV1,Patlama yolu,bahcivan,standart,106,LAB R25 A ödülsüz #1,25,,,73,41,27,0,0,5,42,23,5,2,1,357,357,300,357,65,291,50,6,371,50,6,3228,8,21,28.62,1,1.69,2.16,1.075,6,0.3,2,20,6,1.35,1.69,3,1,1,56,33,10,50,100,2.35,7.15,20.16,0,0,27,46,0.744,0.522,4.15,499,0,0,0,bereketli_toprakx2 yikim_gucux2,20,0,45,7,21,0,0,0,0,0,25,,0,0,0,0,0,0,0,0,0,0,0.804,7.933,1.622
7,Run50_KirilmaV1,Patlama yolu,bahcivan,standart,106,LAB R25 B +artci_patlama #1,25,,,95,46,44,0,0,5,58,22,13,2,0,380,380,300,380,65,348,80,6,428,80,6,4096,9,24,28.62,1,1.69,2.16,1.075,6,0.3,2,20,6,1.37,2.14,2.29,2,,67,43,8,0,0,1.3,4.31,13.9,12.97,,27,46,0.702,0.326,4.15,499,0,0,0,bereketli_toprakx2 yikim_gucux2 artci_patlamax1,21,0,45,8,24,0,0,0,0,0,25,,12,12,0,29,23,0,0,0,0,0,0.63,8.444,2.111
7,Run50_KirilmaV1,Patlama yolu,bahcivan,standart,106,LAB R25 sinerji A ödülsüz #1,25,,,102,30,72,0,0,0,69,19,10,2,2,524,524,300,524,65,321,70,17,401,70,17,4112,9,24,28.62,1,2.197,2.16,1.075,6,0.3,2,20,6,1.38,1.25,,3,,58,50,38,0,0,2.67,1.35,,19.47,,30,49,0.65,0.245,4.624,477,0,0,0,bereketli_toprakx2 yikim_gucux3 kivilcimx3,31,0,45,8,24,0,0,0,0,0,25,,0,0,0,0,0,0,0,0,0,0,0.694,11.644,2.267
7,Run50_KirilmaV1,Patlama yolu,bahcivan,standart,106,LAB R25 sinerji B +artci_patlama #1,25,,,127,27,100,0,0,0,75,32,17,3,0,457,457,300,457,65,417,85,9,497,85,9,5264,11,30,28.62,1,2.197,2.16,1.075,6,0.3,2,20,5.95,1.33,1.63,,1,,55,38,33,100,0,1.44,4.59,,0,,30,49,0.566,0.224,4.624,477,0,0,0,bereketli_toprakx2 yikim_gucux3 artci_patlamax1 kivilcimx3,34,0,45,10,30,0,0,0,0,0,25,,27,27,0,44,36,0,0,0,0,0,0.531,10.156,2.822
7,Run50_KirilmaV1,Patlama yolu,bahcivan,standart,106,LAB R25 A ödülsüz #2,25,,,90,51,34,0,0,5,69,14,4,3,0,271,271,300,271,65,309,30,12,389,30,12,3640,8,21,28.62,1,1.69,2.16,1.075,6,0.3,2,20,6,1.23,1.63,2,2,,65,38,14,0,0,1.88,9.72,6.5,10.09,,27,46,0.705,0.457,4.15,499,0,0,0,bereketli_toprakx2 yikim_gucux2,22,0,45,7,21,0,0,0,0,0,25,,0,0,0,0,0,0,0,0,0,0,0.652,6.022,2
7,Run50_KirilmaV1,Patlama yolu,bahcivan,standart,106,LAB R25 B +artci_patlama #2,25,,,99,51,45,0,0,3,73,17,9,0,0,252,252,300,252,65,345,55,0,425,55,0,3968,9,24,28.62,1,1.69,2.16,1.075,6,0.3,2,20,6,1.22,1.33,1.75,,,58,47,11,,,1.37,5.04,6.48,,,27,46,0.671,0.348,4.15,499,0,0,0,bereketli_toprakx2 yikim_gucux2 artci_patlamax1,24,0,45,8,24,0,0,0,0,0,25,,14,14,0,30,23,0,0,0,0,0,0.609,5.6,2.2
7,Run50_KirilmaV1,Patlama yolu,bahcivan,standart,106,LAB R25 sinerji A ödülsüz #2,25,,,108,32,76,0,0,0,75,25,7,1,0,260,260,300,260,65,375,35,3,455,35,3,4128,9,24,28.62,1,2.197,2.16,1.075,6,0.3,2,20,6,1.32,1.5,2.33,,,65,45,0,50,,2.05,3.89,15.86,,,30,49,0.641,0.306,4.624,477,0,0,0,bereketli_toprakx2 yikim_gucux3 kivilcimx3,26,0,45,8,24,0,0,0,0,0,25,,0,0,0,0,0,0,0,0,0,0,0.612,5.778,2.4
7,Run50_KirilmaV1,Patlama yolu,bahcivan,standart,106,LAB R25 sinerji B +artci_patlama #2,25,,,139,32,107,0,0,0,94,36,4,5,0,411,411,300,411,65,498,20,15,578,20,15,5392,11,30,28.62,1,2.197,2.16,1.075,6,0.3,2,20,6,1.39,1.25,,1,,63,50,33,40,0,3.19,1.35,,0,,30,49,0.562,0.082,4.624,477,0,0,0,bereketli_toprakx2 yikim_gucux3 artci_patlamax1 kivilcimx3,29,0.013,45,10,30,0,0,0,0,0,25,,32,32,0,43,40,0,0,0,0,0,0.653,9.133,3.089
7,Run50_KirilmaV1,Patlama yolu,bahcivan,standart,106,LAB R25 A ödülsüz #3,25,,,76,50,23,0,0,3,50,10,13,1,2,577,577,300,577,65,279,80,14,359,80,14,3392,8,21,28.62,1,1.69,2.16,1.075,6,0.3,2,20,6,1.27,1.29,2,3,2,63,43,24,0,50,1.9,4.94,8.33,17.3,14.05,27,46,0.743,0.522,4.15,499,0,0,0,bereketli_toprakx2 yikim_gucux2,20,0,45,7,21,0,0,0,0,0,25,,0,0,0,0,0,0,0,0,0,0,0.783,12.822,1.689
7,Run50_KirilmaV1,Patlama yolu,bahcivan,standart,106,LAB R25 B +artci_patlama #3,25,,,90,46,39,0,0,5,57,17,15,1,0,328,328,300,328,65,309,80,3,389,80,3,3909,9,24,28.62,1,1.69,2.16,1.075,6,0.3,2,20,5.9,1.43,1.43,1.78,,,57,39,18,0,,2.59,5.24,3.84,,,27,46,0.698,0.435,4.15,499,0,0,0,bereketli_toprakx2 yikim_gucux2 artci_patlamax1,24,0,45,8,24,0,0,0,0,0,25,,9,9,0,24,16,0,0,0,0,0,0.848,7.289,2
7,Run50_KirilmaV1,Patlama yolu,bahcivan,standart,106,LAB R25 sinerji A ödülsüz #3,25,,,112,32,80,0,0,0,76,21,13,1,1,426,426,300,426,65,399,65,3,479,65,3,4448,10,27,28.62,1,2.197,2.16,1.075,6,0.3,2,20,5.95,1.32,1.5,1.75,1,,65,43,45,50,0,3.87,8.1,2.7,0,,30,49,0.647,0.388,4.624,477,0,0,0,bereketli_toprakx2 yikim_gucux3 kivilcimx3,30,0,45,9,27,0,0,0,0,0,25,,0,0,0,0,0,0,0,0,0,0,0.755,9.467,2.489
7,Run50_KirilmaV1,Patlama yolu,bahcivan,standart,106,LAB R25 sinerji B +artci_patlama #3,25,,,132,27,105,0,0,0,87,31,9,4,1,522,522,300,522,65,447,45,23,527,45,23,5264,11,30,28.62,1,2.197,2.16,1.075,6,0.3,2,20,5.95,1.39,1.67,2.67,,,51,43,43,0,,2.64,5.04,7.2,,,30,49,0.584,0.286,4.624,477,0,0,0,bereketli_toprakx2 yikim_gucux3 artci_patlamax1 kivilcimx3,34,0,45,10,30,0,0,0,0,0,25,,27,27,0,39,33,0,0,0,0,0,0.367,11.6,2.933
7,Run50_KirilmaV1,Patlama yolu,bahcivan,standart,106,LAB R40 A ödülsüz #1,40,,,293,111,180,0,0,2,115,90,54,25,9,6715,6715,2800,6715,500,1688,995,243,1768,995,243,16828,22,63,69.93,1,2.197,1.209,1.868,9,0.3,2,37,9,1.34,1.7,1.71,1.4,3,78,43,43,28,33,1.74,4.65,4.78,2.66,23.58,23,81,0.767,0.531,3.497,1042,0,0,0,bereketli_toprakx2 yikim_gucux3 genis_savurusx1 firtina_bilegix1,57,0,45,21,63,0,0,0,0,0,40,,0,0,0,0,0,0,0,0,0,0,0.667,149.222,6.511
7,Run50_KirilmaV1,Patlama yolu,bahcivan,standart,106,LAB R40 B +artci_patlama #1,40,,,356,103,235,0,0,18,167,97,47,34,11,8278,8278,2800,8278,500,2048,875,384,2128,875,384,19719,23,66,69.93,1,2.197,1.209,1.868,9,0.3,2,37,9,1.37,1.56,1.31,2.2,3,67,41,54,17,38,2.11,3.52,0.74,8.58,18.13,23,81,0.711,0.407,3.497,1042,0,0,0,bereketli_toprakx2 yikim_gucux3 genis_savurusx1 firtina_bilegix1 artci_patlamax1,76,0,45,22,66,0,0,0,0,0,40,,49,49,0,98,72,0,0,0,0,0,0.765,183.956,7.911
7,Run50_KirilmaV1,Patlama yolu,bahcivan,standart,106,LAB R40 A ödülsüz #2,40,,,300,116,180,0,0,4,139,74,55,22,10,8018,8018,2800,8018,500,1814,959,196,1894,959,196,16913,22,63,69.93,1,2.197,1.209,1.868,9,0.3,2,37,9,1.45,1.32,1.61,1.89,1.8,63,57,47,33,43,2.75,1,4.63,8.06,5.08,23,81,0.758,0.469,3.497,1042,0,0,0,bereketli_toprakx2 yikim_gucux3 genis_savurusx1 firtina_bilegix1,58,0,45,21,63,0,0,0,0,0,40,,0,0,0,0,0,0,0,0,0,0,0.704,178.178,6.667
7,Run50_KirilmaV1,Patlama yolu,bahcivan,standart,106,LAB R40 B +artci_patlama #2,40,,,330,104,219,0,0,7,137,92,64,27,10,8145,8145,2800,8145,500,1862,1218,226,1942,1218,226,18829,23,66,69.93,1,2.197,1.209,1.868,9,0.3,2,37,9,1.38,1.59,1.63,1.2,2,58,47,53,24,13,1.7,3.25,2.42,0.72,4.84,23,81,0.743,0.469,3.497,1042,0,0,0,bereketli_toprakx2 yikim_gucux3 genis_savurusx1 firtina_bilegix1 artci_patlamax1,61,0,45,22,66,0,0,0,0,0,40,,47,47,0,101,75,0,0,0,0,0,0.617,181,7.333
7,Run50_KirilmaV1,Patlama yolu,bahcivan,standart,106,LAB R40 A ödülsüz #3,40,,,286,114,162,0,0,10,129,66,57,28,6,6534,6534,2800,6534,500,1447,1005,209,1527,1005,209,16149,21,60,69.93,1,2.197,1.209,1.868,9,0.3,2,37,9,1.33,1.57,1.58,2,1.5,66,59,40,21,75,2.21,5.87,2.79,3.62,1.82,23,81,0.775,0.593,3.497,1042,0,0,0,bereketli_toprakx2 yikim_gucux3 genis_savurusx1 firtina_bilegix1,56,0,45,20,60,0,0,0,0,0,40,,0,0,0,0,0,0,0,0,0,0,0.593,145.2,6.356
7,Run50_KirilmaV1,Patlama yolu,bahcivan,standart,106,LAB R40 B +artci_patlama #3,40,,,339,107,227,0,0,5,139,84,68,38,10,8741,8741,2800,8741,500,1785,1218,339,1865,1218,339,20054,24,69,69.93,1,2.197,1.209,1.868,9,0.3,2,37,9,1.43,1.54,1.25,1.82,1,59,51,47,29,33,2.26,2.03,1.09,2.86,0,23,81,0.726,0.395,3.497,1042,0,0,0,bereketli_toprakx2 yikim_gucux3 genis_savurusx1 firtina_bilegix1 artci_patlamax1,68,0,45,23,69,0,0,0,0,0,40,,49,49,0,96,72,0,0,0,0,0,0.704,194.244,7.533
8,Run50_KirilmaV1,Patlama yolu,bahcivan,standart,107,ödülsüz eş,1,,,14,14,0,0,0,0,12,2,0,0,0,18,18,45,0,0,32,0,0,32,0,0,300,1,0,10,1,1,3,0.9,4,0.3,2,14,2.21,2.08,2.5,,,,8,0,,,,3.25,4.5,,,,2,4,0.395,0,8,23,0,0,2,,3,0.166,45,0,0,0,0,0,0,0,0,,0,0,0,0,0,0,0,0,0,0,0.25,0.4,0.311
8,Run50_KirilmaV1,Patlama yolu,bahcivan,standart,107,ödülsüz eş,2,,,17,17,0,0,0,0,13,2,2,0,0,39,57,45,0,0,34,8,0,34,8,0,400,2,3,11.33,1,1,3,0.9,4,0.3,2,14,2.29,1.54,2.5,3,,,38,0,0,,,1.62,7.5,7.5,,,3,5,0.359,0,8,28,2,2,1,,4,0.044,45,1,3,0,0,0,0,0,0,,0,0,0,0,0,0,0,0,0,0,0.6,0.867,0.378
8,Run50_KirilmaV1,Patlama yolu,bahcivan,standart,107,ödülsüz eş,3,,,15,14,1,0,0,0,14,1,0,0,0,17,74,45,0,0,32,0,0,33,8,0,310,3,3,11.33,1,1,3,0.9,4,0.3,2,14,2.57,2.08,3,,,,13,0,,,,3.69,18,,,,4,6,0.591,0.167,7.451,36,2,4,1,,5,0,45,2,6,3,0,0,2,2,3,,0,0,0,0,0,0,0,0,0,0,0.667,0.378,0.333
8,Run50_KirilmaV1,Patlama yolu,bahcivan,standart,107,ödülsüz eş,4,,,18,18,0,0,0,0,13,4,1,0,0,45,119,45,0,0,42,4,0,54,12,0,444,4,3,12,1,1,2.892,0.9,4,0.3,2,15,2.6,1.77,2.75,3,,,20,0,0,,,2.89,5.77,5.77,,,4,6,0.53,0.167,7.451,36,3,7,0,,5,0,45,3,9,6,0,0,2,2,3,,0,0,0,0,0,0,0,0,0,0,0.333,1,0.4
8,Run50_KirilmaV1,Patlama yolu,bahcivan,standart,107,ödülsüz eş,5,,,20,16,4,0,0,0,14,4,2,0,0,55,174,45,55,8,44,8,0,58,20,0,508,5,3,12,1,1,2.892,0.9,4,0.3,2,15,3.13,2.1,2.5,2,,,13,0,0,,,4.34,13.02,2.9,,,5,8,0.607,0.25,7.027,51,0,7,1,,5,0,45,4,12,9,0,0,2,2,3,,0,0,0,0,0,0,0,0,0,0,0.5,1.222,0.444
8,Run50_KirilmaV1,Patlama yolu,bahcivan,standart,107,ödülsüz eş,6,,,24,18,6,0,0,0,15,7,1,1,0,110,110,110,0,0,58,4,2,66,24,2,635,6,3,12,1,1,2.459,0.9,4,0.3,2,18,3,2.18,2.2,1,3,,13,0,,0,,4.47,5.41,0,12.3,,6,9,0.533,0.111,7.156,57,1,8,1,hizli_bilekx1,7,0.009,45,5,15,9,3,0,2,2,3,,0,0,0,0,0,0,0,0,0,0,0.778,2.444,0.533
8,Run50_KirilmaV1,Patlama yolu,bahcivan,standart,107,ödülsüz eş,7,,,27,21,6,0,0,0,17,9,1,0,0,74,184,110,0,0,70,4,0,76,28,2,688,8,6,12,1,1,2.459,0.9,4,0.3,2,18,3.22,2,2.17,3,,,0,0,0,,,4.74,6.55,4.93,,,8,12,0.64,0.333,7.318,74,0,8,2,hizli_bilekx1,7,0,45,7,21,12,3,0,2,2,3,,0,0,0,0,0,0,0,0,0,0,0.75,1.644,0.6
8,Run50_KirilmaV1,Patlama yolu,bahcivan,standart,107,ödülsüz eş,8,,,27,22,3,0,0,2,20,7,0,0,0,52,236,110,0,0,68,0,0,77,28,2,672,9,3,13.33,1,1,2.37,0.9,4,0.3,2,18,3.39,2.13,2,,,,5,0,0,,,4.14,9.08,,,,9,13,0.655,0.462,7.192,81,5,13,1,hizli_bilekx1,6,0,45,8,24,18,3,0,2,2,3,,0,0,0,0,0,0,0,0,0,0,0.692,1.156,0.6
8,Run50_KirilmaV1,Patlama yolu,bahcivan,standart,107,ödülsüz eş,9,,,28,22,6,0,0,0,19,5,4,0,0,91,327,110,0,0,63,16,0,66,44,2,752,10,3,14,1,1,2.37,0.9,4,0.3,2,18,3.39,1.77,2,2.75,,,7,0,0,,,3.65,3.79,9.48,,,10,14,0.663,0.286,7.234,87,3,16,1,hizli_bilekx1,9,0,45,9,27,21,3,0,2,2,3,,0,0,0,0,0,0,0,0,0,0,0.714,2.022,0.622
8,Run50_KirilmaV1,Patlama yolu,bahcivan,standart,107,ödülsüz eş,10,,,22,15,6,0,0,1,16,3,3,0,0,69,396,110,69,16,47,12,0,59,56,2,575,11,3,14,1,1,2.286,0.9,4,0.3,2,19,2.95,2.44,2,3.33,,,0,0,0,,,8.64,3.04,9.14,,,11,15,0.595,0.267,7.09,95,3,19,1,hizli_bilekx1,7,0,45,10,30,24,3,0,2,2,3,,0,0,0,0,0,0,0,0,0,0,0.8,1.533,0.489
8,Run50_KirilmaV1,Patlama yolu,bahcivan,standart,107,ödülsüz eş,11,,,37,23,11,0,0,3,27,10,0,0,0,69,69,150,0,0,104,0,0,104,56,2,915,12,3,15.64,1,1,2.286,0.9,4,0.3,2,19,3.42,1.94,1.43,,,,17,13,,,,4.29,4.57,,,,12,16,0.697,0.375,6.027,119,2,21,1,hizli_bilekx1 bereketli_toprakx1,10,0,45,11,33,25,5,0,2,2,3,,0,0,0,0,0,0,0,0,0,0,0.375,1.533,0.822
8,Run50_KirilmaV1,Patlama yolu,bahcivan,standart,107,ödülsüz eş,12,,,46,34,9,0,0,3,34,9,2,1,0,134,203,150,0,0,147,8,2,147,34,4,1241,14,6,16.36,1,1,2.204,0.9,4,0.3,2,20,3.85,1.68,2.14,2,3,,31,0,0,0,,2.91,6.29,17.63,15.43,,13,18,0.677,0.333,5.901,137,6,27,1,hizli_bilekx1 bereketli_toprakx1,10,0,45,13,39,25,8,0,2,2,3,,0,0,0,0,0,0,0,0,0,0,0.611,2.978,1.022
8,Run50_KirilmaV1,Patlama yolu,bahcivan,standart,107,ödülsüz eş,13,,,44,29,10,0,0,5,31,11,2,0,0,111,314,150,0,0,148,8,0,148,42,4,1285,15,3,17.38,1,1,2.125,0.9,4,0.3,2,21,3.67,1.64,1.67,1,,,26,17,0,,,2.99,5.31,0,,,14,21,0.702,0.476,5.919,160,4,31,1,hizli_bilekx1 bereketli_toprakx1,11,0,45,14,42,31,8,0,2,2,3,,0,0,0,0,0,0,0,0,0,0,0.857,2.467,0.978
8,Run50_KirilmaV1,Patlama yolu,bahcivan,standart,107,ödülsüz eş,14,,,45,28,10,0,0,7,25,14,6,0,0,143,457,150,0,0,159,24,0,159,66,4,1511,17,6,18.13,1,1,2.048,0.9,4,0.3,2,21,3.95,1.93,1.7,3,,,15,22,0,,,5.27,3.89,13.83,,,15,24,0.771,0.417,5.624,192,5,36,1,hizli_bilekx1 bereketli_toprakx1,14,0,45,16,48,34,8,0,2,2,3,,0,0,0,0,0,0,0,0,0,0,0.833,3.178,1
8,Run50_KirilmaV1,Patlama yolu,bahcivan,standart,107,ödülsüz eş,15,,,48,33,8,0,0,7,28,16,1,3,0,210,667,150,210,30,180,4,6,199,45,10,1571,18,3,19.2,1,1,2.048,0.9,4,0.3,2,21,3.9,1.53,1.91,2,2.5,,33,0,0,0,,2.91,4.65,10.23,8.2,,16,25,0.762,0.6,5.648,199,3,39,1,hizli_bilekx1 bereketli_toprakx1,11,0,45,17,51,40,8,0,2,2,3,,0,0,0,0,0,0,0,0,0,0,0.8,4.667,1.067
8,Run50_KirilmaV1,Patlama yolu,bahcivan,standart,107,ödülsüz eş,16,,,76,44,21,0,0,11,52,12,9,3,0,303,303,220,0,0,228,36,6,242,81,16,2655,20,6,20.27,1,1,1.975,1.234,6,0.3,2,22,5.55,1.53,2,2.29,3,,30,0,0,0,,3.69,5.92,4.23,22.72,,17,26,0.672,0.462,5.53,212,7,46,1,hizli_bilekx1 bereketli_toprakx1 genis_savurusx1,14,0,45,19,57,43,8,0,2,2,3,,0,0,0,0,0,0,0,0,0,0,0.538,6.733,1.689
8,Run50_KirilmaV1,Patlama yolu,bahcivan,standart,107,ödülsüz eş,17,,,58,39,15,0,0,4,33,16,4,3,2,520,823,220,0,0,285,20,6,333,51,22,2315,22,6,20.27,1,1,1.904,1.28,6,0.3,2,23,5.96,1.86,2.22,2.5,3.5,5.5,21,0,0,0,0,4.5,9.73,6.66,12.37,16.2,18,35,0.778,0.314,5.413,291,5,51,4,hizli_bilekx1 bereketli_toprakx1 genis_savurusx1,14,0,45,21,63,49,8,0,2,2,3,,0,0,0,0,0,0,0,0,0,0,0.771,11.556,1.289
8,Run50_KirilmaV1,Patlama yolu,bahcivan,standart,107,ödülsüz eş,18,,,92,59,26,0,0,7,47,29,14,0,2,541,1364,220,0,0,315,70,16,328,96,38,4955,24,6,24.3,1,1,1.836,1.28,6,0.3,2,24,5.96,1.41,1.78,2.09,,1,52,20,0,0,0,4.11,2.75,5.84,,0,18,39,0.743,0.462,5.239,335,7,58,3,hizli_bilekx1 bereketli_toprakx1 genis_savurusx1,19,0,45,23,69,49,14,0,2,2,3,,0,0,0,0,0,0,0,0,0,0,0.692,12.022,2.044
8,Run50_KirilmaV1,Patlama yolu,bahcivan,standart,107,ödülsüz eş,19,,,83,55,21,0,0,7,53,19,8,2,1,479,1843,220,0,0,273,40,13,285,76,51,4303,26,6,24.3,1,1,1.836,1.327,6,0.3,2,24,6,1.64,1.92,2.4,,1,33,11,0,0,,4.28,4.94,13.59,,0,19,44,0.776,0.591,5.037,393,5,63,3,hizli_bilekx1 bereketli_toprakx1 genis_savurusx1,17,0,45,25,75,49,20,0,2,2,3,,0,0,0,0,0,0,0,0,0,0,0.886,10.644,1.844
8,Run50_KirilmaV1,Patlama yolu,bahcivan,standart,107,ödülsüz eş,20,,,114,72,31,0,0,11,74,25,10,4,1,1611,3454,220,1611,45,372,50,18,377,68,49,5584,29,9,25.51,1,1,1.836,1.419,9,0.3,2,24,7.92,1.42,1.82,2.43,3,,52,21,8,0,0,2.28,4.43,8.65,7.94,,18,46,0.568,0.37,5.015,413,5,68,3,hizli_bilekx1 bereketli_toprakx1 genis_savurusx1,22,0,45,28,84,49,26,0,2,2,3,,0,0,0,0,0,0,0,0,0,0,0.674,35.8,2.533
8,Run50_KirilmaV1,Patlama yolu,bahcivan,standart,107,ödülsüz eş,21,,,151,85,52,0,0,14,81,44,16,7,3,2134,2134,300,0,0,552,100,24,688,180,53,8517,31,6,25.51,1,1.3,1.836,1.419,9,0.3,2,24,8.88,1.26,1.61,2,2.33,3,60,36,0,11,0,2.5,4.71,7.9,9.18,12.85,20,49,0.668,0.49,5.036,438,2,70,4,hizli_bilekx1 bereketli_toprakx1 genis_savurusx1 yikim_gucux1,25,0,45,30,90,49,35,0,2,2,3,,0,0,0,0,0,0,0,0,0,0,0.653,47.422,3.356
8,Run50_KirilmaV1,Patlama yolu,bahcivan,standart,107,ödülsüz eş,22,,,159,76,69,0,0,14,73,44,24,16,2,3501,5635,300,0,0,483,166,42,536,346,95,10213,34,9,33.24,1,1.3,1.778,1.419,9,0.3,2,25,8.56,1.47,1.55,1.86,2.44,1,50,37,32,0,,3.56,3.47,5.08,13.24,0,20,49,0.657,0.388,5.036,438,5,75,0,hizli_bilekx1 bereketli_toprakx1 genis_savurusx1 yikim_gucux1,27,0,45,33,99,49,41,0,2,2,3,,0,0,0,0,0,0,0,0,0,0,0.551,77.8,3.533
8,Run50_KirilmaV1,Patlama yolu,bahcivan,standart,107,ödülsüz eş,23,,,167,85,71,0,0,11,81,50,18,17,1,2970,8605,300,0,0,543,130,51,549,221,146,9953,37,9,34.76,1,1.3,1.722,1.419,9,0.3,2,26,8.73,1.3,1.65,2,2.08,2,62,35,18,9,0,1.84,5.17,8.3,6.32,1.73,20,49,0.645,0.367,4.912,449,5,80,0,hizli_bilekx1 bereketli_toprakx1 genis_savurusx1 yikim_gucux1,29,0,45,36,108,49,50,0,2,2,3,,0,0,0,0,0,0,0,0,0,0,0.571,66,3.711
8,Run50_KirilmaV1,Patlama yolu,bahcivan,standart,107,ödülsüz eş,24,,,165,82,70,0,0,13,78,50,28,5,4,2850,11455,300,0,0,582,191,37,681,324,63,9686,39,6,38.16,1,1.3,1.722,1.465,9,0.3,2,26,8.77,1.37,1.44,1.77,3,2.5,54,50,33,13,0,2.86,3.45,5.03,6.9,10.33,19,60,0.688,0.35,4.873,554,5,85,5,hizli_bilekx1 bereketli_toprakx1 genis_savurusx1 yikim_gucux1,28,0,45,38,114,49,59,0,2,2,3,,0,0,0,0,0,0,0,0,0,0,0.8,63.333,3.667
8,Run50_KirilmaV1,Patlama yolu,bahcivan,standart,107,ödülsüz eş,25,,,167,72,81,0,0,14,75,52,22,16,2,2468,13923,300,2468,65,537,132,72,558,173,95,10320,41,6,39.82,1,1.3,1.668,1.465,9,0.3,2,26,9,1.39,1.86,1.64,2.14,,45,26,15,25,33,2.43,6.75,4.85,11.9,,26,81,0.759,0.531,4.925,740,4,89,9,hizli_bilekx1 bereketli_toprakx1 genis_savurusx1 yikim_gucux1,37,0,45,40,120,55,59,0,2,2,3,,0,0,0,0,0,0,0,0,0,0,0.827,54.844,3.711
8,Run50_KirilmaV1,Patlama yolu,bahcivan,standart,107,ödülsüz eş,26,,,199,83,105,0,0,11,83,51,39,19,7,3612,3612,500,0,0,651,408,57,769,605,62,13224,43,6,39.82,1,1.3,1.668,1.558,9,0.3,2,26,9,1.22,1.55,1.88,2.55,1.5,63,48,30,13,33,1.72,4.77,8.65,11.22,5,23,81,0.743,0.543,4.781,762,5,94,2,hizli_bilekx1 bereketli_toprakx1 genis_savurusx1 yikim_gucux1 kivilcimx1,42,0,45,42,126,61,59,0,2,2,3,,0,0,0,0,0,0,0,0,0,0,0.728,80.267,4.422
8,Run50_KirilmaV1,Patlama yolu,bahcivan,standart,107,ödülsüz eş,27,,,189,84,95,0,0,10,76,58,30,18,7,3448,7060,500,0,0,686,296,102,805,341,164,12486,44,3,43.38,1,1.3,1.668,1.604,9,0.3,2,26,9,1.32,1.71,1.36,2,2,61,41,30,17,25,3.29,5.42,3.33,4.67,4.17,23,81,0.757,0.556,4.616,790,6,100,0,hizli_bilekx1 bereketli_toprakx1 genis_savurusx1 yikim_gucux1 kivilcimx1,41,0,45,43,129,67,59,0,2,2,3,,0,0,0,0,0,0,0,0,0,0,0.877,76.622,4.2
8,Run50_KirilmaV1,Patlama yolu,bahcivan,standart,107,ödülsüz eş,28,,,217,87,113,0,0,17,84,59,48,19,7,6202,13262,500,0,0,769,444,124,804,515,223,14227,46,6,46.93,1,1.3,1.616,1.67,9,0.3,2,27,9,1.47,1.5,1.37,2,2.33,56,36,32,15,20,3.48,2.67,3.91,9.92,12.39,23,81,0.74,0.531,4.587,795,7,107,0,hizli_bilekx1 bereketli_toprakx1 genis_savurusx1 yikim_gucux1 kivilcimx1,45,0,45,45,135,70,59,0,2,2,3,,0,0,0,0,0,0,0,0,0,0,0.802,137.822,4.822
8,Run50_KirilmaV1,Patlama yolu,bahcivan,standart,107,ödülsüz eş,29,,,234,101,121,0,0,12,105,63,38,19,9,6283,19545,500,0,0,1026,336,156,1110,851,379,14975,48,6,46.93,1,1.3,1.616,1.67,9,0.3,2,27,9,1.27,1.59,1.64,1.57,1.5,69,39,30,33,0,1.81,3.68,5.54,4.61,4.85,23,81,0.737,0.568,4.291,849,3,110,0,hizli_bilekx1 bereketli_toprakx1 genis_savurusx1 yikim_gucux1 kivilcimx1,47,0,45,47,141,76,59,0,2,2,3,,0,0,0,0,0,0,0,0,0,0,0.802,139.622,5.2
8,Run50_KirilmaV1,Patlama yolu,bahcivan,standart,107,ödülsüz eş,30,,,137,71,66,0,0,0,57,37,27,14,2,2511,22056,500,2511,100,487,313,56,602,604,355,9844,49,3,53.29,1,1.3,1.565,1.736,9,0.3,2,28,6,1.55,1.48,2.1,2.17,2,45,50,38,11,33,3.08,2.39,6.1,4.18,12.53,23,81,0.848,0.605,4.271,853,6,116,0,hizli_bilekx1 bereketli_toprakx1 genis_savurusx1 yikim_gucux1 kivilcimx1,33,0,45,48,144,81,60,0,2,2,3,,0,0,0,0,0,0,0,0,0,0,0.852,55.8,3.044
8,Run50_KirilmaV1,Patlama yolu,bahcivan,standart,107,ödülsüz eş,31,,,238,112,113,0,0,13,86,67,45,28,12,6933,6933,1200,0,0,1112,510,202,1364,684,557,18007,51,6,53.29,1.25,1.3,1.565,1.736,9,0.3,2,28,9,1.16,1.19,2,1.77,2,74,76,39,33,10,1.17,1.32,8.19,5.42,10.07,23,81,0.746,0.568,4.166,875,3,119,0,hizli_bilekx1 bereketli_toprakx1 genis_savurusx1 yikim_gucux1 kivilcimx1 keskin_bicakx1,40,0,45,50,150,81,63,0,2,2,3,,0,0,0,0,0,0,0,0,0,0,0.691,154.067,5.289
8,Run50_KirilmaV1,Patlama yolu,bahcivan,standart,107,ödülsüz eş,32,,,245,112,127,0,0,6,102,68,48,17,10,6210,13143,1200,0,0,1184,554,165,1438,1118,627,17633,53,6,53.29,1.25,1.3,1.516,1.802,9,0.3,2,29,9,1.33,1.38,1.6,1.89,1.5,67,43,50,22,50,3.74,2.27,3.34,6.06,2.27,23,81,0.732,0.543,4.159,876,5,124,0,hizli_bilekx1 bereketli_toprakx1 genis_savurusx1 yikim_gucux1 kivilcimx1 keskin_bicakx1,47,0,45,52,156,81,69,0,2,2,3,,0,0,0,0,0,0,0,0,0,0,0.654,138,5.444
8,Run50_KirilmaV1,Patlama yolu,bahcivan,standart,107,ödülsüz eş,33,,,254,106,140,0,0,8,111,65,52,19,7,5301,18444,1200,0,0,1150,594,135,1258,632,762,18302,54,3,60.05,1.25,1.3,1.516,1.802,9,0.317,2,29,9,1.36,1.25,1.5,2.17,2,63,54,37,25,0,2.46,1.52,4.02,5.81,13.63,23,81,0.717,0.519,4.145,879,6,130,0,hizli_bilekx1 bereketli_toprakx1 genis_savurusx1 yikim_gucux1 kivilcimx1 keskin_bicakx1,45,0,45,53,159,81,75,0,2,2,3,,0,0,0,0,0,0,0,0,0,0,0.741,117.8,5.644
8,Run50_KirilmaV1,Patlama yolu,bahcivan,standart,107,ödülsüz eş,34,,,274,123,127,0,0,24,116,78,49,27,4,5788,24232,1200,0,0,1212,528,155,1270,1160,807,19408,56,6,65.98,1.25,1.3,1.516,1.802,9,0.317,2,29,9,1.27,1.24,1.56,1.73,1.67,65,66,52,10,33,2.04,1.34,6.23,4.96,2.53,23,81,0.709,0.432,4.11,887,2,132,0,hizli_bilekx1 bereketli_toprakx1 genis_savurusx1 yikim_gucux1 kivilcimx1 keskin_bicakx1,52,0,45,55,165,81,78,0,2,2,3,,0,0,0,0,0,0,0,0,0,0,0.728,128.622,6.089
8,Run50_KirilmaV1,Patlama yolu,bahcivan,standart,107,ödülsüz eş,35,,,240,100,136,0,0,4,105,59,47,19,10,7615,31847,1200,7615,220,1264,584,115,1774,944,922,17916,57,3,65.98,1.25,1.3,1.468,1.868,9,0.317,2,30,9,1.22,1.67,1.92,2.22,2,67,56,26,21,33,2.04,3.56,6.12,7.34,7.34,23,81,0.736,0.568,4.088,892,3,135,0,hizli_bilekx1 bereketli_toprakx1 genis_savurusx1 yikim_gucux1 kivilcimx1 keskin_bicakx1,43,0,45,56,168,81,84,0,2,2,3,,0,0,0,0,0,0,0,0,0,0,0.778,169.222,5.333
8,Run50_KirilmaV1,Patlama yolu,bahcivan,standart,107,ödülsüz eş,36,,,290,108,170,0,0,12,133,74,50,28,5,5830,5830,2800,0,0,1393,630,140,1417,1194,937,21192,59,6,65.98,1.25,1.3,1.468,1.868,9,0.317,2,30,9,1.38,1.19,1.82,1.64,,62,71,38,33,50,3.1,1.52,6.27,5.55,,23,81,0.705,0.519,3.964,919,5,140,0,hizli_bilekx1 bereketli_toprakx1 genis_savurusx1 yikim_gucux1 kivilcimx2 keskin_bicakx1,46,0,45,58,174,81,87,0,2,2,3,,0,0,0,0,0,0,0,0,0,0,0.642,129.556,6.444
8,Run50_KirilmaV1,Patlama yolu,bahcivan,standart,107,ödülsüz eş,37,,,258,123,118,0,0,17,107,66,51,24,10,6220,12050,2800,0,0,1282,601,225,1334,905,1162,20347,60,3,73.42,1.25,1.3,1.468,2,9,0.333,2,30,9,1.25,1.19,1.29,1.82,1.75,60,63,40,25,25,1.64,1.1,2.24,6.14,3.3,23,81,0.726,0.506,3.948,923,5,145,0,hizli_bilekx1 bereketli_toprakx1 genis_savurusx1 yikim_gucux1 kivilcimx2 keskin_bicakx1,46,0,45,59,177,81,93,0,2,2,3,,0,0,0,0,0,0,0,0,0,0,0.765,138.222,5.733
8,Run50_KirilmaV1,Patlama yolu,bahcivan,standart,107,ödülsüz eş,38,,,286,126,145,0,0,15,122,74,51,31,8,7638,19688,2800,0,0,1349,603,274,1443,638,1296,22138,62,6,73.42,1.25,1.3,1.468,2,9,0.4,2,30,9,1.26,1.44,1.59,1.36,2,72,57,44,56,14,1.25,2.79,3.14,3.74,9.4,23,81,0.72,0.432,3.818,955,7,152,0,hizli_bilekx1 bereketli_toprakx1 genis_savurusx1 yikim_gucux1 kivilcimx2 keskin_bicakx1,54,0,45,61,183,81,96,0,2,2,3,,0,0,0,0,0,0,0,0,0,0,0.728,169.733,6.356
8,Run50_KirilmaV1,Patlama yolu,bahcivan,standart,107,ödülsüz eş,39,,,276,113,136,0,0,27,109,67,55,33,12,9603,29291,2800,0,0,1494,731,242,2937,1369,1538,22139,63,3,73.42,1.25,1.3,1.468,2,9,0.4,2,30,9,1.33,1.36,1.5,1.8,1.75,60,57,33,24,57,2.07,2.82,3.38,4.7,5.14,23,81,0.724,0.519,3.818,955,0,152,0,hizli_bilekx1 bereketli_toprakx1 genis_savurusx1 yikim_gucux1 kivilcimx2 keskin_bicakx1,49,0,45,62,186,81,102,0,2,2,3,,0,0,0,0,0,0,0,0,0,0,0.728,213.4,6.133
8,Run50_KirilmaV1,Patlama yolu,bahcivan,standart,107,ödülsüz eş,40,,,261,131,122,0,0,8,88,81,52,30,10,7412,36703,2800,7412,500,1406,710,249,1793,979,1632,20507,64,3,83.44,1.25,1.3,1.422,2,9,0.4,2,31,8.87,1.24,1.3,1.62,1.5,1.8,75,66,49,33,50,2.06,3.1,5.48,1.78,5.68,23,81,0.565,0.395,3.814,956,5,157,0,hizli_bilekx1 bereketli_toprakx1 genis_savurusx1 yikim_gucux1 kivilcimx2 keskin_bicakx1,44,0,45,63,189,81,105,0,2,2,3,,0,0,0,0,0,0,0,0,0,0,0.617,164.711,5.8
8,Run50_KirilmaV1,Patlama yolu,bahcivan,standart,107,ödülsüz eş,41,,,379,162,196,0,0,21,157,101,77,36,8,10778,10778,4500,0,0,1602,1010,331,1745,1489,1813,30437,66,6,83.44,1.25,1.3,0.995,2,9,0.4,2.111,45,8.87,1.23,1.49,1.58,1.44,2.17,76,54,38,36,17,1,2.99,4.24,2.54,7.3,23,81,0.637,0.469,3.814,956,4,161,0,hizli_bilekx1 bereketli_toprakx1 genis_savurusx1 yikim_gucux1 kivilcimx2 keskin_bicakx1 firtina_bilegix1,61,0,45,65,195,81,108,0,2,2,3,,0,0,0,0,0,0,0,0,0,0,0.617,239.511,8.422
8,Run50_KirilmaV1,Patlama yolu,bahcivan,standart,107,ödülsüz eş,42,,,457,219,206,0,0,32,169,133,98,46,11,12453,23231,4500,0,0,2246,1391,345,2471,2320,358,37708,68,6,83.44,1.25,1.3,0.995,2.066,12,0.417,2.111,45,11.36,1.27,1.43,1.7,1.79,1.5,75,60,46,28,25,1.59,2.58,4.36,4.15,2.49,26,93,0.613,0.409,3.818,1096,5,166,5,hizli_bilekx1 bereketli_toprakx1 genis_savurusx1 yikim_gucux1 kivilcimx2 keskin_bicakx1 firtina_bilegix1,72,0,45,67,201,81,114,0,2,2,3,,0,0,0,0,0,0,0,0,0,0,0.505,276.733,10.156
8,Run50_KirilmaV1,Patlama yolu,bahcivan,standart,107,ödülsüz eş,43,,,532,229,281,0,0,22,214,149,92,55,22,16239,39470,4500,0,0,3023,1374,498,3329,1402,566,41354,70,6,94.04,1.25,1.3,0.995,2.066,12,0.417,2.111,45,11.93,1.29,1.31,1.57,1.81,2,75,71,49,39,0,1.67,2.47,3.18,5.49,7.47,33,121,0.653,0.264,3.905,1394,5,171,14,hizli_bilekx1 bereketli_toprakx1 genis_savurusx1 yikim_gucux1 kivilcimx2 keskin_bicakx1 firtina_bilegix1,86,0,45,69,207,87,114,0,2,2,3,,0,0,0,0,0,0,0,0,0,0,0.545,360.867,11.822
8,Run50_KirilmaV1,Patlama yolu,bahcivan,standart,107,ödülsüz eş,44,,,553,244,296,0,0,13,225,137,105,65,21,15416,54886,4500,0,0,2855,1620,582,3704,1622,953,45460,72,6,98.13,1.25,1.3,0.964,2.066,12,0.417,2.222,46,11.91,1.24,1.23,1.6,1.72,1.6,76,79,33,35,33,1.55,2.2,3.28,3.65,4.34,33,121,0.643,0.388,3.905,1394,6,177,0,hizli_bilekx1 bereketli_toprakx1 genis_savurusx1 yikim_gucux1 kivilcimx2 keskin_bicakx1 firtina_bilegix1,91,0,45,71,213,93,114,0,2,2,3,,0,0,0,0,0,0,0,0,0,0,0.405,342.578,12.289
8,Run50_KirilmaV1,Patlama yolu,bahcivan,standart,107,ödülsüz eş,45,,,552,238,293,0,0,21,216,148,110,66,12,14031,68917,4500,14031,800,3042,1458,534,3346,1810,1247,44560,74,6,105.24,1.25,1.3,0.964,2.066,12,0.417,2.333,46,11.85,1.29,1.29,1.39,1.58,1.86,73,65,55,37,22,1.56,2.15,2.44,2.57,6.06,33,121,0.65,0.405,3.767,1445,5,182,0,hizli_bilekx1 bereketli_toprakx1 genis_savurusx1 yikim_gucux1 kivilcimx2 keskin_bicakx1 firtina_bilegix1,93,0,45,73,219,99,114,0,2,2,3,,0,0,0,0,0,0,0,0,0,0,0.711,311.8,12.267
8,Run50_KirilmaV1,Patlama yolu,bahcivan,standart,107,ödülsüz eş,46,,,618,235,357,0,0,26,246,154,130,68,20,15804,15804,6000,0,0,3730,1731,534,4156,1941,1781,52410,76,6,109.63,1.25,1.3,0.964,2.066,12,0.417,2.333,46,11.89,1.19,1.15,1.46,1.29,1.6,79,81,57,55,46,1.28,0.85,2.85,1.46,3.67,33,121,0.625,0.405,3.633,1499,4,186,0,hizli_bilekx1 bereketli_toprakx1 genis_savurusx1 yikim_gucux1 kivilcimx3 keskin_bicakx1 firtina_bilegix1,98,0,45,75,225,105,114,0,2,2,3,,0,0,0,0,0,0,0,0,0,0,0.653,351.2,13.733
8,Run50_KirilmaV1,Patlama yolu,bahcivan,standart,107,ödülsüz eş,47,,,634,244,353,0,0,37,239,162,125,81,27,18599,34403,6000,0,0,3405,2112,756,3801,2663,2247,54411,77,3,117.04,1.25,1.3,0.964,2.132,12,0.417,2.444,46,11.89,1.14,1.21,1.37,1.41,1.3,87,77,57,55,45,1.16,1.68,1.89,2.32,0.87,33,121,0.63,0.421,3.484,1563,6,192,0,hizli_bilekx1 bereketli_toprakx1 genis_savurusx1 yikim_gucux1 kivilcimx3 keskin_bicakx1 firtina_bilegix1,99,0,45,76,228,111,114,0,2,2,3,,0,0,0,0,0,0,0,0,0,0,0.57,413.311,14.089
8,Run50_KirilmaV1,Patlama yolu,bahcivan,standart,107,ödülsüz eş,48,,,620,236,344,0,0,40,230,171,124,81,14,17419,51822,6000,0,0,3395,1818,588,3476,2011,2835,61318,79,6,121.72,1.25,1.3,0.964,2.198,12,0.433,2.444,46,11.93,1.18,1.17,1.34,1.61,2,81,82,55,48,22,0.93,0.83,1.93,3.3,5.94,33,121,0.639,0.471,3.44,1583,6,198,0,hizli_bilekx1 bereketli_toprakx1 genis_savurusx1 yikim_gucux1 kivilcimx3 keskin_bicakx1 firtina_bilegix1,96,0,45,78,234,114,114,0,2,2,3,,0,0,0,0,0,0,0,0,0,0,0.636,387.089,13.778
8,Run50_KirilmaV1,Patlama yolu,bahcivan,standart,107,ödülsüz eş,49,,,699,238,408,0,0,53,251,191,137,90,30,22462,74284,6000,0,0,4010,2271,846,4486,2382,3351,67360,82,9,134.4,1.25,1.3,0.964,2.198,12,0.433,2.556,46,11.89,1.17,1.13,1.14,1.41,1.45,87,83,81,61,48,1.33,1.07,1.13,3.29,2.98,33,121,0.592,0.413,3.44,1583,3,201,0,hizli_bilekx1 bereketli_toprakx1 genis_savurusx1 yikim_gucux1 kivilcimx3 keskin_bicakx1 firtina_bilegix1,108,0,45,81,243,120,114,0,2,2,3,,0,0,0,0,0,0,0,0,0,0,0.612,499.156,15.533
8,Run50_KirilmaV1,Patlama yolu,bahcivan,standart,107,ödülsüz eş,50,,,674,242,376,0,0,56,248,190,140,68,28,24269,98553,6000,0,0,4305,1932,726,6351,4314,4077,67240,83,3,134.4,1.25,1.3,0.964,2.198,12,0.45,2.556,46,11.91,1.19,1.12,1.14,1.33,1.4,82,81,80,58,44,0.95,0.98,0.78,2.01,2.22,33,121,0.613,0.471,3.44,1583,3,204,0,hizli_bilekx1 bereketli_toprakx1 genis_savurusx1 yikim_gucux1 kivilcimx3 keskin_bicakx1 firtina_bilegix1,97,0,45,82,246,121,122,0,2,2,3,,0,0,0,0,0,0,0,0,0,0,0.603,539.311,14.978
8,Run50_KirilmaV1,Patlama yolu,bahcivan,standart,107,ödülsüz eş,50,KAZANDI
8,Run50_KirilmaV1,Patlama yolu,bahcivan,standart,107,LAB R15 A ödülsüz #1,15,,,47,28,10,0,0,9,35,10,2,0,0,94,94,150,94,30,165,8,0,245,8,0,1398,4,9,19.2,1,1,2.048,0.9,4,0.3,2,21,3.86,1.64,2,2,,,38,17,0,,,3.45,8.19,14.33,,,16,25,0.777,0.4,5.648,199,0,0,0,hizli_bilekx1 bereketli_toprakx1,15,0,45,3,9,0,0,0,0,0,15,,0,0,0,0,0,0,0,0,0,0,0.88,2.089,1.044
8,Run50_KirilmaV1,Patlama yolu,bahcivan,standart,107,LAB R15 B +artci_patlama #1,15,,,55,35,13,0,0,7,40,10,5,0,0,145,145,150,145,30,180,20,0,260,20,0,1696,5,12,19.2,1,1,2.048,0.9,4,0.3,2,21,3.86,1.32,2,2.25,,,50,15,0,,,1.97,8.88,12.29,,,16,25,0.745,0.44,5.648,199,0,0,0,hizli_bilekx1 bereketli_toprakx1 artci_patlamax1,14,0,45,4,12,0,0,0,0,0,15,,7,7,0,24,6,0,0,0,0,0,0.8,3.222,1.222
8,Run50_KirilmaV1,Patlama yolu,bahcivan,standart,107,LAB R15 A ödülsüz #2,15,,,52,39,7,0,0,6,42,8,2,0,0,102,102,150,102,30,174,8,0,254,8,0,1479,4,9,19.2,1,1,2.048,0.9,4,0.3,2,21,3.95,1.56,1.5,3,,,33,13,0,,,3.32,5.12,8.17,,,16,25,0.762,0.56,5.648,199,0,0,0,hizli_bilekx1 bereketli_toprakx1,11,0,45,3,9,0,0,0,0,0,15,,0,0,0,0,0,0,0,0,0,0,0.72,2.267,1.156
8,Run50_KirilmaV1,Patlama yolu,bahcivan,standart,107,LAB R15 B +artci_patlama #2,15,,,59,29,22,0,0,8,41,11,6,1,0,179,179,150,179,30,189,24,2,269,24,2,1867,5,12,19.2,1,1,2.048,0.9,4,0.3,2,21,3.86,1.33,1.75,3,,,50,33,0,0,,2.73,3.07,13.32,,,16,25,0.73,0.44,5.648,199,0,0,0,hizli_bilekx1 bereketli_toprakx1 artci_patlamax1,16,0,45,4,12,0,0,0,0,0,15,,11,11,0,30,10,0,0,0,0,0,0.64,3.978,1.311
8,Run50_KirilmaV1,Patlama yolu,bahcivan,standart,107,LAB R15 A ödülsüz #3,15,,,48,33,9,0,0,6,33,12,2,1,0,137,137,150,137,30,171,8,2,251,8,2,1462,4,9,19.2,1,1,2.048,0.9,4,0.3,2,21,3.95,1.6,2.14,1,,,41,0,33,0,,3.36,7.02,0,,,16,25,0.784,0.52,5.648,199,0,0,0,hizli_bilekx1 bereketli_toprakx1,12,0,45,3,9,0,0,0,0,0,15,,0,0,0,0,0,0,0,0,0,0,0.68,3.044,1.067
8,Run50_KirilmaV1,Patlama yolu,bahcivan,standart,107,LAB R15 B +artci_patlama #3,15,,,53,31,15,0,0,7,39,12,1,1,0,127,127,150,127,30,189,4,2,269,4,2,1568,4,9,19.2,1,1,2.048,0.9,4,0.3,2,21,3.95,1.59,2.71,2,3,,31,0,0,0,,3.16,10.53,22.53,12.3,,16,25,0.765,0.56,5.648,199,0,0,0,hizli_bilekx1 bereketli_toprakx1 artci_patlamax1,11,0,45,3,9,0,0,0,0,0,15,,6,6,0,27,11,0,0,0,0,0,0.72,2.822,1.178
8,Run50_KirilmaV1,Patlama yolu,bahcivan,standart,107,LAB R25 A ödülsüz #1,25,,,188,94,88,0,0,6,86,55,30,14,3,2710,2710,300,2710,65,636,203,54,716,203,54,11965,18,51,39.82,1,1.3,1.668,1.465,9,0.3,2,26,9,1.32,1.4,1.67,2.25,2.5,61,48,40,0,0,2.58,3.13,6.34,7.09,10.83,26,81,0.761,0.531,4.925,740,0,0,0,hizli_bilekx1 bereketli_toprakx1 genis_savurusx1 yikim_gucux1,43,0,45,17,51,0,0,0,0,0,25,,0,0,0,0,0,0,0,0,0,0,0.79,60.222,4.178
8,Run50_KirilmaV1,Patlama yolu,bahcivan,standart,107,LAB R25 B +artci_patlama #1,25,,,234,74,157,0,0,3,109,64,43,14,4,3291,3291,300,3291,65,807,304,42,887,304,42,13686,20,57,39.82,1,1.3,1.668,1.465,9,0.3,2,26,8.92,1.36,1.38,1.47,2,,51,32,33,0,0,1.86,3.96,4,13.33,,26,81,0.706,0.395,4.925,740,0,0,0,hizli_bilekx1 bereketli_toprakx1 genis_savurusx1 yikim_gucux1 artci_patlamax1,53,0,45,19,57,0,0,0,0,0,25,,35,35,0,99,70,0,0,0,0,0,0.802,73.133,5.2
8,Run50_KirilmaV1,Patlama yolu,bahcivan,standart,107,LAB R25 sinerji A ödülsüz #1,25,,,221,64,157,0,0,0,107,60,38,13,3,1650,1650,300,1650,65,777,251,39,857,251,39,10064,17,48,39.82,1,2.197,1.668,1.465,9,0.3,2,26,9,1.19,1.14,1.47,3.5,,65,63,47,40,17,1.16,1.27,3.22,22.52,,26,81,0.691,0.309,5.307,687,0,0,0,hizli_bilekx1 bereketli_toprakx1 genis_savurusx1 yikim_gucux3 kivilcimx3,56,0,45,16,48,0,0,0,0,0,25,,0,0,0,0,0,0,0,0,0,0,0.716,36.667,4.911
8,Run50_KirilmaV1,Patlama yolu,bahcivan,standart,107,LAB R25 sinerji B +artci_patlama #1,25,,,273,54,219,0,0,0,132,71,50,15,5,2181,2181,300,2181,65,966,323,57,1046,323,57,12512,19,54,39.82,1,2.197,1.668,1.465,9,0.3,2,26,8.96,1.34,1.2,1.38,,2,58,55,44,14,0,0.75,0.33,2.08,,11.67,26,81,0.612,0.198,5.307,687,0,0,0,hizli_bilekx1 bereketli_toprakx1 genis_savurusx1 yikim_gucux3 artci_patlamax1 kivilcimx3,64,0,45,18,54,0,0,0,0,0,25,,54,54,0,108,82,0,0,0,0,0,0.765,48.467,6.067
8,Run50_KirilmaV1,Patlama yolu,bahcivan,standart,107,LAB R25 A ödülsüz #2,25,,,200,86,112,0,0,2,78,51,51,16,4,3845,3845,300,3845,65,588,352,60,668,352,60,12946,19,54,39.82,1,1.3,1.668,1.465,9,0.3,2,26,9,1.46,1.71,2,2.14,1.5,60,47,45,30,40,2.67,4.66,8.52,11.2,3.33,26,81,0.747,0.383,4.925,740,0,0,0,hizli_bilekx1 bereketli_toprakx1 genis_savurusx1 yikim_gucux1,54,0,45,18,54,0,0,0,0,0,25,,0,0,0,0,0,0,0,0,0,0,0.741,85.444,4.444
8,Run50_KirilmaV1,Patlama yolu,bahcivan,standart,107,LAB R25 B +artci_patlama #2,25,,,274,87,170,0,0,17,126,70,53,22,3,4019,4019,300,4019,65,894,341,66,974,341,66,16406,21,60,39.82,1,1.3,1.668,1.465,9,0.3,2,26,8.92,1.3,1.41,1.69,1.63,2,64,51,30,22,33,2.54,2.85,6.46,4.38,12.5,26,81,0.654,0.358,4.925,740,0,0,0,hizli_bilekx1 bereketli_toprakx1 genis_savurusx1 yikim_gucux1 artci_patlamax1,55,0,45,20,60,0,0,0,0,0,25,,42,42,0,134,82,0,0,0,0,0,0.642,89.311,6.089
8,Run50_KirilmaV1,Patlama yolu,bahcivan,standart,107,LAB R25 sinerji A ödülsüz #2,25,,,242,71,171,0,0,0,124,59,35,20,4,2008,2008,300,2008,65,774,256,72,854,256,72,11024,17,48,39.82,1,2.197,1.668,1.465,9,0.3,2,26,8.92,1.27,1.5,1.27,1.88,,66,67,55,33,0,1.06,2.96,1.06,6.05,,26,81,0.67,0.296,5.307,687,0,0,0,hizli_bilekx1 bereketli_toprakx1 genis_savurusx1 yikim_gucux3 kivilcimx3,57,0,45,16,48,0,0,0,0,0,25,,0,0,0,0,0,0,0,0,0,0,0.593,44.622,5.378
8,Run50_KirilmaV1,Patlama yolu,bahcivan,standart,107,LAB R25 sinerji B +artci_patlama #2,25,,,245,48,197,0,0,0,117,65,40,18,5,2133,2133,300,2133,65,789,286,78,869,286,78,11344,18,51,39.82,1,2.197,1.668,1.465,9,0.3,2,26,8.92,1.43,1.47,1.63,2,,49,39,43,27,0,1.02,1.89,2.92,9.17,,26,81,0.664,0.247,5.307,687,0,0,0,hizli_bilekx1 bereketli_toprakx1 genis_savurusx1 yikim_gucux3 artci_patlamax1 kivilcimx3,59,0,45,17,51,0,0,0,0,0,25,,48,48,0,86,63,0,0,0,0,0,0.543,47.4,5.444
8,Run50_KirilmaV1,Patlama yolu,bahcivan,standart,107,LAB R25 A ödülsüz #3,25,,,197,88,109,0,0,0,97,51,32,12,5,3920,3920,300,3920,65,693,238,48,773,238,48,12302,18,51,39.82,1,1.3,1.668,1.465,9,0.3,2,26,8.96,1.26,1.74,1.67,2,,67,49,29,50,33,1.2,4.71,5.9,5.01,,26,81,0.751,0.407,4.925,740,0,0,0,hizli_bilekx1 bereketli_toprakx1 genis_savurusx1 yikim_gucux1,53,0,45,17,51,0,0,0,0,0,25,,0,0,0,0,0,0,0,0,0,0,0.716,87.111,4.378
8,Run50_KirilmaV1,Patlama yolu,bahcivan,standart,107,LAB R25 B +artci_patlama #3,25,,,254,92,153,0,0,9,117,66,47,18,6,4387,4387,300,4387,65,939,305,66,1019,305,66,15377,21,60,39.82,1,1.3,1.668,1.465,9,0.3,2,26,8.85,1.19,1.7,1.42,1.5,2,67,49,32,18,17,1.07,5.59,2.63,2.92,7.1,26,81,0.69,0.309,4.925,740,0,0,0,hizli_bilekx1 bereketli_toprakx1 genis_savurusx1 yikim_gucux1 artci_patlamax1,58,0,45,20,60,0,0,0,0,0,25,,41,41,0,133,74,0,0,0,0,0,0.605,97.489,5.644
8,Run50_KirilmaV1,Patlama yolu,bahcivan,standart,107,LAB R25 sinerji A ödülsüz #3,25,,,217,59,158,0,0,0,114,48,34,16,5,1916,1916,300,1916,65,726,250,60,806,250,60,9888,16,45,39.82,1,2.197,1.668,1.465,9,0.3,2,26,8.96,1.21,1.4,1.44,3,1,67,47,58,33,20,1.87,2.56,1.67,23.37,0,26,81,0.69,0.296,5.307,687,0,0,0,hizli_bilekx1 bereketli_toprakx1 genis_savurusx1 yikim_gucux3 kivilcimx3,57,0,45,15,45,0,0,0,0,0,25,,0,0,0,0,0,0,0,0,0,0,0.802,42.578,4.822
8,Run50_KirilmaV1,Patlama yolu,bahcivan,standart,107,LAB R25 sinerji B +artci_patlama #3,25,,,276,58,218,0,0,0,141,65,43,23,4,2256,2256,300,2256,65,861,304,81,941,304,81,12608,19,54,39.82,1,2.197,1.668,1.465,9,0.3,2,26,8.96,1.1,1.17,1.36,1.5,,65,52,53,29,33,0.86,0.42,2.42,5.83,,26,81,0.618,0.198,5.307,687,0,0,0,hizli_bilekx1 bereketli_toprakx1 genis_savurusx1 yikim_gucux3 artci_patlamax1 kivilcimx3,63,0,45,18,54,0,0,0,0,0,25,,58,58,0,105,77,0,0,0,0,0,0.58,50.133,6.133
8,Run50_KirilmaV1,Patlama yolu,bahcivan,standart,107,LAB R40 A ödülsüz #1,40,,,273,129,140,0,0,4,104,76,57,30,6,6332,6332,2800,6332,500,1230,770,226,1310,770,226,21208,24,69,83.44,1.25,1.3,1.422,2,9,0.4,2,31,8.81,1.24,1.34,1.41,1.38,1.5,72,68,64,54,25,1.39,1.57,2.97,3.2,2.83,23,81,0.61,0.383,3.814,956,0,0,0,hizli_bilekx1 bereketli_toprakx1 genis_savurusx1 yikim_gucux1 kivilcimx2 keskin_bicakx1,60,0,45,23,69,0,0,0,0,0,40,,0,0,0,0,0,0,0,0,0,0,0.568,140.711,6.067
8,Run50_KirilmaV1,Patlama yolu,bahcivan,standart,107,LAB R40 B +artci_patlama #1,40,,,332,140,186,0,0,6,137,81,62,42,10,9831,9831,2800,9831,500,1537,830,344,1617,830,344,26022,26,75,83.44,1.25,1.3,1.422,2,9,0.4,2,31,8.71,1.2,1.17,1.39,1.24,1.75,73,71,56,61,0,1.7,0.71,1.67,2.26,2.49,23,81,0.529,0.235,3.814,956,0,0,0,hizli_bilekx1 bereketli_toprakx1 genis_savurusx1 yikim_gucux1 kivilcimx2 keskin_bicakx1 artci_patlamax1,65,0,45,25,75,0,0,0,0,0,40,,75,75,0,127,75,0,0,0,0,0,0.42,218.467,7.378
8,Run50_KirilmaV1,Patlama yolu,bahcivan,standart,107,LAB R40 A ödülsüz #2,40,,,284,137,138,0,0,9,117,83,57,22,5,5816,5816,2800,5816,500,1280,770,178,1360,770,178,21588,24,69,83.44,1.25,1.3,1.422,2,9,0.4,2,31,8.77,1.17,1.32,1.41,1.5,1.67,83,72,52,53,50,0.74,1.39,2.27,2.26,6.17,23,81,0.584,0.407,3.814,956,0,0,0,hizli_bilekx1 bereketli_toprakx1 genis_savurusx1 yikim_gucux1 kivilcimx2 keskin_bicakx1,59,0,45,23,69,0,0,0,0,0,40,,0,0,0,0,0,0,0,0,0,0,0.716,129.244,6.311
8,Run50_KirilmaV1,Patlama yolu,bahcivan,standart,107,LAB R40 B +artci_patlama #2,40,,,344,129,211,0,0,4,138,101,60,37,8,9463,9463,2800,9463,500,1656,720,337,1736,720,337,26216,26,75,83.44,1.25,1.3,1.422,2,9,0.4,2,31,8.77,1.14,1.3,1.33,1.36,1,77,70,56,48,50,1.05,1.35,1.96,2.2,0,23,81,0.522,0.309,3.814,956,0,0,0,hizli_bilekx1 bereketli_toprakx1 genis_savurusx1 yikim_gucux1 kivilcimx2 keskin_bicakx1 artci_patlamax1,59,0,45,25,75,0,0,0,0,0,40,,69,69,0,121,86,0,0,0,0,0,0.531,210.289,7.644
8,Run50_KirilmaV1,Patlama yolu,bahcivan,standart,107,LAB R40 A ödülsüz #3,40,,,305,146,149,0,0,10,129,73,68,26,9,7295,7295,2800,7295,500,1303,945,248,1383,945,248,23599,25,72,83.44,1.25,1.3,1.422,2,9,0.4,2,31,8.77,1.15,1.13,1.52,1.6,1.63,80,78,65,53,38,0.8,0.47,2.48,4.69,2.49,23,81,0.567,0.358,3.814,956,0,0,0,hizli_bilekx1 bereketli_toprakx1 genis_savurusx1 yikim_gucux1 kivilcimx2 keskin_bicakx1,60,0,45,24,72,0,0,0,0,0,40,,0,0,0,0,0,0,0,0,0,0,0.593,162.111,6.778
8,Run50_KirilmaV1,Patlama yolu,bahcivan,standart,107,LAB R40 B +artci_patlama #3,40,,,353,142,198,0,0,13,142,95,67,40,9,9463,9463,2800,9463,500,1423,890,401,1503,890,401,28107,27,78,83.44,1.25,1.3,1.422,2,9,0.4,2,31,8.61,1.15,1.3,1.43,1.41,,82,71,50,61,,0.97,2.26,1.63,3.18,,23,81,0.49,0.259,3.814,956,0,0,0,hizli_bilekx1 bereketli_toprakx1 genis_savurusx1 yikim_gucux1 kivilcimx2 keskin_bicakx1 artci_patlamax1,60,0,45,26,78,0,0,0,0,0,40,,78,78,0,129,79,0,0,0,0,0,0.383,210.289,7.844
9,Run50_KirilmaV1,Patlama yolu,bahcivan,standart,108,ödülsüz eş,1,,,12,12,0,0,0,0,11,0,1,0,0,21,21,45,0,0,22,4,0,22,4,0,260,1,0,10,1,1,3,0.9,4,0.3,2,14,2.07,1.91,,4,,,14,,0,,,2.73,,9,,,2,4,0.376,0,8,23,0,0,2,,3,0.171,45,0,0,0,0,0,0,0,0,,0,0,0,0,0,0,0,0,0,0,0.75,0.467,0.267
9,Run50_KirilmaV1,Patlama yolu,bahcivan,standart,108,ödülsüz eş,2,,,14,14,0,0,0,0,12,2,0,0,0,18,39,45,0,0,32,0,0,34,4,0,300,2,3,10,1,1,3,0.9,4,0.3,2,14,2.43,1.92,3.5,,,,10,0,,,,3,10.5,,,,3,5,0.524,0.2,8,28,0,0,1,,4,0,45,1,3,0,0,0,0,0,0,,0,0,0,0,0,0,0,0,0,0,0.6,0.4,0.311
9,Run50_KirilmaV1,Patlama yolu,bahcivan,standart,108,ödülsüz eş,3,,,18,17,1,0,0,0,11,6,1,0,0,39,78,45,0,0,46,4,0,48,8,0,440,3,3,11.33,1,1,3,0.9,4,0.3,2,14,2.79,1.82,2.2,3,,,30,0,0,,,3.27,6.6,9,,,4,6,0.477,0,8,34,2,2,1,,5,0.044,45,2,6,3,0,0,2,2,3,,0,0,0,0,0,0,0,0,0,0,0.667,0.867,0.4
9,Run50_KirilmaV1,Patlama yolu,bahcivan,standart,108,ödülsüz eş,4,,,17,17,0,0,0,0,15,1,1,0,0,28,106,45,0,0,34,4,0,35,12,0,414,4,3,11.33,1,1,3,0.9,4,0.3,2,14,3.21,2.2,1,2,,,12,0,,,,7,0,3,,,5,8,0.573,0.25,8,45,1,3,1,,4,0,45,3,9,6,0,0,2,2,3,,0,0,0,0,0,0,0,0,0,0,0.875,0.622,0.378
9,Run50_KirilmaV1,Patlama yolu,bahcivan,standart,108,ödülsüz eş,5,,,17,16,1,0,0,0,10,6,1,0,0,38,144,45,38,8,44,4,0,52,16,0,503,5,3,12,1,1,2.892,0.9,4,0.3,2,15,2.4,1.78,1.67,5,,,10,0,0,,,5.14,2.41,17.33,,,5,8,0.406,0,7.804,46,4,7,0,,6,0.349,45,4,12,9,0,0,2,2,3,,0,0,0,0,0,0,0,0,0,0,0.25,0.844,0.378
9,Run50_KirilmaV1,Patlama yolu,bahcivan,standart,108,ödülsüz eş,6,,,23,23,0,0,0,0,14,7,2,0,0,55,55,110,0,0,56,8,0,58,24,0,668,6,3,12,1.25,1,2.892,0.9,4,0.3,2,15,3.33,1.86,2.43,2.5,,,0,0,0,,,5.17,8.27,5.77,,,6,9,0.577,0.222,7.804,52,1,8,1,keskin_bicakx1,4,0,45,5,15,9,3,0,2,2,3,,0,0,0,0,0,0,0,0,0,0,0.222,1.222,0.511
9,Run50_KirilmaV1,Patlama yolu,bahcivan,standart,108,ödülsüz eş,7,,,27,25,2,0,0,0,20,5,2,0,0,55,110,110,0,0,60,8,0,62,32,0,735,8,6,12.67,1.25,1,2.789,0.9,4,0.3,2,16,3.19,1.56,2.4,2.5,,,37,0,0,,,3.1,10.05,9.77,,,7,10,0.55,0.2,7.613,59,4,12,1,keskin_bicakx1,5,0,45,7,21,12,3,0,2,2,3,,0,0,0,0,0,0,0,0,0,0,0.4,1.222,0.6
9,Run50_KirilmaV1,Patlama yolu,bahcivan,standart,108,ödülsüz eş,8,,,26,25,1,0,0,0,18,6,2,0,0,56,166,110,0,0,66,8,0,86,40,0,711,9,3,13.33,1.25,1,2.789,0.9,4,0.3,2,16,3.5,1.71,2.5,2,,,24,0,0,,,4.76,10.22,8.38,,,8,11,0.56,0.273,7.613,65,2,14,1,keskin_bicakx1,7,0,45,8,24,18,3,0,2,2,3,,0,0,0,0,0,0,0,0,0,0,0.545,1.244,0.578
9,Run50_KirilmaV1,Patlama yolu,bahcivan,standart,108,ödülsüz eş,9,,,34,28,6,0,0,0,24,10,0,0,0,54,220,110,0,0,98,0,0,101,40,0,894,10,3,14,1.25,1,2.789,0.9,4,0.3,2,16,3.56,1.62,1.57,,,,23,22,,,,3.98,4.79,,,,9,13,0.569,0.385,7.613,77,2,16,1,keskin_bicakx1,6,0,45,9,27,21,3,0,2,2,3,,0,0,0,0,0,0,0,0,0,0,0.462,1.2,0.756
9,Run50_KirilmaV1,Patlama yolu,bahcivan,standart,108,ödülsüz eş,10,,,30,27,3,0,0,0,21,8,1,0,0,55,275,110,55,16,82,4,0,95,44,0,799,12,6,14.67,1.25,1,2.689,0.9,4,0.3,2,16,3.88,1.67,2,3,,,14,14,0,,,4.78,8.06,5.37,,,10,15,0.642,0.4,7.427,91,4,20,1,keskin_bicakx1,6,0,45,11,33,24,3,0,2,2,3,,0,0,0,0,0,0,0,0,0,0,0.6,1.222,0.667
9,Run50_KirilmaV1,Patlama yolu,bahcivan,standart,108,ödülsüz eş,11,,,38,32,6,0,0,0,26,8,3,1,0,110,110,150,0,0,118,12,2,120,56,2,1059,13,3,15.64,1.25,1,2.592,0.9,4,0.3,2,17,3.88,1.42,2,2,3,,40,0,0,0,,3.24,4.76,5.17,15.57,,11,17,0.655,0.412,7.199,106,3,23,1,keskin_bicakx1 kivilcimx1,7,0,45,12,36,25,8,0,2,2,3,,0,0,0,0,0,0,0,0,0,0,0.588,2.444,0.844
9,Run50_KirilmaV1,Patlama yolu,bahcivan,standart,108,ödülsüz eş,12,,,43,30,13,0,0,0,32,7,4,0,0,96,206,150,0,0,131,16,0,141,42,2,1220,14,3,16.36,1.25,1,2.5,0.9,4,0.3,2,17,3.94,1.26,2.2,2,,,54,11,0,,,3.59,11,8.75,,,13,20,0.632,0.35,6.897,130,5,28,2,keskin_bicakx1 kivilcimx1,13,0,45,13,39,25,11,0,2,2,3,,0,0,0,0,0,0,0,0,0,0,0.7,2.133,0.956
9,Run50_KirilmaV1,Patlama yolu,bahcivan,standart,108,ödülsüz eş,13,,,48,36,12,0,0,0,35,9,3,1,0,127,333,150,0,0,150,12,2,151,54,4,1369,16,6,18.13,1.25,1,2.5,0.9,4,0.3,2,17,4,1.2,1.71,2,2,,66,13,0,0,,1.4,8.57,10,22.5,,14,23,0.658,0.478,6.922,150,3,31,1,keskin_bicakx1 kivilcimx1,13,0,45,15,45,28,11,0,2,2,3,,0,0,0,0,0,0,0,0,0,0,0.783,2.822,1.067
9,Run50_KirilmaV1,Patlama yolu,bahcivan,standart,108,ödülsüz eş,14,,,49,32,14,0,0,3,39,6,3,1,0,123,456,150,0,0,147,12,2,148,41,6,1341,17,3,18.13,1.25,1,2.5,0.9,4,0.3,2,17,3.94,1.35,1.67,2,2,,50,25,0,0,,2.5,7.5,13.75,25,,15,26,0.703,0.538,6.944,168,2,33,1,keskin_bicakx1 kivilcimx1,12,0,45,16,48,34,11,0,2,2,3,,0,0,0,0,0,0,0,0,0,0,0.692,2.733,1.089
9,Run50_KirilmaV1,Patlama yolu,bahcivan,standart,108,ödülsüz eş,15,,,41,33,8,0,0,0,27,10,3,1,0,125,581,150,125,30,141,12,2,160,53,8,1267,18,3,18.13,1.25,1,2.41,0.9,4,0.3,2,18,3.72,1.3,1.86,2.5,1,,50,7,0,,,2.2,10.33,12.05,0,,16,29,0.62,0.379,6.792,192,4,37,1,keskin_bicakx1 kivilcimx1,11,0,45,17,51,37,11,0,2,2,3,,0,0,0,0,0,0,0,0,0,0,0.724,2.778,0.911
9,Run50_KirilmaV1,Patlama yolu,bahcivan,standart,108,ödülsüz eş,16,,,54,40,14,0,0,0,40,11,2,1,0,129,129,220,0,0,186,8,2,199,36,10,1655,20,6,19.2,1.25,1,2.048,0.9,4,0.3,2,21,4,1.44,1.4,2,,,46,14,0,0,,5.42,2.46,8.2,,,18,36,0.755,0.583,6.694,242,3,40,2,keskin_bicakx1 kivilcimx1 hizli_bilekx1,12,0,45,19,57,40,11,0,2,2,3,,0,0,0,0,0,0,0,0,0,0,0.806,2.867,1.2
9,Run50_KirilmaV1,Patlama yolu,bahcivan,standart,108,ödülsüz eş,17,,,61,46,15,0,0,0,41,12,7,1,0,182,311,220,0,0,195,28,2,214,64,12,2149,21,3,20.27,1.25,1,1.904,0.935,4,0.3,2,23,4,1.29,1.88,1.67,3,,50,20,0,0,,1.41,7.38,10.47,19.07,,19,37,0.761,0.622,6.394,260,7,47,1,keskin_bicakx1 kivilcimx1 hizli_bilekx1,12,0,45,20,60,46,11,0,2,2,3,,0,0,0,0,0,0,0,0,0,0,0.892,4.044,1.356
9,Run50_KirilmaV1,Patlama yolu,bahcivan,standart,108,ödülsüz eş,18,,,57,39,18,0,0,0,35,11,7,3,1,334,645,220,0,0,171,53,6,185,92,18,2336,22,3,20.27,1.25,1,1.836,0.97,4,0.3,2,24,4,1.38,1.63,2.75,2,5,52,0,0,0,0,2.98,8.49,18.36,11.93,27.53,19,39,0.805,0.641,5.78,304,9,56,2,keskin_bicakx1 kivilcimx1 hizli_bilekx1,12,0,45,21,63,49,11,0,2,2,3,,0,0,0,0,0,0,0,0,0,0,0.821,7.422,1.267
9,Run50_KirilmaV1,Patlama yolu,bahcivan,standart,108,ödülsüz eş,19,,,79,47,32,0,0,0,43,22,10,3,1,415,1060,220,0,0,261,50,14,301,92,32,3421,24,6,24.3,1.25,1,1.836,0.97,4,0.3,2,24,4,1.24,1.55,1.57,2,2,53,22,0,0,0,2.42,4.68,5.77,14.68,20.17,18,41,0.744,0.561,5.716,323,3,59,3,keskin_bicakx1 kivilcimx1 hizli_bilekx1,15,0,45,23,69,49,14,0,2,2,3,,0,0,0,0,0,0,0,0,0,0,0.854,9.222,1.756
9,Run50_KirilmaV1,Patlama yolu,bahcivan,standart,108,ödülsüz eş,20,,,53,38,15,0,0,0,30,18,4,0,1,235,1295,220,235,45,243,20,0,264,52,32,2232,25,3,24.3,1.25,1,1.836,0.97,4,0.3,2,24,4,1.5,1.92,1,,3,32,0,0,0,0,4.17,5.36,0,,11.03,20,46,0.845,0.674,5.658,366,3,62,3,keskin_bicakx1 kivilcimx1 hizli_bilekx1,12,0,45,24,72,49,20,0,2,2,3,,0,0,0,0,0,0,0,0,0,0,0.826,5.222,1.178
9,Run50_KirilmaV1,Patlama yolu,bahcivan,standart,108,ödülsüz eş,21,,,105,61,44,0,0,0,61,26,12,6,0,484,484,300,0,0,339,60,12,378,67,44,4467,27,6,24.3,1.25,1,1.836,1.327,6,0.3,2,24,6,1.22,1.76,2.75,1.25,,62,17,10,0,,1.53,6.8,11.47,2.75,,21,48,0.745,0.5,5.63,384,3,65,1,keskin_bicakx1 kivilcimx1 hizli_bilekx1 genis_savurusx1,20,0,45,26,78,49,23,0,2,2,3,,0,0,0,0,0,0,0,0,0,0,0.688,10.756,2.333
9,Run50_KirilmaV1,Patlama yolu,bahcivan,standart,108,ödülsüz eş,22,,,110,63,47,0,0,0,52,28,15,15,0,1149,1633,300,0,0,324,75,30,331,142,54,5376,29,6,28.62,1.25,1,1.836,1.327,6,0.3,2,24,6,1.33,1.47,1.78,2.1,,68,48,17,0,,1.97,3.89,8.97,6.42,,19,49,0.702,0.388,5.537,398,4,69,1,keskin_bicakx1 kivilcimx1 hizli_bilekx1 genis_savurusx1,23,0,45,28,84,49,29,0,2,2,3,,0,0,0,0,0,0,0,0,0,0,0.837,25.533,2.444
9,Run50_KirilmaV1,Patlama yolu,bahcivan,standart,108,ödülsüz eş,23,,,113,61,50,0,0,2,54,30,20,9,0,880,2513,300,0,0,342,120,18,373,274,52,5367,31,6,29.99,1.25,1,1.778,1.373,6,0.3,2,25,6,1.17,1.4,1.75,2.75,,67,44,7,0,0,0.61,2.31,6.66,11.99,,18,49,0.723,0.469,5.465,403,4,73,1,keskin_bicakx1 kivilcimx1 hizli_bilekx1 genis_savurusx1,21,0,45,30,90,49,35,0,2,2,3,,0,0,0,0,0,0,0,0,0,0,0.878,19.556,2.511
9,Run50_KirilmaV1,Patlama yolu,bahcivan,standart,108,ödülsüz eş,24,,,173,94,79,0,0,0,64,51,37,13,8,2402,4915,300,0,0,678,244,72,831,275,104,9505,34,9,33.24,1.25,1,1.778,1.419,9,0.3,2,25,8.8,1.14,1.48,1.4,2,2,75,47,55,9,20,1.11,4.98,2.75,7.11,4.73,16,49,0.622,0.388,5.112,431,4,77,1,keskin_bicakx1 kivilcimx1 hizli_bilekx1 genis_savurusx1,26,0,45,33,99,49,41,0,2,2,3,,0,0,0,0,0,0,0,0,0,0,0.571,53.378,3.844
9,Run50_KirilmaV1,Patlama yolu,bahcivan,standart,108,ödülsüz eş,25,,,162,95,67,0,0,0,49,48,38,23,4,2857,7772,300,2857,65,525,228,91,561,285,175,9786,36,6,38.16,1.25,1,1.722,1.419,9,0.3,2,26,7.92,1.19,1.26,1.36,1.69,2.25,69,75,47,0,0,2.25,1.66,2.03,5.81,9.05,15,49,0.484,0.327,5.036,438,6,83,1,keskin_bicakx1 kivilcimx1 hizli_bilekx1 genis_savurusx1,28,0,45,35,105,49,50,0,2,2,3,,0,0,0,0,0,0,0,0,0,0,0.388,63.489,3.6
9,Run50_KirilmaV1,Patlama yolu,bahcivan,standart,108,ödülsüz eş,26,,,182,76,105,0,0,1,70,56,29,17,10,3227,3227,500,0,0,786,230,99,797,255,124,10316,38,6,39.82,1.25,1,1.722,1.558,9,0.3,2,26,8.85,1.28,1.44,1.83,2.29,2,58,56,29,31,0,2.08,2.55,7.89,12.56,4.01,16,51,0.645,0.373,4.931,465,9,92,1,keskin_bicakx1 kivilcimx2 hizli_bilekx1 genis_savurusx1,30,0,45,37,111,49,56,0,2,2,3,,0,0,0,0,0,0,0,0,0,0,0.588,71.711,4.044
9,Run50_KirilmaV1,Patlama yolu,bahcivan,standart,108,ödülsüz eş,27,,,193,89,104,0,0,0,87,51,31,21,3,2280,5507,500,0,0,567,304,75,634,481,139,10191,40,6,39.82,1.25,1,1.668,1.604,9,0.3,2,26,9,1.47,1.32,1.5,1.67,,43,57,17,13,33,2.94,1.73,2.86,5,,24,80,0.71,0.275,5.184,694,4,96,12,keskin_bicakx1 kivilcimx2 hizli_bilekx1 genis_savurusx1,40,0,45,39,117,55,56,0,2,2,3,,0,0,0,0,0,0,0,0,0,0,0.775,50.667,4.289
9,Run50_KirilmaV1,Patlama yolu,bahcivan,standart,108,ödülsüz eş,28,,,239,102,137,0,0,0,97,60,46,29,7,3612,9119,500,0,0,795,458,131,849,469,205,13211,42,6,43.38,1.25,1,1.668,1.604,9,0.3,2,26,9,1.11,1.33,1.53,1.36,1.67,75,68,30,7,14,1.06,2.16,4.41,5.01,5,25,81,0.702,0.444,5.071,719,6,102,1,keskin_bicakx1 kivilcimx2 hizli_bilekx1 genis_savurusx1,47,0,45,41,123,61,56,0,2,2,3,,0,0,0,0,0,0,0,0,0,0,0.679,80.267,5.311
9,Run50_KirilmaV1,Patlama yolu,bahcivan,standart,108,ödülsüz eş,29,,,212,86,125,0,0,1,93,56,33,18,12,3935,13054,500,0,0,931,354,136,1070,723,341,11481,44,6,43.38,1.25,1,1.616,1.67,9,0.3,2,27,9,1.25,1.43,1.43,2,2.43,64,41,25,23,14,2.29,2.53,2.65,7.54,7.15,25,81,0.73,0.556,4.86,750,4,106,0,keskin_bicakx1 kivilcimx2 hizli_bilekx1 genis_savurusx1,42,0,45,43,129,67,56,0,2,2,3,,0,0,0,0,0,0,0,0,0,0,0.864,87.444,4.711
9,Run50_KirilmaV1,Patlama yolu,bahcivan,standart,108,ödülsüz eş,30,,,154,67,87,0,0,0,72,35,29,15,3,2181,15235,500,2181,100,533,294,94,583,457,355,7828,45,3,49.54,1.25,1,1.616,1.67,9,0.3,2,27,6,1.17,1.32,1.6,2.43,3,69,56,27,10,0,1.35,1.36,2.58,7.39,8.08,25,81,0.784,0.605,4.804,759,6,112,0,keskin_bicakx1 kivilcimx2 hizli_bilekx1 genis_savurusx1,34,0,45,44,132,73,56,0,2,2,3,,0,0,0,0,0,0,0,0,0,0,0.802,48.467,3.422
9,Run50_KirilmaV1,Patlama yolu,bahcivan,standart,108,ödülsüz eş,31,,,330,153,176,0,0,1,137,88,59,35,11,5550,5550,1200,0,0,1384,630,212,1397,657,567,18187,48,9,49.54,1.25,1,1.095,1.736,9,0.3,2,41,8.88,1.28,1.38,1.56,1.68,2,65,57,29,10,11,1.87,1.63,3.32,6.06,5.6,25,81,0.637,0.444,4.629,787,4,116,0,keskin_bicakx1 kivilcimx2 hizli_bilekx1 genis_savurusx1 firtina_bilegix1,49,0,45,47,141,76,56,0,2,2,3,,0,0,0,0,0,0,0,0,0,0,0.667,123.333,7.333
9,Run50_KirilmaV1,Patlama yolu,bahcivan,standart,108,ödülsüz eş,32,,,357,158,198,0,0,1,143,96,72,30,16,6319,11869,1200,0,0,1862,823,190,1909,1360,662,19722,50,6,53.29,1.25,1,1.061,1.802,9,0.3,2,42,8.76,1.17,1.29,1.52,1.57,1.43,70,55,50,20,14,0.82,2.28,4.04,4.24,1.21,25,81,0.599,0.395,4.585,795,6,122,0,keskin_bicakx1 kivilcimx2 hizli_bilekx1 genis_savurusx1 firtina_bilegix1,54,0,45,49,147,81,60,0,2,2,3,,0,0,0,0,0,0,0,0,0,0,0.568,140.422,7.933
9,Run50_KirilmaV1,Patlama yolu,bahcivan,standart,108,ödülsüz eş,33,,,364,164,199,0,0,1,155,87,73,48,1,5517,17386,1200,0,0,1378,730,240,1422,1010,902,20470,52,6,60.05,1.25,1,1.061,1.802,9,0.317,2,42,8.71,1.08,1.08,1.39,1.83,2,84,84,36,22,0,0.51,0.73,1.41,5.17,8.5,25,81,0.589,0.383,4.577,796,8,130,0,keskin_bicakx1 kivilcimx2 hizli_bilekx1 genis_savurusx1 firtina_bilegix1,55,0,45,51,153,81,66,0,2,2,3,,0,0,0,0,0,0,0,0,0,0,0.605,122.6,8.089
9,Run50_KirilmaV1,Patlama yolu,bahcivan,standart,108,ödülsüz eş,34,,,401,162,238,0,0,1,165,105,83,36,12,7186,24572,1200,0,0,1748,906,300,1970,1116,1092,22788,54,6,65.98,1.25,1,1.061,1.802,9,0.317,2,42,8.79,1.12,1.2,1.42,1.81,1.88,86,73,42,14,18,0.58,1.06,4.73,4.71,3.71,25,81,0.575,0.358,4.567,798,3,133,0,keskin_bicakx1 kivilcimx2 hizli_bilekx1 genis_savurusx1 firtina_bilegix1,59,0,45,53,159,81,72,0,2,2,3,,0,0,0,0,0,0,0,0,0,0,0.457,159.689,8.911
9,Run50_KirilmaV1,Patlama yolu,bahcivan,standart,108,ödülsüz eş,35,,,320,158,161,0,0,1,125,82,69,32,12,6154,30726,1200,6154,220,1590,766,220,2090,1502,1312,18937,55,3,65.98,1.25,1,1.028,1.868,9,0.317,2,43,8.44,1.12,1.26,1.6,1.67,2.5,80,65,38,38,0,0.96,0.98,2.91,3.38,12.67,25,81,0.499,0.309,4.37,834,4,137,0,keskin_bicakx1 kivilcimx2 hizli_bilekx1 genis_savurusx1 firtina_bilegix1,46,0,45,54,162,81,78,0,2,2,3,,0,0,0,0,0,0,0,0,0,0,0.58,136.756,7.111
9,Run50_KirilmaV1,Patlama yolu,bahcivan,standart,108,ödülsüz eş,36,,,410,164,246,0,0,0,166,105,82,46,11,7663,7663,2800,0,0,1934,1022,293,2019,1204,1480,24540,57,6,73.42,1.25,1,1.028,1.934,9,0.333,2,43,8.98,1.11,1.22,1.32,1.3,1.67,79,61,59,27,11,0.72,0.94,1.56,1.23,4.11,25,81,0.63,0.37,3.714,981,8,145,0,keskin_bicakx1 kivilcimx2 hizli_bilekx1 genis_savurusx1 firtina_bilegix1 bereketli_toprakx1,59,0,45,56,168,81,81,0,2,2,3,,0,0,0,0,0,0,0,0,0,0,0.667,170.289,9.111
9,Run50_KirilmaV1,Patlama yolu,bahcivan,standart,108,ödülsüz eş,37,,,429,175,253,0,0,1,175,111,89,46,8,7170,14833,2800,0,0,1894,1099,272,2313,1863,1752,25362,59,6,79.64,1.25,1,1.028,1.934,9,0.333,2,43,8.91,1.1,1.15,1.41,1.63,1.5,86,68,47,28,33,0.45,0.76,2.96,3.93,2.05,25,81,0.619,0.395,3.619,1007,2,147,0,keskin_bicakx1 kivilcimx2 hizli_bilekx1 genis_savurusx1 firtina_bilegix1 bereketli_toprakx1,60,0,45,58,174,81,87,0,2,2,3,,0,0,0,0,0,0,0,0,0,0,0.667,159.333,9.533
9,Run50_KirilmaV1,Patlama yolu,bahcivan,standart,108,ödülsüz eş,38,,,458,166,290,0,0,2,179,124,92,55,8,8622,23455,2800,0,0,2027,1096,396,2660,1359,2008,28354,61,6,83.44,1.25,1,0.995,1.934,9,0.333,2,45,8.93,1.13,1.16,1.38,1.6,1.67,82,72,50,41,50,1.29,1.36,2.24,3.3,2.99,25,81,0.61,0.395,3.566,1022,6,153,0,keskin_bicakx1 kivilcimx2 hizli_bilekx1 genis_savurusx1 firtina_bilegix1 bereketli_toprakx1,72,0,45,60,180,81,93,0,2,2,3,,0,0,0,0,0,0,0,0,0,0,0.556,191.6,10.178
9,Run50_KirilmaV1,Patlama yolu,bahcivan,standart,108,ödülsüz eş,39,,,508,210,297,0,0,1,218,112,96,65,17,11010,34465,2800,0,0,2574,1140,566,2714,1989,2574,31441,63,6,83.44,1.25,1,0.995,2.066,12,0.35,2,45,11.31,1.13,1.22,1.49,1.67,1.75,83,74,48,35,45,0.55,0.75,2.14,4.83,3.6,25,81,0.578,0.321,3.465,1052,6,159,0,keskin_bicakx1 kivilcimx2 hizli_bilekx1 genis_savurusx1 firtina_bilegix1 bereketli_toprakx1,78,0,45,62,186,81,99,0,2,2,3,,0,0,0,0,0,0,0,0,0,0,0.58,244.667,11.289
9,Run50_KirilmaV1,Patlama yolu,bahcivan,standart,108,ödülsüz eş,40,,,488,202,284,0,0,2,193,138,93,49,15,10065,44530,2800,10065,500,2411,1331,455,2675,1550,2874,29935,65,6,94.04,1.25,1,0.964,2.066,12,0.35,2,46,11.24,1.13,1.32,1.59,1.58,2,79,62,37,34,27,0.49,1.55,2.42,2.77,4.57,25,81,0.613,0.383,3.354,1087,5,164,0,keskin_bicakx1 kivilcimx2 hizli_bilekx1 genis_savurusx1 firtina_bilegix1 bereketli_toprakx1,77,0,45,64,192,81,105,0,2,2,3,,0,0,0,0,0,0,0,0,0,0,0.593,223.667,10.844
9,Run50_KirilmaV1,Patlama yolu,bahcivan,standart,108,ödülsüz eş,41,,,511,208,303,0,0,0,169,148,123,55,16,11332,11332,4500,0,0,2829,1605,468,3574,2585,3192,34040,67,6,94.04,1.25,1,0.964,2.066,12,0.35,2.111,46,11.24,1.1,1.13,1.4,1.73,2.17,87,72,56,40,20,0.45,0.86,1.89,4.08,4.34,25,81,0.598,0.42,3.335,1093,5,169,0,keskin_bicakx1 kivilcimx2 hizli_bilekx1 genis_savurusx1 firtina_bilegix1 bereketli_toprakx1 nadir_tohumx1,77,0,45,66,198,81,111,0,2,2,3,,0,0,0,0,0,0,0,0,0,0,0.716,251.822,11.356
9,Run50_KirilmaV1,Patlama yolu,bahcivan,standart,108,ödülsüz eş,42,,,565,243,320,0,0,2,205,159,109,69,23,13803,25135,4500,0,0,3119,1713,582,3443,2255,1644,37245,68,3,105.24,1.25,1,0.964,2.066,12,0.35,2.111,46,11.8,1.1,1.16,1.3,1.46,1.71,88,75,64,49,31,0.92,1.19,2.07,2.29,2.96,26,112,0.673,0.357,3.24,1556,6,175,10,keskin_bicakx1 kivilcimx2 hizli_bilekx1 genis_savurusx1 firtina_bilegix1 bereketli_toprakx1 nadir_tohumx1,82,0,45,67,201,81,117,0,2,2,3,,0,0,0,0,0,0,0,0,0,0,0.688,306.733,12.556
9,Run50_KirilmaV1,Patlama yolu,bahcivan,standart,108,ödülsüz eş,43,,,581,242,335,0,0,4,188,153,118,106,16,14955,40090,4500,0,0,2740,1866,708,2783,1881,2157,40690,70,6,109.63,1.25,1,0.964,2.066,12,0.367,2.222,46,11.91,1.15,1.16,1.39,1.43,2.17,81,76,62,42,25,1.66,1.46,2.62,2.81,8.51,31,121,0.688,0.512,3.424,1590,7,182,5,keskin_bicakx1 kivilcimx2 hizli_bilekx1 genis_savurusx1 firtina_bilegix1 bereketli_toprakx1 nadir_tohumx1,85,0,45,69,207,84,117,0,2,2,3,,0,0,0,0,0,0,0,0,0,0,0.727,332.333,12.911
9,Run50_KirilmaV1,Patlama yolu,bahcivan,standart,108,ödülsüz eş,44,,,584,249,327,0,0,8,193,152,125,94,20,18713,58803,4500,0,0,3070,1692,780,3293,2183,2937,40737,72,6,109.63,1.25,1,0.964,2.198,12,0.383,2.222,46,11.98,1.09,1.14,1.45,1.54,1.6,91,78,52,35,40,0.75,0.87,3.29,3.01,5.49,31,121,0.688,0.562,3.341,1630,7,189,0,keskin_bicakx1 kivilcimx2 hizli_bilekx1 genis_savurusx1 firtina_bilegix1 bereketli_toprakx1 nadir_tohumx1,87,0,45,71,213,90,117,0,2,2,3,,0,0,0,0,0,0,0,0,0,0,0.744,415.844,12.978
9,Run50_KirilmaV1,Patlama yolu,bahcivan,standart,108,ödülsüz eş,45,,,480,186,291,0,0,3,177,128,100,62,13,13415,72218,4500,13415,800,2525,1527,420,3118,2010,3117,32025,73,3,121.72,1.25,1,0.964,2.198,12,0.383,2.333,46,9,1.08,1.1,1.43,1.56,1.67,79,75,51,36,38,0.72,0.62,2.15,3.07,7.71,31,121,0.744,0.57,3.29,1655,3,192,0,keskin_bicakx1 kivilcimx2 hizli_bilekx1 genis_savurusx1 firtina_bilegix1 bereketli_toprakx1 nadir_tohumx1,74,0,45,72,216,96,117,0,2,2,3,,0,0,0,0,0,0,0,0,0,0,0.678,298.111,10.667
9,Run50_KirilmaV1,Patlama yolu,bahcivan,standart,108,ödülsüz eş,46,,,617,241,366,0,0,10,219,173,148,56,21,18431,18431,6000,0,0,3475,2103,480,3513,3343,3597,42626,75,6,121.72,1.25,1.3,0.964,2.198,12,0.4,2.333,46,11.93,1.22,1.26,1.21,1.48,1.57,76,71,67,53,44,1.37,2.18,1.35,4.24,3.58,31,121,0.679,0.38,3.29,1655,4,196,0,keskin_bicakx1 kivilcimx2 hizli_bilekx1 genis_savurusx1 firtina_bilegix1 bereketli_toprakx1 nadir_tohumx1 yikim_gucux1,96,0,45,74,222,99,117,0,2,2,3,,0,0,0,0,0,0,0,0,0,0,0.702,409.578,13.711
9,Run50_KirilmaV1,Patlama yolu,bahcivan,standart,108,ödülsüz eş,47,,,643,269,368,0,0,6,236,179,117,85,26,21115,39546,6000,0,0,3785,1629,774,4298,3072,4081,44988,77,6,134.4,1.25,1.3,0.964,2.198,12,0.4,2.444,46,11.93,1.04,1.2,1.2,1.26,1.6,93,77,74,59,50,0.69,1.86,1.33,1.45,4.25,31,121,0.67,0.488,3.281,1660,3,199,0,keskin_bicakx1 kivilcimx2 hizli_bilekx1 genis_savurusx1 firtina_bilegix1 bereketli_toprakx1 nadir_tohumx1 yikim_gucux1,96,0,45,76,228,105,117,0,2,2,3,,0,0,0,0,0,0,0,0,0,0,0.678,469.222,14.289
9,Run50_KirilmaV1,Patlama yolu,bahcivan,standart,108,ödülsüz eş,48,,,641,260,363,0,0,18,235,169,144,71,22,18971,58517,6000,0,0,3215,2190,618,4803,5262,4699,46028,78,3,134.4,1.25,1.3,0.964,2.198,12,0.45,2.444,46,11.93,1.07,1.12,1.28,1.39,1.6,91,78,67,66,31,0.96,0.95,1.88,2.85,3.37,31,121,0.679,0.471,3.234,1684,4,203,0,keskin_bicakx1 kivilcimx2 hizli_bilekx1 genis_savurusx1 firtina_bilegix1 bereketli_toprakx1 nadir_tohumx1 yikim_gucux1,94,0,45,77,231,111,117,0,2,2,3,,0,0,0,0,0,0,0,0,0,0,0.702,421.578,14.244
9,Run50_KirilmaV1,Patlama yolu,bahcivan,standart,108,ödülsüz eş,49,,,630,262,360,0,0,8,202,178,126,99,25,23372,81889,6000,0,0,3845,1782,738,5248,7044,5107,47290,80,6,142.4,1.25,1.3,0.964,2.198,12,0.45,2.556,46,11.87,1.06,1.13,1.21,1.37,1.5,89,79,73,57,37,0.31,0.57,1.6,2.82,2.55,31,121,0.681,0.446,3.199,1702,2,205,0,keskin_bicakx1 kivilcimx2 hizli_bilekx1 genis_savurusx1 firtina_bilegix1 bereketli_toprakx1 nadir_tohumx1 yikim_gucux1,93,0,45,79,237,114,117,0,2,2,3,,0,0,0,0,0,0,0,0,0,0,0.694,519.378,14
9,Run50_KirilmaV1,Patlama yolu,bahcivan,standart,108,ödülsüz eş,50,,,637,236,392,0,0,9,218,166,149,79,25,19603,101492,6000,0,0,3415,2295,618,5463,9339,5725,48661,81,3,142.4,1.25,1.3,0.964,2.198,12,0.45,2.556,46,11.91,1.15,1.2,1.29,1.27,1.33,87,77,73,70,25,1.63,1.27,1.45,3.72,2.79,31,121,0.681,0.521,3.194,1705,2,207,0,keskin_bicakx1 kivilcimx2 hizli_bilekx1 genis_savurusx1 firtina_bilegix1 bereketli_toprakx1 nadir_tohumx1 yikim_gucux1,89,0,45,80,240,120,117,0,2,2,3,,0,0,0,0,0,0,0,0,0,0,0.678,435.622,14.156
9,Run50_KirilmaV1,Patlama yolu,bahcivan,standart,108,ödülsüz eş,50,KAZANDI
9,Run50_KirilmaV1,Patlama yolu,bahcivan,standart,108,LAB R15 A ödülsüz #1,15,,,49,38,11,0,0,0,38,8,3,0,0,102,102,150,102,30,162,12,0,242,12,0,1403,4,9,18.13,1.25,1,2.41,0.9,4,0.3,2,18,3.67,1.21,1.71,1,,,69,25,60,0,,0.92,5.51,0,,,16,29,0.579,0.345,6.792,192,0,0,0,keskin_bicakx1 kivilcimx1,15,0,45,3,9,0,0,0,0,0,15,,0,0,0,0,0,0,0,0,0,0,0.517,2.267,1.089
9,Run50_KirilmaV1,Patlama yolu,bahcivan,standart,108,LAB R15 B +artci_patlama #1,15,,,53,36,17,0,0,0,44,7,1,1,0,118,118,150,118,30,174,4,2,254,4,2,1467,4,9,18.13,1.25,1,2.41,0.9,4,0.3,2,18,3.56,1.13,1.4,,,,70,33,100,0,,0.31,5.79,,,,16,29,0.519,0.276,6.792,192,0,0,0,keskin_bicakx1 kivilcimx1 artci_patlamax1,14,0,45,3,9,0,0,0,0,0,15,,17,17,0,22,6,0,0,0,0,0,0.724,2.622,1.178
9,Run50_KirilmaV1,Patlama yolu,bahcivan,standart,108,LAB R15 A ödülsüz #2,15,,,46,35,11,0,0,0,25,15,6,0,0,141,141,150,141,30,165,24,0,245,24,0,1479,4,9,18.13,1.25,1,2.41,0.9,4,0.3,2,18,3.56,1.23,1.33,1.25,,,63,62,60,0,0,1.42,2.14,1.81,,,16,29,0.586,0.276,6.792,192,0,0,0,keskin_bicakx1 kivilcimx1,15,0,45,3,9,0,0,0,0,0,15,,0,0,0,0,0,0,0,0,0,0,0.759,3.133,1.022
9,Run50_KirilmaV1,Patlama yolu,bahcivan,standart,108,LAB R15 B +artci_patlama #2,15,,,57,34,23,0,0,0,36,13,5,3,0,238,238,150,238,30,186,20,6,266,20,6,1818,5,12,18.13,1.25,1,2.41,0.9,4,0.3,2,18,3.5,1.09,1.43,1.75,2,,67,50,20,33,,0.88,4.13,6.62,24.1,,16,29,0.492,0.207,6.792,192,0,0,0,keskin_bicakx1 kivilcimx1 artci_patlamax1,19,0,45,4,12,0,0,0,0,0,15,,16,16,0,31,15,0,0,0,0,0,0.517,5.289,1.267
9,Run50_KirilmaV1,Patlama yolu,bahcivan,standart,108,LAB R15 A ödülsüz #3,15,,,50,38,12,0,0,0,28,16,5,1,0,166,166,150,166,30,180,20,2,260,20,2,1622,4,9,18.13,1.25,1,2.41,0.9,4,0.3,2,18,3.72,1.24,1.58,1.25,3,,60,53,33,0,,1.15,5.83,3.02,19.27,,16,29,0.572,0.276,6.792,192,0,0,0,keskin_bicakx1 kivilcimx1,13,0,45,3,9,0,0,0,0,0,15,,0,0,0,0,0,0,0,0,0,0,0.448,3.689,1.111
9,Run50_KirilmaV1,Patlama yolu,bahcivan,standart,108,LAB R15 B +artci_patlama #3,15,,,61,39,22,0,0,0,40,16,3,0,2,333,333,150,333,30,216,27,8,296,27,8,1895,5,12,18.13,1.25,1,2.41,0.9,4,0.3,2,18,3.72,1.3,1.44,1,,2,63,45,50,,50,1.61,3.75,0,,9.63,16,29,0.536,0.172,6.792,192,0,0,0,keskin_bicakx1 kivilcimx1 artci_patlamax1,19,0,45,4,12,0,0,0,0,0,15,,16,16,0,29,12,0,0,0,0,0,0.379,7.4,1.356
9,Run50_KirilmaV1,Patlama yolu,bahcivan,standart,108,LAB R25 A ödülsüz #1,25,,,171,89,82,0,0,0,77,48,28,12,6,2342,2342,300,2342,65,564,237,58,644,237,58,9250,16,45,38.16,1.25,1,1.722,1.419,9,0.3,2,26,7.96,1.21,1.16,1.18,1.5,2,71,78,33,45,25,0.84,0.96,0.94,2.58,9.48,15,49,0.486,0.061,5.036,438,0,0,0,keskin_bicakx1 kivilcimx1 hizli_bilekx1 genis_savurusx1,37,0.025,45,15,45,0,0,0,0,0,25,,0,0,0,0,0,0,0,0,0,0,0.592,52.044,3.8
9,Run50_KirilmaV1,Patlama yolu,bahcivan,standart,108,LAB R25 B +artci_patlama #1,25,,,182,88,94,0,0,0,73,50,32,14,13,3544,3544,300,3544,65,744,284,86,824,284,86,10420,17,48,38.16,1.25,1,1.722,1.419,9,0.3,2,26,7.62,1.14,1.28,1.5,1.8,2,77,68,32,15,18,1.16,1.86,2.44,2.76,6.31,15,49,0.478,0.204,5.036,438,0,0,0,keskin_bicakx1 kivilcimx1 hizli_bilekx1 genis_savurusx1 artci_patlamax1,37,0,45,16,48,0,0,0,0,0,25,,56,54,2,57,32,0,0,0,0,0,0.388,78.756,4.044
9,Run50_KirilmaV1,Patlama yolu,bahcivan,standart,108,LAB R25 sinerji A ödülsüz #1,25,,,180,74,106,0,0,0,83,49,25,19,4,1770,1770,300,1770,65,588,196,68,668,196,68,8512,15,42,38.16,1.25,2.197,1.722,1.419,9,0.3,2,26,7.31,1.45,1.09,1.18,2,3,71,78,85,39,20,2.27,0.6,1.72,4.3,20.67,15,49,0.326,0.02,6.243,353,0,0,0,keskin_bicakx1 kivilcimx3 hizli_bilekx1 genis_savurusx1 yikim_gucux3,39,0.273,45,14,42,0,0,0,0,0,25,,0,0,0,0,0,0,0,0,0,0,0.184,39.333,4
9,Run50_KirilmaV1,Patlama yolu,bahcivan,standart,108,LAB R25 sinerji B +artci_patlama #1,25,,,171,56,115,0,0,0,68,51,31,13,8,2101,2101,300,2101,65,600,209,94,680,209,94,8416,15,42,38.16,1.25,2.197,1.722,1.419,9,0.3,2,26,6.5,1.32,1.31,1.67,1.5,1,72,67,42,31,40,1.1,1.72,2.3,5.6,0,15,49,0.32,0.02,6.243,353,0,0,0,keskin_bicakx1 kivilcimx3 hizli_bilekx1 genis_savurusx1 artci_patlamax1 yikim_gucux3,43,0.288,45,14,42,0,0,0,0,0,25,,56,54,2,40,30,0,0,0,0,0,0.265,46.689,3.8
9,Run50_KirilmaV1,Patlama yolu,bahcivan,standart,108,LAB R25 A ödülsüz #2,25,,,167,87,80,0,0,0,64,55,33,14,1,1736,1736,300,1736,65,522,198,53,602,198,53,9116,16,45,38.16,1.25,1,1.722,1.419,9,0.3,2,26,7.96,1.21,1.28,1.63,1,3,66,54,56,44,0,1.62,2.04,3.66,0,5.17,15,49,0.506,0.102,5.036,438,0,0,0,keskin_bicakx1 kivilcimx1 hizli_bilekx1 genis_savurusx1,34,0.033,45,15,45,0,0,0,0,0,25,,0,0,0,0,0,0,0,0,0,0,0.49,38.578,3.711
9,Run50_KirilmaV1,Patlama yolu,bahcivan,standart,108,LAB R25 B +artci_patlama #2,25,,,187,86,101,0,0,0,72,54,37,17,7,3138,3138,300,3138,65,585,268,95,665,268,95,10562,17,48,38.16,1.25,1,1.722,1.419,9,0.3,2,26,8.04,1.25,1.17,1.47,1.33,2,72,65,39,35,14,1.43,0.79,2.63,1.43,6.9,15,49,0.46,0.041,5.036,438,0,0,0,keskin_bicakx1 kivilcimx1 hizli_bilekx1 genis_savurusx1 artci_patlamax1,36,0.062,45,16,48,0,0,0,0,0,25,,66,63,3,55,38,0,0,0,0,0,0.286,69.733,4.156
9,Run50_KirilmaV1,Patlama yolu,bahcivan,standart,108,LAB R25 sinerji A ödülsüz #2,25,,,165,67,98,0,0,0,69,38,36,18,4,1807,1807,300,1807,65,480,239,76,560,239,76,8160,15,42,38.16,1.25,2.197,1.722,1.419,9,0.3,2,26,7.19,1.18,1.29,1.79,1.83,3,86,69,55,39,40,0.49,2.03,4.8,6.61,15.52,15,49,0.368,0,6.243,353,0,0,0,keskin_bicakx1 kivilcimx3 hizli_bilekx1 genis_savurusx1 yikim_gucux3,39,0.174,45,14,42,0,0,0,0,0,25,,0,0,0,0,0,0,0,0,0,0,0.265,40.156,3.667
9,Run50_KirilmaV1,Patlama yolu,bahcivan,standart,108,LAB R25 sinerji B +artci_patlama #2,25,,,190,68,122,0,0,0,87,46,41,14,2,1525,1525,300,1525,65,582,246,53,662,246,53,8928,15,42,38.16,1.25,2.197,1.722,1.419,9,0.3,2,26,6.54,1.43,1,1.35,1.6,1,70,86,66,50,25,1.97,0,1.72,3.78,0,15,49,0.255,0,6.243,353,0,0,0,keskin_bicakx1 kivilcimx3 hizli_bilekx1 genis_savurusx1 artci_patlamax1 yikim_gucux3,43,0.336,45,14,42,0,0,0,0,0,25,,68,65,3,41,33,0,0,0,0,0,0.265,33.889,4.222
9,Run50_KirilmaV1,Patlama yolu,bahcivan,standart,108,LAB R25 A ödülsüz #3,25,,,174,90,84,0,0,0,88,45,23,15,3,2233,2233,300,2233,65,579,138,67,659,138,67,9079,16,45,38.16,1.25,1,1.722,1.419,9,0.3,2,26,7.69,1.21,1.21,1.43,1.67,2,73,64,50,43,0,1.6,1.23,1.72,6.31,8.6,15,49,0.495,0.143,5.036,438,0,0,0,keskin_bicakx1 kivilcimx1 hizli_bilekx1 genis_savurusx1,32,0.021,45,15,45,0,0,0,0,0,25,,0,0,0,0,0,0,0,0,0,0,0.469,49.622,3.867
9,Run50_KirilmaV1,Patlama yolu,bahcivan,standart,108,LAB R25 B +artci_patlama #3,25,,,181,88,93,0,0,0,86,40,31,20,4,2489,2489,300,2489,65,588,232,60,668,232,60,9796,16,45,38.16,1.25,1,1.722,1.419,9,0.3,2,26,7.69,1.22,1.27,1.5,1.6,3.5,73,66,50,33,20,1.09,1.26,2.83,3.44,18.08,15,49,0.471,0.122,5.036,438,0,0,0,keskin_bicakx1 kivilcimx1 hizli_bilekx1 genis_savurusx1 artci_patlamax1,33,0.062,45,15,45,0,0,0,0,0,25,,57,55,2,52,35,0,0,0,0,0,0.388,55.311,4.022
9,Run50_KirilmaV1,Patlama yolu,bahcivan,standart,108,LAB R25 sinerji A ödülsüz #3,25,,,169,61,108,0,0,0,72,41,38,15,3,1613,1613,300,1613,65,462,274,56,542,274,56,8192,15,42,38.16,1.25,2.197,1.722,1.419,9,0.3,2,26,7,1.26,1.2,1.5,1.88,,77,78,39,23,33,1.54,1.12,3.45,4.52,,15,49,0.343,0.02,6.243,353,0,0,0,keskin_bicakx1 kivilcimx3 hizli_bilekx1 genis_savurusx1 yikim_gucux3,38,0.181,45,14,42,0,0,0,0,0,25,,0,0,0,0,0,0,0,0,0,0,0.327,35.844,3.756
9,Run50_KirilmaV1,Patlama yolu,bahcivan,standart,108,LAB R25 sinerji B +artci_patlama #3,25,,,181,59,122,0,0,0,80,47,37,15,2,1511,1511,300,1511,65,567,245,45,647,245,45,8576,15,42,38.16,1.25,2.197,1.722,1.419,9,0.3,2,26,6.69,1.35,1.3,1.5,2,1,67,73,43,25,,1.72,1.38,2.8,9.47,0,15,49,0.293,0,6.243,353,0,0,0,keskin_bicakx1 kivilcimx3 hizli_bilekx1 genis_savurusx1 artci_patlamax1 yikim_gucux3,43,0.277,45,14,42,0,0,0,0,0,25,,59,58,1,41,30,0,0,0,0,0,0.184,33.578,4.022
9,Run50_KirilmaV1,Patlama yolu,bahcivan,standart,108,LAB R40 A ödülsüz #1,40,,,521,222,298,0,0,1,202,161,91,52,15,9853,9853,2800,9853,500,2799,1393,381,2879,1393,381,31548,29,84,94.04,1.25,1,0.964,2.066,12,0.35,2,46,11.43,1.11,1.43,1.68,1.65,1.83,85,57,57,56,45,0.47,1.82,2.3,2.31,2.57,25,81,0.594,0.259,3.354,1087,0,0,0,keskin_bicakx1 kivilcimx2 hizli_bilekx1 genis_savurusx1 firtina_bilegix1 bereketli_toprakx1,87,0,45,28,84,0,0,0,0,0,40,,0,0,0,0,0,0,0,0,0,0,0.531,218.956,11.578
9,Run50_KirilmaV1,Patlama yolu,bahcivan,standart,108,LAB R40 B +artci_patlama #1,40,,,625,187,437,0,0,1,266,164,109,76,10,11139,11139,2800,11139,500,3078,1480,502,3158,1480,502,37821,31,90,94.04,1.25,1,0.964,2.066,12,0.35,2,46,11.02,1.09,1.13,1.36,1.68,1.83,80,68,57,35,0,0.4,0.68,1.14,3.33,2.89,25,81,0.514,0.123,3.354,1087,0,0,0,keskin_bicakx1 kivilcimx2 hizli_bilekx1 genis_savurusx1 firtina_bilegix1 bereketli_toprakx1 artci_patlamax1,100,0.007,45,30,90,0,0,0,0,0,40,,134,134,0,317,168,0,0,0,0,0,0.444,247.533,13.889
9,Run50_KirilmaV1,Patlama yolu,bahcivan,standart,108,LAB R40 A ödülsüz #2,40,,,531,224,303,0,0,4,231,122,108,61,9,9848,9848,2800,9848,500,2321,1425,481,2401,1425,481,32240,29,84,94.04,1.25,1,0.964,2.066,12,0.35,2,46,11.2,1.08,1.2,1.46,1.72,1.33,89,73,55,48,33,0.25,1.02,2.09,3.46,1.92,25,81,0.575,0.259,3.354,1087,0,0,0,keskin_bicakx1 kivilcimx2 hizli_bilekx1 genis_savurusx1 firtina_bilegix1 bereketli_toprakx1,83,0,45,28,84,0,0,0,0,0,40,,0,0,0,0,0,0,0,0,0,0,0.642,218.844,11.8
9,Run50_KirilmaV1,Patlama yolu,bahcivan,standart,108,LAB R40 B +artci_patlama #2,40,,,621,198,423,0,0,0,267,156,112,65,21,12405,12405,2800,12405,500,3351,1645,505,3431,1645,505,37659,31,90,94.04,1.25,1,0.964,2.066,12,0.35,2,46,11.09,1.1,1.23,1.45,1.4,1.5,79,64,49,40,26,0.69,1.01,1.85,1.4,1.68,25,81,0.522,0.123,3.354,1087,0,0,0,keskin_bicakx1 kivilcimx2 hizli_bilekx1 genis_savurusx1 firtina_bilegix1 bereketli_toprakx1 artci_patlamax1,89,0.007,45,30,90,0,0,0,0,0,40,,147,147,0,317,172,0,0,0,0,0,0.605,275.667,13.8
9,Run50_KirilmaV1,Patlama yolu,bahcivan,standart,108,LAB R40 A ödülsüz #3,40,,,515,211,302,0,0,2,203,141,105,52,14,10024,10024,2800,10024,500,2624,1475,404,2704,1475,404,31713,29,84,94.04,1.25,1,0.964,2.066,12,0.35,2,46,11.35,1.15,1.27,1.53,1.41,2,83,58,60,44,45,0.37,1.1,2.54,2.01,11.56,25,81,0.598,0.272,3.354,1087,0,0,0,keskin_bicakx1 kivilcimx2 hizli_bilekx1 genis_savurusx1 firtina_bilegix1 bereketli_toprakx1,82,0,45,28,84,0,0,0,0,0,40,,0,0,0,0,0,0,0,0,0,0,0.593,222.756,11.444
9,Run50_KirilmaV1,Patlama yolu,bahcivan,standart,108,LAB R40 B +artci_patlama #3,40,,,625,205,418,0,0,2,243,172,125,66,19,12760,12760,2800,12760,500,3375,1758,488,3455,1758,488,38583,31,90,94.04,1.25,1,0.964,2.066,12,0.35,2,46,11.09,1.1,1.22,1.25,1.52,1.83,75,59,48,45,25,0.21,1,1.15,1.38,2.4,25,81,0.518,0.123,3.354,1087,0,0,0,keskin_bicakx1 kivilcimx2 hizli_bilekx1 genis_savurusx1 firtina_bilegix1 bereketli_toprakx1 artci_patlamax1,91,0.007,45,30,90,0,0,0,0,0,40,,149,149,0,335,170,0,0,0,0,0,0.481,283.556,13.889
10,Run50_KirilmaV1,Patlama yolu,bahcivan,standart,109,ödülsüz eş,1,,,13,13,0,0,0,0,11,1,1,0,0,24,24,45,0,0,26,4,0,26,4,0,290,1,0,10,1,1,3,0.9,4,0.3,2,13,2.38,2.18,3,3,,,8,0,0,,,3.55,6,6,,,2,4,0.394,0,8,23,0,0,2,,4,0.217,45,0,0,0,0,0,0,0,0,,0,0,0,0,0,0,0,0,0,0,0.25,0.533,0.289
10,Run50_KirilmaV1,Patlama yolu,bahcivan,standart,109,ödülsüz eş,2,,,14,14,0,0,0,0,11,2,1,0,0,27,51,45,0,0,30,4,0,31,8,0,320,2,3,10.67,1,1,3,0.9,4,0.3,2,14,2.36,1.82,3,3,,,18,0,0,,,3.55,6,9,,,3,5,0.446,0,8,28,1,1,1,,4,0.089,45,1,3,0,0,0,0,0,0,,0,0,0,0,0,0,0,0,0,0,1,0.6,0.311
10,Run50_KirilmaV1,Patlama yolu,bahcivan,standart,109,ödülsüz eş,3,,,17,17,0,0,0,0,12,4,1,0,0,34,85,45,0,0,40,4,0,44,12,0,400,3,3,11.33,1,1,3,0.9,4,0.3,2,14,2.93,2.08,2,3,,,7,0,0,0,,3.5,9,6,,,4,6,0.593,0.167,7.335,37,1,2,1,,4,0,45,2,6,3,0,0,2,2,0,,0,0,0,0,0,0,0,0,0,0,0.833,0.756,0.378
10,Run50_KirilmaV1,Patlama yolu,bahcivan,standart,109,ödülsüz eş,4,,,19,19,0,0,0,0,15,2,1,1,0,61,146,45,0,0,38,4,2,41,16,2,450,4,3,12,1,1,3,0.9,4,0.3,2,14,3.43,2,2,4,5,,0,0,0,,,4.2,10.5,12,33,,5,7,0.672,0.286,6.477,49,3,5,1,,4,0,45,3,9,6,0,0,2,2,0,,0,0,0,0,0,0,0,0,0,0,0.571,1.356,0.422
10,Run50_KirilmaV1,Patlama yolu,bahcivan,standart,109,ödülsüz eş,5,,,17,16,1,0,0,0,13,3,1,0,0,32,178,45,32,8,38,4,0,46,20,2,412,5,3,12,1,1,2.892,0.9,4,0.3,2,15,2.6,1.75,2.33,3,,,36,0,0,,,3.37,8.67,5.8,,,6,8,0.497,0.125,6.698,54,2,7,1,,5,0.055,45,4,12,9,0,0,2,2,5,,0,0,0,0,0,0,0,0,0,0,0.5,0.711,0.378
10,Run50_KirilmaV1,Patlama yolu,bahcivan,standart,109,ödülsüz eş,6,,,20,20,0,0,0,0,13,6,1,0,0,41,41,110,0,0,50,4,0,76,24,2,508,6,3,12,1,1.3,2.892,0.9,4,0.3,2,15,3.53,1.85,2.67,1,,,25,0,0,0,,3.78,12.53,0,,,7,9,0.685,0.444,6.803,60,0,7,1,yikim_gucux1,5,0,45,5,15,9,3,0,2,2,5,,0,0,0,0,0,0,0,0,0,0,0.778,0.911,0.444
10,Run50_KirilmaV1,Patlama yolu,bahcivan,standart,109,ödülsüz eş,7,,,24,23,1,0,0,0,16,5,2,1,0,81,122,110,0,0,52,8,2,62,32,4,635,7,3,12.67,1,1.3,2.789,0.9,4,0.3,2,16,3.5,1.81,2,1.5,2,,27,0,0,0,,3.83,6.98,1.4,5.57,,7,9,0.654,0.333,6.476,63,5,12,0,yikim_gucux1,5,0,45,6,18,9,6,0,2,2,5,,0,0,0,0,0,0,0,0,0,0,0.778,1.8,0.533
10,Run50_KirilmaV1,Patlama yolu,bahcivan,standart,109,ödülsüz eş,8,,,24,22,2,0,0,0,16,0,6,2,0,136,258,110,0,0,32,24,4,52,56,8,700,9,6,13.33,1,1.3,2.789,0.9,4,0.3,2,16,3.56,2,,3.4,1,,6,,0,,,6.88,,17.29,0,,8,10,0.707,0.3,6.618,68,2,14,1,yikim_gucux1,7,0,45,8,24,12,6,0,2,2,5,,0,0,0,0,0,0,0,0,0,0,0.4,3.022,0.533
10,Run50_KirilmaV1,Patlama yolu,bahcivan,standart,109,ödülsüz eş,9,,,23,21,2,0,0,0,18,3,1,1,0,67,325,110,0,0,51,4,2,53,60,10,570,9,0,13.33,1,1.3,2.789,0.9,4,0.3,2,16,3.56,1.94,2.33,3,4,,33,0,0,0,,5.75,7.43,5.57,19.53,,9,11,0.708,0.364,6.729,74,1,15,1,yikim_gucux1,7,0,45,8,24,18,6,0,2,2,5,,0,0,0,0,0,0,0,0,0,0,0.818,1.489,0.511
10,Run50_KirilmaV1,Patlama yolu,bahcivan,standart,109,ödülsüz eş,10,,,23,21,2,0,0,0,17,4,2,0,0,49,374,110,49,16,54,8,0,64,68,10,571,10,3,14,1,1.3,2.789,0.9,4,0.3,2,16,3.69,2.07,1.75,3,,,5,0,0,,,5.95,3.49,15.33,,,10,12,0.769,0.583,6.65,81,2,17,1,yikim_gucux1,5,0,45,9,27,18,6,0,2,2,5,,0,0,0,0,0,0,0,0,0,0,0.75,1.089,0.511
10,Run50_KirilmaV1,Patlama yolu,bahcivan,standart,109,ödülsüz eş,11,,,28,21,7,0,0,0,23,4,1,0,0,45,45,150,0,0,66,4,0,67,72,10,654,11,3,15.64,1,1.3,2.689,0.9,4,0.3,2,16,3.5,1.71,2.67,1,,,40,0,0,,,3.64,16.13,0,,,10,12,0.69,0.25,6.65,81,4,21,0,yikim_gucux1 kivilcimx1,8,0,45,10,30,21,6,0,2,2,5,,0,0,0,0,0,0,0,0,0,0,0.833,1,0.622
10,Run50_KirilmaV1,Patlama yolu,bahcivan,standart,109,ödülsüz eş,12,,,24,23,1,0,0,0,12,8,4,0,0,76,121,150,0,0,76,16,0,83,58,10,680,12,3,15.64,1,1.3,2.592,0.9,4,0.3,2,17,3.71,1.67,2.38,3,,,21,0,0,,,2.59,6.48,12.96,,,11,13,0.777,0.615,6.556,89,4,25,1,yikim_gucux1 kivilcimx1,4,0,45,11,33,24,6,0,2,2,5,,0,0,0,0,0,0,0,0,0,0,0.769,1.689,0.533
10,Run50_KirilmaV1,Patlama yolu,bahcivan,standart,109,ödülsüz eş,13,,,27,25,2,0,0,0,17,7,3,0,0,68,189,150,0,0,86,12,0,96,70,10,764,13,3,17.38,1,1.3,2.5,0.9,4,0.3,2,17,3.65,1.6,2.57,2.67,,,24,0,0,,,4.17,11.07,13.33,,,11,13,0.733,0.462,6.556,89,4,29,0,yikim_gucux1 kivilcimx1,9,0,45,12,36,27,6,0,2,2,5,,0,0,0,0,0,0,0,0,0,0,0.846,1.511,0.6
10,Run50_KirilmaV1,Patlama yolu,bahcivan,standart,109,ödülsüz eş,14,,,31,28,3,0,0,0,22,2,6,1,0,118,307,150,0,0,78,24,2,80,94,12,948,14,3,18.13,1,1.3,2.41,0.9,4,0.3,2,18,3.67,1.68,3,2.17,4,,23,0,0,0,,4.31,10.85,8.83,14.47,,11,13,0.716,0.538,6.396,91,6,35,0,yikim_gucux1 kivilcimx1,7,0,45,13,39,30,6,0,2,2,5,,0,0,0,0,0,0,0,0,0,0,0.615,2.622,0.689
10,Run50_KirilmaV1,Patlama yolu,bahcivan,standart,109,ödülsüz eş,15,,,26,24,2,0,0,0,18,4,3,1,0,90,397,150,90,30,78,12,2,88,106,14,818,15,3,18.13,1,1.3,2.324,0.9,4,0.3,2,19,3.05,2,2.5,2.67,2,,13,0,0,0,,6.83,11.05,10.83,4.63,,12,15,0.535,0.2,6.452,105,2,37,1,yikim_gucux1 kivilcimx1,6,0,45,14,42,33,6,0,2,2,5,,0,0,0,0,0,0,0,0,0,0,0.4,2,0.578
10,Run50_KirilmaV1,Patlama yolu,bahcivan,standart,109,ödülsüz eş,16,,,32,24,8,0,0,0,21,8,2,1,0,95,95,220,0,0,111,8,2,114,114,16,1261,16,3,18.13,1,1.3,2.324,0.9,4,0.3,2,19,3.95,1.87,2.14,4,1,,15,10,0,,,5.26,7.31,18.57,0,,13,18,0.776,0.333,6.144,132,1,38,1,yikim_gucux1 kivilcimx1 bilgi_filizix1,9,0,45,15,45,36,6,0,2,2,5,,0,0,0,0,0,0,0,0,0,0,0.944,2.111,0.711
10,Run50_KirilmaV1,Patlama yolu,bahcivan,standart,109,ödülsüz eş,17,,,35,29,6,0,0,0,25,9,1,0,0,76,171,220,0,0,129,4,0,143,68,16,1295,18,6,18.13,1,1.3,2.324,0.9,4,0.3,2,19,4,1.77,2,,,,14,11,0,,0,8.03,8.63,,,,15,23,0.799,0.652,6.179,167,2,40,2,yikim_gucux1 kivilcimx1 bilgi_filizix1,8,0,45,17,51,39,6,0,2,2,5,,0,0,0,0,0,0,0,0,0,0,0.783,1.689,0.778
10,Run50_KirilmaV1,Patlama yolu,bahcivan,standart,109,ödülsüz eş,18,,,31,27,4,0,0,0,19,7,4,0,1,187,358,220,0,0,142,16,0,157,59,16,1291,19,3,19.2,1,1.3,2.324,0.935,4,0.3,2,19,4,1.56,1.57,2.5,,,24,0,0,0,0,5.23,2.65,9.88,,,17,28,0.862,0.643,6.034,209,4,44,2,yikim_gucux1 kivilcimx1 bilgi_filizix1,11,0,45,18,54,45,6,0,2,2,5,,0,0,0,0,0,0,0,0,0,0,0.929,4.156,0.689
10,Run50_KirilmaV1,Patlama yolu,bahcivan,standart,109,ödülsüz eş,19,,,35,25,10,0,0,0,16,13,2,2,2,418,776,220,0,0,126,25,12,155,59,28,1678,20,3,20.27,1,1.3,2.24,0.935,4,0.3,2,20,4,1.77,1.71,2.5,3,2.5,6,0,0,,,10.16,4.48,7.83,38.07,11.2,19,33,0.881,0.727,6.008,247,4,48,2,yikim_gucux1 kivilcimx1 bilgi_filizix1,9,0,45,19,57,48,6,0,2,2,5,,0,0,0,0,0,0,0,0,0,0,0.758,9.289,0.778
10,Run50_KirilmaV1,Patlama yolu,bahcivan,standart,109,ödülsüz eş,20,,,37,27,10,0,0,0,22,10,5,0,0,126,902,220,126,45,129,25,0,129,59,28,1801,21,3,20.27,1,1.3,2.16,0.97,4,0.3,2,20,4,1.79,1.33,3,,,15,29,0,,,5.4,2.64,15.67,,,18,34,0.86,0.618,5.472,280,8,56,2,yikim_gucux1 kivilcimx1 bilgi_filizix1,9,0,45,20,60,49,8,0,2,2,5,,0,0,0,0,0,0,0,0,0,0,0.882,2.8,0.822
10,Run50_KirilmaV1,Patlama yolu,bahcivan,standart,109,ödülsüz eş,21,,,44,25,19,0,0,0,26,13,5,0,0,121,121,300,0,0,159,25,0,168,59,28,2127,22,3,23.08,1,1.3,2.16,0.97,4,0.3,2,20,4,1.81,1.33,1.67,,,23,11,0,,,4.32,1.44,4.32,,,18,37,0.864,0.73,5.353,311,1,57,2,yikim_gucux1 kivilcimx2 bilgi_filizix1,10,0,45,21,63,49,11,0,2,2,5,,0,0,0,0,0,0,0,0,0,0,0.838,2.689,0.978
10,Run50_KirilmaV1,Patlama yolu,bahcivan,standart,109,ödülsüz eş,22,,,67,45,22,0,0,0,40,18,9,0,0,207,328,300,0,0,240,45,0,256,79,28,3400,24,6,24.3,1,1.3,2.16,1.005,6,0.3,2,20,6,1.58,1.69,1.75,,,29,29,14,0,0,3.42,3.66,8.64,,,18,38,0.829,0.632,5.138,333,5,62,2,yikim_gucux1 kivilcimx2 bilgi_filizix1,18,0,45,23,69,49,14,0,2,2,5,,0,0,0,0,0,0,0,0,0,0,0.842,4.6,1.489
10,Run50_KirilmaV1,Patlama yolu,bahcivan,standart,109,ödülsüz eş,23,,,57,32,25,0,0,0,29,11,14,3,0,323,651,300,0,0,165,75,6,181,119,34,3270,26,6,24.3,1,1.3,2.16,1.005,6,0.3,2,20,6,1.88,2,2.25,4,,22,17,9,0,,3.65,3.09,5.4,25.93,,19,40,0.858,0.65,5.153,349,2,64,1,yikim_gucux1 kivilcimx2 bilgi_filizix1,17,0,45,25,75,49,20,0,2,2,5,,0,0,0,0,0,0,0,0,0,0,0.95,7.178,1.267
10,Run50_KirilmaV1,Patlama yolu,bahcivan,standart,109,ödülsüz eş,24,,,65,38,27,0,0,0,32,16,12,3,2,529,1180,300,0,0,249,60,16,260,134,50,3785,27,3,24.3,1,1.3,2.16,1.005,6,0.3,2,20,6,1.81,2.22,2.67,1.5,1,29,0,0,33,0,5.14,7.21,7.44,2.17,0,20,41,0.85,0.683,5.119,360,2,66,1,yikim_gucux1 kivilcimx2 bilgi_filizix1,16,0,45,26,78,49,26,0,2,2,5,,0,0,0,0,0,0,0,0,0,0,0.878,11.756,1.444
10,Run50_KirilmaV1,Patlama yolu,bahcivan,standart,109,ödülsüz eş,25,,,63,32,31,0,0,0,33,19,9,2,0,253,1433,300,253,65,225,45,4,305,191,34,3443,29,6,25.51,1,1.3,2.16,1.075,6,0.3,2,20,6,1.94,2.29,2.43,1,,22,18,0,0,0,5.13,14.21,11.11,0,,20,44,0.758,0.568,5.074,390,3,69,2,yikim_gucux1 kivilcimx2 bilgi_filizix1,16,0,45,28,84,49,29,0,2,2,5,,0,0,0,0,0,0,0,0,0,0,0.841,5.622,1.4
10,Run50_KirilmaV1,Patlama yolu,bahcivan,standart,109,ödülsüz eş,26,,,75,33,42,0,0,0,45,21,4,3,2,519,519,500,0,0,273,65,8,338,256,42,4039,30,3,25.51,1,1.3,2.16,1.075,6,0.3,2,20,6,1.81,2.09,1,2.67,3,22,13,0,0,0,4.86,5.51,0,5.76,12.97,22,47,0.85,0.596,5.136,412,1,70,2,yikim_gucux1 kivilcimx2 bilgi_filizix1 nadir_tohumx1,20,0,45,29,87,49,35,0,2,2,5,,0,0,0,0,0,0,0,0,0,0,0.745,11.533,1.667
10,Run50_KirilmaV1,Patlama yolu,bahcivan,standart,109,ödülsüz eş,27,,,61,30,31,0,0,0,32,15,11,2,1,400,919,500,0,0,249,60,6,407,73,28,3469,31,3,28.62,1,1.3,2.16,1.075,6,0.3,2,20,6,1.83,2.22,2.5,1.5,7,24,0,0,0,0,3.6,8.64,10.45,2.17,36.73,21,49,0.878,0.633,4.884,451,3,73,2,yikim_gucux1 kivilcimx2 bilgi_filizix1 nadir_tohumx1,14,0,45,30,90,49,38,0,2,2,5,,0,0,0,0,0,0,0,0,0,0,0.837,8.889,1.356
10,Run50_KirilmaV1,Patlama yolu,bahcivan,standart,109,ödülsüz eş,28,,,88,44,44,0,0,0,45,20,15,7,1,685,1604,500,0,0,258,90,36,385,98,64,5174,33,6,29.99,1,1.3,2.092,1.075,6,0.3,2,21,6,1.73,2.33,1.89,2.25,,33,0,13,0,,3.04,9.07,4.88,5.23,,21,49,0.849,0.571,4.884,451,4,77,0,yikim_gucux1 kivilcimx2 bilgi_filizix1 nadir_tohumx1,26,0,45,32,96,49,41,0,2,2,5,,0,0,0,0,0,0,0,0,0,0,0.653,15.222,1.956
10,Run50_KirilmaV1,Patlama yolu,bahcivan,standart,109,ödülsüz eş,29,,,98,31,67,0,0,0,52,22,14,9,1,758,2362,500,0,0,294,118,33,314,240,57,5747,34,3,33.24,1,1.3,2.026,1.075,6,0.3,2,22,6,1.33,2,2.4,2.67,3,45,21,7,0,0,1.24,3.56,6.89,9.47,10.13,17,49,0.82,0.49,4.55,485,2,79,2,yikim_gucux1 kivilcimx2 bilgi_filizix1 nadir_tohumx1,23,0,45,33,99,49,47,0,2,2,5,,0,0,0,0,0,0,0,0,0,0,0.857,16.844,2.178
10,Run50_KirilmaV1,Patlama yolu,bahcivan,standart,109,ödülsüz eş,30,,,98,36,62,0,0,0,28,26,27,16,1,1351,3713,500,1351,100,288,168,51,292,178,88,7210,36,6,34.76,1,1.3,2.026,1.075,6,0.3,2,22,6,1.5,1.78,1.9,1.8,,43,8,7,0,0,2.36,2.7,4.87,5.27,,14,49,0.874,0.653,4.306,512,4,83,1,yikim_gucux1 kivilcimx2 bilgi_filizix1 nadir_tohumx1,25,0,45,35,105,49,50,0,2,2,5,,0,0,0,0,0,0,0,0,0,0,0.878,30.022,2.178
10,Run50_KirilmaV1,Patlama yolu,bahcivan,standart,109,ödülsüz eş,31,,,99,26,73,0,0,0,42,21,19,13,4,1441,1441,1200,0,0,273,172,63,300,362,131,6975,38,6,38.16,1,1.69,2.026,1.11,6,0.3,2,22,6,1.67,1.57,2.14,2.25,4.5,40,14,8,0,0,4.05,2.31,6.66,6.08,22.3,13,49,0.882,0.653,4.088,539,2,85,1,yikim_gucux2 kivilcimx2 bilgi_filizix1 nadir_tohumx1,23,0,45,37,111,49,56,0,2,2,5,,0,0,0,0,0,0,0,0,0,0,0.837,32.022,2.2
10,Run50_KirilmaV1,Patlama yolu,bahcivan,standart,109,ödülsüz eş,32,,,114,27,87,0,0,0,43,33,20,10,8,2128,3569,1200,0,0,639,212,45,714,264,76,8196,39,3,39.82,1,1.69,2.026,1.11,6,0.3,2,22,6,1.43,1.88,1.63,2,3,45,15,27,0,0,2.02,2.79,3.3,4.04,8.1,13,53,0.876,0.698,3.914,609,4,89,2,yikim_gucux2 kivilcimx2 bilgi_filizix1 nadir_tohumx1,22,0,45,38,114,49,62,0,2,2,5,,0,0,0,0,0,0,0,0,0,0,0.792,47.289,2.533
10,Run50_KirilmaV1,Patlama yolu,bahcivan,standart,109,ödülsüz eş,33,,,103,28,75,0,0,0,33,27,28,11,4,1576,5145,1200,0,0,279,352,48,293,578,54,7888,41,6,39.82,1,1.69,1.962,1.215,6,0.3,2,22,6,1.29,1.91,1.88,3,,9,27,11,0,0,1.69,4.82,2.94,7.87,,15,66,0.885,0.576,4.067,730,7,96,5,yikim_gucux2 kivilcimx2 bilgi_filizix1 nadir_tohumx1,28,0,45,40,120,52,62,0,2,2,5,,0,0,0,0,0,0,0,0,0,0,0.909,35.022,2.289
10,Run50_KirilmaV1,Patlama yolu,bahcivan,standart,109,ödülsüz eş,34,,,98,30,68,0,0,0,35,22,12,22,7,2124,7269,1200,0,0,399,160,133,612,180,167,7905,42,3,39.82,1,1.69,1.962,1.215,6,0.3,2,22,6,1.8,2,2,1.8,3,28,5,10,0,0,3.73,6.48,13.73,2.36,9.32,17,72,0.911,0.778,4.196,772,4,100,3,yikim_gucux2 kivilcimx2 bilgi_filizix1 nadir_tohumx1,20,0,45,41,123,58,62,0,2,2,5,,0,0,0,0,0,0,0,0,0,0,0.931,47.2,2.178
10,Run50_KirilmaV1,Patlama yolu,bahcivan,standart,109,ödülsüz eş,35,,,91,30,61,0,0,0,27,23,22,13,6,1900,9169,1200,1900,220,273,240,142,445,310,164,7219,43,3,39.82,1,1.69,1.962,1.215,6,0.3,2,22,4,1.44,1.6,1.75,2,1.67,55,17,0,0,0,1.96,2.36,3.92,6.86,5.23,20,79,0.909,0.772,4.48,793,4,104,3,yikim_gucux2 kivilcimx2 bilgi_filizix1 nadir_tohumx1,24,0,45,42,126,61,62,0,2,2,5,,0,0,0,0,0,0,0,0,0,0,0.975,42.222,2.022
10,Run50_KirilmaV1,Patlama yolu,bahcivan,standart,109,ödülsüz eş,36,,,89,28,61,0,0,0,31,28,17,11,2,1166,1166,2800,0,0,381,162,55,516,352,124,6811,44,3,43.38,1,1.69,1.962,1.215,6,0.3,2,22,6,2,2.5,1.5,3.17,2,16,13,13,0,0,4.15,6.88,0.98,11.13,9.83,22,81,0.919,0.753,4.627,788,3,107,2,yikim_gucux2 kivilcimx3 bilgi_filizix1 nadir_tohumx1,20,0,45,43,129,64,62,0,2,2,5,,0,0,0,0,0,0,0,0,0,0,0.877,25.911,1.978
10,Run50_KirilmaV1,Patlama yolu,bahcivan,standart,109,ödülsüz eş,37,,,90,33,57,0,0,0,32,18,25,11,4,1590,2756,2800,0,0,335,384,55,611,736,69,7478,45,3,43.38,1,1.69,1.962,1.215,6,0.3,2,22,6,1.85,2.25,1.91,3.25,4,20,0,7,20,0,4.98,4.41,5,12.76,17.67,22,81,0.91,0.716,4.627,788,2,109,0,yikim_gucux2 kivilcimx3 bilgi_filizix1 nadir_tohumx1,26,0,45,44,132,67,62,0,2,2,5,,0,0,0,0,0,0,0,0,0,0,0.901,35.333,2
10,Run50_KirilmaV1,Patlama yolu,bahcivan,standart,109,ödülsüz eş,38,,,103,38,65,0,0,0,41,31,16,11,4,1440,4196,2800,0,0,389,197,120,530,373,189,7990,46,3,45.79,1,1.69,1.901,1.265,6,0.3,2,23,6,1.5,2.1,1.86,3.5,2,35,11,17,0,0,1.9,4.94,4.34,13.3,1.9,22,81,0.901,0.778,4.627,788,3,112,0,yikim_gucux2 kivilcimx3 bilgi_filizix1 nadir_tohumx1,25,0,45,45,135,70,62,0,2,2,5,,0,0,0,0,0,0,0,0,0,0,0.901,32,2.289
10,Run50_KirilmaV1,Patlama yolu,bahcivan,standart,109,ödülsüz eş,39,,,90,24,66,0,0,0,38,24,13,11,4,1537,5733,2800,0,0,413,177,81,643,230,145,6977,47,3,49.54,1,1.69,1.901,1.265,6,0.3,2,23,6,1.86,2.3,3.5,4.5,2,27,6,0,18,,2.71,7.79,10.45,19.47,1.9,22,81,0.912,0.765,4.48,814,3,115,0,yikim_gucux2 kivilcimx3 bilgi_filizix1 nadir_tohumx1,21,0,45,46,138,73,62,0,2,2,5,,0,0,0,0,0,0,0,0,0,0,0.963,34.156,2
10,Run50_KirilmaV1,Patlama yolu,bahcivan,standart,109,ödülsüz eş,40,,,102,38,64,0,0,0,37,26,20,17,2,1663,7396,2800,1663,500,414,210,130,417,440,135,8182,48,3,49.54,1,1.69,1.901,1.265,6,0.3,2,23,6,1.44,1.91,2.25,3,2,28,15,13,0,0,1.9,3.45,7.13,6.65,1.9,22,81,0.837,0.63,4.48,814,3,118,0,yikim_gucux2 kivilcimx3 bilgi_filizix1 nadir_tohumx1,25,0,45,47,141,76,62,0,2,2,5,,0,0,0,0,0,0,0,0,0,0,0.852,36.956,2.267
10,Run50_KirilmaV1,Patlama yolu,bahcivan,standart,109,ödülsüz eş,41,,,149,51,98,0,0,0,55,41,34,15,4,2180,2180,4500,0,0,695,418,96,752,858,231,11711,49,3,49.54,1,1.69,1.289,1.265,6,0.3,2,34,6,1.76,2.18,2.12,3.17,,33,17,7,0,0,2.5,4.58,5.38,8.81,,22,81,0.879,0.753,4.379,832,1,119,0,yikim_gucux2 kivilcimx3 bilgi_filizix1 nadir_tohumx1 firtina_bilegix1,28,0,45,48,144,79,62,0,2,2,5,,0,0,0,0,0,0,0,0,0,0,0.914,48.444,3.311
10,Run50_KirilmaV1,Patlama yolu,bahcivan,standart,109,ödülsüz eş,42,,,140,50,90,0,0,0,49,30,33,26,2,2450,4630,4500,0,0,543,420,203,580,558,279,12069,51,6,56.1,1,1.69,1.289,1.315,6,0.3,2,34,6,1.44,2.42,1.91,2.3,4,28,15,6,0,,0.8,6.98,3.75,4.25,6.43,22,81,0.882,0.765,4.202,867,6,125,0,yikim_gucux2 kivilcimx3 bilgi_filizix1 nadir_tohumx1 firtina_bilegix1,27,0,45,50,150,81,63,0,2,2,5,,0,0,0,0,0,0,0,0,0,0,1,54.444,3.111
10,Run50_KirilmaV1,Patlama yolu,bahcivan,standart,109,ödülsüz eş,43,,,134,46,88,0,0,0,43,38,25,21,7,2936,7566,4500,0,0,598,492,204,828,690,313,11566,52,3,56.1,1,1.69,1.289,1.315,6,0.3,2,34,6,1.44,2.43,2.57,2.8,1.5,33,0,0,9,0,3.72,4.14,6.81,8.25,1.28,22,81,0.895,0.778,4.188,870,3,128,0,yikim_gucux2 kivilcimx3 bilgi_filizix1 nadir_tohumx1 firtina_bilegix1,25,0,45,51,153,81,69,0,2,2,5,,0,0,0,0,0,0,0,0,0,0,0.926,65.244,2.978
10,Run50_KirilmaV1,Patlama yolu,bahcivan,standart,109,ödülsüz eş,44,,,132,50,82,0,0,0,49,41,23,15,4,2149,9715,4500,0,0,684,402,96,852,1092,409,10855,53,3,56.1,1,1.69,1.248,1.365,6,0.3,2,36,6,1.95,2.08,3.67,2.56,3,14,13,6,10,0,2.43,2.41,8.11,3.89,4.37,22,81,0.901,0.778,4.166,875,2,130,0,yikim_gucux2 kivilcimx3 bilgi_filizix1 nadir_tohumx1 firtina_bilegix1,31,0,45,52,156,81,72,0,2,2,5,,0,0,0,0,0,0,0,0,0,0,0.84,47.756,2.933
10,Run50_KirilmaV1,Patlama yolu,bahcivan,standart,109,ödülsüz eş,45,,,100,37,63,0,0,0,32,37,16,14,1,1534,11249,4500,1534,800,476,216,114,478,508,523,8618,54,3,56.1,1,1.69,1.248,1.365,6,0.3,2,36,6,2.73,2.67,2.38,4,,0,0,0,0,0,7.37,5.91,4.84,14.56,,22,81,0.916,0.765,4.166,875,3,133,0,yikim_gucux2 kivilcimx3 bilgi_filizix1 nadir_tohumx1 firtina_bilegix1,25,0,45,53,159,81,75,0,2,2,5,,0,0,0,0,0,0,0,0,0,0,0.877,34.089,2.222
10,Run50_KirilmaV1,Patlama yolu,bahcivan,standart,109,ödülsüz eş,46,,,135,42,93,0,0,0,46,32,27,23,7,3420,3420,6000,0,0,688,417,216,786,545,739,12005,55,3,60.05,1,2.197,1.248,1.365,6,0.3,2,36,6,1.46,2.4,2.78,3.38,2.5,45,14,0,0,0,0.57,6.74,7.62,7.02,6.87,22,81,0.886,0.704,4.053,899,2,135,0,yikim_gucux3 kivilcimx3 bilgi_filizix1 nadir_tohumx1 firtina_bilegix1,35,0,45,54,162,81,78,0,2,2,5,,0,0,0,0,0,0,0,0,0,0,0.877,76,3
10,Run50_KirilmaV1,Patlama yolu,bahcivan,standart,109,ödülsüz eş,47,,,124,38,86,0,0,0,40,39,26,12,7,2805,6225,6000,0,0,718,483,102,759,1028,841,10833,55,0,60.05,1,2.197,1.248,1.365,6,0.333,2,36,6,1.6,2.46,2.88,2.6,4,43,8,9,0,0,2.37,4.32,4.37,7.73,16.23,22,81,0.896,0.753,4.044,901,3,138,0,yikim_gucux3 kivilcimx3 bilgi_filizix1 nadir_tohumx1 firtina_bilegix1,32,0,45,54,162,81,81,0,2,2,5,,0,0,0,0,0,0,0,0,0,0,0.951,62.333,2.756
10,Run50_KirilmaV1,Patlama yolu,bahcivan,standart,109,ödülsüz eş,48,,,149,51,98,0,0,0,41,40,42,23,3,2779,9004,6000,0,0,508,657,192,737,795,448,13564,57,6,63.05,1,2.197,1.248,1.365,6,0.367,2.333,36,6,2,1.83,2.56,2.82,1.5,28,22,11,0,0,3.52,3.02,5.83,6.47,2.5,22,81,0.89,0.741,4.044,901,6,144,0,yikim_gucux3 kivilcimx3 bilgi_filizix1 nadir_tohumx1 firtina_bilegix1,31,0,45,56,168,81,81,0,2,2,5,,0,0,0,0,0,0,0,0,0,0,0.827,61.756,3.311
10,Run50_KirilmaV1,Patlama yolu,bahcivan,standart,109,ödülsüz eş,49,,,157,56,101,0,0,0,63,39,25,25,5,3151,12155,6000,0,0,628,549,186,1365,914,344,13174,58,3,63.05,1,2.197,1.248,1.365,6,0.367,2.444,36,6,1.68,1.58,1.8,3.67,3.5,34,35,0,0,0,2.25,2.59,2.74,12.28,8.73,22,81,0.87,0.753,3.965,919,2,146,0,yikim_gucux3 kivilcimx3 bilgi_filizix1 nadir_tohumx1 firtina_bilegix1,35,0,45,57,171,81,87,0,2,2,5,,0,0,0,0,0,0,0,0,0,0,0.765,70.022,3.489
10,Run50_KirilmaV1,Patlama yolu,bahcivan,standart,109,ödülsüz eş,50,,,145,47,98,0,0,0,49,39,30,22,5,2925,15080,6000,0,0,630,588,150,795,1062,164,13034,58,0,69.27,1,2.197,1.248,1.365,6,0.367,2.556,36,6,1.67,1.6,2.67,2.57,4.33,53,32,4,7,0,2.08,4.24,7.8,7.14,9.17,22,81,0.883,0.704,3.851,946,3,149,0,yikim_gucux3 kivilcimx3 bilgi_filizix1 nadir_tohumx1 firtina_bilegix1,32,0,45,57,171,81,90,0,2,2,5,,0,0,0,0,0,0,0,0,0,0,0.889,65,3.222
10,Run50_KirilmaV1,Patlama yolu,bahcivan,standart,109,ödülsüz eş,50,KAZANDI
10,Run50_KirilmaV1,Patlama yolu,bahcivan,standart,109,LAB R15 A ödülsüz #1,15,,,31,28,3,0,0,0,24,4,3,0,0,66,66,150,66,30,96,12,0,176,12,0,905,3,6,18.13,1,1.3,2.324,0.9,4,0.3,2,19,3.16,1.52,2.5,2.67,,,50,20,0,,,2.22,9.88,14.72,,,12,15,0.501,0.133,6.452,105,0,0,0,yikim_gucux1 kivilcimx1,9,0.002,45,2,6,0,0,0,0,0,15,,0,0,0,0,0,0,0,0,0,0,0.333,1.467,0.689
10,Run50_KirilmaV1,Patlama yolu,bahcivan,standart,109,LAB R15 B +artci_patlama #1,15,,,31,21,10,0,0,0,22,6,3,0,0,70,70,150,70,30,102,12,0,182,12,0,931,3,6,18.13,1,1.3,2.324,0.9,4,0.3,2,19,3,1.59,2,2.5,,,44,14,0,,,3.28,5.82,8.12,,,12,15,0.484,0.133,6.452,105,0,0,0,yikim_gucux1 kivilcimx1 artci_patlamax1,9,0.003,45,2,6,0,0,0,0,0,15,,5,5,0,5,5,0,0,0,0,0,0.6,1.556,0.689
10,Run50_KirilmaV1,Patlama yolu,bahcivan,standart,109,LAB R15 A ödülsüz #2,15,,,30,27,3,0,0,0,21,8,0,1,0,75,75,150,75,30,111,0,2,191,0,2,892,3,6,18.13,1,1.3,2.324,0.9,4,0.3,2,19,3,1.75,1.83,,1,,26,11,,100,,4.3,6.97,,0,,12,15,0.535,0.267,6.452,105,0,0,0,yikim_gucux1 kivilcimx1,7,0,45,2,6,0,0,0,0,0,15,,0,0,0,0,0,0,0,0,0,0,0.333,1.667,0.667
10,Run50_KirilmaV1,Patlama yolu,bahcivan,standart,109,LAB R15 B +artci_patlama #2,15,,,33,25,8,0,0,0,27,2,4,0,0,73,73,150,73,30,93,16,0,173,16,0,955,3,6,18.13,1,1.3,2.324,0.9,4,0.3,2,19,2.84,1.57,2,1.67,,,36,0,50,,,3.98,4.63,3.1,,,12,15,0.477,0.133,6.452,105,0,0,0,yikim_gucux1 kivilcimx1 artci_patlamax1,8,0.01,45,2,6,0,0,0,0,0,15,,6,6,0,4,3,0,0,0,0,0,0.267,1.622,0.733
10,Run50_KirilmaV1,Patlama yolu,bahcivan,standart,109,LAB R15 A ödülsüz #3,15,,,28,24,4,0,0,0,18,6,3,1,0,96,96,150,96,30,90,12,2,170,12,2,894,3,6,18.13,1,1.3,2.324,0.9,4,0.3,2,19,3.21,1.81,1.8,1.67,,,24,25,50,0,,4.5,4.65,6.2,,,12,15,0.573,0.133,6.452,105,0,0,0,yikim_gucux1 kivilcimx1,8,0.003,45,2,6,0,0,0,0,0,15,,0,0,0,0,0,0,0,0,0,0,0.467,2.133,0.622
10,Run50_KirilmaV1,Patlama yolu,bahcivan,standart,109,LAB R15 B +artci_patlama #3,15,,,31,21,10,0,0,0,19,9,3,0,0,76,76,150,76,30,111,12,0,191,12,0,970,3,6,18.13,1,1.3,2.324,0.9,4,0.3,2,19,3,1.5,2.33,2,,,37,10,0,,,1.66,5.82,4.66,,,12,15,0.49,0.067,6.452,105,0,0,0,yikim_gucux1 kivilcimx1 artci_patlamax1,8,0.038,45,2,6,0,0,0,0,0,15,,5,5,0,7,5,0,0,0,0,0,0.333,1.689,0.689
10,Run50_KirilmaV1,Patlama yolu,bahcivan,standart,109,LAB R25 A ödülsüz #1,25,,,91,48,43,0,0,0,50,24,13,4,0,397,397,300,397,65,300,65,8,380,65,8,4986,11,30,25.51,1,1.3,2.16,1.075,6,0.3,2,20,5.95,1.41,1.33,1.67,2,,55,45,22,0,0,2.38,3.6,3.96,4.33,,20,44,0.685,0.432,5.074,390,0,0,0,yikim_gucux1 kivilcimx2 bilgi_filizix1,23,0,45,10,30,0,0,0,0,0,25,,0,0,0,0,0,0,0,0,0,0,0.705,8.822,2.022
10,Run50_KirilmaV1,Patlama yolu,bahcivan,standart,109,LAB R25 B +artci_patlama #1,25,,,109,37,72,0,0,0,65,27,14,3,0,437,437,300,437,65,369,70,6,449,70,6,5749,12,33,25.51,1,1.3,2.16,1.075,6,0.3,2,20,5.95,1.43,1.75,1.67,1,,48,35,21,60,,2.47,4.59,5.04,0,,20,44,0.633,0.295,5.074,390,0,0,0,yikim_gucux1 kivilcimx2 bilgi_filizix1 artci_patlamax1,31,0,45,11,33,0,0,0,0,0,25,,20,20,0,47,34,0,0,0,0,0,0.795,9.711,2.422
10,Run50_KirilmaV1,Patlama yolu,bahcivan,standart,109,LAB R25 sinerji A ödülsüz #1,25,,,106,38,68,0,0,0,59,23,21,2,1,498,498,300,498,65,315,125,4,395,125,4,5740,12,33,25.51,1,2.197,2.16,1.075,6,0.3,2,20,5.85,1.15,1.88,1.5,,,73,40,47,0,0,1.94,5.68,1.52,,,25,49,0.542,0.224,6.4,345,0,0,0,yikim_gucux3 kivilcimx3 bilgi_filizix1,29,0,45,11,33,0,0,0,0,0,25,,0,0,0,0,0,0,0,0,0,0,0.592,11.067,2.356
10,Run50_KirilmaV1,Patlama yolu,bahcivan,standart,109,LAB R25 sinerji B +artci_patlama #1,25,,,121,29,92,0,0,0,62,35,20,3,1,557,557,300,557,65,396,120,6,476,120,6,6600,13,36,25.51,1,2.197,2.16,1.075,6,0.3,2,20,6,1.29,2.14,1.67,1,3,45,37,55,0,0,1.02,6.8,2.15,0,19.43,25,49,0.472,0.122,6.4,345,0,0,0,yikim_gucux3 kivilcimx3 bilgi_filizix1 artci_patlamax1,37,0.03,45,12,36,0,0,0,0,0,25,,29,29,0,46,32,0,0,0,0,0,0.388,12.378,2.689
10,Run50_KirilmaV1,Patlama yolu,bahcivan,standart,109,LAB R25 A ödülsüz #2,25,,,95,40,55,0,0,0,55,20,17,2,1,476,476,300,476,65,294,90,14,374,90,14,5186,11,30,25.51,1,1.3,2.16,1.075,6,0.3,2,20,6,1.52,1.67,2.38,3,2,62,44,21,0,,3.4,4.32,7.56,23.77,10.8,20,44,0.695,0.341,5.074,390,0,0,0,yikim_gucux1 kivilcimx2 bilgi_filizix1,28,0,45,10,30,0,0,0,0,0,25,,0,0,0,0,0,0,0,0,0,0,0.614,10.578,2.111
10,Run50_KirilmaV1,Patlama yolu,bahcivan,standart,109,LAB R25 B +artci_patlama #2,25,,,116,45,71,0,0,0,65,35,13,3,0,452,452,300,452,65,417,65,6,497,65,6,6176,12,33,25.51,1,1.3,2.16,1.075,6,0.3,2,20,5.9,1.31,1.45,1.8,,,64,35,31,,,1.12,3.34,5.61,,,20,44,0.633,0.295,5.074,390,0,0,0,yikim_gucux1 kivilcimx2 bilgi_filizix1 artci_patlamax1,30,0,45,11,33,0,0,0,0,0,25,,22,22,0,58,31,0,0,0,0,0,0.477,10.044,2.578
10,Run50_KirilmaV1,Patlama yolu,bahcivan,standart,109,LAB R25 sinerji A ödülsüz #2,25,,,106,38,68,0,0,0,67,22,15,2,0,343,343,300,343,65,333,75,4,413,75,4,5400,11,30,25.51,1,2.197,2.16,1.075,6,0.3,2,20,6,1.17,1.75,1.5,,,61,33,33,33,,0.36,7.56,2.52,,,25,49,0.54,0.306,6.4,345,0,0,0,yikim_gucux3 kivilcimx3 bilgi_filizix1,25,0,45,10,30,0,0,0,0,0,25,,0,0,0,0,0,0,0,0,0,0,0.694,7.622,2.356
10,Run50_KirilmaV1,Patlama yolu,bahcivan,standart,109,LAB R25 sinerji B +artci_patlama #2,25,,,120,32,88,0,0,0,77,22,15,6,0,473,473,300,473,65,363,75,12,443,75,12,6200,12,33,25.51,1,2.197,2.16,1.075,6,0.3,2,20,5.75,1.18,1.6,1.8,,,56,30,31,25,,0.88,5.62,9.07,,,25,49,0.475,0.082,6.4,345,0,0,0,yikim_gucux3 kivilcimx3 bilgi_filizix1 artci_patlamax1,30,0.047,45,11,33,0,0,0,0,0,25,,32,32,0,59,42,0,0,0,0,0,0.49,10.511,2.667
10,Run50_KirilmaV1,Patlama yolu,bahcivan,standart,109,LAB R25 A ödülsüz #3,25,,,98,47,51,0,0,0,50,34,8,5,1,498,498,300,498,65,360,60,10,440,60,10,5406,11,30,25.51,1,1.3,2.16,1.075,6,0.3,2,20,6,1.3,1.89,1.5,2.33,1,55,48,30,0,100,2.92,7.05,2.16,10.8,0,20,44,0.678,0.455,5.074,390,0,0,0,yikim_gucux1 kivilcimx2 bilgi_filizix1,25,0,45,10,30,0,0,0,0,0,25,,0,0,0,0,0,0,0,0,0,0,0.705,11.067,2.178
10,Run50_KirilmaV1,Patlama yolu,bahcivan,standart,109,LAB R25 B +artci_patlama #3,25,,,106,44,62,0,0,0,62,26,9,6,3,760,760,300,760,65,399,65,22,479,65,22,5841,12,33,25.51,1,1.3,2.16,1.075,6,0.3,2,20,6,1.41,1.25,1,2,2,56,26,0,20,0,2.09,0.54,0,2.17,19.43,20,44,0.621,0.341,5.074,390,0,0,0,yikim_gucux1 kivilcimx2 bilgi_filizix1 artci_patlamax1,31,0,45,11,33,0,0,0,0,0,25,,23,23,0,51,30,0,0,0,0,0,0.795,16.889,2.356
10,Run50_KirilmaV1,Patlama yolu,bahcivan,standart,109,LAB R25 sinerji A ödülsüz #3,25,,,93,31,62,0,0,0,54,22,13,1,3,580,580,300,580,65,294,105,12,374,105,12,4980,11,30,25.51,1,2.197,2.16,1.075,6,0.3,2,20,5.95,1.25,1.7,1.75,3,,55,17,18,0,0,0.95,3.88,8.09,19.43,,25,49,0.585,0.306,6.4,345,0,0,0,yikim_gucux3 kivilcimx3 bilgi_filizix1,30,0,45,10,30,0,0,0,0,0,25,,0,0,0,0,0,0,0,0,0,0,0.816,12.889,2.067
10,Run50_KirilmaV1,Patlama yolu,bahcivan,standart,109,LAB R25 sinerji B +artci_patlama #3,25,,,121,32,89,0,0,0,66,36,12,4,3,714,714,300,714,65,459,80,18,539,80,18,6520,13,36,25.51,1,2.197,2.16,1.075,6,0.3,2,20,5.75,1.43,1.71,1,1,2.5,50,41,50,33,33,1.33,3.69,0,0,4.32,25,49,0.444,0.082,6.4,345,0,0,0,yikim_gucux3 kivilcimx3 bilgi_filizix1 artci_patlamax1,37,0.001,45,12,36,0,0,0,0,0,25,,32,32,0,56,33,0,0,0,0,0,0.673,15.867,2.689
10,Run50_KirilmaV1,Patlama yolu,bahcivan,standart,109,LAB R40 A ödülsüz #1,40,,,100,37,63,0,0,0,42,26,19,10,3,1520,1520,2800,1520,500,416,248,82,496,248,82,7926,14,39,49.54,1,1.69,1.901,1.265,6,0.3,2,23,6,1.17,1.69,1.63,4,,59,29,45,0,,0.32,3.51,2.14,16.15,,22,81,0.851,0.617,4.48,814,0,0,0,yikim_gucux2 kivilcimx3 bilgi_filizix1 nadir_tohumx1,28,0,45,13,39,0,0,0,0,0,40,,0,0,0,0,0,0,0,0,0,0,0.951,33.778,2.222
10,Run50_KirilmaV1,Patlama yolu,bahcivan,standart,109,LAB R40 B +artci_patlama #1,40,,,158,41,117,0,0,0,66,44,26,14,8,2601,2601,2800,2601,500,810,346,140,890,346,140,12368,19,54,49.54,1,1.69,1.901,1.265,6,0.3,2,23,6,1.32,1.6,1.8,1.75,1.67,55,42,21,13,25,0.6,2.85,3.8,3.33,1.27,22,81,0.777,0.556,4.48,814,0,0,0,yikim_gucux2 kivilcimx3 bilgi_filizix1 nadir_tohumx1 artci_patlamax1,34,0,45,18,54,0,0,0,0,0,40,,25,25,0,107,48,0,0,0,0,0,0.753,57.8,3.511
10,Run50_KirilmaV1,Patlama yolu,bahcivan,standart,109,LAB R40 A ödülsüz #2,40,,,96,36,60,0,0,0,32,28,26,7,3,1385,1385,2800,1385,500,454,280,70,534,280,70,7902,14,39,49.54,1,1.69,1.901,1.265,6,0.3,2,23,6,1.6,1.57,2.1,3.5,2,50,33,32,0,0,2.15,3.8,2.85,15.2,8.55,22,81,0.852,0.704,4.48,814,0,0,0,yikim_gucux2 kivilcimx3 bilgi_filizix1 nadir_tohumx1,28,0,45,13,39,0,0,0,0,0,40,,0,0,0,0,0,0,0,0,0,0,0.827,30.778,2.133
10,Run50_KirilmaV1,Patlama yolu,bahcivan,standart,109,LAB R40 B +artci_patlama #2,40,,,153,33,120,0,0,0,49,45,39,14,6,2526,2526,2800,2526,500,636,438,156,716,438,156,12775,19,54,49.54,1,1.69,1.901,1.265,6,0.3,2,23,6,1.5,1.73,2,3,3,53,23,21,10,0,1.66,2.59,3.99,10.13,7.6,22,81,0.794,0.506,4.48,814,0,0,0,yikim_gucux2 kivilcimx3 bilgi_filizix1 nadir_tohumx1 artci_patlamax1,34,0,45,18,54,0,0,0,0,0,40,,22,22,0,112,70,0,0,0,0,0,0.852,56.133,3.4
10,Run50_KirilmaV1,Patlama yolu,bahcivan,standart,109,LAB R40 A ödülsüz #3,40,,,122,45,77,0,0,0,47,37,21,14,3,1718,1718,2800,1718,500,524,268,106,604,268,106,9751,16,45,49.54,1,1.69,1.901,1.265,6,0.3,2,23,6,1.47,1.47,2.5,1.6,4,52,52,36,10,0,2,1.27,7.6,7.22,18.05,22,81,0.818,0.605,4.48,814,0,0,0,yikim_gucux2 kivilcimx3 bilgi_filizix1 nadir_tohumx1,29,0,45,15,45,0,0,0,0,0,40,,0,0,0,0,0,0,0,0,0,0,0.802,38.178,2.711
10,Run50_KirilmaV1,Patlama yolu,bahcivan,standart,109,LAB R40 B +artci_patlama #3,40,,,157,36,121,0,0,0,61,38,32,21,5,2640,2640,2800,2640,500,711,388,176,791,388,176,12570,19,54,49.54,1,1.69,1.901,1.265,6,0.3,2,23,6,1.1,1.67,1.38,1.4,3,37,41,31,20,0,0.19,2.85,1.43,0.76,7.6,22,81,0.791,0.593,4.48,814,0,0,0,yikim_gucux2 kivilcimx3 bilgi_filizix1 nadir_tohumx1 artci_patlamax1,35,0,45,18,54,0,0,0,0,0,40,,27,27,0,95,50,0,0,0,0,0,0.877,58.667,3.489
11,Run50_KirilmaV1,Elektrik yolu,bahcivan,standart,100,ödülsüz eş,1,,,13,13,0,0,0,0,12,1,0,0,0,15,15,45,0,0,28,0,0,28,0,0,270,1,0,10,1,1,3,0.9,4,0.3,2,13,2.08,1.83,3,,,,21,0,,,,2.5,6,,,,2,4,0.346,0,8,23,0,0,2,,3,0.205,45,0,0,0,0,0,0,0,0,,0,0,0,0,0,0,0,0,0,0,0.5,0.333,0.289
11,Run50_KirilmaV1,Elektrik yolu,bahcivan,standart,100,ödülsüz eş,2,,,15,15,0,0,0,0,13,2,0,0,0,19,34,45,0,0,34,0,0,37,0,0,320,2,3,10.67,1,1,3,0.9,4,0.3,2,14,2.14,1.77,2,,,,8,0,,,,4.15,3,,,,3,5,0.425,0.2,8,28,1,1,1,,3,0,45,1,3,0,0,0,0,0,0,,0,0,0,0,0,0,0,0,0,0,0.8,0.422,0.333
11,Run50_KirilmaV1,Elektrik yolu,bahcivan,standart,100,ödülsüz eş,3,,,16,16,0,0,0,0,10,4,2,0,0,42,76,45,0,0,36,8,0,39,8,0,400,3,3,11.33,1,1,3,0.9,4,0.3,2,14,2.64,1.8,2.75,3,,,25,0,0,,,4.2,6.75,13.5,,,4,6,0.565,0.167,8,34,2,3,1,,4,0,45,2,6,3,0,0,2,2,0,,0,0,0,0,0,0,0,0,0,0,0.5,0.933,0.356
11,Run50_KirilmaV1,Elektrik yolu,bahcivan,standart,100,ödülsüz eş,4,,,16,15,0,0,0,1,8,6,2,0,0,46,122,45,0,0,40,8,0,52,16,0,446,4,3,12,1,1,2.892,0.9,4,0.3,2,15,2.4,1.75,2.2,3,,,20,0,0,,,4.34,5.21,7.23,,,4,6,0.52,0.167,7.804,35,4,7,0,,4,0,45,3,9,6,0,0,2,2,4,,0,0,0,0,0,0,0,0,0,0,0.667,1.022,0.356
11,Run50_KirilmaV1,Elektrik yolu,bahcivan,standart,100,ödülsüz eş,5,,,19,18,0,0,0,1,14,3,2,0,0,43,165,45,43,8,40,8,0,52,24,0,476,5,3,12,1,1,2.892,0.9,4,0.3,2,15,3.2,1.71,3,3.5,,,24,0,0,,,3.51,8.68,13.02,,,5,8,0.566,0.125,7.51,48,0,7,1,,5,0.044,45,4,12,9,0,0,2,2,4,,0,0,0,0,0,0,0,0,0,0,0.875,0.956,0.422
11,Run50_KirilmaV1,Elektrik yolu,bahcivan,standart,100,ödülsüz eş,6,,,25,20,0,0,0,5,19,3,3,0,0,58,58,110,0,0,50,12,0,52,36,0,624,6,3,12,1,1.3,2.892,0.9,4,0.3,2,15,3.07,1.53,2.67,3.5,,,40,0,0,,,3.28,12.53,17.35,,,6,9,0.543,0,7.559,54,1,8,1,yikim_gucux1,8,0.109,45,5,15,9,3,0,2,2,4,,0,0,0,0,0,0,0,0,0,0,0.444,1.289,0.556
11,Run50_KirilmaV1,Elektrik yolu,bahcivan,standart,100,ödülsüz eş,7,,,26,23,2,0,0,1,15,9,2,0,0,62,120,110,0,0,66,8,0,69,44,0,689,8,6,12,1,1.3,2.892,0.9,4,0.3,2,15,3.73,1.87,2.29,3,,,7,13,0,0,,4.63,7.02,11.57,,,7,11,0.573,0.273,7.594,65,1,9,1,yikim_gucux1,7,0,45,7,21,12,3,0,2,2,4,,0,0,0,0,0,0,0,0,0,0,0.545,1.378,0.578
11,Run50_KirilmaV1,Elektrik yolu,bahcivan,standart,100,ödülsüz eş,8,,,28,22,0,0,0,6,18,6,3,1,0,96,216,110,0,0,66,12,2,66,56,2,752,9,3,13.33,1,1.3,2.789,0.9,4,0.3,2,16,3.5,1.71,1.75,3,3,,17,0,0,,,3.99,3.48,12.08,5.6,,8,12,0.648,0.333,7.434,73,5,14,1,yikim_gucux1,6,0,45,8,24,18,3,0,2,2,4,,0,0,0,0,0,0,0,0,0,0,0.417,2.133,0.622
11,Run50_KirilmaV1,Elektrik yolu,bahcivan,standart,100,ödülsüz eş,9,,,32,20,3,0,0,9,21,8,3,0,0,75,291,110,0,0,82,12,0,85,68,2,826,10,3,14,1,1.3,2.789,0.9,4,0.3,2,16,3.5,1.47,2.75,3,,,32,14,0,,,3.53,16.74,11.17,,,9,13,0.58,0.154,7.19,81,2,16,1,yikim_gucux1,10,0,45,9,27,21,3,0,2,2,4,,0,0,0,0,0,0,0,0,0,0,0.538,1.667,0.711
11,Run50_KirilmaV1,Elektrik yolu,bahcivan,standart,100,ödülsüz eş,10,,,25,18,1,0,0,6,19,5,1,0,0,44,335,110,44,16,63,4,0,74,72,2,602,11,3,14,1,1.3,2.689,0.9,4,0.3,2,16,3,1.57,2,,,,19,0,0,,,3.84,5.37,,,,10,15,0.526,0.133,7.055,96,3,19,1,yikim_gucux1,10,0.035,45,10,30,24,3,0,2,2,4,,0,0,0,0,0,0,0,0,0,0,0.6,0.978,0.556
11,Run50_KirilmaV1,Elektrik yolu,bahcivan,standart,100,ödülsüz eş,11,,,38,24,0,0,0,14,31,3,4,0,0,80,80,150,0,0,77,16,0,81,88,2,919,12,3,14,1,1.3,2.689,0.9,4,0.3,2,16,4,1.83,1.5,2.75,,,25,0,0,,,5.83,4.04,11.43,,,11,18,0.703,0.5,6.626,122,0,19,1,yikim_gucux1 kivilcimx1,9,0,45,11,33,25,5,0,2,2,4,,0,0,0,0,0,0,0,0,0,0,0.722,1.778,0.844
11,Run50_KirilmaV1,Elektrik yolu,bahcivan,standart,100,ödülsüz eş,12,,,38,25,1,0,0,12,29,8,1,0,0,63,143,150,0,0,98,4,0,100,62,2,930,14,6,15.64,1,1.3,2.689,0.9,4,0.3,2,16,4,1.65,1.75,4,,,29,0,0,,,5.51,3.37,29.57,,,12,20,0.708,0.35,6.693,134,3,22,1,yikim_gucux1 kivilcimx1,9,0,45,13,39,25,8,0,2,2,4,,0,0,0,0,0,0,0,0,0,0,0.85,1.4,0.844
11,Run50_KirilmaV1,Elektrik yolu,bahcivan,standart,100,ödülsüz eş,13,,,45,27,0,0,0,18,29,13,3,0,0,98,241,150,0,0,152,12,0,164,74,2,1288,15,3,15.64,1,1.3,2.592,0.9,4,0.3,2,17,4,1.6,1.86,,,,23,0,0,,,4.15,6.66,,,,13,22,0.708,0.455,6.584,150,4,26,1,yikim_gucux1 kivilcimx1,11,0,45,14,42,31,8,0,2,2,4,,0,0,0,0,0,0,0,0,0,0,0.864,2.178,1
11,Run50_KirilmaV1,Elektrik yolu,bahcivan,standart,100,ödülsüz eş,14,,,37,29,0,0,0,8,24,9,4,0,0,91,332,150,0,0,117,16,0,118,90,2,1119,16,3,17.38,1,1.3,2.5,0.9,4,0.3,2,17,4,1.47,2.38,2.5,,,28,0,0,,,7.11,13.75,6.25,,,14,25,0.782,0.64,6.573,171,5,31,1,yikim_gucux1 kivilcimx1,9,0,45,15,45,34,8,0,2,2,4,,0,0,0,0,0,0,0,0,0,0,0.76,2.022,0.822
11,Run50_KirilmaV1,Elektrik yolu,bahcivan,standart,100,ödülsüz eş,15,,,42,26,0,0,0,16,29,9,1,3,0,170,502,150,170,30,132,4,6,133,44,8,1270,17,3,18.13,1,1.3,2.5,0.9,4,0.3,2,17,4,1.48,1.75,,4,,41,0,0,0,,3.45,6.88,,10,,16,30,0.776,0.633,6.657,203,3,34,2,yikim_gucux1 kivilcimx1,11,0,45,16,48,37,8,0,2,2,4,,0,0,0,0,0,0,0,0,0,0,0.767,3.778,0.933
11,Run50_KirilmaV1,Elektrik yolu,bahcivan,standart,100,ödülsüz eş,16,,,53,27,8,0,0,18,34,11,8,0,0,181,181,220,0,0,168,32,0,180,76,8,1714,19,6,19.2,1,1.69,2.41,0.9,4,0.3,2,18,4,1.59,1.83,1.5,,,14,11,0,0,0,4.25,7.23,4.22,,,17,31,0.748,0.516,6.385,218,5,39,1,yikim_gucux2 kivilcimx1,15,0,45,18,54,40,8,0,2,2,4,,0,0,0,0,0,0,0,0,0,0,0.742,4.022,1.178
11,Run50_KirilmaV1,Elektrik yolu,bahcivan,standart,100,ödülsüz eş,17,,,73,27,7,0,0,39,51,15,4,1,2,570,751,220,0,0,286,33,2,321,59,10,2443,21,6,20.27,1,1.69,2.24,0.935,4,0.3,2,20,3.9,1.47,1.63,2,2,4,32,20,0,,,2.99,10.36,12.32,8.97,33.6,16,34,0.709,0.441,6.187,247,8,47,3,yikim_gucux2 kivilcimx1,16,0,45,20,60,46,8,0,2,2,4,,0,0,0,0,0,0,0,0,0,0,0.529,12.667,1.622
11,Run50_KirilmaV1,Elektrik yolu,bahcivan,standart,100,ödülsüz eş,18,,,57,31,4,0,0,22,36,14,3,4,0,305,1056,220,0,0,192,15,8,194,49,18,2162,22,3,20.27,1,1.69,2.16,0.97,4,0.3,2,20,4,1.65,1.8,1.67,1.67,,18,15,0,0,,4.1,7.34,2.17,2.88,,19,43,0.798,0.395,5.739,337,8,55,4,yikim_gucux2 kivilcimx1,12,0,45,21,63,49,11,0,2,2,4,,0,0,0,0,0,0,0,0,0,0,0.814,6.778,1.267
11,Run50_KirilmaV1,Elektrik yolu,bahcivan,standart,100,ödülsüz eş,19,,,64,32,4,0,0,28,36,20,6,2,0,271,1327,220,0,0,228,30,4,282,79,22,2468,23,3,23.08,1,1.69,2.16,0.97,4,0.3,2,20,4,1.47,1.5,1.67,2,,24,15,0,0,,3.6,3.24,3.6,9.73,,20,44,0.811,0.636,5.78,343,1,56,1,yikim_gucux2 kivilcimx1,14,0,45,22,66,49,14,0,2,2,4,,0,0,0,0,0,0,0,0,0,0,0.727,6.022,1.422
11,Run50_KirilmaV1,Elektrik yolu,bahcivan,standart,100,ödülsüz eş,20,,,79,43,20,0,0,16,39,26,8,4,2,751,2078,220,751,45,273,40,26,283,84,48,3564,25,6,24.3,1,1.69,2.16,1.04,6,0.3,2,20,5.95,1.7,1.69,2.33,3.25,,28,18,0,0,0,3.76,6.15,12.97,13.51,,21,46,0.668,0.391,5.604,369,8,64,1,yikim_gucux2 kivilcimx1,19,0,45,24,72,49,17,0,2,2,4,,0,0,0,0,0,0,0,0,0,0,0.565,16.689,1.756
11,Run50_KirilmaV1,Elektrik yolu,bahcivan,standart,100,ödülsüz eş,21,,,64,42,3,0,0,19,30,20,6,8,0,509,509,300,0,0,210,30,16,253,81,44,3015,27,6,24.3,1,1.69,2.16,1.04,6,0.3,2,20,6,2,2,2.75,2.33,,17,10,0,0,0,5.97,6.88,10.26,11.17,,23,49,0.822,0.469,5.567,396,2,66,4,yikim_gucux2 kivilcimx2,18,0,45,26,78,49,23,0,2,2,4,,0,0,0,0,0,0,0,0,0,0,0.735,11.311,1.422
11,Run50_KirilmaV1,Elektrik yolu,bahcivan,standart,100,ödülsüz eş,22,,,81,43,12,0,0,26,42,22,13,2,2,594,1103,300,0,0,303,85,6,316,123,30,3697,28,3,25.51,1,1.69,2.16,1.075,6,0.3,2,20,6,1.85,1.69,2.75,1,1,21,33,9,0,0,5.19,7.15,12.97,0,0,21,49,0.788,0.531,5.487,402,4,70,1,yikim_gucux2 kivilcimx2,26,0,45,27,81,49,29,0,2,2,4,,0,0,0,0,0,0,0,0,0,0,0.816,13.2,1.8
11,Run50_KirilmaV1,Elektrik yolu,bahcivan,standart,100,ödülsüz eş,23,,,75,42,7,0,0,26,47,16,7,3,2,709,1812,300,0,0,237,55,20,373,178,50,3257,29,3,25.51,1,1.69,2.16,1.075,6,0.3,2,20,6,1.81,2.22,2,2,1,24,23,0,0,,4.8,6.72,6.48,8.64,0,21,49,0.807,0.531,5.487,402,1,71,0,yikim_gucux2 kivilcimx2,23,0,45,28,84,49,32,0,2,2,4,,0,0,0,0,0,0,0,0,0,0,0.857,15.756,1.667
11,Run50_KirilmaV1,Elektrik yolu,bahcivan,standart,100,ödülsüz eş,24,,,109,47,7,0,0,55,51,25,21,10,2,1159,2971,300,0,0,393,105,30,436,283,60,5544,31,6,29.99,1,1.69,2.092,1.075,6,0.3,2,21,6,1.57,1.58,1.67,2.71,1,40,13,10,0,,3.78,3.66,5.58,12.25,0,18,49,0.764,0.51,5.317,415,3,74,1,yikim_gucux2 kivilcimx2,24,0,45,30,90,49,35,0,2,2,4,,0,0,0,0,0,0,0,0,0,0,0.571,25.756,2.422
11,Run50_KirilmaV1,Elektrik yolu,bahcivan,standart,100,ödülsüz eş,25,,,125,55,15,0,0,55,51,32,29,13,0,1190,4161,300,1190,65,345,174,39,366,281,59,6581,33,6,33.24,1,1.69,2.026,1.075,6,0.3,2,22,5.95,1.46,1.58,2,2,,47,24,16,10,0,2.2,4.72,4.78,4.05,,16,49,0.72,0.49,5.054,436,4,78,2,yikim_gucux2 kivilcimx2,28,0,45,32,96,49,41,0,2,2,4,,0,0,0,0,0,0,0,0,0,0,0.531,26.444,2.778
11,Run50_KirilmaV1,Elektrik yolu,bahcivan,standart,100,ödülsüz eş,26,,,136,49,25,0,0,62,42,49,30,11,4,1964,1964,500,0,0,465,246,33,511,297,92,7324,35,6,34.76,1,2.197,2.026,1.075,6,0.3,2,22,6,1.17,1.68,1.7,2,2,50,26,33,0,0,1.01,4.27,3.45,5.4,8.1,16,49,0.709,0.408,5.054,436,3,81,0,yikim_gucux3 kivilcimx2,29,0,45,34,102,49,47,0,2,2,4,,0,0,0,0,0,0,0,0,0,0,0.653,43.644,3.022
11,Run50_KirilmaV1,Elektrik yolu,bahcivan,standart,100,ödülsüz eş,27,,,145,47,23,0,0,75,50,40,24,25,6,2878,4842,500,0,0,480,190,97,651,227,189,8110,37,6,38.16,1,2.197,2.026,1.11,6,0.3,2,22,6,1.32,2,1.78,1.5,1,50,21,13,33,0,1.6,6.42,6.08,4.06,0,16,49,0.689,0.429,4.891,451,4,85,0,yikim_gucux3 kivilcimx2,31,0,45,36,108,49,53,0,2,2,4,,0,0,0,0,0,0,0,0,0,0,0.592,63.956,3.222
11,Run50_KirilmaV1,Elektrik yolu,bahcivan,standart,100,ödülsüz eş,28,,,143,51,15,0,0,77,68,31,34,7,3,1714,6556,500,0,0,390,265,45,441,352,84,7249,38,3,39.82,1,2.197,1.962,1.145,6,0.3,2,22,6,1.33,2,1.88,,1,53,21,26,0,0,1.69,7.4,6.01,,0,14,56,0.705,0.446,4.679,539,8,93,3,yikim_gucux3 kivilcimx2,30,0,45,37,111,49,59,0,2,2,4,,0,0,0,0,0,0,0,0,0,0,0.768,38.089,3.178
11,Run50_KirilmaV1,Elektrik yolu,bahcivan,standart,100,ödülsüz eş,29,,,102,46,0,0,0,56,47,23,18,12,2,1651,8207,500,0,0,327,126,48,408,178,72,5211,39,3,39.82,1,2.197,1.962,1.145,6,0.3,2,22,6,1.57,2.3,2.38,3.4,,36,13,0,13,0,3.15,5.89,10.3,14.93,,16,71,0.859,0.535,4.749,673,2,95,6,yikim_gucux3 kivilcimx2,25,0,45,38,114,52,59,0,2,2,4,,0,0,0,0,0,0,0,0,0,0,0.746,36.689,2.267
11,Run50_KirilmaV1,Elektrik yolu,bahcivan,standart,100,ödülsüz eş,30,,,130,53,32,0,0,45,53,39,15,20,3,2140,10347,500,2140,100,393,132,86,461,242,138,7004,41,6,43.38,1,2.197,1.962,1.145,6,0.3,2,22,6,1.56,1.44,2.4,2.5,1,37,52,0,10,0,2.4,3.27,10.99,10.01,0,17,76,0.733,0.474,4.828,708,2,97,2,yikim_gucux3 kivilcimx2,35,0,45,40,120,55,59,0,2,2,4,,0,0,0,0,0,0,0,0,0,0,0.658,47.556,2.889
11,Run50_KirilmaV1,Elektrik yolu,bahcivan,standart,100,ödülsüz eş,31,,,118,55,13,0,0,50,41,25,25,20,7,3116,3116,1200,0,0,454,256,112,520,308,185,7045,42,3,43.38,1.25,2.197,1.962,1.18,6,0.3,2,22,6,1.53,1.78,2.14,1.67,2.25,38,29,14,25,0,3.82,3.5,5.33,3.06,5.4,19,80,0.845,0.575,4.86,741,5,102,2,yikim_gucux3 kivilcimx2 keskin_bicakx1,34,0,45,41,123,61,59,0,2,2,4,,0,0,0,0,0,0,0,0,0,0,0.85,69.244,2.622
11,Run50_KirilmaV1,Elektrik yolu,bahcivan,standart,100,ödülsüz eş,32,,,113,49,12,0,0,52,42,35,23,13,0,1609,4725,1200,0,0,374,184,65,404,262,75,6139,43,3,43.38,1.25,2.197,1.901,1.23,6,0.3,2,23,6,1.4,2.06,2.45,2.57,,45,16,0,10,0,4.05,4.04,6.56,7.6,,20,81,0.861,0.679,4.921,741,6,108,1,yikim_gucux3 kivilcimx2 keskin_bicakx1,27,0,45,42,126,64,59,0,2,2,4,,0,0,0,0,0,0,0,0,0,0,0.802,35.756,2.511
11,Run50_KirilmaV1,Elektrik yolu,bahcivan,standart,100,ödülsüz eş,33,,,162,58,35,0,0,69,64,49,30,17,2,2217,6942,1200,0,0,587,270,105,621,532,180,8585,44,3,46.93,1.25,2.197,1.901,1.23,6,0.3,2,23,6,1.37,2.23,1.63,1.57,,53,31,20,20,0,2.03,8.04,3.8,2.99,,20,81,0.803,0.605,4.921,741,2,110,0,yikim_gucux3 kivilcimx2 keskin_bicakx1,33,0,45,43,129,67,59,0,2,2,4,,0,0,0,0,0,0,0,0,0,0,0.704,49.267,3.6
11,Run50_KirilmaV1,Elektrik yolu,bahcivan,standart,100,ödülsüz eş,34,,,159,58,24,0,0,77,62,46,29,16,6,2909,9851,1200,0,0,790,328,100,886,860,170,8700,45,3,46.93,1.25,2.197,1.901,1.265,6,0.3,2,23,6,1.48,1.5,1.75,1.63,2,40,33,17,13,0,2.56,2.66,4.12,3.8,6.08,20,81,0.792,0.63,4.869,749,5,115,0,yikim_gucux3 kivilcimx2 keskin_bicakx1,30,0,45,44,132,70,59,0,2,2,4,,0,0,0,0,0,0,0,0,0,0,0.84,64.644,3.533
11,Run50_KirilmaV1,Elektrik yolu,bahcivan,standart,100,ödülsüz eş,35,,,113,40,17,0,0,56,49,29,19,13,3,1815,11666,1200,1815,220,509,190,85,685,490,255,6148,46,3,49.54,1.25,2.197,1.841,1.265,6,0.3,2,24,4,1.29,1.67,1.75,2.25,1,61,13,0,0,0,2.28,2.66,7.6,8.73,0,20,81,0.851,0.568,4.793,761,3,118,0,yikim_gucux3 kivilcimx2 keskin_bicakx1,35,0,45,45,135,73,59,0,2,2,4,,0,0,0,0,0,0,0,0,0,0,0.827,40.333,2.511
11,Run50_KirilmaV1,Elektrik yolu,bahcivan,standart,100,ödülsüz eş,36,,,225,73,43,0,0,109,82,58,51,27,7,4402,4402,2800,0,0,899,641,177,1034,811,307,12486,47,3,53.29,1.25,2.197,1.289,1.315,6,0.3,2,34,6,1.44,1.5,1.71,1.33,3.67,43,21,29,15,0,1.63,1.74,4.09,1.28,16.33,20,81,0.719,0.469,4.675,780,4,122,0,yikim_gucux3 kivilcimx2 keskin_bicakx1 firtina_bilegix1,41,0,45,46,138,76,59,0,2,2,4,,0,0,0,0,0,0,0,0,0,0,0.815,97.822,5
11,Run50_KirilmaV1,Elektrik yolu,bahcivan,standart,100,ödülsüz eş,37,,,258,98,40,0,0,120,97,66,48,39,8,5287,9689,2800,0,0,1214,568,237,1238,659,544,14379,49,6,56.1,1.25,2.197,1.248,1.365,6,0.3,2,36,6,1.23,2,1.86,1.14,2,70,22,28,26,0,0.62,6.76,4.55,1.34,8.73,20,81,0.708,0.395,4.63,787,4,126,0,yikim_gucux3 kivilcimx2 keskin_bicakx1 firtina_bilegix1,54,0,45,48,144,79,59,0,2,2,4,,0,0,0,0,0,0,0,0,0,0,0.543,117.489,5.733
11,Run50_KirilmaV1,Elektrik yolu,bahcivan,standart,100,ödülsüz eş,38,,,236,90,45,0,0,101,72,65,63,29,7,4915,14604,2800,0,0,874,914,196,882,1213,600,14019,51,6,60.05,1.25,2.197,1.248,1.365,6,0.3,2,36,6,1.24,1.47,2,2,1.5,62,41,26,13,0,1.17,2.28,7.01,3.89,9.04,20,81,0.707,0.519,4.53,805,5,131,0,yikim_gucux3 kivilcimx2 keskin_bicakx1 firtina_bilegix1,47,0,45,50,150,81,63,0,2,2,4,,0,0,0,0,0,0,0,0,0,0,0.691,109.222,5.244
11,Run50_KirilmaV1,Elektrik yolu,bahcivan,standart,100,ödülsüz eş,39,,,245,97,39,0,0,109,95,58,48,35,9,5640,20244,2800,0,0,968,696,276,1105,729,876,14279,52,3,60.05,1.25,2.197,1.248,1.365,6,0.333,2,36,6,1.26,1.75,1.53,2.3,2,66,37,19,24,20,1.08,4.31,2.16,6.86,3.1,20,81,0.715,0.494,4.419,825,5,136,0,yikim_gucux3 kivilcimx2 keskin_bicakx1 firtina_bilegix1,47,0,45,51,153,81,69,0,2,2,4,,0,0,0,0,0,0,0,0,0,0,0.63,125.333,5.444
11,Run50_KirilmaV1,Elektrik yolu,bahcivan,standart,100,ödülsüz eş,40,,,247,90,75,0,0,82,81,70,52,30,14,6857,27101,2800,6857,500,1194,765,318,1769,1494,1039,14515,53,3,60.05,1.25,2.197,1.248,1.365,6,0.367,2,36,5.92,1.29,1.59,1.53,1.55,1.83,70,43,43,35,0,1.47,3.8,5.13,4.31,3.54,20,81,0.571,0.37,4.41,827,3,139,0,yikim_gucux3 kivilcimx2 keskin_bicakx1 firtina_bilegix1,47,0,45,52,156,81,72,0,2,2,4,,0,0,0,0,0,0,0,0,0,0,0.63,152.378,5.489
11,Run50_KirilmaV1,Elektrik yolu,bahcivan,standart,100,ödülsüz eş,41,,,288,104,39,0,0,145,107,78,59,32,12,6196,6196,4500,0,0,1180,923,307,1299,1097,1196,16476,55,6,69.27,1.25,2.197,1.209,1.365,6,0.367,2.111,37,6,1.23,1.45,1.64,1.78,1.33,66,48,35,13,0,1.03,1.91,3.2,4.7,0.4,20,81,0.729,0.506,3.748,972,5,144,0,yikim_gucux3 kivilcimx2 keskin_bicakx1 firtina_bilegix1 bereketli_toprakx1,51,0,45,54,162,81,75,0,2,2,4,,0,0,0,0,0,0,0,0,0,0,0.716,137.689,6.4
11,Run50_KirilmaV1,Elektrik yolu,bahcivan,standart,100,ödülsüz eş,42,,,414,135,97,0,0,182,137,119,95,51,12,8377,14573,4500,0,0,1756,1230,456,2035,1887,1482,24007,57,6,69.27,1.25,2.197,1.209,1.415,9,0.367,2.111,37,8.89,1.21,1.39,1.38,1.64,1,77,54,48,42,57,0.96,2.48,2.95,3.19,0,20,81,0.602,0.37,3.647,999,4,148,0,yikim_gucux3 kivilcimx2 keskin_bicakx1 firtina_bilegix1 bereketli_toprakx1,73,0,45,56,168,81,81,0,2,2,4,,0,0,0,0,0,0,0,0,0,0,0.568,186.156,9.2
11,Run50_KirilmaV1,Elektrik yolu,bahcivan,standart,100,ödülsüz eş,43,,,388,131,95,0,0,162,122,106,81,55,24,10825,25398,4500,0,0,1832,1344,570,2057,1631,1857,24361,58,3,76.92,1.25,2.197,1.209,1.465,9,0.367,2.222,37,8.81,1.17,1.39,1.52,1.78,1.33,75,49,38,33,45,0.89,2.42,3.31,4.36,1.61,20,81,0.624,0.395,3.637,1002,7,155,0,yikim_gucux3 kivilcimx2 keskin_bicakx1 firtina_bilegix1 bereketli_toprakx1,71,0,45,57,171,81,87,0,2,2,4,,0,0,0,0,0,0,0,0,0,0,0.605,240.556,8.622
11,Run50_KirilmaV1,Elektrik yolu,bahcivan,standart,100,ödülsüz eş,44,,,406,139,91,0,0,176,138,112,90,55,11,8709,34107,4500,0,0,1763,1125,504,1825,2221,541,24582,60,6,83.44,1.25,2.197,1.209,1.465,9,0.367,2.222,37,8.81,1.3,1.35,1.68,1.57,2,73,59,33,32,0,1.82,2.33,4.4,3.47,4.83,19,86,0.629,0.384,3.488,1110,4,159,2,yikim_gucux3 kivilcimx2 keskin_bicakx1 firtina_bilegix1 bereketli_toprakx1,69,0,45,59,177,81,90,0,2,2,4,,0,0,0,0,0,0,0,0,0,0,0.535,193.533,9.022
11,Run50_KirilmaV1,Elektrik yolu,bahcivan,standart,100,ödülsüz eş,45,,,393,134,45,0,0,214,148,99,82,50,14,8765,42872,4500,8765,800,1690,1299,402,1900,1774,603,24652,62,6,87.23,1.25,2.197,1.171,1.465,9,0.367,2.333,38,9,1.34,1.83,1.82,1.32,1.4,63,32,24,48,38,2.63,4.76,3.81,3.02,2.11,28,121,0.742,0.298,3.762,1447,5,164,14,yikim_gucux3 kivilcimx2 keskin_bicakx1 firtina_bilegix1 bereketli_toprakx1,79,0,45,61,183,87,90,0,2,2,4,,0,0,0,0,0,0,0,0,0,0,0.678,194.778,8.733
11,Run50_KirilmaV1,Elektrik yolu,bahcivan,standart,100,ödülsüz eş,46,,,445,163,54,0,0,228,168,120,103,45,9,8179,8179,6000,0,0,2220,1281,378,2290,2485,981,27054,63,3,87.23,1.563,2.197,1.171,1.515,9,0.367,2.333,38,8.95,1.16,1.19,1.38,1.58,1.67,68,66,33,22,25,1.1,2.23,2.3,3.64,4.29,28,121,0.714,0.545,3.739,1456,4,168,0,yikim_gucux3 kivilcimx2 keskin_bicakx2 firtina_bilegix1 bereketli_toprakx1,83,0,45,62,186,93,90,0,2,2,4,,0,0,0,0,0,0,0,0,0,0,0.785,181.756,9.889
11,Run50_KirilmaV1,Elektrik yolu,bahcivan,standart,100,ödülsüz eş,47,,,490,179,61,0,0,250,169,125,105,72,19,12124,20303,6000,0,0,2659,1509,528,3049,1964,1219,31207,65,6,98.13,1.563,2.197,1.171,1.515,9,0.367,2.444,38,8.95,1.18,1.12,1.48,1.56,1.33,72,73,65,41,29,0.89,0.92,2.67,3.17,3.32,28,121,0.711,0.521,3.555,1532,4,172,0,yikim_gucux3 kivilcimx2 keskin_bicakx2 firtina_bilegix1 bereketli_toprakx1,83,0,45,64,192,96,90,0,2,2,4,,0,0,0,0,0,0,0,0,0,0,0.628,269.422,10.889
11,Run50_KirilmaV1,Elektrik yolu,bahcivan,standart,100,ödülsüz eş,48,,,482,158,68,0,0,256,177,114,121,51,19,11552,31855,6000,0,0,2328,1779,498,2897,3103,1717,31354,67,6,98.13,1.563,2.197,1.134,1.515,9,0.367,2.444,39,9,1.23,1.23,1.28,1.63,1.67,65,61,52,21,25,1.54,1.33,2.76,5.17,4.72,28,121,0.714,0.57,3.509,1552,5,177,0,yikim_gucux3 kivilcimx2 keskin_bicakx2 firtina_bilegix1 bereketli_toprakx1,81,0,45,66,198,102,90,0,2,2,4,,0,0,0,0,0,0,0,0,0,0,0.81,256.711,10.711
11,Run50_KirilmaV1,Elektrik yolu,bahcivan,standart,100,ödülsüz eş,49,,,492,172,76,0,0,244,169,125,110,64,24,14480,46335,6000,0,0,2664,1851,576,2951,1964,1963,41106,69,6,102.22,1.563,2.197,1.134,1.615,9,0.367,2.556,39,9,1.1,1.24,1.5,1.35,1.57,84,68,42,38,18,0.5,1.72,2.1,3.13,4.86,28,121,0.723,0.554,3.423,1591,8,185,0,yikim_gucux3 kivilcimx2 keskin_bicakx2 firtina_bilegix1 bereketli_toprakx1,85,0,45,68,204,108,90,0,2,2,4,,0,0,0,0,0,0,0,0,0,0,0.636,321.778,10.933
11,Run50_KirilmaV1,Elektrik yolu,bahcivan,standart,100,ödülsüz eş,50,,,500,175,50,0,0,275,165,131,112,68,24,14630,60965,6000,0,0,2453,1887,654,3104,2151,2617,42432,71,6,114.01,1.563,2.197,1.134,1.615,9,0.367,2.556,39,9,1.16,1.29,1.52,1.41,1,68,65,47,41,43,1.36,1.68,4.32,2.16,0,28,121,0.713,0.554,3.337,1632,2,187,0,yikim_gucux3 kivilcimx2 keskin_bicakx2 firtina_bilegix1 bereketli_toprakx1,82,0,45,70,210,114,90,0,2,2,4,,0,0,0,0,0,0,0,0,0,0,0.669,325.111,11.111
11,Run50_KirilmaV1,Elektrik yolu,bahcivan,standart,100,ödülsüz eş,50,KAZANDI
11,Run50_KirilmaV1,Elektrik yolu,bahcivan,standart,100,LAB R15 A ödülsüz #1,15,,,44,30,1,0,0,13,28,11,3,2,0,166,166,150,166,30,139,12,4,219,12,4,1354,4,9,18.13,1,1.3,2.5,0.9,4,0.3,2,17,4,1.5,1.63,2.5,2,,31,22,0,,,2.92,5,25,7.5,,16,30,0.787,0.433,6.657,203,0,0,0,yikim_gucux1 kivilcimx1,17,0,45,3,9,0,0,0,0,0,15,,0,0,0,0,0,0,0,0,0,0,0.9,3.689,0.978
11,Run50_KirilmaV1,Elektrik yolu,bahcivan,standart,100,LAB R15 B +cifte_akim #1,15,,,52,21,2,0,0,29,42,8,1,1,0,111,111,150,111,30,166,4,2,246,4,2,1426,4,9,18.13,1,1.3,2.5,0.9,4,0.3,2,17,3.94,1.44,1.5,,2,,35,13,0,0,0,2.64,3.75,,15,,16,30,0.747,0.333,6.657,203,0,0,0,yikim_gucux1 kivilcimx1 cifte_akimx1,20,0,45,3,9,0,0,0,0,0,15,,7,7,0,17,14,0,0,0,0,0,0.967,2.467,1.156
11,Run50_KirilmaV1,Elektrik yolu,bahcivan,standart,100,LAB R15 A ödülsüz #2,15,,,46,29,0,0,0,17,28,14,3,1,0,135,135,150,135,30,154,12,2,234,12,2,1429,4,9,18.13,1,1.3,2.5,0.9,4,0.3,2,17,4,1.44,1.38,2,2,,30,33,0,0,,3.61,5.63,8.75,7.5,,16,30,0.777,0.6,6.657,203,0,0,0,yikim_gucux1 kivilcimx1,13,0,45,3,9,0,0,0,0,0,15,,0,0,0,0,0,0,0,0,0,0,0.933,3,1.022
11,Run50_KirilmaV1,Elektrik yolu,bahcivan,standart,100,LAB R15 B +cifte_akim #2,15,,,45,24,1,0,0,20,29,13,2,1,0,121,121,150,121,30,152,8,2,232,8,2,1358,4,9,18.13,1,1.3,2.5,0.9,4,0.3,2,17,3.94,1.6,1.43,2,,,23,23,0,,,4.17,6.79,26.25,,,16,30,0.781,0.567,6.657,203,0,0,0,yikim_gucux1 kivilcimx1 cifte_akimx1,14,0,45,3,9,0,0,0,0,0,15,,6,6,0,12,9,0,0,0,0,0,0.933,2.689,1
11,Run50_KirilmaV1,Elektrik yolu,bahcivan,standart,100,LAB R15 A ödülsüz #3,15,,,48,32,2,0,0,14,42,5,1,0,0,67,67,150,67,30,151,4,0,231,4,0,1258,4,9,18.13,1,1.3,2.5,0.9,4,0.3,2,17,3.94,1.29,1.75,,,,53,13,,0,,2.41,6.25,,,,16,30,0.768,0.533,6.657,203,0,0,0,yikim_gucux1 kivilcimx1,15,0,45,3,9,0,0,0,0,0,15,,0,0,0,0,0,0,0,0,0,0,0.833,1.489,1.067
11,Run50_KirilmaV1,Elektrik yolu,bahcivan,standart,100,LAB R15 B +cifte_akim #3,15,,,33,24,2,0,0,7,24,9,0,0,0,52,52,150,52,30,117,0,0,197,0,0,933,3,6,18.13,1,1.3,2.5,0.9,4,0.3,2,17,4,1.31,2.25,,,,43,6,0,0,,2.03,11.25,,,,16,30,0.837,0.467,6.657,203,0,0,0,yikim_gucux1 kivilcimx1 cifte_akimx1,16,0,45,2,6,0,0,0,0,0,15,,2,2,0,3,2,0,0,0,0,0,0.967,1.156,0.733
11,Run50_KirilmaV1,Elektrik yolu,bahcivan,standart,100,LAB R25 A ödülsüz #1,25,,,128,55,15,0,0,58,48,33,23,18,6,2181,2181,300,2181,65,432,204,65,512,204,65,7150,13,36,33.24,1,1.69,2.026,1.075,6,0.3,2,22,6,1.28,1.79,1.55,2.63,2.75,58,32,29,10,0,1.13,5.64,2.76,8.86,14.69,16,49,0.734,0.408,5.054,436,0,0,0,yikim_gucux2 kivilcimx2,31,0,45,12,36,0,0,0,0,0,25,,0,0,0,0,0,0,0,0,0,0,0.633,48.467,2.844
11,Run50_KirilmaV1,Elektrik yolu,bahcivan,standart,100,LAB R25 B +cifte_akim #1,25,,,150,54,22,0,0,74,52,52,24,16,6,2287,2287,300,2287,65,603,188,59,683,188,59,8177,15,42,33.24,1,1.69,2.026,1.075,6,0.3,2,22,6,1.35,1.95,1.33,1.4,4,55,30,46,38,25,2.13,4.56,9.12,2.03,14.19,16,49,0.702,0.347,5.054,436,0,0,0,yikim_gucux2 kivilcimx2 cifte_akimx1,34,0,45,14,42,0,0,0,0,0,25,,38,38,0,28,23,0,0,0,0,0,0.653,50.822,3.333
11,Run50_KirilmaV1,Elektrik yolu,bahcivan,standart,100,LAB R25 sinerji A ödülsüz #1,25,,,119,44,0,0,0,75,47,40,23,6,3,951,951,300,951,65,426,182,18,506,182,18,5664,12,33,33.24,1,2.197,2.026,1.075,6,0.3,2,22,5.91,1.32,1.87,3,,3,49,28,17,0,0,2.1,6.75,12.17,,30.4,16,49,0.688,0.286,6.243,353,0,0,0,yikim_gucux3 kivilcimx3,28,0,45,11,33,0,0,0,0,0,25,,0,0,0,0,0,0,0,0,0,0,0.694,21.133,2.644
11,Run50_KirilmaV1,Elektrik yolu,bahcivan,standart,100,LAB R25 sinerji B +cifte_akim #1,25,,,106,41,0,0,0,65,40,30,26,10,0,746,746,300,746,65,300,156,30,380,156,30,5184,11,30,33.24,1,2.197,2.026,1.075,6,0.3,2,22,5.91,1.29,1.63,2,1.75,,56,19,13,0,0,1.74,3.04,7.85,4.56,,16,49,0.715,0.306,6.243,353,0,0,0,yikim_gucux3 kivilcimx3 cifte_akimx1,30,0,45,10,30,0,0,0,0,0,25,,41,41,0,26,20,0,0,0,0,0,0.816,16.578,2.356
11,Run50_KirilmaV1,Elektrik yolu,bahcivan,standart,100,LAB R25 A ödülsüz #2,25,,,154,66,18,0,0,70,46,56,30,18,4,2077,2077,300,2077,65,474,202,87,554,202,87,8480,15,42,33.24,1,1.69,2.026,1.075,6,0.3,2,22,6,1.13,1.36,1.67,2,2.33,72,59,21,44,0,0.71,2.21,5.06,5.06,6.08,16,49,0.689,0.408,5.054,436,0,0,0,yikim_gucux2 kivilcimx2,30,0,45,14,42,0,0,0,0,0,25,,0,0,0,0,0,0,0,0,0,0,0.714,46.156,3.422
11,Run50_KirilmaV1,Elektrik yolu,bahcivan,standart,100,LAB R25 B +cifte_akim #2,25,,,154,52,19,0,0,83,58,42,36,14,4,1987,1987,300,1987,65,516,238,53,596,238,53,8206,15,42,33.24,1,1.69,2.026,1.075,6,0.3,2,22,6,1.21,1.29,2.11,1.75,2,66,45,31,18,0,1.52,2.03,9.9,4.56,8.1,16,49,0.68,0.388,5.054,436,0,0,0,yikim_gucux2 kivilcimx2 cifte_akimx1,31,0,45,14,42,0,0,0,0,0,25,,36,36,0,22,18,0,0,0,0,0,0.714,44.156,3.422
11,Run50_KirilmaV1,Elektrik yolu,bahcivan,standart,100,LAB R25 sinerji A ödülsüz #2,25,,,114,45,0,0,0,69,49,25,28,12,0,828,828,300,828,65,297,168,36,377,168,36,5520,11,30,33.24,1,2.197,2.026,1.075,6,0.3,2,22,5.91,1.48,1.29,1.88,1.6,,47,27,10,13,0,3.33,0.58,9.37,1.22,,16,49,0.697,0.347,6.243,353,0,0,0,yikim_gucux3 kivilcimx3,27,0,45,10,30,0,0,0,0,0,25,,0,0,0,0,0,0,0,0,0,0,0.776,18.4,2.533
11,Run50_KirilmaV1,Elektrik yolu,bahcivan,standart,100,LAB R25 sinerji B +cifte_akim #2,25,,,121,43,0,0,0,78,42,42,22,10,5,1295,1295,300,1295,65,513,154,41,593,154,41,6048,12,33,33.24,1,2.197,2.026,1.075,6,0.3,2,22,5.95,1.73,1.5,1.71,2.25,2,31,36,31,17,0,4.32,4.69,7.52,3.54,2.03,16,49,0.682,0.347,6.243,353,0,0,0,yikim_gucux3 kivilcimx3 cifte_akimx1,26,0,45,11,33,0,0,0,0,0,25,,43,43,0,36,30,0,0,0,0,0,0.714,28.778,2.689
11,Run50_KirilmaV1,Elektrik yolu,bahcivan,standart,100,LAB R25 A ödülsüz #3,25,,,133,54,16,0,0,63,60,33,21,12,7,2169,2169,300,2169,65,468,236,36,548,236,36,6915,13,36,33.24,1,1.69,2.026,1.075,6,0.3,2,22,6,1.32,1.29,2,1.67,3,49,62,15,36,0,1.3,2.27,3.38,2.7,14.87,16,49,0.729,0.367,5.054,436,0,0,0,yikim_gucux2 kivilcimx2,32,0,45,12,36,0,0,0,0,0,25,,0,0,0,0,0,0,0,0,0,0,0.653,48.2,2.956
11,Run50_KirilmaV1,Elektrik yolu,bahcivan,standart,100,LAB R25 B +cifte_akim #3,25,,,149,52,16,0,0,81,62,45,21,16,5,2090,2090,300,2090,65,501,192,59,581,192,59,7724,14,39,33.24,1,1.69,2.026,1.075,6,0.3,2,22,6,1.23,1.43,1.6,3,4,70,57,12,7,67,1.48,1.88,5.67,8.44,16.2,16,49,0.703,0.347,5.054,436,0,0,0,yikim_gucux2 kivilcimx2 cifte_akimx1,33,0,45,13,39,0,0,0,0,0,25,,37,37,0,34,25,0,0,0,0,0,0.592,46.444,3.311
11,Run50_KirilmaV1,Elektrik yolu,bahcivan,standart,100,LAB R25 sinerji A ödülsüz #3,25,,,125,51,0,0,0,74,70,29,13,9,4,1041,1041,300,1041,65,474,122,27,554,122,27,5568,11,30,33.24,1,2.197,2.026,1.075,6,0.3,2,22,5.82,1.28,1.23,2.14,2.4,3,55,39,8,0,0,2.02,0.94,10.42,18.65,34.43,16,49,0.673,0.306,6.243,353,0,0,0,yikim_gucux3 kivilcimx3,28,0,45,10,30,0,0,0,0,0,25,,0,0,0,0,0,0,0,0,0,0,0.653,23.133,2.778
11,Run50_KirilmaV1,Elektrik yolu,bahcivan,standart,100,LAB R25 sinerji B +cifte_akim #3,25,,,118,39,0,0,0,79,58,27,19,9,5,1200,1200,300,1200,65,471,158,27,551,158,27,5568,11,30,33.24,1,2.197,2.026,1.075,6,0.3,2,22,5.95,1.44,1.91,2,2.2,2,44,32,7,13,33,2.93,6.45,14.7,6.89,36.46,16,49,0.697,0.347,6.243,353,0,0,0,yikim_gucux3 kivilcimx3 cifte_akimx1,26,0,45,10,30,0,0,0,0,0,25,,39,39,0,30,25,0,0,0,0,0,0.735,26.667,2.622
11,Run50_KirilmaV1,Elektrik yolu,bahcivan,standart,100,LAB R40 A ödülsüz #1,40,,,256,102,52,0,0,102,90,77,60,26,3,4230,4230,2800,4230,500,984,763,202,1064,763,202,14344,20,57,60.05,1.25,2.197,1.248,1.365,6,0.367,2,36,5.97,1.11,1.39,1.33,1.2,,80,43,54,23,50,1.76,1.79,1.91,0.99,,20,81,0.597,0.333,4.41,827,0,0,0,yikim_gucux3 kivilcimx2 keskin_bicakx1 firtina_bilegix1,61,0,45,19,57,0,0,0,0,0,40,,0,0,0,0,0,0,0,0,0,0,0.42,94,5.689
11,Run50_KirilmaV1,Elektrik yolu,bahcivan,standart,100,LAB R40 B +cifte_akim #1,40,,,287,112,62,0,0,113,104,78,67,31,7,5498,5498,2800,5498,500,1172,933,232,1252,933,232,16171,21,60,60.05,1.25,2.197,1.248,1.365,6,0.367,2,36,5.97,1.14,1.26,1.45,1.27,1,82,57,49,42,33,0.52,0.88,3.69,2.16,0,20,81,0.541,0.333,4.41,827,0,0,0,yikim_gucux3 kivilcimx2 keskin_bicakx1 firtina_bilegix1 cifte_akimx1,61,0,45,20,60,0,0,0,0,0,40,,88,87,1,22,20,0,0,0,0,0,0.691,122.178,6.378
11,Run50_KirilmaV1,Elektrik yolu,bahcivan,standart,100,LAB R40 A ödülsüz #2,40,,,267,114,49,0,0,104,94,63,68,33,9,5839,5839,2800,5839,500,1070,1031,227,1150,1031,227,15496,21,60,60.05,1.25,2.197,1.248,1.365,6,0.367,2,36,5.97,1.17,1.34,1.39,1.42,,77,59,45,48,13,0.69,1.6,3.54,1.77,,20,81,0.579,0.333,4.41,827,0,0,0,yikim_gucux3 kivilcimx2 keskin_bicakx1 firtina_bilegix1,61,0,45,20,60,0,0,0,0,0,40,,0,0,0,0,0,0,0,0,0,0,0.444,129.756,5.933
11,Run50_KirilmaV1,Elektrik yolu,bahcivan,standart,100,LAB R40 B +cifte_akim #2,40,,,272,112,48,0,0,112,111,68,59,29,5,4480,4480,2800,4480,500,1050,880,174,1130,880,174,14826,20,57,60.05,1.25,2.197,1.248,1.365,6,0.367,2,36,5.97,1.17,1.38,1.32,2.11,1,75,47,58,11,43,1.01,1.82,2.9,4.84,0,20,81,0.554,0.321,4.41,827,0,0,0,yikim_gucux3 kivilcimx2 keskin_bicakx1 firtina_bilegix1 cifte_akimx1,61,0,45,19,57,0,0,0,0,0,40,,81,81,0,12,11,0,0,0,0,0,0.63,99.556,6.044
11,Run50_KirilmaV1,Elektrik yolu,bahcivan,standart,100,LAB R40 A ödülsüz #3,40,,,258,115,46,0,0,97,93,71,57,32,5,4965,4965,2800,4965,500,1068,813,192,1148,813,192,14793,20,57,60.05,1.25,2.197,1.248,1.365,6,0.367,2,36,5.97,1.1,1.4,1.43,1.22,1,78,54,42,48,25,0.23,3.09,1.9,1.73,0,20,81,0.58,0.235,4.41,827,0,0,0,yikim_gucux3 kivilcimx2 keskin_bicakx1 firtina_bilegix1,50,0,45,19,57,0,0,0,0,0,40,,0,0,0,0,0,0,0,0,0,0,0.568,110.333,5.733
11,Run50_KirilmaV1,Elektrik yolu,bahcivan,standart,100,LAB R40 B +cifte_akim #3,40,,,264,108,55,0,0,101,101,70,49,37,7,5334,5334,2800,5334,500,1096,760,245,1176,760,245,14926,20,57,60.05,1.25,2.197,1.248,1.365,6,0.367,2,36,6,1.16,1.32,1.21,1.5,1.5,73,51,55,48,17,1.35,1.79,1.6,2.96,4.99,20,81,0.566,0.37,4.41,827,0,0,0,yikim_gucux3 kivilcimx2 keskin_bicakx1 firtina_bilegix1 cifte_akimx1,50,0,45,19,57,0,0,0,0,0,40,,77,75,2,8,7,0,0,0,0,0,0.543,118.533,5.867
12,Run50_KirilmaV1,Elektrik yolu,bahcivan,standart,101,ödülsüz eş,1,,,13,13,0,0,0,0,12,1,0,0,0,15,15,45,0,0,28,0,0,28,0,0,270,1,0,10,1,1,3,0.9,4,0.3,2,12,2.25,2,3,,,,17,0,,,,3,6,,,,2,4,0.339,0,8,23,0,0,2,,4,0.351,45,0,0,0,0,0,0,0,0,,0,0,0,0,0,0,0,0,0,0,0.75,0.333,0.289
12,Run50_KirilmaV1,Elektrik yolu,bahcivan,standart,101,ödülsüz eş,2,,,15,15,0,0,0,0,11,3,1,0,0,30,45,45,0,0,34,4,0,37,4,0,350,2,3,10.67,1,1,3,0.9,4,0.3,2,13,2.85,2.09,2,3,,,0,0,0,,,3.27,3,12,,,3,5,0.479,0,8,28,1,1,1,,5,0.111,45,1,3,0,0,0,0,0,0,,0,0,0,0,0,0,0,0,0,0,0.6,0.667,0.333
12,Run50_KirilmaV1,Elektrik yolu,bahcivan,standart,101,ödülsüz eş,3,,,18,18,0,0,0,0,15,2,1,0,0,31,76,45,0,0,38,4,0,41,8,0,452,3,3,11.33,1,1,3,0.9,4,0.3,2,14,2.79,1.93,2,5,,,15,0,0,0,,3.6,3,24,,,4,6,0.453,0.167,8,34,2,3,1,,4,0,45,2,6,3,0,0,2,2,0,,0,0,0,0,0,0,0,0,0,0,0.333,0.689,0.4
12,Run50_KirilmaV1,Elektrik yolu,bahcivan,standart,101,ödülsüz eş,4,,,19,19,0,0,0,0,15,2,1,1,0,66,142,45,0,0,38,4,2,39,12,2,499,4,3,11.33,1,1,3,0.9,4,0.3,2,14,3.14,2,2,3,2,,13,0,0,,,5.4,7.5,21,6,,5,8,0.593,0.125,7.638,47,0,3,1,,7,0.111,45,3,9,6,0,0,2,2,4,,0,0,0,0,0,0,0,0,0,0,0.5,1.467,0.422
12,Run50_KirilmaV1,Elektrik yolu,bahcivan,standart,101,ödülsüz eş,5,,,15,15,0,0,0,0,11,3,1,0,0,32,174,45,32,8,34,4,0,46,16,2,391,5,3,12,1,1,2.892,0.9,4,0.3,2,15,2.27,2.09,1.67,4,,,8,0,0,,,5.26,5.79,14.47,,,5,8,0.412,0.25,7.451,48,4,7,0,,3,0,45,4,12,9,0,0,2,2,4,,0,0,0,0,0,0,0,0,0,0,0.375,0.711,0.333
12,Run50_KirilmaV1,Elektrik yolu,bahcivan,standart,101,ödülsüz eş,6,,,17,17,0,0,0,0,11,5,1,0,0,37,37,110,0,0,42,4,0,68,20,2,482,6,3,12,1,1.3,2.892,0.9,4,0.3,2,15,3.47,2.09,3,4,,,9,0,0,0,,5.78,14.47,14.47,,,6,9,0.688,0.333,7.51,54,0,7,1,yikim_gucux1,3,0,45,5,15,9,3,0,2,2,4,,0,0,0,0,0,0,0,0,0,0,0.667,0.822,0.378
12,Run50_KirilmaV1,Elektrik yolu,bahcivan,standart,101,ödülsüz eş,7,,,21,19,0,0,0,2,11,9,0,1,0,70,107,110,0,0,58,0,2,60,20,4,630,7,3,12.67,1,1.3,2.789,0.9,4,0.3,2,16,3.19,1.91,2.43,,2,,25,0,,,,4.31,6.78,,13.93,,6,9,0.616,0.333,7.326,55,5,12,0,yikim_gucux1,4,0,45,6,18,9,6,0,2,2,4,,0,0,0,0,0,0,0,0,0,0,0.556,1.556,0.467
12,Run50_KirilmaV1,Elektrik yolu,bahcivan,standart,101,ödülsüz eş,8,,,23,20,0,0,0,3,17,4,2,0,0,49,156,110,0,0,54,8,0,72,28,4,626,9,6,13.33,1,1.3,2.789,0.9,4,0.3,2,16,3.44,1.93,2.67,3.5,,,12,0,0,,,6.33,4.66,12.53,,,7,10,0.65,0.4,7.367,61,2,14,1,yikim_gucux1,5,0,45,8,24,12,6,0,2,2,4,,0,0,0,0,0,0,0,0,0,0,0.4,1.089,0.511
12,Run50_KirilmaV1,Elektrik yolu,bahcivan,standart,101,ödülsüz eş,9,,,21,18,0,0,0,3,14,7,0,0,0,35,191,110,0,0,63,0,0,72,28,4,562,9,0,14,1,1.3,2.789,0.9,4,0.3,2,16,3.31,1.83,2.67,,,,23,0,0,0,,6.04,6.97,,,,8,11,0.659,0.364,7.398,67,2,16,1,yikim_gucux1,6,0,45,8,24,18,6,0,2,2,4,,0,0,0,0,0,0,0,0,0,0,0.727,0.778,0.467
12,Run50_KirilmaV1,Elektrik yolu,bahcivan,standart,101,ödülsüz eş,10,,,22,18,0,0,0,4,17,2,2,1,0,76,267,110,76,16,44,8,2,48,36,6,609,10,3,14.67,1,1.3,2.689,0.9,4,0.3,2,16,3.44,2.07,2,3,2,,17,0,0,,,5.38,16.13,10.73,5.4,,9,12,0.715,0.333,7.24,75,4,20,1,yikim_gucux1,8,0,45,9,27,18,6,0,2,2,4,,0,0,0,0,0,0,0,0,0,0,0.667,1.689,0.489
12,Run50_KirilmaV1,Elektrik yolu,bahcivan,standart,101,ödülsüz eş,11,,,34,31,0,0,0,3,27,6,1,0,0,56,56,150,0,0,84,4,0,87,40,6,867,12,6,15.64,1,1.3,2.689,1.188,6,0.3,2,16,4.69,1.88,2.33,2,,,25,0,0,,,3.25,4.93,2.7,,,10,13,0.599,0.308,7.044,83,1,21,1,yikim_gucux1 genis_savurusx1,8,0,45,11,33,21,6,0,2,2,4,,0,0,0,0,0,0,0,0,0,0,0.615,1.244,0.756
12,Run50_KirilmaV1,Elektrik yolu,bahcivan,standart,101,ödülsüz eş,12,,,34,32,0,0,0,2,22,7,5,0,0,107,163,150,0,0,101,20,0,108,30,6,955,13,3,15.64,1,1.3,2.592,1.188,6,0.3,2,17,5.12,2.14,2.86,2.5,,,10,0,0,0,,6.79,7.4,7.13,,,11,15,0.653,0.467,6.905,98,4,25,1,yikim_gucux1 genis_savurusx1,7,0,45,12,36,25,8,0,2,2,4,,0,0,0,0,0,0,0,0,0,0,0.533,2.378,0.756
12,Run50_KirilmaV1,Elektrik yolu,bahcivan,standart,101,ödülsüz eş,13,,,37,33,0,0,0,4,23,11,2,1,0,109,272,150,0,0,124,8,2,154,38,8,1122,14,3,16.36,1,1.3,2.5,1.188,6,0.3,2,17,5.29,2.19,2.56,2.5,3,,4,0,0,,,4.52,6.67,11.25,10,,12,17,0.658,0.353,6.634,115,3,28,1,yikim_gucux1 genis_savurusx1,11,0,45,13,39,28,8,0,2,2,4,,0,0,0,0,0,0,0,0,0,0,0.647,2.422,0.822
12,Run50_KirilmaV1,Elektrik yolu,bahcivan,standart,101,ödülsüz eş,14,,,39,38,0,0,0,1,25,10,4,0,0,100,372,150,0,0,125,16,0,129,54,8,1220,16,6,18.13,1,1.3,2.5,1.188,6,0.3,2,17,5.35,1.71,2.4,2.75,,,23,0,0,,,3.75,12.25,11.88,,,13,20,0.698,0.55,6.681,135,4,32,1,yikim_gucux1 genis_savurusx1,9,0,45,15,45,31,8,0,2,2,4,,0,0,0,0,0,0,0,0,0,0,0.75,2.222,0.867
12,Run50_KirilmaV1,Elektrik yolu,bahcivan,standart,101,ödülsüz eş,15,,,35,32,0,0,0,3,29,5,1,0,0,56,428,150,56,30,117,4,0,125,58,8,1047,17,3,18.13,1,1.3,2.41,1.188,6,0.3,2,18,4.67,1.85,2.6,4,,,25,0,0,0,,5.47,8.19,19.27,,,15,23,0.627,0.391,6.591,157,4,36,2,yikim_gucux1 genis_savurusx1,8,0,45,16,48,37,8,0,2,2,4,,0,0,0,0,0,0,0,0,0,0,0.696,1.244,0.778
12,Run50_KirilmaV1,Elektrik yolu,bahcivan,standart,101,ödülsüz eş,16,,,42,31,0,0,0,11,29,10,2,1,0,114,114,220,0,0,147,8,2,148,66,10,1408,18,3,18.13,1,1.69,2.324,1.188,6,0.3,2,19,5.16,2.04,2.2,3,3,,11,0,0,,,6.56,5.11,11.62,16.27,,17,26,0.762,0.423,6.325,185,4,40,2,yikim_gucux2 genis_savurusx1,15,0,45,17,51,40,8,0,2,2,4,,0,0,0,0,0,0,0,0,0,0,0.731,2.533,0.933
12,Run50_KirilmaV1,Elektrik yolu,bahcivan,standart,101,ödülsüz eş,17,,,38,32,0,0,0,6,22,10,6,0,0,125,239,220,0,0,126,24,0,134,65,10,1372,19,3,19.2,1,1.69,2.324,1.188,6,0.3,2,19,5.26,2.05,2.86,2.25,,,4,0,0,,,5.09,14.6,9.88,,,18,27,0.791,0.556,6.347,191,3,43,1,yikim_gucux2 genis_savurusx1,12,0,45,18,54,43,8,0,2,2,4,,0,0,0,0,0,0,0,0,0,0,0.926,2.778,0.844
12,Run50_KirilmaV1,Elektrik yolu,bahcivan,standart,101,ödülsüz eş,18,,,56,42,0,0,0,14,42,10,4,0,0,119,358,220,0,0,186,16,0,232,56,10,1955,20,3,19.2,1,1.69,2.324,1.234,6,0.3,2,19,5.84,1.9,1.89,4,,,18,0,0,0,,5.5,6.2,24.01,,,20,32,0.767,0.594,6.306,228,3,46,2,yikim_gucux2 genis_savurusx1,13,0,45,19,57,46,8,0,2,2,4,,0,0,0,0,0,0,0,0,0,0,0.656,2.644,1.244
12,Run50_KirilmaV1,Elektrik yolu,bahcivan,standart,101,ödülsüz eş,19,,,51,40,0,0,0,11,39,7,3,2,0,156,514,220,0,0,159,15,4,172,46,14,1811,22,6,20.27,1,1.69,2.16,1.28,6,0.3,2,20,5.95,2,2.33,2.5,2,,12,0,0,0,,8.28,8.64,6.48,10.8,,22,38,0.802,0.553,6.278,272,6,52,2,yikim_gucux2 genis_savurusx1,16,0,45,21,63,49,8,0,2,2,4,,0,0,0,0,0,0,0,0,0,0,0.895,3.467,1.133
12,Run50_KirilmaV1,Elektrik yolu,bahcivan,standart,101,ödülsüz eş,20,,,49,46,0,0,0,3,38,7,3,1,0,121,635,220,121,45,156,15,2,188,61,16,1739,23,3,23.08,1,1.69,2.16,1.28,6,0.3,2,20,6,1.89,1.83,4,3,,12,0,0,,,6.72,10.44,16.21,23.77,,23,39,0.841,0.692,6.198,283,1,53,1,yikim_gucux2 genis_savurusx1,11,0,45,22,66,49,14,0,2,2,4,,0,0,0,0,0,0,0,0,0,0,0.821,2.689,1.089
12,Run50_KirilmaV1,Elektrik yolu,bahcivan,standart,101,ödülsüz eş,21,,,67,43,0,0,0,24,46,18,2,1,0,159,159,300,0,0,246,10,2,261,11,18,2564,24,3,24.3,1,1.69,2.16,1.327,6,0.3,2,20,6,1.92,2.13,2.5,3,,11,8,0,0,,7.02,8.51,6.48,23.77,,22,41,0.789,0.561,5.981,308,7,60,2,yikim_gucux2 genis_savurusx1 kivilcimx1,17,0,45,23,69,49,17,0,2,2,4,,0,0,0,0,0,0,0,0,0,0,0.707,3.533,1.489
12,Run50_KirilmaV1,Elektrik yolu,bahcivan,standart,101,ödülsüz eş,22,,,48,39,0,0,0,9,35,9,4,0,0,107,266,300,0,0,159,20,0,159,31,18,1792,25,3,24.3,1,1.69,2.16,1.327,6,0.3,2,20,5.95,1.93,2.43,2.25,,,18,0,0,0,,6.33,9.56,7.03,,,23,43,0.853,0.674,5.821,332,2,62,1,yikim_gucux2 genis_savurusx1 kivilcimx1,14,0,45,24,72,49,20,0,2,2,4,,0,0,0,0,0,0,0,0,0,0,0.884,2.378,1.067
12,Run50_KirilmaV1,Elektrik yolu,bahcivan,standart,101,ödülsüz eş,23,,,67,48,0,0,0,19,45,14,6,2,0,226,492,300,0,0,219,30,4,317,61,22,2903,26,3,24.3,1,1.69,2.16,1.327,6,0.3,2,20,6,1.58,2,2.33,2,,24,0,0,0,,2.88,6.7,8.64,14.05,,24,44,0.818,0.568,5.845,339,2,64,1,yikim_gucux2 genis_savurusx1 kivilcimx1,20,0,45,25,75,49,23,0,2,2,4,,0,0,0,0,0,0,0,0,0,0,0.864,5.022,1.489
12,Run50_KirilmaV1,Elektrik yolu,bahcivan,standart,101,ödülsüz eş,24,,,65,43,0,0,0,22,43,18,2,2,0,187,679,300,0,0,237,10,4,279,46,26,2670,27,3,25.51,1,1.69,2.16,1.373,6,0.3,2,20,6,2.06,2,,1,,8,9,0,,,4.74,4.91,,0,,24,47,0.82,0.617,5.761,367,3,67,3,yikim_gucux2 genis_savurusx1 kivilcimx1,19,0,45,26,78,49,26,0,2,2,4,,0,0,0,0,0,0,0,0,0,0,0.872,4.156,1.444
12,Run50_KirilmaV1,Elektrik yolu,bahcivan,standart,101,ödülsüz eş,25,,,68,45,0,0,0,23,48,11,7,2,0,253,932,300,253,65,210,35,4,269,36,30,2858,28,3,25.51,1,1.69,2.16,1.373,6,0.3,2,20,6,1.73,1.6,1.8,1,,10,0,0,0,,4.32,7.79,5.18,0,,26,49,0.721,0.449,5.785,381,2,69,2,yikim_gucux2 genis_savurusx1 kivilcimx1,22,0,45,27,81,49,29,0,2,2,4,,0,0,0,0,0,0,0,0,0,0,0.592,5.622,1.511
12,Run50_KirilmaV1,Elektrik yolu,bahcivan,standart,101,ödülsüz eş,26,,,60,42,0,0,0,18,37,16,6,1,0,198,198,500,0,0,207,30,2,316,66,32,2508,29,3,28.62,1,2.197,2.16,1.373,6,0.3,2,20,6,2,2.45,2.75,1,,10,10,0,,,5.65,9.23,10.81,0,,26,49,0.851,0.592,5.785,381,1,70,0,yikim_gucux3 genis_savurusx1 kivilcimx1,19,0,45,28,84,49,32,0,2,2,4,,0,0,0,0,0,0,0,0,0,0,0.878,4.4,1.333
12,Run50_KirilmaV1,Elektrik yolu,bahcivan,standart,101,ödülsüz eş,27,,,108,65,0,0,0,43,70,23,12,2,1,502,700,500,0,0,393,72,4,424,113,36,4723,31,6,29.99,1,2.197,2.092,1.419,9,0.3,2,21,8.71,1.58,1.93,2.14,,2,24,6,0,0,0,5.98,6.73,11.06,,12.54,25,49,0.739,0.49,5.761,383,4,74,1,yikim_gucux3 genis_savurusx1 kivilcimx1,20,0,45,30,90,49,35,0,2,2,4,,0,0,0,0,0,0,0,0,0,0,0.673,11.156,2.4
12,Run50_KirilmaV1,Elektrik yolu,bahcivan,standart,101,ödülsüz eş,28,,,117,61,0,0,0,56,74,23,17,2,1,557,1257,500,0,0,405,102,4,489,140,40,5378,33,6,33.24,1,2.197,2.026,1.419,9,0.3,2,22,8.59,1.66,2.13,2.11,,,31,14,0,0,,4.98,11.4,8.33,,,20,49,0.728,0.449,5.61,393,3,77,3,yikim_gucux3 genis_savurusx1 kivilcimx1,27,0,45,32,96,49,41,0,2,2,4,,0,0,0,0,0,0,0,0,0,0,0.714,12.378,2.6
12,Run50_KirilmaV1,Elektrik yolu,bahcivan,standart,101,ödülsüz eş,29,,,106,67,0,0,0,39,53,24,19,7,3,1133,2390,500,0,0,303,183,14,477,310,34,5965,34,3,34.76,1,2.197,2.026,1.465,9,0.3,2,22,8.91,1.8,1.71,1.79,1.67,2,26,5,24,0,0,5.67,6.52,4.49,6.76,6.07,17,49,0.755,0.571,5.462,404,3,80,2,yikim_gucux3 genis_savurusx1 kivilcimx1,19,0,45,33,99,49,47,0,2,2,4,,0,0,0,0,0,0,0,0,0,0,0.633,25.178,2.356
12,Run50_KirilmaV1,Elektrik yolu,bahcivan,standart,101,ödülsüz eş,30,,,118,64,0,0,0,54,72,27,13,3,3,1105,3495,500,1105,100,426,101,20,493,156,54,6130,36,6,38.16,1,2.197,2.026,1.465,9,0.3,2,22,8.73,1.66,2.07,2,2,3,30,9,0,0,0,4.57,8.51,8.31,4.05,12.15,17,49,0.748,0.531,5.328,414,4,84,0,yikim_gucux3 genis_savurusx1 kivilcimx1,24,0,45,35,105,49,50,0,2,2,4,,0,0,0,0,0,0,0,0,0,0,0.673,24.556,2.622
12,Run50_KirilmaV1,Elektrik yolu,bahcivan,standart,101,ödülsüz eş,31,,,178,97,0,0,0,81,97,39,31,9,2,1543,1543,1200,0,0,573,217,38,616,385,72,10326,38,6,39.82,1.6,2.197,1.962,1.511,9,0.3,2,22,8.45,1.24,1.47,1.67,1.75,1,68,40,27,13,50,1.71,5.37,4.79,5.88,0,15,49,0.658,0.429,5.103,432,4,88,1,yikim_gucux3 genis_savurusx1 kivilcimx1 canavar_kesimix1,33,0,45,37,111,49,56,0,2,2,4,,0,0,0,0,0,0,0,0,0,0,0.714,34.289,3.956
12,Run50_KirilmaV1,Elektrik yolu,bahcivan,standart,101,ödülsüz eş,32,,,174,93,0,0,0,81,80,50,28,13,3,2178,3721,1200,0,0,540,221,63,616,323,115,10271,40,6,43.38,1.6,2.197,1.962,1.511,9,0.3,2,22,8.59,1.3,1.36,1.53,1.83,2.5,67,47,25,18,0,2.01,3.06,5.54,5.56,15.7,13,49,0.659,0.408,4.852,454,4,92,1,yikim_gucux3 genis_savurusx1 kivilcimx1 canavar_kesimix1,30,0,45,39,117,49,62,0,2,2,4,,0,0,0,0,0,0,0,0,0,0,0.653,48.4,3.867
12,Run50_KirilmaV1,Elektrik yolu,bahcivan,standart,101,ödülsüz eş,33,,,189,106,0,0,0,83,87,58,32,9,3,2259,5980,1200,0,0,771,224,39,817,287,54,10940,42,6,43.38,1.6,2.197,1.901,1.511,9,0.3,2,23,8.7,1.22,1.29,1.63,1.17,3,71,55,38,38,0,1.55,1.84,4.4,3.48,11.4,14,50,0.661,0.4,4.762,472,4,96,1,yikim_gucux3 genis_savurusx1 kivilcimx1 canavar_kesimix1,33,0,45,41,123,49,68,0,2,2,4,,0,0,0,0,0,0,0,0,0,0,0.68,50.2,4.2
12,Run50_KirilmaV1,Elektrik yolu,bahcivan,standart,101,ödülsüz eş,34,,,180,96,0,0,0,84,87,46,23,21,3,2632,8612,1200,0,0,583,188,87,625,487,121,10038,43,3,43.38,1.6,2.197,1.901,1.67,9,0.3,2,23,8.78,1.25,1.37,1.88,1.77,2,61,47,11,13,0,1.34,2.47,5.7,6.58,17.1,21,70,0.743,0.429,5.091,619,4,100,8,yikim_gucux3 genis_savurusx1 kivilcimx1 canavar_kesimix1,32,0,45,42,126,55,68,0,2,2,4,,0,0,0,0,0,0,0,0,0,0,0.686,58.489,4
12,Run50_KirilmaV1,Elektrik yolu,bahcivan,standart,101,ödülsüz eş,35,,,150,90,0,0,0,60,54,45,23,21,7,3630,12242,1200,3630,220,633,184,140,878,225,151,9038,45,6,46.93,1.6,2.197,1.901,1.67,9,0.3,2,23,8.87,1.21,1.58,1.69,2.17,3,63,27,16,10,0,2.07,5.26,4.51,12.19,16.15,23,81,0.701,0.494,5.132,710,5,105,6,yikim_gucux3 genis_savurusx1 kivilcimx1 canavar_kesimix1,27,0,45,44,132,58,68,0,2,2,4,,0,0,0,0,0,0,0,0,0,0,0.716,80.667,3.333
12,Run50_KirilmaV1,Elektrik yolu,bahcivan,standart,101,ödülsüz eş,36,,,196,111,0,0,0,85,80,49,41,23,3,3023,3023,2800,0,0,773,369,110,846,384,116,11662,46,3,46.93,1.6,2.197,1.901,1.67,9,0.3,2,23,9,1.24,1.46,1.22,1.92,1,63,39,35,21,,2.33,4.6,1.4,7.76,0,23,81,0.773,0.543,5.053,721,8,113,0,yikim_gucux3 genis_savurusx1 kivilcimx2 canavar_kesimix1,38,0,45,45,135,64,68,0,2,2,4,,0,0,0,0,0,0,0,0,0,0,0.691,67.178,4.356
12,Run50_KirilmaV1,Elektrik yolu,bahcivan,standart,101,ödülsüz eş,37,,,197,98,2,0,0,97,90,52,32,20,3,2795,5818,2800,0,0,724,431,100,1000,695,121,11044,47,3,46.93,1.6,2.197,1.841,1.736,9,0.3,2,24,9,1.27,1.58,1.35,2,1,59,29,14,8,0,1.43,3.91,3.9,9.21,0,23,81,0.779,0.63,4.855,751,4,117,0,yikim_gucux3 genis_savurusx1 kivilcimx2 canavar_kesimix1,36,0,45,46,138,67,68,0,2,2,4,,0,0,0,0,0,0,0,0,0,0,0.728,62.111,4.378
12,Run50_KirilmaV1,Elektrik yolu,bahcivan,standart,101,ödülsüz eş,38,,,190,105,3,0,0,82,75,59,37,17,2,2865,8683,2800,0,0,830,370,105,1140,505,116,10643,49,6,53.29,1.6,2.197,1.841,1.736,9,0.3,2,24,9,1.27,1.53,1.57,1.86,1,58,24,9,9,,1.57,3.79,4.38,6.58,0,23,81,0.785,0.654,4.818,757,4,121,0,yikim_gucux3 genis_savurusx1 kivilcimx2 canavar_kesimix1,31,0,45,48,144,70,68,0,2,2,4,,0,0,0,0,0,0,0,0,0,0,0.728,63.667,4.222
12,Run50_KirilmaV1,Elektrik yolu,bahcivan,standart,101,ödülsüz eş,39,,,199,104,5,0,0,90,89,51,39,19,1,2600,11283,2800,0,0,822,390,95,852,575,211,11295,50,3,53.29,1.6,2.197,1.783,1.802,9,0.3,2,25,9,1.32,1.48,1.38,1.73,2,56,27,32,10,0,2.48,3,2.33,5.67,5.36,23,81,0.78,0.617,4.567,798,4,125,0,yikim_gucux3 genis_savurusx1 kivilcimx2 canavar_kesimix1,35,0,45,49,147,76,68,0,2,2,4,,0,0,0,0,0,0,0,0,0,0,0.778,57.778,4.422
12,Run50_KirilmaV1,Elektrik yolu,bahcivan,standart,101,ödülsüz eş,40,,,138,73,4,0,0,61,65,33,23,11,6,2903,14186,2800,2903,500,582,373,97,654,948,183,7486,51,3,57.05,1.6,2.197,1.783,1.802,9,0.3,2,25,6,1.42,1.88,1.8,1.86,1.5,49,35,7,0,0,3.24,3.46,5.11,8.66,1.78,23,81,0.858,0.716,4.536,804,3,128,0,yikim_gucux3 genis_savurusx1 kivilcimx2 canavar_kesimix1,23,0,45,50,150,79,68,0,2,2,4,,0,0,0,0,0,0,0,0,0,0,0.716,64.511,3.067
12,Run50_KirilmaV1,Elektrik yolu,bahcivan,standart,101,ödülsüz eş,41,,,257,137,12,0,0,108,112,61,53,24,7,4920,4920,4500,0,0,1002,709,210,1106,937,253,15480,52,3,60.05,1.6,2.197,1.783,2.378,12,0.317,2,25,12,1.27,1.63,1.5,1.73,1.83,56,41,24,15,0,2.47,3.98,3.31,7.13,6.84,23,81,0.723,0.568,4.528,805,4,132,0,yikim_gucux3 genis_savurusx2 kivilcimx2 canavar_kesimix1,43,0,45,51,153,81,69,0,2,2,4,,0,0,0,0,0,0,0,0,0,0,0.679,109.333,5.711
12,Run50_KirilmaV1,Elektrik yolu,bahcivan,standart,101,ödülsüz eş,42,,,254,136,13,0,0,105,110,55,62,22,5,4220,9140,4500,0,0,1128,744,155,1509,1321,253,15281,54,6,60.05,1.6,2.197,1.783,2.378,12,0.367,2,25,12,1.21,1.56,1.71,1.67,1.5,64,33,25,20,0,1.24,4.07,6.27,4.9,2.68,23,81,0.737,0.543,4.52,806,5,137,0,yikim_gucux3 genis_savurusx2 kivilcimx2 canavar_kesimix1,39,0,45,53,159,81,72,0,2,2,4,,0,0,0,0,0,0,0,0,0,0,0.704,93.778,5.644
12,Run50_KirilmaV1,Elektrik yolu,bahcivan,standart,101,ödülsüz eş,43,,,258,143,14,0,0,101,97,82,45,29,5,4494,13634,4500,0,0,1048,583,266,1357,724,369,15470,55,3,65.98,1.6,2.197,1.783,2.378,12,0.367,2.111,25,12,1.26,1.24,1.58,1.69,2.4,64,49,28,29,0,1.49,1.7,3.56,4.25,12.13,23,81,0.737,0.593,4.33,842,4,141,0,yikim_gucux3 genis_savurusx2 kivilcimx2 canavar_kesimix1,38,0,45,54,162,81,78,0,2,2,4,,0,0,0,0,0,0,0,0,0,0,0.728,99.867,5.733
12,Run50_KirilmaV1,Elektrik yolu,bahcivan,standart,101,ödülsüz eş,44,,,284,140,18,0,0,126,103,84,62,23,12,6578,20212,4500,0,0,1348,969,210,1945,1693,214,17545,56,3,65.98,1.6,2.197,1.727,2.465,12,0.367,2.222,26,12,1.33,1.33,1.34,2.09,1.75,60,50,49,19,33,2.7,2.09,3.45,8,7.56,23,81,0.727,0.531,4.315,845,4,145,0,yikim_gucux3 genis_savurusx2 kivilcimx2 canavar_kesimix1,47,0,45,55,165,81,81,0,2,2,4,,0,0,0,0,0,0,0,0,0,0,0.704,146.178,6.311
12,Run50_KirilmaV1,Elektrik yolu,bahcivan,standart,101,ödülsüz eş,45,,,251,142,7,0,0,102,114,52,45,26,14,6210,26422,4500,6210,800,1453,585,276,1648,958,490,15798,58,6,69.27,1.6,2.197,1.727,2.465,12,0.367,2.222,26,12,1.19,1.55,1.78,1.69,1.86,68,29,25,17,0,1.24,3.57,6.53,4.78,9.12,23,81,0.753,0.568,4.315,845,5,150,0,yikim_gucux3 genis_savurusx2 kivilcimx2 canavar_kesimix1,35,0,45,57,171,81,84,0,2,2,4,,0,0,0,0,0,0,0,0,0,0,0.642,138,5.578
12,Run50_KirilmaV1,Elektrik yolu,bahcivan,standart,101,ödülsüz eş,46,,,302,162,14,0,0,126,119,71,66,37,9,6358,6358,6000,0,0,1387,882,294,1535,1400,544,19762,59,3,73.42,1.6,2.197,1.727,2.64,12,0.383,2.333,26,12,1.22,1.38,1.51,1.52,2,62,65,41,26,0,1.96,2.25,3.69,3.3,5.17,23,81,0.723,0.481,4.14,881,6,156,0,yikim_gucux3 genis_savurusx2 kivilcimx3 canavar_kesimix1,47,0,45,58,174,81,90,0,2,2,4,,0,0,0,0,0,0,0,0,0,0,0.58,141.289,6.711
12,Run50_KirilmaV1,Elektrik yolu,bahcivan,standart,101,ödülsüz eş,47,,,321,165,17,0,0,139,151,70,57,34,9,6223,12581,6000,0,0,1368,864,276,2523,1164,530,19916,60,3,76.92,1.6,2.197,1.727,2.64,12,0.4,2.444,26,12,1.22,1.35,1.29,1.56,2.5,74,66,48,40,20,1.55,2.44,1.87,4.42,12.95,23,81,0.706,0.531,4.123,884,3,159,0,yikim_gucux3 genis_savurusx2 kivilcimx3 canavar_kesimix1,45,0,45,59,177,81,93,0,2,2,4,,0,0,0,0,0,0,0,0,0,0,0.568,138.289,7.133
12,Run50_KirilmaV1,Elektrik yolu,bahcivan,standart,101,ödülsüz eş,48,,,314,160,14,0,0,140,139,91,51,25,8,5367,17948,6000,0,0,1570,792,174,2043,946,704,18886,62,6,83.44,1.6,2.197,1.727,2.64,12,0.4,2.444,26,12,1.15,1.4,1.43,1.33,2.67,76,55,42,38,25,1.46,3.21,2.63,2.3,14.4,23,81,0.72,0.543,4.005,910,4,163,0,yikim_gucux3 genis_savurusx2 kivilcimx3 canavar_kesimix1,47,0,45,61,183,81,96,0,2,2,4,,0,0,0,0,0,0,0,0,0,0,0.593,119.267,6.978
12,Run50_KirilmaV1,Elektrik yolu,bahcivan,standart,101,ödülsüz eş,49,,,288,145,20,0,0,123,101,72,68,38,9,6881,24829,6000,0,0,1338,951,276,2151,1897,650,19669,63,3,83.44,1.6,2.197,1.673,2.64,12,0.4,2.556,26,12,1.22,1.33,1.46,1.58,1.5,70,60,42,15,17,2.23,2.42,3.3,4.22,2.93,23,81,0.722,0.506,4.005,910,3,166,0,yikim_gucux3 genis_savurusx2 kivilcimx3 canavar_kesimix1,52,0,45,62,186,81,102,0,2,2,4,,0,0,0,0,0,0,0,0,0,0,0.704,152.911,6.4
12,Run50_KirilmaV1,Elektrik yolu,bahcivan,standart,101,ödülsüz eş,50,,,308,162,5,0,0,141,130,81,58,30,9,6952,31781,6000,0,0,1733,786,228,2004,913,878,19404,64,3,87.23,1.6,2.197,1.673,2.727,12,0.4,2.556,26,11.96,1.19,1.31,1.49,1.65,1.33,67,74,37,20,50,1.28,2.05,3.4,3.74,1.67,23,81,0.728,0.494,3.903,934,5,171,0,yikim_gucux3 genis_savurusx2 kivilcimx3 canavar_kesimix1,55,0,45,63,189,81,105,0,2,2,4,,0,0,0,0,0,0,0,0,0,0,0.728,154.489,6.844
12,Run50_KirilmaV1,Elektrik yolu,bahcivan,standart,101,ödülsüz eş,50,KAZANDI
12,Run50_KirilmaV1,Elektrik yolu,bahcivan,standart,101,LAB R15 A ödülsüz #1,15,,,39,36,0,0,0,3,30,6,2,1,0,99,99,150,99,30,126,8,2,206,8,2,1242,4,9,18.13,1,1.3,2.41,1.188,6,0.3,2,18,4.44,1.7,2,1.5,2,,28,13,50,0,,4.91,3.2,2.42,19.3,,15,23,0.602,0.304,6.591,157,0,0,0,yikim_gucux1 genis_savurusx1,10,0,45,3,9,0,0,0,0,0,15,,0,0,0,0,0,0,0,0,0,0,0.696,2.2,0.867
12,Run50_KirilmaV1,Elektrik yolu,bahcivan,standart,101,LAB R15 B +cifte_akim #1,15,,,45,33,0,0,0,12,33,9,2,1,0,111,111,150,111,30,153,8,2,233,8,2,1446,4,9,18.13,1,1.3,2.41,1.188,6,0.3,2,18,4.5,1.78,1.8,2,,,33,9,0,0,0,4.11,4.82,2.43,,,15,23,0.559,0.261,6.591,157,0,0,0,yikim_gucux1 genis_savurusx1 cifte_akimx1,11,0,45,3,9,0,0,0,0,0,15,,8,8,0,4,4,0,0,0,0,0,0.609,2.467,1
12,Run50_KirilmaV1,Elektrik yolu,bahcivan,standart,101,LAB R15 A ödülsüz #2,15,,,42,36,0,0,0,6,33,6,2,1,0,103,103,150,103,30,135,8,2,215,8,2,1317,4,9,18.13,1,1.3,2.41,1.188,6,0.3,2,18,4.61,1.43,2.33,3,,,59,0,0,0,,1.55,7.63,9.63,,,15,23,0.596,0.435,6.591,157,0,0,0,yikim_gucux1 genis_savurusx1,12,0,45,3,9,0,0,0,0,0,15,,0,0,0,0,0,0,0,0,0,0,0.609,2.289,0.933
12,Run50_KirilmaV1,Elektrik yolu,bahcivan,standart,101,LAB R15 B +cifte_akim #2,15,,,41,39,0,0,0,2,32,5,4,0,0,88,88,150,88,30,126,16,0,206,16,0,1293,4,9,18.13,1,1.3,2.41,1.188,6,0.3,2,18,4.72,1.77,2.25,2.25,,,33,40,17,,,5.91,4.82,10.84,,,15,23,0.614,0.435,6.591,157,0,0,0,yikim_gucux1 genis_savurusx1 cifte_akimx1,10,0,45,3,9,0,0,0,0,0,15,,2,2,0,1,1,0,0,0,0,0,0.478,1.956,0.911
12,Run50_KirilmaV1,Elektrik yolu,bahcivan,standart,101,LAB R15 A ödülsüz #3,15,,,40,38,0,0,0,2,29,5,6,0,0,106,106,150,106,30,117,24,0,197,24,0,1346,4,9,18.13,1,1.3,2.41,1.188,6,0.3,2,18,4.56,1.71,1.75,1.83,,,32,13,14,,,4.04,8.43,12.04,,,15,23,0.605,0.391,6.591,157,0,0,0,yikim_gucux1 genis_savurusx1,10,0,45,3,9,0,0,0,0,0,15,,0,0,0,0,0,0,0,0,0,0,0.565,2.356,0.889
12,Run50_KirilmaV1,Elektrik yolu,bahcivan,standart,101,LAB R15 B +cifte_akim #3,15,,,37,32,0,0,0,5,27,7,3,0,0,79,79,150,79,30,123,12,0,203,12,0,1181,3,6,18.13,1,1.3,2.41,1.188,6,0.3,2,18,4.56,1.79,1.67,1.5,,,26,22,20,,,3.51,7.24,9.63,,,15,23,0.598,0.348,6.591,157,0,0,0,yikim_gucux1 genis_savurusx1 cifte_akimx1,10,0,45,2,6,0,0,0,0,0,15,,4,4,0,0,0,0,0,0,0,0,0.826,1.756,0.822
12,Run50_KirilmaV1,Elektrik yolu,bahcivan,standart,101,LAB R25 A ödülsüz #1,25,,,73,50,0,0,0,23,54,14,5,0,0,178,178,300,178,65,246,25,0,326,25,0,2909,7,18,25.51,1,1.69,2.16,1.373,6,0.3,2,20,5.9,1.46,1.82,1,,,40,23,25,0,,4.03,9.23,0,,,26,49,0.71,0.367,5.785,381,0,0,0,yikim_gucux2 genis_savurusx1 kivilcimx1,26,0,45,6,18,0,0,0,0,0,25,,0,0,0,0,0,0,0,0,0,0,0.857,3.956,1.622
12,Run50_KirilmaV1,Elektrik yolu,bahcivan,standart,101,LAB R25 B +cifte_akim #1,25,,,83,54,0,0,0,29,61,18,4,0,0,183,183,300,183,65,291,20,0,371,20,0,3304,8,21,25.51,1,1.69,2.16,1.373,6,0.3,2,20,5.95,1.4,1.67,2,,,48,15,0,,0,1.56,5.04,22.69,,,26,49,0.676,0.388,5.785,381,0,0,0,yikim_gucux2 genis_savurusx1 kivilcimx1 cifte_akimx1,19,0,45,7,21,0,0,0,0,0,25,,14,14,0,10,9,0,0,0,0,0,0.837,4.067,1.844
12,Run50_KirilmaV1,Elektrik yolu,bahcivan,standart,101,LAB R25 sinerji A ödülsüz #1,25,,,111,46,0,0,0,65,75,27,7,2,0,299,299,300,299,65,387,35,4,467,35,4,4304,10,27,25.51,1,2.197,2.16,1.373,6,0.3,2,20,5.8,1.2,2,1.5,1.5,,55,20,0,25,,1.08,9.29,7.56,4.32,,26,49,0.493,0.143,6.4,345,0,0,0,yikim_gucux3 genis_savurusx1 kivilcimx3,35,0.047,45,9,27,0,0,0,0,0,25,,0,0,0,0,0,0,0,0,0,0,0.592,6.644,2.467
12,Run50_KirilmaV1,Elektrik yolu,bahcivan,standart,101,LAB R25 sinerji B +cifte_akim #1,25,,,108,35,0,0,0,73,79,21,8,0,0,230,230,300,230,65,363,40,0,443,40,0,4048,9,24,25.51,1,2.197,2.16,1.373,6,0.3,2,20,5.85,1.42,1.86,2,,,45,19,33,0,0,2.58,5.86,2.15,,,26,49,0.543,0.143,6.4,345,0,0,0,yikim_gucux3 genis_savurusx1 kivilcimx3 cifte_akimx1,37,0.092,45,8,24,0,0,0,0,0,25,,35,35,0,22,18,0,0,0,0,0,0.592,5.111,2.4
12,Run50_KirilmaV1,Elektrik yolu,bahcivan,standart,101,LAB R25 A ödülsüz #2,25,,,73,52,0,0,0,21,49,17,6,1,0,260,260,300,260,65,249,30,2,329,30,2,3016,7,18,25.51,1,1.69,2.16,1.373,6,0.3,2,20,6,1.32,1.86,1.83,4,,57,21,30,0,,1.81,6.01,2.88,10.8,,26,49,0.711,0.449,5.785,381,0,0,0,yikim_gucux2 genis_savurusx1 kivilcimx1,22,0,45,6,18,0,0,0,0,0,25,,0,0,0,0,0,0,0,0,0,0,0.755,5.778,1.622
12,Run50_KirilmaV1,Elektrik yolu,bahcivan,standart,101,LAB R25 B +cifte_akim #2,25,,,84,53,0,0,0,31,60,17,4,3,0,334,334,300,334,65,282,20,6,362,20,6,3430,8,21,25.51,1,1.69,2.16,1.373,6,0.3,2,20,5.9,1.44,1.5,2,3,,54,32,0,50,,3.58,2.16,23.77,15.13,,26,49,0.666,0.429,5.785,381,0,0,0,yikim_gucux2 genis_savurusx1 kivilcimx1 cifte_akimx1,20,0,45,7,21,0,0,0,0,0,25,,16,16,0,10,8,0,0,0,0,0,0.653,7.422,1.867
12,Run50_KirilmaV1,Elektrik yolu,bahcivan,standart,101,LAB R25 sinerji A ödülsüz #2,25,,,98,33,0,0,0,65,71,22,3,2,0,236,236,300,236,65,345,15,4,425,15,4,3680,8,21,25.51,1,2.197,2.16,1.373,6,0.3,2,20,6,1.52,2.14,1,,,38,30,0,,0,2.59,7.1,0,,,26,49,0.576,0.122,6.4,345,0,0,0,yikim_gucux3 genis_savurusx1 kivilcimx3,32,0.046,45,7,21,0,0,0,0,0,25,,0,0,0,0,0,0,0,0,0,0,0.49,5.244,2.178
12,Run50_KirilmaV1,Elektrik yolu,bahcivan,standart,101,LAB R25 sinerji B +cifte_akim #2,25,,,102,38,0,0,0,64,72,22,7,0,1,326,326,300,326,65,348,35,10,428,35,10,3904,9,24,25.51,1,2.197,2.16,1.373,6,0.3,2,20,5.65,1.24,2.14,2.5,,,47,19,33,,0,1.79,9.88,7.57,,,26,49,0.527,0.061,6.4,345,0,0,0,yikim_gucux3 genis_savurusx1 kivilcimx3 cifte_akimx1,32,0.047,45,8,24,0,0,0,0,0,25,,38,38,0,18,15,0,0,0,0,0,0.755,7.244,2.267
12,Run50_KirilmaV1,Elektrik yolu,bahcivan,standart,101,LAB R25 A ödülsüz #3,25,,,74,55,0,0,0,19,54,15,5,0,0,172,172,300,172,65,252,25,0,332,25,0,2955,7,18,25.51,1,1.69,2.16,1.373,6,0.3,2,20,6,1.4,1.82,2,,,48,24,38,0,0,2.27,7.85,7.02,,,26,49,0.717,0.388,5.785,381,0,0,0,yikim_gucux2 genis_savurusx1 kivilcimx1,24,0,45,6,18,0,0,0,0,0,25,,0,0,0,0,0,0,0,0,0,0,0.776,3.822,1.644
12,Run50_KirilmaV1,Elektrik yolu,bahcivan,standart,101,LAB R25 B +cifte_akim #3,25,,,82,56,0,0,0,26,58,21,3,0,0,173,173,300,173,65,300,15,0,380,15,0,3267,8,21,25.51,1,1.69,2.16,1.373,6,0.3,2,20,6,1.31,1.69,2,,,55,27,0,,0,2.66,5.67,2.17,,,26,49,0.689,0.388,5.785,381,0,0,0,yikim_gucux2 genis_savurusx1 kivilcimx1 cifte_akimx1,23,0,45,7,21,0,0,0,0,0,25,,13,13,0,6,5,0,0,0,0,0,0.694,3.844,1.822
12,Run50_KirilmaV1,Elektrik yolu,bahcivan,standart,101,LAB R25 sinerji A ödülsüz #3,25,,,97,38,0,0,0,59,66,18,10,3,0,329,329,300,329,65,306,50,6,386,50,6,3856,9,24,25.51,1,2.197,2.16,1.373,6,0.3,2,20,5.75,1.47,1.5,2.25,,,45,25,22,0,,1.89,3.25,4.33,,,26,49,0.541,0.143,6.4,345,0,0,0,yikim_gucux3 genis_savurusx1 kivilcimx3,34,0.092,45,8,24,0,0,0,0,0,25,,0,0,0,0,0,0,0,0,0,0,0.673,7.311,2.156
12,Run50_KirilmaV1,Elektrik yolu,bahcivan,standart,101,LAB R25 sinerji B +cifte_akim #3,25,,,109,33,0,0,0,76,71,25,10,3,0,355,355,300,355,65,363,50,6,443,50,6,4352,10,27,25.51,1,2.197,2.16,1.373,6,0.3,2,20,5.7,1.43,2.43,1,2,,43,16,45,0,,3.39,5.86,0,15.14,,26,49,0.515,0.102,6.4,345,0,0,0,yikim_gucux3 genis_savurusx1 kivilcimx3 cifte_akimx1,38,0.061,45,9,27,0,0,0,0,0,25,,33,33,0,26,20,0,0,0,0,0,0.694,7.889,2.422
12,Run50_KirilmaV1,Elektrik yolu,bahcivan,standart,101,LAB R40 A ödülsüz #1,40,,,160,82,12,0,0,66,69,43,30,13,5,3192,3192,2800,3192,500,736,370,107,816,370,107,8839,15,42,57.05,1.6,2.197,1.783,1.802,9,0.3,2,25,6,1.16,1.64,1.67,1.17,1.5,75,41,32,40,33,0.77,3.65,3.68,2.08,0.9,23,81,0.85,0.568,4.536,804,0,0,0,yikim_gucux3 genis_savurusx1 kivilcimx2 canavar_kesimix1,40,0,45,14,42,0,0,0,0,0,40,,0,0,0,0,0,0,0,0,0,0,0.741,70.933,3.556
12,Run50_KirilmaV1,Elektrik yolu,bahcivan,standart,101,LAB R40 B +cifte_akim #1,40,,,184,81,5,0,0,98,79,52,34,15,4,3101,3101,2800,3101,500,848,374,117,928,374,117,10616,17,48,57.05,1.6,2.197,1.783,1.802,9,0.3,2,25,6,1.22,1.63,1.5,1,2.5,70,48,57,36,0,1.59,3.12,3.31,0,10.72,23,81,0.828,0.568,4.536,804,0,0,0,yikim_gucux3 genis_savurusx1 kivilcimx2 canavar_kesimix1 cifte_akimx1,40,0,45,16,48,0,0,0,0,0,40,,45,45,0,37,30,0,0,0,0,0,0.716,68.911,4.089
12,Run50_KirilmaV1,Elektrik yolu,bahcivan,standart,101,LAB R40 A ödülsüz #2,40,,,141,76,7,0,0,58,59,42,20,15,5,2695,2695,2800,2695,500,692,260,117,772,260,117,7738,14,39,57.05,1.6,2.197,1.783,1.802,9,0.3,2,25,6,1.35,1.63,1.6,2,1,60,50,38,33,33,1.73,2.79,3.03,5.2,0,23,81,0.866,0.691,4.536,804,0,0,0,yikim_gucux3 genis_savurusx1 kivilcimx2 canavar_kesimix1,27,0,45,13,39,0,0,0,0,0,40,,0,0,0,0,0,0,0,0,0,0,0.716,59.889,3.133
12,Run50_KirilmaV1,Elektrik yolu,bahcivan,standart,101,LAB R40 B +cifte_akim #2,40,,,157,76,4,0,0,77,75,38,28,12,4,2641,2641,2800,2641,500,662,308,123,742,308,123,8393,15,42,57.05,1.6,2.197,1.783,1.802,9,0.3,2,25,6,1.24,1.63,1.67,2,1,66,48,41,27,100,1.48,4.24,4.01,4.28,0,23,81,0.857,0.63,4.536,804,0,0,0,yikim_gucux3 genis_savurusx1 kivilcimx2 canavar_kesimix1 cifte_akimx1,31,0,45,14,42,0,0,0,0,0,40,,42,42,0,19,13,0,0,0,0,0,0.63,58.689,3.489
12,Run50_KirilmaV1,Elektrik yolu,bahcivan,standart,101,LAB R40 A ödülsüz #3,40,,,157,80,8,0,0,69,64,39,39,13,2,2310,2310,2800,2310,500,626,429,86,706,429,86,8752,15,42,57.05,1.6,2.197,1.783,1.802,9,0.3,2,25,6,1.19,1.39,1.56,1.5,2,71,47,40,50,0,1.14,1.94,3.17,1.78,7.13,23,81,0.849,0.679,4.536,804,0,0,0,yikim_gucux3 genis_savurusx1 kivilcimx2 canavar_kesimix1,28,0,45,14,42,0,0,0,0,0,40,,0,0,0,0,0,0,0,0,0,0,0.79,51.333,3.489
12,Run50_KirilmaV1,Elektrik yolu,bahcivan,standart,101,LAB R40 B +cifte_akim #3,40,,,179,77,6,0,0,96,77,49,29,22,2,3074,3074,2800,3074,500,758,359,110,838,359,110,10060,17,48,57.05,1.6,2.197,1.783,1.802,9,0.3,2,25,6,1.26,1.61,1.42,1.33,1,70,34,24,60,100,1.42,3.02,2.68,1.48,0,23,81,0.832,0.605,4.536,804,0,0,0,yikim_gucux3 genis_savurusx1 kivilcimx2 canavar_kesimix1 cifte_akimx1,35,0,45,16,48,0,0,0,0,0,40,,48,48,0,33,26,0,0,0,0,0,0.63,68.311,3.978
13,Run50_KirilmaV1,Elektrik yolu,bahcivan,standart,102,ödülsüz eş,1,,,13,13,0,0,0,0,10,3,0,0,0,19,19,45,0,0,32,0,0,32,0,0,290,1,0,10,1,1,3,0.9,4,0.3,2,13,2.08,1.8,2.67,,,,36,0,,,,2.4,5,,,,2,4,0.346,0,8,23,0,0,2,,4,0.203,45,0,0,0,0,0,0,0,0,,0,0,0,0,0,0,0,0,0,0,1,0.422,0.289
13,Run50_KirilmaV1,Elektrik yolu,bahcivan,standart,102,ödülsüz eş,2,,,18,18,0,0,0,0,14,3,1,0,0,33,52,45,0,0,40,4,0,40,4,0,410,2,3,11.33,1,1,3,0.9,4,0.3,2,14,2.36,1.57,2.67,3,,,38,0,0,,,1.93,5,9,,,3,5,0.391,0,8,28,2,2,1,,4,0.11,45,1,3,0,0,0,0,0,0,,0,0,0,0,0,0,0,0,0,0,0.2,0.733,0.4
13,Run50_KirilmaV1,Elektrik yolu,bahcivan,standart,102,ödülsüz eş,3,,,17,13,4,0,0,0,11,4,2,0,0,43,95,45,0,0,38,8,0,38,12,0,420,3,3,11.33,1,1,3,0.9,4,0.3,2,14,2.93,2,2.33,4,,,8,0,0,,,4.5,6,12,,,4,7,0.575,0,7.324,43,0,2,1,,6,0.051,45,2,6,3,0,0,2,2,3,,0,0,0,0,0,0,0,0,0,0,0.857,0.956,0.378
13,Run50_KirilmaV1,Elektrik yolu,bahcivan,standart,102,ödülsüz eş,4,,,22,17,5,0,0,0,14,6,2,0,0,52,147,45,0,0,52,8,0,56,20,0,722,5,6,12,1,1,2.892,0.9,4,0.3,2,15,3.13,1.78,2.5,3,,,20,0,0,,,4.18,5.3,7.23,,,4,7,0.549,0.143,7.144,44,5,7,0,,6,0.05,45,4,12,6,0,0,2,2,3,,0,0,0,0,0,0,0,0,0,0,0.429,1.156,0.489
13,Run50_KirilmaV1,Elektrik yolu,bahcivan,standart,102,ödülsüz eş,5,,,21,20,0,0,0,1,15,5,1,0,0,40,187,45,40,8,50,4,0,66,24,0,669,6,3,12,1,1,2.892,0.9,4,0.3,2,15,3.4,1.87,3,1,,,21,0,,,,4.82,10.84,0,,,5,9,0.638,0.333,7.276,56,0,7,1,,5,0,45,5,15,9,3,0,2,2,3,,0,0,0,0,0,0,0,0,0,0,0.556,0.889,0.467
13,Run50_KirilmaV1,Elektrik yolu,bahcivan,standart,102,ödülsüz eş,6,,,29,21,6,0,0,2,24,4,1,0,0,46,46,110,0,0,64,4,0,64,28,0,807,8,6,12.67,1,1.3,2.789,0.9,4,0.3,2,16,3.31,1.67,2,3,,,18,0,0,,,3.87,4.17,11.16,,,5,9,0.512,0.222,7.098,57,5,12,0,yikim_gucux1,6,0,45,7,21,9,6,0,2,2,3,,0,0,0,0,0,0,0,0,0,0,0.556,1.022,0.644
13,Run50_KirilmaV1,Elektrik yolu,bahcivan,standart,102,ödülsüz eş,7,,,29,21,8,0,0,0,20,9,0,0,0,47,93,110,0,0,76,0,0,80,28,0,869,9,3,12.67,1,1.3,2.789,0.9,4,0.3,2,16,3.63,1.81,2,,,,29,0,,,,3.66,4.47,,,,7,12,0.576,0.25,7.245,75,0,12,2,yikim_gucux1,8,0,45,8,24,15,6,0,2,2,3,,0,0,0,0,0,0,0,0,0,0,0.833,1.044,0.644
13,Run50_KirilmaV1,Elektrik yolu,bahcivan,standart,102,ödülsüz eş,8,,,45,30,12,0,0,3,39,6,0,0,0,57,150,110,0,0,108,0,0,126,28,0,1153,11,6,13.33,1,1.3,2.789,0.9,4,0.3,2,16,3.81,1.46,2.5,,,,42,25,,,,2.19,8.37,,,,8,14,0.547,0.071,7.291,86,2,14,1,yikim_gucux1,9,0.044,45,10,30,18,6,0,2,2,3,,0,0,0,0,0,0,0,0,0,0,0.357,1.267,1
13,Run50_KirilmaV1,Elektrik yolu,bahcivan,standart,102,ödülsüz eş,9,,,34,23,6,0,0,5,27,7,0,0,0,48,198,110,0,0,89,0,0,95,28,0,894,12,3,13.33,1,1.3,2.789,0.9,4,0.3,2,16,3.94,1.71,2.5,,,,23,0,0,,,7.06,10.7,,,,11,20,0.714,0.25,7.101,127,0,14,3,yikim_gucux1,9,0,45,11,33,24,6,0,2,2,3,,0,0,0,0,0,0,0,0,0,0,0.45,1.067,0.756
13,Run50_KirilmaV1,Elektrik yolu,bahcivan,standart,102,ödülsüz eş,10,,,23,21,0,0,0,2,17,4,1,1,0,69,267,110,69,16,54,4,2,56,32,2,619,13,3,14,1,1.3,2.789,0.9,4,0.3,2,16,4,2.13,2,1,5,,5,0,0,0,,14.87,11.86,0,39.03,,12,22,0.721,0.409,6.831,145,3,17,1,yikim_gucux1,6,0,45,12,36,25,8,0,2,2,3,,0,0,0,0,0,0,0,0,0,0,0.636,1.533,0.511
13,Run50_KirilmaV1,Elektrik yolu,bahcivan,standart,102,ödülsüz eş,11,,,47,25,9,0,0,13,36,8,3,0,0,90,90,150,0,0,112,12,0,130,44,2,1255,15,6,14.67,1,1.3,2.689,0.9,4,0.3,2,16,3.81,1.26,1.5,4,,,27,20,0,,,1.98,1.34,24.2,,,12,22,0.664,0.318,6.831,145,3,20,0,yikim_gucux1 kivilcimx1,12,0,45,14,42,25,11,0,2,2,3,,0,0,0,0,0,0,0,0,0,0,0.727,2,1.044
13,Run50_KirilmaV1,Elektrik yolu,bahcivan,standart,102,ödülsüz eş,12,,,45,26,8,0,0,11,31,11,3,0,0,96,186,150,0,0,148,12,0,153,26,2,1208,16,3,15.64,1,1.3,2.592,0.9,4,0.3,2,17,4,1.61,1.33,1.5,,,20,25,0,,,4.76,2.59,1.3,,,15,25,0.743,0.48,6.753,167,5,25,3,yikim_gucux1 kivilcimx1,13,0,45,15,45,25,17,0,2,2,3,,0,0,0,0,0,0,0,0,0,0,0.8,2.133,1
13,Run50_KirilmaV1,Elektrik yolu,bahcivan,standart,102,ödülsüz eş,13,,,50,32,5,0,0,13,40,7,3,0,0,91,277,150,0,0,155,12,0,157,38,2,1467,17,3,18.13,1,1.3,2.5,0.9,4,0.3,2,17,4,1.4,2,2,,,33,0,0,0,,2.7,11.25,8.33,,,16,26,0.719,0.538,6.494,180,8,33,1,yikim_gucux1 kivilcimx1,13,0,45,16,48,28,17,0,2,2,3,,0,0,0,0,0,0,0,0,0,0,0.846,2.022,1.111
13,Run50_KirilmaV1,Elektrik yolu,bahcivan,standart,102,ödülsüz eş,14,,,37,23,7,0,0,7,25,10,1,1,0,95,372,150,0,0,125,4,2,132,17,4,1157,18,3,18.13,1,1.3,2.5,0.9,4,0.3,2,17,4,1.5,1.43,4,2,,11,13,0,,,4.29,3.57,17.5,2.5,,17,29,0.815,0.621,6.313,207,2,35,1,yikim_gucux1 kivilcimx1,12,0,45,17,51,31,17,0,2,2,3,,0,0,0,0,0,0,0,0,0,0,0.966,2.111,0.822
13,Run50_KirilmaV1,Elektrik yolu,bahcivan,standart,102,ödülsüz eş,15,,,51,29,7,0,0,15,33,14,4,0,0,116,488,150,116,30,183,16,0,207,33,4,1701,20,6,19.2,1,1.3,2.41,0.9,4,0.3,2,18,4,1.41,1.75,2,,,29,9,0,,,4.12,5.72,8.44,,,18,30,0.786,0.6,6.355,212,4,39,1,yikim_gucux1 kivilcimx1,12,0,45,19,57,34,17,0,2,2,3,,0,0,0,0,0,0,0,0,0,0,0.667,2.578,1.133
13,Run50_KirilmaV1,Elektrik yolu,bahcivan,standart,102,ödülsüz eş,16,,,62,38,8,0,0,16,46,9,6,1,0,172,172,220,0,0,192,24,2,194,57,6,2129,21,3,20.27,1,1.3,1.975,0.935,4,0.3,2,22,3.95,1.35,1.43,1.6,,,31,0,0,0,,1.82,6.77,8.69,,,19,32,0.731,0.531,6.236,231,7,46,1,yikim_gucux1 kivilcimx1 hizli_bilekx1,15,0,45,20,60,40,17,0,2,2,3,,0,0,0,0,0,0,0,0,0,0,0.688,3.822,1.378
13,Run50_KirilmaV1,Elektrik yolu,bahcivan,standart,102,ödülsüz eş,17,,,62,40,3,0,0,19,38,17,7,0,0,178,350,220,0,0,216,35,0,221,67,6,2391,22,3,20.27,1,1.3,1.836,0.97,4,0.3,2,24,4,1.57,1.64,2,,,26,10,0,,,4.78,3.17,1.84,,,18,34,0.75,0.559,5.9,259,9,55,2,yikim_gucux1 kivilcimx1 hizli_bilekx1,13,0,45,21,63,43,17,0,2,2,3,,0,0,0,0,0,0,0,0,0,0,0.647,3.956,1.378
13,Run50_KirilmaV1,Elektrik yolu,bahcivan,standart,102,ödülsüz eş,18,,,78,43,16,0,0,19,49,19,9,1,0,272,622,220,0,0,261,45,2,267,52,8,3068,24,6,24.3,1,1.3,1.836,0.97,4,0.3,2,24,3.96,1.38,1.9,1.67,3,,44,0,0,0,0,2.75,5.32,8.87,22.03,,18,36,0.728,0.444,5.712,284,4,59,2,yikim_gucux1 kivilcimx1 hizli_bilekx1,18,0,45,23,69,46,17,0,2,2,3,,0,0,0,0,0,0,0,0,0,0,0.694,6.044,1.733
13,Run50_KirilmaV1,Elektrik yolu,bahcivan,standart,102,ödülsüz eş,19,,,112,61,9,0,0,42,69,29,10,3,1,569,1191,220,0,0,426,50,6,438,77,14,4537,26,6,24.3,1,1.3,1.836,1.005,6,0.3,2,24,5.88,1.31,1.9,1.71,3,1,42,0,0,0,,1.03,3.94,6.03,27.53,0,19,40,0.647,0.375,5.659,318,2,61,2,yikim_gucux1 kivilcimx1 hizli_bilekx1,24,0,45,25,75,49,20,0,2,2,3,,0,0,0,0,0,0,0,0,0,0,0.75,12.644,2.489
13,Run50_KirilmaV1,Elektrik yolu,bahcivan,standart,102,ödülsüz eş,20,,,103,58,14,0,0,31,63,27,13,0,0,355,1546,220,355,45,351,65,0,352,72,14,4398,28,6,25.51,1,1.3,1.836,1.04,6,0.3,2,24,5.75,1.25,1.56,2.5,,,50,9,0,0,,2.09,7,11.92,,,24,49,0.562,0.327,5.533,398,7,68,6,yikim_gucux1 kivilcimx1 hizli_bilekx1,22,0,45,27,81,49,26,0,2,2,3,,0,0,0,0,0,0,0,0,0,0,0.633,7.889,2.289
13,Run50_KirilmaV1,Elektrik yolu,bahcivan,standart,102,ödülsüz eş,21,,,159,86,12,0,0,61,108,33,14,4,0,585,585,300,0,0,522,70,8,574,117,22,6624,30,6,28.62,1,1.3,1.561,1.04,6,0.3,2,28,5.96,1.25,1.4,1.86,3.33,,63,14,0,0,,1.15,3.12,6.69,17.68,,22,49,0.642,0.469,5.419,407,2,70,1,yikim_gucux1 kivilcimx1 hizli_bilekx2,33,0,45,29,87,49,32,0,2,2,3,,0,0,0,0,0,0,0,0,0,0,0.653,13,3.533
13,Run50_KirilmaV1,Elektrik yolu,bahcivan,standart,102,ödülsüz eş,22,,,158,89,16,0,0,53,90,44,17,6,1,877,1462,300,0,0,534,124,12,628,216,34,7056,33,9,33.24,1,1.3,1.512,1.075,6,0.3,2,29,6,1.17,1.48,1.78,2,3,56,31,10,0,,0.71,2.66,4.37,12.6,6.03,21,49,0.652,0.408,5.356,412,5,75,1,yikim_gucux1 kivilcimx1 hizli_bilekx2,26,0,45,32,96,49,38,0,2,2,3,,0,0,0,0,0,0,0,0,0,0,0.612,19.489,3.511
13,Run50_KirilmaV1,Elektrik yolu,bahcivan,standart,102,ödülsüz eş,23,,,149,85,20,0,0,44,93,33,14,9,0,800,2262,300,0,0,477,84,18,520,100,52,6593,34,3,34.76,1,1.3,1.464,1.075,6,0.3,2,30,5.93,1.18,1.65,1.89,2.5,,65,16,14,0,0,0.72,3.01,4.55,10.62,,21,49,0.669,0.429,5.11,432,5,80,0,yikim_gucux1 kivilcimx1 hizli_bilekx2,29,0,45,33,99,49,47,0,2,2,3,,0,0,0,0,0,0,0,0,0,0,0.816,17.778,3.311
13,Run50_KirilmaV1,Elektrik yolu,bahcivan,standart,102,ödülsüz eş,24,,,178,83,38,0,0,57,101,54,15,7,1,1074,3336,300,0,0,627,90,32,702,147,64,7973,36,6,38.16,1,1.3,1.464,1.11,6,0.3,2,30,6,1.27,1.62,1.6,1.25,1,54,23,33,25,,0.84,4.04,4.69,3.29,0,20,49,0.672,0.347,5.053,436,4,84,1,yikim_gucux1 kivilcimx1 hizli_bilekx2,35,0,45,35,105,49,50,0,2,2,3,,0,0,0,0,0,0,0,0,0,0,0.51,23.867,3.956
13,Run50_KirilmaV1,Elektrik yolu,bahcivan,standart,102,ödülsüz eş,25,,,179,82,43,0,0,54,106,39,20,13,1,1451,4787,300,1451,65,552,140,50,594,311,74,8619,38,6,39.82,1,1.3,1.418,1.11,6,0.3,2,31,6,1.22,1.58,1.5,1.75,,55,43,0,0,0,1.01,3.06,1.42,3.55,,17,49,0.642,0.429,4.843,455,4,88,2,yikim_gucux1 kivilcimx1 hizli_bilekx2,35,0,45,37,111,49,56,0,2,2,3,,0,0,0,0,0,0,0,0,0,0,0.796,32.244,3.978
13,Run50_KirilmaV1,Elektrik yolu,bahcivan,standart,102,ödülsüz eş,26,,,185,83,40,0,0,62,96,37,37,13,2,1853,1853,500,0,0,547,284,51,591,312,105,9378,40,6,43.38,1,1.3,1.418,1.145,6,0.3,2,31,6,1.16,1.53,1.5,1.83,,67,20,14,11,0,0.77,3.42,2.21,3.53,,16,49,0.67,0.408,4.77,462,5,93,1,yikim_gucux1 kivilcimx2 hizli_bilekx2,32,0,45,39,117,49,62,0,2,2,3,,0,0,0,0,0,0,0,0,0,0,0.755,41.178,4.111
13,Run50_KirilmaV1,Elektrik yolu,bahcivan,standart,102,ödülsüz eş,27,,,209,93,45,0,0,71,103,52,30,18,6,2865,4718,500,0,0,673,310,78,729,337,83,10916,42,6,43.38,1,1.3,1.373,1.23,6,0.3,2,32,6,1.17,1.5,1.67,1.75,1.33,68,34,15,9,0,0.72,1.86,4.47,5.38,0.46,17,52,0.686,0.404,4.627,506,5,98,2,yikim_gucux1 kivilcimx2 hizli_bilekx2,35,0,45,41,123,49,68,0,2,2,3,,0,0,0,0,0,0,0,0,0,0,0.692,63.667,4.644
13,Run50_KirilmaV1,Elektrik yolu,bahcivan,standart,102,ödülsüz eş,28,,,174,80,35,0,0,59,90,40,23,19,2,1933,6651,500,0,0,550,161,81,554,197,104,8826,43,3,46.93,1,1.3,1.373,1.265,6,0.3,2,32,6,1.36,1.89,1.83,2.4,,44,21,25,14,0,1.53,5.93,5.95,3.56,,21,75,0.764,0.347,4.831,699,4,102,9,yikim_gucux1 kivilcimx2 hizli_bilekx2,37,0,45,42,126,55,68,0,2,2,3,,0,0,0,0,0,0,0,0,0,0,0.827,42.956,3.867
13,Run50_KirilmaV1,Elektrik yolu,bahcivan,standart,102,ödülsüz eş,29,,,174,81,39,0,0,54,80,47,23,21,3,2322,8973,500,0,0,759,214,84,833,241,138,9077,44,3,46.93,1,1.3,1.373,1.265,6,0.3,2,32,6,1.29,1.65,1.67,2.33,2,50,18,19,9,0,1.77,4.3,4.72,8.01,6.87,24,80,0.801,0.638,4.988,722,5,107,3,yikim_gucux1 kivilcimx2 hizli_bilekx2,35,0,45,43,129,58,68,0,2,2,3,,0,0,0,0,0,0,0,0,0,0,0.713,51.6,3.867
13,Run50_KirilmaV1,Elektrik yolu,bahcivan,standart,102,ödülsüz eş,30,,,178,90,36,0,0,52,77,40,44,13,4,2382,11355,500,2382,100,643,416,69,746,447,142,9508,46,6,46.93,1,1.3,1.33,1.265,6,0.3,2,33,6,1.33,1.59,1.62,1.91,2.5,52,33,11,0,0,1.98,5.24,3.74,9.19,10.65,25,81,0.69,0.519,5.032,724,5,112,1,yikim_gucux1 kivilcimx2 hizli_bilekx2,37,0,45,45,135,61,68,0,2,2,3,,0,0,0,0,0,0,0,0,0,0,0.642,52.933,3.956
13,Run50_KirilmaV1,Elektrik yolu,bahcivan,standart,102,ödülsüz eş,31,,,217,108,35,0,0,74,113,45,36,19,4,2720,2720,1200,0,0,877,324,112,988,771,174,11065,47,3,50.49,1,1.3,1.131,1.315,6,0.3,2,39,6,1.27,1.68,1.77,2.25,,63,32,8,11,0,1.42,2.44,3.49,10.6,,25,81,0.771,0.531,4.957,735,4,116,0,yikim_gucux1 kivilcimx2 hizli_bilekx3,42,0,45,46,138,67,68,0,2,2,3,,0,0,0,0,0,0,0,0,0,0,0.716,60.444,4.822
13,Run50_KirilmaV1,Elektrik yolu,bahcivan,standart,102,ödülsüz eş,32,,,239,116,42,0,0,81,114,54,46,21,4,3014,5734,1200,0,0,946,497,143,1184,708,222,12589,49,6,53.29,1,1.3,1.095,1.315,6,0.3,2,41,6,1.27,1.68,1.75,1.56,1,60,26,18,29,20,1.91,3.94,3.74,5.36,0,25,81,0.748,0.568,4.957,735,4,120,0,yikim_gucux1 kivilcimx2 hizli_bilekx3,39,0,45,48,144,70,68,0,2,2,3,,0,0,0,0,0,0,0,0,0,0,0.654,66.978,5.311
13,Run50_KirilmaV1,Elektrik yolu,bahcivan,standart,102,ödülsüz eş,33,,,204,99,36,0,0,69,89,56,40,12,7,3270,9004,1200,0,0,926,551,140,1000,819,362,11178,50,3,53.29,1,1.3,1.095,1.365,6,0.3,2,41,6,1.4,1.69,2.18,1.83,2.5,51,24,12,0,0,1.19,3.58,5.48,2.38,6.03,25,81,0.781,0.556,4.751,767,5,125,0,yikim_gucux1 kivilcimx2 hizli_bilekx3,34,0,45,49,147,76,68,0,2,2,3,,0,0,0,0,0,0,0,0,0,0,0.753,72.667,4.533
13,Run50_KirilmaV1,Elektrik yolu,bahcivan,standart,102,ödülsüz eş,34,,,253,118,44,0,0,91,109,74,47,15,8,3939,12943,1200,0,0,1326,546,150,1396,645,402,13886,51,3,60.05,1,1.3,1.095,1.365,6,0.317,2,41,6,1.27,1.4,1.48,2.17,1,56,31,23,0,0,1.19,1.97,2.45,5.29,0,25,81,0.743,0.506,4.751,767,5,130,0,yikim_gucux1 kivilcimx2 hizli_bilekx3,47,0,45,50,150,79,68,0,2,2,3,,0,0,0,0,0,0,0,0,0,0,0.667,87.533,5.622
13,Run50_KirilmaV1,Elektrik yolu,bahcivan,standart,102,ödülsüz eş,35,,,206,86,44,0,0,76,105,50,24,20,7,3302,16245,1200,3302,220,992,440,150,1188,725,552,11076,52,3,65.98,1,1.3,1.095,1.365,6,0.317,2,41,4,1.22,1.3,1.46,1.83,1.5,58,38,25,27,50,1.09,1.97,2.02,4.75,1.65,25,81,0.782,0.642,4.751,767,2,132,0,yikim_gucux1 kivilcimx2 hizli_bilekx3,39,0,45,51,153,81,69,0,2,2,3,,0,0,0,0,0,0,0,0,0,0,0.704,73.378,4.578
13,Run50_KirilmaV1,Elektrik yolu,bahcivan,standart,102,ödülsüz eş,36,,,433,217,68,0,0,148,169,117,82,49,16,8577,8577,2800,0,0,2378,1161,297,2806,1886,724,24717,54,6,65.98,1.6,1.3,1.061,1.415,9,0.317,2,42,8.67,1.02,1.18,1.21,1.21,1.4,94,62,52,43,33,0.1,1.35,1.67,1.95,3.4,25,81,0.571,0.383,4.751,767,3,135,0,yikim_gucux1 kivilcimx2 hizli_bilekx3 canavar_kesimix1,60,0,45,53,159,81,72,0,2,2,3,,0,0,0,0,0,0,0,0,0,0,0.642,190.6,9.622
13,Run50_KirilmaV1,Elektrik yolu,bahcivan,standart,102,ödülsüz eş,37,,,445,225,83,0,0,137,180,115,87,51,12,8233,16810,2800,0,0,2074,1212,343,2165,1918,1067,25908,57,9,69.93,1.6,1.3,1.061,1.465,9,0.333,2,42,8.69,1.02,1.17,1.25,1.2,1.25,92,69,60,54,50,0.27,0.85,1.49,0.78,0.53,25,81,0.568,0.383,4.622,789,8,143,0,yikim_gucux1 kivilcimx2 hizli_bilekx3 canavar_kesimix1,66,0,45,56,168,81,78,0,2,2,3,,0,0,0,0,0,0,0,0,0,0,0.568,182.956,9.889
13,Run50_KirilmaV1,Elektrik yolu,bahcivan,standart,102,ödülsüz eş,38,,,453,231,73,0,0,149,193,112,92,45,11,8747,25557,2800,0,0,2105,1332,400,2220,1490,1327,25865,58,3,79.64,1.6,1.3,1.061,1.465,9,0.333,2,42,8.79,1.03,1.15,1.23,1.36,1.33,97,72,67,52,50,0.2,0.51,1.24,2.51,3,25,81,0.587,0.383,4.448,819,6,149,0,yikim_gucux1 kivilcimx2 hizli_bilekx3 canavar_kesimix1,63,0,45,57,171,81,87,0,2,2,3,,0,0,0,0,0,0,0,0,0,0,0.531,194.378,10.067
13,Run50_KirilmaV1,Elektrik yolu,bahcivan,standart,102,ödülsüz eş,39,,,467,228,100,0,0,139,192,121,87,53,14,9559,35116,2800,0,0,2229,1264,456,2299,1654,1783,28070,60,6,83.44,1.6,1.3,1.027,1.465,9,0.333,2,43,8.67,1.02,1.17,1.28,1.29,1.4,95,70,58,57,40,0.1,1.17,1.83,2.35,5.14,25,81,0.549,0.272,4.448,819,4,153,0,yikim_gucux1 kivilcimx2 hizli_bilekx3 canavar_kesimix1,64,0,45,59,177,81,90,0,2,2,3,,0,0,0,0,0,0,0,0,0,0,0.617,212.422,10.378
13,Run50_KirilmaV1,Elektrik yolu,bahcivan,standart,102,ödülsüz eş,40,,,384,222,61,0,0,101,150,101,71,47,15,9934,45050,2800,9934,500,2117,1177,392,2196,1821,2020,23194,62,6,83.44,1.6,1.3,1.027,1.565,9,0.383,2,43,8.33,1.02,1.38,1.41,1.42,1.82,94,59,51,38,23,0.1,2.48,2.26,2.41,5.98,25,81,0.48,0.296,4.322,843,9,162,0,yikim_gucux1 kivilcimx2 hizli_bilekx3 canavar_kesimix1,54,0,45,61,183,81,96,0,2,2,3,,0,0,0,0,0,0,0,0,0,0,0.506,220.756,8.533
13,Run50_KirilmaV1,Elektrik yolu,bahcivan,standart,102,ödülsüz eş,41,,,623,347,118,0,0,158,241,182,110,64,26,13900,13900,4500,0,0,3666,1808,627,3962,1859,2497,37571,64,6,94.04,1.6,1.3,0.719,1.565,9,0.383,2.111,62,8.52,1.02,1.08,1.19,1.45,1.6,97,79,63,54,47,0.08,0.44,0.55,2.66,6.24,25,81,0.488,0.284,4.206,867,4,166,0,yikim_gucux1 kivilcimx2 hizli_bilekx3 canavar_kesimix1 firtina_bilegix1,79,0,45,63,189,81,102,0,2,2,3,,0,0,0,0,0,0,0,0,0,0,0.321,308.889,13.844
13,Run50_KirilmaV1,Elektrik yolu,bahcivan,standart,102,ödülsüz eş,42,,,670,349,102,0,0,219,277,156,140,77,20,14784,28684,4500,0,0,3463,2127,750,3675,3428,1137,41409,66,6,94.04,1.6,1.3,0.696,1.565,9,0.4,2.111,64,8.63,1.03,1.13,1.19,1.49,1.53,94,75,64,38,29,0.17,0.58,0.94,3.32,4.46,25,101,0.517,0.158,4.182,1087,9,175,7,yikim_gucux1 kivilcimx2 hizli_bilekx3 canavar_kesimix1 firtina_bilegix1,98,0,45,65,195,81,108,0,2,2,3,,0,0,0,0,0,0,0,0,0,0,0.446,328.533,14.889
13,Run50_KirilmaV1,Elektrik yolu,bahcivan,standart,102,ödülsüz eş,43,,,752,364,151,0,0,237,309,185,150,86,22,15527,44211,4500,0,0,4405,2286,720,5330,3044,1662,46479,69,9,105.24,1.6,1.3,0.696,1.565,9,0.4,2.222,64,8.83,1.01,1.16,1.25,1.34,1.42,99,75,61,44,57,0.04,1.08,1.13,2.51,1.39,33,121,0.523,0.347,4.311,1263,5,180,8,yikim_gucux1 kivilcimx2 hizli_bilekx3 canavar_kesimix1 firtina_bilegix1,113,0,45,68,204,87,108,0,2,2,3,,0,0,0,0,0,0,0,0,0,0,0.579,345.044,16.711
13,Run50_KirilmaV1,Elektrik yolu,bahcivan,standart,102,ödülsüz eş,44,,,820,381,144,0,0,295,309,207,186,93,25,20349,64560,4500,0,0,4605,3006,900,4785,3060,2562,53983,71,6,109.63,1.6,1.3,0.696,1.665,9,0.4,2.222,64,8.91,1.01,1.11,1.23,1.23,1.17,96,77,70,60,57,0.04,0.76,1.47,1.42,1.34,33,121,0.552,0.364,4.026,1352,10,190,0,yikim_gucux1 kivilcimx2 hizli_bilekx3 canavar_kesimix1 firtina_bilegix1,113,0,45,70,210,96,108,0,2,2,3,,0,0,0,0,0,0,0,0,0,0,0.579,452.2,18.222
13,Run50_KirilmaV1,Elektrik yolu,bahcivan,standart,102,ödülsüz eş,45,,,779,366,139,0,0,274,300,189,162,109,19,20644,85204,4500,20644,800,4170,2337,930,5155,2927,3252,53921,73,6,121.72,1.6,1.3,0.696,1.665,9,0.4,2.333,64,8.98,1.07,1.22,1.2,1.33,1.71,87,68,73,57,20,0.71,1.7,1.54,1.82,4.58,33,121,0.593,0.438,3.897,1397,5,195,0,yikim_gucux1 kivilcimx2 hizli_bilekx3 canavar_kesimix1 firtina_bilegix1,112,0,45,72,216,102,108,0,2,2,3,,0,0,0,0,0,0,0,0,0,0,0.529,458.756,17.311
13,Run50_KirilmaV1,Elektrik yolu,bahcivan,standart,102,ödülsüz eş,46,,,827,388,129,0,0,310,313,207,183,96,28,22134,22134,6000,0,0,4680,3330,894,5235,4357,4146,56854,75,6,134.4,1.6,1.3,0.696,1.665,9,0.4,2.333,64,8.92,1,1.15,1.17,1.29,1.53,100,77,70,69,41,0,1.11,1.26,2.43,3.16,33,121,0.585,0.43,3.79,1437,3,198,0,yikim_gucux1 kivilcimx3 hizli_bilekx3 canavar_kesimix1 firtina_bilegix1,116,0,45,74,222,108,108,0,2,2,3,,0,0,0,0,0,0,0,0,0,0,0.57,491.867,18.378
13,Run50_KirilmaV1,Elektrik yolu,bahcivan,standart,102,ödülsüz eş,47,,,848,387,149,0,0,312,296,234,171,120,27,23846,45980,6000,0,0,5005,2532,1188,5120,6889,5044,61360,78,9,142.4,1.6,1.3,0.696,1.665,9,0.417,2.444,64,8.92,1,1.14,1.17,1.27,1.33,100,80,74,63,50,0,0.87,1.5,1.6,2.96,33,121,0.574,0.388,3.79,1437,4,202,0,yikim_gucux1 kivilcimx3 hizli_bilekx3 canavar_kesimix1 firtina_bilegix1,115,0,45,77,231,114,108,0,2,2,3,,0,0,0,0,0,0,0,0,0,0,0.562,529.911,18.844
13,Run50_KirilmaV1,Elektrik yolu,bahcivan,standart,102,ödülsüz eş,48,,,855,391,145,0,0,319,317,197,188,116,37,30170,76150,6000,0,0,4770,3390,1110,5700,10279,6154,63975,80,6,142.4,1.6,1.3,0.696,1.665,9,0.45,2.444,64,8.92,1.01,1.12,1.13,1.17,1.38,99,80,76,75,53,0.01,0.51,1.29,0.68,1.65,33,121,0.597,0.413,3.669,1484,4,206,0,yikim_gucux1 kivilcimx3 hizli_bilekx3 canavar_kesimix1 firtina_bilegix1,120,0,45,79,237,121,110,0,2,2,3,,0,0,0,0,0,0,0,0,0,0,0.645,670.444,19
13,Run50_KirilmaV1,Elektrik yolu,bahcivan,standart,102,ödülsüz eş,49,,,833,375,157,0,0,301,305,235,170,88,35,22325,98475,6000,0,0,5570,2997,828,5970,13276,6652,63109,82,6,150.4,1.6,1.3,0.696,1.665,9,0.45,2.556,64,8.98,1,1.17,1.16,1.22,1.45,100,76,73,68,45,0,0.86,0.79,1,2.58,33,121,0.6,0.421,3.667,1485,3,209,0,yikim_gucux1 kivilcimx3 hizli_bilekx3 canavar_kesimix1 firtina_bilegix1,122,0,45,81,243,121,116,0,2,2,3,,0,0,0,0,0,0,0,0,0,0,0.62,496.111,18.511
13,Run50_KirilmaV1,Elektrik yolu,bahcivan,standart,102,ödülsüz eş,50,,,864,372,163,0,0,329,313,219,177,122,33,24904,123379,6000,0,0,5215,3021,1044,9185,16297,7696,66664,84,6,150.4,1.6,1.3,0.696,1.665,9,0.45,2.556,64,8.88,1.01,1.14,1.13,1.3,1.15,97,83,77,68,57,0.07,0.69,0.74,1.92,1.5,33,121,0.597,0.43,3.649,1492,1,210,0,yikim_gucux1 kivilcimx3 hizli_bilekx3 canavar_kesimix1 firtina_bilegix1,120,0,45,83,249,121,122,0,2,2,3,,0,0,0,0,0,0,0,0,0,0,0.686,553.422,19.2
13,Run50_KirilmaV1,Elektrik yolu,bahcivan,standart,102,ödülsüz eş,50,KAZANDI
13,Run50_KirilmaV1,Elektrik yolu,bahcivan,standart,102,LAB R15 A ödülsüz #1,15,,,49,31,13,0,0,5,37,9,3,0,0,95,95,150,95,30,165,12,0,245,12,0,1580,4,9,19.2,1,1.3,2.41,0.9,4,0.3,2,18,4,1.33,1.75,2,,,52,18,0,,,1.03,8.13,6.02,,,18,30,0.788,0.567,6.355,212,0,0,0,yikim_gucux1 kivilcimx1,13,0,45,3,9,0,0,0,0,0,15,,0,0,0,0,0,0,0,0,0,0,0.867,2.111,1.089
13,Run50_KirilmaV1,Elektrik yolu,bahcivan,standart,102,LAB R15 B +cifte_akim #1,15,,,55,28,6,0,0,21,46,5,4,0,0,101,101,150,101,30,168,16,0,248,16,0,1664,5,12,19.2,1,1.3,2.41,0.9,4,0.3,2,18,4,1.45,1.67,1.67,,,30,33,25,,,3.4,2.41,3.21,,,18,30,0.763,0.6,6.355,212,0,0,0,yikim_gucux1 kivilcimx1 cifte_akimx1,14,0,45,4,12,0,0,0,0,0,15,,8,8,0,13,8,0,0,0,0,0,0.833,2.244,1.222
13,Run50_KirilmaV1,Elektrik yolu,bahcivan,standart,102,LAB R15 A ödülsüz #2,15,,,49,33,8,0,0,8,41,3,5,0,0,100,100,150,100,30,141,20,0,221,20,0,1510,4,9,19.2,1,1.3,2.41,0.9,4,0.3,2,18,4,1.33,2,2,,,46,25,0,0,,2.23,8.43,5.42,,,18,30,0.777,0.567,6.355,212,0,0,0,yikim_gucux1 kivilcimx1,13,0,45,3,9,0,0,0,0,0,15,,0,0,0,0,0,0,0,0,0,0,0.867,2.222,1.089
13,Run50_KirilmaV1,Elektrik yolu,bahcivan,standart,102,LAB R15 B +cifte_akim #2,15,,,62,35,6,0,0,21,46,10,6,0,0,137,137,150,137,30,198,24,0,278,24,0,1987,5,12,19.2,1,1.3,2.41,0.9,4,0.3,2,18,4,1.4,1.5,1.75,,,42,0,0,,,3.18,2.81,7.23,,,18,30,0.734,0.433,6.355,212,0,0,0,yikim_gucux1 kivilcimx1 cifte_akimx1,18,0,45,4,12,0,0,0,0,0,15,,11,11,0,20,11,0,0,0,0,0,0.633,3.044,1.378
13,Run50_KirilmaV1,Elektrik yolu,bahcivan,standart,102,LAB R15 A ödülsüz #3,15,,,50,29,12,0,0,9,39,5,5,1,0,134,134,150,134,30,147,20,2,227,20,2,1612,4,9,19.2,1,1.3,2.41,0.9,4,0.3,2,18,4,1.38,2,1.5,2,,40,25,40,0,,3.01,4.82,1.2,9.67,,18,30,0.782,0.533,6.355,212,0,0,0,yikim_gucux1 kivilcimx1,14,0,45,3,9,0,0,0,0,0,15,,0,0,0,0,0,0,0,0,0,0,0.9,2.978,1.111
13,Run50_KirilmaV1,Elektrik yolu,bahcivan,standart,102,LAB R15 B +cifte_akim #3,15,,,46,30,4,0,0,12,36,7,3,0,0,87,87,150,87,30,150,12,0,230,12,0,1463,4,9,19.2,1,1.3,2.41,0.9,4,0.3,2,18,4,1.52,1.25,2,,,38,50,0,0,,3.86,4.22,4.84,,,18,30,0.797,0.567,6.355,212,0,0,0,yikim_gucux1 kivilcimx1 cifte_akimx1,13,0,45,3,9,0,0,0,0,0,15,,6,6,0,6,4,0,0,0,0,0,0.9,1.933,1.022
13,Run50_KirilmaV1,Elektrik yolu,bahcivan,standart,102,LAB R25 A ödülsüz #1,25,,,177,86,31,0,0,60,103,37,20,12,5,1914,1914,300,1914,65,675,140,58,755,140,58,8695,15,42,39.82,1,1.3,1.418,1.11,6,0.3,2,31,6,1.36,1.71,1.42,3,1.5,56,33,53,14,0,1.93,4.5,2.95,15.6,7.1,17,49,0.691,0.327,4.843,455,0,0,0,yikim_gucux1 kivilcimx1 hizli_bilekx2,34,0,45,14,42,0,0,0,0,0,25,,0,0,0,0,0,0,0,0,0,0,0.612,42.533,3.933
13,Run50_KirilmaV1,Elektrik yolu,bahcivan,standart,102,LAB R25 B +cifte_akim #1,25,,,191,72,47,0,0,72,98,52,25,14,2,1756,1756,300,1756,65,702,175,42,782,175,42,9549,16,45,39.82,1,1.3,1.418,1.11,6,0.3,2,31,6,1.23,1.42,1.67,2.4,,62,41,5,9,0,1.64,2.31,3.47,7.09,,17,49,0.645,0.367,4.843,455,0,0,0,yikim_gucux1 kivilcimx1 hizli_bilekx2 cifte_akimx1,36,0,45,15,45,0,0,0,0,0,25,,39,39,0,37,24,0,0,0,0,0,0.735,39.022,4.244
13,Run50_KirilmaV1,Elektrik yolu,bahcivan,standart,102,LAB R25 sinerji A ödülsüz #1,25,,,158,67,0,0,0,91,90,39,21,8,0,839,839,300,839,65,504,147,24,584,147,24,6736,13,36,39.82,1,2.197,1.418,1.11,6,0.3,2,31,5.74,1.4,1.8,1.6,2,,49,26,50,0,0,2.34,5.3,3.69,7.78,,17,49,0.585,0.163,6.243,353,0,0,0,yikim_gucux3 kivilcimx3 hizli_bilekx2,37,0,45,12,36,0,0,0,0,0,25,,0,0,0,0,0,0,0,0,0,0,0.51,18.644,3.511
13,Run50_KirilmaV1,Elektrik yolu,bahcivan,standart,102,LAB R25 sinerji B +cifte_akim #1,25,,,168,67,0,0,0,101,91,45,24,7,1,996,996,300,996,65,591,168,21,671,168,21,7264,14,39,39.82,1,2.197,1.418,1.11,6,0.3,2,31,5.77,1.6,1.63,2.33,3,,47,46,21,13,0,4.19,5.14,9.22,8.5,,17,49,0.571,0.143,6.243,353,0,0,0,yikim_gucux3 kivilcimx3 hizli_bilekx2 cifte_akimx1,38,0.013,45,13,39,0,0,0,0,0,25,,67,67,0,33,31,0,0,0,0,0,0.469,22.133,3.733
13,Run50_KirilmaV1,Elektrik yolu,bahcivan,standart,102,LAB R25 A ödülsüz #2,25,,,185,81,47,0,0,57,100,44,28,10,3,1746,1746,300,1746,65,660,196,41,740,196,41,9179,16,45,39.82,1,1.3,1.418,1.11,6,0.3,2,31,6,1.19,1.47,1.67,3.33,2,59,43,22,0,0,1,1.99,3.5,9.94,4.27,17,49,0.686,0.327,4.843,455,0,0,0,yikim_gucux1 kivilcimx1 hizli_bilekx2,40,0,45,15,45,0,0,0,0,0,25,,0,0,0,0,0,0,0,0,0,0,0.551,38.8,4.111
13,Run50_KirilmaV1,Elektrik yolu,bahcivan,standart,102,LAB R25 B +cifte_akim #2,25,,,175,77,35,0,0,63,96,37,33,6,3,1547,1547,300,1547,65,558,256,29,638,256,29,8544,15,42,39.82,1,1.3,1.418,1.11,6,0.3,2,31,6,1.43,1.5,1.31,4,,52,38,39,0,0,2.41,3.24,0.66,13.72,,17,49,0.686,0.347,4.843,455,0,0,0,yikim_gucux1 kivilcimx1 hizli_bilekx2 cifte_akimx1,37,0,45,14,42,0,0,0,0,0,25,,38,38,0,30,18,0,0,0,0,0,0.673,34.378,3.889
13,Run50_KirilmaV1,Elektrik yolu,bahcivan,standart,102,LAB R25 sinerji A ödülsüz #2,25,,,147,60,0,0,0,87,79,39,18,11,0,909,909,300,909,65,471,126,33,551,126,33,6432,13,36,39.82,1,2.197,1.418,1.11,6,0.3,2,31,5.68,1.41,2.21,2,2.17,,46,16,33,14,,2.38,8,5.43,8.04,,17,49,0.612,0.163,6.243,353,0,0,0,yikim_gucux3 kivilcimx3 hizli_bilekx2,37,0,45,12,36,0,0,0,0,0,25,,0,0,0,0,0,0,0,0,0,0,0.592,20.2,3.267
13,Run50_KirilmaV1,Elektrik yolu,bahcivan,standart,102,LAB R25 sinerji B +cifte_akim #2,25,,,168,60,0,0,0,108,98,38,25,6,1,948,948,300,948,65,570,175,18,650,175,18,7136,13,36,39.82,1,2.197,1.418,1.11,6,0.3,2,31,5.45,1.43,2,2.5,2,,45,19,0,33,,1.79,4.52,8.74,25.53,,17,49,0.545,0.143,6.243,353,0,0,0,yikim_gucux3 kivilcimx3 hizli_bilekx2 cifte_akimx1,37,0.013,45,12,36,0,0,0,0,0,25,,60,60,0,35,32,0,0,0,0,0,0.653,21.067,3.733
13,Run50_KirilmaV1,Elektrik yolu,bahcivan,standart,102,LAB R25 A ödülsüz #3,25,,,171,85,41,0,0,45,104,38,18,8,3,1466,1466,300,1466,65,588,151,35,668,151,35,8017,14,39,39.82,1,1.3,1.418,1.11,6,0.3,2,31,6,1.19,1.21,1.92,1.2,,61,45,6,40,0,1.5,0.81,7.79,2.27,,17,49,0.677,0.367,4.843,455,0,0,0,yikim_gucux1 kivilcimx1 hizli_bilekx2,35,0,45,13,39,0,0,0,0,0,25,,0,0,0,0,0,0,0,0,0,0,0.776,32.578,3.8
13,Run50_KirilmaV1,Elektrik yolu,bahcivan,standart,102,LAB R25 B +cifte_akim #3,25,,,206,79,51,0,0,76,123,43,28,9,3,1765,1765,300,1765,65,627,221,49,707,221,49,9696,16,45,39.82,1,1.3,1.418,1.11,6,0.3,2,31,6,1.33,1.45,2.5,1.2,1,61,46,0,0,100,1.51,2.96,10.28,0.29,0,17,49,0.637,0.367,4.843,455,0,0,0,yikim_gucux1 kivilcimx1 hizli_bilekx2 cifte_akimx1,34,0,45,15,45,0,0,0,0,0,25,,47,47,0,39,28,0,0,0,0,0,0.531,39.222,4.578
13,Run50_KirilmaV1,Elektrik yolu,bahcivan,standart,102,LAB R25 sinerji A ödülsüz #3,25,,,162,67,0,0,0,95,92,45,15,9,1,960,960,300,960,65,546,130,27,626,130,27,6880,13,36,39.82,1,2.197,1.418,1.11,6,0.3,2,31,5.71,1.47,1.9,1.33,2.6,,47,30,33,14,0,2.52,4.68,4.26,9.36,,17,49,0.584,0.224,6.243,353,0,0,0,yikim_gucux3 kivilcimx3 hizli_bilekx2,30,0,45,12,36,0,0,0,0,0,25,,0,0,0,0,0,0,0,0,0,0,0.49,21.333,3.6
13,Run50_KirilmaV1,Elektrik yolu,bahcivan,standart,102,LAB R25 sinerji B +cifte_akim #3,25,,,174,60,0,0,0,114,109,34,23,7,1,957,957,300,957,65,531,161,32,611,161,32,7248,14,39,39.82,1,2.197,1.418,1.11,6,0.3,2,31,5.58,1.51,1.89,1.56,1.67,,41,25,39,25,0,3.78,5.2,2.36,3.31,,17,49,0.54,0.163,6.243,353,0,0,0,yikim_gucux3 kivilcimx3 hizli_bilekx2 cifte_akimx1,37,0,45,13,39,0,0,0,0,0,25,,60,60,0,25,22,0,0,0,0,0,0.429,21.267,3.867
13,Run50_KirilmaV1,Elektrik yolu,bahcivan,standart,102,LAB R40 A ödülsüz #1,40,,,414,223,75,0,0,116,169,115,79,43,8,7510,7510,2800,7510,500,2050,1247,345,2130,1247,345,23964,25,72,83.44,1.6,1.3,1.027,1.565,9,0.383,2,43,8.35,1.01,1.25,1.1,1.5,1.67,96,71,76,47,38,0.03,1.39,0.79,3,2.39,25,81,0.463,0.235,4.322,843,0,0,0,yikim_gucux1 kivilcimx2 hizli_bilekx3 canavar_kesimix1,70,0,45,24,72,0,0,0,0,0,40,,0,0,0,0,0,0,0,0,0,0,0.457,166.889,9.2
13,Run50_KirilmaV1,Elektrik yolu,bahcivan,standart,102,LAB R40 B +cifte_akim #1,40,,,425,224,72,0,0,129,165,108,92,51,9,8763,8763,2800,8763,500,2125,1446,353,2205,1446,353,25211,26,75,83.44,1.6,1.3,1.027,1.565,9,0.383,2,43,8.21,1.01,1.19,1.27,1.58,2,98,73,68,57,13,0.07,1.29,1.91,2.92,3.08,25,81,0.456,0.247,4.322,843,0,0,0,yikim_gucux1 kivilcimx2 hizli_bilekx3 canavar_kesimix1 cifte_akimx1,71,0,45,25,75,0,0,0,0,0,40,,150,150,0,39,27,0,0,0,0,0,0.444,194.733,9.444
13,Run50_KirilmaV1,Elektrik yolu,bahcivan,standart,102,LAB R40 A ödülsüz #2,40,,,403,227,72,0,0,104,168,91,86,40,18,9663,9663,2800,9663,500,2159,1357,396,2239,1357,396,23892,25,72,83.44,1.6,1.3,1.027,1.565,9,0.383,2,43,8.23,1.06,1.16,1.21,1.36,1.33,93,71,71,50,46,0.61,1.05,1.38,2.22,1.03,25,81,0.477,0.21,4.322,843,0,0,0,yikim_gucux1 kivilcimx2 hizli_bilekx3 canavar_kesimix1,64,0,45,24,72,0,0,0,0,0,40,,0,0,0,0,0,0,0,0,0,0,0.457,214.733,8.956
13,Run50_KirilmaV1,Elektrik yolu,bahcivan,standart,102,LAB R40 B +cifte_akim #2,40,,,423,237,65,0,0,121,164,99,95,47,18,11462,11462,2800,11462,500,2152,1391,525,2232,1391,525,25459,26,75,83.44,1.6,1.3,1.027,1.565,9,0.383,2,43,8.26,1.04,1.14,1.25,1.27,1.63,93,79,62,68,50,0.24,0.88,1.18,1.23,3.08,25,81,0.451,0.21,4.322,843,0,0,0,yikim_gucux1 kivilcimx2 hizli_bilekx3 canavar_kesimix1 cifte_akimx1,64,0,45,25,75,0,0,0,0,0,40,,146,146,0,35,22,0,0,4,0,0,0.481,254.711,9.4
13,Run50_KirilmaV1,Elektrik yolu,bahcivan,standart,102,LAB R40 A ödülsüz #3,40,,,417,234,73,0,0,110,160,125,83,38,11,7698,7698,2800,7698,500,2371,1257,343,2451,1257,343,24570,26,75,83.44,1.6,1.3,1.027,1.565,9,0.383,2,43,8.12,1.02,1.18,1.18,1.4,1.43,96,75,73,58,57,0.16,0.83,0.84,1.9,2.94,25,81,0.459,0.148,4.322,843,0,0,0,yikim_gucux1 kivilcimx2 hizli_bilekx3 canavar_kesimix1,66,0.001,45,25,75,0,0,0,0,0,40,,0,0,0,0,0,0,0,0,0,0,0.543,171.067,9.267
13,Run50_KirilmaV1,Elektrik yolu,bahcivan,standart,102,LAB R40 B +cifte_akim #3,40,,,440,230,72,0,0,138,175,114,91,47,13,10501,10501,2800,10501,500,2295,1379,392,2375,1379,392,26092,26,75,83.44,1.6,1.3,1.027,1.565,9,0.383,2,43,8.14,1,1.17,1.2,1.33,1.14,97,72,73,45,58,0,1.17,1.55,1.9,0.44,25,81,0.447,0.16,4.322,843,0,0,0,yikim_gucux1 kivilcimx2 hizli_bilekx3 canavar_kesimix1 cifte_akimx1,66,0,45,25,75,0,0,0,0,0,40,,162,162,0,51,30,0,0,8,0,0,0.444,233.356,9.778
14,Run50_KirilmaV1,Elektrik yolu,bahcivan,standart,103,ödülsüz eş,1,,,11,11,0,0,0,0,9,1,1,0,0,22,22,45,0,0,22,4,0,22,4,0,250,1,0,10,1,1,3,0.9,4,0.3,2,13,2.46,2,4,5,,,8,0,0,,,3,9,12,,,2,4,0.452,0,8,23,0,0,2,,4,0.166,45,0,0,0,0,0,0,0,0,,0,0,0,0,0,0,0,0,0,0,0.75,0.489,0.244
14,Run50_KirilmaV1,Elektrik yolu,bahcivan,standart,103,ödülsüz eş,2,,,13,13,0,0,0,0,11,2,0,0,0,17,39,45,0,0,30,0,0,32,4,0,280,2,3,10,1,1,3,0.9,4,0.3,2,14,2.57,2.18,4,,,,11,0,,,,4.64,10.5,,,,3,5,0.557,0.2,8,28,0,0,1,,3,0,45,1,3,0,0,0,0,0,0,,0,0,0,0,0,0,0,0,0,0,0.6,0.378,0.289
14,Run50_KirilmaV1,Elektrik yolu,bahcivan,standart,103,ödülsüz eş,3,,,15,15,0,0,0,0,12,3,0,0,0,21,60,45,0,0,36,0,0,43,4,0,330,3,3,11.33,1,1,3,0.9,4,0.3,2,14,2.29,2,1.67,,,,9,0,,,,4,4,,,,3,5,0.483,0,7.506,30,4,4,0,,4,0.06,45,2,6,3,0,0,2,2,3,,0,0,0,0,0,0,0,0,0,0,0.8,0.467,0.333
14,Run50_KirilmaV1,Elektrik yolu,bahcivan,standart,103,ödülsüz eş,4,,,19,18,0,0,0,1,14,4,1,0,0,36,96,45,0,0,44,4,0,47,8,0,440,4,3,11.33,1,1,3,0.9,4,0.3,2,14,2.86,1.92,2,3,,,19,0,0,,,4.38,5.25,15,,,4,7,0.598,0.286,6.197,51,0,4,1,,4,0,45,3,9,6,0,0,2,2,3,,0,0,0,0,0,0,0,0,0,0,0.714,0.8,0.422
14,Run50_KirilmaV1,Elektrik yolu,bahcivan,standart,103,ödülsüz eş,5,,,24,16,8,0,0,0,20,3,1,0,0,39,135,45,39,8,52,4,0,58,12,0,559,5,3,12,1,1,2.892,0.9,4,0.3,2,15,2.8,1.43,3,4,,,45,0,0,,,1.65,5.8,11.57,,,5,8,0.543,0.125,6.519,55,3,7,1,,7,0.044,45,4,12,9,0,0,2,2,3,,0,0,0,0,0,0,0,0,0,0,0.75,0.867,0.533
14,Run50_KirilmaV1,Elektrik yolu,bahcivan,standart,103,ödülsüz eş,6,,,28,24,4,0,0,0,25,3,0,0,0,34,34,110,0,0,62,0,0,70,12,0,642,6,3,12,1,1,2.892,0.9,4,0.42,2,15,3.27,1.68,1.5,,,,29,0,,,,3.42,1.45,,,,6,9,0.554,0.111,6.61,61,1,8,1,kritik_gozx1,7,0.027,45,5,15,9,3,0,2,2,3,,0,0,0,0,0,0,0,0,0,0,0.667,0.756,0.622
14,Run50_KirilmaV1,Elektrik yolu,bahcivan,standart,103,ödülsüz eş,7,,,30,22,8,0,0,0,23,6,1,0,0,51,85,110,0,0,70,4,0,73,16,0,750,8,6,13.33,1,1,2.789,0.9,4,0.42,2,16,3.25,1.47,2,,,,41,0,0,,,2.13,6.71,,,,7,10,0.594,0.2,6.615,68,5,13,1,kritik_gozx1,7,0,45,7,21,12,3,0,2,2,3,,0,0,0,0,0,0,0,0,0,0,0.5,1.133,0.667
14,Run50_KirilmaV1,Elektrik yolu,bahcivan,standart,103,ödülsüz eş,8,,,30,25,5,0,0,0,22,7,1,0,0,53,138,110,0,0,79,4,0,91,20,0,754,9,3,13.33,1,1,2.789,0.9,4,0.42,2,16,3.5,1.83,1.67,2,,,10,0,,,,4.64,5.11,13.93,,,8,11,0.622,0.273,6.74,73,2,15,1,kritik_gozx1,6,0,45,8,24,18,3,0,2,2,3,,0,0,0,0,0,0,0,0,0,0,0.273,1.178,0.667
14,Run50_KirilmaV1,Elektrik yolu,bahcivan,standart,103,ödülsüz eş,9,,,30,23,6,0,0,1,20,6,4,0,0,78,216,110,0,0,70,16,0,74,36,0,805,10,3,14,1,1,2.689,0.9,4,0.42,2,16,3.31,1.59,2,3,,,37,0,0,,,2.69,6.28,8.06,,,9,13,0.621,0.231,6.669,88,4,19,1,kritik_gozx1,6,0,45,9,27,21,3,0,2,2,3,,0,0,0,0,0,0,0,0,0,0,0.692,1.733,0.667
14,Run50_KirilmaV1,Elektrik yolu,bahcivan,standart,103,ödülsüz eş,10,,,28,27,1,0,0,0,20,7,1,0,0,51,267,110,51,16,75,4,0,78,40,0,701,11,3,15.64,1,1,2.592,0.9,4,0.42,2,17,2.88,1.45,2.33,2,,,47,0,,,,2.72,12.96,5.2,,,10,14,0.548,0.286,6.745,93,3,22,1,kritik_gozx1,6,0,45,10,30,24,3,0,2,2,3,,0,0,0,0,0,0,0,0,0,0,0.429,1.133,0.622
14,Run50_KirilmaV1,Elektrik yolu,bahcivan,standart,103,ödülsüz eş,11,,,33,26,6,0,0,1,26,6,1,0,0,54,54,150,0,0,82,4,0,90,44,0,826,12,3,15.64,1,1.3,2.592,0.9,4,0.42,2,17,3.71,1.5,1.8,4,,,31,0,0,,,2.86,3.12,23.34,,,11,17,0.745,0.353,6.447,119,0,22,1,kritik_gozx1 yikim_gucux1,9,0,45,11,33,25,5,0,2,2,3,,0,0,0,0,0,0,0,0,0,0,0.765,1.2,0.733
14,Run50_KirilmaV1,Elektrik yolu,bahcivan,standart,103,ödülsüz eş,12,,,36,27,6,0,0,3,23,8,5,0,0,97,151,150,0,0,109,20,0,133,34,0,1109,14,6,16.36,1,1.3,2.5,0.9,4,0.42,2,17,3.82,1.53,2,3.25,,,41,0,0,,,3.24,4.58,10.63,,,11,17,0.726,0.353,6.289,122,6,28,0,kritik_gozx1 yikim_gucux1,11,0,45,13,39,25,8,0,2,2,3,,0,0,0,0,0,0,0,0,0,0,0.824,2.156,0.8
14,Run50_KirilmaV1,Elektrik yolu,bahcivan,standart,103,ödülsüz eş,13,,,42,34,8,0,0,0,29,10,3,0,0,89,240,150,0,0,137,12,0,141,46,0,1277,15,3,18.13,1,1.3,2.41,0.9,4,0.42,2,18,3.67,1.39,1.75,2.33,,,44,38,0,,,2.41,5.42,10.45,,,12,18,0.708,0.444,6.213,130,6,34,1,kritik_gozx1 yikim_gucux1,11,0,45,14,42,31,8,0,2,2,3,,0,0,0,0,0,0,0,0,0,0,0.778,1.978,0.933
14,Run50_KirilmaV1,Elektrik yolu,bahcivan,standart,103,ödülsüz eş,14,,,37,24,13,0,0,0,21,11,4,1,0,124,364,150,0,0,129,16,2,135,62,2,1325,17,6,18.13,1,1.3,2.324,0.9,4,0.42,2,19,3.89,1.4,2.25,2.5,3,,33,27,0,0,,1.55,4.07,13.36,9.3,,13,21,0.77,0.571,6.125,154,4,38,1,kritik_gozx1 yikim_gucux1,10,0,45,16,48,34,8,0,2,2,3,,0,0,0,0,0,0,0,0,0,0,0.81,2.756,0.822
14,Run50_KirilmaV1,Elektrik yolu,bahcivan,standart,103,ödülsüz eş,15,,,34,25,8,0,0,1,19,6,9,0,0,127,491,150,127,30,93,36,0,128,73,2,1226,18,3,18.13,1,1.3,2.324,0.9,4,0.42,2,19,3.74,1.47,1.5,1.67,,,21,0,0,0,0,2.01,1.17,6.58,,,14,22,0.823,0.682,6.034,164,2,40,1,kritik_gozx1 yikim_gucux1,8,0,45,17,51,40,8,0,2,2,3,,0,0,0,0,0,0,0,0,0,0,0.773,2.822,0.756
14,Run50_KirilmaV1,Elektrik yolu,bahcivan,standart,103,ödülsüz eş,16,,,39,30,4,0,0,5,20,13,3,2,1,249,249,220,0,0,138,12,12,138,60,14,1422,19,3,19.2,1,1.3,2.324,0.935,4,0.42,2,19,3.95,1.47,2.5,2.67,2,1,14,0,0,0,,4.03,8.37,17.81,4.66,0,16,27,0.798,0.593,6.141,198,4,44,2,kritik_gozx1 yikim_gucux1 kivilcimx1,9,0,45,18,54,43,8,0,2,2,3,,0,0,0,0,0,0,0,0,0,0,0.852,5.533,0.867
14,Run50_KirilmaV1,Elektrik yolu,bahcivan,standart,103,ödülsüz eş,17,,,44,30,6,0,0,8,23,12,5,4,0,229,478,220,0,0,141,20,8,151,55,22,1700,20,3,20.27,1,1.3,2.24,0.935,4,0.42,2,20,3.95,1.56,1.89,2,2.5,,38,0,0,0,,4.34,9.95,17.19,4.48,,18,32,0.82,0.594,5.956,242,4,48,2,kritik_gozx1 yikim_gucux1 kivilcimx1,14,0,45,19,57,46,8,0,2,2,3,,0,0,0,0,0,0,0,0,0,0,0.813,5.089,0.978
14,Run50_KirilmaV1,Elektrik yolu,bahcivan,standart,103,ödülsüz eş,18,,,47,32,12,0,0,3,28,11,7,1,0,161,639,220,0,0,150,35,2,156,65,24,1884,21,3,20.27,1,1.3,2.16,0.97,4,0.42,2,20,4,1.6,1.38,1.67,1,,33,0,0,0,0,5.08,3.51,3.6,0,,18,34,0.827,0.618,5.485,279,7,55,2,kritik_gozx1 yikim_gucux1 kivilcimx1,13,0,45,20,60,49,8,0,2,2,3,,0,0,0,0,0,0,0,0,0,0,0.853,3.578,1.044
14,Run50_KirilmaV1,Elektrik yolu,bahcivan,standart,103,ödülsüz eş,19,,,70,35,18,0,0,17,39,13,12,5,1,448,1087,220,0,0,240,60,10,241,100,34,3012,23,6,24.3,1,1.3,2.16,0.97,4,0.42,2,20,3.95,1.47,1.5,1.71,1.25,1,28,18,0,,0,4.19,2.15,3.39,0.54,0,18,35,0.766,0.571,5.466,288,2,57,2,kritik_gozx1 yikim_gucux1 kivilcimx1,15,0,45,22,66,49,11,0,2,2,3,,0,0,0,0,0,0,0,0,0,0,0.857,9.956,1.556
14,Run50_KirilmaV1,Elektrik yolu,bahcivan,standart,103,ödülsüz eş,20,,,54,28,17,0,0,9,32,17,4,1,0,153,1240,220,153,45,222,20,2,223,35,36,2312,24,3,24.3,1,1.3,2.16,0.97,4,0.42,2,20,3.95,1.29,1.55,1.5,2,,44,0,0,0,,3.24,5.69,5.4,2.17,,17,41,0.723,0.463,5.314,347,3,60,3,kritik_gozx1 yikim_gucux1 kivilcimx1,14,0,45,23,69,49,17,0,2,2,3,,0,0,0,0,0,0,0,0,0,0,0.805,3.4,1.2
14,Run50_KirilmaV1,Elektrik yolu,bahcivan,standart,103,ödülsüz eş,21,,,89,46,14,0,0,29,46,26,13,3,1,444,444,300,0,0,321,85,6,407,120,42,5406,27,9,24.3,1,1.3,2.16,1.005,6,0.42,2,20,6,1.26,1.63,1.6,1.5,,43,6,0,0,,2.44,5.94,4.33,3.25,,18,43,0.767,0.442,5.206,372,4,64,1,kritik_gozx1 yikim_gucux1 kivilcimx1 bilgi_filizix1,26,0,45,26,78,49,20,0,2,2,3,,0,0,0,0,0,0,0,0,0,0,0.814,9.867,1.978
14,Run50_KirilmaV1,Elektrik yolu,bahcivan,standart,103,ödülsüz eş,22,,,90,41,24,0,0,25,47,15,19,7,2,692,1136,300,0,0,330,110,16,357,197,38,5772,29,6,25.51,1,1.3,2.16,1.075,6,0.42,2,20,6,1.36,1.88,2.38,1,2,44,0,0,0,,2.85,7.57,7.01,0,10.8,21,49,0.801,0.633,5.173,426,5,69,4,kritik_gozx1 yikim_gucux1 kivilcimx1 bilgi_filizix1,18,0,45,28,84,49,29,0,2,2,3,,0,0,0,0,0,0,0,0,0,0,0.918,15.378,2
14,Run50_KirilmaV1,Elektrik yolu,bahcivan,standart,103,ödülsüz eş,23,,,106,47,28,0,0,31,54,27,18,2,5,954,2090,300,0,0,492,110,14,509,307,52,6613,31,6,28.62,1,1.3,2.16,1.075,6,0.42,2,20,6,1.45,1.69,2.44,2,1,44,28,0,0,0,2.65,3.66,6.73,6.48,0,21,49,0.794,0.633,5.092,433,2,71,0,kritik_gozx1 yikim_gucux1 kivilcimx1 bilgi_filizix1,23,0,45,30,90,49,35,0,2,2,3,,0,0,0,0,0,0,0,0,0,0,0.735,21.2,2.356
14,Run50_KirilmaV1,Elektrik yolu,bahcivan,standart,103,ödülsüz eş,24,,,128,64,26,0,0,38,58,33,24,10,3,1084,3174,300,0,0,507,144,41,561,208,73,8257,34,9,33.24,1,1.3,2.092,1.075,6,0.42,2,21,6,1.37,1.38,1.42,2,2,57,38,40,13,0,2.65,2.41,2.27,5.98,4.17,19,49,0.757,0.592,4.778,462,6,77,1,kritik_gozx1 yikim_gucux1 kivilcimx1 bilgi_filizix1,23,0,45,33,99,49,41,0,2,2,3,,0,0,0,0,0,0,0,0,0,0,0.694,24.089,2.844
14,Run50_KirilmaV1,Elektrik yolu,bahcivan,standart,103,ödülsüz eş,25,,,82,42,16,0,0,24,37,27,9,8,1,671,3845,300,671,65,297,76,24,368,308,57,5294,35,3,34.76,1,1.3,2.026,1.075,6,0.42,2,22,6,1.69,1.92,2,3,4,40,17,10,0,0,3.17,6.86,5.74,9.12,8.1,15,49,0.83,0.531,4.334,509,3,80,2,kritik_gozx1 yikim_gucux1 kivilcimx1 bilgi_filizix1,29,0,45,34,102,49,50,0,2,2,3,,0,0,0,0,0,0,0,0,0,0,0.878,14.911,1.822
14,Run50_KirilmaV1,Elektrik yolu,bahcivan,standart,103,ödülsüz eş,26,,,159,64,52,0,0,43,69,46,29,10,5,1581,1581,500,0,0,588,232,42,616,245,99,10657,37,6,38.16,1,1.3,2.026,1.11,6,0.42,2,22,6,1.07,1.41,1.33,1.6,2.33,79,25,54,25,0,1.2,4.41,1.52,3.65,6.09,15,49,0.727,0.429,4.312,511,5,85,0,kritik_gozx1 yikim_gucux1 kivilcimx2 bilgi_filizix1,31,0,45,36,108,49,53,0,2,2,3,,0,0,0,0,0,0,0,0,0,0,0.51,35.133,3.533
14,Run50_KirilmaV1,Elektrik yolu,bahcivan,standart,103,ödülsüz eş,27,,,161,64,49,0,0,48,82,36,30,9,4,1407,2988,500,0,0,546,235,51,572,480,150,10260,39,6,39.82,1,1.3,1.962,1.11,6,0.42,2,22,6,1.15,1.35,1.45,1,1.33,73,42,43,40,0,1.16,2.75,3.39,0,1.97,15,49,0.712,0.469,4.207,524,4,89,0,kritik_gozx1 yikim_gucux1 kivilcimx2 bilgi_filizix1,29,0,45,38,114,49,59,0,2,2,3,,0,0,0,0,0,0,0,0,0,0,0.796,31.267,3.578
14,Run50_KirilmaV1,Elektrik yolu,bahcivan,standart,103,ödülsüz eş,28,,,152,48,57,0,0,47,76,37,24,11,4,1508,4496,500,0,0,576,209,45,733,329,45,9842,41,6,39.82,1,1.3,1.962,1.18,6,0.42,2,22,6,1.38,1.4,2.17,2.5,,56,50,27,13,0,2.34,2.36,7.21,8.18,,15,61,0.751,0.508,4.073,674,6,95,5,kritik_gozx1 yikim_gucux1 kivilcimx2 bilgi_filizix1,32,0,45,40,120,49,65,0,2,2,3,,0,0,0,0,0,0,0,0,0,0,0.852,33.511,3.378
14,Run50_KirilmaV1,Elektrik yolu,bahcivan,standart,103,ödülsüz eş,29,,,172,59,58,0,0,55,81,50,20,18,3,1660,6156,500,0,0,730,232,57,743,273,82,11508,43,6,43.38,1,1.3,1.962,1.18,6,0.42,2,22,6,1.14,1.5,1.4,1.75,2,75,42,13,0,0,1.29,3.38,2.75,2.95,3.27,17,69,0.762,0.536,4.31,720,4,99,3,kritik_gozx1 yikim_gucux1 kivilcimx2 bilgi_filizix1,34,0,45,42,126,55,65,0,2,2,3,,0,0,0,0,0,0,0,0,0,0,0.855,36.889,3.822
14,Run50_KirilmaV1,Elektrik yolu,bahcivan,standart,103,ödülsüz eş,30,,,143,70,29,0,0,44,69,30,28,11,5,1658,7814,500,1658,100,484,340,74,572,355,116,9398,44,3,43.38,1,1.3,1.901,1.265,6,0.42,2,23,6,1.26,1.08,1.92,1.33,2,77,65,22,44,0,1.55,0.15,6.65,2.22,1.9,21,81,0.731,0.642,4.487,812,6,105,6,kritik_gozx1 yikim_gucux1 kivilcimx2 bilgi_filizix1,25,0,45,43,129,61,65,0,2,2,3,,0,0,0,0,0,0,0,0,0,0,0.815,36.844,3.178
14,Run50_KirilmaV1,Elektrik yolu,bahcivan,standart,103,ödülsüz eş,31,,,217,79,65,0,0,73,94,58,39,19,7,2561,2561,1200,0,0,893,422,127,1165,667,178,15088,46,6,46.93,1.25,1.3,1.901,1.265,6,0.42,2,23,6,1.11,1.04,1.45,1.5,1.5,85,90,29,0,75,0.71,0.23,2.94,3.48,11.4,21,81,0.761,0.568,4.462,817,3,108,0,kritik_gozx1 yikim_gucux1 kivilcimx2 bilgi_filizix1 keskin_bicakx1,37,0,45,45,135,64,65,0,2,2,3,,0,0,0,0,0,0,0,0,0,0,0.827,56.911,4.822
14,Run50_KirilmaV1,Elektrik yolu,bahcivan,standart,103,ödülsüz eş,32,,,188,71,42,0,0,75,75,54,32,20,7,2631,5192,1200,0,0,911,366,167,1076,473,170,13376,48,6,49.54,1.25,1.3,1.841,1.265,6,0.42,2,24,6,1.24,1.2,1.7,2,1.33,68,65,20,38,0,1.97,0.92,4.42,5.73,1.22,21,81,0.794,0.679,4.302,847,6,114,0,kritik_gozx1 yikim_gucux1 kivilcimx2 bilgi_filizix1 keskin_bicakx1,30,0,45,47,141,70,65,0,2,2,3,,0,0,0,0,0,0,0,0,0,0,0.704,58.467,4.178
14,Run50_KirilmaV1,Elektrik yolu,bahcivan,standart,103,ödülsüz eş,33,,,187,69,43,0,0,75,69,56,44,14,4,2112,7304,1200,0,0,882,554,100,893,587,270,13230,49,3,53.29,1.25,1.3,1.841,1.315,6,0.42,2,24,6,1.18,1.31,1.6,1.5,2,74,57,43,44,0,0.92,2.41,3.07,2.77,3.68,21,81,0.787,0.531,4.168,875,7,121,0,kritik_gozx1 yikim_gucux1 kivilcimx2 bilgi_filizix1 keskin_bicakx1,40,0,45,48,144,76,65,0,2,2,3,,0,0,0,0,0,0,0,0,0,0,0.815,46.933,4.156
14,Run50_KirilmaV1,Elektrik yolu,bahcivan,standart,103,ödülsüz eş,34,,,203,69,60,0,0,74,87,50,37,24,5,2591,9895,1200,0,0,862,504,170,1095,1091,330,14312,51,6,53.29,1.25,1.3,1.783,1.365,6,0.42,2,25,6,1.13,1.25,2,1.58,1,63,46,29,25,,0.54,1.45,5.17,1.64,0,21,81,0.791,0.593,4.075,894,3,124,0,kritik_gozx1 yikim_gucux1 kivilcimx2 bilgi_filizix1 keskin_bicakx1,34,0,45,50,150,79,65,0,2,2,3,,0,0,0,0,0,0,0,0,0,0,0.716,57.578,4.511
14,Run50_KirilmaV1,Elektrik yolu,bahcivan,standart,103,ödülsüz eş,35,,,202,82,50,0,0,70,73,59,39,26,5,3109,13004,1200,3109,220,872,486,215,1117,497,545,15512,52,3,56.1,1.25,1.3,1.783,1.365,6,0.42,2,25,6,1.26,1.21,1.5,1.83,2,61,62,40,17,0,1.15,1.56,2.16,4.16,3.57,21,81,0.781,0.58,4.068,896,4,128,0,kritik_gozx1 yikim_gucux1 kivilcimx2 bilgi_filizix1 keskin_bicakx1,35,0,45,51,153,81,69,0,2,2,3,,0,0,0,0,0,0,0,0,0,0,0.63,69.089,4.489
14,Run50_KirilmaV1,Elektrik yolu,bahcivan,standart,103,ödülsüz eş,36,,,210,71,70,0,0,69,76,53,51,24,6,3386,3386,2800,0,0,950,740,156,1137,1237,576,16027,54,6,60.05,1.25,1.3,1.783,1.365,6,0.437,2,25,6,1.2,1.19,1.67,1.5,2.67,67,65,29,55,0,1.72,0.89,5.05,2.14,9.52,21,81,0.773,0.556,4.041,902,4,132,0,kritik_gozx1 yikim_gucux1 kivilcimx2 bilgi_filizix1 keskin_bicakx1 nadir_tohumx1,37,0,45,53,159,81,72,0,2,2,3,,0,0,0,0,0,0,0,0,0,0,0.617,75.244,4.667
14,Run50_KirilmaV1,Elektrik yolu,bahcivan,standart,103,ödülsüz eş,37,,,220,80,69,0,0,71,90,67,37,20,6,2997,6383,2800,0,0,1162,531,136,1574,588,712,15969,55,3,60.05,1.25,1.3,1.783,1.365,6,0.487,2,25,6,1.13,1.14,1.46,1.5,1.5,79,62,36,63,0,1.07,0.86,3.98,2.08,3.57,21,81,0.765,0.605,3.897,935,5,137,0,kritik_gozx1 yikim_gucux1 kivilcimx2 bilgi_filizix1 keskin_bicakx1 nadir_tohumx1,35,0,45,54,162,81,78,0,2,2,3,,0,0,0,0,0,0,0,0,0,0,0.815,66.6,4.889
14,Run50_KirilmaV1,Elektrik yolu,bahcivan,standart,103,ödülsüz eş,38,,,216,78,62,0,0,76,89,62,39,19,7,3159,9542,2800,0,0,1266,577,120,1640,1165,692,16140,56,3,65.98,1.25,1.3,1.783,1.365,6,0.487,2,25,6,1.19,1.3,1.4,1.25,2,77,57,39,50,0,1.17,2.64,2.32,1.12,5.37,21,81,0.783,0.63,3.897,935,2,139,0,kritik_gozx1 yikim_gucux1 kivilcimx2 bilgi_filizix1 keskin_bicakx1 nadir_tohumx1,34,0,45,55,165,81,81,0,2,2,3,,0,0,0,0,0,0,0,0,0,0,0.815,70.2,4.8
14,Run50_KirilmaV1,Elektrik yolu,bahcivan,standart,103,ödülsüz eş,39,,,297,123,82,0,0,92,121,78,58,29,11,4783,14325,2800,0,0,1436,925,224,1606,1200,916,23604,58,6,69.27,1.25,1.3,1.727,1.415,9,0.487,2,26,9,1.16,1.22,1.57,1.46,1,82,58,43,60,33,1.49,2.05,4.27,3.58,0,21,81,0.705,0.531,3.853,946,4,143,0,kritik_gozx1 yikim_gucux1 kivilcimx2 bilgi_filizix1 keskin_bicakx1 nadir_tohumx1,45,0,45,57,171,81,84,0,2,2,3,,0,0,0,0,0,0,0,0,0,0,0.667,106.289,6.6
14,Run50_KirilmaV1,Elektrik yolu,bahcivan,standart,103,ödülsüz eş,40,,,225,74,68,0,0,83,92,57,39,26,11,4105,18430,2800,4105,500,1212,559,341,1368,889,1102,17740,60,6,73.42,1.25,1.3,1.727,1.415,9,0.487,2,26,6,1.2,1.32,1.73,1.5,1.6,69,65,33,50,56,1.09,1.18,6.44,1.44,3.45,21,81,0.774,0.605,3.73,977,6,149,0,kritik_gozx1 yikim_gucux1 kivilcimx2 bilgi_filizix1 keskin_bicakx1 nadir_tohumx1,37,0,45,59,177,81,90,0,2,2,3,,0,0,0,0,0,0,0,0,0,0,0.765,91.222,5
14,Run50_KirilmaV1,Elektrik yolu,bahcivan,standart,103,ödülsüz eş,41,,,320,115,97,0,0,108,122,94,60,39,5,4325,4325,4500,0,0,1547,854,287,1825,1743,1239,26706,61,3,73.42,1.25,1.69,1.727,1.515,9,0.503,2.111,26,9,1.15,1.12,1.25,1.5,1.67,76,76,54,50,33,1.15,0.81,2.33,4.67,2.3,21,81,0.696,0.519,3.725,979,4,153,0,kritik_gozx1 yikim_gucux2 kivilcimx2 bilgi_filizix1 keskin_bicakx1 nadir_tohumx1,44,0,45,60,180,81,96,0,2,2,3,,0,0,0,0,0,0,0,0,0,0,0.568,96.111,7.111
14,Run50_KirilmaV1,Elektrik yolu,bahcivan,standart,103,ödülsüz eş,42,,,314,116,91,0,0,107,128,89,61,29,7,4199,8524,4500,0,0,1544,999,270,1769,1142,1339,25749,63,6,83.44,1.25,1.69,1.727,1.515,9,0.503,2.111,26,9,1.2,1.09,1.54,1.57,1,71,80,43,47,50,1.84,1.05,5.49,4.69,0,21,81,0.686,0.469,3.725,979,4,157,0,kritik_gozx1 yikim_gucux2 kivilcimx2 bilgi_filizix1 keskin_bicakx1 nadir_tohumx1,49,0,45,62,186,81,99,0,2,2,3,,0,0,0,0,0,0,0,0,0,0,0.568,93.311,6.978
14,Run50_KirilmaV1,Elektrik yolu,bahcivan,standart,103,ödülsüz eş,43,,,318,119,101,0,0,98,117,89,68,35,9,5150,13674,4500,0,0,1564,1032,294,1653,1664,1438,30977,65,6,83.44,1.25,1.69,1.673,1.515,9,0.503,2.222,26,9,1.1,1.19,1.3,1.53,3,78,70,50,48,0,1.02,1.4,2.69,3.35,10.04,21,81,0.684,0.444,3.623,1006,5,162,0,kritik_gozx1 yikim_gucux2 kivilcimx2 bilgi_filizix1 keskin_bicakx1 nadir_tohumx1,56,0,45,64,192,81,105,0,2,2,3,,0,0,0,0,0,0,0,0,0,0,0.864,114.444,7.067
14,Run50_KirilmaV1,Elektrik yolu,bahcivan,standart,103,ödülsüz eş,44,,,320,123,86,0,0,111,137,79,62,37,5,4456,18130,4500,0,0,1711,813,264,1934,1277,1702,27264,66,3,87.23,1.25,1.69,1.673,1.515,9,0.503,2.222,26,9,1.16,1.11,1.32,1.71,1.5,81,79,37,32,0,1.74,0.67,1.85,4.52,3.35,21,81,0.715,0.383,3.593,1015,3,165,0,kritik_gozx1 yikim_gucux2 kivilcimx2 bilgi_filizix1 keskin_bicakx1 nadir_tohumx1,70,0,45,65,195,81,111,0,2,2,3,,0,0,0,0,0,0,0,0,0,0,0.593,99.022,7.111
14,Run50_KirilmaV1,Elektrik yolu,bahcivan,standart,103,ödülsüz eş,45,,,295,115,78,0,0,102,115,76,63,30,11,5115,23245,4500,5115,800,1606,1008,306,1640,1145,1768,25771,67,3,94.04,1.25,1.69,1.673,1.515,9,0.503,2.333,26,9,1.17,1.31,1.35,1.38,2.5,72,62,38,24,0,1.15,2.54,2.91,2.83,10.05,21,81,0.724,0.506,3.487,1045,4,169,0,kritik_gozx1 yikim_gucux2 kivilcimx2 bilgi_filizix1 keskin_bicakx1 nadir_tohumx1,60,0,45,66,198,81,114,0,2,2,3,,0,0,0,0,0,0,0,0,0,0,0.728,113.667,6.556
14,Run50_KirilmaV1,Elektrik yolu,bahcivan,standart,103,ödülsüz eş,46,,,313,108,91,0,0,114,118,92,59,29,15,5728,5728,6000,0,0,2065,1026,282,2295,2171,2050,33464,69,6,94.04,1.25,2.197,1.62,1.515,9,0.503,2.333,27,9,1.18,1.15,1.48,1.4,1.25,71,62,41,36,22,1.26,0.88,3.32,2.27,1.22,21,81,0.712,0.469,3.487,1045,2,171,0,kritik_gozx1 yikim_gucux3 kivilcimx2 bilgi_filizix1 keskin_bicakx1 nadir_tohumx1,64,0,45,68,204,81,117,0,2,2,3,,0,0,0,0,0,0,0,0,0,0,0.901,127.289,6.956
14,Run50_KirilmaV1,Elektrik yolu,bahcivan,standart,103,ödülsüz eş,47,,,368,103,133,0,0,132,131,102,82,39,14,6975,12703,6000,0,0,2376,1248,336,2566,1400,466,34040,71,6,98.13,1.25,2.197,1.62,1.515,9,0.503,2.333,27,9,1.14,1.2,1.58,1,1.8,76,74,38,72,56,0.86,0.87,3.8,0,6.15,23,101,0.709,0.485,3.528,1288,6,177,9,kritik_gozx1 yikim_gucux3 kivilcimx2 bilgi_filizix1 keskin_bicakx1 nadir_tohumx1,76,0,45,70,210,81,123,0,2,2,3,,0,0,0,0,0,0,0,0,0,0,0.743,155,8.178
14,Run50_KirilmaV1,Elektrik yolu,bahcivan,standart,103,ödülsüz eş,48,,,386,108,146,0,0,132,157,104,78,31,16,7375,20078,6000,0,0,2635,1110,318,2786,1870,474,30633,72,3,98.13,1.25,2.197,1.62,1.665,9,0.503,2.444,27,9,1.14,1.2,1.55,1.17,1.67,82,77,50,50,50,0.88,1.46,4.13,0.54,7.57,30,121,0.747,0.579,3.834,1420,6,183,8,kritik_gozx1 yikim_gucux3 kivilcimx2 bilgi_filizix1 keskin_bicakx1 nadir_tohumx1,70,0,45,71,213,87,123,0,2,2,3,,0,0,0,0,0,0,0,0,0,0,0.744,163.889,8.578
14,Run50_KirilmaV1,Elektrik yolu,bahcivan,standart,103,ödülsüz eş,49,,,361,105,120,0,0,136,138,92,72,45,14,7647,27725,6000,0,0,2254,1209,360,2740,1479,504,33182,73,3,109.63,1.25,2.197,1.62,1.665,9,0.503,2.556,27,9,1.16,1.06,1.35,1.58,1.8,76,71,56,43,20,1.66,0.18,2.74,6.14,5.18,30,121,0.767,0.587,3.797,1434,3,186,0,kritik_gozx1 yikim_gucux3 kivilcimx2 bilgi_filizix1 keskin_bicakx1 nadir_tohumx1,75,0,45,72,216,90,123,0,2,2,3,,0,0,0,0,0,0,0,0,0,0,0.818,169.933,8.022
14,Run50_KirilmaV1,Elektrik yolu,bahcivan,standart,103,ödülsüz eş,50,,,361,107,120,0,0,134,126,96,68,53,18,8709,36434,6000,0,0,2210,1293,510,3330,1382,1014,31427,74,3,109.63,1.25,2.197,1.62,1.665,9,0.503,2.556,27,9,1.18,1.25,1.5,1.6,1,78,72,57,40,56,1.7,2.36,6.04,4,0,30,121,0.782,0.587,3.654,1490,4,190,0,kritik_gozx1 yikim_gucux3 kivilcimx2 bilgi_filizix1 keskin_bicakx1 nadir_tohumx1,63,0,45,73,219,93,123,0,2,2,3,,0,0,0,0,0,0,0,0,0,0,0.785,193.533,8.022
14,Run50_KirilmaV1,Elektrik yolu,bahcivan,standart,103,ödülsüz eş,50,KAZANDI
14,Run50_KirilmaV1,Elektrik yolu,bahcivan,standart,103,LAB R15 A ödülsüz #1,15,,,39,33,6,0,0,0,34,5,0,0,0,49,49,150,49,30,132,0,0,212,0,0,1113,3,6,18.13,1,1.3,2.324,0.9,4,0.42,2,19,3.84,1.62,1.75,,,,37,14,0,0,,4.73,9.29,,,,14,22,0.824,0.636,6.034,164,0,0,0,kritik_gozx1 yikim_gucux1,9,0,45,2,6,0,0,0,0,0,15,,0,0,0,0,0,0,0,0,0,0,0.636,1.089,0.867
14,Run50_KirilmaV1,Elektrik yolu,bahcivan,standart,103,LAB R15 B +cifte_akim #1,15,,,32,28,4,0,0,0,28,3,0,1,0,67,67,150,67,30,102,0,2,182,0,2,925,3,6,18.13,1,1.3,2.324,0.9,4,0.42,2,19,3.79,1.71,2.33,,5,,28,0,,0,,5.42,6.97,,32.53,,14,22,0.839,0.682,6.034,164,0,0,0,kritik_gozx1 yikim_gucux1 cifte_akimx1,7,0,45,2,6,0,0,0,0,0,15,,1,1,0,0,0,0,0,0,0,0,0.864,1.489,0.711
14,Run50_KirilmaV1,Elektrik yolu,bahcivan,standart,103,LAB R15 A ödülsüz #2,15,,,40,33,6,0,0,1,34,4,2,0,0,66,66,150,66,30,126,8,0,206,8,0,1182,3,6,18.13,1,1.3,2.324,0.9,4,0.42,2,19,3.79,1.55,1.33,3,,,39,18,0,,0,3.53,0.78,11.6,,,14,22,0.794,0.636,6.034,164,0,0,0,kritik_gozx1 yikim_gucux1,8,0,45,2,6,0,0,0,0,0,15,,0,0,0,0,0,0,0,0,0,0,0.818,1.467,0.889
14,Run50_KirilmaV1,Elektrik yolu,bahcivan,standart,103,LAB R15 B +cifte_akim #2,15,,,35,27,7,0,0,1,27,6,2,0,0,65,65,150,65,30,117,8,0,197,8,0,1071,3,6,18.13,1,1.3,2.324,0.9,4,0.42,2,19,3.74,1.52,1.67,3,,,39,14,0,0,,2.02,3.87,9.3,,,14,22,0.812,0.591,6.034,164,0,0,0,kritik_gozx1 yikim_gucux1 cifte_akimx1,9,0,45,2,6,0,0,0,0,0,15,,1,1,0,0,0,0,0,0,0,0,0.864,1.444,0.778
14,Run50_KirilmaV1,Elektrik yolu,bahcivan,standart,103,LAB R15 A ödülsüz #3,15,,,41,30,11,0,0,0,27,12,2,0,0,83,83,150,83,30,153,8,0,233,8,0,1338,4,9,18.13,1,1.3,2.324,0.9,4,0.42,2,19,3.74,1.45,2.25,2,,,39,15,25,,0,2.21,10.46,6.97,,,14,22,0.789,0.591,6.034,164,0,0,0,kritik_gozx1 yikim_gucux1,9,0,45,3,9,0,0,0,0,0,15,,0,0,0,0,0,0,0,0,0,0,0.727,1.844,0.911
14,Run50_KirilmaV1,Elektrik yolu,bahcivan,standart,103,LAB R15 B +cifte_akim #3,15,,,44,31,9,0,0,4,32,11,1,0,0,75,75,150,75,30,162,4,0,242,4,0,1357,4,9,18.13,1,1.3,2.324,0.9,4,0.42,2,19,3.74,1.56,1.6,2,,,38,33,0,0,,3.63,5.11,9.3,,,14,22,0.767,0.545,6.034,164,0,0,0,kritik_gozx1 yikim_gucux1 cifte_akimx1,10,0,45,3,9,0,0,0,0,0,15,,2,2,0,5,3,0,0,0,0,0,0.727,1.667,0.978
14,Run50_KirilmaV1,Elektrik yolu,bahcivan,standart,103,LAB R25 A ödülsüz #1,25,,,123,57,26,0,0,40,65,35,13,8,2,901,901,300,901,65,471,100,24,551,100,24,7519,14,39,34.76,1,1.3,2.026,1.075,6,0.42,2,22,6,1.44,2.06,1.43,2,3,55,13,38,33,0,2.48,5.96,4.34,7.09,6.1,15,49,0.792,0.551,4.334,509,0,0,0,kritik_gozx1 yikim_gucux1 kivilcimx1 bilgi_filizix1,27,0,45,13,39,0,0,0,0,0,25,,0,0,0,0,0,0,0,0,0,0,0.694,20.022,2.733
14,Run50_KirilmaV1,Elektrik yolu,bahcivan,standart,103,LAB R25 B +cifte_akim #1,25,,,139,58,38,0,0,43,70,38,20,8,3,1124,1124,300,1124,65,504,176,24,584,176,24,8943,15,42,34.76,1,1.3,2.026,1.075,6,0.42,2,22,6,1.37,1.44,1.6,1.8,,60,42,27,11,0,2.77,2.25,5.67,8.52,,15,49,0.754,0.51,4.334,509,0,0,0,kritik_gozx1 yikim_gucux1 kivilcimx1 bilgi_filizix1 cifte_akimx1,31,0,45,14,42,0,0,0,0,0,25,,38,38,0,21,9,0,0,0,0,0,0.755,24.978,3.089
14,Run50_KirilmaV1,Elektrik yolu,bahcivan,standart,103,LAB R25 sinerji A ödülsüz #1,25,,,117,52,0,0,0,65,72,27,8,9,1,731,731,300,731,65,378,70,27,458,70,27,6160,12,33,34.76,1,2.197,2.026,1.075,6,0.42,2,22,5.86,1.39,1.69,1.67,2,,52,21,18,27,0,3.27,4.67,2.71,6.07,,15,49,0.687,0.286,6.243,353,0,0,0,kritik_gozx1 yikim_gucux3 kivilcimx3 bilgi_filizix1,27,0,45,11,33,0,0,0,0,0,25,,0,0,0,0,0,0,0,0,0,0,0.796,16.244,2.6
14,Run50_KirilmaV1,Elektrik yolu,bahcivan,standart,103,LAB R25 sinerji B +cifte_akim #1,25,,,123,48,0,0,0,75,63,33,18,7,2,914,914,300,914,65,432,108,32,512,108,32,6880,13,36,34.76,1,2.197,2.026,1.075,6,0.42,2,22,5.86,1.66,1.47,2.33,4,,36,40,11,14,0,4.33,4.46,6.76,18.23,,15,49,0.658,0.122,6.243,353,0,0,0,kritik_gozx1 yikim_gucux3 kivilcimx3 bilgi_filizix1 cifte_akimx1,34,0.003,45,12,36,0,0,0,0,0,25,,48,48,0,22,17,0,0,0,0,0,0.878,20.311,2.733
14,Run50_KirilmaV1,Elektrik yolu,bahcivan,standart,103,LAB R25 A ödülsüz #2,25,,,131,56,29,0,0,46,72,31,21,7,0,707,707,300,707,65,432,126,21,512,126,21,8126,15,42,34.76,1,1.3,2.026,1.075,6,0.42,2,22,6,1.5,1.27,1.5,2.33,,52,52,18,0,0,3.54,0.95,4.39,4.04,,15,49,0.777,0.571,4.334,509,0,0,0,kritik_gozx1 yikim_gucux1 kivilcimx1 bilgi_filizix1,26,0,45,14,42,0,0,0,0,0,25,,0,0,0,0,0,0,0,0,0,0,0.571,15.711,2.911
14,Run50_KirilmaV1,Elektrik yolu,bahcivan,standart,103,LAB R25 B +cifte_akim #2,25,,,132,57,30,0,0,45,63,30,25,12,2,1171,1171,300,1171,65,390,200,39,470,200,39,8837,15,42,34.76,1,1.3,2.026,1.075,6,0.42,2,22,6,1.43,1.89,1.27,2.5,3,56,21,47,13,0,2.09,6.98,1.29,6.76,16.2,15,49,0.763,0.449,4.334,509,0,0,0,kritik_gozx1 yikim_gucux1 kivilcimx1 bilgi_filizix1 cifte_akimx1,29,0,45,14,42,0,0,0,0,0,25,,34,34,0,24,11,0,0,0,0,0,0.857,26.022,2.933
14,Run50_KirilmaV1,Elektrik yolu,bahcivan,standart,103,LAB R25 sinerji A ödülsüz #2,25,,,127,45,0,0,0,82,67,37,18,5,0,616,616,300,616,65,423,108,15,503,108,15,6840,13,36,34.76,1,2.197,2.026,1.075,6,0.42,2,22,6,1.24,1.75,2.17,2.5,,53,20,14,0,,2.19,5.07,11.48,11.15,,15,49,0.667,0.224,6.243,353,0,0,0,kritik_gozx1 yikim_gucux3 kivilcimx3 bilgi_filizix1,31,0,45,12,36,0,0,0,0,0,25,,0,0,0,0,0,0,0,0,0,0,0.612,13.689,2.822
14,Run50_KirilmaV1,Elektrik yolu,bahcivan,standart,103,LAB R25 sinerji B +cifte_akim #2,25,,,119,46,0,0,0,73,67,27,19,5,1,710,710,300,710,65,408,114,15,488,114,15,6440,13,36,34.76,1,2.197,2.026,1.075,6,0.42,2,22,5.86,1.43,1.64,1.67,,1,40,35,13,0,0,2.53,3.62,1.34,,0,15,49,0.668,0.061,6.243,353,0,0,0,kritik_gozx1 yikim_gucux3 kivilcimx3 bilgi_filizix1 cifte_akimx1,38,0.003,45,12,36,0,0,0,0,0,25,,46,46,0,21,16,0,0,0,0,0,0.898,15.778,2.644
14,Run50_KirilmaV1,Elektrik yolu,bahcivan,standart,103,LAB R25 A ödülsüz #3,25,,,134,55,36,0,0,43,63,30,29,11,1,1060,1060,300,1060,65,402,180,47,482,180,47,8882,15,42,34.76,1,1.3,2.026,1.075,6,0.42,2,22,5.95,1.33,1.62,1.5,2.5,,65,42,30,29,0,2.02,3.42,4.56,9.12,,15,49,0.764,0.367,4.334,509,0,0,0,kritik_gozx1 yikim_gucux1 kivilcimx1 bilgi_filizix1,32,0,45,14,42,0,0,0,0,0,25,,0,0,0,0,0,0,0,0,0,0,0.816,23.556,2.978
14,Run50_KirilmaV1,Elektrik yolu,bahcivan,standart,103,LAB R25 B +cifte_akim #3,25,,,130,55,23,0,0,52,66,30,20,10,4,1284,1284,300,1284,65,441,186,30,521,186,30,8310,15,42,34.76,1,1.3,2.026,1.075,6,0.42,2,22,5.95,1.29,1.21,1.7,2.6,2,61,53,24,22,0,1.94,1.01,5.27,7.29,4.05,15,49,0.77,0.551,4.334,509,0,0,0,kritik_gozx1 yikim_gucux1 kivilcimx1 bilgi_filizix1 cifte_akimx1,26,0,45,14,42,0,0,0,0,0,25,,35,35,0,19,12,0,0,0,0,0,0.857,28.533,2.889
14,Run50_KirilmaV1,Elektrik yolu,bahcivan,standart,103,LAB R25 sinerji A ödülsüz #3,25,,,117,49,0,0,0,68,59,35,14,7,2,870,870,300,870,65,432,106,21,512,106,21,6520,13,36,34.76,1,2.197,2.026,1.075,6,0.42,2,22,5.95,1.5,1.69,1.83,2,2,42,27,14,20,0,2.86,4.3,7.77,7.6,12.14,15,49,0.687,0.204,6.243,353,0,0,0,kritik_gozx1 yikim_gucux3 kivilcimx3 bilgi_filizix1,32,0,45,12,36,0,0,0,0,0,25,,0,0,0,0,0,0,0,0,0,0,0.735,19.333,2.6
14,Run50_KirilmaV1,Elektrik yolu,bahcivan,standart,103,LAB R25 sinerji B +cifte_akim #3,25,,,124,47,0,0,0,77,59,29,28,6,2,977,977,300,977,65,396,190,18,476,190,18,7180,13,36,34.76,1,2.197,2.026,1.075,6,0.42,2,22,5.91,1.25,2.13,2.64,1.5,,46,12,19,60,0,1.27,7.09,11.24,1.02,,15,49,0.684,0.367,6.243,353,0,0,0,kritik_gozx1 yikim_gucux3 kivilcimx3 bilgi_filizix1 cifte_akimx1,23,0,45,12,36,0,0,0,0,0,25,,47,47,0,24,20,0,0,0,0,0,0.612,21.711,2.756
14,Run50_KirilmaV1,Elektrik yolu,bahcivan,standart,103,LAB R40 A ödülsüz #1,40,,,251,91,72,0,0,88,98,63,49,27,14,4844,4844,2800,4844,500,1238,1047,255,1318,1047,255,19921,23,66,73.42,1.25,1.3,1.727,1.415,9,0.487,2,26,6,1,1.29,1.63,1.13,1.43,83,68,42,77,50,0,1.91,2.26,0.87,2.22,21,81,0.772,0.593,3.73,977,0,0,0,kritik_gozx1 yikim_gucux1 kivilcimx2 bilgi_filizix1 keskin_bicakx1 nadir_tohumx1,36,0,45,22,66,0,0,0,0,0,40,,0,0,0,0,0,0,0,0,0,0,0.605,107.644,5.578
14,Run50_KirilmaV1,Elektrik yolu,bahcivan,standart,103,LAB R40 B +cifte_akim #1,40,,,237,80,62,0,0,95,100,68,39,24,6,3273,3273,2800,3273,500,1198,547,300,1278,547,300,17739,22,63,73.42,1.25,1.3,1.727,1.415,9,0.487,2,26,6,1.07,1.29,1.23,1.3,1,80,53,48,63,75,0.37,0.86,1.46,1.04,0,21,81,0.782,0.469,3.73,977,0,0,0,kritik_gozx1 yikim_gucux1 kivilcimx2 bilgi_filizix1 keskin_bicakx1 nadir_tohumx1 cifte_akimx1,45,0,45,21,63,0,0,0,0,0,40,,51,50,1,36,21,0,0,0,0,0,0.778,72.733,5.267
14,Run50_KirilmaV1,Elektrik yolu,bahcivan,standart,103,LAB R40 A ödülsüz #2,40,,,229,81,61,0,0,87,77,72,46,26,8,3804,3804,2800,3804,500,1130,717,272,1210,717,272,18028,22,63,73.42,1.25,1.3,1.727,1.415,9,0.487,2,26,6,1.07,1.38,1.71,1.83,1,86,64,42,36,25,0.31,3.1,3.15,3.74,0,21,81,0.789,0.543,3.73,977,0,0,0,kritik_gozx1 yikim_gucux1 kivilcimx2 bilgi_filizix1 keskin_bicakx1 nadir_tohumx1,41,0,45,21,63,0,0,0,0,0,40,,0,0,0,0,0,0,0,0,0,0,0.679,84.533,5.089
14,Run50_KirilmaV1,Elektrik yolu,bahcivan,standart,103,LAB R40 B +cifte_akim #2,40,,,242,87,58,0,0,97,96,58,48,32,8,4072,4072,2800,4072,500,1468,691,250,1548,691,250,19157,23,66,73.42,1.25,1.3,1.727,1.415,9,0.487,2,26,6,1.1,1.19,1.5,1.2,1,83,70,34,50,50,0.49,0.93,1.6,0.35,0,21,81,0.779,0.543,3.73,977,0,0,0,kritik_gozx1 yikim_gucux1 kivilcimx2 bilgi_filizix1 keskin_bicakx1 nadir_tohumx1 cifte_akimx1,41,0,45,22,66,0,0,0,0,0,40,,60,57,3,32,17,0,0,0,0,0,0.679,90.489,5.378
14,Run50_KirilmaV1,Elektrik yolu,bahcivan,standart,103,LAB R40 A ödülsüz #3,40,,,247,89,63,0,0,95,94,74,50,26,3,3094,3094,2800,3094,500,1119,782,191,1199,782,191,18909,23,66,73.42,1.25,1.3,1.727,1.415,9,0.487,2,26,6,1.06,1.07,1.47,1.13,1,95,75,46,53,50,0.11,0.58,3.09,0.43,0,21,81,0.765,0.556,3.73,977,0,0,0,kritik_gozx1 yikim_gucux1 kivilcimx2 bilgi_filizix1 keskin_bicakx1 nadir_tohumx1,41,0,45,22,66,0,0,0,0,0,40,,0,0,0,0,0,0,0,0,0,0,0.852,68.756,5.489
14,Run50_KirilmaV1,Elektrik yolu,bahcivan,standart,103,LAB R40 B +cifte_akim #3,40,,,239,82,56,0,0,101,97,68,50,21,3,2826,2826,2800,2826,500,1176,758,132,1256,758,132,17929,22,63,73.42,1.25,1.3,1.727,1.415,9,0.487,2,26,6,1.14,1.14,1.6,2.5,,80,72,43,18,0,0.89,0.8,3.22,7.78,,21,81,0.771,0.494,3.73,977,0,0,0,kritik_gozx1 yikim_gucux1 kivilcimx2 bilgi_filizix1 keskin_bicakx1 nadir_tohumx1 cifte_akimx1,44,0,45,21,63,0,0,0,0,0,40,,57,54,3,36,23,0,0,0,0,0,0.753,62.8,5.311
15,Run50_KirilmaV1,Elektrik yolu,bahcivan,standart,104,ödülsüz eş,1,,,13,13,0,0,0,0,11,2,0,0,0,17,17,45,0,0,30,0,0,30,0,0,280,1,0,10,1,1,3,0.9,4,0.3,2,13,2.23,2.09,2.5,,,,9,0,,,,3.27,4.5,,,,2,4,0.358,0,8,23,0,0,2,,4,0.231,45,0,0,0,0,0,0,0,0,,0,0,0,0,0,0,0,0,0,0,0.75,0.378,0.289
15,Run50_KirilmaV1,Elektrik yolu,bahcivan,standart,104,ödülsüz eş,2,,,13,13,0,0,0,0,9,2,2,0,0,35,52,45,0,0,26,8,0,31,8,0,320,2,3,10.67,1,1,3,0.9,4,0.3,2,14,2.64,2.44,2,3,,,0,0,0,,,4.33,3,9,,,3,5,0.522,0.2,8,28,1,1,1,,4,0,45,1,3,0,0,0,0,0,0,,0,0,0,0,0,0,0,0,0,0,0.8,0.778,0.289
15,Run50_KirilmaV1,Elektrik yolu,bahcivan,standart,104,ödülsüz eş,3,,,17,17,0,0,0,0,14,3,0,0,0,23,75,45,0,0,40,0,0,44,8,0,370,3,3,11.33,1,1,3,0.9,4,0.3,2,14,2.36,1.71,1.67,,,,31,0,0,,,2.14,2,,,,4,6,0.485,0.167,8,34,1,2,1,,4,0,45,2,6,3,0,0,2,2,0,,0,0,0,0,0,0,0,0,0,0,0.833,0.511,0.378
15,Run50_KirilmaV1,Elektrik yolu,bahcivan,standart,104,ödülsüz eş,4,,,16,16,0,0,0,0,9,7,0,0,0,36,111,45,0,0,46,0,0,50,8,0,429,4,3,11.33,1,1,3,0.9,4,0.3,2,14,3.21,2.44,2.71,,,,0,0,,,,5.67,7.71,,,,5,8,0.669,0.5,7.663,47,0,2,1,,3,0,45,3,9,6,0,0,2,2,0,,0,0,0,0,0,0,0,0,0,0,0.625,0.8,0.356
15,Run50_KirilmaV1,Elektrik yolu,bahcivan,standart,104,ödülsüz eş,5,,,20,20,0,0,0,0,16,3,1,0,0,36,147,45,36,8,44,4,0,46,12,0,723,5,3,12,1,1,2.892,0.9,4,0.3,2,15,3.33,2.06,3,1,,,11,0,0,,,6.69,9.64,0,,,6,9,0.613,0.333,7.53,54,4,6,1,,5,0,45,4,12,9,0,0,2,2,0,,0,0,0,0,0,0,0,0,0,0,0.667,0.8,0.444
15,Run50_KirilmaV1,Elektrik yolu,bahcivan,standart,104,ödülsüz eş,6,,,19,18,1,0,0,0,13,4,2,0,0,54,54,110,0,0,42,8,0,49,20,0,740,7,6,12,1,1.3,2.892,0.9,4,0.3,2,15,3.33,2,3.25,3,,,11,0,0,,,5.31,15.9,14.45,,,6,9,0.659,0.444,7.53,54,2,8,0,yikim_gucux1,4,0,45,6,18,9,3,0,2,2,6,,0,0,0,0,0,0,0,0,0,0,0.444,1.2,0.422
15,Run50_KirilmaV1,Elektrik yolu,bahcivan,standart,104,ödülsüz eş,7,,,22,22,0,0,0,0,14,7,1,0,0,57,111,110,0,0,56,4,0,58,24,0,790,8,3,12.67,1,1.3,2.789,0.9,4,0.3,2,16,3.44,1.86,2.43,1,,,19,0,,,,4.58,7.58,0,,,7,10,0.624,0.3,7.384,61,3,11,1,yikim_gucux1,6,0,45,7,21,15,3,0,2,2,6,,0,0,0,0,0,0,0,0,0,0,0.8,1.267,0.489
15,Run50_KirilmaV1,Elektrik yolu,bahcivan,standart,104,ödülsüz eş,8,,,21,19,0,0,0,2,14,6,1,0,0,51,162,110,0,0,58,4,0,68,28,0,779,10,6,13.33,1,1.3,2.789,0.9,4,0.3,2,16,3.31,1.75,2.17,2,,,21,0,0,,,3.25,6.03,8.37,,,8,11,0.68,0.364,7.413,67,3,14,1,yikim_gucux1,6,0,45,9,27,18,3,0,2,2,6,,0,0,0,0,0,0,0,0,0,0,0.727,1.133,0.467
15,Run50_KirilmaV1,Elektrik yolu,bahcivan,standart,104,ödülsüz eş,9,,,23,23,0,0,0,0,11,8,4,0,0,91,253,110,0,0,62,16,0,67,44,0,1041,11,3,14,1,1.3,2.789,0.9,4,0.3,2,16,3.44,1.73,2.13,3.5,,,17,0,0,,,4.05,10.11,14.63,,,9,12,0.705,0.333,7.435,73,2,16,1,yikim_gucux1,6,0,45,10,30,24,3,0,2,2,6,,0,0,0,0,0,0,0,0,0,0,0.5,2.022,0.511
15,Run50_KirilmaV1,Elektrik yolu,bahcivan,standart,104,ödülsüz eş,10,,,17,17,0,0,0,0,14,2,1,0,0,33,286,110,33,16,38,4,0,51,48,0,668,12,3,14,1,1.3,2.689,0.9,4,0.3,2,16,3,2.29,3,3,,,0,0,0,,,8.45,12.12,16.13,,,10,13,0.614,0.462,6.947,84,3,19,1,yikim_gucux1,4,0,45,11,33,25,5,0,2,2,6,,0,0,0,0,0,0,0,0,0,0,0.538,0.733,0.378
15,Run50_KirilmaV1,Elektrik yolu,bahcivan,standart,104,ödülsüz eş,11,,,24,23,0,0,0,1,16,7,1,0,0,53,53,150,0,0,67,4,0,84,52,0,965,13,3,14.67,1,1.3,2.286,0.9,4,0.3,2,19,3.37,2.13,2.57,2,,,0,0,0,0,,5.79,11.76,4.57,,,11,14,0.735,0.5,6.99,90,1,20,1,yikim_gucux1 hizli_bilekx1,6,0,45,12,36,25,8,0,2,2,6,,0,0,0,0,0,0,0,0,0,0,0.643,1.178,0.533
15,Run50_KirilmaV1,Elektrik yolu,bahcivan,standart,104,ödülsüz eş,12,,,24,24,0,0,0,0,17,5,2,0,0,58,111,150,0,0,76,8,0,87,30,0,1047,15,6,15.64,1,1.3,2.204,0.9,4,0.3,2,20,3.35,1.88,2.8,3,,,18,0,0,,,4.54,8.81,14.32,,,11,14,0.747,0.5,6.819,92,6,26,0,yikim_gucux1 hizli_bilekx1,6,0,45,14,42,25,11,0,2,2,6,,0,0,0,0,0,0,0,0,0,0,0.786,1.289,0.533
15,Run50_KirilmaV1,Elektrik yolu,bahcivan,standart,104,ödülsüz eş,13,,,29,28,0,0,0,1,16,9,3,1,0,121,232,150,0,0,93,12,2,97,42,2,1164,16,3,17.38,1,1.3,2.125,0.9,4,0.3,2,21,3.24,1.81,2.38,1.67,1,,19,0,,,,4.65,6.9,7.09,0,,11,14,0.677,0.429,6.819,92,4,30,0,yikim_gucux1 hizli_bilekx1,7,0,45,15,45,31,11,0,2,2,6,,0,0,0,0,0,0,0,0,0,0,0.786,2.689,0.644
15,Run50_KirilmaV1,Elektrik yolu,bahcivan,standart,104,ödülsüz eş,14,,,36,34,0,0,0,2,28,7,1,0,0,67,299,150,0,0,119,4,0,120,46,2,1355,17,3,18.13,1,1.3,2.048,0.9,4,0.3,2,21,3.52,1.77,2,3,,,9,10,0,,,4.41,5.86,6.13,,,12,16,0.663,0.375,6.687,108,4,34,1,yikim_gucux1 hizli_bilekx1,9,0,45,16,48,34,11,0,2,2,6,,0,0,0,0,0,0,0,0,0,0,0.75,1.489,0.8
15,Run50_KirilmaV1,Elektrik yolu,bahcivan,standart,104,ödülsüz eş,15,,,31,27,4,0,0,0,22,8,1,0,0,65,364,150,65,30,114,4,0,124,50,2,1211,18,3,18.13,1,1.3,1.975,0.9,4,0.3,2,22,3.73,2.05,2.5,,,,8,0,0,0,,5.72,11.6,,,,14,19,0.737,0.474,6.741,127,3,37,2,yikim_gucux1 hizli_bilekx1,7,0,45,17,51,37,11,0,2,2,6,,0,0,0,0,0,0,0,0,0,0,0.789,1.444,0.689
15,Run50_KirilmaV1,Elektrik yolu,bahcivan,standart,104,ödülsüz eş,16,,,31,31,0,0,0,0,21,7,2,1,0,100,100,220,0,0,105,8,2,129,33,4,1458,19,3,18.13,1,1.3,1.975,0.9,4,0.3,2,22,3.59,2,2,3.5,3,,9,0,0,,,6.58,11.56,12.83,29.63,,15,20,0.769,0.6,6.763,133,2,39,1,yikim_gucux1 hizli_bilekx1 nadir_tohumx1,7,0,45,18,54,40,11,0,2,2,6,,0,0,0,0,0,0,0,0,0,0,0.8,2.222,0.689
15,Run50_KirilmaV1,Elektrik yolu,bahcivan,standart,104,ödülsüz eş,17,,,34,29,5,0,0,0,25,6,3,0,0,80,180,220,0,0,111,12,0,118,45,4,1334,20,3,19.2,1,1.3,1.975,0.9,4,0.3,2,22,3.64,2,2.33,3.5,,,10,17,0,,,6.2,8.89,18.77,,,16,21,0.761,0.524,6.616,143,4,43,1,yikim_gucux1 hizli_bilekx1 nadir_tohumx1,9,0,45,19,57,43,11,0,2,2,6,,0,0,0,0,0,0,0,0,0,0,0.762,1.778,0.756
15,Run50_KirilmaV1,Elektrik yolu,bahcivan,standart,104,ödülsüz eş,18,,,33,29,3,0,0,1,19,9,5,0,0,112,292,220,0,0,111,20,0,124,65,4,1593,21,3,20.27,1,1.3,1.975,0.935,4,0.3,2,22,3.64,2,1.88,2.67,,,10,25,0,,,8.12,3.95,11.2,,,17,22,0.777,0.545,6.632,149,3,46,1,yikim_gucux1 hizli_bilekx1 nadir_tohumx1,9,0,45,20,60,46,11,0,2,2,6,,0,0,0,0,0,0,0,0,0,0,0.818,2.489,0.733
15,Run50_KirilmaV1,Elektrik yolu,bahcivan,standart,104,ödülsüz eş,19,,,35,33,2,0,0,0,24,8,3,0,0,90,382,220,0,0,120,15,0,128,55,4,1507,22,3,20.27,1,1.3,1.904,0.935,4,0.3,2,23,3.91,1.96,2.57,3,,,5,0,0,,,6.54,8.98,19.67,,,19,27,0.815,0.667,6.265,194,4,50,2,yikim_gucux1 hizli_bilekx1 nadir_tohumx1,8,0,45,21,63,49,11,0,2,2,6,,0,0,0,0,0,0,0,0,0,0,0.815,2,0.778
15,Run50_KirilmaV1,Elektrik yolu,bahcivan,standart,104,ödülsüz eş,20,,,35,33,0,0,0,2,24,7,3,1,0,111,493,220,111,45,114,15,2,129,45,6,1528,23,3,20.27,1,1.3,1.836,0.97,4,0.3,2,24,3.63,1.7,1.83,1.33,3,,15,11,0,0,,5.43,2.75,0.61,11.03,,20,31,0.692,0.419,6.134,227,5,55,2,yikim_gucux1 hizli_bilekx1 nadir_tohumx1,7,0,45,22,66,49,14,0,2,2,6,,0,0,0,0,0,0,0,0,0,0,0.839,2.467,0.778
15,Run50_KirilmaV1,Elektrik yolu,bahcivan,standart,104,ödülsüz eş,21,,,43,43,0,0,0,0,28,10,3,1,1,223,223,300,0,0,189,15,2,196,60,8,2177,24,3,20.27,1.25,1.3,1.836,0.97,4,0.3,2,24,4,1.68,2.1,2,1,2,23,9,0,,0,3.47,10.27,7.34,0,7.34,22,34,0.835,0.647,6.021,254,3,58,2,yikim_gucux1 hizli_bilekx1 nadir_tohumx1 keskin_bicakx1,10,0,45,23,69,49,17,0,2,2,6,,0,0,0,0,0,0,0,0,0,0,0.882,4.956,0.956
15,Run50_KirilmaV1,Elektrik yolu,bahcivan,standart,104,ödülsüz eş,22,,,54,48,2,0,0,4,34,16,4,0,0,136,359,300,0,0,198,20,0,229,55,8,2539,25,3,24.3,1.25,1.3,1.836,0.97,4,0.3,2,24,3.96,1.48,1.6,2.25,,,29,21,0,0,,3.36,7.83,11.48,,,21,36,0.815,0.639,5.978,271,2,60,2,yikim_gucux1 hizli_bilekx1 nadir_tohumx1 keskin_bicakx1,11,0,45,24,72,49,20,0,2,2,6,,0,0,0,0,0,0,0,0,0,0,0.778,3.022,1.2
15,Run50_KirilmaV1,Elektrik yolu,bahcivan,standart,104,ödülsüz eş,23,,,50,42,4,0,0,4,28,13,8,1,0,187,546,300,0,0,162,40,2,181,70,10,2672,27,6,24.3,1.25,1.3,1.836,0.97,4,0.3,2,24,4,1.48,1.67,1.83,2,,35,7,0,0,0,5.19,6.58,6.42,7.33,,21,39,0.829,0.641,5.92,296,1,61,2,yikim_gucux1 hizli_bilekx1 nadir_tohumx1 keskin_bicakx1,10,0,45,26,78,49,23,0,2,2,6,,0,0,0,0,0,0,0,0,0,0,0.872,4.156,1.111
15,Run50_KirilmaV1,Elektrik yolu,bahcivan,standart,104,ödülsüz eş,24,,,89,73,11,0,0,5,54,21,9,4,1,438,984,300,0,0,333,45,8,439,55,18,6602,29,6,24.3,1.25,1.3,1.836,1.005,6,0.3,2,24,5.92,1.41,1.68,2.17,1.33,3,52,20,13,50,,2.71,4.06,11.93,2.44,31.2,21,41,0.726,0.488,5.888,313,3,64,3,yikim_gucux1 hizli_bilekx1 nadir_tohumx1 keskin_bicakx1,19,0,45,28,84,49,29,0,2,2,6,,0,0,0,0,0,0,0,0,0,0,0.78,9.733,1.978
15,Run50_KirilmaV1,Elektrik yolu,bahcivan,standart,104,ödülsüz eş,25,,,97,63,24,0,0,10,57,24,13,3,0,390,1374,300,390,65,315,65,6,319,95,24,6953,32,9,25.51,1.25,1.3,1.836,1.005,6,0.3,2,24,6,1.41,1.6,2.2,2,,42,17,0,0,,2.78,6.24,10.83,1.83,,21,45,0.736,0.556,5.769,351,3,67,2,yikim_gucux1 hizli_bilekx1 nadir_tohumx1 keskin_bicakx1,18,0,45,31,93,49,35,0,2,2,6,,0,0,0,0,0,0,0,0,0,0,0.711,8.667,2.156
15,Run50_KirilmaV1,Elektrik yolu,bahcivan,standart,104,ödülsüz eş,26,,,91,62,21,0,0,8,45,30,12,4,0,438,438,500,0,0,327,60,8,426,85,32,7290,34,6,28.62,1.25,1.3,1.836,1.04,6,0.3,2,24,6,1.33,1.57,2.38,3.67,,57,15,0,0,,1.47,2.71,11.47,12.84,,20,48,0.751,0.542,5.598,386,3,70,3,yikim_gucux1 hizli_bilekx1 nadir_tohumx1 keskin_bicakx1 bilgi_filizix1,21,0,45,33,99,49,44,0,2,2,6,,0,0,0,0,0,0,0,0,0,0,0.854,9.733,2.022
15,Run50_KirilmaV1,Elektrik yolu,bahcivan,standart,104,ödülsüz eş,27,,,104,67,28,0,0,9,64,25,10,5,0,452,890,500,0,0,342,60,10,513,95,42,9351,36,6,29.99,1.25,1.3,1.778,1.075,6,0.3,2,25,6,1.45,1.67,1.67,2.33,,43,24,0,0,,3.07,4.74,4.74,7.11,,17,49,0.742,0.49,5.447,405,4,74,2,yikim_gucux1 hizli_bilekx1 nadir_tohumx1 keskin_bicakx1 bilgi_filizix1,22,0,45,35,105,49,50,0,2,2,6,,0,0,0,0,0,0,0,0,0,0,0.714,10.044,2.311
15,Run50_KirilmaV1,Elektrik yolu,bahcivan,standart,104,ödülsüz eş,28,,,121,73,26,0,0,22,71,29,11,9,1,739,1629,500,0,0,435,66,20,453,173,42,13241,39,9,33.24,1.25,1.3,1.722,1.11,6,0.3,2,26,6,1.38,1.74,1.29,2.8,,46,11,0,0,,3.28,4.26,0.98,8.96,,15,49,0.71,0.388,5.26,419,4,78,1,yikim_gucux1 hizli_bilekx1 nadir_tohumx1 keskin_bicakx1 bilgi_filizix1,25,0,45,38,114,49,56,0,2,2,6,,0,0,0,0,0,0,0,0,0,0,0.694,16.422,2.689
15,Run50_KirilmaV1,Elektrik yolu,bahcivan,standart,104,ödülsüz eş,29,,,94,52,25,0,0,17,38,26,22,6,2,1057,2686,500,0,0,321,155,12,474,340,34,13724,41,6,34.76,1.25,1.3,1.722,1.11,6,0.3,2,26,6,1.33,2,2.36,2.4,4,52,19,7,0,0,2.87,4.37,6.26,9.3,28.42,14,49,0.787,0.551,5.129,430,2,80,1,yikim_gucux1 hizli_bilekx1 nadir_tohumx1 keskin_bicakx1 bilgi_filizix1,20,0,45,40,120,49,65,0,2,2,6,,0,0,0,0,0,0,0,0,0,0,0.612,23.489,2.089
15,Run50_KirilmaV1,Elektrik yolu,bahcivan,standart,104,ödülsüz eş,30,,,90,68,9,0,0,13,39,23,15,9,4,1434,4120,500,1434,100,303,165,30,367,250,64,15294,44,9,38.16,1.25,1.3,1.722,1.11,6,0.3,2,26,5.96,1.35,1.85,2,2.25,2,52,8,0,0,0,2.44,4.91,6.54,8.18,6.89,14,49,0.634,0.469,5.003,441,4,84,0,yikim_gucux1 hizli_bilekx1 nadir_tohumx1 keskin_bicakx1 bilgi_filizix1,17,0,45,43,129,49,71,0,2,2,6,,0,0,0,0,0,0,0,0,0,0,0.653,31.867,2
15,Run50_KirilmaV1,Elektrik yolu,bahcivan,standart,104,ödülsüz eş,31,,,147,69,50,0,0,28,68,33,30,13,3,1932,1932,1200,0,0,459,209,53,521,253,77,22228,47,9,39.82,1.25,1.3,1.668,1.11,6,0.3,2,26,6,1.27,1.47,1.93,1.71,2,68,27,30,33,0,3.06,1.86,4.17,5.96,6.7,11,49,0.689,0.429,4.552,484,3,87,2,yikim_gucux1 hizli_bilekx1 nadir_tohumx1 keskin_bicakx1 bilgi_filizix1 kivilcimx1,31,0,45,46,138,49,80,0,2,2,6,,0,0,0,0,0,0,0,0,0,0,0.857,42.933,3.267
15,Run50_KirilmaV1,Elektrik yolu,bahcivan,standart,104,ödülsüz eş,32,,,114,62,35,0,0,17,41,34,19,11,9,2931,4863,1200,0,0,471,183,81,512,371,158,19176,49,6,39.82,1.25,1.3,1.668,1.18,6,0.3,2,26,6,1.31,1.38,1.71,1.86,2.75,72,32,18,8,0,1.25,2.22,3.93,3.1,7.5,11,49,0.778,0.531,4.426,498,5,92,0,yikim_gucux1 hizli_bilekx1 nadir_tohumx1 keskin_bicakx1 bilgi_filizix1 kivilcimx1,30,0,45,48,144,49,89,0,2,2,6,,0,0,0,0,0,0,0,0,0,0,0.878,65.133,2.533
15,Run50_KirilmaV1,Elektrik yolu,bahcivan,standart,104,ödülsüz eş,33,,,126,62,44,0,0,20,41,33,26,23,3,2647,7510,1200,0,0,357,243,84,379,329,92,26586,52,9,43.38,1.25,1.3,1.668,1.18,6,0.3,2,26,6,1.29,1.62,1.73,1.82,1.5,63,28,15,24,0,1.57,2.07,3.79,4.09,1.67,11,51,0.772,0.51,4.272,537,5,97,1,yikim_gucux1 hizli_bilekx1 nadir_tohumx1 keskin_bicakx1 bilgi_filizix1 kivilcimx1,31,0,45,51,153,49,95,0,2,2,6,,0,0,0,0,0,0,0,0,0,0,0.824,58.822,2.8
15,Run50_KirilmaV1,Elektrik yolu,bahcivan,standart,104,ödülsüz eş,34,,,140,59,54,0,0,27,53,42,21,21,3,2298,9808,1200,0,0,576,184,90,725,249,122,24321,54,6,43.38,1.25,1.3,1.668,1.215,6,0.3,2,26,6,1.33,1.7,2,1.44,2,68,32,21,18,0,1.6,3.58,6.67,1.67,3.33,13,61,0.776,0.492,4.39,625,3,100,5,yikim_gucux1 hizli_bilekx1 nadir_tohumx1 keskin_bicakx1 bilgi_filizix1 kivilcimx1,34,0,45,53,159,58,95,0,2,2,6,,0,0,0,0,0,0,0,0,0,0,0.902,51.067,3.111
15,Run50_KirilmaV1,Elektrik yolu,bahcivan,standart,104,ödülsüz eş,35,,,79,35,28,0,0,16,27,12,22,12,6,2218,12026,1200,2218,220,296,244,78,391,335,115,14090,55,3,43.38,1.25,1.3,1.616,1.265,6,0.3,2,27,4,1.56,2,1.71,1.57,1.75,38,0,8,10,0,4.67,4.87,3.46,2.3,3.64,16,70,0.883,0.729,4.36,722,5,105,4,yikim_gucux1 hizli_bilekx1 nadir_tohumx1 keskin_bicakx1 bilgi_filizix1 kivilcimx1,20,0,45,54,162,64,95,0,2,2,6,,0,0,0,0,0,0,0,0,0,0,0.943,49.289,1.756
15,Run50_KirilmaV1,Elektrik yolu,bahcivan,standart,104,ödülsüz eş,36,,,149,74,39,0,0,36,54,32,32,27,4,2940,2940,2800,0,0,493,256,178,514,261,213,25955,57,6,46.93,1.563,1.3,1.616,1.265,6,0.3,2,27,6,1.46,1.5,1.72,2.21,3,56,27,15,15,0,1.82,2.02,2.87,6.35,8.08,17,73,0.824,0.603,4.404,746,5,110,1,yikim_gucux1 hizli_bilekx1 nadir_tohumx1 keskin_bicakx2 bilgi_filizix1 kivilcimx1,38,0,45,56,168,67,95,0,2,2,6,,0,0,0,0,0,0,0,0,0,0,0.699,65.333,3.311
15,Run50_KirilmaV1,Elektrik yolu,bahcivan,standart,104,ödülsüz eş,37,,,112,68,26,0,0,18,48,29,17,16,2,1886,4826,2800,0,0,461,180,105,515,441,113,21070,59,6,46.93,1.563,1.3,1.616,1.265,6,0.3,2,27,6,1.63,2,2.08,2.67,,30,17,8,0,,2.75,5.74,6.87,9.87,,19,77,0.851,0.662,4.539,763,4,114,2,yikim_gucux1 hizli_bilekx1 nadir_tohumx1 keskin_bicakx2 bilgi_filizix1 kivilcimx1,27,0,45,58,174,73,95,0,2,2,6,,0,0,0,0,0,0,0,0,0,0,0.805,41.911,2.489
15,Run50_KirilmaV1,Elektrik yolu,bahcivan,standart,104,ödülsüz eş,38,,,108,61,33,0,0,14,39,30,16,20,3,2347,7173,2800,0,0,436,198,125,436,639,238,17683,60,3,46.93,1.563,1.3,1.616,1.265,6,0.3,2,27,6,1.46,1.75,2.1,2.9,4,48,28,0,0,0,2.02,3.54,5.49,9.85,11.3,23,81,0.867,0.716,4.809,758,2,116,4,yikim_gucux1 hizli_bilekx1 nadir_tohumx1 keskin_bicakx2 bilgi_filizix1 kivilcimx1,29,0,45,59,177,79,95,0,2,2,6,,0,0,0,0,0,0,0,0,0,0,0.926,52.156,2.4
15,Run50_KirilmaV1,Elektrik yolu,bahcivan,standart,104,ödülsüz eş,39,,,125,65,32,0,0,28,38,33,30,18,6,2865,10038,2800,0,0,518,370,158,594,449,271,24516,61,3,49.54,1.563,1.3,1.565,1.265,6,0.3,2,28,6,1.47,1.83,1.63,2.54,1,50,5,13,0,0,2.61,5.13,2.54,7.71,0,23,81,0.856,0.691,4.809,758,3,119,0,yikim_gucux1 hizli_bilekx1 nadir_tohumx1 keskin_bicakx2 bilgi_filizix1 kivilcimx1,30,0,45,60,180,81,96,0,2,2,6,,0,0,0,0,0,0,0,0,0,0,0.864,63.667,2.778
15,Run50_KirilmaV1,Elektrik yolu,bahcivan,standart,104,ödülsüz eş,40,,,131,70,41,0,0,20,50,26,28,19,8,3141,13179,2800,3141,500,566,392,236,610,521,367,23642,63,6,53.29,1.563,1.3,1.565,1.315,6,0.3,2,28,6,1.61,1.73,2,1.92,1.4,36,0,28,8,0,2.38,2.61,4.7,5.61,3.13,23,81,0.831,0.531,4.691,777,4,123,0,yikim_gucux1 hizli_bilekx1 nadir_tohumx1 keskin_bicakx2 bilgi_filizix1 kivilcimx1,37,0,45,62,186,81,99,0,2,2,6,,0,0,0,0,0,0,0,0,0,0,0.556,69.8,2.911
15,Run50_KirilmaV1,Elektrik yolu,bahcivan,standart,104,ödülsüz eş,41,,,111,69,25,0,0,17,40,32,17,19,3,2164,2164,4500,0,0,490,302,120,750,823,332,21147,64,3,53.29,1.563,1.3,1.565,1.315,6,0.3,2,28,6,1.48,1.84,2.78,2.23,3.33,36,6,0,18,0,2.13,2.88,11.13,8.19,12.52,23,81,0.869,0.556,4.647,784,2,125,0,yikim_gucux1 hizli_bilekx1 nadir_tohumx1 keskin_bicakx2 bilgi_filizix1 kivilcimx2,29,0,45,63,189,81,105,0,2,2,6,,0,0,0,0,0,0,0,0,0,0,0.741,48.089,2.467
15,Run50_KirilmaV1,Elektrik yolu,bahcivan,standart,104,ödülsüz eş,42,,,123,67,37,0,0,19,52,26,26,14,5,2606,4770,4500,0,0,460,426,156,550,529,318,20581,65,3,56.1,1.563,1.3,1.516,1.365,6,0.3,2,29,6,1.37,1.8,2,2,4,42,13,14,10,0,1.96,4.65,5.05,5.81,18.56,23,81,0.852,0.716,4.647,784,4,129,0,yikim_gucux1 hizli_bilekx1 nadir_tohumx1 keskin_bicakx2 bilgi_filizix1 kivilcimx2,30,0,45,64,192,81,108,0,2,2,6,,0,0,0,0,0,0,0,0,0,0,0.889,57.911,2.733
15,Run50_KirilmaV1,Elektrik yolu,bahcivan,standart,104,ödülsüz eş,43,,,125,67,31,0,0,27,44,33,22,20,6,3137,7907,4500,0,0,650,333,168,750,502,486,25782,67,6,56.1,1.563,1.3,1.516,1.365,6,0.3,2,29,6,1.45,1.68,2,3.33,3,42,13,8,0,0,2.73,4.41,6.19,9.43,7.19,23,81,0.866,0.704,4.622,789,2,131,0,yikim_gucux1 hizli_bilekx1 nadir_tohumx1 keskin_bicakx2 bilgi_filizix1 kivilcimx2,33,0,45,66,198,81,111,0,2,2,6,,0,0,0,0,0,0,0,0,0,0,0.728,69.711,2.778
15,Run50_KirilmaV1,Elektrik yolu,bahcivan,standart,104,ödülsüz eş,44,,,107,66,19,0,0,22,45,21,27,13,1,1759,9666,4500,0,0,380,381,78,730,883,564,18432,67,0,56.1,1.563,1.3,1.516,1.365,6,0.3,2,29,6,1.5,2,2.29,2.5,4,34,6,0,0,0,2.11,4.16,5.97,7.2,24.23,23,81,0.87,0.728,4.59,794,1,132,0,yikim_gucux1 hizli_bilekx1 nadir_tohumx1 keskin_bicakx2 bilgi_filizix1 kivilcimx2,26,0,45,66,198,81,117,0,2,2,6,,0,0,0,0,0,0,0,0,0,0,0.877,39.089,2.378
15,Run50_KirilmaV1,Elektrik yolu,bahcivan,standart,104,ödülsüz eş,45,,,86,38,32,0,0,16,19,26,24,13,4,2226,11892,4500,2226,800,350,435,102,700,518,666,19633,68,3,60.05,1.563,1.3,1.516,1.365,6,0.3,2,29,4,1.43,1.81,1.8,1.25,3,36,0,18,0,0,1.3,5.78,2.73,0.38,10.6,23,81,0.891,0.728,4.59,794,2,134,0,yikim_gucux1 hizli_bilekx1 nadir_tohumx1 keskin_bicakx2 bilgi_filizix1 kivilcimx2,19,0,45,67,201,81,117,0,2,2,6,,0,0,0,0,0,0,0,0,0,0,0.938,49.467,1.911
15,Run50_KirilmaV1,Elektrik yolu,bahcivan,standart,104,ödülsüz eş,46,,,123,65,37,0,0,21,40,35,27,16,5,2848,2848,6000,0,0,510,450,156,810,588,822,21105,69,3,60.05,1.563,1.3,1.516,1.365,6,0.42,2,29,6,1.33,1.96,2.33,2.22,2.67,55,5,0,0,0,1.08,4.81,6.73,4.38,4.56,23,81,0.863,0.679,4.472,815,2,136,0,yikim_gucux1 hizli_bilekx1 nadir_tohumx1 keskin_bicakx2 bilgi_filizix1 kivilcimx2 kritik_gozx1,34,0,45,68,204,81,120,0,2,2,6,,0,0,0,0,0,0,0,0,0,0,0.938,63.289,2.733
15,Run50_KirilmaV1,Elektrik yolu,bahcivan,standart,104,ödülsüz eş,47,,,125,69,36,0,0,20,42,32,27,17,7,3509,6357,6000,0,0,584,360,228,809,948,465,24520,71,6,60.05,1.563,1.3,1.516,1.365,6,0.47,2.333,29,6,1.5,1.62,1.78,3,1.6,37,26,0,0,0,3.1,3.61,3.53,9.94,4.85,23,81,0.869,0.704,4.472,815,6,142,0,yikim_gucux1 hizli_bilekx1 nadir_tohumx1 keskin_bicakx2 bilgi_filizix1 kivilcimx2 kritik_gozx1,28,0,45,70,210,81,123,0,2,2,6,,0,0,0,0,0,0,0,0,0,0,0.778,77.978,2.778
15,Run50_KirilmaV1,Elektrik yolu,bahcivan,standart,104,ödülsüz eş,48,,,137,78,37,0,0,22,52,40,25,15,5,2911,9268,6000,0,0,668,426,114,1187,484,289,23406,72,3,63.05,1.563,1.3,1.516,1.365,6,0.487,2.444,29,6,1.44,1.88,2.09,1.73,3.75,56,35,17,13,0,3.15,4.79,5.1,4.55,12.89,23,81,0.849,0.667,4.421,824,3,145,0,yikim_gucux1 hizli_bilekx1 nadir_tohumx1 keskin_bicakx2 bilgi_filizix1 kivilcimx2 kritik_gozx1,37,0,45,71,213,81,129,0,2,2,6,,0,0,0,0,0,0,0,0,0,0,0.753,64.689,3.044
15,Run50_KirilmaV1,Elektrik yolu,bahcivan,standart,104,ödülsüz eş,49,,,114,64,24,0,0,26,42,25,24,13,10,3599,12867,6000,0,0,838,492,78,2025,546,367,27130,73,3,63.05,1.563,1.3,1.516,1.365,6,0.487,2.444,29,6,1.6,1.6,2.13,3,2.88,37,7,0,0,0,2.85,2.12,5.26,8.08,10.04,23,81,0.873,0.753,4.421,824,1,146,0,yikim_gucux1 hizli_bilekx1 nadir_tohumx1 keskin_bicakx2 bilgi_filizix1 kivilcimx2 kritik_gozx1,22,0,45,72,216,81,132,0,2,2,6,,0,0,0,0,0,0,0,0,0,0,0.877,79.978,2.533
15,Run50_KirilmaV1,Elektrik yolu,bahcivan,standart,104,ödülsüz eş,50,,,235,118,79,0,0,38,75,71,41,39,9,5624,18491,6000,0,0,1078,651,312,1143,757,349,41102,74,3,69.27,1.563,1.3,1.468,1.415,9,0.487,2.556,30,9,1.21,1.38,1.59,1.74,2.4,75,39,25,18,0,0.76,3.26,1.55,3.19,3.23,23,81,0.764,0.605,4.313,845,5,151,0,yikim_gucux1 hizli_bilekx1 nadir_tohumx1 keskin_bicakx2 bilgi_filizix1 kivilcimx2 kritik_gozx1,40,0,45,73,219,81,135,0,2,2,6,,0,0,0,0,0,0,0,0,0,0,0.642,124.978,5.222
15,Run50_KirilmaV1,Elektrik yolu,bahcivan,standart,104,ödülsüz eş,50,KAZANDI
15,Run50_KirilmaV1,Elektrik yolu,bahcivan,standart,104,LAB R15 A ödülsüz #1,15,,,35,32,3,0,0,0,26,5,4,0,0,96,96,150,96,30,108,16,0,188,16,0,1477,4,9,18.13,1,1.3,1.975,0.9,4,0.3,2,22,3.68,1.79,2,2.25,,,34,13,14,,,4.37,4.94,11.36,,,14,19,0.751,0.474,6.741,127,0,0,0,yikim_gucux1 hizli_bilekx1,8,0,45,3,9,0,0,0,0,0,15,,0,0,0,0,0,0,0,0,0,0,0.684,2.133,0.778
15,Run50_KirilmaV1,Elektrik yolu,bahcivan,standart,104,LAB R15 B +cifte_akim #1,15,,,33,32,1,0,0,0,25,5,3,0,0,87,87,150,87,30,105,12,0,185,12,0,1406,4,9,18.13,1,1.3,1.975,0.9,4,0.3,2,22,3.68,1.63,2.6,3,,,44,0,0,,,4.53,11.47,13.82,,,14,19,0.748,0.474,6.741,127,0,0,0,yikim_gucux1 hizli_bilekx1 cifte_akimx1,7,0,45,3,9,0,0,0,0,0,15,,0,0,0,0,0,0,0,0,0,0,0.789,1.933,0.733
15,Run50_KirilmaV1,Elektrik yolu,bahcivan,standart,104,LAB R15 A ödülsüz #2,15,,,31,31,0,0,0,0,20,8,3,0,0,88,88,150,88,30,108,12,0,188,12,0,1404,4,9,18.13,1,1.3,1.975,0.9,4,0.3,2,22,3.73,2,2.25,3.67,,,26,0,0,0,,5.73,11.6,14.47,,,14,19,0.763,0.579,6.741,127,0,0,0,yikim_gucux1 hizli_bilekx1,7,0,45,3,9,0,0,0,0,0,15,,0,0,0,0,0,0,0,0,0,0,0.842,1.956,0.689
15,Run50_KirilmaV1,Elektrik yolu,bahcivan,standart,104,LAB R15 B +cifte_akim #2,15,,,34,31,0,0,0,3,23,11,0,0,0,64,64,150,64,30,135,0,0,215,0,0,1426,4,9,18.13,1,1.3,1.975,0.9,4,0.3,2,22,3.59,1.86,2.2,,,,24,8,0,,,4.33,11.85,,,,14,19,0.74,0.526,6.741,127,0,0,0,yikim_gucux1 hizli_bilekx1 cifte_akimx1,8,0,45,3,9,0,0,0,0,0,15,,2,2,0,0,0,0,0,0,0,0,0.789,1.422,0.756
15,Run50_KirilmaV1,Elektrik yolu,bahcivan,standart,104,LAB R15 A ödülsüz #3,15,,,33,30,2,0,0,1,27,4,2,0,0,65,65,150,65,30,105,8,0,185,8,0,1373,4,9,18.13,1,1.3,1.975,0.9,4,0.3,2,22,3.64,1.83,2,2.5,,,31,0,0,,,3.7,11.85,17.78,,,14,19,0.753,0.526,6.741,127,0,0,0,yikim_gucux1 hizli_bilekx1,8,0,45,3,9,0,0,0,0,0,15,,0,0,0,0,0,0,0,0,0,0,0.842,1.444,0.733
15,Run50_KirilmaV1,Elektrik yolu,bahcivan,standart,104,LAB R15 B +cifte_akim #3,15,,,34,33,0,0,0,1,25,7,2,0,0,75,75,150,75,30,117,8,0,197,8,0,1408,4,9,18.13,1,1.3,1.975,0.9,4,0.3,2,22,3.64,1.76,2.67,2,,,32,11,0,0,,4.27,12.52,6.91,,,14,19,0.742,0.474,6.741,127,0,0,0,yikim_gucux1 hizli_bilekx1 cifte_akimx1,10,0,45,3,9,0,0,0,0,0,15,,1,1,0,0,0,0,0,0,0,0,0.842,1.667,0.756
15,Run50_KirilmaV1,Elektrik yolu,bahcivan,standart,104,LAB R25 A ödülsüz #1,25,,,94,64,22,0,0,8,47,29,15,2,1,498,498,300,498,65,318,95,4,398,95,4,6211,12,33,25.51,1.25,1.3,1.836,1.005,6,0.3,2,24,6,1.26,1.63,2.25,3,2,62,36,11,0,0,1.07,5.41,11.77,12.83,12.83,21,45,0.747,0.444,5.769,351,0,0,0,yikim_gucux1 hizli_bilekx1 nadir_tohumx1 keskin_bicakx1,21,0,45,11,33,0,0,0,0,0,25,,0,0,0,0,0,0,0,0,0,0,0.8,11.067,2.089
15,Run50_KirilmaV1,Elektrik yolu,bahcivan,standart,104,LAB R25 B +cifte_akim #1,25,,,100,65,22,0,0,13,52,33,12,3,0,419,419,300,419,65,360,60,6,440,60,6,8645,15,42,25.51,1.25,1.3,1.836,1.005,6,0.3,2,24,5.96,1.4,1.74,1.3,2,,47,39,45,25,,2.76,4.55,2.38,7.33,,21,45,0.732,0.267,5.769,351,0,0,0,yikim_gucux1 hizli_bilekx1 nadir_tohumx1 keskin_bicakx1 cifte_akimx1,28,0,45,14,42,0,0,0,0,0,25,,6,6,0,4,4,0,0,0,0,0,0.822,9.311,2.222
15,Run50_KirilmaV1,Elektrik yolu,bahcivan,standart,104,LAB R25 sinerji A ödülsüz #1,25,,,130,54,0,0,0,76,75,40,14,1,0,382,382,300,382,65,465,70,2,545,70,2,5296,11,30,25.51,1.25,2.197,1.836,1.005,6,0.3,2,24,6,1.27,2,1.4,,,57,16,25,0,,1.78,4.59,1.84,,,25,49,0.64,0.245,6.4,345,0,0,0,yikim_gucux3 hizli_bilekx1 nadir_tohumx1 keskin_bicakx1 kivilcimx3,31,0,45,10,30,0,0,0,0,0,25,,0,0,0,0,0,0,0,0,0,0,0.796,8.489,2.889
15,Run50_KirilmaV1,Elektrik yolu,bahcivan,standart,104,LAB R25 sinerji B +cifte_akim #1,25,,,137,42,0,0,0,95,85,35,15,2,0,421,421,300,421,65,465,75,4,545,75,4,5520,11,30,25.51,1.25,2.197,1.836,1.005,6,0.3,2,24,5.83,1.48,1.63,1.75,4,,33,33,30,0,,2.59,4.36,14.22,16.53,,25,49,0.633,0.204,6.4,345,0,0,0,yikim_gucux3 hizli_bilekx1 nadir_tohumx1 keskin_bicakx1 cifte_akimx1 kivilcimx3,36,0,45,10,30,0,0,0,0,0,25,,42,42,0,45,37,0,0,0,0,0,0.592,9.356,3.044
15,Run50_KirilmaV1,Elektrik yolu,bahcivan,standart,104,LAB R25 A ödülsüz #2,25,,,102,66,22,0,0,14,73,16,11,2,0,322,322,300,322,65,318,60,4,398,60,4,7263,14,39,25.51,1.25,1.3,1.836,1.005,6,0.3,2,24,6,1.33,1.67,2.2,2,,54,35,14,0,0,2.98,3.82,9.55,9.16,,21,45,0.733,0.311,5.769,351,0,0,0,yikim_gucux1 hizli_bilekx1 nadir_tohumx1 keskin_bicakx1,28,0,45,13,39,0,0,0,0,0,25,,0,0,0,0,0,0,0,0,0,0,0.733,7.156,2.267
15,Run50_KirilmaV1,Elektrik yolu,bahcivan,standart,104,LAB R25 B +cifte_akim #2,25,,,107,62,28,0,0,17,65,24,15,3,0,415,415,300,415,65,345,80,6,425,80,6,8457,15,42,25.51,1.25,1.3,1.836,1.005,6,0.3,2,24,6,1.24,1.64,2.4,1.67,,59,30,19,25,0,1.21,3.84,10.46,9.18,,21,45,0.732,0.311,5.769,351,0,0,0,yikim_gucux1 hizli_bilekx1 nadir_tohumx1 keskin_bicakx1 cifte_akimx1,28,0,45,14,42,0,0,0,0,0,25,,7,7,0,5,3,0,0,0,0,0,0.667,9.222,2.378
15,Run50_KirilmaV1,Elektrik yolu,bahcivan,standart,104,LAB R25 sinerji A ödülsüz #2,25,,,119,49,0,0,0,70,80,24,13,2,0,361,361,300,361,65,384,65,4,464,65,4,4704,10,27,25.51,1.25,2.197,1.836,1.005,6,0.3,2,24,6,1.21,1.67,2,2,,53,10,7,50,,1.08,6.88,6.72,5.5,,25,49,0.67,0.388,6.4,345,0,0,0,yikim_gucux3 hizli_bilekx1 nadir_tohumx1 keskin_bicakx1 kivilcimx3,27,0,45,9,27,0,0,0,0,0,25,,0,0,0,0,0,0,0,0,0,0,0.816,8.022,2.644
15,Run50_KirilmaV1,Elektrik yolu,bahcivan,standart,104,LAB R25 sinerji B +cifte_akim #2,25,,,148,51,0,0,0,97,103,30,11,4,0,446,446,300,446,65,489,55,8,569,55,8,5760,12,33,25.51,1.25,2.197,1.836,1.005,6,0.3,2,24,5.88,1.58,1.71,2,1.33,,47,21,10,33,,3.58,5.77,6.72,2.45,,25,49,0.622,0.204,6.4,345,0,0,0,yikim_gucux3 hizli_bilekx1 nadir_tohumx1 keskin_bicakx1 cifte_akimx1 kivilcimx3,32,0,45,11,33,0,0,0,0,0,25,,51,51,0,43,38,0,0,0,0,0,0.408,9.911,3.289
15,Run50_KirilmaV1,Elektrik yolu,bahcivan,standart,104,LAB R25 A ödülsüz #3,25,,,94,62,25,0,0,7,58,24,10,2,0,324,324,300,324,65,321,55,4,401,55,4,6947,13,36,25.51,1.25,1.3,1.836,1.005,6,0.3,2,24,6,1.36,1.43,1.8,3,,45,36,10,0,0,2.1,3.01,4.77,7.33,,21,45,0.754,0.311,5.769,351,0,0,0,yikim_gucux1 hizli_bilekx1 nadir_tohumx1 keskin_bicakx1,27,0,45,12,36,0,0,0,0,0,25,,0,0,0,0,0,0,0,0,0,0,0.756,7.2,2.089
15,Run50_KirilmaV1,Elektrik yolu,bahcivan,standart,104,LAB R25 B +cifte_akim #3,25,,,106,67,20,0,0,19,58,33,14,0,1,444,444,300,444,65,372,70,9,452,70,9,8706,15,42,25.51,1.25,1.3,1.836,1.005,6,0.3,2,24,5.96,1.44,1.38,1.57,,,45,42,22,,0,2.92,2.27,4.46,,,21,45,0.716,0.356,5.769,351,0,0,0,yikim_gucux1 hizli_bilekx1 nadir_tohumx1 keskin_bicakx1 cifte_akimx1,26,0,45,14,42,0,0,0,0,0,25,,9,9,0,10,7,0,0,0,0,0,0.844,9.867,2.356
15,Run50_KirilmaV1,Elektrik yolu,bahcivan,standart,104,LAB R25 sinerji A ödülsüz #3,25,,,130,53,0,0,0,77,79,31,13,6,1,624,624,300,624,65,423,85,12,503,85,12,5424,11,30,25.51,1.25,2.197,1.836,1.005,6,0.3,2,24,5.92,1.34,1.29,1.6,2,1,55,38,9,0,,2.35,1.57,4.77,7.33,0,25,49,0.65,0.327,6.4,345,0,0,0,yikim_gucux3 hizli_bilekx1 nadir_tohumx1 keskin_bicakx1 kivilcimx3,28,0,45,10,30,0,0,0,0,0,25,,0,0,0,0,0,0,0,0,0,0,0.735,13.867,2.889
15,Run50_KirilmaV1,Elektrik yolu,bahcivan,standart,104,LAB R25 sinerji B +cifte_akim #3,25,,,146,52,0,0,0,94,93,38,11,4,0,460,460,300,460,65,507,55,8,587,55,8,5824,12,33,25.51,1.25,2.197,1.836,1.005,6,0.3,2,24,5.96,1.2,1.71,1.83,1.5,,49,41,18,0,,1.34,5.11,9.18,1.83,,25,49,0.6,0.245,6.4,345,0,0,0,yikim_gucux3 hizli_bilekx1 nadir_tohumx1 keskin_bicakx1 cifte_akimx1 kivilcimx3,33,0,45,11,33,0,0,0,0,0,25,,52,52,0,43,32,0,0,0,0,0,0.612,10.222,3.244
15,Run50_KirilmaV1,Elektrik yolu,bahcivan,standart,104,LAB R40 A ödülsüz #1,40,,,161,79,50,0,0,32,55,50,37,19,0,2074,2074,2800,2074,500,610,462,120,690,462,120,28625,27,78,53.29,1.563,1.3,1.565,1.315,6,0.3,2,28,6,1.27,1.43,1.71,2.33,,59,50,19,21,,1.1,2.18,4.25,6.13,,23,81,0.785,0.556,4.691,777,0,0,0,yikim_gucux1 hizli_bilekx1 nadir_tohumx1 keskin_bicakx2 bilgi_filizix1 kivilcimx1,41,0,45,26,78,0,0,0,0,0,40,,0,0,0,0,0,0,0,0,0,0,0.691,46.089,3.578
15,Run50_KirilmaV1,Elektrik yolu,bahcivan,standart,104,LAB R40 B +cifte_akim #1,40,,,158,81,37,0,0,40,47,57,37,14,3,2435,2435,2800,2435,500,757,407,106,837,407,106,31708,29,84,53.29,1.563,1.3,1.565,1.315,6,0.3,2,28,6,1.38,1.5,1.75,2.18,2,53,39,47,36,33,1.83,1.73,4.5,5.98,3.92,23,81,0.772,0.481,4.691,777,0,0,0,yikim_gucux1 hizli_bilekx1 nadir_tohumx1 keskin_bicakx2 bilgi_filizix1 kivilcimx1 cifte_akimx1,46,0,45,28,84,0,0,0,0,0,40,,26,26,0,28,13,0,0,0,0,0,0.63,54.111,3.511
15,Run50_KirilmaV1,Elektrik yolu,bahcivan,standart,104,LAB R40 A ödülsüz #2,40,,,140,74,43,0,0,23,44,50,31,11,4,2265,2265,2800,2265,500,672,352,110,752,352,110,23702,25,72,53.29,1.563,1.3,1.565,1.315,6,0.3,2,28,6,1.31,1.57,2.29,2.67,1,61,43,20,10,33,1.62,3.2,6.15,8.08,0,23,81,0.805,0.531,4.691,777,0,0,0,yikim_gucux1 hizli_bilekx1 nadir_tohumx1 keskin_bicakx2 bilgi_filizix1 kivilcimx1,44,0,45,24,72,0,0,0,0,0,40,,0,0,0,0,0,0,0,0,0,0,0.691,50.333,3.111
15,Run50_KirilmaV1,Elektrik yolu,bahcivan,standart,104,LAB R40 B +cifte_akim #2,40,,,144,71,34,0,0,39,50,39,44,10,1,1911,1911,2800,1911,500,506,570,60,586,570,60,28389,27,78,53.29,1.563,1.3,1.565,1.315,6,0.3,2,28,6,1.37,1.58,1.95,3.8,1,60,44,26,0,33,1.62,2.39,4.53,12.21,0,23,81,0.808,0.543,4.691,777,0,0,0,yikim_gucux1 hizli_bilekx1 nadir_tohumx1 keskin_bicakx2 bilgi_filizix1 kivilcimx1 cifte_akimx1,42,0,45,26,78,0,0,0,0,0,40,,22,22,0,25,11,0,0,0,0,0,0.691,42.467,3.2
15,Run50_KirilmaV1,Elektrik yolu,bahcivan,standart,104,LAB R40 A ödülsüz #3,40,,,153,75,49,0,0,29,61,34,33,21,4,2753,2753,2800,2753,500,626,427,170,706,427,170,28129,27,78,53.29,1.563,1.3,1.565,1.315,6,0.3,2,28,6,1.3,1.5,2.08,2,2.33,69,42,33,33,25,1,3.04,4.31,3.48,8.35,23,81,0.824,0.58,4.691,777,0,0,0,yikim_gucux1 hizli_bilekx1 nadir_tohumx1 keskin_bicakx2 bilgi_filizix1 kivilcimx1,39,0,45,26,78,0,0,0,0,0,40,,0,0,0,0,0,0,0,0,0,0,0.617,61.178,3.4
15,Run50_KirilmaV1,Elektrik yolu,bahcivan,standart,104,LAB R40 B +cifte_akim #3,40,,,152,77,41,0,0,34,60,28,34,26,4,3106,3106,2800,3106,500,521,396,234,601,396,234,30555,28,81,53.29,1.563,1.3,1.565,1.315,6,0.3,2,28,6,1.3,1.53,1.7,2,1.5,64,37,41,37,20,2.04,3.62,3.28,4.69,1.57,23,81,0.802,0.58,4.691,777,0,0,0,yikim_gucux1 hizli_bilekx1 nadir_tohumx1 keskin_bicakx2 bilgi_filizix1 kivilcimx1 cifte_akimx1,39,0,45,27,81,0,0,0,0,0,40,,18,18,0,27,17,0,0,0,0,0,0.63,69.022,3.378
16,Run50_KirilmaV1,Elektrik yolu,bahcivan,standart,105,ödülsüz eş,1,,,13,13,0,0,0,0,11,2,0,0,0,17,17,45,0,0,30,0,0,30,0,0,280,1,0,10,1,1,3,0.9,4,0.3,2,14,2.07,1.91,3,,,,15,0,,,,2.73,6,,,,2,4,0.349,0,8,23,0,0,2,,3,0.18,45,0,0,0,0,0,0,0,0,,0,0,0,0,0,0,0,0,0,0,0.5,0.378,0.289
16,Run50_KirilmaV1,Elektrik yolu,bahcivan,standart,105,ödülsüz eş,2,,,15,15,0,0,0,0,14,0,1,0,0,24,41,45,0,0,28,4,0,33,4,0,320,2,3,10.67,1,1,3,0.9,4,0.3,2,14,2.21,1.79,,3,,,15,,0,,,3,,9,,,3,5,0.418,0,8,28,1,1,1,,4,0.044,45,1,3,0,0,0,0,0,0,,0,0,0,0,0,0,0,0,0,0,0.6,0.533,0.333
16,Run50_KirilmaV1,Elektrik yolu,bahcivan,standart,105,ödülsüz eş,3,,,16,15,0,0,0,1,13,2,1,0,0,29,70,45,0,0,34,4,0,40,8,0,360,3,3,11.33,1,1,3,0.9,4,0.3,2,14,2.79,2,3,1,,,15,0,0,,,4.75,9,0,,,4,6,0.508,0,8,34,1,2,1,,4,0.044,45,2,6,3,0,0,2,2,3,,0,0,0,0,0,0,0,0,0,0,0.667,0.644,0.356
16,Run50_KirilmaV1,Elektrik yolu,bahcivan,standart,105,ödülsüz eş,4,,,18,18,0,0,0,0,11,6,1,0,0,39,109,45,0,0,46,4,0,46,12,0,495,4,3,11.33,1,1,3,0.9,4,0.3,2,14,3.29,2,3,1,,,9,0,0,,,5.18,12.5,0,,,5,8,0.625,0.375,7.817,46,0,2,1,,5,0,45,3,9,6,0,0,2,2,3,,0,0,0,0,0,0,0,0,0,0,0.375,0.867,0.4
16,Run50_KirilmaV1,Elektrik yolu,bahcivan,standart,105,ödülsüz eş,5,,,15,14,0,0,0,1,9,4,2,0,0,41,150,45,41,8,34,8,0,39,20,0,417,5,3,12,1,1,3,0.9,4,0.3,2,14,3.5,2.22,3.25,5,,,9,0,0,,,8.33,9,12,,,6,9,0.683,0.333,7.503,54,3,5,1,,4,0,45,4,12,9,0,0,2,2,3,,0,0,0,0,0,0,0,0,0,0,0.778,0.911,0.333
16,Run50_KirilmaV1,Elektrik yolu,bahcivan,standart,105,ödülsüz eş,6,,,20,18,0,0,0,2,15,4,1,0,0,37,37,110,0,0,46,4,0,48,24,0,505,6,3,12,1,1,2.892,0.9,4,0.3,2,15,3.4,2,2.33,3,,,0,0,0,,,5.99,4.82,11.57,,,6,9,0.64,0.333,7.503,54,2,7,0,nadir_tohumx1,5,0,45,5,15,9,3,0,2,2,3,,0,0,0,0,0,0,0,0,0,0,0.889,0.822,0.444
16,Run50_KirilmaV1,Elektrik yolu,bahcivan,standart,105,ödülsüz eş,7,,,21,18,0,0,0,3,16,3,2,0,0,45,82,110,0,0,44,8,0,45,32,0,542,7,3,12.67,1,1,2.892,0.9,4,0.3,2,15,3.27,1.93,2,2.5,,,7,0,,,,3.72,2.9,8.69,,,7,10,0.662,0.2,7.361,61,3,10,1,nadir_tohumx1,6,0,45,6,18,12,3,0,2,2,3,,0,0,0,0,0,0,0,0,0,0,0.7,1,0.467
16,Run50_KirilmaV1,Elektrik yolu,bahcivan,standart,105,ödülsüz eş,8,,,23,22,0,0,0,1,19,3,1,0,0,38,120,110,0,0,50,4,0,55,36,0,552,8,3,13.33,1,1,2.789,0.9,4,0.3,2,16,3.38,1.95,2,4,,,5,0,0,0,,4.4,11.15,16.73,,,8,11,0.691,0.273,7.392,67,2,12,1,nadir_tohumx1,6,0,45,7,21,15,3,0,2,2,3,,0,0,0,0,0,0,0,0,0,0,0.636,0.844,0.511
16,Run50_KirilmaV1,Elektrik yolu,bahcivan,standart,105,ödülsüz eş,9,,,19,18,0,0,0,1,15,1,1,2,0,88,208,110,0,0,35,4,4,53,40,4,531,9,3,13.33,1,1,2.789,0.9,4,0.3,2,16,3.44,2.14,3,4,3,,9,0,0,0,,7.17,8.37,27.9,12.55,,9,12,0.709,0.417,7.417,73,2,14,1,nadir_tohumx1,6,0,45,8,24,18,3,0,2,2,3,,0,0,0,0,0,0,0,0,0,0,0.75,1.956,0.422
16,Run50_KirilmaV1,Elektrik yolu,bahcivan,standart,105,ödülsüz eş,10,,,17,17,0,0,0,0,10,4,3,0,0,52,260,110,52,16,40,12,0,43,52,4,501,10,3,13.33,1,1,2.789,0.9,4,0.3,2,16,3,1.9,2.25,2.33,,,0,0,0,0,,6.13,6.27,4.64,,,10,13,0.644,0.385,7.436,79,1,15,1,nadir_tohumx1,4,0,45,9,27,21,3,0,2,2,3,,0,0,0,0,0,0,0,0,0,0,0.769,1.156,0.378
16,Run50_KirilmaV1,Elektrik yolu,bahcivan,standart,105,ödülsüz eş,11,,,30,30,0,0,0,0,20,7,2,1,0,91,91,150,0,0,75,8,2,75,60,6,835,11,3,14,1,1,2.789,1.188,6,0.3,2,16,4.88,2.25,2.43,3.5,1,,0,0,0,,,5.72,5.97,9.77,0,,11,14,0.674,0.429,7.27,87,2,17,1,nadir_tohumx1 genis_savurusx1,6,0,45,10,30,24,3,0,2,2,3,,0,0,0,0,0,0,0,0,0,0,0.643,2.022,0.667
16,Run50_KirilmaV1,Elektrik yolu,bahcivan,standart,105,ödülsüz eş,12,,,30,29,0,0,0,1,25,4,1,0,0,47,138,150,0,0,70,4,0,87,34,6,745,12,3,14.67,1,1,2.689,1.188,6,0.3,2,16,4.94,2.04,3.25,2,,,0,0,,,,5.37,12.77,18.8,,,12,15,0.677,0.333,7.008,96,4,21,1,nadir_tohumx1 genis_savurusx1,7,0,45,11,33,25,5,0,2,2,3,,0,0,0,0,0,0,0,0,0,0,0.667,1.044,0.667
16,Run50_KirilmaV1,Elektrik yolu,bahcivan,standart,105,ödülsüz eş,13,,,38,34,0,0,0,4,22,15,1,0,0,77,215,150,0,0,119,4,0,129,38,6,1040,13,3,15.64,1,1,2.592,1.188,6,0.3,2,17,5.24,1.9,2.15,4,,,13,0,0,,,6.09,6.38,18.13,,,13,17,0.656,0.412,7.04,109,2,23,1,nadir_tohumx1 genis_savurusx1,7,0,45,12,36,28,5,0,2,2,3,,0,0,0,0,0,0,0,0,0,0,0.529,1.711,0.844
16,Run50_KirilmaV1,Elektrik yolu,bahcivan,standart,105,ödülsüz eş,14,,,37,36,0,0,0,1,25,8,4,0,0,89,304,150,0,0,115,16,0,118,54,6,1067,15,6,16.36,1,1,2.5,1.188,6,0.3,2,17,5.47,1.83,2.75,3.75,,,8,0,0,0,,4.9,10.31,16.25,,,15,20,0.696,0.45,6.918,130,5,28,2,nadir_tohumx1 genis_savurusx1,9,0,45,14,42,31,5,0,2,2,3,,0,0,0,0,0,0,0,0,0,0,0.75,1.978,0.822
16,Run50_KirilmaV1,Elektrik yolu,bahcivan,standart,105,ödülsüz eş,15,,,33,33,0,0,0,0,27,4,1,1,0,79,383,150,79,30,101,4,2,109,58,8,895,16,3,18.13,1,1,2.5,1.188,6,0.3,2,17,5.65,2.22,1.75,3,5,,4,0,0,,,6.85,5,27.5,32.5,,16,22,0.754,0.636,6.938,143,3,31,1,nadir_tohumx1 genis_savurusx1,8,0,45,15,45,37,5,0,2,2,3,,0,0,0,0,0,0,0,0,0,0,0.909,1.756,0.733
16,Run50_KirilmaV1,Elektrik yolu,bahcivan,standart,105,ödülsüz eş,16,,,40,37,0,0,0,3,22,14,4,0,0,104,104,220,0,0,136,16,0,145,49,8,1514,17,3,18.13,1,1,2.5,1.188,6,0.3,2,17,5.65,1.82,2.36,3.25,,,17,0,0,,,4.55,6.14,9.38,,,17,23,0.745,0.435,6.956,149,2,33,1,nadir_tohumx1 genis_savurusx1 bilgi_filizix1,13,0,45,16,48,40,5,0,2,2,3,,0,0,0,0,0,0,0,0,0,0,0.696,2.311,0.889
16,Run50_KirilmaV1,Elektrik yolu,bahcivan,standart,105,ödülsüz eş,17,,,40,35,0,0,0,5,31,8,0,1,0,85,189,220,0,0,141,0,2,155,49,10,1499,18,3,19.2,1,1,2.41,1.188,6,0.3,2,18,5.33,1.74,3,,5,,23,0,0,0,,4.46,8.61,,24.1,,18,24,0.735,0.542,6.801,159,6,39,1,nadir_tohumx1 genis_savurusx1 bilgi_filizix1,12,0,45,17,51,43,5,0,2,2,3,,0,0,0,0,0,0,0,0,0,0,0.875,1.889,0.889
16,Run50_KirilmaV1,Elektrik yolu,bahcivan,standart,105,ödülsüz eş,18,,,47,41,2,0,0,4,30,14,3,0,0,102,291,220,0,0,174,12,0,208,61,10,1893,20,6,19.2,1,1,2.324,1.234,6,0.3,2,19,5.42,1.79,2.43,2.67,,,11,0,0,,,3.1,8.13,17.03,,,19,25,0.74,0.56,6.649,169,5,44,1,nadir_tohumx1 genis_savurusx1 bilgi_filizix1,12,0,45,19,57,46,5,0,2,2,3,,0,0,0,0,0,0,0,0,0,0,0.76,2.267,1.044
16,Run50_KirilmaV1,Elektrik yolu,bahcivan,standart,105,ödülsüz eş,19,,,43,38,1,0,0,4,27,13,3,0,0,96,387,220,0,0,159,15,0,167,51,10,1910,21,3,20.27,1,1,2.24,1.234,6,0.3,2,20,5.8,2.04,2.75,3.33,,,0,0,0,,,7.59,14.18,17.92,,,21,31,0.799,0.613,6.509,214,6,50,2,nadir_tohumx1 genis_savurusx1 bilgi_filizix1,10,0,45,20,60,49,8,0,2,2,3,,0,0,0,0,0,0,0,0,0,0,0.71,2.133,0.956
16,Run50_KirilmaV1,Elektrik yolu,bahcivan,standart,105,ödülsüz eş,20,,,46,36,1,0,0,9,25,13,7,1,0,181,568,220,181,45,153,35,2,156,61,12,2426,23,6,20.27,1,1,2.16,1.28,6,0.3,2,20,5.9,2.05,2.55,2.25,6,,8,18,0,0,,9.72,15.51,9.18,21.6,,23,36,0.745,0.472,6.146,264,7,57,2,nadir_tohumx1 genis_savurusx1 bilgi_filizix1,16,0,45,22,66,49,11,0,2,2,3,,0,0,0,0,0,0,0,0,0,0,0.611,4.022,1.022
16,Run50_KirilmaV1,Elektrik yolu,bahcivan,standart,105,ödülsüz eş,21,,,50,42,1,0,0,7,35,11,4,0,0,125,125,300,0,0,171,20,0,187,56,12,2456,24,3,23.08,1,1,2.16,1.28,6,0.3,2,20,6,1.79,1.9,2.5,,,11,0,0,0,,5.48,5.18,5.94,,,25,41,0.838,0.537,6.082,303,1,58,2,nadir_tohumx1 genis_savurusx1 bilgi_filizix1 kivilcimx1,11,0,45,23,69,49,17,0,2,2,3,,0,0,0,0,0,0,0,0,0,0,0.902,2.778,1.111
16,Run50_KirilmaV1,Elektrik yolu,bahcivan,standart,105,ödülsüz eş,22,,,76,39,21,0,0,16,45,18,12,1,0,290,415,300,0,0,243,60,2,259,91,14,4249,26,6,24.3,1,1,2.16,1.373,6,0.3,2,20,6,1.85,1.78,2.5,,,26,13,0,,,4.9,7.68,5.39,,,25,42,0.792,0.5,6.082,311,5,63,2,nadir_tohumx1 genis_savurusx1 bilgi_filizix1 kivilcimx1,23,0,45,25,75,49,20,0,2,2,3,,0,0,0,0,0,0,0,0,0,0,0.5,6.444,1.689
16,Run50_KirilmaV1,Elektrik yolu,bahcivan,standart,105,ödülsüz eş,23,,,60,36,11,0,0,13,35,12,11,2,0,281,696,300,0,0,177,55,4,236,86,18,3489,27,3,24.3,1,1,2.16,1.373,6,0.3,2,20,6,1.57,2.14,2.63,,,13,0,0,0,,2.26,4.94,13.5,,,24,44,0.797,0.409,6.007,330,2,65,2,nadir_tohumx1 genis_savurusx1 bilgi_filizix1 kivilcimx1,16,0,45,26,78,49,26,0,2,2,3,,0,0,0,0,0,0,0,0,0,0,0.727,6.244,1.333
16,Run50_KirilmaV1,Elektrik yolu,bahcivan,standart,105,ödülsüz eş,24,,,63,36,9,0,0,18,29,24,8,2,0,296,992,300,0,0,231,40,4,242,56,22,3753,29,6,25.51,1,1,2.16,1.373,6,0.3,2,20,6,1.82,2.23,3,2,,5,8,0,0,,5.59,5.48,19.87,15.13,,24,47,0.832,0.638,5.892,359,3,68,3,nadir_tohumx1 genis_savurusx1 bilgi_filizix1 kivilcimx1,18,0,45,28,84,49,29,0,2,2,3,,0,0,0,0,0,0,0,0,0,0,0.66,6.578,1.4
16,Run50_KirilmaV1,Elektrik yolu,bahcivan,standart,105,ödülsüz eş,25,,,49,34,6,0,0,9,28,9,6,5,1,420,1412,300,420,65,138,50,10,210,81,32,2928,30,3,25.51,1,1,2.16,1.373,6,0.3,2,20,6,2.16,3.25,3.6,3.2,2,9,0,0,0,,5.57,13.51,16.86,13.83,15.14,23,49,0.868,0.592,5.833,378,1,69,2,nadir_tohumx1 genis_savurusx1 bilgi_filizix1 kivilcimx1,14,0,45,29,87,49,35,0,2,2,3,,0,0,0,0,0,0,0,0,0,0,0.735,9.333,1.089
16,Run50_KirilmaV1,Elektrik yolu,bahcivan,standart,105,ödülsüz eş,26,,,66,37,7,0,0,22,35,13,16,2,0,345,345,500,0,0,183,80,6,273,81,38,3993,31,3,28.62,1,1,2.16,1.373,6,0.3,2,20,6,1.7,1.83,2.86,4,,13,0,0,,0,3.95,5.04,10.17,10.8,,22,49,0.814,0.633,5.808,380,2,71,1,nadir_tohumx2 genis_savurusx1 bilgi_filizix1 kivilcimx1,18,0,45,30,90,49,38,0,2,2,3,,0,0,0,0,0,0,0,0,0,0,0.776,7.667,1.467
16,Run50_KirilmaV1,Elektrik yolu,bahcivan,standart,105,ödülsüz eş,27,,,62,41,1,0,0,20,35,15,9,1,2,464,809,500,0,0,195,76,14,228,132,52,3736,32,3,29.99,1,1,2.092,1.373,6,0.3,2,21,6,1.79,2.08,2.83,1,3.5,4,0,0,,0,4.07,6.12,11.15,0,20.93,20,49,0.84,0.694,5.747,384,3,74,1,nadir_tohumx2 genis_savurusx1 bilgi_filizix1 kivilcimx1,16,0,45,31,93,49,41,0,2,2,3,,0,0,0,0,0,0,0,0,0,0,0.939,10.311,1.378
16,Run50_KirilmaV1,Elektrik yolu,bahcivan,standart,105,ödülsüz eş,28,,,100,62,7,0,0,31,50,32,16,1,1,521,1330,500,0,0,387,96,3,395,240,35,6199,34,6,33.24,1,1,2.092,1.419,9,0.3,2,21,8.67,1.5,2,2.13,2,5,15,15,0,,0,3.81,5.93,4.97,23,33.46,18,49,0.763,0.571,5.691,387,2,76,1,nadir_tohumx2 genis_savurusx1 bilgi_filizix1 kivilcimx1,20,0,45,33,99,49,44,0,2,2,3,,0,0,0,0,0,0,0,0,0,0,0.878,11.578,2.222
16,Run50_KirilmaV1,Elektrik yolu,bahcivan,standart,105,ödülsüz eş,29,,,102,58,8,0,0,36,46,28,24,3,1,653,1983,500,0,0,306,144,20,321,184,55,6628,36,6,33.24,1,1,2.026,1.511,9,0.3,2,22,8.86,1.64,1.83,2.56,,,30,6,0,0,0,4.79,5.07,10.47,,,18,49,0.776,0.531,5.531,399,5,81,0,nadir_tohumx2 genis_savurusx1 bilgi_filizix1 kivilcimx1,26,0,45,35,105,49,50,0,2,2,3,,0,0,0,0,0,0,0,0,0,0,0.673,14.511,2.267
16,Run50_KirilmaV1,Elektrik yolu,bahcivan,standart,105,ödülsüz eş,30,,,83,51,11,0,0,21,41,20,15,5,2,849,2832,500,849,100,333,90,15,354,286,50,5426,37,3,34.76,1,1,2.026,1.511,9,0.3,2,22,8.55,1.62,1.91,2.56,3,3.5,17,0,0,0,,3.27,9.58,8.11,14.86,20.27,16,49,0.67,0.49,5.427,406,2,83,1,nadir_tohumx2 genis_savurusx1 bilgi_filizix1 kivilcimx1,20,0,45,36,108,49,56,0,2,2,3,,0,0,0,0,0,0,0,0,0,0,0.653,18.867,1.844
16,Run50_KirilmaV1,Elektrik yolu,bahcivan,standart,105,ödülsüz eş,31,,,150,79,25,0,0,46,67,46,23,10,4,1464,1464,1200,0,0,477,207,42,621,210,72,10224,39,6,38.16,1,1,1.418,1.511,9,0.3,2,31,8.45,1.49,2.24,2.42,3.4,2.5,37,23,6,0,0,2.65,6.55,8.39,19.57,5.67,14,49,0.662,0.388,5.297,416,3,86,1,nadir_tohumx2 genis_savurusx1 bilgi_filizix1 kivilcimx1 firtina_bilegix1,27,0,45,38,114,49,59,0,2,2,3,,0,0,0,0,0,0,0,0,0,0,0.776,32.533,3.333
16,Run50_KirilmaV1,Elektrik yolu,bahcivan,standart,105,ödülsüz eş,32,,,153,77,29,0,0,47,58,40,28,21,6,2125,3589,1200,0,0,462,246,99,533,480,131,11757,41,6,39.82,1,1,1.374,1.511,9,0.3,2,32,8.75,1.68,1.82,2.67,2.57,4,27,18,0,0,0,2.75,5.43,8.7,6.18,16.83,11,49,0.687,0.51,5.013,440,4,90,2,nadir_tohumx2 genis_savurusx1 bilgi_filizix1 kivilcimx1 firtina_bilegix1,24,0,45,40,120,49,65,0,2,2,3,,0,0,0,0,0,0,0,0,0,0,0.571,47.222,3.4
16,Run50_KirilmaV1,Elektrik yolu,bahcivan,standart,105,ödülsüz eş,33,,,163,72,38,0,0,53,59,50,29,19,6,2291,5880,1200,0,0,573,278,69,711,448,100,12456,43,6,39.82,1,1,1.374,1.558,9,0.3,2,32,8.69,1.63,2,2.25,2.7,2.75,27,20,4,0,0,2.95,4.7,8.24,9.89,8.92,12,57,0.706,0.474,4.937,520,4,94,3,nadir_tohumx2 genis_savurusx1 bilgi_filizix1 kivilcimx1 firtina_bilegix1,28,0,45,42,126,49,71,0,2,2,3,,0,0,0,0,0,0,0,0,0,0,0.649,50.911,3.622
16,Run50_KirilmaV1,Elektrik yolu,bahcivan,standart,105,ödülsüz eş,34,,,148,79,18,0,0,51,57,32,38,13,8,2850,8730,1200,0,0,603,347,52,654,349,62,10871,45,6,43.38,1,1,1.374,1.558,9,0.3,2,32,9,1.73,1.94,2.47,2.5,2.5,13,13,0,0,0,4.63,6.64,7.74,10.64,9.97,18,78,0.776,0.423,5.321,660,5,99,8,nadir_tohumx2 genis_savurusx1 bilgi_filizix1 kivilcimx1 firtina_bilegix1,32,0,45,44,132,55,71,0,2,2,3,,0,0,0,0,0,0,0,0,0,0,0.769,63.333,3.289
16,Run50_KirilmaV1,Elektrik yolu,bahcivan,standart,105,ödülsüz eş,35,,,114,53,14,0,0,47,35,30,29,15,5,2981,11711,1200,2981,220,419,230,94,453,249,156,8248,46,3,43.38,1,1,1.331,1.558,9,0.3,2,33,6,1.83,2.31,3.1,1.33,2.33,13,0,0,0,0,4.58,5.57,11.31,2.66,8.42,19,81,0.835,0.679,5.362,680,5,104,1,nadir_tohumx2 genis_savurusx1 bilgi_filizix1 kivilcimx1 firtina_bilegix1,26,0,45,45,135,61,71,0,2,2,3,,0,0,0,0,0,0,0,0,0,0,0.901,66.244,2.533
16,Run50_KirilmaV1,Elektrik yolu,bahcivan,standart,105,ödülsüz eş,36,,,176,88,31,0,0,57,46,53,39,32,6,3238,3238,2800,0,0,561,376,217,714,625,228,13747,47,3,43.38,1.25,1,1.331,1.67,9,0.3,2,33,9,1.48,1.96,1.83,2.31,3,13,10,0,5,0,2.72,4.43,5.76,9.73,8.97,19,81,0.786,0.605,5.24,696,5,109,0,nadir_tohumx2 genis_savurusx1 bilgi_filizix1 kivilcimx1 firtina_bilegix1 keskin_bicakx1,34,0,45,46,138,64,71,0,2,2,3,,0,0,0,0,0,0,0,0,0,0,0.753,71.956,3.911
16,Run50_KirilmaV1,Elektrik yolu,bahcivan,standart,105,ödülsüz eş,37,,,196,104,40,0,0,52,57,60,43,30,6,3125,6363,2800,0,0,648,551,210,692,616,233,14879,49,6,49.54,1.25,1,1.331,1.67,9,0.3,2,33,8.97,1.46,1.88,1.67,2.55,2,29,17,12,0,0,2.05,3.87,3.68,7.62,5.33,19,81,0.744,0.593,5.18,704,6,115,0,nadir_tohumx2 genis_savurusx1 bilgi_filizix1 kivilcimx1 firtina_bilegix1 keskin_bicakx1,35,0,45,48,144,67,71,0,2,2,3,,0,0,0,0,0,0,0,0,0,0,0.901,69.444,4.356
16,Run50_KirilmaV1,Elektrik yolu,bahcivan,standart,105,ödülsüz eş,38,,,194,93,27,0,0,74,71,43,43,31,6,3610,9973,2800,0,0,750,553,176,1007,849,284,14555,51,6,49.54,1.25,1,1.331,1.67,9,0.3,2,33,8.97,1.41,1.95,1.95,2.78,3,33,8,0,0,0,2.16,5.2,4.97,10.28,10.63,19,81,0.768,0.58,4.989,731,4,119,0,nadir_tohumx2 genis_savurusx1 bilgi_filizix1 kivilcimx1 firtina_bilegix1 keskin_bicakx1,36,0,45,50,150,73,71,0,2,2,3,,0,0,0,0,0,0,0,0,0,0,0.716,80.222,4.311
16,Run50_KirilmaV1,Elektrik yolu,bahcivan,standart,105,ödülsüz eş,39,,,207,109,28,0,0,70,73,55,33,36,10,4209,14182,2800,0,0,904,405,326,1001,534,470,15820,52,3,56.1,1.25,1,1.289,1.736,9,0.3,2,34,8.91,1.42,1.73,1.81,2.05,2.6,44,11,13,0,0,1.89,4.21,4.99,7.73,12.11,19,81,0.74,0.543,4.906,743,5,124,0,nadir_tohumx2 genis_savurusx1 bilgi_filizix1 kivilcimx1 firtina_bilegix1 keskin_bicakx1,39,0,45,51,153,79,71,0,2,2,3,,0,0,0,0,0,0,0,0,0,0,0.802,93.533,4.6
16,Run50_KirilmaV1,Elektrik yolu,bahcivan,standart,105,ödülsüz eş,40,,,182,105,19,0,0,58,57,63,33,19,10,3871,18053,2800,3871,500,864,580,206,1115,754,521,13389,53,3,56.1,1.25,1,1.248,1.736,9,0.3,2,36,8.97,1.35,1.76,2.48,2.27,2.25,33,12,0,0,,2.54,3.67,8.86,6.92,6.71,19,81,0.785,0.654,4.906,743,4,128,0,nadir_tohumx2 genis_savurusx1 bilgi_filizix1 kivilcimx1 firtina_bilegix1 keskin_bicakx1,38,0,45,52,156,81,72,0,2,2,3,,0,0,0,0,0,0,0,0,0,0,0.741,86.022,4.044
16,Run50_KirilmaV1,Elektrik yolu,bahcivan,standart,105,ödülsüz eş,41,,,262,122,63,0,0,77,84,72,59,33,14,6029,6029,4500,0,0,1412,849,290,1417,1603,811,21066,55,6,56.1,1.563,1,1.248,1.802,9,0.3,2,36,9,1.31,1.53,1.78,1.94,2.4,51,21,7,7,13,2.21,3.37,5.19,6,8.24,19,81,0.694,0.519,4.856,751,3,131,0,nadir_tohumx2 genis_savurusx1 bilgi_filizix1 kivilcimx1 firtina_bilegix1 keskin_bicakx2,47,0,45,54,162,81,75,0,2,2,3,,0,0,0,0,0,0,0,0,0,0,0.519,133.978,5.822
16,Run50_KirilmaV1,Elektrik yolu,bahcivan,standart,105,ödülsüz eş,42,,,246,121,46,0,0,79,85,63,60,26,12,5070,11099,4500,0,0,1158,981,210,1210,1404,701,19719,57,6,60.05,1.563,1,1.248,1.802,9,0.35,2.111,36,8.94,1.2,1.62,1.86,1.93,2.25,45,34,15,0,0,0.67,4.47,6.24,5.17,9.52,19,81,0.708,0.506,4.701,775,9,140,0,nadir_tohumx2 genis_savurusx1 bilgi_filizix1 kivilcimx1 firtina_bilegix1 keskin_bicakx2,48,0,45,56,168,81,81,0,2,2,3,,0,0,0,0,0,0,0,0,0,0,0.543,112.667,5.467
16,Run50_KirilmaV1,Elektrik yolu,bahcivan,standart,105,ödülsüz eş,43,,,274,135,59,0,0,80,90,70,63,42,9,5860,16959,4500,0,0,1044,870,372,1054,954,878,22386,58,3,69.27,1.563,1,1.248,1.802,9,0.35,2.222,36,9,1.21,1.38,1.48,1.92,1.5,54,35,23,19,0,1.28,2.17,2.76,5.14,12.78,19,81,0.679,0.519,4.676,779,4,144,0,nadir_tohumx2 genis_savurusx1 bilgi_filizix1 kivilcimx1 firtina_bilegix1 keskin_bicakx2,50,0,45,57,171,81,87,0,2,2,3,,0,0,0,0,0,0,0,0,0,0,0.704,130.222,6.089
16,Run50_KirilmaV1,Elektrik yolu,bahcivan,standart,105,ödülsüz eş,44,,,273,156,36,0,0,81,93,66,60,40,14,7744,24703,4500,0,0,1210,945,336,1504,1459,1214,22130,60,6,69.27,1.563,1,1.209,1.868,9,0.35,2.222,37,9,1.19,1.54,1.65,1.78,2.1,65,31,14,14,0,1.04,2.76,4.25,5.3,7.61,19,81,0.697,0.568,4.562,799,3,147,0,nadir_tohumx2 genis_savurusx1 bilgi_filizix1 kivilcimx1 firtina_bilegix1 keskin_bicakx2,47,0,45,59,177,81,90,0,2,2,3,,0,0,0,0,0,0,0,0,0,0,0.765,172.089,6.067
16,Run50_KirilmaV1,Elektrik yolu,bahcivan,standart,105,ödülsüz eş,45,,,236,127,51,0,0,58,71,74,42,40,9,6086,30789,4500,6086,800,942,729,312,1146,1088,1286,19883,61,3,72.57,1.563,1,1.209,1.868,9,0.35,2.333,37,8.43,1.26,1.64,1.64,1.74,2,51,30,23,7,0,0.82,2.99,4.11,4.31,4.43,19,81,0.599,0.444,4.535,804,4,151,0,nadir_tohumx2 genis_savurusx1 bilgi_filizix1 kivilcimx1 firtina_bilegix1 keskin_bicakx2,39,0,45,60,180,81,96,0,2,2,3,,0,0,0,0,0,0,0,0,0,0,0.543,135.244,5.244
16,Run50_KirilmaV1,Elektrik yolu,bahcivan,standart,105,ödülsüz eş,46,,,283,151,38,0,0,94,92,98,56,31,6,4726,4726,6000,0,0,1458,717,234,1744,795,1520,22332,63,6,76.92,1.563,1.3,1.209,1.868,9,0.35,2.333,37,9,1.29,1.49,1.82,1.94,2.4,58,44,11,12,0,1.66,2.9,3.93,6.57,4.11,19,81,0.705,0.506,4.424,824,4,155,0,nadir_tohumx2 genis_savurusx1 bilgi_filizix1 kivilcimx1 firtina_bilegix1 keskin_bicakx2 yikim_gucux1,47,0,45,62,186,81,99,0,2,2,3,,0,0,0,0,0,0,0,0,0,0,0.716,105.022,6.289
16,Run50_KirilmaV1,Elektrik yolu,bahcivan,standart,105,ödülsüz eş,47,,,300,142,66,0,0,92,85,75,86,35,19,7645,12371,6000,0,0,1340,1620,282,1484,2415,1512,25880,64,3,83.44,1.563,1.3,1.209,1.868,9,0.35,2.444,37,8.95,1.33,1.32,1.7,1.92,2,55,48,27,18,8,1.56,2,3.3,6.14,3.83,19,81,0.685,0.432,4.395,829,2,157,0,nadir_tohumx2 genis_savurusx1 bilgi_filizix1 kivilcimx1 firtina_bilegix1 keskin_bicakx2 yikim_gucux1,59,0,45,63,189,81,105,0,2,2,3,,0,0,0,0,0,0,0,0,0,0,0.741,169.889,6.667
16,Run50_KirilmaV1,Elektrik yolu,bahcivan,standart,105,ödülsüz eş,48,,,310,159,45,0,0,106,92,77,79,46,16,8887,21258,6000,0,0,1815,1152,336,1989,1227,1848,26899,66,6,87.23,1.563,1.3,1.171,1.934,9,0.35,2.444,38,8.95,1.19,1.33,1.42,2.18,1.88,58,53,25,12,0,0.97,2.02,3.16,5.96,4.39,19,81,0.684,0.494,4.281,851,6,163,0,nadir_tohumx2 genis_savurusx1 bilgi_filizix1 kivilcimx1 firtina_bilegix1 keskin_bicakx2 yikim_gucux1,48,0,45,65,195,81,108,0,2,2,3,,0,0,0,0,0,0,0,0,0,0,0.617,197.489,6.889
16,Run50_KirilmaV1,Elektrik yolu,bahcivan,standart,105,ödülsüz eş,49,,,301,139,55,0,0,107,101,82,64,44,10,7414,28672,6000,0,0,1216,1095,324,1415,2309,352,25376,67,3,87.23,1.563,1.3,1.171,1.934,9,0.35,2.444,38,9,1.28,1.51,1.9,1.65,2,53,39,12,7,0,1.64,3.01,3.8,4.8,5.12,22,92,0.719,0.522,4.415,938,3,166,5,nadir_tohumx2 genis_savurusx1 bilgi_filizix1 kivilcimx1 firtina_bilegix1 keskin_bicakx2 yikim_gucux1,48,0,45,66,198,81,114,0,2,2,3,,0,0,0,0,0,0,0,0,0,0,0.587,164.756,6.689
16,Run50_KirilmaV1,Elektrik yolu,bahcivan,standart,105,ödülsüz eş,50,,,342,161,74,0,0,107,120,100,65,46,11,8102,36774,6000,0,0,1783,939,396,1913,1230,628,27332,68,3,91.02,1.563,1.3,1.171,2,9,0.367,2.444,38,8.97,1.22,1.43,1.67,1.63,2,61,55,21,13,0,1.31,2.18,4.54,2.9,8.21,28,121,0.743,0.372,4.509,1208,5,171,12,nadir_tohumx2 genis_savurusx1 bilgi_filizix1 kivilcimx1 firtina_bilegix1 keskin_bicakx2 yikim_gucux1,57,0,45,67,201,84,114,0,2,2,3,,0,0,0,0,0,0,0,0,0,0,0.686,180.044,7.6
16,Run50_KirilmaV1,Elektrik yolu,bahcivan,standart,105,ödülsüz eş,50,KAZANDI
16,Run50_KirilmaV1,Elektrik yolu,bahcivan,standart,105,LAB R15 A ödülsüz #1,15,,,38,38,0,0,0,0,28,6,4,0,0,86,86,150,86,30,114,16,0,194,16,0,1064,3,6,18.13,1,1,2.5,1.188,6,0.3,2,17,5.76,2.07,2.5,3.25,,,19,13,0,,,4.55,10,19.38,,,16,22,0.75,0.591,6.938,143,0,0,0,nadir_tohumx1 genis_savurusx1,9,0,45,2,6,0,0,0,0,0,15,,0,0,0,0,0,0,0,0,0,0,0.773,1.911,0.844
16,Run50_KirilmaV1,Elektrik yolu,bahcivan,standart,105,LAB R15 B +cifte_akim #1,15,,,42,38,0,0,0,4,32,8,2,0,0,76,76,150,76,30,136,8,0,216,8,0,1150,3,6,18.13,1,1,2.5,1.188,6,0.3,2,17,5.59,1.9,2.5,3,,,20,13,0,,,5.09,10.63,12.5,,,16,22,0.726,0.545,6.938,143,0,0,0,nadir_tohumx1 genis_savurusx1 cifte_akimx1,11,0,45,2,6,0,0,0,0,0,15,,4,4,0,7,3,0,0,0,0,0,0.773,1.689,0.933
16,Run50_KirilmaV1,Elektrik yolu,bahcivan,standart,105,LAB R15 A ödülsüz #2,15,,,36,33,0,0,0,3,21,12,3,0,0,87,87,150,87,30,123,12,0,203,12,0,1077,3,6,18.13,1,1,2.5,1.188,6,0.3,2,17,5.47,1.9,2.22,4,,,26,14,0,,,4.52,7.5,13.33,,,16,22,0.759,0.545,6.938,143,0,0,0,nadir_tohumx1 genis_savurusx1,10,0,45,2,6,0,0,0,0,0,15,,0,0,0,0,0,0,0,0,0,0,0.909,1.933,0.8
16,Run50_KirilmaV1,Elektrik yolu,bahcivan,standart,105,LAB R15 B +cifte_akim #2,15,,,37,33,0,0,0,4,24,10,3,0,0,84,84,150,84,30,122,12,0,202,12,0,1071,3,6,18.13,1,1,2.5,1.188,6,0.3,2,17,5.47,1.87,2.38,1,,,29,0,33,0,,4.67,10,0,,,16,22,0.757,0.591,6.938,143,0,0,0,nadir_tohumx1 genis_savurusx1 cifte_akimx1,10,0,45,2,6,0,0,0,0,0,15,,6,6,0,9,1,0,0,0,0,0,0.818,1.867,0.822
16,Run50_KirilmaV1,Elektrik yolu,bahcivan,standart,105,LAB R15 A ödülsüz #3,15,,,39,35,0,0,0,4,31,6,1,1,0,89,89,150,89,30,123,4,2,203,4,2,1055,3,6,18.13,1,1,2.5,1.188,6,0.3,2,17,5.47,1.93,2.33,3,3,,25,0,0,0,,4.72,5.83,15,20,,16,22,0.741,0.545,6.938,143,0,0,0,nadir_tohumx1 genis_savurusx1,10,0,45,2,6,0,0,0,0,0,15,,0,0,0,0,0,0,0,0,0,0,0.818,1.978,0.867
16,Run50_KirilmaV1,Elektrik yolu,bahcivan,standart,105,LAB R15 B +cifte_akim #3,15,,,40,37,0,0,0,3,32,3,5,0,0,91,91,150,91,30,111,20,0,191,20,0,1106,3,6,18.13,1,1,2.5,1.188,6,0.3,2,17,5.41,1.9,2.67,1.75,,,33,0,0,0,,5.42,5.83,5.63,,,16,22,0.731,0.5,6.938,143,0,0,0,nadir_tohumx1 genis_savurusx1 cifte_akimx1,11,0,45,2,6,0,0,0,0,0,15,,4,4,0,8,1,0,0,0,0,0,0.864,2.022,0.889
16,Run50_KirilmaV1,Elektrik yolu,bahcivan,standart,105,LAB R25 A ödülsüz #1,25,,,74,38,13,0,0,23,47,14,10,3,0,332,332,300,332,65,225,50,6,305,50,6,4098,9,24,25.51,1,1,2.16,1.373,6,0.3,2,20,6,1.64,2.5,2.43,1,,38,5,10,50,,3.83,7.56,8.33,0,,23,49,0.822,0.592,5.833,378,0,0,0,nadir_tohumx1 genis_savurusx1 bilgi_filizix1 kivilcimx1,20,0,45,8,24,0,0,0,0,0,25,,0,0,0,0,0,0,0,0,0,0,0.816,7.378,1.644
16,Run50_KirilmaV1,Elektrik yolu,bahcivan,standart,105,LAB R25 B +cifte_akim #1,25,,,76,40,8,0,0,28,49,12,8,7,0,466,466,300,466,65,219,40,14,299,40,14,4378,10,27,25.51,1,1,2.16,1.373,6,0.3,2,20,6,1.65,1.8,2,1.67,,30,21,30,25,0,4.24,5.18,7.21,3.6,,23,49,0.811,0.633,5.833,378,0,0,0,nadir_tohumx1 genis_savurusx1 bilgi_filizix1 kivilcimx1 cifte_akimx1,19,0,45,9,27,0,0,0,0,0,25,,21,21,0,27,6,0,0,0,0,0,0.918,10.356,1.689
16,Run50_KirilmaV1,Elektrik yolu,bahcivan,standart,105,LAB R25 sinerji A ödülsüz #1,25,,,97,39,0,0,0,58,55,28,11,3,0,359,359,300,359,65,333,55,6,413,55,6,5060,11,30,25.51,1,2.197,2.16,1.373,6,0.3,2,20,6,1.52,1.73,1.83,4,,30,25,0,0,0,4.11,5.3,1.81,12.97,,23,49,0.744,0.531,6.4,345,0,0,0,nadir_tohumx1 genis_savurusx1 bilgi_filizix1 kivilcimx3 yikim_gucux3,23,0,45,10,30,0,0,0,0,0,25,,0,0,0,0,0,0,0,0,0,0,0.531,7.978,2.156
16,Run50_KirilmaV1,Elektrik yolu,bahcivan,standart,105,LAB R25 sinerji B +cifte_akim #1,25,,,96,28,0,0,0,68,57,26,10,2,1,422,422,300,422,65,372,50,4,452,50,4,4960,11,30,25.51,1,2.197,2.16,1.373,6,0.3,2,20,6,1.57,2,2.8,2,,24,23,6,0,,4.48,5.95,11.67,8.67,,23,49,0.741,0.449,6.4,345,0,0,0,nadir_tohumx1 genis_savurusx1 bilgi_filizix1 kivilcimx3 cifte_akimx1 yikim_gucux3,27,0,45,10,30,0,0,0,0,0,25,,28,28,0,31,23,0,0,0,0,0,0.816,9.378,2.133
16,Run50_KirilmaV1,Elektrik yolu,bahcivan,standart,105,LAB R25 A ödülsüz #2,25,,,70,38,13,0,0,19,47,14,7,2,0,253,253,300,253,65,225,35,4,305,35,4,3773,9,24,25.51,1,1,2.16,1.373,6,0.3,2,20,6,1.84,2.29,1.6,2,,25,17,20,0,,4.15,8.03,3.03,10.8,,23,49,0.832,0.633,5.833,378,0,0,0,nadir_tohumx1 genis_savurusx1 bilgi_filizix1 kivilcimx1,18,0,45,8,24,0,0,0,0,0,25,,0,0,0,0,0,0,0,0,0,0,0.776,5.622,1.556
16,Run50_KirilmaV1,Elektrik yolu,bahcivan,standart,105,LAB R25 B +cifte_akim #2,25,,,75,33,18,0,0,24,42,18,14,1,0,302,302,300,302,65,234,70,2,314,70,2,4366,10,27,25.51,1,1,2.16,1.373,6,0.3,2,20,6,1.84,1.89,2,,,37,38,42,0,0,4.32,3.84,9.07,,,23,49,0.833,0.469,5.833,378,0,0,0,nadir_tohumx1 genis_savurusx1 bilgi_filizix1 kivilcimx1 cifte_akimx1,27,0,45,9,27,0,0,0,0,0,25,,18,18,0,26,8,0,0,0,0,0,0.653,6.711,1.667
16,Run50_KirilmaV1,Elektrik yolu,bahcivan,standart,105,LAB R25 sinerji A ödülsüz #2,25,,,94,40,0,0,0,54,62,19,9,4,0,350,350,300,350,65,300,45,8,380,45,8,4740,10,27,25.51,1,2.197,2.16,1.373,6,0.3,2,20,6,1.46,1.71,1,2.33,,37,37,14,0,,3.7,7.1,0,7.2,,23,49,0.737,0.531,6.4,345,0,0,0,nadir_tohumx1 genis_savurusx1 bilgi_filizix1 kivilcimx3 yikim_gucux3,23,0,45,9,27,0,0,0,0,0,25,,0,0,0,0,0,0,0,0,0,0,0.776,7.778,2.089
16,Run50_KirilmaV1,Elektrik yolu,bahcivan,standart,105,LAB R25 sinerji B +cifte_akim #2,25,,,106,28,0,0,0,78,72,18,16,0,0,302,302,300,302,65,324,80,0,404,80,0,5240,11,30,25.51,1,2.197,2.16,1.373,6,0.3,2,20,5.95,2.05,1.67,1.33,,,22,24,20,,,7.05,4.32,2.15,,,23,49,0.709,0.306,6.4,345,0,0,0,nadir_tohumx1 genis_savurusx1 bilgi_filizix1 kivilcimx3 cifte_akimx1 yikim_gucux3,34,0,45,10,30,0,0,0,0,0,25,,28,28,0,36,30,0,0,0,0,0,0.796,6.711,2.356
16,Run50_KirilmaV1,Elektrik yolu,bahcivan,standart,105,LAB R25 A ödülsüz #3,25,,,65,38,9,0,0,18,37,11,11,5,1,576,576,300,576,65,177,55,20,257,55,20,3879,9,24,25.51,1,1,2.16,1.373,6,0.3,2,20,6,1.81,1.86,3,3,3,32,18,9,0,0,4.73,7.72,9.72,11.67,12.97,23,49,0.847,0.592,5.833,378,0,0,0,nadir_tohumx1 genis_savurusx1 bilgi_filizix1 kivilcimx1,20,0,45,8,24,0,0,0,0,0,25,,0,0,0,0,0,0,0,0,0,0,0.755,12.8,1.444
16,Run50_KirilmaV1,Elektrik yolu,bahcivan,standart,105,LAB R25 B +cifte_akim #3,25,,,65,34,2,0,0,29,41,13,7,3,1,396,396,300,396,65,246,35,6,326,35,6,3670,8,21,25.51,1,1,2.16,1.373,6,0.3,2,20,6,1.73,1.8,2.4,2,3,29,14,9,0,0,4.32,6.49,8.65,28.07,15.13,23,49,0.838,0.612,5.833,378,0,0,0,nadir_tohumx1 genis_savurusx1 bilgi_filizix1 kivilcimx1 cifte_akimx1,20,0,45,7,21,0,0,0,0,0,25,,18,18,0,25,9,0,0,0,0,0,0.939,8.8,1.444
16,Run50_KirilmaV1,Elektrik yolu,bahcivan,standart,105,LAB R25 sinerji A ödülsüz #3,25,,,111,41,0,0,0,70,74,19,11,5,2,639,639,300,639,65,381,55,20,461,55,20,5720,12,33,25.51,1,2.197,2.16,1.373,6,0.3,2,20,5.95,1.39,2.25,2.33,2.33,,37,14,17,0,0,1.78,12.43,9.37,10.8,,23,49,0.701,0.367,6.4,345,0,0,0,nadir_tohumx1 genis_savurusx1 bilgi_filizix1 kivilcimx3 yikim_gucux3,31,0,45,11,33,0,0,0,0,0,25,,0,0,0,0,0,0,0,0,0,0,0.633,14.2,2.467
16,Run50_KirilmaV1,Elektrik yolu,bahcivan,standart,105,LAB R25 sinerji B +cifte_akim #3,25,,,126,33,0,0,0,93,75,33,12,5,1,582,582,300,582,65,468,60,10,548,60,10,6560,13,36,25.51,1,2.197,2.16,1.373,6,0.3,2,20,5.95,1.45,1.82,1.5,,,28,21,11,50,0,3.67,5.11,3.25,,,23,49,0.68,0.347,6.4,345,0,0,0,nadir_tohumx1 genis_savurusx1 bilgi_filizix1 kivilcimx3 cifte_akimx1 yikim_gucux3,32,0,45,12,36,0,0,0,0,0,25,,33,33,0,46,30,0,0,0,0,0,0.347,12.933,2.8
16,Run50_KirilmaV1,Elektrik yolu,bahcivan,standart,105,LAB R40 A ödülsüz #1,40,,,210,115,32,0,0,63,72,62,45,22,9,3890,3890,2800,3890,500,1082,755,132,1162,755,132,15616,21,60,56.1,1.25,1,1.248,1.736,9,0.3,2,36,8.94,1.31,1.66,2.16,2.29,2,57,37,22,13,44,1.81,4.24,5.98,7.4,7.99,19,81,0.757,0.358,4.906,743,0,0,0,nadir_tohumx2 genis_savurusx1 bilgi_filizix1 kivilcimx1 firtina_bilegix1 keskin_bicakx1,63,0,45,20,60,0,0,0,0,0,40,,0,0,0,0,0,0,0,0,0,0,0.741,86.444,4.667
16,Run50_KirilmaV1,Elektrik yolu,bahcivan,standart,105,LAB R40 B +cifte_akim #1,40,,,226,102,24,0,0,100,78,70,46,23,9,5546,5546,2800,5546,500,996,681,230,1076,681,230,16475,21,60,56.1,1.25,1,1.248,1.736,9,0.3,2,36,8.86,1.45,1.67,2.3,2,1.67,45,36,18,20,10,3.06,3.7,6.51,6.01,1.24,19,81,0.728,0.235,4.906,743,0,0,0,nadir_tohumx2 genis_savurusx1 bilgi_filizix1 kivilcimx1 firtina_bilegix1 keskin_bicakx1 cifte_akimx1,70,0,45,20,60,0,0,0,0,0,40,,63,63,0,122,35,0,0,0,0,0,0.79,123.244,5.022
16,Run50_KirilmaV1,Elektrik yolu,bahcivan,standart,105,LAB R40 A ödülsüz #2,40,,,226,121,42,0,0,63,83,56,50,31,6,4628,4628,2800,4628,500,970,698,209,1050,698,209,16688,22,63,56.1,1.25,1,1.248,1.736,9,0.3,2,36,9,1.43,1.61,1.65,1.86,2.67,53,43,28,35,0,2.17,6.24,5.42,4.71,13.3,19,81,0.734,0.395,4.906,743,0,0,0,nadir_tohumx2 genis_savurusx1 bilgi_filizix1 kivilcimx1 firtina_bilegix1 keskin_bicakx1,57,0,45,21,63,0,0,0,0,0,40,,0,0,0,0,0,0,0,0,0,0,0.704,102.844,5.022
16,Run50_KirilmaV1,Elektrik yolu,bahcivan,standart,105,LAB R40 B +cifte_akim #2,40,,,255,119,44,0,0,92,101,54,61,33,6,4569,4569,2800,4569,500,1026,799,244,1106,799,244,18573,23,66,56.1,1.25,1,1.248,1.736,9,0.3,2,36,8.97,1.33,1.48,1.93,2.44,3,49,50,31,17,0,1.61,2.76,4.95,7.02,12.48,19,81,0.707,0.383,4.906,743,0,0,0,nadir_tohumx2 genis_savurusx1 bilgi_filizix1 kivilcimx1 firtina_bilegix1 keskin_bicakx1 cifte_akimx1,63,0,45,22,66,0,0,0,0,0,40,,74,72,2,102,33,0,0,0,0,0,0.63,101.533,5.667
16,Run50_KirilmaV1,Elektrik yolu,bahcivan,standart,105,LAB R40 A ödülsüz #3,40,,,229,124,31,0,0,74,79,71,47,26,6,3695,3695,2800,3695,500,1132,662,156,1212,662,156,16565,22,63,56.1,1.25,1,1.248,1.736,9,0.3,2,36,8.97,1.43,1.38,1.93,2.64,1,45,42,20,24,50,2.33,2.84,5.37,6.92,0,19,81,0.733,0.395,4.906,743,0,0,0,nadir_tohumx2 genis_savurusx1 bilgi_filizix1 kivilcimx1 firtina_bilegix1 keskin_bicakx1,62,0,45,21,63,0,0,0,0,0,40,,0,0,0,0,0,0,0,0,0,0,0.84,82.111,5.089
16,Run50_KirilmaV1,Elektrik yolu,bahcivan,standart,105,LAB R40 B +cifte_akim #3,40,,,264,117,47,0,0,100,100,74,51,30,9,5262,5262,2800,5262,500,1112,839,226,1192,839,226,18901,23,66,56.1,1.25,1,1.248,1.736,9,0.3,2,36,8.97,1.31,1.85,1.71,2.58,1,61,29,22,8,67,1.59,4.09,3.57,11.13,0,19,81,0.69,0.259,4.906,743,0,0,0,nadir_tohumx2 genis_savurusx1 bilgi_filizix1 kivilcimx1 firtina_bilegix1 keskin_bicakx1 cifte_akimx1,69,0,45,22,66,0,0,0,0,0,40,,70,69,1,115,38,0,0,0,0,0,0.642,116.933,5.867
17,Run50_KirilmaV1,Elektrik yolu,bahcivan,standart,106,ödülsüz eş,1,,,14,14,0,0,0,0,12,2,0,0,0,18,18,45,0,0,32,0,0,32,0,0,300,1,0,10,1,1,3,0.9,4,0.3,2,14,1.93,1.67,3,,,,38,0,,,,2,6,,,,2,4,0.315,0,8,23,0,0,2,,3,0.19,45,0,0,0,0,0,0,0,0,,0,0,0,0,0,0,0,0,0,0,0.5,0.4,0.311
17,Run50_KirilmaV1,Elektrik yolu,bahcivan,standart,106,ödülsüz eş,2,,,14,14,0,0,0,0,12,0,1,1,0,52,70,45,0,0,24,4,2,24,4,2,330,2,3,11.33,1,1,3,0.9,4,0.3,2,14,2.21,1.83,,3,5,,8,,0,0,,3.5,,6,24,,3,5,0.473,0.2,8,28,2,2,1,,3,0,45,1,3,0,0,0,0,0,0,,0,0,0,0,0,0,0,0,0,0,0.6,1.156,0.311
17,Run50_KirilmaV1,Elektrik yolu,bahcivan,standart,106,ödülsüz eş,3,,,17,17,0,0,0,0,14,2,1,0,0,30,100,45,0,0,36,4,0,40,8,2,380,3,3,11.33,1,1,3,0.9,4,0.3,2,14,2.93,2.07,3,3,,,21,0,0,,,4.29,10.5,9,,,4,6,0.511,0,8,34,0,2,1,,5,0.044,45,2,6,3,0,0,2,2,3,,0,0,0,0,0,0,0,0,0,0,0.667,0.667,0.378
17,Run50_KirilmaV1,Elektrik yolu,bahcivan,standart,106,ödülsüz eş,4,,,17,17,0,0,0,0,12,1,4,0,0,55,155,45,0,0,28,16,0,28,24,2,470,4,3,11.33,1,1,3,0.9,4,0.3,2,14,3.43,2.08,2,3.75,,,6,0,0,,,6.25,3,12.75,,,5,8,0.606,0.25,7.554,48,0,2,1,,4,0,45,3,9,6,0,0,2,2,3,,0,0,0,0,0,0,0,0,0,0,1,1.222,0.378
17,Run50_KirilmaV1,Elektrik yolu,bahcivan,standart,106,ödülsüz eş,5,,,14,14,0,0,0,0,12,1,0,1,0,45,200,45,45,8,28,0,2,28,24,4,348,5,3,12,1,1,2.892,0.9,4,0.3,2,15,2.67,1.83,4,,5,,0,0,,0,,4.58,14.47,,23.14,,5,8,0.562,0.25,6.767,53,4,6,0,,5,0,45,4,12,9,0,0,2,2,3,,0,0,0,0,0,0,0,0,0,0,0.625,1,0.311
17,Run50_KirilmaV1,Elektrik yolu,bahcivan,standart,106,ödülsüz eş,6,,,20,18,0,0,0,2,12,8,0,0,0,36,36,110,0,0,56,0,0,78,24,4,552,6,3,12,1,1,2.892,0.9,4,0.3,2,15,3.47,2.3,2.75,,,,0,0,,,,7.81,9.05,,,,5,8,0.728,0.25,5.724,63,1,7,0,bereketli_toprakx1,6,0,45,5,15,9,3,0,2,2,3,,0,0,0,0,0,0,0,0,0,0,0.625,0.8,0.444
17,Run50_KirilmaV1,Elektrik yolu,bahcivan,standart,106,ödülsüz eş,7,,,21,20,0,0,0,1,15,5,1,0,0,40,76,110,0,0,50,4,0,51,28,4,563,7,3,13.33,1,1,2.789,0.9,4,0.3,2,16,3.44,2.07,2.8,3,,,7,0,0,,,5.58,8.92,5.57,,,5,8,0.709,0.25,5.377,67,6,13,0,bereketli_toprakx1,6,0,45,6,18,9,6,0,2,2,3,,0,0,0,0,0,0,0,0,0,0,0.5,0.889,0.467
17,Run50_KirilmaV1,Elektrik yolu,bahcivan,standart,106,ödülsüz eş,8,,,20,19,0,0,0,1,11,6,3,0,0,59,135,110,0,0,52,12,0,72,40,4,604,8,3,13.33,1,1,2.789,0.9,4,0.3,2,16,3.31,2.27,2.8,2.67,,,0,0,0,,,6.34,10.04,10.23,,,6,9,0.734,0.333,5.56,73,1,14,1,bereketli_toprakx1,4,0,45,7,21,12,6,0,2,2,3,,0,0,0,0,0,0,0,0,0,0,0.556,1.311,0.444
17,Run50_KirilmaV1,Elektrik yolu,bahcivan,standart,106,ödülsüz eş,9,,,23,22,0,0,0,1,19,1,2,1,0,72,207,110,0,0,43,8,2,51,48,6,622,9,3,14,1,1,2.689,0.9,4,0.3,2,16,3.25,1.89,3,2,5,,16,0,0,0,,5.08,5.37,4.03,18.8,,6,9,0.702,0.333,5.423,75,4,18,0,bereketli_toprakx1,6,0,45,8,24,15,6,0,2,2,3,,0,0,0,0,0,0,0,0,0,0,0.556,1.6,0.511
17,Run50_KirilmaV1,Elektrik yolu,bahcivan,standart,106,ödülsüz eş,10,,,21,20,0,0,0,1,15,5,1,0,0,40,247,110,40,16,55,4,0,59,52,6,576,10,3,14.67,1,1,2.689,0.9,4,0.3,2,16,3.5,2.07,3.2,,,,8,0,0,,,6.27,8.59,,,,7,10,0.765,0.4,5.55,81,2,20,1,bereketli_toprakx1,5,0,45,9,27,18,6,0,2,2,3,,0,0,0,0,0,0,0,0,0,0,0.7,0.889,0.467
17,Run50_KirilmaV1,Elektrik yolu,bahcivan,standart,106,ödülsüz eş,11,,,24,22,0,0,0,2,18,6,0,0,0,36,36,150,0,0,84,0,0,90,52,6,625,11,3,15.64,1,1.3,2.592,0.9,4,0.3,2,17,3.29,2.12,2.4,,,,0,0,0,,,6.11,6.74,,,,7,10,0.721,0.4,5.55,81,3,23,0,bereketli_toprakx1 yikim_gucux1,5,0,45,10,30,21,6,0,2,2,3,,0,0,0,0,0,0,0,0,0,0,0.8,0.8,0.533
17,Run50_KirilmaV1,Elektrik yolu,bahcivan,standart,106,ödülsüz eş,12,,,25,22,0,0,0,3,17,4,3,1,0,89,125,150,0,0,71,12,2,76,34,8,775,12,3,17.38,1,1.3,2.5,0.9,4,0.3,2,17,3.18,1.81,2.5,1,4,,17,0,,0,,3.28,9.38,0,12.5,,7,10,0.71,0.3,5.415,83,6,29,0,bereketli_toprakx1 yikim_gucux1,7,0,45,11,33,24,6,0,2,2,3,,0,0,0,0,0,0,0,0,0,0,0.9,1.978,0.556
17,Run50_KirilmaV1,Elektrik yolu,bahcivan,standart,106,ödülsüz eş,13,,,29,28,0,0,0,1,23,4,2,0,0,55,180,150,0,0,89,8,0,100,42,8,847,13,3,18.13,1,1.3,2.5,0.9,4,0.3,2,17,3.53,1.86,2.25,2.5,,,17,0,0,,,4.55,6.88,12.5,,,8,11,0.707,0.455,5.507,90,3,32,1,bereketli_toprakx1 yikim_gucux1,8,0,45,12,36,27,6,0,2,2,3,,0,0,0,0,0,0,0,0,0,0,0.727,1.222,0.644
17,Run50_KirilmaV1,Elektrik yolu,bahcivan,standart,106,ödülsüz eş,14,,,32,27,0,0,0,5,25,6,1,0,0,53,233,150,0,0,111,4,0,122,46,8,1030,14,3,18.13,1,1.3,2.41,0.9,4,0.3,2,18,3.44,1.71,2.83,,,,23,0,,,,2.53,12.46,,,,9,13,0.732,0.462,5.443,107,3,35,1,bereketli_toprakx1 yikim_gucux1,8,0,45,13,39,30,6,0,2,2,3,,0,0,0,0,0,0,0,0,0,0,0.692,1.178,0.711
17,Run50_KirilmaV1,Elektrik yolu,bahcivan,standart,106,ödülsüz eş,15,,,24,20,0,0,0,4,16,4,4,0,0,68,301,150,68,30,72,16,0,94,37,8,867,15,3,18.13,1,1.3,2.41,0.9,4,0.3,2,18,3.11,1.69,2,3.75,,,19,0,0,,,5.19,8.05,15.07,,,10,14,0.672,0.429,5.499,115,2,37,1,bereketli_toprakx1 yikim_gucux1,7,0,45,14,42,33,6,0,2,2,3,,0,0,0,0,0,0,0,0,0,0,0.714,1.511,0.533
17,Run50_KirilmaV1,Elektrik yolu,bahcivan,standart,106,ödülsüz eş,16,,,29,25,0,0,0,4,22,6,1,0,0,52,52,220,0,0,102,4,0,104,41,8,1051,16,3,19.2,1,1.69,2.41,0.9,4,0.3,2,18,3.56,1.95,2.33,,,,10,0,0,,,5.71,9.65,,,,11,16,0.782,0.563,5.546,130,2,39,1,bereketli_toprakx1 yikim_gucux2,8,0,45,15,45,36,6,0,2,2,3,,0,0,0,0,0,0,0,0,0,0,1,1.156,0.644
17,Run50_KirilmaV1,Elektrik yolu,bahcivan,standart,106,ödülsüz eş,17,,,30,25,0,0,0,5,20,8,2,0,0,66,118,220,0,0,108,8,0,112,49,8,1061,17,3,19.2,1,1.69,2.324,0.9,4,0.3,2,19,3.47,1.94,2.33,2.5,,,0,14,0,,,5.87,7.75,6.98,,,12,17,0.818,0.588,5.447,140,4,43,1,bereketli_toprakx1 yikim_gucux2,7,0,45,16,48,39,6,0,2,2,3,,0,0,0,0,0,0,0,0,0,0,0.765,1.467,0.667
17,Run50_KirilmaV1,Elektrik yolu,bahcivan,standart,106,ödülsüz eş,18,,,32,28,0,0,0,4,23,8,1,0,0,57,175,220,0,0,117,4,0,124,53,8,1258,18,3,20.27,1,1.69,2.324,0.935,4,0.3,2,19,3.68,2.05,2.43,1,,,5,0,0,,,6.74,11.28,0,,,13,18,0.812,0.667,5.479,148,3,46,1,bereketli_toprakx1 yikim_gucux2,7,0,45,17,51,42,6,0,2,2,3,,0,0,0,0,0,0,0,0,0,0,0.667,1.267,0.711
17,Run50_KirilmaV1,Elektrik yolu,bahcivan,standart,106,ödülsüz eş,19,,,25,22,0,0,0,3,16,6,3,0,0,69,244,220,0,0,84,15,0,92,43,8,940,19,3,20.27,1,1.69,2.24,0.935,4,0.3,2,20,3.9,2.07,2.2,3,,,6,0,0,,,8.22,8.96,28,,,15,23,0.856,0.522,5.27,196,4,50,2,bereketli_toprakx1 yikim_gucux2,7,0,45,18,54,45,6,0,2,2,3,,0,0,0,0,0,0,0,0,0,0,0.913,1.533,0.556
17,Run50_KirilmaV1,Elektrik yolu,bahcivan,standart,106,ödülsüz eş,20,,,30,25,0,0,0,5,15,10,5,0,0,95,339,220,95,45,105,25,0,112,68,8,1335,20,3,20.27,1,1.69,2.16,0.97,4,0.3,2,20,3.95,1.92,2,2.2,,,5,14,0,,,8.64,6.48,13.82,,,15,23,0.868,0.696,5.141,201,4,54,0,bereketli_toprakx1 yikim_gucux2,9,0,45,19,57,48,6,0,2,2,3,,0,0,0,0,0,0,0,0,0,0,0.913,2.111,0.667
17,Run50_KirilmaV1,Elektrik yolu,bahcivan,standart,106,ödülsüz eş,21,,,36,27,0,0,0,9,25,7,4,0,0,88,88,300,0,0,117,20,0,129,63,8,1547,21,3,20.27,1,2.197,2.16,0.97,4,0.3,2,20,4,1.74,1.4,2.33,,,10,0,0,0,,7.16,6.48,11.52,,,17,28,0.862,0.679,5.065,249,4,58,2,bereketli_toprakx1 yikim_gucux3,10,0,45,20,60,49,8,0,2,2,3,,0,0,0,0,0,0,0,0,0,0,0.893,1.956,0.8
17,Run50_KirilmaV1,Elektrik yolu,bahcivan,standart,106,ödülsüz eş,22,,,34,26,4,0,0,4,14,13,5,2,0,197,285,300,0,0,120,25,4,209,63,12,1696,22,3,20.27,1,2.197,2.16,0.97,4,0.3,2,20,4,1.55,2.13,1.8,2.5,,0,0,0,0,,8.25,13.77,5.19,21.6,,20,34,0.882,0.735,5.091,301,0,58,3,bereketli_toprakx1 yikim_gucux3,8,0,45,21,63,49,11,0,2,2,3,,0,0,0,0,0,0,0,0,0,0,1,4.378,0.756
17,Run50_KirilmaV1,Elektrik yolu,bahcivan,standart,106,ödülsüz eş,23,,,31,28,3,0,0,0,18,8,4,1,0,127,412,300,0,0,102,20,2,151,58,14,1451,23,3,23.08,1,2.197,2.16,0.97,4,0.3,2,20,4,1.87,1.88,1.5,1,,5,0,0,0,,10.08,10.52,4.32,0,,22,40,0.911,0.8,5.062,356,1,59,2,bereketli_toprakx1 yikim_gucux3,8,0,45,22,66,49,14,0,2,2,3,,0,0,0,0,0,0,0,0,0,0,0.95,2.822,0.689
17,Run50_KirilmaV1,Elektrik yolu,bahcivan,standart,106,ödülsüz eş,24,,,52,38,1,0,0,13,38,7,6,1,0,184,596,300,0,0,156,30,2,157,63,16,4309,25,6,24.3,1,2.197,2.16,1.04,6,0.3,2,20,6,1.61,2.25,2.6,5,,6,0,0,0,0,4.55,12.42,4.75,12.93,,21,41,0.863,0.707,5.044,366,4,63,2,bereketli_toprakx1 yikim_gucux3,13,0,45,24,72,49,17,0,2,2,3,,0,0,0,0,0,0,0,0,0,0,0.951,4.089,1.156
17,Run50_KirilmaV1,Elektrik yolu,bahcivan,standart,106,ödülsüz eş,25,,,56,42,2,0,0,12,31,11,7,5,2,612,1208,300,612,65,159,86,10,241,89,26,3043,27,6,24.3,1,2.197,2.16,1.075,6,0.3,2,20,5.75,1.64,1.44,2,2.33,2.5,19,11,0,0,,6.68,3.84,7.92,15.12,20.52,21,42,0.764,0.571,5.044,375,3,66,2,bereketli_toprakx1 yikim_gucux3,13,0,45,26,78,49,23,0,2,2,3,,0,0,0,0,0,0,0,0,0,0,0.857,13.6,1.244
17,Run50_KirilmaV1,Elektrik yolu,bahcivan,standart,106,ödülsüz eş,26,,,89,48,12,0,0,29,54,21,12,1,1,394,394,500,0,0,288,94,2,319,113,28,4392,28,3,24.3,1,2.197,1.512,1.075,6,0.3,2,29,5.93,1.94,2.89,2.6,,4,5,5,0,0,0,4.3,7.89,6.05,,21.17,20,45,0.804,0.533,4.894,414,2,68,2,bereketli_toprakx1 yikim_gucux3 firtina_bilegix1,23,0,45,27,81,49,29,0,2,2,3,,0,0,0,0,0,0,0,0,0,0,0.844,8.756,1.978
17,Run50_KirilmaV1,Elektrik yolu,bahcivan,standart,106,ödülsüz eş,27,,,83,49,0,0,0,34,47,22,10,4,0,473,867,500,0,0,273,60,8,397,123,36,6272,31,9,25.51,1,2.197,1.512,1.075,6,0.3,2,29,6,1.97,3,2.6,2,,6,5,0,0,0,5.14,10.96,5.75,7.57,,20,49,0.822,0.571,4.827,457,2,70,4,bereketli_toprakx1 yikim_gucux3 firtina_bilegix1,22,0,45,30,90,49,32,0,2,2,3,,0,0,0,0,0,0,0,0,0,0,0.796,10.511,1.844
17,Run50_KirilmaV1,Elektrik yolu,bahcivan,standart,106,ödülsüz eş,28,,,92,54,3,0,0,35,44,34,9,4,1,562,1429,500,0,0,381,54,8,438,177,44,7367,33,6,28.62,1,2.197,1.512,1.075,6,0.3,2,29,6,1.79,2.32,2.6,2,,10,0,0,0,,3.34,7.56,10.88,3,,20,49,0.821,0.612,4.793,460,2,72,0,bereketli_toprakx1 yikim_gucux3 firtina_bilegix1,21,0,45,32,96,49,41,0,2,2,3,,0,0,0,0,0,0,0,0,0,0,0.878,12.489,2.044
17,Run50_KirilmaV1,Elektrik yolu,bahcivan,standart,106,ödülsüz eş,29,,,120,61,14,0,0,45,62,35,19,4,0,690,2119,500,0,0,396,114,8,429,303,32,8088,35,6,33.24,1,2.197,1.464,1.075,6,0.3,2,30,6,1.88,2,2,2.33,,16,11,7,0,,4.05,5.55,7.91,8.79,,18,49,0.761,0.551,4.721,467,3,75,1,bereketli_toprakx1 yikim_gucux3 firtina_bilegix1,27,0,45,34,102,49,47,0,2,2,3,,0,0,0,0,0,0,0,0,0,0,0.755,15.333,2.667
17,Run50_KirilmaV1,Elektrik yolu,bahcivan,standart,106,ödülsüz eş,30,,,106,60,0,0,0,46,52,33,16,5,0,815,2934,500,815,100,354,96,15,403,144,47,8127,37,6,33.24,1,2.197,1.418,1.145,6,0.3,2,31,6,1.92,2.18,2.6,2.75,,17,0,0,0,0,4.19,5.41,8.51,7.09,,18,49,0.797,0.49,4.595,480,6,81,0,bereketli_toprakx1 yikim_gucux3 firtina_bilegix1,26,0,45,36,108,49,53,0,2,2,3,,0,0,0,0,0,0,0,0,0,0,0.816,18.111,2.356
17,Run50_KirilmaV1,Elektrik yolu,bahcivan,standart,106,ödülsüz eş,31,,,127,80,0,0,0,47,65,33,18,7,4,1884,1884,1200,0,0,438,131,43,541,287,70,11019,39,6,34.76,1.25,2.197,1.418,1.145,6,0.3,2,31,6,1.56,2.09,1.83,3,1,31,4,10,0,0,3.19,6.35,6.38,12.77,0,17,49,0.773,0.571,4.6,479,2,83,1,bereketli_toprakx1 yikim_gucux3 firtina_bilegix1 keskin_bicakx1,28,0,45,38,114,49,59,0,2,2,3,,0,0,0,0,0,0,0,0,0,0,0.694,41.867,2.822
17,Run50_KirilmaV1,Elektrik yolu,bahcivan,standart,106,ödülsüz eş,32,,,152,83,10,0,0,59,72,36,22,16,6,2526,4410,1200,0,0,528,204,72,549,220,102,13744,41,6,39.82,1.25,2.197,1.418,1.145,6,0.3,2,31,6,1.38,1.7,1.88,2.8,1.67,53,19,29,0,0,1.96,3.76,5.85,7.51,5.2,14,49,0.716,0.449,4.448,496,6,89,2,bereketli_toprakx1 yikim_gucux3 firtina_bilegix1 keskin_bicakx1,31,0,45,40,120,49,65,0,2,2,3,,0,0,0,0,0,0,0,0,0,0,0.735,56.133,3.378
17,Run50_KirilmaV1,Elektrik yolu,bahcivan,standart,106,ödülsüz eş,33,,,126,72,3,0,0,51,49,29,27,17,4,2374,6784,1200,0,0,417,214,63,456,458,125,15127,44,9,39.82,1.25,2.197,1.374,1.145,6,0.3,2,32,6,1.37,2.06,2.47,2.73,1,50,15,0,0,0,2.03,4.42,4.21,6.25,0,10,49,0.779,0.551,4.088,539,2,91,2,bereketli_toprakx1 yikim_gucux3 firtina_bilegix1 keskin_bicakx1,27,0,45,43,129,49,71,0,2,2,3,,0,0,0,0,0,0,0,0,0,0,0.673,52.756,2.8
17,Run50_KirilmaV1,Elektrik yolu,bahcivan,standart,106,ödülsüz eş,34,,,133,77,7,0,0,49,41,45,21,19,7,3116,9900,1200,0,0,441,247,81,607,445,106,15780,46,6,43.38,1.25,2.197,1.374,1.145,6,0.3,2,32,6,1.41,2.04,1.9,2.63,2,48,6,12,0,0,1.89,4.56,4.95,10.3,12.35,11,50,0.772,0.48,4.064,554,3,94,1,bereketli_toprakx1 yikim_gucux3 firtina_bilegix1 keskin_bicakx1,32,0,45,45,135,49,80,0,2,2,3,,0,0,0,0,0,0,0,0,0,0,0.78,69.244,2.956
17,Run50_KirilmaV1,Elektrik yolu,bahcivan,standart,106,ödülsüz eş,35,,,102,50,9,0,0,43,34,30,21,11,6,2171,12071,1200,2171,220,468,224,46,520,313,62,12867,47,3,43.38,1.25,2.197,1.374,1.215,6,0.3,2,32,4,1.38,1.75,1.7,2,1.33,48,7,11,20,,1.96,3.2,3.16,4.12,0.92,13,59,0.853,0.542,4.195,633,7,101,4,bereketli_toprakx1 yikim_gucux3 firtina_bilegix1 keskin_bicakx1,22,0,45,46,138,55,80,0,2,2,3,,0,0,0,0,0,0,0,0,0,0,0.814,48.244,2.267
17,Run50_KirilmaV1,Elektrik yolu,bahcivan,standart,106,ödülsüz eş,36,,,198,107,26,0,0,65,72,46,42,29,9,4252,4252,2800,0,0,656,448,164,756,473,206,24371,50,9,43.38,1.25,2.197,1.331,1.604,9,0.3,2,33,8.91,1.47,1.9,2.25,2.07,3.33,42,11,13,6,0,2.46,6.45,8.93,8.34,10.64,16,66,0.762,0.591,4.322,687,4,105,4,bereketli_toprakx1 yikim_gucux3 firtina_bilegix1 keskin_bicakx1 genis_savurusx1,33,0,45,49,147,58,80,0,2,2,3,,0,0,0,0,0,0,0,0,0,0,0.606,94.489,4.4
17,Run50_KirilmaV1,Elektrik yolu,bahcivan,standart,106,ödülsüz eş,37,,,202,113,14,0,0,75,71,52,51,23,5,3367,7619,2800,0,0,629,472,153,765,825,214,25267,53,9,46.93,1.25,2.197,1.331,1.67,9,0.3,2,33,8.97,1.33,1.75,2.04,2.38,2.25,51,17,15,11,20,2.39,5.56,4.35,8.9,5.66,19,73,0.76,0.548,4.316,761,5,110,3,bereketli_toprakx1 yikim_gucux3 firtina_bilegix1 keskin_bicakx1 genis_savurusx1,32,0,45,52,156,67,80,0,2,2,3,,0,0,0,0,0,0,0,0,0,0,0.685,74.822,4.489
17,Run50_KirilmaV1,Elektrik yolu,bahcivan,standart,106,ödülsüz eş,38,,,190,112,25,0,0,53,66,60,35,24,5,3295,10914,2800,0,0,794,388,165,934,653,174,22021,55,6,49.54,1.25,2.197,1.331,1.67,9,0.3,2,33,9,1.46,1.89,2.1,1.93,2,44,9,4,5,0,2.77,5.08,8.05,3.33,4.42,23,81,0.792,0.605,4.435,822,6,116,4,bereketli_toprakx1 yikim_gucux3 firtina_bilegix1 keskin_bicakx1 genis_savurusx1,37,0,45,54,162,76,80,0,2,2,3,,0,0,0,0,0,0,0,0,0,0,0.84,73.222,4.222
17,Run50_KirilmaV1,Elektrik yolu,bahcivan,standart,106,ödülsüz eş,39,,,221,120,13,0,0,88,76,61,45,31,8,5105,16019,2800,0,0,967,615,176,981,948,225,26832,57,6,49.54,1.25,2.197,1.289,1.736,9,0.3,2,34,8.94,1.37,1.88,1.91,1.58,2.17,44,13,3,6,0,2.29,4.83,6.15,4.55,6.23,23,81,0.776,0.63,4.326,843,5,121,0,bereketli_toprakx1 yikim_gucux3 firtina_bilegix1 keskin_bicakx1 genis_savurusx1,36,0,45,56,168,81,81,0,2,2,3,,0,0,0,0,0,0,0,0,0,0,0.827,113.444,4.911
17,Run50_KirilmaV1,Elektrik yolu,bahcivan,standart,106,ödülsüz eş,40,,,205,119,12,0,0,74,67,56,43,30,9,5495,21514,2800,5495,500,964,515,268,1255,743,353,28534,59,6,56.1,1.25,2.197,1.289,1.736,9,0.3,2,34,9,1.26,1.81,1.82,2.76,2,57,6,11,4,0,1.59,4.37,4.57,8.16,5.8,23,81,0.787,0.654,4.326,843,4,125,0,bereketli_toprakx1 yikim_gucux3 firtina_bilegix1 keskin_bicakx1 genis_savurusx1,37,0,45,58,174,81,87,0,2,2,3,,0,0,0,0,0,0,0,0,0,0,0.79,122.111,4.556
17,Run50_KirilmaV1,Elektrik yolu,bahcivan,standart,106,ödülsüz eş,41,,,260,141,38,0,0,81,104,70,45,34,7,5060,5060,4500,0,0,1182,681,227,1327,1064,425,29260,61,6,56.1,1.25,2.197,1.061,1.802,9,0.3,2,42,8.9,1.45,1.77,1.97,2.43,2.8,45,25,19,4,0,2.29,5.24,5.44,8.56,6.14,23,81,0.742,0.556,4.293,849,5,130,0,bereketli_toprakx1 yikim_gucux3 firtina_bilegix1 keskin_bicakx1 genis_savurusx1 hizli_bilekx1,43,0,45,60,180,81,93,0,2,2,3,,0,0,0,0,0,0,0,0,0,0,0.704,112.444,5.778
17,Run50_KirilmaV1,Elektrik yolu,bahcivan,standart,106,ödülsüz eş,42,,,272,146,32,0,0,94,92,72,56,47,5,5930,10990,4500,0,0,984,831,330,1131,1095,585,30797,63,6,60.05,1.25,2.197,1.061,1.802,9,0.3,2,42,8.95,1.4,1.79,1.79,2.64,1,49,26,22,15,0,1.83,4.8,4.46,7.04,0,23,81,0.738,0.556,4.285,851,5,135,0,bereketli_toprakx1 yikim_gucux3 firtina_bilegix1 keskin_bicakx1 genis_savurusx1 hizli_bilekx1,46,0,45,62,186,81,99,0,2,2,3,,0,0,0,0,0,0,0,0,0,0,0.679,131.778,6.044
17,Run50_KirilmaV1,Elektrik yolu,bahcivan,standart,106,ödülsüz eş,43,,,281,153,24,0,0,104,102,75,58,37,9,7318,18308,4500,0,0,1164,876,294,1420,1591,534,34318,65,6,60.05,1.25,2.197,1.061,1.802,9,0.367,2.222,42,8.98,1.29,1.67,1.88,2.17,1,57,25,24,11,0,1.3,3.86,6.86,6.32,0,23,81,0.724,0.519,4.171,874,7,142,0,bereketli_toprakx1 yikim_gucux3 firtina_bilegix1 keskin_bicakx1 genis_savurusx1 hizli_bilekx1,53,0,45,64,192,81,105,0,2,2,3,,0,0,0,0,0,0,0,0,0,0,0.667,162.622,6.244
17,Run50_KirilmaV1,Elektrik yolu,bahcivan,standart,106,ödülsüz eş,44,,,293,172,39,0,0,82,119,64,62,35,13,7182,25490,4500,0,0,1458,789,330,1678,1060,864,33358,66,3,69.27,1.25,2.197,1.061,1.802,9,0.367,2.222,42,8.93,1.23,1.66,1.74,2.17,3.44,68,29,21,12,18,1.47,2.45,4.28,7.03,17.56,23,81,0.716,0.568,4.171,874,3,145,0,bereketli_toprakx1 yikim_gucux3 firtina_bilegix1 keskin_bicakx1 genis_savurusx1 hizli_bilekx1,46,0,45,65,195,81,111,0,2,2,3,,0,0,0,0,0,0,0,0,0,0,0.667,159.6,6.511
17,Run50_KirilmaV1,Elektrik yolu,bahcivan,standart,106,ödülsüz eş,45,,,262,155,21,0,0,86,104,56,60,32,10,5807,31297,4500,5807,800,1004,945,264,1212,1565,888,26499,68,6,69.27,1.25,2.197,1.028,1.868,9,0.367,2.333,43,8.74,1.28,1.47,1.98,2.29,1.33,57,31,21,17,43,1.37,2.06,5.93,7.31,3.77,23,81,0.602,0.42,4.069,896,5,150,0,bereketli_toprakx1 yikim_gucux3 firtina_bilegix1 keskin_bicakx1 genis_savurusx1 hizli_bilekx1,45,0,45,67,201,81,114,0,2,2,3,,0,0,0,0,0,0,0,0,0,0,0.667,129.044,5.822
17,Run50_KirilmaV1,Elektrik yolu,bahcivan,standart,106,ödülsüz eş,46,,,344,167,36,0,0,141,154,78,63,40,9,6856,6856,6000,0,0,1620,903,294,1792,1368,1182,43219,70,6,72.57,1.25,2.197,1.028,1.868,9,0.367,2.333,43,8.86,1.24,1.56,1.83,1.69,2.75,67,33,25,27,0,2.24,2.36,4.15,4.3,8.99,23,81,0.676,0.444,4.069,896,3,153,0,bereketli_toprakx1 yikim_gucux3 firtina_bilegix1 keskin_bicakx1 genis_savurusx1 hizli_bilekx1 kivilcimx1,53,0,45,69,207,81,120,0,2,2,3,,0,0,0,0,0,0,0,0,0,0,0.691,152.356,7.644
17,Run50_KirilmaV1,Elektrik yolu,bahcivan,standart,106,ödülsüz eş,47,,,325,167,34,0,0,124,114,85,73,41,12,7593,14449,6000,0,0,1468,1113,342,1760,1471,1234,40648,72,6,76.92,1.25,2.197,1.028,2,9,0.383,2.444,43,8.95,1.23,1.48,1.68,2.35,1.75,64,48,22,12,29,1.78,3.18,4,7.01,4.5,23,81,0.704,0.519,3.966,919,7,160,0,bereketli_toprakx1 yikim_gucux3 firtina_bilegix1 keskin_bicakx1 genis_savurusx1 hizli_bilekx1 kivilcimx1,49,0,45,71,213,81,126,0,2,2,3,,0,0,0,0,0,0,0,0,0,0,0.84,168.733,7.222
17,Run50_KirilmaV1,Elektrik yolu,bahcivan,standart,106,ödülsüz eş,48,,,337,176,34,0,0,127,117,100,64,42,14,8342,22791,6000,0,0,1511,1083,396,1671,1354,1630,48110,74,6,87.23,1.25,2.197,1.028,2,9,0.383,2.444,43,8.88,1.27,1.57,1.54,2.05,1.83,56,39,30,12,0,2.19,3.94,2.55,7.68,4.81,23,81,0.7,0.506,3.966,919,2,162,0,bereketli_toprakx1 yikim_gucux3 firtina_bilegix1 keskin_bicakx1 genis_savurusx1 hizli_bilekx1 kivilcimx1,50,0,45,73,219,81,132,0,2,2,3,,0,0,0,0,0,0,0,0,0,0,0.667,185.378,7.489
17,Run50_KirilmaV1,Elektrik yolu,bahcivan,standart,106,ödülsüz eş,49,,,364,179,42,0,0,143,150,97,70,37,10,7563,30354,6000,0,0,1796,975,294,2517,1189,1594,49345,75,3,87.23,1.25,2.197,0.995,2,9,0.383,2.556,45,8.93,1.24,1.28,1.8,1.71,2.17,59,43,25,8,0,1.37,1.13,4.32,4.45,6.47,23,81,0.682,0.506,3.84,949,5,167,0,bereketli_toprakx1 yikim_gucux3 firtina_bilegix1 keskin_bicakx1 genis_savurusx1 hizli_bilekx1 kivilcimx1,63,0,45,74,222,81,138,0,2,2,3,,0,0,0,0,0,0,0,0,0,0,0.716,168.067,8.089
17,Run50_KirilmaV1,Elektrik yolu,bahcivan,standart,106,ödülsüz eş,50,,,326,167,35,0,0,124,110,93,67,40,16,8622,38976,6000,0,0,1783,1041,384,2140,2230,1978,45897,77,6,87.23,1.25,2.197,0.995,2,9,0.383,2.556,45,9,1.25,1.54,1.64,2.19,1.86,55,37,22,10,10,1.25,2.57,3.06,6.16,3.13,23,81,0.711,0.519,3.824,953,3,170,0,bereketli_toprakx1 yikim_gucux3 firtina_bilegix1 keskin_bicakx1 genis_savurusx1 hizli_bilekx1 kivilcimx1,57,0,45,76,228,81,141,0,2,2,3,,0,0,0,0,0,0,0,0,0,0,0.827,191.6,7.244
17,Run50_KirilmaV1,Elektrik yolu,bahcivan,standart,106,ödülsüz eş,50,KAZANDI
17,Run50_KirilmaV1,Elektrik yolu,bahcivan,standart,106,LAB R15 A ödülsüz #1,15,,,29,25,0,0,0,4,23,5,1,0,0,48,48,150,48,30,99,4,0,179,4,0,1001,3,6,18.13,1,1.3,2.41,0.9,4,0.3,2,18,2.94,1.75,1.8,,,,25,33,0,,,4.34,5.29,,,,10,14,0.648,0.429,5.499,115,0,0,0,bereketli_toprakx1 yikim_gucux1,8,0,45,2,6,0,0,0,0,0,15,,0,0,0,0,0,0,0,0,0,0,0.714,1.067,0.644
17,Run50_KirilmaV1,Elektrik yolu,bahcivan,standart,106,LAB R15 B +cifte_akim #1,15,,,27,20,0,0,0,7,20,4,2,1,0,82,82,150,82,30,84,8,2,164,8,2,978,3,6,18.13,1,1.3,2.41,0.9,4,0.3,2,18,2.89,2,1.67,,3,,22,40,0,0,,4.07,2.41,,16.87,,10,14,0.654,0.357,5.499,115,0,0,0,bereketli_toprakx1 yikim_gucux1 cifte_akimx1,9,0,45,2,6,0,0,0,0,0,15,,4,4,0,4,4,0,0,0,0,0,0.786,1.822,0.6
17,Run50_KirilmaV1,Elektrik yolu,bahcivan,standart,106,LAB R15 A ödülsüz #2,15,,,25,22,0,0,0,3,18,5,1,1,0,73,73,150,73,30,84,4,2,164,4,2,901,3,6,18.13,1,1.3,2.41,0.9,4,0.3,2,18,3,1.69,2.6,3,,,23,0,0,0,,5.12,9.63,4.8,,,10,14,0.689,0.429,5.499,115,0,0,0,bereketli_toprakx1 yikim_gucux1,7,0,45,2,6,0,0,0,0,0,15,,0,0,0,0,0,0,0,0,0,0,0.786,1.622,0.556
17,Run50_KirilmaV1,Elektrik yolu,bahcivan,standart,106,LAB R15 B +cifte_akim #2,15,,,30,25,0,0,0,5,25,4,1,0,0,47,47,150,47,30,99,4,0,179,4,0,1024,3,6,18.13,1,1.3,2.41,0.9,4,0.3,2,18,2.94,1.68,2,,,,29,0,,,,2.95,8.02,,,,10,14,0.633,0.429,5.499,115,0,0,0,bereketli_toprakx1 yikim_gucux1 cifte_akimx1,7,0,45,2,6,0,0,0,0,0,15,,5,5,0,3,3,0,0,0,0,0,0.786,1.044,0.667
17,Run50_KirilmaV1,Elektrik yolu,bahcivan,standart,106,LAB R15 A ödülsüz #3,15,,,23,23,0,0,0,0,14,7,2,0,0,55,55,150,55,30,84,8,0,164,8,0,837,3,6,18.13,1,1.3,2.41,0.9,4,0.3,2,18,3.06,1.64,2.14,3,,,30,13,0,,,4.3,4.82,20.48,,,10,14,0.714,0.357,5.499,115,0,0,0,bereketli_toprakx1 yikim_gucux1,6,0,45,2,6,0,0,0,0,0,15,,0,0,0,0,0,0,0,0,0,0,0.714,1.222,0.511
17,Run50_KirilmaV1,Elektrik yolu,bahcivan,standart,106,LAB R15 B +cifte_akim #3,15,,,24,21,0,0,0,3,16,5,3,0,0,61,61,150,61,30,78,12,0,158,12,0,856,3,6,18.13,1,1.3,2.41,0.9,4,0.3,2,18,3.06,2.07,2.25,2.67,,,18,20,0,,,7.22,9.64,14.47,,,10,14,0.702,0.357,5.499,115,0,0,0,bereketli_toprakx1 yikim_gucux1 cifte_akimx1,7,0,45,2,6,0,0,0,0,0,15,,3,3,0,2,2,0,0,0,0,0,0.786,1.356,0.533
17,Run50_KirilmaV1,Elektrik yolu,bahcivan,standart,106,LAB R25 A ödülsüz #1,25,,,70,45,4,0,0,21,37,21,8,3,1,430,430,300,430,65,237,70,6,317,70,6,4648,10,27,24.3,1,2.197,2.16,1.075,6,0.3,2,20,5.85,1.5,2.45,2,,1,49,10,43,0,100,2.66,8.44,5.03,,0,21,42,0.703,0.381,5.044,375,0,0,0,bereketli_toprakx1 yikim_gucux3,24,0,45,9,27,0,0,0,0,0,25,,0,0,0,0,0,0,0,0,0,0,0.881,9.556,1.556
17,Run50_KirilmaV1,Elektrik yolu,bahcivan,standart,106,LAB R25 B +cifte_akim #1,25,,,63,48,0,0,0,15,38,15,9,1,0,265,265,300,265,65,204,54,2,284,54,2,3052,7,18,24.3,1,2.197,2.16,1.075,6,0.3,2,20,5.9,1.57,1.6,1.57,2,,46,35,25,0,0,3.31,3.24,6.48,10.8,,21,42,0.75,0.524,5.044,375,0,0,0,bereketli_toprakx1 yikim_gucux3 cifte_akimx1,19,0,45,6,18,0,0,0,0,0,25,,11,11,0,3,2,0,0,0,0,0,0.857,5.889,1.4
17,Run50_KirilmaV1,Elektrik yolu,bahcivan,standart,106,LAB R25 sinerji A ödülsüz #1,25,,,97,37,0,0,0,60,55,27,11,2,2,506,506,300,506,65,327,88,13,407,88,13,4112,9,24,24.3,1,2.197,2.16,1.075,6,0.3,2,20,5.85,1.08,2,3,,1,57,25,11,0,0,0.52,6.12,12.54,,0,28,49,0.612,0.184,5.44,405,0,0,0,bereketli_toprakx1 yikim_gucux3 kivilcimx3,30,0,45,8,24,0,0,0,0,0,25,,0,0,0,0,0,0,0,0,0,0,0.837,11.244,2.156
17,Run50_KirilmaV1,Elektrik yolu,bahcivan,standart,106,LAB R25 sinerji B +cifte_akim #1,25,,,111,31,0,0,0,80,67,30,12,2,0,337,337,300,337,65,381,72,4,461,72,4,4512,10,27,24.3,1,2.197,2.16,1.075,6,0.3,2,20,5.95,1.46,2.5,1,,,34,23,30,100,,3.91,9.72,0,,,28,49,0.603,0.245,5.44,405,0,0,0,bereketli_toprakx1 yikim_gucux3 cifte_akimx1 kivilcimx3,33,0,45,9,27,0,0,0,0,0,25,,31,31,0,29,28,0,0,0,0,0,0.592,7.489,2.467
17,Run50_KirilmaV1,Elektrik yolu,bahcivan,standart,106,LAB R25 A ödülsüz #2,25,,,61,46,1,0,0,14,38,16,6,1,0,205,205,300,205,65,210,36,2,290,36,2,3147,8,21,24.3,1,2.197,2.16,1.075,6,0.3,2,20,5.9,1.41,1.67,1.5,3,,45,36,17,0,,2.46,5.4,10.79,8.63,,21,42,0.756,0.429,5.044,375,0,0,0,bereketli_toprakx1 yikim_gucux3,20,0,45,7,21,0,0,0,0,0,25,,0,0,0,0,0,0,0,0,0,0,0.905,4.556,1.356
17,Run50_KirilmaV1,Elektrik yolu,bahcivan,standart,106,LAB R25 B +cifte_akim #2,25,,,66,48,1,0,0,17,45,15,5,1,0,191,191,300,191,65,225,30,2,305,30,2,3312,8,21,24.3,1,2.197,2.16,1.075,6,0.3,2,20,5.9,1.4,2.4,2.67,,,62,19,17,0,,3.33,6.27,9.37,,,21,42,0.724,0.405,5.044,375,0,0,0,bereketli_toprakx1 yikim_gucux3 cifte_akimx1,22,0,45,7,21,0,0,0,0,0,25,,13,13,0,10,8,0,0,0,0,0,0.881,4.244,1.467
17,Run50_KirilmaV1,Elektrik yolu,bahcivan,standart,106,LAB R25 sinerji A ödülsüz #2,25,,,100,39,0,0,0,61,66,28,5,1,0,230,230,300,230,65,366,30,2,446,30,2,3856,9,24,24.3,1,2.197,2.16,1.075,6,0.3,2,20,6,1.29,1.77,2,2,,49,6,14,0,,2.61,5.47,15.13,6.46,,28,49,0.622,0.286,5.44,405,0,0,0,bereketli_toprakx1 yikim_gucux3 kivilcimx3,35,0,45,8,24,0,0,0,0,0,25,,0,0,0,0,0,0,0,0,0,0,0.837,5.111,2.222
17,Run50_KirilmaV1,Elektrik yolu,bahcivan,standart,106,LAB R25 sinerji B +cifte_akim #2,25,,,105,31,0,0,0,74,79,20,5,1,0,219,219,300,219,65,357,30,2,437,30,2,3888,9,24,24.3,1,2.197,2.16,1.075,6,0.3,2,20,5.85,1.61,2,1,,,37,29,33,0,,3.55,3.25,0,,,28,49,0.596,0.265,5.44,405,0,0,0,bereketli_toprakx1 yikim_gucux3 cifte_akimx1 kivilcimx3,36,0,45,8,24,0,0,0,0,0,25,,31,31,0,22,18,0,0,0,0,0,0.837,4.867,2.333
17,Run50_KirilmaV1,Elektrik yolu,bahcivan,standart,106,LAB R25 A ödülsüz #3,25,,,69,52,1,0,0,16,43,17,5,4,0,316,316,300,316,65,231,30,8,311,30,8,4688,10,27,24.3,1,2.197,2.16,1.075,6,0.3,2,20,5.9,1.18,1.71,3.33,2,,65,21,10,0,0,0.79,6.48,10.8,9.73,,21,42,0.723,0.524,5.044,375,0,0,0,bereketli_toprakx1 yikim_gucux3,20,0,45,9,27,0,0,0,0,0,25,,0,0,0,0,0,0,0,0,0,0,0.81,7.022,1.533
17,Run50_KirilmaV1,Elektrik yolu,bahcivan,standart,106,LAB R25 B +cifte_akim #3,25,,,72,48,2,0,0,22,46,13,10,2,1,436,436,300,436,65,216,60,13,296,60,13,4684,10,27,24.3,1,2.197,2.16,1.075,6,0.3,2,20,5.95,1.4,1.8,2,1,2,50,14,9,50,0,1.87,7.78,11.17,0,8.63,21,42,0.705,0.452,5.044,375,0,0,0,bereketli_toprakx1 yikim_gucux3 cifte_akimx1,19,0,45,9,27,0,0,0,0,0,25,,7,7,0,9,8,0,0,0,0,0,0.81,9.689,1.6
17,Run50_KirilmaV1,Elektrik yolu,bahcivan,standart,106,LAB R25 sinerji A ödülsüz #3,25,,,106,42,0,0,0,64,79,11,13,2,1,402,402,300,402,65,303,100,4,383,100,4,4144,9,24,24.3,1,2.197,2.16,1.075,6,0.3,2,20,5.85,1.15,2,1.33,2,3,60,0,33,,0,1.18,9.19,2.17,15.13,23.77,28,49,0.608,0.265,5.44,405,0,0,0,bereketli_toprakx1 yikim_gucux3 kivilcimx3,34,0,45,8,24,0,0,0,0,0,25,,0,0,0,0,0,0,0,0,0,0,0.755,8.933,2.356
17,Run50_KirilmaV1,Elektrik yolu,bahcivan,standart,106,LAB R25 sinerji B +cifte_akim #3,25,,,95,30,0,0,0,65,53,21,16,5,0,426,426,300,426,65,285,96,10,365,96,10,4128,9,24,24.3,1,2.197,2.16,1.075,6,0.3,2,20,5.9,1.36,1.75,3,2,,54,10,12,0,,2.16,9.72,11.52,2.17,,28,49,0.629,0.204,5.44,405,0,0,0,bereketli_toprakx1 yikim_gucux3 cifte_akimx1 kivilcimx3,31,0,45,8,24,0,0,0,0,0,25,,30,30,0,24,20,0,0,0,0,0,0.878,9.467,2.111
17,Run50_KirilmaV1,Elektrik yolu,bahcivan,standart,106,LAB R40 A ödülsüz #1,40,,,245,134,27,0,0,84,97,70,52,19,7,3941,3941,2800,3941,500,1088,656,180,1168,656,180,30788,28,81,56.1,1.25,2.197,1.289,1.736,9,0.3,2,34,8.97,1.24,1.49,1.85,2.1,1.83,63,43,31,29,13,1.73,2.54,5.31,5.55,4.93,23,81,0.758,0.383,4.326,843,0,0,0,bereketli_toprakx1 yikim_gucux3 firtina_bilegix1 keskin_bicakx1 genis_savurusx1,61,0,45,27,81,0,0,0,0,0,40,,0,0,0,0,0,0,0,0,0,0,0.728,87.578,5.444
17,Run50_KirilmaV1,Elektrik yolu,bahcivan,standart,106,LAB R40 B +cifte_akim #1,40,,,275,131,21,0,0,123,112,63,58,35,7,5313,5313,2800,5313,500,1092,775,254,1172,775,254,36147,30,87,56.1,1.25,2.197,1.289,1.736,9,0.3,2,34,8.97,1.32,1.44,2.07,1.54,1.8,59,42,36,20,50,1.64,2.77,6.35,2.18,3.35,23,81,0.734,0.383,4.326,843,0,0,0,bereketli_toprakx1 yikim_gucux3 firtina_bilegix1 keskin_bicakx1 genis_savurusx1 cifte_akimx1,62,0,45,29,87,0,0,0,0,0,40,,50,50,0,59,34,0,0,0,0,0,0.679,118.067,6.111
17,Run50_KirilmaV1,Elektrik yolu,bahcivan,standart,106,LAB R40 A ödülsüz #2,40,,,260,136,28,0,0,96,104,68,45,33,10,5336,5336,2800,5336,500,1216,674,242,1296,674,242,31842,29,84,56.1,1.25,2.197,1.289,1.736,9,0.3,2,34,8.97,1.2,1.48,2.07,1.76,2.25,65,44,24,50,0,1.22,3.77,6.06,4.09,4.83,23,81,0.744,0.444,4.326,843,0,0,0,bereketli_toprakx1 yikim_gucux3 firtina_bilegix1 keskin_bicakx1 genis_savurusx1,59,0,45,28,84,0,0,0,0,0,40,,0,0,0,0,0,0,0,0,0,0,0.691,118.578,5.778
17,Run50_KirilmaV1,Elektrik yolu,bahcivan,standart,106,LAB R40 B +cifte_akim #2,40,,,254,131,17,0,0,106,112,61,47,23,11,4809,4809,2800,4809,500,1304,685,160,1384,685,160,29739,28,81,56.1,1.25,2.197,1.289,1.736,9,0.3,2,34,8.97,1.26,1.57,2.04,2.08,2.25,62,36,24,28,17,1.77,2.75,4.13,5.16,9.03,23,81,0.746,0.444,4.326,843,0,0,0,bereketli_toprakx1 yikim_gucux3 firtina_bilegix1 keskin_bicakx1 genis_savurusx1 cifte_akimx1,60,0,45,27,81,0,0,0,0,0,40,,49,49,0,35,20,0,0,0,0,0,0.877,106.867,5.644
17,Run50_KirilmaV1,Elektrik yolu,bahcivan,standart,106,LAB R40 A ödülsüz #3,40,,,224,127,30,0,0,67,82,57,44,36,5,4776,4776,2800,4776,500,874,610,238,954,610,238,27019,27,78,56.1,1.25,2.197,1.289,1.736,9,0.3,2,34,8.97,1.29,1.47,1.66,1.8,1.8,59,36,41,24,38,1.72,2.88,2.8,4.55,7.21,23,81,0.776,0.469,4.326,843,0,0,0,bereketli_toprakx1 yikim_gucux3 firtina_bilegix1 keskin_bicakx1 genis_savurusx1,48,0,45,26,78,0,0,0,0,0,40,,0,0,0,0,0,0,0,0,0,0,0.84,106.133,4.978
17,Run50_KirilmaV1,Elektrik yolu,bahcivan,standart,106,LAB R40 B +cifte_akim #3,40,,,242,128,22,0,0,92,90,54,50,41,7,5506,5506,2800,5506,500,936,718,274,1016,718,274,29454,28,81,56.1,1.25,2.197,1.289,1.736,9,0.3,2,34,8.97,1.27,1.52,1.57,2.42,1.5,63,35,38,28,29,1.64,3.45,3.53,6.2,1.93,23,81,0.766,0.457,4.326,843,0,0,0,bereketli_toprakx1 yikim_gucux3 firtina_bilegix1 keskin_bicakx1 genis_savurusx1 cifte_akimx1,49,0,45,27,81,0,0,0,0,0,40,,44,44,0,38,26,0,0,0,0,0,0.691,122.356,5.378
18,Run50_KirilmaV1,Elektrik yolu,bahcivan,standart,107,ödülsüz eş,1,,,14,14,0,0,0,0,12,2,0,0,0,18,18,45,0,0,32,0,0,32,0,0,300,1,0,10,1,1,3,0.9,4,0.3,2,14,2.21,2.08,2.5,,,,8,0,,,,3.25,4.5,,,,2,4,0.395,0,8,23,0,0,2,,3,0.166,45,0,0,0,0,0,0,0,0,,0,0,0,0,0,0,0,0,0,0,0.25,0.4,0.311
18,Run50_KirilmaV1,Elektrik yolu,bahcivan,standart,107,ödülsüz eş,2,,,17,17,0,0,0,0,13,2,2,0,0,39,57,45,0,0,34,8,0,34,8,0,400,2,3,11.33,1,1,3,0.9,4,0.3,2,14,2.29,1.54,2.5,3,,,38,0,0,,,1.62,7.5,7.5,,,3,5,0.359,0,8,28,2,2,1,,4,0.044,45,1,3,0,0,0,0,0,0,,0,0,0,0,0,0,0,0,0,0,0.6,0.867,0.378
18,Run50_KirilmaV1,Elektrik yolu,bahcivan,standart,107,ödülsüz eş,3,,,14,14,0,0,0,0,13,1,0,0,0,16,73,45,0,0,30,0,0,31,8,0,290,3,3,11.33,1,1,3,0.9,4,0.3,2,14,2.5,2.15,3,,,,7,0,,,,4.38,6,,,,4,6,0.619,0.167,7.451,36,2,4,1,,5,0,45,2,6,3,0,0,2,2,0,,0,0,0,0,0,0,0,0,0,0,0.667,0.356,0.311
18,Run50_KirilmaV1,Elektrik yolu,bahcivan,standart,107,ödülsüz eş,4,,,20,20,0,0,0,0,15,5,0,0,0,30,103,45,0,0,50,0,0,60,8,0,475,4,3,12,1,1,2.892,0.9,4,0.3,2,15,2.2,1.4,2.2,,,,46,0,,,,1.16,3.46,,,,4,6,0.483,0.167,7.451,36,3,7,0,,3,0,45,3,9,6,0,0,2,2,0,,0,0,0,0,0,0,0,0,0,0,0.333,0.667,0.444
18,Run50_KirilmaV1,Elektrik yolu,bahcivan,standart,107,ödülsüz eş,5,,,18,17,0,0,0,1,15,1,2,0,0,38,141,45,38,8,34,8,0,34,16,0,447,5,3,12,1,1,2.892,0.9,4,0.3,2,15,3.33,2.14,5,3.5,,,13,0,0,,,4.75,37.6,15.9,,,6,9,0.641,0.222,7.569,54,0,7,2,,4,0,45,4,12,9,0,0,2,2,5,,0,0,0,0,0,0,0,0,0,0,0.667,0.844,0.4
18,Run50_KirilmaV1,Elektrik yolu,bahcivan,standart,107,ödülsüz eş,6,,,22,21,0,0,0,1,14,7,1,0,0,45,45,110,0,0,56,4,0,60,20,0,584,6,3,12,1,1,2.459,0.9,4,0.3,2,18,3.17,2.14,2.5,4,,,8,0,0,,,6.32,7.78,14.73,,,6,9,0.601,0.333,7.569,54,1,8,0,hizli_bilekx1,6,0,45,5,15,9,3,0,2,2,5,,0,0,0,0,0,0,0,0,0,0,0.667,1,0.489
18,Run50_KirilmaV1,Elektrik yolu,bahcivan,standart,107,ödülsüz eş,7,,,27,25,0,0,0,2,16,9,2,0,0,63,108,110,0,0,68,8,0,72,28,0,730,8,6,12.67,1,1,2.37,0.9,4,0.3,2,18,3.17,2,2.25,3,,,19,0,0,,,4.29,6.52,23.7,,,7,10,0.56,0.1,7.416,61,4,12,1,hizli_bilekx1,8,0.01,45,7,21,12,3,0,2,2,5,,0,0,0,0,0,0,0,0,0,0,0.4,1.4,0.6
18,Run50_KirilmaV1,Elektrik yolu,bahcivan,standart,107,ödülsüz eş,8,,,27,23,0,0,0,4,20,6,1,0,0,48,156,110,0,0,70,4,0,70,32,0,673,9,3,13.33,1,1,2.37,0.9,4,0.3,2,18,3.39,1.83,3.2,,,,16,0,0,,,3.42,7.11,,,,8,11,0.601,0.182,7.441,67,3,15,1,hizli_bilekx1,7,0,45,8,24,18,3,0,2,2,5,,0,0,0,0,0,0,0,0,0,0,0.545,1.067,0.6
18,Run50_KirilmaV1,Elektrik yolu,bahcivan,standart,107,ödülsüz eş,9,,,27,25,0,0,0,2,20,5,2,0,0,55,211,110,0,0,65,8,0,68,40,0,688,10,3,14,1,1,2.286,0.9,4,0.3,2,19,3.32,1.94,2,3.5,,,11,0,0,,,3.94,5.48,22.85,,,9,12,0.656,0.417,7.277,74,4,19,1,hizli_bilekx1,6,0,45,9,27,21,3,0,2,2,5,,0,0,0,0,0,0,0,0,0,0,0.5,1.222,0.6
18,Run50_KirilmaV1,Elektrik yolu,bahcivan,standart,107,ödülsüz eş,10,,,24,23,0,0,0,1,16,5,3,0,0,61,272,110,61,16,57,12,0,66,52,0,653,11,3,15.64,1,1,2.286,0.9,4,0.3,2,19,2.79,2,1.8,2.5,,,13,0,0,0,,5,2.27,6.85,,,10,13,0.523,0.308,7.292,80,2,21,1,hizli_bilekx1,5,0,45,10,30,24,3,0,2,2,5,,0,0,0,0,0,0,0,0,0,0,0.615,1.356,0.533
18,Run50_KirilmaV1,Elektrik yolu,bahcivan,standart,107,ödülsüz eş,11,,,32,30,0,0,0,2,25,5,1,1,0,80,80,150,0,0,75,4,2,81,56,2,799,12,3,15.64,1,1,2.286,0.9,4,0.3,2,19,3.74,2,2.25,3,1,,19,0,0,,,4.95,7.42,6.87,0,,12,16,0.722,0.5,6.217,116,0,21,2,hizli_bilekx1 bereketli_toprakx1,8,0,45,11,33,25,5,0,2,2,5,,0,0,0,0,0,0,0,0,0,0,0.813,1.778,0.711
18,Run50_KirilmaV1,Elektrik yolu,bahcivan,standart,107,ödülsüz eş,12,,,39,33,0,0,0,6,21,13,5,0,0,110,190,150,0,0,128,20,0,131,46,2,1173,14,6,16.36,1,1,2.125,0.9,4,0.3,2,21,3.71,1.56,1.91,2.25,,,16,0,0,0,,2.59,5.61,4.78,,,12,16,0.683,0.375,6.065,119,7,28,0,hizli_bilekx1 bereketli_toprakx1,10,0,45,13,39,25,8,0,2,2,5,,0,0,0,0,0,0,0,0,0,0,0.75,2.444,0.867
18,Run50_KirilmaV1,Elektrik yolu,bahcivan,standart,107,ödülsüz eş,13,,,46,40,3,0,0,3,34,9,2,1,0,111,301,150,0,0,147,8,2,148,54,4,1262,15,3,18.13,1,1,2.125,0.9,4,0.3,2,21,3.9,1.42,2.43,2,,,43,0,0,,,2.67,6.98,10.63,,,14,19,0.691,0.526,6.078,141,3,31,2,hizli_bilekx1 bereketli_toprakx1,9,0,45,14,42,31,8,0,2,2,5,,0,0,0,0,0,0,0,0,0,0,0.579,2.467,1.022
18,Run50_KirilmaV1,Elektrik yolu,bahcivan,standart,107,ödülsüz eş,14,,,36,31,1,0,0,4,22,8,6,0,0,106,407,150,0,0,114,24,0,121,78,4,1182,16,3,18.13,1,1,2.048,0.9,4,0.3,2,21,3.76,1.7,2,2.2,,,18,0,0,,0,5.02,3.76,6.97,,,15,22,0.757,0.5,5.935,167,5,36,1,hizli_bilekx1 bereketli_toprakx1,10,0,45,15,45,34,8,0,2,2,5,,0,0,0,0,0,0,0,0,0,0,0.864,2.356,0.8
18,Run50_KirilmaV1,Elektrik yolu,bahcivan,standart,107,ödülsüz eş,15,,,40,32,4,0,0,4,29,10,1,0,0,69,476,150,69,30,147,4,0,168,32,4,1174,17,3,18.13,1,1,2.048,0.9,4,0.3,2,21,3.95,1.65,2.38,2,,,18,0,0,,,4.28,8.45,12.3,,,17,27,0.796,0.593,5.943,204,2,38,2,hizli_bilekx1 bereketli_toprakx1,11,0,45,16,48,37,8,0,2,2,5,,0,0,0,0,0,0,0,0,0,0,0.889,1.533,0.889
18,Run50_KirilmaV1,Elektrik yolu,bahcivan,standart,107,ödülsüz eş,16,,,55,49,2,0,0,4,34,14,6,0,1,236,236,220,0,0,186,41,0,193,73,4,1830,19,6,19.2,1,1,1.975,1.234,6,0.3,2,22,5.68,1.57,2.75,2.17,,2,30,6,0,,,3.88,11.03,7.57,,7.9,18,28,0.763,0.607,5.801,217,6,44,1,hizli_bilekx1 bereketli_toprakx1 genis_savurusx1,11,0,45,18,54,40,8,0,2,2,5,,0,0,0,0,0,0,0,0,0,0,0.714,5.244,1.222
18,Run50_KirilmaV1,Elektrik yolu,bahcivan,standart,107,ödülsüz eş,17,,,61,51,0,0,0,10,33,18,8,1,1,297,533,220,0,0,207,40,10,220,88,14,2508,21,6,20.27,1,1,1.904,1.234,6,0.3,2,23,5.65,1.77,1.83,2.67,3,1,19,0,0,0,,5.34,4.76,7.94,11.43,0,20,33,0.765,0.606,5.665,262,6,50,2,hizli_bilekx1 bereketli_toprakx1 genis_savurusx1,13,0,45,20,60,46,8,0,2,2,5,,0,0,0,0,0,0,0,0,0,0,0.606,6.6,1.356
18,Run50_KirilmaV1,Elektrik yolu,bahcivan,standart,107,ödülsüz eş,18,,,73,62,1,0,0,10,41,17,10,4,1,412,945,220,0,0,228,55,16,278,93,30,3585,23,6,23.08,1,1,1.836,1.28,6,0.3,2,24,5.75,1.33,2,2,2.5,2,54,0,0,0,0,1.79,8.81,8.71,15.61,7.34,20,39,0.745,0.487,5.596,314,3,53,3,hizli_bilekx1 bereketli_toprakx1 genis_savurusx1,17,0,45,22,66,49,11,0,2,2,5,,0,0,0,0,0,0,0,0,0,0,0.821,9.156,1.622
18,Run50_KirilmaV1,Elektrik yolu,bahcivan,standart,107,ödülsüz eş,19,,,88,62,6,0,0,20,57,18,9,4,0,321,1266,220,0,0,279,45,8,316,88,38,4169,25,6,24.3,1,1,1.836,1.28,6,0.3,2,24,5.96,1.52,1.75,2.25,2.5,,31,13,14,0,,2.46,5.81,10.1,15.62,,19,42,0.759,0.595,5.461,346,3,56,3,hizli_bilekx1 bereketli_toprakx1 genis_savurusx1,15,0,45,24,72,49,17,0,2,2,5,,0,0,0,0,0,0,0,0,0,0,0.738,7.133,1.956
18,Run50_KirilmaV1,Elektrik yolu,bahcivan,standart,107,ödülsüz eş,20,,,81,60,10,0,0,11,49,22,6,4,0,299,1565,220,299,45,279,30,8,293,58,46,4039,27,6,24.3,1,1,1.836,1.327,6,0.3,2,24,5.88,1.41,1.82,2.67,2,,45,0,0,0,0,3.23,7.56,9.18,4.9,,21,47,0.613,0.383,5.297,399,6,62,3,hizli_bilekx1 bereketli_toprakx1 genis_savurusx1,16,0,45,26,78,49,23,0,2,2,5,,0,0,0,0,0,0,0,0,0,0,0.702,6.644,1.8
18,Run50_KirilmaV1,Elektrik yolu,bahcivan,standart,107,ödülsüz eş,21,,,98,49,22,0,0,27,53,27,12,4,2,701,701,300,0,0,333,100,8,350,125,34,6805,29,6,25.51,1,1.3,1.836,1.327,6,0.3,2,24,6,1.42,1.94,3,2,1,43,10,0,0,,2.83,7.02,11.94,1.84,0,21,49,0.772,0.571,5.1,432,4,66,2,hizli_bilekx1 bereketli_toprakx1 genis_savurusx1 yikim_gucux1,21,0,45,28,84,49,29,0,2,2,5,,0,0,0,0,0,0,0,0,0,0,0.796,15.578,2.178
18,Run50_KirilmaV1,Elektrik yolu,bahcivan,standart,107,ödülsüz eş,22,,,123,60,20,0,0,43,62,38,19,3,1,629,1330,300,0,0,426,115,6,456,240,40,7796,32,9,28.62,1,1.3,1.778,1.327,6,0.3,2,25,5.92,1.39,1.87,2,1,,50,5,8,0,,2.64,4.74,4.98,0,,21,49,0.74,0.51,5.1,432,2,68,0,hizli_bilekx1 bereketli_toprakx1 genis_savurusx1 yikim_gucux1,21,0,45,31,93,49,35,0,2,2,5,,0,0,0,0,0,0,0,0,0,0,0.633,13.978,2.733
18,Run50_KirilmaV1,Elektrik yolu,bahcivan,standart,107,ödülsüz eş,23,,,182,88,29,0,0,65,83,51,29,17,2,1402,2732,300,0,0,600,196,34,635,248,54,12111,35,9,33.24,1,1.3,1.778,1.419,9,0.3,2,25,8.8,1.36,1.65,1.91,1.88,2.5,57,24,18,9,0,1.88,3.97,6.78,4.45,8.9,20,49,0.605,0.408,4.945,446,8,76,1,hizli_bilekx1 bereketli_toprakx1 genis_savurusx1 yikim_gucux1,29,0,45,34,102,49,44,0,2,2,5,,0,0,0,0,0,0,0,0,0,0,0.551,31.156,4.044
18,Run50_KirilmaV1,Elektrik yolu,bahcivan,standart,107,ödülsüz eş,24,,,166,94,18,0,0,54,81,44,23,14,4,1599,4331,300,0,0,651,179,28,666,209,62,11789,38,9,34.76,1,1.3,1.722,1.465,9,0.3,2,26,8.46,1.36,1.7,1.92,1.56,2.25,52,24,11,8,0,2.3,4.53,5.74,4.6,6.9,18,49,0.637,0.367,4.884,451,6,82,1,hizli_bilekx1 bereketli_toprakx1 genis_savurusx1 yikim_gucux1,26,0,45,37,111,49,53,0,2,2,5,,0,0,0,0,0,0,0,0,0,0,0.673,35.533,3.689
18,Run50_KirilmaV1,Elektrik yolu,bahcivan,standart,107,ödülsüz eş,25,,,170,75,28,0,0,67,70,42,30,21,7,2314,6645,300,2314,65,582,235,114,583,336,156,15277,41,9,39.82,1,1.3,1.722,1.558,9,0.3,2,26,8.5,1.41,1.4,2,1.8,2.5,53,38,16,7,0,3.15,2.67,5.17,3.61,9.48,16,49,0.648,0.347,4.84,456,8,90,1,hizli_bilekx1 bereketli_toprakx1 genis_savurusx1 yikim_gucux1,28,0,45,40,120,49,62,0,2,2,5,,0,0,0,0,0,0,0,0,0,0,0.653,51.422,3.778
18,Run50_KirilmaV1,Elektrik yolu,bahcivan,standart,107,ödülsüz eş,26,,,170,75,38,0,0,57,74,41,30,19,6,2303,2303,500,0,0,564,332,57,607,383,63,14109,43,6,39.82,1,1.69,1.668,1.558,9,0.3,2,26,8.65,1.34,1.68,1.78,2.6,2.6,61,32,29,0,0,2.4,5.71,3.71,10.51,9.33,16,52,0.665,0.462,4.687,499,5,95,1,hizli_bilekx1 bereketli_toprakx1 genis_savurusx1 yikim_gucux2,30,0,45,42,126,49,71,0,2,2,5,,0,0,0,0,0,0,0,0,0,0,0.654,51.178,3.778
18,Run50_KirilmaV1,Elektrik yolu,bahcivan,standart,107,ödülsüz eş,27,,,197,74,75,0,0,48,73,58,41,19,6,2478,4781,500,0,0,627,355,93,744,375,116,16245,45,6,43.38,1,1.69,1.668,1.558,9,0.3,2,26,8.88,1.42,1.61,2,2.17,2.33,58,25,17,29,17,3.85,4.64,6.67,6.95,10,21,76,0.727,0.342,4.665,733,2,97,11,hizli_bilekx1 bereketli_toprakx1 genis_savurusx1 yikim_gucux2,37,0,45,44,132,55,71,0,2,2,5,,0,0,0,0,0,0,0,0,0,0,0.776,55.067,4.378
18,Run50_KirilmaV1,Elektrik yolu,bahcivan,standart,107,ödülsüz eş,28,,,195,78,74,0,0,43,67,56,44,23,5,2572,7353,500,0,0,755,448,96,909,577,107,17494,47,6,43.38,1,1.69,1.616,1.558,9,0.3,2,27,8.93,1.29,1.48,2.22,1.5,2,70,33,22,19,0,1.5,5.39,10.32,3.88,6.46,22,81,0.759,0.556,4.6,792,6,103,4,hizli_bilekx1 bereketli_toprakx1 genis_savurusx1 yikim_gucux2,42,0,45,46,138,61,71,0,2,2,5,,0,0,0,0,0,0,0,0,0,0,0.84,57.156,4.333
18,Run50_KirilmaV1,Elektrik yolu,bahcivan,standart,107,ödülsüz eş,29,,,267,95,97,0,0,75,111,66,46,23,21,4990,12343,500,0,0,1399,706,140,1418,723,247,23936,50,9,49.54,1,1.69,1.616,1.67,9,0.3,2,27,8.96,1.34,1.45,1.39,1.29,1.44,65,35,42,29,33,2.27,4.33,3.5,1.61,3.05,22,81,0.697,0.42,4.556,800,6,109,0,hizli_bilekx1 bereketli_toprakx1 genis_savurusx1 yikim_gucux2,59,0,45,49,147,67,71,0,2,2,5,,0,0,0,0,0,0,0,0,0,0,0.679,110.889,5.933
18,Run50_KirilmaV1,Elektrik yolu,bahcivan,standart,107,ödülsüz eş,30,,,175,78,67,0,0,30,67,45,37,13,13,3290,15633,500,3290,100,936,483,114,1014,776,281,15369,52,6,53.29,1,1.69,1.565,1.736,9,0.3,2,28,6,1.14,1.33,1.65,1.67,1.67,68,53,21,22,0,0.43,1.94,3.27,3.13,2.6,22,81,0.808,0.593,4.353,837,8,117,0,hizli_bilekx1 bereketli_toprakx1 genis_savurusx1 yikim_gucux2,44,0,45,51,153,76,71,0,2,2,5,,0,0,0,0,0,0,0,0,0,0,0.827,73.111,3.889
18,Run50_KirilmaV1,Elektrik yolu,bahcivan,standart,107,ödülsüz eş,31,,,272,114,88,0,0,70,84,80,66,29,13,5097,5097,1200,0,0,1078,786,272,1082,842,553,25079,54,6,56.1,1.25,1.69,1.516,1.802,9,0.3,2,29,8.9,1.08,1.32,1.43,1.69,2,79,61,32,23,0,0.36,2.29,3.79,4.93,6.82,22,81,0.703,0.519,4.353,837,4,121,0,hizli_bilekx1 bereketli_toprakx1 genis_savurusx1 yikim_gucux2 keskin_bicakx1,50,0,45,53,159,81,72,0,2,2,5,,0,0,0,0,0,0,0,0,0,0,0.79,113.267,6.044
18,Run50_KirilmaV1,Elektrik yolu,bahcivan,standart,107,ödülsüz eş,32,,,293,122,94,0,0,77,110,70,66,32,15,5914,11011,1200,0,0,1350,942,250,1497,1304,708,26226,56,6,56.1,1.25,1.69,1.516,1.802,9,0.3,2,29,8.97,1.17,1.22,1.33,1.69,1.56,66,64,53,17,22,1.07,1.04,3.25,5.01,3.87,22,81,0.676,0.481,4.353,837,6,127,0,hizli_bilekx1 bereketli_toprakx1 genis_savurusx1 yikim_gucux2 keskin_bicakx1,54,0,45,55,165,81,78,0,2,2,5,,0,0,0,0,0,0,0,0,0,0,0.889,131.422,6.511
18,Run50_KirilmaV1,Elektrik yolu,bahcivan,standart,107,ödülsüz eş,33,,,297,121,81,0,0,95,113,85,58,37,4,4321,15332,1200,0,0,1216,694,240,1348,818,948,24489,58,6,60.05,1.25,1.69,1.516,1.802,9,0.35,2,29,8.83,1.15,1.23,1.5,1.53,2,74,66,40,35,0,0.79,1.43,3.47,4.55,5.57,22,81,0.696,0.481,4.246,858,7,134,0,hizli_bilekx1 bereketli_toprakx1 genis_savurusx1 yikim_gucux2 keskin_bicakx1,52,0,45,57,171,81,84,0,2,2,5,,0,0,0,0,0,0,0,0,0,0,0.617,96.022,6.6
18,Run50_KirilmaV1,Elektrik yolu,bahcivan,standart,107,ödülsüz eş,34,,,329,125,107,0,0,97,117,103,65,38,6,4809,20141,1200,0,0,1492,766,265,1640,1584,1103,28027,60,6,65.98,1.25,1.69,1.516,1.802,9,0.35,2,29,8.83,1.17,1.23,1.4,1.18,1.5,75,62,41,44,50,1.48,1.24,4.09,0.89,6.07,22,81,0.653,0.42,4.246,858,2,136,0,hizli_bilekx1 bereketli_toprakx1 genis_savurusx1 yikim_gucux2 keskin_bicakx1,56,0,45,59,177,81,90,0,2,2,5,,0,0,0,0,0,0,0,0,0,0,0.605,106.867,7.311
18,Run50_KirilmaV1,Elektrik yolu,bahcivan,standart,107,ödülsüz eş,35,,,286,125,101,0,0,60,107,75,54,39,11,5454,25595,1200,5454,220,1274,732,290,1444,996,1393,24639,61,3,69.27,1.25,1.69,1.468,1.868,9,0.35,2,30,8.93,1.27,1.18,1.26,1.81,1.33,67,71,36,32,67,1.89,1.12,1.47,5.94,4.4,22,81,0.689,0.444,4.214,865,5,141,0,hizli_bilekx1 bereketli_toprakx1 genis_savurusx1 yikim_gucux2 keskin_bicakx1,54,0,45,60,180,81,96,0,2,2,5,,0,0,0,0,0,0,0,0,0,0,0.815,121.2,6.356
18,Run50_KirilmaV1,Elektrik yolu,bahcivan,standart,107,ödülsüz eş,36,,,311,123,91,0,0,97,114,71,70,47,9,5696,5696,2800,0,0,1227,1043,323,1631,1599,1591,30418,63,6,69.27,1.25,1.69,1.468,1.868,9,0.35,2,30,8.8,1.23,1.04,1.5,1.53,1.75,74,71,45,36,0,1.64,0.18,2.72,3.97,5.5,22,81,0.688,0.469,4.099,889,4,145,0,hizli_bilekx1 bereketli_toprakx1 genis_savurusx1 yikim_gucux2 keskin_bicakx1 kivilcimx1,50,0,45,62,186,81,99,0,2,2,5,,0,0,0,0,0,0,0,0,0,0,0.667,126.578,6.911
18,Run50_KirilmaV1,Elektrik yolu,bahcivan,standart,107,ödülsüz eş,37,,,349,126,139,0,0,84,144,96,60,37,12,5811,11507,2800,0,0,1977,791,268,2148,1290,1859,31747,65,6,76.92,1.25,1.69,1.468,2,9,0.367,2,30,8.93,1.15,1.15,1.39,1.33,1.75,80,73,50,45,14,1.44,1.28,2.36,2.2,6.97,22,81,0.645,0.432,4.072,895,5,150,0,hizli_bilekx1 bereketli_toprakx1 genis_savurusx1 yikim_gucux2 keskin_bicakx1 kivilcimx1,56,0,45,64,192,81,105,0,2,2,5,,0,0,0,0,0,0,0,0,0,0,0.642,129.133,7.756
18,Run50_KirilmaV1,Elektrik yolu,bahcivan,standart,107,ödülsüz eş,38,,,350,133,138,0,0,79,135,99,70,30,16,6612,18119,2800,0,0,1879,1088,290,1977,1368,2009,29995,67,6,83.44,1.25,1.69,1.468,2,9,0.367,2,30,8.9,1.11,1.11,1.4,1.25,1.86,86,81,58,50,30,0.96,0.66,2.59,1.84,5.87,22,81,0.656,0.407,3.941,925,5,155,0,hizli_bilekx1 bereketli_toprakx1 genis_savurusx1 yikim_gucux2 keskin_bicakx1 kivilcimx1,57,0,45,66,198,81,111,0,2,2,5,,0,0,0,0,0,0,0,0,0,0,0.654,146.933,7.778
18,Run50_KirilmaV1,Elektrik yolu,bahcivan,standart,107,ödülsüz eş,39,,,383,149,143,0,0,91,148,102,80,44,9,6385,24504,2800,0,0,1973,1008,326,2720,1176,2335,38049,69,6,87.23,1.25,1.69,1.422,2,9,0.367,2,31,9,1.1,1.14,1.29,1.28,1.75,89,82,53,53,25,0.46,0.92,2.36,1.74,8.17,22,81,0.641,0.407,3.901,934,3,158,0,hizli_bilekx1 bereketli_toprakx1 genis_savurusx1 yikim_gucux2 keskin_bicakx1 kivilcimx1,60,0,45,68,204,81,117,0,2,2,5,,0,0,0,0,0,0,0,0,0,0,0.593,141.889,8.511
18,Run50_KirilmaV1,Elektrik yolu,bahcivan,standart,107,ödülsüz eş,40,,,359,149,134,0,0,76,140,102,66,41,10,6162,30666,2800,6162,500,1982,969,321,2112,1005,2501,38387,70,3,87.23,1.25,1.69,1.422,2.066,12,0.4,2,31,10.35,1.19,1.16,1.45,1.48,2,79,78,52,53,29,1,1.15,2.84,2.9,13.27,22,81,0.512,0.272,3.799,959,8,166,0,hizli_bilekx1 bereketli_toprakx1 genis_savurusx1 yikim_gucux2 keskin_bicakx1 kivilcimx1,56,0,45,69,207,81,123,0,2,2,5,,0,0,0,0,0,0,0,0,0,0,0.519,136.933,7.978
18,Run50_KirilmaV1,Elektrik yolu,bahcivan,standart,107,ödülsüz eş,41,,,544,218,196,0,0,130,203,159,105,57,20,10102,10102,4500,0,0,2801,1731,544,3013,2736,2895,49333,72,6,94.04,1.25,1.69,0.995,2.066,12,0.4,2.111,45,10.78,1.16,1.11,1.6,1.29,2,84,83,53,50,33,0.67,0.36,2.22,1.13,3.88,22,81,0.516,0.284,3.793,961,2,168,0,hizli_bilekx1 bereketli_toprakx1 genis_savurusx1 yikim_gucux2 keskin_bicakx1 kivilcimx1 firtina_bilegix1,87,0,45,71,213,81,126,0,2,2,5,,0,0,0,0,0,0,0,0,0,0,0.395,224.489,12.089
18,Run50_KirilmaV1,Elektrik yolu,bahcivan,standart,107,ödülsüz eş,42,,,636,268,209,0,0,159,228,144,155,91,18,12926,23028,4500,0,0,3055,2172,804,3243,2261,1589,60606,75,9,98.13,1.25,1.69,0.964,2.066,12,0.4,2.111,46,11.63,1.13,1.16,1.35,1.58,1.58,83,76,64,39,33,0.89,1.76,1.86,3.32,2.17,31,121,0.589,0.19,3.915,1391,9,177,17,hizli_bilekx1 bereketli_toprakx1 genis_savurusx1 yikim_gucux2 keskin_bicakx1 kivilcimx1 firtina_bilegix1,95,0,45,74,222,81,132,0,2,2,5,,0,0,0,0,0,0,0,0,0,0,0.587,287.244,14.133
18,Run50_KirilmaV1,Elektrik yolu,bahcivan,standart,107,ödülsüz eş,43,,,654,286,219,0,0,149,223,183,129,93,26,15078,38106,4500,0,0,4005,2175,810,4118,2836,2204,68691,77,6,102.22,1.25,1.69,0.964,2.198,12,0.417,2.222,46,11.63,1.22,1.15,1.25,1.4,1.4,77,76,68,55,67,1.23,0.88,1.37,2.4,1.93,31,121,0.593,0.413,3.854,1413,7,184,0,hizli_bilekx1 bereketli_toprakx1 genis_savurusx1 yikim_gucux2 keskin_bicakx1 kivilcimx1 firtina_bilegix1,103,0,45,76,228,90,132,0,2,2,5,,0,0,0,0,0,0,0,0,0,0,0.719,335.067,14.533
18,Run50_KirilmaV1,Elektrik yolu,bahcivan,standart,107,ödülsüz eş,44,,,640,266,251,0,0,123,230,155,136,92,27,15286,53392,4500,0,0,3795,2214,810,3993,3660,3014,64396,79,6,109.63,1.25,1.69,0.964,2.198,12,0.417,2.222,46,11.85,1.16,1.23,1.31,1.36,1.4,83,71,71,32,43,1.28,1.8,1.78,2.25,1.64,31,121,0.641,0.455,3.629,1501,5,189,0,hizli_bilekx1 bereketli_toprakx1 genis_savurusx1 yikim_gucux2 keskin_bicakx1 kivilcimx1 firtina_bilegix1,103,0,45,78,234,96,132,0,2,2,5,,0,0,0,0,0,0,0,0,0,0,0.645,339.689,14.222
18,Run50_KirilmaV1,Elektrik yolu,bahcivan,standart,107,ödülsüz eş,45,,,617,260,243,0,0,114,210,160,142,82,23,14822,68214,4500,14822,800,3560,2277,768,4643,3467,3542,60036,81,6,114.01,1.25,1.69,0.964,2.198,12,0.45,2.333,46,11.76,1.1,1.3,1.32,1.46,1.25,85,67,60,50,36,0.59,2.05,1.7,2.45,1.57,31,121,0.659,0.512,3.54,1538,7,196,0,hizli_bilekx1 bereketli_toprakx1 genis_savurusx1 yikim_gucux2 keskin_bicakx1 kivilcimx1 firtina_bilegix1,95,0,45,80,240,102,132,0,2,2,5,,0,0,0,0,0,0,0,0,0,0,0.702,329.378,13.711
18,Run50_KirilmaV1,Elektrik yolu,bahcivan,standart,107,ödülsüz eş,46,,,736,328,255,0,0,153,235,193,161,110,37,20828,20828,6000,0,0,4680,2859,1050,5523,4426,4592,72058,83,6,126.4,1.25,1.69,0.819,2.198,12,0.45,2.333,54,11.57,1.16,1.18,1.25,1.36,1.35,85,77,74,47,36,0.92,0.81,1.4,1.75,2.31,31,121,0.603,0.388,3.54,1538,3,199,0,hizli_bilekx2 bereketli_toprakx1 genis_savurusx1 yikim_gucux2 keskin_bicakx1 kivilcimx1 firtina_bilegix1,111,0,45,82,246,108,132,0,2,2,5,,0,0,0,0,0,0,0,0,0,0,0.562,462.844,16.356
18,Run50_KirilmaV1,Elektrik yolu,bahcivan,standart,107,ödülsüz eş,47,,,761,343,257,0,0,161,257,207,152,106,39,21011,41839,6000,0,0,4765,2715,1200,5688,7141,5502,75334,85,6,134.4,1.25,1.69,0.819,2.198,12,0.45,2.444,54,11.57,1.02,1.16,1.26,1.33,1.4,93,80,76,57,46,0.16,0.95,1.98,1.77,1.8,31,121,0.586,0.372,3.482,1564,3,202,0,hizli_bilekx2 bereketli_toprakx1 genis_savurusx1 yikim_gucux2 keskin_bicakx1 kivilcimx1 firtina_bilegix1,116,0,45,84,252,114,132,0,2,2,5,,0,0,0,0,0,0,0,0,0,0,0.719,466.911,16.911
18,Run50_KirilmaV1,Elektrik yolu,bahcivan,standart,107,ödülsüz eş,48,,,789,358,254,0,0,177,265,201,182,106,35,21119,62958,6000,0,0,4760,2985,1098,5748,10126,6600,85826,88,9,142.4,1.25,1.69,0.819,2.198,12,0.45,2.444,54,11.78,1.09,1.18,1.19,1.34,1.67,90,78,80,63,40,0.45,0.85,0.89,1.2,3.41,31,121,0.601,0.43,3.387,1607,2,204,0,hizli_bilekx2 bereketli_toprakx1 genis_savurusx1 yikim_gucux2 keskin_bicakx1 kivilcimx1 firtina_bilegix1,117,0,45,87,261,120,132,0,2,2,5,,0,0,0,0,0,0,0,0,0,0,0.76,469.311,17.533
18,Run50_KirilmaV1,Elektrik yolu,bahcivan,standart,107,ödülsüz eş,49,,,771,345,266,0,0,160,257,225,149,105,35,20093,83051,6000,0,0,5070,2604,1140,7618,12730,7410,83160,90,6,142.4,1.25,1.69,0.819,2.198,12,0.45,2.556,54,11.8,1.16,1.12,1.32,1.4,1.6,84,86,75,56,55,0.84,0.51,1.97,1.64,4.04,31,121,0.62,0.405,3.355,1623,3,207,0,hizli_bilekx2 bereketli_toprakx1 genis_savurusx1 yikim_gucux2 keskin_bicakx1 kivilcimx1 firtina_bilegix1,119,0,45,89,267,121,140,0,2,2,5,,0,0,0,0,0,0,0,0,0,0,0.645,446.511,17.133
18,Run50_KirilmaV1,Elektrik yolu,bahcivan,standart,107,ödülsüz eş,50,,,779,343,274,0,0,162,277,204,178,96,24,17642,100693,6000,0,0,4850,2775,936,5168,15505,8346,83574,91,3,150.4,1.25,1.69,0.819,2.198,12,0.45,2.556,54,11.76,1.1,1.09,1.19,1.39,1.83,86,86,75,59,35,0.48,0.29,1.78,2.16,2.8,31,121,0.605,0.438,3.355,1623,3,210,0,hizli_bilekx2 bereketli_toprakx1 genis_savurusx1 yikim_gucux2 keskin_bicakx1 kivilcimx1 firtina_bilegix1,114,0,45,90,270,121,146,0,2,2,5,,0,0,0,0,0,0,0,0,0,0,0.595,392.044,17.311
18,Run50_KirilmaV1,Elektrik yolu,bahcivan,standart,107,ödülsüz eş,50,KAZANDI
18,Run50_KirilmaV1,Elektrik yolu,bahcivan,standart,107,LAB R15 A ödülsüz #1,15,,,40,38,0,0,0,2,33,6,1,0,0,61,61,150,61,30,135,4,0,215,4,0,1128,3,6,18.13,1,1,2.048,0.9,4,0.3,2,21,4,1.47,2.5,,,,36,0,0,0,,2.43,9.56,,,,17,27,0.81,0.593,5.943,204,0,0,0,hizli_bilekx1 bereketli_toprakx1,11,0,45,2,6,0,0,0,0,0,15,,0,0,0,0,0,0,0,0,0,0,0.963,1.356,0.889
18,Run50_KirilmaV1,Elektrik yolu,bahcivan,standart,107,LAB R15 B +cifte_akim #1,15,,,42,32,1,0,0,9,29,10,3,0,0,89,89,150,89,30,147,12,0,227,12,0,1280,4,9,18.13,1,1,2.048,0.9,4,0.3,2,21,3.95,1.64,1.88,4,,,31,20,0,,,3.17,5.39,16.4,,,17,27,0.801,0.593,5.943,204,0,0,0,hizli_bilekx1 bereketli_toprakx1 cifte_akimx1,11,0,45,3,9,0,0,0,0,0,15,,3,3,0,6,5,0,0,0,0,0,0.963,1.978,0.933
18,Run50_KirilmaV1,Elektrik yolu,bahcivan,standart,107,LAB R15 A ödülsüz #2,15,,,46,34,4,0,0,8,36,9,1,0,0,73,73,150,73,30,162,4,0,242,4,0,1323,4,9,18.13,1,1,2.048,0.9,4,0.3,2,21,4,1.54,2.14,4,,,43,0,0,,,2.91,11.71,16.4,,,17,27,0.781,0.519,5.943,204,0,0,0,hizli_bilekx1 bereketli_toprakx1,13,0,45,3,9,0,0,0,0,0,15,,0,0,0,0,0,0,0,0,0,0,0.963,1.622,1.022
18,Run50_KirilmaV1,Elektrik yolu,bahcivan,standart,107,LAB R15 B +cifte_akim #2,15,,,43,33,1,0,0,9,24,17,1,1,0,115,115,150,115,30,174,4,2,254,4,2,1386,4,9,18.13,1,1,2.048,0.9,4,0.3,2,21,4,1.67,2.21,5,,,40,18,0,,,2.84,10.09,16.37,,,17,27,0.801,0.556,5.943,204,0,0,0,hizli_bilekx1 bereketli_toprakx1 cifte_akimx1,12,0,45,3,9,0,0,0,0,0,15,,3,3,0,7,6,0,0,0,0,0,0.889,2.556,0.956
18,Run50_KirilmaV1,Elektrik yolu,bahcivan,standart,107,LAB R15 A ödülsüz #3,15,,,41,35,2,0,0,4,33,5,3,0,0,78,78,150,78,30,129,12,0,209,12,0,1190,3,6,18.13,1,1,2.048,0.9,4,0.3,2,21,4,1.78,2.4,1.67,,,28,17,0,,,4.48,10.25,10.93,,,17,27,0.814,0.556,5.943,204,0,0,0,hizli_bilekx1 bereketli_toprakx1,12,0,45,2,6,0,0,0,0,0,15,,0,0,0,0,0,0,0,0,0,0,0.815,1.733,0.911
18,Run50_KirilmaV1,Elektrik yolu,bahcivan,standart,107,LAB R15 B +cifte_akim #3,15,,,37,31,3,0,0,3,29,5,3,0,0,74,74,150,74,30,117,12,0,197,12,0,1092,3,6,18.13,1,1,2.048,0.9,4,0.3,2,21,3.95,1.88,1.25,1.5,,,30,38,14,,,4.75,1.03,4.08,,,17,27,0.829,0.63,5.943,204,0,0,0,hizli_bilekx1 bereketli_toprakx1 cifte_akimx1,10,0,45,2,6,0,0,0,0,0,15,,2,2,0,3,2,0,0,0,0,0,0.889,1.644,0.822
18,Run50_KirilmaV1,Elektrik yolu,bahcivan,standart,107,LAB R25 A ödülsüz #1,25,,,168,79,34,0,0,55,60,43,37,23,5,2211,2211,300,2211,65,450,348,93,530,348,93,15398,21,60,39.82,1,1.3,1.722,1.558,9,0.3,2,26,8.5,1.25,1.86,1.69,2.17,2.75,67,26,40,17,0,1.48,5.71,4.5,5.74,8.62,16,49,0.684,0.224,4.84,456,0,0,0,hizli_bilekx1 bereketli_toprakx1 genis_savurusx1 yikim_gucux1,38,0,45,20,60,0,0,0,0,0,25,,0,0,0,0,0,0,0,0,0,0,0.531,49.133,3.733
18,Run50_KirilmaV1,Elektrik yolu,bahcivan,standart,107,LAB R25 B +cifte_akim #1,25,,,195,87,25,0,0,83,85,50,40,15,5,1982,1982,300,1982,65,762,305,57,842,305,57,16827,22,63,39.82,1,1.3,1.722,1.558,9,0.3,2,26,8.12,1.37,1.56,1.95,2.71,2.67,67,41,33,15,0,2.18,3.3,3.44,9.35,5.74,16,49,0.636,0.184,4.84,456,0,0,0,hizli_bilekx1 bereketli_toprakx1 genis_savurusx1 yikim_gucux1 cifte_akimx1,37,0,45,21,63,0,0,0,0,0,25,,43,43,0,34,27,0,0,2,0,0,0.449,44.044,4.333
18,Run50_KirilmaV1,Elektrik yolu,bahcivan,standart,107,LAB R25 sinerji A ödülsüz #1,25,,,170,65,0,0,0,105,86,50,17,12,5,1544,1544,300,1544,65,606,169,60,686,169,60,7680,14,39,39.82,1,2.197,1.722,1.558,9,0.3,2,26,8.08,1.47,1.65,2,2.25,1,39,49,31,44,0,2.52,3.82,4.67,4.73,0,16,49,0.609,0.041,5.307,416,0,0,0,hizli_bilekx1 bereketli_toprakx1 genis_savurusx1 yikim_gucux3 kivilcimx3,41,0.003,45,13,39,0,0,0,0,0,25,,0,0,0,0,0,0,0,0,0,0,0.755,34.311,3.778
18,Run50_KirilmaV1,Elektrik yolu,bahcivan,standart,107,LAB R25 sinerji B +cifte_akim #1,25,,,167,58,0,0,0,109,80,42,27,15,3,1493,1493,300,1493,65,540,214,57,620,214,57,7792,14,39,39.82,1,2.197,1.722,1.558,9,0.3,2,26,7.65,1.5,1.7,2.38,2.33,1,47,35,11,7,33,2.58,4.65,8.61,6.88,0,16,49,0.626,0.122,5.307,416,0,0,0,hizli_bilekx1 bereketli_toprakx1 genis_savurusx1 yikim_gucux3 cifte_akimx1 kivilcimx3,38,0.003,45,13,39,0,0,0,0,0,25,,58,58,0,25,22,0,0,0,0,0,0.673,33.178,3.711
18,Run50_KirilmaV1,Elektrik yolu,bahcivan,standart,107,LAB R25 A ödülsüz #2,25,,,160,86,33,0,0,41,77,32,33,16,2,1500,1500,300,1500,65,429,295,48,509,295,48,12788,19,54,39.82,1,1.3,1.722,1.558,9,0.3,2,26,8.42,1.32,1.74,1.86,2.75,,56,27,40,19,,1.91,5.08,4.93,8.6,,16,49,0.679,0.184,4.84,456,0,0,0,hizli_bilekx1 bereketli_toprakx1 genis_savurusx1 yikim_gucux1,40,0,45,18,54,0,0,0,0,0,25,,0,0,0,0,0,0,0,0,0,0,0.776,33.333,3.556
18,Run50_KirilmaV1,Elektrik yolu,bahcivan,standart,107,LAB R25 B +cifte_akim #2,25,,,182,85,22,0,0,75,83,51,26,19,3,1728,1728,300,1728,65,567,271,60,647,271,60,14352,20,57,39.82,1,1.3,1.722,1.558,9,0.3,2,26,8.12,1.37,1.48,1.93,2.5,,51,48,38,5,0,2.31,2.1,4.48,8.19,,16,49,0.657,0.184,4.84,456,0,0,0,hizli_bilekx1 bereketli_toprakx1 genis_savurusx1 yikim_gucux1 cifte_akimx1,40,0,45,19,57,0,0,0,0,0,25,,36,36,0,22,13,0,0,0,0,0,0.469,38.4,4.044
18,Run50_KirilmaV1,Elektrik yolu,bahcivan,standart,107,LAB R25 sinerji A ödülsüz #2,25,,,180,72,0,0,0,108,86,55,23,13,3,1429,1429,300,1429,65,684,186,39,764,186,39,8192,15,42,39.82,1,2.197,1.722,1.558,9,0.3,2,26,8.15,1.45,1.75,1.7,1.67,2.5,52,39,25,33,0,2.49,3.66,6.03,4.3,9.48,16,49,0.595,0.082,5.307,416,0,0,0,hizli_bilekx1 bereketli_toprakx1 genis_savurusx1 yikim_gucux3 kivilcimx3,40,0.003,45,14,42,0,0,0,0,0,25,,0,0,0,0,0,0,0,0,0,0,0.51,31.756,4
18,Run50_KirilmaV1,Elektrik yolu,bahcivan,standart,107,LAB R25 sinerji B +cifte_akim #2,25,,,183,66,0,0,0,117,86,43,36,14,4,1696,1696,300,1696,65,612,277,54,692,277,54,8624,15,42,39.82,1,2.197,1.722,1.558,9,0.3,2,26,7.81,1.54,1.53,1.44,2.33,,45,35,22,22,25,2.47,4.48,1.53,5.74,,16,49,0.581,0.122,5.307,416,0,0,0,hizli_bilekx1 bereketli_toprakx1 genis_savurusx1 yikim_gucux3 cifte_akimx1 kivilcimx3,39,0.003,45,14,42,0,0,0,0,0,25,,66,66,0,43,36,0,0,0,0,0,0.714,37.689,4.067
18,Run50_KirilmaV1,Elektrik yolu,bahcivan,standart,107,LAB R25 A ödülsüz #3,25,,,181,91,30,0,0,60,71,58,30,15,7,2195,2195,300,2195,65,672,324,57,752,324,57,15961,21,60,39.82,1,1.3,1.722,1.558,9,0.3,2,26,8.54,1.36,1.36,1.93,1.71,3,65,50,27,47,0,2.68,1.6,4.25,2.95,8.95,16,49,0.647,0.204,4.84,456,0,0,0,hizli_bilekx1 bereketli_toprakx1 genis_savurusx1 yikim_gucux1,36,0,45,20,60,0,0,0,0,0,25,,0,0,0,0,0,0,0,0,0,0,0.694,48.778,4.022
18,Run50_KirilmaV1,Elektrik yolu,bahcivan,standart,107,LAB R25 B +cifte_akim #3,25,,,163,68,24,0,0,71,68,42,29,19,5,1996,1996,300,1996,65,510,210,108,590,210,108,13779,20,57,39.82,1,1.3,1.722,1.558,9,0.3,2,26,8.54,1.26,1.86,1.88,2.25,3.5,58,19,22,27,0,1,4.39,5.47,4.74,13.77,16,49,0.694,0.184,4.84,456,0,0,0,hizli_bilekx1 bereketli_toprakx1 genis_savurusx1 yikim_gucux1 cifte_akimx1,40,0,45,19,57,0,0,0,0,0,25,,26,26,0,24,19,0,0,0,0,0,0.633,44.356,3.622
18,Run50_KirilmaV1,Elektrik yolu,bahcivan,standart,107,LAB R25 sinerji A ödülsüz #3,25,,,172,69,0,0,0,103,78,47,28,14,5,1730,1730,300,1730,65,564,246,66,644,246,66,8144,15,42,39.82,1,2.197,1.722,1.558,9,0.3,2,26,8.04,1.43,1.78,1.67,2,2,56,41,22,8,25,2.11,3.54,4.21,6.53,2.58,16,49,0.604,0.245,5.307,416,0,0,0,hizli_bilekx1 bereketli_toprakx1 genis_savurusx1 yikim_gucux3 kivilcimx3,34,0,45,14,42,0,0,0,0,0,25,,0,0,0,0,0,0,0,0,0,0,0.694,38.444,3.822
18,Run50_KirilmaV1,Elektrik yolu,bahcivan,standart,107,LAB R25 sinerji B +cifte_akim #3,25,,,175,59,0,0,0,116,82,46,24,19,4,1745,1745,300,1745,65,570,218,69,650,218,69,8272,15,42,39.82,1,2.197,1.722,1.558,9,0.3,2,26,7.92,1.35,1.7,2.4,1.75,1.33,47,28,18,12,50,1.86,2.58,7.23,3.88,0.58,16,49,0.594,0.102,5.307,416,0,0,0,hizli_bilekx1 bereketli_toprakx1 genis_savurusx1 yikim_gucux3 cifte_akimx1 kivilcimx3,40,0.003,45,14,42,0,0,0,0,0,25,,59,59,0,28,23,0,0,0,0,0,0.735,38.778,3.889
18,Run50_KirilmaV1,Elektrik yolu,bahcivan,standart,107,LAB R40 A ödülsüz #1,40,,,373,167,139,0,0,67,129,109,67,51,17,8012,8012,2800,8012,500,2069,1031,514,2149,1031,514,37398,31,90,87.23,1.25,1.69,1.422,2.066,12,0.4,2,31,10.52,1.13,1.12,1.48,1.46,1.25,86,84,56,58,54,0.9,0.63,2.06,1.89,1.07,22,81,0.508,0.235,3.799,959,0,0,0,hizli_bilekx1 bereketli_toprakx1 genis_savurusx1 yikim_gucux2 keskin_bicakx1 kivilcimx1,68,0,45,30,90,0,0,0,0,0,40,,0,0,0,0,0,0,0,0,0,0,0.605,178.044,8.289
18,Run50_KirilmaV1,Elektrik yolu,bahcivan,standart,107,LAB R40 B +cifte_akim #1,40,,,375,159,135,0,0,81,141,87,75,55,17,8245,8245,2800,8245,500,2096,1053,555,2176,1053,555,41382,32,93,87.23,1.25,1.69,1.422,2.066,12,0.4,2,31,10.84,1.19,1.15,1.5,1.34,2.33,83,89,65,60,30,1.17,0.59,2.47,1.81,5.68,22,81,0.499,0.272,3.799,959,0,0,0,hizli_bilekx1 bereketli_toprakx1 genis_savurusx1 yikim_gucux2 keskin_bicakx1 kivilcimx1 cifte_akimx1,68,0,45,31,93,0,0,0,0,0,40,,39,39,0,22,20,0,0,0,0,0,0.531,183.222,8.333
18,Run50_KirilmaV1,Elektrik yolu,bahcivan,standart,107,LAB R40 A ödülsüz #2,40,,,375,167,135,0,0,73,139,100,82,41,13,6892,6892,2800,6892,500,1973,1338,350,2053,1338,350,37227,31,90,87.23,1.25,1.69,1.422,2.066,12,0.4,2,31,10.61,1.13,1.24,1.28,1.58,1.67,89,71,69,35,38,0.63,1.19,1.16,4.03,4.74,22,81,0.542,0.296,3.799,959,0,0,0,hizli_bilekx1 bereketli_toprakx1 genis_savurusx1 yikim_gucux2 keskin_bicakx1 kivilcimx1,70,0,45,30,90,0,0,0,0,0,40,,0,0,0,0,0,0,0,0,0,0,0.531,153.156,8.333
18,Run50_KirilmaV1,Elektrik yolu,bahcivan,standart,107,LAB R40 B +cifte_akim #2,40,,,386,154,135,0,0,97,146,102,86,40,12,6845,6845,2800,6845,500,1843,1221,453,1923,1221,453,37990,31,90,87.23,1.25,1.69,1.422,2.066,12,0.4,2,31,10.19,1.11,1.18,1.5,1.61,1.67,90,78,65,37,30,0.38,0.76,2.04,2.21,2.37,22,81,0.515,0.247,3.799,959,0,0,0,hizli_bilekx1 bereketli_toprakx1 genis_savurusx1 yikim_gucux2 keskin_bicakx1 kivilcimx1 cifte_akimx1,75,0,45,30,90,0,0,0,0,0,40,,50,50,0,18,14,0,0,6,0,0,0.506,152.111,8.578
18,Run50_KirilmaV1,Elektrik yolu,bahcivan,standart,107,LAB R40 A ödülsüz #3,40,,,382,166,162,0,0,54,143,107,66,55,11,7157,7157,2800,7157,500,2163,986,457,2243,986,457,39317,31,90,87.23,1.25,1.69,1.422,2.066,12,0.4,2,31,10.71,1.16,1.09,1.36,1.31,1.67,81,87,70,60,40,1.24,0.6,1.88,1.42,2.37,22,81,0.508,0.235,3.799,959,0,0,0,hizli_bilekx1 bereketli_toprakx1 genis_savurusx1 yikim_gucux2 keskin_bicakx1 kivilcimx1,67,0,45,30,90,0,0,0,0,0,40,,0,0,0,0,0,0,0,0,0,0,0.346,159.044,8.489
18,Run50_KirilmaV1,Elektrik yolu,bahcivan,standart,107,LAB R40 B +cifte_akim #3,40,,,388,168,152,0,0,68,146,102,69,56,15,7870,7870,2800,7870,500,2264,1151,498,2344,1151,498,41525,32,93,87.23,1.25,1.69,1.422,2.066,12,0.4,2,31,10.58,1.1,1.17,1.48,1.56,1.57,90,83,64,59,64,0.6,1.21,2.5,2.56,5.48,22,81,0.513,0.284,3.799,959,0,0,0,hizli_bilekx1 bereketli_toprakx1 genis_savurusx1 yikim_gucux2 keskin_bicakx1 kivilcimx1 cifte_akimx1,67,0,45,31,93,0,0,0,0,0,40,,32,32,0,11,11,0,0,0,0,0,0.593,174.889,8.622
19,Run50_KirilmaV1,Elektrik yolu,bahcivan,standart,108,ödülsüz eş,1,,,12,12,0,0,0,0,11,0,1,0,0,21,21,45,0,0,22,4,0,22,4,0,260,1,0,10,1,1,3,0.9,4,0.3,2,14,2.07,1.91,,4,,,14,,0,,,2.73,,9,,,2,4,0.376,0,8,23,0,0,2,,3,0.171,45,0,0,0,0,0,0,0,0,,0,0,0,0,0,0,0,0,0,0,0.75,0.467,0.267
19,Run50_KirilmaV1,Elektrik yolu,bahcivan,standart,108,ödülsüz eş,2,,,14,14,0,0,0,0,12,2,0,0,0,18,39,45,0,0,32,0,0,34,4,0,300,2,3,10,1,1,3,0.9,4,0.3,2,14,2.43,1.92,3.5,,,,10,0,,,,3,10.5,,,,3,5,0.524,0.2,8,28,0,0,1,,4,0,45,1,3,0,0,0,0,0,0,,0,0,0,0,0,0,0,0,0,0,0.6,0.4,0.311
19,Run50_KirilmaV1,Elektrik yolu,bahcivan,standart,108,ödülsüz eş,3,,,16,15,0,0,0,1,11,4,1,0,0,33,72,45,0,0,38,4,0,40,8,0,380,3,3,11.33,1,1,3,0.9,4,0.3,2,14,2.43,1.6,2.75,4,,,30,0,0,,,3.3,9,12,,,4,6,0.532,0.167,8,34,2,2,1,,4,0,45,2,6,3,0,0,2,2,3,,0,0,0,0,0,0,0,0,0,0,0.5,0.733,0.356
19,Run50_KirilmaV1,Elektrik yolu,bahcivan,standart,108,ödülsüz eş,4,,,17,17,0,0,0,0,12,5,0,0,0,29,101,45,0,0,44,0,0,44,8,0,390,4,3,11.33,1,1,3,0.9,4,0.3,2,14,2.86,2,2.4,,,,15,0,,,,4.25,10.8,,,,5,8,0.609,0.375,8,45,0,2,1,,3,0,45,3,9,6,0,0,2,2,3,,0,0,0,0,0,0,0,0,0,0,0.625,0.644,0.378
19,Run50_KirilmaV1,Elektrik yolu,bahcivan,standart,108,ödülsüz eş,5,,,17,16,1,0,0,0,12,3,1,1,0,65,166,45,65,8,36,4,2,39,12,2,470,5,3,12,1,1,3,0.9,4,0.3,2,14,2.5,1.55,2.33,2,6,,38,0,0,0,,2.73,4,9,18,,6,9,0.359,0,7.804,52,3,5,1,,4,0.106,45,4,12,9,0,0,2,2,3,,0,0,0,0,0,0,0,0,0,0,0.556,1.444,0.378
19,Run50_KirilmaV1,Elektrik yolu,bahcivan,standart,108,ödülsüz eş,6,,,25,25,0,0,0,0,18,4,3,0,0,72,72,110,0,0,52,12,0,54,24,2,778,6,3,12,1.25,1,2.892,0.9,4,0.3,2,15,3.2,1.67,2,2,,,26,0,0,,,3.85,6.51,4.82,,,6,9,0.553,0.222,7.804,52,2,7,0,keskin_bicakx1,6,0,45,5,15,9,3,0,2,2,3,,0,0,0,0,0,0,0,0,0,0,0.667,1.6,0.556
19,Run50_KirilmaV1,Elektrik yolu,bahcivan,standart,108,ödülsüz eş,7,,,31,26,2,0,0,3,26,3,2,0,0,61,133,110,0,0,64,8,0,71,32,2,826,8,6,12.67,1.25,1,2.892,0.9,4,0.3,2,15,2.93,1.3,1.67,,,,58,0,0,,,1.26,7.71,,,,7,10,0.493,0.3,7.613,59,3,10,1,keskin_bicakx1,7,0,45,7,21,12,3,0,2,2,3,,0,0,0,0,0,0,0,0,0,0,0.3,1.356,0.689
19,Run50_KirilmaV1,Elektrik yolu,bahcivan,standart,108,ödülsüz eş,8,,,31,30,0,0,0,1,22,6,3,0,0,77,210,110,0,0,68,12,0,70,44,2,858,9,3,12.67,1.25,1,2.789,0.9,4,0.3,2,16,3.5,1.52,2.17,2,,,36,14,0,,,3.85,6.04,13.01,,,9,13,0.604,0.231,7.613,77,1,11,2,keskin_bicakx1,7,0,45,8,24,18,3,0,2,2,3,,0,0,0,0,0,0,0,0,0,0,0.385,1.711,0.689
19,Run50_KirilmaV1,Elektrik yolu,bahcivan,standart,108,ödülsüz eş,9,,,31,31,0,0,0,0,22,7,2,0,0,69,279,110,0,0,79,8,0,101,52,2,874,11,6,13.33,1.25,1,2.789,0.9,4,0.3,2,16,3.38,1.5,1.71,2,,,36,33,0,0,,4.56,4.38,6.97,,,10,14,0.614,0.357,7.613,83,3,14,1,keskin_bicakx1,5,0,45,10,30,21,3,0,2,2,3,,0,0,0,0,0,0,0,0,0,0,0.5,1.533,0.689
19,Run50_KirilmaV1,Elektrik yolu,bahcivan,standart,108,ödülsüz eş,10,,,32,30,1,0,0,1,24,5,2,1,0,97,376,110,97,16,73,8,2,81,60,4,905,12,3,14,1.25,1,2.789,0.9,4,0.3,2,16,3.56,1.43,2.2,2,3,,41,0,0,0,,3.52,11.71,25.1,8.37,,11,16,0.674,0.438,7.427,97,3,17,1,keskin_bicakx1,7,0,45,11,33,25,5,0,2,2,3,,0,0,0,0,0,0,0,0,0,0,0.438,2.156,0.711
19,Run50_KirilmaV1,Elektrik yolu,bahcivan,standart,108,ödülsüz eş,11,,,31,30,0,0,0,1,20,8,2,1,0,104,104,150,0,0,80,8,2,83,68,6,908,13,3,14.67,1.25,1,2.689,0.9,4,0.3,2,16,3.75,1.45,1.86,2.5,3,,45,20,0,,,2.96,5.76,5.38,16.13,,12,18,0.682,0.389,7.293,111,3,20,1,keskin_bicakx1 kivilcimx1,6,0,45,12,36,25,8,0,2,2,3,,0,0,0,0,0,0,0,0,0,0,0.667,2.311,0.689
19,Run50_KirilmaV1,Elektrik yolu,bahcivan,standart,108,ödülsüz eş,12,,,40,38,0,0,0,2,26,10,3,1,0,140,244,150,0,0,102,12,2,108,50,8,1182,15,6,15.64,1.25,1,2.592,0.9,4,0.3,2,17,3.94,1.5,1.6,2.67,1,,35,33,0,0,,4.32,5.71,6.92,0,,13,20,0.694,0.55,7.303,123,3,23,1,keskin_bicakx1 kivilcimx1,6,0,45,14,42,25,11,0,2,2,3,,0,0,0,0,0,0,0,0,0,0,0.6,3.111,0.889
19,Run50_KirilmaV1,Elektrik yolu,bahcivan,standart,108,ödülsüz eş,13,,,45,37,1,0,0,7,39,3,2,1,0,122,366,150,0,0,132,8,2,134,58,10,1242,16,3,16.36,1.25,1,2.5,0.9,4,0.3,2,17,4,1.48,1.67,2,2,,40,20,0,0,,3.63,1.67,15,7.5,,14,22,0.657,0.455,7.133,139,5,28,1,keskin_bicakx1 kivilcimx1,12,0,45,15,45,31,11,0,2,2,3,,0,0,0,0,0,0,0,0,0,0,0.682,2.711,1
19,Run50_KirilmaV1,Elektrik yolu,bahcivan,standart,108,ödülsüz eş,14,,,48,40,0,0,0,8,37,9,1,1,0,124,490,150,0,0,156,4,2,160,62,12,1357,17,3,18.13,1.25,1,2.5,0.9,4,0.3,2,17,4,1.27,1.63,2,1,,52,0,0,,,2.83,3.44,7.5,0,,16,25,0.691,0.52,6.932,162,3,31,2,keskin_bicakx1 kivilcimx1,12,0,45,16,48,34,11,0,2,2,3,,0,0,0,0,0,0,0,0,0,0,0.8,2.756,1.067
19,Run50_KirilmaV1,Elektrik yolu,bahcivan,standart,108,ödülsüz eş,15,,,36,35,0,0,0,1,25,9,2,0,0,89,579,150,89,30,120,8,0,120,45,12,1096,18,3,18.13,1.25,1,2.5,0.9,4,0.3,2,17,3.88,1.33,2.11,3,,,45,0,0,,,2.92,11.39,22.5,,,17,28,0.685,0.464,6.951,181,3,34,1,keskin_bicakx1 kivilcimx1,9,0,45,17,51,37,11,0,2,2,3,,0,0,0,0,0,0,0,0,0,0,0.75,1.978,0.8
19,Run50_KirilmaV1,Elektrik yolu,bahcivan,standart,108,ödülsüz eş,16,,,51,45,1,0,0,5,36,10,5,0,0,146,146,220,0,0,168,20,0,179,65,12,1549,19,3,18.13,1.25,1,2.048,0.9,4,0.3,2,21,3.95,1.34,2.22,2,,,50,0,0,,,3.01,12.06,17.41,,,19,31,0.748,0.581,6.811,205,3,37,2,keskin_bicakx1 kivilcimx1 hizli_bilekx1,11,0,45,18,54,40,11,0,2,2,3,,0,0,0,0,0,0,0,0,0,0,0.71,3.244,1.133
19,Run50_KirilmaV1,Elektrik yolu,bahcivan,standart,108,ödülsüz eş,17,,,65,42,6,0,0,17,49,9,7,0,0,196,342,220,0,0,201,28,0,237,68,12,2017,21,6,19.2,1.25,1,1.975,0.935,4,0.3,2,22,4,1.45,2,2,,,36,0,17,,,5.54,6.43,4.61,,,19,33,0.718,0.485,6.644,224,7,44,2,keskin_bicakx1 kivilcimx1 hizli_bilekx1,15,0,45,20,60,43,11,0,2,2,3,,0,0,0,0,0,0,0,0,0,0,0.576,4.356,1.444
19,Run50_KirilmaV1,Elektrik yolu,bahcivan,standart,108,ödülsüz eş,18,,,64,45,7,0,0,12,52,7,5,0,0,177,519,220,0,0,198,25,0,202,68,12,1997,22,3,20.27,1.25,1,1.904,0.935,4,0.3,2,23,4,1.38,1.75,2.75,,,46,0,14,0,0,4.42,7.14,18.56,,,20,40,0.761,0.45,6.433,280,5,49,3,keskin_bicakx1 kivilcimx1 hizli_bilekx1,15,0,45,21,63,49,11,0,2,2,3,,0,0,0,0,0,0,0,0,0,0,0.625,3.933,1.422
19,Run50_KirilmaV1,Elektrik yolu,bahcivan,standart,108,ödülsüz eş,19,,,87,53,12,0,0,22,61,16,7,2,1,532,1051,220,0,0,324,35,4,329,78,16,3090,24,6,23.08,1.25,1,1.836,0.97,4,0.3,2,24,4,1.18,1.54,1.5,2,2,58,25,0,0,0,1.89,4.38,2.29,7.37,7.33,20,43,0.696,0.488,6.239,310,4,53,2,keskin_bicakx1 kivilcimx1 hizli_bilekx1,20,0,45,23,69,49,14,0,2,2,3,,0,0,0,0,0,0,0,0,0,0,0.767,11.822,1.933
19,Run50_KirilmaV1,Elektrik yolu,bahcivan,standart,108,ödülsüz eş,20,,,113,66,10,0,0,37,70,27,10,5,1,643,1694,220,643,45,417,50,10,422,68,26,4732,26,6,24.3,1.25,1,1.836,1.04,6,0.3,2,24,6,1.39,1.75,1.86,2,1,43,15,0,0,,2.38,6.11,7.34,7.35,0,23,49,0.703,0.531,5.904,373,10,63,4,keskin_bicakx1 kivilcimx1 hizli_bilekx1,20,0,45,25,75,49,20,0,2,2,3,,0,0,0,0,0,0,0,0,0,0,0.612,14.289,2.511
19,Run50_KirilmaV1,Elektrik yolu,bahcivan,standart,108,ödülsüz eş,21,,,165,95,29,0,0,41,106,39,17,2,1,710,710,300,0,0,552,105,4,554,148,30,6982,29,9,25.51,1.25,1,1.836,1.419,9,0.3,2,24,8.38,1.26,1.7,1.6,2.5,3,59,26,14,0,0,2.46,5.32,5.51,11,14.7,21,49,0.545,0.347,5.857,376,4,67,1,keskin_bicakx1 kivilcimx1 hizli_bilekx1 genis_savurusx1,30,0,45,28,84,49,26,0,2,2,3,,0,0,0,0,0,0,0,0,0,0,0.653,15.778,3.667
19,Run50_KirilmaV1,Elektrik yolu,bahcivan,standart,108,ödülsüz eş,22,,,165,98,27,0,0,40,107,25,27,4,2,1040,1750,300,0,0,516,155,8,570,258,38,7309,31,6,28.62,1.25,1,1.778,1.419,9,0.3,2,25,8.48,1.31,1.65,1.88,2,2,61,19,20,0,0,2.77,4.08,5.33,3.57,16,21,49,0.547,0.265,5.857,376,4,71,0,keskin_bicakx1 kivilcimx1 hizli_bilekx1 genis_savurusx1,30,0,45,30,90,49,35,0,2,2,3,,0,0,0,0,0,0,0,0,0,0,0.592,23.111,3.667
19,Run50_KirilmaV1,Elektrik yolu,bahcivan,standart,108,ödülsüz eş,23,,,202,123,31,0,0,48,128,53,12,8,1,1142,2892,300,0,0,702,72,35,726,75,73,8950,34,9,33.24,1.25,1,1.722,1.419,9,0.3,2,26,8.73,1.25,1.47,1.91,2.14,2,66,47,27,29,0,1.92,3.83,6.89,7.87,6.9,21,49,0.505,0.327,5.695,387,7,78,0,keskin_bicakx1 kivilcimx1 hizli_bilekx1 genis_savurusx1,29,0,45,33,99,49,41,0,2,2,3,,0,0,0,0,0,0,0,0,0,0,0.347,25.378,4.489
19,Run50_KirilmaV1,Elektrik yolu,bahcivan,standart,108,ödülsüz eş,24,,,195,115,45,0,0,35,112,42,26,12,3,2621,5513,300,0,0,633,179,47,739,278,80,9420,36,6,38.16,1.25,1,1.722,1.465,9,0.3,2,26,8.5,1.22,1.4,1.63,2,1.5,70,47,32,11,50,1.56,2.27,4.41,4.91,3.45,19,49,0.481,0.245,5.567,396,5,83,2,keskin_bicakx1 kivilcimx1 hizli_bilekx1 genis_savurusx1,29,0,45,35,105,49,50,0,2,2,3,,0,0,0,0,0,0,0,0,0,0,0.429,58.244,4.333
19,Run50_KirilmaV1,Elektrik yolu,bahcivan,standart,108,ödülsüz eş,25,,,163,111,29,0,0,23,60,44,39,15,5,2768,8281,300,2768,65,540,327,56,594,399,76,10107,38,6,39.82,1.25,1,1.668,1.558,9,0.3,2,26,7.73,1.27,1.34,1.43,1.55,2,64,54,39,46,0,1.02,3.23,2.03,3.33,3.76,14,49,0.433,0.265,5.406,408,8,91,3,keskin_bicakx1 kivilcimx1 hizli_bilekx1 genis_savurusx1,31,0,45,37,111,49,56,0,2,2,3,,0,0,0,0,0,0,0,0,0,0,0.449,61.511,3.622
19,Run50_KirilmaV1,Elektrik yolu,bahcivan,standart,108,ödülsüz eş,26,,,238,120,60,0,0,58,91,74,39,28,6,4742,4742,500,0,0,909,327,84,963,413,140,14122,41,9,43.38,1.25,1,1.668,1.558,9,0.3,2,26,8.38,1.07,1.29,1.37,1.6,1.75,83,60,50,56,0,0.41,1.59,2.55,4.67,4.59,13,49,0.483,0.143,5.181,426,4,95,1,keskin_bicakx1 kivilcimx2 hizli_bilekx1 genis_savurusx1,46,0.004,45,40,120,49,62,0,2,2,3,,0,0,0,0,0,0,0,0,0,0,0.633,105.378,5.289
19,Run50_KirilmaV1,Elektrik yolu,bahcivan,standart,108,ödülsüz eş,27,,,264,126,51,0,0,87,111,70,46,32,5,4997,9739,500,0,0,1031,322,108,1069,355,128,15457,43,6,43.38,1.25,1,1.616,1.67,9,0.3,2,27,8.67,1.05,1.21,1.39,1.69,2,83,63,36,22,20,0.62,1.41,2.24,4.97,14.57,16,60,0.521,0.317,5.324,507,7,102,4,keskin_bicakx1 kivilcimx2 hizli_bilekx1 genis_savurusx1,50,0,45,42,126,49,71,0,2,2,3,,0,0,0,0,0,0,0,0,0,0,0.717,111.044,5.867
19,Run50_KirilmaV1,Elektrik yolu,bahcivan,standart,108,ödülsüz eş,28,,,266,108,56,0,0,102,108,57,60,36,5,4934,14673,500,0,0,886,544,174,1010,709,192,15876,46,9,46.93,1.25,1,1.616,1.67,9,0.3,2,27,9,1.12,1.21,1.29,2.23,4,68,56,46,16,14,1.09,1.55,2.23,10.44,27.47,19,81,0.631,0.407,5.41,674,7,109,8,keskin_bicakx1 kivilcimx2 hizli_bilekx1 genis_savurusx1,49,0,45,45,135,55,71,0,2,2,3,,0,0,0,0,0,0,0,0,0,0,0.617,109.644,5.911
19,Run50_KirilmaV1,Elektrik yolu,bahcivan,standart,108,ödülsüz eş,29,,,290,121,68,0,0,101,118,69,52,37,14,7551,22224,500,0,0,1230,633,212,1320,782,339,17082,48,6,49.54,1.25,1,1.565,1.736,9,0.3,2,28,9,1.16,1.11,1.5,1.44,1.13,70,66,36,32,20,1.53,0.61,4.11,4.26,0.78,19,81,0.617,0.432,5.247,695,5,114,0,keskin_bicakx1 kivilcimx2 hizli_bilekx1 genis_savurusx1,54,0,45,47,141,64,71,0,2,2,3,,0,0,0,0,0,0,0,0,0,0,0.667,167.8,6.444
19,Run50_KirilmaV1,Elektrik yolu,bahcivan,standart,108,ödülsüz eş,30,,,253,103,82,0,0,68,107,65,47,25,9,4507,26731,500,4507,100,1238,563,100,1468,915,359,14766,49,3,53.29,1.25,1,1.516,1.736,9,0.3,2,29,6,1.05,1.17,1.2,1.5,1.6,81,74,50,50,25,0.44,1.1,2.43,1.9,7.27,19,81,0.676,0.543,5.118,712,6,120,0,keskin_bicakx1 kivilcimx2 hizli_bilekx1 genis_savurusx1,44,0,45,48,144,70,71,0,2,2,3,,0,0,0,0,0,0,0,0,0,0,0.556,100.156,5.622
19,Run50_KirilmaV1,Elektrik yolu,bahcivan,standart,108,ödülsüz eş,31,,,385,177,98,0,0,110,144,90,91,48,12,8825,8825,1200,0,0,1470,889,318,1828,1084,677,24286,52,9,56.1,1.25,1,1.061,1.802,9,0.3,2,42,8.64,1.11,1.12,1.43,1.55,1.4,77,69,49,39,13,0.75,0.61,2.96,2.8,2.76,19,81,0.521,0.321,5.118,712,4,124,0,keskin_bicakx1 kivilcimx2 hizli_bilekx1 genis_savurusx1 firtina_bilegix1,60,0,45,51,153,73,71,0,2,2,3,,0,0,0,0,0,0,0,0,0,0,0.556,196.111,8.556
19,Run50_KirilmaV1,Elektrik yolu,bahcivan,standart,108,ödülsüz eş,32,,,397,197,66,0,0,134,146,104,90,40,17,10137,18962,1200,0,0,1824,1125,375,2287,1729,957,24846,54,6,60.05,1.25,1,1.061,1.802,9,0.35,2,42,8.69,1.13,1.17,1.37,1.63,1.6,76,72,43,32,20,0.95,0.81,1.99,2.68,4.46,19,81,0.514,0.321,5.041,723,8,132,0,keskin_bicakx1 kivilcimx2 hizli_bilekx1 genis_savurusx1 firtina_bilegix1,61,0,45,53,159,81,72,0,2,2,3,,0,0,0,0,0,0,0,0,0,0,0.519,225.267,8.822
19,Run50_KirilmaV1,Elektrik yolu,bahcivan,standart,108,ödülsüz eş,33,,,424,206,95,0,0,123,130,110,114,57,13,11100,30062,1200,0,0,1972,1355,340,2299,1904,1297,27685,56,6,65.98,1.25,1,1.028,1.868,9,0.35,2,43,8.44,1.11,1.15,1.29,1.38,1.71,83,73,64,39,13,0.56,0.53,1.6,2.09,4.84,19,81,0.491,0.309,4.906,743,5,137,0,keskin_bicakx1 kivilcimx2 hizli_bilekx1 genis_savurusx1 firtina_bilegix1,59,0,45,55,165,81,78,0,2,2,3,,0,0,0,0,0,0,0,0,0,0,0.679,246.667,9.422
19,Run50_KirilmaV1,Elektrik yolu,bahcivan,standart,108,ödülsüz eş,34,,,460,205,116,0,0,139,153,124,106,59,18,12012,42074,1200,0,0,2331,1194,495,2470,1338,1682,30966,59,9,73.42,1.25,1,1.028,1.868,9,0.35,2,43,8.67,1.04,1.06,1.23,1.56,1.33,89,86,59,35,33,0.21,0.23,1.44,3.53,5.82,19,81,0.496,0.296,4.764,765,8,145,0,keskin_bicakx1 kivilcimx2 hizli_bilekx1 genis_savurusx1 firtina_bilegix1,68,0,45,58,174,81,84,0,2,2,3,,0,0,0,0,0,0,0,0,0,0,0.444,266.933,10.222
19,Run50_KirilmaV1,Elektrik yolu,bahcivan,standart,108,ödülsüz eş,35,,,368,206,59,0,0,103,120,87,82,61,18,11764,53838,1200,11764,220,1896,1174,445,2316,1412,2127,25798,60,3,83.44,1.25,1,1.028,1.868,9,0.35,2,43,8,1.04,1.23,1.3,1.49,1.6,95,62,61,46,17,0.13,0.85,1.27,3.17,3.02,19,81,0.383,0.222,4.734,770,3,148,0,keskin_bicakx1 kivilcimx2 hizli_bilekx1 genis_savurusx1 firtina_bilegix1,60,0,45,59,177,81,93,0,2,2,3,,0,0,0,0,0,0,0,0,0,0,0.333,261.422,8.178
19,Run50_KirilmaV1,Elektrik yolu,bahcivan,standart,108,ödülsüz eş,36,,,507,229,113,0,0,165,170,133,113,65,26,15574,15574,2800,0,0,2531,1789,451,3257,2191,2453,35563,63,9,83.44,1.25,1,0.995,1.934,9,0.35,2,45,8.93,1.04,1.18,1.15,1.63,2,93,77,74,47,38,0.25,1.01,0.79,3.86,7.53,19,81,0.528,0.333,3.916,931,6,154,0,keskin_bicakx1 kivilcimx2 hizli_bilekx1 genis_savurusx1 firtina_bilegix1 bereketli_toprakx1,81,0,45,62,186,81,96,0,2,2,3,,0,0,0,0,0,0,0,0,0,0,0.506,346.089,11.267
19,Run50_KirilmaV1,Elektrik yolu,bahcivan,standart,108,ödülsüz eş,37,,,602,278,139,0,0,185,205,158,123,90,26,17681,33255,2800,0,0,2939,1808,701,3296,2229,3154,42410,65,6,87.23,1.25,1,0.995,2.066,12,0.383,2,45,11.11,1.02,1.16,1.17,1.45,1.4,94,79,77,53,38,0.02,0.6,0.87,1.92,1.99,19,81,0.47,0.21,3.804,958,8,162,0,keskin_bicakx1 kivilcimx2 hizli_bilekx1 genis_savurusx1 firtina_bilegix1 bereketli_toprakx1,93,0,45,64,192,81,105,0,2,2,3,,0,0,0,0,0,0,0,0,0,0,0.42,392.911,13.378
19,Run50_KirilmaV1,Elektrik yolu,bahcivan,standart,108,ödülsüz eş,38,,,616,284,124,0,0,208,205,176,138,75,22,16289,49544,2800,0,0,3465,1955,620,4311,2214,3634,43493,67,6,98.13,1.25,1,0.964,2.066,12,0.383,2,46,10.83,1.01,1.15,1.26,1.4,1.6,97,83,72,41,44,0.04,0.6,1.08,1.49,3.09,19,81,0.45,0.272,3.804,958,5,167,0,keskin_bicakx1 kivilcimx2 hizli_bilekx1 genis_savurusx1 firtina_bilegix1 bereketli_toprakx1,96,0,45,66,198,81,111,0,2,2,3,,0,0,0,0,0,0,0,0,0,0,0.444,361.978,13.689
19,Run50_KirilmaV1,Elektrik yolu,bahcivan,standart,108,ödülsüz eş,39,,,604,282,143,0,0,179,199,168,131,80,26,19059,68603,2800,0,0,3530,2055,680,3751,2999,4314,44694,69,6,98.13,1.25,1,0.964,2.132,12,0.383,2,46,11.04,1.03,1.16,1.33,1.47,2.09,96,76,64,48,31,0.12,0.63,1.24,2.26,5.87,19,81,0.474,0.309,3.711,982,8,175,0,keskin_bicakx1 kivilcimx2 hizli_bilekx1 genis_savurusx1 firtina_bilegix1 bereketli_toprakx1,88,0,45,68,204,81,117,0,2,2,3,,0,0,0,0,0,0,0,0,0,0,0.531,423.533,13.422
19,Run50_KirilmaV1,Elektrik yolu,bahcivan,standart,108,ödülsüz eş,40,,,549,256,121,0,0,172,203,137,114,73,22,17244,85847,2800,17244,500,2860,2040,601,3311,2049,4760,40892,71,6,109.63,1.25,1,0.964,2.132,12,0.383,2,46,11.15,1.13,1.25,1.39,1.66,1.91,83,70,55,44,14,0.66,0.68,1.67,2.62,2.98,19,81,0.541,0.346,3.573,1020,6,181,0,keskin_bicakx1 kivilcimx2 hizli_bilekx1 genis_savurusx1 firtina_bilegix1 bereketli_toprakx1,83,0,45,70,210,81,123,0,2,2,3,,0,0,0,0,0,0,0,0,0,0,0.728,383.2,12.2
19,Run50_KirilmaV1,Elektrik yolu,bahcivan,standart,108,ödülsüz eş,41,,,636,306,129,0,0,201,199,180,140,88,29,21072,21072,4500,0,0,3730,2261,893,3951,2610,5503,48821,73,6,114.01,1.25,1,0.964,2.198,12,0.383,2.111,46,11.2,1.02,1.16,1.16,1.22,1.42,98,78,70,52,47,0.04,0.72,0.84,1.15,2.97,19,81,0.501,0.309,3.53,1033,6,187,0,keskin_bicakx1 kivilcimx2 hizli_bilekx1 genis_savurusx1 firtina_bilegix1 bereketli_toprakx1 nadir_tohumx1,93,0,45,72,216,81,129,0,2,2,3,,0,0,0,0,0,0,0,0,0,0,0.481,468.267,14.133
19,Run50_KirilmaV1,Elektrik yolu,bahcivan,standart,108,ödülsüz eş,42,,,694,304,158,0,0,232,213,174,171,102,34,25715,46787,4500,0,0,4150,2649,1002,4366,4489,4415,56913,75,6,121.72,1.25,1,0.964,2.198,12,0.383,2.111,46,11.74,1.02,1.19,1.27,1.39,1.5,97,75,68,60,42,0.07,0.73,1.25,2.24,2.84,20,105,0.532,0.276,3.554,1330,5,192,8,keskin_bicakx1 kivilcimx2 hizli_bilekx1 genis_savurusx1 firtina_bilegix1 bereketli_toprakx1 nadir_tohumx1,102,0,45,74,222,81,135,0,2,2,3,,0,0,0,0,0,0,0,0,0,0,0.476,571.444,15.422
19,Run50_KirilmaV1,Elektrik yolu,bahcivan,standart,108,ödülsüz eş,43,,,758,311,238,0,0,209,229,204,170,126,29,23894,70681,4500,0,0,4000,2556,1164,5146,5145,5384,67085,78,9,126.4,1.25,1,0.964,2.198,12,0.433,2.222,46,11.61,1.01,1.07,1.15,1.19,1.4,95,87,75,69,47,0.04,0.39,1.06,1.83,3.18,27,121,0.537,0.347,3.701,1471,6,198,7,keskin_bicakx1 kivilcimx2 hizli_bilekx1 genis_savurusx1 firtina_bilegix1 bereketli_toprakx1 nadir_tohumx1,111,0,45,77,231,87,135,0,2,2,3,,0,0,0,0,0,0,0,0,0,0,0.669,530.978,16.844
19,Run50_KirilmaV1,Elektrik yolu,bahcivan,standart,108,ödülsüz eş,44,,,768,336,176,0,0,256,254,196,164,116,38,26206,96887,4500,0,0,5235,2499,1002,5561,7644,6386,71136,80,6,134.4,1.25,1,0.964,2.198,12,0.45,2.222,46,11.83,1.02,1.14,1.07,1.17,1.42,99,79,83,72,41,0.09,0.65,0.31,1.38,2.33,27,121,0.557,0.413,3.504,1554,3,201,0,keskin_bicakx1 kivilcimx2 hizli_bilekx1 genis_savurusx1 firtina_bilegix1 bereketli_toprakx1 nadir_tohumx1,110,0,45,79,237,96,135,0,2,2,3,,0,0,0,0,0,0,0,0,0,0,0.678,582.356,17.067
19,Run50_KirilmaV1,Elektrik yolu,bahcivan,standart,108,ödülsüz eş,45,,,631,257,169,0,0,205,193,177,141,92,28,21320,118207,4500,21320,800,3645,2238,828,4006,9882,6974,60259,82,6,142.4,1.25,1,0.964,2.198,12,0.45,2.333,46,9,1,1.13,1.1,1.3,1.73,100,76,78,63,45,0,0.81,0.94,2.43,4.29,27,121,0.631,0.488,3.504,1554,3,204,0,keskin_bicakx1 kivilcimx2 hizli_bilekx1 genis_savurusx1 firtina_bilegix1 bereketli_toprakx1 nadir_tohumx1,94,0,45,81,243,102,135,0,2,2,3,,0,0,0,0,0,0,0,0,0,0,0.702,473.778,14.022
19,Run50_KirilmaV1,Elektrik yolu,bahcivan,standart,108,ödülsüz eş,46,,,796,301,224,0,0,271,265,204,181,107,39,30160,30160,6000,0,0,4635,3030,1188,7241,12912,8162,72540,84,6,142.4,1.25,1.3,0.964,2.198,12,0.45,2.333,46,11.76,1.02,1.09,1.18,1.17,1.46,97,84,71,75,43,0.1,0.53,0.61,1.72,2.23,27,121,0.556,0.339,3.449,1579,1,205,0,keskin_bicakx1 kivilcimx2 hizli_bilekx1 genis_savurusx1 firtina_bilegix1 bereketli_toprakx1 nadir_tohumx1 yikim_gucux1,123,0,45,83,249,108,135,0,2,2,3,,0,0,0,0,0,0,0,0,0,0,0.686,670.222,17.689
19,Run50_KirilmaV1,Elektrik yolu,bahcivan,standart,108,ödülsüz eş,47,,,785,298,216,0,0,271,241,197,199,114,34,28009,58169,6000,0,0,4320,3135,1122,6261,16047,8994,76767,86,6,150.4,1.25,1.3,0.964,2.198,12,0.45,2.444,46,11.72,1.01,1.14,1.25,1.28,1.38,98,82,70,62,57,0.01,0.63,1.47,1.11,2.05,27,121,0.577,0.314,3.324,1638,3,208,0,keskin_bicakx1 kivilcimx2 hizli_bilekx1 genis_savurusx1 firtina_bilegix1 bereketli_toprakx1 nadir_tohumx1 yikim_gucux1,114,0,45,85,255,114,135,0,2,2,3,,0,0,0,0,0,0,0,0,0,0,0.562,622.422,17.444
19,Run50_KirilmaV1,Elektrik yolu,bahcivan,standart,108,ödülsüz eş,48,,,825,297,207,0,0,321,263,196,205,119,42,34172,92341,6000,0,0,5110,3531,1140,5271,19578,10134,82603,88,6,158.4,1.25,1.3,0.964,2.198,12,0.45,2.444,46,11.72,1,1.1,1.12,1.37,1.39,99,86,78,60,48,0,0.56,0.61,1.67,2.06,27,121,0.559,0.388,3.324,1638,2,210,0,keskin_bicakx1 kivilcimx2 hizli_bilekx1 genis_savurusx1 firtina_bilegix1 bereketli_toprakx1 nadir_tohumx1 yikim_gucux1,125,0,45,87,261,120,135,0,2,2,3,,0,0,0,0,0,0,0,0,0,0,0.661,759.378,18.333
19,Run50_KirilmaV1,Elektrik yolu,bahcivan,standart,108,ödülsüz eş,49,,,769,303,172,0,0,294,219,229,163,117,41,32242,124583,6000,0,0,4990,2688,1236,5661,22266,11040,74718,90,6,158.4,1.25,1.3,0.964,2.198,12,0.45,2.556,46,11.74,1.05,1.16,1.18,1.27,1.2,94,80,74,63,57,0.19,0.7,1.09,0.97,1.09,27,121,0.585,0.322,3.324,1638,3,213,0,keskin_bicakx1 kivilcimx2 hizli_bilekx1 genis_savurusx1 firtina_bilegix1 bereketli_toprakx1 nadir_tohumx1 yikim_gucux1,118,0,45,89,267,121,140,0,2,2,3,,0,0,0,0,0,0,0,0,0,0,0.686,716.489,17.089
19,Run50_KirilmaV1,Elektrik yolu,bahcivan,standart,108,ödülsüz eş,50,,,760,311,172,0,0,277,249,201,177,103,30,24743,149326,6000,0,0,4395,2850,1014,10056,25116,12054,72911,91,3,158.4,1.25,1.3,0.964,2.198,12,0.45,2.556,46,11.76,1.05,1.11,1.15,1.33,1.17,92,80,74,63,62,0.49,0.51,0.72,2.29,2.41,27,121,0.595,0.438,3.29,1655,0,213,0,keskin_bicakx1 kivilcimx2 hizli_bilekx1 genis_savurusx1 firtina_bilegix1 bereketli_toprakx1 nadir_tohumx1 yikim_gucux1,112,0,45,90,270,121,146,0,2,2,3,,0,0,0,0,0,0,0,0,0,0,0.628,549.844,16.889
19,Run50_KirilmaV1,Elektrik yolu,bahcivan,standart,108,ödülsüz eş,50,KAZANDI
19,Run50_KirilmaV1,Elektrik yolu,bahcivan,standart,108,LAB R15 A ödülsüz #1,15,,,45,40,1,0,0,4,40,4,1,0,0,77,77,150,77,30,140,4,0,220,4,0,1203,3,6,18.13,1.25,1,2.5,0.9,4,0.3,2,17,3.76,1.31,2,1,,,59,20,33,,,3.75,8.33,0,,,17,28,0.626,0.286,6.951,181,0,0,0,keskin_bicakx1 kivilcimx1,14,0,45,2,6,0,0,0,0,0,15,,0,0,0,0,0,0,0,0,0,0,0.679,1.711,1
19,Run50_KirilmaV1,Elektrik yolu,bahcivan,standart,108,LAB R15 B +cifte_akim #1,15,,,47,39,1,0,0,7,39,5,3,0,0,99,99,150,99,30,142,12,0,222,12,0,1319,4,9,18.13,1.25,1,2.5,0.9,4,0.3,2,17,3.88,1.26,1.8,2,,,59,33,33,0,,1.85,6.5,5,,,17,28,0.612,0.357,6.951,181,0,0,0,keskin_bicakx1 kivilcimx1 cifte_akimx1,13,0,45,3,9,0,0,0,0,0,15,,4,4,0,4,2,0,0,0,0,0,0.643,2.2,1.044
19,Run50_KirilmaV1,Elektrik yolu,bahcivan,standart,108,LAB R15 A ödülsüz #2,15,,,45,37,1,0,0,7,33,9,2,1,0,126,126,150,126,30,144,8,2,224,8,2,1306,4,9,18.13,1.25,1,2.5,0.9,4,0.3,2,17,3.82,1.15,1.57,1.5,2,,58,38,0,0,,1.2,3.93,10,27.5,,17,28,0.643,0.286,6.951,181,0,0,0,keskin_bicakx1 kivilcimx1,15,0,45,3,9,0,0,0,0,0,15,,0,0,0,0,0,0,0,0,0,0,0.607,2.8,1
19,Run50_KirilmaV1,Elektrik yolu,bahcivan,standart,108,LAB R15 B +cifte_akim #2,15,,,44,39,2,0,0,3,32,10,2,0,0,102,102,150,102,30,146,8,0,226,8,0,1275,4,9,18.13,1.25,1,2.5,0.9,4,0.3,2,17,3.82,1.21,2.13,1.5,,,67,8,0,,,1.47,7.19,11.25,,,17,28,0.653,0.393,6.951,181,0,0,0,keskin_bicakx1 kivilcimx1 cifte_akimx1,12,0,45,3,9,0,0,0,0,0,15,,3,3,0,6,3,0,0,0,0,0,0.714,2.267,0.978
19,Run50_KirilmaV1,Elektrik yolu,bahcivan,standart,108,LAB R15 A ödülsüz #3,15,,,46,44,0,0,0,2,30,13,3,0,0,113,113,150,113,30,155,12,0,235,12,0,1383,4,9,18.13,1.25,1,2.5,0.9,4,0.3,2,17,3.88,1.29,1.38,2,,,55,45,0,,,1.88,4.81,5,,,17,28,0.619,0.25,6.951,181,0,0,0,keskin_bicakx1 kivilcimx1,13,0,45,3,9,0,0,0,0,0,15,,0,0,0,0,0,0,0,0,0,0,0.786,2.511,1.022
19,Run50_KirilmaV1,Elektrik yolu,bahcivan,standart,108,LAB R15 B +cifte_akim #3,15,,,43,38,1,0,0,4,29,13,1,0,0,102,102,150,102,30,152,4,0,232,4,0,1263,4,9,18.13,1.25,1,2.5,0.9,4,0.3,2,17,3.88,1.28,1.67,2,,,59,29,0,,,1.5,2.92,20,,,17,28,0.615,0.393,6.951,181,0,0,0,keskin_bicakx1 kivilcimx1 cifte_akimx1,12,0,45,3,9,0,0,0,0,0,15,,3,3,0,7,4,0,0,0,0,0,0.857,2.267,0.956
19,Run50_KirilmaV1,Elektrik yolu,bahcivan,standart,108,LAB R25 A ödülsüz #1,25,,,186,114,31,0,0,41,89,43,27,21,6,3049,3049,300,3049,65,573,189,118,653,189,118,10884,17,48,39.82,1.25,1,1.668,1.558,9,0.3,2,26,7.92,1.19,1.27,1.55,1.79,1.5,76,66,54,42,40,0.59,1.52,2.92,5.72,1.67,14,49,0.435,0.204,5.406,408,0,0,0,keskin_bicakx1 kivilcimx1 hizli_bilekx1 genis_savurusx1,44,0,45,16,48,0,0,0,0,0,25,,0,0,0,0,0,0,0,0,0,0,0.49,67.756,4.133
19,Run50_KirilmaV1,Elektrik yolu,bahcivan,standart,108,LAB R25 B +cifte_akim #1,25,,,199,115,38,0,0,46,99,36,28,25,11,4152,4152,300,4152,65,609,304,130,689,304,130,12074,18,51,39.82,1.25,1,1.668,1.558,9,0.3,2,26,7.69,1.1,1.24,1.36,1.67,1.75,85,65,55,45,25,0.36,2.15,2.14,3.75,5.21,14,49,0.441,0.163,5.406,408,0,0,0,keskin_bicakx1 kivilcimx1 hizli_bilekx1 genis_savurusx1 cifte_akimx1,45,0,45,17,51,0,0,0,0,0,25,,55,55,0,23,11,0,0,0,0,0,0.306,92.267,4.422
19,Run50_KirilmaV1,Elektrik yolu,bahcivan,standart,108,LAB R25 sinerji A ödülsüz #1,25,,,151,75,0,0,0,76,71,44,17,14,5,1579,1579,300,1579,65,573,146,64,653,146,64,7072,13,36,39.82,1.25,2.197,1.668,1.558,9,0.3,2,26,6.81,1.51,1.31,1.86,2,1.5,48,57,29,40,0,2.25,1.03,5.71,1.67,3.33,14,49,0.391,0.082,6.243,353,0,0,0,keskin_bicakx1 kivilcimx3 hizli_bilekx1 genis_savurusx1 yikim_gucux3,44,0.092,45,12,36,0,0,0,0,0,25,,0,0,0,0,0,0,0,0,0,0,0.429,35.089,3.356
19,Run50_KirilmaV1,Elektrik yolu,bahcivan,standart,108,LAB R25 sinerji B +cifte_akim #1,25,,,163,75,0,0,0,88,70,43,29,16,5,1792,1792,300,1792,65,468,230,92,548,230,92,7920,14,39,39.82,1.25,2.197,1.668,1.558,9,0.3,2,26,6.73,1.32,1.43,1.55,2.17,,57,54,45,20,25,1.04,1.51,1.67,5.84,,14,49,0.334,0.082,6.243,353,0,0,0,keskin_bicakx1 kivilcimx3 hizli_bilekx1 genis_savurusx1 cifte_akimx1 yikim_gucux3,45,0.068,45,13,39,0,0,0,0,0,25,,75,75,0,13,13,0,0,0,0,0,0.408,39.822,3.622
19,Run50_KirilmaV1,Elektrik yolu,bahcivan,standart,108,LAB R25 A ödülsüz #2,25,,,180,108,35,0,0,37,73,44,36,19,8,3309,3309,300,3309,65,675,333,68,755,333,68,11061,17,48,39.82,1.25,1,1.668,1.558,9,0.3,2,26,7.88,1.11,1.19,1.57,1.5,2.5,86,73,47,38,20,0.71,0.58,3.5,2.84,8.76,14,49,0.46,0.184,5.406,408,0,0,0,keskin_bicakx1 kivilcimx1 hizli_bilekx1 genis_savurusx1,44,0,45,16,48,0,0,0,0,0,25,,0,0,0,0,0,0,0,0,0,0,0.49,73.533,4
19,Run50_KirilmaV1,Elektrik yolu,bahcivan,standart,108,LAB R25 B +cifte_akim #2,25,,,190,113,35,0,0,42,80,44,39,20,7,3359,3359,300,3359,65,648,327,82,728,327,82,11612,18,51,39.82,1.25,1,1.668,1.558,9,0.3,2,26,7.96,1.2,1.28,1.61,1.36,1.5,78,68,32,50,44,0.83,2.13,4.79,2.88,1.67,14,49,0.435,0.143,5.406,408,0,0,0,keskin_bicakx1 kivilcimx1 hizli_bilekx1 genis_savurusx1 cifte_akimx1,45,0.005,45,17,51,0,0,0,0,0,25,,47,47,0,12,6,0,0,0,0,0,0.429,74.644,4.222
19,Run50_KirilmaV1,Elektrik yolu,bahcivan,standart,108,LAB R25 sinerji A ödülsüz #2,25,,,156,74,0,0,0,82,69,40,26,15,6,1828,1828,300,1828,65,591,236,56,671,236,56,7568,14,39,39.82,1.25,2.197,1.668,1.558,9,0.3,2,26,6.46,1.31,1.38,1.9,2.2,2.33,65,61,35,10,0,1.62,1.83,2.84,6.34,6.67,14,49,0.368,0.041,6.243,353,0,0,0,keskin_bicakx1 kivilcimx3 hizli_bilekx1 genis_savurusx1 yikim_gucux3,43,0.082,45,13,39,0,0,0,0,0,25,,0,0,0,0,0,0,0,0,0,0,0.367,40.622,3.467
19,Run50_KirilmaV1,Elektrik yolu,bahcivan,standart,108,LAB R25 sinerji B +cifte_akim #2,25,,,171,74,0,0,0,97,80,51,27,11,2,1259,1259,300,1259,65,594,189,44,674,189,44,7808,14,39,39.82,1.25,2.197,1.668,1.558,9,0.3,2,26,6.54,1.39,1.62,1.43,1.8,,59,42,53,36,50,1.79,1.59,0.71,4.67,,14,49,0.341,0.102,6.243,353,0,0,0,keskin_bicakx1 kivilcimx3 hizli_bilekx1 genis_savurusx1 cifte_akimx1 yikim_gucux3,44,0.117,45,13,39,0,0,0,0,0,25,,74,74,0,12,12,0,0,0,0,0,0.327,27.978,3.8
19,Run50_KirilmaV1,Elektrik yolu,bahcivan,standart,108,LAB R25 A ödülsüz #3,25,,,182,115,27,0,0,40,80,47,27,23,5,3121,3121,300,3121,65,522,270,91,602,270,91,10931,17,48,39.82,1.25,1,1.668,1.558,9,0.3,2,26,7.77,1.09,1.26,1.47,1.5,2.5,80,72,50,36,0,0.55,1.19,3,3.83,10.42,14,49,0.447,0.163,5.406,408,0,0,0,keskin_bicakx1 kivilcimx1 hizli_bilekx1 genis_savurusx1,44,0,45,16,48,0,0,0,0,0,25,,0,0,0,0,0,0,0,0,0,0,0.571,69.356,4.044
19,Run50_KirilmaV1,Elektrik yolu,bahcivan,standart,108,LAB R25 B +cifte_akim #3,25,,,194,116,37,0,0,41,88,42,37,22,5,3134,3134,300,3134,65,708,259,77,788,259,77,11478,18,51,39.82,1.25,1,1.668,1.558,9,0.3,2,26,7.85,1.08,1.28,1.67,1.58,1.8,86,66,45,45,40,0.48,1.04,3.81,3.89,6.33,14,49,0.42,0.163,5.406,408,0,0,0,keskin_bicakx1 kivilcimx1 hizli_bilekx1 genis_savurusx1 cifte_akimx1,45,0,45,17,51,0,0,0,0,0,25,,51,51,0,9,7,0,0,0,0,0,0.327,69.644,4.311
19,Run50_KirilmaV1,Elektrik yolu,bahcivan,standart,108,LAB R25 sinerji A ödülsüz #3,25,,,160,74,0,0,0,86,82,40,25,10,3,1278,1278,300,1278,65,534,202,41,614,202,41,7232,14,39,39.82,1.25,2.197,1.668,1.558,9,0.3,2,26,6.65,1.39,1.5,1.62,2,1,57,43,45,18,0,1.89,3.09,2.31,2.5,0,14,49,0.372,0.082,6.243,353,0,0,0,keskin_bicakx1 kivilcimx3 hizli_bilekx1 genis_savurusx1 yikim_gucux3,44,0.105,45,13,39,0,0,0,0,0,25,,0,0,0,0,0,0,0,0,0,0,0.367,28.4,3.556
19,Run50_KirilmaV1,Elektrik yolu,bahcivan,standart,108,LAB R25 sinerji B +cifte_akim #3,25,,,154,66,0,0,0,88,73,36,30,13,2,1302,1302,300,1302,65,483,237,39,563,237,39,7216,14,39,39.82,1.25,2.197,1.668,1.558,9,0.3,2,26,6.65,1.33,1.5,2,2.5,,61,41,30,9,0,1.34,2.41,4.17,5.42,,14,49,0.381,0.082,6.243,353,0,0,0,keskin_bicakx1 kivilcimx3 hizli_bilekx1 genis_savurusx1 cifte_akimx1 yikim_gucux3,45,0.055,45,13,39,0,0,0,0,0,25,,66,66,0,13,13,0,0,0,0,0,0.449,28.933,3.422
19,Run50_KirilmaV1,Elektrik yolu,bahcivan,standart,108,LAB R40 A ödülsüz #1,40,,,585,266,154,0,0,165,181,145,143,92,24,19908,19908,2800,19908,500,3069,2321,814,3149,2321,814,45792,33,96,109.63,1.25,1,0.964,2.132,12,0.383,2,46,11.22,1.04,1.22,1.27,1.42,1.91,97,71,62,56,47,0.24,0.7,1.02,1.64,2.19,19,81,0.538,0.21,3.573,1020,0,0,0,keskin_bicakx1 kivilcimx2 hizli_bilekx1 genis_savurusx1 firtina_bilegix1 bereketli_toprakx1,97,0,45,32,96,0,0,0,0,0,40,,0,0,0,0,0,0,0,0,0,0,0.63,442.4,13
19,Run50_KirilmaV1,Elektrik yolu,bahcivan,standart,108,LAB R40 B +cifte_akim #1,40,,,638,282,105,0,0,251,211,177,130,94,26,19953,19953,2800,19953,500,3559,2089,952,3639,2089,952,48575,34,99,109.63,1.25,1,0.964,2.132,12,0.383,2,46,10.96,1.01,1.33,1.33,1.41,1.7,96,73,61,56,41,0.05,1.43,1.31,1.17,2.6,19,81,0.509,0.21,3.573,1020,0,0,0,keskin_bicakx1 kivilcimx2 hizli_bilekx1 genis_savurusx1 firtina_bilegix1 bereketli_toprakx1 cifte_akimx1,98,0,45,33,99,0,0,0,0,0,40,,148,148,0,77,45,0,0,0,0,0,0.642,443.4,14.178
19,Run50_KirilmaV1,Elektrik yolu,bahcivan,standart,108,LAB R40 A ödülsüz #2,40,,,606,281,148,0,0,177,219,154,132,79,22,17730,17730,2800,17730,500,3483,1919,741,3563,1919,741,45267,33,96,109.63,1.25,1,0.964,2.132,12,0.383,2,46,11.04,1.05,1.19,1.2,1.46,1.58,92,78,71,50,27,0.28,0.7,0.85,2.22,3.54,19,81,0.52,0.21,3.573,1020,0,0,0,keskin_bicakx1 kivilcimx2 hizli_bilekx1 genis_savurusx1 firtina_bilegix1 bereketli_toprakx1,97,0,45,32,96,0,0,0,0,0,40,,0,0,0,0,0,0,0,0,0,0,0.383,394,13.467
19,Run50_KirilmaV1,Elektrik yolu,bahcivan,standart,108,LAB R40 B +cifte_akim #2,40,,,627,271,121,0,0,235,211,154,152,89,21,19117,19117,2800,19117,500,3279,2348,848,3359,2348,848,47610,34,99,109.63,1.25,1,0.964,2.132,12,0.383,2,46,11.02,1.03,1.19,1.31,1.74,1.14,94,79,58,45,50,0.16,0.77,1.25,3.83,1.51,19,81,0.512,0.222,3.573,1020,0,0,0,keskin_bicakx1 kivilcimx2 hizli_bilekx1 genis_savurusx1 firtina_bilegix1 bereketli_toprakx1 cifte_akimx1,95,0,45,33,99,0,0,0,0,0,40,,147,147,0,91,58,0,0,6,0,0,0.519,424.822,13.933
19,Run50_KirilmaV1,Elektrik yolu,bahcivan,standart,108,LAB R40 A ödülsüz #3,40,,,577,265,135,0,0,177,181,160,134,76,26,18952,18952,2800,18952,500,3348,2268,698,3428,2268,698,44061,33,96,109.63,1.25,1,0.964,2.132,12,0.383,2,46,11.17,1.03,1.21,1.28,1.69,1.64,91,75,65,45,48,0.11,0.63,1.21,2.97,3.06,19,81,0.536,0.222,3.573,1020,0,0,0,keskin_bicakx1 kivilcimx2 hizli_bilekx1 genis_savurusx1 firtina_bilegix1 bereketli_toprakx1,96,0,45,32,96,0,0,0,0,0,40,,0,0,0,0,0,0,0,0,0,0,0.63,421.156,12.822
19,Run50_KirilmaV1,Elektrik yolu,bahcivan,standart,108,LAB R40 B +cifte_akim #3,40,,,618,277,103,0,0,238,212,155,143,72,36,22056,22056,2800,22056,500,3937,2438,727,4017,2438,727,46998,33,96,109.63,1.25,1,0.964,2.132,12,0.383,2,46,11.09,1.08,1.1,1.41,1.64,2.05,90,83,63,53,40,0.4,0.33,2.08,3.01,4.16,19,81,0.51,0.198,3.573,1020,0,0,0,keskin_bicakx1 kivilcimx2 hizli_bilekx1 genis_savurusx1 firtina_bilegix1 bereketli_toprakx1 cifte_akimx1,98,0,45,32,96,0,0,0,0,0,40,,159,159,0,69,47,0,0,0,0,0,0.506,490.133,13.733
20,Run50_KirilmaV1,Elektrik yolu,bahcivan,standart,109,ödülsüz eş,1,,,13,13,0,0,0,0,11,1,1,0,0,24,24,45,0,0,26,4,0,26,4,0,290,1,0,10,1,1,3,0.9,4,0.3,2,13,2.38,2.18,3,3,,,8,0,0,,,3.55,6,6,,,2,4,0.394,0,8,23,0,0,2,,4,0.217,45,0,0,0,0,0,0,0,0,,0,0,0,0,0,0,0,0,0,0,0.25,0.533,0.289
20,Run50_KirilmaV1,Elektrik yolu,bahcivan,standart,109,ödülsüz eş,2,,,14,14,0,0,0,0,11,2,1,0,0,27,51,45,0,0,30,4,0,31,8,0,320,2,3,10.67,1,1,3,0.9,4,0.3,2,14,2.36,1.82,3,3,,,18,0,0,,,3.55,6,9,,,3,5,0.446,0,8,28,1,1,1,,4,0.089,45,1,3,0,0,0,0,0,0,,0,0,0,0,0,0,0,0,0,0,1,0.6,0.311
20,Run50_KirilmaV1,Elektrik yolu,bahcivan,standart,109,ödülsüz eş,3,,,17,17,0,0,0,0,12,4,1,0,0,34,85,45,0,0,40,4,0,44,12,0,400,3,3,11.33,1,1,3,0.9,4,0.3,2,14,2.93,2.08,2,3,,,7,0,0,0,,3.5,9,6,,,4,6,0.593,0.167,7.335,37,1,2,1,,4,0,45,2,6,3,0,0,2,0,0,,0,0,0,0,0,0,0,0,0,0,0.833,0.756,0.378
20,Run50_KirilmaV1,Elektrik yolu,bahcivan,standart,109,ödülsüz eş,4,,,19,19,0,0,0,0,17,1,1,0,0,30,115,45,0,0,38,4,0,41,16,0,410,4,3,12,1,1,3,0.9,4,0.3,2,14,3.36,1.94,2,4,,,0,0,0,,,4.24,18,12,,,5,7,0.657,0.286,6.801,46,3,5,1,,4,0,45,3,9,6,0,0,2,3,0,,0,0,0,0,0,0,0,0,0,0,0.714,0.667,0.422
20,Run50_KirilmaV1,Elektrik yolu,bahcivan,standart,109,ödülsüz eş,5,,,17,16,0,0,0,1,10,4,1,2,0,92,207,45,92,8,36,4,4,44,20,4,487,5,3,12,1,1,2.892,0.9,4,0.3,2,15,2.8,1.9,3,2,2.5,,10,0,,0,,4.92,8.69,2.9,8.68,,6,8,0.513,0.25,6.968,52,2,7,1,,5,0,45,4,12,9,0,0,2,3,5,,0,0,0,0,0,0,0,0,0,0,0.625,2.044,0.378
20,Run50_KirilmaV1,Elektrik yolu,bahcivan,standart,109,ödülsüz eş,6,,,23,22,0,0,0,1,16,6,1,0,0,46,46,110,0,0,56,4,0,80,24,4,571,6,3,12,1,1.3,2.892,0.9,4,0.3,2,15,3.6,1.93,2.17,3,,,17,0,0,0,,5.79,7.23,5.8,,,7,9,0.635,0.222,7.036,58,0,7,1,yikim_gucux1,7,0,45,5,15,9,3,0,2,3,5,,0,0,0,0,0,0,0,0,0,0,0.778,1.022,0.511
20,Run50_KirilmaV1,Elektrik yolu,bahcivan,standart,109,ödülsüz eş,7,,,28,22,1,0,0,5,19,5,2,2,0,118,164,110,0,0,58,8,4,61,32,8,751,8,6,13.33,1,1.3,2.789,0.9,4,0.3,2,16,3.5,1.79,2.4,3,3.5,,7,0,0,0,,3.99,7.25,11.16,12.55,,7,9,0.602,0,6.863,59,6,13,0,yikim_gucux1,8,0.153,45,7,21,9,6,0,2,3,5,,0,0,0,0,0,0,0,0,0,0,0.333,2.622,0.622
20,Run50_KirilmaV1,Elektrik yolu,bahcivan,standart,109,ödülsüz eş,8,,,23,20,2,0,0,1,18,3,1,1,0,75,239,110,0,0,51,4,2,51,36,10,570,9,3,13.33,1,1.3,2.789,0.9,4,0.3,2,16,3.63,2,3,3,3,,29,0,0,0,,5.41,12.57,11.16,25.1,,8,10,0.651,0.3,6.957,65,2,15,1,yikim_gucux1,6,0,45,8,24,15,6,0,2,3,5,,0,0,0,0,0,0,0,0,0,0,0.6,1.667,0.511
20,Run50_KirilmaV1,Elektrik yolu,bahcivan,standart,109,ödülsüz eş,9,,,28,25,1,0,0,2,20,5,2,1,0,89,328,110,0,0,65,8,2,73,44,12,719,10,3,14,1,1.3,2.789,0.9,4,0.3,2,16,3.5,1.56,2,3,1,,31,0,0,,,3.41,7.68,13.95,0,,9,11,0.652,0.273,6.858,72,2,17,1,yikim_gucux1,6,0,45,9,27,18,6,0,2,3,5,,0,0,0,0,0,0,0,0,0,0,0.636,1.978,0.622
20,Run50_KirilmaV1,Elektrik yolu,bahcivan,standart,109,ödülsüz eş,10,,,23,21,1,0,0,1,16,3,4,0,0,66,394,110,66,16,47,16,0,62,60,12,604,11,3,14.67,1,1.3,2.689,0.9,4,0.3,2,16,3.5,1.57,2.67,2.5,,,36,0,0,,,3.07,4.48,8.73,,,10,12,0.703,0.5,6.915,78,3,20,1,yikim_gucux1,6,0,45,10,30,21,6,0,2,3,5,,0,0,0,0,0,0,0,0,0,0,0.583,1.467,0.511
20,Run50_KirilmaV1,Elektrik yolu,bahcivan,standart,109,ödülsüz eş,11,,,27,22,1,0,0,4,15,7,5,0,0,89,89,150,0,0,65,20,0,70,80,12,754,12,3,15.64,1,1.3,2.592,0.9,4,0.3,2,17,3.59,1.92,2,2.2,,,13,0,0,,,3.67,3.62,10.37,,,11,13,0.716,0.462,6.751,87,2,22,1,yikim_gucux1 kivilcimx1,7,0,45,11,33,24,6,0,2,3,5,,0,0,0,0,0,0,0,0,0,0,0.846,1.978,0.6
20,Run50_KirilmaV1,Elektrik yolu,bahcivan,standart,109,ödülsüz eş,12,,,30,25,2,0,0,3,20,9,1,0,0,66,155,150,0,0,105,4,0,119,54,12,811,13,3,15.64,1,1.3,2.592,0.9,4,0.3,2,17,3.53,1.76,2.25,,,,12,0,,,,3.66,7.78,,,,12,14,0.733,0.429,6.429,98,4,26,1,yikim_gucux1 kivilcimx1,7,0,45,12,36,25,8,0,2,3,5,,0,0,0,0,0,0,0,0,0,0,0.643,1.467,0.667
20,Run50_KirilmaV1,Elektrik yolu,bahcivan,standart,109,ödülsüz eş,13,,,36,27,0,0,0,9,26,8,2,0,0,73,228,150,0,0,118,8,0,124,62,12,1008,14,3,17.38,1,1.3,2.5,0.9,4,0.3,2,17,3.65,1.75,1.83,2,,,18,0,0,,,2.25,3.33,7.5,,,13,15,0.658,0.333,6.492,104,5,31,1,yikim_gucux1 kivilcimx1,10,0,45,13,39,28,8,0,2,3,5,,0,0,0,0,0,0,0,0,0,0,0.933,1.622,0.8
20,Run50_KirilmaV1,Elektrik yolu,bahcivan,standart,109,ödülsüz eş,14,,,40,29,1,0,0,10,27,9,3,1,0,119,347,150,0,0,126,12,2,132,74,14,1233,15,3,18.13,1,1.3,2.41,0.9,4,0.3,2,18,3.94,1.74,2.71,1.5,2,,29,0,,,,2.92,8.26,3.6,9.63,,15,18,0.709,0.5,6.431,126,4,35,2,yikim_gucux1 kivilcimx1,12,0,45,14,42,31,8,0,2,3,5,,0,0,0,0,0,0,0,0,0,0,0.611,2.644,0.889
20,Run50_KirilmaV1,Elektrik yolu,bahcivan,standart,109,ödülsüz eş,15,,,30,24,1,0,0,5,20,8,2,0,0,71,418,150,71,30,108,8,0,113,82,14,966,16,3,18.13,1,1.3,2.324,0.9,4,0.3,2,19,3.32,1.75,2.33,2.5,,,15,0,0,0,,4.21,9.29,11.61,,,17,21,0.641,0.429,6.346,149,4,39,2,yikim_gucux1 kivilcimx1,8,0,45,15,45,34,8,0,2,3,5,,0,0,0,0,0,0,0,0,0,0,0.476,1.578,0.667
20,Run50_KirilmaV1,Elektrik yolu,bahcivan,standart,109,ödülsüz eş,16,,,38,30,1,0,0,7,25,8,4,1,0,130,130,220,0,0,123,16,2,124,98,16,1659,18,6,18.13,1,1.3,2.24,0.9,4,0.3,2,20,3.9,1.74,2.17,3.5,1,,10,0,0,,,4.95,5.6,20.16,0,,18,23,0.78,0.435,6.068,171,4,43,1,yikim_gucux1 kivilcimx1 bilgi_filizix1,10,0,45,17,51,37,8,0,2,3,5,,0,0,0,0,0,0,0,0,0,0,0.826,2.889,0.844
20,Run50_KirilmaV1,Elektrik yolu,bahcivan,standart,109,ödülsüz eş,17,,,37,25,1,0,0,11,26,7,3,1,0,120,250,220,0,0,120,12,2,144,60,18,1572,19,3,18.13,1,1.3,2.24,0.9,4,0.3,2,20,3.95,1.89,2.5,2.5,,,14,0,0,0,,7.31,7.28,5.6,,,20,28,0.81,0.464,6.118,206,2,45,2,yikim_gucux1 kivilcimx1 bilgi_filizix1,8,0,45,18,54,43,8,0,2,3,5,,0,0,0,0,0,0,0,0,0,0,0.893,2.667,0.822
20,Run50_KirilmaV1,Elektrik yolu,bahcivan,standart,109,ödülsüz eş,18,,,52,29,11,0,0,12,38,7,6,1,0,171,421,220,0,0,165,24,2,171,59,20,2202,21,6,20.27,1,1.3,2.24,0.935,4,0.3,2,20,3.95,1.61,2,2.67,1,,24,0,0,0,,3.22,4.48,11.95,0,,19,29,0.784,0.448,6.094,214,5,50,2,yikim_gucux1 kivilcimx1 bilgi_filizix1,18,0,45,20,60,46,8,0,2,3,5,,0,0,0,0,0,0,0,0,0,0,0.793,3.8,1.156
20,Run50_KirilmaV1,Elektrik yolu,bahcivan,standart,109,ödülsüz eş,19,,,55,23,14,0,0,18,29,16,6,4,0,296,717,220,0,0,192,35,8,205,69,28,2876,22,3,20.27,1,1.3,2.16,0.97,4,0.3,2,20,4,1.46,1.83,1,1.67,,7,8,0,0,0,4.65,2.88,0,5.77,,18,31,0.754,0.484,5.92,236,7,57,2,yikim_gucux1 kivilcimx1 bilgi_filizix1,19,0,45,21,63,49,11,0,2,3,5,,0,0,0,0,0,0,0,0,0,0,0.806,6.578,1.222
20,Run50_KirilmaV1,Elektrik yolu,bahcivan,standart,109,ödülsüz eş,20,,,68,33,15,0,0,20,37,17,11,3,0,434,1151,220,434,45,219,55,6,239,99,34,3527,24,6,24.3,1,1.3,2.16,0.97,4,0.3,2,20,4,1.27,1.25,1.25,2,,47,0,0,0,,1.28,1.08,1.63,11.52,,18,34,0.747,0.618,5.911,259,2,59,2,yikim_gucux1 kivilcimx1 bilgi_filizix1,14,0,45,23,69,49,14,0,2,3,5,,0,0,0,0,0,0,0,0,0,0,0.706,9.644,1.511
20,Run50_KirilmaV1,Elektrik yolu,bahcivan,standart,109,ödülsüz eş,21,,,65,30,17,0,0,18,37,23,4,0,1,298,298,300,0,0,267,38,0,316,87,34,3185,26,6,24.3,1,1.3,2.16,0.97,4,0.3,2,20,4,1.33,1.55,,,1,36,0,0,,0,1.2,5.89,,,0,16,39,0.777,0.538,5.699,308,1,60,3,yikim_gucux1 kivilcimx2 bilgi_filizix1,18,0,45,25,75,49,20,0,2,3,5,,0,0,0,0,0,0,0,0,0,0,0.872,6.622,1.444
20,Run50_KirilmaV1,Elektrik yolu,bahcivan,standart,109,ödülsüz eş,22,,,94,39,26,0,0,29,56,21,14,2,1,502,800,300,0,0,300,90,4,361,117,38,4818,28,6,24.3,1,1.3,2.16,1.005,6,0.3,2,20,6,1.24,2,1.83,3,5,52,15,0,0,,1.64,3.45,3.97,5.4,36.73,16,43,0.737,0.558,5.559,348,4,64,3,yikim_gucux1 kivilcimx2 bilgi_filizix1,22,0,45,27,81,49,26,0,2,3,5,,0,0,0,0,0,0,0,0,0,0,0.791,11.156,2.089
20,Run50_KirilmaV1,Elektrik yolu,bahcivan,standart,109,ödülsüz eş,23,,,85,37,20,0,0,28,51,25,7,2,0,305,1105,300,0,0,303,40,4,319,112,42,4212,29,3,25.51,1,1.3,2.16,1.04,6,0.3,2,20,6,1.77,1.89,1.8,5,,20,19,0,0,,5.4,5.28,4.32,21.6,,18,46,0.796,0.478,5.583,371,4,68,2,yikim_gucux1 kivilcimx2 bilgi_filizix1,26,0,45,28,84,49,32,0,2,3,5,,0,0,0,0,0,0,0,0,0,0,0.63,6.778,1.889
20,Run50_KirilmaV1,Elektrik yolu,bahcivan,standart,109,ödülsüz eş,24,,,99,39,22,0,0,38,57,22,15,5,0,520,1625,300,0,0,312,75,10,410,199,32,5456,31,6,28.62,1,1.3,2.16,1.04,6,0.3,2,20,6,1.63,1.86,2,4,,28,0,0,0,,6.03,4.01,5.62,15.14,,19,49,0.743,0.49,5.591,394,2,70,3,yikim_gucux1 kivilcimx2 bilgi_filizix1,28,0,45,30,90,49,35,0,2,3,5,,0,0,0,0,0,0,0,0,0,0,0.918,11.556,2.2
20,Run50_KirilmaV1,Elektrik yolu,bahcivan,standart,109,ödülsüz eş,25,,,88,44,9,0,0,35,50,20,11,6,1,706,2331,300,706,65,318,72,12,403,271,44,4924,33,6,29.99,1,1.3,2.092,1.075,6,0.3,2,21,5.95,1.46,1.7,2,1.5,,24,18,0,0,0,2.09,5.44,5.75,4.18,,19,49,0.69,0.429,5.581,395,4,74,0,yikim_gucux1 kivilcimx2 bilgi_filizix1,24,0,45,32,96,49,41,0,2,3,5,,0,0,0,0,0,0,0,0,0,0,0.653,15.689,1.956
20,Run50_KirilmaV1,Elektrik yolu,bahcivan,standart,109,ödülsüz eş,26,,,128,59,26,0,0,43,75,33,16,4,0,632,632,500,0,0,432,96,12,450,124,36,6792,34,3,33.24,1,1.3,2.026,1.075,6,0.3,2,22,6,1.43,1.57,1.8,2,,25,6,0,0,0,1.43,3.04,3.65,8.1,,18,49,0.73,0.449,5.369,411,4,78,1,yikim_gucux1 kivilcimx2 bilgi_filizix1 nadir_tohumx1,28,0,45,33,99,49,47,0,2,3,5,,0,0,0,0,0,0,0,0,0,0,0.653,14.044,2.844
20,Run50_KirilmaV1,Elektrik yolu,bahcivan,standart,109,ödülsüz eş,27,,,113,47,24,0,0,42,56,35,13,7,2,1131,1763,500,0,0,384,130,21,404,254,57,6465,36,6,34.76,1,1.3,2.026,1.11,6,0.3,2,22,6,1.5,1.71,2,1.5,,27,9,17,0,0,1.84,3.81,4.56,2.03,,18,49,0.747,0.51,5.352,412,4,82,0,yikim_gucux1 kivilcimx2 bilgi_filizix1 nadir_tohumx1,22,0,45,35,105,49,50,0,2,3,5,,0,0,0,0,0,0,0,0,0,0,0.714,25.133,2.511
20,Run50_KirilmaV1,Elektrik yolu,bahcivan,standart,109,ödülsüz eş,28,,,105,47,20,0,0,38,60,24,15,5,1,803,2566,500,0,0,330,96,26,504,120,83,5805,37,3,38.16,1,1.3,2.026,1.11,6,0.3,2,22,6,1.43,1.8,2,3,4,38,0,0,0,0,1.82,2.44,2.04,10.13,8.1,18,49,0.76,0.449,5.322,414,2,84,0,yikim_gucux1 kivilcimx2 bilgi_filizix1 nadir_tohumx1,28,0,45,36,108,49,56,0,2,3,5,,0,0,0,0,0,0,0,0,0,0,1,17.844,2.333
20,Run50_KirilmaV1,Elektrik yolu,bahcivan,standart,109,ödülsüz eş,29,,,130,58,26,0,0,46,64,37,21,6,2,1167,3733,500,0,0,480,147,33,529,202,116,7454,39,6,39.82,1,1.3,2.026,1.18,6,0.3,2,22,6,1.33,1.47,1.71,1,4,48,16,0,0,0,3.23,1.92,3.19,0,13.17,18,49,0.742,0.408,5.322,414,6,90,0,yikim_gucux1 kivilcimx2 bilgi_filizix1 nadir_tohumx1,33,0,45,38,114,49,59,0,2,3,5,,0,0,0,0,0,0,0,0,0,0,0.755,25.933,2.889
20,Run50_KirilmaV1,Elektrik yolu,bahcivan,standart,109,ödülsüz eş,30,,,93,39,22,0,0,32,45,25,13,7,3,1399,5132,500,1399,100,285,159,33,474,261,49,5558,40,3,39.82,1,1.3,1.962,1.215,6,0.3,2,22,6,1.63,2.64,3,1.75,3,21,8,0,0,0,2.89,7.14,6.38,1.97,3.93,19,58,0.815,0.517,5.362,487,4,94,5,yikim_gucux1 kivilcimx2 bilgi_filizix1 nadir_tohumx1,21,0,45,39,117,49,65,0,2,3,5,,0,0,0,0,0,0,0,0,0,0,0.793,31.089,2.067
20,Run50_KirilmaV1,Elektrik yolu,bahcivan,standart,109,ödülsüz eş,31,,,90,38,22,0,0,30,43,25,16,4,2,862,862,1200,0,0,336,112,27,430,360,56,5312,41,3,39.82,1,1.69,1.962,1.215,6,0.3,2,22,6,1.71,2.08,2,3,4,19,6,0,0,0,3.92,6.22,5.88,6.85,19.63,21,67,0.832,0.612,5.446,554,1,95,5,yikim_gucux2 kivilcimx2 bilgi_filizix1 nadir_tohumx1,23,0,45,40,120,52,65,0,2,3,5,,0,0,0,0,0,0,0,0,0,0,0.955,19.156,2
20,Run50_KirilmaV1,Elektrik yolu,bahcivan,standart,109,ödülsüz eş,32,,,119,51,23,0,0,45,56,26,27,10,0,1145,2007,1200,0,0,324,189,33,414,301,69,7263,42,3,43.38,1,1.69,1.962,1.215,6,0.3,2,22,6,1.5,1.54,2.5,2,,33,8,7,0,,2.54,2.12,8.64,8.34,,22,72,0.828,0.583,5.348,606,2,97,2,yikim_gucux2 kivilcimx2 bilgi_filizix1 nadir_tohumx1,32,0,45,41,123,55,65,0,2,3,5,,0,0,0,0,0,0,0,0,0,0,0.667,25.444,2.644
20,Run50_KirilmaV1,Elektrik yolu,bahcivan,standart,109,ödülsüz eş,33,,,62,40,0,0,0,22,23,22,14,3,0,440,2447,1200,0,0,223,98,9,327,123,38,3809,43,3,43.38,1,1.69,1.962,1.215,6,0.3,2,22,6,2.19,2.54,3.2,3,,0,0,0,0,0,6.5,10.42,9.62,3.93,,22,78,0.901,0.526,5.2,675,2,99,4,yikim_gucux2 kivilcimx2 bilgi_filizix1 nadir_tohumx1,16,0,45,42,126,58,65,0,2,3,5,,0,0,0,0,0,0,0,0,0,0,0.923,9.778,1.378
20,Run50_KirilmaV1,Elektrik yolu,bahcivan,standart,109,ödülsüz eş,34,,,68,38,2,0,0,28,23,22,11,8,4,1174,3621,1200,0,0,327,104,36,594,147,74,4624,43,0,43.38,1,1.69,1.962,1.215,6,0.3,2,22,6,1.86,2.3,2.75,3,4.25,7,13,0,0,0,6.45,5.49,11.78,15.72,15.71,24,81,0.91,0.802,5.274,691,1,100,2,yikim_gucux2 kivilcimx2 bilgi_filizix1 nadir_tohumx1,17,0,45,42,126,61,65,0,2,3,5,,0,0,0,0,0,0,0,0,0,0,0.926,26.089,1.511
20,Run50_KirilmaV1,Elektrik yolu,bahcivan,standart,109,ödülsüz eş,35,,,47,25,7,0,0,15,27,9,7,4,0,353,3974,1200,353,220,147,56,12,291,215,16,2712,44,3,43.38,1,1.69,1.901,1.265,6,0.3,2,23,4,2.09,1.5,3.25,3.25,,7,0,0,0,,6.05,5.07,12.83,12.35,,23,81,0.935,0.815,5.238,696,3,103,1,yikim_gucux2 kivilcimx2 bilgi_filizix1 nadir_tohumx1,15,0,45,43,129,61,65,0,2,3,5,,0,0,0,0,0,0,0,0,0,0,0.926,7.844,1.044
20,Run50_KirilmaV1,Elektrik yolu,bahcivan,standart,109,ödülsüz eş,36,,,63,38,0,0,0,25,36,15,7,5,0,415,415,2800,0,0,213,56,15,504,271,31,3607,44,0,43.38,1,1.69,1.901,1.265,6,0.3,2,23,6,2.05,2.54,2.33,3.33,,5,0,0,0,,6,7.75,9.5,12.67,,23,81,0.923,0.827,5.154,707,0,103,0,yikim_gucux2 kivilcimx3 bilgi_filizix1 nadir_tohumx1,14,0,45,43,129,64,65,0,2,3,5,,0,0,0,0,0,0,0,0,0,0,0.938,9.222,1.4
20,Run50_KirilmaV1,Elektrik yolu,bahcivan,standart,109,ödülsüz eş,37,,,79,44,4,0,0,31,36,24,14,4,1,697,1112,2800,0,0,276,112,25,480,383,56,4771,45,3,46.93,1,1.69,1.901,1.265,6,0.3,2,23,6,2,1.8,3.11,2.67,,6,0,0,0,,5.81,4.81,10.56,5.7,,23,81,0.903,0.815,5.154,707,1,104,0,yikim_gucux2 kivilcimx3 bilgi_filizix1 nadir_tohumx1,14,0,45,44,132,64,65,0,2,3,5,,0,0,0,0,0,0,0,0,0,0,0.877,15.489,1.756
20,Run50_KirilmaV1,Elektrik yolu,bahcivan,standart,109,ödülsüz eş,38,,,68,43,3,0,0,22,20,19,17,10,2,1141,2253,2800,0,0,275,168,44,300,251,100,4793,45,0,46.93,1,1.69,1.901,1.265,6,0.3,2,23,6,2,2.17,2.25,3.83,3,0,0,8,0,0,5.07,5.86,7.76,16.15,20.9,23,81,0.918,0.802,5.154,707,6,110,0,yikim_gucux2 kivilcimx3 bilgi_filizix1 nadir_tohumx1,16,0,45,44,132,67,65,0,2,3,5,,0,0,0,0,0,0,0,0,0,0,0.802,25.356,1.511
20,Run50_KirilmaV1,Elektrik yolu,bahcivan,standart,109,ödülsüz eş,39,,,46,30,0,0,0,16,15,9,13,5,4,1080,3333,2800,0,0,233,159,38,533,290,73,3364,46,3,46.93,1,1.69,1.901,1.265,6,0.3,2,23,6,1.89,3,3.18,5.33,4,9,0,0,0,0,5.91,9.5,10.19,17.1,13.93,23,81,0.934,0.802,5.154,707,2,112,0,yikim_gucux2 kivilcimx3 bilgi_filizix1 nadir_tohumx1,11,0,45,45,135,67,65,0,2,3,5,,0,0,0,0,0,0,0,0,0,0,0.914,24,1.022
20,Run50_KirilmaV1,Elektrik yolu,bahcivan,standart,109,ödülsüz eş,40,,,78,34,18,0,0,26,33,18,20,4,3,1361,4694,2800,1361,500,321,231,34,504,521,107,4981,47,3,46.93,1,1.69,1.901,1.265,6,0.3,2,23,6,1.5,1.67,2.42,3,3,10,11,17,0,0,2.53,2.85,4.75,9.5,3.8,23,81,0.843,0.593,5.154,707,1,113,0,yikim_gucux2 kivilcimx3 bilgi_filizix1 nadir_tohumx1,28,0,45,46,138,70,65,0,2,3,5,,0,0,0,0,0,0,0,0,0,0,0.914,30.244,1.733
20,Run50_KirilmaV1,Elektrik yolu,bahcivan,standart,109,ödülsüz eş,41,,,119,56,17,0,0,46,50,27,27,13,2,1687,1687,4500,0,0,459,287,70,603,808,97,7797,48,3,46.93,1,1.69,1.289,1.265,6,0.3,2,34,6,1.7,1.6,3.15,3,,14,0,0,0,0,2.82,2.45,9.81,9.67,,23,81,0.863,0.716,5.12,712,2,115,0,yikim_gucux2 kivilcimx3 bilgi_filizix1 nadir_tohumx1 firtina_bilegix1,23,0,45,47,141,73,65,0,2,3,5,,0,0,0,0,0,0,0,0,0,0,0.778,37.489,2.644
20,Run50_KirilmaV1,Elektrik yolu,bahcivan,standart,109,ödülsüz eş,42,,,113,49,16,0,0,48,36,40,30,5,2,1416,3103,4500,0,0,500,310,45,553,558,47,7384,48,0,53.29,1,1.69,1.289,1.315,6,0.3,2,34,6,1.73,2.63,2.94,4,2,11,9,0,0,0,2.92,7.9,6.52,12.87,1.27,23,81,0.863,0.642,4.964,734,4,119,0,yikim_gucux2 kivilcimx3 bilgi_filizix1 nadir_tohumx1 firtina_bilegix1,32,0,45,47,141,76,65,0,2,3,5,,0,0,0,0,0,0,0,0,0,0,0.84,31.467,2.511
20,Run50_KirilmaV1,Elektrik yolu,bahcivan,standart,109,ödülsüz eş,43,,,95,44,20,0,0,31,33,26,20,12,4,1832,4935,4500,0,0,534,257,65,737,495,112,6555,49,3,53.29,1,1.69,1.289,1.315,6,0.3,2,34,6,1.79,2.46,2.1,3.83,6,17,0,0,0,0,3.68,8.13,3.99,6.65,15.46,23,81,0.884,0.753,4.842,753,2,121,0,yikim_gucux2 kivilcimx3 bilgi_filizix1 nadir_tohumx1 firtina_bilegix1,22,0,45,48,144,76,65,0,2,3,5,,0,0,0,0,0,0,0,0,0,0,0.914,40.711,2.111
20,Run50_KirilmaV1,Elektrik yolu,bahcivan,standart,109,ödülsüz eş,44,,,119,55,22,0,0,42,51,32,25,6,5,1923,6858,4500,0,0,584,374,70,661,869,72,7615,50,3,53.29,1,1.69,1.248,1.365,6,0.3,2,36,6,1.95,2.29,2.15,3,3.75,0,0,0,0,0,3.91,5.26,3.84,9.98,10.93,23,81,0.871,0.691,4.834,754,3,124,0,yikim_gucux2 kivilcimx3 bilgi_filizix1 nadir_tohumx1 firtina_bilegix1,27,0,45,49,147,79,65,0,2,3,5,,0,0,0,0,0,0,0,0,0,0,0.802,42.733,2.644
20,Run50_KirilmaV1,Elektrik yolu,bahcivan,standart,109,ödülsüz eş,45,,,73,39,11,0,0,23,35,11,17,9,1,1014,7872,4500,1014,800,236,208,60,447,357,132,4957,50,0,56.1,1,1.69,1.248,1.365,6,0.3,2,36,6,2.5,2.43,3.6,4.43,1,4,0,0,0,0,5.89,7.49,11.74,12.31,0,23,81,0.915,0.765,4.731,770,2,126,0,yikim_gucux2 kivilcimx3 bilgi_filizix1 nadir_tohumx1 firtina_bilegix1,19,0,45,49,147,81,66,0,2,3,5,,0,0,0,0,0,0,0,0,0,0,0.951,22.533,1.622
20,Run50_KirilmaV1,Elektrik yolu,bahcivan,standart,109,ödülsüz eş,46,,,92,47,6,0,0,39,38,21,22,8,3,1693,1693,6000,0,0,320,424,45,367,781,52,6356,51,3,56.1,1,2.197,1.248,1.365,6,0.3,2,36,6,2,2.54,3,2.4,5.5,0,0,0,0,0,3.74,7.77,7.74,5.49,21.85,23,81,0.9,0.765,4.731,770,2,128,0,yikim_gucux3 kivilcimx3 bilgi_filizix1 nadir_tohumx1 firtina_bilegix1,24,0,45,50,150,81,66,0,2,3,5,,0,0,0,0,0,0,0,0,0,0,0.938,37.622,2.044
20,Run50_KirilmaV1,Elektrik yolu,bahcivan,standart,109,ödülsüz eş,47,,,109,52,16,0,0,41,36,27,31,12,3,2028,3721,6000,0,0,360,494,65,727,915,117,7812,52,3,56.1,1,2.197,1.248,1.365,6,0.3,2,36,6,1.84,2.25,3.06,4.14,4,12,15,0,0,0,3.15,9.21,7.8,8.21,8.73,23,81,0.889,0.679,4.731,770,1,129,0,yikim_gucux3 kivilcimx3 bilgi_filizix1 nadir_tohumx1 firtina_bilegix1,30,0,45,51,153,81,69,0,2,3,5,,0,0,0,0,0,0,0,0,0,0,0.815,45.067,2.422
20,Run50_KirilmaV1,Elektrik yolu,bahcivan,standart,109,ödülsüz eş,48,,,106,47,18,0,0,41,49,26,16,13,2,1702,5423,6000,0,0,486,238,70,833,353,187,7011,53,3,60.05,1,2.197,1.248,1.365,6,0.3,2,36,6,2.15,2.64,2.71,5.2,3,8,0,0,0,0,4.62,6.6,8.55,14.47,6.23,23,81,0.879,0.691,4.703,775,2,131,0,yikim_gucux3 kivilcimx3 bilgi_filizix1 nadir_tohumx1 firtina_bilegix1,27,0,45,52,156,81,72,0,2,3,5,,0,0,0,0,0,0,0,0,0,0,0.914,37.822,2.356
20,Run50_KirilmaV1,Elektrik yolu,bahcivan,standart,109,ödülsüz eş,49,,,105,55,18,0,0,32,45,27,18,11,4,1939,7362,6000,0,0,474,282,150,562,635,197,7228,53,0,60.05,1,2.197,1.248,1.365,6,0.333,2,36,6,2.19,2.77,3,2.83,3.33,13,0,0,0,0,4.9,5.95,8.95,7.49,8.31,23,81,0.889,0.728,4.703,775,4,135,0,yikim_gucux3 kivilcimx3 bilgi_filizix1 nadir_tohumx1 firtina_bilegix1,26,0,45,52,156,81,75,0,2,3,5,,0,0,0,0,0,0,0,0,0,0,0.827,43.089,2.333
20,Run50_KirilmaV1,Elektrik yolu,bahcivan,standart,109,ödülsüz eş,50,,,106,58,16,0,0,32,41,33,15,13,4,1875,9237,6000,0,0,556,223,113,588,478,155,7235,54,3,60.05,1,2.197,1.248,1.365,6,0.367,2,36,6,1.88,2.33,3,2.63,5,13,5,0,0,0,2.64,5.82,8.28,8.11,12.5,23,81,0.888,0.716,4.588,795,4,139,0,yikim_gucux3 kivilcimx3 bilgi_filizix1 nadir_tohumx1 firtina_bilegix1,27,0,45,53,159,81,75,0,2,3,5,,0,0,0,0,0,0,0,0,0,0,0.778,41.667,2.356
20,Run50_KirilmaV1,Elektrik yolu,bahcivan,standart,109,ödülsüz eş,50,KAZANDI
20,Run50_KirilmaV1,Elektrik yolu,bahcivan,standart,109,LAB R15 A ödülsüz #1,15,,,36,26,2,0,0,8,25,9,2,0,0,93,93,150,93,30,129,8,0,209,8,0,1141,3,6,18.13,1,1.3,2.324,0.9,4,0.3,2,19,3.32,1.67,1.86,3,,,40,44,0,,,6.46,4.65,20.93,,,17,21,0.606,0.381,6.346,149,0,0,0,yikim_gucux1 kivilcimx1,12,0,45,2,6,0,0,0,0,0,15,,0,0,0,0,0,0,0,0,0,0,0.667,2.067,0.8
20,Run50_KirilmaV1,Elektrik yolu,bahcivan,standart,109,LAB R15 B +cifte_akim #1,15,,,36,21,3,0,0,12,27,4,5,0,0,109,109,150,109,30,105,20,0,185,20,0,1154,3,6,18.13,1,1.3,2.324,0.9,4,0.3,2,19,3.32,1.75,1.33,2,,,36,29,0,,,4.35,0.77,20.92,,,17,21,0.588,0.381,6.346,149,0,0,0,yikim_gucux1 kivilcimx1 cifte_akimx1,13,0,45,2,6,0,0,0,0,0,15,,5,5,0,7,6,0,0,0,0,0,0.81,2.422,0.8
20,Run50_KirilmaV1,Elektrik yolu,bahcivan,standart,109,LAB R15 A ödülsüz #2,15,,,36,27,0,0,0,9,28,6,2,0,0,82,82,150,82,30,120,8,0,200,8,0,1102,3,6,18.13,1,1.3,2.324,0.9,4,0.3,2,19,3.37,1.7,2.4,2.5,,,36,0,0,0,,3.49,6.98,8.15,,,17,21,0.62,0.381,6.346,149,0,0,0,yikim_gucux1 kivilcimx1,11,0,45,2,6,0,0,0,0,0,15,,0,0,0,0,0,0,0,0,0,0,0.571,1.822,0.8
20,Run50_KirilmaV1,Elektrik yolu,bahcivan,standart,109,LAB R15 B +cifte_akim #2,15,,,39,27,1,0,0,11,30,6,2,1,0,114,114,150,114,30,126,8,2,206,8,2,1223,4,9,18.13,1,1.3,2.324,0.9,4,0.3,2,19,3.53,1.68,2.33,2,3,,43,14,0,0,,2.94,5.42,2.34,9.27,,17,21,0.635,0.429,6.346,149,0,0,0,yikim_gucux1 kivilcimx1 cifte_akimx1,12,0,45,3,9,0,0,0,0,0,15,,5,5,0,4,3,0,0,0,0,0,0.524,2.533,0.867
20,Run50_KirilmaV1,Elektrik yolu,bahcivan,standart,109,LAB R15 A ödülsüz #3,15,,,32,26,1,0,0,5,20,7,4,1,0,125,125,150,125,30,102,16,2,182,16,2,1099,3,6,18.13,1,1.3,2.324,0.9,4,0.3,2,19,3.37,1.69,1.86,2.5,2,,39,17,25,0,,3.34,7.64,3.5,4.63,,17,21,0.636,0.476,6.346,149,0,0,0,yikim_gucux1 kivilcimx1,11,0,45,2,6,0,0,0,0,0,15,,0,0,0,0,0,0,0,0,0,0,0.619,2.778,0.711
20,Run50_KirilmaV1,Elektrik yolu,bahcivan,standart,109,LAB R15 B +cifte_akim #3,15,,,36,24,0,0,0,12,26,4,6,0,0,123,123,150,123,30,102,24,0,182,24,0,1180,3,6,18.13,1,1.3,2.324,0.9,4,0.3,2,19,3.21,1.61,1.5,2.5,,,48,20,13,0,,3.36,2.32,12.2,,,17,21,0.624,0.381,6.346,149,0,0,0,yikim_gucux1 kivilcimx1 cifte_akimx1,13,0,45,2,6,0,0,0,0,0,15,,5,5,0,6,5,0,0,0,0,0,0.571,2.733,0.8
20,Run50_KirilmaV1,Elektrik yolu,bahcivan,standart,109,LAB R25 A ödülsüz #1,25,,,104,47,22,0,0,35,60,24,13,5,2,826,826,300,826,65,336,134,10,416,134,10,5758,12,33,29.99,1,1.3,2.092,1.075,6,0.3,2,21,5.86,1.3,2.08,1.33,2,1,55,25,22,0,,1.71,6.28,3.14,12.56,0,19,49,0.612,0.245,5.581,395,0,0,0,yikim_gucux1 kivilcimx2 bilgi_filizix1,33,0,45,11,33,0,0,0,0,0,25,,0,0,0,0,0,0,0,0,0,0,0.755,18.356,2.311
20,Run50_KirilmaV1,Elektrik yolu,bahcivan,standart,109,LAB R25 B +cifte_akim #1,25,,,110,59,17,0,0,34,64,27,16,2,1,550,550,300,550,65,369,102,14,449,102,14,5920,12,33,29.99,1,1.3,2.092,1.075,6,0.3,2,21,5.81,1.19,1.7,1.36,2,3,64,32,25,,0,1.22,5.65,1.71,6.3,12.54,19,49,0.623,0.388,5.581,395,0,0,0,yikim_gucux1 kivilcimx2 bilgi_filizix1 cifte_akimx1,29,0,45,11,33,0,0,0,0,0,25,,23,23,0,26,13,0,0,0,0,0,0.694,12.222,2.444
20,Run50_KirilmaV1,Elektrik yolu,bahcivan,standart,109,LAB R25 sinerji A ödülsüz #1,25,,,115,42,0,0,0,73,72,31,6,6,0,429,429,300,429,65,402,36,12,482,36,12,5820,12,33,29.99,1,2.197,2.092,1.075,6,0.3,2,21,5.57,1.55,1.6,1.5,1,,43,55,50,33,0,3.1,3.56,4.18,0,,19,49,0.508,0.163,6.4,345,0,0,0,yikim_gucux3 kivilcimx3 bilgi_filizix1,36,0,45,11,33,0,0,0,0,0,25,,0,0,0,0,0,0,0,0,0,0,0.592,9.533,2.556
20,Run50_KirilmaV1,Elektrik yolu,bahcivan,standart,109,LAB R25 sinerji B +cifte_akim #1,25,,,99,37,0,0,0,62,57,24,10,7,1,581,581,300,581,65,315,82,14,395,82,14,5340,11,30,29.99,1,2.197,2.092,1.075,6,0.3,2,21,5.76,1.43,1.6,2,5,,47,40,9,0,0,2.09,3.14,11.14,10.43,,19,49,0.594,0.245,6.4,345,0,0,0,yikim_gucux3 kivilcimx3 bilgi_filizix1 cifte_akimx1,28,0,45,10,30,0,0,0,0,0,25,,37,37,0,16,12,0,0,0,0,0,0.592,12.911,2.2
20,Run50_KirilmaV1,Elektrik yolu,bahcivan,standart,109,LAB R25 A ödülsüz #2,25,,,105,52,22,0,0,31,67,23,14,1,0,408,408,300,408,65,357,84,2,437,84,2,5409,11,30,29.99,1,1.3,2.092,1.075,6,0.3,2,21,5.9,1.5,1.4,1.83,3,,50,45,14,0,,2.16,3.62,6.63,12.54,,19,49,0.63,0.306,5.581,395,0,0,0,yikim_gucux1 kivilcimx2 bilgi_filizix1,30,0,45,10,30,0,0,0,0,0,25,,0,0,0,0,0,0,0,0,0,0,0.51,9.067,2.333
20,Run50_KirilmaV1,Elektrik yolu,bahcivan,standart,109,LAB R25 B +cifte_akim #2,25,,,108,56,11,0,0,41,61,30,17,0,0,414,414,300,414,65,375,114,0,455,114,0,5738,12,33,29.99,1,1.3,2.092,1.075,6,0.3,2,21,5.9,1.23,1.53,1.67,,,58,41,27,0,,1.61,3.49,6.62,,,19,49,0.617,0.367,5.581,395,0,0,0,yikim_gucux1 kivilcimx2 bilgi_filizix1 cifte_akimx1,26,0,45,11,33,0,0,0,0,0,25,,21,21,0,31,18,0,0,0,0,0,0.673,9.2,2.4
20,Run50_KirilmaV1,Elektrik yolu,bahcivan,standart,109,LAB R25 sinerji A ödülsüz #2,25,,,118,41,0,0,0,77,79,26,8,3,2,566,566,300,566,65,438,70,6,518,70,6,5900,12,33,29.99,1,2.197,2.092,1.075,6,0.3,2,21,5.67,1.61,1.57,1.5,3,,47,24,44,0,0,2.97,3.89,2.08,14.63,,19,49,0.52,0.122,6.4,345,0,0,0,yikim_gucux3 kivilcimx3 bilgi_filizix1,33,0.002,45,11,33,0,0,0,0,0,25,,0,0,0,0,0,0,0,0,0,0,0.327,12.578,2.622
20,Run50_KirilmaV1,Elektrik yolu,bahcivan,standart,109,LAB R25 sinerji B +cifte_akim #2,25,,,107,35,0,0,0,72,71,25,8,3,0,333,333,300,333,65,363,48,6,443,48,6,5280,11,30,29.99,1,2.197,2.092,1.075,6,0.3,2,21,5.52,1.59,1.43,2,,,46,27,25,0,,4.1,2.09,2.1,,,19,49,0.561,0.102,6.4,345,0,0,0,yikim_gucux3 kivilcimx3 bilgi_filizix1 cifte_akimx1,37,0.002,45,10,30,0,0,0,0,0,25,,35,35,0,7,5,0,0,0,0,0,0.551,7.4,2.378
20,Run50_KirilmaV1,Elektrik yolu,bahcivan,standart,109,LAB R25 A ödülsüz #3,25,,,100,56,12,0,0,32,61,26,10,1,2,588,588,300,588,65,402,82,2,482,82,2,5249,11,30,29.99,1,1.3,2.092,1.075,6,0.3,2,21,5.86,1.23,1.46,1.57,,3,58,48,15,0,0,2.03,3.38,5.38,,12.53,19,49,0.626,0.327,5.581,395,0,0,0,yikim_gucux1 kivilcimx2 bilgi_filizix1,30,0,45,10,30,0,0,0,0,0,25,,0,0,0,0,0,0,0,0,0,0,0.755,13.067,2.222
20,Run50_KirilmaV1,Elektrik yolu,bahcivan,standart,109,LAB R25 B +cifte_akim #3,25,,,122,49,27,0,0,46,65,37,17,3,0,617,617,300,617,65,432,102,6,512,102,6,6622,13,36,29.99,1,1.3,2.092,1.075,6,0.3,2,21,5.67,1.18,2,2.25,3,,72,25,8,0,0,1.17,5.86,7.32,8.37,,19,49,0.576,0.306,5.581,395,0,0,0,yikim_gucux1 kivilcimx2 bilgi_filizix1 cifte_akimx1,31,0,45,12,36,0,0,0,0,0,25,,27,27,0,24,16,0,0,0,0,0,0.51,13.711,2.711
20,Run50_KirilmaV1,Elektrik yolu,bahcivan,standart,109,LAB R25 sinerji A ödülsüz #3,25,,,104,39,0,0,0,65,61,25,12,3,3,700,700,300,700,65,423,72,16,503,72,16,5560,11,30,29.99,1,2.197,2.092,1.075,6,0.3,2,21,5.67,1.41,1.67,3.33,,,48,40,0,0,0,1.71,3.25,11.87,,,19,49,0.554,0.102,6.4,345,0,0,0,yikim_gucux3 kivilcimx3 bilgi_filizix1,37,0.002,45,10,30,0,0,0,0,0,25,,0,0,0,0,0,0,0,0,0,0,0.49,15.556,2.311
20,Run50_KirilmaV1,Elektrik yolu,bahcivan,standart,109,LAB R25 sinerji B +cifte_akim #3,25,,,126,43,0,0,0,83,77,32,13,3,1,526,526,300,526,65,468,78,6,548,78,6,6460,13,36,29.99,1,2.197,2.092,1.075,6,0.3,2,21,5.29,1.46,1.9,2,4,,53,45,25,0,,2.69,5.23,2.61,10.47,,19,49,0.495,0.122,6.4,345,0,0,0,yikim_gucux3 kivilcimx3 bilgi_filizix1 cifte_akimx1,36,0.002,45,12,36,0,0,0,0,0,25,,43,43,0,19,17,0,0,0,0,0,0.449,11.689,2.8
20,Run50_KirilmaV1,Elektrik yolu,bahcivan,standart,109,LAB R40 A ödülsüz #1,40,,,96,51,17,0,0,28,46,20,15,12,3,1941,1941,2800,1941,500,335,195,104,415,195,104,6175,12,33,46.93,1,1.69,1.901,1.265,6,0.3,2,23,6,1.39,1.83,2.56,1.67,2,65,44,23,40,0,2.97,2.38,6.97,4.43,5.7,23,81,0.813,0.679,5.154,707,0,0,0,yikim_gucux2 kivilcimx3 bilgi_filizix1 nadir_tohumx1,23,0,45,11,33,0,0,0,0,0,40,,0,0,0,0,0,0,0,0,0,0,0.852,43.133,2.133
20,Run50_KirilmaV1,Elektrik yolu,bahcivan,standart,109,LAB R40 B +cifte_akim #1,40,,,106,60,8,0,0,38,57,24,15,8,2,1370,1370,2800,1370,500,414,168,50,494,168,50,6228,12,33,46.93,1,1.69,1.901,1.265,6,0.3,2,23,6,1.47,1.25,1,1.2,1,50,53,53,50,100,3.15,0.95,0,1.52,0,23,81,0.783,0.469,5.154,707,0,0,0,yikim_gucux2 kivilcimx3 bilgi_filizix1 nadir_tohumx1 cifte_akimx1,37,0,45,11,33,0,0,0,0,0,40,,26,26,0,19,14,0,0,0,0,0,0.889,30.444,2.356
20,Run50_KirilmaV1,Elektrik yolu,bahcivan,standart,109,LAB R40 A ödülsüz #2,40,,,109,56,24,0,0,29,43,33,24,7,2,1449,1449,2800,1449,500,502,270,46,582,270,46,6955,13,36,46.93,1,1.69,1.901,1.265,6,0.3,2,23,6,1.19,1.65,1.69,1.25,1,66,41,48,43,50,1,2.68,3.8,4.75,0,23,81,0.777,0.568,5.154,707,0,0,0,yikim_gucux2 kivilcimx3 bilgi_filizix1 nadir_tohumx1,27,0,45,12,36,0,0,0,0,0,40,,0,0,0,0,0,0,0,0,0,0,0.79,32.2,2.422
20,Run50_KirilmaV1,Elektrik yolu,bahcivan,standart,109,LAB R40 B +cifte_akim #2,40,,,123,49,27,0,0,47,52,37,18,11,5,2218,2218,2800,2218,500,624,213,96,704,213,96,7876,14,39,46.93,1,1.69,1.901,1.265,6,0.3,2,23,6,1.15,1.38,1.91,1.75,2,56,38,44,14,0,0.76,1.46,4.14,2.37,41.8,23,81,0.761,0.568,5.154,707,0,0,0,yikim_gucux2 kivilcimx3 bilgi_filizix1 nadir_tohumx1 cifte_akimx1,31,0,45,13,39,0,0,0,0,0,40,,23,23,0,26,11,0,0,0,0,0,0.765,49.289,2.733
20,Run50_KirilmaV1,Elektrik yolu,bahcivan,standart,109,LAB R40 A ödülsüz #3,40,,,96,55,11,0,0,30,37,27,21,9,2,1479,1479,2800,1479,500,352,273,58,432,273,58,6276,12,33,46.93,1,1.69,1.901,1.265,6,0.3,2,23,6,1.55,2.2,1.62,3.2,3.5,65,35,71,9,0,3.8,8.87,2.34,11.78,15.2,23,81,0.824,0.519,5.154,707,0,0,0,yikim_gucux2 kivilcimx3 bilgi_filizix1 nadir_tohumx1,28,0,45,11,33,0,0,0,0,0,40,,0,0,0,0,0,0,0,0,0,0,0.654,32.867,2.133
20,Run50_KirilmaV1,Elektrik yolu,bahcivan,standart,109,LAB R40 B +cifte_akim #3,40,,,84,45,9,0,0,30,37,20,18,9,0,877,877,2800,877,500,300,189,36,380,189,36,5313,11,30,46.93,1,1.69,1.901,1.265,6,0.3,2,23,6,1.36,1,3,1.5,,60,47,25,17,0,2.07,0,9.12,3.8,,23,81,0.822,0.519,5.154,707,0,0,0,yikim_gucux2 kivilcimx3 bilgi_filizix1 nadir_tohumx1 cifte_akimx1,29,0,45,10,30,0,0,0,0,0,40,,19,19,0,22,11,0,0,0,0,0,0.914,19.489,1.867
21,Run50_KirilmaV1,Hız-alan + Ritim,bahcivan,standart,100,ödülsüz eş,1,,,13,13,0,0,0,0,12,1,0,0,0,15,15,45,0,0,28,0,0,28,0,0,270,1,0,10,1,1,3,0.9,4,0.3,2,13,2.08,1.83,3,,,,21,0,,,,2.5,6,,,,2,4,0.346,0,8,23,0,0,2,,3,0.205,45,0,0,0,0,0,0,0,0,,0,0,0,0,0,0,0,0,0,0,0.5,0.333,0.289
21,Run50_KirilmaV1,Hız-alan + Ritim,bahcivan,standart,100,ödülsüz eş,2,,,14,14,0,0,0,0,12,1,1,0,0,25,40,45,0,0,28,4,0,29,4,0,310,2,3,10,1,1,2.892,0.9,4,0.3,2,15,2.6,2.17,3,4,,,20,0,0,,,4.59,5.77,11.6,,,3,5,0.457,0,8,28,1,1,1,,3,0.098,45,1,3,0,0,0,0,0,0,,0,0,0,0,0,0,0,0,0,0,0.6,0.556,0.311
21,Run50_KirilmaV1,Hız-alan + Ritim,bahcivan,standart,100,ödülsüz eş,3,,,14,14,0,0,0,0,9,3,2,0,0,38,78,45,0,0,30,8,0,30,12,0,350,3,3,10,1,1,2.789,0.9,4,0.3,2,16,2.69,2.56,2,2.5,,,0,0,0,,,8.37,2.79,6.96,,,4,6,0.629,0.333,7.411,36,1,2,1,,3,0,45,2,6,3,0,0,2,0,0,,0,0,0,0,0,0,0,0,0,0,0.833,0.844,0.311
21,Run50_KirilmaV1,Hız-alan + Ritim,bahcivan,standart,100,ödülsüz eş,4,,,16,16,0,0,0,0,9,5,2,0,0,44,122,45,0,0,38,8,0,38,20,0,410,4,3,10,1,1,2.592,0.9,4,0.3,2,17,2.47,2.22,2.2,2.5,,,0,0,0,,,4.04,3.11,3.88,,,4,6,0.594,0,7.146,38,3,5,0,,4,0.005,45,3,9,6,0,0,2,0,0,,0,0,0,0,0,0,0,0,0,0,0.833,0.978,0.356
21,Run50_KirilmaV1,Hız-alan + Ritim,bahcivan,standart,100,ödülsüz eş,5,,,20,20,0,0,0,0,15,4,1,0,0,37,159,45,37,8,46,4,0,54,24,0,460,5,3,10,1,1,2.592,0.9,4,0.3,2,17,2.82,2.4,1.75,3,,,6,0,,,,3.81,5.83,10.37,,,4,6,0.635,0.167,6.441,42,1,6,0,,4,0,45,4,12,9,0,0,2,0,0,,0,0,0,0,0,0,0,0,0,0,0.333,0.822,0.444
21,Run50_KirilmaV1,Hız-alan + Ritim,bahcivan,standart,100,ödülsüz eş,6,,,22,22,0,0,0,0,17,4,1,0,0,39,39,110,0,0,50,4,0,50,28,0,500,6,3,10.67,1.25,1,2.5,0.9,4,0.3,2,17,3,1.94,2.5,4,,,25,0,0,,,2.94,4.38,12.5,,,5,7,0.576,0.143,6.148,51,4,10,1,keskin_bicakx1,6,0.001,45,5,15,12,0,0,2,0,0,,0,0,0,0,0,0,0,0,0,0,0.571,0.867,0.489
21,Run50_KirilmaV1,Hız-alan + Ritim,bahcivan,standart,100,ödülsüz eş,7,,,20,20,0,0,0,0,11,9,0,0,0,38,77,110,0,0,67,0,0,70,28,0,490,7,3,10.67,1.25,1,2.41,0.9,4,0.3,2,18,3.06,2.18,2.33,,,,15,0,0,,,3.5,5.09,,,,6,8,0.667,0.25,5.985,60,2,12,1,keskin_bicakx1,6,0,45,6,18,15,0,0,2,0,7,,0,0,0,0,0,0,0,0,0,0,0.75,0.844,0.444
21,Run50_KirilmaV1,Hız-alan + Ritim,bahcivan,standart,100,ödülsüz eş,8,,,22,22,0,0,0,0,13,6,3,0,0,61,138,110,0,0,56,12,0,76,40,0,560,8,3,10.67,1.25,1,2.41,0.9,4,0.3,2,18,3.28,2.15,2.83,2.33,,,0,0,0,,,4.45,9.23,6.42,,,7,9,0.707,0.444,5.863,69,1,13,1,keskin_bicakx1,5,0,45,7,21,18,0,0,2,0,7,,0,0,0,0,0,0,0,0,0,0,0.556,1.356,0.489
21,Run50_KirilmaV1,Hız-alan + Ritim,bahcivan,standart,100,ödülsüz eş,9,,,23,23,0,0,0,0,13,5,5,0,0,78,216,110,0,0,51,20,0,58,60,0,629,9,3,11.33,1.25,1,2.41,0.935,4,0.3,2,18,3.17,1.54,2,4,,,38,0,0,,,3.52,4.33,16.87,,,8,10,0.702,0.4,5.956,76,4,17,1,keskin_bicakx1,6,0,45,8,24,21,0,0,2,0,7,,0,0,0,0,0,0,0,0,0,0,0.6,1.733,0.511
21,Run50_KirilmaV1,Hız-alan + Ritim,bahcivan,standart,100,ödülsüz eş,10,,,25,25,0,0,0,0,17,6,2,0,0,55,271,110,55,16,64,8,0,70,68,0,692,10,3,12,1.25,1,2.324,0.935,4,0.3,2,19,2.74,1.82,1.83,2.5,,,21,0,0,,,2.87,2.32,5.82,,,9,11,0.49,0.273,6.14,81,3,20,1,keskin_bicakx1,6,0,45,9,27,24,0,0,2,0,7,,0,0,0,0,0,0,0,0,0,0,0.545,1.222,0.556
21,Run50_KirilmaV1,Hız-alan + Ritim,bahcivan,standart,100,ödülsüz eş,11,,,22,22,0,0,0,0,14,3,3,2,0,142,142,150,0,0,43,12,4,43,80,4,644,11,3,12,1.25,1,2.324,0.935,4,0.3,2,19,3.79,2.07,3.33,3.33,6,,0,0,0,0,0,8.63,10.07,18.59,23.24,,10,14,0.817,0.429,5.86,108,0,20,1,keskin_bicakx1 nadir_tohumx1,7,0,45,10,30,25,2,0,2,0,7,,0,0,0,0,0,0,0,0,0,0,0.786,3.156,0.489
21,Run50_KirilmaV1,Hız-alan + Ritim,bahcivan,standart,100,ödülsüz eş,12,,,22,22,0,0,0,0,7,11,3,0,1,288,430,150,0,0,106,12,0,111,62,4,740,12,3,12.67,1.25,1,2.324,0.97,4,0.3,2,19,3.89,2,2.73,3.33,,2,0,0,0,0,0,7.97,11.62,13.96,,2.3,10,14,0.831,0.643,5.624,112,3,23,0,keskin_bicakx1 nadir_tohumx1,6,0,45,11,33,25,5,0,2,0,7,,0,0,0,0,0,0,0,0,0,0,0.929,6.4,0.489
21,Run50_KirilmaV1,Hız-alan + Ritim,bahcivan,standart,100,ödülsüz eş,13,,,38,38,0,0,0,0,22,8,5,2,1,409,839,150,0,0,106,20,12,116,52,16,1180,14,6,12.67,1.25,1,2.24,1.005,6,0.3,2,20,5.35,2.23,2.75,3.2,3,1,4,0,0,0,,4.99,7.56,6.27,14.55,0,11,15,0.762,0.533,5.461,124,5,28,1,keskin_bicakx1 nadir_tohumx1,9,0,45,13,39,28,5,0,2,0,7,,0,0,0,0,0,0,0,0,0,0,0.8,9.089,0.844
21,Run50_KirilmaV1,Hız-alan + Ritim,bahcivan,standart,100,ödülsüz eş,14,,,38,38,0,0,0,0,23,5,8,2,0,294,1133,150,0,0,99,32,4,99,84,20,1192,15,3,14.67,1.25,1,2.24,1.005,6,0.3,2,20,5.3,1.83,2.8,3.38,4.5,,14,0,0,0,,3.41,11.65,7.28,11.22,,12,16,0.764,0.563,5.487,131,7,35,1,keskin_bicakx1 nadir_tohumx1,7,0,45,14,42,34,5,0,2,0,7,,0,0,0,0,0,0,0,0,0,0,0.75,6.533,0.844
21,Run50_KirilmaV1,Hız-alan + Ritim,bahcivan,standart,100,ödülsüz eş,15,,,39,36,3,0,0,0,23,13,2,1,0,148,1281,150,148,30,147,8,2,166,42,22,1157,16,3,14.67,1.25,1,2.24,1.005,6,0.3,2,20,5.65,2,3,2.5,4,,20,0,0,0,0,5.12,11.01,7.83,17.92,,13,20,0.792,0.5,5.497,164,2,37,1,keskin_bicakx1 nadir_tohumx1,9,0,45,15,45,37,5,0,2,0,7,,0,0,0,0,0,0,0,0,0,0,0.55,3.289,0.867
21,Run50_KirilmaV1,Hız-alan + Ritim,bahcivan,standart,100,ödülsüz eş,16,,,39,38,1,0,0,0,18,7,8,5,1,600,600,220,0,0,96,49,10,107,91,32,1478,17,3,15.64,1.25,1,2.16,1.373,6,0.3,2,20,5.55,1.76,3.14,2.13,4.4,2,17,0,0,0,,4.19,12.34,5.94,17.71,2.17,14,21,0.778,0.476,5.484,172,6,43,1,keskin_bicakx1 nadir_tohumx1 genis_savurusx1,9,0,45,16,48,40,5,0,2,0,7,,0,0,0,0,0,0,0,0,0,0,0.762,13.333,0.867
21,Run50_KirilmaV1,Hız-alan + Ritim,bahcivan,standart,100,ödülsüz eş,17,,,43,43,0,0,0,0,20,14,6,3,0,316,916,220,0,0,144,24,6,146,50,38,1577,19,6,17.38,1.25,1,2.16,1.373,6,0.3,2,20,5.7,1.65,2.07,2.67,4.67,,16,0,0,0,,4.43,4.47,12.24,16.55,,16,26,0.809,0.615,5.547,211,5,48,2,keskin_bicakx1 nadir_tohumx1 genis_savurusx1,9,0,45,18,54,43,5,0,2,0,7,,0,0,0,0,0,0,0,0,0,0,0.808,7.022,0.956
21,Run50_KirilmaV1,Hız-alan + Ritim,bahcivan,standart,100,ödülsüz eş,18,,,54,51,3,0,0,0,32,12,10,0,0,224,1140,220,0,0,168,50,0,172,75,38,1916,20,3,18.13,1.25,1,2.16,1.373,6,0.3,2,20,5.75,1.72,2.17,2.2,,,32,8,0,,,5.07,8.11,9.94,,,18,31,0.797,0.613,5.399,258,6,54,2,keskin_bicakx1 nadir_tohumx1 genis_savurusx1,10,0,45,19,57,49,5,0,2,0,7,,0,0,0,0,0,0,0,0,0,0,0.806,4.978,1.2
21,Run50_KirilmaV1,Hız-alan + Ritim,bahcivan,standart,100,ödülsüz eş,19,,,49,43,6,0,0,0,29,11,9,0,0,200,1340,220,0,0,153,45,0,172,60,38,1928,21,3,19.2,1.25,1,2.16,1.373,6,0.3,2,20,5.95,1.68,2.44,2.56,,,26,0,0,,0,6.83,9.12,13.69,,,20,36,0.854,0.667,5.136,315,6,60,2,keskin_bicakx1 nadir_tohumx1 genis_savurusx1,11,0,45,20,60,49,8,0,2,0,7,,0,0,0,0,0,0,0,0,0,0,0.806,4.444,1.089
21,Run50_KirilmaV1,Hız-alan + Ritim,bahcivan,standart,100,ödülsüz eş,20,,,53,44,9,0,0,0,22,22,7,2,0,289,1629,220,289,45,198,35,4,220,70,42,2365,23,6,19.2,1.25,1,2.092,1.373,6,0.3,2,21,5.81,1.82,1.84,2.5,3.5,,20,5,0,0,,8.12,6.17,11.51,17.79,,19,38,0.725,0.5,4.953,345,1,61,2,keskin_bicakx1 nadir_tohumx1 genis_savurusx1,11,0,45,22,66,49,11,0,2,0,7,,0,0,0,0,0,0,0,0,0,0,0.789,6.422,1.178
21,Run50_KirilmaV1,Hız-alan + Ritim,bahcivan,standart,100,ödülsüz eş,21,,,85,67,16,0,2,0,41,25,16,3,0,527,527,300,0,0,273,96,6,273,96,48,3985,25,6,20.27,1.563,1,2.092,1.465,9,0.3,2,21,8.43,1.56,1.9,2.4,2,,24,0,0,0,,4.06,6.07,9,8.37,,19,42,0.797,0.619,4.654,406,5,66,2,keskin_bicakx2 nadir_tohumx1 genis_savurusx1,16,0,45,24,72,49,17,0,2,0,7,,0,0,0,0,0,0,0,0,0,0,0.857,11.711,1.889
21,Run50_KirilmaV1,Hız-alan + Ritim,bahcivan,standart,100,ödülsüz eş,22,,,95,81,14,0,0,0,41,27,15,11,1,958,1485,300,0,0,339,90,22,340,161,70,5399,27,6,20.27,1.563,1,2.026,1.465,9,0.3,2,22,8.82,1.4,1.71,2.46,2.45,1,38,15,7,0,0,2.6,5.6,10.14,10.87,0,19,44,0.789,0.659,4.56,434,4,70,2,keskin_bicakx2 nadir_tohumx1 genis_savurusx1,19,0,45,26,78,49,23,0,2,0,7,,0,0,0,0,0,0,0,0,0,0,0.795,21.289,2.111
21,Run50_KirilmaV1,Hız-alan + Ritim,bahcivan,standart,100,ödülsüz eş,23,,,105,90,15,0,0,0,67,16,14,6,2,909,2394,300,0,0,348,84,22,388,257,72,5140,29,6,20.27,1.563,1,2.026,1.511,9,0.3,2,22,8.91,1.43,1.67,2.27,2.6,3,38,6,0,0,0,4.49,4.89,10.13,14.19,24.32,19,47,0.808,0.638,4.509,469,2,72,3,keskin_bicakx2 nadir_tohumx1 genis_savurusx1,19,0,45,28,84,49,29,0,2,0,7,,0,0,0,0,0,0,0,0,0,0,0.766,20.2,2.333
21,Run50_KirilmaV1,Hız-alan + Ritim,bahcivan,standart,100,ödülsüz eş,24,,,102,85,17,0,0,0,45,32,19,4,2,899,3293,300,0,0,330,114,34,458,140,66,5352,31,6,20.27,1.563,1,1.962,1.511,9,0.3,2,22,8.95,1.34,1.85,2.13,2.75,4.5,54,15,0,0,0,1.96,5.13,7.98,10.79,14.71,17,49,0.833,0.571,4.261,518,3,75,4,keskin_bicakx2 nadir_tohumx1 genis_savurusx1,19,0,45,30,90,49,35,0,2,0,7,,0,0,0,0,0,0,0,0,0,0,0.816,19.978,2.267
21,Run50_KirilmaV1,Hız-alan + Ritim,bahcivan,standart,100,ödülsüz eş,25,,,92,75,17,0,0,0,41,23,14,12,2,1210,4503,300,1210,65,309,106,36,462,205,62,5143,33,6,23.08,1.563,1,1.962,1.624,9,0.3,2,22,9,1.45,1.74,2.33,2.44,4,43,12,7,0,0,2.56,4.24,8.34,7.86,12.77,14,49,0.879,0.673,3.757,587,4,79,2,keskin_bicakx2 nadir_tohumx1 genis_savurusx1,20,0,45,32,96,49,41,0,2,0,7,,0,0,0,0,0,0,0,0,0,0,0.959,26.889,2.044
21,Run50_KirilmaV1,Hız-alan + Ritim,bahcivan,standart,100,ödülsüz eş,26,,,126,95,30,0,1,0,39,28,33,21,5,2321,2321,500,0,0,378,221,87,415,426,149,7858,35,6,25.51,1.953,1,1.962,1.67,9,0.3,2,22,9,1.26,1.33,1.95,2,2,57,55,8,0,0,1.5,1.3,4.32,6.15,2.95,14,49,0.846,0.673,3.697,596,5,84,0,keskin_bicakx3 nadir_tohumx1 genis_savurusx1,24,0,45,34,102,49,47,0,2,0,7,,0,0,0,0,0,0,0,0,0,0,0.857,51.578,2.8
21,Run50_KirilmaV1,Hız-alan + Ritim,bahcivan,standart,100,ödülsüz eş,27,,,114,80,34,0,0,0,38,33,27,12,4,1711,4032,500,0,0,405,162,60,550,265,89,6631,36,3,25.51,1.953,1,1.901,1.67,9,0.3,2,23,9,1.46,1.76,1.9,2.14,2.5,32,23,5,7,0,2.19,5.4,4.56,11.94,4.75,14,58,0.871,0.569,3.559,733,3,87,5,keskin_bicakx3 nadir_tohumx1 genis_savurusx1,22,0,45,35,105,49,53,0,2,0,7,,0,0,0,0,0,0,0,0,0,0,0.897,38.022,2.533
21,Run50_KirilmaV1,Hız-alan + Ritim,bahcivan,standart,100,ödülsüz eş,28,,,124,88,33,3,0,0,47,36,20,18,3,1839,5871,500,0,0,414,143,66,494,202,115,7229,38,6,25.51,1.953,1,1.901,1.736,9,0.3,2,23,9,1.39,1.79,1.86,1.92,3.5,35,7,11,0,0,3.49,4.34,4.61,4.09,13.3,16,67,0.872,0.687,3.822,789,3,90,4,keskin_bicakx3 nadir_tohumx1 genis_savurusx1,24,0,45,37,111,52,53,0,2,0,7,,0,0,0,0,0,0,0,0,0,0,0.851,40.867,2.756
21,Run50_KirilmaV1,Hız-alan + Ritim,bahcivan,standart,100,ödülsüz eş,29,,,148,104,43,0,0,1,52,33,35,23,5,2410,8281,500,0,0,402,280,148,431,402,148,8929,39,3,31.35,1.953,1,1.901,1.736,9,0.3,2,23,9,1.25,1.45,1.73,1.86,1,66,20,29,7,0,2.33,2.16,4.06,4.34,0,18,71,0.863,0.732,3.923,815,7,97,2,keskin_bicakx3 nadir_tohumx1 genis_savurusx1,26,0,45,38,114,58,53,0,2,0,7,,0,0,0,0,0,0,0,0,0,0,0.873,53.556,3.289
21,Run50_KirilmaV1,Hız-alan + Ritim,bahcivan,standart,100,ödülsüz eş,30,,,131,87,41,2,0,1,43,29,27,23,9,3345,11626,500,3345,100,441,336,137,442,418,205,8314,41,6,31.35,1.953,1,1.841,1.736,9,0.3,2,24,9,1.28,1.56,1.46,2.16,2.8,58,30,12,0,0,3.05,3.17,4.11,8.04,8.83,19,74,0.844,0.689,3.91,852,3,100,1,keskin_bicakx3 nadir_tohumx1 genis_savurusx1,25,0,45,40,120,61,53,0,2,0,7,,0,0,0,0,0,0,0,0,0,0,0.838,74.333,2.911
21,Run50_KirilmaV1,Hız-alan + Ritim,bahcivan,standart,100,ödülsüz eş,31,,,157,117,34,1,4,1,63,39,31,18,6,2401,2401,1200,0,0,480,294,136,642,322,341,9469,42,3,31.35,1.953,1,1.565,1.736,9,0.3,2,28,9,1.42,1.52,1.75,1.77,2.5,40,28,0,0,0,2.37,1.62,3.39,4.57,5.74,22,79,0.867,0.747,4.124,862,3,103,3,keskin_bicakx3 nadir_tohumx1 genis_savurusx1 hizli_bilekx1,28,0,45,41,123,67,53,0,2,0,7,,0,0,0,0,0,0,0,0,0,0,0.924,53.356,3.489
21,Run50_KirilmaV1,Hız-alan + Ritim,bahcivan,standart,100,ödülsüz eş,32,,,164,106,58,0,0,0,50,41,41,23,9,4176,6577,1200,0,0,642,360,143,744,682,389,10924,44,6,31.35,1.953,1,1.565,1.802,9,0.3,2,28,9,1.24,1.77,1.75,1.86,2,56,19,10,8,0,1.29,3.5,3.69,5.25,6.26,23,81,0.863,0.654,4.203,867,3,106,1,keskin_bicakx3 nadir_tohumx1 genis_savurusx1 hizli_bilekx1,31,0,45,43,129,70,53,0,2,0,7,,0,0,0,0,0,0,0,0,0,0,0.926,92.8,3.644
21,Run50_KirilmaV1,Hız-alan + Ritim,bahcivan,standart,100,ödülsüz eş,33,,,177,112,59,4,0,2,68,30,47,22,10,4068,10645,1200,0,0,441,512,173,590,634,562,11230,46,6,36.77,1.953,1,1.516,1.802,9,0.3,2,29,9,1.32,1.32,1.88,2.07,1.8,50,55,10,16,0,1.55,1.43,4.18,5.74,3.63,23,81,0.863,0.654,3.991,913,3,109,0,keskin_bicakx3 nadir_tohumx1 genis_savurusx1 hizli_bilekx1,40,0,45,45,135,76,53,0,2,0,7,,0,0,0,0,0,0,0,0,0,0,0.926,90.4,3.933
21,Run50_KirilmaV1,Hız-alan + Ritim,bahcivan,standart,100,ödülsüz eş,34,,,192,115,75,2,0,0,70,43,46,28,5,3513,14158,1200,0,0,673,447,160,713,491,612,12146,47,3,36.77,1.953,1,1.516,1.868,9,0.3,2,29,9,1.32,1.5,1.79,1.86,2,49,33,26,11,0,2.33,1.98,4.39,3.72,6.82,23,81,0.853,0.667,3.817,955,6,115,0,keskin_bicakx3 nadir_tohumx1 genis_savurusx1 hizli_bilekx1,34,0,45,46,138,81,54,0,2,0,7,,0,0,0,0,0,0,0,0,0,0,0.827,78.067,4.267
21,Run50_KirilmaV1,Hız-alan + Ritim,bahcivan,standart,100,ödülsüz eş,35,,,151,83,63,0,1,4,59,35,33,21,3,2736,16894,1200,2736,220,474,367,105,512,738,717,9246,48,3,42.03,1.953,1,1.516,1.868,9,0.3,2,29,6,1.24,1.47,1.88,1.73,1.33,63,26,18,15,0,1.33,2.23,4.45,3.13,1.52,23,81,0.874,0.753,3.81,957,5,120,0,keskin_bicakx3 nadir_tohumx1 genis_savurusx1 hizli_bilekx1,26,0,45,47,141,81,57,0,2,0,7,,0,0,0,0,0,0,0,0,0,0,0.914,60.8,3.356
21,Run50_KirilmaV1,Hız-alan + Ritim,bahcivan,standart,100,ödülsüz eş,36,,,253,167,80,2,1,3,84,70,48,37,14,6657,6657,2800,0,0,1057,591,290,1119,609,882,16381,50,6,44.25,1.953,1,1.468,2.465,12,0.3,2,30,12,1.42,1.36,1.63,1.91,2,51,46,17,17,13,2.42,2.5,2.83,4.59,4.4,23,81,0.811,0.642,3.801,959,3,123,0,keskin_bicakx3 nadir_tohumx1 genis_savurusx2 hizli_bilekx1,44,0,45,49,147,81,60,0,2,0,7,,0,0,0,0,0,0,0,0,0,0,0.827,147.933,5.622
21,Run50_KirilmaV1,Hız-alan + Ritim,bahcivan,standart,100,ödülsüz eş,37,,,284,180,99,2,2,1,101,68,69,33,13,5689,12346,2800,0,0,1104,981,249,1138,1590,1131,17967,52,6,48.2,1.953,1,1.468,2.553,12,0.3,2,30,12,1.15,1.4,1.54,1.7,2.14,80,38,19,13,8,0.78,1.83,3.12,2.87,4.82,23,81,0.791,0.605,3.766,968,5,128,0,keskin_bicakx3 nadir_tohumx1 genis_savurusx2 hizli_bilekx1,46,0,45,51,153,81,66,0,2,0,7,,0,0,0,0,0,0,0,0,0,0,0.716,126.422,6.311
21,Run50_KirilmaV1,Hız-alan + Ritim,bahcivan,standart,100,ödülsüz eş,38,,,282,174,103,3,0,2,109,72,62,27,12,5729,18075,2800,0,0,1256,861,250,1544,1291,1241,17951,54,6,48.2,1.953,1,1.422,2.553,12,0.3,2,31,12,1.23,1.35,1.82,1.82,1.71,63,50,28,17,0,1.38,1.92,4.67,3.18,2.44,23,81,0.783,0.642,3.759,970,5,133,0,keskin_bicakx3 nadir_tohumx1 genis_savurusx2 hizli_bilekx1,46,0,45,53,159,81,72,0,2,0,7,,0,0,0,0,0,0,0,0,0,0,0.753,127.311,6.267
21,Run50_KirilmaV1,Hız-alan + Ritim,bahcivan,standart,100,ödülsüz eş,39,,,280,182,94,0,3,1,111,75,56,27,11,5428,23503,2800,0,0,1408,700,228,1752,1551,1469,17584,55,3,52.15,1.953,1,1.422,2.64,12,0.317,2,31,12,1.23,1.46,1.64,1.78,2.22,67,41,24,17,13,1.19,2.81,3.4,4.11,6.32,23,81,0.8,0.605,3.62,1007,5,138,0,keskin_bicakx3 nadir_tohumx1 genis_savurusx2 hizli_bilekx1,50,0,45,54,162,81,78,0,2,0,7,,0,0,0,0,0,0,0,0,0,0,0.827,120.622,6.222
21,Run50_KirilmaV1,Hız-alan + Ritim,bahcivan,standart,100,ödülsüz eş,40,,,294,173,115,5,0,1,102,91,55,37,9,5458,28961,2800,5458,500,1408,758,291,1565,989,1605,18663,56,3,54.76,1.953,1,1.377,2.727,12,0.333,2,32,11.59,1.17,1.34,1.77,2,1.67,68,49,12,8,14,0.9,1.77,4.68,7.01,6.2,23,81,0.651,0.407,3.613,1009,7,145,0,keskin_bicakx3 nadir_tohumx1 genis_savurusx2 hizli_bilekx1,47,0,45,55,165,81,81,0,2,0,7,,0,0,0,0,0,0,0,0,0,0,0.568,121.289,6.533
21,Run50_KirilmaV1,Hız-alan + Ritim,bahcivan,standart,100,ödülsüz eş,41,,,366,249,111,2,2,2,150,82,79,38,17,8442,8442,4500,0,0,1470,1371,343,1845,1850,1948,24154,58,6,58.9,3.125,1,1.377,2.727,12,0.333,2,32,12,1,1.17,1.33,1.46,1.7,100,72,52,36,54,0,1.33,1.84,3.45,2.89,23,81,0.744,0.556,3.506,1040,4,149,0,keskin_bicakx3 nadir_tohumx1 genis_savurusx2 hizli_bilekx1 canavar_kesimix1,56,0,45,57,171,81,84,0,2,0,7,,0,0,0,0,0,0,0,0,0,0,0.765,187.6,8.133
21,Run50_KirilmaV1,Hız-alan + Ritim,bahcivan,standart,100,ödülsüz eş,42,,,390,268,111,9,0,2,131,111,83,53,12,9435,17877,4500,0,0,2003,1098,390,2068,1278,1583,27357,60,6,61.71,3.125,1,1.377,2.814,12,0.35,2.333,32,12,1,1.15,1.33,1.3,1.4,100,81,55,53,50,0,0.75,1.93,1.38,2.2,23,81,0.73,0.531,3.405,1070,10,159,0,keskin_bicakx3 nadir_tohumx1 genis_savurusx2 hizli_bilekx1 canavar_kesimix1,56,0,45,59,177,81,90,0,2,0,7,,0,0,0,0,0,0,0,0,0,0,0.815,209.667,8.667
21,Run50_KirilmaV1,Hız-alan + Ritim,bahcivan,standart,100,ödülsüz eş,43,,,387,267,114,1,0,5,128,97,84,57,21,10823,28700,4500,0,0,1944,1482,462,2832,2260,1755,28059,62,6,66.05,3.125,1,1.377,2.814,12,0.367,2.444,32,12,1,1.11,1.28,1.35,1.33,100,83,60,49,47,0,0.54,2.3,1.62,0.81,23,81,0.748,0.506,3.393,1074,5,164,0,keskin_bicakx3 nadir_tohumx1 genis_savurusx2 hizli_bilekx1 canavar_kesimix1,56,0,45,61,183,81,96,0,2,0,7,,0,0,0,0,0,0,0,0,0,0,0.802,240.511,8.6
21,Run50_KirilmaV1,Hız-alan + Ritim,bahcivan,standart,100,ödülsüz eş,44,,,502,354,138,7,1,2,185,130,109,63,15,11935,40635,4500,0,0,2283,1545,570,2915,1975,2325,34632,64,6,75.87,3.125,1,1.377,2.901,16,0.367,2.444,32,15.75,1,1.06,1.24,1.28,1.18,100,88,70,56,50,0,0.26,1.49,1.73,0.62,23,81,0.671,0.383,3.286,1109,5,169,0,keskin_bicakx3 nadir_tohumx1 genis_savurusx2 hizli_bilekx1 canavar_kesimix1,70,0,45,63,189,81,102,0,2,0,7,,0,0,0,0,0,0,0,0,0,0,0.704,265.222,11.156
21,Run50_KirilmaV1,Hız-alan + Ritim,bahcivan,standart,100,ödülsüz eş,45,,,499,344,146,2,0,7,185,118,118,57,21,11479,52114,4500,11479,800,2438,1755,582,2608,1784,697,35959,66,6,83.91,3.125,1,1.377,2.901,16,0.383,2.556,32,15.81,1.01,1.13,1.25,1.3,1.43,97,82,64,66,33,0.02,0.85,1.19,2.04,1.87,23,94,0.704,0.479,3.264,1296,9,178,5,keskin_bicakx3 nadir_tohumx1 genis_savurusx2 hizli_bilekx1 canavar_kesimix1,71,0,45,65,195,81,108,0,2,0,7,,0,0,0,0,0,0,0,0,0,0,0.766,255.089,11.089
21,Run50_KirilmaV1,Hız-alan + Ritim,bahcivan,standart,100,ödülsüz eş,46,,,553,365,158,9,4,17,160,163,130,79,21,13628,13628,6000,0,0,2841,1911,732,3699,2315,1369,41917,68,6,91.02,3.125,1,1.377,2.901,16,0.383,2.556,32,16,1,1.01,1.23,1.25,1.13,100,92,61,71,69,0,0.04,1.39,1.32,0.83,29,121,0.719,0.512,3.584,1519,3,181,11,keskin_bicakx3 nadir_tohumx2 genis_savurusx2 hizli_bilekx1 canavar_kesimix1,77,0,45,67,201,87,108,0,2,0,7,,0,0,0,0,0,0,0,0,0,0,0.694,302.844,12.289
21,Run50_KirilmaV1,Hız-alan + Ritim,bahcivan,standart,100,ödülsüz eş,47,,,554,374,157,4,1,18,144,144,157,84,25,16139,29767,6000,0,0,2837,2214,820,3246,2229,1809,47286,70,6,94.81,3.125,1,1.377,2.901,16,0.4,2.667,32,16,1,1.01,1.21,1.32,1.26,100,98,74,56,62,0,0.13,1.31,1.95,1.31,29,121,0.73,0.545,3.478,1566,8,189,0,keskin_bicakx3 nadir_tohumx2 genis_savurusx2 hizli_bilekx1 canavar_kesimix1,76,0,45,69,207,93,108,0,2,0,7,,0,0,0,0,0,0,0,0,0,0,0.669,358.644,12.311
21,Run50_KirilmaV1,Hız-alan + Ritim,bahcivan,standart,100,ödülsüz eş,48,,,554,364,162,8,6,14,185,139,113,94,23,16162,45929,6000,0,0,2791,2022,764,3137,2551,2573,45008,72,6,106.31,3.125,1,1.377,2.901,16,0.4,2.667,32,15.97,1,1.03,1.15,1.19,1.2,100,95,69,65,80,0,0.11,1.23,1.05,1.52,29,121,0.729,0.545,3.441,1583,3,192,0,keskin_bicakx3 nadir_tohumx2 genis_savurusx2 hizli_bilekx1 canavar_kesimix1,85,0,45,71,213,99,108,0,2,0,7,,0,0,0,0,0,0,0,0,0,0,0.694,359.156,12.311
21,Run50_KirilmaV1,Hız-alan + Ritim,bahcivan,standart,100,ödülsüz eş,49,,,591,391,157,13,10,20,198,176,113,79,25,16248,62177,6000,0,0,3523,1722,760,3590,2373,2913,51395,74,6,110.4,3.125,1,1.377,2.901,16,0.45,2.778,32,16,1,1.02,1.15,1.14,1.15,100,97,70,68,57,0,0.06,0.93,0.94,0.83,29,121,0.713,0.521,3.402,1601,7,199,0,keskin_bicakx3 nadir_tohumx2 genis_savurusx2 hizli_bilekx1 canavar_kesimix1,80,0,45,73,219,105,108,0,2,0,7,,0,0,0,0,0,0,0,0,0,0,0.752,361.067,13.133
21,Run50_KirilmaV1,Hız-alan + Ritim,bahcivan,standart,100,ödülsüz eş,50,,,584,390,147,10,11,26,171,168,120,92,33,19259,81436,6000,0,0,3187,2340,822,3377,3943,3735,53931,76,6,118.4,3.125,1,1.377,2.901,16,0.45,2.778,32,15.97,1,1.01,1.08,1.09,1.16,100,98,72,75,65,0,0.1,0.41,0.27,0.87,29,121,0.722,0.537,3.336,1632,3,202,0,keskin_bicakx3 nadir_tohumx2 genis_savurusx2 hizli_bilekx1 canavar_kesimix1,85,0,45,75,225,111,108,0,2,0,7,,0,0,0,0,0,0,0,0,0,0,0.76,427.978,12.978
21,Run50_KirilmaV1,Hız-alan + Ritim,bahcivan,standart,100,ödülsüz eş,50,KAZANDI
21,Run50_KirilmaV1,Hız-alan + Ritim,bahcivan,standart,100,LAB R15 A ödülsüz #1,15,,,39,39,0,0,0,0,25,9,3,1,1,352,352,150,352,30,171,12,2,251,12,2,1160,3,6,14.67,1.25,1,2.24,1.005,6,0.3,2,20,5.7,1.84,2.78,4.67,2,8,24,0,0,0,0,4.66,12.19,10.45,6.73,31.33,13,20,0.794,0.5,5.497,164,0,0,0,keskin_bicakx1 nadir_tohumx1,10,0,45,2,6,0,0,0,0,0,15,,0,0,0,0,0,0,0,0,0,0,0.85,7.822,0.867
21,Run50_KirilmaV1,Hız-alan + Ritim,bahcivan,standart,100,LAB R15 B +hasat_ritmi #1,15,,,40,38,2,0,0,0,21,13,4,1,1,352,352,150,352,30,141,16,10,221,16,10,1268,4,9,14.67,1.25,1,2.24,1.005,6,0.3,2,20,5.95,2.24,2.92,4.67,3,3,9,14,0,0,0,8.21,7.47,23.15,6.73,17.94,13,20,0.824,0.5,5.497,164,0,0,0,keskin_bicakx1 nadir_tohumx1 hasat_ritmix1,10,0,45,3,9,0,0,0,0,0,15,,0,0,0,0,0,4,4,0,0,0,0.5,7.822,0.889
21,Run50_KirilmaV1,Hız-alan + Ritim,bahcivan,standart,100,LAB R15 A ödülsüz #2,15,,,42,41,1,0,0,0,26,9,6,1,0,200,200,150,200,30,132,24,2,212,24,2,1250,4,9,14.67,1.25,1,2.24,1.005,6,0.3,2,20,5.6,2.08,2.89,2.17,3,,17,0,0,0,,6.63,10.96,6.72,8.96,,13,20,0.791,0.5,5.497,164,0,0,0,keskin_bicakx1 nadir_tohumx1,10,0,45,3,9,0,0,0,0,0,15,,0,0,0,0,0,0,0,0,0,0,0.65,4.444,0.933
21,Run50_KirilmaV1,Hız-alan + Ritim,bahcivan,standart,100,LAB R15 B +hasat_ritmi #2,15,,,41,40,1,0,0,0,15,20,5,1,0,218,218,150,218,30,165,20,2,245,20,2,1346,4,9,14.67,1.25,1,2.24,1.005,6,0.3,2,20,5.9,2.33,2.42,3.4,2,,18,23,10,0,,5.98,7.31,8.51,13.43,,13,20,0.812,0.5,5.497,164,0,0,0,keskin_bicakx1 nadir_tohumx1 hasat_ritmix1,10,0,45,3,9,0,0,0,0,0,15,,0,0,0,0,0,4,4,0,0,0,0.65,4.844,0.911
21,Run50_KirilmaV1,Hız-alan + Ritim,bahcivan,standart,100,LAB R15 A ödülsüz #3,15,,,37,36,1,0,0,0,25,6,6,0,0,162,162,150,162,30,111,24,0,191,24,0,1068,3,6,14.67,1.25,1,2.24,1.005,6,0.3,2,20,5.65,1.83,3.5,3.5,,,30,0,0,0,,4.48,11.95,11.58,,,13,20,0.81,0.45,5.497,164,0,0,0,keskin_bicakx1 nadir_tohumx1,10,0,45,2,6,0,0,0,0,0,15,,0,0,0,0,0,0,0,0,0,0,0.85,3.6,0.822
21,Run50_KirilmaV1,Hız-alan + Ritim,bahcivan,standart,100,LAB R15 B +hasat_ritmi #3,15,,,48,46,2,0,0,0,29,13,5,1,0,228,228,150,228,30,165,20,2,245,20,2,1459,4,9,14.67,1.25,1,2.24,1.005,6,0.3,2,20,6,1.93,2.23,3.2,4,,25,12,0,0,,4.81,5.33,9.85,11.2,,13,20,0.762,0.55,5.497,164,0,0,0,keskin_bicakx1 nadir_tohumx1 hasat_ritmix1,11,0,45,3,9,0,0,0,0,0,15,,0,0,0,0,0,5,4,0,0,0,0.75,5.067,1.067
21,Run50_KirilmaV1,Hız-alan + Ritim,bahcivan,standart,100,LAB R25 A ödülsüz #1,25,,,103,72,31,0,0,0,37,27,20,14,5,1756,1756,300,1756,65,366,142,66,446,142,66,6145,12,33,23.08,1.563,1,1.962,1.624,9,0.3,2,22,9,1.6,1.56,1.94,2.92,2.75,38,42,26,0,0,3.44,3.16,4.25,7.2,5.39,14,49,0.871,0.714,3.757,587,0,0,0,keskin_bicakx2 nadir_tohumx1 genis_savurusx1,22,0,45,11,33,0,0,0,0,0,25,,0,0,0,0,0,0,0,0,0,0,0.878,39.022,2.289
21,Run50_KirilmaV1,Hız-alan + Ritim,bahcivan,standart,100,LAB R25 B +hasat_ritmi #1,25,,,141,100,41,0,0,0,56,40,23,16,6,2202,2202,300,2202,65,504,204,60,584,204,60,8094,15,42,23.08,1.563,1,1.962,1.624,9,0.3,2,22,9.95,1.3,1.42,2.13,1.9,2.4,72,38,11,33,17,1.61,3.62,4.84,6.08,9.43,14,49,0.824,0.633,3.757,587,0,0,0,keskin_bicakx2 nadir_tohumx1 genis_savurusx1 hasat_ritmix1,27,0,45,14,42,0,0,0,0,0,25,,0,0,0,0,0,8,7,0,0,0,0.898,48.933,3.133
21,Run50_KirilmaV1,Hız-alan + Ritim,bahcivan,standart,100,LAB R25 sinerji A ödülsüz #1,25,,,203,155,48,0,0,0,83,47,43,21,9,3321,3321,300,3321,65,630,374,87,710,374,87,11473,18,51,23.08,1.563,1,1.205,2.143,12,0.3,2,37,11.41,1.4,2.05,2.86,2.38,3.33,52,13,10,4,0,1.17,3.83,6.56,4.67,5.89,14,49,0.768,0.551,3.757,587,0,0,0,keskin_bicakx2 nadir_tohumx1 genis_savurusx2 hizli_bilekx3,35,0,45,17,51,0,0,0,0,0,25,,0,0,0,0,0,0,0,0,0,0,0.837,73.8,4.511
21,Run50_KirilmaV1,Hız-alan + Ritim,bahcivan,standart,100,LAB R25 sinerji B +hasat_ritmi #1,25,,,288,237,51,0,0,0,108,71,64,36,9,3854,3854,300,3854,65,909,406,168,989,406,168,16549,22,63,23.08,1.563,1,1.205,2.143,12,0.3,2,37,13.76,1.44,1.64,2.12,2.44,2.71,58,37,23,13,10,1.49,1.56,2.83,4.37,3.44,14,49,0.676,0.306,3.757,587,0,0,0,keskin_bicakx2 nadir_tohumx1 genis_savurusx2 hasat_ritmix1 hizli_bilekx3,50,0,45,21,63,0,0,0,0,0,25,,0,0,0,0,0,14,14,0,0,0,0.633,85.644,6.4
21,Run50_KirilmaV1,Hız-alan + Ritim,bahcivan,standart,100,LAB R25 A ödülsüz #2,25,,,106,74,32,0,0,0,41,25,23,14,3,1777,1777,300,1777,65,276,182,54,356,182,54,6248,12,33,23.08,1.563,1,1.962,1.624,9,0.3,2,22,9,1.23,1.67,1.77,2.2,2.33,58,30,27,5,0,1.57,3.71,5.88,8.24,4.58,14,49,0.867,0.653,3.757,587,0,0,0,keskin_bicakx2 nadir_tohumx1 genis_savurusx1,21,0,45,11,33,0,0,0,0,0,25,,0,0,0,0,0,0,0,0,0,0,0.878,39.489,2.356
21,Run50_KirilmaV1,Hız-alan + Ritim,bahcivan,standart,100,LAB R25 B +hasat_ritmi #2,25,,,139,104,35,0,0,0,44,37,38,17,3,1931,1931,300,1931,65,402,228,75,482,228,75,8299,15,42,23.08,1.563,1,1.962,1.624,9,0.3,2,22,10.09,1.16,1.43,1.55,2.33,2,67,48,44,28,20,0.89,4.12,2.37,4.9,3.93,14,49,0.836,0.51,3.757,587,0,0,0,keskin_bicakx2 nadir_tohumx1 genis_savurusx1 hasat_ritmix1,35,0,45,14,42,0,0,0,0,0,25,,0,0,0,0,0,8,8,0,0,0,0.816,42.911,3.089
21,Run50_KirilmaV1,Hız-alan + Ritim,bahcivan,standart,100,LAB R25 sinerji A ödülsüz #2,25,,,218,161,56,0,1,0,79,48,52,36,3,3122,3122,300,3122,65,531,378,108,611,378,108,13012,19,54,23.08,1.563,1,1.205,2.143,12,0.3,2,37,11.51,1.49,2.11,2.23,2.91,4.5,50,16,19,11,0,1.68,3.26,4.51,4.72,7.23,14,49,0.757,0.49,3.757,587,0,0,0,keskin_bicakx2 nadir_tohumx1 genis_savurusx2 hizli_bilekx3,38,0,45,18,54,0,0,0,0,0,25,,0,0,0,0,0,0,0,0,0,0,0.592,69.378,4.844
21,Run50_KirilmaV1,Hız-alan + Ritim,bahcivan,standart,100,LAB R25 sinerji B +hasat_ritmi #2,25,,,280,222,56,0,2,0,92,83,54,43,8,3896,3896,300,3896,65,924,368,165,1004,368,165,16469,21,60,23.08,1.563,1,1.205,2.143,12,0.3,2,37,13.59,1.35,1.83,2.12,2.49,2.2,66,30,23,16,0,0.93,1.93,3.41,3.96,2.66,14,49,0.683,0.388,3.757,587,0,0,0,keskin_bicakx2 nadir_tohumx1 genis_savurusx2 hasat_ritmix1 hizli_bilekx3,48,0,45,20,60,0,0,0,0,0,25,,0,0,0,0,0,12,12,0,0,0,0.694,86.578,6.222
21,Run50_KirilmaV1,Hız-alan + Ritim,bahcivan,standart,100,LAB R25 A ödülsüz #3,25,,,110,76,33,0,1,0,51,28,17,13,1,1178,1178,300,1178,65,327,124,39,407,124,39,6051,12,33,23.08,1.563,1,1.962,1.624,9,0.3,2,22,9,1.34,1.74,2.09,1.86,2,61,39,16,17,0,1.86,3.92,4.82,4.77,5.87,14,49,0.86,0.653,3.757,587,0,0,0,keskin_bicakx2 nadir_tohumx1 genis_savurusx1,30,0,45,11,33,0,0,0,0,0,25,,0,0,0,0,0,0,0,0,0,0,0.878,26.178,2.444
21,Run50_KirilmaV1,Hız-alan + Ritim,bahcivan,standart,100,LAB R25 B +hasat_ritmi #3,25,,,142,102,40,0,0,0,66,34,26,10,6,2020,2020,300,2020,65,411,200,78,491,200,78,7857,14,39,23.08,1.563,1,1.962,1.624,9,0.3,2,22,9.95,1.25,1.48,1.72,1.63,2.25,67,54,16,18,14,1.35,2.8,3.6,2.7,5.88,14,49,0.821,0.612,3.757,587,0,0,0,keskin_bicakx2 nadir_tohumx1 genis_savurusx1 hasat_ritmix1,31,0,45,13,39,0,0,0,0,0,25,,0,0,0,0,0,8,7,0,0,0,0.898,44.889,3.156
21,Run50_KirilmaV1,Hız-alan + Ritim,bahcivan,standart,100,LAB R25 sinerji A ödülsüz #3,25,,,212,168,44,0,0,0,91,50,39,22,10,3074,3074,300,3074,65,714,344,90,794,344,90,11871,18,51,23.08,1.563,1,1.205,2.143,12,0.3,2,37,11.49,1.5,2.05,2.53,3.14,2.29,48,20,3,9,25,1.19,2.29,4.98,5.76,2.59,14,49,0.765,0.408,3.757,587,0,0,0,keskin_bicakx2 nadir_tohumx1 genis_savurusx2 hizli_bilekx3,45,0,45,17,51,0,0,0,0,0,25,,0,0,0,0,0,0,0,0,0,0,0.837,68.311,4.711
21,Run50_KirilmaV1,Hız-alan + Ritim,bahcivan,standart,100,LAB R25 sinerji B +hasat_ritmi #3,25,,,282,228,54,0,0,0,110,79,50,34,9,3924,3924,300,3924,65,954,344,150,1034,344,150,16014,21,60,23.08,1.563,1,1.205,2.143,12,0.3,2,37,13.73,1.49,1.8,2.13,2.44,2.44,51,32,21,6,20,1.41,1.92,2.71,2.94,3.21,14,49,0.686,0.306,3.757,587,0,0,0,keskin_bicakx2 nadir_tohumx1 genis_savurusx2 hasat_ritmix1 hizli_bilekx3,49,0,45,20,60,0,0,0,0,0,25,,0,0,0,0,0,13,12,0,0,0,0.653,87.2,6.267
21,Run50_KirilmaV1,Hız-alan + Ritim,bahcivan,standart,100,LAB R40 A ödülsüz #1,40,,,306,193,107,4,1,1,110,84,72,30,10,5518,5518,2800,5518,500,1260,1036,272,1340,1036,272,19157,23,66,54.76,1.953,1,1.377,2.727,12,0.333,2,32,11.75,1.12,1.39,1.52,1.68,2.29,78,53,38,43,0,0.56,2.36,2.39,3.05,6.49,23,81,0.654,0.407,3.613,1009,0,0,0,keskin_bicakx3 nadir_tohumx1 genis_savurusx2 hizli_bilekx1,52,0,45,22,66,0,0,0,0,0,40,,0,0,0,0,0,0,0,0,0,0,0.679,122.622,6.8
21,Run50_KirilmaV1,Hız-alan + Ritim,bahcivan,standart,100,LAB R40 B +hasat_ritmi #1,40,,,395,277,107,9,1,1,139,95,92,53,16,8277,8277,2800,8277,500,1836,1190,462,1916,1190,462,25346,26,75,54.76,1.953,1,1.377,2.727,12,0.333,2,32,15.31,1.09,1.25,1.37,1.64,1.92,81,63,52,45,36,0.35,1.38,1.23,1.8,2.75,23,81,0.545,0.222,3.613,1009,0,0,0,keskin_bicakx3 nadir_tohumx1 genis_savurusx2 hizli_bilekx1 hasat_ritmix1,85,0,45,25,75,0,0,0,0,0,40,,0,0,0,0,0,12,12,0,0,0,0.765,183.933,8.778
21,Run50_KirilmaV1,Hız-alan + Ritim,bahcivan,standart,100,LAB R40 A ödülsüz #2,40,,,303,198,97,5,1,2,116,94,56,25,12,5237,5237,2800,5237,500,1472,844,265,1552,844,265,18513,23,66,54.76,1.953,1,1.377,2.727,12,0.333,2,32,11.78,1.19,1.24,1.6,1.75,2.22,72,64,40,22,13,0.82,0.92,3.11,3.87,4.89,23,81,0.647,0.407,3.613,1009,0,0,0,keskin_bicakx3 nadir_tohumx1 genis_savurusx2 hizli_bilekx1,55,0,45,22,66,0,0,0,0,0,40,,0,0,0,0,0,0,0,0,0,0,0.679,116.378,6.733
21,Run50_KirilmaV1,Hız-alan + Ritim,bahcivan,standart,100,LAB R40 B +hasat_ritmi #2,40,,,417,302,105,5,3,2,144,115,93,49,16,8583,8583,2800,8583,500,1888,1386,386,1968,1386,386,25844,26,75,54.76,1.953,1,1.377,2.727,12,0.333,2,32,15.91,1.09,1.25,1.41,1.42,2,88,64,54,52,19,0.48,1.11,1.5,1.63,3.67,23,81,0.563,0.235,3.613,1009,0,0,0,keskin_bicakx3 nadir_tohumx1 genis_savurusx2 hizli_bilekx1 hasat_ritmix1,86,0,45,25,75,0,0,0,0,0,40,,0,0,0,0,0,14,13,0,0,0,0.642,190.733,9.267
21,Run50_KirilmaV1,Hız-alan + Ritim,bahcivan,standart,100,LAB R40 A ödülsüz #3,40,,,311,177,121,6,3,4,122,74,66,42,7,5398,5398,2800,5398,500,1294,933,275,1374,933,275,19309,23,66,54.76,1.953,1,1.377,2.727,12,0.333,2,32,11.75,1.23,1.2,1.67,1.81,1.75,74,61,39,24,29,1.33,0.84,3.25,4.08,2.07,23,81,0.638,0.346,3.613,1009,0,0,0,keskin_bicakx3 nadir_tohumx1 genis_savurusx2 hizli_bilekx1,56,0,45,22,66,0,0,0,0,0,40,,0,0,0,0,0,0,0,0,0,0,0.63,119.956,6.911
21,Run50_KirilmaV1,Hız-alan + Ritim,bahcivan,standart,100,LAB R40 B +hasat_ritmi #3,40,,,415,268,132,9,1,5,153,115,75,53,19,9324,9324,2800,9324,500,1990,1201,445,2070,1201,445,26129,26,75,54.76,1.953,1,1.377,2.727,12,0.333,2,32,15.22,1.12,1.17,1.39,1.68,1.77,81,75,54,48,15,0.31,0.51,1.83,2.51,2.43,23,81,0.532,0.235,3.613,1009,0,0,0,keskin_bicakx3 nadir_tohumx1 genis_savurusx2 hizli_bilekx1 hasat_ritmix1,74,0,45,25,75,0,0,0,0,0,40,,0,0,0,0,0,13,12,0,0,0,0.568,207.2,9.222
22,Run50_KirilmaV1,Hız-alan + Ritim,bahcivan,standart,101,ödülsüz eş,1,,,13,13,0,0,0,0,12,1,0,0,0,15,15,45,0,0,28,0,0,28,0,0,270,1,0,10,1,1,3,0.9,4,0.3,2,12,2.25,2,3,,,,17,0,,,,3,6,,,,2,4,0.339,0,8,23,0,0,2,,4,0.351,45,0,0,0,0,0,0,0,0,,0,0,0,0,0,0,0,0,0,0,0.75,0.333,0.289
22,Run50_KirilmaV1,Hız-alan + Ritim,bahcivan,standart,101,ödülsüz eş,2,,,13,13,0,0,0,0,8,4,1,0,0,30,45,45,0,0,32,4,0,33,4,0,320,2,3,10,1,1,2.892,0.9,4,0.3,2,15,2.6,2.38,2.5,5,,,0,0,0,,,3.99,5.06,28.9,,,3,5,0.551,0.2,8,28,1,1,1,,4,0,45,1,3,0,0,0,0,0,0,,0,0,0,0,0,0,0,0,0,0,0.4,0.667,0.289
22,Run50_KirilmaV1,Hız-alan + Ritim,bahcivan,standart,101,ödülsüz eş,3,,,15,14,0,0,0,1,10,4,1,0,0,32,77,45,0,0,36,4,0,42,8,0,421,3,3,10,1,1,2.689,0.9,4,0.3,2,16,2.31,2.2,2,4,,,0,0,0,,,3.77,3.58,8.07,,,3,5,0.452,0.2,8,28,3,4,0,,4,0,45,2,6,3,0,0,2,0,3,,0,0,0,0,0,0,0,0,0,0,0.4,0.711,0.333
22,Run50_KirilmaV1,Hız-alan + Ritim,bahcivan,standart,101,ödülsüz eş,4,,,17,17,0,0,0,0,13,2,2,0,0,39,116,45,0,0,34,8,0,36,16,0,444,4,3,10,1,1,2.689,0.9,4,0.3,2,16,3.13,2.23,3.5,3,,,7,0,0,,,4.75,9.4,5.37,,,4,7,0.585,0.286,7.708,41,0,4,1,,4,0,45,3,9,6,0,0,2,0,3,,0,0,0,0,0,0,0,0,0,0,0.714,0.867,0.378
22,Run50_KirilmaV1,Hız-alan + Ritim,bahcivan,standart,101,ödülsüz eş,5,,,13,13,0,0,0,0,9,4,0,0,0,23,139,45,23,8,34,0,0,34,16,0,341,5,3,11.33,1,1,2.592,0.9,4,0.3,2,15,1.73,2,1.75,,,,14,0,,,,4.03,3.89,,,,4,7,0.348,0,7.519,42,5,9,0,,4,0.238,45,4,12,9,0,0,2,0,3,,0,0,0,0,0,0,0,0,0,0,0.143,0.511,0.289
22,Run50_KirilmaV1,Hız-alan + Ritim,bahcivan,standart,101,ödülsüz eş,6,,,25,22,0,0,0,3,18,5,2,0,0,58,58,110,0,0,56,8,0,70,24,0,687,6,3,11.33,1,1,2.592,1.188,6,0.3,2,17,3.88,2.19,3.25,3.5,,,5,0,0,,,3.08,6.49,7.79,,,5,8,0.511,0,6.951,52,0,9,1,genis_savurusx1,5,0.079,45,5,15,9,3,0,2,0,3,,0,0,0,0,0,0,0,0,0,0,0.625,1.289,0.556
22,Run50_KirilmaV1,Hız-alan + Ritim,bahcivan,standart,101,ödülsüz eş,7,,,27,24,0,0,0,3,21,5,1,0,0,51,109,110,0,0,62,4,0,73,28,0,707,8,6,11.33,1,1,2.592,1.188,6,0.3,2,17,4.24,2.45,3,3,,,0,0,0,,,4.41,6.91,7.77,,,6,9,0.547,0.222,7.094,57,2,11,1,genis_savurusx1,5,0,45,7,21,9,6,0,2,0,3,,0,0,0,0,0,0,0,0,0,0,0.444,1.133,0.6
22,Run50_KirilmaV1,Hız-alan + Ritim,bahcivan,standart,101,ödülsüz eş,8,,,30,27,0,0,0,3,24,4,2,0,0,61,170,110,0,0,64,8,0,77,36,0,772,9,3,11.33,1,1,2.592,1.188,6,0.3,2,17,4.18,2.05,3,2.5,,,4,0,0,,,3.34,7.12,3.88,,,8,12,0.58,0.333,7.09,76,0,11,2,genis_savurusx1,5,0,45,8,24,15,6,0,2,0,3,,0,0,0,0,0,0,0,0,0,0,0.583,1.356,0.667
22,Run50_KirilmaV1,Hız-alan + Ritim,bahcivan,standart,101,ödülsüz eş,9,,,28,27,0,0,0,1,24,3,1,0,0,47,217,110,0,0,63,4,0,79,40,0,704,10,3,11.33,1,1,2.41,1.188,6,0.3,2,18,4.5,2.17,3.33,5,,,0,0,0,,,4.09,11.25,12.07,,,9,13,0.639,0.308,6.961,84,3,14,1,genis_savurusx1,6,0,45,9,27,18,6,0,2,0,3,,0,0,0,0,0,0,0,0,0,0,0.769,1.044,0.622
22,Run50_KirilmaV1,Hız-alan + Ritim,bahcivan,standart,101,ödülsüz eş,10,,,27,25,0,0,0,2,20,6,1,0,0,62,279,110,62,16,70,4,0,70,44,0,703,11,3,11.33,1,1,2.41,1.234,6,0.3,2,18,4.67,2.26,3.4,2,,,0,0,0,,,5.2,13,2.44,,,10,14,0.706,0.429,6.873,92,3,17,1,genis_savurusx1,8,0,45,10,30,21,6,0,2,0,3,,0,0,0,0,0,0,0,0,0,0,0.786,1.378,0.6
22,Run50_KirilmaV1,Hız-alan + Ritim,bahcivan,standart,101,ödülsüz eş,11,,,37,33,0,0,0,4,25,9,2,1,0,139,139,150,0,0,95,8,2,106,52,2,1040,13,6,12,1,1,2.324,1.629,9,0.3,2,19,5.32,2.23,2.67,6,5,,4,0,0,0,,4.23,4.9,11.59,11.63,,11,15,0.61,0.267,6.94,97,3,20,1,genis_savurusx2,10,0,45,12,36,24,6,0,2,0,3,,0,0,0,0,0,0,0,0,0,0,0.733,3.089,0.822
22,Run50_KirilmaV1,Hız-alan + Ritim,bahcivan,standart,101,ödülsüz eş,12,,,42,41,0,0,0,1,26,6,9,1,0,227,366,150,0,0,108,36,2,120,58,4,1358,14,3,12.67,1,1,2.324,1.69,9,0.3,2,19,6.21,2.27,3,3.5,2,,4,0,0,,,4.02,5.42,11.03,9.3,,12,17,0.643,0.294,6.915,111,4,24,1,genis_savurusx2,11,0,45,13,39,25,11,0,2,0,3,,0,0,0,0,0,0,0,0,0,0,0.647,5.044,0.933
22,Run50_KirilmaV1,Hız-alan + Ritim,bahcivan,standart,101,ödülsüz eş,13,,,48,46,0,0,0,2,37,9,1,1,0,114,480,150,0,0,156,4,2,178,32,6,1420,16,6,12.67,1,1,2.24,1.69,9,0.3,2,20,6.95,2.31,3.22,1,7,,0,0,,0,,4.99,9.71,0,20.13,,14,20,0.61,0.4,6.843,132,4,28,2,genis_savurusx2,10,0,45,15,45,28,11,0,2,0,3,,0,0,0,0,0,0,0,0,0,0,0.55,2.533,1.067
22,Run50_KirilmaV1,Hız-alan + Ritim,bahcivan,standart,101,ödülsüz eş,14,,,51,45,0,0,0,6,33,12,4,2,0,216,696,150,0,0,159,16,4,164,48,10,1639,17,3,14.67,1,1,2.24,1.751,9,0.3,2,20,7.05,2.18,2.36,3.75,4.5,,3,0,0,0,,4.64,5.29,11.76,21.28,,15,23,0.665,0.391,6.471,160,6,34,1,genis_savurusx2,15,0,45,16,48,34,11,0,2,0,3,,0,0,0,0,0,0,0,0,0,0,0.739,4.8,1.133
22,Run50_KirilmaV1,Hız-alan + Ritim,bahcivan,standart,101,ödülsüz eş,15,,,45,38,1,0,0,6,34,6,4,1,0,141,837,150,141,30,132,16,2,146,39,12,1397,18,3,14.67,1,1,2.24,1.751,9,0.3,2,20,5.35,2,2.2,3,3,,0,0,0,0,,5.64,11.64,13.43,11.2,,16,26,0.532,0.308,6.519,179,2,36,1,genis_savurusx2,12,0,45,17,51,37,11,0,2,0,3,,0,0,0,0,0,0,0,0,0,0,0.5,3.133,1
22,Run50_KirilmaV1,Hız-alan + Ritim,bahcivan,standart,101,ödülsüz eş,16,,,56,44,4,2,0,6,37,15,3,1,0,188,188,220,0,0,186,12,2,192,51,14,1770,20,6,14.67,1,1,2.24,1.751,9,0.3,2,20,8.4,2.21,3.25,2,,,3,0,0,0,0,7.72,14,5.97,,,18,32,0.755,0.406,6.495,222,0,36,2,genis_savurusx2 nadir_tohumx1,14,0,45,19,57,40,11,0,2,0,3,,0,0,0,0,0,0,0,0,0,0,0.688,4.178,1.244
22,Run50_KirilmaV1,Hız-alan + Ritim,bahcivan,standart,101,ödülsüz eş,17,,,65,51,6,3,0,5,41,11,9,3,1,484,672,220,0,0,189,36,14,206,62,28,2326,21,3,15.64,1,1,2.16,1.812,9,0.3,2,20,8.1,1.94,2.29,2.38,4,3,6,0,0,0,,5.24,6.79,6.48,27,28.07,20,37,0.733,0.595,6.36,262,7,43,2,genis_savurusx2 nadir_tohumx1,12,0,45,20,60,46,11,0,2,0,3,,0,0,0,0,0,0,0,0,0,0,0.757,10.756,1.444
22,Run50_KirilmaV1,Hız-alan + Ritim,bahcivan,standart,101,ödülsüz eş,18,,,68,54,1,0,0,13,42,15,9,2,0,261,933,220,0,0,216,36,6,224,73,34,2433,23,6,16.36,1,1,2.092,1.812,9,0.3,2,21,8.38,2.36,2.55,2.29,,,0,0,0,,,7.38,10.65,7.77,,,19,39,0.762,0.59,6.232,282,3,46,2,genis_savurusx2 nadir_tohumx1,14,0,45,22,66,49,11,0,2,0,3,,0,0,0,0,0,0,0,0,0,0,0.795,5.8,1.511
22,Run50_KirilmaV1,Hız-alan + Ritim,bahcivan,standart,101,ödülsüz eş,19,,,81,65,1,3,0,12,45,21,13,2,0,400,1333,220,0,0,261,65,4,302,73,38,3184,25,6,18.13,1,1,2.092,1.873,9,0.3,2,21,8.43,1.74,2,2.8,4,,12,0,0,0,,4.84,5.81,9.2,17.79,,18,41,0.742,0.585,6.011,307,8,54,2,genis_savurusx2 nadir_tohumx1,16,0,45,24,72,49,17,0,2,0,3,,0,0,0,0,0,0,0,0,0,0,0.78,8.889,1.8
22,Run50_KirilmaV1,Hız-alan + Ritim,bahcivan,standart,101,ödülsüz eş,20,,,61,49,4,2,0,6,37,14,5,5,0,389,1722,220,389,45,201,25,12,212,38,50,2588,26,3,20.27,1,1,2.092,1.934,9,0.3,2,21,8.81,2,2.5,2.6,3.5,,11,0,0,0,,7.17,9.24,9.2,19.88,,20,46,0.837,0.674,5.584,371,9,63,3,genis_savurusx2 nadir_tohumx1,15,0,45,25,75,49,23,0,2,0,3,,0,0,0,0,0,0,0,0,0,0,0.848,8.644,1.356
22,Run50_KirilmaV1,Hız-alan + Ritim,bahcivan,standart,101,ödülsüz eş,21,,,102,76,12,5,0,9,55,31,12,4,0,506,506,300,0,0,354,72,8,396,110,58,4886,28,6,20.27,1,1,1.778,1.934,9,0.3,2,25,8.8,1.77,2.15,2.78,6,,16,0,0,0,0,5.43,8.41,10.67,27.55,,22,48,0.753,0.583,5.48,394,5,68,2,genis_savurusx2 nadir_tohumx1 hizli_bilekx1,17,0,45,27,81,49,26,0,2,0,3,,0,0,0,0,0,0,0,0,0,0,0.688,11.244,2.267
22,Run50_KirilmaV1,Hız-alan + Ritim,bahcivan,standart,101,ödülsüz eş,22,,,80,62,8,2,0,8,42,17,13,6,2,775,1281,300,0,0,288,84,22,314,136,60,7138,30,6,20.27,1,1,1.722,1.934,9,0.3,2,26,8.88,2.06,2.29,3.29,3.5,2,11,12,0,0,0,6.59,5.05,11.56,16.8,10.33,20,49,0.796,0.531,5.322,414,3,71,3,genis_savurusx2 nadir_tohumx1 hizli_bilekx1,17,0,45,29,87,49,32,0,2,0,3,,0,0,0,0,0,0,0,0,0,0,0.857,17.222,1.778
22,Run50_KirilmaV1,Hız-alan + Ritim,bahcivan,standart,101,ödülsüz eş,23,,,88,61,16,2,0,9,40,25,10,10,3,1433,2714,300,0,0,327,110,20,406,258,40,9378,33,9,20.27,1,1,1.668,1.995,9,0.3,2,26,8.96,2.19,2.56,2.2,2.9,2,14,4,0,0,,6.86,6.36,6,8.67,15.57,16,49,0.799,0.612,5.01,440,2,73,2,genis_savurusx2 nadir_tohumx1 hizli_bilekx1,19,0,45,32,96,49,38,0,2,0,3,,0,0,0,0,0,0,0,0,0,0,0.837,31.844,1.956
22,Run50_KirilmaV1,Hız-alan + Ritim,bahcivan,standart,101,ödülsüz eş,24,,,140,89,22,6,0,23,55,45,22,14,4,2293,5007,300,0,0,558,138,70,619,141,110,18437,38,15,23.08,1,1,1.668,2.143,12,0.3,2,26,11.08,2,2.15,2.06,3.3,4,14,7,12,0,0,5.27,4.14,4.9,9.33,12.51,16,49,0.726,0.388,4.851,454,5,78,0,genis_savurusx2 nadir_tohumx1 hizli_bilekx1,33,0,45,37,111,49,47,0,2,0,3,,0,0,0,0,0,0,0,0,0,0,0.714,50.956,3.111
22,Run50_KirilmaV1,Hız-alan + Ritim,bahcivan,standart,101,ödülsüz eş,25,,,119,85,22,1,0,11,52,37,17,12,1,1441,6448,300,1441,65,414,124,39,438,175,49,12608,40,6,24.3,1,1,1.616,2.204,12,0.3,2,27,10.37,1.81,2.46,2.5,3.2,3,42,9,13,0,0,4.57,10.06,5.52,7.92,12.93,16,51,0.658,0.471,4.812,477,6,84,1,genis_savurusx2 nadir_tohumx1 hizli_bilekx1,23,0,45,39,117,49,62,0,2,0,3,,0,0,0,0,0,0,0,0,0,0,0.667,32.022,2.644
22,Run50_KirilmaV1,Hız-alan + Ritim,bahcivan,standart,101,ödülsüz eş,26,,,150,96,16,11,0,27,58,55,17,14,6,2476,2476,500,0,0,630,130,93,683,230,122,18584,43,9,24.3,1,1,1.373,2.291,12,0.3,2,32,11.78,2.03,2.35,2.5,3.27,4,8,7,0,0,0,5.94,5.17,7.44,9.62,10.44,20,73,0.777,0.397,4.91,669,1,85,8,genis_savurusx2 nadir_tohumx1 hizli_bilekx2,26,0,45,42,126,55,62,0,2,0,3,,0,0,0,0,0,0,0,0,0,0,0.822,55.022,3.333
22,Run50_KirilmaV1,Hız-alan + Ritim,bahcivan,standart,101,ödülsüz eş,27,,,200,116,41,22,0,21,78,64,39,14,5,2519,4995,500,0,0,723,348,54,786,590,86,14682,45,6,29.99,1,1,1.373,2.291,12,0.3,2,32,11.84,1.57,2.14,2.27,2.75,2,27,2,4,0,0,2.91,6.46,7.24,10.3,4.12,22,81,0.751,0.506,4.819,756,7,92,5,genis_savurusx2 nadir_tohumx1 hizli_bilekx2,39,0,45,44,132,64,62,0,2,0,3,,0,0,0,0,0,0,0,0,0,0,0.864,55.978,4.444
22,Run50_KirilmaV1,Hız-alan + Ritim,bahcivan,standart,101,ödülsüz eş,28,,,210,121,42,26,2,19,81,56,46,22,5,3034,8029,500,0,0,672,480,130,918,500,151,19039,47,6,29.99,1,1,1.33,2.291,12,0.3,2,33,12,1.65,2.04,2.31,2.73,4,20,11,6,0,0,2.53,5.27,8.29,7.71,14.96,22,81,0.751,0.605,4.673,780,6,98,0,genis_savurusx2 nadir_tohumx1 hizli_bilekx2,36,0,45,46,138,70,62,0,2,0,3,,0,0,0,0,0,0,0,0,0,0,0.901,67.422,4.667
22,Run50_KirilmaV1,Hız-alan + Ritim,bahcivan,standart,101,ödülsüz eş,29,,,226,136,42,16,2,30,92,55,47,25,7,3581,11610,500,0,0,663,460,202,736,550,353,26065,50,9,34.76,1,1,1.33,2.378,12,0.3,2,33,11.82,1.5,1.9,2.35,2.5,2,40,9,3,0,0,2.75,4.12,9.31,7.4,7.18,22,81,0.767,0.556,4.478,814,7,105,0,genis_savurusx2 nadir_tohumx1 hizli_bilekx2,42,0,45,49,147,76,62,0,2,0,3,,0,0,0,0,0,0,0,0,0,0,0.605,79.578,5.022
22,Run50_KirilmaV1,Hız-alan + Ritim,bahcivan,standart,101,ödülsüz eş,30,,,182,111,27,24,1,19,81,52,33,13,3,2301,13911,500,2301,100,908,338,106,1004,678,379,16666,52,6,34.76,1,1,1.288,2.378,12,0.3,2,34,11.91,1.69,2.31,3.11,3.17,3.5,20,2,0,0,0,3.54,7.89,10.37,10.74,11.58,22,81,0.786,0.506,4.478,814,5,110,0,genis_savurusx2 nadir_tohumx1 hizli_bilekx2,46,0,45,51,153,81,66,0,2,0,3,,0,0,0,0,0,0,0,0,0,0,0.79,51.133,4.044
22,Run50_KirilmaV1,Hız-alan + Ritim,bahcivan,standart,101,ödülsüz eş,31,,,333,193,66,34,0,40,133,90,64,29,17,6748,6748,1200,0,0,1612,1049,258,1621,1167,637,36862,55,9,42.03,1.6,1,1.288,2.465,12,0.3,2,34,11.65,1.22,1.37,1.55,1.93,2.45,59,58,16,14,0,0.92,1.16,3.62,5.15,6.67,22,81,0.635,0.42,4.461,817,6,116,0,genis_savurusx2 nadir_tohumx1 hizli_bilekx2 canavar_kesimix1,54,0,45,54,162,81,72,0,2,0,3,,0,0,0,0,0,0,0,0,0,0,0.704,149.956,7.4
22,Run50_KirilmaV1,Hız-alan + Ritim,bahcivan,standart,101,ödülsüz eş,32,,,360,228,74,26,3,29,148,101,66,36,9,5627,12375,1200,0,0,1717,1028,335,1883,1395,877,30804,58,9,45.79,1.6,1,1.248,2.553,12,0.3,2,36,11.81,1.03,1.37,1.58,1.84,2.2,73,49,16,17,0,0.16,1.89,3.71,3.79,5.99,22,81,0.627,0.395,4.298,848,9,125,0,genis_savurusx2 nadir_tohumx1 hizli_bilekx2 canavar_kesimix1,60,0,45,57,171,81,81,0,2,0,3,,0,0,0,0,0,0,0,0,0,0,0.654,125.044,8
22,Run50_KirilmaV1,Hız-alan + Ritim,bahcivan,standart,101,ödülsüz eş,33,,,362,217,72,38,2,33,131,115,63,43,10,6928,19303,1200,0,0,2288,948,300,2421,1623,1177,33312,60,6,48.2,1.6,1,1.208,2.64,12,0.317,2,37,11.46,1.12,1.23,1.82,1.83,1.83,65,49,6,10,20,0.62,0.89,2.98,4.78,3.22,22,81,0.632,0.444,4.231,861,6,131,0,genis_savurusx2 nadir_tohumx1 hizli_bilekx2 canavar_kesimix1,63,0,45,59,177,81,90,0,2,0,3,,0,0,0,0,0,0,0,0,0,0,0.691,153.956,8.044
22,Run50_KirilmaV1,Hız-alan + Ritim,bahcivan,standart,101,ödülsüz eş,34,,,387,212,92,46,2,35,160,110,72,32,13,6816,26119,1200,0,0,2344,966,325,2420,989,1392,39097,62,6,52.15,1.6,1,1.17,2.727,12,0.333,2,38,11.47,1.15,1.29,1.55,1.7,2.14,63,59,30,11,0,0.55,1.73,3.02,4.56,5.51,22,81,0.602,0.432,4.117,885,10,141,0,genis_savurusx2 nadir_tohumx1 hizli_bilekx2 canavar_kesimix1,60,0,45,61,183,81,96,0,2,0,3,,0,0,0,0,0,0,0,0,0,0,0.63,151.467,8.6
22,Run50_KirilmaV1,Hız-alan + Ritim,bahcivan,standart,101,ödülsüz eş,35,,,337,219,50,40,6,22,120,86,79,40,12,7332,33451,1200,7332,220,1832,1182,330,2322,1281,1722,31664,64,6,58.9,1.6,1,1.17,2.814,12,0.35,2,38,10.42,1.09,1.25,1.57,1.4,2,73,56,19,29,10,0.37,1.56,2.51,1.93,3.79,22,81,0.501,0.346,4.095,890,6,147,0,genis_savurusx2 nadir_tohumx1 hizli_bilekx2 canavar_kesimix1,55,0,45,63,189,81,102,0,2,0,3,,0,0,0,0,0,0,0,0,0,0,0.494,162.933,7.489
22,Run50_KirilmaV1,Hız-alan + Ritim,bahcivan,standart,101,ödülsüz eş,36,,,509,327,78,52,5,47,210,133,96,53,17,10360,10360,2800,0,0,3417,1607,552,3969,1948,2149,51522,67,9,63.05,1.6,1,0.819,2.814,12,0.367,2,54,10.7,1.06,1.3,1.39,1.77,1.67,76,53,39,16,10,0.15,0.85,1.27,3.51,1.82,22,81,0.528,0.333,3.96,920,7,154,0,genis_savurusx2 nadir_tohumx1 hizli_bilekx2 canavar_kesimix1 firtina_bilegix1,75,0,45,66,198,81,108,0,2,0,3,,0,0,0,0,0,0,0,0,0,0,0.654,230.222,11.311
22,Run50_KirilmaV1,Hız-alan + Ritim,bahcivan,standart,101,ödülsüz eş,37,,,629,425,104,43,6,51,244,146,147,71,21,14688,25048,2800,0,0,3950,2560,581,4279,2838,2580,61645,70,9,72.57,1.6,1,0.819,2.901,16,0.367,2.111,54,12.56,1.02,1.19,1.39,1.53,2.12,90,60,51,35,13,0.03,0.48,1.08,1.57,3.32,22,81,0.44,0.222,3.859,945,8,162,0,genis_savurusx2 nadir_tohumx1 hizli_bilekx2 canavar_kesimix1 firtina_bilegix1,90,0,45,69,207,81,117,0,2,0,3,,0,0,0,0,0,0,0,0,0,0,0.506,326.4,13.978
22,Run50_KirilmaV1,Hız-alan + Ritim,bahcivan,standart,101,ödülsüz eş,38,,,671,450,122,49,4,46,243,196,147,66,19,13525,38573,2800,0,0,4806,2404,782,5325,2912,3222,66487,73,9,87.23,1.6,1,0.819,2.901,16,0.383,2.111,54,12.48,1,1.13,1.2,1.36,1.82,100,69,72,57,29,0,0.39,0.65,1.11,3.28,22,81,0.409,0.198,3.716,981,9,171,0,genis_savurusx2 nadir_tohumx1 hizli_bilekx2 canavar_kesimix1 firtina_bilegix1,94,0,45,72,216,81,126,0,2,0,3,,0,0,0,0,0,0,0,0,0,0,0.642,300.556,14.911
22,Run50_KirilmaV1,Hız-alan + Ritim,bahcivan,standart,101,ödülsüz eş,39,,,694,462,119,46,1,66,260,189,136,95,14,14802,53375,2800,0,0,4205,2082,1144,5200,2334,4171,84796,76,9,98.13,1.6,1,0.819,2.901,16,0.4,2.222,54,12.39,1,1.12,1.23,1.43,1.67,100,76,62,51,43,0,0.28,0.75,1.07,1.23,22,81,0.427,0.222,3.577,1019,9,180,0,genis_savurusx2 nadir_tohumx1 hizli_bilekx2 canavar_kesimix1 firtina_bilegix1,100,0,45,75,225,81,135,0,2,0,3,,0,0,0,0,0,0,0,0,0,0,0.42,328.933,15.422
22,Run50_KirilmaV1,Hız-alan + Ritim,bahcivan,standart,101,ödülsüz eş,40,,,638,411,109,45,3,70,236,171,129,74,28,17243,70618,2800,17243,500,4745,2732,786,5125,2826,4802,81588,79,9,109.63,1.6,1,0.819,2.901,16,0.417,2.222,54,10.87,1,1.06,1.18,1.15,1.67,100,78,60,68,21,0,0.3,0.58,0.68,2.46,22,81,0.471,0.247,3.552,1026,7,187,0,genis_savurusx2 nadir_tohumx1 hizli_bilekx2 canavar_kesimix1 firtina_bilegix1,92,0,45,78,234,81,144,0,2,0,3,,0,0,0,0,0,0,0,0,0,0,0.531,383.178,14.178
22,Run50_KirilmaV1,Hız-alan + Ritim,bahcivan,standart,101,ödülsüz eş,41,,,695,474,113,53,1,54,267,182,146,75,25,17706,17706,4500,0,0,5235,2672,788,5790,5498,5350,85671,81,6,109.63,1.6,1,0.819,2.901,16,0.45,2.333,54,12.61,1,1.09,1.24,1.27,1.38,100,76,70,62,42,0,0.28,0.83,0.63,1.01,22,81,0.436,0.21,3.531,1032,7,194,0,genis_savurusx2 nadir_tohumx2 hizli_bilekx2 canavar_kesimix1 firtina_bilegix1,99,0,45,80,240,81,153,0,2,0,3,,0,0,0,0,0,0,0,0,0,0,0.506,393.467,15.444
22,Run50_KirilmaV1,Hız-alan + Ritim,bahcivan,standart,101,ödülsüz eş,42,,,772,505,131,61,6,69,249,206,168,111,38,23144,40850,4500,0,0,5945,3771,1236,6095,6917,4456,88086,84,9,121.72,1.6,1,0.819,2.901,16,0.45,2.333,54,13.44,1,1.07,1.16,1.33,1.26,100,79,67,52,66,0,0.18,0.8,1.14,1.09,25,109,0.495,0.284,3.722,1318,7,201,11,genis_savurusx2 nadir_tohumx2 hizli_bilekx2 canavar_kesimix1 firtina_bilegix1,109,0,45,83,249,81,159,0,2,0,3,,0,0,0,0,0,0,0,0,0,0,0.651,514.311,17.156
22,Run50_KirilmaV1,Hız-alan + Ritim,bahcivan,standart,101,ödülsüz eş,43,,,844,553,169,62,7,53,254,208,202,142,38,26812,67662,4500,0,0,6300,4461,1434,7735,11378,5600,92430,86,6,129.42,1.6,1,0.819,2.901,16,0.45,2.444,54,14.5,1,1.07,1.15,1.24,1.62,100,81,67,69,24,0,0.29,0.76,1.21,2.71,32,121,0.532,0.314,3.918,1390,3,204,7,genis_savurusx2 nadir_tohumx2 hizli_bilekx2 canavar_kesimix1 firtina_bilegix1,121,0,45,85,255,90,159,0,2,0,3,,0,0,0,0,0,0,0,0,0,0,0.496,595.822,18.756
22,Run50_KirilmaV1,Hız-alan + Ritim,bahcivan,standart,101,ödülsüz eş,44,,,881,579,161,61,9,71,313,233,190,117,28,21693,89355,4500,0,0,6355,3429,1320,7390,12137,6920,96634,89,9,142.4,1.6,1,0.819,2.901,16,0.45,2.444,54,14.52,1,1.06,1.17,1.26,1.29,100,81,70,62,68,0,0.18,0.61,1.29,1.01,32,121,0.526,0.322,3.858,1411,5,209,0,genis_savurusx2 nadir_tohumx2 hizli_bilekx2 canavar_kesimix1 firtina_bilegix1,130,0,45,88,264,96,159,0,2,0,3,,0,0,0,0,0,0,0,0,0,0,0.636,482.067,19.578
22,Run50_KirilmaV1,Hız-alan + Ritim,bahcivan,standart,101,ödülsüz eş,45,,,858,522,226,51,12,47,260,216,219,129,34,23860,113215,4500,23860,800,5680,4221,1590,7270,16358,8180,88710,91,6,150.4,1.6,1,0.819,2.901,16,0.45,2.556,54,14.85,1.03,1.07,1.16,1.25,1.26,94,84,68,61,61,0.16,0.38,0.75,1.49,1.08,32,121,0.545,0.322,3.648,1493,3,212,0,genis_savurusx2 nadir_tohumx2 hizli_bilekx2 canavar_kesimix1 firtina_bilegix1,116,0,45,90,270,105,159,0,2,0,3,,0,0,0,0,0,0,0,0,0,0,0.686,530.222,19.067
22,Run50_KirilmaV1,Hız-alan + Ritim,bahcivan,standart,101,ödülsüz eş,46,,,930,576,210,56,12,76,308,217,223,137,45,30177,30177,6000,0,0,5655,4248,1908,12925,20606,10088,112019,93,6,150.4,1.6,1,0.819,2.901,16,0.45,2.556,54,14.85,1,1.06,1.1,1.23,1.3,100,80,72,66,70,0,0.34,0.43,0.89,0.98,32,121,0.599,0.421,2.959,1840,0,212,0,genis_savurusx2 nadir_tohumx2 hizli_bilekx2 canavar_kesimix1 firtina_bilegix1 bereketli_toprakx1,132,0,45,92,276,111,159,0,2,0,3,,0,0,0,0,0,0,0,0,0,0,0.62,670.6,20.667
22,Run50_KirilmaV1,Hız-alan + Ritim,bahcivan,standart,101,ödülsüz eş,47,,,928,589,198,59,10,72,312,240,205,131,40,28344,58521,6000,0,0,6725,4116,1302,15550,24722,11010,106609,95,6,158.4,1.6,1,0.819,2.901,16,0.45,2.667,54,15,1,1.06,1.13,1.27,1.31,100,81,79,65,63,0,0.21,0.56,1.29,1.47,32,121,0.596,0.413,2.94,1852,2,214,0,genis_savurusx2 nadir_tohumx2 hizli_bilekx2 canavar_kesimix1 firtina_bilegix1 bereketli_toprakx1,130,0,45,94,282,117,159,0,2,0,3,,0,0,0,0,0,0,0,0,0,0,0.603,629.867,20.622
22,Run50_KirilmaV1,Hız-alan + Ritim,bahcivan,standart,101,ödülsüz eş,48,,,904,544,227,51,32,50,272,267,195,137,33,26789,85310,6000,0,0,5935,3888,1644,19285,28610,12654,97143,97,6,158.4,1.6,1,0.819,2.901,16,0.45,2.667,54,14.94,1,1.04,1.18,1.26,1.32,100,78,68,60,46,0,0.16,0.67,0.88,1.3,32,121,0.604,0.388,2.87,1897,1,215,0,genis_savurusx2 nadir_tohumx2 hizli_bilekx2 canavar_kesimix1 firtina_bilegix1 bereketli_toprakx1,126,0,45,96,288,121,161,0,2,0,3,,0,0,0,0,0,0,0,0,0,0,0.562,595.311,20.089
22,Run50_KirilmaV1,Hız-alan + Ritim,bahcivan,standart,101,ödülsüz eş,49,,,904,537,225,58,22,62,277,241,205,140,41,29310,114620,6000,0,0,6105,4632,1776,25390,33242,14010,96550,99,6,158.4,1.6,1,0.819,2.901,16,0.45,2.778,54,15.15,1,1.1,1.2,1.25,1.32,100,75,65,66,53,0,0.46,0.94,0.87,1.31,32,121,0.615,0.43,2.833,1922,1,216,0,genis_savurusx2 nadir_tohumx2 hizli_bilekx2 canavar_kesimix1 firtina_bilegix1 bereketli_toprakx1,137,0,45,98,294,121,167,0,2,0,3,,0,0,0,0,0,0,0,0,0,0,0.711,651.333,20.089
22,Run50_KirilmaV1,Hız-alan + Ritim,bahcivan,standart,101,ödülsüz eş,50,,,903,554,208,64,24,53,284,234,208,133,44,29662,144282,6000,0,0,7005,4179,1566,29995,37421,15576,92658,101,6,158.4,1.6,1,0.819,2.901,16,0.45,2.778,54,15.33,1,1.13,1.18,1.26,1.29,100,72,69,60,48,0,0.4,0.64,1.18,1.47,32,121,0.625,0.446,2.76,1973,1,217,0,genis_savurusx2 nadir_tohumx2 hizli_bilekx2 canavar_kesimix1 firtina_bilegix1 bereketli_toprakx1,131,0,45,100,300,121,173,0,2,0,3,,0,0,0,0,0,0,0,0,0,0,0.636,659.156,20.067
22,Run50_KirilmaV1,Hız-alan + Ritim,bahcivan,standart,101,ödülsüz eş,50,KAZANDI
22,Run50_KirilmaV1,Hız-alan + Ritim,bahcivan,standart,101,LAB R15 A ödülsüz #1,15,,,47,42,1,0,0,4,32,14,1,0,0,101,101,150,101,30,166,4,0,246,4,0,1438,4,9,14.67,1,1,2.24,1.751,9,0.3,2,20,5.65,1.89,2.43,2,,,18,6,0,0,,4.4,4.31,8.96,,,16,26,0.552,0.269,6.519,179,0,0,0,genis_savurusx2,13,0,45,3,9,0,0,0,0,0,15,,0,0,0,0,0,0,0,0,0,0,0.615,2.244,1.044
22,Run50_KirilmaV1,Hız-alan + Ritim,bahcivan,standart,101,LAB R15 B +hasat_ritmi #1,15,,,56,52,0,1,0,3,42,10,4,0,0,151,151,150,151,30,176,16,0,256,16,0,1650,4,9,14.67,1,1,2.24,1.751,9,0.3,2,20,5.5,1.72,2,2.25,,,36,17,17,,,2.41,5.72,4.48,,,16,26,0.478,0.115,6.519,179,0,0,0,genis_savurusx2 hasat_ritmix1,19,0.003,45,3,9,0,0,0,0,0,15,,0,0,0,0,0,4,4,0,0,0,0.462,3.356,1.244
22,Run50_KirilmaV1,Hız-alan + Ritim,bahcivan,standart,101,LAB R15 A ödülsüz #2,15,,,48,45,1,1,0,1,33,12,2,1,0,131,131,150,131,30,159,8,2,239,8,2,1465,4,9,14.67,1,1,2.24,1.751,9,0.3,2,20,5.9,2,2.3,3,4,,13,21,0,0,0,4.62,6.27,11.19,35.84,,16,26,0.597,0.308,6.519,179,0,0,0,genis_savurusx2,15,0,45,3,9,0,0,0,0,0,15,,0,0,0,0,0,0,0,0,0,0,0.385,2.911,1.067
22,Run50_KirilmaV1,Hız-alan + Ritim,bahcivan,standart,101,LAB R15 B +hasat_ritmi #2,15,,,59,53,1,1,0,4,45,5,7,2,0,269,269,150,269,30,160,28,4,240,28,4,1856,5,12,14.67,1,1,2.24,1.751,9,0.3,2,20,6.1,1.83,2,2.83,3,,23,0,14,0,,3.24,5.82,10.83,14.55,,16,26,0.519,0.192,6.519,179,0,0,0,genis_savurusx2 hasat_ritmix1,17,0,45,4,12,0,0,0,0,0,15,,0,0,0,0,0,5,4,0,0,0,0.346,5.978,1.311
22,Run50_KirilmaV1,Hız-alan + Ritim,bahcivan,standart,101,LAB R15 A ödülsüz #3,15,,,48,45,1,0,0,2,33,8,5,2,0,224,224,150,224,30,139,20,4,219,20,4,1512,4,9,14.67,1,1,2.24,1.751,9,0.3,2,20,5.85,2.13,2.29,2.5,3,,9,10,0,0,,4.76,6.08,10.08,13.45,,16,26,0.576,0.308,6.519,179,0,0,0,genis_savurusx2,13,0,45,3,9,0,0,0,0,0,15,,0,0,0,0,0,0,0,0,0,0,0.385,4.978,1.067
22,Run50_KirilmaV1,Hız-alan + Ritim,bahcivan,standart,101,LAB R15 B +hasat_ritmi #3,15,,,54,51,0,1,0,2,39,9,5,1,0,175,175,150,175,30,162,20,2,242,20,2,1651,4,9,14.67,1,1,2.24,1.751,9,0.3,2,20,5.85,1.81,2.22,2.25,3,,20,22,0,0,0,3.45,5.97,8.39,24.63,,16,26,0.529,0.231,6.519,179,0,0,0,genis_savurusx2 hasat_ritmix1,15,0,45,3,9,0,0,0,0,0,15,,0,0,0,0,0,5,5,0,0,0,0.423,3.889,1.2
22,Run50_KirilmaV1,Hız-alan + Ritim,bahcivan,standart,101,LAB R25 A ödülsüz #1,25,,,138,94,23,5,0,16,78,29,22,8,1,1119,1119,300,1119,65,441,138,36,521,138,36,11791,18,51,24.3,1,1,1.616,2.204,12,0.3,2,27,10.33,1.78,2.29,2.8,2.83,3,42,27,16,10,0,2.63,5.24,9.59,11.58,9.7,16,51,0.608,0.314,4.812,477,0,0,0,genis_savurusx2 nadir_tohumx1 hizli_bilekx1,37,0,45,17,51,0,0,0,0,0,25,,0,0,0,0,0,0,0,0,0,0,0.686,24.867,3.067
22,Run50_KirilmaV1,Hız-alan + Ritim,bahcivan,standart,101,LAB R25 B +hasat_ritmi #1,25,,,163,124,23,3,0,13,74,46,23,14,6,2585,2585,300,2585,65,612,210,54,692,210,54,17588,22,63,24.3,1,1,1.616,2.204,12,0.3,2,27,11.15,1.53,1.71,2.3,2.13,4,49,35,21,7,0,1.56,2.9,4.28,4.85,7.26,16,51,0.539,0.176,4.812,477,0,0,0,genis_savurusx2 nadir_tohumx1 hizli_bilekx1 hasat_ritmix1,45,0,45,21,63,0,0,0,0,0,25,,0,0,0,0,0,9,8,0,0,0,0.569,57.444,3.622
22,Run50_KirilmaV1,Hız-alan + Ritim,bahcivan,standart,101,LAB R25 sinerji A ödülsüz #1,25,,,216,142,46,8,0,20,98,68,32,15,3,2132,2132,300,2132,65,792,248,48,872,248,48,19915,23,66,24.3,1,1,1.167,2.204,12,0.3,2,38,10.58,1.52,2.34,2.31,3,4,42,21,22,27,0,2.1,4.55,4.49,10.18,8.17,46,81,0.591,0.309,5.745,634,0,0,0,genis_savurusx2 nadir_tohumx1 hizli_bilekx3,58,0,45,22,66,0,0,0,0,0,25,,0,0,0,0,0,0,0,0,0,0,0.63,47.378,4.8
22,Run50_KirilmaV1,Hız-alan + Ritim,bahcivan,standart,101,LAB R25 sinerji B +hasat_ritmi #1,25,,,260,195,49,6,0,10,119,86,42,11,2,2224,2224,300,2224,65,957,280,33,1037,280,33,18336,23,66,24.3,1,1,1.167,2.204,12,0.3,2,38,12.13,1.46,1.92,2.35,2.4,2,48,24,14,27,100,1.81,2.57,5.38,3.38,1.16,46,81,0.507,0.136,5.745,634,0,0,0,genis_savurusx2 nadir_tohumx1 hizli_bilekx3 hasat_ritmix1,73,0.001,45,22,66,0,0,0,0,0,25,,0,0,0,0,0,13,13,0,0,0,0.543,49.422,5.778
22,Run50_KirilmaV1,Hız-alan + Ritim,bahcivan,standart,101,LAB R25 A ödülsüz #2,25,,,144,96,25,4,0,19,77,42,16,7,2,1583,1583,300,1583,65,540,102,33,620,102,33,13810,20,57,24.3,1,1,1.616,2.204,12,0.3,2,27,9.81,1.6,2.26,2,1.67,2.5,50,26,27,9,33,2.55,6.53,4.49,5.65,7.27,16,51,0.581,0.235,4.812,477,0,0,0,genis_savurusx2 nadir_tohumx1 hizli_bilekx1,40,0,45,19,57,0,0,0,0,0,25,,0,0,0,0,0,0,0,0,0,0,0.706,35.178,3.2
22,Run50_KirilmaV1,Hız-alan + Ritim,bahcivan,standart,101,LAB R25 B +hasat_ritmi #2,25,,,173,137,18,2,0,16,85,46,21,14,7,2624,2624,300,2624,65,600,286,54,680,286,54,15334,21,60,24.3,1,1,1.616,2.204,12,0.3,2,27,11.33,1.54,1.92,1.85,1.91,3,46,29,33,23,0,1.66,3.99,3.47,5.14,7.81,16,51,0.498,0.176,4.812,477,0,0,0,genis_savurusx2 nadir_tohumx1 hizli_bilekx1 hasat_ritmix1,46,0,45,20,60,0,0,0,0,0,25,,0,0,0,0,0,10,10,0,0,0,0.51,58.311,3.844
22,Run50_KirilmaV1,Hız-alan + Ritim,bahcivan,standart,101,LAB R25 sinerji A ödülsüz #2,25,,,211,137,47,9,0,18,105,62,27,16,1,1874,1874,300,1874,65,732,174,63,812,174,63,17064,22,63,24.3,1,1,1.167,2.204,12,0.3,2,38,10.47,1.51,2.45,2.5,2.77,2,54,14,8,11,0,2.01,8.27,5.31,8.71,10.5,46,81,0.608,0.309,5.745,634,0,0,0,genis_savurusx2 nadir_tohumx1 hizli_bilekx3,54,0,45,21,63,0,0,0,0,0,25,,0,0,0,0,0,0,0,0,0,0,0.63,41.644,4.689
22,Run50_KirilmaV1,Hız-alan + Ritim,bahcivan,standart,101,LAB R25 sinerji B +hasat_ritmi #2,25,,,263,179,54,8,0,22,128,79,35,17,4,2776,2776,300,2776,65,1035,238,57,1115,238,57,22341,25,72,24.3,1,1,1.167,2.204,12,0.3,2,38,11.68,1.44,1.63,2.57,2.83,3,54,42,15,5,25,1.75,2.36,6.83,7,8.56,46,81,0.508,0.185,5.745,634,0,0,0,genis_savurusx2 nadir_tohumx1 hizli_bilekx3 hasat_ritmix1,69,0,45,24,72,0,0,0,0,0,25,,0,0,0,0,0,13,13,0,0,0,0.457,61.689,5.844
22,Run50_KirilmaV1,Hız-alan + Ritim,bahcivan,standart,101,LAB R25 A ödülsüz #3,25,,,140,89,28,0,0,23,67,39,18,13,3,2298,2298,300,2298,65,501,136,51,581,136,51,14015,20,57,24.3,1,1,1.616,2.204,12,0.3,2,27,10.15,1.42,2.11,3.17,3,4.33,56,28,17,31,0,1.16,4.67,9.42,7.34,11.85,16,51,0.599,0.176,4.812,477,0,0,0,genis_savurusx2 nadir_tohumx1 hizli_bilekx1,43,0,45,19,57,0,0,0,0,0,25,,0,0,0,0,0,0,0,0,0,0,0.745,51.067,3.111
22,Run50_KirilmaV1,Hız-alan + Ritim,bahcivan,standart,101,LAB R25 B +hasat_ritmi #3,25,,,160,115,22,6,0,17,77,36,31,12,4,2670,2670,300,2670,65,471,242,60,551,242,60,12479,19,54,24.3,1,1,1.616,2.204,12,0.3,2,27,11.33,1.49,1.92,2.17,2.89,4,47,32,20,21,0,2.06,3.05,3.44,4.31,8.09,16,51,0.565,0.157,4.812,477,0,0,0,genis_savurusx2 nadir_tohumx1 hizli_bilekx1 hasat_ritmix1,44,0,45,18,54,0,0,0,0,0,25,,0,0,0,0,0,8,8,0,0,0,0.569,59.333,3.556
22,Run50_KirilmaV1,Hız-alan + Ritim,bahcivan,standart,101,LAB R25 sinerji A ödülsüz #3,25,,,214,130,64,9,0,11,112,46,39,15,2,2202,2202,300,2202,65,639,262,63,719,262,63,15898,21,60,24.3,1,1,1.167,2.204,12,0.3,2,38,10.39,1.49,2.04,3.45,3.2,,52,35,15,0,25,1.77,6.73,8.63,12.6,,46,81,0.591,0.272,5.745,634,0,0,0,genis_savurusx2 nadir_tohumx1 hizli_bilekx3,62,0,45,20,60,0,0,0,0,0,25,,0,0,0,0,0,0,0,0,0,0,0.654,48.933,4.756
22,Run50_KirilmaV1,Hız-alan + Ritim,bahcivan,standart,101,LAB R25 sinerji B +hasat_ritmi #3,25,,,257,185,50,6,0,16,136,46,46,21,8,3429,3429,300,3429,65,831,382,78,911,382,78,19713,23,66,24.3,1,1,1.167,2.204,12,0.3,2,38,11.87,1.46,1.94,2.26,2.68,3,55,33,27,28,22,1.72,4.53,4.87,4.24,11.28,46,81,0.512,0.247,5.745,634,0,0,0,genis_savurusx2 nadir_tohumx1 hizli_bilekx3 hasat_ritmix1,64,0,45,22,66,0,0,0,0,0,25,,0,0,0,0,0,12,12,0,0,0,0.58,76.2,5.711
22,Run50_KirilmaV1,Hız-alan + Ritim,bahcivan,standart,101,LAB R40 A ödülsüz #1,40,,,663,411,141,49,5,57,220,200,152,71,20,15452,15452,2800,15452,500,5115,2709,632,5195,2709,632,81726,41,120,109.63,1.6,1,0.819,2.901,16,0.417,2.222,54,10.8,1,1.07,1.13,1.23,1.36,100,72,72,70,54,0,0.17,0.35,0.92,1.27,22,81,0.475,0.222,3.552,1026,0,0,0,genis_savurusx2 nadir_tohumx1 hizli_bilekx2 canavar_kesimix1 firtina_bilegix1,106,0,45,40,120,0,0,0,0,0,40,,0,0,0,0,0,0,0,0,0,0,0.481,343.378,14.733
22,Run50_KirilmaV1,Hız-alan + Ritim,bahcivan,standart,101,LAB R40 B +hasat_ritmi #1,40,,,852,653,107,24,0,68,293,244,186,97,32,20699,20699,2800,20699,500,6075,3911,1068,6155,3911,1068,103610,44,129,109.63,1.6,1,0.819,2.901,16,0.417,2.222,54,14.96,1,1.03,1.09,1.24,1.27,100,94,89,68,62,0,0.08,0.25,0.44,0.54,22,81,0.357,0.037,3.552,1026,0,0,0,genis_savurusx2 nadir_tohumx1 hizli_bilekx2 canavar_kesimix1 firtina_bilegix1 hasat_ritmix1,124,0.031,45,43,129,0,0,0,0,0,40,,0,0,0,0,0,27,26,0,0,0,0.309,459.978,18.933
22,Run50_KirilmaV1,Hız-alan + Ritim,bahcivan,standart,101,LAB R40 A ödülsüz #2,40,,,677,421,140,45,7,64,265,181,137,68,26,15446,15446,2800,15446,500,5135,2773,686,5215,2773,686,78741,40,117,109.63,1.6,1,0.819,2.901,16,0.417,2.222,54,10.78,1,1.05,1.11,1.36,1.33,100,83,68,53,71,0,0.18,0.74,1.52,1.19,22,81,0.455,0.198,3.552,1026,0,0,0,genis_savurusx2 nadir_tohumx1 hizli_bilekx2 canavar_kesimix1 firtina_bilegix1,101,0,45,39,117,0,0,0,0,0,40,,0,0,0,0,0,0,0,0,0,0,0.506,343.244,15.044
22,Run50_KirilmaV1,Hız-alan + Ritim,bahcivan,standart,101,LAB R40 B +hasat_ritmi #2,40,,,843,629,120,24,6,64,308,245,162,94,34,20814,20814,2800,20814,500,6525,3294,1045,6605,3294,1045,95831,43,126,109.63,1.6,1,0.819,2.901,16,0.417,2.222,54,14.81,1,1.06,1.08,1.2,1.15,100,86,87,76,79,0,0.14,0.12,0.38,0.61,22,81,0.358,0.049,3.552,1026,0,0,0,genis_savurusx2 nadir_tohumx1 hizli_bilekx2 canavar_kesimix1 firtina_bilegix1 hasat_ritmix1,125,0.016,45,42,126,0,0,0,0,0,40,,0,0,0,0,0,26,26,0,0,0,0.506,462.533,18.733
22,Run50_KirilmaV1,Hız-alan + Ritim,bahcivan,standart,101,LAB R40 A ödülsüz #3,40,,,674,418,135,42,6,73,263,195,136,63,17,13565,13565,2800,13565,500,4990,2327,700,5070,2327,700,72750,39,114,109.63,1.6,1,0.819,2.901,16,0.417,2.222,54,10.69,1,1.07,1.13,1.26,1.6,100,73,71,70,43,0,0.27,0.51,0.63,3.11,22,81,0.458,0.235,3.552,1026,0,0,0,genis_savurusx2 nadir_tohumx1 hizli_bilekx2 canavar_kesimix1 firtina_bilegix1,109,0,45,38,114,0,0,0,0,0,40,,0,0,0,0,0,0,0,0,0,0,0.481,301.444,14.978
22,Run50_KirilmaV1,Hız-alan + Ritim,bahcivan,standart,101,LAB R40 B +hasat_ritmi #3,40,,,843,622,126,31,5,59,319,226,179,95,24,18612,18612,2800,18612,500,6345,3120,852,6425,3120,852,96392,43,126,109.63,1.6,1,0.819,2.901,16,0.417,2.222,54,14.69,1,1.03,1.08,1.2,1.07,100,88,85,68,74,0,0.05,0.14,0.48,0.06,22,81,0.36,0.062,3.552,1026,0,0,0,genis_savurusx2 nadir_tohumx1 hizli_bilekx2 canavar_kesimix1 firtina_bilegix1 hasat_ritmix1,123,0.019,45,42,126,0,0,0,0,0,40,,0,0,0,0,0,25,25,0,0,0,0.333,413.6,18.733
23,Run50_KirilmaV1,Hız-alan + Ritim,bahcivan,standart,102,ödülsüz eş,1,,,13,13,0,0,0,0,10,3,0,0,0,19,19,45,0,0,32,0,0,32,0,0,290,1,0,10,1,1,3,0.9,4,0.3,2,13,2.08,1.8,2.67,,,,36,0,,,,2.4,5,,,,2,4,0.346,0,8,23,0,0,2,,4,0.203,45,0,0,0,0,0,0,0,0,,0,0,0,0,0,0,0,0,0,0,1,0.422,0.289
23,Run50_KirilmaV1,Hız-alan + Ritim,bahcivan,standart,102,ödülsüz eş,2,,,13,13,0,0,0,0,10,3,0,0,0,19,38,45,0,0,32,0,0,37,0,0,290,2,3,10,1,1,2.892,0.9,4,0.3,2,15,2.53,2.1,3.67,,,,9,0,0,,,3.18,7.71,,,,3,5,0.512,0.2,8,28,1,1,1,,3,0,45,1,3,0,0,0,0,0,0,,0,0,0,0,0,0,0,0,0,0,0.6,0.422,0.289
23,Run50_KirilmaV1,Hız-alan + Ritim,bahcivan,standart,102,ödülsüz eş,3,,,18,16,2,0,0,0,13,4,1,0,0,35,73,45,0,0,42,4,0,50,4,0,420,3,3,10,1,1,2.789,0.9,4,0.3,2,16,2.56,2.09,3,1,,,8,0,0,,,4.31,8.37,0,,,4,6,0.499,0.167,8,34,1,2,1,,4,0,45,2,6,3,0,0,2,0,3,,0,0,0,0,0,0,0,0,0,0,0.5,0.778,0.4
23,Run50_KirilmaV1,Hız-alan + Ritim,bahcivan,standart,102,ödülsüz eş,4,,,22,18,4,0,0,0,17,2,3,0,0,53,126,45,0,0,42,12,0,52,16,0,520,4,3,10,1,1,2.789,0.9,4,0.3,2,16,3,2.07,2,3,,,7,0,0,,,3.59,8.37,12.09,,,5,8,0.58,0.25,7.78,46,0,2,1,,5,0,45,3,9,6,0,0,2,0,3,,0,0,0,0,0,0,0,0,0,0,0.25,1.178,0.489
23,Run50_KirilmaV1,Hız-alan + Ritim,bahcivan,standart,102,ödülsüz eş,5,,,22,18,4,0,0,0,12,8,2,0,0,75,201,45,75,8,56,8,0,58,24,0,560,5,3,10,1,1,2.592,0.9,4,0.3,2,17,3.06,1.91,2.4,4.5,,,30,0,0,,,3.77,6.22,12.95,,,6,9,0.539,0.111,7.816,52,3,5,1,,6,0.005,45,4,12,9,0,0,2,0,3,,0,0,0,0,0,0,0,0,0,0,0.444,1.667,0.489
23,Run50_KirilmaV1,Hız-alan + Ritim,bahcivan,standart,102,ödülsüz eş,6,,,25,18,7,0,0,0,20,3,2,0,0,75,75,110,0,0,52,8,0,57,32,0,570,7,6,10,1,1,2.5,0.9,4,0.3,2.75,17,2.94,1.85,2.33,3,,,29,0,0,,,3.27,8.33,8.75,,,6,9,0.503,0.111,7.725,52,3,8,0,agir_darbex1,8,0.107,45,6,18,9,3,0,2,0,3,,0,0,0,0,0,0,0,0,0,0,0.556,1.667,0.556
23,Run50_KirilmaV1,Hız-alan + Ritim,bahcivan,standart,102,ödülsüz eş,7,,,29,23,6,0,0,0,19,9,1,0,0,78,153,110,0,0,74,4,0,80,36,0,745,8,3,10.67,1,1,2.5,0.9,4,0.3,2.75,17,3.12,1.6,2.14,2,,,50,13,,,,3.17,5.71,5,,,7,11,0.563,0.273,7.355,67,2,10,1,agir_darbex1,7,0,45,7,21,15,3,0,2,0,3,,0,0,0,0,0,0,0,0,0,0,0.364,1.733,0.644
23,Run50_KirilmaV1,Hız-alan + Ritim,bahcivan,standart,102,ödülsüz eş,8,,,30,24,6,0,0,0,24,5,1,0,0,63,216,110,0,0,73,4,0,73,40,0,745,9,3,11.33,1,1,2.41,0.9,4,0.3,2.75,18,3.5,2,1.75,3,,,26,20,0,0,,5.96,6.02,4.84,,,8,13,0.666,0.231,7.047,83,4,14,1,agir_darbex1,9,0,45,8,24,18,3,0,2,0,3,,0,0,0,0,0,0,0,0,0,0,0.462,1.4,0.667
23,Run50_KirilmaV1,Hız-alan + Ritim,bahcivan,standart,102,ödülsüz eş,9,,,25,23,2,0,0,0,16,5,3,1,0,108,324,110,0,0,57,12,2,59,52,2,716,10,3,11.33,1,1,2.41,0.935,4,0.3,2.75,18,3.61,2,2.8,2,2,,5,0,33,,,4.31,11.09,5.62,16.87,,9,14,0.692,0.286,6.847,92,2,16,1,agir_darbex1,8,0,45,9,27,21,3,0,2,0,3,,0,0,0,0,0,0,0,0,0,0,0.714,2.4,0.556
23,Run50_KirilmaV1,Hız-alan + Ritim,bahcivan,standart,102,ödülsüz eş,10,,,22,21,1,0,0,0,17,5,0,0,0,37,361,110,37,16,59,0,0,59,52,2,555,11,3,11.33,1,1,2.324,0.935,4,0.3,2.75,19,3.11,2.19,2.2,,,,0,0,0,,,7.26,3.24,,,,10,15,0.57,0.267,6.773,100,3,19,1,agir_darbex1,6,0,45,10,30,24,3,0,2,0,3,,0,0,0,0,0,0,0,0,0,0,0.533,0.822,0.489
23,Run50_KirilmaV1,Hız-alan + Ritim,bahcivan,standart,102,ödülsüz eş,11,,,42,35,7,0,0,0,29,9,4,0,0,120,120,150,0,0,103,16,0,106,68,2,1096,13,6,12,1,1,2.324,1.28,6,0.3,2.75,19,4.89,1.69,2.29,3,,,41,0,0,0,,2.15,4.97,9.28,,,11,16,0.64,0.375,6.68,108,2,21,1,agir_darbex1 genis_savurusx1,10,0,45,12,36,25,5,0,2,0,3,,0,0,0,0,0,0,0,0,0,0,0.5,2.667,0.933
23,Run50_KirilmaV1,Hız-alan + Ritim,bahcivan,standart,102,ödülsüz eş,12,,,44,40,4,0,0,0,30,12,1,1,0,117,237,150,0,0,150,4,2,152,42,4,1226,14,3,12.67,1,1,2.24,1.28,6,0.3,2.75,20,5.1,1.89,2.27,1,1,,21,0,0,,,4.73,7.95,0,0,,12,18,0.642,0.444,6.562,123,6,27,1,agir_darbex1 genis_savurusx1,9,0,45,13,39,25,11,0,2,0,3,,0,0,0,0,0,0,0,0,0,0,0.611,2.6,0.978
23,Run50_KirilmaV1,Hız-alan + Ritim,bahcivan,standart,102,ödülsüz eş,13,,,50,40,9,0,0,1,35,14,1,0,0,118,355,150,0,0,175,4,0,181,16,4,1380,16,6,13.33,1,1,2.24,1.327,6,0.3,2.75,20,5.4,1.85,2.25,1,,,34,0,0,0,,5.39,5.23,0,,,13,21,0.641,0.429,6.466,146,5,32,1,agir_darbex1 genis_savurusx1,10,0,45,15,45,28,11,0,2,0,3,,0,0,0,0,0,0,0,0,0,0,0.571,2.622,1.111
23,Run50_KirilmaV1,Hız-alan + Ritim,bahcivan,standart,102,ödülsüz eş,14,,,50,43,7,0,0,0,35,9,5,1,0,221,576,150,0,0,150,20,2,161,36,6,1566,17,3,13.33,1,1,2.24,1.327,6,0.3,2.75,20,5.4,1.61,2.25,3,,,42,0,0,,,4.69,8.4,23.53,,,15,25,0.717,0.48,6.187,182,1,33,2,agir_darbex1 genis_savurusx1,12,0,45,16,48,34,11,0,2,0,3,,0,0,0,0,0,0,0,0,0,0,0.64,4.911,1.111
23,Run50_KirilmaV1,Hız-alan + Ritim,bahcivan,standart,102,ödülsüz eş,15,,,39,32,4,0,0,3,25,6,8,0,0,176,752,150,176,30,111,32,0,137,43,6,1284,18,3,14,1,1,2.16,1.327,6,0.3,2.75,20,5.65,2.05,2.4,3.43,,,7,0,0,,,5.19,9.51,19.12,,,16,28,0.782,0.571,6.17,204,5,38,1,agir_darbex1 genis_savurusx1,12,0,45,17,51,37,11,0,2,0,3,,0,0,0,0,0,0,0,0,0,0,0.821,3.911,0.867
23,Run50_KirilmaV1,Hız-alan + Ritim,bahcivan,standart,102,ödülsüz eş,16,,,60,43,17,0,0,0,41,13,5,1,0,216,216,220,0,0,201,20,2,201,63,8,1928,20,6,15.64,1,1,1.836,1.373,6,0.3,2.75,24,5.79,1.75,2,1.75,4,,36,0,0,0,,4.72,5.32,3.21,14.7,,17,29,0.714,0.448,6.004,217,5,43,1,agir_darbex1 genis_savurusx1 hizli_bilekx1,14,0,45,19,57,40,11,0,2,0,3,,0,0,0,0,0,0,0,0,0,0,0.828,4.8,1.333
23,Run50_KirilmaV1,Hız-alan + Ritim,bahcivan,standart,102,ödülsüz eş,17,,,69,55,13,0,0,1,45,13,9,2,0,292,508,220,0,0,213,36,4,215,74,12,2330,21,3,17.38,1,1,1.836,1.373,6,0.3,2.75,24,5.83,1.56,2.63,2.33,2.5,,49,8,0,0,,2.97,10.55,11.62,25.7,,20,37,0.746,0.514,5.885,283,5,48,3,agir_darbex1 genis_savurusx1 hizli_bilekx1,16,0,45,20,60,46,11,0,2,0,3,,0,0,0,0,0,0,0,0,0,0,0.703,6.489,1.533
23,Run50_KirilmaV1,Hız-alan + Ritim,bahcivan,standart,102,ödülsüz eş,18,,,98,73,21,0,0,4,59,28,7,4,0,530,1038,220,0,0,345,28,8,355,37,20,3560,23,6,17.38,1,1,1.778,1.419,9,0.3,2.75,25,7.84,1.67,2.06,2.4,4.25,,36,13,0,0,,4.74,8.89,9.95,17.34,,19,39,0.678,0.538,5.823,301,3,51,2,agir_darbex1 genis_savurusx1 hizli_bilekx1,16,0,45,22,66,49,11,0,2,0,3,,0,0,0,0,0,0,0,0,0,0,0.538,11.778,2.178
23,Run50_KirilmaV1,Hız-alan + Ritim,bahcivan,standart,102,ödülsüz eş,19,,,106,75,20,0,0,11,53,32,12,9,0,787,1825,220,0,0,351,60,18,360,97,38,4400,26,9,19.2,1,1,1.778,1.465,9,0.3,2.75,25,8.36,1.61,1.82,2.13,2.14,,33,14,0,0,0,3.83,4.53,8,8.89,,24,47,0.699,0.447,5.727,369,6,57,5,agir_darbex1 genis_savurusx1 hizli_bilekx1,22,0,45,25,75,49,17,0,2,0,3,,0,0,0,0,0,0,0,0,0,0,0.745,17.489,2.356
23,Run50_KirilmaV1,Hız-alan + Ritim,bahcivan,standart,102,ödülsüz eş,20,,,102,79,18,0,0,5,60,22,17,2,1,592,2417,220,592,45,357,85,4,365,122,42,4157,27,3,20.27,1,1,1.722,1.465,9,0.3,2.75,26,8.08,1.46,1.94,1.79,3,4,42,0,0,0,0,3.41,6.35,5.29,11.18,20.66,25,49,0.608,0.367,5.373,410,7,64,3,agir_darbex1 genis_savurusx1 hizli_bilekx1,22,0,45,26,78,49,26,0,2,0,3,,0,0,0,0,0,0,0,0,0,0,0.714,13.156,2.267
23,Run50_KirilmaV1,Hız-alan + Ritim,bahcivan,standart,102,ödülsüz eş,21,,,173,97,53,0,0,23,79,48,31,12,3,1990,1990,300,0,0,525,215,36,546,249,58,7968,30,9,20.27,1,1,1.464,1.558,9,0.3,2.75,30,8.43,1.67,1.61,1.89,2.2,2.67,40,37,40,0,0,4.92,3.5,4.85,6.59,11.24,23,49,0.659,0.388,5.072,435,7,71,1,agir_darbex1 genis_savurusx1 hizli_bilekx2,36,0,45,29,87,49,29,0,2,0,3,,0,0,0,0,0,0,0,0,0,0,0.612,44.222,3.844
23,Run50_KirilmaV1,Hız-alan + Ritim,bahcivan,standart,102,ödülsüz eş,22,,,199,102,73,0,0,24,92,43,39,20,5,2989,4979,300,0,0,714,256,60,715,305,98,10468,33,9,23.08,1,1,1.418,1.624,9,0.3,2.75,31,8.61,1.37,1.89,1.76,1.6,,56,38,28,25,0,2.14,4.65,4.67,5.53,,21,49,0.649,0.429,4.806,459,6,77,1,agir_darbex1 genis_savurusx1 hizli_bilekx2,35,0,45,32,96,49,38,0,2,0,3,,0,0,0,0,0,0,0,0,0,0,0.735,66.422,4.422
23,Run50_KirilmaV1,Hız-alan + Ritim,bahcivan,standart,102,ödülsüz eş,23,,,214,110,80,0,0,24,87,51,47,24,5,3581,8560,300,0,0,612,304,105,791,373,143,13214,37,12,24.3,1,1,1.373,1.67,9,0.3,2.75,32,8.41,1.22,1.72,1.77,2.33,1.5,70,37,31,0,0,1.88,4.39,4.31,8.7,1.36,15,49,0.664,0.449,4.106,537,6,83,3,agir_darbex1 genis_savurusx1 hizli_bilekx2,36,0,45,36,108,49,47,0,2,0,3,,0,0,0,0,0,0,0,0,0,0,0.735,79.578,4.756
23,Run50_KirilmaV1,Hız-alan + Ritim,bahcivan,standart,102,ödülsüz eş,24,,,240,104,102,0,0,34,93,66,53,22,6,4272,12832,300,0,0,810,421,78,821,474,101,14679,40,9,31.35,1,1,1.373,1.736,9,0.3,2.75,32,8.56,1.21,1.56,1.78,1.88,,77,43,29,0,17,1.29,4.39,4.84,4.63,,13,52,0.679,0.404,3.698,633,11,94,2,agir_darbex1 genis_savurusx1 hizli_bilekx2,45,0,45,39,117,49,59,0,2,0,3,,0,0,0,0,0,0,0,0,0,0,0.788,94.933,5.333
23,Run50_KirilmaV1,Hız-alan + Ritim,bahcivan,standart,102,ödülsüz eş,25,,,205,108,61,0,0,36,80,57,36,22,10,5557,18389,300,5557,65,681,374,121,742,448,132,13327,42,6,31.35,1,1,1.33,1.736,9,0.3,2.75,33,8.97,1.5,1.38,1.94,2.44,2.14,46,38,29,7,0,3.29,3.9,5.76,6.57,9.69,22,79,0.783,0.43,4.512,788,4,98,11,agir_darbex1 genis_savurusx1 hizli_bilekx2,38,0,45,41,123,58,59,0,2,0,3,,0,0,0,0,0,0,0,0,0,0,0.81,123.489,4.556
23,Run50_KirilmaV1,Hız-alan + Ritim,bahcivan,standart,102,ödülsüz eş,26,,,229,144,54,0,0,31,80,58,48,32,11,9453,9453,500,0,0,657,485,234,749,543,346,15150,44,6,31.35,1,1,1.131,1.802,9,0.3,2.75,39,9,1.32,1.67,1.66,1.82,1.33,60,29,21,17,17,1.44,4.46,3.9,5.26,1.88,23,81,0.791,0.617,4.547,802,5,103,3,agir_darbex1 genis_savurusx1 hizli_bilekx3,44,0,45,43,129,64,59,0,2,0,3,,0,0,0,0,0,0,0,0,0,0,0.79,210.067,5.089
23,Run50_KirilmaV1,Hız-alan + Ritim,bahcivan,standart,102,ödülsüz eş,27,,,268,144,88,0,2,34,105,71,51,30,11,9806,19259,500,0,0,972,459,202,1126,1002,548,17442,46,6,34.76,1,1,1.095,1.802,9,0.3,2.75,41,9,1.55,1.68,1.96,1.8,1.6,48,42,11,22,0,3.28,5.18,8.32,6.57,4.15,23,81,0.758,0.58,4.547,802,2,105,0,agir_darbex1 genis_savurusx1 hizli_bilekx3,47,0,45,45,135,70,59,0,2,0,3,,0,0,0,0,0,0,0,0,0,0,0.716,217.911,5.956
23,Run50_KirilmaV1,Hız-alan + Ritim,bahcivan,standart,102,ödülsüz eş,28,,,280,154,87,0,1,38,115,66,60,31,8,9622,28881,500,0,0,1049,516,173,1105,578,656,17988,49,9,40.38,1,1,1.095,1.868,9,0.3,2.75,41,9,1.33,1.52,2.07,1.72,2.5,58,41,19,22,0,2.81,2.92,7.88,3.83,8.77,23,81,0.763,0.58,4.34,840,7,112,0,agir_darbex1 genis_savurusx1 hizli_bilekx3,46,0,45,48,144,76,59,0,2,0,3,,0,0,0,0,0,0,0,0,0,0,0.654,213.822,6.222
23,Run50_KirilmaV1,Hız-alan + Ritim,bahcivan,standart,102,ödülsüz eş,29,,,282,156,85,0,1,40,111,80,58,25,8,8832,37713,500,0,0,1140,633,168,1185,751,824,18048,51,6,42.03,1,1,1.061,1.868,9,0.3,2.75,42,9,1.33,1.48,2.03,2.06,2.8,58,35,17,17,0,1.77,4.07,7.02,5.62,12.31,23,81,0.747,0.605,4.331,842,8,120,0,agir_darbex1 genis_savurusx1 hizli_bilekx3,42,0,45,50,150,81,63,0,2,0,3,,0,0,0,0,0,0,0,0,0,0,0.728,196.267,6.267
23,Run50_KirilmaV1,Hız-alan + Ritim,bahcivan,standart,102,ödülsüz eş,30,,,277,157,79,0,0,41,96,73,68,35,5,9485,47198,500,9485,100,983,832,156,1038,863,900,17956,52,3,48.2,1,1,1.027,1.934,9,0.3,2.75,43,8.65,1.27,1.56,1.85,2,2.5,61,50,21,20,0,1.78,3.23,5.48,5.75,13.34,23,81,0.638,0.432,4.295,849,5,125,0,agir_darbex1 genis_savurusx1 hizli_bilekx3,44,0,45,51,153,81,69,0,2,0,3,,0,0,0,0,0,0,0,0,0,0,0.593,210.778,6.156
23,Run50_KirilmaV1,Hız-alan + Ritim,bahcivan,standart,102,ödülsüz eş,31,,,423,221,143,0,1,58,156,111,84,54,18,17127,17127,1200,0,0,1858,976,397,1996,1039,1297,28573,55,9,48.2,1,1,0.719,2,9,0.317,2.75,62,8.73,1.27,1.69,2.16,1.92,2,65,45,17,28,36,1.45,3.39,7.08,3.65,3.6,23,81,0.654,0.432,4.295,849,4,129,0,agir_darbex1 genis_savurusx1 hizli_bilekx3 firtina_bilegix1,62,0,45,54,162,81,72,0,2,0,3,,0,0,0,0,0,0,0,0,0,0,0.679,380.6,9.4
23,Run50_KirilmaV1,Hız-alan + Ritim,bahcivan,standart,102,ödülsüz eş,32,,,418,229,137,0,4,48,166,105,79,54,14,16243,33370,1200,0,0,1920,998,375,2316,1367,1577,27094,57,6,52.15,1,1,0.696,2,9,0.317,2.75,64,8.84,1.43,1.46,1.98,2.24,2.1,48,46,18,8,20,2.25,2.43,5.38,6.31,5.16,23,81,0.67,0.494,4.144,880,8,137,0,agir_darbex1 genis_savurusx1 hizli_bilekx3 firtina_bilegix1,67,0,45,56,168,81,81,0,2,0,3,,0,0,0,0,0,0,0,0,0,0,0.63,360.956,9.289
23,Run50_KirilmaV1,Hız-alan + Ritim,bahcivan,standart,102,ödülsüz eş,33,,,525,291,171,0,2,61,196,143,110,53,23,19182,52552,1200,0,0,2933,1328,445,2964,1375,2022,36235,60,9,58.9,1,1,0.696,2.066,12,0.333,2.75,64,10.5,1.35,1.53,1.85,2.39,2.31,63,52,28,24,6,1.18,1.85,3.23,5.64,7.99,23,81,0.594,0.444,4.135,882,8,145,0,agir_darbex1 genis_savurusx1 hizli_bilekx3 firtina_bilegix1,76,0,45,59,177,81,87,0,2,0,3,,0,0,0,0,0,0,0,0,0,0,0.568,426.267,11.667
23,Run50_KirilmaV1,Hız-alan + Ritim,bahcivan,standart,102,ödülsüz eş,34,,,541,312,165,0,10,54,210,138,100,66,27,22743,75295,1200,0,0,3114,1316,540,3568,1611,2452,39198,62,6,63.05,1,1,0.696,2.132,12,0.367,2.75,64,10.78,1.41,1.42,1.86,1.91,1.89,57,61,28,22,24,1.84,1.51,3.41,2.36,3.08,23,81,0.624,0.432,3.884,938,9,154,0,agir_darbex1 genis_savurusx1 hizli_bilekx3 firtina_bilegix1,78,0,45,61,183,81,96,0,2,0,3,,0,0,0,0,0,0,0,0,0,0,0.543,505.4,12.022
23,Run50_KirilmaV1,Hız-alan + Ritim,bahcivan,standart,102,ödülsüz eş,35,,,508,293,146,0,4,65,183,144,110,52,19,22534,97829,1200,22534,220,2852,1350,410,3510,1361,2862,36585,64,6,72.57,1,1,0.696,2.198,12,0.367,2.75,64,8.86,1.36,1.23,1.63,1.66,2.11,66,67,43,29,8,1.86,1.01,3.17,2.03,6.19,23,81,0.642,0.42,3.859,944,6,160,0,agir_darbex1 genis_savurusx1 hizli_bilekx3 firtina_bilegix1,75,0,45,63,189,81,102,0,2,0,3,,0,0,0,0,0,0,0,0,0,0,0.531,500.756,11.289
23,Run50_KirilmaV1,Hız-alan + Ritim,bahcivan,standart,102,ödülsüz eş,36,,,684,445,174,0,4,61,246,187,116,101,34,33770,33770,2800,0,0,4278,1815,745,4488,1976,3482,53160,67,9,87.23,1.6,1,0.696,2.198,12,0.367,2.75,64,10.53,1,1.24,1.35,1.45,1.33,100,75,56,55,58,0,1.05,1.44,1.7,1.4,23,81,0.552,0.333,3.848,947,6,166,0,agir_darbex1 genis_savurusx1 hizli_bilekx3 firtina_bilegix1 canavar_kesimix1,100,0,45,66,198,81,108,0,2,0,3,,0,0,0,0,0,0,0,0,0,0,0.506,750.444,15.2
23,Run50_KirilmaV1,Hız-alan + Ritim,bahcivan,standart,102,ödülsüz eş,37,,,756,461,210,0,3,82,252,202,180,102,20,34110,67880,2800,0,0,3745,2632,619,4193,2718,3951,61506,70,9,87.23,1.6,1,0.696,2.198,12,0.417,2.861,64,10.91,1,1.25,1.33,1.34,1.5,100,76,63,61,53,0,0.85,1.32,1.07,2.7,23,81,0.532,0.37,3.631,1004,11,177,0,agir_darbex1 genis_savurusx1 hizli_bilekx3 firtina_bilegix1 canavar_kesimix1,106,0,45,69,207,81,117,0,2,0,3,,0,0,0,0,0,0,0,0,0,0,0.481,758,16.8
23,Run50_KirilmaV1,Hız-alan + Ritim,bahcivan,standart,102,ödülsüz eş,38,,,739,461,175,0,7,96,263,206,154,93,23,31193,99073,2800,0,0,4240,2111,740,4433,3429,4551,61120,73,9,98.13,1.6,1,0.696,2.198,12,0.417,2.861,64,10.8,1,1.23,1.38,1.32,1.47,100,75,58,63,57,0,1.09,1.4,1.17,1.54,23,81,0.538,0.383,3.631,1004,5,182,0,agir_darbex1 genis_savurusx1 hizli_bilekx3 firtina_bilegix1 canavar_kesimix1,103,0,45,72,216,81,126,0,2,0,3,,0,0,0,0,0,0,0,0,0,0,0.481,693.178,16.422
23,Run50_KirilmaV1,Hız-alan + Ritim,bahcivan,standart,102,ödülsüz eş,39,,,763,491,178,0,9,85,285,210,154,88,26,37748,136821,2800,0,0,4765,2299,742,4768,3488,5098,63654,75,6,109.63,1.6,1,0.696,2.198,12,0.433,2.972,64,10.83,1,1.15,1.28,1.22,1.24,100,82,61,74,73,0,0.54,1.02,1.13,1.23,23,81,0.527,0.333,3.631,1004,7,189,0,agir_darbex1 genis_savurusx1 hizli_bilekx3 firtina_bilegix1 canavar_kesimix1,109,0,45,74,222,81,135,0,2,0,3,,0,0,0,0,0,0,0,0,0,0,0.568,838.844,16.956
23,Run50_KirilmaV1,Hız-alan + Ritim,bahcivan,standart,102,ödülsüz eş,40,,,658,436,148,0,13,61,257,173,133,71,24,28458,165279,2800,28458,500,3865,2182,635,4013,5670,5578,51305,77,6,117.04,1.6,1,0.696,2.198,12,0.433,2.972,64,9.92,1,1.13,1.29,1.33,1.37,100,84,62,55,63,0,0.43,1.12,1.24,1.1,23,81,0.424,0.247,3.631,1004,4,193,0,agir_darbex1 genis_savurusx1 hizli_bilekx3 firtina_bilegix1 canavar_kesimix1,95,0,45,76,228,81,141,0,2,0,3,,0,0,0,0,0,0,0,0,0,0,0.469,632.4,14.622
23,Run50_KirilmaV1,Hız-alan + Ritim,bahcivan,standart,102,ödülsüz eş,41,,,906,614,185,0,10,97,310,233,216,121,26,44190,44190,4500,0,0,5290,3164,982,5883,8834,6320,80391,80,9,117.04,1.6,1,0.696,2.901,16,0.45,3.083,64,13.56,1,1.21,1.31,1.27,1.48,100,80,66,66,60,0,0.71,0.96,0.92,1.46,23,81,0.449,0.259,3.601,1012,4,197,0,agir_darbex1 genis_savurusx2 hizli_bilekx3 firtina_bilegix1 canavar_kesimix1,123,0,45,79,237,81,147,0,2,0,3,,0,0,0,0,0,0,0,0,0,0,0.42,982,20.133
23,Run50_KirilmaV1,Hız-alan + Ritim,bahcivan,standart,102,ödülsüz eş,42,,,1019,639,229,0,15,136,379,259,212,131,38,49757,93947,4500,0,0,5680,3435,1230,6983,9856,5440,91689,82,6,129.42,1.6,1,0.696,2.901,16,0.45,3.083,64,14.81,1,1.19,1.31,1.28,1.56,100,82,66,65,50,0,0.94,1.37,1.33,3.32,27,121,0.493,0.174,3.801,1433,6,203,15,agir_darbex1 genis_savurusx2 hizli_bilekx3 firtina_bilegix1 canavar_kesimix1,144,0,45,81,243,81,156,0,2,0,3,,0,0,0,0,0,0,0,0,0,0,0.463,1105.711,22.644
23,Run50_KirilmaV1,Hız-alan + Ritim,bahcivan,standart,102,ödülsüz eş,43,,,1016,658,242,0,21,95,368,249,224,137,38,50539,144486,4500,0,0,5565,3612,1236,5848,13468,6386,94001,85,9,137.13,1.6,1,0.696,2.901,16,0.45,3.194,64,14.8,1,1.13,1.23,1.28,1.36,100,82,74,66,54,0,0.49,0.96,1.23,1.65,27,121,0.51,0.314,3.602,1512,4,207,0,agir_darbex1 genis_savurusx2 hizli_bilekx3 firtina_bilegix1 canavar_kesimix1,141,0,45,84,252,87,156,0,2,0,3,,0,0,0,0,0,0,0,0,0,0,0.579,1123.089,22.578
23,Run50_KirilmaV1,Hız-alan + Ritim,bahcivan,standart,102,ödülsüz eş,44,,,1038,671,251,0,19,97,365,273,234,131,35,52699,197185,4500,0,0,6470,4086,1368,12318,14884,7754,95479,87,6,142.4,1.6,1,0.696,2.901,16,0.45,3.194,64,15.08,1,1.17,1.23,1.24,1.35,100,80,71,68,70,0,0.77,0.96,0.89,1.77,27,121,0.513,0.355,3.565,1527,2,209,0,agir_darbex1 genis_savurusx2 hizli_bilekx3 firtina_bilegix1 canavar_kesimix1,140,0,45,86,258,96,156,0,2,0,3,,0,0,0,0,0,0,0,0,0,0,0.57,1171.089,23.067
23,Run50_KirilmaV1,Hız-alan + Ritim,bahcivan,standart,102,ödülsüz eş,45,,,970,646,215,4,13,92,327,247,222,143,31,43725,240910,4500,43725,800,5565,3747,1320,12083,18631,8744,89175,90,9,150.4,1.6,1,0.696,2.901,16,0.45,3.306,64,15.2,1.05,1.17,1.27,1.36,1.29,93,79,66,58,70,0.18,0.62,1.25,1.75,1.33,27,121,0.569,0.43,3.359,1621,3,212,0,agir_darbex1 genis_savurusx2 hizli_bilekx3 firtina_bilegix1 canavar_kesimix1,131,0,45,89,267,102,156,0,2,0,3,,0,0,0,0,0,0,0,0,0,0,0.545,971.667,21.556
23,Run50_KirilmaV1,Hız-alan + Ritim,bahcivan,standart,102,ödülsüz eş,46,,,1035,649,264,3,16,103,376,247,224,144,44,53839,53839,6000,0,0,6390,4083,1290,18473,22714,10034,98805,92,6,150.4,1.6,1,0.696,2.901,16,0.45,3.306,64,15.42,1,1.11,1.28,1.22,1.5,100,82,70,67,57,0,0.63,1.2,1.13,2.59,27,121,0.557,0.413,3.183,1711,0,212,0,agir_darbex1 genis_savurusx2 hizli_bilekx3 firtina_bilegix1 canavar_kesimix1 nadir_tohumx1,138,0,45,91,273,111,156,0,2,0,3,,0,0,0,0,0,0,0,0,0,0,0.57,1196.422,23
23,Run50_KirilmaV1,Hız-alan + Ritim,bahcivan,standart,102,ödülsüz eş,47,,,1046,644,261,8,15,118,330,295,226,154,41,56328,110167,6000,0,0,6540,3957,1482,20913,26671,11136,109842,94,6,158.4,1.6,1,0.696,2.901,16,0.45,3.417,64,15.19,1,1.12,1.17,1.23,1.43,100,79,72,69,66,0,0.56,0.7,1.12,2.01,27,121,0.547,0.339,3.163,1721,2,214,0,agir_darbex1 genis_savurusx2 hizli_bilekx3 firtina_bilegix1 canavar_kesimix1 nadir_tohumx1,147,0,45,93,279,117,156,0,2,0,3,,0,0,0,0,0,0,0,0,0,0,0.587,1251.733,23.244
23,Run50_KirilmaV1,Hız-alan + Ritim,bahcivan,standart,102,ödülsüz eş,48,,,1063,671,268,4,12,108,379,251,247,143,43,56328,166495,6000,0,0,6110,4083,1494,24823,30754,12630,110004,96,6,158.4,1.6,1,0.696,2.901,16,0.45,3.417,64,15.41,1,1.14,1.15,1.26,1.15,100,84,76,70,77,0,0.74,0.61,1.11,0.7,27,121,0.562,0.405,3.142,1733,1,215,0,agir_darbex1 genis_savurusx2 hizli_bilekx3 firtina_bilegix1 canavar_kesimix1 nadir_tohumx1,146,0,45,95,285,121,158,0,2,0,3,,0,0,0,0,0,0,0,0,0,0,0.562,1251.733,23.622
23,Run50_KirilmaV1,Hız-alan + Ritim,bahcivan,standart,102,ödülsüz eş,49,,,1042,654,264,4,14,106,376,275,210,136,45,54427,220922,6000,0,0,6515,3540,1314,31338,34294,13524,106953,98,6,158.4,1.6,1,0.696,2.901,16,0.45,3.528,64,15.44,1,1.22,1.23,1.28,1.32,100,75,70,66,56,0,1.07,1.13,1.21,1.47,27,121,0.566,0.38,3.113,1749,1,216,0,agir_darbex1 genis_savurusx2 hizli_bilekx3 firtina_bilegix1 canavar_kesimix1 nadir_tohumx1,142,0,45,97,291,121,164,0,2,0,3,,0,0,0,0,0,0,0,0,0,0,0.661,1209.489,23.156
23,Run50_KirilmaV1,Hız-alan + Ritim,bahcivan,standart,102,ödülsüz eş,50,,,1013,645,255,11,9,93,343,268,213,152,37,56213,277135,6000,0,0,5950,3207,1620,34888,37501,15144,106132,100,6,158.4,1.6,1,0.696,2.901,16,0.45,3.528,64,15.3,1,1.18,1.22,1.42,1.65,100,75,75,57,48,0,0.71,0.84,2.17,2.09,27,121,0.562,0.405,3.106,1753,1,217,0,agir_darbex1 genis_savurusx2 hizli_bilekx3 firtina_bilegix1 canavar_kesimix1 nadir_tohumx1,138,0,45,99,297,121,170,0,2,0,3,,0,0,0,0,0,0,0,0,0,0,0.488,1249.178,22.511
23,Run50_KirilmaV1,Hız-alan + Ritim,bahcivan,standart,102,ödülsüz eş,50,KAZANDI
23,Run50_KirilmaV1,Hız-alan + Ritim,bahcivan,standart,102,LAB R15 A ödülsüz #1,15,,,49,45,3,0,0,1,36,9,4,0,0,141,141,150,141,30,162,16,0,242,16,0,1529,4,9,14,1,1,2.16,1.327,6,0.3,2.75,20,5.6,1.67,1.67,2.33,,,28,31,0,0,0,4.19,3.13,12.26,,,16,28,0.76,0.536,6.17,204,0,0,0,agir_darbex1 genis_savurusx1,11,0,45,3,9,0,0,0,0,0,15,,0,0,0,0,0,0,0,0,0,0,0.929,3.133,1.089
23,Run50_KirilmaV1,Hız-alan + Ritim,bahcivan,standart,102,LAB R15 B +hasat_ritmi #1,15,,,55,50,1,0,0,4,43,8,3,1,0,154,154,150,154,30,177,12,2,257,12,2,1636,4,9,14,1,1,2.16,1.327,6,0.3,2.75,20,6.4,1.78,2,3,6,,30,15,0,0,0,3.83,3.39,10.8,12.97,,16,28,0.728,0.464,6.17,204,0,0,0,agir_darbex1 genis_savurusx1 hasat_ritmix1,13,0,45,3,9,0,0,0,0,0,15,,0,0,0,0,0,5,4,0,0,0,0.893,3.422,1.222
23,Run50_KirilmaV1,Hız-alan + Ritim,bahcivan,standart,102,LAB R15 A ödülsüz #2,15,,,46,38,6,0,0,2,37,7,0,1,1,363,363,150,363,30,153,0,10,233,0,10,1416,4,9,14,1,1,2.16,1.327,6,0.3,2.75,20,5.6,1.9,2.29,,2,,26,14,0,0,0,5.04,6.79,,19.44,,16,28,0.776,0.571,6.17,204,0,0,0,agir_darbex1 genis_savurusx1,11,0,45,3,9,0,0,0,0,0,15,,0,0,0,0,0,0,0,0,0,0,0.786,8.067,1.022
23,Run50_KirilmaV1,Hız-alan + Ritim,bahcivan,standart,102,LAB R15 B +hasat_ritmi #2,15,,,53,47,5,0,0,1,40,7,4,1,1,425,425,150,425,30,204,16,2,284,16,2,1763,5,12,14,1,1,2.16,1.327,6,0.3,2.75,20,6.05,1.81,2.4,2,2,3,36,0,0,,0,4.2,12.09,5.4,12.96,23.77,16,28,0.743,0.5,6.17,204,0,0,0,agir_darbex1 genis_savurusx1 hasat_ritmix1,13,0,45,4,12,0,0,0,0,0,15,,0,0,0,0,0,5,4,0,0,0,0.821,9.444,1.178
23,Run50_KirilmaV1,Hız-alan + Ritim,bahcivan,standart,102,LAB R15 A ödülsüz #3,15,,,50,39,9,0,0,2,39,7,2,2,0,261,261,150,261,30,159,8,4,239,8,4,1531,4,9,14,1,1,2.16,1.327,6,0.3,2.75,20,5.55,1.81,1.67,3,,,30,38,0,0,,6.27,2.88,22.68,,,16,28,0.758,0.536,6.17,204,0,0,0,agir_darbex1 genis_savurusx1,13,0,45,3,9,0,0,0,0,0,15,,0,0,0,0,0,0,0,0,0,0,0.75,5.8,1.111
23,Run50_KirilmaV1,Hız-alan + Ritim,bahcivan,standart,102,LAB R15 B +hasat_ritmi #3,15,,,55,47,7,0,0,1,38,15,0,2,0,179,179,150,179,30,204,0,4,284,0,4,1777,5,12,14,1,1,2.16,1.327,6,0.3,2.75,20,6.25,1.78,2.21,,3,,32,6,0,0,,3.24,9.72,,6.47,,16,28,0.734,0.5,6.17,204,0,0,0,agir_darbex1 genis_savurusx1 hasat_ritmix1,13,0,45,4,12,0,0,0,0,0,15,,0,0,0,0,0,5,4,0,0,0,0.857,3.978,1.222
23,Run50_KirilmaV1,Hız-alan + Ritim,bahcivan,standart,102,LAB R25 A ödülsüz #1,25,,,208,122,58,0,0,28,83,57,32,24,12,6027,6027,300,6027,65,822,339,111,902,339,111,13633,20,57,31.35,1,1,1.33,1.736,9,0.3,2.75,33,8.97,1.29,1.53,1.88,1.94,2,63,31,15,26,22,1.85,3.45,6.42,7.98,3.81,22,79,0.797,0.608,4.512,788,0,0,0,agir_darbex1 genis_savurusx1 hizli_bilekx2,37,0,45,19,57,0,0,0,0,0,25,,0,0,0,0,0,0,0,0,0,0,0.873,133.933,4.622
23,Run50_KirilmaV1,Hız-alan + Ritim,bahcivan,standart,102,LAB R25 B +hasat_ritmi #1,25,,,244,149,71,0,0,24,99,64,46,28,7,5335,5335,300,5335,65,765,451,129,845,451,129,16301,21,60,31.35,1,1,1.33,1.736,9,0.3,2.75,33,9.94,1.28,1.64,1.73,1.75,2.4,62,43,28,41,0,2.36,2.93,4.4,4.66,6.13,22,79,0.764,0.494,4.512,788,0,0,0,agir_darbex1 genis_savurusx1 hizli_bilekx2 hasat_ritmix1,47,0,45,20,60,0,0,0,0,0,25,,0,0,0,0,0,11,11,0,0,0,0.873,118.556,5.422
23,Run50_KirilmaV1,Hız-alan + Ritim,bahcivan,standart,102,LAB R25 sinerji A ödülsüz #1,25,,,287,165,95,0,0,27,118,72,61,28,8,5671,5671,300,5671,65,969,549,113,1049,549,113,18239,23,66,31.35,1,1,1.131,2.291,12,0.3,2.75,39,11.77,1.58,1.67,2.17,1.94,2.67,51,38,23,30,9,3.11,4.55,6.5,6.39,5.65,24,81,0.735,0.37,4.631,787,0,0,0,agir_darbex1 genis_savurusx2 hizli_bilekx3,65,0,45,22,66,0,0,0,0,0,25,,0,0,0,0,0,0,0,0,0,0,0.728,126.022,6.378
23,Run50_KirilmaV1,Hız-alan + Ritim,bahcivan,standart,102,LAB R25 sinerji B +hasat_ritmi #1,25,,,380,243,101,0,0,36,150,108,69,37,16,7952,7952,300,7952,65,1425,646,192,1505,646,192,24064,26,75,31.35,1,1,1.131,2.291,12,0.3,2.75,39,14.21,1.35,1.63,1.95,2,2.17,60,45,32,29,44,1.79,3.05,5.58,5.09,6.41,24,81,0.641,0.37,4.631,787,0,0,0,agir_darbex1 genis_savurusx2 hizli_bilekx3 hasat_ritmix1,72,0,45,25,75,0,0,0,0,0,25,,0,0,0,0,0,15,14,0,0,0,0.815,176.711,8.444
23,Run50_KirilmaV1,Hız-alan + Ritim,bahcivan,standart,102,LAB R25 A ödülsüz #2,25,,,220,122,74,0,0,24,96,53,36,30,5,5875,5875,300,5875,65,633,367,119,713,367,119,14160,20,57,31.35,1,1,1.33,1.736,9,0.3,2.75,33,9,1.35,1.48,1.79,1.63,2.5,64,38,20,29,0,2.11,2.46,5.42,3.57,7.33,22,79,0.791,0.519,4.512,788,0,0,0,agir_darbex1 genis_savurusx1 hizli_bilekx2,41,0,45,19,57,0,0,0,0,0,25,,0,0,0,0,0,0,0,0,0,0,0.81,130.556,4.889
23,Run50_KirilmaV1,Hız-alan + Ritim,bahcivan,standart,102,LAB R25 B +hasat_ritmi #2,25,,,236,141,70,0,0,25,103,61,46,20,6,4620,4620,300,4620,65,714,430,92,794,430,92,15340,21,60,31.35,1,1,1.33,1.736,9,0.3,2.75,33,9.91,1.39,1.66,2,2,2.5,58,37,26,23,0,2.47,4.38,5.02,5.72,8.67,22,79,0.771,0.481,4.512,788,0,0,0,agir_darbex1 genis_savurusx1 hizli_bilekx2 hasat_ritmix1,48,0,45,20,60,0,0,0,0,0,25,,0,0,0,0,0,10,10,0,0,0,0.747,102.667,5.244
23,Run50_KirilmaV1,Hız-alan + Ritim,bahcivan,standart,102,LAB R25 sinerji A ödülsüz #2,25,,,281,163,83,0,0,35,109,82,50,30,10,6027,6027,300,6027,65,978,493,129,1058,493,129,18365,23,66,31.35,1,1,1.131,2.291,12,0.3,2.75,39,11.79,1.34,1.92,1.85,2.62,2,60,40,19,8,7,1.73,4.78,4.73,9.2,7.69,24,81,0.73,0.444,4.631,787,0,0,0,agir_darbex1 genis_savurusx2 hizli_bilekx3,59,0,45,22,66,0,0,0,0,0,25,,0,0,0,0,0,0,0,0,0,0,0.914,133.933,6.244
23,Run50_KirilmaV1,Hız-alan + Ritim,bahcivan,standart,102,LAB R25 sinerji B +hasat_ritmi #2,25,,,401,247,112,0,0,42,165,107,66,49,14,9230,9230,300,9230,65,1326,685,202,1406,685,202,25819,26,75,31.35,1,1,1.131,2.291,12,0.3,2.75,39,14.36,1.28,1.71,1.93,2.09,2.63,71,50,33,37,23,1.4,4.35,4.41,5.76,8.05,24,81,0.641,0.296,4.631,787,0,0,0,agir_darbex1 genis_savurusx2 hizli_bilekx3 hasat_ritmix1,72,0,45,25,75,0,0,0,0,0,25,,0,0,0,0,0,15,15,0,0,0,0.593,205.111,8.911
23,Run50_KirilmaV1,Hız-alan + Ritim,bahcivan,standart,102,LAB R25 A ödülsüz #3,25,,,213,109,75,0,0,29,88,53,47,21,4,4716,4716,300,4716,65,609,390,92,689,390,92,13994,20,57,31.35,1,1,1.33,1.736,9,0.3,2.75,33,8.97,1.32,1.5,2,2.55,2,65,39,16,8,0,2.58,3.33,6.3,6.41,9.3,22,79,0.796,0.544,4.512,788,0,0,0,agir_darbex1 genis_savurusx1 hizli_bilekx2,45,0,45,19,57,0,0,0,0,0,25,,0,0,0,0,0,0,0,0,0,0,0.848,104.8,4.733
23,Run50_KirilmaV1,Hız-alan + Ritim,bahcivan,standart,102,LAB R25 B +hasat_ritmi #3,25,,,240,144,77,0,0,19,109,53,55,19,4,4216,4216,300,4216,65,795,440,79,875,440,79,15317,21,60,31.35,1,1,1.33,1.736,9,0.3,2.75,33,9.97,1.26,1.65,1.97,2.1,3,66,48,18,24,0,1.38,4.29,5.94,8.12,14.63,22,79,0.768,0.494,4.512,788,0,0,0,agir_darbex1 genis_savurusx1 hizli_bilekx2 hasat_ritmix1,50,0,45,20,60,0,0,0,0,0,25,,0,0,0,0,0,12,11,0,0,0,0.797,93.689,5.333
23,Run50_KirilmaV1,Hız-alan + Ritim,bahcivan,standart,102,LAB R25 sinerji A ödülsüz #3,25,,,295,172,95,0,0,28,132,75,62,23,3,4923,4923,300,4923,65,921,509,82,1001,509,82,18272,23,66,31.35,1,1,1.131,2.291,12,0.3,2.75,39,11.85,1.36,1.77,2.49,2.58,,54,33,16,17,0,1.92,5.22,7.45,7.36,,24,81,0.729,0.444,4.631,787,0,0,0,agir_darbex1 genis_savurusx2 hizli_bilekx3,55,0,45,22,66,0,0,0,0,0,25,,0,0,0,0,0,0,0,0,0,0,0.63,109.4,6.556
23,Run50_KirilmaV1,Hız-alan + Ritim,bahcivan,standart,102,LAB R25 sinerji B +hasat_ritmi #3,25,,,384,247,103,0,0,34,164,101,76,36,7,6533,6533,300,6533,65,1173,668,146,1253,668,146,24167,26,75,31.35,1,1,1.131,2.291,12,0.3,2.75,39,14.38,1.37,1.61,1.88,2.2,1.86,62,52,37,34,17,1.99,2.82,4.26,6.39,2.91,24,81,0.649,0.309,4.631,787,0,0,0,agir_darbex1 genis_savurusx2 hizli_bilekx3 hasat_ritmix1,73,0,45,25,75,0,0,0,0,0,25,,0,0,0,0,0,15,15,0,0,0,0.63,145.178,8.533
23,Run50_KirilmaV1,Hız-alan + Ritim,bahcivan,standart,102,LAB R40 A ödülsüz #1,40,,,670,445,151,0,8,66,252,178,128,85,27,31335,31335,2800,31335,500,3630,2148,840,3710,2148,840,53742,35,102,117.04,1.6,1,0.696,2.198,12,0.433,2.972,64,9.95,1,1.14,1.26,1.21,1.28,100,83,66,72,57,0,0.64,0.9,0.71,1.86,23,81,0.438,0.272,3.631,1004,0,0,0,agir_darbex1 genis_savurusx1 hizli_bilekx3 firtina_bilegix1 canavar_kesimix1,101,0,45,34,102,0,0,0,0,0,40,,0,0,0,0,0,0,0,0,0,0,0.407,696.333,14.889
23,Run50_KirilmaV1,Hız-alan + Ritim,bahcivan,standart,102,LAB R40 B +hasat_ritmi #1,40,,,765,532,166,0,5,62,292,206,148,96,23,33923,33923,2800,33923,500,4095,2185,987,4175,2185,987,60106,37,108,117.04,1.6,1,0.696,2.198,12,0.433,2.972,64,11.45,1,1.07,1.21,1.19,1.26,100,94,75,70,67,0,0.19,0.54,0.51,0.55,23,81,0.356,0.136,3.631,1004,0,0,0,agir_darbex1 genis_savurusx1 hizli_bilekx3 firtina_bilegix1 canavar_kesimix1 hasat_ritmix1,108,0.005,45,36,108,0,0,0,0,0,40,,0,0,0,0,0,28,28,0,0,0,0.519,753.844,17
23,Run50_KirilmaV1,Hız-alan + Ritim,bahcivan,standart,102,LAB R40 A ödülsüz #2,40,,,674,462,153,0,8,51,255,176,123,100,20,27532,27532,2800,27532,500,3990,1835,786,4070,1835,786,53616,35,102,117.04,1.6,1,0.696,2.198,12,0.433,2.972,64,10.02,1,1.11,1.25,1.21,1.19,100,89,68,73,81,0,0.42,0.86,0.56,0.83,23,81,0.441,0.272,3.631,1004,0,0,0,agir_darbex1 genis_savurusx1 hizli_bilekx3 firtina_bilegix1 canavar_kesimix1,94,0,45,34,102,0,0,0,0,0,40,,0,0,0,0,0,0,0,0,0,0,0.42,611.822,14.978
23,Run50_KirilmaV1,Hız-alan + Ritim,bahcivan,standart,102,LAB R40 B +hasat_ritmi #2,40,,,786,554,148,0,8,76,295,197,166,101,27,35899,35899,2800,35899,500,4390,2793,810,4470,2793,810,63455,37,108,117.04,1.6,1,0.696,2.198,12,0.433,2.972,64,11.64,1,1.07,1.17,1.18,1.33,100,94,82,79,58,0,0.21,0.42,0.49,0.76,23,81,0.351,0.16,3.631,1004,0,0,0,agir_darbex1 genis_savurusx1 hizli_bilekx3 firtina_bilegix1 canavar_kesimix1 hasat_ritmix1,112,0,45,36,108,0,0,0,0,0,40,,0,0,0,0,0,31,31,0,0,0,0.321,797.756,17.467
23,Run50_KirilmaV1,Hız-alan + Ritim,bahcivan,standart,102,LAB R40 A ödülsüz #3,40,,,674,463,149,0,15,47,242,172,155,81,24,32053,32053,2800,32053,500,4000,2334,717,4080,2334,717,54255,35,102,117.04,1.6,1,0.696,2.198,12,0.433,2.972,64,9.98,1,1.07,1.2,1.3,1.37,100,90,70,65,60,0,0.22,0.75,0.95,1.36,23,81,0.438,0.222,3.631,1004,0,0,0,agir_darbex1 genis_savurusx1 hizli_bilekx3 firtina_bilegix1 canavar_kesimix1,105,0,45,34,102,0,0,0,0,0,40,,0,0,0,0,0,0,0,0,0,0,0.469,712.289,14.978
23,Run50_KirilmaV1,Hız-alan + Ritim,bahcivan,standart,102,LAB R40 B +hasat_ritmi #3,40,,,795,566,159,0,9,61,287,196,173,111,28,38963,38963,2800,38963,500,4140,2667,1025,4220,2667,1025,64669,38,111,117.04,1.6,1,0.696,2.198,12,0.433,2.972,64,12.06,1,1.05,1.11,1.29,1.05,100,94,86,70,81,0,0.19,0.41,0.74,0.07,23,81,0.367,0.198,3.631,1004,0,0,0,agir_darbex1 genis_savurusx1 hizli_bilekx3 firtina_bilegix1 canavar_kesimix1 hasat_ritmix1,114,0,45,37,111,0,0,0,0,0,40,,0,0,0,0,0,31,31,0,0,0,0.346,865.844,17.667
24,Run50_KirilmaV1,Hız-alan + Ritim,bahcivan,standart,103,ödülsüz eş,1,,,11,11,0,0,0,0,9,1,1,0,0,22,22,45,0,0,22,4,0,22,4,0,250,1,0,10,1,1,3,0.9,4,0.3,2,13,2.46,2,4,5,,,8,0,0,,,3,9,12,,,2,4,0.452,0,8,23,0,0,2,,4,0.166,45,0,0,0,0,0,0,0,0,,0,0,0,0,0,0,0,0,0,0,0.75,0.489,0.244
24,Run50_KirilmaV1,Hız-alan + Ritim,bahcivan,standart,103,ödülsüz eş,2,,,13,13,0,0,0,0,11,2,0,0,0,17,39,45,0,0,30,0,0,32,4,0,280,2,3,10,1,1,3,0.9,4,0.3,2,14,2.57,2.18,4,,,,11,0,,,,4.64,10.5,,,,3,5,0.557,0.2,8,28,0,0,1,,3,0,45,1,3,0,0,0,0,0,0,,0,0,0,0,0,0,0,0,0,0,0.6,0.378,0.289
24,Run50_KirilmaV1,Hız-alan + Ritim,bahcivan,standart,103,ödülsüz eş,3,,,16,16,0,0,0,0,9,7,0,0,0,30,69,45,0,0,46,0,0,51,4,0,390,3,3,10,1,1,2.689,0.9,4,0.3,2,16,2.75,2.78,2.71,,,,0,0,,,,4.78,6.91,,,,3,5,0.486,0,7.695,29,3,3,0,,3,0.075,45,2,6,3,0,0,2,0,3,,0,0,0,0,0,0,0,0,0,0,0.2,0.667,0.356
24,Run50_KirilmaV1,Hız-alan + Ritim,bahcivan,standart,103,ödülsüz eş,4,,,16,16,0,0,0,0,12,4,0,0,0,24,93,45,0,0,40,0,0,44,4,0,405,4,3,10,1,1,2.689,0.9,4,0.3,2,16,3.06,2.42,3.5,,,,0,0,,,,4.93,13.46,,,,4,7,0.582,0.143,7.3,43,1,4,1,,5,0.052,45,3,9,6,0,0,2,0,3,,0,0,0,0,0,0,0,0,0,0,0.714,0.533,0.356
24,Run50_KirilmaV1,Hız-alan + Ritim,bahcivan,standart,103,ödülsüz eş,5,,,17,16,0,0,0,1,14,1,2,0,0,37,130,45,37,8,32,8,0,33,12,0,439,5,3,10.67,1,1,2.592,0.9,4,0.3,2,17,2.76,2.31,1,4.5,,,0,0,0,,,7.98,0,16.87,,,5,8,0.687,0.375,6.877,52,3,7,1,,3,0,45,4,12,9,0,0,2,0,3,,0,0,0,0,0,0,0,0,0,0,0.625,0.822,0.378
24,Run50_KirilmaV1,Hız-alan + Ritim,bahcivan,standart,103,ödülsüz eş,6,,,19,18,0,0,0,1,16,3,0,0,0,25,25,110,0,0,44,0,0,47,12,0,452,6,3,10.67,1,1,2.592,0.9,4,0.42,2,17,2.94,2.2,2.33,,,,0,0,,,,5.36,6.91,,,,5,8,0.676,0.25,6.752,53,1,8,0,kritik_gozx1,4,0,45,5,15,9,3,0,2,0,3,,0,0,0,0,0,0,0,0,0,0,0.75,0.556,0.422
24,Run50_KirilmaV1,Hız-alan + Ritim,bahcivan,standart,103,ödülsüz eş,7,,,23,22,1,0,0,0,18,4,1,0,0,43,68,110,0,0,52,4,0,56,16,0,565,7,3,10.67,1,1,2.5,0.9,4,0.42,2,17,3,2.12,2,2,,,0,0,,,,5.59,4.38,10,,,6,9,0.638,0.333,6.927,58,2,10,1,kritik_gozx1,5,0,45,6,18,12,3,0,2,0,3,,0,0,0,0,0,0,0,0,0,0,0.667,0.956,0.511
24,Run50_KirilmaV1,Hız-alan + Ritim,bahcivan,standart,103,ödülsüz eş,8,,,22,21,0,0,0,1,16,6,0,0,0,40,108,110,0,0,62,0,0,64,16,0,548,8,3,11.33,1,1,2.41,0.9,4,0.42,2,18,3.11,2.19,3,,,,0,0,0,,,5.12,15.42,,,,7,10,0.673,0.3,7.052,64,3,13,1,kritik_gozx1,6,0,45,7,21,15,3,0,2,0,3,,0,0,0,0,0,0,0,0,0,0,0.7,0.889,0.489
24,Run50_KirilmaV1,Hız-alan + Ritim,bahcivan,standart,103,ödülsüz eş,9,,,21,19,0,0,0,2,16,2,3,0,0,59,167,110,0,0,42,12,0,56,28,0,545,9,3,11.33,1,1,2.41,0.9,4,0.42,2,18,3,2.14,2.5,3.67,,,0,0,0,,,6.37,14.46,16.88,,,8,11,0.704,0.273,6.911,72,1,14,1,kritik_gozx1,7,0,45,8,24,18,3,0,2,0,3,,0,0,0,0,0,0,0,0,0,0,0.727,1.311,0.467
24,Run50_KirilmaV1,Hız-alan + Ritim,bahcivan,standart,103,ödülsüz eş,10,,,19,16,1,0,0,2,15,4,0,0,0,34,201,110,34,16,50,0,0,57,28,0,448,10,3,11.33,1,1,2.41,0.935,4,0.42,2,18,2.83,1.77,3.67,,,,0,0,,,,2.79,16.07,,,,9,12,0.603,0.333,6.642,81,2,16,1,kritik_gozx1,5,0,45,9,27,21,3,0,2,0,3,,0,0,0,0,0,0,0,0,0,0,0.75,0.756,0.422
24,Run50_KirilmaV1,Hız-alan + Ritim,bahcivan,standart,103,ödülsüz eş,11,,,23,23,0,0,0,0,17,4,2,0,0,59,59,150,0,0,54,8,0,60,36,0,589,10,0,11.33,1,1,1.975,0.935,4,0.42,2,22,3.27,2.06,2.25,5.5,,,0,0,0,,,5.23,12.83,16.78,,,10,13,0.739,0.462,6.739,87,2,18,1,kritik_gozx1 hizli_bilekx1,6,0,45,9,27,24,3,0,2,0,3,,0,0,0,0,0,0,0,0,0,0,0.769,1.311,0.511
24,Run50_KirilmaV1,Hız-alan + Ritim,bahcivan,standart,103,ödülsüz eş,12,,,33,32,0,0,0,1,27,6,0,0,0,55,114,150,0,0,84,0,0,98,6,0,769,12,6,12.67,1,1,1.975,0.97,4,0.42,2,22,3.18,2.08,2,,,,0,0,0,,,6,4.6,,,,10,13,0.631,0.231,6.739,87,4,22,0,kritik_gozx1 hizli_bilekx1,8,0,45,11,33,24,3,0,2,0,3,,0,0,0,0,0,0,0,0,0,0,0.615,1.222,0.733
24,Run50_KirilmaV1,Hız-alan + Ritim,bahcivan,standart,103,ödülsüz eş,13,,,31,31,0,0,0,0,23,6,2,0,0,83,197,150,0,0,99,8,0,105,14,0,812,13,3,12.67,1,1,1.904,0.97,4,0.42,2,23,3.48,2.13,2.5,3,,,7,0,0,,,4.13,7.93,16.18,,,11,15,0.698,0.4,6.652,101,4,26,1,kritik_gozx1 hizli_bilekx1,8,0,45,12,36,30,3,0,2,0,3,,0,0,0,0,0,0,0,0,0,0,0.667,1.844,0.689
24,Run50_KirilmaV1,Hız-alan + Ritim,bahcivan,standart,103,ödülsüz eş,14,,,41,38,1,0,0,2,27,8,6,0,0,138,335,150,0,0,121,24,0,122,38,0,1135,14,3,13.33,1,1,1.904,1.005,6,0.42,2,23,5.09,1.92,2.75,4,,,12,0,0,,,3.26,10.95,10.79,,,12,17,0.659,0.412,6.716,114,3,29,1,kritik_gozx1 hizli_bilekx1,9,0,45,13,39,33,3,0,2,0,3,,0,0,0,0,0,0,0,0,0,0,0.647,3.067,0.911
24,Run50_KirilmaV1,Hız-alan + Ritim,bahcivan,standart,103,ödülsüz eş,15,,,47,44,0,0,0,3,35,9,3,0,0,133,468,150,133,30,159,12,0,168,20,0,1292,15,3,14,1,1,1.904,1.005,6,0.42,2,23,5.13,2.45,1.67,3,,,0,0,0,,,6.64,4.86,10.46,,,14,20,0.648,0.4,6.591,137,5,34,2,kritik_gozx1 hizli_bilekx1,11,0,45,14,42,36,3,0,2,0,3,,0,0,0,0,0,0,0,0,0,0,0.55,2.956,1.044
24,Run50_KirilmaV1,Hız-alan + Ritim,bahcivan,standart,103,ödülsüz eş,16,,,46,46,0,0,0,0,31,10,4,1,0,149,149,220,0,0,153,16,2,171,36,2,1632,17,6,14,1,1,1.904,1.327,6,0.42,2,23,5.65,2,3,3.5,6,,21,0,0,0,,5.1,11.8,24.75,19.03,,15,23,0.728,0.435,6.635,156,1,35,1,kritik_gozx1 hizli_bilekx1 genis_savurusx1,10,0,45,16,48,39,3,0,2,0,3,,0,0,0,0,0,0,0,0,0,0,0.609,3.311,1.022
24,Run50_KirilmaV1,Hız-alan + Ritim,bahcivan,standart,103,ödülsüz eş,17,,,49,45,0,0,0,4,37,10,1,1,0,118,267,220,0,0,171,4,2,173,15,4,2694,19,6,15.64,1,1,1.836,1.373,6,0.42,2,24,5.54,2.09,3.11,4,2,,0,0,0,0,,5.29,13.86,22.03,5.5,,16,24,0.717,0.542,6.425,168,8,43,1,kritik_gozx1 hizli_bilekx1 genis_savurusx1,9,0,45,18,54,45,3,0,2,0,3,,0,0,0,0,0,0,0,0,0,0,0.667,2.622,1.089
24,Run50_KirilmaV1,Hız-alan + Ritim,bahcivan,standart,103,ödülsüz eş,18,,,61,53,2,0,0,6,37,16,5,3,0,251,518,220,0,0,207,20,6,208,35,10,3072,21,6,18.13,1,1,1.836,1.373,6,0.42,2,24,5.88,1.93,2.47,1.4,3.67,,9,0,0,0,,4.95,7.83,3.67,23.24,,17,27,0.694,0.481,6.288,193,5,48,1,kritik_gozx1 hizli_bilekx1 genis_savurusx1,13,0,45,20,60,49,5,0,2,0,3,,0,0,0,0,0,0,0,0,0,0,0.704,5.578,1.356
24,Run50_KirilmaV1,Hız-alan + Ritim,bahcivan,standart,103,ödülsüz eş,19,,,56,53,1,0,0,2,40,13,2,1,0,171,689,220,0,0,198,10,2,211,45,12,2375,23,6,18.13,1,1,1.836,1.373,6,0.42,2,24,5.92,1.79,2.17,2,4,,14,0,0,0,,4.73,8.25,8.27,18.37,,19,31,0.749,0.613,5.957,234,5,53,2,kritik_gozx1 hizli_bilekx1 genis_savurusx1,10,0,45,22,66,49,11,0,2,0,3,,0,0,0,0,0,0,0,0,0,0,0.806,3.8,1.244
24,Run50_KirilmaV1,Hız-alan + Ritim,bahcivan,standart,103,ödülsüz eş,20,,,59,55,0,0,0,4,44,7,7,0,1,301,990,220,301,45,174,53,0,185,58,12,2204,24,3,18.13,1,1,1.778,1.373,6,0.42,2,25,5.24,1.76,2.43,2.29,,,11,0,0,0,,3.95,8.38,7.62,,,20,33,0.631,0.364,5.953,249,2,55,1,kritik_gozx1 hizli_bilekx1 genis_savurusx1,13,0,45,23,69,49,17,0,2,0,3,,0,0,0,0,0,0,0,0,0,0,0.697,6.689,1.311
24,Run50_KirilmaV1,Hız-alan + Ritim,bahcivan,standart,103,ödülsüz eş,21,,,68,60,3,0,0,5,39,22,2,2,3,1834,1834,300,0,0,339,10,12,354,43,24,4148,26,6,18.13,1,1,1.778,1.465,9,0.42,2,25,7.92,2.06,2.57,3,1,6,9,0,0,,0,6.74,9.74,13.33,0,18.66,22,39,0.754,0.538,5.918,297,2,57,3,kritik_gozx1 hizli_bilekx1 genis_savurusx1 nadir_tohumx1,15,0,45,25,75,49,20,0,2,0,3,,0,0,0,0,0,0,0,0,0,0,0.846,40.756,1.511
24,Run50_KirilmaV1,Hız-alan + Ritim,bahcivan,standart,103,ödülsüz eş,22,,,85,68,14,0,0,3,49,18,16,2,0,786,2620,300,0,0,255,80,4,255,123,28,4941,28,6,19.2,1,1,1.722,1.465,9,0.42,2,26,8.19,1.85,2.8,2.38,4,,15,0,0,0,,4.19,10.33,9.54,15.5,,23,42,0.742,0.524,5.897,321,4,61,1,kritik_gozx1 hizli_bilekx1 genis_savurusx1 nadir_tohumx1,17,0,45,27,81,49,26,0,2,0,3,,0,0,0,0,0,0,0,0,0,0,0.81,17.467,1.889
24,Run50_KirilmaV1,Hız-alan + Ritim,bahcivan,standart,103,ödülsüz eş,23,,,70,59,7,0,0,4,36,14,15,3,2,1184,3804,300,0,0,237,75,15,292,113,43,4046,30,6,19.2,1,1,1.722,1.465,9,0.42,2,26,8.31,1.87,3.08,3.42,4.67,6,9,0,0,0,0,4.43,12.06,12.05,21.81,24.11,21,44,0.799,0.636,5.734,345,3,64,3,kritik_gozx1 hizli_bilekx1 genis_savurusx1 nadir_tohumx1,13,0,45,29,87,49,32,0,2,0,3,,0,0,0,0,0,0,0,0,0,0,0.705,26.311,1.556
24,Run50_KirilmaV1,Hız-alan + Ritim,bahcivan,standart,103,ödülsüz eş,24,,,71,62,6,0,0,3,33,25,9,3,1,852,4656,300,0,0,294,45,6,316,75,29,3424,31,3,19.2,1,1,1.668,1.511,9,0.42,2,26,8.62,1.86,2.76,3.13,2.33,7,11,0,0,0,0,4.54,8.34,14.17,8.33,13.33,19,47,0.797,0.532,5.51,384,3,67,4,kritik_gozx1 hizli_bilekx1 genis_savurusx1 nadir_tohumx1,19,0,45,30,90,49,38,0,2,0,3,,0,0,0,0,0,0,0,0,0,0,0.957,18.933,1.578
24,Run50_KirilmaV1,Hız-alan + Ritim,bahcivan,standart,103,ödülsüz eş,25,,,83,66,6,0,0,11,43,25,12,1,2,1594,6250,300,1594,65,279,60,25,326,80,54,4676,32,3,20.27,1,1,1.668,1.577,9,0.42,2,26,8.88,1.97,2.17,2.4,1,3,2,0,0,,0,6.19,6.95,6,0,21.66,21,49,0.806,0.633,5.448,405,4,71,2,kritik_gozx1 hizli_bilekx1 genis_savurusx1 nadir_tohumx1,21,0,45,31,93,49,41,0,2,0,3,,0,0,0,0,0,0,0,0,0,0,0.959,35.422,1.844
24,Run50_KirilmaV1,Hız-alan + Ritim,bahcivan,standart,103,ödülsüz eş,26,,,90,65,17,0,0,8,44,23,18,3,2,1172,1172,500,0,0,315,130,9,364,222,43,5411,34,6,23.08,1,1,1.668,1.624,9,0.42,2,26,8.88,1.48,2.41,3.08,3.5,1,27,9,0,0,0,3.03,6.48,9.03,30.85,0,19,49,0.798,0.551,5.182,426,6,77,1,kritik_gozx1 hizli_bilekx1 genis_savurusx1 nadir_tohumx2,26,0,45,33,99,49,44,0,2,0,3,,0,0,0,0,0,0,0,0,0,0,0.878,26.044,2
24,Run50_KirilmaV1,Hız-alan + Ritim,bahcivan,standart,103,ödülsüz eş,27,,,94,68,10,0,0,16,42,24,18,8,2,2165,3337,500,0,0,315,130,24,329,164,47,8280,36,6,25.51,1,1,1.668,1.67,9,0.42,2,26,8.96,2,2.33,2.77,3.2,3,15,5,0,0,0,6,7.04,12.96,12.67,11.67,17,49,0.812,0.653,4.876,452,5,82,1,kritik_gozx1 hizli_bilekx1 genis_savurusx1 nadir_tohumx2,20,0,45,35,105,49,50,0,2,0,3,,0,0,0,0,0,0,0,0,0,0,0.878,48.111,2.089
24,Run50_KirilmaV1,Hız-alan + Ritim,bahcivan,standart,103,ödülsüz eş,28,,,97,73,7,0,0,17,36,24,25,10,2,2687,6024,500,0,0,252,172,42,271,271,89,6373,37,3,25.51,1,1,1.616,1.67,9,0.42,2,27,8.96,1.52,2.22,3.35,2.6,3,32,9,0,0,,3.96,9.43,10.75,12.93,21,17,49,0.813,0.612,4.834,456,2,84,0,kritik_gozx1 hizli_bilekx1 genis_savurusx1 nadir_tohumx2,21,0,45,36,108,49,56,0,2,0,3,,0,0,0,0,0,0,0,0,0,0,0.796,59.711,2.156
24,Run50_KirilmaV1,Hız-alan + Ritim,bahcivan,standart,103,ödülsüz eş,29,,,94,70,7,0,0,17,32,30,18,10,4,2943,8967,500,0,0,411,130,30,472,141,119,6793,38,3,25.51,1,1,1.616,1.736,9,0.42,2,27,9,1.84,2.43,2.21,3.5,2,28,0,0,0,0,6.6,7.39,10.16,11.72,9.68,17,49,0.823,0.694,4.687,470,2,86,0,kritik_gozx1 hizli_bilekx1 genis_savurusx1 nadir_tohumx2,18,0,45,37,111,49,59,0,2,0,3,,0,0,0,0,0,0,0,0,0,0,0.857,65.4,2.089
24,Run50_KirilmaV1,Hız-alan + Ritim,bahcivan,standart,103,ödülsüz eş,30,,,81,64,5,0,0,12,26,20,17,15,3,3903,12870,500,3903,100,198,171,45,255,287,64,6797,40,6,29.99,1,1,1.616,1.736,9,0.42,2,27,8.96,1.95,1.87,3.54,4.09,3.67,5,11,0,0,0,5.22,4.63,15.54,10.73,10.78,17,51,0.758,0.608,4.687,490,5,91,1,kritik_gozx1 hizli_bilekx1 genis_savurusx1 nadir_tohumx2,16,0,45,39,117,49,62,0,2,0,3,,0,0,0,0,0,0,0,0,0,0,0.765,86.733,1.8
24,Run50_KirilmaV1,Hız-alan + Ritim,bahcivan,standart,103,ödülsüz eş,31,,,125,87,18,0,0,20,56,30,20,13,6,4299,4299,1200,0,0,438,167,75,508,224,99,10345,42,6,31.35,1.25,1,1.616,1.736,9,0.42,2,27,9,1.47,2.1,2,3.1,2.4,36,20,0,0,0,2.92,5.77,6.57,15.03,14.54,18,59,0.795,0.593,4.659,570,4,95,3,kritik_gozx1 hizli_bilekx1 genis_savurusx1 nadir_tohumx2 keskin_bicakx1,23,0,45,41,123,55,62,0,2,0,3,,0,0,0,0,0,0,0,0,0,0,0.831,95.533,2.778
24,Run50_KirilmaV1,Hız-alan + Ritim,bahcivan,standart,103,ödülsüz eş,32,,,100,79,16,0,0,5,34,31,18,15,2,2560,6859,1200,0,0,390,144,48,518,288,57,5987,42,0,31.35,1.25,1,1.565,1.736,9,0.42,2,28,9,1.48,1.74,2.4,2.85,3,27,7,0,0,0,4.12,4.49,9.4,11.43,17.2,20,68,0.847,0.603,4.785,640,3,98,5,kritik_gozx1 hizli_bilekx1 genis_savurusx1 nadir_tohumx2 keskin_bicakx1,20,0,45,41,123,61,62,0,2,0,3,,0,0,0,0,0,0,0,0,0,0,0.897,56.889,2.222
24,Run50_KirilmaV1,Hız-alan + Ritim,bahcivan,standart,103,ödülsüz eş,33,,,112,85,14,0,0,13,40,33,19,15,5,4122,10981,1200,0,0,366,244,58,574,532,115,7181,44,6,31.35,1.25,1,1.565,1.736,9,0.42,2,28,9,1.63,1.92,2.15,2.54,3,31,19,0,0,0,3.5,6.88,7.71,9.15,17.22,23,74,0.855,0.743,4.92,677,1,99,3,kritik_gozx1 hizli_bilekx1 genis_savurusx1 nadir_tohumx2 keskin_bicakx1,23,0,45,43,129,61,62,0,2,0,3,,0,0,0,0,0,0,0,0,0,0,0.905,91.6,2.489
24,Run50_KirilmaV1,Hız-alan + Ritim,bahcivan,standart,103,ödülsüz eş,34,,,113,75,19,0,3,16,49,32,18,12,2,2394,13375,1200,0,0,339,174,62,503,386,112,5756,44,0,31.35,1.25,1,1.565,1.802,9,0.42,2,28,9,1.53,1.9,2.45,3.2,3,23,7,0,0,0,3.33,4.78,8.68,12.21,9.4,27,81,0.869,0.765,4.857,750,3,102,4,kritik_gozx1 hizli_bilekx1 genis_savurusx1 nadir_tohumx2 keskin_bicakx1,24,0,45,43,129,67,62,0,2,0,3,,0,0,0,0,0,0,0,0,0,0,0.864,53.2,2.511
24,Run50_KirilmaV1,Hız-alan + Ritim,bahcivan,standart,103,ödülsüz eş,35,,,102,73,21,0,0,8,29,29,26,15,3,3036,16411,1200,3036,220,264,272,82,332,358,114,6079,45,3,34.76,1.25,1,1.565,1.802,9,0.42,2,28,9,1.59,1.95,2.59,3,2.5,12,0,0,0,0,5.71,6.96,10.67,8.35,15.65,27,81,0.878,0.79,4.857,750,6,108,0,kritik_gozx1 hizli_bilekx1 genis_savurusx1 nadir_tohumx2 keskin_bicakx1,22,0,45,44,132,67,62,0,2,0,3,,0,0,0,0,0,0,0,0,0,0,0.938,67.467,2.267
24,Run50_KirilmaV1,Hız-alan + Ritim,bahcivan,standart,103,ödülsüz eş,36,,,125,86,22,0,0,17,51,31,32,8,3,3521,3521,2800,0,0,390,357,60,472,595,79,7751,46,3,36.27,1.25,1,1.565,1.802,9,0.42,2,28,9,1.36,2.13,2,2.43,2.67,36,6,0,0,0,1.52,7.08,5.15,12.97,5.22,27,81,0.861,0.691,4.808,758,5,113,0,kritik_gozx1 hizli_bilekx1 genis_savurusx1 nadir_tohumx3 keskin_bicakx1,28,0,45,45,135,70,62,0,2,0,3,,0,0,0,0,0,0,0,0,0,0,0.765,78.244,2.778
24,Run50_KirilmaV1,Hız-alan + Ritim,bahcivan,standart,103,ödülsüz eş,37,,,119,77,24,0,3,15,41,28,28,17,5,4669,8190,2800,0,0,387,290,145,459,325,224,7205,47,3,38.28,1.25,1,1.516,1.802,9,0.42,2,29,9,1.56,2.16,2.78,1.7,3,28,5,0,0,0,3.76,8.7,9.77,3.18,8.09,27,81,0.863,0.741,4.808,758,2,115,0,kritik_gozx1 hizli_bilekx1 genis_savurusx1 nadir_tohumx3 keskin_bicakx1,27,0,45,46,138,73,62,0,2,0,3,,0,0,0,0,0,0,0,0,0,0,0.84,103.756,2.644
24,Run50_KirilmaV1,Hız-alan + Ritim,bahcivan,standart,103,ödülsüz eş,38,,,122,86,20,0,1,15,42,39,29,10,2,3516,11706,2800,0,0,406,328,70,625,353,184,7776,48,3,38.28,1.25,1,1.516,1.802,9,0.42,2,29,9,1.38,1.74,2.33,2.71,4,39,4,0,0,0,2.2,4.45,8.09,9.1,21.2,27,81,0.858,0.667,4.762,765,3,118,0,kritik_gozx1 hizli_bilekx1 genis_savurusx1 nadir_tohumx3 keskin_bicakx1,28,0,45,47,141,76,62,0,2,0,3,,0,0,0,0,0,0,0,0,0,0,0.864,78.133,2.711
24,Run50_KirilmaV1,Hız-alan + Ritim,bahcivan,standart,103,ödülsüz eş,39,,,93,74,14,0,1,4,27,25,22,17,2,4718,16424,2800,0,0,308,242,106,333,595,165,5643,49,3,38.28,1.25,1,1.516,1.868,9,0.42,2,29,9,1.67,2.14,2.06,2.85,3,24,6,0,0,0,2.96,6.48,6.06,8.39,7.58,27,81,0.891,0.802,4.762,765,3,121,0,kritik_gozx1 hizli_bilekx1 genis_savurusx1 nadir_tohumx3 keskin_bicakx1,18,0,45,48,144,79,62,0,2,0,3,,0,0,0,0,0,0,0,0,0,0,0.889,104.844,2.067
24,Run50_KirilmaV1,Hız-alan + Ritim,bahcivan,standart,103,ödülsüz eş,40,,,70,58,9,0,0,3,24,23,12,9,2,1919,18343,2800,1919,500,285,132,76,388,347,101,4037,49,0,42.03,1.25,1,1.516,1.868,9,0.42,2,29,6,1.7,2,2.8,2.83,2.5,12,13,0,0,0,3.11,8.11,7.73,16.43,3.79,27,81,0.922,0.852,4.642,785,3,124,0,kritik_gozx1 hizli_bilekx1 genis_savurusx1 nadir_tohumx3 keskin_bicakx1,14,0,45,48,144,81,63,0,2,0,3,,0,0,0,0,0,0,0,0,0,0,0.877,42.644,1.556
24,Run50_KirilmaV1,Hız-alan + Ritim,bahcivan,standart,103,ödülsüz eş,41,,,119,84,20,0,1,14,38,33,23,18,7,7586,7586,4500,0,0,511,295,174,899,642,275,9820,50,3,42.03,1.563,1,1.516,1.868,9,0.42,2,29,9,1.54,1.96,2.05,2.55,2.75,32,12,0,0,0,3.79,4.11,5.67,7.03,4.17,27,81,0.864,0.716,4.642,785,0,124,0,kritik_gozx1 hizli_bilekx1 genis_savurusx1 nadir_tohumx3 keskin_bicakx2,25,0,45,49,147,81,63,0,2,0,3,,0,0,0,0,0,0,0,0,0,0,0.951,168.578,2.644
24,Run50_KirilmaV1,Hız-alan + Ritim,bahcivan,standart,103,ödülsüz eş,42,,,120,82,23,0,0,15,50,22,28,19,1,3517,11103,4500,0,0,409,336,114,568,978,234,7671,51,3,42.03,1.563,1,1.468,1.868,9,0.42,2,30,9,1.38,2.18,2.18,2.47,2,25,0,0,0,0,2.34,4.93,6.91,7.83,7.33,27,81,0.867,0.741,4.628,788,3,127,0,kritik_gozx1 hizli_bilekx1 genis_savurusx1 nadir_tohumx3 keskin_bicakx2,22,0,45,50,150,81,66,0,2,0,3,,0,0,0,0,0,0,0,0,0,0,0.889,78.156,2.667
24,Run50_KirilmaV1,Hız-alan + Ritim,bahcivan,standart,103,ödülsüz eş,43,,,130,91,25,0,1,13,42,40,24,20,4,4728,15831,4500,0,0,558,390,150,766,648,214,8891,52,3,44.25,1.563,1,1.468,1.934,9,0.42,2,30,9,1.48,1.64,2.33,2.71,2.67,28,21,0,0,0,2.93,4,10.84,8.89,11.73,27,81,0.857,0.741,4.628,788,3,130,0,kritik_gozx1 hizli_bilekx1 genis_savurusx1 nadir_tohumx3 keskin_bicakx2,24,0,45,51,153,81,69,0,2,0,3,,0,0,0,0,0,0,0,0,0,0,0.852,105.067,2.889
24,Run50_KirilmaV1,Hız-alan + Ritim,bahcivan,standart,103,ödülsüz eş,44,,,123,95,13,0,3,12,40,41,26,10,6,4878,20709,4500,0,0,667,357,84,1163,1005,298,7362,53,3,48.2,1.563,1,1.468,1.934,9,0.42,2,30,9,1.45,1.74,1.79,3.38,2.17,32,6,0,0,0,3.27,3.93,4.25,10.45,8.8,27,81,0.858,0.753,4.598,793,1,131,0,kritik_gozx1 hizli_bilekx1 genis_savurusx1 nadir_tohumx3 keskin_bicakx2,23,0,45,52,156,81,72,0,2,0,3,,0,0,0,0,0,0,0,0,0,0,0.901,108.4,2.733
24,Run50_KirilmaV1,Hız-alan + Ritim,bahcivan,standart,103,ödülsüz eş,45,,,114,82,22,0,0,10,40,33,22,15,4,3824,24533,4500,3824,800,602,309,90,915,514,388,7122,53,0,48.2,1.563,1,1.422,1.934,9,0.42,2,31,9,1.59,2.41,2.22,2,2.25,24,13,0,0,0,2.42,5.3,6.71,6.21,4.98,27,81,0.878,0.741,4.584,795,3,134,0,kritik_gozx1 hizli_bilekx1 genis_savurusx1 nadir_tohumx3 keskin_bicakx2,22,0,45,52,156,81,75,0,2,0,3,,0,0,0,0,0,0,0,0,0,0,0.864,84.978,2.533
24,Run50_KirilmaV1,Hız-alan + Ritim,bahcivan,standart,103,ödülsüz eş,46,,,171,136,18,0,0,17,58,47,34,23,9,8719,8719,6000,0,0,810,657,162,825,811,550,10967,54,3,48.2,2.5,1,1.422,2,9,0.437,2,31,9,1.15,1.48,1.87,2,2.5,69,30,4,10,0,0.69,2.52,7.23,7.58,8.88,27,81,0.817,0.679,4.584,795,4,138,0,kritik_gozx1 hizli_bilekx1 genis_savurusx1 nadir_tohumx3 keskin_bicakx2 canavar_kesimix1,31,0,45,53,159,81,75,0,2,0,3,,0,0,0,0,0,0,0,0,0,0,0.802,193.756,3.8
24,Run50_KirilmaV1,Hız-alan + Ritim,bahcivan,standart,103,ödülsüz eş,47,,,176,130,30,0,0,16,64,44,34,26,8,9165,17884,6000,0,0,852,588,156,1377,959,706,12412,55,3,52.15,2.5,1,1.422,2,9,0.437,2,31,9,1.18,1.53,1.62,2.15,2.5,70,29,7,0,0,1.39,2.37,3.83,7.68,9.26,27,81,0.814,0.654,4.469,816,2,140,0,kritik_gozx1 hizli_bilekx1 genis_savurusx1 nadir_tohumx3 keskin_bicakx2 canavar_kesimix1,33,0,45,54,162,81,78,0,2,0,3,,0,0,0,0,0,0,0,0,0,0,0.778,203.667,3.911
24,Run50_KirilmaV1,Hız-alan + Ritim,bahcivan,standart,103,ödülsüz eş,48,,,184,139,22,0,1,22,56,53,43,28,4,6990,24874,6000,0,0,726,630,192,1153,699,898,13057,56,3,54.76,2.5,1,1.377,2,9,0.437,2,32,9,1.12,1.6,1.75,2.1,3,69,26,11,0,0,0.39,3.74,4.95,6.75,14.22,27,81,0.806,0.667,4.448,819,3,143,0,kritik_gozx1 hizli_bilekx1 genis_savurusx1 nadir_tohumx3 keskin_bicakx2 canavar_kesimix1,34,0,45,55,165,81,81,0,2,0,3,,0,0,0,0,0,0,0,0,0,0,0.852,155.333,4.089
24,Run50_KirilmaV1,Hız-alan + Ritim,bahcivan,standart,103,ödülsüz eş,49,,,215,169,22,0,3,21,74,47,50,32,12,9771,34645,6000,0,0,1002,792,270,1060,1061,1168,16587,57,3,54.76,2.5,1,1.377,2.066,12,0.453,2,32,11.75,1.28,1.75,1.95,2.04,2.33,58,15,8,8,0,1.59,4.86,6.03,6.77,7.19,27,81,0.783,0.642,4.432,822,4,147,0,kritik_gozx1 hizli_bilekx1 genis_savurusx1 nadir_tohumx3 keskin_bicakx2 canavar_kesimix1,35,0,45,56,168,81,84,0,2,0,3,,0,0,0,0,0,0,0,0,0,0,0.753,217.133,4.778
24,Run50_KirilmaV1,Hız-alan + Ritim,bahcivan,standart,103,ödülsüz eş,50,,,242,186,37,0,6,13,89,68,51,30,4,7400,42045,6000,0,0,1098,624,216,1418,1175,1384,15020,59,6,58.9,2.5,1,1.377,2.066,12,0.453,2,32,11.84,1.19,1.46,1.88,2.29,2.33,67,40,6,0,0,0.77,3.07,4.8,7.42,3.67,27,81,0.762,0.568,4.305,847,3,150,0,kritik_gozx1 hizli_bilekx1 genis_savurusx1 nadir_tohumx3 keskin_bicakx2 canavar_kesimix1,40,0,45,58,174,81,87,0,2,0,3,,0,0,0,0,0,0,0,0,0,0,0.716,164.444,5.378
24,Run50_KirilmaV1,Hız-alan + Ritim,bahcivan,standart,103,ödülsüz eş,50,KAZANDI
24,Run50_KirilmaV1,Hız-alan + Ritim,bahcivan,standart,103,LAB R15 A ödülsüz #1,15,,,42,38,3,0,0,1,31,8,2,1,0,167,167,150,167,30,141,8,2,221,8,2,1182,3,6,14,1,1,1.904,1.005,6,0.42,2,23,5.3,2.24,3.17,3.5,2,,21,8,0,0,,5.25,10.8,6.65,3.8,,14,20,0.729,0.6,6.591,137,0,0,0,kritik_gozx1 hizli_bilekx1,8,0,45,2,6,0,0,0,0,0,15,,0,0,0,0,0,0,0,0,0,0,0.65,3.711,0.933
24,Run50_KirilmaV1,Hız-alan + Ritim,bahcivan,standart,103,LAB R15 B +hasat_ritmi #1,15,,,45,40,1,0,0,4,35,6,3,1,0,139,139,150,139,30,141,12,2,221,12,2,1247,4,9,14,1,1,1.904,1.005,6,0.42,2,23,5.35,2.13,2.8,2.33,3,,12,0,0,0,,5.65,9.51,5.71,11.44,,14,20,0.694,0.35,6.591,137,0,0,0,kritik_gozx1 hizli_bilekx1 hasat_ritmix1,12,0,45,3,9,0,0,0,0,0,15,,0,0,0,0,0,4,4,0,0,0,0.8,3.089,1
24,Run50_KirilmaV1,Hız-alan + Ritim,bahcivan,standart,103,LAB R15 A ödülsüz #2,15,,,41,38,0,0,0,3,29,8,4,0,0,124,124,150,124,30,135,16,0,215,16,0,1171,3,6,14,1,1,1.904,1.005,6,0.42,2,23,5.26,2.15,3.29,4.25,,,24,0,0,,,5.64,10.61,15.23,,,14,20,0.725,0.45,6.591,137,0,0,0,kritik_gozx1 hizli_bilekx1,11,0,45,2,6,0,0,0,0,0,15,,0,0,0,0,0,0,0,0,0,0,0.75,2.756,0.911
24,Run50_KirilmaV1,Hız-alan + Ritim,bahcivan,standart,103,LAB R15 B +hasat_ritmi #2,15,,,53,49,3,0,0,1,44,8,0,1,0,141,141,150,141,30,180,0,2,260,0,2,1401,4,9,14,1,1,1.904,1.005,6,0.42,2,23,5.48,1.98,2.86,,4,,23,0,0,0,,4.69,10.6,,15.23,,14,20,0.658,0.45,6.591,137,0,0,0,kritik_gozx1 hizli_bilekx1 hasat_ritmix1,11,0,45,3,9,0,0,0,0,0,15,,0,0,0,0,0,5,5,0,0,0,0.5,3.133,1.178
24,Run50_KirilmaV1,Hız-alan + Ritim,bahcivan,standart,103,LAB R15 A ödülsüz #3,15,,,42,39,0,0,0,3,31,9,1,1,0,119,119,150,119,30,147,4,2,227,4,2,1169,3,6,14,1,1,1.904,1.005,6,0.42,2,23,5.3,2.07,3.13,4,4,,19,0,0,0,,4.46,11.89,22.84,11.44,,14,20,0.709,0.35,6.591,137,0,0,0,kritik_gozx1 hizli_bilekx1,11,0,45,2,6,0,0,0,0,0,15,,0,0,0,0,0,0,0,0,0,0,0.7,2.644,0.933
24,Run50_KirilmaV1,Hız-alan + Ritim,bahcivan,standart,103,LAB R15 B +hasat_ritmi #3,15,,,51,48,1,0,0,2,37,8,6,0,0,165,165,150,165,30,159,24,0,239,24,0,1451,4,9,14,1,1,1.904,1.005,6,0.42,2,23,5.48,1.85,3.13,3.67,,,28,10,0,,,4.26,7.37,11.11,,,14,20,0.67,0.3,6.591,137,0,0,0,kritik_gozx1 hizli_bilekx1 hasat_ritmix1,14,0,45,3,9,0,0,0,0,0,15,,0,0,0,0,0,4,4,0,0,0,0.6,3.667,1.133
24,Run50_KirilmaV1,Hız-alan + Ritim,bahcivan,standart,103,LAB R25 A ödülsüz #1,25,,,89,71,7,0,0,11,45,29,12,3,0,985,985,300,985,65,309,60,9,389,60,9,5659,12,33,20.27,1,1,1.668,1.577,9,0.42,2,26,8.92,1.97,2.33,2.29,4,,33,6,12,0,0,5.95,7.99,11.67,22.23,,21,49,0.803,0.531,5.448,405,0,0,0,kritik_gozx1 hizli_bilekx1 genis_savurusx1 nadir_tohumx1,26,0,45,11,33,0,0,0,0,0,25,,0,0,0,0,0,0,0,0,0,0,0.776,21.889,1.978
24,Run50_KirilmaV1,Hız-alan + Ritim,bahcivan,standart,103,LAB R25 B +hasat_ritmi #1,25,,,107,85,5,0,0,17,52,30,21,4,0,1600,1600,300,1600,65,336,105,12,416,105,12,5571,11,30,20.27,1,1,1.668,1.577,9,0.42,2,26,9.62,1.76,2,2.89,2.33,,40,37,8,0,0,5.37,5.91,9.13,12.78,,21,49,0.759,0.347,5.448,405,0,0,0,kritik_gozx1 hizli_bilekx1 genis_savurusx1 nadir_tohumx1 hasat_ritmix1,39,0,45,10,30,0,0,0,0,0,25,,0,0,0,0,0,7,7,0,0,0,0.837,35.556,2.378
24,Run50_KirilmaV1,Hız-alan + Ritim,bahcivan,standart,103,LAB R25 sinerji A ödülsüz #1,25,,,138,119,10,0,0,9,72,38,20,7,1,1457,1457,300,1457,65,489,100,21,569,100,21,6815,13,36,20.27,1,1,1.205,2.082,12,0.42,2,37,10.49,2.18,2.68,3.33,5.75,3,22,23,17,0,0,4.28,5.88,9.24,10.86,9.63,21,49,0.703,0.388,5.448,405,0,0,0,kritik_gozx1 hizli_bilekx3 genis_savurusx2 nadir_tohumx1,35,0,45,12,36,0,0,0,0,0,25,,0,0,0,0,0,0,0,0,0,0,0.714,32.378,3.067
24,Run50_KirilmaV1,Hız-alan + Ritim,bahcivan,standart,103,LAB R25 sinerji B +hasat_ritmi #1,25,,,169,146,13,0,0,10,85,46,27,9,2,2263,2263,300,2263,65,576,155,27,656,155,27,9184,16,45,20.27,1,1,1.205,2.082,12,0.42,2,37,11.57,2.1,2.26,3.1,3.11,5.5,23,26,10,0,0,3.68,3.73,7.92,8.17,15.66,21,49,0.654,0.265,5.448,405,0,0,0,kritik_gozx1 hizli_bilekx3 genis_savurusx2 nadir_tohumx1 hasat_ritmix1,38,0,45,15,45,0,0,0,0,0,25,,0,0,0,0,0,11,11,0,0,0,0.51,50.289,3.756
24,Run50_KirilmaV1,Hız-alan + Ritim,bahcivan,standart,103,LAB R25 A ödülsüz #2,25,,,93,73,8,0,0,12,50,29,12,2,0,967,967,300,967,65,324,60,6,404,60,6,4276,9,24,20.27,1,1,1.668,1.577,9,0.42,2,26,8.92,1.78,2.77,2.13,1,,30,20,17,0,0,4.76,8.04,7.92,0,,21,49,0.794,0.49,5.448,405,0,0,0,kritik_gozx1 hizli_bilekx1 genis_savurusx1 nadir_tohumx1,28,0,45,8,24,0,0,0,0,0,25,,0,0,0,0,0,0,0,0,0,0,0.735,21.489,2.067
24,Run50_KirilmaV1,Hız-alan + Ritim,bahcivan,standart,103,LAB R25 B +hasat_ritmi #2,25,,,99,70,12,0,0,17,50,29,18,2,0,1036,1036,300,1036,65,324,90,6,404,90,6,5992,12,33,20.27,1,1,1.668,1.577,9,0.42,2,26,9.42,2.03,2.22,2.42,4.5,,31,7,16,0,0,5.97,7.69,8.34,16.68,,21,49,0.78,0.51,5.448,405,0,0,0,kritik_gozx1 hizli_bilekx1 genis_savurusx1 nadir_tohumx1 hasat_ritmix1,25,0,45,11,33,0,0,0,0,0,25,,0,0,0,0,0,7,6,0,0,0,0.878,23.022,2.2
24,Run50_KirilmaV1,Hız-alan + Ritim,bahcivan,standart,103,LAB R25 sinerji A ödülsüz #2,25,,,127,104,12,0,0,11,66,30,21,9,1,1958,1958,300,1958,65,378,105,38,458,105,38,7577,14,39,20.27,1,1,1.205,2.082,12,0.42,2,37,10.43,2.2,2.52,3.94,5.33,6,29,13,0,0,0,4.18,4.92,12.83,15.47,14.47,21,49,0.727,0.388,5.448,405,0,0,0,kritik_gozx1 hizli_bilekx3 genis_savurusx2 nadir_tohumx1,35,0,45,13,39,0,0,0,0,0,25,,0,0,0,0,0,0,0,0,0,0,0.735,43.511,2.822
24,Run50_KirilmaV1,Hız-alan + Ritim,bahcivan,standart,103,LAB R25 sinerji B +hasat_ritmi #2,25,,,157,131,5,0,0,21,73,47,27,9,1,2937,2937,300,2937,65,546,135,27,626,135,27,10240,17,48,20.27,1,1,1.205,2.082,12,0.42,2,37,11.27,2.1,2.49,3.23,3.5,7,23,14,15,0,0,3.5,4.92,6.84,6.48,20.5,21,49,0.663,0.265,5.448,405,0,0,0,kritik_gozx1 hizli_bilekx3 genis_savurusx2 nadir_tohumx1 hasat_ritmix1,39,0,45,16,48,0,0,0,0,0,25,,0,0,0,0,0,11,10,0,0,0,0.673,65.267,3.489
24,Run50_KirilmaV1,Hız-alan + Ritim,bahcivan,standart,103,LAB R25 A ödülsüz #3,25,,,84,64,6,0,0,14,45,20,14,4,1,1264,1264,300,1264,65,255,90,12,335,90,12,6353,12,33,20.27,1,1,1.668,1.577,9,0.42,2,26,8.88,1.92,2.36,2.63,2.67,,33,4,0,0,0,4.19,10.96,8.76,8.34,,21,49,0.811,0.592,5.448,405,0,0,0,kritik_gozx1 hizli_bilekx1 genis_savurusx1 nadir_tohumx1,21,0,45,11,33,0,0,0,0,0,25,,0,0,0,0,0,0,0,0,0,0,0.898,28.089,1.867
24,Run50_KirilmaV1,Hız-alan + Ritim,bahcivan,standart,103,LAB R25 B +hasat_ritmi #3,25,,,99,81,4,0,0,14,58,20,15,4,2,2152,2152,300,2152,65,339,95,12,419,95,12,6225,12,33,20.27,1,1,1.668,1.577,9,0.42,2,26,9.62,1.93,1.88,2.6,2.25,1.5,31,30,14,0,0,5.2,5.1,10.67,10.85,3.33,21,49,0.779,0.327,5.448,405,0,0,0,kritik_gozx1 hizli_bilekx1 genis_savurusx1 nadir_tohumx1 hasat_ritmix1,34,0,45,11,33,0,0,0,0,0,25,,0,0,0,0,0,8,7,0,0,0,0.878,47.822,2.2
24,Run50_KirilmaV1,Hız-alan + Ritim,bahcivan,standart,103,LAB R25 sinerji A ödülsüz #3,25,,,128,106,7,0,0,15,68,30,19,10,1,1959,1959,300,1959,65,384,115,30,464,115,30,6289,12,33,20.27,1,1,1.205,2.082,12,0.42,2,37,10.46,2.02,3.13,3,4.14,2,27,3,14,0,0,3.86,7.28,4.89,14.98,10.84,21,49,0.722,0.327,5.448,405,0,0,0,kritik_gozx1 hizli_bilekx3 genis_savurusx2 nadir_tohumx1,36,0,45,11,33,0,0,0,0,0,25,,0,0,0,0,0,0,0,0,0,0,0.755,43.533,2.844
24,Run50_KirilmaV1,Hız-alan + Ritim,bahcivan,standart,103,LAB R25 sinerji B +hasat_ritmi #3,25,,,163,143,6,0,0,14,76,47,23,14,3,3735,3735,300,3735,65,555,135,53,635,135,53,12271,18,51,20.27,1,1,1.205,2.082,12,0.42,2,37,11.76,1.97,2.68,3,3.25,3.5,29,8,8,0,0,2.51,5.45,5.72,5.93,5.41,21,49,0.667,0.224,5.448,405,0,0,0,kritik_gozx1 hizli_bilekx3 genis_savurusx2 nadir_tohumx1 hasat_ritmix1,42,0,45,17,51,0,0,0,0,0,25,,0,0,0,0,0,11,11,0,0,0,0.612,83,3.622
24,Run50_KirilmaV1,Hız-alan + Ritim,bahcivan,standart,103,LAB R40 A ödülsüz #1,40,,,99,67,22,0,2,8,35,35,20,7,2,3600,3600,2800,3600,500,402,220,64,482,220,64,5552,11,30,42.03,1.25,1,1.516,1.868,9,0.42,2,29,6,1.73,1.8,2.08,1.83,1,27,45,27,30,25,3.37,3.69,5.48,4.55,0,27,81,0.892,0.63,4.642,785,0,0,0,kritik_gozx1 hizli_bilekx1 genis_savurusx1 nadir_tohumx3 keskin_bicakx1,38,0,45,10,30,0,0,0,0,0,40,,0,0,0,0,0,0,0,0,0,0,0.877,80,2.2
24,Run50_KirilmaV1,Hız-alan + Ritim,bahcivan,standart,103,LAB R40 B +hasat_ritmi #1,40,,,133,91,29,0,1,12,46,37,30,17,3,3532,3532,2800,3532,500,449,414,102,529,414,102,7715,14,39,42.03,1.25,1,1.516,1.868,9,0.42,2,29,7.45,1.52,1.75,2.23,2.33,2,44,44,33,39,33,2.64,3.95,6.68,5.18,6.83,27,81,0.858,0.506,4.642,785,0,0,0,kritik_gozx1 hizli_bilekx1 genis_savurusx1 nadir_tohumx3 keskin_bicakx1 hasat_ritmix1,47,0,45,13,39,0,0,0,0,0,40,,0,0,0,0,0,7,7,0,0,0,0.914,78.489,2.956
24,Run50_KirilmaV1,Hız-alan + Ritim,bahcivan,standart,103,LAB R40 A ödülsüz #2,40,,,106,64,21,0,0,21,38,36,18,11,3,3302,3302,2800,3302,500,470,198,88,550,198,88,6021,12,33,42.03,1.25,1,1.516,1.868,9,0.42,2,29,6,1.52,1.86,2,3,1.5,37,35,37,30,50,1.84,4.19,4.55,9.31,0.75,27,81,0.89,0.617,4.642,785,0,0,0,kritik_gozx1 hizli_bilekx1 genis_savurusx1 nadir_tohumx3 keskin_bicakx1,39,0,45,11,33,0,0,0,0,0,40,,0,0,0,0,0,0,0,0,0,0,0.84,73.378,2.356
24,Run50_KirilmaV1,Hız-alan + Ritim,bahcivan,standart,103,LAB R40 B +hasat_ritmi #2,40,,,135,85,29,0,2,19,50,40,23,21,1,4045,4045,2800,4045,500,430,295,126,510,295,126,7624,14,39,42.03,1.25,1,1.516,1.868,9,0.42,2,29,7.41,1.4,1.59,2,2.46,,56,49,26,22,0,2.42,3.35,4.2,6.88,,27,81,0.853,0.543,4.642,785,0,0,0,kritik_gozx1 hizli_bilekx1 genis_savurusx1 nadir_tohumx3 keskin_bicakx1 hasat_ritmix1,43,0,45,13,39,0,0,0,0,0,40,,0,0,0,0,0,7,7,0,0,0,0.889,89.889,3
24,Run50_KirilmaV1,Hız-alan + Ritim,bahcivan,standart,103,LAB R40 A ödülsüz #3,40,,,99,57,25,0,2,15,36,31,15,13,4,4612,4612,2800,4612,500,377,291,78,457,291,78,5710,12,33,42.03,1.25,1,1.516,1.868,9,0.42,2,29,6,1.52,1.8,2.5,2,3,56,48,18,36,13,2.09,3.26,7.83,4.55,12.62,27,81,0.887,0.556,4.642,785,0,0,0,kritik_gozx1 hizli_bilekx1 genis_savurusx1 nadir_tohumx3 keskin_bicakx1,44,0,45,11,33,0,0,0,0,0,40,,0,0,0,0,0,0,0,0,0,0,0.963,102.489,2.2
24,Run50_KirilmaV1,Hız-alan + Ritim,bahcivan,standart,103,LAB R40 B +hasat_ritmi #3,40,,,135,92,25,0,2,16,45,41,32,15,2,3907,3907,2800,3907,500,422,352,134,502,352,134,7804,14,39,42.03,1.25,1,1.516,1.868,9,0.42,2,29,7.45,1.38,1.72,1.95,2.64,1,57,48,32,19,67,1.99,3.45,4.54,8.54,0,27,81,0.854,0.481,4.642,785,0,0,0,kritik_gozx1 hizli_bilekx1 genis_savurusx1 nadir_tohumx3 keskin_bicakx1 hasat_ritmix1,42,0,45,13,39,0,0,0,0,0,40,,0,0,0,0,0,8,7,0,0,0,0.926,86.822,3
25,Run50_KirilmaV1,Hız-alan + Ritim,bahcivan,standart,104,ödülsüz eş,1,,,13,13,0,0,0,0,11,2,0,0,0,17,17,45,0,0,30,0,0,30,0,0,280,1,0,10,1,1,3,0.9,4,0.3,2,13,2.23,2.09,2.5,,,,9,0,,,,3.27,4.5,,,,2,4,0.358,0,8,23,0,0,2,,4,0.231,45,0,0,0,0,0,0,0,0,,0,0,0,0,0,0,0,0,0,0,0.75,0.378,0.289
25,Run50_KirilmaV1,Hız-alan + Ritim,bahcivan,standart,104,ödülsüz eş,2,,,11,11,0,0,0,0,6,2,3,0,0,42,59,45,0,0,20,12,0,23,12,0,300,2,3,10,1,1,2.892,0.9,4,0.3,2,15,2.73,2.5,2.5,4,,,0,0,0,,,4.83,4.35,11.57,,,3,5,0.573,0.2,8,28,1,1,1,,3,0,45,1,3,0,0,0,0,0,0,,0,0,0,0,0,0,0,0,0,0,0.8,0.933,0.244
25,Run50_KirilmaV1,Hız-alan + Ritim,bahcivan,standart,104,ödülsüz eş,3,,,18,17,1,0,0,0,12,4,2,0,0,44,103,45,0,0,40,8,0,43,20,0,440,3,3,10,1,1,2.689,0.9,4,0.3,2,16,2.44,1.91,2.5,2.5,,,0,0,0,,,2.69,5.38,5.38,,,3,5,0.414,0,8,28,2,3,0,,4,0.058,45,2,6,3,0,0,2,0,3,,0,0,0,0,0,0,0,0,0,0,0.4,0.978,0.4
25,Run50_KirilmaV1,Hız-alan + Ritim,bahcivan,standart,104,ödülsüz eş,4,,,17,13,4,0,0,0,14,3,0,0,0,27,130,45,0,0,40,0,0,43,20,0,388,4,3,10,1,1,2.689,0.9,4,0.3,2,16,2.69,2.45,2,,,,0,0,,,,6.84,8.07,,,,4,7,0.528,0.286,8,39,0,3,1,,4,0,45,3,9,6,0,0,2,0,3,,0,0,0,0,0,0,0,0,0,0,0.286,0.6,0.378
25,Run50_KirilmaV1,Hız-alan + Ritim,bahcivan,standart,104,ödülsüz eş,5,,,18,17,1,0,0,0,13,4,1,0,0,39,169,45,39,8,42,4,0,45,24,0,467,5,3,10,1,1,2.689,0.9,4,0.3,2,16,3.44,2.31,2.67,3,,,0,0,0,,,7.24,8.96,8.07,,,6,9,0.627,0.111,7.836,52,0,3,2,,6,0.036,45,4,12,9,0,0,2,0,3,,0,0,0,0,0,0,0,0,0,0,0.889,0.867,0.4
25,Run50_KirilmaV1,Hız-alan + Ritim,bahcivan,standart,104,ödülsüz eş,6,,,25,21,4,0,0,0,15,8,2,0,0,72,72,110,0,0,62,8,0,64,32,0,754,7,6,11.33,1,1,2.592,1.188,6,0.3,2,17,3.71,1.58,2.86,3,,,14,0,0,,,2.38,6.3,6.5,,,6,9,0.52,0,7.644,53,6,9,0,genis_savurusx1,7,0.116,45,6,18,9,3,0,2,0,3,,0,0,0,0,0,0,0,0,0,0,1,1.6,0.556
25,Run50_KirilmaV1,Hız-alan + Ritim,bahcivan,standart,104,ödülsüz eş,7,,,29,22,7,0,0,0,19,8,2,0,0,72,144,110,0,0,78,8,0,78,40,0,853,8,3,11.33,1,1,2.5,1.188,6,0.3,2,17,3.65,2,2.83,2,,,0,0,,,,3.75,5.42,3.75,,,6,9,0.495,0.111,7.524,54,4,13,0,genis_savurusx1,8,0.038,45,7,21,9,9,0,2,0,3,,0,0,0,0,0,0,0,0,0,0,0.333,1.6,0.644
25,Run50_KirilmaV1,Hız-alan + Ritim,bahcivan,standart,104,ödülsüz eş,8,,,31,26,5,0,0,0,23,7,1,0,0,65,209,110,0,0,81,4,0,83,44,0,854,10,6,11.33,1,1,2.41,1.188,6,0.3,2,18,4.39,2.14,3,2,,,4,0,0,,,5.51,5.43,7.23,,,8,12,0.576,0.25,7.12,76,1,14,2,genis_savurusx1,7,0,45,9,27,12,9,0,2,0,3,,0,0,0,0,0,0,0,0,0,0,0.667,1.444,0.689
25,Run50_KirilmaV1,Hız-alan + Ritim,bahcivan,standart,104,ödülsüz eş,9,,,29,28,1,0,0,0,24,2,3,0,0,68,277,110,0,0,58,12,0,71,56,0,771,11,3,11.33,1,1,2.41,1.188,6,0.3,2,18,4.5,1.91,3.5,3.67,,,13,0,0,0,,4.4,18.07,8.82,,,9,14,0.653,0.286,6.864,92,1,15,1,genis_savurusx1,9,0,45,10,30,18,9,0,2,0,3,,0,0,0,0,0,0,0,0,0,0,0.929,1.511,0.644
25,Run50_KirilmaV1,Hız-alan + Ritim,bahcivan,standart,104,ödülsüz eş,10,,,31,29,2,0,0,0,17,11,2,1,0,119,396,110,119,16,89,8,2,98,64,2,938,12,3,11.33,1,1,2.41,1.234,6,0.3,2,18,4.33,2.25,2.8,2.5,1,,0,0,0,,,5.87,7.71,7.21,0,,10,15,0.529,0.267,6.788,99,3,18,1,genis_savurusx1,9,0,45,11,33,21,9,0,2,0,3,,0,0,0,0,0,0,0,0,0,0,0.333,2.644,0.689
25,Run50_KirilmaV1,Hız-alan + Ritim,bahcivan,standart,104,ödülsüz eş,11,,,32,29,3,0,0,0,19,8,5,0,0,115,115,150,0,0,78,20,0,86,84,2,967,13,3,11.33,1,1,2.048,1.234,6,0.3,2,21,5.43,2.29,3.57,4.2,,,0,0,0,,,3.73,12.88,16.39,,,12,19,0.705,0.263,6.925,123,0,18,2,genis_savurusx1 hizli_bilekx1,8,0,45,12,36,24,9,0,2,0,3,,0,0,0,0,0,0,0,0,0,0,0.842,2.556,0.711
25,Run50_KirilmaV1,Hız-alan + Ritim,bahcivan,standart,104,ödülsüz eş,12,,,45,43,2,0,0,0,30,12,3,0,0,122,237,150,0,0,120,12,0,140,66,2,1277,15,6,12,1,1,1.975,1.234,6,0.3,2,22,5.41,2.14,2.64,3.33,,,0,0,0,0,,4.91,9.7,11.2,,,13,21,0.683,0.476,6.865,138,3,21,1,genis_savurusx1 hizli_bilekx1,10,0,45,14,42,25,11,0,2,0,3,,0,0,0,0,0,0,0,0,0,0,0.762,2.711,1
25,Run50_KirilmaV1,Hız-alan + Ritim,bahcivan,standart,104,ödülsüz eş,13,,,43,38,5,0,0,0,35,5,1,2,0,140,377,150,0,0,130,4,4,146,40,6,1179,16,3,12.67,1,1,1.975,1.28,6,0.3,2,22,5.64,2.29,2.8,3,2,,3,0,0,0,,7.14,11.06,23.7,1.96,,14,24,0.724,0.542,6.919,156,4,25,1,genis_savurusx1 hizli_bilekx1,11,0,45,15,45,31,11,0,2,0,3,,0,0,0,0,0,0,0,0,0,0,0.583,3.111,0.956
25,Run50_KirilmaV1,Hız-alan + Ritim,bahcivan,standart,104,ödülsüz eş,14,,,46,40,6,0,0,0,28,12,2,4,0,248,625,150,0,0,144,8,8,146,48,14,1573,17,3,13.33,1,1,1.904,1.327,6,0.3,2,23,5.83,2.18,3.08,4,3.25,,3,0,0,0,,3.81,9.2,25.71,12.84,,15,25,0.717,0.56,6.406,176,8,33,1,genis_savurusx1 hizli_bilekx1,9,0,45,16,48,34,11,0,2,0,3,,0,0,0,0,0,0,0,0,0,0,0.84,5.511,1.022
25,Run50_KirilmaV1,Hız-alan + Ritim,bahcivan,standart,104,ödülsüz eş,15,,,36,31,5,0,0,0,30,4,2,0,0,81,706,150,81,30,114,8,0,114,56,14,1063,18,3,15.33,1,1,1.904,1.327,6,0.3,2,23,3.91,1.85,2,2,,,4,0,0,0,0,6.13,5.71,7.62,,,16,28,0.818,0.679,6.3,200,5,38,1,genis_savurusx1 hizli_bilekx1,7,0,45,17,51,37,11,0,2,0,3,,0,0,0,0,0,0,0,0,0,0,0.786,1.8,0.8
25,Run50_KirilmaV1,Hız-alan + Ritim,bahcivan,standart,104,ödülsüz eş,16,,,54,48,6,0,0,0,34,15,4,0,1,302,302,220,0,0,234,16,0,248,47,14,1739,20,6,15.33,1,1,1.904,1.327,6,0.3,2,23,5.74,2.03,2.54,2.5,,5,6,0,0,0,,5.2,7.61,15.71,,26.67,17,29,0.741,0.552,6.345,206,2,40,1,genis_savurusx1 hizli_bilekx1 nadir_tohumx1,13,0,45,19,57,40,11,0,2,0,3,,0,0,0,0,0,0,0,0,0,0,0.621,6.711,1.2
25,Run50_KirilmaV1,Hız-alan + Ritim,bahcivan,standart,104,ödülsüz eş,17,,,44,42,2,0,0,0,27,13,2,2,0,194,496,220,0,0,159,8,4,162,15,18,1501,21,3,17.38,1,1,1.836,1.373,6,0.3,2,24,5.71,2.19,3.25,1.5,1.5,,0,0,0,0,,7.06,11.32,1.83,1.83,,18,31,0.778,0.581,6.239,224,9,49,1,genis_savurusx1 hizli_bilekx1 nadir_tohumx1,10,0,45,20,60,46,11,0,2,0,3,,0,0,0,0,0,0,0,0,0,0,0.839,4.311,0.978
25,Run50_KirilmaV1,Hız-alan + Ritim,bahcivan,standart,104,ödülsüz eş,18,,,53,49,4,0,0,0,31,10,10,1,1,387,883,220,0,0,153,50,10,157,65,28,2031,22,3,19.2,1,1,1.836,1.373,6,0.3,2,24,5.71,1.96,2.67,2.4,3,5,4,0,0,0,0,4.85,8.36,9.91,38.54,14.7,19,32,0.791,0.688,5.891,244,6,55,1,genis_savurusx1 hizli_bilekx1 nadir_tohumx1,10,0,45,21,63,49,11,0,2,0,3,,0,0,0,0,0,0,0,0,0,0,0.688,8.6,1.178
25,Run50_KirilmaV1,Hız-alan + Ritim,bahcivan,standart,104,ödülsüz eş,19,,,53,49,4,0,0,0,30,12,8,2,1,355,1238,220,0,0,162,60,4,165,65,32,2326,23,3,19.2,1,1,1.836,1.373,6,0.3,2,24,5.96,2.24,2.36,2.86,3,,3,0,0,0,0,7.4,10.35,11.54,11.02,,21,37,0.822,0.595,5.55,300,7,62,2,genis_savurusx1 hizli_bilekx1 nadir_tohumx1,11,0,45,22,66,49,14,0,2,0,3,,0,0,0,0,0,0,0,0,0,0,0.73,7.889,1.178
25,Run50_KirilmaV1,Hız-alan + Ritim,bahcivan,standart,104,ödülsüz eş,20,,,39,35,4,0,0,0,22,13,2,2,0,169,1407,220,169,45,144,10,4,258,50,36,1712,24,3,19.2,1,1,1.836,1.373,6,0.3,2,24,6,2.21,2.67,4,4,,0,0,0,0,0,8.98,10.4,8.28,14.68,,23,42,0.855,0.619,5.607,337,1,63,3,genis_savurusx1 hizli_bilekx1 nadir_tohumx1,10,0,45,23,69,49,17,0,2,0,3,,0,0,0,0,0,0,0,0,0,0,0.976,3.756,0.867
25,Run50_KirilmaV1,Hız-alan + Ritim,bahcivan,standart,104,ödülsüz eş,21,,,68,59,9,0,0,0,34,23,7,4,0,352,352,300,0,0,240,35,8,293,60,44,3151,26,6,19.2,1,1,1.778,1.873,9,0.3,2,25,8.76,2.1,2.62,3,4.33,,0,0,0,0,0,6.44,8.38,12.44,14.82,,23,44,0.821,0.682,5.574,355,2,65,2,genis_savurusx2 hizli_bilekx1 nadir_tohumx1,12,0,45,25,75,49,20,0,2,0,3,,0,0,0,0,0,0,0,0,0,0,0.795,7.822,1.511
25,Run50_KirilmaV1,Hız-alan + Ritim,bahcivan,standart,104,ödülsüz eş,22,,,85,70,7,8,0,0,43,26,11,3,2,1279,1631,300,0,0,381,55,6,389,90,50,3951,27,3,19.2,1,1,1.722,1.934,9,0.3,2,26,8.77,1.79,2.71,2.4,2.67,1.5,11,0,0,0,0,5.02,10.74,9.99,12.04,3.45,25,48,0.769,0.646,5.542,390,2,67,3,genis_savurusx2 hizli_bilekx1 nadir_tohumx1,15,0,45,26,78,49,26,0,2,0,3,,0,0,0,0,0,0,0,0,0,0,0.896,28.422,1.889
25,Run50_KirilmaV1,Hız-alan + Ritim,bahcivan,standart,104,ödülsüz eş,23,,,100,79,20,1,0,0,52,21,16,9,2,1522,3153,300,0,0,327,96,28,401,141,58,4828,29,6,20.27,1,1,1.722,1.995,9,0.3,2,26,8.96,1.84,1.94,2.57,2.67,3.5,21,12,5,0,0,5.91,5.98,8.74,10.14,14.65,23,49,0.797,0.673,5.404,408,5,72,2,genis_savurusx2 hizli_bilekx1 nadir_tohumx1,15,0,45,28,84,49,29,0,2,0,3,,0,0,0,0,0,0,0,0,0,0,0.755,33.822,2.222
25,Run50_KirilmaV1,Hız-alan + Ritim,bahcivan,standart,104,ödülsüz eş,24,,,102,86,14,2,0,0,43,27,21,10,1,1078,4231,300,0,0,291,148,20,292,301,58,6312,31,6,20.27,1,1,1.668,2.082,12,0.3,2,26,11.08,1.92,3,2.82,2.56,9,17,0,11,0,0,4.96,7.28,12.26,6.11,26.66,21,49,0.775,0.612,5.269,418,2,74,1,genis_savurusx2 hizli_bilekx1 nadir_tohumx1,24,0,45,30,90,49,35,0,2,0,3,,0,0,0,0,0,0,0,0,0,0,0.898,23.956,2.267
25,Run50_KirilmaV1,Hız-alan + Ritim,bahcivan,standart,104,ödülsüz eş,25,,,135,105,11,19,0,0,50,36,30,18,1,1432,5663,300,1432,65,366,180,65,538,226,103,8431,34,9,23.08,1,1,1.668,2.143,12,0.3,2,26,10.27,1.43,1.61,2.43,3.08,2,55,36,11,0,0,1.84,3.57,5,6.16,3.34,18,49,0.702,0.531,4.861,454,4,78,1,genis_savurusx2 hizli_bilekx1 nadir_tohumx1,27,0,45,33,99,49,41,0,2,0,3,,0,0,0,0,0,0,0,0,0,0,0.714,31.822,3
25,Run50_KirilmaV1,Hız-alan + Ritim,bahcivan,standart,104,ödülsüz eş,26,,,142,114,16,12,0,0,62,32,26,17,5,2388,2388,500,0,0,513,200,51,566,361,134,9033,36,6,24.3,1,1,1.616,2.143,12,0.42,2,27,11.04,1.5,1.89,2.23,2.71,2,40,10,18,0,0,3.06,4.49,5.58,7.5,9.05,15,49,0.755,0.571,4.57,483,4,82,1,genis_savurusx2 hizli_bilekx1 nadir_tohumx1 kritik_gozx1,27,0,45,35,105,49,50,0,2,0,3,,0,0,0,0,0,0,0,0,0,0,0.837,53.067,3.156
25,Run50_KirilmaV1,Hız-alan + Ritim,bahcivan,standart,104,ödülsüz eş,27,,,158,122,29,7,0,0,56,48,38,12,4,2031,4419,500,0,0,468,251,72,524,302,106,9788,38,6,25.51,1,1,1.616,2.291,12,0.42,2,27,11.81,1.63,1.89,2.16,2.11,2.33,32,19,15,0,0,2.74,5.4,6.36,8.8,4.84,14,53,0.763,0.566,4.305,554,7,89,2,genis_savurusx2 hizli_bilekx1 nadir_tohumx1 kritik_gozx1,32,0,45,37,111,49,56,0,2,0,3,,0,0,0,0,0,0,0,0,0,0,0.887,45.133,3.511
25,Run50_KirilmaV1,Hız-alan + Ritim,bahcivan,standart,104,ödülsüz eş,28,,,182,123,37,20,0,2,65,58,33,16,10,3062,7481,500,0,0,789,336,90,813,340,106,11590,40,6,31.35,1,1,1.616,2.291,12,0.42,2,27,11.67,1.44,1.77,2.25,1.82,1.88,43,23,18,25,0,2.88,4.81,5.86,4.55,5.45,16,62,0.753,0.597,4.328,645,8,97,4,genis_savurusx2 hizli_bilekx1 nadir_tohumx1 kritik_gozx1,39,0,45,39,117,55,56,0,2,0,3,,0,0,0,0,0,0,0,0,0,0,0.726,68.044,4.044
25,Run50_KirilmaV1,Hız-alan + Ritim,bahcivan,standart,104,ödülsüz eş,29,,,189,140,16,29,1,3,71,47,39,28,4,3904,11385,500,0,0,549,312,154,642,356,155,11412,42,6,31.35,1,1,1.565,2.291,12,0.42,2,28,11.96,1.35,1.62,1.83,2,1.67,37,22,15,12,0,2.12,3.93,4.16,6.53,1.04,20,74,0.793,0.527,4.468,745,4,101,6,genis_savurusx2 hizli_bilekx1 nadir_tohumx1 kritik_gozx1,32,0,45,41,123,61,56,0,2,0,3,,0,0,0,0,0,0,0,0,0,0,0.824,86.756,4.2
25,Run50_KirilmaV1,Hız-alan + Ritim,bahcivan,standart,104,ödülsüz eş,30,,,145,109,15,18,0,3,47,45,27,21,5,2492,13877,500,2492,100,465,280,114,497,336,189,8901,43,3,31.35,1,1,1.565,2.378,12,0.42,2,28,12,1.47,2.12,2.44,2.28,2.67,33,10,0,0,0,2.52,6.95,5.92,6.69,7.3,22,79,0.857,0.684,4.46,797,4,105,2,genis_savurusx2 hizli_bilekx1 nadir_tohumx1 kritik_gozx1,34,0,45,42,126,67,56,0,2,0,3,,0,0,0,0,0,0,0,0,0,0,0.911,55.378,3.222
25,Run50_KirilmaV1,Hız-alan + Ritim,bahcivan,standart,104,ödülsüz eş,31,,,258,186,40,29,1,2,74,71,59,37,17,7887,7887,1200,0,0,888,785,256,900,821,445,16885,46,9,36.27,1,1,1.095,2.378,12,0.42,2,41,11.9,1.31,1.85,2.22,2.33,2.71,51,20,5,11,8,1.4,5.61,5.69,6.35,9.39,24,81,0.755,0.568,4.584,795,7,112,2,genis_savurusx2 hizli_bilekx1 nadir_tohumx1 kritik_gozx1 firtina_bilegix1,38,0,45,45,135,70,56,0,2,0,3,,0,0,0,0,0,0,0,0,0,0,0.667,175.267,5.733
25,Run50_KirilmaV1,Hız-alan + Ritim,bahcivan,standart,104,ödülsüz eş,32,,,252,178,45,24,3,2,87,73,50,28,14,5067,12954,1200,0,0,1109,648,267,1369,909,617,16695,48,6,38.28,1,1,1.061,2.378,12,0.42,2,42,11.93,1.54,1.85,2,2.24,3.43,29,19,13,10,0,2.78,4.75,5.46,6.11,9.09,24,81,0.749,0.63,4.535,804,4,116,0,genis_savurusx2 hizli_bilekx1 nadir_tohumx1 kritik_gozx1 firtina_bilegix1,39,0,45,47,141,79,56,0,2,0,3,,0,0,0,0,0,0,0,0,0,0,0.679,112.6,5.6
25,Run50_KirilmaV1,Hız-alan + Ritim,bahcivan,standart,104,ödülsüz eş,33,,,263,177,32,50,2,2,80,73,50,38,22,7995,20949,1200,0,0,1283,796,305,1372,1205,922,20324,50,6,42.03,1,1,1.028,2.465,12,0.42,2,43,11.98,1.45,1.82,1.89,2.19,2.75,31,16,3,7,0,2.3,3.49,4.5,4.87,8.9,24,81,0.743,0.605,4.39,830,6,122,0,genis_savurusx2 hizli_bilekx1 nadir_tohumx1 kritik_gozx1 firtina_bilegix1,41,0,45,49,147,81,60,0,2,0,3,,0,0,0,0,0,0,0,0,0,0,0.84,177.667,5.844
25,Run50_KirilmaV1,Hız-alan + Ritim,bahcivan,standart,104,ödülsüz eş,34,,,313,232,39,35,5,2,115,77,72,35,14,7539,28488,1200,0,0,1221,1114,255,1673,1599,1067,20803,52,6,48.2,1,1,1.028,2.553,12,0.42,2,43,11.86,1.22,1.64,1.91,2.31,2.33,60,32,18,0,11,1.37,3.27,3.78,6.27,6.4,24,81,0.708,0.531,4.348,838,5,127,0,genis_savurusx2 hizli_bilekx1 nadir_tohumx1 kritik_gozx1 firtina_bilegix1,47,0,45,51,153,81,66,0,2,0,3,,0,0,0,0,0,0,0,0,0,0,0.728,167.533,6.956
25,Run50_KirilmaV1,Hız-alan + Ritim,bahcivan,standart,104,ödülsüz eş,35,,,240,170,38,28,3,1,91,50,58,34,7,5751,34239,1200,5751,220,1080,678,210,1353,1117,1277,15865,54,6,48.2,1,1,0.995,2.64,12,0.437,2,45,9,1.36,1.76,1.84,2.08,1.8,45,18,7,14,40,2.29,3.7,4.14,5.97,4.58,24,81,0.766,0.654,4.329,842,6,133,0,genis_savurusx2 hizli_bilekx1 nadir_tohumx1 kritik_gozx1 firtina_bilegix1,40,0,45,53,159,81,72,0,2,0,3,,0,0,0,0,0,0,0,0,0,0,0.864,127.8,5.333
25,Run50_KirilmaV1,Hız-alan + Ritim,bahcivan,standart,104,ödülsüz eş,36,,,358,255,47,48,2,6,120,93,89,44,12,8491,8491,2800,0,0,1762,1050,304,1915,1727,1456,24535,56,6,52.15,1,1,0.819,2.64,12,0.437,2,54,11.7,1.41,1.76,1.98,2.09,2.4,38,16,14,19,0,1.47,2.92,3.56,4.77,6.22,24,81,0.683,0.506,4.2,868,5,138,0,genis_savurusx2 hizli_bilekx2 nadir_tohumx1 kritik_gozx1 firtina_bilegix1,59,0,45,55,165,81,78,0,2,0,3,,0,0,0,0,0,0,0,0,0,0,0.704,188.689,7.956
25,Run50_KirilmaV1,Hız-alan + Ritim,bahcivan,standart,104,ödülsüz eş,37,,,389,278,57,46,4,4,125,114,83,56,11,10651,19142,2800,0,0,1582,1224,360,1602,1631,1816,26495,58,6,54.76,1,1,0.819,2.727,12,0.453,2,54,11.69,1.29,1.62,1.95,2.12,2.25,58,24,12,17,10,1.32,2.39,3.82,4.35,4.82,24,81,0.656,0.481,4.187,871,7,145,0,genis_savurusx2 hizli_bilekx2 nadir_tohumx1 kritik_gozx1 firtina_bilegix1,61,0,45,57,171,81,84,0,2,0,3,,0,0,0,0,0,0,0,0,0,0,0.654,236.689,8.644
25,Run50_KirilmaV1,Hız-alan + Ritim,bahcivan,standart,104,ödülsüz eş,38,,,421,284,67,61,5,4,147,106,96,58,14,10843,29985,2800,0,0,2011,1299,524,2083,1320,2050,31327,60,6,61.71,1,1,0.819,2.814,12,0.47,2.111,54,11.57,1.24,1.62,1.72,2.03,2.56,57,26,22,20,10,1.04,2.42,2.91,4.02,6.45,24,81,0.639,0.457,4.075,894,8,153,0,genis_savurusx2 hizli_bilekx2 nadir_tohumx1 kritik_gozx1 firtina_bilegix1,64,0,45,59,177,81,90,0,2,0,3,,0,0,0,0,0,0,0,0,0,0,0.691,240.956,9.356
25,Run50_KirilmaV1,Hız-alan + Ritim,bahcivan,standart,104,ödülsüz eş,39,,,432,289,65,71,5,2,150,96,105,64,17,13548,43533,2800,0,0,2044,1473,554,2357,1723,2409,31236,62,6,66.05,1,1,0.819,2.814,12,0.487,2.222,54,11.41,1.15,1.42,1.81,2.19,2.11,66,35,28,11,22,0.61,1.64,3.15,4.36,4.1,24,81,0.635,0.457,3.975,917,7,160,0,genis_savurusx2 hizli_bilekx2 nadir_tohumx1 kritik_gozx1 firtina_bilegix1,63,0,45,61,183,81,96,0,2,0,3,,0,0,0,0,0,0,0,0,0,0,0.519,301.067,9.6
25,Run50_KirilmaV1,Hız-alan + Ritim,bahcivan,standart,104,ödülsüz eş,40,,,446,349,38,53,4,2,150,115,100,57,24,13943,57476,2800,13943,500,2497,1492,636,2654,2015,2890,32099,64,6,75.87,1,1,0.819,2.901,16,0.487,2.222,54,11.74,1.16,1.38,1.68,1.85,1.81,75,42,32,26,22,0.4,1.6,2.03,2.62,2.97,24,81,0.447,0.296,3.975,917,5,165,0,genis_savurusx2 hizli_bilekx2 nadir_tohumx1 kritik_gozx1 firtina_bilegix1,67,0,45,63,189,81,102,0,2,0,3,,0,0,0,0,0,0,0,0,0,0,0.457,309.844,9.911
25,Run50_KirilmaV1,Hız-alan + Ritim,bahcivan,standart,104,ödülsüz eş,41,,,540,381,83,64,7,5,176,149,124,66,25,16033,16033,4500,0,0,3465,1907,626,3709,2722,3276,39528,66,6,80.41,1,1,0.819,2.901,16,0.487,2.333,54,14.44,1.26,1.47,1.76,1.72,2.4,67,45,16,30,5,0.78,1.82,2.29,2,5.84,24,81,0.626,0.346,3.269,1115,7,172,0,genis_savurusx2 hizli_bilekx2 nadir_tohumx1 kritik_gozx1 firtina_bilegix1 bereketli_toprakx1,82,0,45,65,195,81,108,0,2,0,3,,0,0,0,0,0,0,0,0,0,0,0.691,356.289,12
25,Run50_KirilmaV1,Hız-alan + Ritim,bahcivan,standart,104,ödülsüz eş,42,,,592,423,70,80,7,12,189,148,145,87,23,18191,34224,4500,0,0,3203,2235,750,4012,2866,1896,47879,68,6,91.02,1,1,0.819,2.901,16,0.503,2.333,54,15.44,1.21,1.3,1.7,1.9,2.07,59,42,17,18,6,1.03,1.4,2.75,4.46,5.79,28,121,0.687,0.322,3.353,1624,7,179,16,genis_savurusx2 hizli_bilekx2 nadir_tohumx1 kritik_gozx1 firtina_bilegix1 bereketli_toprakx1,88,0,45,67,201,81,114,0,2,0,3,,0,0,0,0,0,0,0,0,0,0,0.694,404.244,13.156
25,Run50_KirilmaV1,Hız-alan + Ritim,bahcivan,standart,104,ödülsüz eş,43,,,684,467,100,100,2,15,239,175,159,79,32,21378,55602,4500,0,0,4130,2961,702,4192,3587,2308,57696,71,9,102.22,1,1,0.819,2.901,16,0.503,2.444,54,15.54,1.16,1.22,1.53,1.6,1.85,70,61,36,25,30,0.64,0.93,2.68,2.33,4.59,28,121,0.66,0.471,3.299,1650,7,186,0,genis_savurusx2 hizli_bilekx2 nadir_tohumx1 kritik_gozx1 firtina_bilegix1 bereketli_toprakx1,103,0,45,70,210,87,114,0,2,0,3,,0,0,0,0,0,0,0,0,0,0,0.661,475.067,15.2
25,Run50_KirilmaV1,Hız-alan + Ritim,bahcivan,standart,104,ödülsüz eş,44,,,704,498,104,73,10,19,213,203,165,97,26,25633,81235,4500,0,0,3995,2484,894,4257,2901,3202,63295,74,9,106.31,1,1,0.819,2.901,16,0.553,2.444,54,15.52,1.15,1.26,1.33,1.82,1.7,72,63,52,16,35,0.71,1.19,1.45,4.04,3.81,28,121,0.654,0.521,3.266,1667,9,195,0,genis_savurusx2 hizli_bilekx2 nadir_tohumx1 kritik_gozx1 firtina_bilegix1 bereketli_toprakx1,107,0,45,73,219,96,114,0,2,0,3,,0,0,0,0,0,0,0,0,0,0,0.636,569.622,15.644
25,Run50_KirilmaV1,Hız-alan + Ritim,bahcivan,standart,104,ödülsüz eş,45,,,590,395,83,95,9,8,173,177,125,91,24,19779,101014,4500,19779,800,3730,2076,804,4587,3077,3676,54189,76,6,118.4,1,1,0.819,2.901,16,0.553,2.556,54,12,1.06,1.15,1.3,1.46,1.47,78,77,50,30,20,0.28,1.13,1.72,2.72,3.22,28,121,0.707,0.587,3.215,1694,4,199,0,genis_savurusx2 hizli_bilekx2 nadir_tohumx1 kritik_gozx1 firtina_bilegix1 bereketli_toprakx1,83,0,45,75,225,105,114,0,2,0,3,,0,0,0,0,0,0,0,0,0,0,0.793,439.533,13.111
25,Run50_KirilmaV1,Hız-alan + Ritim,bahcivan,standart,104,ödülsüz eş,46,,,769,509,135,96,10,19,241,187,170,127,44,32272,32272,6000,0,0,3990,3075,1260,4577,6152,4936,73594,78,6,126.4,1,1,0.819,2.901,16,0.673,2.556,54,15.37,1.12,1.12,1.35,1.43,1.42,72,77,53,36,27,0.51,0.84,1.66,1.98,1.85,28,121,0.631,0.455,3.186,1709,2,201,0,genis_savurusx2 hizli_bilekx2 nadir_tohumx1 kritik_gozx2 firtina_bilegix1 bereketli_toprakx1,108,0,45,77,231,111,114,0,2,0,3,,0,0,0,0,0,0,0,0,0,0,0.669,717.156,17.089
25,Run50_KirilmaV1,Hız-alan + Ritim,bahcivan,standart,104,ödülsüz eş,47,,,776,524,122,104,11,15,249,191,172,124,40,34755,67027,6000,0,0,5030,2913,1092,5567,9065,5648,72951,80,6,126.4,1,1,0.819,2.901,16,0.69,2.667,54,15.52,1.06,1.08,1.34,1.52,1.8,82,84,49,30,22,0.21,0.38,1.6,2.25,3.77,28,121,0.643,0.471,3.133,1738,5,206,0,genis_savurusx2 hizli_bilekx2 nadir_tohumx1 kritik_gozx2 firtina_bilegix1 bereketli_toprakx1,110,0,45,79,237,117,114,0,2,0,3,,0,0,0,0,0,0,0,0,0,0,0.529,772.333,17.244
25,Run50_KirilmaV1,Hız-alan + Ritim,bahcivan,standart,104,ödülsüz eş,48,,,762,530,100,98,13,21,240,194,178,122,28,30537,97564,6000,0,0,4160,2823,1068,5327,11888,6716,77168,83,9,134.4,1,1,0.819,2.901,16,0.69,2.667,54,15.5,1.08,1.13,1.31,1.46,1.88,79,79,51,31,5,0.44,0.59,1.33,2.33,3.57,28,121,0.638,0.463,3.101,1756,2,208,0,genis_savurusx2 hizli_bilekx2 nadir_tohumx1 kritik_gozx2 firtina_bilegix1 bereketli_toprakx1,112,0,45,82,246,121,116,0,2,0,3,,0,0,0,0,0,0,0,0,0,0,0.686,678.6,16.933
25,Run50_KirilmaV1,Hız-alan + Ritim,bahcivan,standart,104,ödülsüz eş,49,,,798,544,126,93,13,22,254,218,167,119,40,33377,130941,6000,0,0,4830,3030,1248,4957,14918,7544,80914,85,6,142.4,1,1,0.819,2.901,16,0.69,2.778,54,15.35,1.06,1.08,1.21,1.44,1.68,83,86,64,35,9,0.24,0.33,0.93,1.79,4.03,28,121,0.628,0.488,3.101,1756,3,211,0,genis_savurusx2 hizli_bilekx2 nadir_tohumx1 kritik_gozx2 firtina_bilegix1 bereketli_toprakx1,113,0,45,84,252,121,125,0,2,0,3,,0,0,0,0,0,0,0,0,0,0,0.661,741.711,17.733
25,Run50_KirilmaV1,Hız-alan + Ritim,bahcivan,standart,104,ödülsüz eş,50,,,790,572,104,82,12,20,251,217,187,101,34,29918,160859,6000,0,0,4975,2772,1008,8432,17690,8552,75896,87,6,142.4,1,1,0.819,2.901,16,0.69,2.778,54,15.59,1.06,1.13,1.23,1.4,1.62,87,81,60,45,41,0.27,0.77,1.07,1.86,4.48,28,121,0.635,0.488,3.101,1756,1,212,0,genis_savurusx2 hizli_bilekx2 nadir_tohumx1 kritik_gozx2 firtina_bilegix1 bereketli_toprakx1,108,0,45,86,258,121,131,0,2,0,3,,0,0,0,0,0,0,0,0,0,0,0.595,664.844,17.556
25,Run50_KirilmaV1,Hız-alan + Ritim,bahcivan,standart,104,ödülsüz eş,50,KAZANDI
25,Run50_KirilmaV1,Hız-alan + Ritim,bahcivan,standart,104,LAB R15 A ödülsüz #1,15,,,37,30,7,0,0,0,24,8,2,3,0,178,178,150,178,30,120,8,6,200,8,6,1244,4,9,15.33,1,1,1.904,1.327,6,0.3,2,23,3.91,1.91,2.5,2.5,2.5,,25,8,0,0,,5.45,14.28,22.85,19.04,,16,28,0.821,0.643,6.3,200,0,0,0,genis_savurusx1 hizli_bilekx1,9,0,45,3,9,0,0,0,0,0,15,,0,0,0,0,0,0,0,0,0,0,0.75,3.956,0.822
25,Run50_KirilmaV1,Hız-alan + Ritim,bahcivan,standart,104,LAB R15 B +hasat_ritmi #1,15,,,56,51,5,0,0,0,37,10,5,3,1,409,409,150,409,30,171,20,14,251,20,14,1881,5,12,15.33,1,1,1.904,1.327,6,0.3,2,23,4.74,1.53,2,3,1.67,3,41,15,17,40,0,2.75,7.85,20.94,3.17,32.37,16,28,0.751,0.536,6.3,200,0,0,0,genis_savurusx1 hizli_bilekx1 hasat_ritmix1,12,0,45,4,12,0,0,0,0,0,15,,0,0,0,0,0,5,5,0,0,0,0.607,9.089,1.244
25,Run50_KirilmaV1,Hız-alan + Ritim,bahcivan,standart,104,LAB R15 A ödülsüz #2,15,,,35,32,3,0,0,0,23,8,4,0,0,116,116,150,116,30,117,16,0,197,16,0,1143,3,6,15.33,1,1,1.904,1.327,6,0.3,2,23,4,1.95,2,2.25,,,14,8,0,,,7.53,7.62,14.29,,,16,28,0.824,0.607,6.3,200,0,0,0,genis_savurusx1 hizli_bilekx1,8,0,45,2,6,0,0,0,0,0,15,,0,0,0,0,0,0,0,0,0,0,0.857,2.578,0.778
25,Run50_KirilmaV1,Hız-alan + Ritim,bahcivan,standart,104,LAB R15 B +hasat_ritmi #2,15,,,39,38,1,0,0,0,24,9,3,3,0,223,223,150,223,30,126,12,6,206,12,6,1328,4,9,15.33,1,1,1.904,1.327,6,0.3,2,23,4.3,1.78,2.22,2,3,,21,17,0,0,,5.05,10.58,15.88,14.59,,16,28,0.799,0.536,6.3,200,0,0,0,genis_savurusx1 hizli_bilekx1 hasat_ritmix1,10,0,45,3,9,0,0,0,0,0,15,,0,0,0,0,0,3,3,0,0,0,0.857,4.956,0.867
25,Run50_KirilmaV1,Hız-alan + Ritim,bahcivan,standart,104,LAB R15 A ödülsüz #3,15,,,33,28,5,0,0,0,21,6,6,0,0,117,117,150,117,30,99,24,0,179,24,0,1111,3,6,15.33,1,1,1.904,1.327,6,0.3,2,23,3.91,1.89,2.6,1.8,,,15,8,29,0,0,3.49,8.37,9.13,,,16,28,0.831,0.643,6.3,200,0,0,0,genis_savurusx1 hizli_bilekx1,8,0,45,2,6,0,0,0,0,0,15,,0,0,0,0,0,0,0,0,0,0,0.893,2.6,0.733
25,Run50_KirilmaV1,Hız-alan + Ritim,bahcivan,standart,104,LAB R15 B +hasat_ritmi #3,15,,,50,48,2,0,0,0,35,11,4,0,0,132,132,150,132,30,171,16,0,251,16,0,1548,4,9,15.33,1,1,1.904,1.327,6,0.3,2,23,4.65,1.76,2,3,,,25,15,0,,,3.75,5.88,17.62,,,16,28,0.752,0.464,6.3,200,0,0,0,genis_savurusx1 hizli_bilekx1 hasat_ritmix1,12,0,45,3,9,0,0,0,0,0,15,,0,0,0,0,0,4,4,0,0,0,0.857,2.933,1.111
25,Run50_KirilmaV1,Hız-alan + Ritim,bahcivan,standart,104,LAB R25 A ödülsüz #1,25,,,141,116,21,4,0,0,55,43,25,16,2,1499,1499,300,1499,65,468,150,59,548,150,59,8387,15,42,23.08,1,1,1.668,2.143,12,0.3,2,26,9.96,1.32,1.71,1.86,2.5,1,58,29,26,29,33,1.25,4.72,4.25,4.41,0,18,49,0.676,0.388,4.861,454,0,0,0,genis_savurusx2 hizli_bilekx1 nadir_tohumx1,38,0,45,14,42,0,0,0,0,0,25,,0,0,0,0,0,0,0,0,0,0,0.776,33.311,3.133
25,Run50_KirilmaV1,Hız-alan + Ritim,bahcivan,standart,104,LAB R25 B +hasat_ritmi #1,25,,,181,151,18,12,0,0,66,46,39,23,7,2585,2585,300,2585,65,519,278,113,599,278,113,11545,18,51,23.08,1,1,1.668,2.143,12,0.3,2,26,11.38,1.19,1.53,1.94,2.21,3,73,52,26,14,33,0.91,2.24,4.63,2.99,3.89,18,49,0.582,0.327,4.861,454,0,0,0,genis_savurusx2 hizli_bilekx1 nadir_tohumx1 hasat_ritmix1,47,0,45,17,51,0,0,0,0,0,25,,0,0,0,0,0,10,10,0,0,0,0.653,57.444,4.022
25,Run50_KirilmaV1,Hız-alan + Ritim,bahcivan,standart,104,LAB R25 sinerji A ödülsüz #1,25,,,175,149,10,16,0,0,76,46,28,21,4,2023,2023,300,2023,65,555,212,74,635,212,74,10549,17,48,23.08,1,1,1.205,2.143,12,0.3,2,37,9.14,1.36,1.86,2.22,2.58,3,53,20,13,9,0,1.29,2.75,3.97,5.45,4.02,18,49,0.581,0.367,4.861,454,0,0,0,genis_savurusx2 hizli_bilekx3 nadir_tohumx1,37,0,45,16,48,0,0,0,0,0,25,,0,0,0,0,0,0,0,0,0,0,0.571,44.956,3.889
25,Run50_KirilmaV1,Hız-alan + Ritim,bahcivan,standart,104,LAB R25 sinerji B +hasat_ritmi #1,25,,,210,177,20,13,0,0,72,62,50,23,3,2498,2498,300,2498,65,729,306,69,809,306,69,12938,19,54,23.08,1,1,1.205,2.143,12,0.3,2,37,10.19,1.42,1.64,2.14,1.95,2,52,43,23,18,0,1.35,1.84,2.94,1.8,3,18,49,0.491,0.204,4.861,454,0,0,0,genis_savurusx2 hizli_bilekx3 nadir_tohumx1 hasat_ritmix1,48,0,45,18,54,0,0,0,0,0,25,,0,0,0,0,0,13,13,0,0,0,0.51,55.511,4.667
25,Run50_KirilmaV1,Hız-alan + Ritim,bahcivan,standart,104,LAB R25 A ödülsüz #2,25,,,157,123,18,16,0,0,73,40,22,20,2,1527,1527,300,1527,65,459,154,71,539,154,71,9305,16,45,23.08,1,1,1.668,2.143,12,0.3,2,26,10.08,1.17,1.68,2.47,2.64,2.5,70,27,25,0,0,1.16,1.94,5,4.41,9.18,18,49,0.638,0.408,4.861,454,0,0,0,genis_savurusx2 hizli_bilekx1 nadir_tohumx1,37,0,45,15,45,0,0,0,0,0,25,,0,0,0,0,0,0,0,0,0,0,0.714,33.933,3.489
25,Run50_KirilmaV1,Hız-alan + Ritim,bahcivan,standart,104,LAB R25 B +hasat_ritmi #2,25,,,184,151,20,13,0,0,75,46,26,32,5,2542,2542,300,2542,65,636,184,107,716,184,107,11359,18,51,23.08,1,1,1.668,2.143,12,0.3,2,26,11.42,1.18,1.65,1.91,2.11,2.25,73,38,29,17,0,1.18,3.79,2.28,3.58,3.33,18,49,0.569,0.286,4.861,454,0,0,0,genis_savurusx2 hizli_bilekx1 nadir_tohumx1 hasat_ritmix1,44,0,45,17,51,0,0,0,0,0,25,,0,0,0,0,0,11,10,0,0,0,0.755,56.489,4.089
25,Run50_KirilmaV1,Hız-alan + Ritim,bahcivan,standart,104,LAB R25 sinerji A ödülsüz #2,25,,,174,143,13,18,0,0,69,45,25,28,7,2515,2515,300,2515,65,618,194,106,698,194,106,10898,17,48,23.08,1,1,1.205,2.143,12,0.3,2,37,9,1.41,1.97,2.22,2.5,3.14,58,20,19,10,0,1.96,5.05,4.19,5.24,5.34,18,49,0.588,0.327,4.861,454,0,0,0,genis_savurusx2 hizli_bilekx3 nadir_tohumx1,42,0,45,16,48,0,0,0,0,0,25,,0,0,0,0,0,0,0,0,0,0,0.673,55.889,3.867
25,Run50_KirilmaV1,Hız-alan + Ritim,bahcivan,standart,104,LAB R25 sinerji B +hasat_ritmi #2,25,,,222,185,19,18,0,0,100,56,41,18,7,2665,2665,300,2665,65,639,290,109,719,290,109,13022,19,54,23.08,1,1,1.205,2.143,12,0.3,2,37,9.51,1.4,1.62,1.89,2.5,2,59,39,21,6,14,1.66,2.17,2.41,4.21,3.41,18,49,0.476,0.163,4.861,454,0,0,0,genis_savurusx2 hizli_bilekx3 nadir_tohumx1 hasat_ritmix1,47,0,45,18,54,0,0,0,0,0,25,,0,0,0,0,0,13,13,0,0,0,0.347,59.222,4.933
25,Run50_KirilmaV1,Hız-alan + Ritim,bahcivan,standart,104,LAB R25 A ödülsüz #3,25,,,154,116,21,17,0,0,60,44,30,17,3,1794,1794,300,1794,65,495,224,51,575,224,51,9613,16,45,23.08,1,1,1.668,2.143,12,0.3,2,26,10.08,1.35,1.91,1.92,2.92,2.67,54,31,50,13,33,1.59,4.45,4.67,5.15,10.57,18,49,0.652,0.449,4.861,454,0,0,0,genis_savurusx2 hizli_bilekx1 nadir_tohumx1,38,0,45,15,45,0,0,0,0,0,25,,0,0,0,0,0,0,0,0,0,0,0.571,39.867,3.422
25,Run50_KirilmaV1,Hız-alan + Ritim,bahcivan,standart,104,LAB R25 B +hasat_ritmi #3,25,,,191,153,18,20,0,0,70,56,37,20,8,2642,2642,300,2642,65,684,288,82,764,288,82,11902,18,51,23.08,1,1,1.668,2.143,12,0.3,2,26,11.27,1.36,1.55,1.76,1.86,2.5,62,57,33,40,0,1.81,2,2.01,2.63,8.06,18,49,0.554,0.265,4.861,454,0,0,0,genis_savurusx2 hizli_bilekx1 nadir_tohumx1 hasat_ritmix1,50,0,45,17,51,0,0,0,0,0,25,,0,0,0,0,0,9,9,0,0,0,0.612,58.711,4.244
25,Run50_KirilmaV1,Hız-alan + Ritim,bahcivan,standart,104,LAB R25 sinerji A ödülsüz #3,25,,,185,143,18,24,0,0,78,44,35,22,6,2492,2492,300,2492,65,591,260,88,671,260,88,11235,18,51,23.08,1,1,1.205,2.143,12,0.3,2,37,9.08,1.39,2.03,1.97,2.27,2.67,61,21,26,16,0,1.71,3.68,2.97,2.33,6.42,18,49,0.559,0.347,4.861,454,0,0,0,genis_savurusx2 hizli_bilekx3 nadir_tohumx1,42,0,45,17,51,0,0,0,0,0,25,,0,0,0,0,0,0,0,0,0,0,0.633,55.378,4.111
25,Run50_KirilmaV1,Hız-alan + Ritim,bahcivan,standart,104,LAB R25 sinerji B +hasat_ritmi #3,25,,,213,181,16,16,0,0,84,57,38,25,9,3063,3063,300,3063,65,693,250,141,773,250,141,13502,19,54,23.08,1,1,1.205,2.143,12,0.3,2,37,9.92,1.41,1.54,2.09,2.33,2.67,58,46,25,17,25,2.05,1.97,2.44,2.98,3.62,18,49,0.5,0.143,4.861,454,0,0,0,genis_savurusx2 hizli_bilekx3 nadir_tohumx1 hasat_ritmix1,52,0.001,45,18,54,0,0,0,0,0,25,,0,0,0,0,0,13,12,0,0,0,0.531,68.067,4.733
25,Run50_KirilmaV1,Hız-alan + Ritim,bahcivan,standart,104,LAB R40 A ödülsüz #1,40,,,477,362,51,61,2,1,153,128,107,64,25,14389,14389,2800,14389,500,2673,1807,586,2753,1807,586,34533,30,87,75.87,1,1,0.819,2.901,16,0.487,2.222,54,12,1.2,1.39,1.54,1.65,2.4,72,51,40,40,19,0.78,1.09,1.62,2.3,3.64,24,81,0.438,0.148,3.975,917,0,0,0,genis_savurusx2 hizli_bilekx2 nadir_tohumx1 kritik_gozx1 firtina_bilegix1,95,0.004,45,29,87,0,0,0,0,0,40,,0,0,0,0,0,0,0,0,0,0,0.42,319.756,10.6
25,Run50_KirilmaV1,Hız-alan + Ritim,bahcivan,standart,104,LAB R40 B +hasat_ritmi #1,40,,,544,451,37,51,3,2,177,160,110,74,23,16662,16662,2800,16662,500,3334,1775,559,3414,1775,559,38317,31,90,75.87,1,1,0.819,2.901,16,0.487,2.222,54,13.13,1.14,1.32,1.49,1.55,2,81,58,51,41,19,0.4,0.58,1.22,1.53,2.16,24,81,0.363,0.074,3.975,917,0,0,0,genis_savurusx2 hizli_bilekx2 nadir_tohumx1 kritik_gozx1 firtina_bilegix1 hasat_ritmix1,98,0.02,45,30,90,0,0,0,0,0,40,,0,0,0,0,0,23,22,0,0,0,0.407,370.267,12.089
25,Run50_KirilmaV1,Hız-alan + Ritim,bahcivan,standart,104,LAB R40 A ödülsüz #2,40,,,480,366,54,53,3,4,164,127,110,47,32,16448,16448,2800,16448,500,2865,1827,558,2945,1827,558,34890,30,87,75.87,1,1,0.819,2.901,16,0.487,2.222,54,12.09,1.2,1.38,1.57,1.9,1.92,72,61,42,32,34,0.77,1,1.75,3.09,3.08,24,81,0.436,0.136,3.975,917,0,0,0,genis_savurusx2 hizli_bilekx2 nadir_tohumx1 kritik_gozx1 firtina_bilegix1,93,0.004,45,29,87,0,0,0,0,0,40,,0,0,0,0,0,0,0,0,0,0,0.531,365.511,10.667
25,Run50_KirilmaV1,Hız-alan + Ritim,bahcivan,standart,104,LAB R40 B +hasat_ritmi #2,40,,,546,463,40,32,6,5,175,156,124,65,26,16653,16653,2800,16653,500,3207,2040,597,3287,2040,597,40007,31,90,75.87,1,1,0.819,2.901,16,0.487,2.222,54,13.13,1.09,1.27,1.54,1.8,1.8,87,66,41,31,38,0.18,0.57,1.48,1.77,2.05,24,81,0.365,0.062,3.975,917,0,0,0,genis_savurusx2 hizli_bilekx2 nadir_tohumx1 kritik_gozx1 firtina_bilegix1 hasat_ritmix1,97,0.029,45,30,90,0,0,0,0,0,40,,0,0,0,0,0,24,24,0,0,0,0.309,370.067,12.133
25,Run50_KirilmaV1,Hız-alan + Ritim,bahcivan,standart,104,LAB R40 A ödülsüz #3,40,,,475,370,45,47,5,8,151,127,111,69,17,12418,12418,2800,12418,500,2369,1837,575,2449,1837,575,36410,30,87,75.87,1,1,0.819,2.901,16,0.487,2.222,54,12.19,1.15,1.35,1.64,1.74,2.31,79,55,41,39,20,0.49,1.19,2.06,1.99,5.35,24,81,0.454,0.123,3.975,917,0,0,0,genis_savurusx2 hizli_bilekx2 nadir_tohumx1 kritik_gozx1 firtina_bilegix1,95,0.016,45,29,87,0,0,0,0,0,40,,0,0,0,0,0,0,0,0,0,0,0.506,275.956,10.556
25,Run50_KirilmaV1,Hız-alan + Ritim,bahcivan,standart,104,LAB R40 B +hasat_ritmi #3,40,,,561,468,42,46,3,2,182,136,125,89,29,19337,19337,2800,19337,500,3050,1955,828,3130,1955,828,40801,32,93,75.87,1,1,0.819,2.901,16,0.487,2.222,54,12.98,1.08,1.27,1.3,1.72,1.5,83,67,60,39,55,0.17,0.54,0.8,1.54,1.2,24,81,0.341,0.086,3.975,917,0,0,0,genis_savurusx2 hizli_bilekx2 nadir_tohumx1 kritik_gozx1 firtina_bilegix1 hasat_ritmix1,99,0.027,45,31,93,0,0,0,0,0,40,,0,0,0,0,0,24,23,0,0,0,0.444,429.711,12.467
26,Run50_KirilmaV1,Hız-alan + Ritim,bahcivan,standart,105,ödülsüz eş,1,,,13,13,0,0,0,0,11,2,0,0,0,17,17,45,0,0,30,0,0,30,0,0,280,1,0,10,1,1,3,0.9,4,0.3,2,14,2.07,1.91,3,,,,15,0,,,,2.73,6,,,,2,4,0.349,0,8,23,0,0,2,,3,0.18,45,0,0,0,0,0,0,0,0,,0,0,0,0,0,0,0,0,0,0,0.5,0.378,0.289
26,Run50_KirilmaV1,Hız-alan + Ritim,bahcivan,standart,105,ödülsüz eş,2,,,16,16,0,0,0,0,14,0,2,0,0,34,51,45,0,0,28,8,0,31,8,0,360,2,3,10,1,1,2.892,0.9,4,0.3,2,15,2.2,1.79,,3,,,14,,0,,,2.9,,10.11,,,3,5,0.398,0,8,28,1,1,1,,4,0.05,45,1,3,0,0,0,0,0,0,,0,0,0,0,0,0,0,0,0,0,0.4,0.756,0.356
26,Run50_KirilmaV1,Hız-alan + Ritim,bahcivan,standart,105,ödülsüz eş,3,,,18,18,0,0,0,0,14,4,0,0,0,26,77,45,0,0,44,0,0,46,8,0,400,3,3,10,1,1,2.789,0.9,4,0.3,2,16,3.19,2.5,3,,,,0,0,,,,5.38,9.77,,,,4,6,0.547,0,7.306,37,1,2,1,,4,0.054,45,2,6,3,0,0,0,0,0,,0,0,0,0,0,0,0,0,0,0,0.333,0.578,0.4
26,Run50_KirilmaV1,Hız-alan + Ritim,bahcivan,standart,105,ödülsüz eş,4,,,20,20,0,0,0,0,15,3,2,0,0,44,121,45,0,0,42,8,0,48,16,0,470,4,3,10,1,1,2.789,0.9,4,0.3,2,16,3.31,2.2,3,4.5,,,0,0,0,,,7.07,13.02,19.53,,,5,8,0.613,0.25,7.275,49,0,2,1,,6,0,45,3,9,6,0,0,0,0,0,,0,0,0,0,0,0,0,0,0,0,0.25,0.978,0.444
26,Run50_KirilmaV1,Hız-alan + Ritim,bahcivan,standart,105,ödülsüz eş,5,,,18,17,0,0,0,1,14,4,0,0,0,26,147,45,26,8,44,0,0,54,16,0,400,5,3,10,1,1,2.689,0.9,4,0.3,2,16,3.44,2.36,4.33,,,,0,0,,,,7.49,19.72,,,,6,9,0.655,0.222,7.069,57,2,4,1,,4,0,45,4,12,9,0,0,4,0,5,,0,0,0,0,0,0,0,0,0,0,0.556,0.578,0.4
26,Run50_KirilmaV1,Hız-alan + Ritim,bahcivan,standart,105,ödülsüz eş,6,,,20,18,0,0,0,2,15,4,1,0,0,37,37,110,0,0,46,4,0,49,20,0,460,6,3,10,1,1,2.592,0.9,4,0.3,2,17,3.18,2.15,2.25,6,,,7,0,0,,,5.39,6.47,23.33,,,6,9,0.653,0.333,6.824,59,3,7,0,nadir_tohumx1,5,0,45,5,15,9,3,0,4,0,5,,0,0,0,0,0,0,0,0,0,0,0.889,0.822,0.444
26,Run50_KirilmaV1,Hız-alan + Ritim,bahcivan,standart,105,ödülsüz eş,7,,,21,19,0,0,0,2,16,4,1,0,0,38,75,110,0,0,48,4,0,52,24,0,480,7,3,10.67,1,1,2.5,0.9,4,0.3,2,17,3.35,2.13,3.5,,,,0,0,0,,,6.17,11.88,,,,7,10,0.703,0.2,6.821,66,3,10,1,nadir_tohumx1,8,0,45,6,18,12,3,0,4,0,5,,0,0,0,0,0,0,0,0,0,0,0.6,0.844,0.467
26,Run50_KirilmaV1,Hız-alan + Ritim,bahcivan,standart,105,ödülsüz eş,8,,,21,21,0,0,0,0,18,2,1,0,0,35,110,110,0,0,46,4,0,51,28,0,460,8,3,10.67,1,1,2.41,0.9,4,0.3,2,18,3.39,2.06,2,2,,,0,0,0,0,,6.16,7.23,12.03,,,8,11,0.714,0.455,6.944,71,2,12,1,nadir_tohumx1,5,0,45,7,21,15,3,0,4,0,5,,0,0,0,0,0,0,0,0,0,0,0.818,0.778,0.467
26,Run50_KirilmaV1,Hız-alan + Ritim,bahcivan,standart,105,ödülsüz eş,9,,,19,19,0,0,0,0,8,7,3,1,0,90,200,110,0,0,51,12,2,52,40,2,563,9,3,10.67,1,1,2.41,0.9,4,0.3,2,18,3.39,2,2.86,3.33,3,,0,0,0,,,9.94,11.37,8.85,19.27,,9,12,0.756,0.5,7.039,77,1,13,1,nadir_tohumx1,5,0,45,8,24,18,3,0,4,0,5,,0,0,0,0,0,0,0,0,0,0,0.833,2,0.422
26,Run50_KirilmaV1,Hız-alan + Ritim,bahcivan,standart,105,ödülsüz eş,10,,,19,17,1,0,0,1,12,6,1,0,0,40,240,110,40,16,54,4,0,57,44,2,494,10,3,11.33,1,1,2.41,0.935,4,0.3,2,18,3,2.5,2.5,1,,,0,0,0,0,,5.54,12.85,0,,,9,12,0.658,0.333,6.867,79,4,17,0,nadir_tohumx1,6,0,45,9,27,21,3,0,4,0,5,,0,0,0,0,0,0,0,0,0,0,0.833,0.889,0.422
26,Run50_KirilmaV1,Hız-alan + Ritim,bahcivan,standart,105,ödülsüz eş,11,,,32,31,0,0,0,1,24,5,2,1,0,100,100,150,0,0,73,8,2,78,52,4,826,11,3,12,1,1,2.324,1.234,6,0.3,2,19,4.95,2.43,3,3.5,5,,0,0,0,,,5.66,7.43,5.81,30.23,,10,13,0.676,0.385,6.609,89,3,20,1,nadir_tohumx1 genis_savurusx1,8,0,45,10,30,24,3,0,4,0,5,,0,0,0,0,0,0,0,0,0,0,0.692,2.222,0.711
26,Run50_KirilmaV1,Hız-alan + Ritim,bahcivan,standart,105,ödülsüz eş,12,,,37,32,0,0,0,5,29,5,3,0,0,82,182,150,0,0,112,12,0,116,34,4,898,12,3,12.67,1,1,2.324,1.28,6,0.3,2,19,5.05,2.31,2.25,3.5,,,0,0,0,0,,4.38,7.56,8.14,,,11,14,0.651,0.357,6.676,94,4,24,1,nadir_tohumx1 genis_savurusx1,8,0,45,11,33,25,5,0,4,0,5,,0,0,0,0,0,0,0,0,0,0,0.571,1.822,0.822
26,Run50_KirilmaV1,Hız-alan + Ritim,bahcivan,standart,105,ödülsüz eş,13,,,39,35,1,0,0,3,31,5,3,0,0,81,263,150,0,0,118,12,0,118,16,4,940,13,3,13.33,1,1,2.24,1.327,6,0.3,2,20,4.95,2.11,3,3,,,3,0,0,,,4.31,10.29,10.45,,,12,16,0.674,0.313,6.589,109,5,29,1,nadir_tohumx1 genis_savurusx1,11,0,45,12,36,28,5,0,4,0,5,,0,0,0,0,0,0,0,0,0,0,0.688,1.8,0.867
26,Run50_KirilmaV1,Hız-alan + Ritim,bahcivan,standart,105,ödülsüz eş,14,,,39,38,0,0,0,1,29,8,2,0,0,75,338,150,0,0,135,8,0,142,24,4,1029,14,3,14,1,1,2.24,1.327,6,0.3,2,20,5.05,2.14,2.25,5,,,0,0,0,,,6.88,6.45,14.55,,,13,18,0.727,0.444,6.29,129,5,34,1,nadir_tohumx1 genis_savurusx1,8,0,45,13,39,31,5,0,4,0,5,,0,0,0,0,0,0,0,0,0,0,0.556,1.667,0.867
26,Run50_KirilmaV1,Hız-alan + Ritim,bahcivan,standart,105,ödülsüz eş,15,,,33,29,1,0,0,3,24,6,3,0,0,90,428,150,90,30,108,12,0,118,36,4,936,15,3,14,1,1,2.16,1.327,6,0.3,2,20,5.15,2.55,3.25,3,,,0,0,,,,6.58,9.72,15.84,,,14,19,0.742,0.474,6.138,139,3,37,1,nadir_tohumx1 genis_savurusx1,9,0,45,14,42,34,5,0,4,0,5,,0,0,0,0,0,0,0,0,0,0,0.789,2,0.733
26,Run50_KirilmaV1,Hız-alan + Ritim,bahcivan,standart,105,ödülsüz eş,16,,,42,35,1,0,0,6,35,4,3,0,0,81,81,220,0,0,129,12,0,148,23,4,1128,17,6,14.67,1,1,2.16,1.373,6,0.42,2,20,5,2.03,2.75,3,,,3,0,0,,,3.8,5.95,11.88,,,15,20,0.72,0.5,6.037,149,4,41,1,nadir_tohumx1 genis_savurusx1 kritik_gozx1,11,0,45,16,48,37,5,0,4,0,5,,0,0,0,0,0,0,0,0,0,0,0.7,1.8,0.933
26,Run50_KirilmaV1,Hız-alan + Ritim,bahcivan,standart,105,ödülsüz eş,17,,,49,39,0,0,0,10,31,13,3,2,0,174,255,220,0,0,171,12,4,176,35,8,1605,18,3,17.38,1,1,2.16,1.373,6,0.42,2,20,4.95,1.88,2.1,2,2.5,,6,0,0,0,,3.33,3.24,6.49,6.48,,16,21,0.68,0.429,5.963,158,6,47,1,nadir_tohumx1 genis_savurusx1 kritik_gozx1,11,0,45,17,51,43,5,0,4,0,5,,0,0,0,0,0,0,0,0,0,0,0.857,3.867,1.089
26,Run50_KirilmaV1,Hız-alan + Ritim,bahcivan,standart,105,ödülsüz eş,18,,,49,40,3,0,0,6,34,11,2,2,0,161,416,220,0,0,168,10,4,169,45,12,1620,19,3,18.13,1,1,2.16,1.373,6,0.42,2,20,5.15,1.96,2.11,3,3,,10,0,0,,,4.88,3.61,7.57,9.71,,17,24,0.743,0.458,5.88,184,5,52,1,nadir_tohumx1 genis_savurusx1 kritik_gozx1,12,0,45,18,54,46,5,0,4,0,5,,0,0,0,0,0,0,0,0,0,0,0.542,3.578,1.089
26,Run50_KirilmaV1,Hız-alan + Ritim,bahcivan,standart,105,ödülsüz eş,19,,,45,39,1,0,0,5,34,10,1,0,0,78,494,220,0,0,162,5,0,179,15,12,1428,20,3,19.2,1,1,2.16,1.373,6,0.42,2,20,5.15,2,2.33,4,,,0,0,0,,,4.32,7.92,8.63,,,18,25,0.775,0.52,5.546,203,6,58,1,nadir_tohumx1 genis_savurusx1 kritik_gozx1,12,0,45,19,57,49,5,0,4,0,5,,0,0,0,0,0,0,0,0,0,0,0.8,1.733,1
26,Run50_KirilmaV1,Hız-alan + Ritim,bahcivan,standart,105,ödülsüz eş,20,,,41,36,0,0,0,5,28,8,5,0,0,119,613,220,119,45,132,25,0,211,40,12,1634,21,3,19.2,1,1,2.16,1.373,6,0.42,2,20,4.9,1.92,2.17,2.25,,,7,0,0,,,3.66,7.57,6.49,,,19,26,0.691,0.538,5.24,223,4,62,1,nadir_tohumx1 genis_savurusx1 kritik_gozx1,10,0,45,20,60,49,8,0,4,0,5,,0,0,0,0,0,0,0,0,0,0,0.846,2.644,0.911
26,Run50_KirilmaV1,Hız-alan + Ritim,bahcivan,standart,105,ödülsüz eş,21,,,55,44,0,0,0,11,31,16,8,0,0,172,172,300,0,0,189,40,0,250,40,12,2431,23,6,19.2,1,1,2.16,1.373,6,0.42,2,20,5.95,1.74,2.6,2.43,,,12,6,0,0,,6.4,11.66,10.5,,,23,33,0.785,0.606,5.387,276,1,63,4,nadir_tohumx2 genis_savurusx1 kritik_gozx1,13,0,45,22,66,49,11,0,4,0,5,,0,0,0,0,0,0,0,0,0,0,0.818,3.822,1.222
26,Run50_KirilmaV1,Hız-alan + Ritim,bahcivan,standart,105,ödülsüz eş,22,,,69,53,2,0,0,14,38,22,7,2,0,260,432,300,0,0,246,35,4,251,75,16,3169,25,6,19.2,1,1,2.092,1.419,9,0.42,2,21,7.67,2.06,2.5,2.5,3.5,,14,0,0,0,,5.33,7.85,14.12,18.82,,24,35,0.773,0.571,5.355,294,2,65,1,nadir_tohumx2 genis_savurusx1 kritik_gozx1,15,0,45,24,72,49,17,0,4,0,5,,0,0,0,0,0,0,0,0,0,0,0.629,5.778,1.533
26,Run50_KirilmaV1,Hız-alan + Ritim,bahcivan,standart,105,ödülsüz eş,23,,,60,57,0,0,0,3,31,15,10,4,0,378,810,300,0,0,183,60,8,259,65,24,2848,26,3,20.27,1,1,2.092,1.465,9,0.42,2,21,8.52,2.34,2.53,2.4,4,,0,0,0,0,,10.32,10.04,9.2,20.92,,24,39,0.812,0.538,5.318,330,4,69,2,nadir_tohumx2 genis_savurusx1 kritik_gozx1,11,0,45,25,75,49,23,0,4,0,5,,0,0,0,0,0,0,0,0,0,0,0.846,8.4,1.333
26,Run50_KirilmaV1,Hız-alan + Ritim,bahcivan,standart,105,ödülsüz eş,24,,,77,63,2,0,0,12,40,23,13,1,0,337,1147,300,0,0,258,78,2,307,118,26,3607,27,3,20.27,1,1,2.026,1.465,9,0.42,2,22,8.59,1.81,2.5,2.91,,,15,6,0,0,,4.56,8.31,11.61,,,23,41,0.79,0.61,5.247,352,1,70,2,nadir_tohumx2 genis_savurusx1 kritik_gozx1,16,0,45,26,78,49,26,0,4,0,5,,0,0,0,0,0,0,0,0,0,0,0.707,7.489,1.711
26,Run50_KirilmaV1,Hız-alan + Ritim,bahcivan,standart,105,ödülsüz eş,25,,,79,58,3,0,0,18,47,17,10,4,1,603,1750,300,603,65,252,82,8,294,125,34,3702,29,6,21.33,1,1,2.026,1.511,9,0.42,2,22,8.82,2.09,2.29,2.57,2.33,1,24,8,0,0,,6.63,6.37,7.53,12.18,0,22,45,0.778,0.467,5.235,387,3,73,5,nadir_tohumx2 genis_savurusx1 kritik_gozx1,18,0,45,28,84,49,29,0,4,0,5,,0,0,0,0,0,0,0,0,0,0,0.8,13.4,1.756
26,Run50_KirilmaV1,Hız-alan + Ritim,bahcivan,standart,105,ödülsüz eş,26,,,94,60,10,0,0,24,58,17,12,7,0,554,554,500,0,0,279,72,14,313,172,48,5465,31,6,21.33,1,1,1.962,1.511,9,0.42,2,22,8.68,1.81,2.08,2.29,2.25,,33,0,0,0,,5.83,7.85,16.27,14.71,,22,47,0.773,0.596,5.136,412,1,74,3,nadir_tohumx3 genis_savurusx1 kritik_gozx1,21,0,45,30,90,49,35,0,4,0,5,,0,0,0,0,0,0,0,0,0,0,0.723,12.311,2.089
26,Run50_KirilmaV1,Hız-alan + Ritim,bahcivan,standart,105,ödülsüz eş,27,,,94,67,8,0,0,19,48,25,12,8,1,720,1274,500,0,0,339,72,16,407,256,44,5017,32,3,21.33,1,1,1.962,1.624,9,0.42,2,22,8.95,1.7,1.89,2,2.29,3,24,14,0,0,0,5.1,7.3,8.03,8.7,13.73,22,49,0.82,0.612,5.162,427,2,76,3,nadir_tohumx3 genis_savurusx1 kritik_gozx1,21,0,45,31,93,49,41,0,4,0,5,,0,0,0,0,0,0,0,0,0,0,0.878,16,2.089
26,Run50_KirilmaV1,Hız-alan + Ritim,bahcivan,standart,105,ödülsüz eş,28,,,111,64,15,0,0,32,51,23,25,10,2,1290,2564,500,0,0,339,173,30,341,186,54,6837,34,6,24.3,1,1,1.962,1.67,9,0.42,2,22,8.82,1.55,1.85,2.08,2.25,6,40,18,0,0,0,2.38,4.68,6.04,7.36,15.7,21,49,0.82,0.592,4.978,443,6,82,1,nadir_tohumx3 genis_savurusx1 kritik_gozx1,25,0,45,33,99,49,44,0,4,0,5,,0,0,0,0,0,0,0,0,0,0,0.714,28.667,2.467
26,Run50_KirilmaV1,Hız-alan + Ritim,bahcivan,standart,105,ödülsüz eş,29,,,110,70,14,0,0,26,49,22,20,13,6,3897,6461,500,0,0,414,120,75,465,253,109,6507,36,6,24.3,1,1,1.901,1.67,9,0.42,2,23,8.96,1.61,1.54,2.47,3,2,30,38,0,0,0,2.64,2.49,12.92,10.69,2.53,19,49,0.818,0.571,4.812,458,2,84,1,nadir_tohumx3 genis_savurusx1 kritik_gozx1,21,0,45,35,105,49,50,0,4,0,5,,0,0,0,0,0,0,0,0,0,0,0.755,86.6,2.444
26,Run50_KirilmaV1,Hız-alan + Ritim,bahcivan,standart,105,ödülsüz eş,30,,,77,51,9,0,0,17,30,19,12,12,4,3050,9511,500,3050,100,294,95,51,394,124,100,4976,37,3,25.51,1,1,1.901,1.736,9,0.42,2,23,9,1.4,2.25,2.75,2.6,4,36,6,0,0,0,2.47,5.58,9.5,8.74,21.85,13,49,0.767,0.531,4.119,535,4,88,3,nadir_tohumx3 genis_savurusx1 kritik_gozx1,18,0,45,36,108,49,56,0,4,0,5,,0,0,0,0,0,0,0,0,0,0,0.796,67.778,1.711
26,Run50_KirilmaV1,Hız-alan + Ritim,bahcivan,standart,105,ödülsüz eş,31,,,154,104,21,0,0,29,52,48,28,18,8,5636,5636,1200,0,0,675,246,66,734,320,66,10115,39,6,31.35,1,1,1.331,1.736,9,0.42,2,33,9,1.57,1.9,2.23,2.22,2.17,41,17,0,0,0,4.53,5.11,7.08,3.25,5.99,12,53,0.81,0.679,3.986,598,5,93,2,nadir_tohumx3 genis_savurusx1 kritik_gozx1 firtina_bilegix1,28,0,45,38,114,49,59,0,4,0,5,,0,0,0,0,0,0,0,0,0,0,0.868,125.244,3.422
26,Run50_KirilmaV1,Hız-alan + Ritim,bahcivan,standart,105,ödülsüz eş,32,,,157,89,20,6,0,42,55,40,35,20,7,3962,9598,1200,0,0,600,245,108,699,285,154,10578,41,6,31.35,1,1,1.289,1.736,9,0.42,2,34,9,1.57,1.92,1.8,2.36,3.5,28,16,4,0,0,5.2,6.23,4.44,9.37,13.54,15,68,0.802,0.515,4.407,694,3,96,6,nadir_tohumx3 genis_savurusx1 kritik_gozx1 firtina_bilegix1,30,0,45,40,120,55,59,0,4,0,5,,0,0,0,0,0,0,0,0,0,0,0.912,88.044,3.489
26,Run50_KirilmaV1,Hız-alan + Ritim,bahcivan,standart,105,ödülsüz eş,33,,,153,89,23,1,0,40,48,48,28,24,5,4506,14104,1200,0,0,480,280,124,549,485,163,9774,42,3,31.35,1,1,1.289,1.802,9,0.42,2,34,9,1.67,1.82,2.31,2.4,3,33,14,0,0,0,4.14,5.98,5.56,7.86,15.46,18,74,0.843,0.649,4.581,727,5,101,3,nadir_tohumx3 genis_savurusx1 kritik_gozx1 firtina_bilegix1,29,0,45,41,123,61,59,0,4,0,5,,0,0,0,0,0,0,0,0,0,0,0.905,100.133,3.4
26,Run50_KirilmaV1,Hız-alan + Ritim,bahcivan,standart,105,ödülsüz eş,34,,,168,98,25,6,0,39,58,45,38,23,4,4190,18294,1200,0,0,549,375,112,578,450,195,11345,44,6,36.27,1,1,1.289,1.802,9,0.42,2,34,9,1.5,1.63,2.45,2.13,4,43,4,0,0,0,3.54,2.96,6.5,6.53,13.54,20,78,0.838,0.654,4.488,782,7,108,2,nadir_tohumx3 genis_savurusx1 kritik_gozx1 firtina_bilegix1,34,0,45,43,129,64,59,0,4,0,5,,0,0,0,0,0,0,0,0,0,0,0.846,93.111,3.733
26,Run50_KirilmaV1,Hız-alan + Ritim,bahcivan,standart,105,ödülsüz eş,35,,,104,66,17,0,0,21,27,25,28,21,3,3057,21351,1200,3057,220,327,252,125,435,372,225,6891,45,3,36.27,1,1,1.248,1.802,9,0.42,2,36,6,1.72,1.71,2.47,2.42,1.5,19,13,4,0,0,4.02,2.86,6.9,6.98,0.63,21,81,0.89,0.79,4.557,800,5,113,1,nadir_tohumx3 genis_savurusx1 kritik_gozx1 firtina_bilegix1,23,0,45,44,132,70,59,0,4,0,5,,0,0,0,0,0,0,0,0,0,0,0.926,67.933,2.311
26,Run50_KirilmaV1,Hız-alan + Ritim,bahcivan,standart,105,ödülsüz eş,36,,,186,118,26,4,0,38,57,54,39,23,13,6943,6943,2800,0,0,816,568,200,1011,940,315,12438,47,6,36.27,1.25,1,1.248,1.802,9,0.42,2,36,9,1.53,1.66,2.24,2.23,1.75,33,10,8,0,0,3.28,4.25,8.69,7.59,2.03,21,81,0.839,0.716,4.451,819,2,115,0,nadir_tohumx3 genis_savurusx1 kritik_gozx1 firtina_bilegix1 keskin_bicakx1,36,0,45,46,138,73,59,0,4,0,5,,0,0,0,0,0,0,0,0,0,0,0.716,154.289,4.133
26,Run50_KirilmaV1,Hız-alan + Ritim,bahcivan,standart,105,ödülsüz eş,37,,,203,127,15,0,0,61,78,49,37,32,7,6785,13728,2800,0,0,687,567,181,783,647,371,12781,48,3,42.03,1.25,1,1.248,1.868,9,0.42,2,36,9,1.42,1.49,1.93,2.38,3,47,30,9,0,0,2.76,2.21,7.36,6.4,12.49,21,81,0.818,0.667,4.276,852,7,122,0,nadir_tohumx3 genis_savurusx1 kritik_gozx1 firtina_bilegix1 keskin_bicakx1,39,0,45,47,141,79,59,0,4,0,5,,0,0,0,0,0,0,0,0,0,0,0.741,150.778,4.511
26,Run50_KirilmaV1,Hız-alan + Ritim,bahcivan,standart,105,ödülsüz eş,38,,,183,115,27,2,0,39,54,49,48,26,6,5669,19397,2800,0,0,739,539,222,782,806,453,11974,49,3,42.03,1.25,1,1.209,1.868,9,0.42,2,37,9,1.44,1.94,2.16,2.31,3,34,17,3,0,0,3.66,6.63,4.72,8.01,9.06,21,81,0.85,0.716,4.158,877,4,126,0,nadir_tohumx3 genis_savurusx1 kritik_gozx1 firtina_bilegix1 keskin_bicakx1,31,0,45,48,144,81,60,0,4,0,5,,0,0,0,0,0,0,0,0,0,0,0.765,125.978,4.067
26,Run50_KirilmaV1,Hız-alan + Ritim,bahcivan,standart,105,ödülsüz eş,39,,,239,142,29,2,0,66,71,67,51,37,13,10322,29719,2800,0,0,930,866,288,1082,952,741,19132,51,6,48.2,1.25,1,1.209,1.934,9,0.42,2,37,9,1.27,1.59,1.67,1.92,2.63,58,31,18,0,0,1.59,3.69,4.61,3.87,7.26,21,81,0.8,0.667,4.158,877,3,129,0,nadir_tohumx3 genis_savurusx1 kritik_gozx1 firtina_bilegix1 keskin_bicakx1,41,0,45,50,150,81,63,0,4,0,5,,0,0,0,0,0,0,0,0,0,0,0.765,229.378,5.311
26,Run50_KirilmaV1,Hız-alan + Ritim,bahcivan,standart,105,ödülsüz eş,40,,,206,126,32,1,0,47,73,55,42,26,10,7333,37052,2800,7333,500,814,719,277,1046,871,863,13986,53,6,48.2,1.25,1,1.171,1.934,9,0.42,2,38,9,1.56,1.64,2.04,2.13,2.6,38,24,6,5,0,2.75,3.51,5.36,3.88,8.66,21,81,0.82,0.691,4.138,881,4,133,0,nadir_tohumx3 genis_savurusx1 kritik_gozx1 firtina_bilegix1 keskin_bicakx1,37,0,45,52,156,81,69,0,4,0,5,,0,0,0,0,0,0,0,0,0,0,0.901,162.956,4.578
26,Run50_KirilmaV1,Hız-alan + Ritim,bahcivan,standart,105,ödülsüz eş,41,,,238,154,20,3,0,61,74,65,63,27,9,6363,6363,4500,0,0,948,823,329,1094,894,1192,16224,54,3,48.2,1.25,1,0.995,2,9,0.437,2,45,9,1.4,1.65,2.19,2.44,2.56,39,33,11,5,14,2.94,3.01,7.15,6.74,6.86,21,81,0.811,0.63,3.977,917,5,138,0,nadir_tohumx3 genis_savurusx1 kritik_gozx1 firtina_bilegix1 keskin_bicakx1 hizli_bilekx1,44,0,45,53,159,81,75,0,4,0,5,,0,0,0,0,0,0,0,0,0,0,0.765,141.4,5.289
26,Run50_KirilmaV1,Hız-alan + Ritim,bahcivan,standart,105,ödülsüz eş,42,,,270,169,33,0,0,68,94,81,52,32,11,8764,15127,4500,0,0,1338,726,294,1582,730,1316,18364,56,6,54.76,1.25,1,0.964,2,9,0.437,2,46,9,1.44,1.56,2.06,1.86,3.2,48,32,12,0,0,2.48,3.03,5.04,3.53,10.21,21,81,0.778,0.63,3.973,917,4,142,0,nadir_tohumx3 genis_savurusx1 kritik_gozx1 firtina_bilegix1 keskin_bicakx1 hizli_bilekx1,47,0,45,55,165,81,78,0,4,0,5,,0,0,0,0,0,0,0,0,0,0,0.802,194.756,6
26,Run50_KirilmaV1,Hız-alan + Ritim,bahcivan,standart,105,ödülsüz eş,43,,,345,225,43,8,0,69,133,87,72,39,14,11738,26865,4500,0,0,1710,1251,258,1797,1551,1574,24226,58,6,54.76,1.25,1,0.964,2.066,12,0.453,2,46,11.98,1.34,1.79,2.15,2.56,3.09,52,26,22,4,0,1.73,3,4.95,5.07,7.1,21,81,0.728,0.58,3.963,920,5,147,0,nadir_tohumx3 genis_savurusx1 kritik_gozx1 firtina_bilegix1 keskin_bicakx1 hizli_bilekx1,54,0,45,57,171,81,84,0,4,0,5,,0,0,0,0,0,0,0,0,0,0,0.753,260.844,7.667
26,Run50_KirilmaV1,Hız-alan + Ritim,bahcivan,standart,105,ödülsüz eş,44,,,353,235,36,4,0,78,117,98,81,43,14,12987,39852,4500,0,0,1732,1200,378,1839,2241,1952,26227,59,3,58.9,1.25,1,0.964,2.132,12,0.453,2,46,11.85,1.37,1.8,2,2.21,2.27,49,22,20,4,0,1.55,3.22,3.71,4.05,4.64,21,81,0.734,0.556,3.831,951,5,152,0,nadir_tohumx3 genis_savurusx1 kritik_gozx1 firtina_bilegix1 keskin_bicakx1 hizli_bilekx1,57,0,45,58,174,81,90,0,4,0,5,,0,0,0,0,0,0,0,0,0,0,0.691,288.6,7.844
26,Run50_KirilmaV1,Hız-alan + Ritim,bahcivan,standart,105,ödülsüz eş,45,,,370,260,30,5,0,75,103,117,80,53,17,10673,50525,4500,10673,800,2113,1392,420,2232,1463,1167,29882,61,6,66.05,1.25,1,0.964,2.132,12,0.47,2.556,46,10.91,1.09,1.53,1.7,1.75,2.55,85,38,27,32,21,0.46,2.1,2.7,3.48,4.38,21,81,0.597,0.432,3.737,975,12,164,0,nadir_tohumx3 genis_savurusx1 kritik_gozx1 firtina_bilegix1 keskin_bicakx1 hizli_bilekx1,58,0,45,60,180,81,93,0,4,0,5,,0,0,0,0,0,0,0,0,0,0,0.642,237.178,8.222
26,Run50_KirilmaV1,Hız-alan + Ritim,bahcivan,standart,105,ödülsüz eş,46,,,459,309,44,12,0,94,165,117,99,57,21,19561,19561,6000,0,0,2261,1743,534,2453,2006,1701,34522,63,6,75.87,1.563,1,0.964,2.198,12,0.487,2.556,46,11.59,1.22,1.12,1.48,1.78,2.08,70,71,40,23,9,0.82,0.57,1.76,2.82,3.78,21,81,0.654,0.407,3.737,975,4,168,0,nadir_tohumx3 genis_savurusx1 kritik_gozx1 firtina_bilegix1 keskin_bicakx2 hizli_bilekx1,71,0,45,62,186,81,99,0,4,0,5,,0,0,0,0,0,0,0,0,0,0,0.741,434.689,10.2
26,Run50_KirilmaV1,Hız-alan + Ritim,bahcivan,standart,105,ödülsüz eş,47,,,446,308,55,6,0,77,150,131,89,59,17,17642,37203,6000,0,0,2567,1329,546,2570,2135,1867,33870,65,6,75.87,1.563,1,0.964,2.198,12,0.487,2.667,46,11.7,1.15,1.35,1.63,1.78,1.89,76,61,30,24,20,1.15,1.84,3.51,4.02,3.1,21,81,0.702,0.543,3.532,1032,7,175,0,nadir_tohumx3 genis_savurusx1 kritik_gozx1 firtina_bilegix1 keskin_bicakx2 hizli_bilekx1,68,0,45,64,192,81,105,0,4,0,5,,0,0,0,0,0,0,0,0,0,0,0.63,392.044,9.911
26,Run50_KirilmaV1,Hız-alan + Ritim,bahcivan,standart,105,ödülsüz eş,48,,,487,343,52,6,0,86,158,143,101,63,22,20191,57394,6000,0,0,2983,1554,594,3138,1599,641,39812,67,6,91.02,1.563,1,0.964,2.198,12,0.503,2.667,46,11.78,1.15,1.13,1.31,1.7,1.77,77,78,58,21,23,0.88,0.43,1.96,3.75,5.04,23,89,0.681,0.506,3.574,1121,6,181,3,nadir_tohumx3 genis_savurusx1 kritik_gozx1 firtina_bilegix1 keskin_bicakx2 hizli_bilekx1,77,0,45,66,198,81,111,0,4,0,5,,0,0,0,0,0,0,0,0,0,0,0.787,448.689,10.822
26,Run50_KirilmaV1,Hız-alan + Ritim,bahcivan,standart,105,ödülsüz eş,49,,,476,316,58,1,4,97,139,120,110,90,17,20651,78045,6000,0,0,2840,1686,612,3088,2668,653,41854,69,6,91.02,1.563,1,0.964,2.198,12,0.503,2.778,46,12,1.06,1.32,1.42,1.76,2.25,84,61,43,21,8,0.14,1.73,2.31,4.09,6.39,24,121,0.762,0.355,3.536,1540,6,187,14,nadir_tohumx3 genis_savurusx1 kritik_gozx1 firtina_bilegix1 keskin_bicakx2 hizli_bilekx1,77,0,45,68,204,87,111,0,4,0,5,,0,0,0,0,0,0,0,0,0,0,0.769,458.911,10.578
26,Run50_KirilmaV1,Hız-alan + Ritim,bahcivan,standart,105,ödülsüz eş,50,,,511,346,62,7,1,95,136,135,134,82,24,21059,99104,6000,0,0,2970,2223,750,3778,2591,1403,43619,71,6,102.22,1.563,1,0.964,2.198,12,0.52,2.778,46,12,1.17,1.15,1.35,1.52,1.56,78,68,61,26,28,0.83,0.61,2.1,3.85,2.23,24,121,0.768,0.595,3.436,1585,4,191,0,nadir_tohumx3 genis_savurusx1 kritik_gozx1 firtina_bilegix1 keskin_bicakx2 hizli_bilekx1,78,0,45,70,210,93,111,0,4,0,5,,0,0,0,0,0,0,0,0,0,0,0.686,467.978,11.356
26,Run50_KirilmaV1,Hız-alan + Ritim,bahcivan,standart,105,ödülsüz eş,50,KAZANDI
26,Run50_KirilmaV1,Hız-alan + Ritim,bahcivan,standart,105,LAB R15 A ödülsüz #1,15,,,30,27,0,0,0,3,22,5,3,0,0,68,68,150,68,30,96,12,0,176,12,0,852,3,6,14,1,1,2.16,1.327,6,0.3,2,20,5.15,2.47,2.8,3.33,,,0,20,0,0,,5.46,12.1,12.24,,,14,19,0.791,0.632,6.138,139,0,0,0,nadir_tohumx1 genis_savurusx1,7,0,45,2,6,0,0,0,0,0,15,,0,0,0,0,0,0,0,0,0,0,0.947,1.511,0.667
26,Run50_KirilmaV1,Hız-alan + Ritim,bahcivan,standart,105,LAB R15 B +hasat_ritmi #1,15,,,42,37,0,0,0,5,30,10,2,0,0,82,82,150,82,30,150,8,0,230,8,0,1210,3,6,14,1,1,2.16,1.327,6,0.3,2,20,5.45,2.14,2.57,3.5,,,16,0,0,0,,4.94,6.18,14.03,,,14,19,0.724,0.474,6.138,139,0,0,0,nadir_tohumx1 genis_savurusx1 hasat_ritmix1,10,0,45,2,6,0,0,0,0,0,15,,0,0,0,0,0,4,4,0,0,0,0.737,1.822,0.933
26,Run50_KirilmaV1,Hız-alan + Ritim,bahcivan,standart,105,LAB R15 A ödülsüz #2,15,,,38,34,0,0,0,4,23,11,4,0,0,110,110,150,110,30,135,16,0,215,16,0,1140,3,6,14,1,1,2.16,1.327,6,0.3,2,20,5.2,2.45,2.73,3.67,,,9,15,0,0,,5.62,6.48,7.92,,,14,19,0.749,0.474,6.138,139,0,0,0,nadir_tohumx1 genis_savurusx1,12,0,45,2,6,0,0,0,0,0,15,,0,0,0,0,0,0,0,0,0,0,0.737,2.444,0.844
26,Run50_KirilmaV1,Hız-alan + Ritim,bahcivan,standart,105,LAB R15 B +hasat_ritmi #2,15,,,40,35,2,0,0,3,26,8,5,1,0,135,135,150,135,30,126,20,2,206,20,2,1269,4,9,14,1,1,2.16,1.327,6,0.3,2,20,5.5,2.18,2.5,3.5,1,,10,10,0,100,,5.01,5.68,8.65,0,,14,19,0.729,0.368,6.138,139,0,0,0,nadir_tohumx1 genis_savurusx1 hasat_ritmix1,11,0,45,3,9,0,0,0,0,0,15,,0,0,0,0,0,4,4,0,0,0,0.684,3,0.889
26,Run50_KirilmaV1,Hız-alan + Ritim,bahcivan,standart,105,LAB R15 A ödülsüz #3,15,,,37,35,0,0,0,2,31,3,2,1,0,92,92,150,92,30,111,8,2,191,8,2,1008,3,6,14,1,1,2.16,1.327,6,0.3,2,20,5.1,2.28,2.67,2.5,4,,6,0,0,0,,5.14,5.77,7.56,15.13,,14,19,0.752,0.421,6.138,139,0,0,0,nadir_tohumx1 genis_savurusx1,9,0,45,2,6,0,0,0,0,0,15,,0,0,0,0,0,0,0,0,0,0,0.895,2.044,0.822
26,Run50_KirilmaV1,Hız-alan + Ritim,bahcivan,standart,105,LAB R15 B +hasat_ritmi #3,15,,,46,42,0,0,0,4,31,10,5,0,0,127,127,150,127,30,153,20,0,233,20,0,1378,4,9,14,1,1,2.16,1.327,6,0.3,2,20,5.45,2,2.44,3.4,,,19,0,0,,,4.32,7.92,12.1,,,14,19,0.7,0.474,6.138,139,0,0,0,nadir_tohumx1 genis_savurusx1 hasat_ritmix1,10,0,45,3,9,0,0,0,0,0,15,,0,0,0,0,0,5,4,0,0,0,0.789,2.822,1.022
26,Run50_KirilmaV1,Hız-alan + Ritim,bahcivan,standart,105,LAB R25 A ödülsüz #1,25,,,94,73,4,0,0,17,59,20,11,2,2,570,570,300,570,65,390,72,4,470,72,4,4351,10,27,21.33,1,1,2.026,1.511,9,0.42,2,22,8.68,1.79,2,2,1,2.5,38,19,27,0,0,4.95,9.63,8.78,0,13.18,22,45,0.772,0.556,5.235,387,0,0,0,nadir_tohumx2 genis_savurusx1 kritik_gozx1,20,0,45,9,27,0,0,0,0,0,25,,0,0,0,0,0,0,0,0,0,0,0.867,12.667,2.089
26,Run50_KirilmaV1,Hız-alan + Ritim,bahcivan,standart,105,LAB R25 B +hasat_ritmi #1,25,,,101,77,8,0,0,16,62,20,14,4,1,617,617,300,617,65,354,84,8,434,84,8,5241,11,30,21.33,1,1,2.026,1.511,9,0.42,2,22,9.59,1.51,1.93,2.17,2,2,45,25,21,14,0,3.29,3.92,7.09,6.08,12.17,22,45,0.75,0.511,5.235,387,0,0,0,nadir_tohumx2 genis_savurusx1 kritik_gozx1 hasat_ritmix1,21,0,45,10,30,0,0,0,0,0,25,,0,0,0,0,0,6,6,0,0,0,0.978,13.711,2.244
26,Run50_KirilmaV1,Hız-alan + Ritim,bahcivan,standart,105,LAB R25 sinerji A ödülsüz #1,25,,,130,104,6,0,0,20,62,38,19,9,2,963,963,300,963,65,459,114,28,539,114,28,7018,13,36,21.33,1,1,1.244,1.995,9,0.42,2,36,8.53,2.02,2.5,2.27,2.11,3,29,10,18,38,0,4.71,7.51,5.98,4.01,4.96,26,49,0.704,0.367,5.355,412,0,0,0,nadir_tohumx2 genis_savurusx2 kritik_gozx1 hizli_bilekx3,30,0,45,12,36,0,0,0,0,0,25,,0,0,0,0,0,0,0,0,0,0,0.673,21.4,2.889
26,Run50_KirilmaV1,Hız-alan + Ritim,bahcivan,standart,105,LAB R25 sinerji B +hasat_ritmi #1,25,,,177,147,2,0,0,28,106,37,27,7,0,929,929,300,929,65,540,174,14,620,174,14,8420,15,42,21.33,1,1,1.244,1.995,9,0.42,2,36,10.14,1.69,2.33,2.61,3.17,,44,22,24,29,,2.31,4.98,5.3,4.98,,26,49,0.619,0.306,5.355,412,0,0,0,nadir_tohumx2 genis_savurusx2 kritik_gozx1 hasat_ritmix1 hizli_bilekx3,37,0,45,14,42,0,0,0,0,0,25,,0,0,0,0,0,11,10,0,0,0,0.694,20.644,3.933
26,Run50_KirilmaV1,Hız-alan + Ritim,bahcivan,standart,105,LAB R25 A ödülsüz #2,25,,,90,69,5,0,0,16,55,21,11,3,0,475,475,300,475,65,294,66,6,374,66,6,4076,9,24,21.33,1,1,2.026,1.511,9,0.42,2,22,8.86,1.88,2.24,2.38,2.5,,47,24,21,0,,6.42,7.04,8.35,19.25,,22,45,0.785,0.422,5.235,387,0,0,0,nadir_tohumx2 genis_savurusx1 kritik_gozx1,23,0,45,8,24,0,0,0,0,0,25,,0,0,0,0,0,0,0,0,0,0,0.778,10.556,2
26,Run50_KirilmaV1,Hız-alan + Ritim,bahcivan,standart,105,LAB R25 B +hasat_ritmi #2,25,,,111,90,0,0,0,21,64,32,13,2,0,436,436,300,436,65,384,78,4,464,78,4,5449,11,30,21.33,1,1,2.026,1.511,9,0.42,2,22,9.59,1.75,1.71,1.82,3,,45,29,29,0,,4.78,3.28,5.52,11.14,,22,45,0.749,0.444,5.235,387,0,0,0,nadir_tohumx2 genis_savurusx1 kritik_gozx1 hasat_ritmix1,22,0,45,10,30,0,0,0,0,0,25,,0,0,0,0,0,7,7,0,0,0,0.733,9.689,2.467
26,Run50_KirilmaV1,Hız-alan + Ritim,bahcivan,standart,105,LAB R25 sinerji A ödülsüz #2,25,,,131,105,5,0,0,21,77,34,15,4,1,658,658,300,658,65,435,112,10,515,112,10,6464,13,36,21.33,1,1,1.244,1.995,9,0.42,2,36,8.47,1.95,2.22,2.54,2,4,28,21,12,0,0,4.86,7.88,9.76,2.47,14.93,26,49,0.712,0.367,5.355,412,0,0,0,nadir_tohumx2 genis_savurusx2 kritik_gozx1 hizli_bilekx3,33,0,45,12,36,0,0,0,0,0,25,,0,0,0,0,0,0,0,0,0,0,0.755,14.622,2.911
26,Run50_KirilmaV1,Hız-alan + Ritim,bahcivan,standart,105,LAB R25 sinerji B +hasat_ritmi #2,25,,,172,148,5,0,0,19,93,45,25,8,1,1106,1106,300,1106,65,555,172,16,635,172,16,8747,15,42,21.33,1,1,1.244,1.995,9,0.42,2,36,10.33,1.83,2.2,3.1,1.86,4,42,21,11,33,0,3.1,4.3,6.52,2.31,4.96,26,49,0.636,0.347,5.355,412,0,0,0,nadir_tohumx2 genis_savurusx2 kritik_gozx1 hasat_ritmix1 hizli_bilekx3,38,0,45,14,42,0,0,0,0,0,25,,0,0,0,0,0,10,10,0,0,0,0.469,24.578,3.822
26,Run50_KirilmaV1,Hız-alan + Ritim,bahcivan,standart,105,LAB R25 A ödülsüz #3,25,,,89,65,6,0,0,18,49,24,10,3,3,873,873,300,873,65,387,60,16,467,60,16,4781,10,27,21.33,1,1,2.026,1.511,9,0.42,2,22,8.77,1.63,2.53,2.5,2,3,38,20,23,0,0,4.51,10.49,11.91,6.08,13.51,22,45,0.788,0.556,5.235,387,0,0,0,nadir_tohumx2 genis_savurusx1 kritik_gozx1,16,0,45,9,27,0,0,0,0,0,25,,0,0,0,0,0,0,0,0,0,0,0.8,19.4,1.978
26,Run50_KirilmaV1,Hız-alan + Ritim,bahcivan,standart,105,LAB R25 B +hasat_ritmi #3,25,,,108,85,1,0,0,22,57,32,10,5,4,1035,1035,300,1035,65,411,104,20,491,104,20,5298,11,30,21.33,1,1,2.026,1.511,9,0.42,2,22,9.41,1.61,2.19,2.1,2,2,54,16,14,33,25,4.49,5.79,9.93,6.58,13.18,22,45,0.754,0.467,5.235,387,0,0,0,nadir_tohumx2 genis_savurusx1 kritik_gozx1 hasat_ritmix1,26,0,45,10,30,0,0,0,0,0,25,,0,0,0,0,0,6,6,0,0,0,0.667,23,2.4
26,Run50_KirilmaV1,Hız-alan + Ritim,bahcivan,standart,105,LAB R25 sinerji A ödülsüz #3,25,,,127,88,3,0,0,36,70,31,20,4,2,1019,1019,300,1019,65,447,154,8,527,154,8,6604,13,36,21.33,1,1,1.244,1.995,9,0.42,2,36,8.56,2.06,1.95,3.31,4.5,4,28,19,12,0,0,4.65,5.7,10.58,18.67,17.43,26,49,0.728,0.429,5.355,412,0,0,0,nadir_tohumx2 genis_savurusx2 kritik_gozx1 hizli_bilekx3,30,0,45,12,36,0,0,0,0,0,25,,0,0,0,0,0,0,0,0,0,0,0.714,22.644,2.822
26,Run50_KirilmaV1,Hız-alan + Ritim,bahcivan,standart,105,LAB R25 sinerji B +hasat_ritmi #3,25,,,159,133,5,0,0,21,71,49,26,10,3,1413,1413,300,1413,65,552,178,30,632,178,30,9478,16,45,21.33,1,1,1.244,1.995,9,0.42,2,36,10.06,1.86,2.45,2.52,2.44,3,35,20,19,0,67,3.09,5.1,5.28,4.84,8.29,26,49,0.666,0.265,5.355,412,0,0,0,nadir_tohumx2 genis_savurusx2 kritik_gozx1 hasat_ritmix1 hizli_bilekx3,42,0,45,15,45,0,0,0,0,0,25,,0,0,0,0,0,9,9,0,0,0,0.653,31.4,3.533
26,Run50_KirilmaV1,Hız-alan + Ritim,bahcivan,standart,105,LAB R40 A ödülsüz #1,40,,,233,134,42,4,0,53,89,65,44,25,10,6154,6154,2800,6154,500,950,607,340,1030,607,340,17032,22,63,48.2,1.25,1,1.171,1.934,9,0.42,2,38,9,1.33,1.55,2,1.69,2.38,60,45,28,32,29,1.98,3.32,3.61,3.8,6.44,21,81,0.81,0.556,4.138,881,0,0,0,nadir_tohumx3 genis_savurusx1 kritik_gozx1 firtina_bilegix1 keskin_bicakx1,50,0,45,21,63,0,0,0,0,0,40,,0,0,0,0,0,0,0,0,0,0,0.753,136.756,5.178
26,Run50_KirilmaV1,Hız-alan + Ritim,bahcivan,standart,105,LAB R40 B +hasat_ritmi #1,40,,,320,206,49,5,0,60,122,91,52,46,9,8918,8918,2800,8918,500,1232,863,368,1312,863,368,20360,24,69,48.2,1.25,1,1.171,1.934,9,0.42,2,38,11.32,1.24,1.52,1.94,2.04,2.2,69,46,40,25,29,0.78,2.84,4.33,4.08,5.15,21,81,0.752,0.383,4.138,881,0,0,0,nadir_tohumx3 genis_savurusx1 kritik_gozx1 firtina_bilegix1 keskin_bicakx1 hasat_ritmix1,63,0,45,23,69,0,0,0,0,0,40,,0,0,0,0,0,13,13,0,0,0,0.642,198.178,7.111
26,Run50_KirilmaV1,Hız-alan + Ritim,bahcivan,standart,105,LAB R40 A ödülsüz #2,40,,,243,140,53,8,0,42,87,60,62,24,10,6199,6199,2800,6199,500,1146,897,213,1226,897,213,16570,22,63,48.2,1.25,1,1.171,1.934,9,0.42,2,38,9,1.32,1.49,1.75,2.29,3.2,66,49,34,25,0,1.94,1.91,3.97,8.19,9.13,21,81,0.803,0.605,4.138,881,0,0,0,nadir_tohumx3 genis_savurusx1 kritik_gozx1 firtina_bilegix1 keskin_bicakx1,50,0,45,21,63,0,0,0,0,0,40,,0,0,0,0,0,0,0,0,0,0,0.728,137.756,5.4
26,Run50_KirilmaV1,Hız-alan + Ritim,bahcivan,standart,105,LAB R40 B +hasat_ritmi #2,40,,,319,215,49,0,0,55,111,79,82,36,11,9195,9195,2800,9195,500,1394,1223,245,1474,1223,245,21784,24,69,48.2,1.25,1,1.171,1.934,9,0.42,2,38,11.55,1.29,1.31,1.58,2.05,2.2,66,59,40,33,36,1.73,1.15,2.17,4.74,3.29,21,81,0.747,0.506,4.138,881,0,0,0,nadir_tohumx3 genis_savurusx1 kritik_gozx1 firtina_bilegix1 keskin_bicakx1 hasat_ritmix1,63,0,45,23,69,0,0,0,0,0,40,,0,0,0,0,0,15,14,0,0,0,0.827,204.333,7.089
26,Run50_KirilmaV1,Hız-alan + Ritim,bahcivan,standart,105,LAB R40 A ödülsüz #3,40,,,262,154,36,1,0,71,106,80,52,13,11,8149,8149,2800,8149,500,1262,937,124,1342,937,124,17594,22,63,48.2,1.25,1,1.171,1.934,9,0.42,2,38,9,1.34,1.36,1.72,2.17,1.5,58,53,32,14,43,1.98,1.81,2.64,2.73,0.97,21,81,0.784,0.531,4.138,881,0,0,0,nadir_tohumx3 genis_savurusx1 kritik_gozx1 firtina_bilegix1 keskin_bicakx1,58,0,45,21,63,0,0,0,0,0,40,,0,0,0,0,0,0,0,0,0,0,0.778,181.089,5.822
26,Run50_KirilmaV1,Hız-alan + Ritim,bahcivan,standart,105,LAB R40 B +hasat_ritmi #3,40,,,325,215,57,4,0,49,113,103,69,28,12,7313,7313,2800,7313,500,1494,1098,266,1574,1098,266,22796,25,72,48.2,1.25,1,1.171,1.934,9,0.42,2,38,11.39,1.24,1.33,1.83,1.63,1.67,67,60,50,44,30,1.2,2.27,3.66,4.32,2.15,21,81,0.735,0.506,4.138,881,0,0,0,nadir_tohumx3 genis_savurusx1 kritik_gozx1 firtina_bilegix1 keskin_bicakx1 hasat_ritmix1,71,0,45,24,72,0,0,0,0,0,40,,0,0,0,0,0,13,13,0,0,0,0.765,162.511,7.222
27,Run50_KirilmaV1,Hız-alan + Ritim,bahcivan,standart,106,ödülsüz eş,1,,,14,14,0,0,0,0,12,2,0,0,0,18,18,45,0,0,32,0,0,32,0,0,300,1,0,10,1,1,3,0.9,4,0.3,2,14,1.93,1.67,3,,,,38,0,,,,2,6,,,,2,4,0.315,0,8,23,0,0,2,,3,0.19,45,0,0,0,0,0,0,0,0,,0,0,0,0,0,0,0,0,0,0,0.5,0.4,0.311
27,Run50_KirilmaV1,Hız-alan + Ritim,bahcivan,standart,106,ödülsüz eş,2,,,15,15,0,0,0,0,12,2,0,1,0,48,66,45,0,0,32,0,2,37,0,2,350,2,3,10,1,1,2.892,0.9,4,0.3,2,15,2.4,1.92,3.5,,6,,27,0,,0,,3.86,7.22,,31.84,,3,5,0.496,0,8,28,1,1,1,,3,0.038,45,1,3,0,0,0,0,0,0,,0,0,0,0,0,0,0,0,0,0,0,1.067,0.333
27,Run50_KirilmaV1,Hız-alan + Ritim,bahcivan,standart,106,ödülsüz eş,3,,,13,13,0,0,0,0,7,4,2,0,0,48,114,45,0,0,30,8,0,38,8,2,340,3,3,10,1,1,2.789,0.9,4,0.3,2,16,2.63,2.29,3.5,4,,,0,0,0,,,5.98,8.37,16.73,,,4,6,0.557,0,8,34,1,2,1,,4,0.068,45,2,6,3,0,0,2,0,0,,0,0,0,0,0,0,0,0,0,0,0.5,1.067,0.289
27,Run50_KirilmaV1,Hız-alan + Ritim,bahcivan,standart,106,ödülsüz eş,4,,,15,15,0,0,0,0,13,2,0,0,0,25,139,45,0,0,34,0,0,36,8,2,320,4,3,10,1,1,2.592,0.9,4,0.3,2,17,2.35,2.46,2.5,,,,0,0,,,,5.99,7.77,,,,4,6,0.599,0.333,7.804,35,4,6,0,,3,0,45,3,9,6,0,0,2,0,0,,0,0,0,0,0,0,0,0,0,0,0.333,0.556,0.333
27,Run50_KirilmaV1,Hız-alan + Ritim,bahcivan,standart,106,ödülsüz eş,5,,,13,13,0,0,0,0,11,2,0,0,0,23,162,45,23,8,30,0,0,36,8,2,322,4,0,10,1,1,2.592,0.9,4,0.3,2,17,2,2.64,2,,,,0,0,,,,4.95,3.88,,,,4,6,0.43,0,7.393,37,1,7,0,,3,0.001,45,3,9,9,0,0,2,0,5,,0,0,0,0,0,0,0,0,0,0,0.333,0.511,0.289
27,Run50_KirilmaV1,Hız-alan + Ritim,bahcivan,standart,106,ödülsüz eş,6,,,18,18,0,0,0,0,10,5,2,1,0,81,81,110,0,0,40,8,2,47,16,4,522,6,6,10,1,1,2.592,1.188,6,0.3,2,16,3.94,2.6,3.8,4.5,6,,0,0,0,0,,4.15,10.89,9.09,12.97,,5,7,0.559,0,7.475,42,1,8,1,genis_savurusx1,6,0.137,45,5,15,9,0,0,2,0,5,,0,0,0,0,0,0,0,0,0,0,0.571,1.8,0.4
27,Run50_KirilmaV1,Hız-alan + Ritim,bahcivan,standart,106,ödülsüz eş,7,,,21,19,1,0,0,1,13,5,2,1,0,86,167,110,0,0,46,8,2,54,24,6,585,7,3,10.67,1,1,2.5,1.188,6,0.3,2,17,3.88,2.58,3.2,4,,,8,0,0,,,4.79,7,11.25,,,6,8,0.567,0.125,7.53,48,2,10,1,genis_savurusx1,6,0.007,45,6,18,15,0,0,2,0,5,,0,0,0,0,0,0,0,0,0,0,0.5,1.911,0.467
27,Run50_KirilmaV1,Hız-alan + Ritim,bahcivan,standart,106,ödülsüz eş,8,,,26,24,2,0,0,0,19,6,1,0,0,57,224,110,0,0,68,4,0,68,28,6,648,8,3,11.33,1,1,2.41,1.188,6,0.3,2,18,3.78,2.39,2.4,5,,,5,0,0,,,5.63,4.8,9.63,,,7,9,0.532,0.111,7.569,54,3,13,1,genis_savurusx1,7,0.013,45,7,21,18,0,0,2,0,5,,0,0,0,0,0,0,0,0,0,0,0.667,1.267,0.578
27,Run50_KirilmaV1,Hız-alan + Ritim,bahcivan,standart,106,ödülsüz eş,9,,,24,22,1,0,0,1,18,6,0,0,0,47,271,110,0,0,66,0,0,68,28,6,625,9,3,11.33,1,1,2.41,1.188,6,0.3,2,18,3.94,2.5,3.67,,,,0,0,0,,,5.12,9.24,,,,9,12,0.675,0.333,7.314,74,1,14,2,genis_savurusx1,7,0,45,8,24,21,0,0,2,0,5,,0,0,0,0,0,0,0,0,0,0,0.5,1.044,0.533
27,Run50_KirilmaV1,Hız-alan + Ritim,bahcivan,standart,106,ödülsüz eş,10,,,25,25,0,0,0,0,19,5,1,0,0,50,321,110,50,16,63,4,0,81,32,6,644,10,3,11.33,1,1,2.41,1.188,6,0.3,2,18,4.11,2.47,3.2,3,,,0,0,,0,,5.07,8.68,16.87,,,10,13,0.679,0.462,6.974,84,1,15,1,genis_savurusx1,6,0,45,9,27,24,0,0,2,0,5,,0,0,0,0,0,0,0,0,0,0,0.692,1.111,0.556
27,Run50_KirilmaV1,Hız-alan + Ritim,bahcivan,standart,106,ödülsüz eş,11,,,32,31,0,0,0,1,23,5,3,1,0,106,106,150,0,0,71,12,2,83,44,8,867,11,3,11.33,1,1,2.41,1.629,9,0.3,2,18,5.78,2.48,3.6,5,2,,0,0,0,,,7.13,9.16,14.46,2.41,,11,15,0.696,0.4,6.56,103,2,17,1,genis_savurusx2,9,0,45,10,30,25,2,0,2,0,5,,0,0,0,0,0,0,0,0,0,0,0.6,2.356,0.711
27,Run50_KirilmaV1,Hız-alan + Ritim,bahcivan,standart,106,ödülsüz eş,12,,,37,36,1,0,0,0,30,6,0,1,0,94,200,150,0,0,90,0,2,94,14,10,1039,13,6,12,1,1,2.324,1.629,9,0.3,2,19,5.79,2.55,3.17,,5,,0,0,0,0,,7.3,9.3,,9.3,,12,17,0.697,0.412,6.456,119,4,21,1,genis_savurusx2,9,0,45,12,36,25,5,0,2,0,5,,0,0,0,0,0,0,0,0,0,0,0.529,2.089,0.822
27,Run50_KirilmaV1,Hız-alan + Ritim,bahcivan,standart,106,ödülsüz eş,13,,,38,36,2,0,0,0,29,5,4,0,0,96,296,150,0,0,112,16,0,112,30,10,1123,14,3,12.67,1,1,2.324,1.69,9,0.3,2,19,6.05,2.39,3.5,4.25,,,4,0,0,,,8.54,8.12,20.33,,,13,19,0.703,0.368,6.322,135,3,24,1,genis_savurusx2,10,0,45,13,39,31,5,0,2,0,5,,0,0,0,0,0,0,0,0,0,0,0.684,2.133,0.844
27,Run50_KirilmaV1,Hız-alan + Ritim,bahcivan,standart,106,ödülsüz eş,14,,,39,36,3,0,0,0,22,11,6,0,0,132,428,150,0,0,121,24,0,128,24,10,1306,15,3,12.67,1,1,2.24,1.751,9,0.3,2,20,6.45,2.29,3,4.2,,,0,0,0,,,6.4,8.96,14.33,,,14,21,0.757,0.571,6.006,157,4,28,1,genis_savurusx2,8,0,45,14,42,34,5,0,2,0,5,,0,0,0,0,0,0,0,0,0,0,0.619,2.933,0.867
27,Run50_KirilmaV1,Hız-alan + Ritim,bahcivan,standart,106,ödülsüz eş,15,,,36,33,2,0,0,1,26,6,4,0,0,118,546,150,118,30,114,16,0,116,40,10,1313,17,6,14.67,1,1,2.24,1.751,9,0.3,2,20,5,2.04,3.2,2.5,,,13,0,0,0,,6.07,12.09,8.95,,,15,22,0.763,0.591,5.801,171,8,36,1,genis_savurusx2,8,0,45,16,48,37,5,0,2,0,5,,0,0,0,0,0,0,0,0,0,0,0.636,2.622,0.8
27,Run50_KirilmaV1,Hız-alan + Ritim,bahcivan,standart,106,ödülsüz eş,16,,,50,49,1,0,0,0,40,6,3,1,0,151,151,220,0,0,156,12,2,172,27,12,1601,18,3,14.67,1,1,1.904,1.751,9,0.3,2,23,6.26,2.38,2.17,3,2,,0,0,0,,,6.1,5.71,10.78,9.5,,16,23,0.716,0.565,5.76,180,2,38,1,genis_savurusx2 hizli_bilekx1,10,0,45,17,51,43,5,0,2,0,5,,0,0,0,0,0,0,0,0,0,0,0.652,3.356,1.111
27,Run50_KirilmaV1,Hız-alan + Ritim,bahcivan,standart,106,ödülsüz eş,17,,,52,49,0,0,0,3,36,11,5,0,0,136,287,220,0,0,174,20,0,189,47,12,1769,20,6,14.67,1,1,1.836,1.812,9,0.3,2,24,6.58,2.65,2.45,3,,,0,0,0,,,6.96,8.34,7.8,,,17,26,0.729,0.538,5.847,200,3,41,1,genis_savurusx2 hizli_bilekx1,12,0,45,19,57,46,5,0,2,0,5,,0,0,0,0,0,0,0,0,0,0,0.731,3.022,1.156
27,Run50_KirilmaV1,Hız-alan + Ritim,bahcivan,standart,106,ödülsüz eş,18,,,58,56,0,0,0,2,34,15,8,1,0,227,514,220,0,0,192,32,2,197,39,14,2214,21,3,18.13,1,1,1.836,1.812,9,0.3,2,24,6.58,2.09,2.57,2.88,4,,0,0,0,0,0,5.06,8.13,8.94,12.86,,18,27,0.728,0.519,5.569,218,9,50,1,genis_savurusx2 hizli_bilekx1,11,0,45,20,60,49,8,0,2,0,5,,0,0,0,0,0,0,0,0,0,0,0.778,5.044,1.289
27,Run50_KirilmaV1,Hız-alan + Ritim,bahcivan,standart,106,ödülsüz eş,19,,,61,57,1,0,0,3,42,11,6,1,1,290,804,220,0,0,192,41,2,209,80,16,2185,22,3,18.13,1,1,1.778,1.812,9,0.3,2,25,6.68,2,3,3.67,4,4,11,0,0,,0,4.54,7.6,10.67,30.23,16,19,28,0.733,0.571,5.44,232,1,51,1,genis_savurusx2 hizli_bilekx1,10,0,45,21,63,49,11,0,2,0,5,,0,0,0,0,0,0,0,0,0,0,0.643,6.444,1.356
27,Run50_KirilmaV1,Hız-alan + Ritim,bahcivan,standart,106,ödülsüz eş,20,,,55,41,14,0,0,0,32,17,3,3,0,241,1045,220,241,45,198,15,6,230,45,22,2252,24,6,18.13,1,1,1.778,1.934,9,0.3,2,25,6.88,2,3.14,3.5,5.67,,13,0,0,0,0,3.47,6.73,15.11,10.66,,17,32,0.742,0.438,5.093,283,7,58,3,genis_savurusx2 hizli_bilekx1,10,0,45,23,69,49,14,0,2,0,5,,0,0,0,0,0,0,0,0,0,0,0.688,5.356,1.222
27,Run50_KirilmaV1,Hız-alan + Ritim,bahcivan,standart,106,ödülsüz eş,21,,,88,71,14,0,0,3,54,22,8,2,2,524,524,300,0,0,294,40,22,296,50,44,3921,26,6,20.27,1.25,1,1.778,1.934,9,0.3,2,25,7.2,1.64,2.18,2.25,2,1.5,27,0,0,0,,3.05,6.28,7.11,3.55,0.88,18,34,0.76,0.588,4.824,317,7,65,1,genis_savurusx2 hizli_bilekx1 keskin_bicakx1,15,0,45,25,75,49,20,0,2,0,5,,0,0,0,0,0,0,0,0,0,0,0.794,11.644,1.956
27,Run50_KirilmaV1,Hız-alan + Ritim,bahcivan,standart,106,ödülsüz eş,22,,,96,71,19,5,0,1,61,24,9,2,0,407,931,300,0,0,327,54,4,333,79,48,4577,28,6,20.27,1.25,1,1.722,1.934,9,0.3,2,26,7.58,1.72,2.24,3.2,3.5,,15,0,0,0,,3.99,6.28,14.81,10.34,,18,37,0.754,0.541,4.751,350,3,68,2,genis_savurusx2 hizli_bilekx1 keskin_bicakx1,16,0,45,27,81,49,26,0,2,0,5,,0,0,0,0,0,0,0,0,0,0,0.784,9.044,2.133
27,Run50_KirilmaV1,Hız-alan + Ritim,bahcivan,standart,106,ödülsüz eş,23,,,85,65,13,5,0,2,48,23,7,6,1,731,1662,300,0,0,282,64,12,334,85,40,4936,29,3,20.27,1.25,1,1.722,1.995,9,0.3,2,26,8.04,1.86,2.31,2.67,3.4,4,14,0,0,0,0,4.56,8.29,7.74,14.47,8.6,17,40,0.796,0.6,4.626,389,4,72,4,genis_savurusx2 hizli_bilekx1 keskin_bicakx1,17,0,45,28,84,49,32,0,2,0,5,,0,0,0,0,0,0,0,0,0,0,0.85,16.244,1.889
27,Run50_KirilmaV1,Hız-alan + Ritim,bahcivan,standart,106,ödülsüz eş,24,,,107,72,28,4,0,3,58,25,15,7,2,1421,3083,300,0,0,336,118,26,390,190,46,6509,32,9,20.27,1.25,1,1.668,1.995,9,0.3,2,26,8.65,1.81,2,2.38,3.2,5,8,0,0,0,0,4.55,6.25,7.44,18.01,21.66,17,45,0.775,0.578,4.605,440,1,73,4,genis_savurusx2 hizli_bilekx1 keskin_bicakx1,22,0,45,31,93,49,35,0,2,0,5,,0,0,0,0,0,0,0,0,0,0,0.778,31.578,2.378
27,Run50_KirilmaV1,Hız-alan + Ritim,bahcivan,standart,106,ödülsüz eş,25,,,137,80,42,12,0,3,79,32,18,8,0,1102,4185,300,1102,65,453,120,18,458,122,44,8187,34,6,23.08,1.25,1,1.668,2.143,12,0.3,2,26,10.96,1.67,2.63,2.45,4.29,,27,0,0,0,0,2.6,7.81,8.65,14.78,,19,48,0.75,0.521,4.647,465,4,77,4,genis_savurusx2 hizli_bilekx1 keskin_bicakx1,29,0,45,33,99,49,44,0,2,0,5,,0,0,0,0,0,0,0,0,0,0,0.688,24.489,3.044
27,Run50_KirilmaV1,Hız-alan + Ritim,bahcivan,standart,106,ödülsüz eş,26,,,226,141,62,19,0,4,125,53,29,12,7,3562,3562,500,0,0,795,295,39,808,297,83,13646,37,9,25.51,1.25,1,1.168,2.204,12,0.3,2,38,10.21,1.47,2.07,2.33,2.86,3.25,43,7,0,0,0,1.83,4.2,4.9,6.17,7.01,20,49,0.625,0.388,4.658,473,7,84,1,genis_savurusx2 hizli_bilekx1 keskin_bicakx1 firtina_bilegix1,36,0,45,36,108,49,50,0,2,0,5,,0,0,0,0,0,0,0,0,0,0,0.673,79.156,5.022
27,Run50_KirilmaV1,Hız-alan + Ritim,bahcivan,standart,106,ödülsüz eş,27,,,220,131,63,18,0,8,101,55,38,20,6,4015,7577,500,0,0,789,280,81,927,317,164,14510,40,9,25.51,1.25,1,1.131,2.291,12,0.3,2,39,10.67,1.63,2,2.36,3,3.6,23,15,5,0,0,2.02,3.68,4.58,8.61,7.7,20,49,0.644,0.449,4.512,489,4,88,0,genis_savurusx2 hizli_bilekx1 keskin_bicakx1 firtina_bilegix1,36,0,45,39,117,49,59,0,2,0,5,,0,0,0,0,0,0,0,0,0,0,0.571,89.222,4.889
27,Run50_KirilmaV1,Hız-alan + Ritim,bahcivan,standart,106,ödülsüz eş,28,,,252,157,67,14,0,14,119,67,48,13,5,2981,10558,500,0,0,891,384,71,983,391,85,16017,43,9,28.62,1.25,1,1.095,2.291,12,0.3,2,41,10.8,1.46,1.9,2.22,2.58,3.33,45,19,9,0,0,1.7,3.39,4.46,4.65,8.03,21,52,0.617,0.365,4.563,513,8,96,1,genis_savurusx2 hizli_bilekx1 keskin_bicakx1 firtina_bilegix1,39,0,45,42,126,49,68,0,2,0,5,,0,0,0,0,0,0,0,0,0,0,0.692,66.244,5.6
27,Run50_KirilmaV1,Hız-alan + Ritim,bahcivan,standart,106,ödülsüz eş,29,,,244,143,84,13,0,4,90,78,53,18,5,3836,14394,500,0,0,834,439,83,1007,447,108,15648,45,6,29.99,1.25,1,1.095,2.378,12,0.3,2,41,11.95,1.47,2.12,2.64,2.14,2,37,11,7,0,0,2.42,6.36,8.86,5.79,2.2,26,81,0.725,0.309,4.674,780,4,100,13,genis_savurusx2 hizli_bilekx1 keskin_bicakx1 firtina_bilegix1,39,0,45,44,132,58,68,0,2,0,5,,0,0,0,0,0,0,0,0,0,0,0.704,85.244,5.422
27,Run50_KirilmaV1,Hız-alan + Ritim,bahcivan,standart,106,ödülsüz eş,30,,,271,172,62,25,0,12,118,71,43,33,6,4864,19258,500,4864,100,929,392,225,1051,551,248,17649,47,6,33.24,1.25,1,1.061,2.378,12,0.3,2,42,11.45,1.39,1.92,2.64,2.67,2.33,44,14,0,5,0,1.12,3.36,6.02,6.67,7.78,24,81,0.643,0.519,4.464,817,8,108,1,genis_savurusx2 hizli_bilekx1 keskin_bicakx1 firtina_bilegix1,40,0,45,46,138,64,68,0,2,0,5,,0,0,0,0,0,0,0,0,0,0,0.617,108.089,6.022
27,Run50_KirilmaV1,Hız-alan + Ritim,bahcivan,standart,106,ödülsüz eş,31,,,342,195,109,19,2,17,157,85,57,36,7,5810,5810,1200,0,0,1215,608,170,1271,1159,338,21344,50,9,39.82,1.25,1,1.061,2.465,12,0.3,2,42,11.93,1.29,1.59,2.06,2.04,3.75,49,16,10,16,13,1.4,2.43,5.62,6.14,9.81,24,81,0.736,0.605,3.767,968,6,114,0,genis_savurusx2 hizli_bilekx1 keskin_bicakx1 firtina_bilegix1 bereketli_toprakx1,51,0,45,49,147,70,68,0,2,0,5,,0,0,0,0,0,0,0,0,0,0,0.642,129.111,7.6
27,Run50_KirilmaV1,Hız-alan + Ritim,bahcivan,standart,106,ödülsüz eş,32,,,333,182,100,34,0,17,152,78,65,28,10,5828,11638,1200,0,0,1404,750,183,1575,1049,426,23996,52,6,42.03,1.25,1,1.028,2.553,12,0.3,2,43,11.95,1.25,1.66,2.33,2.79,2.75,50,26,2,3,0,0.92,3.38,6.38,6.25,6.04,24,81,0.722,0.58,3.671,993,6,120,0,genis_savurusx2 hizli_bilekx1 keskin_bicakx1 firtina_bilegix1 bereketli_toprakx1,52,0,45,51,153,79,68,0,2,0,5,,0,0,0,0,0,0,0,0,0,0,0.79,129.511,7.4
27,Run50_KirilmaV1,Hız-alan + Ritim,bahcivan,standart,106,ödülsüz eş,33,,,386,212,112,37,0,25,176,89,76,35,10,6926,18564,1200,0,0,1736,931,240,2026,1480,666,30078,55,9,45.79,1.25,1,0.995,2.553,12,0.3,2,45,11.91,1.28,1.57,2.06,2.1,3,56,30,11,0,0,1.05,2.28,5.86,4.43,5.72,24,81,0.705,0.556,3.555,1025,7,127,0,genis_savurusx2 hizli_bilekx1 keskin_bicakx1 firtina_bilegix1 bereketli_toprakx1,63,0,45,54,162,81,72,0,2,0,5,,0,0,0,0,0,0,0,0,0,0,0.716,153.911,8.578
27,Run50_KirilmaV1,Hız-alan + Ritim,bahcivan,standart,106,ödülsüz eş,34,,,401,236,93,44,6,22,177,88,85,39,12,7704,26268,1200,0,0,1840,1032,250,2116,1792,806,28658,57,6,52.15,1.25,1,0.964,2.64,12,0.317,2,46,11.8,1.22,1.52,1.89,2.19,2.6,58,28,7,4,0,0.42,2.26,3.08,7.07,6.08,24,81,0.703,0.543,3.545,1028,7,134,0,genis_savurusx2 hizli_bilekx1 keskin_bicakx1 firtina_bilegix1 bereketli_toprakx1,66,0,45,56,168,81,81,0,2,0,5,,0,0,0,0,0,0,0,0,0,0,0.79,171.2,8.911
27,Run50_KirilmaV1,Hız-alan + Ritim,bahcivan,standart,106,ödülsüz eş,35,,,328,173,105,30,1,19,133,88,62,35,10,7389,33657,1200,7389,220,1394,974,200,1615,1166,1006,25245,59,6,52.15,1.25,1,0.964,2.727,12,0.333,2,46,9,1.2,1.63,1.74,2,2.33,64,24,18,6,13,1.2,3.67,3.14,4.76,5.15,24,81,0.748,0.556,3.42,1066,8,142,0,genis_savurusx2 hizli_bilekx1 keskin_bicakx1 firtina_bilegix1 bereketli_toprakx1,61,0,45,58,174,81,87,0,2,0,5,,0,0,0,0,0,0,0,0,0,0,0.679,164.2,7.289
27,Run50_KirilmaV1,Hız-alan + Ritim,bahcivan,standart,106,ödülsüz eş,36,,,438,235,127,48,3,25,194,106,79,45,14,9344,9344,2800,0,0,2066,1219,345,2151,1495,1226,31817,61,6,58.9,1.25,1,0.964,2.814,12,0.35,2.75,46,11.87,1.24,1.41,1.74,1.75,2.14,53,52,17,21,8,0.85,1.82,3.09,3.03,4.13,24,81,0.688,0.543,3.42,1066,6,148,0,genis_savurusx2 hizli_bilekx1 keskin_bicakx1 firtina_bilegix1 bereketli_toprakx1 agir_darbex1,72,0,45,60,180,81,93,0,2,0,5,,0,0,0,0,0,0,0,0,0,0,0.704,207.644,9.733
27,Run50_KirilmaV1,Hız-alan + Ritim,bahcivan,standart,106,ödülsüz eş,37,,,469,273,115,52,4,25,186,123,97,48,15,11268,20612,2800,0,0,2618,1493,287,2999,2048,1363,40300,63,6,63.05,1.25,1,0.964,2.814,12,0.367,2.861,46,11.96,1.17,1.46,1.37,1.54,2.08,68,52,48,5,10,0.53,1.6,1.31,1.93,2.45,24,81,0.681,0.531,3.301,1104,7,155,0,genis_savurusx2 hizli_bilekx1 keskin_bicakx1 firtina_bilegix1 bereketli_toprakx1 agir_darbex1,72,0,45,62,186,81,99,0,2,0,5,,0,0,0,0,0,0,0,0,0,0,0.716,250.4,10.422
27,Run50_KirilmaV1,Hız-alan + Ritim,bahcivan,standart,106,ödülsüz eş,38,,,575,341,152,44,3,35,219,152,132,56,16,12526,33138,2800,0,0,3037,1876,436,3126,2254,1659,48178,66,9,72.57,1.25,1,0.964,2.901,16,0.367,2.861,46,15.09,1.1,1.38,1.49,1.73,2.22,71,54,45,11,0,0.52,1.59,2.07,2.95,5.69,24,81,0.613,0.444,3.177,1147,7,162,0,genis_savurusx2 hizli_bilekx1 keskin_bicakx1 firtina_bilegix1 bereketli_toprakx1 agir_darbex1,86,0,45,65,195,81,105,0,2,0,5,,0,0,0,0,0,0,0,0,0,0,0.667,278.356,12.778
27,Run50_KirilmaV1,Hız-alan + Ritim,bahcivan,standart,106,ödülsüz eş,39,,,617,366,156,47,12,36,242,155,131,72,17,14614,47752,2800,0,0,3516,1845,566,4232,2399,2030,50868,69,9,80.41,1.25,1,0.964,2.901,16,0.4,2.972,46,15.26,1.1,1.3,1.44,1.61,2.09,75,63,55,29,21,0.43,1.13,1.93,2.76,4.65,24,81,0.59,0.407,3.126,1166,8,170,0,genis_savurusx2 hizli_bilekx1 keskin_bicakx1 firtina_bilegix1 bereketli_toprakx1 agir_darbex1,89,0,45,68,204,81,114,0,2,0,5,,0,0,0,0,0,0,0,0,0,0,0.617,324.756,13.711
27,Run50_KirilmaV1,Hız-alan + Ritim,bahcivan,standart,106,ödülsüz eş,40,,,580,367,132,50,8,23,218,179,100,63,20,14038,61790,2800,14038,500,3746,1468,661,4088,2667,2536,47029,71,6,87.23,1.25,1,0.964,2.901,16,0.4,2.972,46,15.15,1.17,1.29,1.41,1.76,2.13,70,57,41,24,8,0.72,0.93,1.56,2.69,5.06,24,81,0.621,0.444,3.033,1202,7,177,0,genis_savurusx2 hizli_bilekx1 keskin_bicakx1 firtina_bilegix1 bereketli_toprakx1 agir_darbex1,86,0,45,70,210,81,123,0,2,0,5,,0,0,0,0,0,0,0,0,0,0,0.741,311.956,12.889
27,Run50_KirilmaV1,Hız-alan + Ritim,bahcivan,standart,106,ödülsüz eş,41,,,737,481,174,40,8,34,286,202,158,69,22,17374,17374,4500,0,0,4325,2434,624,4893,3011,2920,61882,73,6,98.13,2,1,0.964,2.901,16,0.4,3.083,46,14.83,1,1.07,1.22,1.35,1.13,100,84,61,47,69,0,0.31,1.01,1.14,0.39,24,81,0.555,0.321,2.958,1232,6,183,0,genis_savurusx2 hizli_bilekx1 keskin_bicakx1 firtina_bilegix1 bereketli_toprakx1 agir_darbex1 canavar_kesimix1,107,0,45,72,216,81,129,0,2,0,5,,0,0,0,0,0,0,0,0,0,0,0.593,386.089,16.378
27,Run50_KirilmaV1,Hız-alan + Ritim,bahcivan,standart,106,ödülsüz eş,42,,,794,508,167,37,10,72,284,214,171,105,20,19903,37277,4500,0,0,4335,2454,894,4773,2549,1704,77210,76,9,109.63,2,1,0.964,2.901,16,0.417,3.083,46,15.57,1,1.05,1.27,1.23,1.27,100,90,58,67,64,0,0.29,1.17,1.12,1.48,28,111,0.599,0.324,3.153,1584,9,192,11,genis_savurusx2 hizli_bilekx1 keskin_bicakx1 firtina_bilegix1 bereketli_toprakx1 agir_darbex1 canavar_kesimix1,113,0,45,75,225,81,135,0,2,0,5,,0,0,0,0,0,0,0,0,0,0,0.676,442.289,17.644
27,Run50_KirilmaV1,Hız-alan + Ritim,bahcivan,standart,106,ödülsüz eş,43,,,822,512,177,37,12,84,319,216,165,95,27,21007,58284,4500,0,0,5230,2406,804,5783,3255,2218,83485,79,9,114.01,2,1,0.964,2.901,16,0.45,3.194,46,15.76,1,1.07,1.2,1.29,1.38,100,86,65,52,37,0,0.17,0.93,1.26,1.33,33,121,0.624,0.463,3.245,1678,7,199,5,genis_savurusx2 hizli_bilekx1 keskin_bicakx1 firtina_bilegix1 bereketli_toprakx1 agir_darbex1 canavar_kesimix1,120,0,45,78,234,90,135,0,2,0,5,,0,0,0,0,0,0,0,0,0,0,0.719,466.822,18.267
27,Run50_KirilmaV1,Hız-alan + Ritim,bahcivan,standart,106,ödülsüz eş,44,,,816,534,156,63,2,61,343,175,167,102,29,22999,81283,4500,0,0,4530,2565,990,4713,3150,3208,76462,81,6,126.4,2,1,0.964,2.901,16,0.45,3.194,46,15.83,1,1.04,1.14,1.38,1.35,100,92,62,47,61,0,0.14,0.8,1.85,3.76,33,121,0.64,0.463,3.123,1743,5,204,0,genis_savurusx2 hizli_bilekx1 keskin_bicakx1 firtina_bilegix1 bereketli_toprakx1 agir_darbex1 canavar_kesimix1,120,0,45,80,240,99,135,0,2,0,5,,0,0,0,0,0,0,0,0,0,0,0.711,511.089,18.133
27,Run50_KirilmaV1,Hız-alan + Ritim,bahcivan,standart,106,ödülsüz eş,45,,,789,499,166,38,2,84,301,220,150,94,24,21608,102891,4500,21608,800,4775,2532,768,5088,5682,3646,90996,84,9,134.4,2,1,0.964,2.901,16,0.45,3.306,46,14.63,1,1.05,1.18,1.2,1.16,100,89,68,64,75,0,0.25,1,1.21,0.76,33,121,0.478,0.314,3.123,1743,3,207,0,genis_savurusx2 hizli_bilekx1 keskin_bicakx1 firtina_bilegix1 bereketli_toprakx1 agir_darbex1 canavar_kesimix1,114,0,45,83,249,105,135,0,2,0,5,,0,0,0,0,0,0,0,0,0,0,0.504,480.178,17.533
27,Run50_KirilmaV1,Hız-alan + Ritim,bahcivan,standart,106,ödülsüz eş,46,,,891,515,250,45,9,72,327,227,174,124,39,29655,29655,6000,0,0,5350,2739,1230,7038,8421,4876,89432,86,6,142.4,2,1,0.964,2.901,16,0.45,3.306,46,15.87,1,1.03,1.16,1.23,1.18,100,93,66,60,56,0,0.09,0.76,1.04,0.86,33,121,0.679,0.504,2.544,2141,1,208,0,genis_savurusx2 hizli_bilekx1 keskin_bicakx1 firtina_bilegix1 bereketli_toprakx2 agir_darbex1 canavar_kesimix1,126,0,45,85,255,114,135,0,2,0,5,,0,0,0,0,0,0,0,0,0,0,0.661,659,19.8
27,Run50_KirilmaV1,Hız-alan + Ritim,bahcivan,standart,106,ödülsüz eş,47,,,904,519,235,44,12,94,323,211,203,132,35,30329,59984,6000,0,0,4620,3591,1182,6358,12012,5678,96636,89,9,142.4,2,1,0.964,2.901,16,0.45,3.417,46,15.91,1,1.02,1.15,1.26,1.26,100,92,72,64,59,0,0.09,0.69,1.47,1.12,33,121,0.677,0.488,2.488,2189,4,212,0,genis_savurusx2 hizli_bilekx1 keskin_bicakx1 firtina_bilegix1 bereketli_toprakx2 agir_darbex1 canavar_kesimix1,134,0,45,88,264,120,135,0,2,0,5,,0,0,0,0,0,0,0,0,0,0,0.744,673.978,20.089
27,Run50_KirilmaV1,Hız-alan + Ritim,bahcivan,standart,106,ödülsüz eş,48,,,907,519,224,51,19,94,341,225,204,114,23,26378,86362,6000,0,0,4745,3096,996,5103,15108,6674,102598,91,6,150.4,2,1,0.964,2.901,16,0.45,3.417,46,15.91,1,1.06,1.11,1.16,1.25,100,89,72,69,47,0,0.25,0.44,0.85,1.53,33,121,0.684,0.521,2.477,2198,2,214,0,genis_savurusx2 hizli_bilekx1 keskin_bicakx1 firtina_bilegix1 bereketli_toprakx2 agir_darbex1 canavar_kesimix1,133,0,45,90,270,121,143,0,2,0,5,,0,0,0,0,0,0,0,0,0,0,0.686,586.178,20.156
27,Run50_KirilmaV1,Hız-alan + Ritim,bahcivan,standart,106,ödülsüz eş,49,,,925,548,243,35,13,86,368,240,179,104,34,27599,113961,6000,0,0,5270,2922,1008,6273,18030,7262,105965,93,6,158.4,2,1,0.964,2.901,16,0.45,3.528,46,15.98,1,1.05,1.1,1.2,1.38,100,93,82,62,55,0,0.14,0.34,0.87,1.6,33,121,0.689,0.521,2.451,2222,2,216,0,genis_savurusx2 hizli_bilekx1 keskin_bicakx1 firtina_bilegix1 bereketli_toprakx2 agir_darbex1 canavar_kesimix1,135,0,45,92,276,121,149,0,2,0,5,,0,0,0,0,0,0,0,0,0,0,0.645,613.311,20.556
27,Run50_KirilmaV1,Hız-alan + Ritim,bahcivan,standart,106,ödülsüz eş,50,,,881,511,243,39,5,83,337,230,176,106,32,26812,140773,6000,0,0,5270,2787,924,9143,20817,8186,108079,96,9,158.4,2,1,0.964,2.901,16,0.45,3.528,46,15.89,1,1.05,1.12,1.22,1.4,100,89,74,57,40,0,0.18,0.49,0.71,2.36,33,121,0.696,0.529,2.451,2222,1,217,0,genis_savurusx2 hizli_bilekx1 keskin_bicakx1 firtina_bilegix1 bereketli_toprakx2 agir_darbex1 canavar_kesimix1,138,0,45,95,285,121,155,0,2,0,5,,0,0,0,0,0,0,0,0,0,0,0.702,595.822,19.578
27,Run50_KirilmaV1,Hız-alan + Ritim,bahcivan,standart,106,ödülsüz eş,50,KAZANDI
27,Run50_KirilmaV1,Hız-alan + Ritim,bahcivan,standart,106,LAB R15 A ödülsüz #1,15,,,42,41,1,0,0,0,32,6,4,0,0,104,104,150,104,30,132,16,0,212,16,0,1428,4,9,14.67,1,1,2.24,1.751,9,0.3,2,20,5.2,2.03,2.67,2.75,,,9,0,0,,,6.86,11.94,11.77,,,15,22,0.774,0.455,5.801,171,0,0,0,genis_savurusx2,10,0,45,3,9,0,0,0,0,0,15,,0,0,0,0,0,0,0,0,0,0,0.636,2.311,0.933
27,Run50_KirilmaV1,Hız-alan + Ritim,bahcivan,standart,106,LAB R15 B +hasat_ritmi #1,15,,,47,45,2,0,0,0,37,5,3,2,0,157,157,150,157,30,141,12,4,221,12,4,1579,4,9,14.67,1,1,2.24,1.751,9,0.3,2,20,5.8,1.97,2.2,2.33,2,,18,0,20,0,,4.99,10.75,5.97,15.69,,15,22,0.731,0.455,5.801,171,0,0,0,genis_savurusx2 hasat_ritmix1,12,0,45,3,9,0,0,0,0,0,15,,0,0,0,0,0,4,4,0,0,0,0.864,3.489,1.044
27,Run50_KirilmaV1,Hız-alan + Ritim,bahcivan,standart,106,LAB R15 A ödülsüz #2,15,,,35,32,2,0,0,1,24,7,4,0,0,110,110,150,110,30,114,16,0,194,16,0,1248,4,9,14.67,1,1,2.24,1.751,9,0.3,2,20,5.05,1.91,2.86,3.33,,,26,0,0,,,5.29,11.52,14.93,,,15,22,0.804,0.591,5.801,171,0,0,0,genis_savurusx2,9,0,45,3,9,0,0,0,0,0,15,,0,0,0,0,0,0,0,0,0,0,0.864,2.444,0.778
27,Run50_KirilmaV1,Hız-alan + Ritim,bahcivan,standart,106,LAB R15 B +hasat_ritmi #2,15,,,44,43,1,0,0,0,29,11,1,3,0,187,187,150,187,30,153,4,6,233,4,6,1599,4,9,14.67,1,1,2.24,1.751,9,0.3,2,20,5.65,1.93,2.55,3,3.67,,21,9,0,0,,5.28,8.96,4.47,14.2,,15,22,0.762,0.409,5.801,171,0,0,0,genis_savurusx2 hasat_ritmix1,12,0,45,3,9,0,0,0,0,0,15,,0,0,0,0,0,5,4,0,0,0,0.636,4.156,0.978
27,Run50_KirilmaV1,Hız-alan + Ritim,bahcivan,standart,106,LAB R15 A ödülsüz #3,15,,,40,38,2,0,0,0,33,4,3,0,0,90,90,150,90,30,123,12,0,203,12,0,1305,4,9,14.67,1,1,2.24,1.751,9,0.3,2,20,5.15,2.06,2.5,2.5,,,11,14,0,,,6.51,8.39,22.41,,,15,22,0.786,0.545,5.801,171,0,0,0,genis_savurusx2,9,0,45,3,9,0,0,0,0,0,15,,0,0,0,0,0,0,0,0,0,0,0.727,2,0.889
27,Run50_KirilmaV1,Hız-alan + Ritim,bahcivan,standart,106,LAB R15 B +hasat_ritmi #3,15,,,50,47,3,0,0,0,35,12,2,1,0,144,144,150,144,30,177,8,2,257,8,2,1714,5,12,14.67,1,1,2.24,1.751,9,0.3,2,20,5.6,1.88,2.27,3,2,,15,14,0,0,,3.82,9.77,11.2,11.2,,15,22,0.715,0.455,5.801,171,0,0,0,genis_savurusx2 hasat_ritmix1,13,0,45,4,12,0,0,0,0,0,15,,0,0,0,0,0,4,4,0,0,0,0.727,3.2,1.111
27,Run50_KirilmaV1,Hız-alan + Ritim,bahcivan,standart,106,LAB R25 A ödülsüz #1,25,,,133,78,40,11,0,4,73,27,22,10,1,1258,1258,300,1258,65,405,132,30,485,132,30,8273,15,42,23.08,1.25,1,1.668,2.143,12,0.3,2,26,11.27,1.72,2.41,3,3,,44,28,23,14,0,2.98,7.06,6.68,7.5,,19,48,0.761,0.375,4.647,465,0,0,0,genis_savurusx2 hizli_bilekx1 keskin_bicakx1,37,0,45,14,42,0,0,0,0,0,25,,0,0,0,0,0,0,0,0,0,0,0.854,27.956,2.956
27,Run50_KirilmaV1,Hız-alan + Ritim,bahcivan,standart,106,LAB R25 B +hasat_ritmi #1,25,,,194,119,60,11,0,4,94,55,26,14,5,2669,2669,300,2669,65,621,224,58,701,224,58,12528,19,54,23.08,1.25,1,1.668,2.143,12,0.3,2,26,12.58,1.34,1.77,2.33,3.22,4,53,38,13,8,25,1.19,2.86,5.12,8.52,10,19,48,0.667,0.396,4.647,465,0,0,0,genis_savurusx2 hizli_bilekx1 keskin_bicakx1 hasat_ritmix1,42,0,45,18,54,0,0,0,0,0,25,,0,0,0,0,0,9,9,0,0,0,0.688,59.311,4.311
27,Run50_KirilmaV1,Hız-alan + Ritim,bahcivan,standart,106,LAB R25 sinerji A ödülsüz #1,25,,,191,121,48,13,0,9,97,52,23,15,4,2362,2362,300,2362,65,627,210,40,707,210,40,11778,18,51,23.08,1.25,1,1.205,2.143,12,0.3,2,37,10.35,1.67,2.34,2.87,3.73,4,37,27,9,0,0,2.78,4.24,8.11,10.95,11.64,20,49,0.676,0.347,4.69,470,0,0,0,genis_savurusx2 hizli_bilekx3 keskin_bicakx1,41,0,45,17,51,0,0,0,0,0,25,,0,0,0,0,0,0,0,0,0,0,0.673,52.489,4.244
27,Run50_KirilmaV1,Hız-alan + Ritim,bahcivan,standart,106,LAB R25 sinerji B +hasat_ritmi #1,25,,,232,146,59,16,0,11,130,44,34,17,7,3371,3371,300,3371,65,810,256,66,890,256,66,14441,20,57,23.08,1.25,1,1.205,2.143,12,0.3,2,37,11.22,1.51,1.7,2.29,3.36,2.71,44,19,15,14,40,1.86,3.22,4.46,9.42,3.45,20,49,0.619,0.224,4.69,470,0,0,0,genis_savurusx2 hizli_bilekx3 keskin_bicakx1 hasat_ritmix1,57,0,45,19,57,0,0,0,0,0,25,,0,0,0,0,0,10,10,0,0,0,0.673,74.911,5.156
27,Run50_KirilmaV1,Hız-alan + Ritim,bahcivan,standart,106,LAB R25 A ödülsüz #2,25,,,136,87,35,11,0,3,73,33,16,11,3,1729,1729,300,1729,65,519,118,38,599,118,38,8939,15,42,23.08,1.25,1,1.668,2.143,12,0.3,2,26,11.15,1.39,2.05,2.17,3.73,5,52,36,5,0,0,1.86,4.39,7.09,12.27,11.66,19,48,0.754,0.458,4.647,465,0,0,0,genis_savurusx2 hizli_bilekx1 keskin_bicakx1,34,0,45,14,42,0,0,0,0,0,25,,0,0,0,0,0,0,0,0,0,0,0.896,38.422,3.022
27,Run50_KirilmaV1,Hız-alan + Ritim,bahcivan,standart,106,LAB R25 B +hasat_ritmi #2,25,,,183,125,49,6,0,3,107,36,29,8,3,1775,1775,300,1775,65,645,174,36,725,174,36,11504,18,51,23.08,1.25,1,1.668,2.143,12,0.3,2,26,12.27,1.4,1.86,2.32,3.2,4,51,44,24,13,0,1.49,3.94,5.88,7,9.16,19,48,0.674,0.354,4.647,465,0,0,0,genis_savurusx2 hizli_bilekx1 keskin_bicakx1 hasat_ritmix1,43,0,45,17,51,0,0,0,0,0,25,,0,0,0,0,0,8,8,0,0,0,0.771,39.444,4.067
27,Run50_KirilmaV1,Hız-alan + Ritim,bahcivan,standart,106,LAB R25 sinerji A ödülsüz #2,25,,,195,114,63,13,0,5,108,55,18,9,5,2100,2100,300,2100,65,765,164,28,845,164,28,11455,18,51,23.08,1.25,1,1.205,2.143,12,0.3,2,37,10.3,1.7,2.16,3.5,3.5,4.8,33,19,0,0,0,1.94,3.61,8.23,9.84,12.29,20,49,0.686,0.367,4.69,470,0,0,0,genis_savurusx2 hizli_bilekx3 keskin_bicakx1,44,0,45,17,51,0,0,0,0,0,25,,0,0,0,0,0,0,0,0,0,0,0.612,46.667,4.333
27,Run50_KirilmaV1,Hız-alan + Ritim,bahcivan,standart,106,LAB R25 sinerji B +hasat_ritmi #2,25,,,256,164,63,23,0,6,141,65,36,13,1,1952,1952,300,1952,65,852,262,26,932,262,26,15129,21,60,23.08,1.25,1,1.205,2.143,12,0.3,2,37,11.43,1.37,1.64,2.68,3.1,4,56,29,7,9,0,0.97,2.24,5.69,6.5,9.63,20,49,0.594,0.286,4.69,470,0,0,0,genis_savurusx2 hizli_bilekx3 keskin_bicakx1 hasat_ritmix1,52,0,45,20,60,0,0,0,0,0,25,,0,0,0,0,0,12,12,0,0,0,0.714,43.378,5.689
27,Run50_KirilmaV1,Hız-alan + Ritim,bahcivan,standart,106,LAB R25 A ödülsüz #3,25,,,156,96,47,11,0,2,82,45,20,5,4,1963,1963,300,1963,65,543,148,40,623,148,40,9757,16,45,23.08,1.25,1,1.668,2.143,12,0.3,2,26,10.85,1.48,2,2.5,3.2,3.5,48,30,24,17,0,2.19,4.51,7.37,9.01,12.51,19,48,0.726,0.438,4.647,465,0,0,0,genis_savurusx2 hizli_bilekx1 keskin_bicakx1,37,0,45,15,45,0,0,0,0,0,25,,0,0,0,0,0,0,0,0,0,0,0.771,43.622,3.467
27,Run50_KirilmaV1,Hız-alan + Ritim,bahcivan,standart,106,LAB R25 B +hasat_ritmi #3,25,,,196,113,59,16,0,8,109,45,26,13,3,2077,2077,300,2077,65,675,174,48,755,174,48,12459,19,54,23.08,1.25,1,1.668,2.143,12,0.3,2,26,11.81,1.38,1.77,2.4,2.88,2,59,38,16,25,33,1.45,3.94,4.67,5.22,3.34,19,48,0.655,0.271,4.647,465,0,0,0,genis_savurusx2 hizli_bilekx1 keskin_bicakx1 hasat_ritmix1,49,0,45,18,54,0,0,0,0,0,25,,0,0,0,0,0,9,8,0,0,0,0.729,46.156,4.356
27,Run50_KirilmaV1,Hız-alan + Ritim,bahcivan,standart,106,LAB R25 sinerji A ödülsüz #3,25,,,178,117,41,16,0,4,94,45,23,12,4,2194,2194,300,2194,65,717,138,44,797,138,44,11084,17,48,23.08,1.25,1,1.205,2.143,12,0.3,2,37,10.35,1.64,2,3.07,2.7,4.33,40,20,6,14,0,2.31,3.73,8.11,6.03,14.05,20,49,0.698,0.388,4.69,470,0,0,0,genis_savurusx2 hizli_bilekx3 keskin_bicakx1,42,0,45,16,48,0,0,0,0,0,25,,0,0,0,0,0,0,0,0,0,0,0.796,48.756,3.956
27,Run50_KirilmaV1,Hız-alan + Ritim,bahcivan,standart,106,LAB R25 sinerji B +hasat_ritmi #3,25,,,238,163,55,15,0,5,117,66,30,21,4,2994,2994,300,2994,65,759,226,92,839,226,92,15158,21,60,23.08,1.25,1,1.205,2.143,12,0.3,2,37,11.54,1.46,1.89,2.59,3.29,3.67,52,33,12,7,33,1.31,2.73,4.47,6.09,10.84,20,49,0.613,0.306,4.69,470,0,0,0,genis_savurusx2 hizli_bilekx3 keskin_bicakx1 hasat_ritmix1,49,0,45,20,60,0,0,0,0,0,25,,0,0,0,0,0,12,11,0,0,0,0.612,66.533,5.289
27,Run50_KirilmaV1,Hız-alan + Ritim,bahcivan,standart,106,LAB R40 A ödülsüz #1,40,,,599,368,144,55,5,27,215,173,117,74,20,15957,15957,2800,15957,500,3866,1708,630,3946,1708,630,55462,36,105,87.23,1.25,1,0.964,2.901,16,0.4,2.972,46,15.3,1.14,1.26,1.38,1.94,1.8,67,70,56,34,33,0.7,0.84,1.54,4.19,2.02,24,81,0.629,0.296,3.033,1202,0,0,0,genis_savurusx2 hizli_bilekx1 keskin_bicakx1 firtina_bilegix1 bereketli_toprakx1 agir_darbex1,107,0,45,35,105,0,0,0,0,0,40,,0,0,0,0,0,0,0,0,0,0,0.728,354.6,13.311
27,Run50_KirilmaV1,Hız-alan + Ritim,bahcivan,standart,106,LAB R40 B +hasat_ritmi #1,40,,,756,519,154,37,12,34,284,225,136,76,35,20588,20588,2800,20588,500,4903,2194,756,4983,2194,756,66045,38,111,87.23,1.25,1,0.964,2.901,16,0.4,2.972,46,18.65,1.07,1.24,1.36,1.47,1.88,85,67,55,57,26,0.15,0.79,1.25,1.33,3.12,24,81,0.556,0.284,3.033,1202,0,0,0,genis_savurusx2 hizli_bilekx1 keskin_bicakx1 firtina_bilegix1 bereketli_toprakx1 agir_darbex1 hasat_ritmix1,129,0,45,37,111,0,0,0,0,0,40,,0,0,0,0,0,21,21,0,0,0,0.531,457.511,16.8
27,Run50_KirilmaV1,Hız-alan + Ritim,bahcivan,standart,106,LAB R40 A ödülsüz #2,40,,,597,372,132,52,9,32,233,161,118,58,27,17082,17082,2800,17082,500,3618,1904,655,3698,1904,655,51409,35,102,87.23,1.25,1,0.964,2.901,16,0.4,2.972,46,15.2,1.18,1.35,1.42,1.58,2.06,76,56,54,34,21,0.63,1.42,2,2.16,4.53,24,81,0.623,0.346,3.033,1202,0,0,0,genis_savurusx2 hizli_bilekx1 keskin_bicakx1 firtina_bilegix1 bereketli_toprakx1 agir_darbex1,112,0,45,34,102,0,0,0,0,0,40,,0,0,0,0,0,0,0,0,0,0,0.679,379.6,13.267
27,Run50_KirilmaV1,Hız-alan + Ritim,bahcivan,standart,106,LAB R40 B +hasat_ritmi #2,40,,,762,510,168,40,7,37,309,207,147,71,28,18906,18906,2800,18906,500,4399,2333,773,4479,2333,773,68841,38,111,87.23,1.25,1,0.964,2.901,16,0.4,2.972,46,18.76,1.05,1.29,1.43,1.5,1.6,86,63,51,47,47,0.17,0.73,1.12,1.45,1.54,24,81,0.543,0.259,3.033,1202,0,0,0,genis_savurusx2 hizli_bilekx1 keskin_bicakx1 firtina_bilegix1 bereketli_toprakx1 agir_darbex1 hasat_ritmix1,126,0,45,37,111,0,0,0,0,0,40,,0,0,0,0,0,21,21,0,0,0,0.543,420.133,16.933
27,Run50_KirilmaV1,Hız-alan + Ritim,bahcivan,standart,106,LAB R40 A ödülsüz #3,40,,,594,359,141,49,8,37,227,164,117,64,22,16239,16239,2800,16239,500,3104,2200,610,3184,2200,610,49288,34,99,87.23,1.25,1,0.964,2.901,16,0.4,2.972,46,15.15,1.13,1.3,1.52,1.55,2,72,67,47,37,28,0.51,1.28,2.55,2,3.26,24,81,0.629,0.309,3.033,1202,0,0,0,genis_savurusx2 hizli_bilekx1 keskin_bicakx1 firtina_bilegix1 bereketli_toprakx1 agir_darbex1,107,0,45,33,99,0,0,0,0,0,40,,0,0,0,0,0,0,0,0,0,0,0.778,360.867,13.2
27,Run50_KirilmaV1,Hız-alan + Ritim,bahcivan,standart,106,LAB R40 B +hasat_ritmi #3,40,,,750,509,158,42,4,37,318,191,145,70,26,17967,17967,2800,17967,500,4355,2393,628,4435,2393,628,65686,38,111,87.23,1.25,1,0.964,2.901,16,0.4,2.972,46,18.85,1.07,1.29,1.38,1.66,1.68,83,65,52,46,39,0.13,0.71,1.03,1.91,1.57,24,81,0.545,0.284,3.033,1202,0,0,0,genis_savurusx2 hizli_bilekx1 keskin_bicakx1 firtina_bilegix1 bereketli_toprakx1 agir_darbex1 hasat_ritmix1,128,0,45,37,111,0,0,0,0,0,40,,0,0,0,0,0,21,21,0,0,0,0.568,399.267,16.667
28,Run50_KirilmaV1,Hız-alan + Ritim,bahcivan,standart,107,ödülsüz eş,1,,,14,14,0,0,0,0,12,2,0,0,0,18,18,45,0,0,32,0,0,32,0,0,300,1,0,10,1,1,3,0.9,4,0.3,2,14,2.21,2.08,2.5,,,,8,0,,,,3.25,4.5,,,,2,4,0.395,0,8,23,0,0,2,,3,0.166,45,0,0,0,0,0,0,0,0,,0,0,0,0,0,0,0,0,0,0,0.25,0.4,0.311
28,Run50_KirilmaV1,Hız-alan + Ritim,bahcivan,standart,107,ödülsüz eş,2,,,14,14,0,0,0,0,10,1,3,0,0,43,61,45,0,0,24,12,0,29,12,0,350,2,3,10,1,1,2.892,0.9,4,0.3,2,15,2.47,2,3,4,,,10,0,0,,,2.9,20.23,10.61,,,3,5,0.48,0.2,8,28,1,1,1,,3,0,45,1,3,0,0,0,0,0,0,,0,0,0,0,0,0,0,0,0,0,0.4,0.956,0.311
28,Run50_KirilmaV1,Hız-alan + Ritim,bahcivan,standart,107,ödülsüz eş,3,,,15,15,0,0,0,0,10,4,1,0,0,32,93,45,0,0,36,4,0,36,16,0,360,3,3,10,1,1,2.789,0.9,4,0.3,2,16,2.94,2.6,2.75,4,,,0,0,0,,,6.14,7.67,16.73,,,4,6,0.534,0.333,7.639,35,1,2,1,,3,0,45,2,6,3,0,0,0,0,0,,0,0,0,0,0,0,0,0,0,0,0.667,0.711,0.333
28,Run50_KirilmaV1,Hız-alan + Ritim,bahcivan,standart,107,ödülsüz eş,4,,,17,17,0,0,0,0,10,5,2,0,0,45,138,45,0,0,40,8,0,45,24,0,430,4,3,10,1,1,2.689,0.9,4,0.3,2,16,3.06,2,2.8,4,,,0,0,0,,,3.22,7,14.78,,,5,7,0.584,0.286,7.341,43,1,3,1,,5,0,45,3,9,6,0,0,3,0,0,,0,0,0,0,0,0,0,0,0,0,0.571,1,0.378
28,Run50_KirilmaV1,Hız-alan + Ritim,bahcivan,standart,107,ödülsüz eş,5,,,17,16,1,0,0,0,15,1,1,0,0,28,166,45,28,8,34,4,0,34,28,0,373,5,3,10,1,1,2.592,0.9,4,0.3,2,17,3.18,2.57,1,1,,,0,0,,,,7.79,0,0,,,6,8,0.644,0.25,7.013,51,3,6,1,,5,0,45,4,12,9,0,0,3,0,5,,0,0,0,0,0,0,0,0,0,0,0.875,0.622,0.378
28,Run50_KirilmaV1,Hız-alan + Ritim,bahcivan,standart,107,ödülsüz eş,6,,,24,23,1,0,0,0,16,5,3,0,0,61,61,110,0,0,52,12,0,56,40,0,602,6,3,10,1,1,2.204,0.9,4,0.3,2,20,3.25,2.19,3,4,,,0,0,0,0,,4.4,8.26,8.82,,,6,8,0.587,0.25,6.874,52,1,7,0,hizli_bilekx1,5,0,45,5,15,9,3,0,3,0,5,,0,0,0,0,0,0,0,0,0,0,0.375,1.356,0.533
28,Run50_KirilmaV1,Hız-alan + Ritim,bahcivan,standart,107,ödülsüz eş,7,,,25,22,2,0,0,1,18,4,2,1,0,82,143,110,0,0,52,8,2,60,48,2,626,7,3,10.67,1,1,2.125,0.9,4,0.3,2,21,3.1,2.13,3.33,3.5,2,,0,0,0,,,4.65,11.33,8.52,2.13,,7,9,0.554,0.333,7.007,58,3,10,1,hizli_bilekx1,5,0,45,6,18,12,3,0,3,0,5,,0,0,0,0,0,0,0,0,0,0,0.556,1.822,0.556
28,Run50_KirilmaV1,Hız-alan + Ritim,bahcivan,standart,107,ödülsüz eş,8,,,25,23,1,0,0,1,18,3,4,0,0,67,210,110,0,0,51,16,0,51,64,2,665,9,6,11.33,1,1,2.048,0.9,4,0.3,2,21,3.14,2.18,2.33,3.33,,,0,0,0,0,,3.85,8.88,7.52,,,8,10,0.581,0.2,7.107,63,4,14,1,hizli_bilekx1,6,0,45,8,24,15,3,0,3,0,5,,0,0,0,0,0,0,0,0,0,0,0.8,1.489,0.556
28,Run50_KirilmaV1,Hız-alan + Ritim,bahcivan,standart,107,ödülsüz eş,9,,,26,25,1,0,0,0,17,4,4,1,0,120,330,110,0,0,54,16,2,55,80,4,722,10,3,11.33,1,1,2.048,0.9,4,0.3,2,21,3.29,2.06,3,3.25,,,0,0,0,,,4.22,11.26,10.75,,,9,11,0.652,0.273,7.011,71,1,15,1,hizli_bilekx1,7,0,45,9,27,21,3,0,3,0,5,,0,0,0,0,0,0,0,0,0,0,0.727,2.667,0.578
28,Run50_KirilmaV1,Hız-alan + Ritim,bahcivan,standart,107,ödülsüz eş,10,,,23,23,0,0,0,0,15,7,1,0,0,47,377,110,47,16,65,4,0,71,84,4,599,11,3,11.33,1,1,2.048,0.935,4,0.3,2,21,2.81,2.07,3.14,3,,,0,0,0,,,4.64,9.37,12.3,,,10,12,0.561,0.25,6.917,78,2,17,1,hizli_bilekx1,5,0,45,10,30,24,3,0,3,0,5,,0,0,0,0,0,0,0,0,0,0,0.5,1.044,0.511
28,Run50_KirilmaV1,Hız-alan + Ritim,bahcivan,standart,107,ödülsüz eş,11,,,30,29,1,0,0,0,24,3,3,0,0,70,70,150,0,0,63,12,0,75,96,4,749,12,3,12,1,1,1.679,0.935,4,0.3,2,26,3.31,2.46,3.67,3,,,0,0,0,,,5.67,17.35,3.34,,,11,13,0.66,0.308,6.883,85,3,20,1,hizli_bilekx2,6,0,45,11,33,25,5,0,3,0,5,,0,0,0,0,0,0,0,0,0,0,0.538,1.556,0.667
28,Run50_KirilmaV1,Hız-alan + Ritim,bahcivan,standart,107,ödülsüz eş,12,,,28,28,0,0,0,0,16,8,4,0,0,80,150,150,0,0,88,16,0,89,82,4,783,13,3,12.67,1,1,1.679,0.97,4,0.3,2,26,3.31,2.38,2.75,4,,,0,0,0,,,6.82,8.39,9.23,,,12,14,0.693,0.357,6.944,91,4,24,1,hizli_bilekx2,7,0,45,12,36,25,8,0,3,0,5,,0,0,0,0,0,0,0,0,0,0,0.5,1.778,0.622
28,Run50_KirilmaV1,Hız-alan + Ritim,bahcivan,standart,107,ödülsüz eş,13,,,28,27,1,0,0,0,16,8,3,1,0,112,262,150,0,0,88,12,2,99,64,6,850,14,3,12.67,1,1,1.619,0.97,4,0.3,2,27,3.44,2.27,3.13,3.67,7,,0,0,0,0,,5.18,7.89,17.25,22.66,,13,16,0.736,0.438,6.595,109,4,28,1,hizli_bilekx2,7,0,45,13,39,28,8,0,3,0,5,,0,0,0,0,0,0,0,0,0,0,0.688,2.489,0.622
28,Run50_KirilmaV1,Hız-alan + Ritim,bahcivan,standart,107,ödülsüz eş,14,,,42,41,1,0,0,0,24,8,7,3,0,251,513,150,0,0,112,28,6,112,92,12,1394,15,3,14,1,1,1.619,1.005,6,0.3,2,27,4.56,2.09,2.88,3.57,4.67,,8,0,0,0,,2.96,4.85,9.25,18.88,,13,16,0.642,0.375,6.434,112,6,34,0,hizli_bilekx2,10,0,45,14,42,31,8,0,3,0,5,,0,0,0,0,0,0,0,0,0,0,0.563,5.578,0.933
28,Run50_KirilmaV1,Hız-alan + Ritim,bahcivan,standart,107,ödülsüz eş,15,,,41,37,3,1,0,0,26,10,4,1,0,128,641,150,128,30,138,16,2,147,108,14,1259,17,6,15.33,1,1,1.619,1.005,6,0.3,2,27,4.59,2.52,3.33,2.5,4,,4,0,0,,,5.84,7.19,4.05,16.2,,14,18,0.687,0.444,6.333,128,4,38,1,hizli_bilekx2,10,0,45,16,48,34,8,0,3,0,5,,0,0,0,0,0,0,0,0,0,0,0.722,2.844,0.911
28,Run50_KirilmaV1,Hız-alan + Ritim,bahcivan,standart,107,ödülsüz eş,16,,,54,49,2,1,0,2,35,17,1,1,0,129,129,220,0,0,207,4,2,209,112,16,1760,18,3,16,1,1,1.619,1.327,6,0.3,2,27,5.04,2.13,2.75,4,5,,0,0,0,0,,4.02,6.47,19.44,17.8,,15,21,0.654,0.381,6.073,156,5,43,1,hizli_bilekx2 genis_savurusx1,12,0,45,17,51,40,8,0,3,0,5,,0,0,0,0,0,0,0,0,0,0,0.619,2.867,1.2
28,Run50_KirilmaV1,Hız-alan + Ritim,bahcivan,standart,107,ödülsüz eş,17,,,54,44,5,3,0,2,31,17,5,1,0,167,296,220,0,0,195,20,2,212,67,18,1863,20,6,16,1,1,1.561,1.327,6,0.3,2,28,5.21,2.17,2.67,4,5,,3,0,0,0,,6.31,8.22,16,18.73,,17,25,0.702,0.52,6.036,186,4,47,2,hizli_bilekx2 genis_savurusx1,11,0,45,19,57,43,8,0,3,0,5,,0,0,0,0,0,0,0,0,0,0,0.64,3.711,1.2
28,Run50_KirilmaV1,Hız-alan + Ritim,bahcivan,standart,107,ödülsüz eş,18,,,58,47,4,6,0,1,36,14,7,1,0,182,478,220,0,0,192,28,2,202,70,20,2016,21,3,17.07,1,1,1.561,1.373,6,0.3,2,28,5.71,2.17,2.45,3.33,4,,3,0,0,0,,4.62,9.37,15.86,17.16,,20,33,0.76,0.485,5.93,250,4,51,3,hizli_bilekx2 genis_savurusx1,14,0,45,20,60,49,8,0,3,0,5,,0,0,0,0,0,0,0,0,0,0,0.788,4.044,1.289
28,Run50_KirilmaV1,Hız-alan + Ritim,bahcivan,standart,107,ödülsüz eş,19,,,62,55,0,5,0,2,41,13,7,1,0,183,661,220,0,0,201,28,2,203,73,22,2085,22,3,17.07,1,1,1.512,1.373,6,0.3,2,29,5.79,2.13,2.56,3.43,3,,0,0,0,0,,5.73,9.57,14.9,9.07,,22,39,0.783,0.564,5.888,298,1,52,2,hizli_bilekx2 genis_savurusx1,13,0,45,21,63,49,11,0,3,0,5,,0,0,0,0,0,0,0,0,0,0,0.821,4.067,1.378
28,Run50_KirilmaV1,Hız-alan + Ritim,bahcivan,standart,107,ödülsüz eş,20,,,73,63,4,5,0,1,38,22,7,5,1,440,1101,220,440,45,246,53,10,255,101,32,2754,24,6,18.13,1,1,1.512,1.465,9,0.3,2,29,6.83,2.07,2.55,2.71,2.8,5,3,0,0,0,0,6.9,9.44,6.04,13.91,10.57,22,41,0.63,0.488,5.81,318,5,57,2,hizli_bilekx2 genis_savurusx1,15,0,45,23,69,49,14,0,3,0,5,,0,0,0,0,0,0,0,0,0,0,0.561,9.778,1.622
28,Run50_KirilmaV1,Hız-alan + Ritim,bahcivan,standart,107,ödülsüz eş,21,,,93,66,16,10,0,1,51,31,8,2,1,422,422,300,0,0,339,40,12,354,91,44,3335,25,3,18.13,1,1,1.464,1.934,9,0.3,2,30,8.8,2.06,2.77,3,3,5,10,0,0,0,0,7.32,8.85,9.76,8.07,17.57,25,49,0.752,0.429,5.81,380,1,58,5,hizli_bilekx2 genis_savurusx2,19,0,45,24,72,49,20,0,3,0,5,,0,0,0,0,0,0,0,0,0,0,0.816,9.378,2.067
28,Run50_KirilmaV1,Hız-alan + Ritim,bahcivan,standart,107,ödülsüz eş,22,,,95,75,9,5,0,6,51,29,8,6,1,1250,1672,300,0,0,327,40,22,361,63,46,3594,27,6,19.2,1,1,1.464,1.995,9,0.3,2,30,8.83,2.05,2.7,3.83,2.67,6,11,0,0,0,0,5.86,8.79,13.42,9.27,21.93,23,49,0.765,0.612,5.721,385,6,64,1,hizli_bilekx2 genis_savurusx2,18,0,45,26,78,49,23,0,3,0,5,,0,0,0,0,0,0,0,0,0,0,0.776,27.778,2.111
28,Run50_KirilmaV1,Hız-alan + Ritim,bahcivan,standart,107,ödülsüz eş,23,,,90,60,17,6,0,7,40,24,16,7,3,2997,4669,300,0,0,399,80,21,417,100,47,4135,29,6,20.27,1,1,1.418,1.995,9,0.3,2,31,8.65,1.88,2.5,3,4,4,6,0,0,0,0,4.14,7.25,8.22,10.28,15.58,21,49,0.782,0.551,5.491,402,6,70,1,hizli_bilekx2 genis_savurusx2,22,0,45,28,84,49,29,0,3,0,5,,0,0,0,0,0,0,0,0,0,0,0.939,66.6,2
28,Run50_KirilmaV1,Hız-alan + Ritim,bahcivan,standart,107,ödülsüz eş,24,,,166,96,41,16,0,13,79,44,29,11,3,1903,6572,300,0,0,591,196,33,592,308,60,7671,31,6,23.08,1,1,1.418,2.143,12,0.3,2,31,10.61,1.68,2.24,2.53,2.83,4.33,18,0,0,0,0,3.05,6.01,5,4.97,10.88,19,49,0.672,0.469,5.201,424,6,76,1,hizli_bilekx2 genis_savurusx2,28,0,45,30,90,49,35,0,3,0,5,,0,0,0,0,0,0,0,0,0,0,0.571,42.289,3.689
28,Run50_KirilmaV1,Hız-alan + Ritim,bahcivan,standart,107,ödülsüz eş,25,,,127,77,34,13,0,3,44,32,28,17,6,3138,9710,300,3138,65,459,190,75,500,245,95,6925,33,6,24.3,1,1,1.373,2.204,12,0.3,2,32,11.25,1.82,2.61,3.18,3.45,6.25,14,0,0,0,0,3.25,10.68,6.99,11.11,20.95,14,49,0.758,0.469,4.513,489,7,83,2,hizli_bilekx2 genis_savurusx2,23,0,45,32,96,49,41,0,3,0,5,,0,0,0,0,0,0,0,0,0,0,0.735,69.733,2.822
28,Run50_KirilmaV1,Hız-alan + Ritim,bahcivan,standart,107,ödülsüz eş,26,,,232,132,61,28,0,11,82,64,48,28,10,4091,4091,500,0,0,855,380,96,940,625,171,12369,36,9,25.51,1.6,1,1.373,2.291,12,0.3,2,32,11.19,1.21,1.59,2.07,2.39,2.25,55,17,0,0,0,0.92,2.64,4.4,5.07,4.46,12,49,0.611,0.429,4.124,535,4,87,1,hizli_bilekx2 genis_savurusx2 canavar_kesimix1,35,0,45,35,105,49,47,0,3,0,5,,0,0,0,0,0,0,0,0,0,0,0.755,90.911,5.156
28,Run50_KirilmaV1,Hız-alan + Ritim,bahcivan,standart,107,ödülsüz eş,27,,,265,167,70,21,0,7,100,63,55,40,7,6598,10689,500,0,0,726,439,172,851,469,193,14222,39,9,28.62,1.6,1,1.33,2.291,12,0.3,2,33,11.39,1.13,1.5,1.75,2,2.25,72,27,11,13,0,0.37,2.06,3.24,4.35,5.32,12,54,0.61,0.444,3.989,609,9,96,2,hizli_bilekx2 genis_savurusx2 canavar_kesimix1,40,0,45,38,114,49,56,0,3,0,5,,0,0,0,0,0,0,0,0,0,0,0.556,146.622,5.889
28,Run50_KirilmaV1,Hız-alan + Ritim,bahcivan,standart,107,ödülsüz eş,28,,,270,154,84,21,0,11,89,75,47,47,12,5749,16438,500,0,0,987,540,216,1033,713,264,15374,42,9,28.62,1.6,1,1.33,2.378,12,0.3,2,33,11.88,1.16,1.67,1.87,2.17,2.13,65,33,11,4,0,1.49,3.99,3.93,8.11,5.33,19,81,0.711,0.284,4.446,820,4,100,11,hizli_bilekx2 genis_savurusx2 canavar_kesimix1,43,0,45,41,123,58,56,0,3,0,5,,0,0,0,0,0,0,0,0,0,0,0.691,127.756,6
28,Run50_KirilmaV1,Hız-alan + Ritim,bahcivan,standart,107,ödülsüz eş,29,,,306,157,92,49,0,8,101,83,67,42,13,6563,23001,500,0,0,948,814,228,1006,967,492,17303,44,6,35.26,1.6,1,1.288,2.378,12,0.3,2,34,11.88,1.26,1.48,1.79,1.74,2.17,48,37,14,0,11,1.24,3.17,5.34,4.48,5.15,19,81,0.695,0.543,4.375,833,6,106,0,hizli_bilekx2 genis_savurusx2 canavar_kesimix1,47,0,45,43,129,67,56,0,3,0,5,,0,0,0,0,0,0,0,0,0,0,0.79,145.844,6.8
28,Run50_KirilmaV1,Hız-alan + Ritim,bahcivan,standart,107,ödülsüz eş,30,,,296,146,95,36,0,19,109,75,68,30,14,7157,30158,500,7157,100,1132,696,209,1143,793,621,16175,47,9,42.03,1.6,1,1.288,2.465,12,0.3,2,34,8.97,1.1,1.39,1.41,1.59,1.67,67,50,23,8,0,0.72,2.24,2.01,2.73,2.58,19,81,0.72,0.556,4.191,870,10,116,0,hizli_bilekx2 genis_savurusx2 canavar_kesimix1,45,0,45,46,138,73,56,0,3,0,5,,0,0,0,0,0,0,0,0,0,0,0.704,159.044,6.578
28,Run50_KirilmaV1,Hız-alan + Ritim,bahcivan,standart,107,ödülsüz eş,31,,,412,247,98,44,1,22,147,101,90,57,17,9581,9581,1200,0,0,1657,960,313,1700,1033,934,26323,50,9,44.25,2,1,1.248,2.553,12,0.3,2,36,11.81,1,1.18,1.31,1.45,1.64,94,54,48,33,0,0,0.79,1.82,3.22,5.7,19,81,0.628,0.395,3.978,916,4,120,0,hizli_bilekx2 genis_savurusx2 canavar_kesimix1 keskin_bicakx1,67,0,45,49,147,81,57,0,3,0,5,,0,0,0,0,0,0,0,0,0,0,0.617,212.911,9.156
28,Run50_KirilmaV1,Hız-alan + Ritim,bahcivan,standart,107,ödülsüz eş,32,,,435,243,131,44,0,17,135,121,100,57,22,12094,21675,1200,0,0,2112,1129,358,2212,1362,1197,29126,53,9,48.2,2,1,1.208,2.64,12,0.3,2,37,11.68,1.01,1.14,1.35,1.48,1.55,94,59,43,31,38,0.01,0.73,1.86,2.47,4.18,19,81,0.626,0.457,3.921,930,7,127,0,hizli_bilekx2 genis_savurusx2 canavar_kesimix1 keskin_bicakx1,72,0,45,52,156,81,66,0,3,0,5,,0,0,0,0,0,0,0,0,0,0,0.58,268.756,9.667
28,Run50_KirilmaV1,Hız-alan + Ritim,bahcivan,standart,107,ödülsüz eş,33,,,456,251,158,33,2,12,146,117,105,68,20,11895,33570,1200,0,0,2118,1154,545,2495,1486,1742,31077,55,6,52.15,2,1,1.17,2.64,12,0.317,2,38,11.92,1.01,1.31,1.34,1.59,1.75,99,57,46,35,25,0.05,1.3,1.57,3.24,6.87,19,81,0.61,0.444,3.799,959,10,137,0,hizli_bilekx2 genis_savurusx2 canavar_kesimix1 keskin_bicakx1,72,0,45,54,162,81,75,0,3,0,5,,0,0,0,0,0,0,0,0,0,0,0.593,264.333,10.133
28,Run50_KirilmaV1,Hız-alan + Ritim,bahcivan,standart,107,ödülsüz eş,34,,,485,275,147,42,1,20,158,139,99,71,18,12710,46280,1200,0,0,2582,1210,420,2792,1376,2052,33774,58,9,58.9,2,1,1.17,2.727,12,0.333,2,38,11.71,1,1.04,1.15,1.49,1.36,100,69,61,27,20,0,0.25,0.45,2.6,3.19,19,81,0.596,0.42,3.777,965,9,146,0,hizli_bilekx2 genis_savurusx2 canavar_kesimix1 keskin_bicakx1,74,0,45,57,171,81,81,0,3,0,5,,0,0,0,0,0,0,0,0,0,0,0.531,282.444,10.778
28,Run50_KirilmaV1,Hız-alan + Ritim,bahcivan,standart,107,ödülsüz eş,35,,,471,269,139,48,0,15,164,130,106,54,17,12575,58855,1200,12575,220,2376,1166,515,2658,2032,2567,33836,60,6,63.05,2,1,1.17,2.814,12,0.367,2,38,11.92,1.04,1.14,1.42,1.42,1.8,92,70,48,36,33,0.17,0.75,2.52,2.69,6.08,19,81,0.627,0.469,3.64,1001,7,153,0,hizli_bilekx2 genis_savurusx2 canavar_kesimix1 keskin_bicakx1,69,0,45,59,177,81,90,0,3,0,5,,0,0,0,0,0,0,0,0,0,0,0.617,279.444,10.467
28,Run50_KirilmaV1,Hız-alan + Ritim,bahcivan,standart,107,ödülsüz eş,36,,,636,383,170,53,1,29,202,174,149,86,25,20642,20642,2800,0,0,3166,2014,640,3624,2376,3082,44877,63,9,72.57,2,1,0.995,2.901,16,0.367,2,45,13.62,1,1.11,1.24,1.29,1.69,100,77,62,49,27,0,0.54,1.13,1.55,1.84,19,81,0.499,0.309,3.518,1036,6,159,0,hizli_bilekx3 genis_savurusx2 canavar_kesimix1 keskin_bicakx1,98,0,45,62,186,81,96,0,3,0,5,,0,0,0,0,0,0,0,0,0,0,0.37,458.711,14.133
28,Run50_KirilmaV1,Hız-alan + Ritim,bahcivan,standart,107,ödülsüz eş,37,,,652,421,156,37,3,35,201,166,170,79,36,21244,41886,2800,0,0,3800,2318,678,4304,2364,3610,48887,66,9,80.41,2,1,0.995,2.901,16,0.4,2.111,45,14.22,1,1.08,1.26,1.31,1.48,100,85,60,51,38,0,0.35,1.15,1.15,1.65,19,81,0.5,0.296,3.409,1069,10,169,0,hizli_bilekx3 genis_savurusx2 canavar_kesimix1 keskin_bicakx1,94,0,45,65,195,81,105,0,3,0,5,,0,0,0,0,0,0,0,0,0,0,0.556,472.089,14.489
28,Run50_KirilmaV1,Hız-alan + Ritim,bahcivan,standart,107,ödülsüz eş,38,,,661,410,182,37,3,29,212,189,141,91,28,22233,64119,2800,0,0,3427,1971,828,3841,2365,4298,49614,68,6,91.02,2,1,0.995,2.901,16,0.4,2.111,45,13.73,1,1.04,1.15,1.3,1.42,100,87,66,55,44,0,0.17,0.49,1.14,1.99,19,81,0.498,0.247,3.37,1082,7,176,0,hizli_bilekx3 genis_savurusx2 canavar_kesimix1 keskin_bicakx1,101,0,45,67,201,81,114,0,3,0,5,,0,0,0,0,0,0,0,0,0,0,0.556,494.067,14.689
28,Run50_KirilmaV1,Hız-alan + Ritim,bahcivan,standart,107,ödülsüz eş,39,,,709,449,188,34,1,37,192,214,167,108,28,23292,87411,2800,0,0,3950,2405,770,4271,3440,4873,58099,71,9,98.13,2,1,0.995,2.901,16,0.4,2.222,45,14.42,1,1.03,1.06,1.24,1.39,100,93,73,67,53,0,0.18,0.22,0.88,1.77,19,81,0.482,0.272,3.287,1109,6,182,0,hizli_bilekx3 genis_savurusx2 canavar_kesimix1 keskin_bicakx1,102,0,45,70,210,81,120,0,3,0,5,,0,0,0,0,0,0,0,0,0,0,0.284,517.6,15.756
28,Run50_KirilmaV1,Hız-alan + Ritim,bahcivan,standart,107,ödülsüz eş,40,,,581,393,140,27,4,17,196,127,139,88,31,19089,106500,2800,19089,500,2900,2366,811,3351,4206,5529,53595,73,6,109.63,2,1,0.995,2.901,16,0.417,2.222,45,11.93,1,1.01,1.14,1.24,1.05,100,97,78,59,60,0,0.02,0.58,0.9,0.1,19,81,0.369,0.198,3.243,1124,5,187,0,hizli_bilekx3 genis_savurusx2 canavar_kesimix1 keskin_bicakx1,87,0,45,72,216,81,129,0,3,0,5,,0,0,0,0,0,0,0,0,0,0,0.235,424.2,12.911
28,Run50_KirilmaV1,Hız-alan + Ritim,bahcivan,standart,107,ödülsüz eş,41,,,879,554,232,49,5,39,263,211,208,138,59,35680,35680,4500,0,0,4985,3225,1427,5376,7431,6716,77651,76,9,109.63,2,1,0.696,2.901,16,0.417,2.333,64,12.56,1,1.02,1.13,1.25,1.32,100,95,71,61,62,0,0.04,0.44,0.74,1.13,19,81,0.41,0.198,3.191,1142,4,191,0,hizli_bilekx3 genis_savurusx2 canavar_kesimix1 keskin_bicakx1 firtina_bilegix1,121,0,45,75,225,81,135,0,3,0,5,,0,0,0,0,0,0,0,0,0,0,0.321,792.889,19.533
28,Run50_KirilmaV1,Hız-alan + Ritim,bahcivan,standart,107,ödülsüz eş,42,,,933,599,201,56,5,72,290,272,182,130,59,38335,74015,4500,0,0,5540,3012,1428,5741,8043,6054,80912,79,9,121.72,2,1,0.696,2.901,16,0.433,2.333,64,13.36,1,1.03,1.21,1.33,1.42,100,94,60,55,44,0,0.14,0.83,1.3,1.23,23,112,0.482,0.205,3.5,1440,8,199,10,hizli_bilekx3 genis_savurusx2 canavar_kesimix1 keskin_bicakx1 firtina_bilegix1,126,0,45,78,234,81,144,0,3,0,5,,0,0,0,0,0,0,0,0,0,0,0.446,851.889,20.733
28,Run50_KirilmaV1,Hız-alan + Ritim,bahcivan,standart,107,ödülsüz eş,43,,,992,675,179,48,4,86,288,268,235,152,49,35198,109213,4500,0,0,5285,3819,1326,5716,11862,7090,89413,82,9,129.42,2,1,0.696,2.901,16,0.45,2.444,64,14.11,1,1.03,1.16,1.22,1.32,100,95,69,65,46,0,0.1,0.62,1.13,2.14,28,121,0.49,0.322,3.691,1475,4,203,5,hizli_bilekx3 genis_savurusx2 canavar_kesimix1 keskin_bicakx1 firtina_bilegix1,137,0,45,81,243,90,144,0,3,0,5,,0,0,0,0,0,0,0,0,0,0,0.512,782.178,22.044
28,Run50_KirilmaV1,Hız-alan + Ritim,bahcivan,standart,107,ödülsüz eş,44,,,1012,681,189,51,10,81,319,258,239,143,53,35584,144797,4500,0,0,6010,3681,1284,6926,12873,8374,91895,84,6,142.4,2,1,0.696,2.901,16,0.45,2.444,64,14.25,1,1,1.14,1.21,1.31,100,100,66,62,50,0,0,0.51,0.66,1.12,28,121,0.477,0.273,3.61,1508,4,207,0,hizli_bilekx3 genis_savurusx2 canavar_kesimix1 keskin_bicakx1 firtina_bilegix1,141,0,45,83,249,99,144,0,3,0,5,,0,0,0,0,0,0,0,0,0,0,0.529,790.756,22.489
28,Run50_KirilmaV1,Hız-alan + Ritim,bahcivan,standart,107,ödülsüz eş,45,,,987,655,190,48,12,82,318,241,238,152,38,35260,180057,4500,35260,800,5235,3558,1224,6861,16431,9268,92887,87,9,142.4,2,1,0.696,2.901,16,0.45,2.556,64,14.13,1,1.05,1.18,1.28,1.34,98,85,68,63,39,0.02,0.23,0.64,1.19,1.75,28,121,0.499,0.339,3.542,1537,4,211,0,hizli_bilekx3 genis_savurusx2 canavar_kesimix1 keskin_bicakx1 firtina_bilegix1,131,0,45,86,258,105,144,0,3,0,5,,0,0,0,0,0,0,0,0,0,0,0.537,783.556,21.933
28,Run50_KirilmaV1,Hız-alan + Ritim,bahcivan,standart,107,ödülsüz eş,46,,,1106,790,197,30,3,86,306,300,279,171,50,43527,43527,6000,0,0,6180,3996,1512,9241,20427,10780,108049,89,6,150.4,2,1,0.696,2.901,16,0.45,2.556,64,14.36,1,1.02,1,1.03,1.19,100,97,100,88,69,0,0.09,0,0.1,0.78,28,121,0.467,0.256,3.346,1627,1,212,0,hizli_bilekx3 genis_savurusx2 canavar_kesimix1 keskin_bicakx1 firtina_bilegix1 altin_hedefx1,151,0,45,88,264,114,144,0,3,0,5,,0,0,0,0,0,0,0,0,0,0,0.38,967.267,24.578
28,Run50_KirilmaV1,Hız-alan + Ritim,bahcivan,standart,107,ödülsüz eş,47,,,1115,793,198,25,7,92,340,326,236,160,53,43333,86860,6000,0,0,6570,3795,1350,11711,24222,11750,103154,92,9,158.4,2,1,0.696,2.901,16,0.45,2.667,64,14.56,1,1.01,1,1.03,1.15,100,98,100,91,76,0,0.04,0,0.11,0.47,28,121,0.489,0.298,3.188,1708,2,214,0,hizli_bilekx3 genis_savurusx2 canavar_kesimix1 keskin_bicakx1 firtina_bilegix1 altin_hedefx1,149,0,45,91,273,120,144,0,3,0,5,,0,0,0,0,0,0,0,0,0,0,0.397,962.956,24.778
28,Run50_KirilmaV1,Hız-alan + Ritim,bahcivan,standart,107,ödülsüz eş,48,,,1089,781,192,31,5,80,309,290,256,175,59,44494,131354,6000,0,0,6350,4035,1518,15861,28257,13268,105838,94,6,158.4,2,1,0.696,2.901,16,0.45,2.667,64,14.44,1,1.02,1,1.04,1.21,100,93,100,90,76,0,0.07,0,0.13,0.94,28,121,0.501,0.322,3.166,1720,1,215,0,hizli_bilekx3 genis_savurusx2 canavar_kesimix1 keskin_bicakx1 firtina_bilegix1 altin_hedefx1,148,0,45,93,279,121,152,0,3,0,5,,0,0,0,0,0,0,0,0,0,0,0.446,988.756,24.2
28,Run50_KirilmaV1,Hız-alan + Ritim,bahcivan,standart,107,ödülsüz eş,49,,,1104,776,184,38,5,101,346,291,244,169,54,42213,173567,6000,0,0,6020,3927,1566,21881,32184,14414,104721,96,6,158.4,2,1,0.696,2.901,16,0.45,2.778,64,14.7,1,1.05,1.01,1.08,1.15,100,91,99,77,71,0,0.29,0.02,0.21,0.59,28,121,0.5,0.306,3.095,1759,1,216,0,hizli_bilekx3 genis_savurusx2 canavar_kesimix1 keskin_bicakx1 firtina_bilegix1 altin_hedefx1,154,0,45,95,285,121,158,0,3,0,5,,0,0,0,0,0,0,0,0,0,0,0.455,938.067,24.533
28,Run50_KirilmaV1,Hız-alan + Ritim,bahcivan,standart,107,ödülsüz eş,50,,,1124,745,244,42,13,80,355,284,261,174,50,43115,216682,6000,0,0,5975,3756,1614,25456,35940,16028,104781,98,6,158.4,2,1,0.696,2.901,16,0.45,2.778,64,14.77,1,1.07,1.01,1.09,1.09,100,85,96,78,76,0,0.27,0.09,0.44,0.53,28,121,0.523,0.314,3.029,1798,1,217,0,hizli_bilekx3 genis_savurusx2 canavar_kesimix1 keskin_bicakx1 firtina_bilegix1 altin_hedefx1,150,0,45,97,291,121,164,0,3,0,5,,0,0,0,0,0,0,0,0,0,0,0.628,958.111,24.978
28,Run50_KirilmaV1,Hız-alan + Ritim,bahcivan,standart,107,ödülsüz eş,50,KAZANDI
28,Run50_KirilmaV1,Hız-alan + Ritim,bahcivan,standart,107,LAB R15 A ödülsüz #1,15,,,44,39,3,2,0,0,29,13,2,0,0,105,105,150,105,30,165,8,0,245,8,0,1275,4,9,15.33,1,1,1.619,1.005,6,0.3,2,27,4.52,2.04,3,4,,,16,6,0,,,5.18,7.28,13.77,,,14,18,0.679,0.333,6.333,128,0,0,0,hizli_bilekx2,11,0,45,3,9,0,0,0,0,0,15,,0,0,0,0,0,0,0,0,0,0,0.778,2.333,0.978
28,Run50_KirilmaV1,Hız-alan + Ritim,bahcivan,standart,107,LAB R15 B +hasat_ritmi #1,15,,,53,47,3,0,0,3,39,11,3,0,0,105,105,150,105,30,183,12,0,263,12,0,1498,4,9,15.33,1,1,1.619,1.005,6,0.3,2,27,4.67,1.86,3,5,,,28,0,0,,,3.34,7.37,15.11,,,14,18,0.629,0.278,6.333,128,0,0,0,hizli_bilekx2 hasat_ritmix1,14,0,45,3,9,0,0,0,0,0,15,,0,0,0,0,0,5,5,0,0,0,0.667,2.333,1.178
28,Run50_KirilmaV1,Hız-alan + Ritim,bahcivan,standart,107,LAB R15 A ödülsüz #2,15,,,50,42,5,2,0,1,41,8,0,1,0,97,97,150,97,30,171,0,2,251,0,2,1352,4,9,15.33,1,1,1.619,1.005,6,0.3,2,27,4.74,2.24,3,,6,,9,0,0,0,,3.95,6.48,,17.8,,14,18,0.648,0.333,6.333,128,0,0,0,hizli_bilekx2,11,0,45,3,9,0,0,0,0,0,15,,0,0,0,0,0,0,0,0,0,0,0.667,2.156,1.111
28,Run50_KirilmaV1,Hız-alan + Ritim,bahcivan,standart,107,LAB R15 B +hasat_ritmi #2,15,,,52,51,1,0,0,0,42,7,3,0,0,100,100,150,100,30,168,12,0,248,12,0,1426,4,9,15.33,1,1,1.619,1.005,6,0.3,2,27,4.89,2.1,2.57,4,,,13,0,0,,,3.04,4.16,8.08,,,14,18,0.615,0.278,6.333,128,0,0,0,hizli_bilekx2 hasat_ritmix1,13,0,45,3,9,0,0,0,0,0,15,,0,0,0,0,0,6,6,0,0,0,0.778,2.222,1.156
28,Run50_KirilmaV1,Hız-alan + Ritim,bahcivan,standart,107,LAB R15 A ödülsüz #3,15,,,46,43,2,1,0,0,36,8,1,1,0,101,101,150,101,30,156,4,2,236,4,2,1277,4,9,15.33,1,1,1.619,1.005,6,0.3,2,27,4.78,2.5,2.57,3,4,,7,0,0,0,,4.58,4.85,21.07,14.56,,14,18,0.682,0.444,6.333,128,0,0,0,hizli_bilekx2,9,0,45,3,9,0,0,0,0,0,15,,0,0,0,0,0,0,0,0,0,0,0.556,2.244,1.022
28,Run50_KirilmaV1,Hız-alan + Ritim,bahcivan,standart,107,LAB R15 B +hasat_ritmi #3,15,,,44,44,0,0,0,0,33,9,1,1,0,101,101,150,101,30,153,4,2,233,4,2,1243,4,9,15.33,1,1,1.619,1.005,6,0.3,2,27,4.85,2.42,2.44,5,3,,14,0,0,0,,4.42,4.86,12.93,12.96,,14,18,0.694,0.389,6.333,128,0,0,0,hizli_bilekx2 hasat_ritmix1,11,0,45,3,9,0,0,0,0,0,15,,0,0,0,0,0,5,5,0,0,0,0.722,2.244,0.978
28,Run50_KirilmaV1,Hız-alan + Ritim,bahcivan,standart,107,LAB R25 A ödülsüz #1,25,,,148,93,26,24,0,5,56,37,31,16,8,3309,3309,300,3309,65,480,208,108,560,208,108,7890,14,39,24.3,1,1,1.373,2.204,12,0.3,2,32,11.09,1.79,2.46,1.95,3.33,3.4,20,6,13,0,0,3.74,5.07,2.28,8.81,8.23,14,49,0.747,0.429,4.513,489,0,0,0,hizli_bilekx2 genis_savurusx2,34,0,45,13,39,0,0,0,0,0,25,,0,0,0,0,0,0,0,0,0,0,0.857,73.533,3.289
28,Run50_KirilmaV1,Hız-alan + Ritim,bahcivan,standart,107,LAB R25 B +hasat_ritmi #1,25,,,191,120,49,18,0,4,69,45,45,27,5,3354,3354,300,3354,65,567,292,105,647,292,105,10256,17,48,24.3,1,1,1.373,2.204,12,0.3,2,32,12.72,1.68,2.15,2.16,3.17,3,35,25,24,11,0,1.27,4.32,3.63,8.86,5.5,14,49,0.683,0.327,4.513,489,0,0,0,hizli_bilekx2 genis_savurusx2 hasat_ritmix1,37,0,45,16,48,0,0,0,0,0,25,,0,0,0,0,0,9,9,0,0,0,0.694,74.533,4.244
28,Run50_KirilmaV1,Hız-alan + Ritim,bahcivan,standart,107,LAB R25 sinerji A ödülsüz #1,25,,,150,90,31,18,0,11,51,43,29,17,10,3617,3617,300,3617,65,591,240,87,671,240,87,8173,15,42,24.3,1,1,1.167,2.204,12,0.3,2,38,10.74,2,2.14,3.4,3.17,4.43,19,21,3,6,0,4.39,2.44,7.16,7.29,12.83,14,49,0.746,0.429,4.513,489,0,0,0,hizli_bilekx3 genis_savurusx2,36,0,45,14,42,0,0,0,0,0,25,,0,0,0,0,0,0,0,0,0,0,0.816,80.378,3.333
28,Run50_KirilmaV1,Hız-alan + Ritim,bahcivan,standart,107,LAB R25 sinerji B +hasat_ritmi #1,25,,,198,120,45,24,0,9,69,54,37,28,10,5256,5256,300,5256,65,711,288,120,791,288,120,10763,17,48,24.3,1,1,1.167,2.204,12,0.3,2,38,11.87,1.87,1.97,2.09,3.35,3.5,25,25,20,4,0,2.92,2.93,3.18,5.97,7.58,14,49,0.666,0.306,4.513,489,0,0,0,hizli_bilekx3 genis_savurusx2 hasat_ritmix1,47,0,45,16,48,0,0,0,0,0,25,,0,0,0,0,0,10,10,0,0,0,0.816,116.8,4.4
28,Run50_KirilmaV1,Hız-alan + Ritim,bahcivan,standart,107,LAB R25 A ödülsüz #2,25,,,151,88,30,22,0,11,58,33,31,25,4,2753,2753,300,2753,65,507,208,75,587,208,75,8091,15,42,24.3,1,1,1.373,2.204,12,0.3,2,32,11.09,1.79,2.63,2.44,3.13,4,25,9,3,9,0,2.71,6.21,6.18,7.64,8.24,14,49,0.743,0.429,4.513,489,0,0,0,hizli_bilekx2 genis_savurusx2,34,0,45,14,42,0,0,0,0,0,25,,0,0,0,0,0,0,0,0,0,0,0.776,61.178,3.356
28,Run50_KirilmaV1,Hız-alan + Ritim,bahcivan,standart,107,LAB R25 B +hasat_ritmi #2,25,,,210,125,44,26,0,15,72,56,46,28,8,4021,4021,300,4021,65,732,342,96,812,342,96,11351,18,51,24.3,1,1,1.373,2.204,12,0.3,2,32,12.13,1.44,1.89,2.2,2.59,3.5,36,20,16,12,13,1.05,2.94,3.53,3.87,7.54,14,49,0.651,0.347,4.513,489,0,0,0,hizli_bilekx2 genis_savurusx2 hasat_ritmix1,37,0,45,17,51,0,0,0,0,0,25,,0,0,0,0,0,9,9,0,0,0,0.735,89.356,4.667
28,Run50_KirilmaV1,Hız-alan + Ritim,bahcivan,standart,107,LAB R25 sinerji A ödülsüz #2,25,,,164,91,38,25,0,10,60,43,34,25,2,3731,3731,300,3731,65,483,204,87,563,204,87,8722,15,42,24.3,1,1,1.167,2.204,12,0.3,2,38,10.95,2.25,2.35,3.17,3.85,,20,13,3,4,0,4.16,4.41,7.05,9.6,,14,49,0.73,0.469,4.513,489,0,0,0,hizli_bilekx3 genis_savurusx2,37,0,45,14,42,0,0,0,0,0,25,,0,0,0,0,0,0,0,0,0,0,0.653,82.911,3.644
28,Run50_KirilmaV1,Hız-alan + Ritim,bahcivan,standart,107,LAB R25 sinerji B +hasat_ritmi #2,25,,,218,130,42,27,0,19,84,63,44,20,7,4025,4025,300,4025,65,675,374,72,755,374,72,11288,18,51,24.3,1,1,1.167,2.204,12,0.3,2,38,11.66,1.73,2.16,2.45,2.71,3.33,33,17,6,20,0,1.6,3.53,4.77,5.17,4.28,14,49,0.641,0.286,4.513,489,0,0,0,hizli_bilekx3 genis_savurusx2 hasat_ritmix1,42,0,45,17,51,0,0,0,0,0,25,,0,0,0,0,0,11,11,0,0,0,0.714,89.444,4.844
28,Run50_KirilmaV1,Hız-alan + Ritim,bahcivan,standart,107,LAB R25 A ödülsüz #3,25,,,153,84,44,18,0,7,52,42,34,20,5,4129,4129,300,4129,65,453,248,84,533,248,84,8236,15,42,24.3,1,1,1.373,2.204,12,0.3,2,32,11.22,1.79,2.36,2.78,2.85,2,26,6,8,13,0,3.98,4.62,4.89,9.61,4.8,14,49,0.744,0.429,4.513,489,0,0,0,hizli_bilekx2 genis_savurusx2,32,0,45,14,42,0,0,0,0,0,25,,0,0,0,0,0,0,0,0,0,0,0.694,91.756,3.4
28,Run50_KirilmaV1,Hız-alan + Ritim,bahcivan,standart,107,LAB R25 B +hasat_ritmi #3,25,,,184,114,37,15,0,18,73,51,30,23,7,3762,3762,300,3762,65,570,268,93,650,268,93,9581,16,45,24.3,1,1,1.373,2.204,12,0.3,2,32,12.38,1.55,2,2.45,3.38,3.2,29,10,7,5,0,2,3.05,3.37,6.13,4.67,14,49,0.684,0.286,4.513,489,0,0,0,hizli_bilekx2 genis_savurusx2 hasat_ritmix1,43,0,45,15,45,0,0,0,0,0,25,,0,0,0,0,0,8,8,0,0,0,0.816,83.6,4.089
28,Run50_KirilmaV1,Hız-alan + Ritim,bahcivan,standart,107,LAB R25 sinerji A ödülsüz #3,25,,,164,105,36,12,0,11,65,44,29,19,7,3853,3853,300,3853,65,549,240,81,629,240,81,8539,15,42,24.3,1,1,1.167,2.204,12,0.3,2,38,10.53,2,2.21,2.76,3.07,3.83,15,13,7,5,0,3.11,4.25,5.5,6,10.31,14,49,0.727,0.388,4.513,489,0,0,0,hizli_bilekx3 genis_savurusx2,36,0,45,14,42,0,0,0,0,0,25,,0,0,0,0,0,0,0,0,0,0,0.776,85.622,3.644
28,Run50_KirilmaV1,Hız-alan + Ritim,bahcivan,standart,107,LAB R25 sinerji B +hasat_ritmi #3,25,,,218,130,45,21,0,22,86,54,38,28,12,4991,4991,300,4991,65,717,338,132,797,338,132,11661,18,51,24.3,1,1,1.167,2.204,12,0.3,2,38,11.82,1.57,2.27,2.17,3.31,2.71,42,13,22,3,0,1.94,2.22,3.5,5.47,5,14,49,0.642,0.265,4.513,489,0,0,0,hizli_bilekx3 genis_savurusx2 hasat_ritmix1,40,0,45,17,51,0,0,0,0,0,25,,0,0,0,0,0,10,10,0,0,0,0.633,110.911,4.844
28,Run50_KirilmaV1,Hız-alan + Ritim,bahcivan,standart,107,LAB R40 A ödülsüz #1,40,,,617,387,158,43,5,24,192,167,143,88,27,17292,17292,2800,17292,500,3750,2027,736,3830,2027,736,56307,36,105,109.63,2,1,0.995,2.901,16,0.417,2.222,45,12.4,1,1.02,1.07,1.35,1.32,100,96,75,57,61,0,0.08,0.19,1.04,0.89,19,81,0.384,0.16,3.243,1124,0,0,0,hizli_bilekx3 genis_savurusx2 canavar_kesimix1 keskin_bicakx1,98,0,45,35,105,0,0,0,0,0,40,,0,0,0,0,0,0,0,0,0,0,0.407,384.267,13.711
28,Run50_KirilmaV1,Hız-alan + Ritim,bahcivan,standart,107,LAB R40 B +hasat_ritmi #1,40,,,670,469,150,22,0,29,210,177,153,108,22,18805,18805,2800,18805,500,3815,2130,810,3895,2130,810,60864,37,108,109.63,2,1,0.995,2.901,16,0.417,2.222,45,13.64,1,1,1.04,1.11,1.12,100,99,90,84,79,0,0,0.08,0.41,0.29,19,81,0.322,0.086,3.243,1124,0,0,0,hizli_bilekx3 genis_savurusx2 canavar_kesimix1 keskin_bicakx1 hasat_ritmix1,116,0.029,45,36,108,0,0,0,0,0,40,,0,0,0,0,0,22,21,0,0,0,0.321,417.889,14.889
28,Run50_KirilmaV1,Hız-alan + Ritim,bahcivan,standart,107,LAB R40 A ödülsüz #2,40,,,584,380,141,40,1,22,185,154,131,76,38,19143,19143,2800,19143,500,3820,2062,767,3900,2062,767,53547,35,102,109.63,2,1,0.995,2.901,16,0.417,2.222,45,12.07,1,1.02,1.12,1.28,1.22,100,96,76,69,61,0,0.09,0.67,1.04,0.82,19,81,0.403,0.198,3.243,1124,0,0,0,hizli_bilekx3 genis_savurusx2 canavar_kesimix1 keskin_bicakx1,94,0,45,34,102,0,0,0,0,0,40,,0,0,0,0,0,0,0,0,0,0,0.284,425.4,12.978
28,Run50_KirilmaV1,Hız-alan + Ritim,bahcivan,standart,107,LAB R40 B +hasat_ritmi #2,40,,,680,493,133,24,2,28,210,181,161,91,37,20995,20995,2800,20995,500,3990,2575,857,4070,2575,857,62139,37,108,109.63,2,1,0.995,2.901,16,0.417,2.222,45,14.09,1,1,1,1.04,1.29,100,98,92,86,66,0,0,0,0.16,1.12,19,81,0.314,0.074,3.243,1124,0,0,0,hizli_bilekx3 genis_savurusx2 canavar_kesimix1 keskin_bicakx1 hasat_ritmix1,113,0.035,45,36,108,0,0,0,0,0,40,,0,0,0,0,0,22,22,0,0,0,0.099,466.556,15.111
28,Run50_KirilmaV1,Hız-alan + Ritim,bahcivan,standart,107,LAB R40 A ödülsüz #3,40,,,596,393,143,39,0,21,180,160,122,95,39,22293,22293,2800,22293,500,3875,1825,939,3955,1825,939,55090,35,102,109.63,2,1,0.995,2.901,16,0.417,2.222,45,12.29,1,1.02,1.13,1.22,1.38,100,97,69,71,58,0,0.04,0.71,0.62,2.12,19,81,0.406,0.185,3.243,1124,0,0,0,hizli_bilekx3 genis_savurusx2 canavar_kesimix1 keskin_bicakx1,92,0,45,34,102,0,0,0,0,0,40,,0,0,0,0,0,0,0,0,0,0,0.185,495.4,13.244
28,Run50_KirilmaV1,Hız-alan + Ritim,bahcivan,standart,107,LAB R40 B +hasat_ritmi #3,40,,,674,489,125,19,3,38,224,165,149,105,31,19872,19872,2800,19872,500,3595,2173,976,3675,2173,976,62177,37,108,109.63,2,1,0.995,2.901,16,0.417,2.222,45,13.71,1,1,1.03,1.14,1.12,100,97,94,84,83,0,0,0.11,0.4,0.31,19,81,0.311,0.037,3.243,1124,0,0,0,hizli_bilekx3 genis_savurusx2 canavar_kesimix1 keskin_bicakx1 hasat_ritmix1,108,0.046,45,36,108,0,0,0,0,0,40,,0,0,0,0,0,21,21,0,0,0,0.321,441.6,14.978
29,Run50_KirilmaV1,Hız-alan + Ritim,bahcivan,standart,108,ödülsüz eş,1,,,12,12,0,0,0,0,11,0,1,0,0,21,21,45,0,0,22,4,0,22,4,0,260,1,0,10,1,1,3,0.9,4,0.3,2,14,2.07,1.91,,4,,,14,,0,,,2.73,,9,,,2,4,0.376,0,8,23,0,0,2,,3,0.171,45,0,0,0,0,0,0,0,0,,0,0,0,0,0,0,0,0,0,0,0.75,0.467,0.267
29,Run50_KirilmaV1,Hız-alan + Ritim,bahcivan,standart,108,ödülsüz eş,2,,,14,14,0,0,0,0,12,2,0,0,0,18,39,45,0,0,32,0,0,34,4,0,300,2,3,10,1,1,3,0.9,4,0.3,2,14,2.43,1.92,3.5,,,,10,0,,,,3,10.5,,,,3,5,0.524,0.2,8,28,0,0,1,,4,0,45,1,3,0,0,0,0,0,0,,0,0,0,0,0,0,0,0,0,0,0.6,0.4,0.311
29,Run50_KirilmaV1,Hız-alan + Ritim,bahcivan,standart,108,ödülsüz eş,3,,,16,16,0,0,0,0,10,6,0,0,0,28,67,45,0,0,44,0,0,51,4,0,436,3,3,10,1,1,2.892,0.9,4,0.3,2,15,2.67,1.8,3.17,,,,18,0,,,,2.89,8.68,,,,4,6,0.537,0.333,8,34,1,1,1,,3,0,45,2,6,3,0,0,2,0,0,,0,0,0,0,0,0,0,0,0,0,0.5,0.622,0.356
29,Run50_KirilmaV1,Hız-alan + Ritim,bahcivan,standart,108,ödülsüz eş,4,,,17,17,0,0,0,0,13,4,0,0,0,25,92,45,0,0,42,0,0,44,4,0,502,4,3,10,1,1,2.789,0.9,4,0.3,2,16,3.13,2.31,3.75,,,,0,0,0,,,7.08,11.86,,,,5,8,0.609,0.25,7.796,46,1,2,1,,4,0,45,3,9,6,0,0,2,0,0,,0,0,0,0,0,0,0,0,0,0,0.75,0.556,0.378
29,Run50_KirilmaV1,Hız-alan + Ritim,bahcivan,standart,108,ödülsüz eş,5,,,14,14,0,0,0,0,10,3,1,0,0,29,121,45,29,8,32,4,0,38,8,0,426,5,3,10,1,1,2.689,0.9,4,0.3,2,16,2.63,2.6,2.33,5,,,0,0,0,,,7.26,8.08,10.77,,,6,9,0.534,0.222,7.672,53,2,4,1,,3,0,45,4,12,9,0,0,2,0,0,,0,0,0,0,0,0,0,0,0,0,0.333,0.644,0.311
29,Run50_KirilmaV1,Hız-alan + Ritim,bahcivan,standart,108,ödülsüz eş,6,,,27,24,3,0,0,0,20,4,3,0,0,62,62,110,0,0,56,12,0,58,20,0,887,7,6,11.33,1.25,1,2.592,0.9,4,0.3,2,17,3.12,1.61,2.75,2.5,,,26,0,0,,,2.02,6.48,10.37,,,6,9,0.545,0.222,7.443,54,5,9,0,keskin_bicakx1,5,0,45,6,18,9,3,0,2,0,6,,0,0,0,0,0,0,0,0,0,0,0.333,1.378,0.6
29,Run50_KirilmaV1,Hız-alan + Ritim,bahcivan,standart,108,ödülsüz eş,7,,,24,24,0,0,0,0,19,4,1,0,0,41,103,110,0,0,54,4,0,59,24,0,781,8,3,11.33,1.25,1,2.5,0.9,4,0.3,2,17,3.06,1.74,2.25,2,,,25,0,0,0,,3.29,4.38,10,,,6,9,0.549,0.222,7.321,55,3,12,0,keskin_bicakx1,6,0,45,7,21,9,9,0,2,0,6,,0,0,0,0,0,0,0,0,0,0,0.667,0.911,0.533
29,Run50_KirilmaV1,Hız-alan + Ritim,bahcivan,standart,108,ödülsüz eş,8,,,27,26,1,0,0,0,21,3,2,1,0,81,184,110,0,0,57,8,2,65,32,2,881,10,6,11.33,1.25,1,2.5,0.9,4,0.3,2,17,3.24,1.9,2.5,1.5,1,,9,0,0,,,4.76,21.25,1.25,0,,7,11,0.61,0.364,7.39,67,1,13,1,keskin_bicakx1,6,0,45,9,27,12,9,0,2,0,6,,0,0,0,0,0,0,0,0,0,0,0.545,1.8,0.6
29,Run50_KirilmaV1,Hız-alan + Ritim,bahcivan,standart,108,ödülsüz eş,9,,,27,25,2,0,0,0,20,5,2,0,0,55,239,110,0,0,65,8,0,94,40,2,907,11,3,11.33,1.25,1,2.41,0.9,4,0.3,2,18,3.56,1.94,2,3.5,,,11,0,0,,,4.41,6.74,9.65,,,8,12,0.633,0.333,7.442,73,1,14,1,keskin_bicakx1,7,0,45,10,30,18,9,0,2,0,6,,0,0,0,0,0,0,0,0,0,0,0.75,1.222,0.6
29,Run50_KirilmaV1,Hız-alan + Ritim,bahcivan,standart,108,ödülsüz eş,10,,,24,24,0,0,0,0,18,5,1,0,0,43,282,110,43,16,61,4,0,64,44,2,766,12,3,11.33,1.25,1,2.41,0.935,4,0.3,2,18,3.56,2.5,2.4,3,,,0,0,0,,,11.24,6.27,26.5,,,9,14,0.72,0.357,7.482,84,2,16,1,keskin_bicakx1,7,0,45,11,33,21,9,0,2,0,6,,0,0,0,0,0,0,0,0,0,0,0.5,0.956,0.533
29,Run50_KirilmaV1,Hız-alan + Ritim,bahcivan,standart,108,ödülsüz eş,11,,,33,29,4,0,0,0,24,7,2,0,0,66,66,150,0,0,83,8,0,88,52,2,1072,14,6,11.33,1.25,1,1.975,0.935,4,0.3,2,22,3.73,2.1,2.86,1.5,,,7,0,0,,,4.74,10.44,0.98,,,10,15,0.633,0.4,7.33,92,3,19,1,keskin_bicakx1 hizli_bilekx1,7,0,45,13,39,24,9,0,2,0,6,,0,0,0,0,0,0,0,0,0,0,0.733,1.467,0.733
29,Run50_KirilmaV1,Hız-alan + Ritim,bahcivan,standart,108,ödülsüz eş,12,,,38,36,0,0,0,2,32,5,1,0,0,60,126,150,0,0,89,4,0,91,26,2,1115,15,3,12.67,1.25,1,1.975,0.97,4,0.3,2,22,3.55,1.57,2.4,4,,,33,0,0,,,4.41,5.13,11.83,,,11,17,0.654,0.471,7.336,104,4,23,1,keskin_bicakx1 hizli_bilekx1,8,0,45,14,42,25,14,0,2,0,6,,0,0,0,0,0,0,0,0,0,0,0.647,1.333,0.844
29,Run50_KirilmaV1,Hız-alan + Ritim,bahcivan,standart,108,ödülsüz eş,13,,,35,33,0,0,0,2,25,8,2,0,0,82,208,150,0,0,115,8,0,120,34,2,1105,16,3,12.67,1.25,1,1.904,0.97,4,0.3,2,23,3.65,1.91,2.63,1.5,,,7,0,0,,,5.22,9.04,7.62,,,12,19,0.711,0.474,7.095,121,3,26,1,keskin_bicakx1 hizli_bilekx1,8,0,45,15,45,28,14,0,2,0,6,,0,0,0,0,0,0,0,0,0,0,0.737,1.822,0.778
29,Run50_KirilmaV1,Hız-alan + Ritim,bahcivan,standart,108,ödülsüz eş,14,,,53,51,1,0,0,1,35,16,2,0,0,114,322,150,0,0,185,8,0,199,12,2,1626,17,3,13.33,1.25,1,1.904,1.005,6,0.3,2,23,5.35,2.03,2.29,2,,,6,0,0,,,4.46,5.44,1.9,,,14,22,0.643,0.409,7.036,141,3,29,2,keskin_bicakx1 hizli_bilekx1,10,0,45,16,48,31,14,0,2,0,6,,0,0,0,0,0,0,0,0,0,0,0.636,2.533,1.178
29,Run50_KirilmaV1,Hız-alan + Ritim,bahcivan,standart,108,ödülsüz eş,15,,,50,46,3,0,0,1,36,12,2,0,0,104,426,150,104,30,168,8,0,179,20,2,1464,19,6,13.33,1.25,1,1.904,1.005,6,0.3,2,23,5.04,1.85,2.55,3.5,,,12,8,0,,,6.17,6.23,15.22,,,16,26,0.487,0.231,7.027,166,2,31,2,keskin_bicakx1 hizli_bilekx1,13,0,45,18,54,34,14,0,2,0,6,,0,0,0,0,0,0,0,0,0,0,0.615,2.311,1.111
29,Run50_KirilmaV1,Hız-alan + Ritim,bahcivan,standart,108,ödülsüz eş,16,,,59,52,6,0,0,1,40,15,4,0,0,141,141,220,0,0,195,16,0,214,36,2,1819,20,3,13.33,1.25,1,1.619,1.005,6,0.3,2,27,5.63,2.03,2.85,1.75,,,10,0,0,0,,4.86,10.08,3.64,,,19,33,0.724,0.485,6.929,214,0,31,3,keskin_bicakx1 hizli_bilekx2,12,0,45,19,57,40,14,0,2,0,6,,0,0,0,0,0,0,0,0,0,0,0.727,3.133,1.311
29,Run50_KirilmaV1,Hız-alan + Ritim,bahcivan,standart,108,ödülsüz eş,17,,,66,57,8,0,0,1,41,16,7,2,0,256,397,220,0,0,219,28,4,239,39,6,2287,22,6,14.67,1.25,1,1.561,1.04,6,0.3,2,28,5.79,1.97,2.4,2.71,,,8,0,0,0,0,4.6,6.14,7.58,,,20,35,0.727,0.571,6.784,232,9,40,1,keskin_bicakx1 hizli_bilekx2,14,0,45,21,63,43,14,0,2,0,6,,0,0,0,0,0,0,0,0,0,0,0.714,5.689,1.467
29,Run50_KirilmaV1,Hız-alan + Ritim,bahcivan,standart,108,ödülsüz eş,18,,,79,74,2,0,0,3,59,11,4,4,1,418,815,220,0,0,255,33,8,265,72,14,2795,23,3,18.13,1.25,1,1.561,1.04,6,0.3,2,28,5.75,1.63,1.7,2.25,3.33,2,27,9,0,0,,3.85,3.75,8.59,15.62,1.56,21,37,0.694,0.514,6.366,262,10,50,1,keskin_bicakx1 hizli_bilekx2,15,0,45,22,66,49,14,0,2,0,6,,0,0,0,0,0,0,0,0,0,0,0.757,9.289,1.756
29,Run50_KirilmaV1,Hız-alan + Ritim,bahcivan,standart,108,ödülsüz eş,19,,,82,70,9,2,0,1,52,18,9,2,1,483,1298,220,0,0,264,36,12,269,43,26,3125,25,6,18.13,1.25,1,1.512,1.04,6,0.3,2,29,6,1.6,2.18,2.29,2,,22,6,0,0,0,4,6.14,9.71,3,,22,44,0.724,0.568,6.345,312,2,52,4,keskin_bicakx1 hizli_bilekx2,16,0,45,24,72,49,17,0,2,0,6,,0,0,0,0,0,0,0,0,0,0,0.795,10.733,1.822
29,Run50_KirilmaV1,Hız-alan + Ritim,bahcivan,standart,108,ödülsüz eş,20,,,85,66,14,3,0,2,58,16,7,3,1,484,1782,220,484,45,273,53,8,280,96,34,3433,26,3,19.2,1.25,1,1.512,1.11,6,0.3,2,29,6,1.58,2.46,2.6,2.5,1,25,0,0,,,3.23,8.83,12.39,17.38,0,23,46,0.748,0.587,6.1,339,7,59,1,keskin_bicakx1 hizli_bilekx2,18,0,45,25,75,49,23,0,2,0,6,,0,0,0,0,0,0,0,0,0,0,0.804,10.756,1.889
29,Run50_KirilmaV1,Hız-alan + Ritim,bahcivan,standart,108,ödülsüz eş,21,,,128,94,23,9,0,2,87,24,13,2,2,687,687,300,0,0,417,70,31,428,106,65,5381,29,9,19.2,1.25,1,1.464,1.465,9,0.3,2,30,8.43,1.6,2.27,2.89,,3,29,4,0,0,0,2.65,9.08,11.39,,15.37,24,48,0.65,0.417,5.904,366,4,63,3,keskin_bicakx1 hizli_bilekx2 genis_savurusx1,26,0,45,28,84,49,26,0,2,0,6,,0,0,0,0,0,0,0,0,0,0,0.708,15.267,2.844
29,Run50_KirilmaV1,Hız-alan + Ritim,bahcivan,standart,108,ödülsüz eş,22,,,138,94,38,3,0,3,77,38,18,3,2,823,1510,300,0,0,480,108,36,550,144,81,7589,31,6,20.27,1.25,1,1.464,1.558,9,0.3,2,30,8.53,1.53,1.96,2.13,4,4,41,3,6,0,,3.27,5.19,6.44,15.38,26.35,22,49,0.649,0.469,5.775,382,7,70,3,keskin_bicakx1 hizli_bilekx2 genis_savurusx1,24,0,45,30,90,49,35,0,2,0,6,,0,0,0,0,0,0,0,0,0,0,0.633,18.289,3.067
29,Run50_KirilmaV1,Hız-alan + Ritim,bahcivan,standart,108,ödülsüz eş,23,,,150,101,40,4,0,5,70,30,31,18,1,1655,3165,300,0,0,444,198,38,537,354,59,11856,34,9,23.08,1.25,1,1.418,1.624,9,0.3,2,31,8.71,1.34,1.7,2.37,2.67,,57,22,0,7,0,2.05,3.69,7.02,11.53,,15,49,0.668,0.367,5.34,413,6,76,3,keskin_bicakx1 hizli_bilekx2 genis_savurusx1,27,0,45,33,99,49,41,0,2,0,6,,0,0,0,0,0,0,0,0,0,0,0.592,36.778,3.333
29,Run50_KirilmaV1,Hız-alan + Ritim,bahcivan,standart,108,ödülsüz eş,24,,,170,106,49,7,0,8,78,40,29,18,5,2417,5582,300,0,0,504,220,90,546,254,149,13857,38,12,26.73,1.25,1,1.418,1.67,9,0.3,2,31,8.71,1.35,1.8,2.12,2.67,2,50,19,8,0,0,1.39,4.76,6.51,9.45,5.68,15,49,0.644,0.408,5.167,427,9,85,0,keskin_bicakx1 hizli_bilekx2 genis_savurusx1,31,0,45,37,111,49,50,0,2,0,6,,0,0,0,0,0,0,0,0,0,0,0.633,53.711,3.778
29,Run50_KirilmaV1,Hız-alan + Ritim,bahcivan,standart,108,ödülsüz eş,25,,,147,108,37,1,0,1,72,32,31,8,4,1814,7396,300,1814,65,423,244,48,519,448,77,10602,40,6,26.73,1.25,1,1.373,1.736,9,0.3,2,32,7.94,1.3,1.5,2.26,3,3,61,41,7,0,0,1.63,2.69,7.76,16.48,14.64,14,56,0.536,0.321,5.076,496,3,88,3,keskin_bicakx1 hizli_bilekx2 genis_savurusx1,23,0,45,39,117,49,62,0,2,0,6,,0,0,0,0,0,0,0,0,0,0,0.625,40.311,3.267
29,Run50_KirilmaV1,Hız-alan + Ritim,bahcivan,standart,108,ödülsüz eş,26,,,185,95,69,7,0,14,70,49,44,19,3,2213,2213,500,0,0,522,333,81,586,521,88,14587,42,6,26.73,1.25,1,1.373,1.736,9,0.3,2,32,9,1.49,1.96,1.86,2.36,2,33,18,9,0,0,3.69,5.19,6.54,9.61,8.25,23,81,0.757,0.395,5.291,689,2,90,10,keskin_bicakx1 hizli_bilekx2 genis_savurusx1 nadir_tohumx1,31,0,45,41,123,55,62,0,2,0,6,,0,0,0,0,0,0,0,0,0,0,0.704,49.178,4.111
29,Run50_KirilmaV1,Hız-alan + Ritim,bahcivan,standart,108,ödülsüz eş,27,,,215,111,89,5,0,10,88,65,37,20,5,2433,4646,500,0,0,810,341,63,816,564,111,16733,45,9,29.99,1.25,1,1.33,1.736,9,0.3,2,33,9,1.26,1.63,1.89,2.13,2.75,60,20,23,0,0,2.1,5.01,4.55,8.48,7.31,21,81,0.714,0.506,5.156,707,5,95,2,keskin_bicakx1 hizli_bilekx2 genis_savurusx1 nadir_tohumx1,33,0,45,44,132,61,62,0,2,0,6,,0,0,0,0,0,0,0,0,0,0,0.778,54.067,4.778
29,Run50_KirilmaV1,Hız-alan + Ritim,bahcivan,standart,108,ödülsüz eş,28,,,219,110,90,3,0,16,90,46,42,35,6,4168,8814,500,0,0,741,428,148,812,672,194,17657,47,6,29.99,1.25,1,1.33,1.802,9,0.3,2,33,9,1.43,1.73,1.78,2.14,1.67,60,22,7,10,0,3.38,3.69,4.16,8.55,10.2,21,81,0.752,0.556,4.745,768,6,101,0,keskin_bicakx1 hizli_bilekx2 genis_savurusx1 nadir_tohumx1,36,0,45,46,138,70,62,0,2,0,6,,0,0,0,0,0,0,0,0,0,0,0.815,92.622,4.867
29,Run50_KirilmaV1,Hız-alan + Ritim,bahcivan,standart,108,ödülsüz eş,29,,,240,126,99,1,0,14,97,59,47,30,7,4059,12873,500,0,0,756,456,166,973,568,360,19873,49,6,35.26,1.25,1,1.288,1.802,9,0.3,2,34,8.94,1.21,1.36,1.78,2.14,2,63,39,16,6,0,1.74,3.08,6.22,6.9,5.47,21,81,0.713,0.593,4.578,796,3,104,0,keskin_bicakx1 hizli_bilekx2 genis_savurusx1 nadir_tohumx1,39,0,45,48,144,76,62,0,2,0,6,,0,0,0,0,0,0,0,0,0,0,0.84,90.2,5.333
29,Run50_KirilmaV1,Hız-alan + Ritim,bahcivan,standart,108,ödülsüz eş,30,,,186,86,78,7,0,15,80,49,25,22,10,3784,16657,500,3784,100,859,320,124,912,498,404,14652,51,6,36.77,1.25,1,1.288,1.868,9,0.3,2,34,6,1.21,1.44,1.58,2.2,2.29,57,48,8,0,0,1.09,2.15,2.36,6.06,6.44,21,81,0.804,0.654,4.387,831,7,111,0,keskin_bicakx1 hizli_bilekx2 genis_savurusx1 nadir_tohumx1,31,0,45,50,150,81,63,0,2,0,6,,0,0,0,0,0,0,0,0,0,0,0.84,84.089,4.133
29,Run50_KirilmaV1,Hız-alan + Ritim,bahcivan,standart,108,ödülsüz eş,31,,,334,176,121,17,0,20,132,87,79,27,9,4743,4743,1200,0,0,1315,752,142,1477,770,546,27262,53,6,40.38,1.25,1,0.873,1.868,9,0.3,2,51,8.73,1.21,1.52,1.94,1.94,2.4,60,33,15,15,0,0.96,2.34,6.14,4.8,7.69,21,81,0.655,0.481,4.227,862,5,116,0,keskin_bicakx1 hizli_bilekx2 genis_savurusx1 nadir_tohumx1 firtina_bilegix1,52,0,45,52,156,81,69,0,2,0,6,,0,0,0,0,0,0,0,0,0,0,0.679,105.4,7.422
29,Run50_KirilmaV1,Hız-alan + Ritim,bahcivan,standart,108,ödülsüz eş,32,,,367,184,140,18,2,23,130,92,77,53,15,6854,11597,1200,0,0,1583,901,302,1890,951,753,32081,56,9,48.2,1.25,1,0.873,1.934,9,0.3,2,51,8.61,1.21,1.6,1.74,1.67,2.22,53,36,29,24,0,1.06,3.49,5.14,2.85,7.95,21,81,0.624,0.42,4.214,865,8,124,0,keskin_bicakx1 hizli_bilekx2 genis_savurusx1 nadir_tohumx1 firtina_bilegix1,53,0,45,55,165,81,75,0,2,0,6,,0,0,0,0,0,0,0,0,0,0,0.679,152.311,8.156
29,Run50_KirilmaV1,Hız-alan + Ritim,bahcivan,standart,108,ödülsüz eş,33,,,363,183,138,18,1,23,126,111,69,46,11,6718,18315,1200,0,0,1532,831,296,1672,982,1049,30697,58,6,48.2,1.25,1,0.846,2,9,0.317,2,53,8.7,1.22,1.58,1.69,1.88,2.33,62,30,25,10,17,1.07,2.79,5.66,3.69,8.73,21,81,0.65,0.407,4.085,892,6,130,0,keskin_bicakx1 hizli_bilekx2 genis_savurusx1 nadir_tohumx1 firtina_bilegix1,56,0,45,57,171,81,84,0,2,0,6,,0,0,0,0,0,0,0,0,0,0,0.654,149.289,8.067
29,Run50_KirilmaV1,Hız-alan + Ritim,bahcivan,standart,108,ödülsüz eş,34,,,368,189,126,31,0,22,137,107,64,49,11,6602,24917,1200,0,0,1746,764,320,2168,836,1259,30984,60,6,52.15,1.25,1,0.819,2,9,0.317,2,54,8.74,1.29,1.49,1.97,1.81,2.6,61,30,17,17,0,1.11,2.41,4.43,3.22,5.89,21,81,0.644,0.457,3.968,919,7,137,0,keskin_bicakx1 hizli_bilekx2 genis_savurusx1 nadir_tohumx1 firtina_bilegix1,59,0,45,59,177,81,90,0,2,0,6,,0,0,0,0,0,0,0,0,0,0,0.716,146.711,8.178
29,Run50_KirilmaV1,Hız-alan + Ritim,bahcivan,standart,108,ödülsüz eş,35,,,363,219,97,28,1,18,131,92,71,56,13,7829,32746,1200,7829,220,1718,872,345,2051,1588,1604,33222,63,9,56.1,1.25,1,0.819,2.066,12,0.333,2,54,9.63,1.28,1.55,1.88,2.2,2.75,55,36,20,18,13,1.01,1.84,2.95,3.97,7.17,21,81,0.501,0.321,3.961,920,6,143,0,keskin_bicakx1 hizli_bilekx2 genis_savurusx1 nadir_tohumx1 firtina_bilegix1,56,0,45,62,186,81,96,0,2,0,6,,0,0,0,0,0,0,0,0,0,0,0.506,173.978,8.067
29,Run50_KirilmaV1,Hız-alan + Ritim,bahcivan,standart,108,ödülsüz eş,36,,,480,251,183,23,0,23,175,146,88,53,18,9858,9858,2800,0,0,2375,1383,370,2646,1651,1849,43263,65,6,58.9,1.25,1,0.819,2.132,12,0.35,2,54,10.91,1.18,1.52,1.74,2.13,3.17,72,48,28,17,0,0.69,2.25,2.63,3.76,9.83,21,81,0.621,0.457,3.325,1096,7,150,0,keskin_bicakx1 hizli_bilekx2 genis_savurusx1 nadir_tohumx1 firtina_bilegix1 bereketli_toprakx1,75,0,45,64,192,81,105,0,2,0,6,,0,0,0,0,0,0,0,0,0,0,0.691,219.067,10.667
29,Run50_KirilmaV1,Hız-alan + Ritim,bahcivan,standart,108,ödülsüz eş,37,,,533,276,189,23,1,44,185,138,113,70,27,13362,23220,2800,0,0,2961,1807,470,2967,1848,2169,50139,68,9,72.57,1.25,1,0.819,2.198,12,0.35,2.111,54,10.94,1.11,1.34,1.63,1.66,1.8,80,60,35,19,19,0.34,1.25,2.01,2.54,3.98,21,81,0.601,0.37,3.213,1134,7,157,0,keskin_bicakx1 hizli_bilekx2 genis_savurusx1 nadir_tohumx1 firtina_bilegix1 bereketli_toprakx1,82,0,45,67,201,81,111,0,2,0,6,,0,0,0,0,0,0,0,0,0,0,0.593,296.933,11.844
29,Run50_KirilmaV1,Hız-alan + Ritim,bahcivan,standart,108,ödülsüz eş,38,,,535,265,203,29,4,34,202,135,110,67,21,12283,35503,2800,0,0,2897,1791,508,3124,2569,2537,50439,70,6,72.57,1.25,1,0.819,2.198,12,0.367,2.111,54,10.72,1.15,1.24,1.63,1.89,1.73,73,61,35,33,31,0.56,0.97,2.18,3.43,4.39,21,81,0.605,0.432,3.115,1170,8,165,0,keskin_bicakx1 hizli_bilekx2 genis_savurusx1 nadir_tohumx1 firtina_bilegix1 bereketli_toprakx1,77,0,45,69,207,81,120,0,2,0,6,,0,0,0,0,0,0,0,0,0,0,0.568,272.956,11.889
29,Run50_KirilmaV1,Hız-alan + Ritim,bahcivan,standart,108,ödülsüz eş,39,,,590,294,217,31,0,48,215,163,132,67,13,11626,47129,2800,0,0,2994,1792,542,3778,1961,2884,55557,72,6,87.23,1.25,1,0.819,2.198,12,0.383,2.222,54,10.74,1.09,1.13,1.51,1.74,2,88,80,42,31,33,0.36,0.58,1.77,2.53,3.93,21,81,0.58,0.309,3.033,1202,7,172,0,keskin_bicakx1 hizli_bilekx2 genis_savurusx1 nadir_tohumx1 firtina_bilegix1 bereketli_toprakx1,92,0,45,71,213,81,126,0,2,0,6,,0,0,0,0,0,0,0,0,0,0,0.543,258.356,13.111
29,Run50_KirilmaV1,Hız-alan + Ritim,bahcivan,standart,108,ödülsüz eş,40,,,525,275,186,23,3,38,187,149,111,64,14,11335,58464,2800,11335,500,2845,1650,500,2913,2211,3229,51341,74,6,91.02,1.25,1,0.819,2.198,12,0.417,2.222,54,11.09,1.22,1.51,1.58,2.1,1.8,78,51,35,23,33,0.62,1.74,2.21,3.78,3.6,21,81,0.612,0.383,3.013,1210,8,180,0,keskin_bicakx1 hizli_bilekx2 genis_savurusx1 nadir_tohumx1 firtina_bilegix1 bereketli_toprakx1,84,0,45,73,219,81,132,0,2,0,6,,0,0,0,0,0,0,0,0,0,0,0.667,251.889,11.667
29,Run50_KirilmaV1,Hız-alan + Ritim,bahcivan,standart,108,ödülsüz eş,41,,,659,390,209,26,0,34,224,191,129,85,30,16990,16990,4500,0,0,3780,2112,781,3793,2993,3770,67672,77,9,98.13,2,1,0.819,2.198,12,0.417,2.333,54,10.57,1,1.02,1.15,1.21,1.53,100,90,76,72,53,0,0.07,0.64,0.64,1.59,21,81,0.548,0.321,2.935,1242,5,185,0,keskin_bicakx1 hizli_bilekx2 genis_savurusx1 nadir_tohumx1 firtina_bilegix1 bereketli_toprakx1 canavar_kesimix1,98,0,45,76,228,81,138,0,2,0,6,,0,0,0,0,0,0,0,0,0,0,0.642,377.556,14.644
29,Run50_KirilmaV1,Hız-alan + Ritim,bahcivan,standart,108,ödülsüz eş,42,,,771,441,227,41,1,61,271,199,165,97,39,20366,37356,4500,0,0,4740,2526,924,4923,3206,2604,74006,79,6,109.63,2,1,0.819,2.198,12,0.417,2.333,54,11.67,1,1.08,1.12,1.22,1.33,100,82,72,65,63,0,0.59,0.52,1.13,1.91,27,118,0.611,0.305,3.233,1643,6,191,13,keskin_bicakx1 hizli_bilekx2 genis_savurusx1 nadir_tohumx1 firtina_bilegix1 bereketli_toprakx1 canavar_kesimix1,111,0,45,78,234,81,147,0,2,0,6,,0,0,0,0,0,0,0,0,0,0,0.678,452.578,17.133
29,Run50_KirilmaV1,Hız-alan + Ritim,bahcivan,standart,108,ödülsüz eş,43,,,805,461,225,41,13,65,283,223,173,92,34,20661,58017,4500,0,0,4985,2733,768,5278,4239,3082,78085,82,9,114.01,2,1,0.819,2.198,12,0.45,2.444,54,11.83,1,1.04,1.11,1.11,1.29,100,86,71,65,74,0,0.3,0.51,0.57,0.86,29,121,0.623,0.455,3.306,1647,8,199,2,keskin_bicakx1 hizli_bilekx2 genis_savurusx1 nadir_tohumx1 firtina_bilegix1 bereketli_toprakx1 canavar_kesimix1,120,0,45,81,243,87,147,0,2,0,6,,0,0,0,0,0,0,0,0,0,0,0.653,459.133,17.889
29,Run50_KirilmaV1,Hız-alan + Ritim,bahcivan,standart,108,ödülsüz eş,44,,,817,447,246,40,9,75,269,217,185,115,31,22725,80742,4500,0,0,4790,2868,900,6068,4437,3982,82297,84,6,126.4,2,1,0.819,2.198,12,0.45,2.444,54,11.78,1,1.02,1.13,1.2,1.29,100,93,79,63,67,0,0.13,0.61,1.26,1.78,29,121,0.612,0.438,3.255,1673,4,203,0,keskin_bicakx1 hizli_bilekx2 genis_savurusx1 nadir_tohumx1 firtina_bilegix1 bereketli_toprakx1 canavar_kesimix1,116,0,45,83,249,96,147,0,2,0,6,,0,0,0,0,0,0,0,0,0,0,0.587,505,18.156
29,Run50_KirilmaV1,Hız-alan + Ritim,bahcivan,standart,108,ödülsüz eş,45,,,705,353,242,32,3,75,234,178,151,110,32,22069,102811,4500,22069,800,3885,2490,936,3953,6927,4588,72241,86,6,134.4,2,1,0.819,2.198,12,0.45,2.556,54,9,1,1.01,1.04,1.1,1.18,100,95,90,67,83,0,0.02,0.3,0.56,0.48,29,121,0.67,0.479,3.247,1677,4,207,0,keskin_bicakx1 hizli_bilekx2 genis_savurusx1 nadir_tohumx1 firtina_bilegix1 bereketli_toprakx1 canavar_kesimix1,108,0,45,85,255,102,147,0,2,0,6,,0,0,0,0,0,0,0,0,0,0,0.645,490.422,15.667
29,Run50_KirilmaV1,Hız-alan + Ritim,bahcivan,standart,108,ödülsüz eş,46,,,934,581,238,37,5,73,316,229,202,146,41,28594,28594,6000,0,0,5210,3141,1392,5763,10068,5980,101566,88,6,142.4,2,1,0.819,2.901,16,0.45,2.556,54,15.04,1,1.03,1.11,1.14,1.21,100,88,71,71,71,0,0.14,0.51,0.54,0.85,29,121,0.572,0.38,3.185,1710,1,208,0,keskin_bicakx1 hizli_bilekx2 genis_savurusx2 nadir_tohumx1 firtina_bilegix1 bereketli_toprakx1 canavar_kesimix1,132,0,45,87,261,108,147,0,2,0,6,,0,0,0,0,0,0,0,0,0,0,0.711,635.422,20.756
29,Run50_KirilmaV1,Hız-alan + Ritim,bahcivan,standart,108,ödülsüz eş,47,,,953,566,259,43,7,78,301,281,197,140,34,25689,54283,6000,0,0,5720,3003,1170,6183,13071,6770,105361,91,9,142.4,2,1,0.819,2.901,16,0.45,2.667,54,15.13,1,1.07,1.2,1.17,1.28,100,92,70,76,63,0,0.27,0.88,0.8,1.45,29,121,0.565,0.364,3.148,1730,4,212,0,keskin_bicakx1 hizli_bilekx2 genis_savurusx2 nadir_tohumx1 firtina_bilegix1 bereketli_toprakx1 canavar_kesimix1,135,0,45,90,270,114,147,0,2,0,6,,0,0,0,0,0,0,0,0,0,0,0.537,570.867,21.178
29,Run50_KirilmaV1,Hız-alan + Ritim,bahcivan,standart,108,ödülsüz eş,48,,,950,561,260,50,8,71,327,248,218,124,33,24684,78967,6000,0,0,5010,3435,1098,5193,16506,7868,110508,93,6,150.4,2,1,0.819,2.901,16,0.45,2.667,54,15.06,1,1.03,1.11,1.23,1.06,100,90,79,65,71,0,0.12,0.48,1.09,0.36,29,121,0.571,0.347,3.045,1788,2,214,0,keskin_bicakx1 hizli_bilekx2 genis_savurusx2 nadir_tohumx1 firtina_bilegix1 bereketli_toprakx1 canavar_kesimix1,138,0,45,92,276,121,149,0,2,0,6,,0,0,0,0,0,0,0,0,0,0,0.669,548.533,21.111
29,Run50_KirilmaV1,Hız-alan + Ritim,bahcivan,standart,108,ödülsüz eş,49,,,989,555,298,52,10,74,347,256,202,144,40,27032,105999,6000,0,0,5430,3381,1308,6523,19887,8756,120403,96,9,158.4,2,1,0.819,2.901,16,0.45,2.778,54,15.17,1,1.03,1.11,1.21,1.23,100,94,73,75,68,0,0.1,0.39,0.93,0.93,29,121,0.564,0.347,3.045,1788,2,216,0,keskin_bicakx1 hizli_bilekx2 genis_savurusx2 nadir_tohumx1 firtina_bilegix1 bereketli_toprakx1 canavar_kesimix1,140,0,45,95,285,121,155,0,2,0,6,,0,0,0,0,0,0,0,0,0,0,0.529,600.711,21.978
29,Run50_KirilmaV1,Hız-alan + Ritim,bahcivan,standart,108,ödülsüz eş,50,,,954,559,276,42,8,69,316,236,196,165,41,29303,135302,6000,0,0,5850,3201,1368,9973,23088,10124,122222,98,6,158.4,2,1,0.819,2.901,16,0.45,2.778,54,15.06,1,1.02,1.15,1.17,1.23,100,89,76,71,66,0,0.11,0.71,0.67,1.14,29,121,0.575,0.388,3.043,1789,1,217,0,keskin_bicakx1 hizli_bilekx2 genis_savurusx2 nadir_tohumx1 firtina_bilegix1 bereketli_toprakx1 canavar_kesimix1,138,0,45,97,291,121,164,0,2,0,6,,0,0,0,0,0,0,0,0,0,0,0.587,651.178,21.2
29,Run50_KirilmaV1,Hız-alan + Ritim,bahcivan,standart,108,ödülsüz eş,50,KAZANDI
29,Run50_KirilmaV1,Hız-alan + Ritim,bahcivan,standart,108,LAB R15 A ödülsüz #1,15,,,51,48,1,0,0,2,40,10,0,1,0,123,123,150,123,30,170,0,2,250,0,2,1444,4,9,13.33,1.25,1,1.904,1.005,6,0.3,2,23,5.04,2,2.3,,3,,16,15,0,0,,5.25,7.61,,9.53,,16,26,0.559,0.231,7.027,166,0,0,0,keskin_bicakx1 hizli_bilekx1,11,0,45,3,9,0,0,0,0,0,15,,0,0,0,0,0,0,0,0,0,0,0.538,2.733,1.133
29,Run50_KirilmaV1,Hız-alan + Ritim,bahcivan,standart,108,LAB R15 B +hasat_ritmi #1,15,,,60,55,4,0,0,1,43,13,4,0,0,142,142,150,142,30,194,16,0,274,16,0,1796,5,12,13.33,1.25,1,1.904,1.005,6,0.3,2,23,5.22,1.69,2.25,3,,,30,7,0,,,3.03,4.13,13.32,,,16,26,0.496,0.115,7.027,166,0,0,0,keskin_bicakx1 hizli_bilekx1 hasat_ritmix1,14,0.018,45,4,12,0,0,0,0,0,15,,0,0,0,0,0,5,5,0,0,0,0.385,3.156,1.333
29,Run50_KirilmaV1,Hız-alan + Ritim,bahcivan,standart,108,LAB R15 A ödülsüz #2,15,,,46,45,1,0,0,0,29,11,4,2,0,180,180,150,180,30,142,16,4,222,16,4,1463,4,9,13.33,1.25,1,1.904,1.005,6,0.3,2,23,5.13,2.04,2.18,2.75,3.5,,11,27,0,0,0,5.37,4.84,9.51,9.52,,16,26,0.575,0.231,7.027,166,0,0,0,keskin_bicakx1 hizli_bilekx1,12,0,45,3,9,0,0,0,0,0,15,,0,0,0,0,0,0,0,0,0,0,0.692,4,1.022
29,Run50_KirilmaV1,Hız-alan + Ritim,bahcivan,standart,108,LAB R15 B +hasat_ritmi #2,15,,,57,53,4,0,0,0,41,10,4,1,1,329,329,150,329,30,213,16,2,293,16,2,1752,5,12,13.33,1.25,1,1.904,1.005,6,0.3,2,23,5.3,1.74,1.9,2,1,,28,25,17,50,0,3.17,5.9,2.54,0,,16,26,0.477,0.192,7.027,166,0,0,0,keskin_bicakx1 hizli_bilekx1 hasat_ritmix1,16,0,45,4,12,0,0,0,0,0,15,,0,0,0,0,0,6,5,0,0,0,0.5,7.311,1.267
29,Run50_KirilmaV1,Hız-alan + Ritim,bahcivan,standart,108,LAB R15 A ödülsüz #3,15,,,48,45,2,0,0,1,29,12,6,0,1,299,299,150,299,30,147,24,8,227,24,8,1573,4,9,13.33,1.25,1,1.904,1.005,6,0.3,2,23,5.09,1.85,2.33,2.4,,4,24,7,0,0,,3.46,4.44,8.38,,9.5,16,26,0.568,0.154,7.027,166,0,0,0,keskin_bicakx1 hizli_bilekx1,12,0,45,3,9,0,0,0,0,0,15,,0,0,0,0,0,0,0,0,0,0,0.654,6.644,1.067
29,Run50_KirilmaV1,Hız-alan + Ritim,bahcivan,standart,108,LAB R15 B +hasat_ritmi #3,15,,,60,59,0,0,0,1,45,9,4,2,0,201,201,150,201,30,180,16,4,260,16,4,1803,5,12,13.33,1.25,1,1.904,1.005,6,0.3,2,23,5.22,1.66,1.67,2.5,4.5,,32,38,0,0,,2.85,3.38,8.09,19.98,,16,26,0.484,0.231,7.027,166,0,0,0,keskin_bicakx1 hizli_bilekx1 hasat_ritmix1,15,0,45,4,12,0,0,0,0,0,15,,0,0,0,0,0,6,6,0,0,0,0.538,4.467,1.333
29,Run50_KirilmaV1,Hız-alan + Ritim,bahcivan,standart,108,LAB R25 A ödülsüz #1,25,,,168,109,51,2,0,6,69,57,29,8,5,2104,2104,300,2104,65,570,272,39,650,272,39,12464,19,54,26.73,1.25,1,1.373,1.736,9,0.3,2,32,8.09,1.25,1.58,2.12,2.25,2.67,71,48,14,0,25,1.3,2.37,8.08,12.35,11.43,14,56,0.542,0.214,5.076,496,0,0,0,keskin_bicakx1 hizli_bilekx2 genis_savurusx1,41,0,45,18,54,0,0,0,0,0,25,,0,0,0,0,0,0,0,0,0,0,0.429,46.756,3.733
29,Run50_KirilmaV1,Hız-alan + Ritim,bahcivan,standart,108,LAB R25 B +hasat_ritmi #1,25,,,188,145,40,1,0,2,84,53,30,11,10,3286,3286,300,3286,65,678,267,93,758,267,93,14286,20,57,26.73,1.25,1,1.373,1.736,9,0.3,2,32,8.47,1.19,1.35,1.62,2,2.33,76,59,33,10,18,0.67,1.72,4.18,5.1,4.73,14,56,0.477,0.179,5.076,496,0,0,0,keskin_bicakx1 hizli_bilekx2 genis_savurusx1 hasat_ritmix1,41,0,45,19,57,0,0,0,0,0,25,,0,0,0,0,0,11,10,0,0,0,0.536,73.022,4.178
29,Run50_KirilmaV1,Hız-alan + Ritim,bahcivan,standart,108,LAB R25 sinerji A ödülsüz #1,25,,,237,170,59,4,0,4,119,62,36,18,2,2049,2049,300,2049,65,744,268,57,824,268,57,15075,21,60,26.73,1.25,1,1.167,2.291,12,0.3,2,38,10.18,1.33,1.49,2.52,2.46,1,61,45,15,19,100,1.93,1.93,6.65,8.17,0,39,81,0.507,0.136,5.824,626,0,0,0,keskin_bicakx1 hizli_bilekx3 genis_savurusx2,68,0.018,45,20,60,0,0,0,0,0,25,,0,0,0,0,0,0,0,0,0,0,0.691,45.533,5.267
29,Run50_KirilmaV1,Hız-alan + Ritim,bahcivan,standart,108,LAB R25 sinerji B +hasat_ritmi #1,25,,,293,216,60,8,0,9,143,78,53,15,4,2633,2633,300,2633,65,966,330,81,1046,330,81,19046,23,66,26.73,1.25,1,1.167,2.291,12,0.3,2,38,11.16,1.27,1.47,1.8,2,2,69,52,39,28,13,0.84,2.09,2.98,3.39,1.16,39,81,0.394,0.012,5.824,626,0,0,0,keskin_bicakx1 hizli_bilekx3 genis_savurusx2 hasat_ritmix1,80,0.112,45,22,66,0,0,0,0,0,25,,0,0,0,0,0,14,13,0,0,0,0.58,58.511,6.511
29,Run50_KirilmaV1,Hız-alan + Ritim,bahcivan,standart,108,LAB R25 A ödülsüz #2,25,,,163,102,54,5,0,2,78,40,22,20,3,2116,2116,300,2116,65,570,138,75,650,138,75,12251,18,51,26.73,1.25,1,1.373,1.736,9,0.3,2,32,7.72,1.2,1.58,2.1,2.15,2.5,69,34,19,28,0,1.83,3.38,8.11,7.71,8.91,14,56,0.556,0.232,5.076,496,0,0,0,keskin_bicakx1 hizli_bilekx2 genis_savurusx1,40,0,45,17,51,0,0,0,0,0,25,,0,0,0,0,0,0,0,0,0,0,0.536,47.022,3.622
29,Run50_KirilmaV1,Hız-alan + Ritim,bahcivan,standart,108,LAB R25 B +hasat_ritmi #2,25,,,191,134,47,6,0,4,92,53,26,18,2,2206,2206,300,2206,65,624,179,66,704,179,66,13856,20,57,26.73,1.25,1,1.373,1.736,9,0.3,2,32,8.41,1.18,1.34,1.58,2.38,1,73,56,46,18,50,0.92,1.1,2.82,6.76,0,14,56,0.474,0.107,5.076,496,0,0,0,keskin_bicakx1 hizli_bilekx2 genis_savurusx1 hasat_ritmix1,45,0.021,45,19,57,0,0,0,0,0,25,,0,0,0,0,0,11,10,0,0,0,0.446,49.022,4.244
29,Run50_KirilmaV1,Hız-alan + Ritim,bahcivan,standart,108,LAB R25 sinerji A ödülsüz #2,25,,,255,166,71,12,0,6,133,66,36,16,4,2478,2478,300,2478,65,879,245,72,959,245,72,16361,21,60,26.73,1.25,1,1.167,2.291,12,0.3,2,38,10,1.33,1.59,2,2.18,4,64,43,32,29,0,1.41,2.25,3.95,6.89,11.67,39,81,0.477,0.123,5.824,626,0,0,0,keskin_bicakx1 hizli_bilekx3 genis_savurusx2,69,0.019,45,20,60,0,0,0,0,0,25,,0,0,0,0,0,0,0,0,0,0,0.494,55.067,5.667
29,Run50_KirilmaV1,Hız-alan + Ritim,bahcivan,standart,108,LAB R25 sinerji B +hasat_ritmi #2,25,,,303,218,71,7,0,7,146,73,58,23,3,2837,2837,300,2837,65,936,372,96,1016,372,96,19975,23,66,26.73,1.25,1,1.167,2.291,12,0.3,2,38,11.08,1.25,1.53,1.68,2.13,1.67,69,46,41,25,33,1.2,1.97,3.53,3.79,4.28,39,81,0.38,0.037,5.824,626,0,0,0,keskin_bicakx1 hizli_bilekx3 genis_savurusx2 hasat_ritmix1,78,0.101,45,22,66,0,0,0,0,0,25,,0,0,0,0,0,13,13,0,0,0,0.42,63.044,6.733
29,Run50_KirilmaV1,Hız-alan + Ritim,bahcivan,standart,108,LAB R25 A ödülsüz #3,25,,,166,114,49,0,0,3,83,46,24,12,1,1498,1498,300,1498,65,552,185,39,632,185,39,11641,18,51,26.73,1.25,1,1.373,1.736,9,0.3,2,32,7.69,1.2,1.39,2.57,2,5,71,55,17,23,0,1.26,1.91,10.01,7.55,21.96,14,56,0.552,0.196,5.076,496,0,0,0,keskin_bicakx1 hizli_bilekx2 genis_savurusx1,39,0,45,17,51,0,0,0,0,0,25,,0,0,0,0,0,0,0,0,0,0,0.482,33.289,3.689
29,Run50_KirilmaV1,Hız-alan + Ritim,bahcivan,standart,108,LAB R25 B +hasat_ritmi #3,25,,,192,136,51,2,0,3,97,43,33,17,2,1876,1876,300,1876,65,621,233,51,701,233,51,13754,20,57,26.73,1.25,1,1.373,1.736,9,0.3,2,32,8.72,1.17,1.32,1.61,2.1,3,80,71,26,16,0,0.95,1.29,2.75,5.9,21.97,14,56,0.478,0.107,5.076,496,0,0,0,keskin_bicakx1 hizli_bilekx2 genis_savurusx1 hasat_ritmix1,49,0.043,45,19,57,0,0,0,0,0,25,,0,0,0,0,0,11,11,0,0,0,0.518,41.689,4.267
29,Run50_KirilmaV1,Hız-alan + Ritim,bahcivan,standart,108,LAB R25 sinerji A ödülsüz #3,25,,,255,169,75,5,0,6,132,66,41,15,1,1964,1964,300,1964,65,822,258,60,902,258,60,15654,21,60,26.73,1.25,1,1.167,2.291,12,0.3,2,38,10.24,1.24,1.7,2.32,2.67,,66,43,24,17,0,0.9,2.51,5.62,7.65,,39,81,0.48,0.148,5.824,626,0,0,0,keskin_bicakx1 hizli_bilekx3 genis_savurusx2,69,0.009,45,20,60,0,0,0,0,0,25,,0,0,0,0,0,0,0,0,0,0,0.494,43.644,5.667
29,Run50_KirilmaV1,Hız-alan + Ritim,bahcivan,standart,108,LAB R25 sinerji B +hasat_ritmi #3,25,,,301,220,66,9,0,6,148,80,50,19,4,2910,2910,300,2910,65,1080,323,60,1160,323,60,19518,23,66,26.73,1.25,1,1.167,2.291,12,0.3,2,38,11.26,1.2,1.61,1.81,2.36,2.33,73,43,29,6,33,0.98,1.92,2.79,6.05,4.67,39,81,0.392,0.012,5.824,626,0,0,0,keskin_bicakx1 hizli_bilekx3 genis_savurusx2 hasat_ritmix1,80,0.091,45,22,66,0,0,0,0,0,25,,0,0,0,0,0,14,14,0,0,0,0.42,64.667,6.689
29,Run50_KirilmaV1,Hız-alan + Ritim,bahcivan,standart,108,LAB R40 A ödülsüz #1,40,,,552,280,211,24,0,37,203,155,114,66,14,12421,12421,2800,12421,500,2930,1643,575,3010,1643,575,52446,35,102,91.02,1.25,1,0.819,2.198,12,0.417,2.222,54,10.89,1.18,1.32,1.56,1.91,1.57,78,67,51,26,42,0.73,1.17,1.77,3.02,1.17,21,81,0.616,0.272,3.013,1210,0,0,0,keskin_bicakx1 hizli_bilekx2 genis_savurusx1 nadir_tohumx1 firtina_bilegix1 bereketli_toprakx1,95,0,45,34,102,0,0,0,0,0,40,,0,0,0,0,0,0,0,0,0,0,0.691,276.022,12.267
29,Run50_KirilmaV1,Hız-alan + Ritim,bahcivan,standart,108,LAB R40 B +hasat_ritmi #1,40,,,637,381,189,25,1,41,233,179,130,76,19,13840,13840,2800,13840,500,3615,1883,635,3695,1883,635,62583,37,108,91.02,1.25,1,0.819,2.198,12,0.417,2.222,54,13.46,1.12,1.29,1.35,1.83,2,85,67,62,38,44,0.34,0.73,1.42,2.09,3.03,21,81,0.559,0.259,3.013,1210,0,0,0,keskin_bicakx1 hizli_bilekx2 genis_savurusx1 nadir_tohumx1 firtina_bilegix1 bereketli_toprakx1 hasat_ritmix1,101,0,45,36,108,0,0,0,0,0,40,,0,0,0,0,0,22,22,0,0,0,0.58,307.556,14.156
29,Run50_KirilmaV1,Hız-alan + Ritim,bahcivan,standart,108,LAB R40 A ödülsüz #2,40,,,544,281,203,23,1,36,207,146,114,59,18,12206,12206,2800,12206,500,3040,1753,550,3120,1753,550,52308,35,102,91.02,1.25,1,0.819,2.198,12,0.417,2.222,54,10.91,1.13,1.31,1.59,2.14,2.3,82,66,50,32,29,0.38,1.14,2.13,4.58,6.72,21,81,0.619,0.296,3.013,1210,0,0,0,keskin_bicakx1 hizli_bilekx2 genis_savurusx1 nadir_tohumx1 firtina_bilegix1 bereketli_toprakx1,93,0,45,34,102,0,0,0,0,0,40,,0,0,0,0,0,0,0,0,0,0,0.765,271.244,12.089
29,Run50_KirilmaV1,Hız-alan + Ritim,bahcivan,standart,108,LAB R40 B +hasat_ritmi #2,40,,,666,391,199,31,2,43,236,184,136,85,25,16074,16074,2800,16074,500,3650,2046,856,3730,2046,856,66679,38,111,91.02,1.25,1,0.819,2.198,12,0.417,2.222,54,13.22,1.08,1.25,1.34,1.62,1.89,90,70,60,41,30,0.17,0.48,0.91,1.9,2.67,21,81,0.554,0.247,3.013,1210,0,0,0,keskin_bicakx1 hizli_bilekx2 genis_savurusx1 nadir_tohumx1 firtina_bilegix1 bereketli_toprakx1 hasat_ritmix1,105,0,45,37,111,0,0,0,0,0,40,,0,0,0,0,0,21,21,0,0,0,0.444,357.2,14.8
29,Run50_KirilmaV1,Hız-alan + Ritim,bahcivan,standart,108,LAB R40 A ödülsüz #3,40,,,528,279,170,31,0,48,203,161,90,56,18,11878,11878,2800,11878,500,3345,1238,573,3425,1238,573,49198,34,99,91.02,1.25,1,0.819,2.198,12,0.417,2.222,54,10.94,1.26,1.31,1.6,1.83,2.38,71,62,44,32,21,0.76,0.89,1.84,2.74,5.13,21,81,0.619,0.296,3.013,1210,0,0,0,keskin_bicakx1 hizli_bilekx2 genis_savurusx1 nadir_tohumx1 firtina_bilegix1 bereketli_toprakx1,90,0,45,33,99,0,0,0,0,0,40,,0,0,0,0,0,0,0,0,0,0,0.778,263.956,11.733
29,Run50_KirilmaV1,Hız-alan + Ritim,bahcivan,standart,108,LAB R40 B +hasat_ritmi #3,40,,,672,410,206,22,0,34,235,196,143,79,19,15543,15543,2800,15543,500,3795,2223,671,3875,2223,671,65904,38,111,91.02,1.25,1,0.819,2.198,12,0.417,2.222,54,13.26,1.08,1.2,1.38,1.69,1.83,90,77,57,54,27,0.23,0.41,0.98,2.06,1.78,21,81,0.525,0.259,3.013,1210,0,0,0,keskin_bicakx1 hizli_bilekx2 genis_savurusx1 nadir_tohumx1 firtina_bilegix1 bereketli_toprakx1 hasat_ritmix1,112,0,45,37,111,0,0,0,0,0,40,,0,0,0,0,0,23,23,0,0,0,0.593,345.4,14.933
30,Run50_KirilmaV1,Hız-alan + Ritim,bahcivan,standart,109,ödülsüz eş,1,,,13,13,0,0,0,0,11,1,1,0,0,24,24,45,0,0,26,4,0,26,4,0,290,1,0,10,1,1,3,0.9,4,0.3,2,13,2.38,2.18,3,3,,,8,0,0,,,3.55,6,6,,,2,4,0.394,0,8,23,0,0,2,,4,0.217,45,0,0,0,0,0,0,0,0,,0,0,0,0,0,0,0,0,0,0,0.25,0.533,0.289
30,Run50_KirilmaV1,Hız-alan + Ritim,bahcivan,standart,109,ödülsüz eş,2,,,14,14,0,0,0,0,10,4,0,0,0,22,46,45,0,0,36,0,0,42,4,0,320,2,3,10,1,1,3,0.9,4,0.3,2,14,2.57,2,3,,,,20,0,0,,,4.2,6.75,,,,3,5,0.512,0,8,28,0,0,1,,4,0.044,45,1,3,0,0,0,0,0,0,,0,0,0,0,0,0,0,0,0,0,0.4,0.489,0.311
30,Run50_KirilmaV1,Hız-alan + Ritim,bahcivan,standart,109,ödülsüz eş,3,,,17,17,0,0,0,0,14,2,1,0,0,30,76,45,0,0,36,4,0,38,8,0,380,3,3,10,1,1,3,0.9,4,0.3,2,14,2.93,2.07,3,1,,,0,0,,,,6,7.5,0,,,4,7,0.54,0.143,7.52,42,0,0,1,,4,0.044,45,2,6,3,0,0,2,0,0,,0,0,0,0,0,0,0,0,0,0,0.571,0.667,0.378
30,Run50_KirilmaV1,Hız-alan + Ritim,bahcivan,standart,109,ödülsüz eş,4,,,22,22,0,0,0,0,18,3,1,0,0,37,113,45,0,0,48,4,0,50,12,0,540,4,3,10,1,1,2.789,0.9,4,0.3,2,16,3.25,2,2.67,4,,,11,0,0,,,4.18,13.01,8.37,,,5,8,0.574,0.125,7.078,51,2,2,1,,5,0.01,45,3,9,6,0,0,2,0,0,,0,0,0,0,0,0,0,0,0,0,0.5,0.822,0.489
30,Run50_KirilmaV1,Hız-alan + Ritim,bahcivan,standart,109,ödülsüz eş,5,,,15,15,0,0,0,0,14,1,0,0,0,21,134,45,21,8,32,0,0,32,12,0,378,5,3,10,1,1,2.592,0.9,4,0.3,2,17,2.53,2.29,2,,,,9,0,,,,4.26,2.6,,,,6,9,0.497,0.111,7.232,56,3,5,1,,3,0.029,45,4,12,9,0,0,2,0,0,,0,0,0,0,0,0,0,0,0,0,0.556,0.467,0.333
30,Run50_KirilmaV1,Hız-alan + Ritim,bahcivan,standart,109,ödülsüz eş,6,,,24,24,0,0,0,0,13,9,2,0,0,68,68,110,0,0,62,8,0,64,20,0,699,6,3,10,1.25,1,2.592,0.9,4,0.3,2,17,3.18,1.85,2,4,,,23,0,0,,,4.78,6.34,10.38,,,6,9,0.599,0.222,7.112,57,1,6,0,keskin_bicakx1,6,0,45,5,15,9,3,0,2,0,0,,0,0,0,0,0,0,0,0,0,0,0.667,1.511,0.533
30,Run50_KirilmaV1,Hız-alan + Ritim,bahcivan,standart,109,ödülsüz eş,7,,,24,24,0,0,0,0,17,4,3,0,0,72,140,110,0,0,50,12,0,60,32,0,641,8,6,10.67,1.25,1,2.5,0.9,4,0.3,2,17,3.29,1.76,1.75,2.67,,,26,0,0,,,3.97,5.63,7.5,,,7,10,0.642,0.3,7.062,64,4,10,1,keskin_bicakx1,6,0,45,7,21,12,3,0,2,0,7,,0,0,0,0,0,0,0,0,0,0,0.6,1.6,0.533
30,Run50_KirilmaV1,Hız-alan + Ritim,bahcivan,standart,109,ödülsüz eş,8,,,28,27,1,0,0,0,22,4,2,0,0,68,208,110,0,0,64,8,0,64,40,0,816,9,3,11.33,1.25,1,2.41,0.9,4,0.3,2,18,3.28,1.86,1.75,2,,,35,0,0,0,,3.67,6.62,6.02,,,8,11,0.603,0.364,7.155,69,4,14,1,keskin_bicakx1,7,0,45,8,24,18,3,0,2,0,7,,0,0,0,0,0,0,0,0,0,0,0.727,1.511,0.622
30,Run50_KirilmaV1,Hız-alan + Ritim,bahcivan,standart,109,ödülsüz eş,9,,,24,24,0,0,0,0,15,7,1,1,0,103,311,110,0,0,65,4,2,79,44,2,725,10,3,11.33,1.25,1,2.41,0.9,4,0.3,2,18,3.39,2.07,2.14,2,1,,18,0,0,,,7.39,4.48,7.23,0,,9,12,0.696,0.5,7.227,75,1,15,1,keskin_bicakx1,6,0,45,9,27,21,3,0,2,0,7,,0,0,0,0,0,0,0,0,0,0,0.75,2.289,0.533
30,Run50_KirilmaV1,Hız-alan + Ritim,bahcivan,standart,109,ödülsüz eş,10,,,21,21,0,0,0,0,12,7,2,0,0,61,372,110,61,16,59,8,0,76,52,2,583,11,3,11.33,1.25,1,2.41,0.935,4,0.3,2,18,3.39,1.83,2.86,1.5,,,14,0,,,,4.82,13.08,1.2,,,10,13,0.761,0.462,6.929,84,3,18,1,keskin_bicakx1,6,0,45,10,30,24,3,0,2,0,7,,0,0,0,0,0,0,0,0,0,0,0.692,1.356,0.467
30,Run50_KirilmaV1,Hız-alan + Ritim,bahcivan,standart,109,ödülsüz eş,11,,,35,35,0,0,0,0,25,8,2,0,0,80,80,150,0,0,90,8,0,102,60,2,977,12,3,12.67,1.563,1,2.324,0.97,4,0.3,2,19,3.42,1.52,1.63,3.5,,,35,17,0,0,,3.72,3.78,13.94,,,10,13,0.627,0.308,6.846,85,4,22,0,keskin_bicakx2,9,0,45,11,33,25,5,0,2,0,7,,0,0,0,0,0,0,0,0,0,0,0.692,1.778,0.778
30,Run50_KirilmaV1,Hız-alan + Ritim,bahcivan,standart,109,ödülsüz eş,12,,,34,32,2,0,0,0,23,6,4,1,0,135,215,150,0,0,99,16,2,107,46,4,1057,14,6,12.67,1.563,1,2.24,0.97,4,0.3,2,20,3.4,1.77,1.83,2.33,1,,14,14,0,,,5.09,4.85,8.21,0,,11,15,0.704,0.4,6.626,102,5,27,1,keskin_bicakx2,8,0,45,13,39,25,8,0,2,0,7,,0,0,0,0,0,0,0,0,0,0,0.467,3,0.756
30,Run50_KirilmaV1,Hız-alan + Ritim,bahcivan,standart,109,ödülsüz eş,13,,,52,50,2,0,0,0,35,11,6,0,0,144,359,150,0,0,160,24,0,163,40,4,1622,15,3,13.33,1.563,1,2.24,1.005,6,0.3,2,20,4.95,1.62,2.3,2.83,,,37,0,0,,,2.5,7.61,10.44,,,12,17,0.601,0.353,6.422,119,4,31,1,keskin_bicakx2,12,0,45,14,42,31,8,0,2,0,7,,0,0,0,0,0,0,0,0,0,0,0.353,3.2,1.156
30,Run50_KirilmaV1,Hız-alan + Ritim,bahcivan,standart,109,ödülsüz eş,14,,,49,46,3,0,0,0,37,9,3,0,0,107,466,150,0,0,156,12,0,169,27,4,1412,17,6,13.33,1.563,1,2.24,1.005,6,0.3,2,20,5.2,1.74,2.22,2.67,,,23,8,0,,,4.74,7.47,8.95,,,13,20,0.641,0.3,6.383,141,2,33,1,keskin_bicakx2,12,0,45,16,48,34,8,0,2,0,7,,0,0,0,0,0,0,0,0,0,0,0.6,2.378,1.089
30,Run50_KirilmaV1,Hız-alan + Ritim,bahcivan,standart,109,ödülsüz eş,15,,,46,45,1,0,0,0,35,9,2,0,0,108,574,150,108,30,159,8,0,181,35,4,1319,18,3,14,1.563,1,2.16,1.005,6,0.3,2,20,4.35,1.56,2.11,1,,,36,0,0,0,,3.31,7.45,0,,,14,23,0.514,0.348,6.299,164,5,38,1,keskin_bicakx2,10,0,45,17,51,40,8,0,2,0,7,,0,0,0,0,0,0,0,0,0,0,0.391,2.4,1.022
30,Run50_KirilmaV1,Hız-alan + Ritim,bahcivan,standart,109,ödülsüz eş,16,,,58,50,8,0,0,0,32,17,8,1,0,328,328,220,0,0,198,32,2,199,67,6,1979,20,6,14,1.563,1,2.16,1.005,6,0.3,2.75,20,5.85,1.68,2,2.67,,,26,12,10,,,4.01,6.89,7.56,,,17,31,0.734,0.29,6.379,219,0,38,3,keskin_bicakx2 agir_darbex1,14,0,45,19,57,43,8,0,2,0,7,,0,0,0,0,0,0,0,0,0,0,0.742,7.289,1.289
30,Run50_KirilmaV1,Hız-alan + Ritim,bahcivan,standart,109,ödülsüz eş,17,,,64,58,6,0,0,0,39,14,7,3,1,581,909,220,0,0,201,45,6,208,47,12,2268,21,3,17.38,1.563,1,2.16,1.04,6,0.3,2.75,20,5.65,1.33,2,2.14,1.67,,50,21,0,33,0,2.52,6.3,7.72,6.49,,17,33,0.744,0.606,6.09,244,10,48,2,keskin_bicakx2 agir_darbex1,12,0,45,20,60,49,8,0,2,0,7,,0,0,0,0,0,0,0,0,0,0,0.848,12.911,1.422
30,Run50_KirilmaV1,Hız-alan + Ritim,bahcivan,standart,109,ödülsüz eş,18,,,63,60,3,0,0,0,43,13,3,3,1,336,1245,220,0,0,207,29,6,215,76,18,2152,22,3,17.38,1.563,1,2.092,1.04,6,0.3,2.75,21,5.9,1.56,1.58,1.67,2.67,2,33,33,0,0,0,3.83,2.96,4.18,6.98,2.1,18,35,0.786,0.629,6.028,261,1,49,1,keskin_bicakx2 agir_darbex1,12,0,45,21,63,49,11,0,2,0,7,,0,0,0,0,0,0,0,0,0,0,0.8,7.467,1.4
30,Run50_KirilmaV1,Hız-alan + Ritim,bahcivan,standart,109,ödülsüz eş,19,,,72,63,9,0,0,0,41,16,11,3,1,1506,2751,220,0,0,219,73,6,249,99,24,2769,24,6,18.13,1.563,1,2.092,1.11,6,0.3,2.75,21,5.95,1.46,1.53,1.82,1,4,35,47,22,0,0,3.58,3.35,8.56,0,27.2,17,39,0.783,0.615,5.7,308,7,56,3,keskin_bicakx2 agir_darbex1,14,0,45,23,69,49,14,0,2,0,7,,0,0,0,0,0,0,0,0,0,0,0.795,33.467,1.6
30,Run50_KirilmaV1,Hız-alan + Ritim,bahcivan,standart,109,ödülsüz eş,20,,,68,55,13,0,0,0,35,18,10,5,0,783,3534,220,783,45,213,50,10,272,99,34,2899,25,3,18.13,1.563,1,2.026,1.11,6,0.3,2.75,22,6,1.39,2.25,2.71,3,,47,21,0,0,,3.62,8.48,10.42,18.24,,16,43,0.83,0.628,5.487,353,1,57,3,keskin_bicakx2 agir_darbex1,14,0,45,24,72,49,20,0,2,0,7,,0,0,0,0,0,0,0,0,0,0,0.698,17.4,1.511
30,Run50_KirilmaV1,Hız-alan + Ritim,bahcivan,standart,109,ödülsüz eş,21,,,88,64,24,0,0,0,37,27,15,9,0,1422,1422,300,0,0,273,75,18,288,149,52,4096,27,6,19.2,1.563,1,2.026,1.11,6,0.42,2.75,22,6,1.37,1.53,1.91,2,,42,40,14,0,,3.3,3.31,7,7.52,,15,45,0.784,0.533,5.228,387,3,60,2,keskin_bicakx2 agir_darbex1 kritik_gozx1,16,0,45,26,78,49,23,0,2,0,7,,0,0,0,0,0,0,0,0,0,0,0.711,31.6,1.956
30,Run50_KirilmaV1,Hız-alan + Ritim,bahcivan,standart,109,ödülsüz eş,22,,,89,68,21,0,0,0,45,24,15,5,0,819,2241,300,0,0,279,75,10,279,156,42,4745,29,6,20.27,1.563,1,2.026,1.18,6,0.42,2.75,22,6,1.26,1.44,1.64,2.4,,58,33,10,0,0,1.49,4.28,6.81,9.32,,16,47,0.801,0.574,5.199,407,9,69,3,keskin_bicakx2 agir_darbex1 kritik_gozx1,21,0,45,28,84,49,29,0,2,0,7,,0,0,0,0,0,0,0,0,0,0,0.766,18.2,1.978
30,Run50_KirilmaV1,Hız-alan + Ritim,bahcivan,standart,109,ödülsüz eş,23,,,82,63,19,0,0,0,35,21,12,10,4,3951,6192,300,0,0,231,94,50,258,262,72,5277,31,6,22.4,1.563,1,2.026,1.18,6,0.42,2.75,22,6,1.29,1.47,2,2.25,2.33,52,42,10,0,0,1.37,2.86,4.33,5.57,6.09,16,49,0.845,0.673,5.071,435,6,75,3,keskin_bicakx2 agir_darbex1 kritik_gozx1,15,0,45,30,90,49,35,0,2,0,7,,0,0,0,0,0,0,0,0,0,0,0.755,87.8,1.822
30,Run50_KirilmaV1,Hız-alan + Ritim,bahcivan,standart,109,ödülsüz eş,24,,,100,67,31,0,0,2,45,26,17,7,5,3697,9889,300,0,0,381,146,32,444,153,84,7111,33,6,22.4,1.563,1,1.962,1.18,6,0.42,2.75,22,6,1.23,1.2,1.5,1.5,2.25,58,71,39,0,0,1.33,2.55,2.21,1.97,9.82,14,49,0.795,0.633,4.697,469,3,78,1,keskin_bicakx2 agir_darbex1 kritik_gozx1,21,0,45,32,96,49,41,0,2,0,7,,0,0,0,0,0,0,0,0,0,0,0.816,82.156,2.222
30,Run50_KirilmaV1,Hız-alan + Ritim,bahcivan,standart,109,ödülsüz eş,25,,,106,77,29,0,0,0,45,29,20,7,5,3658,13547,300,3658,65,309,142,69,473,230,153,7289,35,6,25.51,1.563,1,1.962,1.23,6,0.42,2.75,22,6,1.24,1.32,1.67,1.17,2.25,66,48,36,0,0,1.96,1.76,6.93,2.62,5.4,14,49,0.689,0.49,4.639,475,3,81,0,keskin_bicakx2 agir_darbex1 kritik_gozx1,23,0,45,34,102,49,47,0,2,0,7,,0,0,0,0,0,0,0,0,0,0,0.673,81.289,2.356
30,Run50_KirilmaV1,Hız-alan + Ritim,bahcivan,standart,109,ödülsüz eş,26,,,127,90,35,0,0,2,50,34,25,15,3,5482,5482,500,0,0,354,202,69,427,382,72,8683,37,6,26.73,2.5,1,1.962,1.265,6,0.42,2.75,22,6,1.03,1.18,1.44,1.7,2,95,58,53,18,33,0.31,0.89,4.15,2.36,3.92,14,53,0.782,0.547,4.585,520,7,88,2,keskin_bicakx2 agir_darbex1 kritik_gozx1 canavar_kesimix1,23,0,45,36,108,49,53,0,2,0,7,,0,0,0,0,0,0,0,0,0,0,0.698,121.822,2.822
30,Run50_KirilmaV1,Hız-alan + Ritim,bahcivan,standart,109,ödülsüz eş,27,,,111,88,22,0,0,1,39,41,20,9,2,2731,8213,500,0,0,363,140,51,410,286,83,6714,38,3,26.73,2.5,1,1.901,1.265,6,0.42,2.75,23,6,1.03,1.41,1.56,1.43,1,94,52,40,40,50,0.3,2.29,3.8,3.26,0,15,60,0.824,0.517,4.337,623,2,90,3,keskin_bicakx2 agir_darbex1 kritik_gozx1 canavar_kesimix1,21,0,45,37,111,55,53,0,2,0,7,,0,0,0,0,0,0,0,0,0,0,0.85,60.689,2.467
30,Run50_KirilmaV1,Hız-alan + Ritim,bahcivan,standart,109,ödülsüz eş,28,,,110,84,21,4,0,1,36,34,25,13,2,2848,11061,500,0,0,357,202,39,372,282,62,6726,39,3,26.73,2.5,1,1.901,1.315,6,0.42,2.75,23,6,1.11,1.42,1.37,1.3,2.5,75,42,44,44,,0.49,2.19,2.6,0.76,9.5,16,70,0.849,0.6,4.386,718,3,93,4,keskin_bicakx2 agir_darbex1 kritik_gozx1 canavar_kesimix1,19,0,45,38,114,58,53,0,2,0,7,,0,0,0,0,0,0,0,0,0,0,0.843,63.289,2.444
30,Run50_KirilmaV1,Hız-alan + Ritim,bahcivan,standart,109,ödülsüz eş,29,,,123,92,27,0,0,4,43,30,31,15,4,4001,15062,500,0,0,399,244,58,461,458,100,7704,41,6,31.35,2.5,1,1.901,1.315,6,0.42,2.75,23,6,1.03,1.1,1.52,1.3,2.5,97,67,42,50,0,0.1,2.19,4.13,1.71,14.25,17,75,0.852,0.707,4.437,761,3,96,2,keskin_bicakx2 agir_darbex1 kritik_gozx1 canavar_kesimix1,23,0,45,40,120,61,53,0,2,0,7,,0,0,0,0,0,0,0,0,0,0,0.88,88.911,2.733
30,Run50_KirilmaV1,Hız-alan + Ritim,bahcivan,standart,109,ödülsüz eş,30,,,107,86,18,2,0,1,40,24,18,21,4,2597,17659,500,2597,100,399,172,84,410,310,119,6492,42,3,31.35,2.5,1,1.841,1.315,6,0.42,2.75,24,6,1.13,1.45,1.47,1.93,1.5,71,50,53,11,0,0.63,2.3,3.31,4.91,6.44,19,79,0.878,0.734,4.439,801,3,99,2,keskin_bicakx2 agir_darbex1 kritik_gozx1 canavar_kesimix1,23,0,45,41,123,67,53,0,2,0,7,,0,0,0,0,0,0,0,0,0,0,0.873,57.711,2.378
30,Run50_KirilmaV1,Hız-alan + Ritim,bahcivan,standart,109,ödülsüz eş,31,,,160,127,28,1,0,4,53,46,36,18,7,4982,4982,1200,0,0,495,476,95,685,486,134,9990,43,3,31.35,2.5,1,1.289,1.315,6,0.42,2.75,34,6,1.07,1.32,1.41,1.5,2.5,83,62,41,42,0,0.15,1.71,2.71,4.19,6.88,21,81,0.829,0.704,4.528,805,3,102,2,keskin_bicakx2 agir_darbex1 kritik_gozx1 canavar_kesimix1 firtina_bilegix1,24,0,45,42,126,70,53,0,2,0,7,,0,0,0,0,0,0,0,0,0,0,0.852,110.711,3.556
30,Run50_KirilmaV1,Hız-alan + Ritim,bahcivan,standart,109,ödülsüz eş,32,,,155,117,31,4,0,3,59,43,30,13,10,6036,11018,1200,0,0,546,328,175,731,344,214,9734,45,6,31.35,2.5,1,1.289,1.365,6,0.42,2.75,34,6,1.09,1.33,1.7,1.91,1.86,78,48,32,44,0,0.51,1.21,4.54,5.04,3.31,21,81,0.837,0.716,4.367,835,5,107,0,keskin_bicakx2 agir_darbex1 kritik_gozx1 canavar_kesimix1 firtina_bilegix1,26,0,45,44,132,73,53,0,2,0,7,,0,0,0,0,0,0,0,0,0,0,0.877,134.133,3.444
30,Run50_KirilmaV1,Hız-alan + Ritim,bahcivan,standart,109,ödülsüz eş,33,,,188,134,44,4,4,2,67,45,46,20,10,7471,18489,1200,0,0,678,488,165,814,502,379,12339,46,3,34.76,2.5,1,1.248,1.365,6,0.42,2.75,36,6,1.07,1.48,1.3,1.27,1.83,87,37,60,22,0,0.7,2.8,2.23,1.59,6.44,21,81,0.812,0.654,4.367,835,5,112,0,keskin_bicakx2 agir_darbex1 kritik_gozx1 canavar_kesimix1 firtina_bilegix1,36,0,45,45,135,79,53,0,2,0,7,,0,0,0,0,0,0,0,0,0,0,0.753,166.022,4.178
30,Run50_KirilmaV1,Hız-alan + Ritim,bahcivan,standart,109,ödülsüz eş,34,,,267,206,53,1,4,3,93,74,56,34,10,6549,25038,1200,0,0,1109,575,265,1303,1077,534,18062,49,9,34.76,2.5,1,1.248,1.415,9,0.42,2.75,36,9,1.07,1.34,1.25,1.42,1.71,88,44,58,31,22,0.61,2.94,1.42,3.31,4.64,21,81,0.735,0.543,4.367,835,4,116,0,keskin_bicakx2 agir_darbex1 kritik_gozx1 canavar_kesimix1 firtina_bilegix1,49,0,45,48,144,81,54,0,2,0,7,,0,0,0,0,0,0,0,0,0,0,0.741,145.533,5.933
30,Run50_KirilmaV1,Hız-alan + Ritim,bahcivan,standart,109,ödülsüz eş,35,,,197,148,37,0,3,9,57,58,49,24,9,9197,34235,1200,9197,220,890,546,180,933,1063,714,13231,50,3,40.38,2.5,1,1.209,1.415,9,0.42,2.75,37,6,1.02,1.31,1.43,1.21,1.86,92,51,51,62,29,0.08,1.01,2.36,0.76,2.41,21,81,0.804,0.679,4.306,846,5,121,0,keskin_bicakx2 agir_darbex1 kritik_gozx1 canavar_kesimix1 firtina_bilegix1,34,0,45,49,147,81,63,0,2,0,7,,0,0,0,0,0,0,0,0,0,0,0.79,204.378,4.378
30,Run50_KirilmaV1,Hız-alan + Ritim,bahcivan,standart,109,ödülsüz eş,36,,,306,225,72,1,2,6,100,81,64,51,10,12045,12045,2800,0,0,1234,846,370,1287,1189,959,21937,52,6,48.2,2.5,1,1.209,1.465,9,0.42,2.75,37,8.97,1,1.18,1.15,1.38,1.67,100,63,62,52,20,0,0.93,1.21,2.16,6.98,21,81,0.698,0.556,4.306,846,7,128,0,keskin_bicakx2 agir_darbex1 kritik_gozx1 canavar_kesimix1 firtina_bilegix1 nadir_tohumx1,50,0,45,51,153,81,66,0,2,0,7,,0,0,0,0,0,0,0,0,0,0,0.704,267.667,6.8
30,Run50_KirilmaV1,Hız-alan + Ritim,bahcivan,standart,109,ödülsüz eş,37,,,309,240,60,1,5,3,95,71,72,53,18,11725,23770,2800,0,0,1394,1047,443,1431,1076,1402,22886,54,6,48.2,2.5,1,1.171,1.515,9,0.42,2.75,38,8.97,1.01,1.2,1.19,1.23,1.44,95,62,63,64,36,0.08,1.38,1.43,1.43,2.56,21,81,0.692,0.506,4.27,854,5,133,0,keskin_bicakx2 agir_darbex1 kritik_gozx1 canavar_kesimix1 firtina_bilegix1 nadir_tohumx1,51,0,45,53,159,81,72,0,2,0,7,,0,0,0,0,0,0,0,0,0,0,0.765,260.556,6.867
30,Run50_KirilmaV1,Hız-alan + Ritim,bahcivan,standart,109,ödülsüz eş,38,,,318,251,54,2,6,5,96,77,84,41,20,14364,38134,2800,0,0,1480,1357,390,1561,1993,1652,23002,56,6,52.15,2.5,1,1.134,1.515,9,0.437,2.75,39,8.97,1.01,1.2,1.2,1.33,1.33,98,64,69,42,50,0.05,1.2,1.59,1.55,1.66,21,81,0.696,0.543,4.156,877,6,139,0,keskin_bicakx2 agir_darbex1 kritik_gozx1 canavar_kesimix1 firtina_bilegix1 nadir_tohumx1,46,0,45,55,165,81,78,0,2,0,7,,0,0,0,0,0,0,0,0,0,0,0.716,319.2,7.067
30,Run50_KirilmaV1,Hız-alan + Ritim,bahcivan,standart,109,ödülsüz eş,39,,,327,249,65,1,7,5,103,83,80,43,18,11991,50125,2800,0,0,1500,1282,402,1566,1445,2054,24521,58,6,54.76,2.5,1,1.134,1.565,9,0.453,2.75,39,9,1.01,1.27,1.19,1.29,1.69,97,59,67,53,33,0.15,1.5,1.5,2.2,4.36,21,81,0.695,0.556,4.034,904,7,146,0,keskin_bicakx2 agir_darbex1 kritik_gozx1 canavar_kesimix1 firtina_bilegix1 nadir_tohumx1,49,0,45,57,171,81,84,0,2,0,7,,0,0,0,0,0,0,0,0,0,0,0.63,266.467,7.267
30,Run50_KirilmaV1,Hız-alan + Ritim,bahcivan,standart,109,ödülsüz eş,40,,,318,256,47,6,3,6,100,83,77,42,16,12954,63079,2800,12954,500,1517,1242,408,1893,1587,2307,22621,60,6,61.71,2.5,1,1.134,1.565,9,0.453,2.75,39,8.9,1,1.13,1.19,1.24,1.7,100,78,68,59,17,0,0.71,0.99,1.47,7.93,21,81,0.553,0.395,4.034,904,5,151,0,keskin_bicakx2 agir_darbex1 kritik_gozx1 canavar_kesimix1 firtina_bilegix1 nadir_tohumx1,48,0,45,59,177,81,90,0,2,0,7,,0,0,0,0,0,0,0,0,0,0,0.531,287.867,7.067
30,Run50_KirilmaV1,Hız-alan + Ritim,bahcivan,standart,109,ödülsüz eş,41,,,341,262,68,0,7,4,106,95,79,47,14,14829,14829,4500,0,0,1799,1132,380,1982,1649,2102,26250,61,3,66.05,2.5,1,1.134,1.615,9,0.47,3.833,39,9,1,1.15,1.21,1.25,1.55,100,76,57,59,42,0,1.8,1.46,1.42,3.19,21,81,0.691,0.531,3.904,934,9,160,0,keskin_bicakx2 agir_darbex2 kritik_gozx1 canavar_kesimix1 firtina_bilegix1 nadir_tohumx1,49,0,45,60,180,81,96,0,2,0,7,,0,0,0,0,0,0,0,0,0,0,0.667,329.533,7.578
30,Run50_KirilmaV1,Hız-alan + Ritim,bahcivan,standart,109,ödülsüz eş,42,,,368,247,94,3,6,18,99,114,89,46,20,16997,31826,4500,0,0,1911,1500,510,2123,1961,582,28536,63,6,75.87,2.5,1,1.134,1.615,9,0.47,3.833,39,9,1,1.1,1.2,1.26,1.37,100,72,56,62,57,0,0.29,1.49,1.6,2.68,24,95,0.706,0.505,4.046,1057,5,165,6,keskin_bicakx2 agir_darbex2 kritik_gozx1 canavar_kesimix1 firtina_bilegix1 nadir_tohumx1,57,0,45,62,186,81,99,0,2,0,7,,0,0,0,0,0,0,0,0,0,0,0.663,377.711,8.178
30,Run50_KirilmaV1,Hız-alan + Ritim,bahcivan,standart,109,ödülsüz eş,43,,,367,262,76,5,9,15,108,88,92,63,16,17234,49060,4500,0,0,1650,1365,552,2103,2126,804,26445,65,6,75.87,2.5,1,1.134,1.665,9,0.487,3.944,39,9,1,1.07,1.18,1.24,1.36,100,79,63,64,40,0,0.39,1.35,1.02,1.55,32,121,0.767,0.471,4.142,1314,6,171,10,keskin_bicakx2 agir_darbex2 kritik_gozx1 canavar_kesimix1 firtina_bilegix1 nadir_tohumx1,56,0,45,64,192,87,99,0,2,0,7,,0,0,0,0,0,0,0,0,0,0,0.752,382.978,8.156
30,Run50_KirilmaV1,Hız-alan + Ritim,bahcivan,standart,109,ödülsüz eş,44,,,354,272,51,3,8,20,116,80,77,62,19,18485,67545,4500,0,0,1949,1320,522,2052,1356,1326,26854,66,3,79.17,2.5,1,1.134,1.665,9,0.487,3.944,39,9,1,1.07,1.21,1.24,1.69,100,75,68,58,41,0,0.27,1.31,1.39,3.83,32,121,0.789,0.661,4.041,1347,5,176,0,keskin_bicakx2 agir_darbex2 kritik_gozx1 canavar_kesimix1 firtina_bilegix1 nadir_tohumx1,54,0,45,65,195,93,99,0,2,0,7,,0,0,0,0,0,0,0,0,0,0,0.777,410.778,7.867
30,Run50_KirilmaV1,Hız-alan + Ritim,bahcivan,standart,109,ödülsüz eş,45,,,335,252,56,1,7,19,90,95,83,52,15,13170,80715,4500,13170,800,1604,1326,570,1646,2042,1566,25864,67,3,91.02,2.5,1,1.134,1.665,9,0.487,4.056,39,9,1.03,1.16,1.2,1.26,1.08,93,71,68,49,73,0.21,0.94,1.55,1.95,0.17,32,121,0.802,0.711,4.041,1347,4,180,0,keskin_bicakx2 agir_darbex2 kritik_gozx1 canavar_kesimix1 firtina_bilegix1 nadir_tohumx1,52,0,45,66,198,96,99,0,2,0,7,,0,0,0,0,0,0,0,0,0,0,0.785,292.667,7.444
30,Run50_KirilmaV1,Hız-alan + Ritim,bahcivan,standart,109,ödülsüz eş,46,,,366,259,82,1,7,17,109,114,73,56,14,14847,14847,6000,0,0,2423,1026,474,2879,1468,2040,29139,69,6,94.81,2.5,1,1.134,1.665,9,0.503,4.056,39,9,1,1.04,1.18,1.27,1.25,100,80,64,50,60,0,0.34,1.09,1.56,1.32,32,121,0.79,0.669,4.041,1347,3,183,0,keskin_bicakx2 agir_darbex2 kritik_gozx1 canavar_kesimix1 firtina_bilegix1 nadir_tohumx2,53,0,45,68,204,99,99,0,2,0,7,,0,0,0,0,0,0,0,0,0,0,0.769,329.933,8.133
30,Run50_KirilmaV1,Hız-alan + Ritim,bahcivan,standart,109,ödülsüz eş,47,,,376,249,98,1,5,23,121,98,78,62,17,19369,34216,6000,0,0,2085,1197,546,2114,1965,2206,29351,70,3,94.81,2.5,1,1.134,1.665,9,0.537,4.167,39,9,1,1.13,1.12,1.21,1.3,100,67,73,52,67,0,0.98,0.6,1.3,2.38,32,121,0.765,0.645,3.977,1369,7,190,0,keskin_bicakx2 agir_darbex2 kritik_gozx1 canavar_kesimix1 firtina_bilegix1 nadir_tohumx2,54,0,45,69,207,105,99,0,2,0,7,,0,0,0,0,0,0,0,0,0,0,0.876,430.422,8.356
30,Run50_KirilmaV1,Hız-alan + Ritim,bahcivan,standart,109,ödülsüz eş,48,,,392,256,106,6,8,16,115,98,85,76,18,18166,52382,6000,0,0,2090,1575,540,2304,1840,2746,31025,71,3,106.31,2.5,1,1.134,1.665,9,0.537,4.167,39,9,1,1.08,1.16,1.2,1.2,100,81,65,74,58,0,0.34,0.82,1.23,1.13,32,121,0.772,0.645,3.913,1391,2,192,0,keskin_bicakx2 agir_darbex2 kritik_gozx1 canavar_kesimix1 firtina_bilegix1 nadir_tohumx2,58,0,45,70,210,108,99,0,2,0,7,,0,0,0,0,0,0,0,0,0,0,0.769,403.689,8.711
30,Run50_KirilmaV1,Hız-alan + Ritim,bahcivan,standart,109,ödülsüz eş,49,,,388,253,102,4,6,23,109,84,115,66,14,16621,69003,6000,0,0,1995,1776,414,2199,3616,2740,33068,73,6,106.31,2.5,1,1.134,1.665,9,0.537,4.278,39,9,1,1.07,1.17,1.23,1.73,100,83,66,71,17,0,0.47,1.89,1.44,4.43,32,121,0.779,0.678,3.913,1391,3,195,0,keskin_bicakx2 agir_darbex2 kritik_gozx1 canavar_kesimix1 firtina_bilegix1 nadir_tohumx2,61,0,45,72,216,111,99,0,2,0,7,,0,0,0,0,0,0,0,0,0,0,0.81,369.356,8.622
30,Run50_KirilmaV1,Hız-alan + Ritim,bahcivan,standart,109,ödülsüz eş,50,,,405,269,97,4,9,26,114,125,97,50,19,18150,87153,6000,0,0,2500,1608,384,3149,2554,3124,33523,74,3,110.4,2.5,1,1.134,1.665,9,0.57,4.278,39,9,1,1.08,1.15,1.15,1.14,100,78,74,76,54,0,0.47,1.38,0.87,0.73,32,121,0.768,0.653,3.814,1428,5,200,0,keskin_bicakx2 agir_darbex2 kritik_gozx1 canavar_kesimix1 firtina_bilegix1 nadir_tohumx2,59,0,45,73,219,117,99,0,2,0,7,,0,0,0,0,0,0,0,0,0,0,0.76,403.333,9
30,Run50_KirilmaV1,Hız-alan + Ritim,bahcivan,standart,109,ödülsüz eş,50,KAZANDI
30,Run50_KirilmaV1,Hız-alan + Ritim,bahcivan,standart,109,LAB R15 A ödülsüz #1,15,,,49,49,0,0,0,0,34,11,4,0,0,164,164,150,164,30,168,16,0,248,16,0,1496,4,9,14,1.563,1,2.16,1.005,6,0.3,2,20,4.45,1.44,1.91,2.25,,,50,17,0,,,1.72,6.88,4.87,,,14,23,0.527,0.261,6.299,164,0,0,0,keskin_bicakx2,14,0,45,3,9,0,0,0,0,0,15,,0,0,0,0,0,0,0,0,0,0,0.522,3.644,1.089
30,Run50_KirilmaV1,Hız-alan + Ritim,bahcivan,standart,109,LAB R15 B +hasat_ritmi #1,15,,,61,61,0,0,0,0,46,7,7,1,0,326,326,150,326,30,180,28,2,260,28,2,1869,5,12,14,1.563,1,2.16,1.005,6,0.3,2,20,4.7,1.3,1.86,1.86,1,,68,38,30,100,,1.41,4.94,6.17,0,,14,23,0.463,0.043,6.299,164,0,0,0,keskin_bicakx2 hasat_ritmix1,17,0.078,45,4,12,0,0,0,0,0,15,,0,0,0,0,0,6,6,0,0,0,0.348,7.244,1.356
30,Run50_KirilmaV1,Hız-alan + Ritim,bahcivan,standart,109,LAB R15 A ödülsüz #2,15,,,50,49,1,0,0,0,35,10,4,1,0,172,172,150,172,30,165,16,2,245,16,2,1541,4,9,14,1.563,1,2.16,1.005,6,0.3,2,20,4.65,1.41,2,2.5,2,,56,18,0,0,,1.59,4.11,7.57,6.5,,14,23,0.526,0.087,6.299,164,0,0,0,keskin_bicakx2,13,0.048,45,3,9,0,0,0,0,0,15,,0,0,0,0,0,0,0,0,0,0,0.565,3.822,1.111
30,Run50_KirilmaV1,Hız-alan + Ritim,bahcivan,standart,109,LAB R15 B +hasat_ritmi #2,15,,,58,58,0,0,0,0,39,11,6,2,0,270,270,150,270,30,183,24,4,263,24,4,1844,5,12,14,1.563,1,2.16,1.005,6,0.3,2,20,4.65,1.21,2,1.83,2,,72,20,29,50,,0.72,4.52,3.96,3.25,,14,23,0.451,0.087,6.299,164,0,0,0,keskin_bicakx2 hasat_ritmix1,18,0.064,45,4,12,0,0,0,0,0,15,,0,0,0,0,0,5,5,0,0,0,0.565,6,1.289
30,Run50_KirilmaV1,Hız-alan + Ritim,bahcivan,standart,109,LAB R15 A ödülsüz #3,15,,,52,50,2,0,0,0,34,13,3,1,1,546,546,150,546,30,222,12,2,302,12,2,1648,4,9,14,1.563,1,2.16,1.005,6,0.3,2,20,4.65,1.39,1.92,2.67,,1,60,13,25,0,100,1.7,5.49,5.04,,0,14,23,0.504,0.304,6.299,164,0,0,0,keskin_bicakx2,14,0,45,3,9,0,0,0,0,0,15,,0,0,0,0,0,0,0,0,0,0,0.652,12.133,1.156
30,Run50_KirilmaV1,Hız-alan + Ritim,bahcivan,standart,109,LAB R15 B +hasat_ritmi #3,15,,,57,53,4,0,0,0,38,9,7,3,0,366,366,150,366,30,168,28,6,248,28,6,1859,5,12,14,1.563,1,2.16,1.005,6,0.3,2,20,4.8,1.32,2,2.14,2,,66,33,25,0,,1.23,6.49,8.95,2.89,,14,23,0.489,0.043,6.299,164,0,0,0,keskin_bicakx2 hasat_ritmix1,15,0.064,45,4,12,0,0,0,0,0,15,,0,0,0,0,0,5,5,0,0,0,0.391,8.133,1.267
30,Run50_KirilmaV1,Hız-alan + Ritim,bahcivan,standart,109,LAB R25 A ödülsüz #1,25,,,104,72,31,0,0,1,45,30,20,8,1,1992,1992,300,1992,65,315,120,36,395,120,36,6626,13,36,25.51,1.563,1,1.962,1.23,6,0.42,2.75,22,6,1.15,1.18,1.54,1.5,,76,68,31,20,0,1.31,1.25,5.74,1.96,,14,49,0.705,0.367,4.639,475,0,0,0,keskin_bicakx2 agir_darbex1 kritik_gozx1,28,0,45,12,36,0,0,0,0,0,25,,0,0,0,0,0,0,0,0,0,0,0.796,44.267,2.311
30,Run50_KirilmaV1,Hız-alan + Ritim,bahcivan,standart,109,LAB R25 B +hasat_ritmi #1,25,,,138,94,44,0,0,0,44,40,38,14,2,2467,2467,300,2467,65,417,228,54,497,228,54,9693,16,45,25.51,1.563,1,1.962,1.23,6,0.42,2.75,22,6.82,1.16,1.26,1.28,1.4,1,84,70,66,33,100,0.95,1.82,3.77,3.93,0,14,49,0.636,0.408,4.639,475,0,0,0,keskin_bicakx2 agir_darbex1 kritik_gozx1 hasat_ritmix1,25,0,45,15,45,0,0,0,0,0,25,,0,0,0,0,0,7,7,0,0,0,0.653,54.822,3.067
30,Run50_KirilmaV1,Hız-alan + Ritim,bahcivan,standart,109,LAB R25 sinerji A ödülsüz #1,25,,,218,175,43,0,0,0,98,55,36,21,8,4568,4568,300,4568,65,759,260,99,839,260,99,15512,21,60,25.51,1.563,1,1.205,2.143,12,0.42,2.75,37,8.08,1.27,1.36,1.43,1.94,2.67,69,67,52,27,0,0.99,1.18,1.57,3.31,4.82,14,49,0.422,0.082,4.639,475,0,0,0,keskin_bicakx2 agir_darbex1 kritik_gozx1 genis_savurusx2 hizli_bilekx3,45,0.005,45,20,60,0,0,0,0,0,25,,0,0,0,0,0,0,0,0,0,0,0.449,101.511,4.844
30,Run50_KirilmaV1,Hız-alan + Ritim,bahcivan,standart,109,LAB R25 sinerji B +hasat_ritmi #1,25,,,243,197,46,0,0,0,102,57,50,27,7,5729,5729,300,5729,65,738,366,105,818,366,105,17669,22,63,25.51,1.563,1,1.205,2.143,12,0.42,2.75,37,8.97,1.14,1.39,1.5,1.74,1.86,79,60,48,39,29,0.4,1.36,1.05,1.57,2.07,14,49,0.349,0.02,4.639,475,0,0,0,keskin_bicakx2 agir_darbex1 kritik_gozx1 hasat_ritmix1 genis_savurusx2 hizli_bilekx3,54,0.062,45,21,63,0,0,0,0,0,25,,0,0,0,0,0,13,12,0,0,0,0.306,127.311,5.4
30,Run50_KirilmaV1,Hız-alan + Ritim,bahcivan,standart,109,LAB R25 A ödülsüz #2,25,,,116,86,27,0,0,3,55,33,17,8,3,3043,3043,300,3043,65,408,102,48,488,102,48,7455,14,39,25.51,1.563,1,1.962,1.23,6,0.42,2.75,22,5.95,1.28,1.11,1.33,1.4,1.33,65,79,56,33,50,1.66,0.8,2.62,3.93,4.58,14,49,0.687,0.408,4.639,475,0,0,0,keskin_bicakx2 agir_darbex1 kritik_gozx1,25,0,45,13,39,0,0,0,0,0,25,,0,0,0,0,0,0,0,0,0,0,0.776,67.622,2.578
30,Run50_KirilmaV1,Hız-alan + Ritim,bahcivan,standart,109,LAB R25 B +hasat_ritmi #2,25,,,140,104,33,0,0,3,62,44,23,10,1,2506,2506,300,2506,65,495,138,30,575,138,30,8896,15,42,25.51,1.563,1,1.962,1.23,6,0.42,2.75,22,6.95,1.12,1.19,1.37,1.17,2,84,71,59,50,0,1.12,1.91,2.27,1.31,1.97,14,49,0.628,0.306,4.639,475,0,0,0,keskin_bicakx2 agir_darbex1 kritik_gozx1 hasat_ritmix1,30,0,45,14,42,0,0,0,0,0,25,,0,0,0,0,0,8,8,0,0,0,0.612,55.689,3.111
30,Run50_KirilmaV1,Hız-alan + Ritim,bahcivan,standart,109,LAB R25 sinerji A ödülsüz #2,25,,,214,166,47,0,0,1,103,56,22,26,7,4542,4542,300,4542,65,825,176,90,905,176,90,15281,21,60,25.51,1.563,1,1.205,2.143,12,0.42,2.75,37,8.03,1.29,1.33,1.65,1.95,2,66,65,44,19,0,1.19,1.18,3.05,2.28,4.11,14,49,0.426,0.143,4.639,475,0,0,0,keskin_bicakx2 agir_darbex1 kritik_gozx1 genis_savurusx2 hizli_bilekx3,45,0.001,45,20,60,0,0,0,0,0,25,,0,0,0,0,0,0,0,0,0,0,0.449,100.933,4.756
30,Run50_KirilmaV1,Hız-alan + Ritim,bahcivan,standart,109,LAB R25 sinerji B +hasat_ritmi #2,25,,,251,197,53,0,0,1,111,73,39,24,4,5105,5105,300,5105,65,861,278,72,941,278,72,17724,22,63,25.51,1.563,1,1.205,2.143,12,0.42,2.75,37,8.81,1.25,1.25,1.52,1.67,2,75,68,59,41,0,0.67,0.55,1.59,2.81,2.4,14,49,0.346,0.041,4.639,475,0,0,0,keskin_bicakx2 agir_darbex1 kritik_gozx1 hasat_ritmix1 genis_savurusx2 hizli_bilekx3,53,0.103,45,21,63,0,0,0,0,0,25,,0,0,0,0,0,13,13,0,0,0,0.367,113.444,5.578
30,Run50_KirilmaV1,Hız-alan + Ritim,bahcivan,standart,109,LAB R25 A ödülsüz #3,25,,,115,72,43,0,0,0,46,34,24,8,3,4650,4650,300,4650,65,342,144,60,422,144,60,7724,14,39,25.51,1.563,1,1.962,1.23,6,0.42,2.75,22,6,1.25,1.14,1.33,2,1.67,68,64,40,0,0,2.1,0.84,1.96,7.08,1.97,14,49,0.685,0.408,4.639,475,0,0,0,keskin_bicakx2 agir_darbex1 kritik_gozx1,26,0,45,13,39,0,0,0,0,0,25,,0,0,0,0,0,0,0,0,0,0,0.735,103.333,2.556
30,Run50_KirilmaV1,Hız-alan + Ritim,bahcivan,standart,109,LAB R25 B +hasat_ritmi #3,25,,,121,91,30,0,0,0,48,28,30,7,8,4544,4544,300,4544,65,312,268,69,392,268,69,8785,15,42,25.51,1.563,1,1.962,1.23,6,0.42,2.75,22,6.77,1.03,1.3,1.48,1.33,1.43,94,57,50,43,25,0.07,1.8,3.69,1.64,2.24,14,49,0.688,0.367,4.639,475,0,0,0,keskin_bicakx2 agir_darbex1 kritik_gozx1 hasat_ritmix1,27,0,45,14,42,0,0,0,0,0,25,,0,0,0,0,0,7,7,0,0,0,0.714,100.978,2.689
30,Run50_KirilmaV1,Hız-alan + Ritim,bahcivan,standart,109,LAB R25 sinerji A ödülsüz #3,25,,,215,167,48,0,0,0,86,62,46,16,5,3872,3872,300,3872,65,675,320,72,755,320,72,15315,21,60,25.51,1.563,1,1.205,2.143,12,0.42,2.75,37,8.24,1.27,1.4,1.6,2.5,2,69,60,48,22,0,0.97,1.49,1.69,4.62,4.01,14,49,0.447,0.163,4.639,475,0,0,0,keskin_bicakx2 agir_darbex1 kritik_gozx1 genis_savurusx2 hizli_bilekx3,48,0,45,20,60,0,0,0,0,0,25,,0,0,0,0,0,0,0,0,0,0,0.469,86.044,4.778
30,Run50_KirilmaV1,Hız-alan + Ritim,bahcivan,standart,109,LAB R25 sinerji B +hasat_ritmi #3,25,,,240,206,34,0,0,0,96,58,58,21,7,4636,4636,300,4636,65,681,370,123,761,370,123,17478,22,63,25.51,1.563,1,1.205,2.143,12,0.42,2.75,37,8.68,1.22,1.26,1.49,1.53,1.17,79,72,50,50,71,0.76,0.84,1.79,1.08,0.8,14,49,0.348,0.041,4.639,475,0,0,0,keskin_bicakx2 agir_darbex1 kritik_gozx1 hasat_ritmix1 genis_savurusx2 hizli_bilekx3,52,0.092,45,21,63,0,0,0,0,0,25,,0,0,0,0,0,13,13,0,0,0,0.408,103.022,5.333
30,Run50_KirilmaV1,Hız-alan + Ritim,bahcivan,standart,109,LAB R40 A ödülsüz #1,40,,,334,267,40,4,9,14,128,85,70,40,11,8822,8822,2800,8822,500,1527,1041,396,1607,1041,396,22266,25,72,61.71,2.5,1,1.134,1.565,9,0.453,2.75,39,8.87,1,1.06,1.26,1.35,1.29,100,81,69,65,55,0,0.45,1.35,2.16,4.21,21,81,0.546,0.333,4.034,904,0,0,0,keskin_bicakx2 agir_darbex1 kritik_gozx1 canavar_kesimix1 firtina_bilegix1 nadir_tohumx1,64,0,45,24,72,0,0,0,0,0,40,,0,0,0,0,0,0,0,0,0,0,0.519,196.044,7.422
30,Run50_KirilmaV1,Hız-alan + Ritim,bahcivan,standart,109,LAB R40 B +hasat_ritmi #1,40,,,377,320,45,1,4,7,119,100,104,43,11,9924,9924,2800,9924,500,1683,1473,374,1763,1473,374,25936,26,75,61.71,2.5,1,1.134,1.565,9,0.453,2.75,39,9.87,1,1.13,1.15,1.16,1.1,100,85,79,74,88,0,0.76,0.75,0.46,0.23,21,81,0.506,0.259,4.034,904,0,0,0,keskin_bicakx2 agir_darbex1 kritik_gozx1 canavar_kesimix1 firtina_bilegix1 nadir_tohumx1 hasat_ritmix1,63,0,45,25,75,0,0,0,0,0,40,,0,0,0,0,0,19,18,0,0,0,0.593,220.533,8.378
30,Run50_KirilmaV1,Hız-alan + Ritim,bahcivan,standart,109,LAB R40 A ödülsüz #2,40,,,339,268,52,2,3,14,100,97,85,44,13,10172,10172,2800,10172,500,1546,1295,414,1626,1295,414,23619,25,72,61.71,2.5,1,1.134,1.565,9,0.453,2.75,39,8.79,1,1.14,1.13,1.16,1.2,100,84,74,73,70,0,0.99,0.64,0.92,0.57,21,81,0.555,0.296,4.034,904,0,0,0,keskin_bicakx2 agir_darbex1 kritik_gozx1 canavar_kesimix1 firtina_bilegix1 nadir_tohumx1,68,0,45,24,72,0,0,0,0,0,40,,0,0,0,0,0,0,0,0,0,0,0.654,226.044,7.533
30,Run50_KirilmaV1,Hız-alan + Ritim,bahcivan,standart,109,LAB R40 B +hasat_ritmi #2,40,,,396,326,47,5,5,13,104,118,97,65,12,10235,10235,2800,10235,500,1739,1391,541,1819,1391,541,28229,27,78,61.71,2.5,1,1.134,1.565,9,0.453,2.75,39,10.08,1,1.06,1.13,1.15,1.2,100,92,81,69,70,0,0.24,0.67,1.13,1.59,21,81,0.494,0.272,4.034,904,0,0,0,keskin_bicakx2 agir_darbex1 kritik_gozx1 canavar_kesimix1 firtina_bilegix1 nadir_tohumx1 hasat_ritmix1,71,0,45,26,78,0,0,0,0,0,40,,0,0,0,0,0,19,19,0,0,0,0.383,227.444,8.8
30,Run50_KirilmaV1,Hız-alan + Ritim,bahcivan,standart,109,LAB R40 A ödülsüz #3,40,,,335,254,52,2,14,13,90,105,74,52,14,11161,11161,2800,11161,500,1872,1077,440,1952,1077,440,23985,25,72,61.71,2.5,1,1.134,1.565,9,0.453,2.75,39,8.77,1,1.09,1.21,1.34,1.08,100,78,69,58,77,0,0.57,1.28,1.93,0.57,21,81,0.548,0.333,4.034,904,0,0,0,keskin_bicakx2 agir_darbex1 kritik_gozx1 canavar_kesimix1 firtina_bilegix1 nadir_tohumx1,70,0,45,24,72,0,0,0,0,0,40,,0,0,0,0,0,0,0,0,0,0,0.481,248.022,7.444
30,Run50_KirilmaV1,Hız-alan + Ritim,bahcivan,standart,109,LAB R40 B +hasat_ritmi #3,40,,,384,308,60,3,2,11,111,103,91,65,14,12789,12789,2800,12789,500,2012,1195,529,2092,1195,529,26817,27,78,61.71,2.5,1,1.134,1.565,9,0.453,2.75,39,10,1,1.06,1.14,1.31,1.13,100,93,80,64,83,0,0.4,0.47,1.62,0.71,21,81,0.497,0.284,4.034,904,0,0,0,keskin_bicakx2 agir_darbex1 kritik_gozx1 canavar_kesimix1 firtina_bilegix1 nadir_tohumx1 hasat_ritmix1,65,0,45,26,78,0,0,0,0,0,40,,0,0,0,0,0,19,19,0,0,0,0.395,284.2,8.533
