run,policy,farmer,scythe,seed,label,round,node,level,cost,currency
1,Patlama yolu,bahcivan,standart,100,kırılma,1,Keskin Başlangıç - 1,1,5,Gold
1,Patlama yolu,bahcivan,standart,100,kırılma,2,Keskin Başlangıç - 1,2,7,Gold
1,Patlama yolu,bahcivan,standart,100,kırılma,2,Altın Hasat I - 1,1,7,Gold
1,Patlama yolu,bahcivan,standart,100,kırılma,3,Düzenli Üretim - 1,1,6,Gold
1,Patlama yolu,bahcivan,standart,100,kırılma,3,Keskin Başlangıç - 1,3,8,Gold
1,Patlama yolu,bahcivan,standart,100,kırılma,3,Hızlı Eller - 1,1,7,Gold
1,Patlama yolu,bahcivan,standart,100,kırılma,3,Hasat Deneyimi I - 1,1,6,Gold
1,Patlama yolu,bahcivan,standart,100,kırılma,5,Grid Genişleme I,1,30,Gold
1,Patlama yolu,bahcivan,standart,100,kırılma,6,Altın Hasat I - 1,2,9,Gold
1,Patlama yolu,bahcivan,standart,100,kırılma,6,Keskin Başlangıç - 2,1,10,Gold
1,Patlama yolu,bahcivan,standart,100,kırılma,6,Düzenli Üretim - 1,2,8,Gold
1,Patlama yolu,bahcivan,standart,100,kırılma,7,Hızlı Eller - 1,2,9,Gold
1,Patlama yolu,bahcivan,standart,100,kırılma,7,Keskin Başlangıç - 2,2,11,Gold
1,Patlama yolu,bahcivan,standart,100,kırılma,7,Altın Hasat I - 1,3,11,Gold
1,Patlama yolu,bahcivan,standart,100,kırılma,8,1×3 Saksı,1,30,Gold
1,Patlama yolu,bahcivan,standart,100,kırılma,8,Keskin Başlangıç - 3,1,13,Gold
1,Patlama yolu,bahcivan,standart,100,kırılma,9,Düzenli Üretim - 1,3,10,Gold
1,Patlama yolu,bahcivan,standart,100,kırılma,9,Hızlı Eller - 1,3,11,Gold
1,Patlama yolu,bahcivan,standart,100,kırılma,9,Altın Hasat I - 2,1,13,Gold
1,Patlama yolu,bahcivan,standart,100,kırılma,9,Keskin Başlangıç - 3,2,14,Gold
1,Patlama yolu,bahcivan,standart,100,kırılma,10,Kesim Tekniği - 1,1,25,Gold
1,Patlama yolu,bahcivan,standart,100,kırılma,11,Hızlı Eller - 2,1,12,Gold
1,Patlama yolu,bahcivan,standart,100,kırılma,11,Altın Hasat I - 2,2,16,Gold
1,Patlama yolu,bahcivan,standart,100,kırılma,11,Düzenli Üretim - 2,1,12,Gold
1,Patlama yolu,bahcivan,standart,100,kırılma,11,Hasat Deneyimi I - 1,2,8,Gold
1,Patlama yolu,bahcivan,standart,100,kırılma,11,Grid Genişleme I,2,30,Iron
1,Patlama yolu,bahcivan,standart,100,kırılma,12,Keskin Başlangıç - 4,1,16,Gold
1,Patlama yolu,bahcivan,standart,100,kırılma,12,Hızlı Eller - 2,2,14,Gold
1,Patlama yolu,bahcivan,standart,100,kırılma,12,Kesim Tekniği - 1,2,35,Gold
1,Patlama yolu,bahcivan,standart,100,kırılma,12,Altın Hasat I - 3,1,18,Gold
1,Patlama yolu,bahcivan,standart,100,kırılma,12,Hasat Deneyimi I - 1,3,10,Gold
1,Patlama yolu,bahcivan,standart,100,kırılma,13,2×2 Saksı,1,80,Gold
1,Patlama yolu,bahcivan,standart,100,kırılma,13,Keskin Başlangıç - 4,2,17,Gold
1,Patlama yolu,bahcivan,standart,100,kırılma,13,Çifte Hasat Kartları,1,25,Iron
1,Patlama yolu,bahcivan,standart,100,kırılma,14,Düzenli Üretim - 2,2,13,Gold
1,Patlama yolu,bahcivan,standart,100,kırılma,14,Hızlı Eller - 3,1,16,Gold
1,Patlama yolu,bahcivan,standart,100,kırılma,14,Altın Hasat I - 3,2,20,Gold
1,Patlama yolu,bahcivan,standart,100,kırılma,14,Kesim Tekniği - 1,3,40,Gold
1,Patlama yolu,bahcivan,standart,100,kırılma,14,Hasat Deneyimi I - 2,1,12,Gold
1,Patlama yolu,bahcivan,standart,100,kırılma,15,Demir Hasat - 1,1,25,Gold
1,Patlama yolu,bahcivan,standart,100,kırılma,15,Hızlı Eller - 3,2,18,Gold
1,Patlama yolu,bahcivan,standart,100,kırılma,15,Düzenli Üretim - 3,1,15,Gold
1,Patlama yolu,bahcivan,standart,100,kırılma,15,Altın Hasat I - 4,1,22,Gold
1,Patlama yolu,bahcivan,standart,100,kırılma,15,Geniş Süpürüş - 1,1,21,Gold
1,Patlama yolu,bahcivan,standart,100,kırılma,16,Kesim Tekniği - 2,1,50,Gold
1,Patlama yolu,bahcivan,standart,100,kırılma,16,Hasat Deneyimi I - 2,2,14,Gold
1,Patlama yolu,bahcivan,standart,100,kırılma,16,Hızlı Eller - 4,1,20,Gold
1,Patlama yolu,bahcivan,standart,100,kırılma,16,Altın Hasat I - 4,2,24,Gold
1,Patlama yolu,bahcivan,standart,100,kırılma,16,Demir Hasat - 1,2,35,Gold
1,Patlama yolu,bahcivan,standart,100,kırılma,16,Düzenli Üretim - 3,2,17,Gold
1,Patlama yolu,bahcivan,standart,100,kırılma,17,Geniş Süpürüş - 1,2,28,Gold
1,Patlama yolu,bahcivan,standart,100,kırılma,17,Hızlı Eller - 4,2,22,Gold
1,Patlama yolu,bahcivan,standart,100,kırılma,17,Hasat Deneyimi I - 3,1,16,Gold
1,Patlama yolu,bahcivan,standart,100,kırılma,17,Düzenli Üretim - 4,1,19,Gold
1,Patlama yolu,bahcivan,standart,100,kırılma,18,Güçlü Kesim - 1,1,120,Gold
1,Patlama yolu,bahcivan,standart,100,kırılma,18,Kesim Tekniği - 2,2,55,Gold
1,Patlama yolu,bahcivan,standart,100,kırılma,19,2×3 Saksı,1,200,Gold
1,Patlama yolu,bahcivan,standart,100,kırılma,19,Demir Hasat - 1,3,40,Gold
1,Patlama yolu,bahcivan,standart,100,kırılma,19,Taş Hasat - 1,1,35,Iron
1,Patlama yolu,bahcivan,standart,100,kırılma,20,Geniş Süpürüş - 1,3,35,Gold
1,Patlama yolu,bahcivan,standart,100,kırılma,20,Hasat Deneyimi I - 3,2,18,Gold
1,Patlama yolu,bahcivan,standart,100,kırılma,20,Düzenli Üretim - 4,2,21,Gold
1,Patlama yolu,bahcivan,standart,100,kırılma,20,Hasat Deneyimi I - 4,1,20,Gold
1,Patlama yolu,bahcivan,standart,100,kırılma,20,Hasat Deneyimi I - 4,2,21,Gold
1,Patlama yolu,bahcivan,standart,100,kırılma,21,İlk Vazgeçiş,1,150,Gold
1,Patlama yolu,bahcivan,standart,100,kırılma,21,Kesim Tekniği - 3,1,65,Gold
1,Patlama yolu,bahcivan,standart,100,kırılma,21,Hasat Rekoru - 1,1,180,Gold
1,Patlama yolu,bahcivan,standart,100,kırılma,21,Geniş Süpürüş - 2,1,40,Gold
1,Patlama yolu,bahcivan,standart,100,kırılma,21,Taş Hasat - 1,2,45,Iron
1,Patlama yolu,bahcivan,standart,100,kırılma,22,Güçlü Kesim - 1,2,160,Gold
1,Patlama yolu,bahcivan,standart,100,kırılma,22,Akıcı Kesim - 1,1,160,Gold
1,Patlama yolu,bahcivan,standart,100,kırılma,22,Kesim Tekniği - 3,2,70,Gold
1,Patlama yolu,bahcivan,standart,100,kırılma,23,Demir Hasat - 2,1,50,Gold
1,Patlama yolu,bahcivan,standart,100,kırılma,23,Güçlü Kesim - 1,3,195,Gold
1,Patlama yolu,bahcivan,standart,100,kırılma,23,Geniş Süpürüş - 2,2,45,Gold
1,Patlama yolu,bahcivan,standart,100,kırılma,23,Taş Hasat - 1,3,55,Iron
1,Patlama yolu,bahcivan,standart,100,kırılma,24,Akıcı Kesim - 1,2,210,Gold
1,Patlama yolu,bahcivan,standart,100,kırılma,24,Hasat Rekoru - 1,2,240,Gold
1,Patlama yolu,bahcivan,standart,100,kırılma,24,Kesim Tekniği - 4,1,80,Gold
1,Patlama yolu,bahcivan,standart,100,kırılma,24,Demir Hasat - 2,2,55,Gold
1,Patlama yolu,bahcivan,standart,100,kırılma,24,Güçlü Kesim - 2,1,230,Gold
1,Patlama yolu,bahcivan,standart,100,kırılma,25,Geniş Süpürüş - 3,1,55,Gold
1,Patlama yolu,bahcivan,standart,100,kırılma,25,Altın Hasat II - 1,1,180,Gold
1,Patlama yolu,bahcivan,standart,100,kırılma,25,Kesim Tekniği - 4,2,85,Gold
1,Patlama yolu,bahcivan,standart,100,kırılma,25,Verimli Üretim - 1,1,200,Iron
1,Patlama yolu,bahcivan,standart,100,kırılma,25,Akıcı Kesim - 1,3,260,Gold
1,Patlama yolu,bahcivan,standart,100,kırılma,26,Nadir Filizler - 1,1,230,Iron
1,Patlama yolu,bahcivan,standart,100,kırılma,26,Demir Hasat - 3,1,65,Gold
1,Patlama yolu,bahcivan,standart,100,kırılma,26,Hasat Rekoru - 1,3,290,Gold
1,Patlama yolu,bahcivan,standart,100,kırılma,26,Geniş Süpürüş - 3,2,60,Gold
1,Patlama yolu,bahcivan,standart,100,kırılma,26,Güçlü Kesim - 2,2,270,Gold
1,Patlama yolu,bahcivan,standart,100,kırılma,26,Grid Genişleme II,1,100,Stone
1,Patlama yolu,bahcivan,standart,100,kırılma,26,Verimli Üretim - 1,2,260,Iron
1,Patlama yolu,bahcivan,standart,100,kırılma,27,Altın Hasat II - 1,2,240,Gold
1,Patlama yolu,bahcivan,standart,100,kırılma,27,Geniş Süpürüş - 4,1,65,Gold
1,Patlama yolu,bahcivan,standart,100,kırılma,27,Demir Hasat - 3,2,70,Gold
1,Patlama yolu,bahcivan,standart,100,kırılma,27,Taş Hasat - 2,1,65,Iron
1,Patlama yolu,bahcivan,standart,100,kırılma,27,Geniş Süpürüş - 4,2,70,Gold
1,Patlama yolu,bahcivan,standart,100,kırılma,27,Zengin Cevher - 1,1,50,Stone
1,Patlama yolu,bahcivan,standart,100,kırılma,28,Akıcı Kesim - 2,1,310,Gold
1,Patlama yolu,bahcivan,standart,100,kırılma,28,Nadir Filizler - 1,2,300,Iron
1,Patlama yolu,bahcivan,standart,100,kırılma,28,Geniş Tarama - 1,1,160,Gold
1,Patlama yolu,bahcivan,standart,100,kırılma,28,Taş Hasat - 2,2,80,Iron
1,Patlama yolu,bahcivan,standart,100,kırılma,28,Taş Hasat - 3,1,90,Iron
1,Patlama yolu,bahcivan,standart,100,kırılma,29,Güçlü Kesim - 3,1,300,Gold
1,Patlama yolu,bahcivan,standart,100,kırılma,29,Altın Hasat II - 1,3,290,Gold
1,Patlama yolu,bahcivan,standart,100,kırılma,29,Demir Hasat - 4,1,80,Gold
1,Patlama yolu,bahcivan,standart,100,kırılma,29,Zengin Cevher - 1,2,65,Stone
1,Patlama yolu,bahcivan,standart,100,kırılma,29,Taş Hasat - 3,2,100,Iron
1,Patlama yolu,bahcivan,standart,100,kırılma,29,Zengin Cevher - 1,3,80,Stone
1,Patlama yolu,bahcivan,standart,100,kırılma,29,Taş Hasat - 4,1,110,Iron
1,Patlama yolu,bahcivan,standart,100,kırılma,30,Kesim Ustalığı - 1,1,560,Iron
1,Patlama yolu,bahcivan,standart,100,kırılma,30,Hasat Rekoru - 2,1,350,Gold
1,Patlama yolu,bahcivan,standart,100,kırılma,30,Akıcı Kesim - 2,2,360,Gold
1,Patlama yolu,bahcivan,standart,100,kırılma,31,Verimli Üretim - 1,3,320,Iron
1,Patlama yolu,bahcivan,standart,100,kırılma,31,Geniş Tarama - 1,2,210,Gold
1,Patlama yolu,bahcivan,standart,100,kırılma,31,Güçlü Kesim - 3,2,340,Gold
1,Patlama yolu,bahcivan,standart,100,kırılma,31,Demir Hasat - 4,2,85,Gold
1,Patlama yolu,bahcivan,standart,100,kırılma,31,Zengin Cevher - 2,1,95,Stone
1,Patlama yolu,bahcivan,standart,100,kırılma,31,Taş Hasat - 4,2,120,Iron
1,Patlama yolu,bahcivan,standart,100,kırılma,32,Kesim Ustalığı - 1,2,720,Iron
1,Patlama yolu,bahcivan,standart,100,kırılma,32,Altın Hasat II - 2,1,350,Gold
1,Patlama yolu,bahcivan,standart,100,kırılma,32,Akıcı Kesim - 3,1,400,Gold
1,Patlama yolu,bahcivan,standart,100,kırılma,32,Geniş Tarama - 1,3,260,Gold
1,Patlama yolu,bahcivan,standart,100,kırılma,33,Nadir Filizler - 1,3,360,Iron
1,Patlama yolu,bahcivan,standart,100,kırılma,33,Hasat Deneyimi II - 1,1,450,Gold
1,Patlama yolu,bahcivan,standart,100,kırılma,33,Hasat Rekoru - 2,2,400,Gold
1,Patlama yolu,bahcivan,standart,100,kırılma,33,Zengin Cevher - 2,2,110,Stone
1,Patlama yolu,bahcivan,standart,100,kırılma,34,İkinci Vazgeçiş,1,800,Iron
1,Patlama yolu,bahcivan,standart,100,kırılma,34,Güçlü Kesim - 4,1,380,Gold
1,Patlama yolu,bahcivan,standart,100,kırılma,34,Altın Hasat II - 2,2,400,Gold
1,Patlama yolu,bahcivan,standart,100,kırılma,34,Kritik Odak - 1,1,150,Gold
1,Patlama yolu,bahcivan,standart,100,kırılma,35,Verimli Üretim - 2,1,380,Iron
1,Patlama yolu,bahcivan,standart,100,kırılma,35,Kritik Odak - 1,2,195,Gold
1,Patlama yolu,bahcivan,standart,100,kırılma,35,Kritik Odak - 1,3,240,Gold
1,Patlama yolu,bahcivan,standart,100,kırılma,35,Kritik Odak - 2,1,290,Gold
1,Patlama yolu,bahcivan,standart,100,kırılma,35,Zengin Cevher - 3,1,125,Stone
1,Patlama yolu,bahcivan,standart,100,kırılma,36,Ağır Kesim - 1,1,1200,Gold
1,Patlama yolu,bahcivan,standart,100,kırılma,36,Kesim Ustalığı - 1,3,890,Iron
1,Patlama yolu,bahcivan,standart,100,kırılma,37,Nadir Filizler - 2,1,430,Iron
1,Patlama yolu,bahcivan,standart,100,kırılma,37,Akıcı Kesim - 3,2,450,Gold
1,Patlama yolu,bahcivan,standart,100,kırılma,37,Geniş Tarama - 2,1,310,Gold
1,Patlama yolu,bahcivan,standart,100,kırılma,37,Kart Sezgisi - 1,1,710,Gold
1,Patlama yolu,bahcivan,standart,100,kırılma,37,Verimli Üretim - 2,2,440,Iron
1,Patlama yolu,bahcivan,standart,100,kırılma,37,Zengin Cevher - 3,2,140,Stone
1,Patlama yolu,bahcivan,standart,100,kırılma,38,Hasat Deneyimi II - 1,2,590,Gold
1,Patlama yolu,bahcivan,standart,100,kırılma,38,Altın Hasat II - 3,1,450,Gold
1,Patlama yolu,bahcivan,standart,100,kırılma,38,Güçlü Kesim - 4,2,410,Gold
1,Patlama yolu,bahcivan,standart,100,kırılma,38,Kesim Ustalığı - 2,1,1100,Iron
1,Patlama yolu,bahcivan,standart,100,kırılma,38,Geniş Tarama - 2,2,360,Gold
1,Patlama yolu,bahcivan,standart,100,kırılma,38,Nadir Filizler - 2,2,500,Iron
1,Patlama yolu,bahcivan,standart,100,kırılma,39,Ağır Kesim - 1,2,1600,Gold
1,Patlama yolu,bahcivan,standart,100,kırılma,39,Hasat Rekoru - 3,1,450,Gold
1,Patlama yolu,bahcivan,standart,100,kırılma,39,Verimli Üretim - 3,1,510,Iron
1,Patlama yolu,bahcivan,standart,100,kırılma,39,Zengin Cevher - 4,1,155,Stone
1,Patlama yolu,bahcivan,standart,100,kırılma,40,Akıcı Kesim - 4,1,500,Gold
1,Patlama yolu,bahcivan,standart,100,kırılma,40,Hasat Deneyimi II - 1,3,730,Gold
1,Patlama yolu,bahcivan,standart,100,kırılma,40,Kart Sezgisi - 1,2,920,Gold
1,Patlama yolu,bahcivan,standart,100,kırılma,40,Kesim Ustalığı - 2,2,1200,Iron
1,Patlama yolu,bahcivan,standart,100,kırılma,40,Verimli Üretim - 3,2,570,Iron
1,Patlama yolu,bahcivan,standart,100,kırılma,40,Kritik Güç - 1,1,150,Stone
1,Patlama yolu,bahcivan,standart,100,kırılma,41,Altın Hasat II - 3,2,510,Gold
1,Patlama yolu,bahcivan,standart,100,kırılma,41,Ağır Kesim - 1,3,1900,Gold
1,Patlama yolu,bahcivan,standart,100,kırılma,41,Nadir Filizler - 3,1,570,Iron
1,Patlama yolu,bahcivan,standart,100,kırılma,41,Grid Genişleme II,2,1800,Stone
1,Patlama yolu,bahcivan,standart,100,kırılma,41,Zengin Cevher - 4,2,170,Stone
1,Patlama yolu,bahcivan,standart,100,kırılma,42,Akıcı Kesim - 4,2,550,Gold
1,Patlama yolu,bahcivan,standart,100,kırılma,42,Geniş Tarama - 3,1,400,Gold
1,Patlama yolu,bahcivan,standart,100,kırılma,42,Hasat Deneyimi II - 2,1,860,Gold
1,Patlama yolu,bahcivan,standart,100,kırılma,42,Hasat Rekoru - 3,2,510,Gold
1,Patlama yolu,bahcivan,standart,100,kırılma,42,Kesim Ustalığı - 3,1,1400,Iron
1,Patlama yolu,bahcivan,standart,100,kırılma,42,Verimli Üretim - 4,1,630,Iron
1,Patlama yolu,bahcivan,standart,100,kırılma,42,Kritik Güç - 1,2,195,Stone
1,Patlama yolu,bahcivan,standart,100,kırılma,43,Altın Hasat II - 4,1,560,Gold
1,Patlama yolu,bahcivan,standart,100,kırılma,43,Kart Sezgisi - 1,3,1100,Gold
1,Patlama yolu,bahcivan,standart,100,kırılma,43,Geniş Tarama - 3,2,450,Gold
1,Patlama yolu,bahcivan,standart,100,kırılma,43,Nadir Filizler - 3,2,640,Iron
1,Patlama yolu,bahcivan,standart,100,kırılma,43,Hasat Rekoru - 4,1,560,Gold
1,Patlama yolu,bahcivan,standart,100,kırılma,43,Geniş Tarama - 4,1,500,Gold
1,Patlama yolu,bahcivan,standart,100,kırılma,44,Ağır Kesim - 2,1,2300,Gold
1,Patlama yolu,bahcivan,standart,100,kırılma,44,Kesim Ustalığı - 3,2,1600,Iron
1,Patlama yolu,bahcivan,standart,100,kırılma,44,Verimli Üretim - 4,2,690,Iron
1,Patlama yolu,bahcivan,standart,100,kırılma,44,Nadir Filizler - 4,1,700,Iron
1,Patlama yolu,bahcivan,standart,100,kırılma,44,Kritik Güç - 1,3,240,Stone
1,Patlama yolu,bahcivan,standart,100,kırılma,45,Hasat Deneyimi II - 2,2,1000,Gold
1,Patlama yolu,bahcivan,standart,100,kırılma,45,Altın Hasat II - 4,2,620,Gold
1,Patlama yolu,bahcivan,standart,100,kırılma,45,Kart Sezgisi - 2,1,1300,Gold
1,Patlama yolu,bahcivan,standart,100,kırılma,45,Kritik Odak - 2,2,330,Gold
1,Patlama yolu,bahcivan,standart,100,kırılma,45,Kesim Ustalığı - 4,1,1700,Iron
1,Patlama yolu,bahcivan,standart,100,kırılma,46,Ağır Kesim - 2,2,2700,Gold
1,Patlama yolu,bahcivan,standart,100,kırılma,46,Nadir Filizler - 4,2,770,Iron
1,Patlama yolu,bahcivan,standart,100,kırılma,46,Kesim Ustalığı - 4,2,1900,Iron
1,Patlama yolu,bahcivan,standart,100,kırılma,46,Kritik Güç - 2,1,290,Stone
1,Patlama yolu,bahcivan,standart,100,kırılma,47,Hasat Deneyimi II - 3,1,1100,Gold
1,Patlama yolu,bahcivan,standart,100,kırılma,47,Geniş Tarama - 4,2,550,Gold
1,Patlama yolu,bahcivan,standart,100,kırılma,47,Kart Sezgisi - 2,2,1600,Gold
1,Patlama yolu,bahcivan,standart,100,kırılma,47,Hasat Rekoru - 4,2,620,Gold
1,Patlama yolu,bahcivan,standart,100,kırılma,47,Kritik Odak - 3,1,380,Gold
1,Patlama yolu,bahcivan,standart,100,kırılma,48,Ağır Kesim - 3,1,3000,Gold
1,Patlama yolu,bahcivan,standart,100,kırılma,48,Kritik Güç - 2,2,330,Stone
1,Patlama yolu,bahcivan,standart,100,kırılma,49,Hasat Deneyimi II - 3,2,1300,Gold
1,Patlama yolu,bahcivan,standart,100,kırılma,49,Kritik Odak - 3,2,420,Gold
1,Patlama yolu,bahcivan,standart,100,kırılma,49,Kritik Odak - 4,1,470,Gold
1,Patlama yolu,bahcivan,standart,100,kırılma,49,Kritik Odak - 4,2,520,Gold
2,Patlama yolu,bahcivan,standart,101,kırılma,1,Keskin Başlangıç - 1,1,5,Gold
2,Patlama yolu,bahcivan,standart,101,kırılma,2,Keskin Başlangıç - 1,2,7,Gold
2,Patlama yolu,bahcivan,standart,101,kırılma,2,Altın Hasat I - 1,1,7,Gold
2,Patlama yolu,bahcivan,standart,101,kırılma,4,Düzenli Üretim - 1,1,6,Gold
2,Patlama yolu,bahcivan,standart,101,kırılma,4,Keskin Başlangıç - 1,3,8,Gold
2,Patlama yolu,bahcivan,standart,101,kırılma,4,Hızlı Eller - 1,1,7,Gold
2,Patlama yolu,bahcivan,standart,101,kırılma,5,Grid Genişleme I,1,30,Gold
2,Patlama yolu,bahcivan,standart,101,kırılma,6,Altın Hasat I - 1,2,9,Gold
2,Patlama yolu,bahcivan,standart,101,kırılma,6,Keskin Başlangıç - 2,1,10,Gold
2,Patlama yolu,bahcivan,standart,101,kırılma,6,Düzenli Üretim - 1,2,8,Gold
2,Patlama yolu,bahcivan,standart,101,kırılma,6,Hızlı Eller - 1,2,9,Gold
2,Patlama yolu,bahcivan,standart,101,kırılma,7,Keskin Başlangıç - 2,2,11,Gold
2,Patlama yolu,bahcivan,standart,101,kırılma,7,Altın Hasat I - 1,3,11,Gold
2,Patlama yolu,bahcivan,standart,101,kırılma,7,Hasat Deneyimi I - 1,1,6,Gold
2,Patlama yolu,bahcivan,standart,101,kırılma,8,1×3 Saksı,1,30,Gold
2,Patlama yolu,bahcivan,standart,101,kırılma,8,Keskin Başlangıç - 3,1,13,Gold
2,Patlama yolu,bahcivan,standart,101,kırılma,8,Düzenli Üretim - 1,3,10,Gold
2,Patlama yolu,bahcivan,standart,101,kırılma,9,Hızlı Eller - 1,3,11,Gold
2,Patlama yolu,bahcivan,standart,101,kırılma,9,Altın Hasat I - 2,1,13,Gold
2,Patlama yolu,bahcivan,standart,101,kırılma,10,Keskin Başlangıç - 3,2,14,Gold
2,Patlama yolu,bahcivan,standart,101,kırılma,10,Kesim Tekniği - 1,1,25,Gold
2,Patlama yolu,bahcivan,standart,101,kırılma,10,Hızlı Eller - 2,1,12,Gold
2,Patlama yolu,bahcivan,standart,101,kırılma,11,Altın Hasat I - 2,2,16,Gold
2,Patlama yolu,bahcivan,standart,101,kırılma,11,Düzenli Üretim - 2,1,12,Gold
2,Patlama yolu,bahcivan,standart,101,kırılma,11,Hasat Deneyimi I - 1,2,8,Gold
2,Patlama yolu,bahcivan,standart,101,kırılma,11,Keskin Başlangıç - 4,1,16,Gold
2,Patlama yolu,bahcivan,standart,101,kırılma,11,Grid Genişleme I,2,30,Iron
2,Patlama yolu,bahcivan,standart,101,kırılma,12,Hızlı Eller - 2,2,14,Gold
2,Patlama yolu,bahcivan,standart,101,kırılma,13,Kesim Tekniği - 1,2,35,Gold
2,Patlama yolu,bahcivan,standart,101,kırılma,13,Altın Hasat I - 3,1,18,Gold
2,Patlama yolu,bahcivan,standart,101,kırılma,13,Keskin Başlangıç - 4,2,17,Gold
2,Patlama yolu,bahcivan,standart,101,kırılma,14,2×2 Saksı,1,80,Gold
2,Patlama yolu,bahcivan,standart,101,kırılma,14,Hasat Deneyimi I - 1,3,10,Gold
2,Patlama yolu,bahcivan,standart,101,kırılma,14,Çifte Hasat Kartları,1,25,Iron
2,Patlama yolu,bahcivan,standart,101,kırılma,15,Düzenli Üretim - 2,2,13,Gold
2,Patlama yolu,bahcivan,standart,101,kırılma,15,Hızlı Eller - 3,1,16,Gold
2,Patlama yolu,bahcivan,standart,101,kırılma,15,Altın Hasat I - 3,2,20,Gold
2,Patlama yolu,bahcivan,standart,101,kırılma,16,Kesim Tekniği - 1,3,40,Gold
2,Patlama yolu,bahcivan,standart,101,kırılma,16,Hasat Deneyimi I - 2,1,12,Gold
2,Patlama yolu,bahcivan,standart,101,kırılma,16,Demir Hasat - 1,1,25,Gold
2,Patlama yolu,bahcivan,standart,101,kırılma,16,Hızlı Eller - 3,2,18,Gold
2,Patlama yolu,bahcivan,standart,101,kırılma,16,Düzenli Üretim - 3,1,15,Gold
2,Patlama yolu,bahcivan,standart,101,kırılma,17,Altın Hasat I - 4,1,22,Gold
2,Patlama yolu,bahcivan,standart,101,kırılma,17,Geniş Süpürüş - 1,1,21,Gold
2,Patlama yolu,bahcivan,standart,101,kırılma,17,Kesim Tekniği - 2,1,50,Gold
2,Patlama yolu,bahcivan,standart,101,kırılma,18,Hasat Deneyimi I - 2,2,14,Gold
2,Patlama yolu,bahcivan,standart,101,kırılma,18,Hızlı Eller - 4,1,20,Gold
2,Patlama yolu,bahcivan,standart,101,kırılma,18,Altın Hasat I - 4,2,24,Gold
2,Patlama yolu,bahcivan,standart,101,kırılma,18,Demir Hasat - 1,2,35,Gold
2,Patlama yolu,bahcivan,standart,101,kırılma,18,Düzenli Üretim - 3,2,17,Gold
2,Patlama yolu,bahcivan,standart,101,kırılma,19,Geniş Süpürüş - 1,2,28,Gold
2,Patlama yolu,bahcivan,standart,101,kırılma,19,Hızlı Eller - 4,2,22,Gold
2,Patlama yolu,bahcivan,standart,101,kırılma,19,Hasat Deneyimi I - 3,1,16,Gold
2,Patlama yolu,bahcivan,standart,101,kırılma,19,Düzenli Üretim - 4,1,19,Gold
2,Patlama yolu,bahcivan,standart,101,kırılma,19,Hasat Deneyimi I - 3,2,18,Gold
2,Patlama yolu,bahcivan,standart,101,kırılma,19,Hasat Deneyimi I - 4,1,20,Gold
2,Patlama yolu,bahcivan,standart,101,kırılma,20,Düzenli Üretim - 4,2,21,Gold
2,Patlama yolu,bahcivan,standart,101,kırılma,20,Hasat Deneyimi I - 4,2,21,Gold
2,Patlama yolu,bahcivan,standart,101,kırılma,21,Güçlü Kesim - 1,1,120,Gold
2,Patlama yolu,bahcivan,standart,101,kırılma,21,Kesim Tekniği - 2,2,55,Gold
2,Patlama yolu,bahcivan,standart,101,kırılma,22,Demir Hasat - 1,3,40,Gold
2,Patlama yolu,bahcivan,standart,101,kırılma,22,Geniş Süpürüş - 1,3,35,Gold
2,Patlama yolu,bahcivan,standart,101,kırılma,22,Geniş Süpürüş - 2,1,40,Gold
2,Patlama yolu,bahcivan,standart,101,kırılma,22,Demir Hasat - 2,1,50,Gold
2,Patlama yolu,bahcivan,standart,101,kırılma,22,Taş Hasat - 1,1,35,Iron
2,Patlama yolu,bahcivan,standart,101,kırılma,23,2×3 Saksı,1,200,Gold
2,Patlama yolu,bahcivan,standart,101,kırılma,24,İlk Vazgeçiş,1,150,Gold
2,Patlama yolu,bahcivan,standart,101,kırılma,24,Kesim Tekniği - 3,1,65,Gold
2,Patlama yolu,bahcivan,standart,101,kırılma,24,Geniş Süpürüş - 2,2,45,Gold
2,Patlama yolu,bahcivan,standart,101,kırılma,24,Taş Hasat - 1,2,45,Iron
2,Patlama yolu,bahcivan,standart,101,kırılma,26,Hasat Rekoru - 1,1,180,Gold
2,Patlama yolu,bahcivan,standart,101,kırılma,26,Güçlü Kesim - 1,2,160,Gold
2,Patlama yolu,bahcivan,standart,101,kırılma,27,Akıcı Kesim - 1,1,160,Gold
2,Patlama yolu,bahcivan,standart,101,kırılma,27,Kesim Tekniği - 3,2,70,Gold
2,Patlama yolu,bahcivan,standart,101,kırılma,27,Güçlü Kesim - 1,3,195,Gold
2,Patlama yolu,bahcivan,standart,101,kırılma,28,Akıcı Kesim - 1,2,210,Gold
2,Patlama yolu,bahcivan,standart,101,kırılma,28,Demir Hasat - 2,2,55,Gold
2,Patlama yolu,bahcivan,standart,101,kırılma,28,Geniş Süpürüş - 3,1,55,Gold
2,Patlama yolu,bahcivan,standart,101,kırılma,28,Geniş Süpürüş - 3,2,60,Gold
2,Patlama yolu,bahcivan,standart,101,kırılma,29,Hasat Rekoru - 1,2,240,Gold
2,Patlama yolu,bahcivan,standart,101,kırılma,29,Kesim Tekniği - 4,1,80,Gold
2,Patlama yolu,bahcivan,standart,101,kırılma,29,Verimli Üretim - 1,1,200,Iron
2,Patlama yolu,bahcivan,standart,101,kırılma,29,Taş Hasat - 1,3,55,Iron
2,Patlama yolu,bahcivan,standart,101,kırılma,30,Güçlü Kesim - 2,1,230,Gold
2,Patlama yolu,bahcivan,standart,101,kırılma,31,Altın Hasat II - 1,1,180,Gold
2,Patlama yolu,bahcivan,standart,101,kırılma,31,Kesim Tekniği - 4,2,85,Gold
2,Patlama yolu,bahcivan,standart,101,kırılma,31,Nadir Filizler - 1,1,230,Iron
2,Patlama yolu,bahcivan,standart,101,kırılma,31,Akıcı Kesim - 1,3,260,Gold
2,Patlama yolu,bahcivan,standart,101,kırılma,31,Grid Genişleme II,1,100,Stone
2,Patlama yolu,bahcivan,standart,101,kırılma,31,Taş Hasat - 2,1,65,Iron
2,Patlama yolu,bahcivan,standart,101,kırılma,32,Demir Hasat - 3,1,65,Gold
2,Patlama yolu,bahcivan,standart,101,kırılma,32,Hasat Rekoru - 1,3,290,Gold
2,Patlama yolu,bahcivan,standart,101,kırılma,32,Geniş Süpürüş - 4,1,65,Gold
2,Patlama yolu,bahcivan,standart,101,kırılma,33,Güçlü Kesim - 2,2,270,Gold
2,Patlama yolu,bahcivan,standart,101,kırılma,33,Verimli Üretim - 1,2,260,Iron
2,Patlama yolu,bahcivan,standart,101,kırılma,33,Zengin Cevher - 1,1,50,Stone
2,Patlama yolu,bahcivan,standart,101,kırılma,34,Altın Hasat II - 1,2,240,Gold
2,Patlama yolu,bahcivan,standart,101,kırılma,34,Nadir Filizler - 1,2,300,Iron
2,Patlama yolu,bahcivan,standart,101,kırılma,34,Demir Hasat - 3,2,70,Gold
2,Patlama yolu,bahcivan,standart,101,kırılma,34,Taş Hasat - 2,2,80,Iron
2,Patlama yolu,bahcivan,standart,101,kırılma,34,Zengin Cevher - 1,2,65,Stone
2,Patlama yolu,bahcivan,standart,101,kırılma,35,Akıcı Kesim - 2,1,310,Gold
2,Patlama yolu,bahcivan,standart,101,kırılma,35,Taş Hasat - 3,1,90,Iron
2,Patlama yolu,bahcivan,standart,101,kırılma,35,Taş Hasat - 3,2,100,Iron
2,Patlama yolu,bahcivan,standart,101,kırılma,35,Zengin Cevher - 1,3,80,Stone
2,Patlama yolu,bahcivan,standart,101,kırılma,36,Geniş Tarama - 1,1,160,Gold
2,Patlama yolu,bahcivan,standart,101,kırılma,36,Güçlü Kesim - 3,1,300,Gold
2,Patlama yolu,bahcivan,standart,101,kırılma,36,Geniş Süpürüş - 4,2,70,Gold
2,Patlama yolu,bahcivan,standart,101,kırılma,36,Taş Hasat - 4,1,110,Iron
2,Patlama yolu,bahcivan,standart,101,kırılma,36,Zengin Cevher - 2,1,95,Stone
2,Patlama yolu,bahcivan,standart,101,kırılma,36,Taş Hasat - 4,2,120,Iron
2,Patlama yolu,bahcivan,standart,101,kırılma,37,Altın Hasat II - 1,3,290,Gold
2,Patlama yolu,bahcivan,standart,101,kırılma,37,Demir Hasat - 4,1,80,Gold
2,Patlama yolu,bahcivan,standart,101,kırılma,37,Demir Hasat - 4,2,85,Gold
2,Patlama yolu,bahcivan,standart,101,kırılma,37,Zengin Cevher - 2,2,110,Stone
2,Patlama yolu,bahcivan,standart,101,kırılma,38,Kesim Ustalığı - 1,1,560,Iron
2,Patlama yolu,bahcivan,standart,101,kırılma,38,Hasat Rekoru - 2,1,350,Gold
2,Patlama yolu,bahcivan,standart,101,kırılma,38,Akıcı Kesim - 2,2,360,Gold
2,Patlama yolu,bahcivan,standart,101,kırılma,38,Zengin Cevher - 3,1,125,Stone
2,Patlama yolu,bahcivan,standart,101,kırılma,39,Verimli Üretim - 1,3,320,Iron
2,Patlama yolu,bahcivan,standart,101,kırılma,39,Geniş Tarama - 1,2,210,Gold
2,Patlama yolu,bahcivan,standart,101,kırılma,39,Güçlü Kesim - 3,2,340,Gold
2,Patlama yolu,bahcivan,standart,101,kırılma,39,Zengin Cevher - 3,2,140,Stone
2,Patlama yolu,bahcivan,standart,101,kırılma,40,Altın Hasat II - 2,1,350,Gold
2,Patlama yolu,bahcivan,standart,101,kırılma,40,Akıcı Kesim - 3,1,400,Gold
2,Patlama yolu,bahcivan,standart,101,kırılma,40,Zengin Cevher - 4,1,155,Stone
2,Patlama yolu,bahcivan,standart,101,kırılma,41,Kesim Ustalığı - 1,2,720,Iron
2,Patlama yolu,bahcivan,standart,101,kırılma,41,Geniş Tarama - 1,3,260,Gold
2,Patlama yolu,bahcivan,standart,101,kırılma,41,Zengin Cevher - 4,2,170,Stone
2,Patlama yolu,bahcivan,standart,101,kırılma,42,Nadir Filizler - 1,3,360,Iron
2,Patlama yolu,bahcivan,standart,101,kırılma,42,Hasat Deneyimi II - 1,1,450,Gold
2,Patlama yolu,bahcivan,standart,101,kırılma,42,Hasat Rekoru - 2,2,400,Gold
2,Patlama yolu,bahcivan,standart,101,kırılma,43,İkinci Vazgeçiş,1,800,Iron
2,Patlama yolu,bahcivan,standart,101,kırılma,43,Güçlü Kesim - 4,1,380,Gold
2,Patlama yolu,bahcivan,standart,101,kırılma,43,Altın Hasat II - 2,2,400,Gold
2,Patlama yolu,bahcivan,standart,101,kırılma,44,Verimli Üretim - 2,1,380,Iron
2,Patlama yolu,bahcivan,standart,101,kırılma,44,Kritik Odak - 1,1,150,Gold
2,Patlama yolu,bahcivan,standart,101,kırılma,44,Kritik Odak - 1,2,195,Gold
2,Patlama yolu,bahcivan,standart,101,kırılma,44,Kritik Odak - 1,3,240,Gold
2,Patlama yolu,bahcivan,standart,101,kırılma,44,Kritik Güç - 1,1,150,Stone
2,Patlama yolu,bahcivan,standart,101,kırılma,44,Kritik Güç - 1,2,195,Stone
2,Patlama yolu,bahcivan,standart,101,kırılma,44,Kritik Güç - 1,3,240,Stone
2,Patlama yolu,bahcivan,standart,101,kırılma,45,Kritik Odak - 2,1,290,Gold
2,Patlama yolu,bahcivan,standart,101,kırılma,46,Ağır Kesim - 1,1,1200,Gold
2,Patlama yolu,bahcivan,standart,101,kırılma,46,Kesim Ustalığı - 1,3,890,Iron
2,Patlama yolu,bahcivan,standart,101,kırılma,46,Nadir Filizler - 2,1,430,Iron
2,Patlama yolu,bahcivan,standart,101,kırılma,46,Kritik Güç - 2,1,290,Stone
2,Patlama yolu,bahcivan,standart,101,kırılma,47,Akıcı Kesim - 3,2,450,Gold
2,Patlama yolu,bahcivan,standart,101,kırılma,47,Geniş Tarama - 2,1,310,Gold
2,Patlama yolu,bahcivan,standart,101,kırılma,47,Kart Sezgisi - 1,1,710,Gold
2,Patlama yolu,bahcivan,standart,101,kırılma,47,Verimli Üretim - 2,2,440,Iron
2,Patlama yolu,bahcivan,standart,101,kırılma,48,Hasat Deneyimi II - 1,2,590,Gold
2,Patlama yolu,bahcivan,standart,101,kırılma,48,Altın Hasat II - 3,1,450,Gold
2,Patlama yolu,bahcivan,standart,101,kırılma,48,Güçlü Kesim - 4,2,410,Gold
2,Patlama yolu,bahcivan,standart,101,kırılma,48,Kesim Ustalığı - 2,1,1100,Iron
2,Patlama yolu,bahcivan,standart,101,kırılma,48,Geniş Tarama - 2,2,360,Gold
2,Patlama yolu,bahcivan,standart,101,kırılma,48,Nadir Filizler - 2,2,500,Iron
2,Patlama yolu,bahcivan,standart,101,kırılma,48,Kritik Güç - 2,2,330,Stone
2,Patlama yolu,bahcivan,standart,101,kırılma,49,Ağır Kesim - 1,2,1600,Gold
2,Patlama yolu,bahcivan,standart,101,kırılma,49,Verimli Üretim - 3,1,510,Iron
3,Patlama yolu,bahcivan,standart,102,kırılma,1,Keskin Başlangıç - 1,1,5,Gold
3,Patlama yolu,bahcivan,standart,102,kırılma,1,Keskin Başlangıç - 1,2,7,Gold
3,Patlama yolu,bahcivan,standart,102,kırılma,3,Altın Hasat I - 1,1,7,Gold
3,Patlama yolu,bahcivan,standart,102,kırılma,3,Düzenli Üretim - 1,1,6,Gold
3,Patlama yolu,bahcivan,standart,102,kırılma,4,Keskin Başlangıç - 1,3,8,Gold
3,Patlama yolu,bahcivan,standart,102,kırılma,4,Hızlı Eller - 1,1,7,Gold
3,Patlama yolu,bahcivan,standart,102,kırılma,4,Hasat Deneyimi I - 1,1,6,Gold
3,Patlama yolu,bahcivan,standart,102,kırılma,5,Grid Genişleme I,1,30,Gold
3,Patlama yolu,bahcivan,standart,102,kırılma,5,Altın Hasat I - 1,2,9,Gold
3,Patlama yolu,bahcivan,standart,102,kırılma,5,Keskin Başlangıç - 2,1,10,Gold
3,Patlama yolu,bahcivan,standart,102,kırılma,5,Düzenli Üretim - 1,2,8,Gold
3,Patlama yolu,bahcivan,standart,102,kırılma,5,Hızlı Eller - 1,2,9,Gold
3,Patlama yolu,bahcivan,standart,102,kırılma,6,Keskin Başlangıç - 2,2,11,Gold
3,Patlama yolu,bahcivan,standart,102,kırılma,8,Altın Hasat I - 1,3,11,Gold
3,Patlama yolu,bahcivan,standart,102,kırılma,8,1×3 Saksı,1,30,Gold
3,Patlama yolu,bahcivan,standart,102,kırılma,9,Keskin Başlangıç - 3,1,13,Gold
3,Patlama yolu,bahcivan,standart,102,kırılma,9,Düzenli Üretim - 1,3,10,Gold
3,Patlama yolu,bahcivan,standart,102,kırılma,9,Hızlı Eller - 1,3,11,Gold
3,Patlama yolu,bahcivan,standart,102,kırılma,9,Altın Hasat I - 2,1,13,Gold
3,Patlama yolu,bahcivan,standart,102,kırılma,10,Keskin Başlangıç - 3,2,14,Gold
3,Patlama yolu,bahcivan,standart,102,kırılma,10,Kesim Tekniği - 1,1,25,Gold
3,Patlama yolu,bahcivan,standart,102,kırılma,11,Hızlı Eller - 2,1,12,Gold
3,Patlama yolu,bahcivan,standart,102,kırılma,11,Altın Hasat I - 2,2,16,Gold
3,Patlama yolu,bahcivan,standart,102,kırılma,11,Düzenli Üretim - 2,1,12,Gold
3,Patlama yolu,bahcivan,standart,102,kırılma,11,Hasat Deneyimi I - 1,2,8,Gold
3,Patlama yolu,bahcivan,standart,102,kırılma,11,Grid Genişleme I,2,30,Iron
3,Patlama yolu,bahcivan,standart,102,kırılma,12,Keskin Başlangıç - 4,1,16,Gold
3,Patlama yolu,bahcivan,standart,102,kırılma,12,Hızlı Eller - 2,2,14,Gold
3,Patlama yolu,bahcivan,standart,102,kırılma,12,Kesim Tekniği - 1,2,35,Gold
3,Patlama yolu,bahcivan,standart,102,kırılma,12,Altın Hasat I - 3,1,18,Gold
3,Patlama yolu,bahcivan,standart,102,kırılma,12,Keskin Başlangıç - 4,2,17,Gold
3,Patlama yolu,bahcivan,standart,102,kırılma,13,2×2 Saksı,1,80,Gold
3,Patlama yolu,bahcivan,standart,102,kırılma,13,Hasat Deneyimi I - 1,3,10,Gold
3,Patlama yolu,bahcivan,standart,102,kırılma,13,Düzenli Üretim - 2,2,13,Gold
3,Patlama yolu,bahcivan,standart,102,kırılma,13,Hızlı Eller - 3,1,16,Gold
3,Patlama yolu,bahcivan,standart,102,kırılma,13,Çifte Hasat Kartları,1,25,Iron
3,Patlama yolu,bahcivan,standart,102,kırılma,14,Altın Hasat I - 3,2,20,Gold
3,Patlama yolu,bahcivan,standart,102,kırılma,14,Kesim Tekniği - 1,3,40,Gold
3,Patlama yolu,bahcivan,standart,102,kırılma,14,Hasat Deneyimi I - 2,1,12,Gold
3,Patlama yolu,bahcivan,standart,102,kırılma,14,Demir Hasat - 1,1,25,Gold
3,Patlama yolu,bahcivan,standart,102,kırılma,14,Hızlı Eller - 3,2,18,Gold
3,Patlama yolu,bahcivan,standart,102,kırılma,14,Düzenli Üretim - 3,1,15,Gold
3,Patlama yolu,bahcivan,standart,102,kırılma,15,Altın Hasat I - 4,1,22,Gold
3,Patlama yolu,bahcivan,standart,102,kırılma,15,Geniş Süpürüş - 1,1,21,Gold
3,Patlama yolu,bahcivan,standart,102,kırılma,15,Kesim Tekniği - 2,1,50,Gold
3,Patlama yolu,bahcivan,standart,102,kırılma,15,Hasat Deneyimi I - 2,2,14,Gold
3,Patlama yolu,bahcivan,standart,102,kırılma,15,Hızlı Eller - 4,1,20,Gold
3,Patlama yolu,bahcivan,standart,102,kırılma,15,Altın Hasat I - 4,2,24,Gold
3,Patlama yolu,bahcivan,standart,102,kırılma,15,Demir Hasat - 1,2,35,Gold
3,Patlama yolu,bahcivan,standart,102,kırılma,16,Düzenli Üretim - 3,2,17,Gold
3,Patlama yolu,bahcivan,standart,102,kırılma,16,Geniş Süpürüş - 1,2,28,Gold
3,Patlama yolu,bahcivan,standart,102,kırılma,16,Güçlü Kesim - 1,1,120,Gold
3,Patlama yolu,bahcivan,standart,102,kırılma,16,Hızlı Eller - 4,2,22,Gold
3,Patlama yolu,bahcivan,standart,102,kırılma,16,Kesim Tekniği - 2,2,55,Gold
3,Patlama yolu,bahcivan,standart,102,kırılma,16,Hasat Deneyimi I - 3,1,16,Gold
3,Patlama yolu,bahcivan,standart,102,kırılma,16,2×3 Saksı,1,200,Gold
3,Patlama yolu,bahcivan,standart,102,kırılma,16,Düzenli Üretim - 4,1,19,Gold
3,Patlama yolu,bahcivan,standart,102,kırılma,17,Demir Hasat - 1,3,40,Gold
3,Patlama yolu,bahcivan,standart,102,kırılma,17,Geniş Süpürüş - 1,3,35,Gold
3,Patlama yolu,bahcivan,standart,102,kırılma,17,İlk Vazgeçiş,1,150,Gold
3,Patlama yolu,bahcivan,standart,102,kırılma,17,Hasat Deneyimi I - 3,2,18,Gold
3,Patlama yolu,bahcivan,standart,102,kırılma,17,Kesim Tekniği - 3,1,65,Gold
3,Patlama yolu,bahcivan,standart,102,kırılma,17,Hasat Rekoru - 1,1,180,Gold
3,Patlama yolu,bahcivan,standart,102,kırılma,17,Düzenli Üretim - 4,2,21,Gold
3,Patlama yolu,bahcivan,standart,102,kırılma,17,Geniş Süpürüş - 2,1,40,Gold
3,Patlama yolu,bahcivan,standart,102,kırılma,17,Hasat Deneyimi I - 4,1,20,Gold
3,Patlama yolu,bahcivan,standart,102,kırılma,17,Taş Hasat - 1,1,35,Iron
3,Patlama yolu,bahcivan,standart,102,kırılma,17,Taş Hasat - 1,2,45,Iron
3,Patlama yolu,bahcivan,standart,102,kırılma,18,Güçlü Kesim - 1,2,160,Gold
3,Patlama yolu,bahcivan,standart,102,kırılma,18,Akıcı Kesim - 1,1,160,Gold
3,Patlama yolu,bahcivan,standart,102,kırılma,18,Kesim Tekniği - 3,2,70,Gold
3,Patlama yolu,bahcivan,standart,102,kırılma,18,Demir Hasat - 2,1,50,Gold
3,Patlama yolu,bahcivan,standart,102,kırılma,18,Geniş Süpürüş - 2,2,45,Gold
3,Patlama yolu,bahcivan,standart,102,kırılma,18,Hasat Deneyimi I - 4,2,21,Gold
3,Patlama yolu,bahcivan,standart,102,kırılma,19,Güçlü Kesim - 1,3,195,Gold
3,Patlama yolu,bahcivan,standart,102,kırılma,19,Akıcı Kesim - 1,2,210,Gold
3,Patlama yolu,bahcivan,standart,102,kırılma,19,Hasat Rekoru - 1,2,240,Gold
3,Patlama yolu,bahcivan,standart,102,kırılma,19,Kesim Tekniği - 4,1,80,Gold
3,Patlama yolu,bahcivan,standart,102,kırılma,19,Verimli Üretim - 1,1,200,Iron
3,Patlama yolu,bahcivan,standart,102,kırılma,19,Taş Hasat - 1,3,55,Iron
3,Patlama yolu,bahcivan,standart,102,kırılma,20,Demir Hasat - 2,2,55,Gold
3,Patlama yolu,bahcivan,standart,102,kırılma,20,Güçlü Kesim - 2,1,230,Gold
3,Patlama yolu,bahcivan,standart,102,kırılma,20,Geniş Süpürüş - 3,1,55,Gold
3,Patlama yolu,bahcivan,standart,102,kırılma,20,Altın Hasat II - 1,1,180,Gold
3,Patlama yolu,bahcivan,standart,102,kırılma,20,Nadir Filizler - 1,1,230,Iron
3,Patlama yolu,bahcivan,standart,102,kırılma,21,Kesim Tekniği - 4,2,85,Gold
3,Patlama yolu,bahcivan,standart,102,kırılma,21,Akıcı Kesim - 1,3,260,Gold
3,Patlama yolu,bahcivan,standart,102,kırılma,21,Demir Hasat - 3,1,65,Gold
3,Patlama yolu,bahcivan,standart,102,kırılma,21,Hasat Rekoru - 1,3,290,Gold
3,Patlama yolu,bahcivan,standart,102,kırılma,21,Geniş Süpürüş - 3,2,60,Gold
3,Patlama yolu,bahcivan,standart,102,kırılma,21,Grid Genişleme II,1,100,Stone
3,Patlama yolu,bahcivan,standart,102,kırılma,21,Verimli Üretim - 1,2,260,Iron
3,Patlama yolu,bahcivan,standart,102,kırılma,21,Geniş Süpürüş - 4,1,65,Gold
3,Patlama yolu,bahcivan,standart,102,kırılma,22,Güçlü Kesim - 2,2,270,Gold
3,Patlama yolu,bahcivan,standart,102,kırılma,22,Nadir Filizler - 1,2,300,Iron
3,Patlama yolu,bahcivan,standart,102,kırılma,22,Taş Hasat - 2,1,65,Iron
3,Patlama yolu,bahcivan,standart,102,kırılma,23,Altın Hasat II - 1,2,240,Gold
3,Patlama yolu,bahcivan,standart,102,kırılma,23,Akıcı Kesim - 2,1,310,Gold
3,Patlama yolu,bahcivan,standart,102,kırılma,23,Geniş Tarama - 1,1,160,Gold
3,Patlama yolu,bahcivan,standart,102,kırılma,23,Kesim Ustalığı - 1,1,560,Iron
3,Patlama yolu,bahcivan,standart,102,kırılma,23,Demir Hasat - 3,2,70,Gold
3,Patlama yolu,bahcivan,standart,102,kırılma,23,Güçlü Kesim - 3,1,300,Gold
3,Patlama yolu,bahcivan,standart,102,kırılma,23,Altın Hasat II - 1,3,290,Gold
3,Patlama yolu,bahcivan,standart,102,kırılma,24,Hasat Rekoru - 2,1,350,Gold
3,Patlama yolu,bahcivan,standart,102,kırılma,24,Akıcı Kesim - 2,2,360,Gold
3,Patlama yolu,bahcivan,standart,102,kırılma,24,Verimli Üretim - 1,3,320,Iron
3,Patlama yolu,bahcivan,standart,102,kırılma,24,Geniş Süpürüş - 4,2,70,Gold
3,Patlama yolu,bahcivan,standart,102,kırılma,24,Geniş Tarama - 1,2,210,Gold
3,Patlama yolu,bahcivan,standart,102,kırılma,24,Demir Hasat - 4,1,80,Gold
3,Patlama yolu,bahcivan,standart,102,kırılma,24,Güçlü Kesim - 3,2,340,Gold
3,Patlama yolu,bahcivan,standart,102,kırılma,24,Taş Hasat - 2,2,80,Iron
3,Patlama yolu,bahcivan,standart,102,kırılma,24,Zengin Cevher - 1,1,50,Stone
3,Patlama yolu,bahcivan,standart,102,kırılma,25,Kesim Ustalığı - 1,2,720,Iron
3,Patlama yolu,bahcivan,standart,102,kırılma,25,Altın Hasat II - 2,1,350,Gold
3,Patlama yolu,bahcivan,standart,102,kırılma,25,Akıcı Kesim - 3,1,400,Gold
3,Patlama yolu,bahcivan,standart,102,kırılma,25,Geniş Tarama - 1,3,260,Gold
3,Patlama yolu,bahcivan,standart,102,kırılma,25,Hasat Deneyimi II - 1,1,450,Gold
3,Patlama yolu,bahcivan,standart,102,kırılma,25,Demir Hasat - 4,2,85,Gold
3,Patlama yolu,bahcivan,standart,102,kırılma,26,Nadir Filizler - 1,3,360,Iron
3,Patlama yolu,bahcivan,standart,102,kırılma,26,Hasat Rekoru - 2,2,400,Gold
3,Patlama yolu,bahcivan,standart,102,kırılma,26,Güçlü Kesim - 4,1,380,Gold
3,Patlama yolu,bahcivan,standart,102,kırılma,26,Altın Hasat II - 2,2,400,Gold
3,Patlama yolu,bahcivan,standart,102,kırılma,26,Taş Hasat - 3,1,90,Iron
3,Patlama yolu,bahcivan,standart,102,kırılma,26,Akıcı Kesim - 3,2,450,Gold
3,Patlama yolu,bahcivan,standart,102,kırılma,26,Geniş Tarama - 2,1,310,Gold
3,Patlama yolu,bahcivan,standart,102,kırılma,26,Kritik Odak - 1,1,150,Gold
3,Patlama yolu,bahcivan,standart,102,kırılma,27,İkinci Vazgeçiş,1,800,Iron
3,Patlama yolu,bahcivan,standart,102,kırılma,27,Verimli Üretim - 2,1,380,Iron
3,Patlama yolu,bahcivan,standart,102,kırılma,27,Ağır Kesim - 1,1,1200,Gold
3,Patlama yolu,bahcivan,standart,102,kırılma,27,Kart Sezgisi - 1,1,710,Gold
3,Patlama yolu,bahcivan,standart,102,kırılma,27,Altın Hasat II - 3,1,450,Gold
3,Patlama yolu,bahcivan,standart,102,kırılma,27,Zengin Cevher - 1,2,65,Stone
3,Patlama yolu,bahcivan,standart,102,kırılma,27,Taş Hasat - 3,2,100,Iron
3,Patlama yolu,bahcivan,standart,102,kırılma,28,Kesim Ustalığı - 1,3,890,Iron
3,Patlama yolu,bahcivan,standart,102,kırılma,28,Nadir Filizler - 2,1,430,Iron
3,Patlama yolu,bahcivan,standart,102,kırılma,28,Verimli Üretim - 2,2,440,Iron
3,Patlama yolu,bahcivan,standart,102,kırılma,28,Hasat Deneyimi II - 1,2,590,Gold
3,Patlama yolu,bahcivan,standart,102,kırılma,28,Güçlü Kesim - 4,2,410,Gold
3,Patlama yolu,bahcivan,standart,102,kırılma,28,Ağır Kesim - 1,2,1600,Gold
3,Patlama yolu,bahcivan,standart,102,kırılma,29,Kesim Ustalığı - 2,1,1100,Iron
3,Patlama yolu,bahcivan,standart,102,kırılma,29,Hasat Rekoru - 3,1,450,Gold
3,Patlama yolu,bahcivan,standart,102,kırılma,29,Akıcı Kesim - 4,1,500,Gold
3,Patlama yolu,bahcivan,standart,102,kırılma,29,Geniş Tarama - 2,2,360,Gold
3,Patlama yolu,bahcivan,standart,102,kırılma,29,Hasat Deneyimi II - 1,3,730,Gold
3,Patlama yolu,bahcivan,standart,102,kırılma,29,Altın Hasat II - 3,2,510,Gold
3,Patlama yolu,bahcivan,standart,102,kırılma,29,Kritik Odak - 1,2,195,Gold
3,Patlama yolu,bahcivan,standart,102,kırılma,29,Zengin Cevher - 1,3,80,Stone
3,Patlama yolu,bahcivan,standart,102,kırılma,29,Taş Hasat - 4,1,110,Iron
3,Patlama yolu,bahcivan,standart,102,kırılma,30,Nadir Filizler - 2,2,500,Iron
3,Patlama yolu,bahcivan,standart,102,kırılma,30,Verimli Üretim - 3,1,510,Iron
3,Patlama yolu,bahcivan,standart,102,kırılma,30,Kart Sezgisi - 1,2,920,Gold
3,Patlama yolu,bahcivan,standart,102,kırılma,30,Akıcı Kesim - 4,2,550,Gold
3,Patlama yolu,bahcivan,standart,102,kırılma,30,Geniş Tarama - 3,1,400,Gold
3,Patlama yolu,bahcivan,standart,102,kırılma,30,Verimli Üretim - 3,2,570,Iron
3,Patlama yolu,bahcivan,standart,102,kırılma,30,Hasat Rekoru - 3,2,510,Gold
3,Patlama yolu,bahcivan,standart,102,kırılma,31,Ağır Kesim - 1,3,1900,Gold
3,Patlama yolu,bahcivan,standart,102,kırılma,31,Kesim Ustalığı - 2,2,1200,Iron
3,Patlama yolu,bahcivan,standart,102,kırılma,31,Hasat Deneyimi II - 2,1,860,Gold
3,Patlama yolu,bahcivan,standart,102,kırılma,31,Altın Hasat II - 4,1,560,Gold
3,Patlama yolu,bahcivan,standart,102,kırılma,31,Kritik Odak - 1,3,240,Gold
3,Patlama yolu,bahcivan,standart,102,kırılma,31,Zengin Cevher - 2,1,95,Stone
3,Patlama yolu,bahcivan,standart,102,kırılma,31,Taş Hasat - 4,2,120,Iron
3,Patlama yolu,bahcivan,standart,102,kırılma,32,Nadir Filizler - 3,1,570,Iron
3,Patlama yolu,bahcivan,standart,102,kırılma,32,Kart Sezgisi - 1,3,1100,Gold
3,Patlama yolu,bahcivan,standart,102,kırılma,32,Ağır Kesim - 2,1,2300,Gold
3,Patlama yolu,bahcivan,standart,102,kırılma,32,Geniş Tarama - 3,2,450,Gold
3,Patlama yolu,bahcivan,standart,102,kırılma,32,Kesim Ustalığı - 3,1,1400,Iron
3,Patlama yolu,bahcivan,standart,102,kırılma,33,Hasat Deneyimi II - 2,2,1000,Gold
3,Patlama yolu,bahcivan,standart,102,kırılma,33,Verimli Üretim - 4,1,630,Iron
3,Patlama yolu,bahcivan,standart,102,kırılma,33,Altın Hasat II - 4,2,620,Gold
3,Patlama yolu,bahcivan,standart,102,kırılma,33,Kritik Odak - 2,1,290,Gold
3,Patlama yolu,bahcivan,standart,102,kırılma,33,Kart Sezgisi - 2,1,1300,Gold
3,Patlama yolu,bahcivan,standart,102,kırılma,33,Nadir Filizler - 3,2,640,Iron
3,Patlama yolu,bahcivan,standart,102,kırılma,33,Zengin Cevher - 2,2,110,Stone
3,Patlama yolu,bahcivan,standart,102,kırılma,33,Hasat Rekoru - 4,1,560,Gold
3,Patlama yolu,bahcivan,standart,102,kırılma,34,Ağır Kesim - 2,2,2700,Gold
3,Patlama yolu,bahcivan,standart,102,kırılma,34,Geniş Tarama - 4,1,500,Gold
3,Patlama yolu,bahcivan,standart,102,kırılma,34,Kesim Ustalığı - 3,2,1600,Iron
3,Patlama yolu,bahcivan,standart,102,kırılma,34,Verimli Üretim - 4,2,690,Iron
3,Patlama yolu,bahcivan,standart,102,kırılma,35,Hasat Deneyimi II - 3,1,1100,Gold
3,Patlama yolu,bahcivan,standart,102,kırılma,35,Kritik Odak - 2,2,330,Gold
3,Patlama yolu,bahcivan,standart,102,kırılma,35,Zengin Cevher - 3,1,125,Stone
3,Patlama yolu,bahcivan,standart,102,kırılma,35,Geniş Tarama - 4,2,550,Gold
3,Patlama yolu,bahcivan,standart,102,kırılma,35,Kart Sezgisi - 2,2,1600,Gold
3,Patlama yolu,bahcivan,standart,102,kırılma,36,Ağır Kesim - 3,1,3000,Gold
3,Patlama yolu,bahcivan,standart,102,kırılma,36,Nadir Filizler - 4,1,700,Iron
3,Patlama yolu,bahcivan,standart,102,kırılma,36,Hasat Deneyimi II - 3,2,1300,Gold
3,Patlama yolu,bahcivan,standart,102,kırılma,37,Hasat Rekoru - 4,2,620,Gold
3,Patlama yolu,bahcivan,standart,102,kırılma,37,Kesim Ustalığı - 4,1,1700,Iron
3,Patlama yolu,bahcivan,standart,102,kırılma,37,Kritik Odak - 3,1,380,Gold
3,Patlama yolu,bahcivan,standart,102,kırılma,37,Zengin Cevher - 3,2,140,Stone
3,Patlama yolu,bahcivan,standart,102,kırılma,38,Ağır Kesim - 3,2,3400,Gold
3,Patlama yolu,bahcivan,standart,102,kırılma,38,Kart Sezgisi - 3,1,1800,Gold
3,Patlama yolu,bahcivan,standart,102,kırılma,38,Hasat Deneyimi II - 4,1,1400,Gold
3,Patlama yolu,bahcivan,standart,102,kırılma,38,Nadir Filizler - 4,2,770,Iron
3,Patlama yolu,bahcivan,standart,102,kırılma,39,Kritik Odak - 3,2,420,Gold
3,Patlama yolu,bahcivan,standart,102,kırılma,39,Zengin Cevher - 4,1,155,Stone
3,Patlama yolu,bahcivan,standart,102,kırılma,39,Kesim Ustalığı - 4,2,1900,Iron
3,Patlama yolu,bahcivan,standart,102,kırılma,40,Ağır Kesim - 4,1,3800,Gold
3,Patlama yolu,bahcivan,standart,102,kırılma,40,Hasat Deneyimi II - 4,2,1500,Gold
3,Patlama yolu,bahcivan,standart,102,kırılma,40,Kart Sezgisi - 3,2,2000,Gold
3,Patlama yolu,bahcivan,standart,102,kırılma,40,Kritik Güç - 1,1,150,Stone
3,Patlama yolu,bahcivan,standart,102,kırılma,41,Kritik Odak - 4,1,470,Gold
3,Patlama yolu,bahcivan,standart,102,kırılma,41,Grid Genişleme II,2,1800,Stone
3,Patlama yolu,bahcivan,standart,102,kırılma,41,Zengin Cevher - 4,2,170,Stone
3,Patlama yolu,bahcivan,standart,102,kırılma,42,Ağır Kesim - 4,2,4100,Gold
3,Patlama yolu,bahcivan,standart,102,kırılma,42,Kritik Güç - 1,2,195,Stone
3,Patlama yolu,bahcivan,standart,102,kırılma,43,Kart Sezgisi - 4,1,2200,Gold
3,Patlama yolu,bahcivan,standart,102,kırılma,43,Kritik Odak - 4,2,520,Gold
3,Patlama yolu,bahcivan,standart,102,kırılma,44,Kritik Güç - 1,3,240,Stone
3,Patlama yolu,bahcivan,standart,102,kırılma,45,Kart Sezgisi - 4,2,2400,Gold
3,Patlama yolu,bahcivan,standart,102,kırılma,46,Kritik Güç - 2,1,290,Stone
3,Patlama yolu,bahcivan,standart,102,kırılma,48,Kritik Güç - 2,2,330,Stone
4,Patlama yolu,bahcivan,standart,103,kırılma,2,Keskin Başlangıç - 1,1,5,Gold
4,Patlama yolu,bahcivan,standart,103,kırılma,2,Keskin Başlangıç - 1,2,7,Gold
4,Patlama yolu,bahcivan,standart,103,kırılma,2,Altın Hasat I - 1,1,7,Gold
4,Patlama yolu,bahcivan,standart,103,kırılma,2,Düzenli Üretim - 1,1,6,Gold
4,Patlama yolu,bahcivan,standart,103,kırılma,4,Keskin Başlangıç - 1,3,8,Gold
4,Patlama yolu,bahcivan,standart,103,kırılma,4,Hızlı Eller - 1,1,7,Gold
4,Patlama yolu,bahcivan,standart,103,kırılma,4,Hasat Deneyimi I - 1,1,6,Gold
4,Patlama yolu,bahcivan,standart,103,kırılma,5,Grid Genişleme I,1,30,Gold
4,Patlama yolu,bahcivan,standart,103,kırılma,6,Altın Hasat I - 1,2,9,Gold
4,Patlama yolu,bahcivan,standart,103,kırılma,6,Keskin Başlangıç - 2,1,10,Gold
4,Patlama yolu,bahcivan,standart,103,kırılma,6,Düzenli Üretim - 1,2,8,Gold
4,Patlama yolu,bahcivan,standart,103,kırılma,7,Hızlı Eller - 1,2,9,Gold
4,Patlama yolu,bahcivan,standart,103,kırılma,7,Keskin Başlangıç - 2,2,11,Gold
4,Patlama yolu,bahcivan,standart,103,kırılma,7,Altın Hasat I - 1,3,11,Gold
4,Patlama yolu,bahcivan,standart,103,kırılma,8,1×3 Saksı,1,30,Gold
4,Patlama yolu,bahcivan,standart,103,kırılma,8,Keskin Başlangıç - 3,1,13,Gold
4,Patlama yolu,bahcivan,standart,103,kırılma,9,Düzenli Üretim - 1,3,10,Gold
4,Patlama yolu,bahcivan,standart,103,kırılma,9,Hızlı Eller - 1,3,11,Gold
4,Patlama yolu,bahcivan,standart,103,kırılma,9,Altın Hasat I - 2,1,13,Gold
4,Patlama yolu,bahcivan,standart,103,kırılma,9,Keskin Başlangıç - 3,2,14,Gold
4,Patlama yolu,bahcivan,standart,103,kırılma,10,Kesim Tekniği - 1,1,25,Gold
4,Patlama yolu,bahcivan,standart,103,kırılma,11,Hızlı Eller - 2,1,12,Gold
4,Patlama yolu,bahcivan,standart,103,kırılma,11,Altın Hasat I - 2,2,16,Gold
4,Patlama yolu,bahcivan,standart,103,kırılma,11,Düzenli Üretim - 2,1,12,Gold
4,Patlama yolu,bahcivan,standart,103,kırılma,11,Hasat Deneyimi I - 1,2,8,Gold
4,Patlama yolu,bahcivan,standart,103,kırılma,11,Grid Genişleme I,2,30,Iron
4,Patlama yolu,bahcivan,standart,103,kırılma,12,Keskin Başlangıç - 4,1,16,Gold
4,Patlama yolu,bahcivan,standart,103,kırılma,12,Hızlı Eller - 2,2,14,Gold
4,Patlama yolu,bahcivan,standart,103,kırılma,13,Kesim Tekniği - 1,2,35,Gold
4,Patlama yolu,bahcivan,standart,103,kırılma,13,Altın Hasat I - 3,1,18,Gold
4,Patlama yolu,bahcivan,standart,103,kırılma,13,Keskin Başlangıç - 4,2,17,Gold
4,Patlama yolu,bahcivan,standart,103,kırılma,14,2×2 Saksı,1,80,Gold
4,Patlama yolu,bahcivan,standart,103,kırılma,14,Hasat Deneyimi I - 1,3,10,Gold
4,Patlama yolu,bahcivan,standart,103,kırılma,14,Çifte Hasat Kartları,1,25,Iron
4,Patlama yolu,bahcivan,standart,103,kırılma,15,Düzenli Üretim - 2,2,13,Gold
4,Patlama yolu,bahcivan,standart,103,kırılma,15,Hızlı Eller - 3,1,16,Gold
4,Patlama yolu,bahcivan,standart,103,kırılma,15,Altın Hasat I - 3,2,20,Gold
4,Patlama yolu,bahcivan,standart,103,kırılma,16,Kesim Tekniği - 1,3,40,Gold
4,Patlama yolu,bahcivan,standart,103,kırılma,16,Hasat Deneyimi I - 2,1,12,Gold
4,Patlama yolu,bahcivan,standart,103,kırılma,16,Demir Hasat - 1,1,25,Gold
4,Patlama yolu,bahcivan,standart,103,kırılma,16,Hızlı Eller - 3,2,18,Gold
4,Patlama yolu,bahcivan,standart,103,kırılma,16,Düzenli Üretim - 3,1,15,Gold
4,Patlama yolu,bahcivan,standart,103,kırılma,17,Altın Hasat I - 4,1,22,Gold
4,Patlama yolu,bahcivan,standart,103,kırılma,17,Geniş Süpürüş - 1,1,21,Gold
4,Patlama yolu,bahcivan,standart,103,kırılma,18,Kesim Tekniği - 2,1,50,Gold
4,Patlama yolu,bahcivan,standart,103,kırılma,18,Hasat Deneyimi I - 2,2,14,Gold
4,Patlama yolu,bahcivan,standart,103,kırılma,18,Hızlı Eller - 4,1,20,Gold
4,Patlama yolu,bahcivan,standart,103,kırılma,18,Altın Hasat I - 4,2,24,Gold
4,Patlama yolu,bahcivan,standart,103,kırılma,18,Demir Hasat - 1,2,35,Gold
4,Patlama yolu,bahcivan,standart,103,kırılma,18,Düzenli Üretim - 3,2,17,Gold
4,Patlama yolu,bahcivan,standart,103,kırılma,19,Geniş Süpürüş - 1,2,28,Gold
4,Patlama yolu,bahcivan,standart,103,kırılma,19,Güçlü Kesim - 1,1,120,Gold
4,Patlama yolu,bahcivan,standart,103,kırılma,20,Hızlı Eller - 4,2,22,Gold
4,Patlama yolu,bahcivan,standart,103,kırılma,20,Kesim Tekniği - 2,2,55,Gold
4,Patlama yolu,bahcivan,standart,103,kırılma,20,Hasat Deneyimi I - 3,1,16,Gold
4,Patlama yolu,bahcivan,standart,103,kırılma,20,Düzenli Üretim - 4,1,19,Gold
4,Patlama yolu,bahcivan,standart,103,kırılma,20,Demir Hasat - 1,3,40,Gold
4,Patlama yolu,bahcivan,standart,103,kırılma,20,Taş Hasat - 1,1,35,Iron
4,Patlama yolu,bahcivan,standart,103,kırılma,21,2×3 Saksı,1,200,Gold
4,Patlama yolu,bahcivan,standart,103,kırılma,22,Geniş Süpürüş - 1,3,35,Gold
4,Patlama yolu,bahcivan,standart,103,kırılma,22,İlk Vazgeçiş,1,150,Gold
4,Patlama yolu,bahcivan,standart,103,kırılma,22,Hasat Deneyimi I - 3,2,18,Gold
4,Patlama yolu,bahcivan,standart,103,kırılma,22,Kesim Tekniği - 3,1,65,Gold
4,Patlama yolu,bahcivan,standart,103,kırılma,23,Hasat Rekoru - 1,1,180,Gold
4,Patlama yolu,bahcivan,standart,103,kırılma,23,Düzenli Üretim - 4,2,21,Gold
4,Patlama yolu,bahcivan,standart,103,kırılma,23,Geniş Süpürüş - 2,1,40,Gold
4,Patlama yolu,bahcivan,standart,103,kırılma,23,Hasat Deneyimi I - 4,1,20,Gold
4,Patlama yolu,bahcivan,standart,103,kırılma,23,Hasat Deneyimi I - 4,2,21,Gold
4,Patlama yolu,bahcivan,standart,103,kırılma,23,Taş Hasat - 1,2,45,Iron
4,Patlama yolu,bahcivan,standart,103,kırılma,24,Güçlü Kesim - 1,2,160,Gold
4,Patlama yolu,bahcivan,standart,103,kırılma,24,Akıcı Kesim - 1,1,160,Gold
4,Patlama yolu,bahcivan,standart,103,kırılma,24,Verimli Üretim - 1,1,200,Iron
4,Patlama yolu,bahcivan,standart,103,kırılma,25,Kesim Tekniği - 3,2,70,Gold
4,Patlama yolu,bahcivan,standart,103,kırılma,25,Demir Hasat - 2,1,50,Gold
4,Patlama yolu,bahcivan,standart,103,kırılma,25,Geniş Süpürüş - 2,2,45,Gold
4,Patlama yolu,bahcivan,standart,103,kırılma,25,Taş Hasat - 1,3,55,Iron
4,Patlama yolu,bahcivan,standart,103,kırılma,26,Güçlü Kesim - 1,3,195,Gold
4,Patlama yolu,bahcivan,standart,103,kırılma,27,Akıcı Kesim - 1,2,210,Gold
4,Patlama yolu,bahcivan,standart,103,kırılma,27,Hasat Rekoru - 1,2,240,Gold
4,Patlama yolu,bahcivan,standart,103,kırılma,27,Kesim Tekniği - 4,1,80,Gold
4,Patlama yolu,bahcivan,standart,103,kırılma,27,Nadir Filizler - 1,1,230,Iron
4,Patlama yolu,bahcivan,standart,103,kırılma,27,Grid Genişleme II,1,100,Stone
4,Patlama yolu,bahcivan,standart,103,kırılma,27,Taş Hasat - 2,1,65,Iron
4,Patlama yolu,bahcivan,standart,103,kırılma,28,Demir Hasat - 2,2,55,Gold
4,Patlama yolu,bahcivan,standart,103,kırılma,28,Güçlü Kesim - 2,1,230,Gold
4,Patlama yolu,bahcivan,standart,103,kırılma,28,Verimli Üretim - 1,2,260,Iron
4,Patlama yolu,bahcivan,standart,103,kırılma,29,Geniş Süpürüş - 3,1,55,Gold
4,Patlama yolu,bahcivan,standart,103,kırılma,29,Altın Hasat II - 1,1,180,Gold
4,Patlama yolu,bahcivan,standart,103,kırılma,29,Kesim Tekniği - 4,2,85,Gold
4,Patlama yolu,bahcivan,standart,103,kırılma,29,Nadir Filizler - 1,2,300,Iron
4,Patlama yolu,bahcivan,standart,103,kırılma,30,Akıcı Kesim - 1,3,260,Gold
4,Patlama yolu,bahcivan,standart,103,kırılma,30,Taş Hasat - 2,2,80,Iron
4,Patlama yolu,bahcivan,standart,103,kırılma,30,Zengin Cevher - 1,1,50,Stone
4,Patlama yolu,bahcivan,standart,103,kırılma,30,Taş Hasat - 3,1,90,Iron
4,Patlama yolu,bahcivan,standart,103,kırılma,30,Taş Hasat - 3,2,100,Iron
4,Patlama yolu,bahcivan,standart,103,kırılma,31,Demir Hasat - 3,1,65,Gold
4,Patlama yolu,bahcivan,standart,103,kırılma,31,Hasat Rekoru - 1,3,290,Gold
4,Patlama yolu,bahcivan,standart,103,kırılma,31,Geniş Süpürüş - 3,2,60,Gold
4,Patlama yolu,bahcivan,standart,103,kırılma,31,Geniş Süpürüş - 4,1,65,Gold
4,Patlama yolu,bahcivan,standart,103,kırılma,31,Zengin Cevher - 1,2,65,Stone
4,Patlama yolu,bahcivan,standart,103,kırılma,31,Taş Hasat - 4,1,110,Iron
4,Patlama yolu,bahcivan,standart,103,kırılma,31,Taş Hasat - 4,2,120,Iron
4,Patlama yolu,bahcivan,standart,103,kırılma,32,Güçlü Kesim - 2,2,270,Gold
4,Patlama yolu,bahcivan,standart,103,kırılma,32,Altın Hasat II - 1,2,240,Gold
4,Patlama yolu,bahcivan,standart,103,kırılma,32,Demir Hasat - 3,2,70,Gold
4,Patlama yolu,bahcivan,standart,103,kırılma,32,Geniş Süpürüş - 4,2,70,Gold
4,Patlama yolu,bahcivan,standart,103,kırılma,32,Zengin Cevher - 1,3,80,Stone
4,Patlama yolu,bahcivan,standart,103,kırılma,33,Akıcı Kesim - 2,1,310,Gold
4,Patlama yolu,bahcivan,standart,103,kırılma,33,Geniş Tarama - 1,1,160,Gold
4,Patlama yolu,bahcivan,standart,103,kırılma,33,Kesim Ustalığı - 1,1,560,Iron
4,Patlama yolu,bahcivan,standart,103,kırılma,33,Zengin Cevher - 2,1,95,Stone
4,Patlama yolu,bahcivan,standart,103,kırılma,33,Zengin Cevher - 2,2,110,Stone
4,Patlama yolu,bahcivan,standart,103,kırılma,34,Güçlü Kesim - 3,1,300,Gold
4,Patlama yolu,bahcivan,standart,103,kırılma,34,Altın Hasat II - 1,3,290,Gold
4,Patlama yolu,bahcivan,standart,103,kırılma,34,Verimli Üretim - 1,3,320,Iron
4,Patlama yolu,bahcivan,standart,103,kırılma,34,Demir Hasat - 4,1,80,Gold
4,Patlama yolu,bahcivan,standart,103,kırılma,34,Demir Hasat - 4,2,85,Gold
4,Patlama yolu,bahcivan,standart,103,kırılma,35,Hasat Rekoru - 2,1,350,Gold
4,Patlama yolu,bahcivan,standart,103,kırılma,35,Zengin Cevher - 3,1,125,Stone
4,Patlama yolu,bahcivan,standart,103,kırılma,36,Akıcı Kesim - 2,2,360,Gold
4,Patlama yolu,bahcivan,standart,103,kırılma,36,Geniş Tarama - 1,2,210,Gold
4,Patlama yolu,bahcivan,standart,103,kırılma,36,Kesim Ustalığı - 1,2,720,Iron
4,Patlama yolu,bahcivan,standart,103,kırılma,36,Güçlü Kesim - 3,2,340,Gold
4,Patlama yolu,bahcivan,standart,103,kırılma,37,Nadir Filizler - 1,3,360,Iron
4,Patlama yolu,bahcivan,standart,103,kırılma,37,Altın Hasat II - 2,1,350,Gold
4,Patlama yolu,bahcivan,standart,103,kırılma,37,Akıcı Kesim - 3,1,400,Gold
4,Patlama yolu,bahcivan,standart,103,kırılma,37,Zengin Cevher - 3,2,140,Stone
4,Patlama yolu,bahcivan,standart,103,kırılma,38,İkinci Vazgeçiş,1,800,Iron
4,Patlama yolu,bahcivan,standart,103,kırılma,38,Geniş Tarama - 1,3,260,Gold
4,Patlama yolu,bahcivan,standart,103,kırılma,38,Hasat Deneyimi II - 1,1,450,Gold
4,Patlama yolu,bahcivan,standart,103,kırılma,38,Hasat Rekoru - 2,2,400,Gold
4,Patlama yolu,bahcivan,standart,103,kırılma,39,Verimli Üretim - 2,1,380,Iron
4,Patlama yolu,bahcivan,standart,103,kırılma,39,Güçlü Kesim - 4,1,380,Gold
4,Patlama yolu,bahcivan,standart,103,kırılma,39,Altın Hasat II - 2,2,400,Gold
4,Patlama yolu,bahcivan,standart,103,kırılma,39,Zengin Cevher - 4,1,155,Stone
4,Patlama yolu,bahcivan,standart,103,kırılma,40,Kesim Ustalığı - 1,3,890,Iron
4,Patlama yolu,bahcivan,standart,103,kırılma,40,Kritik Odak - 1,1,150,Gold
4,Patlama yolu,bahcivan,standart,103,kırılma,40,Kritik Odak - 1,2,195,Gold
4,Patlama yolu,bahcivan,standart,103,kırılma,40,Kritik Odak - 1,3,240,Gold
4,Patlama yolu,bahcivan,standart,103,kırılma,40,Kritik Güç - 1,1,150,Stone
4,Patlama yolu,bahcivan,standart,103,kırılma,41,Nadir Filizler - 2,1,430,Iron
4,Patlama yolu,bahcivan,standart,103,kırılma,41,Kritik Odak - 2,1,290,Gold
4,Patlama yolu,bahcivan,standart,103,kırılma,41,Zengin Cevher - 4,2,170,Stone
4,Patlama yolu,bahcivan,standart,103,kırılma,42,Ağır Kesim - 1,1,1200,Gold
4,Patlama yolu,bahcivan,standart,103,kırılma,42,Verimli Üretim - 2,2,440,Iron
4,Patlama yolu,bahcivan,standart,103,kırılma,42,Kritik Güç - 1,2,195,Stone
4,Patlama yolu,bahcivan,standart,103,kırılma,43,Akıcı Kesim - 3,2,450,Gold
4,Patlama yolu,bahcivan,standart,103,kırılma,43,Geniş Tarama - 2,1,310,Gold
4,Patlama yolu,bahcivan,standart,103,kırılma,43,Kart Sezgisi - 1,1,710,Gold
4,Patlama yolu,bahcivan,standart,103,kırılma,43,Kesim Ustalığı - 2,1,1100,Iron
4,Patlama yolu,bahcivan,standart,103,kırılma,43,Nadir Filizler - 2,2,500,Iron
4,Patlama yolu,bahcivan,standart,103,kırılma,44,Hasat Deneyimi II - 1,2,590,Gold
4,Patlama yolu,bahcivan,standart,103,kırılma,44,Altın Hasat II - 3,1,450,Gold
4,Patlama yolu,bahcivan,standart,103,kırılma,44,Güçlü Kesim - 4,2,410,Gold
4,Patlama yolu,bahcivan,standart,103,kırılma,44,Verimli Üretim - 3,1,510,Iron
4,Patlama yolu,bahcivan,standart,103,kırılma,44,Kritik Güç - 1,3,240,Stone
4,Patlama yolu,bahcivan,standart,103,kırılma,45,Geniş Tarama - 2,2,360,Gold
4,Patlama yolu,bahcivan,standart,103,kırılma,45,Geniş Tarama - 3,1,400,Gold
4,Patlama yolu,bahcivan,standart,103,kırılma,45,Kesim Ustalığı - 2,2,1200,Iron
4,Patlama yolu,bahcivan,standart,103,kırılma,45,Verimli Üretim - 3,2,570,Iron
4,Patlama yolu,bahcivan,standart,103,kırılma,45,Kritik Odak - 2,2,330,Gold
4,Patlama yolu,bahcivan,standart,103,kırılma,45,Kritik Odak - 3,1,380,Gold
4,Patlama yolu,bahcivan,standart,103,kırılma,46,Ağır Kesim - 1,2,1600,Gold
4,Patlama yolu,bahcivan,standart,103,kırılma,46,Nadir Filizler - 3,1,570,Iron
4,Patlama yolu,bahcivan,standart,103,kırılma,46,Grid Genişleme II,2,1800,Stone
4,Patlama yolu,bahcivan,standart,103,kırılma,46,Kritik Güç - 2,1,290,Stone
4,Patlama yolu,bahcivan,standart,103,kırılma,47,Hasat Rekoru - 3,1,450,Gold
4,Patlama yolu,bahcivan,standart,103,kırılma,47,Akıcı Kesim - 4,1,500,Gold
4,Patlama yolu,bahcivan,standart,103,kırılma,47,Hasat Deneyimi II - 1,3,730,Gold
4,Patlama yolu,bahcivan,standart,103,kırılma,47,Kesim Ustalığı - 3,1,1400,Iron
4,Patlama yolu,bahcivan,standart,103,kırılma,48,Kart Sezgisi - 1,2,920,Gold
4,Patlama yolu,bahcivan,standart,103,kırılma,48,Altın Hasat II - 3,2,510,Gold
4,Patlama yolu,bahcivan,standart,103,kırılma,48,Geniş Tarama - 3,2,450,Gold
4,Patlama yolu,bahcivan,standart,103,kırılma,48,Verimli Üretim - 4,1,630,Iron
4,Patlama yolu,bahcivan,standart,103,kırılma,48,Nadir Filizler - 3,2,640,Iron
4,Patlama yolu,bahcivan,standart,103,kırılma,48,Kritik Odak - 3,2,420,Gold
4,Patlama yolu,bahcivan,standart,103,kırılma,48,Kritik Güç - 2,2,330,Stone
4,Patlama yolu,bahcivan,standart,103,kırılma,49,Ağır Kesim - 1,3,1900,Gold
4,Patlama yolu,bahcivan,standart,103,kırılma,49,Kesim Ustalığı - 3,2,1600,Iron
5,Patlama yolu,bahcivan,standart,104,kırılma,1,Keskin Başlangıç - 1,1,5,Gold
5,Patlama yolu,bahcivan,standart,104,kırılma,2,Keskin Başlangıç - 1,2,7,Gold
5,Patlama yolu,bahcivan,standart,104,kırılma,3,Altın Hasat I - 1,1,7,Gold
5,Patlama yolu,bahcivan,standart,104,kırılma,4,Düzenli Üretim - 1,1,6,Gold
5,Patlama yolu,bahcivan,standart,104,kırılma,4,Keskin Başlangıç - 1,3,8,Gold
5,Patlama yolu,bahcivan,standart,104,kırılma,4,Hızlı Eller - 1,1,7,Gold
5,Patlama yolu,bahcivan,standart,104,kırılma,4,Hasat Deneyimi I - 1,1,6,Gold
5,Patlama yolu,bahcivan,standart,104,kırılma,5,Grid Genişleme I,1,30,Gold
5,Patlama yolu,bahcivan,standart,104,kırılma,5,Altın Hasat I - 1,2,9,Gold
5,Patlama yolu,bahcivan,standart,104,kırılma,5,Keskin Başlangıç - 2,1,10,Gold
5,Patlama yolu,bahcivan,standart,104,kırılma,7,Düzenli Üretim - 1,2,8,Gold
5,Patlama yolu,bahcivan,standart,104,kırılma,7,Hızlı Eller - 1,2,9,Gold
5,Patlama yolu,bahcivan,standart,104,kırılma,7,Keskin Başlangıç - 2,2,11,Gold
5,Patlama yolu,bahcivan,standart,104,kırılma,8,Altın Hasat I - 1,3,11,Gold
5,Patlama yolu,bahcivan,standart,104,kırılma,8,1×3 Saksı,1,30,Gold
5,Patlama yolu,bahcivan,standart,104,kırılma,8,Keskin Başlangıç - 3,1,13,Gold
5,Patlama yolu,bahcivan,standart,104,kırılma,9,Düzenli Üretim - 1,3,10,Gold
5,Patlama yolu,bahcivan,standart,104,kırılma,9,Hızlı Eller - 1,3,11,Gold
5,Patlama yolu,bahcivan,standart,104,kırılma,9,Altın Hasat I - 2,1,13,Gold
5,Patlama yolu,bahcivan,standart,104,kırılma,9,Keskin Başlangıç - 3,2,14,Gold
5,Patlama yolu,bahcivan,standart,104,kırılma,11,Kesim Tekniği - 1,1,25,Gold
5,Patlama yolu,bahcivan,standart,104,kırılma,11,Hızlı Eller - 2,1,12,Gold
5,Patlama yolu,bahcivan,standart,104,kırılma,11,Altın Hasat I - 2,2,16,Gold
5,Patlama yolu,bahcivan,standart,104,kırılma,11,Grid Genişleme I,2,30,Iron
5,Patlama yolu,bahcivan,standart,104,kırılma,12,Düzenli Üretim - 2,1,12,Gold
5,Patlama yolu,bahcivan,standart,104,kırılma,12,Hasat Deneyimi I - 1,2,8,Gold
5,Patlama yolu,bahcivan,standart,104,kırılma,12,Keskin Başlangıç - 4,1,16,Gold
5,Patlama yolu,bahcivan,standart,104,kırılma,12,Hızlı Eller - 2,2,14,Gold
5,Patlama yolu,bahcivan,standart,104,kırılma,13,Kesim Tekniği - 1,2,35,Gold
5,Patlama yolu,bahcivan,standart,104,kırılma,13,Altın Hasat I - 3,1,18,Gold
5,Patlama yolu,bahcivan,standart,104,kırılma,13,Keskin Başlangıç - 4,2,17,Gold
5,Patlama yolu,bahcivan,standart,104,kırılma,14,2×2 Saksı,1,80,Gold
5,Patlama yolu,bahcivan,standart,104,kırılma,14,Hasat Deneyimi I - 1,3,10,Gold
5,Patlama yolu,bahcivan,standart,104,kırılma,14,Çifte Hasat Kartları,1,25,Iron
5,Patlama yolu,bahcivan,standart,104,kırılma,15,Düzenli Üretim - 2,2,13,Gold
5,Patlama yolu,bahcivan,standart,104,kırılma,15,Hızlı Eller - 3,1,16,Gold
5,Patlama yolu,bahcivan,standart,104,kırılma,15,Altın Hasat I - 3,2,20,Gold
5,Patlama yolu,bahcivan,standart,104,kırılma,15,Kesim Tekniği - 1,3,40,Gold
5,Patlama yolu,bahcivan,standart,104,kırılma,15,Hasat Deneyimi I - 2,1,12,Gold
5,Patlama yolu,bahcivan,standart,104,kırılma,16,Demir Hasat - 1,1,25,Gold
5,Patlama yolu,bahcivan,standart,104,kırılma,16,Hızlı Eller - 3,2,18,Gold
5,Patlama yolu,bahcivan,standart,104,kırılma,16,Düzenli Üretim - 3,1,15,Gold
5,Patlama yolu,bahcivan,standart,104,kırılma,16,Altın Hasat I - 4,1,22,Gold
5,Patlama yolu,bahcivan,standart,104,kırılma,16,Geniş Süpürüş - 1,1,21,Gold
5,Patlama yolu,bahcivan,standart,104,kırılma,16,Kesim Tekniği - 2,1,50,Gold
5,Patlama yolu,bahcivan,standart,104,kırılma,16,Hasat Deneyimi I - 2,2,14,Gold
5,Patlama yolu,bahcivan,standart,104,kırılma,16,Hızlı Eller - 4,1,20,Gold
5,Patlama yolu,bahcivan,standart,104,kırılma,16,Altın Hasat I - 4,2,24,Gold
5,Patlama yolu,bahcivan,standart,104,kırılma,16,Demir Hasat - 1,2,35,Gold
5,Patlama yolu,bahcivan,standart,104,kırılma,17,Düzenli Üretim - 3,2,17,Gold
5,Patlama yolu,bahcivan,standart,104,kırılma,17,Geniş Süpürüş - 1,2,28,Gold
5,Patlama yolu,bahcivan,standart,104,kırılma,17,Hızlı Eller - 4,2,22,Gold
5,Patlama yolu,bahcivan,standart,104,kırılma,17,Hasat Deneyimi I - 3,1,16,Gold
5,Patlama yolu,bahcivan,standart,104,kırılma,17,Düzenli Üretim - 4,1,19,Gold
5,Patlama yolu,bahcivan,standart,104,kırılma,17,Hasat Deneyimi I - 3,2,18,Gold
5,Patlama yolu,bahcivan,standart,104,kırılma,18,Güçlü Kesim - 1,1,120,Gold
5,Patlama yolu,bahcivan,standart,104,kırılma,18,Kesim Tekniği - 2,2,55,Gold
5,Patlama yolu,bahcivan,standart,104,kırılma,18,Demir Hasat - 1,3,40,Gold
5,Patlama yolu,bahcivan,standart,104,kırılma,18,Düzenli Üretim - 4,2,21,Gold
5,Patlama yolu,bahcivan,standart,104,kırılma,18,Taş Hasat - 1,1,35,Iron
5,Patlama yolu,bahcivan,standart,104,kırılma,18,Taş Hasat - 1,2,45,Iron
5,Patlama yolu,bahcivan,standart,104,kırılma,19,Geniş Süpürüş - 1,3,35,Gold
5,Patlama yolu,bahcivan,standart,104,kırılma,19,Geniş Süpürüş - 2,1,40,Gold
5,Patlama yolu,bahcivan,standart,104,kırılma,19,Hasat Deneyimi I - 4,1,20,Gold
5,Patlama yolu,bahcivan,standart,104,kırılma,19,Demir Hasat - 2,1,50,Gold
5,Patlama yolu,bahcivan,standart,104,kırılma,19,Hasat Deneyimi I - 4,2,21,Gold
5,Patlama yolu,bahcivan,standart,104,kırılma,20,2×3 Saksı,1,200,Gold
5,Patlama yolu,bahcivan,standart,104,kırılma,21,İlk Vazgeçiş,1,150,Gold
5,Patlama yolu,bahcivan,standart,104,kırılma,21,Kesim Tekniği - 3,1,65,Gold
5,Patlama yolu,bahcivan,standart,104,kırılma,21,Hasat Rekoru - 1,1,180,Gold
5,Patlama yolu,bahcivan,standart,104,kırılma,21,Verimli Üretim - 1,1,200,Iron
5,Patlama yolu,bahcivan,standart,104,kırılma,21,Taş Hasat - 1,3,55,Iron
5,Patlama yolu,bahcivan,standart,104,kırılma,22,Güçlü Kesim - 1,2,160,Gold
5,Patlama yolu,bahcivan,standart,104,kırılma,22,Akıcı Kesim - 1,1,160,Gold
5,Patlama yolu,bahcivan,standart,104,kırılma,22,Kesim Tekniği - 3,2,70,Gold
5,Patlama yolu,bahcivan,standart,104,kırılma,23,Güçlü Kesim - 1,3,195,Gold
5,Patlama yolu,bahcivan,standart,104,kırılma,23,Geniş Süpürüş - 2,2,45,Gold
5,Patlama yolu,bahcivan,standart,104,kırılma,23,Akıcı Kesim - 1,2,210,Gold
5,Patlama yolu,bahcivan,standart,104,kırılma,23,Demir Hasat - 2,2,55,Gold
5,Patlama yolu,bahcivan,standart,104,kırılma,24,Hasat Rekoru - 1,2,240,Gold
5,Patlama yolu,bahcivan,standart,104,kırılma,24,Kesim Tekniği - 4,1,80,Gold
5,Patlama yolu,bahcivan,standart,104,kırılma,24,Geniş Süpürüş - 3,1,55,Gold
5,Patlama yolu,bahcivan,standart,104,kırılma,24,Nadir Filizler - 1,1,230,Iron
5,Patlama yolu,bahcivan,standart,104,kırılma,24,Taş Hasat - 2,1,65,Iron
5,Patlama yolu,bahcivan,standart,104,kırılma,25,Güçlü Kesim - 2,1,230,Gold
5,Patlama yolu,bahcivan,standart,104,kırılma,25,Altın Hasat II - 1,1,180,Gold
5,Patlama yolu,bahcivan,standart,104,kırılma,25,Kesim Tekniği - 4,2,85,Gold
5,Patlama yolu,bahcivan,standart,104,kırılma,25,Grid Genişleme II,1,100,Stone
5,Patlama yolu,bahcivan,standart,104,kırılma,26,Akıcı Kesim - 1,3,260,Gold
5,Patlama yolu,bahcivan,standart,104,kırılma,26,Verimli Üretim - 1,2,260,Iron
5,Patlama yolu,bahcivan,standart,104,kırılma,27,Demir Hasat - 3,1,65,Gold
5,Patlama yolu,bahcivan,standart,104,kırılma,27,Hasat Rekoru - 1,3,290,Gold
5,Patlama yolu,bahcivan,standart,104,kırılma,27,Nadir Filizler - 1,2,300,Iron
5,Patlama yolu,bahcivan,standart,104,kırılma,27,Taş Hasat - 2,2,80,Iron
5,Patlama yolu,bahcivan,standart,104,kırılma,27,Zengin Cevher - 1,1,50,Stone
5,Patlama yolu,bahcivan,standart,104,kırılma,28,Geniş Süpürüş - 3,2,60,Gold
5,Patlama yolu,bahcivan,standart,104,kırılma,28,Güçlü Kesim - 2,2,270,Gold
5,Patlama yolu,bahcivan,standart,104,kırılma,28,Taş Hasat - 3,1,90,Iron
5,Patlama yolu,bahcivan,standart,104,kırılma,28,Zengin Cevher - 1,2,65,Stone
5,Patlama yolu,bahcivan,standart,104,kırılma,28,Taş Hasat - 3,2,100,Iron
5,Patlama yolu,bahcivan,standart,104,kırılma,29,Altın Hasat II - 1,2,240,Gold
5,Patlama yolu,bahcivan,standart,104,kırılma,29,Geniş Süpürüş - 4,1,65,Gold
5,Patlama yolu,bahcivan,standart,104,kırılma,29,Demir Hasat - 3,2,70,Gold
5,Patlama yolu,bahcivan,standart,104,kırılma,29,Geniş Süpürüş - 4,2,70,Gold
5,Patlama yolu,bahcivan,standart,104,kırılma,29,Zengin Cevher - 1,3,80,Stone
5,Patlama yolu,bahcivan,standart,104,kırılma,29,Taş Hasat - 4,1,110,Iron
5,Patlama yolu,bahcivan,standart,104,kırılma,30,Akıcı Kesim - 2,1,310,Gold
5,Patlama yolu,bahcivan,standart,104,kırılma,30,Geniş Tarama - 1,1,160,Gold
5,Patlama yolu,bahcivan,standart,104,kırılma,30,Kesim Ustalığı - 1,1,560,Iron
5,Patlama yolu,bahcivan,standart,104,kırılma,31,Güçlü Kesim - 3,1,300,Gold
5,Patlama yolu,bahcivan,standart,104,kırılma,31,Altın Hasat II - 1,3,290,Gold
5,Patlama yolu,bahcivan,standart,104,kırılma,31,Hasat Rekoru - 2,1,350,Gold
5,Patlama yolu,bahcivan,standart,104,kırılma,31,Akıcı Kesim - 2,2,360,Gold
5,Patlama yolu,bahcivan,standart,104,kırılma,31,Verimli Üretim - 1,3,320,Iron
5,Patlama yolu,bahcivan,standart,104,kırılma,31,Zengin Cevher - 2,1,95,Stone
5,Patlama yolu,bahcivan,standart,104,kırılma,31,Taş Hasat - 4,2,120,Iron
5,Patlama yolu,bahcivan,standart,104,kırılma,32,Geniş Tarama - 1,2,210,Gold
5,Patlama yolu,bahcivan,standart,104,kırılma,32,Kesim Ustalığı - 1,2,720,Iron
5,Patlama yolu,bahcivan,standart,104,kırılma,32,Demir Hasat - 4,1,80,Gold
5,Patlama yolu,bahcivan,standart,104,kırılma,32,Güçlü Kesim - 3,2,340,Gold
5,Patlama yolu,bahcivan,standart,104,kırılma,32,Altın Hasat II - 2,1,350,Gold
5,Patlama yolu,bahcivan,standart,104,kırılma,32,Demir Hasat - 4,2,85,Gold
5,Patlama yolu,bahcivan,standart,104,kırılma,33,Nadir Filizler - 1,3,360,Iron
5,Patlama yolu,bahcivan,standart,104,kırılma,33,İkinci Vazgeçiş,1,800,Iron
5,Patlama yolu,bahcivan,standart,104,kırılma,33,Akıcı Kesim - 3,1,400,Gold
5,Patlama yolu,bahcivan,standart,104,kırılma,33,Geniş Tarama - 1,3,260,Gold
5,Patlama yolu,bahcivan,standart,104,kırılma,33,Hasat Deneyimi II - 1,1,450,Gold
5,Patlama yolu,bahcivan,standart,104,kırılma,33,Zengin Cevher - 2,2,110,Stone
5,Patlama yolu,bahcivan,standart,104,kırılma,34,Verimli Üretim - 2,1,380,Iron
5,Patlama yolu,bahcivan,standart,104,kırılma,34,Hasat Rekoru - 2,2,400,Gold
5,Patlama yolu,bahcivan,standart,104,kırılma,34,Güçlü Kesim - 4,1,380,Gold
5,Patlama yolu,bahcivan,standart,104,kırılma,34,Altın Hasat II - 2,2,400,Gold
5,Patlama yolu,bahcivan,standart,104,kırılma,34,Kritik Odak - 1,1,150,Gold
5,Patlama yolu,bahcivan,standart,104,kırılma,34,Kritik Odak - 1,2,195,Gold
5,Patlama yolu,bahcivan,standart,104,kırılma,35,Ağır Kesim - 1,1,1200,Gold
5,Patlama yolu,bahcivan,standart,104,kırılma,35,Kesim Ustalığı - 1,3,890,Iron
5,Patlama yolu,bahcivan,standart,104,kırılma,35,Zengin Cevher - 3,1,125,Stone
5,Patlama yolu,bahcivan,standart,104,kırılma,36,Nadir Filizler - 2,1,430,Iron
5,Patlama yolu,bahcivan,standart,104,kırılma,36,Akıcı Kesim - 3,2,450,Gold
5,Patlama yolu,bahcivan,standart,104,kırılma,36,Geniş Tarama - 2,1,310,Gold
5,Patlama yolu,bahcivan,standart,104,kırılma,36,Kart Sezgisi - 1,1,710,Gold
5,Patlama yolu,bahcivan,standart,104,kırılma,36,Verimli Üretim - 2,2,440,Iron
5,Patlama yolu,bahcivan,standart,104,kırılma,36,Hasat Deneyimi II - 1,2,590,Gold
5,Patlama yolu,bahcivan,standart,104,kırılma,37,Altın Hasat II - 3,1,450,Gold
5,Patlama yolu,bahcivan,standart,104,kırılma,37,Güçlü Kesim - 4,2,410,Gold
5,Patlama yolu,bahcivan,standart,104,kırılma,37,Kesim Ustalığı - 2,1,1100,Iron
5,Patlama yolu,bahcivan,standart,104,kırılma,37,Geniş Tarama - 2,2,360,Gold
5,Patlama yolu,bahcivan,standart,104,kırılma,37,Nadir Filizler - 2,2,500,Iron
5,Patlama yolu,bahcivan,standart,104,kırılma,37,Verimli Üretim - 3,1,510,Iron
5,Patlama yolu,bahcivan,standart,104,kırılma,37,Geniş Tarama - 3,1,400,Gold
5,Patlama yolu,bahcivan,standart,104,kırılma,37,Kritik Odak - 1,3,240,Gold
5,Patlama yolu,bahcivan,standart,104,kırılma,37,Zengin Cevher - 3,2,140,Stone
5,Patlama yolu,bahcivan,standart,104,kırılma,38,Ağır Kesim - 1,2,1600,Gold
5,Patlama yolu,bahcivan,standart,104,kırılma,38,Hasat Rekoru - 3,1,450,Gold
5,Patlama yolu,bahcivan,standart,104,kırılma,38,Kesim Ustalığı - 2,2,1200,Iron
5,Patlama yolu,bahcivan,standart,104,kırılma,39,Akıcı Kesim - 4,1,500,Gold
5,Patlama yolu,bahcivan,standart,104,kırılma,39,Hasat Deneyimi II - 1,3,730,Gold
5,Patlama yolu,bahcivan,standart,104,kırılma,39,Kart Sezgisi - 1,2,920,Gold
5,Patlama yolu,bahcivan,standart,104,kırılma,39,Altın Hasat II - 3,2,510,Gold
5,Patlama yolu,bahcivan,standart,104,kırılma,39,Verimli Üretim - 3,2,570,Iron
5,Patlama yolu,bahcivan,standart,104,kırılma,39,Nadir Filizler - 3,1,570,Iron
5,Patlama yolu,bahcivan,standart,104,kırılma,39,Zengin Cevher - 4,1,155,Stone
5,Patlama yolu,bahcivan,standart,104,kırılma,40,Geniş Tarama - 3,2,450,Gold
5,Patlama yolu,bahcivan,standart,104,kırılma,40,Kesim Ustalığı - 3,1,1400,Iron
5,Patlama yolu,bahcivan,standart,104,kırılma,40,Kritik Odak - 2,1,290,Gold
5,Patlama yolu,bahcivan,standart,104,kırılma,40,Kritik Odak - 2,2,330,Gold
5,Patlama yolu,bahcivan,standart,104,kırılma,40,Kritik Odak - 3,1,380,Gold
5,Patlama yolu,bahcivan,standart,104,kırılma,40,Kritik Güç - 1,1,150,Stone
5,Patlama yolu,bahcivan,standart,104,kırılma,41,Ağır Kesim - 1,3,1900,Gold
5,Patlama yolu,bahcivan,standart,104,kırılma,41,Akıcı Kesim - 4,2,550,Gold
5,Patlama yolu,bahcivan,standart,104,kırılma,41,Verimli Üretim - 4,1,630,Iron
5,Patlama yolu,bahcivan,standart,104,kırılma,41,Nadir Filizler - 3,2,640,Iron
5,Patlama yolu,bahcivan,standart,104,kırılma,41,Grid Genişleme II,2,1800,Stone
5,Patlama yolu,bahcivan,standart,104,kırılma,41,Zengin Cevher - 4,2,170,Stone
5,Patlama yolu,bahcivan,standart,104,kırılma,42,Hasat Deneyimi II - 2,1,860,Gold
5,Patlama yolu,bahcivan,standart,104,kırılma,42,Hasat Rekoru - 3,2,510,Gold
5,Patlama yolu,bahcivan,standart,104,kırılma,42,Altın Hasat II - 4,1,560,Gold
5,Patlama yolu,bahcivan,standart,104,kırılma,42,Kart Sezgisi - 1,3,1100,Gold
5,Patlama yolu,bahcivan,standart,104,kırılma,42,Hasat Rekoru - 4,1,560,Gold
5,Patlama yolu,bahcivan,standart,104,kırılma,42,Geniş Tarama - 4,1,500,Gold
5,Patlama yolu,bahcivan,standart,104,kırılma,42,Kesim Ustalığı - 3,2,1600,Iron
5,Patlama yolu,bahcivan,standart,104,kırılma,42,Verimli Üretim - 4,2,690,Iron
5,Patlama yolu,bahcivan,standart,104,kırılma,42,Nadir Filizler - 4,1,700,Iron
5,Patlama yolu,bahcivan,standart,104,kırılma,42,Kritik Güç - 1,2,195,Stone
5,Patlama yolu,bahcivan,standart,104,kırılma,43,Ağır Kesim - 2,1,2300,Gold
5,Patlama yolu,bahcivan,standart,104,kırılma,43,Hasat Deneyimi II - 2,2,1000,Gold
5,Patlama yolu,bahcivan,standart,104,kırılma,43,Altın Hasat II - 4,2,620,Gold
5,Patlama yolu,bahcivan,standart,104,kırılma,43,Kesim Ustalığı - 4,1,1700,Iron
5,Patlama yolu,bahcivan,standart,104,kırılma,44,Kart Sezgisi - 2,1,1300,Gold
5,Patlama yolu,bahcivan,standart,104,kırılma,44,Ağır Kesim - 2,2,2700,Gold
5,Patlama yolu,bahcivan,standart,104,kırılma,44,Nadir Filizler - 4,2,770,Iron
5,Patlama yolu,bahcivan,standart,104,kırılma,44,Kritik Güç - 1,3,240,Stone
5,Patlama yolu,bahcivan,standart,104,kırılma,45,Hasat Deneyimi II - 3,1,1100,Gold
5,Patlama yolu,bahcivan,standart,104,kırılma,45,Geniş Tarama - 4,2,550,Gold
5,Patlama yolu,bahcivan,standart,104,kırılma,45,Kart Sezgisi - 2,2,1600,Gold
5,Patlama yolu,bahcivan,standart,104,kırılma,45,Kritik Odak - 3,2,420,Gold
5,Patlama yolu,bahcivan,standart,104,kırılma,45,Kesim Ustalığı - 4,2,1900,Iron
5,Patlama yolu,bahcivan,standart,104,kırılma,46,Ağır Kesim - 3,1,3000,Gold
5,Patlama yolu,bahcivan,standart,104,kırılma,46,Hasat Deneyimi II - 3,2,1300,Gold
5,Patlama yolu,bahcivan,standart,104,kırılma,46,Kritik Güç - 2,1,290,Stone
5,Patlama yolu,bahcivan,standart,104,kırılma,47,Hasat Rekoru - 4,2,620,Gold
5,Patlama yolu,bahcivan,standart,104,kırılma,47,Ağır Kesim - 3,2,3400,Gold
5,Patlama yolu,bahcivan,standart,104,kırılma,48,Kart Sezgisi - 3,1,1800,Gold
5,Patlama yolu,bahcivan,standart,104,kırılma,48,Hasat Deneyimi II - 4,1,1400,Gold
5,Patlama yolu,bahcivan,standart,104,kırılma,48,Kritik Odak - 4,1,470,Gold
5,Patlama yolu,bahcivan,standart,104,kırılma,48,Kritik Odak - 4,2,520,Gold
5,Patlama yolu,bahcivan,standart,104,kırılma,48,Kritik Güç - 2,2,330,Stone
5,Patlama yolu,bahcivan,standart,104,kırılma,49,Ağır Kesim - 4,1,3800,Gold
6,Patlama yolu,bahcivan,standart,105,kırılma,1,Keskin Başlangıç - 1,1,5,Gold
6,Patlama yolu,bahcivan,standart,105,kırılma,2,Keskin Başlangıç - 1,2,7,Gold
6,Patlama yolu,bahcivan,standart,105,kırılma,4,Altın Hasat I - 1,1,7,Gold
6,Patlama yolu,bahcivan,standart,105,kırılma,4,Düzenli Üretim - 1,1,6,Gold
6,Patlama yolu,bahcivan,standart,105,kırılma,4,Keskin Başlangıç - 1,3,8,Gold
6,Patlama yolu,bahcivan,standart,105,kırılma,5,Grid Genişleme I,1,30,Gold
6,Patlama yolu,bahcivan,standart,105,kırılma,5,Hızlı Eller - 1,1,7,Gold
6,Patlama yolu,bahcivan,standart,105,kırılma,6,Altın Hasat I - 1,2,9,Gold
6,Patlama yolu,bahcivan,standart,105,kırılma,6,Keskin Başlangıç - 2,1,10,Gold
6,Patlama yolu,bahcivan,standart,105,kırılma,6,Düzenli Üretim - 1,2,8,Gold
6,Patlama yolu,bahcivan,standart,105,kırılma,7,Hızlı Eller - 1,2,9,Gold
6,Patlama yolu,bahcivan,standart,105,kırılma,7,Keskin Başlangıç - 2,2,11,Gold
6,Patlama yolu,bahcivan,standart,105,kırılma,7,Altın Hasat I - 1,3,11,Gold
6,Patlama yolu,bahcivan,standart,105,kırılma,8,1×3 Saksı,1,30,Gold
6,Patlama yolu,bahcivan,standart,105,kırılma,9,Keskin Başlangıç - 3,1,13,Gold
6,Patlama yolu,bahcivan,standart,105,kırılma,9,Düzenli Üretim - 1,3,10,Gold
6,Patlama yolu,bahcivan,standart,105,kırılma,9,Hızlı Eller - 1,3,11,Gold
6,Patlama yolu,bahcivan,standart,105,kırılma,9,Hasat Deneyimi I - 1,1,6,Gold
6,Patlama yolu,bahcivan,standart,105,kırılma,10,Altın Hasat I - 2,1,13,Gold
6,Patlama yolu,bahcivan,standart,105,kırılma,11,Keskin Başlangıç - 3,2,14,Gold
6,Patlama yolu,bahcivan,standart,105,kırılma,11,Kesim Tekniği - 1,1,25,Gold
6,Patlama yolu,bahcivan,standart,105,kırılma,11,Hızlı Eller - 2,1,12,Gold
6,Patlama yolu,bahcivan,standart,105,kırılma,11,Altın Hasat I - 2,2,16,Gold
6,Patlama yolu,bahcivan,standart,105,kırılma,11,Grid Genişleme I,2,30,Iron
6,Patlama yolu,bahcivan,standart,105,kırılma,12,Düzenli Üretim - 2,1,12,Gold
6,Patlama yolu,bahcivan,standart,105,kırılma,12,Hasat Deneyimi I - 1,2,8,Gold
6,Patlama yolu,bahcivan,standart,105,kırılma,12,Keskin Başlangıç - 4,1,16,Gold
6,Patlama yolu,bahcivan,standart,105,kırılma,12,Hızlı Eller - 2,2,14,Gold
6,Patlama yolu,bahcivan,standart,105,kırılma,13,Kesim Tekniği - 1,2,35,Gold
6,Patlama yolu,bahcivan,standart,105,kırılma,13,Altın Hasat I - 3,1,18,Gold
6,Patlama yolu,bahcivan,standart,105,kırılma,13,Keskin Başlangıç - 4,2,17,Gold
6,Patlama yolu,bahcivan,standart,105,kırılma,13,Hasat Deneyimi I - 1,3,10,Gold
6,Patlama yolu,bahcivan,standart,105,kırılma,13,Düzenli Üretim - 2,2,13,Gold
6,Patlama yolu,bahcivan,standart,105,kırılma,14,Hızlı Eller - 3,1,16,Gold
6,Patlama yolu,bahcivan,standart,105,kırılma,14,Altın Hasat I - 3,2,20,Gold
6,Patlama yolu,bahcivan,standart,105,kırılma,14,Hasat Deneyimi I - 2,1,12,Gold
6,Patlama yolu,bahcivan,standart,105,kırılma,14,Hasat Deneyimi I - 2,2,14,Gold
6,Patlama yolu,bahcivan,standart,105,kırılma,15,2×2 Saksı,1,80,Gold
6,Patlama yolu,bahcivan,standart,105,kırılma,15,Çifte Hasat Kartları,1,25,Iron
6,Patlama yolu,bahcivan,standart,105,kırılma,16,Kesim Tekniği - 1,3,40,Gold
6,Patlama yolu,bahcivan,standart,105,kırılma,16,Demir Hasat - 1,1,25,Gold
6,Patlama yolu,bahcivan,standart,105,kırılma,16,Hızlı Eller - 3,2,18,Gold
6,Patlama yolu,bahcivan,standart,105,kırılma,16,Düzenli Üretim - 3,1,15,Gold
6,Patlama yolu,bahcivan,standart,105,kırılma,17,Altın Hasat I - 4,1,22,Gold
6,Patlama yolu,bahcivan,standart,105,kırılma,17,Geniş Süpürüş - 1,1,21,Gold
6,Patlama yolu,bahcivan,standart,105,kırılma,17,Kesim Tekniği - 2,1,50,Gold
6,Patlama yolu,bahcivan,standart,105,kırılma,17,Hızlı Eller - 4,1,20,Gold
6,Patlama yolu,bahcivan,standart,105,kırılma,17,Altın Hasat I - 4,2,24,Gold
6,Patlama yolu,bahcivan,standart,105,kırılma,18,Demir Hasat - 1,2,35,Gold
6,Patlama yolu,bahcivan,standart,105,kırılma,18,Düzenli Üretim - 3,2,17,Gold
6,Patlama yolu,bahcivan,standart,105,kırılma,18,Geniş Süpürüş - 1,2,28,Gold
6,Patlama yolu,bahcivan,standart,105,kırılma,18,Hızlı Eller - 4,2,22,Gold
6,Patlama yolu,bahcivan,standart,105,kırılma,18,Hasat Deneyimi I - 3,1,16,Gold
6,Patlama yolu,bahcivan,standart,105,kırılma,18,Düzenli Üretim - 4,1,19,Gold
6,Patlama yolu,bahcivan,standart,105,kırılma,19,Hasat Deneyimi I - 3,2,18,Gold
6,Patlama yolu,bahcivan,standart,105,kırılma,19,Düzenli Üretim - 4,2,21,Gold
6,Patlama yolu,bahcivan,standart,105,kırılma,19,Hasat Deneyimi I - 4,1,20,Gold
6,Patlama yolu,bahcivan,standart,105,kırılma,19,Hasat Deneyimi I - 4,2,21,Gold
6,Patlama yolu,bahcivan,standart,105,kırılma,20,Güçlü Kesim - 1,1,120,Gold
6,Patlama yolu,bahcivan,standart,105,kırılma,21,Kesim Tekniği - 2,2,55,Gold
6,Patlama yolu,bahcivan,standart,105,kırılma,21,Demir Hasat - 1,3,40,Gold
6,Patlama yolu,bahcivan,standart,105,kırılma,21,Geniş Süpürüş - 1,3,35,Gold
6,Patlama yolu,bahcivan,standart,105,kırılma,21,Taş Hasat - 1,1,35,Iron
6,Patlama yolu,bahcivan,standart,105,kırılma,22,Geniş Süpürüş - 2,1,40,Gold
6,Patlama yolu,bahcivan,standart,105,kırılma,22,Demir Hasat - 2,1,50,Gold
6,Patlama yolu,bahcivan,standart,105,kırılma,22,Geniş Süpürüş - 2,2,45,Gold
6,Patlama yolu,bahcivan,standart,105,kırılma,23,2×3 Saksı,1,200,Gold
6,Patlama yolu,bahcivan,standart,105,kırılma,23,Taş Hasat - 1,2,45,Iron
6,Patlama yolu,bahcivan,standart,105,kırılma,24,İlk Vazgeçiş,1,150,Gold
6,Patlama yolu,bahcivan,standart,105,kırılma,24,Kesim Tekniği - 3,1,65,Gold
6,Patlama yolu,bahcivan,standart,105,kırılma,25,Hasat Rekoru - 1,1,180,Gold
6,Patlama yolu,bahcivan,standart,105,kırılma,25,Güçlü Kesim - 1,2,160,Gold
6,Patlama yolu,bahcivan,standart,105,kırılma,26,Akıcı Kesim - 1,1,160,Gold
6,Patlama yolu,bahcivan,standart,105,kırılma,26,Kesim Tekniği - 3,2,70,Gold
6,Patlama yolu,bahcivan,standart,105,kırılma,27,Güçlü Kesim - 1,3,195,Gold
6,Patlama yolu,bahcivan,standart,105,kırılma,27,Verimli Üretim - 1,1,200,Iron
6,Patlama yolu,bahcivan,standart,105,kırılma,27,Taş Hasat - 1,3,55,Iron
6,Patlama yolu,bahcivan,standart,105,kırılma,28,Akıcı Kesim - 1,2,210,Gold
6,Patlama yolu,bahcivan,standart,105,kırılma,28,Demir Hasat - 2,2,55,Gold
6,Patlama yolu,bahcivan,standart,105,kırılma,28,Geniş Süpürüş - 3,1,55,Gold
6,Patlama yolu,bahcivan,standart,105,kırılma,29,Hasat Rekoru - 1,2,240,Gold
6,Patlama yolu,bahcivan,standart,105,kırılma,29,Kesim Tekniği - 4,1,80,Gold
6,Patlama yolu,bahcivan,standart,105,kırılma,29,Nadir Filizler - 1,1,230,Iron
6,Patlama yolu,bahcivan,standart,105,kırılma,30,Güçlü Kesim - 2,1,230,Gold
6,Patlama yolu,bahcivan,standart,105,kırılma,30,Altın Hasat II - 1,1,180,Gold
6,Patlama yolu,bahcivan,standart,105,kırılma,30,Taş Hasat - 2,1,65,Iron
6,Patlama yolu,bahcivan,standart,105,kırılma,31,Kesim Tekniği - 4,2,85,Gold
6,Patlama yolu,bahcivan,standart,105,kırılma,31,Akıcı Kesim - 1,3,260,Gold
6,Patlama yolu,bahcivan,standart,105,kırılma,31,Demir Hasat - 3,1,65,Gold
6,Patlama yolu,bahcivan,standart,105,kırılma,31,Geniş Süpürüş - 3,2,60,Gold
6,Patlama yolu,bahcivan,standart,105,kırılma,31,Verimli Üretim - 1,2,260,Iron
6,Patlama yolu,bahcivan,standart,105,kırılma,31,Geniş Süpürüş - 4,1,65,Gold
6,Patlama yolu,bahcivan,standart,105,kırılma,32,Hasat Rekoru - 1,3,290,Gold
6,Patlama yolu,bahcivan,standart,105,kırılma,32,Grid Genişleme II,1,100,Stone
6,Patlama yolu,bahcivan,standart,105,kırılma,32,Nadir Filizler - 1,2,300,Iron
6,Patlama yolu,bahcivan,standart,105,kırılma,32,Taş Hasat - 2,2,80,Iron
6,Patlama yolu,bahcivan,standart,105,kırılma,32,Zengin Cevher - 1,1,50,Stone
6,Patlama yolu,bahcivan,standart,105,kırılma,33,Güçlü Kesim - 2,2,270,Gold
6,Patlama yolu,bahcivan,standart,105,kırılma,33,Taş Hasat - 3,1,90,Iron
6,Patlama yolu,bahcivan,standart,105,kırılma,33,Taş Hasat - 3,2,100,Iron
6,Patlama yolu,bahcivan,standart,105,kırılma,34,Altın Hasat II - 1,2,240,Gold
6,Patlama yolu,bahcivan,standart,105,kırılma,34,Demir Hasat - 3,2,70,Gold
6,Patlama yolu,bahcivan,standart,105,kırılma,34,Geniş Süpürüş - 4,2,70,Gold
6,Patlama yolu,bahcivan,standart,105,kırılma,34,Zengin Cevher - 1,2,65,Stone
6,Patlama yolu,bahcivan,standart,105,kırılma,34,Zengin Cevher - 1,3,80,Stone
6,Patlama yolu,bahcivan,standart,105,kırılma,34,Taş Hasat - 4,1,110,Iron
6,Patlama yolu,bahcivan,standart,105,kırılma,34,Taş Hasat - 4,2,120,Iron
6,Patlama yolu,bahcivan,standart,105,kırılma,35,Akıcı Kesim - 2,1,310,Gold
6,Patlama yolu,bahcivan,standart,105,kırılma,36,Geniş Tarama - 1,1,160,Gold
6,Patlama yolu,bahcivan,standart,105,kırılma,36,Zengin Cevher - 2,1,95,Stone
6,Patlama yolu,bahcivan,standart,105,kırılma,37,Kesim Ustalığı - 1,1,560,Iron
6,Patlama yolu,bahcivan,standart,105,kırılma,37,Güçlü Kesim - 3,1,300,Gold
6,Patlama yolu,bahcivan,standart,105,kırılma,37,Altın Hasat II - 1,3,290,Gold
6,Patlama yolu,bahcivan,standart,105,kırılma,37,Zengin Cevher - 2,2,110,Stone
6,Patlama yolu,bahcivan,standart,105,kırılma,38,Hasat Rekoru - 2,1,350,Gold
6,Patlama yolu,bahcivan,standart,105,kırılma,38,Verimli Üretim - 1,3,320,Iron
6,Patlama yolu,bahcivan,standart,105,kırılma,38,Demir Hasat - 4,1,80,Gold
6,Patlama yolu,bahcivan,standart,105,kırılma,38,Demir Hasat - 4,2,85,Gold
6,Patlama yolu,bahcivan,standart,105,kırılma,38,Zengin Cevher - 3,1,125,Stone
6,Patlama yolu,bahcivan,standart,105,kırılma,39,Akıcı Kesim - 2,2,360,Gold
6,Patlama yolu,bahcivan,standart,105,kırılma,39,Zengin Cevher - 3,2,140,Stone
6,Patlama yolu,bahcivan,standart,105,kırılma,40,Geniş Tarama - 1,2,210,Gold
6,Patlama yolu,bahcivan,standart,105,kırılma,40,Kesim Ustalığı - 1,2,720,Iron
6,Patlama yolu,bahcivan,standart,105,kırılma,40,Güçlü Kesim - 3,2,340,Gold
6,Patlama yolu,bahcivan,standart,105,kırılma,41,Nadir Filizler - 1,3,360,Iron
6,Patlama yolu,bahcivan,standart,105,kırılma,41,Altın Hasat II - 2,1,350,Gold
6,Patlama yolu,bahcivan,standart,105,kırılma,41,Zengin Cevher - 4,1,155,Stone
6,Patlama yolu,bahcivan,standart,105,kırılma,42,İkinci Vazgeçiş,1,800,Iron
6,Patlama yolu,bahcivan,standart,105,kırılma,42,Akıcı Kesim - 3,1,400,Gold
6,Patlama yolu,bahcivan,standart,105,kırılma,42,Geniş Tarama - 1,3,260,Gold
6,Patlama yolu,bahcivan,standart,105,kırılma,42,Zengin Cevher - 4,2,170,Stone
6,Patlama yolu,bahcivan,standart,105,kırılma,43,Verimli Üretim - 2,1,380,Iron
6,Patlama yolu,bahcivan,standart,105,kırılma,43,Hasat Deneyimi II - 1,1,450,Gold
6,Patlama yolu,bahcivan,standart,105,kırılma,43,Hasat Rekoru - 2,2,400,Gold
6,Patlama yolu,bahcivan,standart,105,kırılma,44,Güçlü Kesim - 4,1,380,Gold
6,Patlama yolu,bahcivan,standart,105,kırılma,44,Altın Hasat II - 2,2,400,Gold
6,Patlama yolu,bahcivan,standart,105,kırılma,45,Kesim Ustalığı - 1,3,890,Iron
6,Patlama yolu,bahcivan,standart,105,kırılma,45,Kritik Odak - 1,1,150,Gold
6,Patlama yolu,bahcivan,standart,105,kırılma,45,Kritik Odak - 1,2,195,Gold
6,Patlama yolu,bahcivan,standart,105,kırılma,45,Kritik Odak - 1,3,240,Gold
6,Patlama yolu,bahcivan,standart,105,kırılma,45,Kritik Güç - 1,1,150,Stone
6,Patlama yolu,bahcivan,standart,105,kırılma,45,Kritik Güç - 1,2,195,Stone
6,Patlama yolu,bahcivan,standart,105,kırılma,45,Kritik Güç - 1,3,240,Stone
6,Patlama yolu,bahcivan,standart,105,kırılma,46,Nadir Filizler - 2,1,430,Iron
6,Patlama yolu,bahcivan,standart,105,kırılma,46,Verimli Üretim - 2,2,440,Iron
6,Patlama yolu,bahcivan,standart,105,kırılma,46,Kritik Odak - 2,1,290,Gold
6,Patlama yolu,bahcivan,standart,105,kırılma,46,Kritik Güç - 2,1,290,Stone
6,Patlama yolu,bahcivan,standart,105,kırılma,47,Ağır Kesim - 1,1,1200,Gold
6,Patlama yolu,bahcivan,standart,105,kırılma,48,Akıcı Kesim - 3,2,450,Gold
6,Patlama yolu,bahcivan,standart,105,kırılma,48,Geniş Tarama - 2,1,310,Gold
6,Patlama yolu,bahcivan,standart,105,kırılma,48,Kart Sezgisi - 1,1,710,Gold
6,Patlama yolu,bahcivan,standart,105,kırılma,48,Kesim Ustalığı - 2,1,1100,Iron
6,Patlama yolu,bahcivan,standart,105,kırılma,48,Kritik Güç - 2,2,330,Stone
6,Patlama yolu,bahcivan,standart,105,kırılma,49,Hasat Deneyimi II - 1,2,590,Gold
6,Patlama yolu,bahcivan,standart,105,kırılma,49,Altın Hasat II - 3,1,450,Gold
6,Patlama yolu,bahcivan,standart,105,kırılma,49,Güçlü Kesim - 4,2,410,Gold
6,Patlama yolu,bahcivan,standart,105,kırılma,49,Nadir Filizler - 2,2,500,Iron
6,Patlama yolu,bahcivan,standart,105,kırılma,49,Verimli Üretim - 3,1,510,Iron
7,Patlama yolu,bahcivan,standart,106,kırılma,1,Keskin Başlangıç - 1,1,5,Gold
7,Patlama yolu,bahcivan,standart,106,kırılma,1,Keskin Başlangıç - 1,2,7,Gold
7,Patlama yolu,bahcivan,standart,106,kırılma,4,Altın Hasat I - 1,1,7,Gold
7,Patlama yolu,bahcivan,standart,106,kırılma,4,Düzenli Üretim - 1,1,6,Gold
7,Patlama yolu,bahcivan,standart,106,kırılma,4,Keskin Başlangıç - 1,3,8,Gold
7,Patlama yolu,bahcivan,standart,106,kırılma,4,Hızlı Eller - 1,1,7,Gold
7,Patlama yolu,bahcivan,standart,106,kırılma,5,Grid Genişleme I,1,30,Gold
7,Patlama yolu,bahcivan,standart,106,kırılma,5,Altın Hasat I - 1,2,9,Gold
7,Patlama yolu,bahcivan,standart,106,kırılma,6,Keskin Başlangıç - 2,1,10,Gold
7,Patlama yolu,bahcivan,standart,106,kırılma,6,Düzenli Üretim - 1,2,8,Gold
7,Patlama yolu,bahcivan,standart,106,kırılma,6,Hızlı Eller - 1,2,9,Gold
7,Patlama yolu,bahcivan,standart,106,kırılma,7,Keskin Başlangıç - 2,2,11,Gold
7,Patlama yolu,bahcivan,standart,106,kırılma,7,Altın Hasat I - 1,3,11,Gold
7,Patlama yolu,bahcivan,standart,106,kırılma,7,Hasat Deneyimi I - 1,1,6,Gold
7,Patlama yolu,bahcivan,standart,106,kırılma,8,1×3 Saksı,1,30,Gold
7,Patlama yolu,bahcivan,standart,106,kırılma,8,Keskin Başlangıç - 3,1,13,Gold
7,Patlama yolu,bahcivan,standart,106,kırılma,9,Düzenli Üretim - 1,3,10,Gold
7,Patlama yolu,bahcivan,standart,106,kırılma,9,Hızlı Eller - 1,3,11,Gold
7,Patlama yolu,bahcivan,standart,106,kırılma,9,Altın Hasat I - 2,1,13,Gold
7,Patlama yolu,bahcivan,standart,106,kırılma,9,Keskin Başlangıç - 3,2,14,Gold
7,Patlama yolu,bahcivan,standart,106,kırılma,10,Kesim Tekniği - 1,1,25,Gold
7,Patlama yolu,bahcivan,standart,106,kırılma,10,Hızlı Eller - 2,1,12,Gold
7,Patlama yolu,bahcivan,standart,106,kırılma,11,Altın Hasat I - 2,2,16,Gold
7,Patlama yolu,bahcivan,standart,106,kırılma,11,Düzenli Üretim - 2,1,12,Gold
7,Patlama yolu,bahcivan,standart,106,kırılma,11,Hasat Deneyimi I - 1,2,8,Gold
7,Patlama yolu,bahcivan,standart,106,kırılma,11,Keskin Başlangıç - 4,1,16,Gold
7,Patlama yolu,bahcivan,standart,106,kırılma,11,Grid Genişleme I,2,30,Iron
7,Patlama yolu,bahcivan,standart,106,kırılma,12,Hızlı Eller - 2,2,14,Gold
7,Patlama yolu,bahcivan,standart,106,kırılma,12,Kesim Tekniği - 1,2,35,Gold
7,Patlama yolu,bahcivan,standart,106,kırılma,12,Altın Hasat I - 3,1,18,Gold
7,Patlama yolu,bahcivan,standart,106,kırılma,13,2×2 Saksı,1,80,Gold
7,Patlama yolu,bahcivan,standart,106,kırılma,13,Çifte Hasat Kartları,1,25,Iron
7,Patlama yolu,bahcivan,standart,106,kırılma,14,Keskin Başlangıç - 4,2,17,Gold
7,Patlama yolu,bahcivan,standart,106,kırılma,14,Hasat Deneyimi I - 1,3,10,Gold
7,Patlama yolu,bahcivan,standart,106,kırılma,14,Düzenli Üretim - 2,2,13,Gold
7,Patlama yolu,bahcivan,standart,106,kırılma,14,Hızlı Eller - 3,1,16,Gold
7,Patlama yolu,bahcivan,standart,106,kırılma,14,Altın Hasat I - 3,2,20,Gold
7,Patlama yolu,bahcivan,standart,106,kırılma,14,Kesim Tekniği - 1,3,40,Gold
7,Patlama yolu,bahcivan,standart,106,kırılma,14,Hasat Deneyimi I - 2,1,12,Gold
7,Patlama yolu,bahcivan,standart,106,kırılma,15,Demir Hasat - 1,1,25,Gold
7,Patlama yolu,bahcivan,standart,106,kırılma,15,Hızlı Eller - 3,2,18,Gold
7,Patlama yolu,bahcivan,standart,106,kırılma,15,Düzenli Üretim - 3,1,15,Gold
7,Patlama yolu,bahcivan,standart,106,kırılma,15,Altın Hasat I - 4,1,22,Gold
7,Patlama yolu,bahcivan,standart,106,kırılma,16,Geniş Süpürüş - 1,1,21,Gold
7,Patlama yolu,bahcivan,standart,106,kırılma,16,Kesim Tekniği - 2,1,50,Gold
7,Patlama yolu,bahcivan,standart,106,kırılma,16,Hasat Deneyimi I - 2,2,14,Gold
7,Patlama yolu,bahcivan,standart,106,kırılma,16,Hızlı Eller - 4,1,20,Gold
7,Patlama yolu,bahcivan,standart,106,kırılma,16,Altın Hasat I - 4,2,24,Gold
7,Patlama yolu,bahcivan,standart,106,kırılma,17,Demir Hasat - 1,2,35,Gold
7,Patlama yolu,bahcivan,standart,106,kırılma,17,Düzenli Üretim - 3,2,17,Gold
7,Patlama yolu,bahcivan,standart,106,kırılma,17,Geniş Süpürüş - 1,2,28,Gold
7,Patlama yolu,bahcivan,standart,106,kırılma,17,Hızlı Eller - 4,2,22,Gold
7,Patlama yolu,bahcivan,standart,106,kırılma,17,Hasat Deneyimi I - 3,1,16,Gold
7,Patlama yolu,bahcivan,standart,106,kırılma,18,Güçlü Kesim - 1,1,120,Gold
7,Patlama yolu,bahcivan,standart,106,kırılma,19,Kesim Tekniği - 2,2,55,Gold
7,Patlama yolu,bahcivan,standart,106,kırılma,19,Düzenli Üretim - 4,1,19,Gold
7,Patlama yolu,bahcivan,standart,106,kırılma,19,Demir Hasat - 1,3,40,Gold
7,Patlama yolu,bahcivan,standart,106,kırılma,19,Geniş Süpürüş - 1,3,35,Gold
7,Patlama yolu,bahcivan,standart,106,kırılma,19,Hasat Deneyimi I - 3,2,18,Gold
7,Patlama yolu,bahcivan,standart,106,kırılma,19,Taş Hasat - 1,1,35,Iron
7,Patlama yolu,bahcivan,standart,106,kırılma,20,2×3 Saksı,1,200,Gold
7,Patlama yolu,bahcivan,standart,106,kırılma,20,Düzenli Üretim - 4,2,21,Gold
7,Patlama yolu,bahcivan,standart,106,kırılma,21,İlk Vazgeçiş,1,150,Gold
7,Patlama yolu,bahcivan,standart,106,kırılma,21,Kesim Tekniği - 3,1,65,Gold
7,Patlama yolu,bahcivan,standart,106,kırılma,21,Geniş Süpürüş - 2,1,40,Gold
7,Patlama yolu,bahcivan,standart,106,kırılma,21,Hasat Deneyimi I - 4,1,20,Gold
7,Patlama yolu,bahcivan,standart,106,kırılma,21,Geniş Süpürüş - 2,2,45,Gold
7,Patlama yolu,bahcivan,standart,106,kırılma,22,Hasat Rekoru - 1,1,180,Gold
7,Patlama yolu,bahcivan,standart,106,kırılma,22,Hasat Deneyimi I - 4,2,21,Gold
7,Patlama yolu,bahcivan,standart,106,kırılma,22,Taş Hasat - 1,2,45,Iron
7,Patlama yolu,bahcivan,standart,106,kırılma,23,Güçlü Kesim - 1,2,160,Gold
7,Patlama yolu,bahcivan,standart,106,kırılma,24,Akıcı Kesim - 1,1,160,Gold
7,Patlama yolu,bahcivan,standart,106,kırılma,24,Kesim Tekniği - 3,2,70,Gold
7,Patlama yolu,bahcivan,standart,106,kırılma,24,Demir Hasat - 2,1,50,Gold
7,Patlama yolu,bahcivan,standart,106,kırılma,24,Taş Hasat - 1,3,55,Iron
7,Patlama yolu,bahcivan,standart,106,kırılma,25,Güçlü Kesim - 1,3,195,Gold
7,Patlama yolu,bahcivan,standart,106,kırılma,25,Akıcı Kesim - 1,2,210,Gold
7,Patlama yolu,bahcivan,standart,106,kırılma,25,Demir Hasat - 2,2,55,Gold
7,Patlama yolu,bahcivan,standart,106,kırılma,25,Geniş Süpürüş - 3,1,55,Gold
7,Patlama yolu,bahcivan,standart,106,kırılma,26,Hasat Rekoru - 1,2,240,Gold
7,Patlama yolu,bahcivan,standart,106,kırılma,26,Kesim Tekniği - 4,1,80,Gold
7,Patlama yolu,bahcivan,standart,106,kırılma,26,Verimli Üretim - 1,1,200,Iron
7,Patlama yolu,bahcivan,standart,106,kırılma,27,Güçlü Kesim - 2,1,230,Gold
7,Patlama yolu,bahcivan,standart,106,kırılma,28,Altın Hasat II - 1,1,180,Gold
7,Patlama yolu,bahcivan,standart,106,kırılma,28,Kesim Tekniği - 4,2,85,Gold
7,Patlama yolu,bahcivan,standart,106,kırılma,28,Nadir Filizler - 1,1,230,Iron
7,Patlama yolu,bahcivan,standart,106,kırılma,28,Akıcı Kesim - 1,3,260,Gold
7,Patlama yolu,bahcivan,standart,106,kırılma,28,Demir Hasat - 3,1,65,Gold
7,Patlama yolu,bahcivan,standart,106,kırılma,28,Geniş Süpürüş - 3,2,60,Gold
7,Patlama yolu,bahcivan,standart,106,kırılma,28,Taş Hasat - 2,1,65,Iron
7,Patlama yolu,bahcivan,standart,106,kırılma,29,Hasat Rekoru - 1,3,290,Gold
7,Patlama yolu,bahcivan,standart,106,kırılma,29,Grid Genişleme II,1,100,Stone
7,Patlama yolu,bahcivan,standart,106,kırılma,30,Güçlü Kesim - 2,2,270,Gold
7,Patlama yolu,bahcivan,standart,106,kırılma,30,Verimli Üretim - 1,2,260,Iron
7,Patlama yolu,bahcivan,standart,106,kırılma,31,Altın Hasat II - 1,2,240,Gold
7,Patlama yolu,bahcivan,standart,106,kırılma,31,Akıcı Kesim - 2,1,310,Gold
7,Patlama yolu,bahcivan,standart,106,kırılma,31,Nadir Filizler - 1,2,300,Iron
7,Patlama yolu,bahcivan,standart,106,kırılma,31,Taş Hasat - 2,2,80,Iron
7,Patlama yolu,bahcivan,standart,106,kırılma,31,Zengin Cevher - 1,1,50,Stone
7,Patlama yolu,bahcivan,standart,106,kırılma,31,Taş Hasat - 3,1,90,Iron
7,Patlama yolu,bahcivan,standart,106,kırılma,32,Geniş Tarama - 1,1,160,Gold
7,Patlama yolu,bahcivan,standart,106,kırılma,32,Geniş Süpürüş - 4,1,65,Gold
7,Patlama yolu,bahcivan,standart,106,kırılma,32,Demir Hasat - 3,2,70,Gold
7,Patlama yolu,bahcivan,standart,106,kırılma,32,Geniş Süpürüş - 4,2,70,Gold
7,Patlama yolu,bahcivan,standart,106,kırılma,32,Zengin Cevher - 1,2,65,Stone
7,Patlama yolu,bahcivan,standart,106,kırılma,32,Taş Hasat - 3,2,100,Iron
7,Patlama yolu,bahcivan,standart,106,kırılma,32,Zengin Cevher - 1,3,80,Stone
7,Patlama yolu,bahcivan,standart,106,kırılma,32,Taş Hasat - 4,1,110,Iron
7,Patlama yolu,bahcivan,standart,106,kırılma,33,Kesim Ustalığı - 1,1,560,Iron
7,Patlama yolu,bahcivan,standart,106,kırılma,33,Güçlü Kesim - 3,1,300,Gold
7,Patlama yolu,bahcivan,standart,106,kırılma,33,Zengin Cevher - 2,1,95,Stone
7,Patlama yolu,bahcivan,standart,106,kırılma,34,Altın Hasat II - 1,3,290,Gold
7,Patlama yolu,bahcivan,standart,106,kırılma,34,Hasat Rekoru - 2,1,350,Gold
7,Patlama yolu,bahcivan,standart,106,kırılma,34,Verimli Üretim - 1,3,320,Iron
7,Patlama yolu,bahcivan,standart,106,kırılma,34,Demir Hasat - 4,1,80,Gold
7,Patlama yolu,bahcivan,standart,106,kırılma,34,Demir Hasat - 4,2,85,Gold
7,Patlama yolu,bahcivan,standart,106,kırılma,34,Zengin Cevher - 2,2,110,Stone
7,Patlama yolu,bahcivan,standart,106,kırılma,35,Akıcı Kesim - 2,2,360,Gold
7,Patlama yolu,bahcivan,standart,106,kırılma,35,Geniş Tarama - 1,2,210,Gold
7,Patlama yolu,bahcivan,standart,106,kırılma,35,Taş Hasat - 4,2,120,Iron
7,Patlama yolu,bahcivan,standart,106,kırılma,35,Zengin Cevher - 3,1,125,Stone
7,Patlama yolu,bahcivan,standart,106,kırılma,36,Kesim Ustalığı - 1,2,720,Iron
7,Patlama yolu,bahcivan,standart,106,kırılma,36,Güçlü Kesim - 3,2,340,Gold
7,Patlama yolu,bahcivan,standart,106,kırılma,36,Altın Hasat II - 2,1,350,Gold
7,Patlama yolu,bahcivan,standart,106,kırılma,37,Nadir Filizler - 1,3,360,Iron
7,Patlama yolu,bahcivan,standart,106,kırılma,37,Akıcı Kesim - 3,1,400,Gold
7,Patlama yolu,bahcivan,standart,106,kırılma,37,Geniş Tarama - 1,3,260,Gold
7,Patlama yolu,bahcivan,standart,106,kırılma,37,Hasat Deneyimi II - 1,1,450,Gold
7,Patlama yolu,bahcivan,standart,106,kırılma,37,Zengin Cevher - 3,2,140,Stone
7,Patlama yolu,bahcivan,standart,106,kırılma,38,İkinci Vazgeçiş,1,800,Iron
7,Patlama yolu,bahcivan,standart,106,kırılma,38,Verimli Üretim - 2,1,380,Iron
7,Patlama yolu,bahcivan,standart,106,kırılma,38,Hasat Rekoru - 2,2,400,Gold
7,Patlama yolu,bahcivan,standart,106,kırılma,38,Güçlü Kesim - 4,1,380,Gold
7,Patlama yolu,bahcivan,standart,106,kırılma,38,Altın Hasat II - 2,2,400,Gold
7,Patlama yolu,bahcivan,standart,106,kırılma,39,Kesim Ustalığı - 1,3,890,Iron
7,Patlama yolu,bahcivan,standart,106,kırılma,39,Kritik Odak - 1,1,150,Gold
7,Patlama yolu,bahcivan,standart,106,kırılma,39,Kritik Odak - 1,2,195,Gold
7,Patlama yolu,bahcivan,standart,106,kırılma,39,Kritik Odak - 1,3,240,Gold
7,Patlama yolu,bahcivan,standart,106,kırılma,39,Kritik Odak - 2,1,290,Gold
7,Patlama yolu,bahcivan,standart,106,kırılma,39,Zengin Cevher - 4,1,155,Stone
7,Patlama yolu,bahcivan,standart,106,kırılma,40,Nadir Filizler - 2,1,430,Iron
7,Patlama yolu,bahcivan,standart,106,kırılma,40,Kritik Güç - 1,1,150,Stone
7,Patlama yolu,bahcivan,standart,106,kırılma,41,Ağır Kesim - 1,1,1200,Gold
7,Patlama yolu,bahcivan,standart,106,kırılma,41,Akıcı Kesim - 3,2,450,Gold
7,Patlama yolu,bahcivan,standart,106,kırılma,41,Geniş Tarama - 2,1,310,Gold
7,Patlama yolu,bahcivan,standart,106,kırılma,41,Verimli Üretim - 2,2,440,Iron
7,Patlama yolu,bahcivan,standart,106,kırılma,41,Zengin Cevher - 4,2,170,Stone
7,Patlama yolu,bahcivan,standart,106,kırılma,42,Kart Sezgisi - 1,1,710,Gold
7,Patlama yolu,bahcivan,standart,106,kırılma,42,Hasat Deneyimi II - 1,2,590,Gold
7,Patlama yolu,bahcivan,standart,106,kırılma,42,Altın Hasat II - 3,1,450,Gold
7,Patlama yolu,bahcivan,standart,106,kırılma,42,Kesim Ustalığı - 2,1,1100,Iron
7,Patlama yolu,bahcivan,standart,106,kırılma,42,Nadir Filizler - 2,2,500,Iron
7,Patlama yolu,bahcivan,standart,106,kırılma,42,Verimli Üretim - 3,1,510,Iron
7,Patlama yolu,bahcivan,standart,106,kırılma,42,Kritik Güç - 1,2,195,Stone
7,Patlama yolu,bahcivan,standart,106,kırılma,43,Güçlü Kesim - 4,2,410,Gold
7,Patlama yolu,bahcivan,standart,106,kırılma,43,Ağır Kesim - 1,2,1600,Gold
7,Patlama yolu,bahcivan,standart,106,kırılma,43,Kesim Ustalığı - 2,2,1200,Iron
7,Patlama yolu,bahcivan,standart,106,kırılma,44,Hasat Rekoru - 3,1,450,Gold
7,Patlama yolu,bahcivan,standart,106,kırılma,44,Akıcı Kesim - 4,1,500,Gold
7,Patlama yolu,bahcivan,standart,106,kırılma,44,Geniş Tarama - 2,2,360,Gold
7,Patlama yolu,bahcivan,standart,106,kırılma,44,Hasat Deneyimi II - 1,3,730,Gold
7,Patlama yolu,bahcivan,standart,106,kırılma,44,Verimli Üretim - 3,2,570,Iron
7,Patlama yolu,bahcivan,standart,106,kırılma,44,Nadir Filizler - 3,1,570,Iron
7,Patlama yolu,bahcivan,standart,106,kırılma,44,Grid Genişleme II,2,1800,Stone
7,Patlama yolu,bahcivan,standart,106,kırılma,44,Kritik Güç - 1,3,240,Stone
7,Patlama yolu,bahcivan,standart,106,kırılma,45,Kart Sezgisi - 1,2,920,Gold
7,Patlama yolu,bahcivan,standart,106,kırılma,45,Altın Hasat II - 3,2,510,Gold
7,Patlama yolu,bahcivan,standart,106,kırılma,45,Kesim Ustalığı - 3,1,1400,Iron
7,Patlama yolu,bahcivan,standart,106,kırılma,46,Ağır Kesim - 1,3,1900,Gold
7,Patlama yolu,bahcivan,standart,106,kırılma,46,Akıcı Kesim - 4,2,550,Gold
7,Patlama yolu,bahcivan,standart,106,kırılma,46,Verimli Üretim - 4,1,630,Iron
7,Patlama yolu,bahcivan,standart,106,kırılma,46,Nadir Filizler - 3,2,640,Iron
7,Patlama yolu,bahcivan,standart,106,kırılma,46,Kritik Güç - 2,1,290,Stone
7,Patlama yolu,bahcivan,standart,106,kırılma,47,Geniş Tarama - 3,1,400,Gold
7,Patlama yolu,bahcivan,standart,106,kırılma,47,Hasat Deneyimi II - 2,1,860,Gold
7,Patlama yolu,bahcivan,standart,106,kırılma,47,Hasat Rekoru - 3,2,510,Gold
7,Patlama yolu,bahcivan,standart,106,kırılma,47,Altın Hasat II - 4,1,560,Gold
7,Patlama yolu,bahcivan,standart,106,kırılma,47,Kesim Ustalığı - 3,2,1600,Iron
7,Patlama yolu,bahcivan,standart,106,kırılma,47,Verimli Üretim - 4,2,690,Iron
7,Patlama yolu,bahcivan,standart,106,kırılma,48,Kart Sezgisi - 1,3,1100,Gold
7,Patlama yolu,bahcivan,standart,106,kırılma,48,Geniş Tarama - 3,2,450,Gold
7,Patlama yolu,bahcivan,standart,106,kırılma,48,Hasat Rekoru - 4,1,560,Gold
7,Patlama yolu,bahcivan,standart,106,kırılma,48,Geniş Tarama - 4,1,500,Gold
7,Patlama yolu,bahcivan,standart,106,kırılma,48,Kritik Odak - 2,2,330,Gold
7,Patlama yolu,bahcivan,standart,106,kırılma,48,Nadir Filizler - 4,1,700,Iron
7,Patlama yolu,bahcivan,standart,106,kırılma,48,Kritik Güç - 2,2,330,Stone
7,Patlama yolu,bahcivan,standart,106,kırılma,49,Ağır Kesim - 2,1,2300,Gold
7,Patlama yolu,bahcivan,standart,106,kırılma,49,Kesim Ustalığı - 4,1,1700,Iron
7,Patlama yolu,bahcivan,standart,106,kırılma,49,Nadir Filizler - 4,2,770,Iron
8,Patlama yolu,bahcivan,standart,107,kırılma,1,Keskin Başlangıç - 1,1,5,Gold
8,Patlama yolu,bahcivan,standart,107,kırılma,1,Keskin Başlangıç - 1,2,7,Gold
8,Patlama yolu,bahcivan,standart,107,kırılma,2,Altın Hasat I - 1,1,7,Gold
8,Patlama yolu,bahcivan,standart,107,kırılma,2,Düzenli Üretim - 1,1,6,Gold
8,Patlama yolu,bahcivan,standart,107,kırılma,3,Keskin Başlangıç - 1,3,8,Gold
8,Patlama yolu,bahcivan,standart,107,kırılma,3,Hızlı Eller - 1,1,7,Gold
8,Patlama yolu,bahcivan,standart,107,kırılma,3,Hasat Deneyimi I - 1,1,6,Gold
8,Patlama yolu,bahcivan,standart,107,kırılma,5,Grid Genişleme I,1,30,Gold
8,Patlama yolu,bahcivan,standart,107,kırılma,7,Altın Hasat I - 1,2,9,Gold
8,Patlama yolu,bahcivan,standart,107,kırılma,7,Keskin Başlangıç - 2,1,10,Gold
8,Patlama yolu,bahcivan,standart,107,kırılma,7,Düzenli Üretim - 1,2,8,Gold
8,Patlama yolu,bahcivan,standart,107,kırılma,7,Hızlı Eller - 1,2,9,Gold
8,Patlama yolu,bahcivan,standart,107,kırılma,7,Keskin Başlangıç - 2,2,11,Gold
8,Patlama yolu,bahcivan,standart,107,kırılma,8,Altın Hasat I - 1,3,11,Gold
8,Patlama yolu,bahcivan,standart,107,kırılma,8,1×3 Saksı,1,30,Gold
8,Patlama yolu,bahcivan,standart,107,kırılma,8,Keskin Başlangıç - 3,1,13,Gold
8,Patlama yolu,bahcivan,standart,107,kırılma,9,Düzenli Üretim - 1,3,10,Gold
8,Patlama yolu,bahcivan,standart,107,kırılma,9,Hızlı Eller - 1,3,11,Gold
8,Patlama yolu,bahcivan,standart,107,kırılma,9,Altın Hasat I - 2,1,13,Gold
8,Patlama yolu,bahcivan,standart,107,kırılma,10,Keskin Başlangıç - 3,2,14,Gold
8,Patlama yolu,bahcivan,standart,107,kırılma,10,Kesim Tekniği - 1,1,25,Gold
8,Patlama yolu,bahcivan,standart,107,kırılma,11,Hızlı Eller - 2,1,12,Gold
8,Patlama yolu,bahcivan,standart,107,kırılma,11,Altın Hasat I - 2,2,16,Gold
8,Patlama yolu,bahcivan,standart,107,kırılma,11,Düzenli Üretim - 2,1,12,Gold
8,Patlama yolu,bahcivan,standart,107,kırılma,11,Hasat Deneyimi I - 1,2,8,Gold
8,Patlama yolu,bahcivan,standart,107,kırılma,11,Keskin Başlangıç - 4,1,16,Gold
8,Patlama yolu,bahcivan,standart,107,kırılma,11,Grid Genişleme I,2,30,Iron
8,Patlama yolu,bahcivan,standart,107,kırılma,12,Hızlı Eller - 2,2,14,Gold
8,Patlama yolu,bahcivan,standart,107,kırılma,12,Kesim Tekniği - 1,2,35,Gold
8,Patlama yolu,bahcivan,standart,107,kırılma,12,Altın Hasat I - 3,1,18,Gold
8,Patlama yolu,bahcivan,standart,107,kırılma,12,Keskin Başlangıç - 4,2,17,Gold
8,Patlama yolu,bahcivan,standart,107,kırılma,13,Hasat Deneyimi I - 1,3,10,Gold
8,Patlama yolu,bahcivan,standart,107,kırılma,13,Düzenli Üretim - 2,2,13,Gold
8,Patlama yolu,bahcivan,standart,107,kırılma,13,Hızlı Eller - 3,1,16,Gold
8,Patlama yolu,bahcivan,standart,107,kırılma,13,Altın Hasat I - 3,2,20,Gold
8,Patlama yolu,bahcivan,standart,107,kırılma,13,Hasat Deneyimi I - 2,1,12,Gold
8,Patlama yolu,bahcivan,standart,107,kırılma,14,2×2 Saksı,1,80,Gold
8,Patlama yolu,bahcivan,standart,107,kırılma,14,Çifte Hasat Kartları,1,25,Iron
8,Patlama yolu,bahcivan,standart,107,kırılma,15,Kesim Tekniği - 1,3,40,Gold
8,Patlama yolu,bahcivan,standart,107,kırılma,15,Demir Hasat - 1,1,25,Gold
8,Patlama yolu,bahcivan,standart,107,kırılma,15,Hızlı Eller - 3,2,18,Gold
8,Patlama yolu,bahcivan,standart,107,kırılma,15,Düzenli Üretim - 3,1,15,Gold
8,Patlama yolu,bahcivan,standart,107,kırılma,15,Altın Hasat I - 4,1,22,Gold
8,Patlama yolu,bahcivan,standart,107,kırılma,15,Geniş Süpürüş - 1,1,21,Gold
8,Patlama yolu,bahcivan,standart,107,kırılma,16,Kesim Tekniği - 2,1,50,Gold
8,Patlama yolu,bahcivan,standart,107,kırılma,16,Hasat Deneyimi I - 2,2,14,Gold
8,Patlama yolu,bahcivan,standart,107,kırılma,16,Hızlı Eller - 4,1,20,Gold
8,Patlama yolu,bahcivan,standart,107,kırılma,16,Altın Hasat I - 4,2,24,Gold
8,Patlama yolu,bahcivan,standart,107,kırılma,16,Demir Hasat - 1,2,35,Gold
8,Patlama yolu,bahcivan,standart,107,kırılma,16,Düzenli Üretim - 3,2,17,Gold
8,Patlama yolu,bahcivan,standart,107,kırılma,16,Geniş Süpürüş - 1,2,28,Gold
8,Patlama yolu,bahcivan,standart,107,kırılma,16,Hasat Deneyimi I - 3,1,16,Gold
8,Patlama yolu,bahcivan,standart,107,kırılma,17,Güçlü Kesim - 1,1,120,Gold
8,Patlama yolu,bahcivan,standart,107,kırılma,17,Hızlı Eller - 4,2,22,Gold
8,Patlama yolu,bahcivan,standart,107,kırılma,17,Kesim Tekniği - 2,2,55,Gold
8,Patlama yolu,bahcivan,standart,107,kırılma,17,Düzenli Üretim - 4,1,19,Gold
8,Patlama yolu,bahcivan,standart,107,kırılma,17,Geniş Süpürüş - 1,3,35,Gold
8,Patlama yolu,bahcivan,standart,107,kırılma,18,2×3 Saksı,1,200,Gold
8,Patlama yolu,bahcivan,standart,107,kırılma,18,Hasat Deneyimi I - 3,2,18,Gold
8,Patlama yolu,bahcivan,standart,107,kırılma,18,Düzenli Üretim - 4,2,21,Gold
8,Patlama yolu,bahcivan,standart,107,kırılma,18,Hasat Deneyimi I - 4,1,20,Gold
8,Patlama yolu,bahcivan,standart,107,kırılma,18,Hasat Deneyimi I - 4,2,21,Gold
8,Patlama yolu,bahcivan,standart,107,kırılma,19,İlk Vazgeçiş,1,150,Gold
8,Patlama yolu,bahcivan,standart,107,kırılma,19,Demir Hasat - 1,3,40,Gold
8,Patlama yolu,bahcivan,standart,107,kırılma,19,Kesim Tekniği - 3,1,65,Gold
8,Patlama yolu,bahcivan,standart,107,kırılma,19,Geniş Süpürüş - 2,1,40,Gold
8,Patlama yolu,bahcivan,standart,107,kırılma,19,Geniş Süpürüş - 2,2,45,Gold
8,Patlama yolu,bahcivan,standart,107,kırılma,19,Taş Hasat - 1,1,35,Iron
8,Patlama yolu,bahcivan,standart,107,kırılma,19,Verimli Üretim - 1,1,200,Iron
8,Patlama yolu,bahcivan,standart,107,kırılma,20,Hasat Rekoru - 1,1,180,Gold
8,Patlama yolu,bahcivan,standart,107,kırılma,20,Güçlü Kesim - 1,2,160,Gold
8,Patlama yolu,bahcivan,standart,107,kırılma,20,Taş Hasat - 1,2,45,Iron
8,Patlama yolu,bahcivan,standart,107,kırılma,20,Taş Hasat - 1,3,55,Iron
8,Patlama yolu,bahcivan,standart,107,kırılma,21,Akıcı Kesim - 1,1,160,Gold
8,Patlama yolu,bahcivan,standart,107,kırılma,21,Kesim Tekniği - 3,2,70,Gold
8,Patlama yolu,bahcivan,standart,107,kırılma,21,Demir Hasat - 2,1,50,Gold
8,Patlama yolu,bahcivan,standart,107,kırılma,21,Güçlü Kesim - 1,3,195,Gold
8,Patlama yolu,bahcivan,standart,107,kırılma,21,Akıcı Kesim - 1,2,210,Gold
8,Patlama yolu,bahcivan,standart,107,kırılma,21,Demir Hasat - 2,2,55,Gold
8,Patlama yolu,bahcivan,standart,107,kırılma,21,Geniş Süpürüş - 3,1,55,Gold
8,Patlama yolu,bahcivan,standart,107,kırılma,21,Nadir Filizler - 1,1,230,Iron
8,Patlama yolu,bahcivan,standart,107,kırılma,22,Hasat Rekoru - 1,2,240,Gold
8,Patlama yolu,bahcivan,standart,107,kırılma,22,Kesim Tekniği - 4,1,80,Gold
8,Patlama yolu,bahcivan,standart,107,kırılma,22,Güçlü Kesim - 2,1,230,Gold
8,Patlama yolu,bahcivan,standart,107,kırılma,22,Altın Hasat II - 1,1,180,Gold
8,Patlama yolu,bahcivan,standart,107,kırılma,22,Taş Hasat - 2,1,65,Iron
8,Patlama yolu,bahcivan,standart,107,kırılma,23,Kesim Tekniği - 4,2,85,Gold
8,Patlama yolu,bahcivan,standart,107,kırılma,23,Akıcı Kesim - 1,3,260,Gold
8,Patlama yolu,bahcivan,standart,107,kırılma,23,Demir Hasat - 3,1,65,Gold
8,Patlama yolu,bahcivan,standart,107,kırılma,23,Geniş Süpürüş - 3,2,60,Gold
8,Patlama yolu,bahcivan,standart,107,kırılma,23,Grid Genişleme II,1,100,Stone
8,Patlama yolu,bahcivan,standart,107,kırılma,23,Verimli Üretim - 1,2,260,Iron
8,Patlama yolu,bahcivan,standart,107,kırılma,23,Geniş Süpürüş - 4,1,65,Gold
8,Patlama yolu,bahcivan,standart,107,kırılma,23,Demir Hasat - 3,2,70,Gold
8,Patlama yolu,bahcivan,standart,107,kırılma,24,Hasat Rekoru - 1,3,290,Gold
8,Patlama yolu,bahcivan,standart,107,kırılma,24,Nadir Filizler - 1,2,300,Iron
8,Patlama yolu,bahcivan,standart,107,kırılma,24,Taş Hasat - 2,2,80,Iron
8,Patlama yolu,bahcivan,standart,107,kırılma,24,Zengin Cevher - 1,1,50,Stone
8,Patlama yolu,bahcivan,standart,107,kırılma,25,Güçlü Kesim - 2,2,270,Gold
8,Patlama yolu,bahcivan,standart,107,kırılma,25,Altın Hasat II - 1,2,240,Gold
8,Patlama yolu,bahcivan,standart,107,kırılma,25,Akıcı Kesim - 2,1,310,Gold
8,Patlama yolu,bahcivan,standart,107,kırılma,25,Geniş Tarama - 1,1,160,Gold
8,Patlama yolu,bahcivan,standart,107,kırılma,25,Kesim Ustalığı - 1,1,560,Iron
8,Patlama yolu,bahcivan,standart,107,kırılma,26,Güçlü Kesim - 3,1,300,Gold
8,Patlama yolu,bahcivan,standart,107,kırılma,26,Altın Hasat II - 1,3,290,Gold
8,Patlama yolu,bahcivan,standart,107,kırılma,26,Hasat Rekoru - 2,1,350,Gold
8,Patlama yolu,bahcivan,standart,107,kırılma,26,Verimli Üretim - 1,3,320,Iron
8,Patlama yolu,bahcivan,standart,107,kırılma,26,Geniş Süpürüş - 4,2,70,Gold
8,Patlama yolu,bahcivan,standart,107,kırılma,26,Demir Hasat - 4,1,80,Gold
8,Patlama yolu,bahcivan,standart,107,kırılma,26,Taş Hasat - 3,1,90,Iron
8,Patlama yolu,bahcivan,standart,107,kırılma,27,Akıcı Kesim - 2,2,360,Gold
8,Patlama yolu,bahcivan,standart,107,kırılma,27,Geniş Tarama - 1,2,210,Gold
8,Patlama yolu,bahcivan,standart,107,kırılma,27,Kesim Ustalığı - 1,2,720,Iron
8,Patlama yolu,bahcivan,standart,107,kırılma,27,Güçlü Kesim - 3,2,340,Gold
8,Patlama yolu,bahcivan,standart,107,kırılma,27,Altın Hasat II - 2,1,350,Gold
8,Patlama yolu,bahcivan,standart,107,kırılma,27,Demir Hasat - 4,2,85,Gold
8,Patlama yolu,bahcivan,standart,107,kırılma,27,Zengin Cevher - 1,2,65,Stone
8,Patlama yolu,bahcivan,standart,107,kırılma,28,Nadir Filizler - 1,3,360,Iron
8,Patlama yolu,bahcivan,standart,107,kırılma,28,İkinci Vazgeçiş,1,800,Iron
8,Patlama yolu,bahcivan,standart,107,kırılma,28,Akıcı Kesim - 3,1,400,Gold
8,Patlama yolu,bahcivan,standart,107,kırılma,28,Geniş Tarama - 1,3,260,Gold
8,Patlama yolu,bahcivan,standart,107,kırılma,28,Hasat Deneyimi II - 1,1,450,Gold
8,Patlama yolu,bahcivan,standart,107,kırılma,28,Hasat Rekoru - 2,2,400,Gold
8,Patlama yolu,bahcivan,standart,107,kırılma,29,Verimli Üretim - 2,1,380,Iron
8,Patlama yolu,bahcivan,standart,107,kırılma,29,Güçlü Kesim - 4,1,380,Gold
8,Patlama yolu,bahcivan,standart,107,kırılma,29,Altın Hasat II - 2,2,400,Gold
8,Patlama yolu,bahcivan,standart,107,kırılma,29,Kritik Odak - 1,1,150,Gold
8,Patlama yolu,bahcivan,standart,107,kırılma,29,Taş Hasat - 3,2,100,Iron
8,Patlama yolu,bahcivan,standart,107,kırılma,29,Kritik Odak - 1,2,195,Gold
8,Patlama yolu,bahcivan,standart,107,kırılma,29,Zengin Cevher - 1,3,80,Stone
8,Patlama yolu,bahcivan,standart,107,kırılma,29,Taş Hasat - 4,1,110,Iron
8,Patlama yolu,bahcivan,standart,107,kırılma,30,Ağır Kesim - 1,1,1200,Gold
8,Patlama yolu,bahcivan,standart,107,kırılma,30,Kesim Ustalığı - 1,3,890,Iron
8,Patlama yolu,bahcivan,standart,107,kırılma,31,Nadir Filizler - 2,1,430,Iron
8,Patlama yolu,bahcivan,standart,107,kırılma,31,Akıcı Kesim - 3,2,450,Gold
8,Patlama yolu,bahcivan,standart,107,kırılma,31,Geniş Tarama - 2,1,310,Gold
8,Patlama yolu,bahcivan,standart,107,kırılma,31,Kart Sezgisi - 1,1,710,Gold
8,Patlama yolu,bahcivan,standart,107,kırılma,31,Verimli Üretim - 2,2,440,Iron
8,Patlama yolu,bahcivan,standart,107,kırılma,31,Zengin Cevher - 2,1,95,Stone
8,Patlama yolu,bahcivan,standart,107,kırılma,31,Taş Hasat - 4,2,120,Iron
8,Patlama yolu,bahcivan,standart,107,kırılma,32,Hasat Deneyimi II - 1,2,590,Gold
8,Patlama yolu,bahcivan,standart,107,kırılma,32,Altın Hasat II - 3,1,450,Gold
8,Patlama yolu,bahcivan,standart,107,kırılma,32,Güçlü Kesim - 4,2,410,Gold
8,Patlama yolu,bahcivan,standart,107,kırılma,32,Kesim Ustalığı - 2,1,1100,Iron
8,Patlama yolu,bahcivan,standart,107,kırılma,32,Geniş Tarama - 2,2,360,Gold
8,Patlama yolu,bahcivan,standart,107,kırılma,32,Kritik Odak - 1,3,240,Gold
8,Patlama yolu,bahcivan,standart,107,kırılma,33,Ağır Kesim - 1,2,1600,Gold
8,Patlama yolu,bahcivan,standart,107,kırılma,33,Hasat Rekoru - 3,1,450,Gold
8,Patlama yolu,bahcivan,standart,107,kırılma,33,Nadir Filizler - 2,2,500,Iron
8,Patlama yolu,bahcivan,standart,107,kırılma,33,Verimli Üretim - 3,1,510,Iron
8,Patlama yolu,bahcivan,standart,107,kırılma,33,Zengin Cevher - 2,2,110,Stone
8,Patlama yolu,bahcivan,standart,107,kırılma,34,Akıcı Kesim - 4,1,500,Gold
8,Patlama yolu,bahcivan,standart,107,kırılma,34,Hasat Deneyimi II - 1,3,730,Gold
8,Patlama yolu,bahcivan,standart,107,kırılma,34,Kart Sezgisi - 1,2,920,Gold
8,Patlama yolu,bahcivan,standart,107,kırılma,34,Kesim Ustalığı - 2,2,1200,Iron
8,Patlama yolu,bahcivan,standart,107,kırılma,35,Altın Hasat II - 3,2,510,Gold
8,Patlama yolu,bahcivan,standart,107,kırılma,35,Geniş Tarama - 3,1,400,Gold
8,Patlama yolu,bahcivan,standart,107,kırılma,35,Verimli Üretim - 3,2,570,Iron
8,Patlama yolu,bahcivan,standart,107,kırılma,35,Nadir Filizler - 3,1,570,Iron
8,Patlama yolu,bahcivan,standart,107,kırılma,35,Geniş Tarama - 3,2,450,Gold
8,Patlama yolu,bahcivan,standart,107,kırılma,35,Kritik Odak - 2,1,290,Gold
8,Patlama yolu,bahcivan,standart,107,kırılma,35,Kritik Odak - 2,2,330,Gold
8,Patlama yolu,bahcivan,standart,107,kırılma,35,Zengin Cevher - 3,1,125,Stone
8,Patlama yolu,bahcivan,standart,107,kırılma,36,Ağır Kesim - 1,3,1900,Gold
8,Patlama yolu,bahcivan,standart,107,kırılma,36,Akıcı Kesim - 4,2,550,Gold
8,Patlama yolu,bahcivan,standart,107,kırılma,36,Kesim Ustalığı - 3,1,1400,Iron
8,Patlama yolu,bahcivan,standart,107,kırılma,37,Hasat Deneyimi II - 2,1,860,Gold
8,Patlama yolu,bahcivan,standart,107,kırılma,37,Hasat Rekoru - 3,2,510,Gold
8,Patlama yolu,bahcivan,standart,107,kırılma,37,Altın Hasat II - 4,1,560,Gold
8,Patlama yolu,bahcivan,standart,107,kırılma,37,Kart Sezgisi - 1,3,1100,Gold
8,Patlama yolu,bahcivan,standart,107,kırılma,37,Verimli Üretim - 4,1,630,Iron
8,Patlama yolu,bahcivan,standart,107,kırılma,37,Nadir Filizler - 3,2,640,Iron
8,Patlama yolu,bahcivan,standart,107,kırılma,37,Zengin Cevher - 3,2,140,Stone
8,Patlama yolu,bahcivan,standart,107,kırılma,38,Ağır Kesim - 2,1,2300,Gold
8,Patlama yolu,bahcivan,standart,107,kırılma,38,Kesim Ustalığı - 3,2,1600,Iron
8,Patlama yolu,bahcivan,standart,107,kırılma,39,Hasat Deneyimi II - 2,2,1000,Gold
8,Patlama yolu,bahcivan,standart,107,kırılma,39,Altın Hasat II - 4,2,620,Gold
8,Patlama yolu,bahcivan,standart,107,kırılma,39,Kart Sezgisi - 2,1,1300,Gold
8,Patlama yolu,bahcivan,standart,107,kırılma,39,Hasat Rekoru - 4,1,560,Gold
8,Patlama yolu,bahcivan,standart,107,kırılma,39,Geniş Tarama - 4,1,500,Gold
8,Patlama yolu,bahcivan,standart,107,kırılma,39,Verimli Üretim - 4,2,690,Iron
8,Patlama yolu,bahcivan,standart,107,kırılma,39,Nadir Filizler - 4,1,700,Iron
8,Patlama yolu,bahcivan,standart,107,kırılma,39,Zengin Cevher - 4,1,155,Stone
8,Patlama yolu,bahcivan,standart,107,kırılma,40,Geniş Tarama - 4,2,550,Gold
8,Patlama yolu,bahcivan,standart,107,kırılma,40,Hasat Rekoru - 4,2,620,Gold
8,Patlama yolu,bahcivan,standart,107,kırılma,40,Kesim Ustalığı - 4,1,1700,Iron
8,Patlama yolu,bahcivan,standart,107,kırılma,40,Kritik Odak - 3,1,380,Gold
8,Patlama yolu,bahcivan,standart,107,kırılma,40,Kritik Odak - 3,2,420,Gold
8,Patlama yolu,bahcivan,standart,107,kırılma,40,Kritik Güç - 1,1,150,Stone
8,Patlama yolu,bahcivan,standart,107,kırılma,41,Ağır Kesim - 2,2,2700,Gold
8,Patlama yolu,bahcivan,standart,107,kırılma,41,Hasat Deneyimi II - 3,1,1100,Gold
8,Patlama yolu,bahcivan,standart,107,kırılma,41,Nadir Filizler - 4,2,770,Iron
8,Patlama yolu,bahcivan,standart,107,kırılma,41,Grid Genişleme II,2,1800,Stone
8,Patlama yolu,bahcivan,standart,107,kırılma,41,Zengin Cevher - 4,2,170,Stone
8,Patlama yolu,bahcivan,standart,107,kırılma,42,Kart Sezgisi - 2,2,1600,Gold
8,Patlama yolu,bahcivan,standart,107,kırılma,42,Kesim Ustalığı - 4,2,1900,Iron
8,Patlama yolu,bahcivan,standart,107,kırılma,42,Kritik Odak - 4,1,470,Gold
8,Patlama yolu,bahcivan,standart,107,kırılma,42,Kritik Güç - 1,2,195,Stone
8,Patlama yolu,bahcivan,standart,107,kırılma,43,Ağır Kesim - 3,1,3000,Gold
8,Patlama yolu,bahcivan,standart,107,kırılma,43,Hasat Deneyimi II - 3,2,1300,Gold
8,Patlama yolu,bahcivan,standart,107,kırılma,43,Kritik Odak - 4,2,520,Gold
8,Patlama yolu,bahcivan,standart,107,kırılma,44,Ağır Kesim - 3,2,3400,Gold
8,Patlama yolu,bahcivan,standart,107,kırılma,44,Kart Sezgisi - 3,1,1800,Gold
8,Patlama yolu,bahcivan,standart,107,kırılma,44,Kritik Güç - 1,3,240,Stone
8,Patlama yolu,bahcivan,standart,107,kırılma,45,Hasat Deneyimi II - 4,1,1400,Gold
8,Patlama yolu,bahcivan,standart,107,kırılma,45,Ağır Kesim - 4,1,3800,Gold
8,Patlama yolu,bahcivan,standart,107,kırılma,46,Hasat Deneyimi II - 4,2,1500,Gold
8,Patlama yolu,bahcivan,standart,107,kırılma,46,Kart Sezgisi - 3,2,2000,Gold
8,Patlama yolu,bahcivan,standart,107,kırılma,46,Kritik Güç - 2,1,290,Stone
8,Patlama yolu,bahcivan,standart,107,kırılma,47,Ağır Kesim - 4,2,4100,Gold
8,Patlama yolu,bahcivan,standart,107,kırılma,48,Kart Sezgisi - 4,1,2200,Gold
8,Patlama yolu,bahcivan,standart,107,kırılma,48,Kart Sezgisi - 4,2,2400,Gold
8,Patlama yolu,bahcivan,standart,107,kırılma,48,Kritik Güç - 2,2,330,Stone
9,Patlama yolu,bahcivan,standart,108,kırılma,2,Keskin Başlangıç - 1,1,5,Gold
9,Patlama yolu,bahcivan,standart,108,kırılma,2,Keskin Başlangıç - 1,2,7,Gold
9,Patlama yolu,bahcivan,standart,108,kırılma,3,Altın Hasat I - 1,1,7,Gold
9,Patlama yolu,bahcivan,standart,108,kırılma,4,Düzenli Üretim - 1,1,6,Gold
9,Patlama yolu,bahcivan,standart,108,kırılma,4,Keskin Başlangıç - 1,3,8,Gold
9,Patlama yolu,bahcivan,standart,108,kırılma,4,Hızlı Eller - 1,1,7,Gold
9,Patlama yolu,bahcivan,standart,108,kırılma,4,Hasat Deneyimi I - 1,1,6,Gold
9,Patlama yolu,bahcivan,standart,108,kırılma,5,Grid Genişleme I,1,30,Gold
9,Patlama yolu,bahcivan,standart,108,kırılma,6,Altın Hasat I - 1,2,9,Gold
9,Patlama yolu,bahcivan,standart,108,kırılma,6,Keskin Başlangıç - 2,1,10,Gold
9,Patlama yolu,bahcivan,standart,108,kırılma,6,Düzenli Üretim - 1,2,8,Gold
9,Patlama yolu,bahcivan,standart,108,kırılma,6,Hızlı Eller - 1,2,9,Gold
9,Patlama yolu,bahcivan,standart,108,kırılma,7,Keskin Başlangıç - 2,2,11,Gold
9,Patlama yolu,bahcivan,standart,108,kırılma,7,Altın Hasat I - 1,3,11,Gold
9,Patlama yolu,bahcivan,standart,108,kırılma,8,1×3 Saksı,1,30,Gold
9,Patlama yolu,bahcivan,standart,108,kırılma,8,Keskin Başlangıç - 3,1,13,Gold
9,Patlama yolu,bahcivan,standart,108,kırılma,9,Düzenli Üretim - 1,3,10,Gold
9,Patlama yolu,bahcivan,standart,108,kırılma,9,Hızlı Eller - 1,3,11,Gold
9,Patlama yolu,bahcivan,standart,108,kırılma,9,Altın Hasat I - 2,1,13,Gold
9,Patlama yolu,bahcivan,standart,108,kırılma,9,Keskin Başlangıç - 3,2,14,Gold
9,Patlama yolu,bahcivan,standart,108,kırılma,10,Kesim Tekniği - 1,1,25,Gold
9,Patlama yolu,bahcivan,standart,108,kırılma,10,Hızlı Eller - 2,1,12,Gold
9,Patlama yolu,bahcivan,standart,108,kırılma,10,Altın Hasat I - 2,2,16,Gold
9,Patlama yolu,bahcivan,standart,108,kırılma,11,Düzenli Üretim - 2,1,12,Gold
9,Patlama yolu,bahcivan,standart,108,kırılma,11,Hasat Deneyimi I - 1,2,8,Gold
9,Patlama yolu,bahcivan,standart,108,kırılma,11,Keskin Başlangıç - 4,1,16,Gold
9,Patlama yolu,bahcivan,standart,108,kırılma,11,Hızlı Eller - 2,2,14,Gold
9,Patlama yolu,bahcivan,standart,108,kırılma,11,Grid Genişleme I,2,30,Iron
9,Patlama yolu,bahcivan,standart,108,kırılma,12,Kesim Tekniği - 1,2,35,Gold
9,Patlama yolu,bahcivan,standart,108,kırılma,12,Altın Hasat I - 3,1,18,Gold
9,Patlama yolu,bahcivan,standart,108,kırılma,12,Keskin Başlangıç - 4,2,17,Gold
9,Patlama yolu,bahcivan,standart,108,kırılma,12,Hasat Deneyimi I - 1,3,10,Gold
9,Patlama yolu,bahcivan,standart,108,kırılma,12,Düzenli Üretim - 2,2,13,Gold
9,Patlama yolu,bahcivan,standart,108,kırılma,13,2×2 Saksı,1,80,Gold
9,Patlama yolu,bahcivan,standart,108,kırılma,13,Hızlı Eller - 3,1,16,Gold
9,Patlama yolu,bahcivan,standart,108,kırılma,13,Çifte Hasat Kartları,1,25,Iron
9,Patlama yolu,bahcivan,standart,108,kırılma,14,Altın Hasat I - 3,2,20,Gold
9,Patlama yolu,bahcivan,standart,108,kırılma,14,Kesim Tekniği - 1,3,40,Gold
9,Patlama yolu,bahcivan,standart,108,kırılma,14,Hasat Deneyimi I - 2,1,12,Gold
9,Patlama yolu,bahcivan,standart,108,kırılma,14,Demir Hasat - 1,1,25,Gold
9,Patlama yolu,bahcivan,standart,108,kırılma,15,Hızlı Eller - 3,2,18,Gold
9,Patlama yolu,bahcivan,standart,108,kırılma,15,Düzenli Üretim - 3,1,15,Gold
9,Patlama yolu,bahcivan,standart,108,kırılma,15,Altın Hasat I - 4,1,22,Gold
9,Patlama yolu,bahcivan,standart,108,kırılma,15,Geniş Süpürüş - 1,1,21,Gold
9,Patlama yolu,bahcivan,standart,108,kırılma,16,Kesim Tekniği - 2,1,50,Gold
9,Patlama yolu,bahcivan,standart,108,kırılma,16,Hasat Deneyimi I - 2,2,14,Gold
9,Patlama yolu,bahcivan,standart,108,kırılma,16,Hızlı Eller - 4,1,20,Gold
9,Patlama yolu,bahcivan,standart,108,kırılma,16,Altın Hasat I - 4,2,24,Gold
9,Patlama yolu,bahcivan,standart,108,kırılma,16,Demir Hasat - 1,2,35,Gold
9,Patlama yolu,bahcivan,standart,108,kırılma,16,Düzenli Üretim - 3,2,17,Gold
9,Patlama yolu,bahcivan,standart,108,kırılma,16,Geniş Süpürüş - 1,2,28,Gold
9,Patlama yolu,bahcivan,standart,108,kırılma,17,Güçlü Kesim - 1,1,120,Gold
9,Patlama yolu,bahcivan,standart,108,kırılma,17,Hızlı Eller - 4,2,22,Gold
9,Patlama yolu,bahcivan,standart,108,kırılma,17,Kesim Tekniği - 2,2,55,Gold
9,Patlama yolu,bahcivan,standart,108,kırılma,17,Hasat Deneyimi I - 3,1,16,Gold
9,Patlama yolu,bahcivan,standart,108,kırılma,17,Düzenli Üretim - 4,1,19,Gold
9,Patlama yolu,bahcivan,standart,108,kırılma,18,2×3 Saksı,1,200,Gold
9,Patlama yolu,bahcivan,standart,108,kırılma,19,Demir Hasat - 1,3,40,Gold
9,Patlama yolu,bahcivan,standart,108,kırılma,19,Geniş Süpürüş - 1,3,35,Gold
9,Patlama yolu,bahcivan,standart,108,kırılma,19,İlk Vazgeçiş,1,150,Gold
9,Patlama yolu,bahcivan,standart,108,kırılma,19,Hasat Deneyimi I - 3,2,18,Gold
9,Patlama yolu,bahcivan,standart,108,kırılma,19,Kesim Tekniği - 3,1,65,Gold
9,Patlama yolu,bahcivan,standart,108,kırılma,19,Düzenli Üretim - 4,2,21,Gold
9,Patlama yolu,bahcivan,standart,108,kırılma,19,Geniş Süpürüş - 2,1,40,Gold
9,Patlama yolu,bahcivan,standart,108,kırılma,19,Hasat Deneyimi I - 4,1,20,Gold
9,Patlama yolu,bahcivan,standart,108,kırılma,19,Geniş Süpürüş - 2,2,45,Gold
9,Patlama yolu,bahcivan,standart,108,kırılma,19,Hasat Deneyimi I - 4,2,21,Gold
9,Patlama yolu,bahcivan,standart,108,kırılma,19,Taş Hasat - 1,1,35,Iron
9,Patlama yolu,bahcivan,standart,108,kırılma,19,Taş Hasat - 1,2,45,Iron
9,Patlama yolu,bahcivan,standart,108,kırılma,20,Hasat Rekoru - 1,1,180,Gold
9,Patlama yolu,bahcivan,standart,108,kırılma,20,Verimli Üretim - 1,1,200,Iron
9,Patlama yolu,bahcivan,standart,108,kırılma,21,Güçlü Kesim - 1,2,160,Gold
9,Patlama yolu,bahcivan,standart,108,kırılma,21,Akıcı Kesim - 1,1,160,Gold
9,Patlama yolu,bahcivan,standart,108,kırılma,21,Kesim Tekniği - 3,2,70,Gold
9,Patlama yolu,bahcivan,standart,108,kırılma,21,Demir Hasat - 2,1,50,Gold
9,Patlama yolu,bahcivan,standart,108,kırılma,21,Güçlü Kesim - 1,3,195,Gold
9,Patlama yolu,bahcivan,standart,108,kırılma,21,Taş Hasat - 1,3,55,Iron
9,Patlama yolu,bahcivan,standart,108,kırılma,22,Akıcı Kesim - 1,2,210,Gold
9,Patlama yolu,bahcivan,standart,108,kırılma,22,Hasat Rekoru - 1,2,240,Gold
9,Patlama yolu,bahcivan,standart,108,kırılma,22,Kesim Tekniği - 4,1,80,Gold
9,Patlama yolu,bahcivan,standart,108,kırılma,22,Demir Hasat - 2,2,55,Gold
9,Patlama yolu,bahcivan,standart,108,kırılma,22,Geniş Süpürüş - 3,1,55,Gold
9,Patlama yolu,bahcivan,standart,108,kırılma,22,Nadir Filizler - 1,1,230,Iron
9,Patlama yolu,bahcivan,standart,108,kırılma,22,Grid Genişleme II,1,100,Stone
9,Patlama yolu,bahcivan,standart,108,kırılma,22,Taş Hasat - 2,1,65,Iron
9,Patlama yolu,bahcivan,standart,108,kırılma,23,Güçlü Kesim - 2,1,230,Gold
9,Patlama yolu,bahcivan,standart,108,kırılma,23,Verimli Üretim - 1,2,260,Iron
9,Patlama yolu,bahcivan,standart,108,kırılma,24,Altın Hasat II - 1,1,180,Gold
9,Patlama yolu,bahcivan,standart,108,kırılma,24,Kesim Tekniği - 4,2,85,Gold
9,Patlama yolu,bahcivan,standart,108,kırılma,24,Akıcı Kesim - 1,3,260,Gold
9,Patlama yolu,bahcivan,standart,108,kırılma,24,Demir Hasat - 3,1,65,Gold
9,Patlama yolu,bahcivan,standart,108,kırılma,24,Geniş Süpürüş - 3,2,60,Gold
9,Patlama yolu,bahcivan,standart,108,kırılma,24,Zengin Cevher - 1,1,50,Stone
9,Patlama yolu,bahcivan,standart,108,kırılma,25,Hasat Rekoru - 1,3,290,Gold
9,Patlama yolu,bahcivan,standart,108,kırılma,25,Nadir Filizler - 1,2,300,Iron
9,Patlama yolu,bahcivan,standart,108,kırılma,25,Geniş Süpürüş - 4,1,65,Gold
9,Patlama yolu,bahcivan,standart,108,kırılma,25,Taş Hasat - 2,2,80,Iron
9,Patlama yolu,bahcivan,standart,108,kırılma,25,Taş Hasat - 3,1,90,Iron
9,Patlama yolu,bahcivan,standart,108,kırılma,26,Güçlü Kesim - 2,2,270,Gold
9,Patlama yolu,bahcivan,standart,108,kırılma,26,Altın Hasat II - 1,2,240,Gold
9,Patlama yolu,bahcivan,standart,108,kırılma,26,Demir Hasat - 3,2,70,Gold
9,Patlama yolu,bahcivan,standart,108,kırılma,26,Geniş Süpürüş - 4,2,70,Gold
9,Patlama yolu,bahcivan,standart,108,kırılma,27,Akıcı Kesim - 2,1,310,Gold
9,Patlama yolu,bahcivan,standart,108,kırılma,27,Geniş Tarama - 1,1,160,Gold
9,Patlama yolu,bahcivan,standart,108,kırılma,27,Kesim Ustalığı - 1,1,560,Iron
9,Patlama yolu,bahcivan,standart,108,kırılma,27,Güçlü Kesim - 3,1,300,Gold
9,Patlama yolu,bahcivan,standart,108,kırılma,27,Zengin Cevher - 1,2,65,Stone
9,Patlama yolu,bahcivan,standart,108,kırılma,28,Altın Hasat II - 1,3,290,Gold
9,Patlama yolu,bahcivan,standart,108,kırılma,28,Hasat Rekoru - 2,1,350,Gold
9,Patlama yolu,bahcivan,standart,108,kırılma,28,Verimli Üretim - 1,3,320,Iron
9,Patlama yolu,bahcivan,standart,108,kırılma,28,Demir Hasat - 4,1,80,Gold
9,Patlama yolu,bahcivan,standart,108,kırılma,28,Demir Hasat - 4,2,85,Gold
9,Patlama yolu,bahcivan,standart,108,kırılma,28,Taş Hasat - 3,2,100,Iron
9,Patlama yolu,bahcivan,standart,108,kırılma,29,Akıcı Kesim - 2,2,360,Gold
9,Patlama yolu,bahcivan,standart,108,kırılma,29,Geniş Tarama - 1,2,210,Gold
9,Patlama yolu,bahcivan,standart,108,kırılma,29,Zengin Cevher - 1,3,80,Stone
9,Patlama yolu,bahcivan,standart,108,kırılma,29,Taş Hasat - 4,1,110,Iron
9,Patlama yolu,bahcivan,standart,108,kırılma,30,Kesim Ustalığı - 1,2,720,Iron
9,Patlama yolu,bahcivan,standart,108,kırılma,30,Güçlü Kesim - 3,2,340,Gold
9,Patlama yolu,bahcivan,standart,108,kırılma,30,Altın Hasat II - 2,1,350,Gold
9,Patlama yolu,bahcivan,standart,108,kırılma,31,Nadir Filizler - 1,3,360,Iron
9,Patlama yolu,bahcivan,standart,108,kırılma,31,Akıcı Kesim - 3,1,400,Gold
9,Patlama yolu,bahcivan,standart,108,kırılma,31,Geniş Tarama - 1,3,260,Gold
9,Patlama yolu,bahcivan,standart,108,kırılma,31,Hasat Deneyimi II - 1,1,450,Gold
9,Patlama yolu,bahcivan,standart,108,kırılma,31,Hasat Rekoru - 2,2,400,Gold
9,Patlama yolu,bahcivan,standart,108,kırılma,31,Zengin Cevher - 2,1,95,Stone
9,Patlama yolu,bahcivan,standart,108,kırılma,31,Taş Hasat - 4,2,120,Iron
9,Patlama yolu,bahcivan,standart,108,kırılma,32,İkinci Vazgeçiş,1,800,Iron
9,Patlama yolu,bahcivan,standart,108,kırılma,32,Verimli Üretim - 2,1,380,Iron
9,Patlama yolu,bahcivan,standart,108,kırılma,32,Güçlü Kesim - 4,1,380,Gold
9,Patlama yolu,bahcivan,standart,108,kırılma,32,Altın Hasat II - 2,2,400,Gold
9,Patlama yolu,bahcivan,standart,108,kırılma,32,Kritik Odak - 1,1,150,Gold
9,Patlama yolu,bahcivan,standart,108,kırılma,32,Kritik Odak - 1,2,195,Gold
9,Patlama yolu,bahcivan,standart,108,kırılma,32,Kritik Odak - 1,3,240,Gold
9,Patlama yolu,bahcivan,standart,108,kırılma,33,Ağır Kesim - 1,1,1200,Gold
9,Patlama yolu,bahcivan,standart,108,kırılma,33,Akıcı Kesim - 3,2,450,Gold
9,Patlama yolu,bahcivan,standart,108,kırılma,33,Geniş Tarama - 2,1,310,Gold
9,Patlama yolu,bahcivan,standart,108,kırılma,33,Zengin Cevher - 2,2,110,Stone
9,Patlama yolu,bahcivan,standart,108,kırılma,34,Kesim Ustalığı - 1,3,890,Iron
9,Patlama yolu,bahcivan,standart,108,kırılma,34,Nadir Filizler - 2,1,430,Iron
9,Patlama yolu,bahcivan,standart,108,kırılma,34,Kart Sezgisi - 1,1,710,Gold
9,Patlama yolu,bahcivan,standart,108,kırılma,34,Hasat Deneyimi II - 1,2,590,Gold
9,Patlama yolu,bahcivan,standart,108,kırılma,34,Altın Hasat II - 3,1,450,Gold
9,Patlama yolu,bahcivan,standart,108,kırılma,35,Verimli Üretim - 2,2,440,Iron
9,Patlama yolu,bahcivan,standart,108,kırılma,35,Güçlü Kesim - 4,2,410,Gold
9,Patlama yolu,bahcivan,standart,108,kırılma,35,Geniş Tarama - 2,2,360,Gold
9,Patlama yolu,bahcivan,standart,108,kırılma,35,Geniş Tarama - 3,1,400,Gold
9,Patlama yolu,bahcivan,standart,108,kırılma,35,Kritik Odak - 2,1,290,Gold
9,Patlama yolu,bahcivan,standart,108,kırılma,35,Kritik Odak - 2,2,330,Gold
9,Patlama yolu,bahcivan,standart,108,kırılma,35,Zengin Cevher - 3,1,125,Stone
9,Patlama yolu,bahcivan,standart,108,kırılma,36,Ağır Kesim - 1,2,1600,Gold
9,Patlama yolu,bahcivan,standart,108,kırılma,36,Kesim Ustalığı - 2,1,1100,Iron
9,Patlama yolu,bahcivan,standart,108,kırılma,36,Hasat Rekoru - 3,1,450,Gold
9,Patlama yolu,bahcivan,standart,108,kırılma,36,Akıcı Kesim - 4,1,500,Gold
9,Patlama yolu,bahcivan,standart,108,kırılma,36,Nadir Filizler - 2,2,500,Iron
9,Patlama yolu,bahcivan,standart,108,kırılma,37,Hasat Deneyimi II - 1,3,730,Gold
9,Patlama yolu,bahcivan,standart,108,kırılma,37,Verimli Üretim - 3,1,510,Iron
9,Patlama yolu,bahcivan,standart,108,kırılma,37,Kart Sezgisi - 1,2,920,Gold
9,Patlama yolu,bahcivan,standart,108,kırılma,37,Altın Hasat II - 3,2,510,Gold
9,Patlama yolu,bahcivan,standart,108,kırılma,37,Zengin Cevher - 3,2,140,Stone
9,Patlama yolu,bahcivan,standart,108,kırılma,38,Ağır Kesim - 1,3,1900,Gold
9,Patlama yolu,bahcivan,standart,108,kırılma,38,Akıcı Kesim - 4,2,550,Gold
9,Patlama yolu,bahcivan,standart,108,kırılma,38,Kesim Ustalığı - 2,2,1200,Iron
9,Patlama yolu,bahcivan,standart,108,kırılma,38,Verimli Üretim - 3,2,570,Iron
9,Patlama yolu,bahcivan,standart,108,kırılma,38,Nadir Filizler - 3,1,570,Iron
9,Patlama yolu,bahcivan,standart,108,kırılma,39,Hasat Deneyimi II - 2,1,860,Gold
9,Patlama yolu,bahcivan,standart,108,kırılma,39,Hasat Rekoru - 3,2,510,Gold
9,Patlama yolu,bahcivan,standart,108,kırılma,39,Altın Hasat II - 4,1,560,Gold
9,Patlama yolu,bahcivan,standart,108,kırılma,39,Kesim Ustalığı - 3,1,1400,Iron
9,Patlama yolu,bahcivan,standart,108,kırılma,39,Zengin Cevher - 4,1,155,Stone
9,Patlama yolu,bahcivan,standart,108,kırılma,40,Kart Sezgisi - 1,3,1100,Gold
9,Patlama yolu,bahcivan,standart,108,kırılma,40,Ağır Kesim - 2,1,2300,Gold
9,Patlama yolu,bahcivan,standart,108,kırılma,40,Geniş Tarama - 3,2,450,Gold
9,Patlama yolu,bahcivan,standart,108,kırılma,40,Verimli Üretim - 4,1,630,Iron
9,Patlama yolu,bahcivan,standart,108,kırılma,40,Nadir Filizler - 3,2,640,Iron
9,Patlama yolu,bahcivan,standart,108,kırılma,40,Kritik Güç - 1,1,150,Stone
9,Patlama yolu,bahcivan,standart,108,kırılma,41,Hasat Deneyimi II - 2,2,1000,Gold
9,Patlama yolu,bahcivan,standart,108,kırılma,41,Altın Hasat II - 4,2,620,Gold
9,Patlama yolu,bahcivan,standart,108,kırılma,41,Kart Sezgisi - 2,1,1300,Gold
9,Patlama yolu,bahcivan,standart,108,kırılma,41,Kesim Ustalığı - 3,2,1600,Iron
9,Patlama yolu,bahcivan,standart,108,kırılma,41,Grid Genişleme II,2,1800,Stone
9,Patlama yolu,bahcivan,standart,108,kırılma,41,Zengin Cevher - 4,2,170,Stone
9,Patlama yolu,bahcivan,standart,108,kırılma,42,Hasat Rekoru - 4,1,560,Gold
9,Patlama yolu,bahcivan,standart,108,kırılma,42,Ağır Kesim - 2,2,2700,Gold
9,Patlama yolu,bahcivan,standart,108,kırılma,42,Verimli Üretim - 4,2,690,Iron
9,Patlama yolu,bahcivan,standart,108,kırılma,42,Nadir Filizler - 4,1,700,Iron
9,Patlama yolu,bahcivan,standart,108,kırılma,42,Kritik Güç - 1,2,195,Stone
9,Patlama yolu,bahcivan,standart,108,kırılma,43,Geniş Tarama - 4,1,500,Gold
9,Patlama yolu,bahcivan,standart,108,kırılma,43,Hasat Deneyimi II - 3,1,1100,Gold
9,Patlama yolu,bahcivan,standart,108,kırılma,43,Geniş Tarama - 4,2,550,Gold
9,Patlama yolu,bahcivan,standart,108,kırılma,43,Kart Sezgisi - 2,2,1600,Gold
9,Patlama yolu,bahcivan,standart,108,kırılma,43,Kesim Ustalığı - 4,1,1700,Iron
9,Patlama yolu,bahcivan,standart,108,kırılma,43,Nadir Filizler - 4,2,770,Iron
9,Patlama yolu,bahcivan,standart,108,kırılma,44,Ağır Kesim - 3,1,3000,Gold
9,Patlama yolu,bahcivan,standart,108,kırılma,44,Kesim Ustalığı - 4,2,1900,Iron
9,Patlama yolu,bahcivan,standart,108,kırılma,44,Kritik Güç - 1,3,240,Stone
9,Patlama yolu,bahcivan,standart,108,kırılma,45,Hasat Deneyimi II - 3,2,1300,Gold
9,Patlama yolu,bahcivan,standart,108,kırılma,45,Hasat Rekoru - 4,2,620,Gold
9,Patlama yolu,bahcivan,standart,108,kırılma,45,Kritik Odak - 3,1,380,Gold
9,Patlama yolu,bahcivan,standart,108,kırılma,45,Kritik Odak - 3,2,420,Gold
9,Patlama yolu,bahcivan,standart,108,kırılma,45,Kritik Odak - 4,1,470,Gold
9,Patlama yolu,bahcivan,standart,108,kırılma,46,Ağır Kesim - 3,2,3400,Gold
9,Patlama yolu,bahcivan,standart,108,kırılma,46,Kritik Güç - 2,1,290,Stone
9,Patlama yolu,bahcivan,standart,108,kırılma,47,Kart Sezgisi - 3,1,1800,Gold
9,Patlama yolu,bahcivan,standart,108,kırılma,47,Hasat Deneyimi II - 4,1,1400,Gold
9,Patlama yolu,bahcivan,standart,108,kırılma,48,Kritik Odak - 4,2,520,Gold
9,Patlama yolu,bahcivan,standart,108,kırılma,48,Kritik Güç - 2,2,330,Stone
9,Patlama yolu,bahcivan,standart,108,kırılma,49,Ağır Kesim - 4,1,3800,Gold
9,Patlama yolu,bahcivan,standart,108,kırılma,49,Hasat Deneyimi II - 4,2,1500,Gold
10,Patlama yolu,bahcivan,standart,109,kırılma,1,Keskin Başlangıç - 1,1,5,Gold
10,Patlama yolu,bahcivan,standart,109,kırılma,2,Keskin Başlangıç - 1,2,7,Gold
10,Patlama yolu,bahcivan,standart,109,kırılma,3,Altın Hasat I - 1,1,7,Gold
10,Patlama yolu,bahcivan,standart,109,kırılma,3,Düzenli Üretim - 1,1,6,Gold
10,Patlama yolu,bahcivan,standart,109,kırılma,3,Keskin Başlangıç - 1,3,8,Gold
10,Patlama yolu,bahcivan,standart,109,kırılma,4,Hızlı Eller - 1,1,7,Gold
10,Patlama yolu,bahcivan,standart,109,kırılma,4,Hasat Deneyimi I - 1,1,6,Gold
10,Patlama yolu,bahcivan,standart,109,kırılma,6,Grid Genişleme I,1,30,Gold
10,Patlama yolu,bahcivan,standart,109,kırılma,6,Altın Hasat I - 1,2,9,Gold
10,Patlama yolu,bahcivan,standart,109,kırılma,6,Keskin Başlangıç - 2,1,10,Gold
10,Patlama yolu,bahcivan,standart,109,kırılma,6,Düzenli Üretim - 1,2,8,Gold
10,Patlama yolu,bahcivan,standart,109,kırılma,6,Hızlı Eller - 1,2,9,Gold
10,Patlama yolu,bahcivan,standart,109,kırılma,7,Keskin Başlangıç - 2,2,11,Gold
10,Patlama yolu,bahcivan,standart,109,kırılma,7,Altın Hasat I - 1,3,11,Gold
10,Patlama yolu,bahcivan,standart,109,kırılma,8,1×3 Saksı,1,30,Gold
10,Patlama yolu,bahcivan,standart,109,kırılma,9,Keskin Başlangıç - 3,1,13,Gold
10,Patlama yolu,bahcivan,standart,109,kırılma,9,Düzenli Üretim - 1,3,10,Gold
10,Patlama yolu,bahcivan,standart,109,kırılma,10,Hızlı Eller - 1,3,11,Gold
10,Patlama yolu,bahcivan,standart,109,kırılma,10,Altın Hasat I - 2,1,13,Gold
10,Patlama yolu,bahcivan,standart,109,kırılma,10,Keskin Başlangıç - 3,2,14,Gold
10,Patlama yolu,bahcivan,standart,109,kırılma,10,Kesim Tekniği - 1,1,25,Gold
10,Patlama yolu,bahcivan,standart,109,kırılma,11,Hızlı Eller - 2,1,12,Gold
10,Patlama yolu,bahcivan,standart,109,kırılma,11,Altın Hasat I - 2,2,16,Gold
10,Patlama yolu,bahcivan,standart,109,kırılma,11,Düzenli Üretim - 2,1,12,Gold
10,Patlama yolu,bahcivan,standart,109,kırılma,11,Grid Genişleme I,2,30,Iron
10,Patlama yolu,bahcivan,standart,109,kırılma,12,Hasat Deneyimi I - 1,2,8,Gold
10,Patlama yolu,bahcivan,standart,109,kırılma,12,Keskin Başlangıç - 4,1,16,Gold
10,Patlama yolu,bahcivan,standart,109,kırılma,12,Hızlı Eller - 2,2,14,Gold
10,Patlama yolu,bahcivan,standart,109,kırılma,13,Kesim Tekniği - 1,2,35,Gold
10,Patlama yolu,bahcivan,standart,109,kırılma,13,Altın Hasat I - 3,1,18,Gold
10,Patlama yolu,bahcivan,standart,109,kırılma,13,Keskin Başlangıç - 4,2,17,Gold
10,Patlama yolu,bahcivan,standart,109,kırılma,13,Hasat Deneyimi I - 1,3,10,Gold
10,Patlama yolu,bahcivan,standart,109,kırılma,13,Düzenli Üretim - 2,2,13,Gold
10,Patlama yolu,bahcivan,standart,109,kırılma,14,2×2 Saksı,1,80,Gold
10,Patlama yolu,bahcivan,standart,109,kırılma,14,Hızlı Eller - 3,1,16,Gold
10,Patlama yolu,bahcivan,standart,109,kırılma,14,Çifte Hasat Kartları,1,25,Iron
10,Patlama yolu,bahcivan,standart,109,kırılma,15,Altın Hasat I - 3,2,20,Gold
10,Patlama yolu,bahcivan,standart,109,kırılma,16,Kesim Tekniği - 1,3,40,Gold
10,Patlama yolu,bahcivan,standart,109,kırılma,16,Hasat Deneyimi I - 2,1,12,Gold
10,Patlama yolu,bahcivan,standart,109,kırılma,16,Demir Hasat - 1,1,25,Gold
10,Patlama yolu,bahcivan,standart,109,kırılma,16,Hızlı Eller - 3,2,18,Gold
10,Patlama yolu,bahcivan,standart,109,kırılma,16,Düzenli Üretim - 3,1,15,Gold
10,Patlama yolu,bahcivan,standart,109,kırılma,16,Altın Hasat I - 4,1,22,Gold
10,Patlama yolu,bahcivan,standart,109,kırılma,16,Geniş Süpürüş - 1,1,21,Gold
10,Patlama yolu,bahcivan,standart,109,kırılma,17,Kesim Tekniği - 2,1,50,Gold
10,Patlama yolu,bahcivan,standart,109,kırılma,17,Hasat Deneyimi I - 2,2,14,Gold
10,Patlama yolu,bahcivan,standart,109,kırılma,17,Hızlı Eller - 4,1,20,Gold
10,Patlama yolu,bahcivan,standart,109,kırılma,17,Altın Hasat I - 4,2,24,Gold
10,Patlama yolu,bahcivan,standart,109,kırılma,18,Demir Hasat - 1,2,35,Gold
10,Patlama yolu,bahcivan,standart,109,kırılma,18,Düzenli Üretim - 3,2,17,Gold
10,Patlama yolu,bahcivan,standart,109,kırılma,18,Geniş Süpürüş - 1,2,28,Gold
10,Patlama yolu,bahcivan,standart,109,kırılma,18,Hızlı Eller - 4,2,22,Gold
10,Patlama yolu,bahcivan,standart,109,kırılma,18,Hasat Deneyimi I - 3,1,16,Gold
10,Patlama yolu,bahcivan,standart,109,kırılma,18,Düzenli Üretim - 4,1,19,Gold
10,Patlama yolu,bahcivan,standart,109,kırılma,18,Hasat Deneyimi I - 3,2,18,Gold
10,Patlama yolu,bahcivan,standart,109,kırılma,18,Düzenli Üretim - 4,2,21,Gold
10,Patlama yolu,bahcivan,standart,109,kırılma,19,Güçlü Kesim - 1,1,120,Gold
10,Patlama yolu,bahcivan,standart,109,kırılma,20,Kesim Tekniği - 2,2,55,Gold
10,Patlama yolu,bahcivan,standart,109,kırılma,20,Demir Hasat - 1,3,40,Gold
10,Patlama yolu,bahcivan,standart,109,kırılma,20,Geniş Süpürüş - 1,3,35,Gold
10,Patlama yolu,bahcivan,standart,109,kırılma,20,Hasat Deneyimi I - 4,1,20,Gold
10,Patlama yolu,bahcivan,standart,109,kırılma,20,Taş Hasat - 1,1,35,Iron
10,Patlama yolu,bahcivan,standart,109,kırılma,21,2×3 Saksı,1,200,Gold
10,Patlama yolu,bahcivan,standart,109,kırılma,21,Hasat Deneyimi I - 4,2,21,Gold
10,Patlama yolu,bahcivan,standart,109,kırılma,22,İlk Vazgeçiş,1,150,Gold
10,Patlama yolu,bahcivan,standart,109,kırılma,22,Kesim Tekniği - 3,1,65,Gold
10,Patlama yolu,bahcivan,standart,109,kırılma,22,Geniş Süpürüş - 2,1,40,Gold
10,Patlama yolu,bahcivan,standart,109,kırılma,22,Geniş Süpürüş - 2,2,45,Gold
10,Patlama yolu,bahcivan,standart,109,kırılma,22,Taş Hasat - 1,2,45,Iron
10,Patlama yolu,bahcivan,standart,109,kırılma,23,Hasat Rekoru - 1,1,180,Gold
10,Patlama yolu,bahcivan,standart,109,kırılma,23,Güçlü Kesim - 1,2,160,Gold
10,Patlama yolu,bahcivan,standart,109,kırılma,24,Akıcı Kesim - 1,1,160,Gold
10,Patlama yolu,bahcivan,standart,109,kırılma,24,Kesim Tekniği - 3,2,70,Gold
10,Patlama yolu,bahcivan,standart,109,kırılma,24,Demir Hasat - 2,1,50,Gold
10,Patlama yolu,bahcivan,standart,109,kırılma,24,Güçlü Kesim - 1,3,195,Gold
10,Patlama yolu,bahcivan,standart,109,kırılma,25,Akıcı Kesim - 1,2,210,Gold
10,Patlama yolu,bahcivan,standart,109,kırılma,25,Hasat Rekoru - 1,2,240,Gold
10,Patlama yolu,bahcivan,standart,109,kırılma,25,Kesim Tekniği - 4,1,80,Gold
10,Patlama yolu,bahcivan,standart,109,kırılma,25,Demir Hasat - 2,2,55,Gold
10,Patlama yolu,bahcivan,standart,109,kırılma,25,Geniş Süpürüş - 3,1,55,Gold
10,Patlama yolu,bahcivan,standart,109,kırılma,25,Verimli Üretim - 1,1,200,Iron
10,Patlama yolu,bahcivan,standart,109,kırılma,26,Güçlü Kesim - 2,1,230,Gold
10,Patlama yolu,bahcivan,standart,109,kırılma,26,Altın Hasat II - 1,1,180,Gold
10,Patlama yolu,bahcivan,standart,109,kırılma,26,Kesim Tekniği - 4,2,85,Gold
10,Patlama yolu,bahcivan,standart,109,kırılma,26,Nadir Filizler - 1,1,230,Iron
10,Patlama yolu,bahcivan,standart,109,kırılma,26,Akıcı Kesim - 1,3,260,Gold
10,Patlama yolu,bahcivan,standart,109,kırılma,26,Taş Hasat - 1,3,55,Iron
10,Patlama yolu,bahcivan,standart,109,kırılma,27,Demir Hasat - 3,1,65,Gold
10,Patlama yolu,bahcivan,standart,109,kırılma,27,Hasat Rekoru - 1,3,290,Gold
10,Patlama yolu,bahcivan,standart,109,kırılma,27,Geniş Süpürüş - 3,2,60,Gold
10,Patlama yolu,bahcivan,standart,109,kırılma,27,Güçlü Kesim - 2,2,270,Gold
10,Patlama yolu,bahcivan,standart,109,kırılma,27,Grid Genişleme II,1,100,Stone
10,Patlama yolu,bahcivan,standart,109,kırılma,27,Verimli Üretim - 1,2,260,Iron
10,Patlama yolu,bahcivan,standart,109,kırılma,27,Taş Hasat - 2,1,65,Iron
10,Patlama yolu,bahcivan,standart,109,kırılma,28,Altın Hasat II - 1,2,240,Gold
10,Patlama yolu,bahcivan,standart,109,kırılma,28,Nadir Filizler - 1,2,300,Iron
10,Patlama yolu,bahcivan,standart,109,kırılma,28,Geniş Süpürüş - 4,1,65,Gold
10,Patlama yolu,bahcivan,standart,109,kırılma,28,Demir Hasat - 3,2,70,Gold
10,Patlama yolu,bahcivan,standart,109,kırılma,28,Geniş Süpürüş - 4,2,70,Gold
10,Patlama yolu,bahcivan,standart,109,kırılma,28,Taş Hasat - 2,2,80,Iron
10,Patlama yolu,bahcivan,standart,109,kırılma,28,Zengin Cevher - 1,1,50,Stone
10,Patlama yolu,bahcivan,standart,109,kırılma,28,Taş Hasat - 3,1,90,Iron
10,Patlama yolu,bahcivan,standart,109,kırılma,29,Akıcı Kesim - 2,1,310,Gold
10,Patlama yolu,bahcivan,standart,109,kırılma,29,Geniş Tarama - 1,1,160,Gold
10,Patlama yolu,bahcivan,standart,109,kırılma,29,Kesim Ustalığı - 1,1,560,Iron
10,Patlama yolu,bahcivan,standart,109,kırılma,29,Güçlü Kesim - 3,1,300,Gold
10,Patlama yolu,bahcivan,standart,109,kırılma,29,Zengin Cevher - 1,2,65,Stone
10,Patlama yolu,bahcivan,standart,109,kırılma,29,Zengin Cevher - 1,3,80,Stone
10,Patlama yolu,bahcivan,standart,109,kırılma,30,Altın Hasat II - 1,3,290,Gold
10,Patlama yolu,bahcivan,standart,109,kırılma,30,Hasat Rekoru - 2,1,350,Gold
10,Patlama yolu,bahcivan,standart,109,kırılma,30,Akıcı Kesim - 2,2,360,Gold
10,Patlama yolu,bahcivan,standart,109,kırılma,30,Verimli Üretim - 1,3,320,Iron
10,Patlama yolu,bahcivan,standart,109,kırılma,30,Geniş Tarama - 1,2,210,Gold
10,Patlama yolu,bahcivan,standart,109,kırılma,30,Demir Hasat - 4,1,80,Gold
10,Patlama yolu,bahcivan,standart,109,kırılma,30,Taş Hasat - 3,2,100,Iron
10,Patlama yolu,bahcivan,standart,109,kırılma,30,Taş Hasat - 4,1,110,Iron
10,Patlama yolu,bahcivan,standart,109,kırılma,31,Kesim Ustalığı - 1,2,720,Iron
10,Patlama yolu,bahcivan,standart,109,kırılma,31,Güçlü Kesim - 3,2,340,Gold
10,Patlama yolu,bahcivan,standart,109,kırılma,31,Altın Hasat II - 2,1,350,Gold
10,Patlama yolu,bahcivan,standart,109,kırılma,31,Akıcı Kesim - 3,1,400,Gold
10,Patlama yolu,bahcivan,standart,109,kırılma,31,Geniş Tarama - 1,3,260,Gold
10,Patlama yolu,bahcivan,standart,109,kırılma,31,Hasat Deneyimi II - 1,1,450,Gold
10,Patlama yolu,bahcivan,standart,109,kırılma,31,Demir Hasat - 4,2,85,Gold
10,Patlama yolu,bahcivan,standart,109,kırılma,31,Zengin Cevher - 2,1,95,Stone
10,Patlama yolu,bahcivan,standart,109,kırılma,32,Nadir Filizler - 1,3,360,Iron
10,Patlama yolu,bahcivan,standart,109,kırılma,32,İkinci Vazgeçiş,1,800,Iron
10,Patlama yolu,bahcivan,standart,109,kırılma,32,Verimli Üretim - 2,1,380,Iron
10,Patlama yolu,bahcivan,standart,109,kırılma,32,Hasat Rekoru - 2,2,400,Gold
10,Patlama yolu,bahcivan,standart,109,kırılma,32,Güçlü Kesim - 4,1,380,Gold
10,Patlama yolu,bahcivan,standart,109,kırılma,32,Altın Hasat II - 2,2,400,Gold
10,Patlama yolu,bahcivan,standart,109,kırılma,32,Kritik Odak - 1,1,150,Gold
10,Patlama yolu,bahcivan,standart,109,kırılma,32,Kritik Odak - 1,2,195,Gold
10,Patlama yolu,bahcivan,standart,109,kırılma,32,Kritik Odak - 1,3,240,Gold
10,Patlama yolu,bahcivan,standart,109,kırılma,32,Taş Hasat - 4,2,120,Iron
10,Patlama yolu,bahcivan,standart,109,kırılma,33,Ağır Kesim - 1,1,1200,Gold
10,Patlama yolu,bahcivan,standart,109,kırılma,33,Kesim Ustalığı - 1,3,890,Iron
10,Patlama yolu,bahcivan,standart,109,kırılma,33,Akıcı Kesim - 3,2,450,Gold
10,Patlama yolu,bahcivan,standart,109,kırılma,33,Geniş Tarama - 2,1,310,Gold
10,Patlama yolu,bahcivan,standart,109,kırılma,33,Zengin Cevher - 2,2,110,Stone
10,Patlama yolu,bahcivan,standart,109,kırılma,34,Nadir Filizler - 2,1,430,Iron
10,Patlama yolu,bahcivan,standart,109,kırılma,34,Kart Sezgisi - 1,1,710,Gold
10,Patlama yolu,bahcivan,standart,109,kırılma,34,Verimli Üretim - 2,2,440,Iron
10,Patlama yolu,bahcivan,standart,109,kırılma,34,Hasat Deneyimi II - 1,2,590,Gold
10,Patlama yolu,bahcivan,standart,109,kırılma,34,Altın Hasat II - 3,1,450,Gold
10,Patlama yolu,bahcivan,standart,109,kırılma,34,Güçlü Kesim - 4,2,410,Gold
10,Patlama yolu,bahcivan,standart,109,kırılma,34,Geniş Tarama - 2,2,360,Gold
10,Patlama yolu,bahcivan,standart,109,kırılma,34,Geniş Tarama - 3,1,400,Gold
10,Patlama yolu,bahcivan,standart,109,kırılma,35,Ağır Kesim - 1,2,1600,Gold
10,Patlama yolu,bahcivan,standart,109,kırılma,35,Kesim Ustalığı - 2,1,1100,Iron
10,Patlama yolu,bahcivan,standart,109,kırılma,35,Hasat Rekoru - 3,1,450,Gold
10,Patlama yolu,bahcivan,standart,109,kırılma,35,Akıcı Kesim - 4,1,500,Gold
10,Patlama yolu,bahcivan,standart,109,kırılma,35,Nadir Filizler - 2,2,500,Iron
10,Patlama yolu,bahcivan,standart,109,kırılma,35,Verimli Üretim - 3,1,510,Iron
10,Patlama yolu,bahcivan,standart,109,kırılma,35,Zengin Cevher - 3,1,125,Stone
10,Patlama yolu,bahcivan,standart,109,kırılma,36,Hasat Deneyimi II - 1,3,730,Gold
10,Patlama yolu,bahcivan,standart,109,kırılma,36,Kart Sezgisi - 1,2,920,Gold
10,Patlama yolu,bahcivan,standart,109,kırılma,36,Altın Hasat II - 3,2,510,Gold
10,Patlama yolu,bahcivan,standart,109,kırılma,36,Kesim Ustalığı - 2,2,1200,Iron
10,Patlama yolu,bahcivan,standart,109,kırılma,36,Verimli Üretim - 3,2,570,Iron
10,Patlama yolu,bahcivan,standart,109,kırılma,36,Geniş Tarama - 3,2,450,Gold
10,Patlama yolu,bahcivan,standart,109,kırılma,36,Kritik Odak - 2,1,290,Gold
10,Patlama yolu,bahcivan,standart,109,kırılma,36,Kritik Odak - 2,2,330,Gold
10,Patlama yolu,bahcivan,standart,109,kırılma,37,Ağır Kesim - 1,3,1900,Gold
10,Patlama yolu,bahcivan,standart,109,kırılma,37,Akıcı Kesim - 4,2,550,Gold
10,Patlama yolu,bahcivan,standart,109,kırılma,37,Hasat Deneyimi II - 2,1,860,Gold
10,Patlama yolu,bahcivan,standart,109,kırılma,37,Nadir Filizler - 3,1,570,Iron
10,Patlama yolu,bahcivan,standart,109,kırılma,37,Kesim Ustalığı - 3,1,1400,Iron
10,Patlama yolu,bahcivan,standart,109,kırılma,37,Verimli Üretim - 4,1,630,Iron
10,Patlama yolu,bahcivan,standart,109,kırılma,37,Zengin Cevher - 3,2,140,Stone
10,Patlama yolu,bahcivan,standart,109,kırılma,38,Hasat Rekoru - 3,2,510,Gold
10,Patlama yolu,bahcivan,standart,109,kırılma,38,Altın Hasat II - 4,1,560,Gold
10,Patlama yolu,bahcivan,standart,109,kırılma,38,Kart Sezgisi - 1,3,1100,Gold
10,Patlama yolu,bahcivan,standart,109,kırılma,38,Nadir Filizler - 3,2,640,Iron
10,Patlama yolu,bahcivan,standart,109,kırılma,38,Hasat Rekoru - 4,1,560,Gold
10,Patlama yolu,bahcivan,standart,109,kırılma,38,Geniş Tarama - 4,1,500,Gold
10,Patlama yolu,bahcivan,standart,109,kırılma,38,Geniş Tarama - 4,2,550,Gold
10,Patlama yolu,bahcivan,standart,109,kırılma,39,Ağır Kesim - 2,1,2300,Gold
10,Patlama yolu,bahcivan,standart,109,kırılma,39,Hasat Deneyimi II - 2,2,1000,Gold
10,Patlama yolu,bahcivan,standart,109,kırılma,39,Altın Hasat II - 4,2,620,Gold
10,Patlama yolu,bahcivan,standart,109,kırılma,39,Kesim Ustalığı - 3,2,1600,Iron
10,Patlama yolu,bahcivan,standart,109,kırılma,39,Verimli Üretim - 4,2,690,Iron
10,Patlama yolu,bahcivan,standart,109,kırılma,39,Nadir Filizler - 4,1,700,Iron
10,Patlama yolu,bahcivan,standart,109,kırılma,39,Zengin Cevher - 4,1,155,Stone
10,Patlama yolu,bahcivan,standart,109,kırılma,40,Kart Sezgisi - 2,1,1300,Gold
10,Patlama yolu,bahcivan,standart,109,kırılma,40,Hasat Rekoru - 4,2,620,Gold
10,Patlama yolu,bahcivan,standart,109,kırılma,40,Kesim Ustalığı - 4,1,1700,Iron
10,Patlama yolu,bahcivan,standart,109,kırılma,40,Kritik Odak - 3,1,380,Gold
10,Patlama yolu,bahcivan,standart,109,kırılma,40,Kritik Odak - 3,2,420,Gold
10,Patlama yolu,bahcivan,standart,109,kırılma,40,Kritik Güç - 1,1,150,Stone
10,Patlama yolu,bahcivan,standart,109,kırılma,41,Ağır Kesim - 2,2,2700,Gold
10,Patlama yolu,bahcivan,standart,109,kırılma,41,Hasat Deneyimi II - 3,1,1100,Gold
10,Patlama yolu,bahcivan,standart,109,kırılma,41,Nadir Filizler - 4,2,770,Iron
10,Patlama yolu,bahcivan,standart,109,kırılma,41,Kesim Ustalığı - 4,2,1900,Iron
10,Patlama yolu,bahcivan,standart,109,kırılma,41,Grid Genişleme II,2,1800,Stone
10,Patlama yolu,bahcivan,standart,109,kırılma,41,Zengin Cevher - 4,2,170,Stone
10,Patlama yolu,bahcivan,standart,109,kırılma,42,Kart Sezgisi - 2,2,1600,Gold
10,Patlama yolu,bahcivan,standart,109,kırılma,42,Kritik Odak - 4,1,470,Gold
10,Patlama yolu,bahcivan,standart,109,kırılma,42,Kritik Güç - 1,2,195,Stone
10,Patlama yolu,bahcivan,standart,109,kırılma,43,Ağır Kesim - 3,1,3000,Gold
10,Patlama yolu,bahcivan,standart,109,kırılma,43,Hasat Deneyimi II - 3,2,1300,Gold
10,Patlama yolu,bahcivan,standart,109,kırılma,43,Kritik Odak - 4,2,520,Gold
10,Patlama yolu,bahcivan,standart,109,kırılma,44,Ağır Kesim - 3,2,3400,Gold
10,Patlama yolu,bahcivan,standart,109,kırılma,44,Kart Sezgisi - 3,1,1800,Gold
10,Patlama yolu,bahcivan,standart,109,kırılma,44,Kritik Güç - 1,3,240,Stone
10,Patlama yolu,bahcivan,standart,109,kırılma,45,Hasat Deneyimi II - 4,1,1400,Gold
10,Patlama yolu,bahcivan,standart,109,kırılma,46,Ağır Kesim - 4,1,3800,Gold
10,Patlama yolu,bahcivan,standart,109,kırılma,46,Hasat Deneyimi II - 4,2,1500,Gold
10,Patlama yolu,bahcivan,standart,109,kırılma,46,Kart Sezgisi - 3,2,2000,Gold
10,Patlama yolu,bahcivan,standart,109,kırılma,46,Kritik Güç - 2,1,290,Stone
10,Patlama yolu,bahcivan,standart,109,kırılma,47,Ağır Kesim - 4,2,4100,Gold
10,Patlama yolu,bahcivan,standart,109,kırılma,47,Kart Sezgisi - 4,1,2200,Gold
10,Patlama yolu,bahcivan,standart,109,kırılma,48,Kart Sezgisi - 4,2,2400,Gold
10,Patlama yolu,bahcivan,standart,109,kırılma,48,Kritik Güç - 2,2,330,Stone
