run,profile,policy,farmer,scythe,seed,label,round,outcome,boss,kills,direct,explosion,tornado,boomerang,electric,kCommon,kUncommon,kRare,kEpic,kLegendary,score,segScore,segTarget,bossScore,bossTarget,gold,iron,stone,bankGold,bankIron,bankStone,xp,level,cards,damage,directMult,behaviorMult,interval,radius,reachCells,crit,critMult,attacks,hitsPerAttack,htkCommon,htkUncommon,htkRare,htkEpic,htkLegendary,osCommon,osUncommon,osRare,osEpic,osLegendary,ttkCommon,ttkUncommon,ttkRare,ttkEpic,ttkLegendary,planters,points,fill,minFill,spawnInterval,capacity,tiersBought,treeTiers,plantersBought,rewards,best5s,emptyShare,duration,levels,choices,cardTiles,cardUpgrades,cardBase,firstBehavior,firstOwn,firstTrigger,breakthrough,echoSched,echoExec,echoDrop,echoHits,echoKills,rhythmCharges,rhythmAttacks,skipElectricVisual,skipExplosionVisual,skipBoomerang,endFill,scorePerSec,killsPerSec
1,Run50_KirilmaV1,Patlama yolu,bahcivan,standart,100,kırılma,1,,,13,13,0,0,0,0,12,1,0,0,0,15,15,45,0,0,28,0,0,28,0,0,270,1,0,10,1,1,3,0.9,4,0.3,2,13,2.08,1.83,3,,,,21,0,,,,2.5,6,,,,2,4,0.346,0,8,23,0,0,2,,3,0.205,45,0,0,0,0,0,0,0,0,,0,0,0,0,0,0,0,0,0,0,0.5,0.333,0.289
1,Run50_KirilmaV1,Patlama yolu,bahcivan,standart,100,kırılma,2,,,15,15,0,0,0,0,13,2,0,0,0,19,34,45,0,0,34,0,0,37,0,0,320,2,3,10.67,1,1,3,0.9,4,0.3,2,14,2.14,1.77,2,,,,8,0,,,,4.15,3,,,,3,5,0.425,0.2,8,28,1,1,1,,3,0,45,1,3,0,0,0,0,0,0,,0,0,0,0,0,0,0,0,0,0,0.8,0.422,0.333
1,Run50_KirilmaV1,Patlama yolu,bahcivan,standart,100,kırılma,3,,,16,16,0,0,0,0,10,4,2,0,0,42,76,45,0,0,36,8,0,39,8,0,400,3,3,11.33,1,1,3,0.9,4,0.3,2,14,2.64,1.8,2.75,3,,,25,0,0,,,4.2,6.75,13.5,,,4,6,0.565,0.167,8,34,2,3,1,,4,0,45,2,6,3,0,0,2,2,0,,0,0,0,0,0,0,0,0,0,0,0.5,0.933,0.356
1,Run50_KirilmaV1,Patlama yolu,bahcivan,standart,100,kırılma,4,,,15,14,1,0,0,0,10,3,2,0,0,39,115,45,0,0,32,8,0,44,16,0,392,4,3,12,1,1,2.892,0.9,4,0.3,2,15,2.4,2.22,1.67,3,,,10,0,0,,,5.47,4.82,5.78,,,4,6,0.54,0.167,7.804,35,4,7,0,,4,0,45,3,9,6,0,0,2,2,4,,0,0,0,0,0,0,0,0,0,0,0.333,0.867,0.333
1,Run50_KirilmaV1,Patlama yolu,bahcivan,standart,100,kırılma,5,,,23,22,1,0,0,0,17,5,1,0,0,42,157,45,42,8,54,4,0,58,20,0,560,5,3,12,1,1,2.892,0.9,4,0.3,2,15,3.27,2,2.25,1,,,16,0,,,,4.43,5.77,0,,,5,8,0.557,0.125,7.142,50,0,7,1,,5,0.003,45,4,12,9,0,0,2,2,4,,0,0,0,0,0,0,0,0,0,0,0.5,0.933,0.511
1,Run50_KirilmaV1,Patlama yolu,bahcivan,standart,100,kırılma,6,,,23,20,3,0,0,0,19,2,2,0,0,45,45,110,0,0,46,8,0,54,28,0,549,6,3,12,1,1.3,2.892,0.9,4,0.3,2,15,3.53,2.19,2.5,2,,,15,0,,,,8.14,7.23,8.68,,,6,9,0.636,0.333,6.994,58,1,8,1,yikim_gucux1,5,0,45,5,15,9,3,0,2,2,4,,0,0,0,0,0,0,0,0,0,0,0.556,1,0.511
1,Run50_KirilmaV1,Patlama yolu,bahcivan,standart,100,kırılma,7,,,29,21,7,0,0,1,24,4,1,0,0,46,91,110,0,0,64,4,0,71,32,0,675,8,6,12.67,1,1.3,2.892,0.9,4,0.3,2,15,3.4,1.53,2.67,3,,,32,0,0,,,1.53,10.61,17.37,,,7,10,0.587,0.2,6.935,65,3,11,1,yikim_gucux1,7,0,45,7,21,12,3,0,2,2,4,,0,0,0,0,0,0,0,0,0,0,0.6,1.022,0.644
1,Run50_KirilmaV1,Patlama yolu,bahcivan,standart,100,kırılma,8,,,29,24,3,0,0,2,21,6,2,0,0,59,150,110,0,0,72,8,0,92,40,0,719,9,3,13.33,1,1.3,2.789,0.9,4,0.3,2,16,3.56,1.56,2.6,4,,,35,0,0,,,2.17,7.25,19.5,,,8,11,0.65,0.364,7.02,71,3,14,1,yikim_gucux1,6,0,45,8,24,18,3,0,2,2,4,,0,0,0,0,0,0,0,0,0,0,0.364,1.311,0.644
1,Run50_KirilmaV1,Patlama yolu,bahcivan,standart,100,kırılma,9,,,31,22,7,0,0,2,21,8,2,0,0,65,215,110,0,0,82,8,0,91,48,0,783,10,3,14,1,1.3,2.789,0.9,4,0.3,2,16,3.63,1.8,2.2,2,,,30,33,0,,,4.46,8.37,16.73,,,9,13,0.646,0.308,7.086,83,2,16,1,yikim_gucux1,7,0,45,9,27,21,3,0,2,2,4,,0,0,0,0,0,0,0,0,0,0,0.615,1.444,0.689
1,Run50_KirilmaV1,Patlama yolu,bahcivan,standart,100,kırılma,10,,,24,19,3,0,0,2,21,1,2,0,0,44,259,110,44,16,47,8,0,50,56,0,559,11,3,14.67,1,1.3,2.689,0.9,4,0.3,2,16,3.31,1.88,3,2,,,9,0,0,,,3.87,21.5,10.75,,,10,15,0.557,0.333,6.964,97,4,20,1,yikim_gucux1,5,0,45,10,30,24,3,0,2,2,4,,0,0,0,0,0,0,0,0,0,0,0.6,0.978,0.533
1,Run50_KirilmaV1,Patlama yolu,bahcivan,standart,100,kırılma,11,,,37,23,11,0,0,3,30,7,0,0,0,51,51,150,0,0,95,0,0,100,56,0,854,12,3,15.64,1,1.3,2.689,0.9,4,0.3,2,16,3.81,1.4,2.33,,,,52,25,,,,2.02,10.76,,,,11,16,0.665,0.313,7.006,103,1,21,1,yikim_gucux1 kivilcimx1,8,0,45,11,33,25,5,0,2,2,4,,0,0,0,0,0,0,0,0,0,0,0.625,1.133,0.822
1,Run50_KirilmaV1,Patlama yolu,bahcivan,standart,100,kırılma,12,,,51,29,19,0,0,3,37,9,4,1,0,134,185,150,0,0,156,16,2,168,42,2,1394,14,6,15.64,1,1.3,2.592,0.9,4,0.3,2,17,3.76,1.42,1.57,1,2,,52,25,,0,,3.27,2.22,0,2.6,,12,18,0.597,0.222,6.868,118,5,26,1,yikim_gucux1 kivilcimx1,10,0,45,13,39,25,8,0,2,2,4,,0,0,0,0,0,0,0,0,0,0,0.556,2.978,1.133
1,Run50_KirilmaV1,Patlama yolu,bahcivan,standart,100,kırılma,13,,,36,21,11,0,0,4,28,6,1,1,0,86,271,150,0,0,114,4,2,119,46,4,996,15,3,17.38,1,1.3,2.5,0.9,4,0.3,2,17,3.76,1.69,1.67,5,2,,25,60,0,0,,3.13,1.67,22.5,10,,13,21,0.726,0.476,6.897,137,5,31,1,yikim_gucux1 kivilcimx1,12,0,45,14,42,31,8,0,2,2,4,,0,0,0,0,0,0,0,0,0,0,0.81,1.911,0.8
1,Run50_KirilmaV1,Patlama yolu,bahcivan,standart,100,kırılma,14,,,41,24,13,0,0,4,26,10,4,1,0,126,397,150,0,0,128,16,2,130,37,6,1236,16,3,18.13,1,1.3,2.5,0.9,4,0.3,2,17,3.76,1.56,1,2.33,2,,29,0,0,,,1.88,0,10.83,22.5,,14,22,0.746,0.409,6.74,147,3,34,1,yikim_gucux1 kivilcimx1,13,0,45,15,45,34,8,0,2,2,4,,0,0,0,0,0,0,0,0,0,0,0.727,2.8,0.911
1,Run50_KirilmaV1,Patlama yolu,bahcivan,standart,100,kırılma,15,,,43,25,16,0,0,2,32,10,1,0,0,72,469,150,72,30,156,4,0,165,41,6,1231,17,3,19.2,1,1.3,2.41,0.9,4,0.3,2,18,3.78,1.58,2.4,2,,,39,17,0,0,,3.55,8.2,19.27,,,15,23,0.733,0.522,6.608,157,5,39,1,yikim_gucux1 kivilcimx1,11,0,45,16,48,37,8,0,2,2,4,,0,0,0,0,0,0,0,0,0,0,0.652,1.6,0.956
1,Run50_KirilmaV1,Patlama yolu,bahcivan,standart,100,kırılma,16,,,44,26,16,0,0,2,30,10,2,2,0,140,140,220,0,0,150,8,4,194,49,10,1358,18,3,19.2,1,1.3,2.324,0.935,4,0.3,2,19,3.79,1.71,2,1,1,,17,17,25,0,,2.32,9.97,0,0,,16,24,0.732,0.5,6.238,173,5,44,1,yikim_gucux1 kivilcimx1 artci_patlamax1,13,0,45,17,51,40,8,0,2,2,4,artci_patlama@R15,6,6,0,15,11,0,0,0,0,0,0.875,3.111,0.978
1,Run50_KirilmaV1,Patlama yolu,bahcivan,standart,100,kırılma,17,,,57,25,29,0,0,3,42,8,6,1,0,156,296,220,0,0,174,30,2,188,79,12,1839,20,6,20.27,1,1.3,2.24,0.935,4,0.3,2,20,3.9,1.5,1.5,3,,,24,0,0,,,3.77,2.23,20.13,,,17,25,0.717,0.36,6.031,187,6,50,1,yikim_gucux1 kivilcimx1 artci_patlamax1,16,0,45,19,57,43,8,0,2,2,4,artci_patlama@R15,9,9,0,20,13,0,0,0,0,0,0.64,3.467,1.267
1,Run50_KirilmaV1,Patlama yolu,bahcivan,standart,100,kırılma,18,,,50,23,25,0,0,2,29,17,4,0,0,139,435,220,0,0,189,20,0,232,49,12,1818,21,3,20.27,1,1.3,2.16,0.97,4,0.3,2,20,4,1.47,2.5,3,,,22,6,0,,,5.32,16.2,16.2,,,19,34,0.789,0.382,5.818,263,4,54,4,yikim_gucux1 kivilcimx1 artci_patlamax1,20,0,45,20,60,49,8,0,2,2,4,artci_patlama@R15,8,8,0,24,13,0,0,0,0,0,0.588,3.089,1.111
1,Run50_KirilmaV1,Patlama yolu,bahcivan,standart,100,kırılma,19,,,68,34,24,0,0,10,48,15,5,0,0,161,596,220,0,0,234,25,0,251,74,12,2353,23,6,24.3,1,1.3,2.16,0.97,4,0.3,2,20,3.95,1.26,1.7,3,,,36,27,0,,,1.69,5.19,25.9,,,20,36,0.742,0.389,5.855,277,2,56,1,yikim_gucux1 kivilcimx1 artci_patlamax1,23,0,45,22,66,49,11,0,2,2,4,artci_patlama@R15,7,7,0,21,14,0,0,0,0,0,0.917,3.578,1.511
1,Run50_KirilmaV1,Patlama yolu,bahcivan,standart,100,kırılma,20,,,66,34,23,0,0,9,48,13,4,1,0,187,783,220,187,45,222,20,2,233,34,14,2278,24,3,24.3,1,1.3,2.16,0.97,4,0.3,2,20,3.9,1.34,1.5,1,,,48,67,0,0,0,2.76,6.48,0,,,18,38,0.666,0.421,5.718,299,3,59,2,yikim_gucux1 kivilcimx1 artci_patlamax1,19,0,45,23,69,49,17,0,2,2,4,artci_patlama@R15,11,11,0,22,10,0,0,0,0,0,0.763,4.156,1.467
1,Run50_KirilmaV1,Patlama yolu,bahcivan,standart,100,kırılma,21,,,127,39,77,0,0,11,85,25,10,4,3,832,832,300,0,0,450,70,17,468,104,31,5373,26,6,24.3,1,1.69,2.16,1.005,6,0.3,2,20,6,1.45,2,2,1,4,63,24,20,,0,2.65,5.62,12.1,0,10.8,21,43,0.65,0.419,5.62,344,5,64,3,yikim_gucux2 kivilcimx1 artci_patlamax1,29,0,45,25,75,49,20,0,2,2,4,artci_patlama@R15,21,21,0,44,29,0,0,0,0,0,0.744,18.489,2.822
1,Run50_KirilmaV1,Patlama yolu,bahcivan,standart,100,kırılma,22,,,107,36,64,0,0,7,71,25,7,3,1,441,1273,300,0,0,408,35,6,411,44,37,4376,28,6,25.51,1,1.69,2.16,1.04,6,0.3,2,20,6,1.27,1.67,3,1.5,2,42,19,40,0,,2.33,5.41,12.97,1.08,28.1,23,49,0.747,0.49,5.62,392,5,69,6,yikim_gucux2 kivilcimx1 artci_patlamax1,29,0,45,27,81,49,26,0,2,2,4,artci_patlama@R15,16,16,0,42,31,0,0,0,0,0,0.735,9.8,2.378
1,Run50_KirilmaV1,Patlama yolu,bahcivan,standart,100,kırılma,23,,,113,46,58,0,0,9,69,34,9,1,0,322,1595,300,0,0,411,45,2,432,89,39,4625,30,6,29.99,1,1.69,2.092,1.04,6,0.3,2,21,6,1.21,1.3,2,,,49,21,20,0,0,0.7,1.68,9.76,,,23,49,0.735,0.469,5.62,392,3,72,0,yikim_gucux2 kivilcimx1 artci_patlamax1,30,0,45,29,87,49,32,0,2,2,4,artci_patlama@R15,16,16,0,35,25,0,0,0,0,0,0.898,7.156,2.511
1,Run50_KirilmaV1,Patlama yolu,bahcivan,standart,100,kırılma,24,,,162,58,92,0,0,12,96,48,13,4,1,712,2307,300,0,0,621,78,12,803,87,51,6903,32,6,33.24,1,1.69,2.092,1.075,6,0.3,2,21,6,1.1,1.37,2.14,1,,66,50,20,0,,0.54,3.31,9.86,0,,21,49,0.649,0.408,5.444,405,4,76,1,yikim_gucux2 kivilcimx1 artci_patlamax1,31,0,45,31,93,49,38,0,2,2,4,artci_patlama@R15,23,23,0,70,44,0,0,0,0,0,0.714,15.822,3.6
1,Run50_KirilmaV1,Patlama yolu,bahcivan,standart,100,kırılma,25,,,172,35,131,0,0,6,90,43,25,9,5,1644,3951,300,1644,65,528,242,38,576,329,69,7966,34,6,38.16,1,1.69,2.026,1.075,6,0.3,2,22,6,1.24,1.36,2.25,1,2,67,36,19,14,0,1.19,3.5,17.23,0,4.05,18,49,0.649,0.347,5.252,420,5,81,1,yikim_gucux2 kivilcimx1 artci_patlamax1,37,0,45,33,99,49,44,0,2,2,4,artci_patlama@R15,28,28,0,69,56,0,0,0,0,0,0.551,36.533,3.822
1,Run50_KirilmaV1,Patlama yolu,bahcivan,standart,100,kırılma,26,,,200,47,136,0,0,17,70,60,41,20,9,2708,2708,500,0,0,714,338,82,750,491,111,10524,37,9,39.82,1.25,1.69,1.962,1.11,6,0.3,2,22,6,1.18,1.13,1.29,1.6,1,68,64,41,33,67,0.36,0.61,0.98,4.31,0,15,49,0.62,0.367,4.9,450,5,86,2,yikim_gucux2 kivilcimx1 artci_patlamax1 keskin_bicakx1,38,0,45,36,108,49,50,0,2,2,4,artci_patlama@R15,33,33,0,62,53,0,0,0,0,0,0.612,60.178,4.444
1,Run50_KirilmaV1,Patlama yolu,bahcivan,standart,100,kırılma,27,,,214,47,150,0,0,17,95,57,40,17,5,2348,5056,500,0,0,723,330,62,768,331,73,10507,39,6,43.38,1.25,1.69,1.962,1.145,6,0.3,2,22,6,1.21,1.5,1.25,1.25,1,66,52,47,45,50,0.9,3.54,0.74,2.46,0,16,50,0.61,0.38,4.8,469,7,93,1,yikim_gucux2 kivilcimx1 artci_patlamax1 keskin_bicakx1,37,0,45,38,114,49,59,0,2,2,4,artci_patlama@R15,35,35,0,71,58,0,0,0,0,0,0.5,52.178,4.756
1,Run50_KirilmaV1,Patlama yolu,bahcivan,standart,100,kırılma,28,,,181,51,116,0,0,14,71,49,35,21,5,2335,7391,500,0,0,712,308,75,725,511,78,9201,40,3,43.38,1.25,1.69,1.962,1.215,6,0.3,2,22,6,1.37,1.17,1.44,1.13,3,72,46,40,36,0,1.55,1.31,4.14,1.72,9.81,22,74,0.759,0.27,5.152,646,6,99,10,yikim_gucux2 kivilcimx1 artci_patlamax1 keskin_bicakx1,38,0,45,39,117,55,59,0,2,2,4,artci_patlama@R15,31,31,0,71,53,0,0,0,0,0,0.757,51.889,4.022
1,Run50_KirilmaV1,Patlama yolu,bahcivan,standart,100,kırılma,29,,,155,48,96,0,0,11,58,36,29,22,10,2833,10224,500,0,0,582,372,116,737,437,154,8316,42,6,43.38,1.25,1.69,1.901,1.265,6,0.3,2,23,6,1.74,1.6,2.13,2,1.5,21,35,20,17,0,3.7,4.18,5.23,11.87,1.9,23,81,0.846,0.605,5.192,702,5,104,5,yikim_gucux2 kivilcimx1 artci_patlamax1 keskin_bicakx1,32,0,45,41,123,58,59,0,2,2,4,artci_patlama@R15,26,26,0,70,39,0,0,0,0,0,0.802,62.956,3.444
1,Run50_KirilmaV1,Patlama yolu,bahcivan,standart,100,kırılma,30,,,171,51,114,0,0,6,62,45,36,22,6,2398,12622,500,2398,100,783,357,106,850,584,115,8890,43,3,46.93,1.25,1.69,1.901,1.265,6,0.3,2,23,6,1.25,1.18,1.44,2.13,1,68,60,45,13,0,0.95,1.79,1.69,6.41,0,23,81,0.809,0.605,5.192,702,7,111,0,yikim_gucux2 kivilcimx1 artci_patlamax1 keskin_bicakx1,30,0,45,42,126,64,59,0,2,2,4,artci_patlama@R15,33,33,0,34,24,0,0,0,0,0,0.827,53.289,3.8
1,Run50_KirilmaV1,Patlama yolu,bahcivan,standart,100,kırılma,31,,,219,64,135,0,0,20,79,55,52,26,7,3288,3288,1200,0,0,756,600,140,896,624,255,11380,45,6,49.54,1.25,1.69,1.841,1.265,6,0.3,2.75,24,6,1.11,1.5,1.6,1.44,1.67,81,61,46,33,0,0.58,2.25,4.17,4.3,3.07,23,81,0.799,0.568,5.176,704,3,114,0,yikim_gucux2 kivilcimx1 artci_patlamax1 keskin_bicakx1 agir_darbex1,35,0,45,44,132,67,59,0,2,2,4,artci_patlama@R15,40,40,0,58,41,0,0,0,0,0,0.753,73.067,4.867
1,Run50_KirilmaV1,Patlama yolu,bahcivan,standart,100,kırılma,32,,,220,58,142,0,0,20,75,51,61,25,8,3486,6774,1200,0,0,877,647,185,1138,831,345,11683,46,3,53.29,1.25,1.69,1.841,1.315,6,0.3,2.75,24,6,1.19,1.57,1.4,1.33,1.5,80,62,41,36,33,1.4,5.52,2.21,0.93,5.53,23,81,0.789,0.531,4.998,729,6,120,0,yikim_gucux2 kivilcimx1 artci_patlamax1 keskin_bicakx1 agir_darbex1,43,0,45,45,135,73,59,0,2,2,4,artci_patlama@R15,39,39,0,64,50,0,0,0,0,0,0.741,77.467,4.889
1,Run50_KirilmaV1,Patlama yolu,bahcivan,standart,100,kırılma,33,,,216,63,143,0,0,10,76,61,46,30,3,2720,9494,1200,0,0,908,497,150,1036,608,495,11109,48,6,56.1,1.25,1.69,1.783,1.365,6,0.3,2.75,25,6,1.39,1.41,1.44,1.22,,71,55,38,53,100,2.55,3.77,1.59,0.99,,23,81,0.805,0.605,4.887,746,4,124,0,yikim_gucux2 kivilcimx1 artci_patlamax1 keskin_bicakx1 agir_darbex1,40,0,45,47,141,76,59,0,2,2,4,artci_patlama@R15,40,40,0,54,41,0,0,0,0,0,0.679,60.444,4.8
1,Run50_KirilmaV1,Patlama yolu,bahcivan,standart,100,kırılma,34,,,225,59,150,0,0,16,77,52,51,39,6,4064,13558,1200,0,0,782,662,215,968,910,600,12551,49,3,56.1,1.25,1.69,1.783,1.365,6,0.3,2.75,25,6,1.2,1,1.47,1.56,,77,56,31,29,0,1.07,0,2.54,2.38,,23,81,0.802,0.556,4.877,747,4,128,0,yikim_gucux2 kivilcimx1 artci_patlamax1 keskin_bicakx1 agir_darbex1,41,0,45,48,144,81,60,0,2,2,4,artci_patlama@R15,40,40,0,80,54,0,0,0,0,0,0.556,90.311,5
1,Run50_KirilmaV1,Patlama yolu,bahcivan,standart,100,kırılma,35,,,167,39,124,0,0,4,64,48,32,19,4,2484,16042,1200,2484,220,702,396,115,740,506,715,8826,50,3,60.05,1.25,1.69,1.783,1.365,6,0.317,2.75,25,4,1.29,1.3,1.67,1.4,2,69,65,25,44,0,1.05,0.54,3.87,2.49,16.03,23,81,0.834,0.556,4.877,747,4,132,0,yikim_gucux2 kivilcimx1 artci_patlamax1 keskin_bicakx1 agir_darbex1,30,0,45,49,147,81,63,0,2,2,4,artci_patlama@R15,27,27,0,72,49,0,0,0,0,0,0.654,55.2,3.711
1,Run50_KirilmaV1,Patlama yolu,bahcivan,standart,100,kırılma,36,,,342,104,221,0,0,17,114,96,73,49,10,6017,6017,2800,0,0,1410,883,350,1425,1009,940,19066,52,6,60.05,1.25,1.69,1.248,1.365,6,0.367,2.75,36,6,1.07,1.19,1.29,1.36,1,79,79,47,50,50,0.12,1.02,1.39,1.25,0,23,81,0.669,0.432,4.758,766,5,137,0,yikim_gucux2 kivilcimx1 artci_patlamax1 keskin_bicakx1 agir_darbex1 firtina_bilegix1,60,0,45,51,153,81,66,0,2,2,4,artci_patlama@R15,73,71,2,134,84,0,0,0,0,0,0.556,133.711,7.6
1,Run50_KirilmaV1,Patlama yolu,bahcivan,standart,100,kırılma,37,,,325,97,217,0,0,11,106,80,81,41,17,6707,12724,2800,0,0,1312,1051,394,1537,1170,1334,18431,54,6,69.27,1.25,1.69,1.248,1.365,6,0.367,2.75,36,6,1.07,1.19,1.24,1.18,1.2,86,72,60,45,38,0.22,0.77,1.43,0.57,0.25,23,81,0.706,0.481,4.754,767,2,139,0,yikim_gucux2 kivilcimx1 artci_patlamax1 keskin_bicakx1 agir_darbex1 firtina_bilegix1,54,0,45,53,159,81,72,0,2,2,4,artci_patlama@R15,70,68,2,86,62,0,0,0,0,0,0.568,149.044,7.222
1,Run50_KirilmaV1,Patlama yolu,bahcivan,standart,100,kırılma,38,,,464,155,285,0,0,24,157,129,102,59,17,8522,21246,2800,0,0,1908,1332,530,1975,1632,1724,26157,56,6,69.27,1.25,1.69,1.209,1.415,9,0.367,2.75,37,8.86,1.04,1.1,1.17,1.39,1.57,83,81,66,58,33,0.1,0.58,1.38,1.41,2.07,23,81,0.551,0.358,4.628,788,6,145,0,yikim_gucux2 kivilcimx1 artci_patlamax1 keskin_bicakx1 agir_darbex1 firtina_bilegix1,71,0,45,55,165,81,78,0,2,2,4,artci_patlama@R15,112,112,0,129,91,0,0,0,0,0,0.543,189.378,10.311
1,Run50_KirilmaV1,Patlama yolu,bahcivan,standart,100,kırılma,39,,,453,139,296,0,0,18,149,129,102,56,17,8547,29793,2800,0,0,2277,1332,424,2442,1364,2148,26715,58,6,76.92,1.25,1.69,1.209,1.465,9,0.367,2.75,37,8.92,1.11,1.1,1.26,1.1,1.14,86,79,66,56,67,0.23,0.36,1.35,0.6,0.17,23,81,0.555,0.309,4.628,788,6,151,0,yikim_gucux2 kivilcimx1 artci_patlamax1 keskin_bicakx1 agir_darbex1 firtina_bilegix1,74,0,45,57,171,81,84,0,2,2,4,artci_patlama@R15,109,109,0,103,76,0,0,0,0,0,0.568,189.933,10.067
1,Run50_KirilmaV1,Patlama yolu,bahcivan,standart,100,kırılma,40,,,416,132,266,0,0,18,138,120,91,55,12,7675,37468,2800,7675,500,1827,1264,445,2219,2118,2438,24615,60,6,83.44,1.25,1.69,1.209,1.465,9,0.367,2.75,37,8.41,1.2,1.06,1.23,1.21,1,86,80,73,63,57,0.97,0.24,1.76,1.9,0,23,81,0.415,0.235,4.504,809,4,155,0,yikim_gucux2 kivilcimx1 artci_patlamax1 keskin_bicakx1 agir_darbex1 firtina_bilegix1,66,0,45,59,177,81,90,0,2,2,4,artci_patlama@R15,103,103,0,91,75,0,0,0,0,0,0.37,170.556,9.244
1,Run50_KirilmaV1,Patlama yolu,bahcivan,standart,100,kırılma,41,,,498,148,311,0,0,39,165,130,108,77,18,10261,10261,4500,0,0,2350,1425,623,2419,1773,2911,30856,62,6,87.23,1.25,2.197,1.171,1.465,9,0.367,2.861,38,8.79,1.06,1.1,1.17,1.26,1.2,87,84,77,60,44,0.15,0.86,0.71,1.05,1.17,23,81,0.55,0.333,4.394,829,6,161,0,yikim_gucux3 kivilcimx1 artci_patlamax1 keskin_bicakx1 agir_darbex1 firtina_bilegix1,78,0,45,61,183,81,96,0,2,2,4,artci_patlama@R15,106,106,0,96,79,0,0,0,0,0,0.531,228.022,11.067
1,Run50_KirilmaV1,Patlama yolu,bahcivan,standart,100,kırılma,42,,,542,151,347,0,0,44,196,151,95,89,11,9758,20019,4500,0,0,2679,1320,582,2908,2522,1363,32788,64,6,94.04,1.25,2.197,1.171,1.465,9,0.367,2.861,38,8.95,1.07,1.1,1.07,1.13,1,85,86,67,63,83,0.44,0.57,0.29,0.88,0,23,106,0.585,0.302,4.335,1100,5,166,9,yikim_gucux3 kivilcimx1 artci_patlamax1 keskin_bicakx1 agir_darbex1 firtina_bilegix1,84,0,45,63,189,81,102,0,2,2,4,artci_patlama@R15,107,107,0,117,96,0,0,0,0,0,0.481,216.844,12.044
1,Run50_KirilmaV1,Patlama yolu,bahcivan,standart,100,kırılma,43,,,603,147,423,0,0,33,226,152,119,79,27,12880,32899,4500,0,0,3002,1710,852,3270,2202,2020,37576,66,6,98.13,1.25,2.197,1.134,1.515,9,0.367,2.972,39,9,1.08,1.02,1.13,1.05,1.25,83,84,69,63,44,0.47,0.19,0.64,0.57,2.69,31,121,0.591,0.421,4.364,1248,7,173,8,yikim_gucux3 kivilcimx1 artci_patlamax1 keskin_bicakx1 agir_darbex1 firtina_bilegix1,94,0,45,65,195,87,102,0,2,2,4,artci_patlama@R15,107,107,0,131,113,0,0,0,0,0,0.529,286.222,13.4
1,Run50_KirilmaV1,Patlama yolu,bahcivan,standart,100,kırılma,44,,,530,143,372,0,0,15,177,144,111,72,26,12920,45819,4500,0,0,2869,1863,624,2969,3425,2644,33742,67,3,98.13,1.25,2.197,1.134,1.615,9,0.367,2.972,39,9,1.13,1.12,1.15,1.29,1.3,81,75,63,40,53,0.64,0.69,0.84,2.67,1.93,31,121,0.661,0.521,4.228,1288,6,179,0,yikim_gucux3 kivilcimx1 artci_patlamax1 keskin_bicakx1 agir_darbex1 firtina_bilegix1,79,0,45,66,198,93,102,0,2,2,4,artci_patlama@R15,94,94,0,139,109,0,0,0,0,0,0.595,287.111,11.778
1,Run50_KirilmaV1,Patlama yolu,bahcivan,standart,100,kırılma,45,,,548,139,360,0,0,49,188,148,119,72,21,12307,58126,4500,12307,800,2701,1890,636,3370,2325,3040,34497,69,6,109.63,1.25,2.197,1.134,1.615,9,0.367,3.083,39,9,1.07,1.16,1.19,1.33,1.17,87,71,62,51,63,0.57,0.9,1.22,4.09,0.38,31,121,0.651,0.512,4.125,1320,5,184,0,yikim_gucux3 kivilcimx1 artci_patlamax1 keskin_bicakx1 agir_darbex1 firtina_bilegix1,85,0,45,68,204,96,102,0,2,2,4,artci_patlama@R15,92,92,0,126,103,0,0,0,0,0,0.678,273.489,12.178
1,Run50_KirilmaV1,Patlama yolu,bahcivan,standart,100,kırılma,46,,,620,170,400,0,0,50,202,160,153,78,27,14640,14640,6000,0,0,3345,2400,780,3465,3025,3820,44098,71,6,114.01,1.563,2.197,1.134,1.615,9,0.383,3.083,39,9,1.05,1.06,1.08,1.06,1.1,93,83,77,70,67,0.18,0.94,0.35,0.5,0.68,31,121,0.616,0.405,4.079,1335,5,189,0,yikim_gucux3 kivilcimx1 artci_patlamax1 keskin_bicakx2 agir_darbex1 firtina_bilegix1,96,0,45,70,210,102,102,0,2,2,4,artci_patlama@R15,121,121,0,127,103,0,0,0,0,0,0.595,325.333,13.778
1,Run50_KirilmaV1,Patlama yolu,bahcivan,standart,100,kırılma,47,,,623,181,404,0,0,38,220,160,139,76,28,14426,29066,6000,0,0,3510,2238,780,4275,2593,4310,42921,73,6,126.4,1.563,2.197,1.134,1.615,9,0.383,3.194,39,9,1,1.02,1.13,1.19,1,99,90,75,70,92,0,0.1,0.66,1.39,0,31,121,0.636,0.446,3.932,1385,4,193,0,yikim_gucux3 kivilcimx1 artci_patlamax1 keskin_bicakx2 agir_darbex1 firtina_bilegix1,96,0,45,72,216,108,102,0,2,2,4,artci_patlama@R15,124,124,0,118,100,0,0,0,0,0,0.57,320.578,13.844
1,Run50_KirilmaV1,Patlama yolu,bahcivan,standart,100,kırılma,48,,,602,185,375,0,0,42,216,146,135,82,23,14365,43431,6000,0,0,3245,2076,762,3270,4669,5072,42938,74,3,126.4,1.563,2.197,1.134,1.665,9,0.4,3.194,39,9,1.02,1.09,1.13,1.08,1,95,85,78,73,88,0.13,0.99,0.94,0.86,0,31,121,0.658,0.438,3.861,1410,5,198,0,yikim_gucux3 kivilcimx1 artci_patlamax1 keskin_bicakx2 agir_darbex1 firtina_bilegix1,103,0,45,73,219,114,102,0,2,2,4,artci_patlama@R15,116,116,0,120,99,0,0,0,0,0,0.645,319.222,13.378
1,Run50_KirilmaV1,Patlama yolu,bahcivan,standart,100,kırılma,49,,,611,189,391,0,0,31,202,173,131,85,20,13949,57380,6000,0,0,3795,1995,678,4065,6664,5420,43819,76,6,134.4,1.563,2.197,1.134,1.665,9,0.4,3.306,39,9,1.02,1.02,1.1,1.15,1,96,84,81,78,92,0.23,0.4,0.7,0.74,0,31,121,0.651,0.463,3.861,1410,2,200,0,yikim_gucux3 kivilcimx1 artci_patlamax1 keskin_bicakx2 agir_darbex1 firtina_bilegix1,95,0,45,75,225,117,102,0,2,2,4,artci_patlama@R15,130,130,0,128,106,0,0,0,0,0,0.603,309.978,13.578
1,Run50_KirilmaV1,Patlama yolu,bahcivan,standart,100,kırılma,50,,,595,180,392,0,0,23,200,151,141,76,27,15150,72530,6000,0,0,3165,2409,726,4520,9073,6146,44457,78,6,134.4,1.563,2.197,1.134,1.665,9,0.45,3.306,39,9,1.02,1.04,1.15,1.19,1.2,94,86,73,76,55,0.4,0.16,0.77,1.62,0.23,31,121,0.66,0.455,3.845,1416,4,204,0,yikim_gucux3 kivilcimx1 artci_patlamax1 keskin_bicakx2 agir_darbex1 firtina_bilegix1,90,0,45,77,231,121,104,0,2,2,4,artci_patlama@R15,116,116,0,135,108,0,0,0,0,0,0.645,336.667,13.222
1,Run50_KirilmaV1,Patlama yolu,bahcivan,standart,100,kırılma,50,KAZANDI
2,Run50_KirilmaV1,Patlama yolu,bahcivan,standart,101,kırılma,1,,,13,13,0,0,0,0,12,1,0,0,0,15,15,45,0,0,28,0,0,28,0,0,270,1,0,10,1,1,3,0.9,4,0.3,2,12,2.25,2,3,,,,17,0,,,,3,6,,,,2,4,0.339,0,8,23,0,0,2,,4,0.351,45,0,0,0,0,0,0,0,0,,0,0,0,0,0,0,0,0,0,0,0.75,0.333,0.289
2,Run50_KirilmaV1,Patlama yolu,bahcivan,standart,101,kırılma,2,,,15,15,0,0,0,0,11,3,1,0,0,30,45,45,0,0,34,4,0,37,4,0,350,2,3,10.67,1,1,3,0.9,4,0.3,2,13,2.85,2.09,2,3,,,0,0,0,,,3.27,3,12,,,3,5,0.479,0,8,28,1,1,1,,5,0.111,45,1,3,0,0,0,0,0,0,,0,0,0,0,0,0,0,0,0,0,0.6,0.667,0.333
2,Run50_KirilmaV1,Patlama yolu,bahcivan,standart,101,kırılma,3,,,18,18,0,0,0,0,15,2,1,0,0,31,76,45,0,0,38,4,0,41,8,0,452,3,3,11.33,1,1,3,0.9,4,0.3,2,14,2.79,1.93,2,5,,,15,0,0,0,,3.6,3,24,,,4,6,0.453,0.167,8,34,2,3,1,,4,0,45,2,6,3,0,0,2,0,0,,0,0,0,0,0,0,0,0,0,0,0.333,0.689,0.4
2,Run50_KirilmaV1,Patlama yolu,bahcivan,standart,101,kırılma,4,,,20,19,1,0,0,0,16,2,1,1,0,62,138,45,0,0,40,4,2,41,12,2,519,4,3,11.33,1,1,3,0.9,4,0.3,2,14,3.14,2.13,2,3,2,,18,0,0,,,6.4,7.5,21,6,,5,8,0.593,0.125,7.638,47,0,3,1,,6,0.044,45,3,9,6,0,0,2,3,4,,0,0,0,0,0,0,0,0,0,0,0.375,1.378,0.444
2,Run50_KirilmaV1,Patlama yolu,bahcivan,standart,101,kırılma,5,,,15,14,0,0,0,1,11,3,1,0,0,30,168,45,30,8,34,4,0,34,16,2,371,5,3,12,1,1,2.892,0.9,4,0.3,2,15,2.47,2,2.67,3,,,0,0,0,,,4.63,9.64,11.57,,,6,9,0.497,0.333,7.083,57,3,6,1,,3,0,45,4,12,9,0,0,2,3,4,,0,0,0,0,0,0,0,0,0,0,0.444,0.667,0.333
2,Run50_KirilmaV1,Patlama yolu,bahcivan,standart,101,kırılma,6,,,23,18,4,0,0,1,18,4,1,0,0,40,40,110,0,0,52,4,0,56,20,2,585,6,3,12,1,1.3,2.892,0.9,4,0.3,2,15,3.47,2.14,2.33,3,,,12,0,0,,,6.82,8.67,5.8,,,6,9,0.634,0.111,7.041,58,1,7,0,yikim_gucux1,5,0.007,45,5,15,9,3,0,2,3,4,,0,0,0,0,0,0,0,0,0,0,0.556,0.889,0.511
2,Run50_KirilmaV1,Patlama yolu,bahcivan,standart,101,kırılma,7,,,21,18,3,0,0,0,14,5,2,0,0,49,89,110,0,0,48,8,0,48,28,2,596,8,6,12.67,1,1.3,2.789,0.9,4,0.3,2,16,3.5,2.08,3.2,1,,,0,0,0,0,,4.42,10.05,0,,,7,10,0.674,0.4,6.975,65,4,11,1,yikim_gucux1,5,0,45,7,21,12,3,0,2,3,4,,0,0,0,0,0,0,0,0,0,0,0.6,1.089,0.467
2,Run50_KirilmaV1,Patlama yolu,bahcivan,standart,101,kırılma,8,,,25,21,4,0,0,0,14,9,1,1,0,81,170,110,0,0,73,4,2,73,32,4,761,9,3,13.33,1,1.3,2.789,0.9,4,0.3,2,16,3.44,1.69,2.67,3,1,,8,0,0,,,3.65,8.83,11.17,0,,8,11,0.667,0.273,7.054,70,3,14,1,yikim_gucux1,6,0,45,8,24,18,3,0,2,3,4,,0,0,0,0,0,0,0,0,0,0,0.545,1.8,0.556
2,Run50_KirilmaV1,Patlama yolu,bahcivan,standart,101,kırılma,9,,,23,17,2,0,0,4,17,3,3,0,0,56,226,110,0,0,49,12,0,49,44,4,665,10,3,14,1,1.3,2.789,0.9,4,0.3,2,16,3.5,1.86,3,2,,,6,0,0,,,5.18,8.35,5.57,,,9,12,0.686,0.333,6.942,78,3,17,1,yikim_gucux1,6,0,45,9,27,21,3,0,2,3,4,,0,0,0,0,0,0,0,0,0,0,0.917,1.244,0.511
2,Run50_KirilmaV1,Patlama yolu,bahcivan,standart,101,kırılma,10,,,22,16,6,0,0,0,17,4,1,0,0,39,265,110,39,16,54,4,0,59,48,4,595,11,3,14,1,1.3,2.689,0.9,4,0.3,2,16,3.63,2.33,1.67,2,,,0,0,0,0,,8.07,4.48,2.7,,,10,13,0.749,0.385,6.991,84,2,19,1,yikim_gucux1,7,0,45,10,30,24,3,0,2,3,4,,0,0,0,0,0,0,0,0,0,0,0.769,0.867,0.489
2,Run50_KirilmaV1,Patlama yolu,bahcivan,standart,101,kırılma,11,,,29,22,6,0,0,1,19,6,3,1,0,97,97,150,0,0,68,12,2,76,60,6,876,12,3,15.64,1,1.3,2.592,0.9,4,0.3,2,17,3.41,2,2,1.5,,,11,20,0,,,5.19,11.23,1.3,,,10,13,0.664,0.385,6.991,84,3,22,0,yikim_gucux1 kivilcimx1,6,0,45,11,33,25,5,0,2,3,4,,0,0,0,0,0,0,0,0,0,0,0.692,2.156,0.644
2,Run50_KirilmaV1,Patlama yolu,bahcivan,standart,101,kırılma,12,,,29,22,3,0,0,4,19,5,5,0,0,84,181,150,0,0,82,20,0,86,50,6,913,13,3,16.36,1,1.3,2.592,0.9,4,0.3,2,17,3.59,1.93,2.6,2,,,20,0,0,0,,4.26,9.85,6.04,,,11,14,0.705,0.5,6.858,92,5,27,1,yikim_gucux1 kivilcimx1,7,0,45,12,36,25,8,0,2,3,4,,0,0,0,0,0,0,0,0,0,0,0.5,1.867,0.644
2,Run50_KirilmaV1,Patlama yolu,bahcivan,standart,101,kırılma,13,,,32,27,4,0,0,1,23,6,1,2,0,111,292,150,0,0,99,4,4,131,54,10,975,14,3,16.36,1,1.3,2.5,0.9,4,0.3,2,17,3.82,1.71,1.75,,2.5,,30,20,0,0,,5,4.38,,11.25,,12,16,0.669,0.313,6.89,104,1,28,1,yikim_gucux1 kivilcimx1,7,0,45,13,39,28,8,0,2,3,4,,0,0,0,0,0,0,0,0,0,0,0.813,2.467,0.711
2,Run50_KirilmaV1,Patlama yolu,bahcivan,standart,101,kırılma,14,,,34,32,2,0,0,0,24,8,1,1,0,88,380,150,0,0,112,4,2,113,58,12,989,15,3,18.13,1,1.3,2.5,0.9,4,0.3,2,17,3.82,1.61,2,2,2,,23,14,0,,,4.57,8.21,15,15,,14,19,0.731,0.632,6.759,127,3,31,2,yikim_gucux1 kivilcimx1,7,0,45,14,42,31,8,0,2,3,4,,0,0,0,0,0,0,0,0,0,0,0.842,1.956,0.756
2,Run50_KirilmaV1,Patlama yolu,bahcivan,standart,101,kırılma,15,,,25,23,1,0,0,1,18,3,4,0,0,67,447,150,67,30,69,16,0,72,49,12,832,16,3,18.13,1,1.3,2.5,0.9,4,0.3,2,17,3.29,1.56,2,2,,,33,0,0,,,2.81,2.5,8.75,,,15,20,0.657,0.45,6.791,133,3,34,1,yikim_gucux1 kivilcimx1,7,0,45,15,45,34,8,0,2,3,4,,0,0,0,0,0,0,0,0,0,0,0.7,1.489,0.556
2,Run50_KirilmaV1,Patlama yolu,bahcivan,standart,101,kırılma,16,,,36,27,5,0,0,4,21,11,4,0,0,94,94,220,0,0,129,16,0,132,65,12,1168,17,3,18.13,1,1.3,2.41,0.9,4,0.3,2,18,3.72,1.93,1.89,1.75,,,11,0,,,,6.54,5.89,9.64,,,16,21,0.772,0.619,6.652,142,3,37,1,yikim_gucux1 kivilcimx1 nadir_tohumx1,8,0,45,16,48,37,8,0,2,3,4,,0,0,0,0,0,0,0,0,0,0,0.667,2.089,0.8
2,Run50_KirilmaV1,Patlama yolu,bahcivan,standart,101,kırılma,17,,,27,24,3,0,0,0,21,5,0,0,1,136,230,220,0,0,93,0,8,95,40,20,880,18,3,19.2,1,1.3,2.324,0.9,4,0.3,2,19,4,2.11,2.75,,,5,12,14,0,0,0,8.81,16.83,,,30.2,18,26,0.829,0.538,6.305,186,5,42,2,yikim_gucux1 kivilcimx1 nadir_tohumx1,7,0,45,17,51,40,8,0,2,3,4,,0,0,0,0,0,0,0,0,0,0,0.923,3.022,0.6
2,Run50_KirilmaV1,Patlama yolu,bahcivan,standart,101,kırılma,18,,,34,26,1,0,0,7,21,7,4,1,1,212,442,220,0,0,148,16,2,150,56,22,1219,19,3,20.27,1,1.3,2.324,0.935,4,0.3,2,19,4,1.67,2.17,2.33,3,5,18,0,0,,0,5.11,6.97,12.39,32.53,32.53,18,26,0.836,0.692,6.305,186,3,45,0,yikim_gucux1 kivilcimx1 nadir_tohumx1,8,0,45,18,54,43,8,0,2,3,4,,0,0,0,0,0,0,0,0,0,0,0.769,4.711,0.756
2,Run50_KirilmaV1,Patlama yolu,bahcivan,standart,101,kırılma,19,,,31,29,1,0,0,1,19,11,1,0,0,62,504,220,0,0,123,5,0,143,36,22,1134,20,3,20.27,1,1.3,2.24,0.935,4,0.3,2,20,4,2.06,2,4,,,5,11,0,,0,9.23,9.78,24.63,,,20,31,0.867,0.645,6.102,229,5,50,2,yikim_gucux1 kivilcimx1 nadir_tohumx1,9,0,45,19,57,46,8,0,2,3,4,,0,0,0,0,0,0,0,0,0,0,0.839,1.378,0.689
2,Run50_KirilmaV1,Patlama yolu,bahcivan,standart,101,kırılma,20,,,25,21,4,0,0,0,18,5,2,0,0,53,557,220,53,45,84,10,0,84,46,22,1022,21,3,20.27,1,1.3,2.16,0.97,4,0.3,2,20,4,2.38,2.4,,,,7,0,0,0,,12.29,12.95,,,,21,32,0.898,0.75,5.882,245,6,56,1,yikim_gucux1 kivilcimx1 nadir_tohumx1,7,0,45,20,60,49,8,0,2,3,4,,0,0,0,0,0,0,0,0,0,0,0.906,1.178,0.556
2,Run50_KirilmaV1,Patlama yolu,bahcivan,standart,101,kırılma,21,,,34,25,5,0,0,4,20,8,1,3,2,344,344,300,0,0,153,23,6,195,69,28,1705,22,3,20.27,1,1.3,2.16,0.97,4,0.3,2,20,3.95,2.06,1.5,,3,2,0,17,0,0,,9.05,2.71,,15.12,12.97,21,32,0.88,0.656,5.694,253,2,58,0,yikim_gucux1 kivilcimx2 nadir_tohumx1,12,0,45,21,63,49,11,0,2,3,4,,0,0,0,0,0,0,0,0,0,0,0.875,7.644,0.756
2,Run50_KirilmaV1,Patlama yolu,bahcivan,standart,101,kırılma,22,,,45,30,13,0,0,2,27,11,4,3,0,190,534,300,0,0,147,20,6,177,64,34,2264,23,3,24.3,1,1.3,2.16,0.97,4,0.3,2,20,4,1.53,1.57,2,2,,15,0,0,0,,3.64,4.94,3.25,5.4,,20,34,0.834,0.5,5.659,270,2,60,2,yikim_gucux1 kivilcimx2 nadir_tohumx1,17,0,45,22,66,49,14,0,2,3,4,,0,0,0,0,0,0,0,0,0,0,0.853,4.222,1
2,Run50_KirilmaV1,Patlama yolu,bahcivan,standart,101,kırılma,23,,,69,42,27,0,0,0,37,25,5,2,0,222,756,300,0,0,261,30,4,283,34,38,3319,25,6,24.3,1,1.3,2.16,1.04,6,0.3,2,20,6,1.6,2.12,2.67,3,,43,0,0,0,,5.18,7.63,12.96,10.8,,19,36,0.773,0.556,5.539,292,5,65,2,yikim_gucux1 kivilcimx2 nadir_tohumx1,16,0,45,24,72,49,17,0,2,3,4,,0,0,0,0,0,0,0,0,0,0,0.611,4.933,1.533
2,Run50_KirilmaV1,Patlama yolu,bahcivan,standart,101,kırılma,24,,,70,40,26,0,0,4,42,19,7,2,0,229,985,300,0,0,240,42,4,283,76,42,3343,26,3,24.3,1,1.3,2.16,1.04,6,0.3,2,20,6,1.68,2.63,3.4,2,,27,14,25,0,,3.02,14.03,16.85,5.4,,20,38,0.761,0.579,5.505,311,1,66,1,yikim_gucux1 kivilcimx2 nadir_tohumx1,18,0,45,25,75,49,23,0,2,3,4,,0,0,0,0,0,0,0,0,0,0,0.711,5.089,1.556
2,Run50_KirilmaV1,Patlama yolu,bahcivan,standart,101,kırılma,25,,,62,32,30,0,0,0,35,18,5,3,1,329,1314,300,329,65,258,30,6,291,48,28,3267,28,6,25.51,1,1.3,2.16,1.075,6,0.3,2,20,5.95,1.61,2.22,3.75,6,,22,11,0,0,0,6.24,7.2,18.35,17.27,,19,41,0.714,0.537,5.41,341,4,70,3,yikim_gucux1 kivilcimx2 nadir_tohumx1,15,0,45,27,81,49,26,0,2,3,4,,0,0,0,0,0,0,0,0,0,0,0.707,7.311,1.378
2,Run50_KirilmaV1,Patlama yolu,bahcivan,standart,101,kırılma,26,,,79,32,47,0,0,0,42,22,11,4,0,338,338,500,0,0,258,66,8,389,114,36,4084,29,3,25.51,1,1.3,2.16,1.075,6,0.3,2,20,6,1.85,1.91,2.67,1.5,,28,18,0,0,,7.31,5.3,10.44,1.08,,27,49,0.802,0.592,5.591,394,0,70,8,yikim_gucux1 kivilcimx3 nadir_tohumx1,17,0,45,28,84,49,32,0,2,3,4,,0,0,0,0,0,0,0,0,0,0,0.694,7.511,1.756
2,Run50_KirilmaV1,Patlama yolu,bahcivan,standart,101,kırılma,27,,,85,29,52,0,0,4,53,18,9,5,0,371,709,500,0,0,267,54,10,436,93,46,4394,31,6,28.62,1,1.3,2.16,1.075,6,0.3,2,20,6,1.65,1.83,2.25,3,,50,19,40,0,,3.18,5.76,5.4,11.88,,21,49,0.809,0.571,5.378,410,2,72,3,yikim_gucux1 kivilcimx3 nadir_tohumx1,20,0,45,30,90,49,35,0,2,3,4,,0,0,0,0,0,0,0,0,0,0,0.735,8.244,1.889
2,Run50_KirilmaV1,Patlama yolu,bahcivan,standart,101,kırılma,28,,,111,51,58,0,0,2,60,29,16,6,0,524,1233,500,0,0,354,96,12,425,176,38,5946,32,3,33.24,1,1.3,2.092,1.075,6,0.3,2,21,6,1.36,1.44,1.63,2.6,,55,47,50,0,,2.38,2.75,3.92,7.53,,17,49,0.781,0.531,5.087,433,3,75,2,yikim_gucux1 kivilcimx3 nadir_tohumx1,23,0,45,31,93,49,41,0,2,3,4,,0,0,0,0,0,0,0,0,0,0,0.653,11.644,2.467
2,Run50_KirilmaV1,Patlama yolu,bahcivan,standart,101,kırılma,29,,,98,42,53,0,0,3,42,29,15,10,2,847,2080,500,0,0,300,90,40,345,266,78,5773,34,6,33.24,1,1.3,2.026,1.145,6,0.3,2,22,6,1.47,1.86,2.33,2.2,,45,27,8,0,0,3.81,6.22,6.75,12.15,,17,49,0.821,0.531,5.087,433,4,79,0,yikim_gucux1 kivilcimx3 nadir_tohumx1,31,0,45,33,99,49,44,0,2,3,4,,0,0,0,0,0,0,0,0,0,0,0.531,18.822,2.178
2,Run50_KirilmaV1,Patlama yolu,bahcivan,standart,101,kırılma,30,,,102,48,51,0,0,3,37,32,19,12,2,1081,3161,500,1081,100,303,137,47,368,172,85,7187,36,6,34.76,1,1.3,2.026,1.145,6,0.3,2,22,6,1.5,1.38,2,2.13,,41,32,0,0,100,2.89,3.67,6.69,5.06,,13,49,0.806,0.408,4.53,487,4,83,2,yikim_gucux1 kivilcimx3 nadir_tohumx1,21,0,45,35,105,49,50,0,2,3,4,,0,0,0,0,0,0,0,0,0,0,0.714,24.022,2.267
2,Run50_KirilmaV1,Patlama yolu,bahcivan,standart,101,kırılma,31,,,138,53,81,0,0,4,53,41,30,13,1,1211,1211,1200,0,0,405,203,39,563,387,104,9387,38,6,38.16,1.6,1.3,2.026,1.145,6,0.3,2,22,6,1.24,1.36,1.6,2,3,66,52,44,9,0,2.12,1.45,4.26,3.76,10.13,11,49,0.766,0.551,4.186,527,1,84,1,yikim_gucux1 kivilcimx3 nadir_tohumx1 canavar_kesimix1,27,0,45,37,111,49,56,0,2,3,4,,0,0,0,0,0,0,0,0,0,0,0.755,26.911,3.067
2,Run50_KirilmaV1,Patlama yolu,bahcivan,standart,101,kırılma,32,,,149,57,88,0,0,4,72,39,22,14,2,1268,2479,1200,0,0,498,132,54,536,224,58,9612,40,6,39.82,1.6,1.3,1.962,1.145,6,0.3,2,22,6,1.18,1.38,1.46,1,1,71,54,42,43,100,1.25,2.94,2.87,0,0,11,49,0.773,0.551,4.055,544,6,90,0,yikim_gucux1 kivilcimx3 nadir_tohumx1 canavar_kesimix1,29,0,45,39,117,49,62,0,2,3,4,,0,0,0,0,0,0,0,0,0,0,0.694,28.178,3.311
2,Run50_KirilmaV1,Patlama yolu,bahcivan,standart,101,kırılma,33,,,137,51,84,0,0,2,61,35,23,16,2,1447,3926,1200,0,0,393,186,60,419,422,98,8991,41,3,39.82,1.6,1.3,1.962,1.18,6,0.3,2,22,6,1.17,1.1,1.89,2,2,69,68,18,25,0,1.06,0.98,4.8,5.61,3.93,13,55,0.789,0.545,4.146,597,3,93,3,yikim_gucux1 kivilcimx3 nadir_tohumx1 canavar_kesimix1,28,0,45,40,120,55,62,0,2,3,4,,0,0,0,0,0,0,0,0,0,0,0.764,32.156,3.044
2,Run50_KirilmaV1,Patlama yolu,bahcivan,standart,101,kırılma,34,,,136,48,82,0,0,6,57,32,31,15,1,1344,5270,1200,0,0,363,217,57,442,403,65,8826,43,6,43.38,1.6,1.3,1.962,1.18,6,0.3,2,22,6,1.29,1.55,1.45,2.25,3,67,42,30,0,0,1.31,3.21,2.86,6.88,11.77,14,62,0.817,0.581,3.998,698,3,96,3,yikim_gucux1 kivilcimx3 nadir_tohumx1 canavar_kesimix1,30,0,45,42,126,58,62,0,2,3,4,,0,0,0,0,0,0,0,0,0,0,0.839,29.867,3.022
2,Run50_KirilmaV1,Patlama yolu,bahcivan,standart,101,kırılma,35,,,124,49,75,0,0,0,48,28,27,15,6,2036,7306,1200,2036,220,392,276,102,454,299,102,9147,44,3,43.38,1.6,1.3,1.962,1.18,6,0.3,2,22,6,1.13,1.27,1.69,1.71,1.33,62,32,29,18,0,0.78,1.25,4.08,3.09,1.31,15,65,0.789,0.585,4.138,707,5,101,1,yikim_gucux1 kivilcimx3 nadir_tohumx1 canavar_kesimix1,27,0,45,43,129,64,62,0,2,3,4,,0,0,0,0,0,0,0,0,0,0,0.708,45.244,2.756
2,Run50_KirilmaV1,Patlama yolu,bahcivan,standart,101,kırılma,36,,,167,58,106,0,0,3,72,43,30,19,3,1852,1852,2800,0,0,621,240,93,675,349,115,11422,46,6,43.38,1.6,1.69,1.901,1.18,6,0.3,2,23,6,1.24,1.25,1.55,1.2,2,69,50,47,38,33,0.81,1.42,3.28,0.76,3.8,17,69,0.819,0.667,4.368,711,4,105,2,yikim_gucux2 kivilcimx3 nadir_tohumx1 canavar_kesimix1,31,0,45,45,135,67,62,0,2,3,4,,0,0,0,0,0,0,0,0,0,0,0.826,41.156,3.711
2,Run50_KirilmaV1,Patlama yolu,bahcivan,standart,101,kırılma,37,,,148,60,84,0,0,4,52,38,30,20,8,2608,4460,2800,0,0,630,270,180,645,389,200,12374,47,3,46.93,1.6,1.69,1.901,1.265,6,0.3,2,23,6,1.12,1.42,1.54,1.43,1.5,82,36,47,29,0,0.95,4.28,2.19,2.71,6.65,20,75,0.832,0.667,4.497,750,6,111,3,yikim_gucux2 kivilcimx3 nadir_tohumx1 canavar_kesimix1,28,0,45,46,138,73,62,0,2,3,4,,0,0,0,0,0,0,0,0,0,0,0.787,57.956,3.289
2,Run50_KirilmaV1,Patlama yolu,bahcivan,standart,101,kırılma,38,,,126,42,81,0,0,3,42,42,22,13,7,1975,6435,2800,0,0,792,258,65,862,647,155,10262,48,3,46.93,1.6,1.69,1.901,1.265,6,0.3,2,23,6,1.43,1.5,1.67,2.25,2.25,63,46,18,10,0,2.17,2.31,5.7,7.6,8.08,24,81,0.854,0.728,4.763,765,4,115,4,yikim_gucux2 kivilcimx3 nadir_tohumx1 canavar_kesimix1,26,0,45,47,141,76,62,0,2,3,4,,0,0,0,0,0,0,0,0,0,0,0.889,43.889,2.8
2,Run50_KirilmaV1,Patlama yolu,bahcivan,standart,101,kırılma,39,,,169,51,111,0,0,7,70,35,32,23,9,2997,9432,2800,0,0,745,432,178,897,519,208,13457,50,6,49.54,1.6,1.69,1.841,1.265,6,0.3,2,24,6,1.23,1.5,1.33,1.78,1.75,66,32,38,53,25,1.34,3.87,2.45,5.32,4.14,24,81,0.836,0.642,4.671,780,4,119,0,yikim_gucux2 kivilcimx3 nadir_tohumx1 canavar_kesimix1,33,0,45,49,147,79,62,0,2,3,4,,0,0,0,0,0,0,0,0,0,0,0.79,66.6,3.756
2,Run50_KirilmaV1,Patlama yolu,bahcivan,standart,101,kırılma,40,,,118,38,80,0,0,0,41,32,19,19,7,2376,11808,2800,2376,500,443,293,202,790,492,270,9937,51,3,53.29,1.6,1.69,1.841,1.315,6,0.3,2,24,4,1,1.43,1.78,1.88,2,81,36,14,25,0,0,4.74,4.5,3.45,7.37,24,81,0.88,0.765,4.548,802,4,123,0,yikim_gucux2 kivilcimx3 nadir_tohumx1 canavar_kesimix1,24,0,45,50,150,81,66,0,2,3,4,,0,0,0,0,0,0,0,0,0,0,0.852,52.8,2.622
2,Run50_KirilmaV1,Patlama yolu,bahcivan,standart,101,kırılma,41,,,167,57,107,0,0,3,65,40,37,19,6,2570,2570,4500,0,0,580,530,206,620,1022,321,13522,52,3,53.29,1.6,2.197,1.783,1.315,6,0.3,2,25,6,1.28,1.4,1.56,2.33,1.5,69,58,33,27,33,1.29,2.5,3.9,10.11,4.45,24,81,0.838,0.593,4.548,802,3,126,0,yikim_gucux3 kivilcimx3 nadir_tohumx1 canavar_kesimix1,37,0,45,51,153,81,69,0,2,3,4,,0,0,0,0,0,0,0,0,0,0,0.593,57.111,3.711
2,Run50_KirilmaV1,Patlama yolu,bahcivan,standart,101,kırılma,42,,,168,56,111,0,0,1,67,40,39,19,3,2143,4713,4500,0,0,704,513,114,1064,815,265,12786,53,3,56.1,1.6,2.197,1.783,1.365,6,0.3,2,25,6,1.27,1.71,1.76,2.17,,76,35,25,17,33,2.84,5.6,4.42,5.95,,24,81,0.829,0.593,4.54,803,3,129,0,yikim_gucux3 kivilcimx3 nadir_tohumx1 canavar_kesimix1,31,0,45,52,156,81,72,0,2,3,4,,0,0,0,0,0,0,0,0,0,0,0.691,47.622,3.733
2,Run50_KirilmaV1,Patlama yolu,bahcivan,standart,101,kırılma,43,,,156,49,104,0,0,3,65,32,38,16,5,2459,7172,4500,0,0,632,501,144,846,956,409,12351,54,3,56.1,1.6,2.197,1.783,1.365,6,0.3,2,25,6,1.11,1.82,2,2,1.75,74,39,25,0,0,0.99,5.02,4.46,4.02,3.11,24,81,0.839,0.679,4.529,805,3,132,0,yikim_gucux3 kivilcimx3 nadir_tohumx1 canavar_kesimix1,29,0,45,53,159,81,75,0,2,3,4,,0,0,0,0,0,0,0,0,0,0,0.79,54.644,3.467
2,Run50_KirilmaV1,Patlama yolu,bahcivan,standart,101,kırılma,44,,,167,52,111,0,0,4,63,34,36,26,8,3380,10552,4500,0,0,710,477,252,776,633,661,13933,56,6,60.05,1.6,2.197,1.783,1.365,6,0.3,2,25,6,1.15,1.6,1.67,1.78,2.25,70,44,42,45,50,0.54,4.64,4.96,9.11,7.58,24,81,0.842,0.654,4.529,805,3,135,0,yikim_gucux3 kivilcimx3 nadir_tohumx1 canavar_kesimix1,34,0,45,55,165,81,78,0,2,3,4,,0,0,0,0,0,0,0,0,0,0,0.691,75.111,3.711
2,Run50_KirilmaV1,Patlama yolu,bahcivan,standart,101,kırılma,45,,,163,55,107,0,0,1,60,44,33,19,7,2964,13516,4500,2964,800,716,531,162,907,784,238,13297,57,3,60.05,1.6,2.197,1.783,1.365,6,0.35,2.333,25,6,1.17,1.54,1.36,2,1,72,58,40,30,20,0.6,4.11,2.93,6.74,0,24,81,0.837,0.654,4.406,827,7,142,0,yikim_gucux3 kivilcimx3 nadir_tohumx1 canavar_kesimix1,28,0,45,56,168,81,84,0,2,3,4,,0,0,0,0,0,0,0,0,0,0,0.778,65.867,3.622
2,Run50_KirilmaV1,Patlama yolu,bahcivan,standart,101,kırılma,46,,,228,83,142,0,0,3,79,61,46,33,9,4214,4214,6000,0,0,990,642,294,1607,1426,532,19040,58,3,60.05,1.6,2.197,1.248,1.365,6,0.367,2.333,36,6,1.28,1.6,1.5,1.91,2.25,71,31,47,24,0,0.95,2.6,1.32,5.45,5,24,81,0.807,0.642,4.371,834,1,143,0,yikim_gucux3 kivilcimx3 nadir_tohumx1 canavar_kesimix1 firtina_bilegix1,44,0,45,57,171,81,87,0,2,3,4,,0,0,0,0,0,0,0,0,0,0,0.654,93.644,5.067
2,Run50_KirilmaV1,Patlama yolu,bahcivan,standart,101,kırılma,47,,,247,85,160,0,0,2,97,60,55,23,12,4491,8705,6000,0,0,1178,750,258,1585,856,500,19225,59,3,69.27,1.6,2.197,1.248,1.365,6,0.367,2.444,36,6,1.07,1.24,1.57,1.92,2,79,72,48,12,20,0.22,2.05,1.58,3.01,5.49,24,81,0.778,0.642,4.371,834,4,147,0,yikim_gucux3 kivilcimx3 nadir_tohumx1 canavar_kesimix1 firtina_bilegix1,45,0,45,58,174,81,90,0,2,3,4,,0,0,0,0,0,0,0,0,0,0,0.778,99.8,5.489
2,Run50_KirilmaV1,Patlama yolu,bahcivan,standart,101,kırılma,48,,,380,129,242,0,0,9,155,94,68,40,23,7569,16274,6000,0,0,1744,1266,408,1859,1682,908,27284,61,6,69.27,1.6,2.197,1.209,1.415,9,0.367,2.444,37,8.97,1.04,1.37,1.19,1.72,1.71,84,59,56,42,50,0.43,3.49,0.88,4.43,5.7,24,81,0.651,0.444,4.227,862,4,151,0,yikim_gucux3 kivilcimx3 nadir_tohumx1 canavar_kesimix1 firtina_bilegix1,62,0,45,60,180,81,93,0,2,3,4,,0,0,0,0,0,0,0,0,0,0,0.519,168.2,8.444
2,Run50_KirilmaV1,Patlama yolu,bahcivan,standart,101,kırılma,49,,,382,126,249,0,0,7,133,116,86,37,10,5715,21989,6000,0,0,1771,1122,342,1820,1204,920,28788,63,6,76.92,1.6,2.197,1.209,1.465,9,0.367,2.556,37,9,1.03,1.46,1.26,1.69,1.2,84,53,42,32,33,0.23,2.22,1.99,5.48,1.45,24,81,0.637,0.457,4.2,868,7,158,0,yikim_gucux3 kivilcimx3 nadir_tohumx1 canavar_kesimix1 firtina_bilegix1,69,0,45,62,186,81,99,0,2,3,4,,0,0,0,0,0,0,0,0,0,0,0.593,127,8.489
2,Run50_KirilmaV1,Patlama yolu,bahcivan,standart,101,kırılma,50,,,372,128,227,0,0,17,135,100,72,52,13,6573,28562,6000,0,0,1700,1134,384,1920,1828,1304,29047,65,6,83.44,1.6,2.197,1.209,1.465,9,0.367,2.556,37,9,1.1,1.45,1.54,1.44,1.2,80,57,38,44,33,0.27,3.59,3.88,2.35,1.21,24,81,0.667,0.519,4.097,890,2,160,0,yikim_gucux3 kivilcimx3 nadir_tohumx1 canavar_kesimix1 firtina_bilegix1,65,0,45,64,192,81,105,0,2,3,4,,0,0,0,0,0,0,0,0,0,0,0.63,146.067,8.267
2,Run50_KirilmaV1,Patlama yolu,bahcivan,standart,101,kırılma,50,KAZANDI
3,Run50_KirilmaV1,Patlama yolu,bahcivan,standart,102,kırılma,1,,,13,13,0,0,0,0,10,3,0,0,0,19,19,45,0,0,32,0,0,32,0,0,290,1,0,10,1,1,3,0.9,4,0.3,2,13,2.08,1.8,2.67,,,,36,0,,,,2.4,5,,,,2,4,0.346,0,8,23,0,0,2,,4,0.203,45,0,0,0,0,0,0,0,0,,0,0,0,0,0,0,0,0,0,0,1,0.422,0.289
3,Run50_KirilmaV1,Patlama yolu,bahcivan,standart,102,kırılma,2,,,18,18,0,0,0,0,14,3,1,0,0,33,52,45,0,0,40,4,0,40,4,0,410,2,3,11.33,1,1,3,0.9,4,0.3,2,14,2.36,1.57,2.67,3,,,38,0,0,,,1.93,5,9,,,3,5,0.391,0,8,28,2,2,1,,4,0.11,45,1,3,0,0,0,0,0,0,,0,0,0,0,0,0,0,0,0,0,0.2,0.733,0.4
3,Run50_KirilmaV1,Patlama yolu,bahcivan,standart,102,kırılma,3,,,20,16,4,0,0,0,13,3,4,0,0,62,114,45,0,0,38,16,0,38,20,0,510,3,3,11.33,1,1,3,0.9,4,0.3,2,14,2.79,1.82,2,2.33,,,31,0,0,,,3.55,6,5,,,4,7,0.449,0,8,39,0,2,1,,6,0.163,45,2,6,3,0,0,2,2,3,,0,0,0,0,0,0,0,0,0,0,0.714,1.378,0.444
3,Run50_KirilmaV1,Patlama yolu,bahcivan,standart,102,kırılma,4,,,22,19,3,0,0,0,16,5,1,0,0,41,155,45,0,0,52,4,0,57,24,0,510,5,6,11.33,1,1,3,0.9,4,0.3,2,14,3,1.62,2.2,4,,,23,0,0,,,3.69,4.2,12,,,5,8,0.509,0.125,7.804,46,2,4,1,,5,0.04,45,4,12,6,0,0,2,2,3,,0,0,0,0,0,0,0,0,0,0,0.625,0.911,0.489
3,Run50_KirilmaV1,Patlama yolu,bahcivan,standart,102,kırılma,5,,,24,19,5,0,0,0,18,5,1,0,0,43,198,45,43,8,56,4,0,72,28,0,581,6,3,12,1,1,2.892,0.9,4,0.3,2,15,3.27,2,2.25,1,,,0,0,,,,5.17,6.52,0,,,6,9,0.526,0,7.672,53,3,7,1,,8,0.109,45,5,15,9,3,0,2,2,3,,0,0,0,0,0,0,0,0,0,0,0.667,0.956,0.533
3,Run50_KirilmaV1,Patlama yolu,bahcivan,standart,102,kırılma,6,,,30,21,9,0,0,0,26,4,0,0,0,38,38,110,0,0,68,0,0,74,28,0,674,7,3,12.67,1,1.3,2.789,0.9,4,0.3,2,16,3.13,1.65,2,,,,26,20,,,,3.9,2.8,,,,6,9,0.475,0.111,7.484,54,5,12,0,yikim_gucux1,7,0.045,45,6,18,9,6,0,2,2,3,,0,0,0,0,0,0,0,0,0,0,0.667,0.844,0.667
3,Run50_KirilmaV1,Patlama yolu,bahcivan,standart,102,kırılma,7,,,36,21,12,0,0,3,28,6,1,1,0,87,125,110,0,0,80,4,2,83,32,2,876,9,6,13.33,1,1.3,2.789,0.9,4,0.3,2,16,3.19,1.5,1.4,2,3,,33,75,0,,,2.19,3.34,5.57,13.93,,8,12,0.525,0.167,7.38,73,1,13,2,yikim_gucux1,8,0,45,8,24,12,6,0,2,2,3,,0,0,0,0,0,0,0,0,0,0,0.5,1.933,0.8
3,Run50_KirilmaV1,Patlama yolu,bahcivan,standart,102,kırılma,8,,,35,27,7,0,0,1,25,7,3,0,0,76,201,110,0,0,78,12,0,81,44,2,920,10,3,13.33,1,1.3,2.789,0.9,4,0.3,2,16,3.69,1.35,2.2,3,,,41,17,0,,,2.09,8.37,13.93,,,10,16,0.624,0.188,7.206,100,0,13,2,yikim_gucux1,10,0,45,9,27,18,6,0,2,2,3,,0,0,0,0,0,0,0,0,0,0,0.563,1.689,0.778
3,Run50_KirilmaV1,Patlama yolu,bahcivan,standart,102,kırılma,9,,,38,20,16,0,0,2,31,5,2,0,0,76,277,110,0,0,87,8,0,87,52,2,975,12,6,13.33,1,1.3,2.789,0.9,4,0.3,2,16,3.81,1.6,2.75,3,,,38,0,0,,,4.65,12.55,19.53,,,11,18,0.669,0.389,7.243,112,2,15,1,yikim_gucux1,10,0,45,11,33,21,6,0,2,2,3,,0,0,0,0,0,0,0,0,0,0,0.5,1.689,0.844
3,Run50_KirilmaV1,Patlama yolu,bahcivan,standart,102,kırılma,10,,,26,15,9,0,0,2,20,4,2,0,0,58,335,110,58,16,60,8,0,60,60,2,704,13,3,14,1,1.3,2.689,0.9,4,0.3,2,16,3.44,1.78,2.5,2,,,17,0,0,,,5.09,12.09,13.43,,,12,20,0.58,0.3,7.096,127,4,19,1,yikim_gucux1,7,0,45,12,36,25,8,0,2,2,3,,0,0,0,0,0,0,0,0,0,0,0.7,1.289,0.578
3,Run50_KirilmaV1,Patlama yolu,bahcivan,standart,102,kırılma,11,,,47,30,15,0,0,2,35,5,7,0,0,129,129,150,0,0,95,28,0,96,88,2,1279,14,3,15.64,1,1.3,2.689,1.188,6,0.3,2,16,5.56,1.57,2.33,2.75,,,36,0,0,,,3.86,3.59,14.78,,,13,21,0.663,0.333,7.121,133,2,21,1,yikim_gucux1 genis_savurusx1,11,0,45,13,39,25,11,0,2,2,3,,0,0,0,0,0,0,0,0,0,0,0.524,2.867,1.044
3,Run50_KirilmaV1,Patlama yolu,bahcivan,standart,102,kırılma,12,,,64,42,20,0,0,2,48,9,7,0,0,153,282,150,0,0,189,28,0,197,86,2,1788,16,6,15.64,1,1.3,2.592,1.188,6,0.3,2,17,5.71,1.52,1.57,1.33,,,44,13,17,,,3.31,4.81,2.16,,,15,23,0.58,0.348,6.952,149,5,26,2,yikim_gucux1 genis_savurusx1,12,0,45,15,45,25,14,0,2,2,3,,0,0,0,0,0,0,0,0,0,0,0.478,3.4,1.422
3,Run50_KirilmaV1,Patlama yolu,bahcivan,standart,102,kırılma,13,,,64,41,18,0,0,5,41,16,7,0,0,169,451,150,0,0,203,28,0,210,114,2,1912,18,6,18.13,1,1.3,2.5,1.188,6,0.3,2,17,5.82,1.37,2,1.71,,,43,15,0,0,,1.57,8.21,3.93,,,17,27,0.625,0.407,6.986,174,5,31,2,yikim_gucux1 genis_savurusx1,16,0,45,17,51,31,14,0,2,2,3,,0,0,0,0,0,0,0,0,0,0,0.667,3.756,1.422
3,Run50_KirilmaV1,Patlama yolu,bahcivan,standart,102,kırılma,14,,,65,41,18,0,0,6,43,19,1,2,0,190,641,150,0,0,224,4,4,265,68,6,1956,19,3,18.13,1,1.3,2.41,1.188,6,0.3,2,18,5.89,1.52,2,2,3,,45,9,0,0,,2.68,7.01,19.27,18.07,,18,31,0.683,0.484,6.644,210,5,36,3,yikim_gucux1 genis_savurusx1,16,0,45,18,54,37,14,0,2,2,3,,0,0,0,0,0,0,0,0,0,0,0.71,4.222,1.444
3,Run50_KirilmaV1,Patlama yolu,bahcivan,standart,102,kırılma,15,,,82,43,32,0,0,7,46,26,9,1,0,249,890,150,249,30,294,36,2,309,79,8,2752,21,6,19.2,1,1.3,2.324,1.188,6,0.3,2,19,6,1.48,1.79,2,3,,42,0,43,0,,3.74,6.8,6.51,16.27,,21,40,0.715,0.55,6.324,285,6,42,4,yikim_gucux1 genis_savurusx1,18,0,45,20,60,40,14,0,2,2,3,,0,0,0,0,0,0,0,0,0,0,0.75,5.533,1.822
3,Run50_KirilmaV1,Patlama yolu,bahcivan,standart,102,kırılma,16,,,110,67,33,0,0,10,69,23,15,2,1,516,516,220,0,0,390,75,4,433,104,12,3995,24,9,20.27,1,1.3,2.24,1.629,9,0.3,2,20,8.35,1.33,1.82,1.86,1,,55,32,8,0,0,2.29,4.69,8.64,0,,22,48,0.687,0.5,6.229,347,7,49,6,yikim_gucux1 genis_savurusx2,22,0,45,23,69,46,14,0,2,2,3,,0,0,0,0,0,0,0,0,0,0,0.729,11.467,2.444
3,Run50_KirilmaV1,Patlama yolu,bahcivan,standart,102,kırılma,17,,,135,67,56,0,0,12,67,38,18,10,2,1066,1582,220,0,0,519,90,20,575,119,32,5922,26,6,24.3,1,1.3,2.16,1.69,9,0.3,2,20,8.5,1.34,1.33,1.91,1,2,58,58,7,29,0,2.53,3.84,8.25,0,8.63,18,49,0.64,0.367,5.646,391,8,57,4,yikim_gucux1 genis_savurusx2,33,0,45,25,75,49,20,0,2,2,3,,0,0,0,0,0,0,0,0,0,0,0.714,23.689,3
3,Run50_KirilmaV1,Patlama yolu,bahcivan,standart,102,kırılma,18,,,150,63,61,0,0,26,89,33,20,5,3,1055,2637,220,0,0,510,100,30,516,139,62,6733,29,9,25.51,1,1.3,2.16,1.812,9,0.3,2,20,8.65,1.29,1.4,1.36,3,3,60,38,43,13,,1.54,4.03,1.57,34.57,8.63,18,49,0.641,0.306,5.508,400,11,68,0,yikim_gucux1 genis_savurusx2,35,0,45,28,84,49,26,0,2,2,3,,0,0,0,0,0,0,0,0,0,0,0.735,23.444,3.333
3,Run50_KirilmaV1,Patlama yolu,bahcivan,standart,102,kırılma,19,,,173,66,81,0,0,26,80,50,24,13,6,1930,4567,220,0,0,675,166,46,770,317,68,9033,32,9,29.99,1,1.3,2.092,1.873,9,0.3,2,21,8.57,1.21,1.26,2.1,1.67,2,73,63,35,33,25,1.01,1.76,8.15,6.97,15.68,14,49,0.595,0.265,5.272,418,6,74,2,yikim_gucux1 genis_savurusx2,36,0,45,31,93,49,35,0,2,2,3,,0,0,0,0,0,0,0,0,0,0,0.673,42.889,3.844
3,Run50_KirilmaV1,Patlama yolu,bahcivan,standart,102,kırılma,20,,,150,68,62,0,0,20,59,51,27,10,3,1544,6111,220,1544,45,528,206,30,573,268,98,8087,34,6,34.76,1,1.3,2.026,1.873,9,0.3,2,22,7.82,1.27,1.35,1.56,2,1.5,67,63,53,44,33,1.49,3.79,3.83,7.09,5.07,14,49,0.47,0.204,5.072,435,6,80,0,yikim_gucux1 genis_savurusx2,26,0,45,33,99,49,44,0,2,2,3,,0,0,0,0,0,0,0,0,0,0,0.531,34.311,3.333
3,Run50_KirilmaV1,Patlama yolu,bahcivan,standart,102,kırılma,21,,,211,76,108,0,0,27,96,61,30,16,8,2493,2493,300,0,0,798,272,59,851,310,157,11081,37,9,38.16,1,1.3,2.026,1.934,9,0.3,2,22,8.32,1.11,1.24,1.62,1.2,1.5,77,69,32,53,67,0.98,1.54,4.36,2.03,5.07,14,49,0.556,0.306,5.032,438,5,85,0,yikim_gucux1 genis_savurusx2 artci_patlamax1,35,0,45,36,108,49,50,0,2,2,3,artci_patlama@R20,40,40,0,42,30,0,0,0,0,0,0.551,55.4,4.689
3,Run50_KirilmaV1,Patlama yolu,bahcivan,standart,102,kırılma,22,,,223,89,106,0,0,28,94,57,45,22,5,2878,5371,300,0,0,624,390,88,670,427,125,12017,39,6,39.82,1,1.3,1.962,2.056,12,0.3,2,22,10.32,1.16,1.43,1.4,2,1.5,76,52,52,38,33,0.74,3.33,2.36,8.97,3.93,14,53,0.554,0.302,4.889,488,8,93,2,yikim_gucux1 genis_savurusx2 artci_patlamax1,39,0,45,38,114,49,59,0,2,2,3,artci_patlama@R20,56,56,0,34,18,0,0,0,0,0,0.642,63.956,4.956
3,Run50_KirilmaV1,Patlama yolu,bahcivan,standart,102,kırılma,23,,,358,96,212,0,0,50,148,108,63,30,9,4185,9556,300,0,0,1284,516,114,1409,590,159,18729,42,9,43.38,1,1.3,1.962,2.056,12,0.3,2,22,11.55,1.08,1.29,1.18,1.25,1,88,78,67,60,50,0.69,2.34,3,1.72,0,21,81,0.524,0.296,5.079,718,3,96,11,yikim_gucux1 genis_savurusx2 artci_patlamax1,58,0,45,41,123,55,59,0,2,2,3,artci_patlama@R20,59,59,0,69,55,0,0,0,0,0,0.519,93,7.956
3,Run50_KirilmaV1,Patlama yolu,bahcivan,standart,102,kırılma,24,,,355,96,215,0,0,44,148,81,77,39,10,5071,14627,300,0,0,1397,634,156,1436,664,315,19387,45,9,49.54,1,1.3,1.901,2.143,12,0.3,2,23,11.52,1.07,1.29,1.5,1.31,1.5,84,77,63,66,50,0.41,1.79,4.39,1.9,3.8,21,81,0.562,0.309,5.028,725,7,103,0,yikim_gucux1 genis_savurusx2 artci_patlamax1,55,0,45,44,132,64,59,0,2,2,3,artci_patlama@R20,62,62,0,47,40,0,0,0,0,0,0.63,112.689,7.889
3,Run50_KirilmaV1,Patlama yolu,bahcivan,standart,102,kırılma,25,,,334,95,185,0,0,54,120,99,58,43,14,6090,20717,300,6090,65,1569,540,194,1595,804,459,18804,48,9,53.29,1,1.3,1.841,2.291,12,0.3,2,24,11.75,1.22,1.36,1.5,2,1.4,75,62,50,32,27,1.08,2.51,4.87,5.7,0.73,21,81,0.607,0.309,4.893,745,9,112,0,yikim_gucux1 genis_savurusx2 artci_patlamax1,70,0,45,47,141,73,59,0,2,2,3,artci_patlama@R20,47,47,0,55,44,0,0,0,0,0,0.481,135.333,7.422
3,Run50_KirilmaV1,Patlama yolu,bahcivan,standart,102,kırılma,26,,,497,149,284,0,0,64,207,130,92,52,16,7342,7342,500,0,0,2134,1000,240,2184,1084,699,27930,51,9,56.1,1,1.3,1.248,2.378,12,0.3,2,36,11.28,1.08,1.2,1.29,1.53,1,85,76,74,53,47,0.38,1.22,1.61,3.16,0,21,81,0.406,0.198,4.893,745,6,118,0,yikim_gucux1 genis_savurusx2 artci_patlamax1 firtina_bilegix1,82,0,45,50,150,81,60,0,2,2,3,artci_patlama@R20,86,82,4,69,59,0,0,0,0,0,0.494,163.156,11.044
3,Run50_KirilmaV1,Patlama yolu,bahcivan,standart,102,kırılma,27,,,527,182,280,0,0,65,210,126,100,69,22,10390,17732,500,0,0,2310,1104,418,2404,1738,1117,30679,54,9,60.05,1,1.3,1.209,2.465,12,0.317,2,37,11.19,1.1,1.13,1.25,1.3,1.89,86,80,78,67,43,0.55,0.77,1.32,1.52,4.43,21,81,0.385,0.185,4.83,755,8,126,0,yikim_gucux1 genis_savurusx2 artci_patlamax1 firtina_bilegix1,80,0,45,53,159,81,69,0,2,2,3,artci_patlama@R20,99,99,0,75,62,0,0,0,0,0,0.42,230.889,11.711
3,Run50_KirilmaV1,Patlama yolu,bahcivan,standart,102,kırılma,28,,,554,180,310,0,0,64,209,138,116,66,25,11128,28860,500,0,0,2881,1371,424,2925,1829,1476,32371,56,6,65.98,1,1.3,1.209,2.465,12,0.317,2,37,11.3,1.03,1.11,1.24,1.61,1.5,92,84,74,58,56,0.16,0.48,1.37,2.28,1.93,21,81,0.388,0.16,4.685,778,7,133,0,yikim_gucux1 genis_savurusx2 artci_patlamax1 firtina_bilegix1,86,0,45,55,165,81,78,0,2,2,3,artci_patlama@R20,112,112,0,82,65,0,0,0,0,0,0.432,247.289,12.311
3,Run50_KirilmaV1,Patlama yolu,bahcivan,standart,102,kırılma,29,,,573,207,292,0,0,74,239,138,125,47,24,9927,38787,500,0,0,2518,1461,408,2843,1530,1884,33449,59,9,79.64,1,1.3,1.209,2.465,12,0.317,2,37,11.3,1.01,1.09,1.05,1.42,1.67,99,90,85,71,69,0.06,0.34,0.19,2.16,1.82,21,81,0.366,0.222,4.571,797,6,139,0,yikim_gucux1 genis_savurusx2 artci_patlamax1 firtina_bilegix1,85,0,45,58,174,81,84,0,2,2,3,artci_patlama@R20,122,122,0,41,34,0,0,0,0,0,0.309,220.6,12.733
3,Run50_KirilmaV1,Patlama yolu,bahcivan,standart,102,kırılma,30,,,461,186,219,0,0,56,159,141,103,39,19,8447,47234,500,8447,100,2520,1260,272,2618,1580,2076,28251,61,6,83.44,1,1.3,1.171,2.553,12,0.333,2,38,9.5,1,1.22,1.17,1.24,1.5,98,76,77,58,54,0,1.24,0.57,0.96,1.76,21,81,0.298,0.086,4.527,805,9,148,0,yikim_gucux1 genis_savurusx2 artci_patlamax1 firtina_bilegix1,72,0.037,45,60,180,81,93,0,2,2,3,artci_patlama@R20,105,105,0,57,45,0,0,0,0,0,0.333,187.711,10.244
3,Run50_KirilmaV1,Patlama yolu,bahcivan,standart,102,kırılma,31,,,652,242,327,0,0,83,244,171,149,61,27,13564,13564,1200,0,0,3497,1701,468,3735,1701,2544,40182,63,6,83.44,1,1.3,0.964,2.64,12,0.333,2,46,10.72,1.01,1.08,1.06,1.4,1.7,98,82,90,63,45,0.05,0.48,0.22,0.91,3.18,21,81,0.347,0.123,4.308,846,7,155,0,yikim_gucux1 genis_savurusx2 artci_patlamax1 firtina_bilegix1 hizli_bilekx1,97,0.018,45,62,186,81,99,0,2,2,3,artci_patlama@R20,153,153,0,64,54,0,0,0,0,0,0.506,301.422,14.489
3,Run50_KirilmaV1,Patlama yolu,bahcivan,standart,102,kırılma,32,,,681,251,349,0,0,81,234,202,129,94,22,14057,27621,1200,0,0,3812,1757,595,3987,2138,3044,44361,66,9,94.04,1,1.3,0.964,2.64,12,0.35,2,46,10.89,1.01,1.1,1.14,1.34,1.43,98,85,83,77,69,0.07,0.39,0.57,1.07,1.51,21,81,0.338,0.16,4.298,848,7,162,0,yikim_gucux1 genis_savurusx2 artci_patlamax1 firtina_bilegix1 hizli_bilekx1,97,0,45,65,195,81,105,0,2,2,3,artci_patlama@R20,157,157,0,84,63,0,0,0,0,0,0.457,312.378,15.133
3,Run50_KirilmaV1,Patlama yolu,bahcivan,standart,102,kırılma,33,,,683,261,336,0,0,86,263,168,143,89,20,14004,41625,1200,0,0,3823,1829,590,3960,1997,3634,43990,68,6,105.24,1,1.3,0.964,2.727,12,0.35,2,46,11.07,1.01,1.09,1.17,1.16,1.55,98,90,86,80,50,0.05,0.41,0.78,0.7,2.19,21,81,0.339,0.111,4.266,854,5,167,0,yikim_gucux1 genis_savurusx2 artci_patlamax1 firtina_bilegix1 hizli_bilekx1,96,0.018,45,67,201,81,114,0,2,2,3,artci_patlama@R20,153,153,0,73,58,0,0,0,0,0,0.395,311.2,15.178
3,Run50_KirilmaV1,Patlama yolu,bahcivan,standart,102,kırılma,34,,,677,244,336,0,0,97,262,169,143,80,23,14935,56560,1200,0,0,3390,1882,655,3580,2609,4179,44853,70,6,105.24,1,1.3,0.964,2.727,12,0.367,2,46,11,1,1.1,1.2,1.26,1.63,99,79,77,78,71,0,0.54,0.9,1.31,2.78,21,81,0.37,0.173,4.157,877,8,175,0,yikim_gucux1 genis_savurusx2 artci_patlamax1 firtina_bilegix1 hizli_bilekx1,93,0,45,69,207,81,120,0,2,2,3,artci_patlama@R20,134,134,0,69,58,0,0,0,0,0,0.309,331.889,15.044
3,Run50_KirilmaV1,Patlama yolu,bahcivan,standart,102,kırılma,35,,,619,208,332,0,0,79,233,167,136,61,22,13253,69813,1200,13253,220,3425,1774,505,3805,2093,4684,41421,72,6,117.04,1,1.3,0.964,2.814,12,0.367,2,46,8.43,1.01,1.14,1.09,1.2,1.33,99,84,84,70,67,0.03,1.03,0.63,1.25,1.93,21,81,0.445,0.185,4.005,910,4,179,0,yikim_gucux1 genis_savurusx2 artci_patlamax1 firtina_bilegix1 hizli_bilekx1,91,0,45,71,213,81,126,0,2,2,3,artci_patlama@R20,119,119,0,67,56,0,0,0,0,0,0.481,294.511,13.756
3,Run50_KirilmaV1,Patlama yolu,bahcivan,standart,102,kırılma,36,,,776,328,367,0,0,81,272,206,172,97,29,17451,17451,2800,0,0,4460,2442,642,4685,4535,5201,54811,74,6,117.04,1.6,1.3,0.964,2.901,16,0.383,2,46,12.7,1,1,1.03,1.13,1,100,100,96,84,100,0,0,0.1,0.36,0,21,81,0.32,0.074,3.947,924,5,184,0,yikim_gucux1 genis_savurusx2 artci_patlamax1 firtina_bilegix1 hizli_bilekx1 canavar_kesimix1,109,0.082,45,73,219,81,132,0,2,2,3,artci_patlama@R20,197,197,0,72,58,0,0,0,0,0,0.444,387.8,17.244
3,Run50_KirilmaV1,Patlama yolu,bahcivan,standart,102,kırılma,37,,,774,325,348,0,0,101,294,208,151,85,36,18586,36037,2800,0,0,4765,2229,666,5150,6064,5867,56074,76,6,124.44,1.6,1.3,0.964,2.901,16,0.383,2,46,13.22,1,1,1.11,1.28,1.05,100,100,88,77,80,0,0,0.42,0.8,0.15,21,81,0.331,0.111,3.921,929,3,187,0,yikim_gucux1 genis_savurusx2 artci_patlamax1 firtina_bilegix1 hizli_bilekx1 canavar_kesimix1,104,0.035,45,75,225,81,138,0,2,2,3,artci_patlama@R20,179,179,0,53,47,0,0,0,0,0,0.321,413.022,17.2
3,Run50_KirilmaV1,Patlama yolu,bahcivan,standart,102,kırılma,38,,,784,321,359,0,0,104,281,195,188,87,33,19477,55514,2800,0,0,4335,2536,882,8485,6900,6609,57731,78,6,129.42,1.6,1.3,0.964,2.901,16,0.4,2,46,13.09,1,1,1.09,1.1,1.2,100,100,94,91,73,0,0,0.27,0.24,0.52,21,81,0.339,0.099,3.921,929,4,191,0,yikim_gucux1 genis_savurusx2 artci_patlamax1 firtina_bilegix1 hizli_bilekx1 canavar_kesimix1,107,0.022,45,77,231,81,144,0,2,2,3,artci_patlama@R20,196,196,0,48,35,0,0,0,0,0,0.296,432.822,17.422
3,Run50_KirilmaV1,Patlama yolu,bahcivan,standart,102,kırılma,39,,,784,345,330,0,0,109,269,219,170,109,17,17478,72992,2800,0,0,4350,2276,806,6235,8406,7415,59038,80,6,137.13,1.6,1.3,0.964,2.901,16,0.4,2,46,13.02,1,1,1.03,1.15,1.11,100,100,95,84,85,0,0,0.2,0.71,0.32,21,81,0.333,0.074,3.919,930,4,195,0,yikim_gucux1 genis_savurusx2 artci_patlamax1 firtina_bilegix1 hizli_bilekx1 canavar_kesimix1,105,0.038,45,79,237,81,150,0,2,2,3,artci_patlama@R20,191,191,0,41,35,0,0,0,0,0,0.321,388.4,17.422
3,Run50_KirilmaV1,Patlama yolu,bahcivan,standart,102,kırılma,40,,,585,294,205,0,0,86,217,173,108,69,18,12908,85900,2800,12908,500,3640,1545,645,9455,8051,7905,43244,81,3,142.4,1.6,1.3,0.964,2.901,16,0.417,2,46,10.72,1,1,1.08,1.17,1.18,100,100,92,83,86,0,0,0.58,0.64,0.7,21,81,0.242,0.049,3.91,932,3,198,0,yikim_gucux1 genis_savurusx2 artci_patlamax1 firtina_bilegix1 hizli_bilekx1 canavar_kesimix1,85,0.186,45,80,240,81,156,0,2,2,3,artci_patlama@R20,155,155,0,23,19,0,0,0,0,0,0.519,286.844,13
3,Run50_KirilmaV1,Patlama yolu,bahcivan,standart,102,kırılma,41,,,787,332,342,0,0,113,278,220,166,89,34,19615,19615,4500,0,0,4585,2714,800,6740,10765,8555,61307,83,6,150.4,1.6,1.3,0.964,2.901,16,0.537,2.111,46,12.87,1,1,1.07,1.03,1.06,100,100,94,97,85,0,0,0.27,0.07,0.18,21,81,0.345,0.099,3.91,932,4,202,0,yikim_gucux1 genis_savurusx2 artci_patlamax1 firtina_bilegix1 hizli_bilekx1 canavar_kesimix1 kritik_gozx1,109,0.01,45,82,246,81,159,0,2,2,3,artci_patlama@R20,202,202,0,46,36,0,0,0,0,0,0.383,435.889,17.489
3,Run50_KirilmaV1,Patlama yolu,bahcivan,standart,102,kırılma,42,,,957,447,409,0,0,101,346,249,195,135,32,23291,42906,4500,0,0,5820,2889,1014,11810,13641,7479,73465,85,6,150.4,1.6,1.3,0.964,2.901,16,0.553,2.111,46,14.85,1,1.01,1.07,1.12,1.06,100,99,91,80,91,0,0.02,0.28,0.36,0.68,28,121,0.373,0.165,4.208,1294,3,205,15,yikim_gucux1 genis_savurusx2 artci_patlamax1 firtina_bilegix1 hizli_bilekx1 canavar_kesimix1 kritik_gozx1,134,0,45,84,252,81,165,0,2,2,3,artci_patlama@R20,180,180,0,110,89,0,0,0,0,0,0.405,517.578,21.267
3,Run50_KirilmaV1,Patlama yolu,bahcivan,standart,102,kırılma,43,,,984,454,441,0,0,89,322,283,215,126,38,24836,67742,4500,0,0,5470,3726,1032,13180,17367,8316,77423,87,6,158.4,1.6,1.3,0.964,2.901,16,0.553,2.222,46,15.11,1,1,1.11,1.08,1.06,100,99,90,89,90,0,0,0.54,0.42,0.32,28,121,0.368,0.165,4.208,1294,2,207,0,yikim_gucux1 genis_savurusx2 artci_patlamax1 firtina_bilegix1 hizli_bilekx1 canavar_kesimix1 kritik_gozx1,134,0,45,86,258,87,165,0,2,2,3,artci_patlama@R20,195,195,0,105,90,0,0,0,0,0,0.298,551.911,21.867
3,Run50_KirilmaV1,Patlama yolu,bahcivan,standart,102,kırılma,44,,,983,452,412,0,0,119,307,267,221,135,53,28777,96519,4500,0,0,5420,3675,1464,15880,21042,9780,79156,89,6,158.4,1.6,1.3,0.964,2.901,16,0.57,2.222,46,15.22,1,1.01,1.03,1.04,1.17,100,99,94,88,79,0,0.05,0.13,0.11,0.77,28,121,0.381,0.149,4.193,1298,2,209,0,yikim_gucux1 genis_savurusx2 artci_patlamax1 firtina_bilegix1 hizli_bilekx1 canavar_kesimix1 kritik_gozx1,137,0.002,45,88,264,93,165,0,2,2,3,artci_patlama@R20,202,202,0,111,83,0,0,0,0,0,0.38,639.489,21.844
3,Run50_KirilmaV1,Patlama yolu,bahcivan,standart,102,kırılma,45,,,1005,419,485,0,0,101,347,273,223,113,49,26187,122706,4500,26187,800,6460,3567,1212,22340,24609,10752,81219,91,6,158.4,1.6,1.3,0.964,2.901,16,0.57,2.333,46,15.28,1.01,1.03,1.08,1.15,1.1,98,94,90,82,77,0.08,0.12,0.36,0.69,0.28,28,121,0.386,0.157,4.099,1328,1,210,0,yikim_gucux1 genis_savurusx2 artci_patlamax1 firtina_bilegix1 hizli_bilekx1 canavar_kesimix1 kritik_gozx1,139,0,45,90,270,99,165,0,2,2,3,artci_patlama@R20,200,200,0,170,121,0,0,0,0,0,0.455,581.933,22.333
3,Run50_KirilmaV1,Patlama yolu,bahcivan,standart,102,kırılma,46,,,1071,497,477,0,0,97,346,274,230,173,48,30227,30227,6000,0,0,6150,3798,1590,26090,28407,12342,89809,93,6,158.4,1.6,1.3,0.819,2.901,16,0.57,2.333,54,14.26,1,1.04,1.06,1.05,1.16,100,94,92,88,83,0,0.12,0.15,0.23,0.69,28,121,0.376,0.157,3.947,1380,1,211,0,yikim_gucux1 genis_savurusx2 artci_patlamax1 firtina_bilegix1 hizli_bilekx2 canavar_kesimix1 kritik_gozx1,146,0,45,92,276,105,165,0,2,2,3,artci_patlama@R20,232,232,0,194,136,0,0,0,0,0,0.463,671.711,23.8
3,Run50_KirilmaV1,Patlama yolu,bahcivan,standart,102,kırılma,47,,,1084,514,474,0,0,96,340,308,255,132,49,28352,58579,6000,0,0,7715,4896,1488,33805,33303,13540,91085,95,6,158.4,1.6,1.3,0.819,2.901,16,0.57,2.444,54,14.8,1,1.06,1.08,1.09,1.15,100,95,89,85,87,0,0.19,0.44,0.65,1.6,28,121,0.401,0.207,3.807,1430,1,212,0,yikim_gucux1 genis_savurusx2 artci_patlamax1 firtina_bilegix1 hizli_bilekx2 canavar_kesimix1 kritik_gozx1,152,0,45,94,282,111,165,0,2,2,3,artci_patlama@R20,233,233,0,156,107,0,0,0,0,0,0.405,630.044,24.089
3,Run50_KirilmaV1,Patlama yolu,bahcivan,standart,102,kırılma,48,,,1104,457,555,0,0,92,361,299,248,140,56,30477,89056,6000,0,0,7625,4209,1908,41430,37512,15448,93441,96,3,158.4,1.6,1.3,0.819,2.901,16,0.57,2.444,54,14.07,1,1.04,1.12,1.02,1.2,100,96,85,91,83,0,0.3,0.53,0.04,1.21,28,121,0.392,0.207,3.726,1462,0,212,0,yikim_gucux1 genis_savurusx2 artci_patlamax1 firtina_bilegix1 hizli_bilekx2 canavar_kesimix1 kritik_gozx1,151,0,45,95,285,117,165,0,2,2,3,artci_patlama@R20,247,247,0,217,168,0,0,0,0,0,0.364,677.267,24.533
3,Run50_KirilmaV1,Patlama yolu,bahcivan,standart,102,kırılma,49,,,1080,476,508,0,0,96,348,314,228,144,46,27980,117036,6000,0,0,7350,3843,1734,48780,41355,16852,106804,98,6,158.4,1.6,1.3,0.819,2.901,16,0.57,2.556,54,14.22,1,1.05,1.08,1.04,1.16,100,93,90,86,76,0,0.14,0.52,0.11,0.72,28,121,0.402,0.174,3.726,1462,1,213,0,yikim_gucux1 genis_savurusx2 artci_patlamax1 firtina_bilegix1 hizli_bilekx2 canavar_kesimix1 kritik_gozx1,153,0,45,97,291,120,165,0,2,2,3,artci_patlama@R20,245,245,0,210,146,0,0,0,0,0,0.471,621.778,24
3,Run50_KirilmaV1,Patlama yolu,bahcivan,standart,102,kırılma,50,,,1085,488,510,0,0,87,346,302,239,159,39,27382,144418,6000,0,0,7045,4452,1470,55825,45807,18322,109704,100,6,158.4,1.6,1.3,0.819,2.901,16,0.57,2.556,54,14.72,1,1.07,1.04,1.1,1.04,100,90,91,85,89,0,0.29,0.25,0.31,0.22,28,121,0.402,0.215,3.685,1478,0,213,0,yikim_gucux1 genis_savurusx2 artci_patlamax1 firtina_bilegix1 hizli_bilekx2 canavar_kesimix1 kritik_gozx1,152,0,45,99,297,121,170,0,2,2,3,artci_patlama@R20,269,269,0,223,137,0,0,0,0,0,0.463,608.489,24.111
3,Run50_KirilmaV1,Patlama yolu,bahcivan,standart,102,kırılma,50,KAZANDI
4,Run50_KirilmaV1,Patlama yolu,bahcivan,standart,103,kırılma,1,,,11,11,0,0,0,0,9,1,1,0,0,22,22,45,0,0,22,4,0,22,4,0,250,1,0,10,1,1,3,0.9,4,0.3,2,13,2.46,2,4,5,,,8,0,0,,,3,9,12,,,2,4,0.452,0,8,23,0,0,2,,4,0.166,45,0,0,0,0,0,0,0,0,,0,0,0,0,0,0,0,0,0,0,0.75,0.489,0.244
4,Run50_KirilmaV1,Patlama yolu,bahcivan,standart,103,kırılma,2,,,13,13,0,0,0,0,11,2,0,0,0,17,39,45,0,0,30,0,0,32,4,0,280,2,3,10,1,1,3,0.9,4,0.3,2,14,2.57,2.18,4,,,,11,0,,,,4.64,10.5,,,,3,5,0.557,0.2,8,28,0,0,1,,3,0,45,1,3,0,0,0,0,0,0,,0,0,0,0,0,0,0,0,0,0,0.6,0.378,0.289
4,Run50_KirilmaV1,Patlama yolu,bahcivan,standart,103,kırılma,3,,,15,15,0,0,0,0,12,3,0,0,0,21,60,45,0,0,36,0,0,43,4,0,330,3,3,11.33,1,1,3,0.9,4,0.3,2,14,2.29,2,1.67,,,,9,0,,,,4,4,,,,3,5,0.483,0,7.506,30,4,4,0,,4,0.06,45,2,6,3,0,0,2,0,3,,0,0,0,0,0,0,0,0,0,0,0.8,0.467,0.333
4,Run50_KirilmaV1,Patlama yolu,bahcivan,standart,103,kırılma,4,,,18,14,3,0,0,1,14,3,1,0,0,33,93,45,0,0,40,4,0,43,8,0,410,4,3,11.33,1,1,3,0.9,4,0.3,2,14,2.79,1.9,2.33,5,,,25,0,0,,,3.6,9,12,,,4,7,0.558,0,6.932,45,0,4,1,,4,0.04,45,3,9,6,0,0,2,3,3,,0,0,0,0,0,0,0,0,0,0,0.714,0.733,0.4
4,Run50_KirilmaV1,Patlama yolu,bahcivan,standart,103,kırılma,5,,,22,20,0,0,0,2,17,4,1,0,0,39,132,45,39,8,50,4,0,52,12,0,528,5,3,12,1,1,2.892,0.9,4,0.3,2,15,3.13,1.87,2.25,3,,,25,0,0,,,4.05,7.23,5.8,,,5,8,0.585,0.25,6.728,54,3,7,1,,6,0,45,4,12,9,0,0,2,3,3,,0,0,0,0,0,0,0,0,0,0,0.5,0.867,0.489
4,Run50_KirilmaV1,Patlama yolu,bahcivan,standart,103,kırılma,6,,,20,20,0,0,0,0,15,4,1,0,0,37,37,110,0,0,46,4,0,48,16,0,486,6,3,12,1,1,2.892,0.9,4,0.42,2,15,3,1.6,2.25,2,,,29,0,0,,,3.28,10.13,2.9,,,6,9,0.606,0.222,6.833,59,1,8,1,kritik_gozx1,4,0,45,5,15,9,3,0,2,3,3,,0,0,0,0,0,0,0,0,0,0,0.778,0.822,0.444
4,Run50_KirilmaV1,Patlama yolu,bahcivan,standart,103,kırılma,7,,,28,25,3,0,0,0,22,4,2,0,0,54,91,110,0,0,60,8,0,61,24,0,676,7,3,12.67,1,1,2.892,0.9,4,0.42,2,15,3.33,1.63,1.75,3.5,,,29,0,0,,,4.57,2.88,10.12,,,7,10,0.613,0.2,6.801,66,3,11,1,kritik_gozx1,6,0,45,6,18,12,3,0,2,3,3,,0,0,0,0,0,0,0,0,0,0,0.3,1.2,0.622
4,Run50_KirilmaV1,Patlama yolu,bahcivan,standart,103,kırılma,8,,,27,22,4,0,0,1,23,3,1,0,0,42,133,110,0,0,61,4,0,71,28,0,622,8,3,13.33,1,1,2.789,0.9,4,0.42,2,16,3.38,1.89,2,2,,,17,0,0,,,4.34,7.43,8.37,,,8,11,0.643,0.273,6.902,72,3,14,1,kritik_gozx1,6,0,45,7,21,15,3,0,2,3,3,,0,0,0,0,0,0,0,0,0,0,0.364,0.933,0.6
4,Run50_KirilmaV1,Patlama yolu,bahcivan,standart,103,kırılma,9,,,27,26,1,0,0,0,21,4,2,0,0,53,186,110,0,0,62,8,0,70,36,0,655,9,3,14,1,1,2.789,0.9,4,0.42,2,16,3.38,1.75,2.25,1.5,,,17,17,0,0,,5.72,6.97,1.4,,,9,12,0.612,0.333,6.981,77,2,16,1,kritik_gozx1,6,0,45,8,24,18,3,0,2,3,3,,0,0,0,0,0,0,0,0,0,0,0.5,1.178,0.6
4,Run50_KirilmaV1,Patlama yolu,bahcivan,standart,103,kırılma,10,,,20,19,0,0,0,1,13,4,1,2,0,95,281,110,95,16,46,4,4,48,40,4,550,10,3,14.67,1,1,2.689,0.9,4,0.42,2,16,2.94,2.08,1.75,3,1,,0,0,0,,,6.95,6.72,8.07,0,,10,13,0.608,0.308,6.872,85,4,20,1,kritik_gozx1,5,0,45,9,27,21,3,0,2,3,3,,0,0,0,0,0,0,0,0,0,0,0.615,2.111,0.444
4,Run50_KirilmaV1,Patlama yolu,bahcivan,standart,103,kırılma,11,,,26,22,2,0,0,2,15,8,3,0,0,69,69,150,0,0,70,12,0,73,52,4,700,11,3,15.64,1,1.3,2.689,0.9,4,0.42,2,16,3.38,1.64,2,1,,,24,11,50,,,4.04,3.57,0,,,11,14,0.689,0.5,6.922,91,1,21,1,kritik_gozx1 yikim_gucux1,6,0,45,10,30,24,3,0,2,3,3,,0,0,0,0,0,0,0,0,0,0,1,1.533,0.578
4,Run50_KirilmaV1,Patlama yolu,bahcivan,standart,103,kırılma,12,,,36,30,5,0,0,1,24,9,3,0,0,81,150,150,0,0,117,12,0,122,34,4,993,13,6,15.64,1,1.3,2.592,0.9,4,0.42,2,17,3.71,1.6,1.71,2.33,,,32,17,0,,,3.5,7.03,6.92,,,12,15,0.667,0.267,6.794,99,5,26,1,kritik_gozx1 yikim_gucux1,9,0,45,12,36,25,5,0,2,3,3,,0,0,0,0,0,0,0,0,0,0,0.733,1.8,0.8
4,Run50_KirilmaV1,Patlama yolu,bahcivan,standart,103,kırılma,13,,,34,27,6,0,0,1,22,10,2,0,0,72,222,150,0,0,116,8,0,148,42,4,936,14,3,16.36,1,1.3,2.5,0.9,4,0.42,2,17,3.65,1.55,1.83,1,,,32,9,0,,,3.75,5,0,,,14,18,0.705,0.444,6.635,122,2,28,2,kritik_gozx1 yikim_gucux1,11,0,45,13,39,31,5,0,2,3,3,,0,0,0,0,0,0,0,0,0,0,0.833,1.6,0.756
4,Run50_KirilmaV1,Patlama yolu,bahcivan,standart,103,kırılma,14,,,33,29,4,0,0,0,21,9,2,0,1,168,390,150,0,0,108,23,0,116,65,4,947,15,3,18.13,1,1.3,2.5,0.9,4,0.42,2,17,4,1.67,1.88,2.5,,4,35,0,0,0,0,6.11,5.31,10,,22.5,15,21,0.764,0.571,6.675,142,3,31,1,kritik_gozx1 yikim_gucux1,10,0,45,14,42,34,5,0,2,3,3,,0,0,0,0,0,0,0,0,0,0,0.762,3.733,0.733
4,Run50_KirilmaV1,Patlama yolu,bahcivan,standart,103,kırılma,15,,,31,26,1,0,0,4,20,7,2,1,1,191,581,150,191,30,95,8,10,101,48,14,960,16,3,18.13,1,1.3,2.5,0.9,4,0.42,2,17,4,1.56,3,3.5,1,6,21,0,0,,0,4.69,10.42,13.75,0,40,16,22,0.786,0.591,6.711,148,3,34,1,kritik_gozx1 yikim_gucux1,9,0,45,15,45,37,5,0,2,3,3,,0,0,0,0,0,0,0,0,0,0,0.773,4.244,0.689
4,Run50_KirilmaV1,Patlama yolu,bahcivan,standart,103,kırılma,16,,,34,29,2,0,0,3,20,9,5,0,0,97,97,220,0,0,114,20,0,146,68,14,1044,17,3,18.13,1,1.3,2.41,0.9,4,0.42,2,18,4,1.67,2.17,2.2,,,33,0,0,0,,4.55,10.04,12.53,,,17,23,0.773,0.609,6.577,157,3,37,1,kritik_gozx1 yikim_gucux1 kivilcimx1,9,0,45,16,48,40,5,0,2,3,3,,0,0,0,0,0,0,0,0,0,0,0.783,2.156,0.756
4,Run50_KirilmaV1,Patlama yolu,bahcivan,standart,103,kırılma,17,,,38,28,7,0,0,3,25,3,6,4,0,214,311,220,0,0,93,24,8,109,67,22,1297,18,3,19.2,1,1.3,2.324,0.9,4,0.42,2,19,4,1.6,2.5,1.5,3,,29,0,0,0,,5.69,10.45,3.49,25.55,,19,28,0.8,0.643,6.355,198,5,42,2,kritik_gozx1 yikim_gucux1 kivilcimx1,9,0,45,17,51,43,5,0,2,3,3,,0,0,0,0,0,0,0,0,0,0,0.821,4.756,0.844
4,Run50_KirilmaV1,Patlama yolu,bahcivan,standart,103,kırılma,18,,,43,28,7,0,0,8,21,16,5,1,0,152,463,220,0,0,159,20,2,205,62,24,1487,19,3,19.2,1,1.3,2.324,0.935,4,0.42,2,19,4,1.67,1.38,1.5,,,32,20,0,0,0,4.26,1.74,1.15,,,21,33,0.819,0.697,6.407,232,2,44,2,kritik_gozx1 yikim_gucux1 kivilcimx1,11,0,45,18,54,46,5,0,2,3,3,,0,0,0,0,0,0,0,0,0,0,0.788,3.378,0.956
4,Run50_KirilmaV1,Patlama yolu,bahcivan,standart,103,kırılma,19,,,42,28,6,0,0,8,27,9,2,3,1,404,867,220,0,0,135,28,6,140,65,30,1548,20,3,20.27,1,1.3,2.24,0.935,4,0.42,2,20,4,1.63,1.8,3,2,1,12,17,0,,,4.48,3.13,15.7,3.35,0,23,39,0.846,0.667,6.219,282,6,50,2,kritik_gozx1 yikim_gucux1 kivilcimx1,14,0,45,19,57,49,5,0,2,3,3,,0,0,0,0,0,0,0,0,0,0,0.872,8.978,0.933
4,Run50_KirilmaV1,Patlama yolu,bahcivan,standart,103,kırılma,20,,,63,36,13,0,0,14,38,19,5,1,0,179,1046,220,179,45,228,25,2,240,65,32,2203,22,6,23.08,1,1.3,2.24,0.97,4,0.42,2,20,4,1.36,1.45,2,2,,43,25,50,0,,3.46,4.07,15.68,38.09,,22,40,0.7,0.525,6.196,291,2,52,2,kritik_gozx1 yikim_gucux1 kivilcimx1,15,0,45,21,63,49,8,0,2,3,3,,0,0,0,0,0,0,0,0,0,0,0.625,3.978,1.4
4,Run50_KirilmaV1,Patlama yolu,bahcivan,standart,103,kırılma,21,,,71,37,12,0,0,22,42,18,9,2,0,295,295,300,0,0,234,45,4,242,50,36,2679,23,3,24.3,1,1.3,2.16,0.97,4,0.42,2,20,4,1.29,1.43,2.5,,,50,25,17,0,,1.08,2.77,10.08,,,25,46,0.777,0.5,5.986,346,6,58,5,kritik_gozx1 yikim_gucux1 kivilcimx1 artci_patlamax1,19,0,45,22,66,49,14,0,2,3,3,artci_patlama@R20,5,5,0,8,4,0,0,0,0,0,0.761,6.556,1.578
4,Run50_KirilmaV1,Patlama yolu,bahcivan,standart,103,kırılma,22,,,56,25,18,0,0,13,32,21,1,1,1,240,535,300,0,0,222,5,11,254,30,47,2033,24,3,24.3,1,1.3,2.16,0.97,4,0.42,2,20,4,1.47,1.5,,,,24,0,0,0,0,2.16,4.86,,,,26,49,0.845,0.653,5.977,369,1,59,3,kritik_gozx1 yikim_gucux1 kivilcimx1 artci_patlamax1,15,0,45,23,69,49,17,0,2,3,3,artci_patlama@R20,6,6,0,13,9,0,0,0,0,0,0.857,5.333,1.244
4,Run50_KirilmaV1,Patlama yolu,bahcivan,standart,103,kırılma,23,,,81,42,28,0,0,11,42,15,15,7,2,684,1219,300,0,0,216,115,14,222,157,41,3534,26,6,25.51,1,1.3,2.16,1.005,6,0.42,2,20,5.95,1.52,1.83,1.5,3.2,,26,20,10,0,0,1.86,2.17,3.89,12.54,,24,49,0.781,0.51,5.928,372,4,63,1,kritik_gozx1 yikim_gucux1 kivilcimx1 artci_patlamax1,25,0,45,25,75,49,20,0,2,3,3,artci_patlama@R20,12,12,0,21,12,0,0,0,0,0,0.959,15.2,1.8
4,Run50_KirilmaV1,Patlama yolu,bahcivan,standart,103,kırılma,24,,,94,40,35,0,0,19,47,21,18,5,3,868,2087,300,0,0,312,110,20,312,209,41,4471,28,6,25.51,1,1.3,2.16,1.04,6,0.42,2,20,6,1.71,1.36,2.5,3.33,1.67,43,23,9,0,0,4.07,2.75,6.84,13.68,15.84,20,49,0.772,0.592,5.612,393,6,69,2,kritik_gozx1 yikim_gucux1 kivilcimx1 artci_patlamax1,21,0,45,27,81,49,26,0,2,3,3,artci_patlama@R20,15,15,0,14,9,0,0,0,0,0,0.694,19.289,2.089
4,Run50_KirilmaV1,Patlama yolu,bahcivan,standart,103,kırılma,25,,,70,32,18,0,0,20,30,20,10,10,0,594,2681,300,594,65,210,50,20,222,71,41,3506,29,3,28.62,1,1.3,2.092,1.04,6,0.42,2,21,6,2,2.5,2.33,3.17,,19,0,0,0,,6.97,6.8,6.28,11.16,,19,49,0.819,0.592,5.416,407,3,72,1,kritik_gozx1 yikim_gucux1 kivilcimx1 artci_patlamax1,22,0,45,28,84,49,32,0,2,3,3,artci_patlama@R20,7,7,0,12,6,0,0,0,0,0,0.98,13.2,1.556
4,Run50_KirilmaV1,Patlama yolu,bahcivan,standart,103,kırılma,26,,,111,38,36,0,0,37,53,24,23,9,2,977,977,500,0,0,303,160,38,380,188,59,5390,31,6,29.99,1,1.3,2.092,1.075,6,0.42,2,21,6,1.31,1.63,2.13,2.67,,55,35,14,0,0,0.79,4.18,10.2,13.6,,17,49,0.776,0.429,5.335,413,4,76,1,kritik_gozx1 yikim_gucux1 kivilcimx2 artci_patlamax1,29,0,45,30,90,49,35,0,2,3,3,artci_patlama@R20,10,10,0,19,12,0,0,0,0,0,0.531,21.711,2.467
4,Run50_KirilmaV1,Patlama yolu,bahcivan,standart,103,kırılma,27,,,119,46,32,0,0,41,56,20,22,13,8,1987,2964,500,0,0,333,242,61,538,442,100,6175,33,6,33.24,1,1.3,2.092,1.075,6,0.42,2,21,6,1.3,1.3,2.17,2,1.8,65,30,18,0,0,1.15,3.14,5.58,7.53,3.77,15,49,0.725,0.449,5.12,431,1,77,1,kritik_gozx1 yikim_gucux1 kivilcimx2 artci_patlamax1,22,0,45,32,96,49,41,0,2,3,3,artci_patlama@R20,14,14,0,17,8,0,0,0,0,0,0.694,44.156,2.644
4,Run50_KirilmaV1,Patlama yolu,bahcivan,standart,103,kırılma,28,,,123,50,48,0,0,25,50,31,33,6,3,1291,4255,500,0,0,336,220,42,384,317,42,6206,34,3,34.76,1,1.3,2.026,1.075,6,0.42,2,22,6,1.55,1.6,1.87,1.25,1,40,19,12,20,0,2.94,2.63,5.67,2.03,0,14,53,0.747,0.434,5.04,473,6,83,2,kritik_gozx1 yikim_gucux1 kivilcimx2 artci_patlamax1,23,0,45,33,99,49,47,0,2,3,3,artci_patlama@R20,20,20,0,38,19,0,0,0,0,0,0.83,28.689,2.733
4,Run50_KirilmaV1,Patlama yolu,bahcivan,standart,103,kırılma,29,,,132,48,60,0,0,24,48,31,37,14,2,1483,5738,500,0,0,375,245,42,404,314,64,6862,36,6,38.16,1,1.3,2.026,1.075,6,0.42,2,22,6,1.42,1.67,1.6,1.75,,46,33,32,30,,2.45,2.7,2.84,3.03,,15,58,0.751,0.586,4.995,523,3,86,2,kritik_gozx1 yikim_gucux1 kivilcimx2 artci_patlamax1,24,0,45,35,105,52,47,0,2,3,3,artci_patlama@R20,23,23,0,29,15,0,0,0,0,0,0.776,32.956,2.933
4,Run50_KirilmaV1,Patlama yolu,bahcivan,standart,103,kırılma,30,,,170,59,87,0,0,24,59,53,37,17,4,2077,7815,500,2077,100,543,222,87,567,260,111,8830,38,6,39.82,1,1.3,2.026,1.11,6,0.42,2,22,5.95,1.17,1.28,1.64,2.25,,79,56,41,22,0,1.14,3.26,5.79,9.62,,15,64,0.601,0.406,4.995,577,4,90,3,kritik_gozx1 yikim_gucux1 kivilcimx2 artci_patlamax1,29,0,45,37,111,58,47,0,2,3,3,artci_patlama@R20,30,30,0,60,34,0,0,0,0,0,0.484,46.156,3.778
4,Run50_KirilmaV1,Patlama yolu,bahcivan,standart,103,kırılma,31,,,163,40,118,0,0,5,70,35,35,16,7,2434,2434,1200,0,0,612,270,94,639,272,135,8502,40,6,39.82,1,1.3,1.962,1.11,6,0.42,2,22,6,1.52,1.67,1.57,1,2.5,49,26,27,50,0,2.53,2.84,2.52,0,5.88,19,78,0.783,0.359,4.315,813,5,95,5,kritik_gozx1 yikim_gucux1 kivilcimx2 artci_patlamax1 bereketli_toprakx1,33,0,45,39,117,64,47,0,2,3,3,artci_patlama@R20,25,25,0,85,49,0,0,0,0,0,0.718,54.089,3.622
4,Run50_KirilmaV1,Patlama yolu,bahcivan,standart,103,kırılma,32,,,159,40,108,0,0,11,63,46,26,16,8,2454,4888,1200,0,0,609,320,82,708,362,152,8730,41,3,39.82,1,1.3,1.962,1.18,6,0.42,2,22,6,1.45,1.7,1.5,2,1.33,46,20,36,29,0,2.23,3.93,3.43,9.83,1.3,21,81,0.811,0.654,4.299,848,7,102,2,kritik_gozx1 yikim_gucux1 kivilcimx2 artci_patlamax1 bereketli_toprakx1,32,0,45,40,120,70,47,0,2,3,3,artci_patlama@R20,25,25,0,71,43,0,0,0,0,0,0.926,54.533,3.533
4,Run50_KirilmaV1,Patlama yolu,bahcivan,standart,103,kırılma,33,,,177,50,106,0,0,21,66,44,39,22,6,2717,7605,1200,0,0,662,312,167,720,674,239,9990,43,6,43.38,1,1.3,1.962,1.215,6,0.42,2,22,6,1.29,1.6,1.67,1.86,,69,13,25,8,33,1.8,2.95,2.84,5.32,,21,81,0.803,0.617,4.276,852,5,107,0,kritik_gozx1 yikim_gucux1 kivilcimx2 artci_patlamax1 bereketli_toprakx1,37,0,45,42,126,73,47,0,2,3,3,artci_patlama@R20,28,28,0,87,49,0,0,0,0,0,0.802,60.378,3.933
4,Run50_KirilmaV1,Patlama yolu,bahcivan,standart,103,kırılma,34,,,160,46,104,0,0,10,56,46,37,19,2,2049,9654,1200,0,0,542,333,115,792,447,149,9211,44,3,45.79,1,1.3,1.901,1.265,6,0.42,2,23,6,1.13,1.4,1.89,2,,61,56,28,0,0,0.51,3.42,8.66,7.06,,21,81,0.822,0.667,4.276,852,5,112,0,kritik_gozx1 yikim_gucux1 kivilcimx2 artci_patlamax1 bereketli_toprakx1,34,0,45,43,129,79,47,0,2,3,3,artci_patlama@R20,28,28,0,67,41,0,0,0,0,0,0.889,45.533,3.556
4,Run50_KirilmaV1,Patlama yolu,bahcivan,standart,103,kırılma,35,,,177,46,126,0,0,5,67,49,33,24,4,2383,12037,1200,2383,220,666,368,160,703,495,309,10985,46,6,49.54,1,1.3,1.901,1.265,6,0.42,2,23,6,1.25,1.31,1.56,1.57,1,61,46,23,17,33,1.19,2.05,3.17,4.34,0,21,81,0.812,0.63,4.086,892,5,117,0,kritik_gozx1 yikim_gucux1 kivilcimx2 artci_patlamax1 bereketli_toprakx1,34,0,45,45,135,81,48,0,2,3,3,artci_patlama@R20,33,33,0,81,49,0,0,0,0,0,0.877,52.956,3.933
4,Run50_KirilmaV1,Patlama yolu,bahcivan,standart,103,kırılma,36,,,166,44,109,0,0,13,56,51,36,14,9,3013,3013,2800,0,0,746,556,112,1099,1051,296,10514,47,3,49.54,1,1.3,1.901,1.265,6,0.42,2,23,6,1.47,1.69,1.14,2.5,1.5,55,28,42,0,0,1.77,3.44,0.27,10.45,6.65,21,81,0.814,0.654,4.086,892,2,119,0,kritik_gozx1 yikim_gucux1 kivilcimx2 artci_patlamax1 bereketli_toprakx1 nadir_tohumx1,32,0,45,46,138,81,54,0,2,3,3,artci_patlama@R20,27,27,0,68,39,0,0,0,0,0,0.914,66.956,3.689
4,Run50_KirilmaV1,Patlama yolu,bahcivan,standart,103,kırılma,37,,,194,52,131,0,0,11,60,59,42,24,9,3590,6603,2800,0,0,818,622,162,1007,953,458,12606,48,3,56.1,1,1.3,1.841,1.315,6,0.42,2,24,6,1.05,1.33,1.38,2.14,2,84,45,21,10,0,0.79,2.58,4.83,8.42,3.7,21,81,0.806,0.593,4.086,892,4,123,0,kritik_gozx1 yikim_gucux1 kivilcimx2 artci_patlamax1 bereketli_toprakx1 nadir_tohumx1,41,0,45,47,141,81,57,0,2,3,3,artci_patlama@R20,34,34,0,94,55,0,0,0,0,0,0.667,79.778,4.311
4,Run50_KirilmaV1,Patlama yolu,bahcivan,standart,103,kırılma,38,,,195,49,124,0,0,22,70,57,41,21,6,3064,9667,2800,0,0,968,493,148,1225,1086,466,12268,50,6,56.1,1,1.3,1.783,1.315,6,0.42,2,25,6,1.25,1.44,1.33,1.5,2,61,42,22,9,33,2.76,3.23,1.19,3.27,5.37,21,81,0.79,0.642,4.066,896,4,127,0,kritik_gozx1 yikim_gucux1 kivilcimx2 artci_patlamax1 bereketli_toprakx1 nadir_tohumx1,35,0,45,49,147,81,60,0,2,3,3,artci_patlama@R20,28,28,0,89,53,0,0,0,0,0,0.753,68.089,4.333
4,Run50_KirilmaV1,Patlama yolu,bahcivan,standart,103,kırılma,39,,,183,37,136,0,0,10,52,46,46,29,10,4414,14081,2800,0,0,692,632,284,807,918,750,13011,51,3,56.1,1,1.3,1.783,1.365,6,0.42,2,25,6,1.44,1.83,1.6,1.7,2.5,52,27,16,12,40,3.37,4.75,3.03,5.17,7.13,21,81,0.797,0.568,4.047,901,4,131,0,kritik_gozx1 yikim_gucux1 kivilcimx2 artci_patlamax1 bereketli_toprakx1 nadir_tohumx1,39,0,45,50,150,81,66,0,2,3,3,artci_patlama@R20,26,26,0,91,64,0,0,0,0,0,0.741,98.089,4.067
4,Run50_KirilmaV1,Patlama yolu,bahcivan,standart,103,kırılma,40,,,138,31,93,0,0,14,47,35,36,18,2,2098,16179,2800,2098,500,592,432,108,619,970,703,9200,52,3,60.05,1,1.3,1.783,1.365,6,0.42,2,25,4,1.25,1.64,1.6,1.43,,41,44,0,0,,0.45,4.38,2.13,2.04,,21,81,0.857,0.691,3.948,923,4,135,0,kritik_gozx1 yikim_gucux1 kivilcimx2 artci_patlamax1 bereketli_toprakx1 nadir_tohumx1,31,0,45,51,153,81,69,0,2,3,3,artci_patlama@R20,22,22,0,59,36,0,0,0,0,0,0.765,46.622,3.067
4,Run50_KirilmaV1,Patlama yolu,bahcivan,standart,103,kırılma,41,,,223,70,131,0,0,22,84,57,40,32,10,4609,4609,4500,0,0,978,652,261,1012,732,814,14278,53,3,63.05,1.25,1.3,1.783,1.365,6,0.47,2.111,25,6,1.07,1.29,1.08,1.45,1.5,80,64,43,25,33,0.13,1.68,0.44,2.92,3.57,21,81,0.771,0.469,3.948,923,5,140,0,kritik_gozx1 yikim_gucux1 kivilcimx2 artci_patlamax1 bereketli_toprakx1 nadir_tohumx1 keskin_bicakx1,46,0,45,52,156,81,72,0,2,3,3,artci_patlama@R20,45,45,0,106,57,0,0,0,0,0,0.827,102.422,4.956
4,Run50_KirilmaV1,Patlama yolu,bahcivan,standart,103,kırılma,42,,,210,64,118,0,0,28,55,64,55,23,13,4898,9507,4500,0,0,864,885,282,1586,1187,926,14540,55,6,63.05,1.25,1.3,1.783,1.365,6,0.487,2.111,25,6,1.26,1.39,1.44,1.67,1.4,70,45,41,11,20,1.41,3.17,2.01,3.57,2.85,21,81,0.791,0.617,3.948,923,3,143,0,kritik_gozx1 yikim_gucux1 kivilcimx2 artci_patlamax1 bereketli_toprakx1 nadir_tohumx1 keskin_bicakx1,35,0,45,54,162,81,75,0,2,3,3,artci_patlama@R20,35,35,0,89,47,0,0,0,0,0,0.617,108.844,4.667
4,Run50_KirilmaV1,Patlama yolu,bahcivan,standart,103,kırılma,43,,,219,58,145,0,0,16,59,55,58,32,15,5599,15106,4500,0,0,1172,933,240,1558,1680,971,15722,56,3,69.27,1.25,1.3,1.783,1.365,6,0.487,2.222,25,6,1.06,1.4,1.5,1.33,1.8,88,48,21,33,14,0.2,1.96,3.56,0.59,6.77,21,81,0.768,0.593,3.829,952,3,146,0,kritik_gozx1 yikim_gucux1 kivilcimx2 artci_patlamax1 bereketli_toprakx1 nadir_tohumx1 keskin_bicakx1,41,0,45,55,165,81,81,0,2,3,3,artci_patlama@R20,34,34,0,106,66,0,0,0,0,0,0.716,124.422,4.867
4,Run50_KirilmaV1,Patlama yolu,bahcivan,standart,103,kırılma,44,,,333,96,175,0,0,62,112,98,60,44,19,7377,22483,4500,0,0,1426,1125,432,1514,1205,1403,21165,57,3,72.57,1.25,1.3,1.727,1.415,9,0.487,2.222,26,9,1.08,1.19,1.36,1.78,1.5,82,66,42,32,18,0.23,2.05,3.77,5.76,4.32,21,81,0.69,0.444,3.829,952,5,151,0,kritik_gozx1 yikim_gucux1 kivilcimx2 artci_patlamax1 bereketli_toprakx1 nadir_tohumx1 keskin_bicakx1,58,0,45,56,168,81,84,0,2,3,3,artci_patlama@R20,53,50,3,106,55,0,0,0,0,0,0.543,163.933,7.4
4,Run50_KirilmaV1,Patlama yolu,bahcivan,standart,103,kırılma,45,,,322,95,171,0,0,56,93,96,73,44,16,7056,29539,4500,7056,800,1431,1101,462,1495,1796,1625,21810,59,6,76.92,1.25,1.3,1.727,1.415,9,0.487,2.333,26,9,1.16,1.45,1.57,1.45,1,82,47,47,38,17,1.12,3.62,4.8,4.08,0,21,81,0.698,0.432,3.735,976,5,156,0,kritik_gozx1 yikim_gucux1 kivilcimx2 artci_patlamax1 bereketli_toprakx1 nadir_tohumx1 keskin_bicakx1,56,0,45,58,174,81,87,0,2,3,3,artci_patlama@R20,47,45,2,143,77,0,0,0,0,0,0.519,156.8,7.156
4,Run50_KirilmaV1,Patlama yolu,bahcivan,standart,103,kırılma,46,,,379,123,192,0,0,64,115,96,91,57,20,9258,9258,6000,0,0,1844,1419,468,1869,1445,2093,25299,61,6,80.41,1.25,1.3,1.468,1.515,9,0.52,2.333,30,8.93,1.11,1.18,1.43,1.57,1.43,89,54,49,31,40,0.99,1.1,2.1,3.44,3.77,21,81,0.649,0.407,3.64,1001,6,162,0,kritik_gozx1 yikim_gucux1 kivilcimx2 artci_patlamax1 bereketli_toprakx1 nadir_tohumx1 keskin_bicakx1 hizli_bilekx1,63,0,45,60,180,81,93,0,2,3,3,artci_patlama@R20,60,60,0,158,79,0,0,0,0,0,0.716,205.733,8.422
4,Run50_KirilmaV1,Patlama yolu,bahcivan,standart,103,kırılma,47,,,397,121,211,0,0,65,136,100,83,59,19,8836,18094,6000,0,0,1986,1176,546,2155,2001,549,26330,62,3,87.23,1.25,1.3,1.468,1.515,9,0.52,2.444,30,8.9,1.17,1.17,1.32,1.81,1.88,75,65,58,15,33,0.67,0.76,2.72,4.96,9.91,24,92,0.67,0.446,3.757,1102,4,166,5,kritik_gozx1 yikim_gucux1 kivilcimx2 artci_patlamax1 bereketli_toprakx1 nadir_tohumx1 keskin_bicakx1 hizli_bilekx1,71,0,45,61,183,81,99,0,2,3,3,artci_patlama@R20,53,53,0,131,83,0,0,0,0,0,0.728,196.356,8.822
4,Run50_KirilmaV1,Patlama yolu,bahcivan,standart,103,kırılma,48,,,401,129,224,0,0,48,125,126,71,55,24,9996,28090,6000,0,0,2089,1257,522,2584,1870,931,29415,64,6,91.02,1.25,1.3,1.422,1.515,9,0.52,2.444,31,9,1.15,1.38,1.4,1.24,2.13,78,51,48,42,25,1.39,3.94,2.7,1.69,6.93,29,121,0.736,0.43,3.849,1415,4,170,12,kritik_gozx1 yikim_gucux1 kivilcimx2 artci_patlamax1 bereketli_toprakx1 nadir_tohumx1 keskin_bicakx1 hizli_bilekx1,77,0,45,63,189,84,99,0,2,3,3,artci_patlama@R20,64,64,0,183,89,0,0,0,0,0,0.711,222.133,8.911
4,Run50_KirilmaV1,Patlama yolu,bahcivan,standart,103,kırılma,49,,,435,129,248,0,0,58,158,104,102,56,15,9107,37197,6000,0,0,2008,1461,516,2292,2061,1117,30971,66,6,91.02,1.25,1.3,1.422,1.565,9,0.537,2.556,31,9,1.23,1.2,1.31,1.64,1.25,75,69,50,40,29,2.6,1.18,2.65,5.28,1.43,29,121,0.746,0.554,3.659,1488,7,177,0,kritik_gozx1 yikim_gucux1 kivilcimx2 artci_patlamax1 bereketli_toprakx1 nadir_tohumx1 keskin_bicakx1 hizli_bilekx1,71,0,45,65,195,90,99,0,2,3,3,artci_patlama@R20,56,56,0,189,107,0,0,0,0,0,0.628,202.378,9.667
4,Run50_KirilmaV1,Patlama yolu,bahcivan,standart,103,kırılma,50,,,445,136,236,0,0,73,152,114,100,51,28,11035,48232,6000,0,0,2412,1605,546,2804,2066,1663,31896,67,3,102.22,1.25,1.3,1.422,1.565,9,0.537,2.556,31,9,1.12,1.2,1.21,1.39,1.67,82,66,62,22,25,1.2,1,1.66,2.53,5.45,29,121,0.732,0.554,3.575,1523,2,179,0,kritik_gozx1 yikim_gucux1 kivilcimx2 artci_patlamax1 bereketli_toprakx1 nadir_tohumx1 keskin_bicakx1 hizli_bilekx1,74,0,45,66,198,96,99,0,2,3,3,artci_patlama@R20,59,59,0,216,108,0,0,0,0,0,0.769,245.222,9.889
4,Run50_KirilmaV1,Patlama yolu,bahcivan,standart,103,kırılma,50,KAZANDI
5,Run50_KirilmaV1,Patlama yolu,bahcivan,standart,104,kırılma,1,,,13,13,0,0,0,0,11,2,0,0,0,17,17,45,0,0,30,0,0,30,0,0,280,1,0,10,1,1,3,0.9,4,0.3,2,13,2.23,2.09,2.5,,,,9,0,,,,3.27,4.5,,,,2,4,0.358,0,8,23,0,0,2,,4,0.231,45,0,0,0,0,0,0,0,0,,0,0,0,0,0,0,0,0,0,0,0.75,0.378,0.289
5,Run50_KirilmaV1,Patlama yolu,bahcivan,standart,104,kırılma,2,,,13,13,0,0,0,0,9,2,2,0,0,35,52,45,0,0,26,8,0,31,8,0,320,2,3,10.67,1,1,3,0.9,4,0.3,2,14,2.64,2.44,2,3,,,0,0,0,,,4.33,3,9,,,3,5,0.522,0.2,8,28,1,1,1,,4,0,45,1,3,0,0,0,0,0,0,,0,0,0,0,0,0,0,0,0,0,0.8,0.778,0.289
5,Run50_KirilmaV1,Patlama yolu,bahcivan,standart,104,kırılma,3,,,17,16,1,0,0,0,9,7,1,0,0,40,92,45,0,0,46,4,0,50,12,0,430,3,3,11.33,1,1,3,0.9,4,0.3,2,14,2.86,1.67,2.33,4,,,27,0,0,,,2,5,15,,,4,6,0.485,0,8,34,1,2,1,,4,0.044,45,2,6,3,0,0,2,2,3,,0,0,0,0,0,0,0,0,0,0,0.833,0.889,0.378
5,Run50_KirilmaV1,Patlama yolu,bahcivan,standart,104,kırılma,4,,,24,17,7,0,0,0,21,1,2,0,0,44,136,45,0,0,46,8,0,49,20,0,530,4,3,11.33,1,1,3,0.9,4,0.3,2,14,3.29,1.82,,,,,16,0,0,,,3.35,,,,,5,8,0.495,0,8,45,1,3,1,,6,0.133,45,3,9,6,0,0,2,2,3,,0,0,0,0,0,0,0,0,0,0,0.625,0.978,0.533
5,Run50_KirilmaV1,Patlama yolu,bahcivan,standart,104,kırılma,5,,,21,17,4,0,0,0,13,6,1,1,0,71,207,45,71,8,50,4,2,52,24,2,617,6,6,12,1,1,2.892,0.9,4,0.3,2,15,3.33,2,2.5,2,,,8,0,0,0,,6.74,7.23,8.67,,,6,9,0.613,0.222,7.804,52,4,7,1,,5,0,45,5,15,9,0,0,2,2,3,,0,0,0,0,0,0,0,0,0,0,0.222,1.578,0.467
5,Run50_KirilmaV1,Patlama yolu,bahcivan,standart,104,kırılma,6,,,23,17,6,0,0,0,16,3,4,0,0,65,65,110,0,0,44,16,0,47,40,2,656,7,3,12.67,1,1.3,2.892,0.9,4,0.3,2,15,3,1.58,4,2.25,,,24,0,0,,,3.62,17.37,8.68,,,6,9,0.514,0,7.804,52,3,10,0,yikim_gucux1,8,0.154,45,6,18,9,6,0,2,2,3,,0,0,0,0,0,0,0,0,0,0,0.222,1.444,0.511
5,Run50_KirilmaV1,Patlama yolu,bahcivan,standart,104,kırılma,7,,,21,15,6,0,0,0,16,4,1,0,0,38,103,110,0,0,48,4,0,55,44,2,559,8,3,12.67,1,1.3,2.892,0.9,4,0.3,2,15,3.4,1.92,2,,,,6,0,0,,,5.78,7.23,,,,7,11,0.649,0.182,7.804,63,0,10,1,yikim_gucux1,7,0,45,7,21,12,6,0,2,2,3,,0,0,0,0,0,0,0,0,0,0,0.909,0.844,0.467
5,Run50_KirilmaV1,Patlama yolu,bahcivan,standart,104,kırılma,8,,,28,17,11,0,0,0,18,8,2,0,0,62,165,110,0,0,68,8,0,75,52,2,776,9,3,13.33,1,1.3,2.789,0.9,4,0.3,2,16,3.38,1.64,2.2,1,,,14,0,0,,,2.79,6.13,0,,,8,12,0.609,0.25,7.613,71,3,13,1,yikim_gucux1,6,0,45,8,24,15,6,0,2,2,3,,0,0,0,0,0,0,0,0,0,0,0.667,1.378,0.622
5,Run50_KirilmaV1,Patlama yolu,bahcivan,standart,104,kırılma,9,,,29,20,9,0,0,0,20,6,3,0,0,68,233,110,0,0,70,12,0,71,64,2,797,11,6,14,1,1.3,2.789,0.9,4,0.3,2,16,3.31,1.8,1,2,,,13,0,0,0,,5.95,0,5.59,,,9,13,0.655,0.385,7.613,77,3,16,1,yikim_gucux1,7,0,45,10,30,18,6,0,2,2,3,,0,0,0,0,0,0,0,0,0,0,0.615,1.511,0.644
5,Run50_KirilmaV1,Patlama yolu,bahcivan,standart,104,kırılma,10,,,26,18,8,0,0,0,16,7,2,1,0,87,320,110,87,16,67,8,2,70,72,4,731,12,3,14.67,1,1.3,2.689,0.9,4,0.3,2,16,2.88,1.75,2,2,2,,44,0,0,,,4.71,7.38,2.7,2.7,,10,14,0.508,0.214,7.427,85,4,20,1,yikim_gucux1,7,0,45,11,33,24,6,0,2,2,3,,0,0,0,0,0,0,0,0,0,0,0.214,1.933,0.578
5,Run50_KirilmaV1,Patlama yolu,bahcivan,standart,104,kırılma,11,,,32,15,17,0,0,0,23,6,3,0,0,71,71,150,0,0,76,12,0,76,84,4,992,13,3,14.67,1,1.3,2.689,0.9,4,0.3,2,16,3.75,1.82,2,3,,,21,0,0,,,4.15,6.73,14.78,,,11,17,0.657,0.176,7.427,103,0,20,1,yikim_gucux1 artci_patlamax1,10,0,45,12,36,25,8,0,2,2,3,artci_patlama@R10,5,5,0,12,10,0,0,0,0,0,0.824,1.578,0.711
5,Run50_KirilmaV1,Patlama yolu,bahcivan,standart,104,kırılma,12,,,47,22,25,0,0,0,31,7,8,1,0,162,233,150,0,0,128,32,2,131,86,6,1641,15,6,15.64,1,1.3,2.592,0.9,4,0.3,2,17,3.59,1.36,2.5,1,,,47,0,33,0,,2.78,9.51,0,,,12,18,0.599,0.278,7.427,109,4,24,1,yikim_gucux1 artci_patlamax1,11,0,45,14,42,25,11,0,2,2,3,artci_patlama@R10,11,11,0,22,10,0,0,0,0,0,0.333,3.6,1.044
5,Run50_KirilmaV1,Patlama yolu,bahcivan,standart,104,kırılma,13,,,42,21,21,0,0,0,33,5,4,0,0,88,321,150,0,0,124,16,0,145,102,6,1288,16,3,16.36,1,1.3,2.5,0.9,4,0.3,2,17,3.71,1.35,1.25,,,,24,33,0,0,,1.76,3.13,,,,14,21,0.645,0.286,6.981,135,4,28,2,yikim_gucux1 artci_patlamax1,13,0,45,15,45,31,11,0,2,2,3,artci_patlama@R10,7,7,0,24,15,0,0,0,0,0,1,1.956,0.933
5,Run50_KirilmaV1,Patlama yolu,bahcivan,standart,104,kırılma,14,,,49,21,28,0,0,0,32,12,3,2,0,159,480,150,0,0,156,12,4,161,114,10,1643,18,6,18.13,1,1.3,2.5,0.9,4,0.3,2,17,3.88,1.31,2,1,2,,21,11,0,0,,1.09,5,0,30,,15,24,0.68,0.458,6.95,155,3,31,1,yikim_gucux1 artci_patlamax1,14,0,45,17,51,34,11,0,2,2,3,artci_patlama@R10,6,6,0,24,13,0,0,0,0,0,0.917,3.533,1.089
5,Run50_KirilmaV1,Patlama yolu,bahcivan,standart,104,kırılma,15,,,38,20,18,0,0,0,26,6,3,3,0,164,644,150,164,30,108,12,6,109,76,16,1334,19,3,18.13,1,1.3,2.5,0.9,4,0.3,2,17,4,1.75,1.67,2,1.33,,39,11,0,0,,5.42,10,6.25,5.83,,17,31,0.79,0.613,6.985,200,3,34,2,yikim_gucux1 artci_patlamax1,12,0,45,18,54,40,11,0,2,2,3,artci_patlama@R10,5,5,0,25,10,0,0,0,0,0,0.935,3.644,0.844
5,Run50_KirilmaV1,Patlama yolu,bahcivan,standart,104,kırılma,16,,,48,21,27,0,0,0,25,14,6,2,1,287,287,220,0,0,201,24,4,259,50,20,1950,20,3,19.2,1,1.3,2.41,0.9,4,0.3,2,18,3.94,1.45,1.33,1.67,1,,17,14,0,0,0,3.07,0.8,3.21,0,,16,33,0.79,0.485,6.749,220,5,39,3,yikim_gucux1 artci_patlamax1 nadir_tohumx1,17,0,45,19,57,43,11,0,2,2,3,artci_patlama@R10,9,9,0,39,18,0,0,0,0,0,0.758,6.378,1.067
5,Run50_KirilmaV1,Patlama yolu,bahcivan,standart,104,kırılma,17,,,72,33,38,0,0,1,33,27,8,4,0,317,604,220,0,0,261,40,8,266,65,28,3194,22,6,20.27,1,1.3,2.24,0.935,4,0.3,2,20,4,1.38,1.11,1.75,1.5,,29,23,0,,0,3.36,1.5,6.16,6.16,,16,36,0.695,0.389,6.557,247,10,49,2,yikim_gucux1 artci_patlamax1 nadir_tohumx1,20,0,45,21,63,46,11,0,2,2,3,artci_patlama@R10,12,12,0,56,28,0,0,0,0,0,0.889,7.044,1.6
5,Run50_KirilmaV1,Patlama yolu,bahcivan,standart,104,kırılma,18,,,60,22,38,0,0,0,33,12,12,1,2,493,1097,220,0,0,261,60,2,277,125,30,2699,24,6,20.27,1,1.3,2.16,0.97,4,0.3,2,20,4,1.08,1.33,1.75,,,33,0,0,0,0,0.18,3.6,11.34,,,19,42,0.795,0.476,6.141,308,6,55,3,yikim_gucux1 artci_patlamax1 nadir_tohumx1,20,0,45,23,69,49,14,0,2,2,3,artci_patlama@R10,9,9,0,36,17,0,0,0,0,0,0.976,10.956,1.333
5,Run50_KirilmaV1,Patlama yolu,bahcivan,standart,104,kırılma,19,,,70,31,38,0,0,1,38,17,12,3,0,320,1417,220,0,0,216,60,6,217,105,36,3199,25,3,24.3,1,1.3,2.16,0.97,4,0.3,2,20,4,1.07,1.29,1.5,1.67,,42,14,0,0,,0.14,0.93,3.61,5.77,,20,44,0.787,0.523,5.897,336,6,61,1,yikim_gucux1 artci_patlamax1 nadir_tohumx1,21,0,45,24,72,49,20,0,2,2,3,artci_patlama@R10,9,9,0,42,20,0,0,0,0,0,1,7.111,1.556
5,Run50_KirilmaV1,Patlama yolu,bahcivan,standart,104,kırılma,20,,,90,51,39,0,0,0,55,23,7,3,2,490,1907,220,490,45,348,42,16,359,147,52,4233,27,6,24.3,1,1.3,2.16,1.04,6,0.3,2,20,5.75,1.24,1.31,2.2,1.33,3,46,22,33,50,,1.71,2.49,8.65,4.32,19.47,21,46,0.588,0.152,5.879,352,5,66,1,yikim_gucux1 artci_patlamax1 nadir_tohumx1,24,0,45,26,78,49,23,0,2,2,3,artci_patlama@R10,14,14,0,45,21,0,0,0,0,0,0.87,10.889,2
5,Run50_KirilmaV1,Patlama yolu,bahcivan,standart,104,kırılma,21,,,90,53,37,0,0,0,47,24,16,3,0,397,397,300,0,0,285,96,6,404,255,38,4368,29,6,24.3,1,1.3,1.836,1.04,6,0.3,2,24,6,1.5,2,1.6,2,,32,14,9,0,,2.03,6.29,4.04,11,,23,49,0.757,0.449,5.822,379,1,67,4,yikim_gucux1 artci_patlamax1 nadir_tohumx1 hizli_bilekx1,23,0,45,28,84,49,29,0,2,2,3,artci_patlama@R10,9,9,0,45,24,0,0,0,0,0,0.918,8.822,2
5,Run50_KirilmaV1,Patlama yolu,bahcivan,standart,104,kırılma,22,,,101,52,49,0,0,0,53,30,10,8,0,539,936,300,0,0,339,60,24,348,60,62,4862,31,6,25.51,1,1.3,1.836,1.04,6,0.3,2,24,6,1.65,1.69,1.33,2,,21,5,0,0,0,2.26,5.51,2.14,8.12,,23,49,0.771,0.449,5.619,392,5,72,0,yikim_gucux1 artci_patlamax1 nadir_tohumx1 hizli_bilekx1,25,0,45,30,90,49,35,0,2,2,3,artci_patlama@R10,14,14,0,62,29,0,0,0,0,0,0.531,11.978,2.244
5,Run50_KirilmaV1,Patlama yolu,bahcivan,standart,104,kırılma,23,,,114,51,62,0,0,1,52,37,17,6,2,819,1755,300,0,0,423,102,29,466,174,51,6115,32,3,29.99,1,1.3,1.778,1.04,6,0.3,2,25,5.96,1.42,1.72,1.57,1.5,,40,12,7,0,0,1.26,3.56,4.06,2.67,,19,49,0.706,0.49,5.488,402,3,75,2,yikim_gucux1 artci_patlamax1 nadir_tohumx1 hizli_bilekx1,25,0,45,31,93,49,41,0,2,2,3,artci_patlama@R10,17,17,0,57,32,0,0,0,0,0,0.898,18.2,2.533
5,Run50_KirilmaV1,Patlama yolu,bahcivan,standart,104,kırılma,24,,,130,61,69,0,0,0,51,36,28,11,4,1363,3118,300,0,0,414,214,44,440,388,75,7745,34,6,33.24,1,1.3,1.722,1.075,6,0.3,2,26,6,1.4,1.87,1.53,2.25,2,42,26,13,0,0,1.65,4.36,2.64,7.76,12.92,17,49,0.695,0.49,5.4,408,4,79,1,yikim_gucux1 artci_patlamax1 nadir_tohumx1 hizli_bilekx1,25,0,45,33,99,49,44,0,2,2,3,artci_patlama@R10,23,23,0,49,26,0,0,0,0,0,0.816,30.289,2.889
5,Run50_KirilmaV1,Patlama yolu,bahcivan,standart,104,kırılma,25,,,123,50,73,0,0,0,47,38,20,15,3,1618,4736,300,1618,65,369,143,69,519,248,104,7740,36,6,34.76,1,1.3,1.722,1.11,6,0.3,2,26,6,1.43,2,1.89,1.71,,41,6,7,13,0,2.54,5.83,4.21,5.17,,14,49,0.706,0.51,5.196,424,5,84,2,yikim_gucux1 artci_patlamax1 nadir_tohumx1 hizli_bilekx1,25,0,45,35,105,49,50,0,2,2,3,artci_patlama@R10,22,22,0,72,32,0,0,0,0,0,0.776,35.956,2.733
5,Run50_KirilmaV1,Patlama yolu,bahcivan,standart,104,kırılma,26,,,152,72,79,0,0,1,63,41,26,19,3,1862,1862,500,0,0,579,156,57,623,379,61,9429,38,6,39.82,1,1.3,1.722,1.11,6,0.3,2.75,26,6,1.28,1.46,1.69,1.5,1,67,48,19,14,,2.42,2.52,4.5,2.01,0,13,51,0.69,0.412,5.075,452,4,88,1,yikim_gucux1 artci_patlamax1 nadir_tohumx1 hizli_bilekx1 agir_darbex1,31,0,45,37,111,49,56,0,2,2,3,artci_patlama@R10,31,30,1,59,40,0,0,0,0,0,0.627,41.378,3.378
5,Run50_KirilmaV1,Patlama yolu,bahcivan,standart,104,kırılma,27,,,134,56,78,0,0,0,44,26,38,20,6,2452,4314,500,0,0,384,297,72,437,440,93,9411,40,6,39.82,1,1.3,1.668,1.11,6,0.3,2.75,26,6,1.54,1.83,1.73,2,2,37,0,22,0,0,5.58,2.78,5.34,7.62,3.33,18,68,0.766,0.353,5.298,578,2,90,8,yikim_gucux1 artci_patlamax1 nadir_tohumx1 hizli_bilekx1 agir_darbex1,37,0,45,39,117,55,56,0,2,2,3,artci_patlama@R10,23,23,0,77,47,0,0,0,0,0,0.706,54.489,2.978
5,Run50_KirilmaV1,Patlama yolu,bahcivan,standart,104,kırılma,28,,,106,61,45,0,0,0,36,27,25,13,5,1765,6079,500,0,0,366,229,52,413,289,75,7129,41,3,39.82,1,1.3,1.668,1.11,6,0.3,2.75,26,6,1.4,1.71,1.53,1.71,2.4,52,25,24,7,14,2.08,5.24,5.78,6.44,11.67,19,74,0.819,0.608,5.273,632,5,95,2,yikim_gucux1 artci_patlamax1 nadir_tohumx1 hizli_bilekx1 agir_darbex1,24,0,45,40,120,61,56,0,2,2,3,artci_patlama@R10,15,15,0,56,24,0,0,0,0,0,0.919,39.222,2.356
5,Run50_KirilmaV1,Patlama yolu,bahcivan,standart,104,kırılma,29,,,168,71,97,0,0,0,57,42,34,27,8,3127,9206,500,0,0,615,356,124,628,455,134,11397,43,6,43.38,1,1.3,1.668,1.145,6,0.3,2.75,26,6,1.32,1.33,1.36,1.91,2.33,61,52,19,17,0,1.87,2.78,1.79,5.91,13.9,20,77,0.762,0.494,5.314,652,5,100,1,yikim_gucux1 artci_patlamax1 nadir_tohumx1 hizli_bilekx1 agir_darbex1,39,0,45,42,126,64,56,0,2,2,3,artci_patlama@R10,30,30,0,84,51,0,0,0,0,0,0.857,69.489,3.733
5,Run50_KirilmaV1,Patlama yolu,bahcivan,standart,104,kırılma,30,,,144,55,89,0,0,0,59,31,30,19,5,2221,11427,500,2221,100,553,272,94,656,617,148,8989,44,3,43.38,1,1.3,1.668,1.215,6,0.3,2.75,26,6,1.36,1.64,1.83,2.22,1,56,30,14,11,0,2.43,4.7,6.53,7.59,0,24,81,0.707,0.494,5.443,670,6,106,4,yikim_gucux1 artci_patlamax1 nadir_tohumx1 hizli_bilekx1 agir_darbex1,38,0,45,43,129,70,56,0,2,2,3,artci_patlama@R10,23,23,0,83,51,0,0,0,0,0,0.679,49.356,3.2
5,Run50_KirilmaV1,Patlama yolu,bahcivan,standart,104,kırılma,31,,,294,91,202,0,0,1,105,73,52,42,22,6400,6400,1200,0,0,1248,648,294,1434,705,442,18904,47,9,45.79,1,1.3,1.131,1.265,6,0.3,2.75,39,6,1.24,1.77,1.5,1.56,1.33,69,36,32,5,29,1.76,5.27,3.02,3.01,3.39,24,81,0.624,0.296,5.35,681,3,109,0,yikim_gucux1 artci_patlamax1 nadir_tohumx1 hizli_bilekx1 agir_darbex1 firtina_bilegix1,52,0,45,46,138,73,56,0,2,2,3,artci_patlama@R10,60,60,0,171,89,0,0,0,0,0,0.519,142.222,6.533
5,Run50_KirilmaV1,Patlama yolu,bahcivan,standart,104,kırılma,32,,,300,103,197,0,0,0,93,93,72,34,8,4501,10901,1200,0,0,1133,723,250,1267,988,597,20075,49,6,49.54,1,1.3,1.095,1.265,6,0.3,2.75,41,6,1.13,1.51,1.45,1.25,1.33,78,44,29,22,0,0.21,3.85,2.94,1.27,0.37,24,81,0.615,0.259,5.126,711,7,116,0,yikim_gucux1 artci_patlamax1 nadir_tohumx1 hizli_bilekx1 agir_darbex1 firtina_bilegix1,54,0,45,48,144,81,57,0,2,2,3,artci_patlama@R10,54,54,0,177,96,0,0,0,0,0,0.642,100.022,6.667
5,Run50_KirilmaV1,Patlama yolu,bahcivan,standart,104,kırılma,33,,,297,93,202,0,0,2,101,77,78,32,9,4563,15464,1200,0,0,1152,965,200,1354,1233,797,19721,51,6,56.1,1,1.3,1.095,1.315,6,0.3,2.75,41,6,1.26,1.42,1.26,2.25,1.4,60,42,33,17,40,1.35,1.85,1.26,5.89,3.51,24,81,0.615,0.383,5.113,713,6,122,0,yikim_gucux1 artci_patlamax1 nadir_tohumx1 hizli_bilekx1 agir_darbex1 firtina_bilegix1,56,0,45,50,150,81,63,0,2,2,3,artci_patlama@R10,49,49,0,152,97,0,0,0,0,0,0.667,101.4,6.6
5,Run50_KirilmaV1,Patlama yolu,bahcivan,standart,104,kırılma,34,,,331,94,236,0,0,1,112,81,76,51,11,5927,21391,1200,0,0,1390,884,315,1634,957,1002,22909,53,6,56.1,1,1.3,1.061,1.365,6,0.3,2.75,42,6,1.13,1.35,1.5,1.47,1.75,69,46,30,14,25,0.62,1.32,2.3,3.11,5.57,24,81,0.606,0.383,5.089,716,6,128,0,yikim_gucux1 artci_patlamax1 nadir_tohumx1 hizli_bilekx1 agir_darbex1 firtina_bilegix1,61,0,45,52,156,81,69,0,2,2,3,artci_patlama@R10,59,59,0,187,106,0,0,0,0,0,0.457,131.711,7.356
5,Run50_KirilmaV1,Patlama yolu,bahcivan,standart,104,kırılma,35,,,227,67,159,0,0,1,83,60,52,20,12,4424,25815,1200,4424,220,1246,634,140,1355,1211,1142,15503,55,6,60.05,1,1.3,1.061,1.365,6,0.333,2.75,42,4,1.17,1.57,1.55,1.78,2.5,66,30,8,20,0,0.97,2.78,1.64,4.12,6.9,24,81,0.704,0.395,4.945,737,6,134,0,yikim_gucux1 artci_patlamax1 nadir_tohumx1 hizli_bilekx1 agir_darbex1 firtina_bilegix1,57,0,45,54,162,81,75,0,2,2,3,artci_patlama@R10,40,40,0,147,92,0,0,0,0,0,0.531,98.311,5.044
5,Run50_KirilmaV1,Patlama yolu,bahcivan,standart,104,kırılma,36,,,469,148,314,0,0,7,168,116,95,65,25,10343,10343,2800,0,0,2104,1325,535,2259,1646,1552,31868,57,6,69.27,1,1.3,1.061,1.802,9,0.333,2.75,42,8.6,1.02,1.28,1.29,1.42,1.25,78,67,46,43,46,0.09,1.41,1.62,2.83,0.8,24,81,0.471,0.235,4.945,737,3,137,0,yikim_gucux1 artci_patlamax1 nadir_tohumx1 hizli_bilekx1 agir_darbex1 firtina_bilegix1 genis_savurusx1,75,0,45,56,168,81,81,0,2,2,3,artci_patlama@R10,104,104,0,191,125,0,0,0,0,0,0.333,229.844,10.422
5,Run50_KirilmaV1,Patlama yolu,bahcivan,standart,104,kırılma,37,,,426,121,305,0,0,0,131,126,86,59,24,9680,20023,2800,0,0,1796,1426,463,1995,2202,2015,30705,59,6,69.27,1,1.3,1.028,1.868,9,0.333,2.75,43,8.65,1.18,1.49,1.25,1.68,2.2,77,53,43,46,18,1.03,3.32,0.93,3.32,7.61,24,81,0.494,0.259,4.824,756,6,143,0,yikim_gucux1 artci_patlamax1 nadir_tohumx1 hizli_bilekx1 agir_darbex1 firtina_bilegix1 genis_savurusx1,67,0,45,58,174,81,87,0,2,2,3,artci_patlama@R10,86,86,0,200,129,0,0,0,0,0,0.543,215.111,9.467
5,Run50_KirilmaV1,Patlama yolu,bahcivan,standart,104,kırılma,38,,,508,156,349,0,0,3,173,140,111,66,18,9605,29628,2800,0,0,2285,1431,572,2420,1523,2447,35764,62,9,76.92,1,1.3,1.028,2,9,0.35,2.75,43,8.67,1.06,1.22,1.3,1.42,1.5,85,73,49,36,20,0.3,1.12,1.65,1.35,5.14,24,81,0.45,0.235,4.673,780,9,152,0,yikim_gucux1 artci_patlamax1 nadir_tohumx1 hizli_bilekx1 agir_darbex1 firtina_bilegix1 genis_savurusx1,73,0,45,61,183,81,93,0,2,2,3,artci_patlama@R10,107,107,0,199,134,0,0,0,0,0,0.383,213.444,11.289
5,Run50_KirilmaV1,Patlama yolu,bahcivan,standart,104,kırılma,39,,,500,160,336,0,0,4,165,149,114,58,14,9000,38628,2800,0,0,2291,1380,508,2661,1703,2955,35506,64,6,87.23,1,1.3,1.028,2,9,0.35,2.75,43,8.67,1.15,1.17,1.33,1.17,1.33,79,71,60,49,44,1.09,0.81,1.59,0.56,4.11,24,81,0.452,0.222,4.673,780,3,155,0,yikim_gucux1 artci_patlamax1 nadir_tohumx1 hizli_bilekx1 agir_darbex1 firtina_bilegix1 genis_savurusx1,75,0,45,63,189,81,102,0,2,2,3,artci_patlama@R10,114,114,0,196,136,0,0,0,0,0,0.432,200,11.111
5,Run50_KirilmaV1,Patlama yolu,bahcivan,standart,104,kırılma,40,,,380,140,238,0,0,2,125,96,84,56,19,9143,47771,2800,9143,500,1698,1438,474,1699,2001,3274,29550,66,6,87.23,1,1.3,0.995,2,9,0.35,2.75,45,7.87,1.13,1.36,1.36,1.33,1.6,75,66,45,36,29,0.66,1.69,2.17,1.06,2.79,24,81,0.373,0.21,4.559,800,7,162,0,yikim_gucux1 artci_patlamax1 nadir_tohumx1 hizli_bilekx1 agir_darbex1 firtina_bilegix1 genis_savurusx1,65,0,45,65,195,81,108,0,2,2,3,artci_patlama@R10,101,99,2,126,93,0,0,0,0,0,0.346,203.178,8.444
5,Run50_KirilmaV1,Patlama yolu,bahcivan,standart,104,kırılma,41,,,557,181,371,0,0,5,191,137,113,85,31,13470,13470,4500,0,0,2883,1755,786,3132,2356,3910,42706,68,6,91.02,1,1.69,0.995,2.066,12,0.4,2.861,45,10.62,1.2,1.23,1.61,1.44,1.71,80,73,52,49,32,0.9,0.87,2.75,1.67,2.26,24,81,0.434,0.185,4.518,807,6,168,0,yikim_gucux2 artci_patlamax1 nadir_tohumx1 hizli_bilekx1 agir_darbex1 firtina_bilegix1 genis_savurusx1,80,0,45,67,201,81,114,0,2,2,3,artci_patlama@R10,133,132,1,161,121,0,0,0,0,0,0.321,299.333,12.378
5,Run50_KirilmaV1,Patlama yolu,bahcivan,standart,104,kırılma,42,,,677,183,481,0,0,13,241,191,137,82,26,13301,26771,4500,0,0,3827,2004,612,4429,3015,2432,48323,70,6,98.13,1,1.69,0.964,2.066,12,0.4,2.861,46,11.15,1.18,1.1,1.39,1.27,1.63,80,69,60,49,35,1.66,0.87,3.31,2.41,2.9,28,121,0.486,0.182,4.501,1210,6,174,15,yikim_gucux2 artci_patlamax1 nadir_tohumx1 hizli_bilekx1 agir_darbex1 firtina_bilegix1 genis_savurusx1,100,0,45,69,207,81,120,0,2,2,3,artci_patlama@R10,124,124,0,181,137,0,0,0,0,0,0.521,295.578,15.044
5,Run50_KirilmaV1,Patlama yolu,bahcivan,standart,104,kırılma,43,,,659,197,452,0,0,10,220,168,145,92,34,17196,43967,4500,0,0,3664,2079,912,4003,2104,3149,50369,72,6,102.22,1,1.69,0.964,2.132,12,0.4,2.972,46,11.24,1.08,1.19,1.41,1.22,1.5,85,61,57,49,37,0.32,0.68,1.98,0.93,2.22,28,121,0.534,0.306,4.275,1274,10,184,0,yikim_gucux2 artci_patlamax1 nadir_tohumx1 hizli_bilekx1 agir_darbex1 firtina_bilegix1 genis_savurusx1,99,0,45,71,213,87,120,0,2,2,3,artci_patlama@R10,129,129,0,191,145,0,0,0,0,0,0.471,382.133,14.644
5,Run50_KirilmaV1,Patlama yolu,bahcivan,standart,104,kırılma,44,,,722,197,513,0,0,12,249,191,137,110,35,18099,62066,4500,0,0,4075,2049,1002,4158,2453,4151,57867,74,6,114.01,1,1.69,0.964,2.132,12,0.4,2.972,46,11.5,1.11,1.14,1.26,1.32,1.5,82,74,63,56,42,0.49,1.26,1.77,1.71,2.65,28,121,0.484,0.281,4.216,1292,4,188,0,yikim_gucux2 artci_patlamax1 nadir_tohumx1 hizli_bilekx1 agir_darbex1 firtina_bilegix1 genis_savurusx1,108,0,45,73,219,93,120,0,2,2,3,artci_patlama@R10,129,129,0,203,145,0,0,0,0,0,0.57,402.2,16.044
5,Run50_KirilmaV1,Patlama yolu,bahcivan,standart,104,kırılma,45,,,628,160,453,0,0,15,205,162,143,84,34,16201,78267,4500,16201,800,3705,2079,834,3863,3762,4745,51746,76,6,121.72,1,1.69,0.964,2.132,12,0.4,3.083,46,8.98,1.16,1.19,1.16,1.3,1.09,80,76,70,44,36,1.18,0.83,0.84,1.59,0.7,28,121,0.559,0.314,4.216,1292,4,192,0,yikim_gucux2 artci_patlamax1 nadir_tohumx1 hizli_bilekx1 agir_darbex1 firtina_bilegix1 genis_savurusx1,95,0,45,75,225,99,120,0,2,2,3,artci_patlama@R10,113,113,0,197,136,0,0,0,0,0,0.628,360.022,13.956
5,Run50_KirilmaV1,Patlama yolu,bahcivan,standart,104,kırılma,46,,,760,219,520,0,0,21,245,209,178,99,29,17386,17386,6000,0,0,4120,2667,822,4313,4529,5567,63900,78,6,126.4,1,1.69,0.964,2.198,12,0.417,3.833,46,11.11,1.08,1.2,1.28,1.15,1.38,90,80,65,75,46,0.37,0.87,1.69,0.57,2.05,28,121,0.481,0.289,4.161,1309,5,197,0,yikim_gucux2 artci_patlamax1 nadir_tohumx1 hizli_bilekx1 agir_darbex2 firtina_bilegix1 genis_savurusx1,119,0,45,77,231,105,120,0,2,2,3,artci_patlama@R10,163,163,0,184,136,0,0,0,0,0,0.537,386.356,16.889
5,Run50_KirilmaV1,Patlama yolu,bahcivan,standart,104,kırılma,47,,,743,202,520,0,0,21,238,191,166,105,43,20385,37771,6000,0,0,4165,2613,1074,4178,7142,6351,68578,81,9,134.4,1,1.69,0.964,2.198,12,0.417,3.944,46,11.26,1.08,1.17,1.1,1.17,1.22,88,77,67,64,41,0.51,0.98,0.43,0.93,1.5,28,121,0.5,0.306,4.125,1320,3,200,0,yikim_gucux2 artci_patlamax1 nadir_tohumx1 hizli_bilekx1 agir_darbex2 firtina_bilegix1 genis_savurusx1,112,0,45,80,240,111,120,0,2,2,3,artci_patlama@R10,152,152,0,207,150,0,0,0,0,0,0.57,453,16.511
5,Run50_KirilmaV1,Patlama yolu,bahcivan,standart,104,kırılma,48,,,777,211,548,0,0,18,247,217,171,94,48,21404,59175,6000,0,0,4190,3168,966,4348,10310,7317,71596,83,6,142.4,1,1.69,0.964,2.198,12,0.417,3.944,46,11.41,1.17,1.13,1.14,1.03,1.17,83,83,78,65,62,0.62,0.77,0.55,0.17,1.29,28,121,0.504,0.322,3.908,1393,2,202,0,yikim_gucux2 artci_patlamax1 nadir_tohumx1 hizli_bilekx1 agir_darbex2 firtina_bilegix1 genis_savurusx1,109,0,45,82,246,120,120,0,2,2,3,artci_patlama@R10,158,158,0,200,144,0,0,0,0,0,0.529,475.644,17.267
5,Run50_KirilmaV1,Patlama yolu,bahcivan,standart,104,kırılma,49,,,804,208,569,0,0,27,256,219,168,118,43,22204,81379,6000,0,0,4380,2592,1218,4538,12902,8205,78941,85,6,142.4,1,1.69,0.964,2.198,12,0.45,4.056,46,11.33,1.05,1.03,1.26,1.31,1.6,89,85,72,69,55,0.38,0.17,2.12,1.54,5.4,28,121,0.491,0.215,3.894,1398,5,207,0,yikim_gucux2 artci_patlamax1 nadir_tohumx1 hizli_bilekx1 agir_darbex2 firtina_bilegix1 genis_savurusx1,123,0,45,84,252,121,125,0,2,2,3,artci_patlama@R10,163,163,0,231,158,0,0,0,0,0,0.455,493.422,17.867
5,Run50_KirilmaV1,Patlama yolu,bahcivan,standart,104,kırılma,50,,,787,222,538,0,0,27,235,208,187,120,37,21708,103087,6000,0,0,4055,3024,1020,4793,15926,9225,77236,87,6,150.4,1,1.69,0.964,2.198,12,0.45,4.056,46,11.46,1.17,1.22,1.17,1.13,1.08,80,75,69,73,79,1.09,0.95,0.94,0.62,0.4,28,121,0.513,0.298,3.875,1405,1,208,0,yikim_gucux2 artci_patlamax1 nadir_tohumx1 hizli_bilekx1 agir_darbex2 firtina_bilegix1 genis_savurusx1,116,0,45,86,258,121,131,0,2,2,3,artci_patlama@R10,170,170,0,225,159,0,0,0,0,0,0.537,482.4,17.489
5,Run50_KirilmaV1,Patlama yolu,bahcivan,standart,104,kırılma,50,KAZANDI
6,Run50_KirilmaV1,Patlama yolu,bahcivan,standart,105,kırılma,1,,,13,13,0,0,0,0,11,2,0,0,0,17,17,45,0,0,30,0,0,30,0,0,280,1,0,10,1,1,3,0.9,4,0.3,2,14,2.07,1.91,3,,,,15,0,,,,2.73,6,,,,2,4,0.349,0,8,23,0,0,2,,3,0.18,45,0,0,0,0,0,0,0,0,,0,0,0,0,0,0,0,0,0,0,0.5,0.378,0.289
6,Run50_KirilmaV1,Patlama yolu,bahcivan,standart,105,kırılma,2,,,15,15,0,0,0,0,14,0,1,0,0,24,41,45,0,0,28,4,0,33,4,0,320,2,3,10.67,1,1,3,0.9,4,0.3,2,14,2.21,1.79,,3,,,15,,0,,,3,,9,,,3,5,0.418,0,8,28,1,1,1,,4,0.044,45,1,3,0,0,0,0,0,0,,0,0,0,0,0,0,0,0,0,0,0.6,0.533,0.333
6,Run50_KirilmaV1,Patlama yolu,bahcivan,standart,105,kırılma,3,,,18,17,0,0,0,1,15,1,2,0,0,38,79,45,0,0,34,8,0,40,12,0,410,3,3,11.33,1,1,3,0.9,4,0.3,2,14,2.86,2.07,4,2,,,14,0,0,,,5.14,9,4.5,,,4,6,0.498,0,7.579,36,1,2,1,,4,0.044,45,2,6,3,0,0,2,0,3,,0,0,0,0,0,0,0,0,0,0,0.333,0.844,0.4
6,Run50_KirilmaV1,Patlama yolu,bahcivan,standart,105,kırılma,4,,,19,18,1,0,0,0,16,3,0,0,0,30,109,45,0,0,44,0,0,44,12,0,410,4,3,11.33,1,1,3,0.9,4,0.3,2,14,3.29,2.13,3.5,,,,6,0,,,,5.63,21,,,,5,8,0.57,0.25,7.664,47,0,2,1,,5,0,45,3,9,6,0,0,2,3,3,,0,0,0,0,0,0,0,0,0,0,0.375,0.667,0.422
6,Run50_KirilmaV1,Patlama yolu,bahcivan,standart,105,kırılma,5,,,19,18,1,0,0,0,17,2,0,0,0,27,136,45,27,8,42,0,0,45,12,0,400,5,3,12,1,1,3,0.9,4,0.3,2,14,3.36,1.94,2,,,,25,33,0,0,,4.88,6,,,,6,9,0.639,0.333,7.234,56,3,5,1,,4,0,45,4,12,9,0,0,2,3,3,,0,0,0,0,0,0,0,0,0,0,0.667,0.6,0.422
6,Run50_KirilmaV1,Patlama yolu,bahcivan,standart,105,kırılma,6,,,21,19,2,0,0,0,14,4,3,0,0,66,66,110,0,0,44,12,0,52,24,0,520,6,3,12,1,1,2.892,0.9,4,0.3,2,15,3.4,1.92,1.75,2.33,,,20,25,0,,,3.14,5.79,8.68,,,6,9,0.629,0.222,7.234,56,2,7,0,nadir_tohumx1,5,0,45,5,15,9,3,0,2,3,3,,0,0,0,0,0,0,0,0,0,0,0.667,1.467,0.467
6,Run50_KirilmaV1,Patlama yolu,bahcivan,standart,105,kırılma,7,,,24,22,2,0,0,0,17,4,2,1,0,89,155,110,0,0,50,8,2,55,32,2,590,7,3,12.67,1,1,2.892,0.9,4,0.3,2,15,3.4,2,2,3,1,,11,33,0,,,5.42,4.33,8.67,0,,7,10,0.633,0.3,7.136,63,3,10,1,nadir_tohumx1,5,0,45,6,18,12,3,0,2,3,3,,0,0,0,0,0,0,0,0,0,0,0.5,1.978,0.533
6,Run50_KirilmaV1,Patlama yolu,bahcivan,standart,105,kırılma,8,,,23,21,2,0,0,0,17,4,2,0,0,53,208,110,0,0,54,8,0,58,40,2,540,8,3,13.33,1,1,2.789,0.9,4,0.3,2,16,3.5,1.87,2.75,2.5,,,19,13,0,,,4.65,8.37,8.37,,,8,11,0.649,0.273,7.196,69,3,13,1,nadir_tohumx1,6,0,45,7,21,15,3,0,2,3,3,,0,0,0,0,0,0,0,0,0,0,0.909,1.178,0.511
6,Run50_KirilmaV1,Patlama yolu,bahcivan,standart,105,kırılma,9,,,26,24,2,0,0,0,17,8,1,0,0,54,262,110,0,0,74,4,0,82,44,2,620,9,3,13.33,1,1,2.789,0.9,4,0.3,2,16,3.38,1.81,1.43,3,,,27,17,0,,,4.36,2.39,8.37,,,9,12,0.688,0.417,7.242,75,1,14,1,nadir_tohumx1,6,0,45,8,24,18,3,0,2,3,3,,0,0,0,0,0,0,0,0,0,0,0.417,1.2,0.578
6,Run50_KirilmaV1,Patlama yolu,bahcivan,standart,105,kırılma,10,,,22,21,1,0,0,0,14,5,2,1,0,82,344,110,82,16,53,8,2,55,52,4,593,10,3,14,1,1,2.689,0.9,4,0.3,2,16,3,1.69,1.8,2,3,,20,20,0,0,,4.76,3.77,5.38,18.8,,10,14,0.527,0.286,7.101,89,4,18,1,nadir_tohumx1,6,0,45,9,27,21,3,0,2,3,3,,0,0,0,0,0,0,0,0,0,0,0.5,1.822,0.489
6,Run50_KirilmaV1,Patlama yolu,bahcivan,standart,105,kırılma,11,,,25,22,3,0,0,0,18,7,0,0,0,45,45,150,0,0,71,0,0,73,52,4,602,11,3,14,1,1,2.689,0.9,4,0.3,2,16,3.69,1.88,2.2,,,,5,0,0,,,6.01,12.37,,,,11,16,0.748,0.438,7.13,101,1,19,1,nadir_tohumx1 kivilcimx1,6,0,45,10,30,24,3,0,2,3,3,,0,0,0,0,0,0,0,0,0,0,0.813,1,0.556
6,Run50_KirilmaV1,Patlama yolu,bahcivan,standart,105,kırılma,12,,,35,27,8,0,0,0,27,7,1,0,0,68,113,150,0,0,116,4,0,122,26,4,882,12,3,15.64,1,1,2.592,0.9,4,0.3,2,17,3.71,1.59,2.25,1,,,40,0,,,,3.89,5.19,0,,,11,16,0.674,0.438,7.13,101,5,24,0,nadir_tohumx1 kivilcimx1,7,0,45,11,33,25,5,0,2,3,3,,0,0,0,0,0,0,0,0,0,0,0.625,1.511,0.778
6,Run50_KirilmaV1,Patlama yolu,bahcivan,standart,105,kırılma,13,,,27,26,1,0,0,0,20,5,2,0,0,59,172,150,0,0,85,8,0,97,34,4,720,13,3,16.36,1,1,2.5,0.9,4,0.3,2,17,3.88,1.89,1.6,3.5,,,9,0,0,,,5.92,8,31.25,,,13,19,0.765,0.526,7,122,4,28,2,nadir_tohumx1 kivilcimx1,7,0,45,12,36,28,5,0,2,3,3,,0,0,0,0,0,0,0,0,0,0,0.895,1.311,0.6
6,Run50_KirilmaV1,Patlama yolu,bahcivan,standart,105,kırılma,14,,,36,32,4,0,0,0,26,8,2,0,0,76,248,150,0,0,118,8,0,122,42,4,1018,14,3,18.13,1,1,2.5,0.9,4,0.3,2,17,3.94,1.57,1.43,3.5,,,43,14,0,,,3.04,3.21,28.75,,,13,19,0.719,0.526,6.829,125,5,33,0,nadir_tohumx1 kivilcimx1,9,0,45,13,39,31,5,0,2,3,3,,0,0,0,0,0,0,0,0,0,0,0.842,1.689,0.8
6,Run50_KirilmaV1,Patlama yolu,bahcivan,standart,105,kırılma,15,,,34,25,8,0,0,1,27,5,2,0,0,68,316,150,68,30,111,8,0,111,50,4,1045,15,3,18.13,1,1,2.41,0.9,4,0.3,2,18,3.94,1.63,1.5,2.5,,,25,0,0,0,,2.03,7.84,7.23,,,15,22,0.757,0.545,6.723,147,4,37,2,nadir_tohumx1 kivilcimx1,10,0,45,14,42,34,5,0,2,3,3,,0,0,0,0,0,0,0,0,0,0,0.818,1.511,0.756
6,Run50_KirilmaV1,Patlama yolu,bahcivan,standart,105,kırılma,16,,,39,29,10,0,0,0,28,7,3,1,0,117,117,220,0,0,126,12,2,137,37,6,1272,17,6,18.13,1,1,2.41,0.9,4,0.3,2,18,3.78,1.48,2,1,,,19,14,0,0,,4.72,3.37,0,,,16,23,0.758,0.391,6.744,153,2,39,1,nadir_tohumx1 kivilcimx1 artci_patlamax1,13,0,45,16,48,37,5,0,2,3,3,artci_patlama@R15,7,7,0,24,8,0,0,0,0,0,0.652,2.6,0.867
6,Run50_KirilmaV1,Patlama yolu,bahcivan,standart,105,kırılma,17,,,44,28,15,0,0,1,28,12,3,1,0,132,249,220,0,0,156,12,2,175,49,8,1482,18,3,19.2,1,1,2.324,0.9,4,0.3,2,19,3.95,1.75,1.86,1,,,8,17,0,,,4.06,3.99,0,,,17,24,0.748,0.583,6.382,169,4,43,1,nadir_tohumx1 kivilcimx1 artci_patlamax1,10,0,45,17,51,43,5,0,2,3,3,artci_patlama@R15,7,7,0,21,10,0,0,0,0,0,0.667,2.933,0.978
6,Run50_KirilmaV1,Patlama yolu,bahcivan,standart,105,kırılma,18,,,44,33,11,0,0,0,31,10,3,0,0,103,352,220,0,0,153,12,0,171,61,8,1406,19,3,20.27,1,1,2.24,0.935,4,0.3,2,20,3.75,1.5,2.29,2,,,26,0,0,,,3.83,10.24,7.85,,,18,25,0.749,0.56,6.365,177,5,48,1,nadir_tohumx1 kivilcimx1 artci_patlamax1,11,0,45,18,54,46,5,0,2,3,3,artci_patlama@R15,7,7,0,28,10,0,0,0,0,0,0.72,2.289,0.978
6,Run50_KirilmaV1,Patlama yolu,bahcivan,standart,105,kırılma,19,,,34,28,6,0,0,0,17,12,4,1,0,192,544,220,0,0,123,20,2,137,56,10,1346,20,3,20.27,1,1,2.16,0.97,4,0.3,2,20,3.9,2,1.7,2.5,5,,0,29,0,0,,10.66,6.91,3.23,34.57,,20,30,0.838,0.6,5.942,227,6,54,2,nadir_tohumx1 kivilcimx1 artci_patlamax1,11,0,45,19,57,49,5,0,2,3,3,artci_patlama@R15,3,3,0,16,5,0,0,0,0,0,0.867,4.267,0.756
6,Run50_KirilmaV1,Patlama yolu,bahcivan,standart,105,kırılma,20,,,30,26,4,0,0,0,19,9,2,0,0,92,636,220,92,45,111,10,0,148,41,10,1247,21,3,20.27,1,1,2.16,0.97,4,0.3,2,20,4,1.69,2.63,3.5,,,20,0,0,,,3.65,9.99,23.77,,,22,35,0.827,0.629,5.769,273,4,58,2,nadir_tohumx1 kivilcimx1 artci_patlamax1,10,0,45,20,60,49,8,0,2,3,3,artci_patlama@R15,3,3,0,12,3,0,0,0,0,0,0.857,2.044,0.667
6,Run50_KirilmaV1,Patlama yolu,bahcivan,standart,105,kırılma,21,,,44,29,15,0,0,0,28,9,7,0,0,171,171,300,0,0,138,35,0,146,76,10,1955,22,3,23.08,1,1,2.16,0.97,4,0.3,2,20,4,1.44,2.5,2.14,,,24,0,0,,,1.92,10.27,13.89,,,23,36,0.853,0.639,5.797,279,1,59,1,nadir_tohumx2 kivilcimx1 artci_patlamax1,13,0,45,21,63,49,11,0,2,3,3,artci_patlama@R15,5,5,0,18,8,0,0,0,0,0,0.722,3.8,0.978
6,Run50_KirilmaV1,Patlama yolu,bahcivan,standart,105,kırılma,22,,,56,43,13,0,0,0,38,13,4,1,0,232,403,300,0,0,192,20,2,218,36,12,2320,23,3,24.3,1,1,2.16,1.005,6,0.3,2,20,6,1.66,2.1,2.5,,,21,0,17,0,,4.77,5.61,8.63,,,23,38,0.795,0.579,5.797,295,4,63,2,nadir_tohumx2 kivilcimx1 artci_patlamax1,16,0,45,22,66,49,14,0,2,3,3,artci_patlama@R15,5,5,0,22,8,0,0,0,0,0,0.868,5.156,1.244
6,Run50_KirilmaV1,Patlama yolu,bahcivan,standart,105,kırılma,23,,,69,34,35,0,0,0,38,17,14,0,0,288,691,300,0,0,216,84,0,259,120,12,3157,25,6,24.3,1,1,2.16,1.075,6,0.3,2,20,5.95,1.5,1.78,2,,,19,15,22,0,,2.38,5.28,4.33,,,24,40,0.786,0.6,5.751,313,3,66,1,nadir_tohumx2 kivilcimx1 artci_patlamax1,16,0,45,24,72,49,17,0,2,3,3,artci_patlama@R15,12,12,0,47,20,0,0,0,0,0,0.775,6.4,1.533
6,Run50_KirilmaV1,Patlama yolu,bahcivan,standart,105,kırılma,24,,,68,37,31,0,0,0,39,18,8,2,1,579,1270,300,0,0,225,48,14,304,73,26,3089,26,3,24.3,1,1,2.16,1.075,6,0.3,2,20,6,1.58,2.08,2.5,3,5,13,8,0,0,0,2.84,4.86,8.64,21.6,36.73,23,44,0.798,0.591,5.67,349,2,68,3,nadir_tohumx2 kivilcimx1 artci_patlamax1,17,0,45,25,75,49,23,0,2,3,3,artci_patlama@R15,11,11,0,49,24,0,0,0,0,0,0.705,12.867,1.511
6,Run50_KirilmaV1,Patlama yolu,bahcivan,standart,105,kırılma,25,,,87,27,60,0,0,0,48,21,12,6,0,533,1803,300,533,65,270,72,12,339,120,38,4079,28,6,25.51,1,1,2.16,1.075,6,0.3,2,20,6,1.33,2,2.2,1.33,,29,13,0,0,,4.03,5.41,9.5,4.32,,24,47,0.768,0.468,5.634,375,2,70,3,nadir_tohumx2 kivilcimx1 artci_patlamax1,25,0,45,27,81,49,26,0,2,3,3,artci_patlama@R15,18,18,0,67,29,0,0,0,0,0,0.638,11.844,1.933
6,Run50_KirilmaV1,Patlama yolu,bahcivan,standart,105,kırılma,26,,,70,43,26,0,0,1,33,19,15,3,0,466,466,500,0,0,213,90,6,252,160,44,3603,29,3,28.62,1,1,2.16,1.075,6,0.3,2,20,6,1.67,2.08,2.13,2.5,,25,18,0,0,,4.94,7.92,4.86,20.52,,22,49,0.812,0.51,5.498,401,2,72,4,nadir_tohumx3 kivilcimx1 artci_patlamax1,22,0,45,28,84,49,32,0,2,3,3,artci_patlama@R15,10,10,0,29,13,0,0,0,0,0,0.694,10.356,1.556
6,Run50_KirilmaV1,Patlama yolu,bahcivan,standart,105,kırılma,27,,,74,40,34,0,0,0,34,22,15,2,1,564,1030,500,0,0,234,112,4,276,284,28,3757,31,6,29.99,1,1,2.092,1.075,6,0.3,2,21,6,1.61,2.45,2.38,3,4,20,13,18,0,0,4.41,6.28,9.68,8.37,16.73,20,49,0.822,0.51,5.432,406,2,74,1,nadir_tohumx3 kivilcimx1 artci_patlamax1,27,0,45,30,90,49,35,0,2,3,3,artci_patlama@R15,11,11,0,35,16,0,0,0,0,0,0.633,12.533,1.644
6,Run50_KirilmaV1,Patlama yolu,bahcivan,standart,105,kırılma,28,,,82,39,43,0,0,0,38,26,13,5,0,554,1584,500,0,0,270,78,15,351,107,43,4116,32,3,33.24,1,1,2.092,1.075,6,0.3,2,21,6,1.67,2.29,1.5,2.5,,23,10,18,0,,5,6.65,9.4,9.4,,20,49,0.803,0.551,5.292,417,3,77,0,nadir_tohumx3 kivilcimx1 artci_patlamax1,24,0,45,31,93,49,41,0,2,3,3,artci_patlama@R15,12,12,0,43,24,0,0,0,0,0,0.898,12.311,1.822
6,Run50_KirilmaV1,Patlama yolu,bahcivan,standart,105,kırılma,29,,,101,43,55,0,0,3,42,33,18,7,1,911,2495,500,0,0,369,108,21,420,227,44,5203,33,3,33.24,1,1,2.026,1.11,6,0.3,2,22,6,1.32,1.58,2.33,,,42,5,0,,0,2.22,3.54,8.78,,,19,49,0.777,0.531,5.242,421,3,80,1,nadir_tohumx3 kivilcimx1 artci_patlamax1,23,0,45,32,96,49,44,0,2,3,3,artci_patlama@R15,18,18,0,72,27,0,0,0,0,0,0.837,20.244,2.244
6,Run50_KirilmaV1,Patlama yolu,bahcivan,standart,105,kırılma,30,,,102,39,54,0,0,9,40,30,19,9,4,1539,4034,500,1539,100,300,183,38,420,192,62,5670,35,6,34.76,1,1,2.026,1.11,6,0.3,2,22,5.91,1.45,1.77,1.88,1.8,1.5,32,25,0,0,0,3.32,6.71,9.37,4.45,6.08,17,49,0.645,0.327,5.134,429,3,83,1,nadir_tohumx3 kivilcimx1 artci_patlamax1,24,0,45,34,102,49,47,0,2,3,3,artci_patlama@R15,22,22,0,48,30,0,0,0,0,0,0.571,34.2,2.267
6,Run50_KirilmaV1,Patlama yolu,bahcivan,standart,105,kırılma,31,,,130,47,68,0,0,15,50,38,20,16,6,2459,2459,1200,0,0,522,166,60,572,317,82,7475,37,6,38.16,1,1,2.026,1.11,6,0.42,2,22,6,1.42,1.42,1.4,2.2,2,33,21,25,0,0,4.05,4.89,2.02,10.14,2,13,49,0.738,0.408,4.699,469,3,86,2,nadir_tohumx3 kivilcimx1 artci_patlamax1 kritik_gozx1,34,0,45,36,108,49,53,0,2,3,3,artci_patlama@R15,29,29,0,93,36,0,0,0,0,0,0.694,54.644,2.889
6,Run50_KirilmaV1,Patlama yolu,bahcivan,standart,105,kırılma,32,,,146,48,87,0,0,11,47,36,31,24,8,3347,5806,1200,0,0,405,342,96,462,411,158,9244,39,6,39.82,1,1,1.962,1.18,6,0.42,2,22,6,1.27,1.5,1.45,1.67,1,68,29,17,0,25,1.83,2.78,2.5,3.92,0,12,49,0.726,0.449,4.47,493,6,92,1,nadir_tohumx3 kivilcimx1 artci_patlamax1 kritik_gozx1,30,0,45,38,114,49,59,0,2,3,3,artci_patlama@R15,32,32,0,119,51,0,0,0,0,0,0.755,74.378,3.244
6,Run50_KirilmaV1,Patlama yolu,bahcivan,standart,105,kırılma,33,,,123,44,74,0,0,5,37,47,20,13,6,2659,8465,1200,0,0,393,221,78,545,252,86,7469,40,3,39.82,1,1,1.962,1.18,6,0.42,2,22,6,1.27,1.27,1.6,2,2.8,35,27,7,0,0,0.89,1.18,4.32,5.64,12.96,13,50,0.782,0.52,4.457,505,5,97,1,nadir_tohumx3 kivilcimx1 artci_patlamax1 kritik_gozx1,30,0,45,39,117,49,65,0,2,3,3,artci_patlama@R15,27,27,0,84,32,0,0,0,0,0,0.68,59.089,2.733
6,Run50_KirilmaV1,Patlama yolu,bahcivan,standart,105,kırılma,34,,,138,40,92,0,0,6,46,36,26,23,7,3261,11726,1200,0,0,498,236,122,673,309,148,8613,41,3,43.38,1,1,1.962,1.18,6,0.42,2,22,6,1.23,1.7,1.75,1.86,2,50,26,7,0,0,1.36,5.1,5.4,3.65,3.93,14,63,0.797,0.429,4.573,620,3,100,7,nadir_tohumx3 kivilcimx1 artci_patlamax1 kritik_gozx1,31,0,45,40,120,52,65,0,2,3,3,artci_patlama@R15,24,24,0,135,58,0,0,0,0,0,0.73,72.467,3.067
6,Run50_KirilmaV1,Patlama yolu,bahcivan,standart,105,kırılma,35,,,97,29,61,0,0,7,32,29,29,3,4,1533,13259,1200,1533,220,403,264,34,546,343,37,5724,42,3,43.38,1,1,1.962,1.215,6,0.42,2,22,4,1.55,2,1.44,,1.67,25,13,0,0,0,2.32,10.46,3.49,,5.89,18,70,0.871,0.643,4.91,642,7,107,4,nadir_tohumx3 kivilcimx1 artci_patlamax1 kritik_gozx1,30,0,45,41,123,55,65,0,2,3,3,artci_patlama@R15,16,16,0,87,33,0,0,0,0,0,0.686,34.067,2.156
6,Run50_KirilmaV1,Patlama yolu,bahcivan,standart,105,kırılma,36,,,93,47,43,0,0,3,31,22,24,12,4,1673,1673,2800,0,0,403,192,79,529,535,116,5724,43,3,43.38,1.25,1,1.901,1.215,6,0.42,2,23,6,1.37,1.9,2.45,1,3,39,0,0,0,0,3.2,5.89,9.67,0,8.55,21,75,0.867,0.64,5.009,674,1,108,3,nadir_tohumx3 kivilcimx1 artci_patlamax1 kritik_gozx1 keskin_bicakx1,20,0,45,42,126,58,65,0,2,3,3,artci_patlama@R15,15,15,0,116,28,0,0,0,0,0,0.893,37.178,2.067
6,Run50_KirilmaV1,Patlama yolu,bahcivan,standart,105,kırılma,37,,,119,51,67,0,0,1,35,31,23,22,8,3075,4748,2800,0,0,426,306,170,665,841,191,7624,44,3,43.38,1.25,1,1.901,1.265,6,0.42,2,23,6,1.37,1.67,1.67,2.86,1,44,33,0,0,0,2.1,3.67,6.12,12.21,0,25,81,0.842,0.531,5.078,718,2,110,4,nadir_tohumx3 kivilcimx1 artci_patlamax1 kritik_gozx1 keskin_bicakx1,40,0,45,43,129,61,65,0,2,3,3,artci_patlama@R15,19,19,0,121,38,0,0,0,0,0,0.815,68.333,2.644
6,Run50_KirilmaV1,Patlama yolu,bahcivan,standart,105,kırılma,38,,,125,45,79,0,0,1,38,38,27,17,5,2391,7139,2800,0,0,528,348,85,603,629,166,7650,45,3,49.54,1.25,1,1.901,1.265,6,0.42,2,23,6,1.41,1.8,2,1.8,3.5,38,19,0,0,0,2.35,6.08,5.18,5.32,11.4,25,81,0.848,0.728,5.078,718,4,114,0,nadir_tohumx3 kivilcimx1 artci_patlamax1 kritik_gozx1 keskin_bicakx1,24,0,45,44,132,64,65,0,2,3,3,artci_patlama@R15,21,21,0,139,51,0,0,0,0,0,0.815,53.133,2.778
6,Run50_KirilmaV1,Patlama yolu,bahcivan,standart,105,kırılma,39,,,113,49,63,0,0,1,45,18,31,15,4,2176,9315,2800,0,0,416,341,117,504,650,158,6763,46,3,49.54,1.25,1,1.901,1.265,6,0.42,2,23,6,1.36,2.33,1.62,2.17,3,47,9,14,0,0,2.76,7.6,4.38,6.02,9.5,25,81,0.868,0.728,4.91,742,5,119,0,nadir_tohumx3 kivilcimx1 artci_patlamax1 kritik_gozx1 keskin_bicakx1,29,0,45,45,135,67,65,0,2,3,3,artci_patlama@R15,19,19,0,138,39,0,0,0,0,0,0.741,48.356,2.511
6,Run50_KirilmaV1,Patlama yolu,bahcivan,standart,105,kırılma,40,,,92,44,45,0,0,3,37,15,15,19,6,2268,11583,2800,2268,500,473,249,114,617,899,132,5806,47,3,49.54,1.25,1,1.841,1.265,6,0.42,2,24,6,1.53,1.33,2.25,3.43,2.25,31,0,0,0,0,2.91,1.84,7.59,14.73,7.37,25,81,0.88,0.716,4.842,753,2,121,0,nadir_tohumx3 kivilcimx1 artci_patlamax1 kritik_gozx1 keskin_bicakx1,24,0,45,46,138,70,65,0,2,3,3,artci_patlama@R15,14,14,0,96,28,0,0,0,0,0,0.778,50.4,2.044
6,Run50_KirilmaV1,Patlama yolu,bahcivan,standart,105,kırılma,41,,,149,63,82,0,0,4,50,36,41,17,5,2832,2832,4500,0,0,507,599,124,574,778,256,9000,48,3,56.1,1.25,1,1.565,1.315,6,0.42,2,28,6,1.1,1.79,1.85,3,2.33,73,11,4,0,0,0.67,4.25,3.13,8.15,6.79,25,81,0.826,0.605,4.842,753,3,124,0,nadir_tohumx3 kivilcimx1 artci_patlamax1 kritik_gozx1 keskin_bicakx1 hizli_bilekx1,39,0,45,47,141,73,65,0,2,3,3,artci_patlama@R15,23,23,0,140,38,0,0,0,0,0,0.802,62.933,3.311
6,Run50_KirilmaV1,Patlama yolu,bahcivan,standart,105,kırılma,42,,,167,68,87,0,0,12,63,37,35,23,9,3455,6287,4500,0,0,788,518,242,1012,936,343,10115,49,3,56.1,1.25,1,1.565,1.315,6,0.42,2,28,6,1.38,1.54,1.67,1.89,2,52,16,6,11,0,1.74,2.65,3.21,3.3,9.38,25,81,0.804,0.481,4.842,753,3,127,0,nadir_tohumx3 kivilcimx1 artci_patlamax1 kritik_gozx1 keskin_bicakx1 hizli_bilekx1,54,0,45,48,144,76,65,0,2,3,3,artci_patlama@R15,28,28,0,148,50,0,0,0,0,0,0.716,76.778,3.711
6,Run50_KirilmaV1,Patlama yolu,bahcivan,standart,105,kırılma,43,,,139,60,70,0,0,9,43,24,33,26,13,4495,10782,4500,0,0,728,531,252,1080,667,425,9235,50,3,56.1,1.25,1,1.516,1.365,6,0.42,2,29,6,1.75,1.44,1.8,1.63,2,22,25,7,0,0,2.84,5.23,5.05,2.46,4.17,25,81,0.825,0.494,4.811,758,4,131,0,nadir_tohumx3 kivilcimx1 artci_patlamax1 kritik_gozx1 keskin_bicakx1 hizli_bilekx1,44,0,45,49,147,79,65,0,2,3,3,artci_patlama@R15,22,22,0,153,39,0,0,0,0,0,0.901,99.889,3.089
6,Run50_KirilmaV1,Patlama yolu,bahcivan,standart,105,kırılma,44,,,134,54,75,0,0,5,51,30,31,18,4,2547,13329,4500,0,0,564,372,156,794,659,581,8181,51,3,56.1,1.25,1,1.516,1.365,6,0.42,2,29,6,1.69,1.85,2.14,2.33,3,40,6,6,0,0,3.51,5.59,5.85,5.56,9.1,25,81,0.856,0.667,4.693,777,3,134,0,nadir_tohumx3 kivilcimx1 artci_patlamax1 kritik_gozx1 keskin_bicakx1 hizli_bilekx1,34,0,45,50,150,81,66,0,2,3,3,artci_patlama@R15,24,24,0,124,37,0,0,0,0,0,0.691,56.6,2.978
6,Run50_KirilmaV1,Patlama yolu,bahcivan,standart,105,kırılma,45,,,195,63,128,0,0,4,66,49,44,29,7,4361,17690,4500,4361,800,828,642,252,842,1301,833,12008,52,3,60.05,1.25,1,1.516,1.365,6,0.42,2,29,6,1.38,1.33,1.58,2,1.5,42,26,21,14,20,2.75,1.77,3.16,5.01,1.89,25,81,0.64,0.432,4.657,783,2,136,0,nadir_tohumx3 kivilcimx1 artci_patlamax1 kritik_gozx1 keskin_bicakx1 hizli_bilekx1,42,0,45,51,153,81,69,0,2,3,3,artci_patlama@R15,34,34,0,188,66,0,0,0,0,0,0.617,96.911,4.333
6,Run50_KirilmaV1,Patlama yolu,bahcivan,standart,105,kırılma,46,,,192,80,107,0,0,5,60,60,33,29,10,4990,4990,6000,0,0,934,531,270,1191,942,518,12212,53,3,63.05,1.25,1,1.288,1.365,6,0.47,2.333,34,6,1.18,1.58,1.81,1.58,1.25,65,16,7,0,0,1.11,2.83,3.06,1.61,2.9,25,81,0.776,0.531,4.65,784,7,143,0,nadir_tohumx3 kivilcimx1 artci_patlamax1 kritik_gozx1 keskin_bicakx1 hizli_bilekx2,44,0,45,52,156,81,72,0,2,3,3,artci_patlama@R15,33,33,0,175,58,0,0,0,0,0,0.716,110.889,4.267
6,Run50_KirilmaV1,Patlama yolu,bahcivan,standart,105,kırılma,47,,,190,72,111,0,0,7,55,47,48,29,11,5476,10466,6000,0,0,674,690,366,1575,762,594,12803,54,3,63.05,1.25,1,1.288,1.365,6,0.487,2.444,34,6,1.37,1.65,1.53,2.29,3,43,24,22,0,0,2.24,2.77,3.49,5.44,4.52,25,81,0.79,0.444,4.52,806,4,147,0,nadir_tohumx3 kivilcimx1 artci_patlamax1 kritik_gozx1 keskin_bicakx1 hizli_bilekx2,49,0,45,53,159,81,75,0,2,3,3,artci_patlama@R15,35,35,0,208,66,0,0,0,0,0,0.827,121.689,4.222
6,Run50_KirilmaV1,Patlama yolu,bahcivan,standart,105,kırılma,48,,,222,96,118,0,0,8,74,68,39,29,12,5059,15525,6000,0,0,1158,627,276,1533,1389,870,13920,56,6,69.27,1.25,1,1.288,1.365,6,0.487,2.444,34,6,1.33,1.16,1.72,1.73,2.33,57,43,14,10,0,0.94,0.96,3.65,4.1,10.3,25,81,0.768,0.531,4.52,806,1,148,0,nadir_tohumx3 kivilcimx1 artci_patlamax1 kritik_gozx1 keskin_bicakx1 hizli_bilekx2,48,0,45,55,165,81,78,0,2,3,3,artci_patlama@R15,40,40,0,208,56,0,0,0,0,0,0.741,112.422,4.933
6,Run50_KirilmaV1,Patlama yolu,bahcivan,standart,105,kırılma,49,,,369,124,222,0,0,23,140,85,76,50,18,8915,24440,6000,0,0,1584,1266,510,1647,1555,1050,23381,57,3,72.57,1.25,1,1.248,1.415,9,0.487,2.556,36,8.89,1.06,1.1,1.44,1.8,1.86,73,47,26,10,14,0.39,0.48,3.53,4.06,6.95,25,81,0.632,0.358,4.5,810,5,153,0,nadir_tohumx3 kivilcimx1 artci_patlamax1 kritik_gozx1 keskin_bicakx1 hizli_bilekx2,62,0,45,56,168,81,84,0,2,3,3,artci_patlama@R15,77,76,1,287,100,0,0,0,0,0,0.568,198.111,8.2
6,Run50_KirilmaV1,Patlama yolu,bahcivan,standart,105,kırılma,50,,,355,131,215,0,0,9,120,103,80,40,12,7515,31955,6000,0,0,1795,1224,384,1992,1769,1434,22967,59,6,76.92,1.25,1,1.248,1.415,9,0.487,2.556,36,8.94,1.2,1.15,1.44,1.62,2,74,54,28,28,0,1.56,0.73,2.13,2.12,4.79,25,81,0.659,0.444,4.389,830,5,158,0,nadir_tohumx3 kivilcimx1 artci_patlamax1 kritik_gozx1 keskin_bicakx1 hizli_bilekx2,60,0,45,58,174,81,87,0,2,3,3,artci_patlama@R15,82,80,2,280,93,0,0,0,0,0,0.617,167,7.889
6,Run50_KirilmaV1,Patlama yolu,bahcivan,standart,105,kırılma,50,KAZANDI
7,Run50_KirilmaV1,Patlama yolu,bahcivan,standart,106,kırılma,1,,,14,14,0,0,0,0,12,2,0,0,0,18,18,45,0,0,32,0,0,32,0,0,300,1,0,10,1,1,3,0.9,4,0.3,2,14,1.93,1.67,3,,,,38,0,,,,2,6,,,,2,4,0.315,0,8,23,0,0,2,,3,0.19,45,0,0,0,0,0,0,0,0,,0,0,0,0,0,0,0,0,0,0,0.5,0.4,0.311
7,Run50_KirilmaV1,Patlama yolu,bahcivan,standart,106,kırılma,2,,,14,14,0,0,0,0,12,0,1,1,0,52,70,45,0,0,24,4,2,24,4,2,330,2,3,11.33,1,1,3,0.9,4,0.3,2,14,2.21,1.83,,3,5,,8,,0,0,,3.5,,6,24,,3,5,0.473,0.2,8,28,2,2,1,,3,0,45,1,3,0,0,0,0,0,0,,0,0,0,0,0,0,0,0,0,0,0.6,1.156,0.311
7,Run50_KirilmaV1,Patlama yolu,bahcivan,standart,106,kırılma,3,,,17,16,1,0,0,0,14,2,1,0,0,30,100,45,0,0,36,4,0,40,8,2,380,3,3,11.33,1,1,3,0.9,4,0.3,2,14,2.79,2,3,2,,,19,0,0,,,4.15,9,6,,,4,6,0.511,0,8,34,0,2,1,,5,0.044,45,2,6,3,0,0,2,2,3,,0,0,0,0,0,0,0,0,0,0,0.667,0.667,0.378
7,Run50_KirilmaV1,Patlama yolu,bahcivan,standart,106,kırılma,4,,,19,18,1,0,0,0,12,7,0,0,0,33,133,45,0,0,52,0,0,52,8,2,450,4,3,11.33,1,1,3,0.9,4,0.3,2,14,3.29,1.83,2.5,,,,0,0,,0,,4.75,8.5,,,,5,8,0.532,0.125,8,45,0,2,1,,5,0.089,45,3,9,6,0,0,2,2,3,,0,0,0,0,0,0,0,0,0,0,0.75,0.733,0.422
7,Run50_KirilmaV1,Patlama yolu,bahcivan,standart,106,kırılma,5,,,17,15,2,0,0,0,12,4,0,1,0,54,187,45,54,8,40,0,2,44,8,4,419,5,3,12,1,1,2.892,0.9,4,0.3,2,15,2.47,1.64,2.67,,2,,22,0,,,,2.89,4.81,,11.57,,6,9,0.429,0.111,7.53,54,4,6,1,,4,0.016,45,4,12,9,0,0,2,2,3,,0,0,0,0,0,0,0,0,0,0,0.444,1.2,0.378
7,Run50_KirilmaV1,Patlama yolu,bahcivan,standart,106,kırılma,6,,,23,17,6,0,0,0,17,4,2,0,0,49,49,110,0,0,50,8,0,55,16,4,557,6,3,12,1,1,2.892,0.9,4,0.3,2,15,3.27,1.85,2,2.5,,,6,0,0,,,3.78,4.33,14.45,,,6,9,0.667,0.222,6.284,64,2,8,0,bereketli_toprakx1,6,0,45,5,15,9,3,0,2,2,3,,0,0,0,0,0,0,0,0,0,0,0.889,1.089,0.511
7,Run50_KirilmaV1,Patlama yolu,bahcivan,standart,106,kırılma,7,,,26,13,13,0,0,0,17,7,2,0,0,58,107,110,0,0,62,8,0,70,24,4,643,7,3,12.67,1,1,2.789,0.9,4,0.3,2,16,3.19,1.89,1.67,3,,,6,0,0,,,2.79,7.44,8.37,,,7,10,0.678,0.2,6.179,73,3,11,1,bereketli_toprakx1,7,0,45,6,18,12,3,0,2,2,3,,0,0,0,0,0,0,0,0,0,0,0.7,1.289,0.578
7,Run50_KirilmaV1,Patlama yolu,bahcivan,standart,106,kırılma,8,,,31,22,9,0,0,0,25,3,3,0,0,64,171,110,0,0,65,12,0,87,36,4,768,9,6,13.33,1,1,2.789,0.9,4,0.3,2,16,3.38,1.67,2,1,,,17,0,0,,,2.64,3.72,0,,,8,11,0.628,0.273,6.215,80,3,14,1,bereketli_toprakx1,6,0,45,8,24,15,3,0,2,2,3,,0,0,0,0,0,0,0,0,0,0,0.545,1.422,0.689
7,Run50_KirilmaV1,Patlama yolu,bahcivan,standart,106,kırılma,9,,,30,23,7,0,0,0,26,4,0,0,0,38,209,110,0,0,72,0,0,76,36,4,712,10,3,14,1,1,2.789,0.9,4,0.3,2,16,3.5,1.68,1.75,,,,11,0,,,,3.67,6.27,,,,9,13,0.653,0.385,6.244,94,2,16,1,bereketli_toprakx1,8,0,45,9,27,21,3,0,2,2,3,,0,0,0,0,0,0,0,0,0,0,0.846,0.844,0.667
7,Run50_KirilmaV1,Patlama yolu,bahcivan,standart,106,kırılma,10,,,32,23,8,0,0,1,26,5,1,0,0,51,260,110,51,16,77,4,0,85,40,4,778,11,3,14.67,1,1,2.689,0.9,4,0.3,2,16,3.63,1.63,2,4,,,20,17,,,,3.54,7.16,18.83,,,10,14,0.712,0.357,6.113,103,4,20,1,bereketli_toprakx1,9,0,45,10,30,24,3,0,2,2,3,,0,0,0,0,0,0,0,0,0,0,0.714,1.133,0.711
7,Run50_KirilmaV1,Patlama yolu,bahcivan,standart,106,kırılma,11,,,38,24,14,0,0,0,31,5,2,0,0,70,70,150,0,0,87,8,0,95,48,4,956,12,3,15.64,1,1,2.592,0.9,4,0.3,2,17,3.76,1.73,1.5,,,,21,0,0,,,4.24,15.55,,,,11,16,0.695,0.438,6.131,117,2,22,1,bereketli_toprakx1 kivilcimx1,9,0,45,11,33,25,5,0,2,2,3,,0,0,0,0,0,0,0,0,0,0,0.5,1.556,0.844
7,Run50_KirilmaV1,Patlama yolu,bahcivan,standart,106,kırılma,12,,,42,27,13,0,0,2,34,7,1,0,0,67,137,150,0,0,137,4,0,140,22,4,1119,14,6,16.36,1,1,2.592,0.9,4,0.3,2,17,3.88,1.59,2,3,,,28,0,0,,,4.36,3.24,5.2,,,12,18,0.696,0.444,5.996,135,5,27,1,bereketli_toprakx1 kivilcimx1,8,0,45,13,39,25,8,0,2,2,3,,0,0,0,0,0,0,0,0,0,0,0.5,1.489,0.933
7,Run50_KirilmaV1,Patlama yolu,bahcivan,standart,106,kırılma,13,,,32,25,5,0,0,2,21,7,4,0,0,126,263,150,0,0,98,16,0,101,38,4,925,15,3,17.38,1,1,2.5,0.9,4,0.3,2,17,3.94,1.65,2,3.33,,,28,0,0,,0,5.59,8,13.33,,,13,21,0.774,0.429,5.872,161,3,30,1,bereketli_toprakx1 kivilcimx1,10,0,45,14,42,31,8,0,2,2,3,,0,0,0,0,0,0,0,0,0,0,0.905,2.8,0.711
7,Run50_KirilmaV1,Patlama yolu,bahcivan,standart,106,kırılma,14,,,34,22,12,0,0,0,21,10,2,0,1,417,680,150,0,0,153,8,0,154,21,4,1007,16,3,17.38,1,1,2.5,0.9,4,0.3,2,17,3.94,1.64,1.67,3,,3,11,0,0,,0,6.43,3.33,5,,40,14,22,0.799,0.5,5.892,168,2,32,1,bereketli_toprakx1 kivilcimx1,11,0,45,15,45,34,8,0,2,2,3,,0,0,0,0,0,0,0,0,0,0,0.909,9.267,0.756
7,Run50_KirilmaV1,Patlama yolu,bahcivan,standart,106,kırılma,15,,,32,25,7,0,0,0,24,5,2,0,1,411,1091,150,411,30,102,8,8,108,29,12,986,17,3,19.2,1,1,2.41,0.9,4,0.3,2,18,3.89,1.65,2.6,2.5,,1,24,0,0,,,4.25,9.64,10.85,,0,15,23,0.756,0.609,5.765,180,7,39,1,bereketli_toprakx1 kivilcimx1,9,0,45,16,48,37,8,0,2,2,3,,0,0,0,0,0,0,0,0,0,0,0.783,9.133,0.711
7,Run50_KirilmaV1,Patlama yolu,bahcivan,standart,106,kırılma,16,,,43,28,15,0,0,0,27,12,4,0,0,131,131,220,0,0,153,16,0,161,45,12,1370,18,3,19.2,1,1.3,2.324,0.9,4,0.3,2,19,4,1.56,1.89,2.33,,,33,8,0,,,4.79,8.52,6.19,,,16,24,0.77,0.542,5.639,192,4,43,1,bereketli_toprakx1 kivilcimx1 yikim_gucux1,12,0,45,17,51,40,8,0,2,2,3,,0,0,0,0,0,0,0,0,0,0,0.833,2.911,0.956
7,Run50_KirilmaV1,Patlama yolu,bahcivan,standart,106,kırılma,17,,,42,27,15,0,0,0,27,10,4,1,0,225,356,220,0,0,141,16,2,153,61,14,1462,19,3,20.27,1,1.3,2.24,0.935,4,0.3,2,20,3.95,1.19,2,2.25,5,,45,0,0,0,,0.84,7.83,10.08,38.07,,17,25,0.794,0.64,5.652,199,5,48,1,bereketli_toprakx1 kivilcimx1 yikim_gucux1,9,0,45,18,54,43,8,0,2,2,3,,0,0,0,0,0,0,0,0,0,0,0.92,5,0.933
7,Run50_KirilmaV1,Patlama yolu,bahcivan,standart,106,kırılma,18,,,39,27,10,0,0,2,23,11,4,1,0,164,520,220,0,0,135,20,2,150,56,16,1465,20,3,20.27,1,1.3,2.16,0.97,4,0.3,2,20,4,1.88,2.17,1.75,3,,9,11,0,,,8.51,7.2,4.86,8.67,,19,30,0.834,0.6,5.466,247,5,53,2,bereketli_toprakx1 kivilcimx1 yikim_gucux1,12,0,45,19,57,46,8,0,2,2,3,,0,0,0,0,0,0,0,0,0,0,0.967,3.644,0.867
7,Run50_KirilmaV1,Patlama yolu,bahcivan,standart,106,kırılma,19,,,56,29,24,0,0,3,40,13,3,0,0,128,648,220,0,0,198,15,0,208,46,16,1982,22,6,23.08,1,1.3,2.16,0.97,4,0.3,2,20,4,1.38,1.5,2,,,28,13,0,,,3.5,1.81,18.37,,,21,35,0.824,0.686,5.49,287,1,54,2,bereketli_toprakx1 kivilcimx1 yikim_gucux1,12,0,45,21,63,49,8,0,2,2,3,,0,0,0,0,0,0,0,0,0,0,0.714,2.844,1.244
7,Run50_KirilmaV1,Patlama yolu,bahcivan,standart,106,kırılma,20,,,70,39,31,0,0,0,46,15,8,1,0,261,909,220,261,45,228,40,2,229,51,18,2737,23,3,24.3,1,1.3,2.16,1.005,6,0.3,2,20,5.9,1.43,1.83,3,,,36,0,0,0,0,2.07,6.48,13.51,,,22,37,0.77,0.649,5.366,310,6,60,1,bereketli_toprakx1 kivilcimx1 yikim_gucux1,14,0,45,22,66,49,14,0,2,2,3,,0,0,0,0,0,0,0,0,0,0,0.73,5.8,1.556
7,Run50_KirilmaV1,Patlama yolu,bahcivan,standart,106,kırılma,21,,,94,53,36,0,0,5,60,26,5,2,1,462,462,300,0,0,336,25,13,344,51,31,3694,25,6,24.3,1.25,1.3,2.16,1.005,6,0.3,2,20,5.9,1.29,1.69,2,3,,55,21,0,0,,1.37,3.82,2.17,10.8,,22,39,0.723,0.513,5.234,335,2,62,2,bereketli_toprakx1 kivilcimx1 yikim_gucux1 keskin_bicakx1,20,0,45,24,72,49,17,0,2,2,3,,0,0,0,0,0,0,0,0,0,0,0.718,10.267,2.089
7,Run50_KirilmaV1,Patlama yolu,bahcivan,standart,106,kırılma,22,,,83,55,28,0,0,0,43,26,12,1,1,442,904,300,0,0,330,60,2,334,86,33,3731,27,6,25.51,1.25,1.3,2.16,1.075,6,0.3,2,20,6,1.18,1.53,2.38,1,3,70,20,8,,,1.08,4.83,8.64,0,12.93,23,42,0.771,0.524,5.195,364,5,67,3,bereketli_toprakx1 kivilcimx1 yikim_gucux1 keskin_bicakx1,21,0,45,26,78,49,23,0,2,2,3,,0,0,0,0,0,0,0,0,0,0,0.929,9.822,1.844
7,Run50_KirilmaV1,Patlama yolu,bahcivan,standart,106,kırılma,23,,,70,55,15,0,0,0,45,17,5,3,0,484,1388,300,0,0,237,25,6,330,41,39,3019,28,3,25.51,1.25,1.3,2.16,1.075,6,0.3,2,20,6,1.43,1.79,1.5,4,,42,0,,0,,2.29,5.4,1.07,12.97,,24,46,0.834,0.696,5.107,405,3,70,4,bereketli_toprakx1 kivilcimx1 yikim_gucux1 keskin_bicakx1,17,0,45,27,81,49,29,0,2,2,3,,0,0,0,0,0,0,0,0,0,0,0.913,10.756,1.556
7,Run50_KirilmaV1,Patlama yolu,bahcivan,standart,106,kırılma,24,,,80,61,19,0,0,0,47,25,7,0,1,392,1780,300,0,0,291,35,10,401,76,49,3519,29,3,28.62,1.25,1.3,2.16,1.075,6,0.3,2,20,6,1.35,1.68,2.4,,,51,11,0,0,,1.87,5.23,10.37,,,26,49,0.824,0.673,5.102,432,1,71,2,bereketli_toprakx1 kivilcimx1 yikim_gucux1 keskin_bicakx1,19,0,45,28,84,49,32,0,2,2,3,,0,0,0,0,0,0,0,0,0,0,0.898,8.711,1.778
7,Run50_KirilmaV1,Patlama yolu,bahcivan,standart,106,kırılma,25,,,92,47,42,0,0,3,50,24,14,4,0,524,2304,300,524,65,294,84,12,475,92,41,5775,31,6,29.99,1.25,1.3,2.092,1.075,6,0.3,2,21,6,1.38,1.9,1.63,2,,49,22,27,0,,2.41,6.07,4.97,6.98,,22,49,0.673,0.51,5.04,437,4,75,2,bereketli_toprakx1 kivilcimx1 yikim_gucux1 keskin_bicakx1,19,0,45,30,90,49,35,0,2,2,3,,0,0,0,0,0,0,0,0,0,0,0.612,11.644,2.044
7,Run50_KirilmaV1,Patlama yolu,bahcivan,standart,106,kırılma,26,,,106,46,60,0,0,0,51,25,20,10,0,967,967,500,0,0,303,120,30,323,199,51,7669,33,6,33.24,1.25,1.3,2.026,1.11,6,0.3,2,22,6,1.36,1.71,1.9,2.29,,52,29,25,0,,2.58,5.5,7.09,8.68,,19,49,0.771,0.551,4.977,443,4,79,2,bereketli_toprakx1 kivilcimx1 yikim_gucux1 keskin_bicakx1 nadir_tohumx1,22,0,45,32,96,49,41,0,2,2,3,,0,0,0,0,0,0,0,0,0,0,0.653,21.489,2.356
7,Run50_KirilmaV1,Patlama yolu,bahcivan,standart,106,kırılma,27,,,106,55,51,0,0,0,53,19,20,12,2,1271,2238,500,0,0,363,120,36,386,131,67,8451,35,6,34.76,1.25,1.3,2.026,1.11,6,0.3,2,22,6,1.18,1.56,1.89,2.25,,64,33,12,0,0,0.8,4.73,4.73,9.63,,17,49,0.787,0.571,4.785,461,3,82,1,bereketli_toprakx1 kivilcimx1 yikim_gucux1 keskin_bicakx1 nadir_tohumx1,22,0,45,34,102,49,47,0,2,2,3,,0,0,0,0,0,0,0,0,0,0,0.612,28.244,2.356
7,Run50_KirilmaV1,Patlama yolu,bahcivan,standart,106,kırılma,28,,,138,50,86,0,0,2,74,30,17,15,2,1919,4157,500,0,0,402,148,45,643,291,72,8803,37,6,38.16,1.25,1.3,2.026,1.11,6,0.3,2,22,6,1.08,1.2,2.2,1.25,,78,37,0,20,0,0.47,2.23,8.31,1.02,,13,49,0.72,0.429,4.561,483,1,83,2,bereketli_toprakx1 kivilcimx1 yikim_gucux1 keskin_bicakx1 nadir_tohumx1,31,0,45,36,108,49,53,0,2,2,3,,0,0,0,0,0,0,0,0,0,0,0.755,42.644,3.067
7,Run50_KirilmaV1,Patlama yolu,bahcivan,standart,106,kırılma,29,,,121,46,74,0,0,1,47,31,25,14,4,1949,6106,500,0,0,327,225,66,340,233,118,9148,39,6,39.82,1.25,1.3,1.962,1.145,6,0.3,2,22,6,1.4,1.35,2.17,1.43,2,54,44,13,10,0,2.48,3,6.54,1.4,3.93,12,49,0.78,0.592,4.544,485,7,90,1,bereketli_toprakx1 kivilcimx1 yikim_gucux1 keskin_bicakx1 nadir_tohumx1,24,0,45,38,114,49,59,0,2,2,3,,0,0,0,0,0,0,0,0,0,0,0.816,43.311,2.689
7,Run50_KirilmaV1,Patlama yolu,bahcivan,standart,106,kırılma,30,,,125,49,76,0,0,0,49,31,27,15,3,1968,8074,500,1968,100,333,214,69,423,397,87,10357,41,6,39.82,1.25,1.3,1.962,1.145,6,0.3,2,22,6,1.33,1.15,1.67,2,1,50,50,6,0,0,1.83,0.9,3.66,6.87,0,11,53,0.791,0.642,4.411,541,2,92,2,bereketli_toprakx1 kivilcimx1 yikim_gucux1 keskin_bicakx1 nadir_tohumx1,25,0,45,40,120,49,65,0,2,2,3,,0,0,0,0,0,0,0,0,0,0,0.792,43.733,2.778
7,Run50_KirilmaV1,Patlama yolu,bahcivan,standart,106,kırılma,31,,,165,51,113,0,0,1,53,43,40,20,9,3933,3933,1200,0,0,609,355,84,692,528,111,12418,43,6,43.38,1.25,1.3,1.962,1.145,6,0.3,2,22,6,1.35,1.1,1.5,1.5,1.33,56,33,31,8,0,2.26,0.59,1.82,2.45,2.61,12,62,0.76,0.452,4.239,658,2,94,4,bereketli_toprakx1 kivilcimx1 yikim_gucux1 keskin_bicakx1 nadir_tohumx1 artci_patlamax1,40,0,45,42,126,55,65,0,2,2,3,artci_patlama@R30,45,45,0,126,54,0,0,0,0,0,0.645,87.4,3.667
7,Run50_KirilmaV1,Patlama yolu,bahcivan,standart,106,kırılma,32,,,153,40,113,0,0,0,61,32,28,26,6,3182,7115,1200,0,0,511,223,146,533,293,187,10573,45,6,43.38,1.25,1.3,1.901,1.145,6,0.3,2,23,6,1.29,1.8,2.33,1.71,2,45,30,15,0,0,3.02,3.8,8.23,3.26,2.85,14,69,0.799,0.536,4.294,723,6,100,4,bereketli_toprakx1 kivilcimx1 yikim_gucux1 keskin_bicakx1 nadir_tohumx1 artci_patlamax1,32,0,45,44,132,61,65,0,2,2,3,artci_patlama@R30,34,34,0,130,53,0,0,0,0,0,0.681,70.711,3.4
7,Run50_KirilmaV1,Patlama yolu,bahcivan,standart,106,kırılma,33,,,172,44,128,0,0,0,60,45,41,17,9,3579,10694,1200,0,0,599,488,104,677,571,146,12586,46,3,43.38,1.25,1.3,1.901,1.265,6,0.3,2,23,6,1.18,2,1.36,1.67,3,56,17,17,8,0,1.68,4.84,2.07,2.53,6.65,16,73,0.793,0.575,4.254,772,8,108,2,bereketli_toprakx1 kivilcimx1 yikim_gucux1 keskin_bicakx1 nadir_tohumx1 artci_patlamax1,36,0,45,45,135,67,65,0,2,2,3,artci_patlama@R30,35,35,0,166,75,0,0,0,0,0,0.753,79.533,3.822
7,Run50_KirilmaV1,Patlama yolu,bahcivan,standart,106,kırılma,34,,,189,51,138,0,0,0,72,39,40,31,7,4496,15190,1200,0,0,655,411,217,862,422,268,13195,48,6,49.54,1.25,1.3,1.901,1.265,6,0.3,2,23,6,1.2,1.2,1.86,2,,68,40,17,0,0,1.04,1.52,5.43,6.38,,21,81,0.783,0.543,4.304,847,3,111,5,bereketli_toprakx1 kivilcimx1 yikim_gucux1 keskin_bicakx1 nadir_tohumx1 artci_patlamax1,43,0,45,47,141,70,65,0,2,2,3,artci_patlama@R30,37,37,0,139,63,0,0,0,0,0,0.704,99.911,4.2
7,Run50_KirilmaV1,Patlama yolu,bahcivan,standart,106,kırılma,35,,,159,35,124,0,0,0,68,31,32,24,4,3175,18365,1200,3175,220,610,330,165,667,432,323,11056,49,3,49.54,1.25,1.3,1.901,1.265,6,0.3,2,23,4,1.23,1.29,1.5,1.5,1,61,18,0,0,0,3.51,0.81,2.85,2.85,0,21,81,0.817,0.617,4.198,868,6,117,0,bereketli_toprakx1 kivilcimx1 yikim_gucux1 keskin_bicakx1 nadir_tohumx1 artci_patlamax1,36,0,45,48,144,76,65,0,2,2,3,artci_patlama@R30,28,28,0,167,79,0,0,0,0,0,0.864,70.556,3.533
7,Run50_KirilmaV1,Patlama yolu,bahcivan,standart,106,kırılma,36,,,208,54,154,0,0,0,85,51,40,22,10,4766,4766,2800,0,0,986,662,152,1083,974,350,14339,51,6,49.54,1.25,1.3,1.565,1.315,6,0.3,2,28,6,1.36,1.91,2.17,1,2,51,18,0,0,0,1.62,5.55,6.66,0,7.83,21,81,0.792,0.543,4.16,876,4,121,0,bereketli_toprakx1 kivilcimx1 yikim_gucux1 keskin_bicakx1 nadir_tohumx1 artci_patlamax1 hizli_bilekx1,45,0,45,50,150,79,65,0,2,2,3,artci_patlama@R30,42,42,0,150,79,0,0,0,0,0,0.691,105.911,4.622
7,Run50_KirilmaV1,Patlama yolu,bahcivan,standart,106,kırılma,37,,,220,53,164,0,0,3,83,48,51,30,8,4993,9759,2800,0,0,1010,761,155,1403,1015,505,15859,52,3,56.1,1.25,1.3,1.565,1.315,6,0.3,2,28,6,1.43,1.58,1.36,2.29,2,55,33,20,11,0,1.42,2.48,1.14,3.58,7.03,21,81,0.753,0.444,4.16,876,3,124,0,bereketli_toprakx1 kivilcimx1 yikim_gucux1 keskin_bicakx1 nadir_tohumx1 artci_patlamax1 hizli_bilekx1,52,0,45,51,153,81,69,0,2,2,3,artci_patlama@R30,45,45,0,185,78,0,0,0,0,0,0.877,110.956,4.889
7,Run50_KirilmaV1,Patlama yolu,bahcivan,standart,106,kırılma,38,,,216,56,160,0,0,0,73,54,52,29,8,4908,14667,2800,0,0,972,709,196,1265,1364,561,16799,54,6,56.1,1.25,1.3,1.516,1.365,6,0.3,2,29,6,1.11,1.7,2,1.67,2.67,80,28,17,0,0,0.56,3.33,4.89,3.03,8.09,21,81,0.775,0.531,4.141,880,5,129,0,bereketli_toprakx1 kivilcimx1 yikim_gucux1 keskin_bicakx1 nadir_tohumx1 artci_patlamax1 hizli_bilekx1,46,0,45,53,159,81,72,0,2,2,3,artci_patlama@R30,40,40,0,179,82,0,0,0,0,0,0.716,109.067,4.8
7,Run50_KirilmaV1,Patlama yolu,bahcivan,standart,106,kırılma,39,,,226,57,169,0,0,0,82,52,52,26,14,5952,20619,2800,0,0,1000,751,294,1085,935,855,17440,55,3,60.05,1.25,1.3,1.516,1.365,6,0.3,2,29,6,1.22,1.45,1.33,1.83,2.2,64,21,6,14,0,0.92,1.66,1.52,4.8,5.15,21,81,0.764,0.457,3.971,918,5,134,0,bereketli_toprakx1 kivilcimx1 yikim_gucux1 keskin_bicakx1 nadir_tohumx1 artci_patlamax1 hizli_bilekx1,51,0,45,54,162,81,78,0,2,2,3,artci_patlama@R30,43,43,0,219,100,0,0,0,0,0,0.864,132.267,5.022
7,Run50_KirilmaV1,Patlama yolu,bahcivan,standart,106,kırılma,40,,,194,56,138,0,0,0,65,56,32,33,8,5387,26006,2800,5387,500,836,642,227,1046,687,927,15323,56,3,63.05,1.25,1.3,1.516,1.365,6,0.367,2,29,6,1.18,2,1.67,1.86,3,60,12,11,0,0,0.41,4.06,2.52,6.28,12.12,21,81,0.798,0.543,3.971,918,6,140,0,bereketli_toprakx1 kivilcimx1 yikim_gucux1 keskin_bicakx1 nadir_tohumx1 artci_patlamax1 hizli_bilekx1,43,0,45,55,165,81,81,0,2,2,3,artci_patlama@R30,37,37,0,177,79,0,0,0,0,0,0.864,119.711,4.311
7,Run50_KirilmaV1,Patlama yolu,bahcivan,standart,106,kırılma,41,,,298,87,211,0,0,0,105,73,71,36,13,7294,7294,4500,0,0,1288,1103,308,2334,1360,1085,22853,58,6,63.05,2,1.3,1.516,1.365,6,0.367,2.111,29,6,1.11,1.17,1.53,1.25,1,82,69,36,32,40,0.39,1.05,2.32,1.64,0,21,81,0.707,0.457,3.959,921,2,142,0,bereketli_toprakx1 kivilcimx1 yikim_gucux1 keskin_bicakx1 nadir_tohumx1 artci_patlamax1 hizli_bilekx1 canavar_kesimix1,53,0,45,57,171,81,84,0,2,2,3,artci_patlama@R30,72,72,0,243,113,0,0,0,0,0,0.704,162.089,6.622
7,Run50_KirilmaV1,Patlama yolu,bahcivan,standart,106,kırılma,42,,,395,125,265,0,0,5,144,85,97,56,13,9000,16294,4500,0,0,1570,1266,480,1944,2186,1395,31574,60,6,69.27,2,1.3,1.468,1.415,9,0.367,2.111,30,8.93,1.02,1.19,1.25,1.31,1,91,68,48,36,20,0.07,1.07,1.83,3.03,0,21,81,0.611,0.333,3.862,944,5,147,0,bereketli_toprakx1 kivilcimx1 yikim_gucux1 keskin_bicakx1 nadir_tohumx1 artci_patlamax1 hizli_bilekx1 canavar_kesimix1,67,0,45,59,177,81,90,0,2,2,3,artci_patlama@R30,93,93,0,245,116,0,0,0,0,0,0.568,200,8.778
7,Run50_KirilmaV1,Patlama yolu,bahcivan,standart,106,kırılma,43,,,429,132,290,0,0,7,130,112,106,63,18,10834,27128,4500,0,0,1935,1566,522,2129,1642,1722,36918,63,9,72.57,2,1.3,1.468,1.415,9,0.367,2.222,30,8.93,1.06,1.2,1.24,1.43,1.14,87,73,65,30,45,0.5,1.47,1.07,2.52,0.21,21,81,0.593,0.346,3.76,969,7,154,0,bereketli_toprakx1 kivilcimx1 yikim_gucux1 keskin_bicakx1 nadir_tohumx1 artci_patlamax1 hizli_bilekx1 canavar_kesimix1,71,0,45,62,186,81,96,0,2,2,3,artci_patlama@R30,101,101,0,275,125,0,0,0,0,0,0.556,240.756,9.533
7,Run50_KirilmaV1,Patlama yolu,bahcivan,standart,106,kırılma,44,,,463,134,322,0,0,7,154,115,111,66,17,12176,39304,4500,0,0,1984,1626,540,2103,2068,2262,39192,65,6,87.23,2,1.3,1.468,1.415,9,0.367,2.222,30,8.93,1,1.18,1.15,1.16,1.2,97,70,71,52,33,0,0.98,1.14,1.06,5.87,21,81,0.557,0.309,3.734,976,3,157,0,bereketli_toprakx1 kivilcimx1 yikim_gucux1 keskin_bicakx1 nadir_tohumx1 artci_patlamax1 hizli_bilekx1 canavar_kesimix1,73,0,45,64,192,81,105,0,2,2,3,artci_patlama@R30,107,107,0,244,135,0,0,0,0,0,0.568,270.578,10.289
7,Run50_KirilmaV1,Patlama yolu,bahcivan,standart,106,kırılma,45,,,376,144,224,0,0,8,123,101,66,72,14,8990,48294,4500,8990,800,1713,1053,564,1976,1906,686,33852,67,6,87.23,2,1.3,1.422,1.465,9,0.367,2.333,31,8.94,1.04,1.14,1.18,1.48,1.4,89,75,66,44,44,0.33,1.52,0.77,4.76,3.69,20,104,0.575,0.327,3.578,1308,8,165,9,bereketli_toprakx1 kivilcimx1 yikim_gucux1 keskin_bicakx1 nadir_tohumx1 artci_patlamax1 hizli_bilekx1 canavar_kesimix1,62,0,45,66,198,81,111,0,2,2,3,artci_patlama@R30,94,94,0,197,91,0,0,0,0,0,0.548,199.778,8.356
7,Run50_KirilmaV1,Patlama yolu,bahcivan,standart,106,kırılma,46,,,490,168,320,0,0,2,181,130,114,46,19,10889,10889,6000,0,0,2387,2022,372,2553,2528,1058,38615,69,6,91.02,2,1.3,1.422,1.465,9,0.367,2.333,31,9,1.03,1.07,1.11,1.22,1,93,84,65,25,50,0.43,0.83,1.21,2.37,0,28,121,0.727,0.471,3.268,1666,3,168,8,bereketli_toprakx2 kivilcimx1 yikim_gucux1 keskin_bicakx1 nadir_tohumx1 artci_patlamax1 hizli_bilekx1 canavar_kesimix1,79,0,45,68,204,87,111,0,2,2,3,artci_patlama@R30,105,105,0,330,155,0,0,0,0,0,0.587,241.978,10.889
7,Run50_KirilmaV1,Patlama yolu,bahcivan,standart,106,kırılma,47,,,507,145,355,0,0,7,173,128,123,65,18,11928,22817,6000,0,0,2583,1626,666,2686,2884,1434,44109,71,6,98.13,2,1.3,1.377,1.465,9,0.367,2.444,32,9,1,1.14,1.23,1.29,1.67,97,69,63,43,25,0,0.84,1.7,2.43,8.28,28,121,0.726,0.562,3.188,1708,5,173,0,bereketli_toprakx2 kivilcimx1 yikim_gucux1 keskin_bicakx1 nadir_tohumx1 artci_patlamax1 hizli_bilekx1 canavar_kesimix1,71,0,45,70,210,93,111,0,2,2,3,artci_patlama@R30,87,87,0,266,159,0,0,0,0,0,0.579,265.067,11.267
7,Run50_KirilmaV1,Patlama yolu,bahcivan,standart,106,kırılma,48,,,445,141,298,0,0,6,151,129,76,69,20,12282,35099,6000,0,0,2870,1278,552,3226,1872,1986,40447,72,3,102.22,2,1.3,1.377,1.515,9,0.367,2.444,32,9,1.02,1.23,1.28,1.52,1.33,94,58,63,36,36,0.05,1.5,2.2,2.63,0.92,28,121,0.757,0.521,3.11,1751,6,179,0,bereketli_toprakx2 kivilcimx1 yikim_gucux1 keskin_bicakx1 nadir_tohumx1 artci_patlamax1 hizli_bilekx1 canavar_kesimix1,75,0,45,71,213,99,111,0,2,2,3,artci_patlama@R30,88,88,0,227,100,0,0,0,0,0,0.752,272.933,9.889
7,Run50_KirilmaV1,Patlama yolu,bahcivan,standart,106,kırılma,49,,,541,168,358,0,0,15,177,137,127,79,21,15385,50484,6000,0,0,2812,2169,642,3098,3341,2298,51527,74,6,102.22,2,1.3,1.377,1.615,9,0.383,2.556,32,9,1.04,1.05,1.18,1.12,1,92,87,75,72,38,0.6,0.31,1.14,1.16,0,28,121,0.715,0.529,3.11,1751,7,186,0,bereketli_toprakx2 kivilcimx1 yikim_gucux1 keskin_bicakx1 nadir_tohumx1 artci_patlamax1 hizli_bilekx1 canavar_kesimix1,89,0,45,73,219,102,111,0,2,2,3,artci_patlama@R30,109,109,0,349,165,0,0,0,0,0,0.686,341.889,12.022
7,Run50_KirilmaV1,Patlama yolu,bahcivan,standart,106,kırılma,50,,,544,160,379,0,0,5,172,157,116,78,21,14765,65249,6000,0,0,2890,1869,642,3688,2740,2940,56672,76,6,114.01,2,1.3,1.377,1.615,9,0.383,2.556,32,9,1,1.08,1.11,1.32,1,98,72,83,53,73,0,0.26,0.71,2.95,0,28,121,0.72,0.587,3.082,1767,3,189,0,bereketli_toprakx2 kivilcimx1 yikim_gucux1 keskin_bicakx1 nadir_tohumx1 artci_patlamax1 hizli_bilekx1 canavar_kesimix1,82,0,45,75,225,108,111,0,2,2,3,artci_patlama@R30,109,109,0,317,157,0,0,0,0,0,0.802,328.111,12.089
7,Run50_KirilmaV1,Patlama yolu,bahcivan,standart,106,kırılma,50,KAZANDI
8,Run50_KirilmaV1,Patlama yolu,bahcivan,standart,107,kırılma,1,,,14,14,0,0,0,0,12,2,0,0,0,18,18,45,0,0,32,0,0,32,0,0,300,1,0,10,1,1,3,0.9,4,0.3,2,14,2.21,2.08,2.5,,,,8,0,,,,3.25,4.5,,,,2,4,0.395,0,8,23,0,0,2,,3,0.166,45,0,0,0,0,0,0,0,0,,0,0,0,0,0,0,0,0,0,0,0.25,0.4,0.311
8,Run50_KirilmaV1,Patlama yolu,bahcivan,standart,107,kırılma,2,,,17,17,0,0,0,0,13,2,2,0,0,39,57,45,0,0,34,8,0,34,8,0,400,2,3,11.33,1,1,3,0.9,4,0.3,2,14,2.29,1.54,2.5,3,,,38,0,0,,,1.62,7.5,7.5,,,3,5,0.359,0,8,28,2,2,1,,4,0.044,45,1,3,0,0,0,0,0,0,,0,0,0,0,0,0,0,0,0,0,0.6,0.867,0.378
8,Run50_KirilmaV1,Patlama yolu,bahcivan,standart,107,kırılma,3,,,15,14,1,0,0,0,14,1,0,0,0,17,74,45,0,0,32,0,0,33,8,0,310,3,3,11.33,1,1,3,0.9,4,0.3,2,14,2.57,2.08,3,,,,13,0,,,,3.69,18,,,,4,6,0.591,0.167,7.451,36,2,4,1,,5,0,45,2,6,3,0,0,2,2,3,,0,0,0,0,0,0,0,0,0,0,0.667,0.378,0.333
8,Run50_KirilmaV1,Patlama yolu,bahcivan,standart,107,kırılma,4,,,18,18,0,0,0,0,13,4,1,0,0,45,119,45,0,0,42,4,0,54,12,0,444,4,3,12,1,1,2.892,0.9,4,0.3,2,15,2.6,1.77,2.75,3,,,20,0,0,,,2.89,5.78,5.77,,,4,6,0.53,0.167,7.451,36,3,7,0,,5,0,45,3,9,6,0,0,2,2,3,,0,0,0,0,0,0,0,0,0,0,0.333,1,0.4
8,Run50_KirilmaV1,Patlama yolu,bahcivan,standart,107,kırılma,5,,,20,16,4,0,0,0,14,4,2,0,0,55,174,45,55,8,44,8,0,58,20,0,508,5,3,12,1,1,2.892,0.9,4,0.3,2,15,3.13,2.1,2.5,2,,,13,0,0,,,4.34,13.02,2.9,,,5,8,0.607,0.25,7.027,51,0,7,1,,5,0,45,4,12,9,0,0,2,2,3,,0,0,0,0,0,0,0,0,0,0,0.5,1.222,0.444
8,Run50_KirilmaV1,Patlama yolu,bahcivan,standart,107,kırılma,6,,,24,18,6,0,0,0,15,7,1,1,0,110,110,110,0,0,58,4,2,66,24,2,635,6,3,12,1,1,2.459,0.9,4,0.3,2,18,3,2.18,2.2,1,3,,13,0,,0,,4.47,5.41,0,12.3,,6,9,0.533,0.111,7.156,57,1,8,1,hizli_bilekx1,7,0.009,45,5,15,9,3,0,2,2,3,,0,0,0,0,0,0,0,0,0,0,0.778,2.444,0.533
8,Run50_KirilmaV1,Patlama yolu,bahcivan,standart,107,kırılma,7,,,27,21,6,0,0,0,17,9,1,0,0,74,184,110,0,0,70,4,0,76,28,2,688,8,6,12,1,1,2.459,0.9,4,0.3,2,18,3.22,2,2.17,3,,,0,0,0,,,4.74,6.55,4.93,,,8,12,0.64,0.333,7.318,74,0,8,2,hizli_bilekx1,7,0,45,7,21,12,3,0,2,2,3,,0,0,0,0,0,0,0,0,0,0,0.75,1.644,0.6
8,Run50_KirilmaV1,Patlama yolu,bahcivan,standart,107,kırılma,8,,,27,22,3,0,0,2,20,7,0,0,0,52,236,110,0,0,68,0,0,77,28,2,672,9,3,13.33,1,1,2.37,0.9,4,0.3,2,18,3.39,2.13,2,,,,5,0,0,,,4.14,9.08,,,,9,13,0.655,0.462,7.192,81,5,13,1,hizli_bilekx1,6,0,45,8,24,18,3,0,2,2,3,,0,0,0,0,0,0,0,0,0,0,0.692,1.156,0.6
8,Run50_KirilmaV1,Patlama yolu,bahcivan,standart,107,kırılma,9,,,28,22,6,0,0,0,19,5,4,0,0,91,327,110,0,0,63,16,0,66,44,2,752,10,3,14,1,1,2.37,0.9,4,0.3,2,18,3.39,1.77,2,2.75,,,7,0,0,,,3.65,3.79,9.48,,,10,14,0.663,0.286,7.234,87,3,16,1,hizli_bilekx1,9,0,45,9,27,21,3,0,2,2,3,,0,0,0,0,0,0,0,0,0,0,0.714,2.022,0.622
8,Run50_KirilmaV1,Patlama yolu,bahcivan,standart,107,kırılma,10,,,22,15,6,0,0,1,16,3,3,0,0,69,396,110,69,16,47,12,0,59,56,2,575,11,3,14,1,1,2.286,0.9,4,0.3,2,19,2.95,2.44,2,3.33,,,0,0,0,,,8.64,3.04,9.14,,,11,15,0.595,0.267,7.09,95,3,19,1,hizli_bilekx1,7,0,45,10,30,24,3,0,2,2,3,,0,0,0,0,0,0,0,0,0,0,0.8,1.533,0.489
8,Run50_KirilmaV1,Patlama yolu,bahcivan,standart,107,kırılma,11,,,42,35,4,0,0,3,32,9,1,0,0,88,88,150,0,0,109,4,0,109,60,2,1050,12,3,15.64,1,1,2.286,1.188,6,0.3,2,19,4.37,1.78,1.71,3,,,28,0,0,0,,3.22,4.24,4.57,,,12,16,0.596,0.25,7.09,102,2,21,1,hizli_bilekx1 genis_savurusx1,10,0,45,11,33,25,5,0,2,2,3,,0,0,0,0,0,0,0,0,0,0,0.813,1.956,0.933
8,Run50_KirilmaV1,Patlama yolu,bahcivan,standart,107,kırılma,12,,,44,36,6,0,0,2,28,13,2,1,0,160,248,150,0,0,149,8,2,154,38,4,1251,14,6,16.36,1,1,2.204,1.188,6,0.3,2,20,4.85,1.76,2.3,1,,,21,0,0,0,,3.97,5.07,0,,,13,18,0.641,0.333,6.891,118,6,27,1,hizli_bilekx1 genis_savurusx1,9,0,45,13,39,25,8,0,2,2,3,,0,0,0,0,0,0,0,0,0,0,0.778,3.556,0.978
8,Run50_KirilmaV1,Patlama yolu,bahcivan,standart,107,kırılma,13,,,51,39,6,0,0,6,29,12,8,2,0,257,505,150,0,0,147,32,4,147,70,8,1573,16,6,18.13,1,1,2.125,1.188,6,0.3,2,21,5,1.6,2,2.43,2.5,,31,9,0,0,,3.4,4.04,8.2,11.68,,14,21,0.647,0.429,6.703,141,4,31,1,hizli_bilekx1 genis_savurusx1,12,0,45,15,45,31,8,0,2,2,3,,0,0,0,0,0,0,0,0,0,0,0.667,5.711,1.133
8,Run50_KirilmaV1,Patlama yolu,bahcivan,standart,107,kırılma,14,,,58,47,2,0,0,9,32,16,8,2,0,248,753,150,0,0,192,32,4,198,102,12,1990,18,6,18.13,1,1,2.048,1.188,6,0.3,2,21,5.38,1.86,1.91,2.17,3,,15,15,0,,,5.2,3.54,8.19,9.22,,15,24,0.666,0.375,6.574,164,5,36,1,hizli_bilekx1 genis_savurusx1,14,0,45,17,51,37,8,0,2,2,3,,0,0,0,0,0,0,0,0,0,0,0.5,5.511,1.289
8,Run50_KirilmaV1,Patlama yolu,bahcivan,standart,107,kırılma,15,,,53,40,9,0,0,4,38,9,3,3,0,208,961,150,208,30,168,12,6,236,64,18,1662,19,3,18.13,1,1,2.048,1.188,6,0.3,2,21,5.24,1.71,2.67,2,3,,24,0,0,0,,5.05,9.22,2.72,16.39,,15,28,0.707,0.357,6.403,197,2,38,3,hizli_bilekx1 genis_savurusx1,12,0,45,18,54,43,8,0,2,2,3,,0,0,0,0,0,0,0,0,0,0,0.821,4.622,1.178
8,Run50_KirilmaV1,Patlama yolu,bahcivan,standart,107,kırılma,16,,,87,41,26,0,0,20,55,23,7,1,1,516,516,220,0,0,303,45,2,318,84,20,2815,21,6,19.2,1,1,1.975,1.234,6,0.3,2,22,5.5,1.6,1.6,2.2,3,,34,17,20,0,0,3.4,6.12,7.5,3.97,,16,34,0.672,0.353,6.163,248,6,44,3,hizli_bilekx1 genis_savurusx1 kivilcimx1,21,0,45,20,60,46,8,0,2,2,3,,0,0,0,0,0,0,0,0,0,0,0.588,11.467,1.933
8,Run50_KirilmaV1,Patlama yolu,bahcivan,standart,107,kırılma,17,,,78,46,20,0,0,12,39,29,8,2,0,384,900,220,0,0,291,40,4,295,99,24,3057,23,6,20.27,1,1,1.904,1.28,6,0.3,2,23,5.83,1.67,1.94,2,1,,26,14,0,0,0,5,4.7,5.24,0,,17,41,0.735,0.439,5.899,313,8,52,3,hizli_bilekx1 genis_savurusx1 kivilcimx1,17,0,45,22,66,49,11,0,2,2,3,,0,0,0,0,0,0,0,0,0,0,0.756,8.533,1.733
8,Run50_KirilmaV1,Patlama yolu,bahcivan,standart,107,kırılma,18,,,119,54,47,0,0,18,59,35,15,8,2,1198,2098,220,0,0,432,75,24,436,174,48,4914,25,6,24.3,1,1,1.836,1.327,6,0.3,2,24,5.92,1.38,1.33,2.71,2,2,51,37,0,20,,3.5,2.36,11.28,4.59,5.5,18,43,0.669,0.442,5.663,342,5,57,1,hizli_bilekx1 genis_savurusx1 kivilcimx1,23,0,45,24,72,49,17,0,2,2,3,,0,0,0,0,0,0,0,0,0,0,0.674,26.622,2.644
8,Run50_KirilmaV1,Patlama yolu,bahcivan,standart,107,kırılma,19,,,100,56,33,0,0,11,47,32,16,5,0,958,3056,220,0,0,333,80,10,389,266,38,4704,27,6,24.3,1,1,1.836,1.327,6,0.3,2,24,6,1.25,1.82,2.38,2,,43,32,0,25,0,1.61,5.84,6.88,12.85,,22,49,0.732,0.429,5.61,393,5,62,6,hizli_bilekx1 genis_savurusx1 kivilcimx1,27,0,45,26,78,49,23,0,2,2,3,,0,0,0,0,0,0,0,0,0,0,0.816,21.289,2.222
8,Run50_KirilmaV1,Patlama yolu,bahcivan,standart,107,kırılma,20,,,121,71,34,0,0,16,60,26,23,9,3,2328,5384,220,2328,45,381,155,18,430,186,56,5819,30,9,25.51,1,1,1.836,1.419,9,0.3,2,24,7.83,1.31,1.43,2,2.71,3.33,60,21,5,0,0,2.01,2.23,7.83,13.9,18.97,22,49,0.57,0.347,5.412,407,7,69,0,hizli_bilekx1 genis_savurusx1 kivilcimx1,21,0,45,29,87,49,29,0,2,2,3,,0,0,0,0,0,0,0,0,0,0,0.469,51.733,2.689
8,Run50_KirilmaV1,Patlama yolu,bahcivan,standart,107,kırılma,21,,,159,73,65,0,0,21,76,44,25,9,5,4541,4541,300,0,0,582,165,38,737,251,74,9870,33,9,28.62,1,1,1.836,1.419,9,0.3,2,24,8.38,1.18,1.46,1.7,2.25,3,62,29,18,0,50,1.19,3.29,5.14,13.31,11.04,20,49,0.616,0.327,5.293,417,4,73,1,hizli_bilekx1 genis_savurusx1 kivilcimx2,31,0,45,32,96,49,38,0,2,2,3,,0,0,0,0,0,0,0,0,0,0,0.653,100.911,3.533
8,Run50_KirilmaV1,Patlama yolu,bahcivan,standart,107,kırılma,22,,,200,85,89,0,0,26,83,60,37,20,0,3481,8022,300,0,0,609,222,60,681,243,94,12587,36,9,33.24,1,1,1.722,1.465,9,0.3,2,26,8.62,1.09,1.52,1.47,1.63,,83,45,18,10,,0.64,2.62,1.93,2.58,,15,49,0.59,0.347,4.998,441,8,81,2,hizli_bilekx1 genis_savurusx1 kivilcimx2,34,0,45,35,105,49,47,0,2,2,3,,0,0,0,0,0,0,0,0,0,0,0.633,77.356,4.444
8,Run50_KirilmaV1,Patlama yolu,bahcivan,standart,107,kırılma,23,,,217,96,86,0,0,35,82,59,46,25,5,5066,13088,300,0,0,648,322,99,664,500,173,14583,39,9,38.16,1,1,1.722,1.465,9,0.3,2,26,8.54,1.33,1.36,1.48,1.58,1.33,65,45,33,40,33,1.72,1.31,2.47,4.74,1.72,12,49,0.598,0.327,4.706,469,5,86,1,hizli_bilekx1 genis_savurusx1 kivilcimx2,36,0,45,38,114,49,56,0,2,2,3,,0,0,0,0,0,0,0,0,0,0,0.449,112.578,4.822
8,Run50_KirilmaV1,Patlama yolu,bahcivan,standart,107,kırılma,24,,,229,92,92,0,0,45,81,68,46,28,6,5783,18871,300,0,0,747,403,96,826,605,149,16464,42,9,39.82,1,1,1.668,1.558,9,0.3,2,26,8.73,1.22,1.36,1.17,1.57,1.8,77,50,58,28,25,0.86,2.74,1.85,3.58,6.67,13,56,0.606,0.321,4.617,546,8,94,4,hizli_bilekx1 genis_savurusx1 kivilcimx2,44,0,45,41,123,49,65,0,2,2,3,,0,0,0,0,0,0,0,0,0,0,0.714,128.511,5.089
8,Run50_KirilmaV1,Patlama yolu,bahcivan,standart,107,kırılma,25,,,228,85,85,0,0,58,99,63,36,24,6,4372,23243,300,4372,65,771,344,98,987,581,137,18162,44,6,39.82,1,1,1.668,1.558,9,0.3,2,26,9,1.25,1.32,1.8,1.83,1.5,75,57,27,23,0,2.04,1.44,5.78,3.89,3.33,20,81,0.697,0.42,4.981,732,4,98,11,hizli_bilekx1 genis_savurusx1 kivilcimx2,58,0,45,43,129,58,65,0,2,2,3,,0,0,0,0,0,0,0,0,0,0,0.679,97.156,5.067
8,Run50_KirilmaV1,Patlama yolu,bahcivan,standart,107,kırılma,26,,,314,96,185,0,0,33,117,80,70,34,13,8115,8115,500,0,0,1067,700,167,1094,733,284,22655,47,9,45.79,1,1,1.616,1.624,9,0.3,2,27,8.96,1.22,1.18,1.33,1.42,2,71,53,39,11,0,1.48,0.88,2.85,2.02,9.05,19,81,0.627,0.383,4.709,774,5,103,1,hizli_bilekx1 genis_savurusx1 kivilcimx2 artci_patlamax1,55,0,45,46,138,64,65,0,2,2,3,artci_patlama@R25,58,58,0,179,89,0,0,0,0,0,0.741,180.333,6.978
8,Run50_KirilmaV1,Patlama yolu,bahcivan,standart,107,kırılma,27,,,336,95,190,0,0,51,122,98,69,37,10,7980,16095,500,0,0,1394,672,176,1398,995,460,25583,50,9,49.54,1,1,1.616,1.67,9,0.3,2,27,9,1.14,1.08,1.42,1.17,1.33,75,58,38,18,0,0.83,0.45,3.43,0.54,4.31,19,81,0.621,0.333,4.536,804,7,110,0,hizli_bilekx1 genis_savurusx1 kivilcimx2 artci_patlamax1,63,0,45,49,147,73,65,0,2,2,3,artci_patlama@R25,61,61,0,149,79,0,0,0,0,0,0.654,177.333,7.467
8,Run50_KirilmaV1,Patlama yolu,bahcivan,standart,107,kırılma,28,,,363,106,199,0,0,58,126,89,93,34,21,12427,28522,500,0,0,1506,1101,256,1559,1376,651,28211,53,9,56.1,1,1,1.565,1.736,9,0.3,2,28,8.96,1.16,1.18,1.42,1.56,1.4,74,75,60,22,29,0.82,1.28,3.43,3.31,1.88,19,81,0.584,0.37,4.511,808,7,117,0,hizli_bilekx1 genis_savurusx1 kivilcimx2 artci_patlamax1,70,0,45,52,156,81,66,0,2,2,3,artci_patlama@R25,60,60,0,138,87,0,0,0,0,0,0.568,276.156,8.067
8,Run50_KirilmaV1,Patlama yolu,bahcivan,standart,107,kırılma,29,,,388,111,222,0,0,55,153,89,79,53,14,12061,40583,500,0,0,1498,876,302,1547,1092,953,30838,56,9,56.1,1,1,1.516,1.802,9,0.3,2,29,8.9,1.13,1.12,1.33,1.33,1.33,78,73,48,41,50,0.86,0.7,2.08,2.02,4.54,19,81,0.565,0.309,4.481,813,6,123,0,hizli_bilekx1 genis_savurusx1 kivilcimx2 artci_patlamax1,65,0,45,55,165,81,75,0,2,2,3,artci_patlama@R25,68,68,0,194,100,0,0,0,0,0,0.543,268.022,8.622
8,Run50_KirilmaV1,Patlama yolu,bahcivan,standart,107,kırılma,30,,,238,61,141,0,0,36,89,56,59,25,9,7000,47583,500,7000,100,990,671,136,1412,1173,1009,19395,57,3,60.05,1,1,1.516,1.802,9,0.333,2,29,6,1.22,1.42,1.71,1.5,1,67,45,18,17,0,0.93,1.64,4.4,5.31,0,19,81,0.738,0.531,4.344,839,8,131,0,hizli_bilekx1 genis_savurusx1 kivilcimx2 artci_patlamax1,43,0,45,56,168,81,84,0,2,2,3,artci_patlama@R25,42,42,0,103,67,0,0,0,0,0,0.778,155.556,5.289
8,Run50_KirilmaV1,Patlama yolu,bahcivan,standart,107,kırılma,31,,,420,140,221,0,0,59,178,89,81,61,11,10972,10972,1200,0,0,1672,834,316,1884,1117,1325,28297,59,6,69.27,1.25,1,1.516,1.802,9,0.333,2,29,8.97,1.03,1.14,1.08,1.21,1.6,92,83,66,56,29,0.15,0.69,0.43,0.87,2.43,19,81,0.567,0.37,4.344,839,2,133,0,hizli_bilekx1 genis_savurusx1 kivilcimx2 artci_patlamax1 keskin_bicakx1,67,0,45,58,174,81,87,0,2,2,3,artci_patlama@R25,95,95,0,132,88,0,0,0,0,0,0.506,243.822,9.333
8,Run50_KirilmaV1,Patlama yolu,bahcivan,standart,107,kırılma,32,,,426,127,237,0,0,62,173,98,90,47,18,11754,22726,1200,0,0,1786,1159,355,2200,1286,1585,32596,61,6,69.27,1.25,1,1.468,1.868,9,0.333,2,30,9,1.02,1.2,1.15,1.1,1.33,90,69,75,58,58,0.03,2.3,0.71,0.59,1.96,19,81,0.561,0.346,4.218,864,7,140,0,hizli_bilekx1 genis_savurusx1 kivilcimx2 artci_patlamax1 keskin_bicakx1,65,0,45,60,180,81,93,0,2,2,3,artci_patlama@R25,80,80,0,137,81,0,0,0,0,0,0.506,261.2,9.467
8,Run50_KirilmaV1,Patlama yolu,bahcivan,standart,107,kırılma,33,,,474,143,248,0,0,83,162,130,106,62,14,14193,36919,1200,0,0,2208,1171,410,2358,1357,1995,36203,64,9,76.92,1.25,1,1.468,1.934,9,0.35,2,30,9,1.04,1.06,1.03,1.38,1.33,97,86,79,63,57,0.22,0.25,0.2,1.96,1.96,19,81,0.504,0.247,4.205,867,6,146,0,hizli_bilekx1 genis_savurusx1 kivilcimx2 artci_patlamax1 keskin_bicakx1,73,0,45,63,189,81,99,0,2,2,3,artci_patlama@R25,106,106,0,142,81,0,0,0,0,0,0.457,315.4,10.533
8,Run50_KirilmaV1,Patlama yolu,bahcivan,standart,107,kırılma,34,,,439,143,217,0,0,79,145,123,92,55,24,17956,54875,1200,0,0,2337,1262,375,2645,1609,2260,34165,65,3,83.44,1.25,1,1.468,1.934,9,0.35,2,30,8.97,1.06,1.18,1.13,1.21,1.27,96,80,67,68,58,0.41,0.86,0.55,0.95,2.94,19,81,0.561,0.333,4.089,891,5,151,0,hizli_bilekx1 genis_savurusx1 kivilcimx2 artci_patlamax1 keskin_bicakx1,74,0,45,64,192,81,108,0,2,2,3,artci_patlama@R25,102,102,0,128,79,0,0,0,0,0,0.506,399.022,9.756
8,Run50_KirilmaV1,Patlama yolu,bahcivan,standart,107,kırılma,35,,,424,126,223,0,0,75,153,108,97,57,9,10670,65545,1200,10670,220,1909,1084,305,2404,1493,2565,32416,67,6,87.23,1.25,1,1.422,1.934,9,0.35,2,31,8.97,1.06,1.12,1.5,1.5,1.2,93,73,52,41,43,0.78,0.49,3.98,2.44,1.13,19,81,0.564,0.346,4.089,891,4,155,0,hizli_bilekx1 genis_savurusx1 kivilcimx2 artci_patlamax1 keskin_bicakx1,68,0,45,66,198,81,111,0,2,2,3,artci_patlama@R25,90,90,0,174,89,0,0,0,0,0,0.519,237.111,9.422
8,Run50_KirilmaV1,Patlama yolu,bahcivan,standart,107,kırılma,36,,,537,154,272,0,0,111,170,148,115,87,17,18601,18601,2800,0,0,2522,1345,645,2946,1698,3085,40861,69,6,87.23,1.25,1.3,1.422,2.066,12,0.383,2,31,11.61,1.06,1.07,1.17,1.28,1.33,95,88,79,67,44,0.24,0.32,0.85,1.47,0.94,19,81,0.475,0.247,3.989,914,8,163,0,hizli_bilekx1 genis_savurusx1 kivilcimx2 artci_patlamax1 keskin_bicakx1 yikim_gucux1,77,0,45,68,204,81,117,0,2,2,3,artci_patlama@R25,101,101,0,72,54,0,0,0,0,0,0.42,413.356,11.933
8,Run50_KirilmaV1,Patlama yolu,bahcivan,standart,107,kırılma,37,,,564,163,284,0,0,117,192,147,127,73,25,17971,36572,2800,0,0,2827,1677,575,3323,1975,3660,46480,71,6,98.13,1.25,1.3,1.377,2.066,12,0.383,2,32,11.91,1.02,1.15,1.16,1.22,1,96,84,79,68,50,0.08,0.78,0.69,1.23,0,19,81,0.454,0.247,3.928,928,3,166,0,hizli_bilekx1 genis_savurusx1 kivilcimx2 artci_patlamax1 keskin_bicakx1 yikim_gucux1,83,0,45,70,210,81,123,0,2,2,3,artci_patlama@R25,111,111,0,94,67,0,0,0,0,0,0.457,399.356,12.533
8,Run50_KirilmaV1,Patlama yolu,bahcivan,standart,107,kırılma,38,,,567,166,272,0,0,129,198,158,110,81,20,20049,56621,2800,0,0,3002,1462,662,3295,2167,4182,49645,73,6,98.13,1.25,1.3,1.377,2.066,12,0.383,2,32,11.75,1.06,1.08,1.21,1.3,1.33,96,85,77,63,80,0.51,0.34,1.18,2.42,1.38,19,81,0.479,0.296,3.787,963,7,173,0,hizli_bilekx1 genis_savurusx1 kivilcimx2 artci_patlamax1 keskin_bicakx1 yikim_gucux1,82,0,45,72,216,81,129,0,2,2,3,artci_patlama@R25,112,112,0,70,45,0,0,0,0,0,0.432,445.533,12.6
8,Run50_KirilmaV1,Patlama yolu,bahcivan,standart,107,kırılma,39,,,561,164,271,0,0,126,212,139,112,72,26,19603,76224,2800,0,0,3170,1526,630,4165,2093,4812,42217,75,6,109.63,1.25,1.3,1.377,2.066,12,0.383,2,32,11.47,1,1.11,1.22,1.3,1.36,99,85,75,69,53,0,0.83,0.93,1.79,2.51,19,81,0.477,0.284,3.785,963,2,175,0,hizli_bilekx1 genis_savurusx1 kivilcimx2 artci_patlamax1 keskin_bicakx1 yikim_gucux1,79,0,45,74,222,81,135,0,2,2,3,artci_patlama@R25,117,117,0,70,45,0,0,0,0,0,0.556,435.622,12.467
8,Run50_KirilmaV1,Patlama yolu,bahcivan,standart,107,kırılma,40,,,449,157,226,0,0,66,142,117,102,74,14,16543,92767,2800,16543,500,2480,1439,467,2665,2142,5124,44504,76,3,109.63,1.25,1.3,1.377,2.132,12,0.383,2,32,11.03,1.06,1.22,1.28,1.23,1.6,92,76,73,69,78,0.23,0.74,0.92,0.95,3.3,19,81,0.419,0.272,3.654,998,8,183,0,hizli_bilekx1 genis_savurusx1 kivilcimx2 artci_patlamax1 keskin_bicakx1 yikim_gucux1,63,0,45,75,225,81,141,0,2,2,3,artci_patlama@R25,100,100,0,59,41,0,0,0,0,0,0.432,367.622,9.978
8,Run50_KirilmaV1,Patlama yolu,bahcivan,standart,107,kırılma,41,,,589,189,275,0,0,125,213,158,125,71,22,22937,22937,4500,0,0,3470,1758,541,4165,2200,5515,50185,78,6,114.01,1.25,1.3,1.17,2.198,12,0.417,2.111,38,11.29,1.06,1.19,1.26,1.22,2.4,93,78,75,66,36,0.43,0.71,0.89,0.76,4.22,19,81,0.512,0.296,3.638,1002,6,189,0,hizli_bilekx2 genis_savurusx1 kivilcimx2 artci_patlamax1 keskin_bicakx1 yikim_gucux1,87,0,45,77,231,81,144,0,2,2,3,artci_patlama@R25,115,115,0,70,47,0,0,0,0,0,0.407,509.711,13.089
8,Run50_KirilmaV1,Patlama yolu,bahcivan,standart,107,kırılma,42,,,727,209,357,0,0,161,216,208,147,122,34,30917,53854,4500,0,0,4285,2259,924,4460,3689,4369,61898,80,6,121.72,1.25,1.3,1.17,2.198,12,0.417,2.111,38,11.79,1.03,1.11,1.13,1.18,1.62,96,85,79,72,28,0.1,0.95,0.65,1.14,4.14,24,112,0.503,0.241,3.925,1284,5,194,10,hizli_bilekx2 genis_savurusx1 kivilcimx2 artci_patlamax1 keskin_bicakx1 yikim_gucux1,108,0,45,79,237,81,150,0,2,2,3,artci_patlama@R25,139,139,0,157,101,0,0,0,0,0,0.482,687.044,16.156
8,Run50_KirilmaV1,Patlama yolu,bahcivan,standart,107,kırılma,43,,,775,214,405,0,0,156,265,216,153,112,29,26164,80018,4500,0,0,4445,2310,840,6645,4099,5014,62493,82,6,126.4,1.25,1.3,1.17,2.198,12,0.433,2.222,38,11.82,1.07,1.07,1.21,1.31,1.44,95,93,81,63,42,0.43,0.42,1.07,2.01,2.21,29,121,0.497,0.306,4.131,1318,4,198,5,hizli_bilekx2 genis_savurusx1 kivilcimx2 artci_patlamax1 keskin_bicakx1 yikim_gucux1,112,0,45,81,243,87,150,0,2,2,3,artci_patlama@R25,128,128,0,169,119,0,0,0,0,0,0.397,581.422,17.222
8,Run50_KirilmaV1,Patlama yolu,bahcivan,standart,107,kırılma,44,,,750,206,402,0,0,142,246,196,167,109,32,29462,109480,4500,0,0,4080,2613,852,5905,6712,5866,64793,84,6,134.4,1.25,1.3,1.17,2.198,12,0.45,2.222,38,11.84,1.04,1.11,1.26,1.36,1.27,96,83,77,60,56,0.29,0.84,1.88,1.76,1.28,29,121,0.5,0.339,4.131,1318,3,201,0,hizli_bilekx2 genis_savurusx1 kivilcimx2 artci_patlamax1 keskin_bicakx1 yikim_gucux1,110,0,45,83,249,93,150,0,2,2,3,artci_patlama@R25,129,129,0,153,104,0,0,0,0,0,0.463,654.711,16.667
8,Run50_KirilmaV1,Patlama yolu,bahcivan,standart,107,kırılma,45,,,759,212,412,0,0,135,236,202,164,110,47,34018,143498,4500,34018,800,4510,2613,1086,5215,9325,6712,69592,86,6,142.4,1.25,1.3,1.17,2.198,12,0.45,2.333,38,11.79,1.07,1.08,1.23,1.32,1.23,94,85,70,62,59,0.41,0.6,1.77,1.99,0.99,29,121,0.505,0.331,4.071,1337,3,204,0,hizli_bilekx2 genis_savurusx1 kivilcimx2 artci_patlamax1 keskin_bicakx1 yikim_gucux1,116,0,45,85,255,99,150,0,2,2,3,artci_patlama@R25,144,144,0,200,130,0,0,0,0,0,0.479,755.956,16.867
8,Run50_KirilmaV1,Patlama yolu,bahcivan,standart,107,kırılma,46,,,844,245,450,0,0,149,295,196,191,124,38,31035,31035,6000,0,0,4345,3144,1050,4360,12469,7762,76511,88,6,150.4,1.25,1.3,0.995,2.198,12,0.45,2.333,45,11.47,1.05,1.06,1.12,1.29,1.38,94,86,83,74,55,0.24,0.29,1.09,2.23,3.14,29,121,0.481,0.273,4.071,1337,2,206,0,hizli_bilekx3 genis_savurusx1 kivilcimx2 artci_patlamax1 keskin_bicakx1 yikim_gucux1,126,0,45,87,261,105,150,0,2,2,3,artci_patlama@R25,173,169,4,163,107,0,0,0,0,0,0.38,689.667,18.756
8,Run50_KirilmaV1,Patlama yolu,bahcivan,standart,107,kırılma,47,,,864,246,446,0,0,172,286,217,201,128,32,29976,61011,6000,0,0,4700,2892,1104,5560,15361,8576,86671,90,6,150.4,1.25,1.3,0.995,2.198,12,0.45,2.444,45,11.29,1.08,1.09,1.13,1.2,1.36,93,86,85,68,60,0.74,0.33,0.73,1.04,1.07,29,121,0.455,0.182,4.014,1356,3,209,0,hizli_bilekx3 genis_savurusx1 kivilcimx2 artci_patlamax1 keskin_bicakx1 yikim_gucux1,129,0,45,89,267,111,150,0,2,2,3,artci_patlama@R25,156,156,0,170,125,0,0,0,0,0,0.421,666.133,19.2
8,Run50_KirilmaV1,Patlama yolu,bahcivan,standart,107,kırılma,48,,,888,256,460,0,0,172,289,233,189,143,34,31687,92698,6000,0,0,4795,3063,1098,6255,18424,9674,91534,92,6,158.4,1.25,1.3,0.995,2.198,12,0.45,2.444,45,11.51,1.06,1.08,1.11,1.11,1.13,95,87,87,80,73,0.22,0.28,0.62,0.38,0.75,29,121,0.45,0.198,4.014,1356,1,210,0,hizli_bilekx3 genis_savurusx1 kivilcimx2 artci_patlamax1 keskin_bicakx1 yikim_gucux1,129,0,45,91,273,117,150,0,2,2,3,artci_patlama@R25,192,188,4,178,112,0,0,0,0,0,0.488,704.156,19.733
8,Run50_KirilmaV1,Patlama yolu,bahcivan,standart,107,kırılma,49,,,866,265,444,0,0,157,290,209,210,128,29,28185,120883,6000,0,0,4595,3042,966,6250,21466,10310,94067,94,6,158.4,1.25,1.3,0.995,2.198,12,0.45,2.556,45,11.73,1.04,1.2,1.1,1.17,1.38,96,77,85,74,50,0.36,1.24,0.51,0.5,1.62,29,121,0.492,0.322,3.879,1404,3,213,0,hizli_bilekx3 genis_savurusx1 kivilcimx2 artci_patlamax1 keskin_bicakx1 yikim_gucux1,130,0,45,93,279,121,152,0,2,2,3,artci_patlama@R25,185,180,5,234,138,0,0,0,0,0,0.529,626.333,19.244
8,Run50_KirilmaV1,Patlama yolu,bahcivan,standart,107,kırılma,50,,,881,275,441,0,0,165,281,230,209,124,37,30113,150996,6000,0,0,5180,2985,1044,11430,24451,11354,99999,96,6,158.4,1.25,1.3,0.995,2.198,12,0.45,2.556,45,11.78,1.08,1.11,1.1,1.25,1.33,92,84,84,63,56,0.25,0.46,0.37,1.34,1.66,29,121,0.505,0.281,3.841,1418,0,213,0,hizli_bilekx3 genis_savurusx1 kivilcimx2 artci_patlamax1 keskin_bicakx1 yikim_gucux1,131,0,45,95,285,121,158,0,2,2,3,artci_patlama@R25,192,189,3,255,150,0,0,0,0,0,0.421,669.178,19.578
8,Run50_KirilmaV1,Patlama yolu,bahcivan,standart,107,kırılma,50,KAZANDI
9,Run50_KirilmaV1,Patlama yolu,bahcivan,standart,108,kırılma,1,,,12,12,0,0,0,0,11,0,1,0,0,21,21,45,0,0,22,4,0,22,4,0,260,1,0,10,1,1,3,0.9,4,0.3,2,14,2.07,1.91,,4,,,14,,0,,,2.73,,9,,,2,4,0.376,0,8,23,0,0,2,,3,0.171,45,0,0,0,0,0,0,0,0,,0,0,0,0,0,0,0,0,0,0,0.75,0.467,0.267
9,Run50_KirilmaV1,Patlama yolu,bahcivan,standart,108,kırılma,2,,,14,14,0,0,0,0,12,2,0,0,0,18,39,45,0,0,32,0,0,34,4,0,300,2,3,10,1,1,3,0.9,4,0.3,2,14,2.43,1.92,3.5,,,,10,0,,,,3,10.5,,,,3,5,0.524,0.2,8,28,0,0,1,,4,0,45,1,3,0,0,0,0,0,0,,0,0,0,0,0,0,0,0,0,0,0.6,0.4,0.311
9,Run50_KirilmaV1,Patlama yolu,bahcivan,standart,108,kırılma,3,,,18,17,1,0,0,0,11,6,1,0,0,39,78,45,0,0,46,4,0,48,8,0,440,3,3,11.33,1,1,3,0.9,4,0.3,2,14,2.79,1.82,2.2,3,,,30,0,0,,,3.27,6.6,9,,,4,6,0.477,0,8,34,2,2,1,,5,0.044,45,2,6,3,0,0,2,2,3,,0,0,0,0,0,0,0,0,0,0,0.667,0.867,0.4
9,Run50_KirilmaV1,Patlama yolu,bahcivan,standart,108,kırılma,4,,,17,17,0,0,0,0,15,1,1,0,0,28,106,45,0,0,34,4,0,35,12,0,414,4,3,11.33,1,1,3,0.9,4,0.3,2,14,3.21,2.2,1,2,,,12,0,,,,7,0,3,,,5,8,0.573,0.25,8,45,1,3,1,,4,0,45,3,9,6,0,0,2,2,3,,0,0,0,0,0,0,0,0,0,0,0.875,0.622,0.378
9,Run50_KirilmaV1,Patlama yolu,bahcivan,standart,108,kırılma,5,,,17,16,1,0,0,0,10,6,1,0,0,38,144,45,38,8,44,4,0,52,16,0,503,5,3,12,1,1,2.892,0.9,4,0.3,2,15,2.4,1.78,1.67,5,,,10,0,0,,,5.14,2.41,17.33,,,5,8,0.406,0,7.804,46,4,7,0,,6,0.349,45,4,12,9,0,0,2,2,3,,0,0,0,0,0,0,0,0,0,0,0.25,0.844,0.378
9,Run50_KirilmaV1,Patlama yolu,bahcivan,standart,108,kırılma,6,,,23,23,0,0,0,0,14,7,2,0,0,55,55,110,0,0,56,8,0,58,24,0,668,6,3,12,1.25,1,2.892,0.9,4,0.3,2,15,3.33,1.86,2.43,2.5,,,0,0,0,,,5.17,8.27,5.77,,,6,9,0.577,0.222,7.804,52,1,8,1,keskin_bicakx1,4,0,45,5,15,9,3,0,2,2,3,,0,0,0,0,0,0,0,0,0,0,0.222,1.222,0.511
9,Run50_KirilmaV1,Patlama yolu,bahcivan,standart,108,kırılma,7,,,27,25,2,0,0,0,20,5,2,0,0,55,110,110,0,0,60,8,0,62,32,0,735,8,6,12.67,1.25,1,2.789,0.9,4,0.3,2,16,3.19,1.56,2.4,2.5,,,37,0,0,,,3.1,10.05,9.77,,,7,10,0.55,0.2,7.613,59,4,12,1,keskin_bicakx1,5,0,45,7,21,12,3,0,2,2,3,,0,0,0,0,0,0,0,0,0,0,0.4,1.222,0.6
9,Run50_KirilmaV1,Patlama yolu,bahcivan,standart,108,kırılma,8,,,26,25,1,0,0,0,18,6,2,0,0,56,166,110,0,0,66,8,0,86,40,0,711,9,3,13.33,1.25,1,2.789,0.9,4,0.3,2,16,3.5,1.71,2.5,2,,,24,0,0,,,4.76,10.22,8.38,,,8,11,0.56,0.273,7.613,65,2,14,1,keskin_bicakx1,7,0,45,8,24,18,3,0,2,2,3,,0,0,0,0,0,0,0,0,0,0,0.545,1.244,0.578
9,Run50_KirilmaV1,Patlama yolu,bahcivan,standart,108,kırılma,9,,,34,28,6,0,0,0,24,10,0,0,0,54,220,110,0,0,98,0,0,101,40,0,894,10,3,14,1.25,1,2.789,0.9,4,0.3,2,16,3.56,1.62,1.57,,,,23,22,,,,3.98,4.79,,,,9,13,0.569,0.385,7.613,77,2,16,1,keskin_bicakx1,6,0,45,9,27,21,3,0,2,2,3,,0,0,0,0,0,0,0,0,0,0,0.462,1.2,0.756
9,Run50_KirilmaV1,Patlama yolu,bahcivan,standart,108,kırılma,10,,,30,27,3,0,0,0,21,8,1,0,0,55,275,110,55,16,82,4,0,95,44,0,799,12,6,14.67,1.25,1,2.689,0.9,4,0.3,2,16,3.88,1.67,2,3,,,14,14,0,,,4.78,8.06,5.37,,,10,15,0.642,0.4,7.427,91,4,20,1,keskin_bicakx1,6,0,45,11,33,24,3,0,2,2,3,,0,0,0,0,0,0,0,0,0,0,0.6,1.222,0.667
9,Run50_KirilmaV1,Patlama yolu,bahcivan,standart,108,kırılma,11,,,46,26,18,0,0,2,33,9,3,1,0,120,120,150,0,0,144,12,2,146,56,2,1249,13,3,15.64,1.25,1,2.592,0.9,4,0.3,2,17,3.76,1.52,1.67,2,,,28,0,0,0,,3.95,1.72,3.88,,,11,17,0.603,0.176,7.199,106,3,23,1,keskin_bicakx1 artci_patlamax1,12,0,45,12,36,25,8,0,2,2,3,artci_patlama@R10,9,9,0,23,10,0,0,0,0,0,0.176,2.667,1.022
9,Run50_KirilmaV1,Patlama yolu,bahcivan,standart,108,kırılma,12,,,42,28,14,0,0,0,33,8,1,0,0,69,189,150,0,0,139,4,0,165,30,2,1154,15,6,16.36,1.25,1,2.5,0.9,4,0.3,2,17,3.94,1.61,2.2,,,,27,14,0,,,5.33,11,,,,12,20,0.618,0.15,6.911,130,5,28,1,keskin_bicakx1 artci_patlamax1,11,0,45,14,42,25,11,0,2,2,3,artci_patlama@R10,8,8,0,12,8,0,0,0,0,0,0.8,1.533,0.933
9,Run50_KirilmaV1,Patlama yolu,bahcivan,standart,108,kırılma,13,,,50,32,17,0,0,1,31,16,3,0,0,118,307,150,0,0,173,12,0,175,42,2,1541,16,3,18.13,1.25,1,2.5,0.9,4,0.3,2,17,3.94,1.19,1.64,,,,55,13,0,,,0.71,7.27,,,,13,23,0.677,0.348,6.611,157,5,33,1,keskin_bicakx1 artci_patlamax1,15,0,45,15,45,31,11,0,2,2,3,artci_patlama@R10,10,10,0,19,9,0,0,0,0,0,0.696,2.622,1.111
9,Run50_KirilmaV1,Patlama yolu,bahcivan,standart,108,kırılma,14,,,52,36,16,0,0,0,31,18,2,1,0,148,455,150,0,0,183,8,2,192,25,4,1612,18,6,18.13,1.25,1,2.41,0.9,4,0.3,2,18,4,1.22,1.55,1.5,,,54,10,0,0,,0.63,5.48,3.62,,,14,26,0.7,0.346,6.644,176,3,36,1,keskin_bicakx1 artci_patlamax1,17,0,45,17,51,34,11,0,2,2,3,artci_patlama@R10,10,10,0,26,7,0,0,0,0,0,0.808,3.289,1.156
9,Run50_KirilmaV1,Patlama yolu,bahcivan,standart,108,kırılma,15,,,45,26,19,0,0,0,27,10,6,2,0,200,655,150,200,30,141,24,4,146,49,8,1563,19,3,19.2,1.25,1,2.41,0.9,4,0.3,2,18,4,1.29,1.5,1.8,1.5,,36,11,0,0,0,2.27,1.2,9.15,3.62,,16,30,0.64,0.367,6.697,202,4,40,2,keskin_bicakx1 artci_patlamax1,12,0,45,18,54,40,11,0,2,2,3,artci_patlama@R10,9,9,0,18,6,0,0,0,0,0,0.633,4.444,1
9,Run50_KirilmaV1,Patlama yolu,bahcivan,standart,108,kırılma,16,,,59,38,21,0,0,0,32,16,8,2,1,408,408,220,0,0,235,32,4,235,81,12,2102,20,3,19.2,1.25,1,2.324,0.935,4,0.42,2,19,4,1.14,1.56,1.75,1.5,2,50,17,0,0,0,0.32,3.36,2.9,1.17,6.97,17,33,0.762,0.576,6.413,232,4,44,1,keskin_bicakx1 artci_patlamax1 kritik_gozx1,14,0,45,19,57,43,11,0,2,2,3,artci_patlama@R10,13,13,0,42,13,0,0,0,0,0,0.727,9.067,1.311
9,Run50_KirilmaV1,Patlama yolu,bahcivan,standart,108,kırılma,17,,,66,38,28,0,0,0,39,15,6,4,2,570,978,220,0,0,207,48,16,244,79,28,2583,22,6,20.27,1.25,1,2.24,0.97,4,0.42,2,20,4,1.15,1.33,1.25,2,1.5,63,11,0,0,0,2.02,3.98,2.8,4.48,19.03,17,40,0.738,0.525,6.256,288,7,51,3,keskin_bicakx1 artci_patlamax1 kritik_gozx1,15,0,45,21,63,46,11,0,2,2,3,artci_patlama@R10,14,14,0,53,16,0,0,0,0,0,0.9,12.667,1.467
9,Run50_KirilmaV1,Patlama yolu,bahcivan,standart,108,kırılma,18,,,86,39,47,0,0,0,39,25,13,8,1,724,1702,220,0,0,267,65,24,319,94,52,3738,24,6,24.3,1.25,1,2.16,0.97,4,0.42,2,20,4,1.06,1.55,1.75,1.4,2,63,19,0,0,,0.12,5.5,4.87,0.87,8.67,16,42,0.718,0.452,5.816,325,5,56,3,keskin_bicakx1 artci_patlamax1 kritik_gozx1,23,0,45,23,69,49,14,0,2,2,3,artci_patlama@R10,19,19,0,53,29,0,0,0,0,0,0.857,16.089,1.911
9,Run50_KirilmaV1,Patlama yolu,bahcivan,standart,108,kırılma,19,,,103,39,64,0,0,0,62,22,10,7,2,769,2471,220,0,0,363,50,22,392,131,54,4207,26,6,24.3,1.25,1,2.16,0.97,4,0.42,2,20,4,1.14,1.22,1,2,,74,50,0,20,0,1.31,0.72,0,17.27,,17,49,0.702,0.469,5.737,384,1,57,6,keskin_bicakx1 artci_patlamax1 kritik_gozx1,21,0,45,25,75,49,20,0,2,2,3,artci_patlama@R10,23,23,0,86,37,0,0,0,0,0,0.857,17.089,2.289
9,Run50_KirilmaV1,Patlama yolu,bahcivan,standart,108,kırılma,20,,,113,39,74,0,0,0,40,35,27,8,3,1072,3543,220,1072,45,330,175,26,332,226,60,6078,29,9,25.51,1.25,1,2.16,1.075,6,0.42,2,20,6,1.27,1.4,1.36,2,2,55,11,14,0,,2.45,2.81,2.55,6.48,8.67,15,49,0.728,0.51,5.468,403,12,69,1,keskin_bicakx1 artci_patlamax1 kritik_gozx1,25,0,45,28,84,49,26,0,2,2,3,artci_patlama@R10,26,26,0,119,49,0,0,0,0,0,0.755,23.822,2.511
9,Run50_KirilmaV1,Patlama yolu,bahcivan,standart,108,kırılma,21,,,146,43,103,0,0,0,57,47,23,16,3,1553,1553,300,0,0,543,135,32,695,161,92,9845,32,9,25.51,1.25,1,2.16,1.075,6,0.42,2,20,6,1.18,1.23,1.6,2,2.5,59,33,25,0,0,1.02,1.5,6.91,12.97,11.88,15,49,0.642,0.265,5.293,417,2,71,0,keskin_bicakx1 artci_patlamax1 kritik_gozx1 bilgi_filizix1,38,0,45,31,93,49,35,0,2,2,3,artci_patlama@R10,31,31,0,107,56,0,0,0,0,0,0.612,34.511,3.244
9,Run50_KirilmaV1,Patlama yolu,bahcivan,standart,108,kırılma,22,,,179,59,120,0,0,0,79,48,31,13,8,2301,3854,300,0,0,660,230,72,720,336,164,12011,35,9,33.24,1.25,1,2.092,1.075,6,0.42,2,21,6,1.03,1.33,1,1.8,1,90,54,13,13,0,0.29,2.51,0,2.93,0,15,49,0.573,0.286,5.293,417,6,77,0,keskin_bicakx1 artci_patlamax1 kritik_gozx1 bilgi_filizix1,36,0,45,34,102,49,44,0,2,2,3,artci_patlama@R10,46,46,0,118,51,0,0,0,0,0,0.551,51.133,3.978
9,Run50_KirilmaV1,Patlama yolu,bahcivan,standart,108,kırılma,23,,,167,58,109,0,0,0,59,45,36,19,8,2818,6672,300,0,0,492,308,93,532,361,137,11948,38,9,34.76,1.25,1,2.026,1.11,6,0.42,2,22,5.95,1.05,1.17,1.33,1.33,1.33,68,57,25,10,0,0.21,0.79,3.21,3.04,1.36,16,53,0.635,0.34,5.336,447,8,85,2,keskin_bicakx1 artci_patlamax1 kritik_gozx1 bilgi_filizix1,31,0,45,37,111,49,53,0,2,2,3,artci_patlama@R10,40,40,0,133,57,0,0,0,0,0,0.491,62.622,3.711
9,Run50_KirilmaV1,Patlama yolu,bahcivan,standart,108,kırılma,24,,,170,56,114,0,0,0,82,43,30,9,6,1833,8505,300,0,0,594,203,63,691,291,120,10467,40,6,38.16,1.25,1,2.026,1.11,6,0.42,2,22,6,1.25,1.43,1.7,2.33,2,58,48,17,0,,1.12,2.22,4.46,8.1,7.1,22,81,0.742,0.198,5.261,693,2,87,11,keskin_bicakx1 artci_patlamax1 kritik_gozx1 bilgi_filizix1,41,0,45,39,117,58,53,0,2,2,3,artci_patlama@R10,32,32,0,122,59,0,0,0,0,0,0.531,40.733,3.778
9,Run50_KirilmaV1,Patlama yolu,bahcivan,standart,108,kırılma,25,,,150,54,96,0,0,0,60,40,28,18,4,2268,10773,300,2268,65,468,250,66,509,541,136,10256,41,3,39.82,1.25,1,1.962,1.145,6,0.42,2,22,6,1.22,1.21,1.5,1.83,2,57,59,8,0,0,0.76,1.86,4.12,6.87,1.97,22,81,0.631,0.481,5.208,700,6,93,0,keskin_bicakx1 artci_patlamax1 kritik_gozx1 bilgi_filizix1,31,0,45,40,120,64,53,0,2,2,3,artci_patlama@R10,31,31,0,111,42,0,0,0,0,0,0.605,50.4,3.333
9,Run50_KirilmaV1,Patlama yolu,bahcivan,standart,108,kırılma,26,,,182,66,116,0,0,0,72,55,35,16,4,2479,2479,500,0,0,642,272,78,796,343,214,11794,43,6,39.82,1.25,1.3,1.962,1.18,6,0.42,2,22,6,1.04,1.17,1.56,1.75,4,74,68,53,14,0,0.08,1.62,3.7,4.66,23.57,22,81,0.735,0.42,5.208,700,5,98,0,keskin_bicakx1 artci_patlamax1 kritik_gozx1 bilgi_filizix1 yikim_gucux1,45,0,45,42,126,67,53,0,2,2,3,artci_patlama@R10,38,38,0,90,53,0,0,0,0,0,1,55.089,4.044
9,Run50_KirilmaV1,Patlama yolu,bahcivan,standart,108,kırılma,27,,,177,53,124,0,0,0,80,43,35,13,6,2961,5440,500,0,0,697,308,80,843,651,294,11574,45,6,43.38,1.25,1.3,1.962,1.215,6,0.42,2,22,6,1.24,1.31,1.44,2.5,1.5,64,55,26,11,0,1.49,1.82,3.27,5.89,2.95,22,81,0.765,0.556,5.208,700,4,102,0,keskin_bicakx1 artci_patlamax1 kritik_gozx1 bilgi_filizix1 yikim_gucux1,37,0,45,44,132,73,53,0,2,2,3,artci_patlama@R10,33,33,0,98,54,0,0,0,0,0,0.679,65.8,3.933
9,Run50_KirilmaV1,Patlama yolu,bahcivan,standart,108,kırılma,28,,,234,56,178,0,0,0,110,55,42,24,3,2747,8187,500,0,0,846,396,100,919,487,329,15243,47,6,49.54,1.25,1.3,1.901,1.265,6,0.42,2,23,6,1.1,1.09,1.11,2,,71,76,19,8,0,0.38,0.91,1.27,8.08,,22,81,0.675,0.42,5.208,700,5,107,0,keskin_bicakx1 artci_patlamax1 kritik_gozx1 bilgi_filizix1 yikim_gucux1,39,0,45,46,138,79,53,0,2,2,3,artci_patlama@R10,38,38,0,117,79,0,0,0,0,0,0.605,61.044,5.2
9,Run50_KirilmaV1,Patlama yolu,bahcivan,standart,108,kırılma,29,,,204,61,143,0,0,0,83,54,38,22,7,4105,12292,500,0,0,765,441,136,879,508,465,13956,49,6,49.54,1.25,1.3,1.901,1.265,6,0.42,2,23,6,1.08,1.18,1.45,1.17,1.5,77,69,29,25,0,0.76,1.68,3.63,0.32,2.85,22,81,0.713,0.494,5.065,720,6,113,0,keskin_bicakx1 artci_patlamax1 kritik_gozx1 bilgi_filizix1 yikim_gucux1,40,0,45,48,144,81,57,0,2,2,3,artci_patlama@R10,42,42,0,104,62,0,0,0,0,0,0.654,91.222,4.533
9,Run50_KirilmaV1,Patlama yolu,bahcivan,standart,108,kırılma,30,,,178,41,137,0,0,0,72,45,37,20,4,2988,15280,500,2988,100,713,377,102,1022,775,487,11992,50,3,49.54,1.25,1.3,1.841,1.315,6,0.42,2,24,4,1.33,1.21,1.43,2,1,58,67,19,14,0,2.09,1.58,2.37,5.99,0,22,81,0.739,0.556,5.057,721,4,117,0,keskin_bicakx1 artci_patlamax1 kritik_gozx1 bilgi_filizix1 yikim_gucux1,35,0,45,49,147,81,63,0,2,2,3,artci_patlama@R10,35,35,0,121,66,0,0,0,0,0,0.802,66.4,3.956
9,Run50_KirilmaV1,Patlama yolu,bahcivan,standart,108,kırılma,31,,,346,97,249,0,0,0,138,82,83,32,11,6234,6234,1200,0,0,1472,879,208,1804,934,695,24093,52,6,56.1,1.25,1.3,1.289,1.315,6,0.42,2,34,6,1.11,1.1,1.22,1.33,1.5,84,70,47,38,17,0.43,1.38,1.22,2.43,1.94,22,81,0.554,0.358,5.057,721,3,120,0,keskin_bicakx1 artci_patlamax1 kritik_gozx1 bilgi_filizix1 yikim_gucux1 firtina_bilegix1,55,0,45,51,153,81,66,0,2,2,3,artci_patlama@R10,72,72,0,178,113,0,0,0,0,0,0.506,138.533,7.689
9,Run50_KirilmaV1,Patlama yolu,bahcivan,standart,108,kırılma,32,,,340,95,245,0,0,0,142,92,68,28,10,6046,12280,1200,0,0,1602,801,180,1896,1255,780,23818,54,6,56.1,1.25,1.3,1.248,1.365,6,0.42,2,36,6,1.09,1.1,1.47,1.08,1,70,81,34,50,0,0.39,1.05,2.41,0.96,0,22,81,0.552,0.358,5.034,724,7,127,0,keskin_bicakx1 artci_patlamax1 kritik_gozx1 bilgi_filizix1 yikim_gucux1 firtina_bilegix1,56,0,45,53,159,81,72,0,2,2,3,artci_patlama@R10,74,72,2,193,108,0,0,0,0,0,0.42,134.356,7.556
9,Run50_KirilmaV1,Patlama yolu,bahcivan,standart,108,kırılma,33,,,328,102,224,0,0,2,131,98,62,31,6,5250,17530,1200,0,0,1468,724,200,1999,799,980,22846,56,6,60.05,1.25,1.3,1.248,1.365,6,0.47,2,36,6,1.12,1.21,1.07,1.43,1.5,81,66,46,31,0,0.87,1.07,0.08,2.67,3.13,22,81,0.567,0.395,4.873,748,7,134,0,keskin_bicakx1 artci_patlamax1 kritik_gozx1 bilgi_filizix1 yikim_gucux1 firtina_bilegix1,52,0,45,55,165,81,78,0,2,2,3,artci_patlama@R10,69,67,2,159,101,0,0,0,0,0,0.506,116.667,7.289
9,Run50_KirilmaV1,Patlama yolu,bahcivan,standart,108,kırılma,34,,,439,146,293,0,0,0,197,103,71,62,6,7683,25213,1200,0,0,1892,808,340,1931,1607,1210,31075,59,9,65.98,1.25,1.3,1.209,1.415,9,0.47,2,37,8.46,1.04,1.16,1.45,1.53,1.25,90,70,41,33,50,0.19,1.13,2.9,3.94,3.02,22,81,0.451,0.296,4.85,752,4,138,0,keskin_bicakx1 artci_patlamax1 kritik_gozx1 bilgi_filizix1 yikim_gucux1 firtina_bilegix1,66,0,45,58,174,81,84,0,2,2,3,artci_patlama@R10,99,99,0,173,112,0,0,0,0,0,0.383,170.733,9.756
9,Run50_KirilmaV1,Patlama yolu,bahcivan,standart,108,kırılma,35,,,368,128,238,0,0,2,179,87,61,35,6,5256,30469,1200,5256,220,1703,850,180,1884,1137,1390,26649,60,3,69.27,1.25,1.3,1.209,1.415,9,0.47,2,37,7.43,1.05,1.11,1.17,1.63,1.5,86,88,57,28,0,0.39,0.6,1.61,3.18,2.42,22,81,0.307,0.136,4.791,761,5,143,0,keskin_bicakx1 artci_patlamax1 kritik_gozx1 bilgi_filizix1 yikim_gucux1 firtina_bilegix1,67,0.006,45,59,177,81,93,0,2,2,3,artci_patlama@R10,93,93,0,126,78,0,0,0,0,0,0.346,116.8,8.178
9,Run50_KirilmaV1,Patlama yolu,bahcivan,standart,108,kırılma,36,,,471,143,327,0,0,1,189,116,86,60,20,10397,10397,2800,0,0,2475,1168,452,2569,1865,1717,36158,63,9,73.42,1.25,1.3,1.209,1.515,9,0.503,2,37,8.73,1.05,1.12,1.5,1.38,1.33,89,80,41,34,33,0.18,0.7,2.48,2.72,2.83,22,81,0.509,0.321,3.963,920,7,150,0,keskin_bicakx1 artci_patlamax1 kritik_gozx1 bilgi_filizix1 yikim_gucux1 firtina_bilegix1 bereketli_toprakx1,72,0,45,62,186,81,96,0,2,2,3,artci_patlama@R10,100,100,0,231,128,0,0,0,0,0,0.432,231.044,10.467
9,Run50_KirilmaV1,Patlama yolu,bahcivan,standart,108,kırılma,37,,,492,164,326,0,0,2,203,120,96,55,18,10283,20680,2800,0,0,2232,1347,447,2251,1612,2164,37305,65,6,83.44,1.25,1.3,1.171,1.515,9,0.503,2,38,8.55,1.02,1.14,1.11,1.44,1.8,92,82,72,53,0,0.11,0.68,0.79,1.69,3.5,22,81,0.483,0.333,3.952,922,5,155,0,keskin_bicakx1 artci_patlamax1 kritik_gozx1 bilgi_filizix1 yikim_gucux1 firtina_bilegix1 bereketli_toprakx1,74,0,45,64,192,81,105,0,2,2,3,artci_patlama@R10,115,115,0,219,127,0,0,0,0,0,0.568,228.511,10.933
9,Run50_KirilmaV1,Patlama yolu,bahcivan,standart,108,kırılma,38,,,473,154,319,0,0,0,203,116,97,42,15,9314,29994,2800,0,0,2632,1416,308,2723,2518,2332,36227,67,6,83.44,1.25,1.3,1.171,1.515,9,0.503,2,38,8.58,1.05,1.11,1.28,1.43,1,88,83,57,42,50,0.16,0.44,2.34,2.34,0,22,81,0.523,0.296,3.836,950,5,160,0,keskin_bicakx1 artci_patlamax1 kritik_gozx1 bilgi_filizix1 yikim_gucux1 firtina_bilegix1 bereketli_toprakx1,86,0,45,66,198,81,111,0,2,2,3,artci_patlama@R10,108,108,0,190,108,0,0,0,0,0,0.617,206.978,10.511
9,Run50_KirilmaV1,Patlama yolu,bahcivan,standart,108,kırılma,39,,,518,178,337,0,0,3,203,140,105,57,13,10014,40008,2800,0,0,2645,1535,420,2918,1713,2752,40263,69,6,94.04,1.25,1.3,1.134,1.515,9,0.503,2,39,8.46,1.03,1,1.13,1.13,1.14,94,81,68,65,60,0.13,0,0.63,1.36,0.32,22,81,0.498,0.284,3.703,984,5,165,0,keskin_bicakx1 artci_patlamax1 kritik_gozx1 bilgi_filizix1 yikim_gucux1 firtina_bilegix1 bereketli_toprakx1,73,0,45,68,204,81,117,0,2,2,3,artci_patlama@R10,121,121,0,226,128,0,0,0,0,0,0.543,222.533,11.511
9,Run50_KirilmaV1,Patlama yolu,bahcivan,standart,108,kırılma,40,,,482,158,324,0,0,0,188,131,98,50,15,10143,50151,2800,10143,500,2973,1396,381,3961,1709,2978,39738,70,3,98.13,1.25,1.3,1.134,1.515,9,0.503,2,39,8.62,1.07,1.1,1.24,1.27,1.67,87,68,72,35,14,0.43,0.55,1.04,1.44,2.65,22,81,0.534,0.284,3.682,990,5,170,0,keskin_bicakx1 artci_patlamax1 kritik_gozx1 bilgi_filizix1 yikim_gucux1 firtina_bilegix1 bereketli_toprakx1,75,0,45,69,207,81,123,0,2,2,3,artci_patlama@R10,115,115,0,278,144,0,0,0,0,0,0.494,225.4,10.711
9,Run50_KirilmaV1,Patlama yolu,bahcivan,standart,108,kırılma,41,,,566,178,386,0,0,2,227,152,112,58,17,11032,11032,4500,0,0,3192,1734,550,3303,2173,3378,46155,72,6,105.24,1.25,1.3,1.134,1.565,9,0.503,2.111,39,8.79,1.01,1.1,1.14,1.36,1.67,97,78,80,57,43,0.13,0.85,0.55,1.94,4.91,22,81,0.471,0.346,3.592,1015,6,176,0,keskin_bicakx1 artci_patlamax1 kritik_gozx1 bilgi_filizix1 yikim_gucux1 firtina_bilegix1 bereketli_toprakx1 nadir_tohumx1,80,0,45,71,213,81,126,0,2,2,3,artci_patlama@R10,129,129,0,269,152,0,0,0,0,0,0.444,245.156,12.578
9,Run50_KirilmaV1,Patlama yolu,bahcivan,standart,108,kırılma,42,,,615,177,432,0,0,6,225,164,142,69,15,11863,22895,4500,0,0,3360,1908,558,3548,2418,1866,51860,74,6,109.63,1.25,1.3,1.134,1.565,9,0.503,2.111,39,9,1.07,1.11,1.12,1.22,1.33,88,81,65,42,0,0.27,0.48,0.66,1.2,0.38,29,119,0.581,0.185,3.794,1411,6,182,15,keskin_bicakx1 artci_patlamax1 kritik_gozx1 bilgi_filizix1 yikim_gucux1 firtina_bilegix1 bereketli_toprakx1 nadir_tohumx1,97,0,45,73,219,81,132,0,2,2,3,artci_patlama@R10,114,114,0,309,190,0,0,0,0,0,0.563,263.622,13.667
9,Run50_KirilmaV1,Patlama yolu,bahcivan,standart,108,kırılma,43,,,645,190,455,0,0,0,240,213,110,68,14,12844,35739,4500,0,0,3735,1629,552,3983,2657,2223,53020,76,6,117.04,1.25,1.3,1.134,1.565,9,0.503,2.222,39,9,1,1.07,1.19,1.15,1,98,83,70,67,60,0,0.8,1.52,2.09,0,30,121,0.583,0.397,3.723,1463,5,187,1,keskin_bicakx1 artci_patlamax1 kritik_gozx1 bilgi_filizix1 yikim_gucux1 firtina_bilegix1 bereketli_toprakx1 nadir_tohumx1,97,0,45,75,225,87,132,0,2,2,3,artci_patlama@R10,132,132,0,306,190,0,0,0,0,0,0.595,285.422,14.333
9,Run50_KirilmaV1,Patlama yolu,bahcivan,standart,108,kırılma,44,,,634,183,450,0,0,1,224,177,136,80,17,14531,50270,4500,0,0,3475,1962,618,3708,2149,2841,56296,78,6,121.72,1.25,1.3,1.134,1.665,9,0.503,2.222,39,9,1.04,1.1,1.03,1.32,2,94,78,75,49,33,0.27,0.39,0.13,0.95,5.67,30,121,0.584,0.43,3.723,1463,6,193,0,keskin_bicakx1 artci_patlamax1 kritik_gozx1 bilgi_filizix1 yikim_gucux1 firtina_bilegix1 bereketli_toprakx1 nadir_tohumx1,100,0,45,77,231,93,132,0,2,2,3,artci_patlama@R10,121,121,0,318,187,0,0,0,0,0,0.595,322.911,14.089
9,Run50_KirilmaV1,Patlama yolu,bahcivan,standart,108,kırılma,45,,,441,128,307,0,0,6,138,133,100,54,16,11549,61819,4500,11549,800,2545,1380,474,3253,1629,3075,39263,80,6,134.4,1.25,1.3,1.134,1.665,9,0.503,2.333,39,6,1.02,1.08,1.24,1.25,1,93,82,67,42,67,0.16,0.34,1.8,1.7,0,30,121,0.724,0.595,3.618,1505,3,196,0,keskin_bicakx1 artci_patlamax1 kritik_gozx1 bilgi_filizix1 yikim_gucux1 firtina_bilegix1 bereketli_toprakx1 nadir_tohumx1,69,0,45,79,237,99,132,0,2,2,3,artci_patlama@R10,90,90,0,165,106,0,0,0,0,0,0.736,256.644,9.8
9,Run50_KirilmaV1,Patlama yolu,bahcivan,standart,108,kırılma,46,,,640,175,461,0,0,4,219,177,132,91,21,18070,18070,6000,0,0,3340,1980,744,3403,3609,3819,58969,81,3,134.4,1.25,1.3,1.134,1.665,9,0.553,2.333,39,8.97,1,1.05,1.1,1.46,1.14,99,86,68,48,31,0,0.33,0.49,3.92,0.65,30,121,0.607,0.43,3.618,1505,5,201,0,keskin_bicakx1 artci_patlamax1 kritik_gozx1 bilgi_filizix1 yikim_gucux1 firtina_bilegix1 bereketli_toprakx1 nadir_tohumx1 kivilcimx1,99,0,45,80,240,105,132,0,2,2,3,artci_patlama@R10,139,139,0,306,190,0,0,0,0,0,0.496,401.556,14.222
9,Run50_KirilmaV1,Patlama yolu,bahcivan,standart,108,kırılma,47,,,615,181,432,0,0,2,224,156,132,71,32,19224,37294,6000,0,0,3665,2103,678,3668,5712,4207,57155,83,6,142.4,1.25,1.3,1.134,1.665,9,0.553,2.444,39,9,1.01,1.11,1.05,1.07,1.3,95,83,75,64,47,0.08,0.98,0.25,0.32,1.81,30,121,0.618,0.496,3.618,1505,2,203,0,keskin_bicakx1 artci_patlamax1 kritik_gozx1 bilgi_filizix1 yikim_gucux1 firtina_bilegix1 bereketli_toprakx1 nadir_tohumx1 kivilcimx1,92,0,45,82,246,108,132,0,2,2,3,artci_patlama@R10,137,137,0,292,174,0,0,0,0,0,0.57,427.2,13.667
9,Run50_KirilmaV1,Patlama yolu,bahcivan,standart,108,kırılma,48,,,643,181,456,0,0,6,219,186,138,87,13,17203,54497,6000,0,0,3330,1905,624,3798,7617,4831,61806,85,6,142.4,1.25,1.3,1.134,1.665,9,0.553,2.444,39,9,1,1.04,1,1.11,3,96,86,78,61,25,0,0.3,0,0.57,19.27,30,121,0.597,0.471,3.618,1505,2,205,0,keskin_bicakx1 artci_patlamax1 kritik_gozx1 bilgi_filizix1 yikim_gucux1 firtina_bilegix1 bereketli_toprakx1 nadir_tohumx1 kivilcimx1,96,0,45,84,252,114,132,0,2,2,3,artci_patlama@R10,146,146,0,281,176,0,0,0,0,0,0.488,382.289,14.289
9,Run50_KirilmaV1,Patlama yolu,bahcivan,standart,108,kırılma,49,,,654,187,462,0,0,5,235,194,125,77,23,19342,73839,6000,0,0,3640,1908,726,6918,9525,5227,61909,86,3,142.4,1.25,1.3,1.134,1.665,9,0.57,2.556,39,9,1,1.02,1.02,1.13,1.14,92,89,80,57,50,0,0.15,0.35,0.71,0.81,30,121,0.593,0.446,3.504,1554,2,207,0,keskin_bicakx1 artci_patlamax1 kritik_gozx1 bilgi_filizix1 yikim_gucux1 firtina_bilegix1 bereketli_toprakx1 nadir_tohumx1 kivilcimx1,99,0,45,85,255,120,132,0,2,2,3,artci_patlama@R10,155,155,0,310,170,0,0,0,0,0,0.496,429.822,14.533
9,Run50_KirilmaV1,Patlama yolu,bahcivan,standart,108,kırılma,50,,,660,181,476,0,0,3,234,181,135,87,23,19508,93347,6000,0,0,3585,2088,744,5203,11613,5971,64795,88,6,150.4,1.25,1.3,1.134,1.665,9,0.57,2.556,39,9,1.03,1,1.09,1.1,1,87,86,81,72,75,0.57,0,0.68,0.45,0,30,121,0.596,0.446,3.504,1554,2,209,0,keskin_bicakx1 artci_patlamax1 kritik_gozx1 bilgi_filizix1 yikim_gucux1 firtina_bilegix1 bereketli_toprakx1 nadir_tohumx1 kivilcimx1,98,0,45,87,261,121,134,0,2,2,3,artci_patlama@R10,153,153,0,333,184,0,0,0,0,0,0.562,433.511,14.667
9,Run50_KirilmaV1,Patlama yolu,bahcivan,standart,108,kırılma,50,KAZANDI
10,Run50_KirilmaV1,Patlama yolu,bahcivan,standart,109,kırılma,1,,,13,13,0,0,0,0,11,1,1,0,0,24,24,45,0,0,26,4,0,26,4,0,290,1,0,10,1,1,3,0.9,4,0.3,2,13,2.38,2.18,3,3,,,8,0,0,,,3.55,6,6,,,2,4,0.394,0,8,23,0,0,2,,4,0.217,45,0,0,0,0,0,0,0,0,,0,0,0,0,0,0,0,0,0,0,0.25,0.533,0.289
10,Run50_KirilmaV1,Patlama yolu,bahcivan,standart,109,kırılma,2,,,14,14,0,0,0,0,11,2,1,0,0,27,51,45,0,0,30,4,0,31,8,0,320,2,3,10.67,1,1,3,0.9,4,0.3,2,14,2.36,1.82,3,3,,,18,0,0,,,3.55,6,9,,,3,5,0.446,0,8,28,1,1,1,,4,0.089,45,1,3,0,0,0,0,0,0,,0,0,0,0,0,0,0,0,0,0,1,0.6,0.311
10,Run50_KirilmaV1,Patlama yolu,bahcivan,standart,109,kırılma,3,,,17,17,0,0,0,0,12,4,1,0,0,34,85,45,0,0,40,4,0,44,12,0,400,3,3,11.33,1,1,3,0.9,4,0.3,2,14,2.93,2.08,2,3,,,7,0,0,0,,3.5,9,6,,,4,6,0.593,0.167,7.335,37,1,2,1,,4,0,45,2,6,3,0,0,2,2,0,,0,0,0,0,0,0,0,0,0,0,0.833,0.756,0.378
10,Run50_KirilmaV1,Patlama yolu,bahcivan,standart,109,kırılma,4,,,19,19,0,0,0,0,15,2,1,1,0,61,146,45,0,0,38,4,2,41,16,2,450,4,3,12,1,1,3,0.9,4,0.3,2,14,3.43,2,2,4,5,,0,0,0,,,4.2,10.5,12,33,,5,7,0.672,0.286,6.477,49,3,5,1,,4,0,45,3,9,6,0,0,2,2,0,,0,0,0,0,0,0,0,0,0,0,0.571,1.356,0.422
10,Run50_KirilmaV1,Patlama yolu,bahcivan,standart,109,kırılma,5,,,17,16,1,0,0,0,13,3,1,0,0,32,178,45,32,8,38,4,0,46,20,2,412,5,3,12,1,1,2.892,0.9,4,0.3,2,15,2.6,1.75,2.33,3,,,36,0,0,,,3.37,8.67,5.8,,,6,8,0.497,0.125,6.698,54,2,7,1,,5,0.055,45,4,12,9,0,0,2,2,5,,0,0,0,0,0,0,0,0,0,0,0.5,0.711,0.378
10,Run50_KirilmaV1,Patlama yolu,bahcivan,standart,109,kırılma,6,,,20,20,0,0,0,0,13,6,1,0,0,41,41,110,0,0,50,4,0,76,24,2,508,6,3,12,1,1.3,2.892,0.9,4,0.3,2,15,3.53,1.85,2.67,1,,,25,0,0,0,,3.78,12.53,0,,,7,9,0.685,0.444,6.803,60,0,7,1,yikim_gucux1,5,0,45,5,15,9,3,0,2,2,5,,0,0,0,0,0,0,0,0,0,0,0.778,0.911,0.444
10,Run50_KirilmaV1,Patlama yolu,bahcivan,standart,109,kırılma,7,,,24,23,1,0,0,0,16,5,2,1,0,81,122,110,0,0,52,8,2,62,32,4,635,7,3,12.67,1,1.3,2.789,0.9,4,0.3,2,16,3.5,1.81,2,1.5,2,,27,0,0,0,,3.83,6.98,1.4,5.57,,7,9,0.654,0.333,6.476,63,5,12,0,yikim_gucux1,5,0,45,6,18,9,6,0,2,2,5,,0,0,0,0,0,0,0,0,0,0,0.778,1.8,0.533
10,Run50_KirilmaV1,Patlama yolu,bahcivan,standart,109,kırılma,8,,,24,22,2,0,0,0,16,0,6,2,0,136,258,110,0,0,32,24,4,52,56,8,700,9,6,13.33,1,1.3,2.789,0.9,4,0.3,2,16,3.56,2,,3.4,1,,6,,0,,,6.88,,17.29,0,,8,10,0.707,0.3,6.618,68,2,14,1,yikim_gucux1,7,0,45,8,24,12,6,0,2,2,5,,0,0,0,0,0,0,0,0,0,0,0.4,3.022,0.533
10,Run50_KirilmaV1,Patlama yolu,bahcivan,standart,109,kırılma,9,,,23,21,2,0,0,0,18,3,1,1,0,67,325,110,0,0,51,4,2,53,60,10,570,9,0,13.33,1,1.3,2.789,0.9,4,0.3,2,16,3.56,1.94,2.33,3,4,,33,0,0,0,,5.75,7.43,5.57,19.53,,9,11,0.708,0.364,6.729,74,1,15,1,yikim_gucux1,7,0,45,8,24,18,6,0,2,2,5,,0,0,0,0,0,0,0,0,0,0,0.818,1.489,0.511
10,Run50_KirilmaV1,Patlama yolu,bahcivan,standart,109,kırılma,10,,,23,21,2,0,0,0,17,4,2,0,0,49,374,110,49,16,54,8,0,64,68,10,571,10,3,14,1,1.3,2.789,0.9,4,0.3,2,16,3.69,2.07,1.75,3,,,5,0,0,,,5.95,3.49,15.33,,,10,12,0.769,0.583,6.65,81,2,17,1,yikim_gucux1,5,0,45,9,27,18,6,0,2,2,5,,0,0,0,0,0,0,0,0,0,0,0.75,1.089,0.511
10,Run50_KirilmaV1,Patlama yolu,bahcivan,standart,109,kırılma,11,,,29,25,4,0,0,0,23,4,1,1,0,75,75,150,0,0,66,4,2,67,72,12,707,11,3,15.64,1,1.3,2.689,0.9,4,0.3,2,16,3.5,1.75,2.25,1,,,23,0,0,0,,3.77,15.45,0,,,10,12,0.708,0.5,6.65,81,4,21,0,yikim_gucux1 artci_patlamax1,6,0,45,10,30,21,6,0,2,2,5,artci_patlama@R10,3,3,0,1,1,0,0,0,0,0,0.583,1.667,0.644
10,Run50_KirilmaV1,Patlama yolu,bahcivan,standart,109,kırılma,12,,,33,28,5,0,0,0,28,2,3,0,0,64,139,150,0,0,94,12,0,101,54,12,781,12,3,15.64,1,1.3,2.592,0.9,4,0.3,2,17,3.65,1.52,2.5,3.33,,,41,0,0,0,,4.85,5.18,15.54,,,11,13,0.675,0.385,6.556,89,4,25,1,yikim_gucux1 artci_patlamax1,8,0,45,11,33,24,6,0,2,2,5,artci_patlama@R10,2,2,0,2,2,0,0,0,0,0,0.692,1.422,0.733
10,Run50_KirilmaV1,Patlama yolu,bahcivan,standart,109,kırılma,13,,,32,23,9,0,0,0,22,7,2,1,0,93,232,150,0,0,101,8,2,124,62,14,891,14,6,16.36,1,1.3,2.5,0.9,4,0.3,2,17,3.88,1.72,2.67,3.5,,,14,0,0,,,4.44,11.67,15,,,12,15,0.73,0.467,6.284,107,3,28,1,yikim_gucux1 artci_patlamax1,10,0,45,13,39,27,6,0,2,2,5,artci_patlama@R10,4,4,0,11,5,0,0,0,0,0,0.867,2.067,0.711
10,Run50_KirilmaV1,Patlama yolu,bahcivan,standart,109,kırılma,14,,,33,29,4,0,0,0,22,9,2,0,0,69,301,150,0,0,111,8,0,122,70,14,948,15,3,18.13,1,1.3,2.5,0.9,4,0.3,2,17,4,1.6,2.29,3,,,28,0,0,,,4.5,8.21,8.75,,,13,16,0.769,0.438,6.202,116,5,33,1,yikim_gucux1 artci_patlamax1,9,0,45,14,42,33,6,0,2,2,5,artci_patlama@R10,2,2,0,6,2,0,0,0,0,0,0.813,1.533,0.733
10,Run50_KirilmaV1,Patlama yolu,bahcivan,standart,109,kırılma,15,,,26,22,4,0,0,0,16,7,2,1,0,87,388,150,87,30,83,8,2,89,53,16,792,15,0,18.13,1,1.3,2.41,0.9,4,0.3,2,18,3.5,1.87,2,4,6,,33,0,0,0,,4.83,2.9,16.87,16.9,,14,17,0.628,0.471,6.264,122,3,36,1,yikim_gucux1 artci_patlamax1,7,0,45,14,42,36,6,0,2,2,5,artci_patlama@R10,2,2,0,4,3,0,0,0,0,0,0.706,1.933,0.578
10,Run50_KirilmaV1,Patlama yolu,bahcivan,standart,109,kırılma,16,,,46,31,15,0,0,0,35,8,3,0,0,89,89,220,0,0,153,12,0,182,40,16,1272,17,6,18.13,1,1.3,2.048,0.9,4,0.3,2,21,3.95,1.7,2,1,,,25,0,0,0,,3.56,9.9,0,,,16,23,0.758,0.435,6.067,171,1,37,2,yikim_gucux1 artci_patlamax1 hizli_bilekx1,12,0,45,16,48,36,6,0,2,2,5,artci_patlama@R10,8,8,0,17,10,0,0,0,0,0,0.783,1.978,1.022
10,Run50_KirilmaV1,Patlama yolu,bahcivan,standart,109,kırılma,17,,,39,30,9,0,0,0,28,8,2,1,0,102,191,220,0,0,132,8,2,141,48,18,1169,18,3,19.2,1,1.3,1.975,0.935,4,0.3,2,22,3.95,1.95,2,2.5,1,,12,0,0,0,,4.7,5.93,9.87,0,,17,24,0.816,0.583,5.976,181,7,44,1,yikim_gucux1 artci_patlamax1 hizli_bilekx1,10,0,45,17,51,42,6,0,2,2,5,artci_patlama@R10,5,5,0,9,6,0,0,0,0,0,0.917,2.267,0.867
10,Run50_KirilmaV1,Patlama yolu,bahcivan,standart,109,kırılma,18,,,54,38,16,0,0,0,36,13,4,1,0,145,336,220,0,0,186,16,2,199,64,20,1771,19,3,20.27,1,1.3,1.904,0.935,4,0.3,2,23,4,1.72,2,3,3,,7,17,0,,,5.4,6.13,5.07,13.33,,18,25,0.771,0.48,5.89,191,4,48,1,yikim_gucux1 artci_patlamax1 hizli_bilekx1,13,0,45,18,54,45,6,0,2,2,5,artci_patlama@R10,8,8,0,17,12,0,0,0,0,0,0.68,3.222,1.2
10,Run50_KirilmaV1,Patlama yolu,bahcivan,standart,109,kırılma,19,,,47,33,14,0,0,0,31,11,5,0,0,114,450,220,0,0,159,25,0,162,64,20,1678,20,3,20.27,1,1.3,1.836,0.97,4,0.3,2,24,4,1.55,1.89,1,,,27,0,17,0,,3.34,3.87,0,,,20,30,0.814,0.567,5.459,247,8,56,2,yikim_gucux1 artci_patlamax1 hizli_bilekx1,13,0,45,19,57,48,6,0,2,2,5,artci_patlama@R10,8,8,0,16,7,0,0,0,0,0,0.933,2.533,1.044
10,Run50_KirilmaV1,Patlama yolu,bahcivan,standart,109,kırılma,20,,,45,35,8,0,0,2,27,12,5,1,0,150,600,220,150,45,153,25,2,175,64,22,1679,22,6,23.08,1,1.3,1.836,0.97,4,0.3,2,24,4,1.64,2.1,2,2,,17,8,0,0,,5.75,7.89,12.85,11.03,,22,35,0.857,0.771,5.539,284,1,57,2,yikim_gucux1 artci_patlamax1 hizli_bilekx1,9,0,45,21,63,49,8,0,2,2,5,artci_patlama@R10,3,3,0,9,4,0,0,0,0,0,0.771,3.333,1
10,Run50_KirilmaV1,Patlama yolu,bahcivan,standart,109,kırılma,21,,,99,60,36,0,0,3,67,22,7,3,0,320,320,300,0,0,333,35,6,338,39,28,4357,24,6,24.3,1,1.3,1.836,1.005,6,0.3,2,24,6,1.51,2,1.8,1.5,,43,6,14,,,3.13,8.41,10.28,1.83,,24,40,0.728,0.525,5.41,333,5,62,2,yikim_gucux1 artci_patlamax1 hizli_bilekx1 kivilcimx1,19,0,45,23,69,49,14,0,2,2,5,artci_patlama@R10,13,13,0,27,18,0,0,0,0,0,0.7,7.111,2.2
10,Run50_KirilmaV1,Patlama yolu,bahcivan,standart,109,kırılma,22,,,82,49,33,0,0,0,49,22,8,3,0,296,616,300,0,0,279,40,6,336,79,34,4045,26,6,24.3,1,1.3,1.836,1.005,6,0.3,2,24,6,1.71,2,1,4,,27,11,0,0,,4.44,5.96,0,25.7,,26,43,0.786,0.628,5.398,358,2,64,2,yikim_gucux1 artci_patlamax1 hizli_bilekx1 kivilcimx1,19,0,45,25,75,49,20,0,2,2,5,artci_patlama@R10,11,11,0,34,17,0,0,0,0,0,0.86,6.578,1.822
10,Run50_KirilmaV1,Patlama yolu,bahcivan,standart,109,kırılma,23,,,117,37,78,0,0,2,77,24,16,0,0,321,937,300,0,0,375,80,0,391,89,34,5286,28,6,25.51,1,1.3,1.836,1.075,6,0.3,2,24,6,1.48,2.33,2.25,,,38,5,7,,0,3.06,14.68,5.97,,,26,46,0.742,0.522,5.322,389,5,69,3,yikim_gucux1 artci_patlamax1 hizli_bilekx1 kivilcimx1,21,0,45,27,81,49,26,0,2,2,5,artci_patlama@R10,17,17,0,65,44,0,0,0,0,0,0.87,7.133,2.6
10,Run50_KirilmaV1,Patlama yolu,bahcivan,standart,109,kırılma,24,,,138,52,86,0,0,0,92,30,11,4,1,652,1589,300,0,0,462,55,18,543,94,52,6237,30,6,28.62,1,1.3,1.836,1.075,6,0.3,2,24,6,1.46,1.5,1.6,1,1,45,45,0,0,,2.15,2.57,5.13,0,0,23,49,0.724,0.388,5.131,430,2,71,4,yikim_gucux1 artci_patlamax1 hizli_bilekx1 kivilcimx1,30,0,45,29,87,49,32,0,2,2,5,artci_patlama@R10,23,23,0,75,46,0,0,0,0,0,0.714,14.489,3.067
10,Run50_KirilmaV1,Patlama yolu,bahcivan,standart,109,kırılma,25,,,142,50,92,0,0,0,76,34,24,4,4,1157,2746,300,1157,65,483,172,28,651,241,60,6670,32,6,33.24,1,1.3,1.778,1.075,6,0.3,2,25,6,1.36,1.46,1.7,1,3,60,38,13,0,0,1.99,2.05,3.55,0,3.53,18,49,0.627,0.408,4.939,446,4,75,2,yikim_gucux1 artci_patlamax1 hizli_bilekx1 kivilcimx1,26,0,45,31,93,49,38,0,2,2,5,artci_patlama@R10,32,32,0,47,32,0,0,0,0,0,0.694,25.711,3.156
10,Run50_KirilmaV1,Patlama yolu,bahcivan,standart,109,kırılma,26,,,193,77,116,0,0,0,81,60,30,17,5,2343,2343,500,0,0,702,255,52,753,320,72,9987,35,9,34.76,1.6,1.3,1.722,1.11,6,0.3,2,26,6,1.32,1.25,1.64,1.63,1,74,64,33,33,0,0.98,1.29,3.44,1.5,0,14,49,0.753,0.408,4.407,500,6,81,2,yikim_gucux1 artci_patlamax1 hizli_bilekx1 kivilcimx1 canavar_kesimix1,37,0,45,34,102,49,44,0,2,2,5,artci_patlama@R10,47,42,5,49,33,0,0,0,0,0,0.592,52.067,4.289
10,Run50_KirilmaV1,Patlama yolu,bahcivan,standart,109,kırılma,27,,,213,82,131,0,0,0,87,48,46,26,6,2905,5248,500,0,0,804,334,84,842,393,116,11981,38,9,39.82,1.6,1.3,1.668,1.11,6,0.3,2,26,6,1.07,1.4,1.19,1.29,2,90,48,77,50,0,0.44,3.25,0.52,2.26,6.67,11,49,0.698,0.388,3.87,570,6,87,2,yikim_gucux1 artci_patlamax1 hizli_bilekx1 kivilcimx1 canavar_kesimix1,40,0,45,37,111,49,53,0,2,2,5,artci_patlama@R10,58,58,0,55,42,0,0,0,0,0,0.776,64.556,4.733
10,Run50_KirilmaV1,Patlama yolu,bahcivan,standart,109,kırılma,28,,,241,82,159,0,0,0,89,66,41,35,10,3981,9229,500,0,0,888,379,171,975,447,187,13824,40,6,43.38,1.6,1.3,1.668,1.145,6,0.3,2,26,6,1.06,1.13,1.32,1.55,2,93,79,52,44,0,0.21,0.83,3.25,1.97,5.83,12,52,0.695,0.462,3.91,599,7,94,1,yikim_gucux1 artci_patlamax1 hizli_bilekx1 kivilcimx1 canavar_kesimix1,42,0,45,39,117,49,62,0,2,2,5,artci_patlama@R10,60,60,0,70,50,0,0,0,0,0,0.673,88.467,5.356
10,Run50_KirilmaV1,Patlama yolu,bahcivan,standart,109,kırılma,29,,,291,82,209,0,0,0,116,72,70,26,7,4055,13284,500,0,0,939,632,168,989,657,225,15522,43,9,43.38,1.6,1.3,1.668,1.215,6,0.3,2,26,6,1.13,1.38,1.26,1.6,2,90,55,63,47,17,0.54,3.75,1.49,5,7.5,20,81,0.716,0.321,4.539,803,8,102,12,yikim_gucux1 artci_patlamax1 hizli_bilekx1 kivilcimx1 canavar_kesimix1,48,0,45,42,126,55,62,0,2,2,5,artci_patlama@R10,52,52,0,137,92,0,0,0,0,0,0.778,90.111,6.467
10,Run50_KirilmaV1,Patlama yolu,bahcivan,standart,109,kırılma,30,,,280,70,210,0,0,0,103,69,61,37,10,4720,18004,500,4720,100,1115,568,204,1334,665,284,15604,45,6,49.54,1.6,1.3,1.616,1.265,6,0.3,2,27,6,1.17,1.38,1.6,1.2,1.75,85,57,48,20,43,0.49,1.85,4.52,0.65,4.85,20,81,0.754,0.568,4.442,821,6,108,0,yikim_gucux1 artci_patlamax1 hizli_bilekx1 kivilcimx1 canavar_kesimix1,49,0,45,44,132,64,62,0,2,2,5,artci_patlama@R10,52,52,0,128,77,0,0,0,0,0,0.753,104.889,6.222
10,Run50_KirilmaV1,Patlama yolu,bahcivan,standart,109,kırılma,31,,,404,122,282,0,0,0,151,104,77,54,18,7829,7829,1200,0,0,1921,894,318,1965,1029,602,23070,48,9,49.54,1.6,1.3,1.095,1.315,6,0.3,2,41,6,1.09,1.58,1.2,1.5,1.4,88,43,65,14,43,0.42,2.15,0.71,1.49,2.41,20,81,0.671,0.481,4.172,874,8,116,0,yikim_gucux1 artci_patlamax1 hizli_bilekx1 kivilcimx1 canavar_kesimix1 firtina_bilegix1,62,0,45,47,141,70,62,0,2,2,5,artci_patlama@R10,82,81,1,160,100,0,0,0,0,0,0.58,173.978,8.978
10,Run50_KirilmaV1,Patlama yolu,bahcivan,standart,109,kırılma,32,,,480,147,328,0,0,5,175,119,110,59,17,8428,16257,1200,0,0,2072,1372,409,2152,1681,916,29936,51,9,56.1,1.6,1.3,1.061,1.365,6,0.3,2,42,6,1.02,1.1,1.26,1.06,1.17,97,79,65,61,36,0.02,0.33,0.89,0.4,0.88,20,81,0.592,0.37,4.078,894,8,124,0,yikim_gucux1 artci_patlamax1 hizli_bilekx1 kivilcimx1 canavar_kesimix1 firtina_bilegix1,70,0,45,50,150,79,62,0,2,2,5,artci_patlama@R10,97,97,0,194,134,0,0,0,0,0,0.407,187.289,10.667
10,Run50_KirilmaV1,Patlama yolu,bahcivan,standart,109,kırılma,33,,,477,144,330,0,0,3,154,119,112,66,26,10805,27062,1200,0,0,2256,1271,625,2643,1292,1541,30797,54,9,60.05,1.6,1.3,1.061,1.365,6,0.35,2,42,6,1,1.14,1.15,1.5,1.43,98,74,71,47,44,0,0.65,1.42,3.82,2.72,20,81,0.618,0.42,3.979,916,10,134,0,yikim_gucux1 artci_patlamax1 hizli_bilekx1 kivilcimx1 canavar_kesimix1 firtina_bilegix1,71,0,45,53,159,81,69,0,2,2,5,artci_patlama@R10,99,99,0,194,132,0,0,0,0,0,0.568,240.111,10.6
10,Run50_KirilmaV1,Patlama yolu,bahcivan,standart,109,kırılma,34,,,575,194,369,0,0,12,214,154,116,74,17,10471,37533,1200,0,0,2478,1552,445,3161,1954,1876,35395,57,9,69.27,1.6,1.3,1.028,1.415,9,0.35,2,43,8.6,1,1.19,1.22,1.32,1.75,100,76,68,53,55,0,0.75,0.97,1.48,2.82,20,81,0.512,0.235,3.971,918,5,139,0,yikim_gucux1 artci_patlamax1 hizli_bilekx1 kivilcimx1 canavar_kesimix1 firtina_bilegix1,81,0,45,56,168,81,78,0,2,2,5,artci_patlama@R10,128,128,0,164,121,0,0,0,0,0,0.568,232.689,12.778
10,Run50_KirilmaV1,Patlama yolu,bahcivan,standart,109,kırılma,35,,,513,150,363,0,0,0,175,130,118,65,25,11239,48772,1200,11239,220,2834,1374,560,3075,2458,2436,33407,59,6,73.42,1.6,1.3,1.028,1.515,9,0.35,2,43,6,1,1.27,1.21,1.24,1.29,100,73,65,52,43,0,1.31,0.88,0.61,1.03,20,81,0.597,0.395,3.845,948,8,147,0,yikim_gucux1 artci_patlamax1 hizli_bilekx1 kivilcimx1 canavar_kesimix1 firtina_bilegix1,74,0,45,58,174,81,87,0,2,2,5,artci_patlama@R10,118,118,0,182,118,0,0,0,0,0,0.568,249.756,11.4
10,Run50_KirilmaV1,Patlama yolu,bahcivan,standart,109,kırılma,36,,,618,215,386,0,0,17,206,176,139,74,23,13160,13160,2800,0,0,3383,1970,489,3908,2318,2800,40264,62,9,83.44,1.6,1.69,0.995,1.515,9,0.35,2,45,8.67,1,1.1,1.2,1.16,1.43,100,86,74,73,67,0,0.55,0.89,0.6,1.42,20,81,0.516,0.21,3.752,972,7,154,0,yikim_gucux2 artci_patlamax1 hizli_bilekx1 kivilcimx1 canavar_kesimix1 firtina_bilegix1,95,0,45,61,183,81,93,0,2,2,5,artci_patlama@R10,144,140,4,127,96,0,0,0,0,0,0.457,292.444,13.733
10,Run50_KirilmaV1,Patlama yolu,bahcivan,standart,109,kırılma,37,,,637,225,394,0,0,18,223,160,145,86,23,13731,26891,2800,0,0,3129,2072,602,3807,2620,3402,43153,64,6,87.23,1.6,1.69,0.995,1.565,9,0.383,2,45,8.78,1,1.02,1.17,1.14,1.5,100,89,74,77,60,0,0.02,0.54,0.43,1.49,20,81,0.522,0.309,3.586,1016,8,162,0,yikim_gucux2 artci_patlamax1 hizli_bilekx1 kivilcimx1 canavar_kesimix1 firtina_bilegix1,98,0,45,63,189,81,102,0,2,2,5,artci_patlama@R10,156,153,3,115,96,0,0,0,0,0,0.605,305.133,14.156
10,Run50_KirilmaV1,Patlama yolu,bahcivan,standart,109,kırılma,38,,,645,202,430,0,0,13,212,176,139,84,34,15413,42304,2800,0,0,3592,2134,834,4089,2154,4096,46297,67,9,98.13,1.6,1.69,0.964,1.565,9,0.383,2,46,8.78,1,1.08,1.22,1.22,1.22,100,87,73,67,47,0,0.13,1.41,1.07,0.86,20,81,0.548,0.358,3.444,1058,7,169,0,yikim_gucux2 artci_patlamax1 hizli_bilekx1 kivilcimx1 canavar_kesimix1 firtina_bilegix1,93,0,45,66,198,81,108,0,2,2,5,artci_patlama@R10,146,146,0,129,114,0,0,0,0,0,0.531,342.511,14.333
10,Run50_KirilmaV1,Patlama yolu,bahcivan,standart,109,kırılma,39,,,674,219,436,0,0,19,240,167,157,86,24,15319,57623,2800,0,0,3954,2120,702,4263,3634,4798,47069,69,6,98.13,1.6,1.69,0.964,1.665,9,0.383,2,46,8.67,1,1.04,1.13,1.19,1.29,100,88,83,70,73,0,0.22,0.79,1.04,1.52,20,81,0.525,0.309,3.441,1059,7,176,0,yikim_gucux2 artci_patlamax1 hizli_bilekx1 kivilcimx1 canavar_kesimix1 firtina_bilegix1,97,0,45,68,204,81,117,0,2,2,5,artci_patlama@R10,156,156,0,154,130,0,0,0,0,0,0.519,340.422,14.978
10,Run50_KirilmaV1,Patlama yolu,bahcivan,standart,109,kırılma,40,,,516,220,271,0,0,25,167,135,121,76,17,12745,70368,2800,12745,500,2565,1806,664,2908,2450,5307,39134,71,6,109.63,1.6,1.69,0.964,1.665,9,0.383,2,46,8.22,1,1.02,1.2,1.21,1.4,100,95,72,67,64,0,0.09,1.01,1.14,1.93,20,81,0.385,0.198,3.357,1086,7,183,0,yikim_gucux2 artci_patlamax1 hizli_bilekx1 kivilcimx1 canavar_kesimix1 firtina_bilegix1,75,0,45,70,210,81,123,0,2,2,5,artci_patlama@R10,136,136,0,66,58,0,0,0,0,0,0.383,283.222,11.467
10,Run50_KirilmaV1,Patlama yolu,bahcivan,standart,109,kırılma,41,,,677,237,420,0,0,20,251,174,137,92,23,16161,16161,4500,0,0,3675,2077,865,3863,2827,6022,48019,73,6,114.01,1.6,1.69,0.964,1.665,9,0.417,2.111,46,8.85,1,1.07,1.14,1.26,1.13,100,91,83,70,83,0,0.25,0.56,1.1,0.72,20,81,0.535,0.21,3.357,1086,6,189,0,yikim_gucux2 artci_patlamax1 hizli_bilekx1 kivilcimx2 canavar_kesimix1 firtina_bilegix1,95,0,45,72,216,81,129,0,2,2,5,artci_patlama@R10,172,172,0,115,103,0,0,0,0,0,0.481,359.133,15.044
10,Run50_KirilmaV1,Patlama yolu,bahcivan,standart,109,kırılma,42,,,733,255,459,0,0,19,288,181,146,94,24,16993,33154,4500,0,0,4140,2301,738,4408,2433,4650,53630,75,6,126.4,1.6,1.69,0.964,1.665,9,0.417,2.111,46,9,1,1,1.22,1.07,1,100,93,70,78,92,0,0,1.39,1.48,0,22,107,0.599,0.299,3.505,1374,6,195,10,yikim_gucux2 artci_patlamax1 hizli_bilekx1 kivilcimx2 canavar_kesimix1 firtina_bilegix1,107,0,45,74,222,81,135,0,2,2,5,artci_patlama@R10,162,162,0,146,128,0,0,0,0,0,0.486,377.622,16.289
10,Run50_KirilmaV1,Patlama yolu,bahcivan,standart,109,kırılma,43,,,784,243,505,0,0,36,298,192,165,101,28,19072,52226,4500,0,0,4000,2517,996,6038,4950,5451,58687,77,6,126.4,1.6,1.69,0.964,1.665,9,0.433,2.222,46,9,1,1.09,1.16,1.09,1.14,100,88,70,82,71,0,0.62,0.59,0.5,0.96,30,121,0.592,0.388,3.887,1401,3,198,8,yikim_gucux2 artci_patlamax1 hizli_bilekx1 kivilcimx2 canavar_kesimix1 firtina_bilegix1,116,0,45,76,228,87,135,0,2,2,5,artci_patlama@R10,137,137,0,160,142,0,0,0,0,0,0.628,423.822,17.422
10,Run50_KirilmaV1,Patlama yolu,bahcivan,standart,109,kırılma,44,,,813,249,529,0,0,35,275,214,194,99,31,20175,72401,4500,0,0,4350,2991,888,5568,7941,6339,63905,79,6,134.4,1.6,1.69,0.964,1.665,9,0.45,2.222,46,9,1,1.06,1.14,1.14,1.2,100,94,84,72,73,0,0.38,0.49,0.53,2.32,30,121,0.593,0.388,3.847,1415,3,201,0,yikim_gucux2 artci_patlamax1 hizli_bilekx1 kivilcimx2 canavar_kesimix1 firtina_bilegix1,117,0,45,78,234,93,135,0,2,2,5,artci_patlama@R10,140,140,0,161,145,0,0,0,0,0,0.545,448.333,18.067
10,Run50_KirilmaV1,Patlama yolu,bahcivan,standart,109,kırılma,45,,,761,223,502,0,0,36,239,204,162,118,38,22887,95288,4500,22887,800,4465,2421,1092,4833,10362,7191,62079,81,6,142.4,1.6,1.69,0.964,1.665,9,0.45,2.333,46,9,1.05,1.1,1.16,1.46,1.33,92,88,72,65,56,0.32,0.53,1.29,2.82,1.2,30,121,0.617,0.405,3.847,1415,3,204,0,yikim_gucux2 artci_patlamax1 hizli_bilekx1 kivilcimx2 canavar_kesimix1 firtina_bilegix1,121,0,45,80,240,99,135,0,2,2,5,artci_patlama@R10,122,122,0,227,182,0,0,0,0,0,0.62,508.6,16.911
10,Run50_KirilmaV1,Patlama yolu,bahcivan,standart,109,kırılma,46,,,897,271,582,0,0,44,334,214,188,120,41,25252,25252,6000,0,0,4825,2949,1224,8258,13311,8415,72984,83,6,142.4,1.6,1.69,0.819,1.665,9,0.45,2.333,54,8.98,1,1.13,1.13,1.12,1.07,100,82,86,81,85,0,0.7,1.42,0.51,0.12,30,121,0.534,0.347,3.847,1415,1,205,0,yikim_gucux2 artci_patlamax1 hizli_bilekx2 kivilcimx2 canavar_kesimix1 firtina_bilegix1,127,0,45,82,246,105,135,0,2,2,5,artci_patlama@R10,163,163,0,191,173,0,0,0,0,0,0.545,561.156,19.933
10,Run50_KirilmaV1,Patlama yolu,bahcivan,standart,109,kırılma,47,,,911,296,527,0,0,88,333,238,176,129,35,24702,49954,6000,0,0,5395,2520,1110,6353,15831,9235,79915,85,6,150.4,1.6,1.69,0.819,1.665,9,0.45,2.444,54,9,1,1.03,1.14,1.15,1.09,100,90,83,76,72,0,0.12,0.72,0.6,0.15,30,121,0.521,0.355,3.847,1415,4,209,0,yikim_gucux2 artci_patlamax1 hizli_bilekx2 kivilcimx2 canavar_kesimix1 firtina_bilegix1,132,0,45,84,252,111,135,0,2,2,5,artci_patlama@R10,167,167,0,189,165,0,0,0,0,0,0.595,548.933,20.244
10,Run50_KirilmaV1,Patlama yolu,bahcivan,standart,109,kırılma,48,,,909,266,575,0,0,68,341,212,207,113,36,24215,74169,6000,0,0,5255,3114,990,5308,18945,10225,79280,87,6,158.4,1.6,1.69,0.819,1.665,9,0.45,2.444,54,8.94,1,1.07,1.19,1.12,1,100,84,81,80,76,0,0.59,0.98,0.55,0,30,121,0.543,0.355,3.829,1422,2,211,0,yikim_gucux2 artci_patlamax1 hizli_bilekx2 kivilcimx2 canavar_kesimix1 firtina_bilegix1,125,0,45,86,258,117,135,0,2,2,5,artci_patlama@R10,161,161,0,193,166,0,0,0,0,0,0.463,538.111,20.2
10,Run50_KirilmaV1,Patlama yolu,bahcivan,standart,109,kırılma,49,,,893,275,538,0,0,80,332,245,176,105,35,22783,96952,6000,0,0,5220,2832,1020,8128,21777,10915,79191,89,6,158.4,1.6,1.69,0.819,1.665,9,0.45,2.556,54,8.94,1,1.1,1.09,1.13,1.18,100,84,82,81,76,0,0.73,0.87,1.25,0.59,30,121,0.546,0.248,3.829,1422,2,213,0,yikim_gucux2 artci_patlamax1 hizli_bilekx2 kivilcimx2 canavar_kesimix1 firtina_bilegix1,126,0,45,88,264,121,137,0,2,2,5,artci_patlama@R10,166,166,0,200,159,0,0,0,0,0,0.587,506.289,19.844
10,Run50_KirilmaV1,Patlama yolu,bahcivan,standart,109,kırılma,50,,,893,273,558,0,0,62,295,222,211,129,36,25477,122429,6000,0,0,4805,3372,1068,12933,25149,11983,84400,91,6,158.4,1.6,1.69,0.819,1.665,9,0.45,2.556,54,8.98,1,1.13,1.03,1.14,1.23,100,82,85,75,75,0,0.78,0.04,1.11,1.58,30,121,0.542,0.339,3.812,1428,0,213,0,yikim_gucux2 artci_patlamax1 hizli_bilekx2 kivilcimx2 canavar_kesimix1 firtina_bilegix1,131,0,45,90,270,121,143,0,2,2,5,artci_patlama@R10,166,166,0,245,193,0,0,0,0,0,0.612,566.156,19.844
10,Run50_KirilmaV1,Patlama yolu,bahcivan,standart,109,kırılma,50,KAZANDI
